id,old,new
47638,O-1,O1
11870,MH-7434,O1-M1
13151,MH-8143,O1-M2
6984,MH-4527,O1-M3
6983,MH-4526,O1-M4
31425,MH-16874,O1-M5
30335,MH-16363,O1-M6
30334,MH-16362,O1-M7
30657,MH-16511,O1-M8
31146,MH-16739,O1-M9
21924,MH-12844,O1-M10
21923,MH-12843,O1-M11
30825,MH-16584,O1-M12
30824,MH-16583,O1-M13
42139,MH-21197,O1-M14
42138,MH-21196,O1-M15
2521,MH-1644,O1-M16
2520,MH-1643,O1-M17
32766,MH-17527,O1-M18
12694,MH-7899,O1-M19
12693,MH-7898,O1-M20
27080,MH-14996,O1-M21
32314,MH-17303,O1-M22
3074,MH-2007,O1-M23
32476,MH-17390,O1-M24
16001,MH-9705,O1-M25
28166,MH-15415,O1-M26
9361,MH-5944,O1-M27
13308,MH-8230,O1-M28
2896,MH-1891,O1-M29
2895,MH-1890,O1-M30
4971,MH-3243,O1-M31
4970,MH-3242,O1-M32
23908,MH-13752,O1-M33
42320,MH-21242,O1-M34
40030,MH-20574,O1-M35
40031,MH-20575,O1-M36
39370,MH-20341,O1-M37
9320,MH-5919,O1-M38
9321,MH-5920,O1-M39
17069,MH-10293,O1-M40
31521,MH-16916,O1-M41
31395,MH-16860,O1-M42
31394,MH-16859,O1-M43
29519,MH-15991,O1-M44
12242,MH-7648,O1-M45
10279,MH-6494,O1-M46
24371,MH-13953,O1-M47
13392,MH-8278,O1-M48
32705,MH-17499,O1-M49
17096,MH-10307,O1-M50
17097,MH-10308,O1-M51
33256,MH-17766,O1-M52
25605,MH-14464,O1-M53
279484,MH-23207,O1-M54
31698,MH-17002,O1-M55
7849,MH-5043,O1-M56
7848,MH-5042,O1-M57
15813,MH-9602,O1-M58
28989,MH-15771,O1-M59
33674,MH-17968,O1-M60
33571,MH-17917,O1-M61
7926,MH-5089,O1-M62
7927,MH-5090,O1-M63
39996,MH-20562,O1-M64
38143,MH-19898,O1-M65
36937,MH-19383,O1-M66
1865,MH-1211,O1-M67
9182,MH-5835,O1-M68
9183,MH-5836,O1-M69
18680,MH-11168,O1-M70
12051,MH-7538,O1-M71
19922,MH-11834,O1-M72
279584,MH-23211-2,O1-M73
279583,MH-23211-1,O1-M74
279517,MH-23211,O1-M75
279576,MH-23056-3,O1-M76
279575,MH-23056-2,O1-M77
279574,MH-23056-1,O1-M78
278971,MH-23056,O1-M79
37862,MH-19781,O1-M80
16254,MH-9840,O1-M81
983,MH-627,O1-M82
11094,MH-6970,O1-M83
11093,MH-6969,O1-M84
11362,MH-7131,O1-M85
37085,MH-19449,O1-M86
27838,MH-15288,O1-M87
27837,MH-15287,O1-M88
11454,MH-7186,O1-M89
26975,MH-14955,O1-M90
32989,MH-17633,O1-M91
32988,MH-17632,O1-M92
35966,MH-18987,O1-M93
47523,MH-22151,O1-M94
17744,MH-10661,O1-M95
12513,MH-7800,O1-M96
12512,MH-7799,O1-M97
42614,MH-21307,O1-M98
12000,MH-7510,O1-M99
11999,MH-7509,O1-M100
43232,MH-21428,O1-M101
32760,MH-17524,O1-M102
4677,MH-3051,O1-M103
4676,MH-3050,O1-M104
45415,MH-21732,O1-M105
4789,MH-3124,O1-M106
4790,MH-3125,O1-M107
10132,MH-6407,O1-M108
10133,MH-6408,O1-M109
24553,MH-14033,O1-M110
6043,MH-3940,O1-M111
2019,MH-1312,O1-M112
32000,MH-17147,O1-M113
31999,MH-17146,O1-M114
17232,MH-10384,O1-M115
18659,MH-11157,O1-M116
3468,MH-2265,O1-M117
7572,MH-4878,O1-M118
7573,MH-4879,O1-M119
8573,MH-5468,O1-M120
8574,MH-5469,O1-M121
9905,MH-6271,O1-M122
17997,MH-10799,O1-M123
6469,MH-4209,O1-M124
6468,MH-4208,O1-M125
11869,MH-7433,O1-M126
34837,MH-18512,O1-M127
33496,MH-17882,O1-M128
33495,MH-17881,O1-M129
3911,MH-2555,O1-M130
46330,MH-21831,O1-M131
35301,MH-18718,O1-M132
35302,MH-18719,O1-M133
43061,MH-21391,O1-M134
43062,MH-21392,O1-M135
37663,MH-19695,O1-M136
37664,MH-19696,O1-M137
11572,MH-7258,O1-M138
11728,MH-7351,O1-M139
12189,MH-7618,O1-M140
12188,MH-7617,O1-M141
45861,MH-21777,O1-M142
37719,MH-19720,O1-M143
37718,MH-19719,O1-M144
37721,MH-19721,O1-M145
27373,MH-15105,O1-M146
27374,MH-15106,O1-M147
40134,MH-20614,O1-M148
41005,MH-20902,O1-M149
19877,MH-11810,O1-M150
19878,MH-11811,O1-M151
40994,MH-20898,O1-M152
29137,MH-15833,O1-M153
19353,MH-11528,O1-M154
19354,MH-11529,O1-M155
2614,MH-1705,O1-M156
2615,MH-1706,O1-M157
22511,MH-13112,O1-M158
22512,MH-13113,O1-M159
1686,MH-1093,O1-M160
14433,MH-8848,O1-M161
14432,MH-8847,O1-M162
40632,MH-20775,O1-M163
15200,MH-9266,O1-M164
15201,MH-9267,O1-M165
2563,MH-1672,O1-M166
2562,MH-1671,O1-M167
21477,MH-12629,O1-M168
17156,MH-10340,O1-M169
14892,MH-9096,O1-M170
14891,MH-9095,O1-M171
11892,MH-7447,O1-M172
10751,MH-6766,O1-M173
10750,MH-6765,O1-M174
22431,MH-13077,O1-M175
4579,MH-2989,O1-M176
4580,MH-2990,O1-M177
1001,MH-639,O1-M178
3441,MH-2247,O1-M179
3442,MH-2248,O1-M180
1979,MH-1286,O1-M181
11036,MH-6938,O1-M182
14575,MH-8925,O1-M183
37805,MH-19757,O1-M184
14422,MH-8842,O1-M185
14421,MH-8841,O1-M186
38440,MH-20013,O1-M187
38441,MH-20014,O1-M188
3759,MH-2456,O1-M189
30004,MH-16208,O1-M190
47814,MH-22231,O1-M191
25142,MH-14276,O1-M192
25141,MH-14275,O1-M193
3344,MH-2184,O1-M194
17944,MH-10771,O1-M195
73,MH-26,O1-M196
14403,MH-8830,O1-M197
9534,MH-6048,O1-M198
10202,MH-6450,O1-M199
36508,MH-19192,O1-M200
6296,MH-4100,O1-M201
6297,MH-4101,O1-M202
14454,MH-8859,O1-M203
14455,MH-8860,O1-M204
25481,MH-14409,O1-M205
7719,MH-4967,O1-M206
4607,MH-3006,O1-M207
4608,MH-3007,O1-M208
6816,MH-4427,O1-M209
8535,MH-5446,O1-M210
8536,MH-5447,O1-M211
16920,MH-10210,O1-M212
34019,MH-18135,O1-M213
39826,MH-20508,O1-M214
33366,MH-17823,O1-M215
47461,MH-22139,O1-M216
7868,MH-5054,O1-M217
4878,MH-3182,O1-M218
4879,MH-3183,O1-M219
12166,MH-7607,O1-M220
18199,MH-10908,O1-M221
5896,MH-3846,O1-M222
11527,MH-7230,O1-M223
12914,MH-8018,O1-M224
15802,MH-9596,O1-M225
12075,MH-7553,O1-M226
279253,MH-23146,O1-M227
12074,MH-7552,O1-M228
12780,MH-7948,O1-M229
7771,MH-4998,O1-M230
15931,MH-9667,O1-M231
1923,MH-1249,O1-M232
1924,MH-1250,O1-M233
2623,MH-1711,O1-M234
14486,MH-8876,O1-M235
34967,MH-18567,O1-M236
34968,MH-18568,O1-M237
40837,MH-20844,O1-M238
34139,MH-18193,O1-M239
34140,MH-18194,O1-M240
40538,MH-20747,O1-M241
33437,MH-17857,O1-M242
33438,MH-17858,O1-M243
36876,MH-19353,O1-M244
10887,MH-6847,O1-M245
23270,MH-13468,O1-M246
21835,MH-12802,O1-M247
17001,MH-10256,O1-M248
17002,MH-10257,O1-M249
11344,MH-7121,O1-M250
22154,MH-12958,O1-M251
18383,MH-11008,O1-M252
18384,MH-11009,O1-M253
22134,MH-12948,O1-M254
22135,MH-12949,O1-M255
25510,MH-14423,O1-M256
24092,MH-13829,O1-M257
9408,MH-5972,O1-M258
20644,MH-12209,O1-M259
20645,MH-12210,O1-M260
8053,MH-5163,O1-M261
8052,MH-5162,O1-M262
11761,MH-7370,O1-M263
11762,MH-7371,O1-M264
25097,MH-14262,O1-M265
24407,MH-13970,O1-M266
18065,MH-10835,O1-M267
18066,MH-10836,O1-M268
21012,MH-12401,O1-M269
21013,MH-12402,O1-M270
22724,MH-13217,O1-M271
22725,MH-13218,O1-M272
22448,MH-13083,O1-M273
22447,MH-13082,O1-M274
5653,MH-3688,O1-M275
25098,MH-14263,O1-M276
46025,MH-21799,O1-M277
11666,MH-7315,O1-M278
11667,MH-7316,O1-M279
25041,MH-14237,O1-M280
17092,MH-10305,O1-M281
18486,MH-11063,O1-M282
16970,MH-10238,O1-M283
18546,MH-11093,O1-M284
18547,MH-11094,O1-M285
36690,MH-19274,O1-M286
19175,MH-11430,O1-M287
19176,MH-11431,O1-M288
25169,MH-14286,O1-M289
39494,MH-20393,O1-M290
11558,MH-7249,O1-M291
11559,MH-7250,O1-M292
19186,MH-11437,O1-M293
5657,MH-3691,O1-M294
5651,MH-3687,O1-M295
5654,MH-3689,O1-M296
19429,MH-11569,O1-M297
19116,MH-11398,O1-M298
19563,MH-11645,O1-M299
5656,MH-3690,O1-M300
22855,MH-13282,O1-M301
17904,MH-10750,O1-M302
17903,MH-10749,O1-M303
24523,MH-14018,O1-M304
25962,MH-14592,O1-M305
24281,MH-13912,O1-M306
24280,MH-13911,O1-M307
25626,MH-14471,O1-M308
46555,MH-21849,O1-M309
15366,MH-9353,O1-M310
10707,MH-6740,O1-M311
10708,MH-6741,O1-M312
5650,MH-3686,O1-M313
17251,MH-10395,O1-M314
17250,MH-10394,O1-M315
16597,MH-10029,O1-M316
16598,MH-10030,O1-M317
16815,MH-10151,O1-M318
16816,MH-10152,O1-M319
11343,MH-7120,O1-M320
23681,MH-13651,O1-M321
17093,MH-10306,O1-M322
18439,MH-11039,O1-M323
16971,MH-10239,O1-M324
40020,MH-20569,O1-M325
28316,MH-15480,O1-M326
28317,MH-15481,O1-M327
1972,MH-1281,O1-M328
1973,MH-1282,O1-M329
28564,MH-15589,O1-M330
12366,MH-7716,O1-M331
12367,MH-7717,O1-M332
38802,MH-20146,O1-M333
12553,MH-7823,O1-M334
12554,MH-7824,O1-M335
29584,MH-16016,O1-M336
21078,MH-12434,O1-M337
21079,MH-12435,O1-M338
15886,MH-9643,O1-M339
28429,MH-15527,O1-M340
26434,MH-14763,O1-M341
15264,MH-9299,O1-M342
15265,MH-9300,O1-M343
3432,MH-2241,O1-M344
3433,MH-2242,O1-M345
20929,MH-12359,O1-M346
19562,MH-11644,O1-M347
28103,MH-15394,O1-M348
27725,MH-15242,O1-M349
15885,MH-9642,O1-M350
23473,MH-13558,O1-M351
9407,MH-5971,O1-M352
28049,MH-15371,O1-M353
29883,MH-16152,O1-M354
279282,MH-23149,O1-M355
2060,MH-1339,O1-M356
9342,MH-5932,O1-M357
16016,MH-9712,O1-M358
1007,MH-643,O1-M359
4436,MH-2896,O1-M360
5711,MH-3726,O1-M361
34823,MH-18507,O1-M362
5555,MH-3623,O1-M363
5556,MH-3624,O1-M364
15847,MH-9621,O1-M365
15848,MH-9622,O1-M366
26678,MH-14844,O1-M367
5587,MH-3644,O1-M368
5588,MH-3645,O1-M369
28638,MH-15625,O1-M370
13956,MH-8594,O1-M371
13395,MH-8280,O1-M372
16274,MH-9852,O1-M373
9782,MH-6197,O1-M374
9783,MH-6198,O1-M375
22605,MH-13161,O1-M376
5593,MH-3648,O1-M377
5594,MH-3649,O1-M378
15207,MH-9270,O1-M379
15208,MH-9271,O1-M380
7265,MH-4697,O1-M381
13026,MH-8075,O1-M382
13027,MH-8076,O1-M383
1349,MH-870,O1-M384
1641,MH-1063,O1-M385
3751,MH-2451,O1-M386
3750,MH-2450,O1-M387
19833,MH-11786,O1-M388
2174,MH-1415,O1-M389
13306,MH-8229,O1-M390
23376,MH-13512,O1-M391
438,MH-266,O1-M392
26993,MH-14961,O1-M393
26992,MH-14960,O1-M394
13175,MH-8156,O1-M395
3580,MH-2338,O1-M396
3738,MH-2442,O1-M397
26558,MH-14798,O1-M398
27653,MH-15215,O1-M399
134,MH-65,O1-M400
17101,MH-10310,O1-M401
12334,MH-7699,O1-M402
12335,MH-7700,O1-M403
25677,MH-14487,O1-M404
26526,MH-14788,O1-M405
42281,MH-21234,O1-M406
22425,MH-13074,O1-M407
3868,MH-2527,O1-M408
1635,MH-1059,O1-M409
23279,MH-13471,O1-M410
14291,MH-8768,O1-M411
28719,MH-15658,O1-M412
23080,MH-13384,O1-M413
14295,MH-8771,O1-M414
14294,MH-8770,O1-M415
9343,MH-5933,O1-M416
17258,MH-10398,O1-M417
42754,MH-21335,O1-M418
7793,MH-5010,O1-M419
19065,MH-11370,O1-M420
42932,MH-21361,O1-M421
26416,MH-14757,O1-M422
40714,MH-20804,O1-M423
9432,MH-5986,O1-M424
42108,MH-21189,O1-M425
26629,MH-14826,O1-M426
9433,MH-5987,O1-M427
22850,MH-13279,O1-M428
1634,MH-1058,O1-M429
18765,MH-11212,O1-M430
3048,MH-1990,O1-M431
3047,MH-1989,O1-M432
29109,MH-15820,O1-M433
24293,MH-13918,O1-M434
14292,MH-8769,O1-M435
8451,MH-5397,O1-M436
10843,MH-6820,O1-M437
8454,MH-5399,O1-M438
8158,MH-5227,O1-M439
28824,MH-15706,O1-M440
19900,MH-11822,O1-M441
19899,MH-11821,O1-M442
34705,MH-18461,O1-M443
1626,MH-1053,O1-M444
25458,MH-14400,O1-M445
46196,MH-21818,O1-M446
40105,MH-20603,O1-M447
11127,MH-6990,O1-M448
277355,MH-22669,O1-M449
11126,MH-6989,O1-M450
27086,MH-14999,O1-M451
35688,MH-18877,O1-M452
15661,MH-9512,O1-M453
15660,MH-9511,O1-M454
5508,MH-3593,O1-M455
5507,MH-3592,O1-M456
27579,MH-15188,O1-M457
17558,MH-10560,O1-M458
12304,MH-7683,O1-M459
12303,MH-7682,O1-M460
14701,MH-8992,O1-M461
14700,MH-8991,O1-M462
39380,MH-20346,O1-M463
39379,MH-20345,O1-M464
27278,MH-15067,O1-M465
27277,MH-15066,O1-M466
6294,MH-4099,O1-M467
6293,MH-4098,O1-M468
14457,MH-8861,O1-M469
1530,MH-990,O1-M470
15968,MH-9688,O1-M471
1278,MH-823,O1-M472
3152,MH-2058,O1-M473
27065,MH-14989,O1-M474
27066,MH-14990,O1-M475
36071,MH-19028,O1-M476
8724,MH-5557,O1-M477
8725,MH-5558,O1-M478
10842,MH-6819,O1-M479
46575,MH-21854,O1-M480
8453,MH-5398,O1-M481
34876,MH-18528,O1-M482
8157,MH-5226,O1-M483
42637,MH-21314,O1-M484
40710,MH-20803,O1-M485
25904,MH-14573,O1-M486
19709,MH-11718,O1-M487
18268,MH-10944,O1-M488
24318,MH-13929,O1-M489
5511,MH-3595,O1-M490
5510,MH-3594,O1-M491
46520,MH-21843,O1-M492
45957,MH-21789,O1-M493
42516,MH-21285,O1-M494
24528,MH-14020,O1-M495
43786,MH-21519,O1-M496
19805,MH-11771,O1-M497
19708,MH-11717,O1-M498
34819,MH-18506,O1-M499
18267,MH-10943,O1-M500
25577,MH-14452,O1-M501
20369,MH-12068,O1-M502
20368,MH-12067,O1-M503
41233,MH-20968,O1-M504
24235,MH-13891,O1-M505
41535,MH-21049,O1-M506
39924,MH-20539,O1-M507
39925,MH-20540,O1-M508
5513,MH-3596,O1-M509
27390,MH-15111,O1-M510
19806,MH-11772,O1-M511
25674,MH-14486,O1-M512
15776,MH-9581,O1-M513
15777,MH-9582,O1-M514
46567,MH-21851,O1-M515
16435,MH-9940,O1-M516
16436,MH-9941,O1-M517
2514,MH-1639,O1-M518
26751,MH-14872,O1-M519
6666,MH-4335,O1-M520
26036,MH-14624,O1-M521
25147,MH-14277,O1-M522
25148,MH-14278,O1-M523
39994,MH-20561,O1-M524
1051,MH-672,O1-M525
24576,MH-14042,O1-M526
24090,MH-13828,O1-M527
19004,MH-11337,O1-M528
19005,MH-11338,O1-M529
26655,MH-14834,O1-M530
276,MH-159,O1-M531
17331,MH-10438,O1-M532
25241,MH-14313,O1-M533
7066,MH-4574,O1-M534
39897,MH-20531,O1-M535
2774,MH-1810,O1-M536
17646,MH-10609,O1-M537
24940,MH-14197,O1-M538
26787,MH-14884,O1-M539
30512,MH-16444,O1-M540
7393,MH-4772,O1-M541
18622,MH-11135,O1-M542
29786,MH-16110,O1-M543
7124,MH-4610,O1-M544
7125,MH-4611,O1-M545
32722,MH-17507,O1-M546
40975,MH-20892,O1-M547
21483,MH-12631,O1-M548
21484,MH-12632,O1-M549
27283,MH-15068,O1-M550
40997,MH-20899,O1-M551
40102,MH-20601,O1-M552
40103,MH-20602,O1-M553
42500,MH-21282,O1-M554
45951,MH-21788,O1-M555
40851,MH-20849,O1-M556
14364,MH-8806,O1-M557
14365,MH-8807,O1-M558
36264,MH-19105,O1-M559
18532,MH-11085,O1-M560
3534,MH-2308,O1-M561
3694,MH-2413,O1-M562
3693,MH-2412,O1-M563
4659,MH-3039,O1-M564
39604,MH-20431,O1-M565
1664,MH-1078,O1-M566
20372,MH-12070,O1-M567
20375,MH-12072,O1-M568
20374,MH-12071,O1-M569
41341,MH-20994,O1-M570
24001,MH-13794,O1-M571
20371,MH-12069,O1-M572
39879,MH-20523,O1-M573
24002,MH-13795,O1-M574
4435,MH-2895,O1-M575
18922,MH-11294,O1-M576
4740,MH-3092,O1-M577
10608,MH-6683,O1-M578
10607,MH-6682,O1-M579
10038,MH-6350,O1-M580
10037,MH-6349,O1-M581
12737,MH-7923,O1-M582
14153,MH-8696,O1-M583
14152,MH-8695,O1-M584
23057,MH-13373,O1-M585
23056,MH-13372,O1-M586
18921,MH-11293,O1-M587
6010,MH-3918,O1-M588
6011,MH-3919,O1-M589
2477,MH-1615,O1-M590
9243,MH-5873,O1-M591
20833,MH-12310,O1-M592
22886,MH-13295,O1-M593
11499,MH-7213,O1-M594
11498,MH-7212,O1-M595
3315,MH-2165,O1-M596
3314,MH-2164,O1-M597
25943,MH-14586,O1-M598
17853,MH-10720,O1-M599
17854,MH-10721,O1-M600
20333,MH-12049,O1-M601
20332,MH-12048,O1-M602
2476,MH-1614,O1-M603
45583,MH-21750,O1-M604
9242,MH-5872,O1-M605
20834,MH-12311,O1-M606
21546,MH-12663,O1-M607
21621,MH-12705,O1-M608
17991,MH-10796,O1-M609
13623,MH-8416,O1-M610
13622,MH-8415,O1-M611
21620,MH-12704,O1-M612
7663,MH-4934,O1-M613
7664,MH-4935,O1-M614
22639,MH-13177,O1-M615
22638,MH-13176,O1-M616
900,MH-572,O1-M617
26534,MH-14790,O1-M618
6665,MH-4334,O1-M619
6005,MH-3915,O1-M620
23440,MH-13541,O1-M621
23441,MH-13542,O1-M622
46565,MH-21850,O1-M623
19633,MH-11682,O1-M624
6004,MH-3914,O1-M625
40500,MH-20731,O1-M626
7065,MH-4573,O1-M627
13394,MH-8279,O1-M628
7176,MH-4644,O1-M629
7175,MH-4643,O1-M630
19499,MH-11609,O1-M631
35010,MH-18585,O1-M632
22630,MH-13172,O1-M633
22631,MH-13173,O1-M634
22604,MH-13160,O1-M635
23404,MH-13523,O1-M636
22322,MH-13030,O1-M637
22336,MH-13035,O1-M638
28189,MH-15424,O1-M639
22337,MH-13036,O1-M640
7264,MH-4696,O1-M641
30597,MH-16482,O1-M642
25554,MH-14441,O1-M643
44282,MH-21591,O1-M644
16291,MH-9862,O1-M645
44667,MH-21642,O1-M646
1915,MH-1244,O1-M647
3244,MH-2118,O1-M648
1079,MH-691,O1-M649
13591,MH-8397,O1-M650
39261,MH-20304,O1-M651
2173,MH-1414,O1-M652
20167,MH-11960,O1-M653
20166,MH-11959,O1-M654
2730,MH-1782,O1-M655
1492,MH-965,O1-M656
24063,MH-13818,O1-M657
1466,MH-948,O1-M658
26559,MH-14799,O1-M659
29186,MH-15853,O1-M660
4620,MH-3014,O1-M661
4619,MH-3013,O1-M662
36621,MH-19244,O1-M663
4354,MH-2842,O1-M664
34768,MH-18492,O1-M665
4318,MH-2818,O1-M666
27562,MH-15182,O1-M667
27785,MH-15265,O1-M668
12798,MH-7958,O1-M669
12799,MH-7959,O1-M670
13174,MH-8155,O1-M671
3739,MH-2443,O1-M672
9579,MH-6076,O1-M673
41406,MH-21013,O1-M674
17100,MH-10309,O1-M675
19171,MH-11428,O1-M676
22720,MH-13215,O1-M677
22719,MH-13214,O1-M678
28119,MH-15400,O1-M679
28118,MH-15399,O1-M680
27783,MH-15264,O1-M681
22579,MH-13148,O1-M682
27890,MH-15307,O1-M683
24873,MH-14170,O1-M684
962,MH-613,O1-M685
961,MH-612,O1-M686
24872,MH-14169,O1-M687
26870,MH-14915,O1-M688
21193,MH-12492,O1-M689
24697,MH-14099,O1-M690
14847,MH-9072,O1-M691
14846,MH-9071,O1-M692
35822,MH-18932,O1-M693
31922,MH-17112,O1-M694
31921,MH-17111,O1-M695
21192,MH-12491,O1-M696
30100,MH-16256,O1-M697
30099,MH-16255,O1-M698
34982,MH-18573,O1-M699
29330,MH-15910,O1-M700
1733,MH-1124,O1-M701
14228,MH-8736,O1-M702
2802,MH-1829,O1-M703
2801,MH-1828,O1-M704
26667,MH-14839,O1-M705
19607,MH-11670,O1-M706
15844,MH-9620,O1-M707
15843,MH-9619,O1-M708
23001,MH-13345,O1-M709
10748,MH-6764,O1-M710
8211,MH-5259,O1-M711
13285,MH-8218,O1-M712
11596,MH-7273,O1-M713
11595,MH-7272,O1-M714
26840,MH-14903,O1-M715
21331,MH-12558,O1-M716
2660,MH-1735,O1-M717
2661,MH-1736,O1-M718
15075,MH-9196,O1-M719
3671,MH-2398,O1-M720
3672,MH-2399,O1-M721
14623,MH-8953,O1-M722
15074,MH-9195,O1-M723
24005,MH-13796,O1-M724
22920,MH-13312,O1-M725
10747,MH-6763,O1-M726
31965,MH-17129,O1-M727
8210,MH-5258,O1-M728
39005,MH-20211,O1-M729
7543,MH-4860,O1-M730
21746,MH-12760,O1-M731
16397,MH-9920,O1-M732
17511,MH-10533,O1-M733
41998,MH-21160,O1-M734
41997,MH-21159,O1-M735
1179,MH-757,O1-M736
1178,MH-756,O1-M737
31132,MH-16734,O1-M738
31131,MH-16733,O1-M739
26812,MH-14894,O1-M740
26811,MH-14893,O1-M741
32589,MH-17443,O1-M742
30007,MH-16210,O1-M743
30006,MH-16209,O1-M744
277360,MH-22670,O1-M745
648,MH-405,O1-M746
279609,MH-23235,O1-M747
279605,MH-23233,O1-M748
279606,MH-23234,O1-M749
11673,MH-7320,O1-M750
5327,MH-3474,O1-M751
5328,MH-3475,O1-M752
35197,MH-18665,O1-M753
35198,MH-18666,O1-M754
34760,MH-18489,O1-M755
10087,MH-6380,O1-M756
10071,MH-6370,O1-M757
23074,MH-13381,O1-M758
12383,MH-7726,O1-M759
12382,MH-7725,O1-M760
23841,MH-13723,O1-M761
17210,MH-10371,O1-M762
3865,MH-2525,O1-M763
3864,MH-2524,O1-M764
37659,MH-19693,O1-M765
1115,MH-715,O1-M766
35397,MH-18762,O1-M767
12265,MH-7661,O1-M768
9865,MH-6247,O1-M769
21052,MH-12421,O1-M770
11291,MH-7089,O1-M771
11290,MH-7088,O1-M772
17493,MH-10523,O1-M773
16669,MH-10070,O1-M774
42469,MH-21274,O1-M775
21043,MH-12417,O1-M776
6999,MH-4536,O1-M777
826,MH-523,O1-M778
33633,MH-17947,O1-M779
20905,MH-12346,O1-M780
20904,MH-12345,O1-M781
22476,MH-13096,O1-M782
335,MH-198,O1-M783
57,MH-16,O1-M784
4662,MH-3041,O1-M785
4661,MH-3040,O1-M786
31118,MH-16727,O1-M787
31659,MH-16981,O1-M788
29899,MH-16161,O1-M789
22507,MH-13110,O1-M790
6868,MH-4458,O1-M791
6867,MH-4457,O1-M792
9101,MH-5786,O1-M793
18465,MH-11052,O1-M794
3859,MH-2521,O1-M795
3860,MH-2522,O1-M796
37756,MH-19736,O1-M797
161,MH-83,O1-M798
18190,MH-10903,O1-M799
277363,MH-22671,O1-M800
24841,MH-14159,O1-M801
24840,MH-14158,O1-M802
6440,MH-4191,O1-M803
6439,MH-4190,O1-M804
29188,MH-15854,O1-M805
10769,MH-6777,O1-M806
15317,MH-9328,O1-M807
18300,MH-10962,O1-M808
11541,MH-7238,O1-M809
11542,MH-7239,O1-M810
16264,MH-9846,O1-M811
7544,MH-4861,O1-M812
11891,MH-7446,O1-M813
38967,MH-20198,O1-M814
45239,MH-21711,O1-M815
17572,MH-10568,O1-M816
17632,MH-10601,O1-M817
38669,MH-20103,O1-M818
372,MH-222,O1-M819
20830,MH-12308,O1-M820
20831,MH-12309,O1-M821
17497,MH-10525,O1-M822
21625,MH-12706,O1-M823
36831,MH-19332,O1-M824
40139,MH-20616,O1-M825
12783,MH-7949,O1-M826
12784,MH-7950,O1-M827
30969,MH-16655,O1-M828
17834,MH-10709,O1-M829
10431,MH-6584,O1-M830
10430,MH-6583,O1-M831
16661,MH-10066,O1-M832
37780,MH-19746,O1-M833
15980,MH-9694,O1-M834
9708,MH-6152,O1-M835
9707,MH-6151,O1-M836
9971,MH-6310,O1-M837
11924,MH-7465,O1-M838
15378,MH-9359,O1-M839
19089,MH-11384,O1-M840
19088,MH-11383,O1-M841
25175,MH-14288,O1-M842
13678,MH-8447,O1-M843
14667,MH-8975,O1-M844
8968,MH-5706,O1-M845
17915,MH-10756,O1-M846
15706,MH-9539,O1-M847
1031,MH-659,O1-M848
22117,MH-12939,O1-M849
14968,MH-9136,O1-M850
14967,MH-9135,O1-M851
8967,MH-5705,O1-M852
162,MH-84,O1-M853
9517,MH-6037,O1-M854
9516,MH-6036,O1-M855
33205,MH-17740,O1-M856
21291,MH-12537,O1-M857
11187,MH-7026,O1-M858
279262,MH-23147,O1-M859
12540,MH-7816,O1-M860
279264,MH-23148,O1-M861
15978,MH-9693,O1-M862
2093,MH-1361,O1-M863
1719,MH-1115,O1-M864
1718,MH-1114,O1-M865
13491,MH-8339,O1-M866
2092,MH-1360,O1-M867
13490,MH-8338,O1-M868
9970,MH-6309,O1-M869
26699,MH-14851,O1-M870
39978,MH-20556,O1-M871
11035,MH-6937,O1-M872
14304,MH-8776,O1-M873
27088,MH-15000,O1-M874
47810,MH-22229,O1-M875
47812,MH-22230,O1-M876
22911,MH-13307,O1-M877
37185,MH-19496,O1-M878
23454,MH-13548,O1-M879
23455,MH-13549,O1-M880
28171,MH-15417,O1-M881
23197,MH-13436,O1-M882
47488,MH-22147,O1-M883
11669,MH-7317,O1-M884
11670,MH-7318,O1-M885
16418,MH-9931,O1-M886
17334,MH-10439,O1-M887
34885,MH-18532,O1-M888
3406,MH-2224,O1-M889
3407,MH-2225,O1-M890
13733,MH-8478,O1-M891
23054,MH-13371,O1-M892
3562,MH-2326,O1-M893
10681,MH-6726,O1-M894
10682,MH-6727,O1-M895
11340,MH-7118,O1-M896
5571,MH-3634,O1-M897
5570,MH-3633,O1-M898
17203,MH-10367,O1-M899
9862,MH-6245,O1-M900
9863,MH-6246,O1-M901
15144,MH-9235,O1-M902
7333,MH-4737,O1-M903
7332,MH-4736,O1-M904
27497,MH-15154,O1-M905
20425,MH-12095,O1-M906
20592,MH-12183,O1-M907
17472,MH-10510,O1-M908
11634,MH-7296,O1-M909
11635,MH-7297,O1-M910
17564,MH-10563,O1-M911
12699,MH-7902,O1-M912
9533,MH-6047,O1-M913
26239,MH-14695,O1-M914
12141,MH-7591,O1-M915
3003,MH-1961,O1-M916
3002,MH-1960,O1-M917
41991,MH-21158,O1-M918
35547,MH-18823,O1-M919
15984,MH-9696,O1-M920
11341,MH-7119,O1-M921
15858,MH-9627,O1-M922
15388,MH-9364,O1-M923
2887,MH-1885,O1-M924
7408,MH-4781,O1-M925
7867,MH-5053,O1-M926
47467,MH-22141,O1-M927
47464,MH-22140,O1-M928
20174,MH-11964,O1-M929
16075,MH-9741,O1-M930
25331,MH-14347,O1-M931
36414,MH-19161,O1-M932
5936,MH-3871,O1-M933
5937,MH-3872,O1-M934
13706,MH-8464,O1-M935
23711,MH-13666,O1-M936
35373,MH-18753,O1-M937
6777,MH-4403,O1-M938
1290,MH-831,O1-M939
13474,MH-8328,O1-M940
13475,MH-8329,O1-M941
2886,MH-1884,O1-M942
19810,MH-11774,O1-M943
410,MH-247,O1-M944
15859,MH-9628,O1-M945
20600,MH-12188,O1-M946
16116,MH-9764,O1-M947
13792,MH-8510,O1-M948
13793,MH-8511,O1-M949
10053,MH-6359,O1-M950
10054,MH-6360,O1-M951
12691,MH-7897,O1-M952
21114,MH-12451,O1-M953
21115,MH-12452,O1-M954
25482,MH-14410,O1-M955
14046,MH-8641,O1-M956
13687,MH-8452,O1-M957
14197,MH-8720,O1-M958
12165,MH-7606,O1-M959
10349,MH-6537,O1-M960
10348,MH-6536,O1-M961
37464,MH-19610,O1-M962
35098,MH-18622,O1-M963
15993,MH-9701,O1-M964
9308,MH-5912,O1-M965
15341,MH-9340,O1-M966
18198,MH-10907,O1-M967
14830,MH-9062,O1-M968
12674,MH-7889,O1-M969
12673,MH-7888,O1-M970
16025,MH-9717,O1-M971
12258,MH-7657,O1-M972
12815,MH-7968,O1-M973
7499,MH-4834,O1-M974
11934,MH-7471,O1-M975
5895,MH-3845,O1-M976
11935,MH-7472,O1-M977
1481,MH-958,O1-M978
359,MH-213,O1-M979
16027,MH-9718,O1-M980
20178,MH-11966,O1-M981
31882,MH-17092,O1-M982
12826,MH-7974,O1-M983
32442,MH-17372,O1-M984
33554,MH-17908,O1-M985
33553,MH-17907,O1-M986
32229,MH-17263,O1-M987
32228,MH-17262,O1-M988
34025,MH-18137,O1-M989
40232,MH-20643,O1-M990
14355,MH-8802,O1-M991
14354,MH-8801,O1-M992
31620,MH-16964,O1-M993
20942,MH-12366,O1-M994
20943,MH-12367,O1-M995
10152,MH-6420,O1-M996
10153,MH-6421,O1-M997
19702,MH-11714,O1-M998
1997,MH-1298,O1-M999
32773,MH-17531,O1-M1000
20310,MH-12038,O1-M1001
21062,MH-12426,O1-M1002
32345,MH-17321,O1-M1003
21137,MH-12462,O1-M1004
21136,MH-12461,O1-M1005
3572,MH-2333,O1-M1006
3571,MH-2332,O1-M1007
4101,MH-2678,O1-M1008
4100,MH-2677,O1-M1009
36105,MH-19042,O1-M1010
22590,MH-13152,O1-M1011
12883,MH-8004,O1-M1012
31967,MH-17130,O1-M1013
44119,MH-21567,O1-M1014
44118,MH-21566,O1-M1015
36303,MH-19120,O1-M1016
36302,MH-19119,O1-M1017
19788,MH-11764,O1-M1018
26515,MH-14784,O1-M1019
11108,MH-6979,O1-M1020
11107,MH-6978,O1-M1021
7296,MH-4715,O1-M1022
17756,MH-10667,O1-M1023
36206,MH-19082,O1-M1024
97,MH-41,O1-M1025
1985,MH-1290,O1-M1026
20347,MH-12056,O1-M1027
40423,MH-20704,O1-M1028
36894,MH-19361,O1-M1029
968,MH-617,O1-M1030
38585,MH-20069,O1-M1031
33915,MH-18086,O1-M1032
33914,MH-18085,O1-M1033
36323,MH-19127,O1-M1034
4940,MH-3223,O1-M1035
18802,MH-11231,O1-M1036
42353,MH-21247,O1-M1037
35005,MH-18582,O1-M1038
26804,MH-14889,O1-M1039
4170,MH-2723,O1-M1040
4169,MH-2722,O1-M1041
279464,MH-23204,O1-M1042
279462,MH-23203,O1-M1043
20877,MH-12332,O1-M1044
24395,MH-13965,O1-M1045
16962,MH-10234,O1-M1046
9131,MH-5805,O1-M1047
9132,MH-5806,O1-M1048
12521,MH-7805,O1-M1049
4564,MH-2979,O1-M1050
4565,MH-2980,O1-M1051
13743,MH-8483,O1-M1052
13744,MH-8484,O1-M1053
1302,MH-839,O1-M1054
25486,MH-14412,O1-M1055
17187,MH-10357,O1-M1056
11687,MH-7327,O1-M1057
11688,MH-7328,O1-M1058
18535,MH-11087,O1-M1059
19011,MH-11341,O1-M1060
7420,MH-4789,O1-M1061
34238,MH-18241,O1-M1062
1548,MH-1002,O1-M1063
9666,MH-6126,O1-M1064
32226,MH-17261,O1-M1065
28248,MH-15449,O1-M1066
7730,MH-4973,O1-M1067
5754,MH-3754,O1-M1068
5753,MH-3753,O1-M1069
28560,MH-15587,O1-M1070
13089,MH-8109,O1-M1071
16775,MH-10130,O1-M1072
47568,MH-22159,O1-M1073
47571,MH-22160,O1-M1074
19897,MH-11820,O1-M1075
7891,MH-5068,O1-M1076
22566,MH-13141,O1-M1077
14777,MH-9034,O1-M1078
6709,MH-4361,O1-M1079
6708,MH-4360,O1-M1080
44914,MH-21672,O1-M1081
7217,MH-4669,O1-M1082
40570,MH-20755,O1-M1083
12733,MH-7921,O1-M1084
10221,MH-6461,O1-M1085
10138,MH-6411,O1-M1086
10139,MH-6412,O1-M1087
22221,MH-12986,O1-M1088
30289,MH-16343,O1-M1089
12290,MH-7675,O1-M1090
8956,MH-5698,O1-M1091
8957,MH-5699,O1-M1092
20212,MH-11986,O1-M1093
24308,MH-13924,O1-M1094
28216,MH-15435,O1-M1095
12732,MH-7920,O1-M1096
24929,MH-14195,O1-M1097
24975,MH-14210,O1-M1098
24976,MH-14211,O1-M1099
10220,MH-6460,O1-M1100
15135,MH-9231,O1-M1101
15136,MH-9232,O1-M1102
18068,MH-10837,O1-M1103
12289,MH-7674,O1-M1104
6131,MH-3997,O1-M1105
6132,MH-3998,O1-M1106
23382,MH-13514,O1-M1107
5565,MH-3630,O1-M1108
15122,MH-9224,O1-M1109
19856,MH-11799,O1-M1110
36204,MH-19081,O1-M1111
19043,MH-11358,O1-M1112
22586,MH-13151,O1-M1113
22585,MH-13150,O1-M1114
277343,MH-22665,O1-M1115
10857,MH-6829,O1-M1116
10856,MH-6828,O1-M1117
41687,MH-21084,O1-M1118
5564,MH-3629,O1-M1119
33016,MH-17647,O1-M1120
45032,MH-21689,O1-M1121
8469,MH-5408,O1-M1122
8470,MH-5409,O1-M1123
28175,MH-15418,O1-M1124
5641,MH-3680,O1-M1125
3126,MH-2041,O1-M1126
18579,MH-11112,O1-M1127
18682,MH-11169,O1-M1128
18683,MH-11170,O1-M1129
19401,MH-11553,O1-M1130
11997,MH-7508,O1-M1131
13904,MH-8568,O1-M1132
9523,MH-6041,O1-M1133
9522,MH-6040,O1-M1134
35025,MH-18591,O1-M1135
44088,MH-21561,O1-M1136
44087,MH-21560,O1-M1137
12565,MH-7830,O1-M1138
15893,MH-9647,O1-M1139
18489,MH-11064,O1-M1140
1829,MH-1187,O1-M1141
33189,MH-17732,O1-M1142
33190,MH-17733,O1-M1143
37299,MH-19540,O1-M1144
569,MH-353,O1-M1145
22272,MH-13008,O1-M1146
4051,MH-2646,O1-M1147
28756,MH-15676,O1-M1148
41559,MH-21056,O1-M1149
39431,MH-20366,O1-M1150
37707,MH-19717,O1-M1151
25591,MH-14459,O1-M1152
13430,MH-8301,O1-M1153
17879,MH-10735,O1-M1154
27500,MH-15155,O1-M1155
22810,MH-13257,O1-M1156
40682,MH-20796,O1-M1157
17821,MH-10702,O1-M1158
17822,MH-10703,O1-M1159
6235,MH-4063,O1-M1160
6234,MH-4062,O1-M1161
42086,MH-21182,O1-M1162
3491,MH-2280,O1-M1163
18451,MH-11044,O1-M1164
27619,MH-15202,O1-M1165
4573,MH-2985,O1-M1166
4574,MH-2986,O1-M1167
22320,MH-13029,O1-M1168
16423,MH-9934,O1-M1169
16424,MH-9935,O1-M1170
35285,MH-18710,O1-M1171
9736,MH-6170,O1-M1172
22845,MH-13276,O1-M1173
22846,MH-13277,O1-M1174
19451,MH-11581,O1-M1175
24390,MH-13962,O1-M1176
15169,MH-9250,O1-M1177
15168,MH-9249,O1-M1178
4462,MH-2913,O1-M1179
22873,MH-13289,O1-M1180
17878,MH-10734,O1-M1181
110,MH-50,O1-M1182
9610,MH-6093,O1-M1183
4623,MH-3016,O1-M1184
13371,MH-8267,O1-M1185
13735,MH-8479,O1-M1186
5899,MH-3848,O1-M1187
9857,MH-6242,O1-M1188
23361,MH-13506,O1-M1189
21725,MH-12751,O1-M1190
12131,MH-7585,O1-M1191
12130,MH-7584,O1-M1192
27298,MH-15075,O1-M1193
6885,MH-4467,O1-M1194
13425,MH-8298,O1-M1195
27293,MH-15072,O1-M1196
40904,MH-20867,O1-M1197
15687,MH-9528,O1-M1198
15688,MH-9529,O1-M1199
17913,MH-10755,O1-M1200
7295,MH-4714,O1-M1201
20799,MH-12292,O1-M1202
20978,MH-12385,O1-M1203
29359,MH-15919,O1-M1204
17078,MH-10298,O1-M1205
277349,MH-22667,O1-M1206
17079,MH-10299,O1-M1207
26007,MH-14611,O1-M1208
4737,MH-3090,O1-M1209
4622,MH-3015,O1-M1210
36087,MH-19036,O1-M1211
14012,MH-8622,O1-M1212
18941,MH-11303,O1-M1213
19848,MH-11794,O1-M1214
19847,MH-11793,O1-M1215
47482,MH-22145,O1-M1216
5898,MH-3847,O1-M1217
14956,MH-9129,O1-M1218
14955,MH-9128,O1-M1219
29922,MH-16171,O1-M1220
29552,MH-16005,O1-M1221
3786,MH-2473,O1-M1222
22811,MH-13258,O1-M1223
39828,MH-20509,O1-M1224
17610,MH-10589,O1-M1225
17611,MH-10590,O1-M1226
28063,MH-15375,O1-M1227
29034,MH-15791,O1-M1228
29035,MH-15792,O1-M1229
416,MH-251,O1-M1230
22888,MH-13296,O1-M1231
3490,MH-2279,O1-M1232
1379,MH-890,O1-M1233
1790,MH-1162,O1-M1234
20815,MH-12300,O1-M1235
20816,MH-12301,O1-M1236
15958,MH-9682,O1-M1237
25494,MH-14416,O1-M1238
6641,MH-4318,O1-M1239
6642,MH-4319,O1-M1240
9139,MH-5810,O1-M1241
4468,MH-2917,O1-M1242
4946,MH-3227,O1-M1243
25479,MH-14408,O1-M1244
27046,MH-14983,O1-M1245
24228,MH-13888,O1-M1246
26185,MH-14676,O1-M1247
21112,MH-12450,O1-M1248
7338,MH-4740,O1-M1249
15957,MH-9681,O1-M1250
2935,MH-1916,O1-M1251
2936,MH-1917,O1-M1252
18273,MH-10947,O1-M1253
18272,MH-10946,O1-M1254
19266,MH-11480,O1-M1255
26713,MH-14856,O1-M1256
25594,MH-14460,O1-M1257
3870,MH-2528,O1-M1258
3871,MH-2529,O1-M1259
8680,MH-5532,O1-M1260
41755,MH-21099,O1-M1261
28547,MH-15581,O1-M1262
28548,MH-15582,O1-M1263
4694,MH-3062,O1-M1264
23109,MH-13398,O1-M1265
16583,MH-10021,O1-M1266
16584,MH-10022,O1-M1267
24401,MH-13968,O1-M1268
25718,MH-14504,O1-M1269
25717,MH-14503,O1-M1270
9305,MH-5910,O1-M1271
9304,MH-5909,O1-M1272
22872,MH-13288,O1-M1273
4693,MH-3061,O1-M1274
27833,MH-15285,O1-M1275
28264,MH-15457,O1-M1276
28263,MH-15456,O1-M1277
23542,MH-13588,O1-M1278
18543,MH-11092,O1-M1279
18542,MH-11091,O1-M1280
47682,MH-22185,O1-M1281
25933,MH-14583,O1-M1282
25925,MH-14579,O1-M1283
25924,MH-14578,O1-M1284
38382,MH-19992,O1-M1285
29065,MH-15801,O1-M1286
9735,MH-6169,O1-M1287
22524,MH-13119,O1-M1288
27480,MH-15147,O1-M1289
27406,MH-15117,O1-M1290
13162,MH-8149,O1-M1291
24075,MH-13823,O1-M1292
621,MH-387,O1-M1293
25960,MH-14591,O1-M1294
4552,MH-2972,O1-M1295
492,MH-302,O1-M1296
16153,MH-9784,O1-M1297
14202,MH-8722,O1-M1298
14897,MH-9099,O1-M1299
14825,MH-9059,O1-M1300
3334,MH-2177,O1-M1301
3335,MH-2178,O1-M1302
14274,MH-8760,O1-M1303
25537,MH-14432,O1-M1304
5816,MH-3794,O1-M1305
5815,MH-3793,O1-M1306
36261,MH-19104,O1-M1307
22742,MH-13227,O1-M1308
22741,MH-13226,O1-M1309
17966,MH-10782,O1-M1310
14836,MH-9066,O1-M1311
7017,MH-4546,O1-M1312
7016,MH-4545,O1-M1313
40132,MH-20613,O1-M1314
15042,MH-9177,O1-M1315
15043,MH-9178,O1-M1316
1692,MH-1097,O1-M1317
39573,MH-20419,O1-M1318
8124,MH-5205,O1-M1319
8125,MH-5206,O1-M1320
35881,MH-18958,O1-M1321
35017,MH-18588,O1-M1322
19641,MH-11685,O1-M1323
19526,MH-11624,O1-M1324
19527,MH-11625,O1-M1325
35609,MH-18847,O1-M1326
8557,MH-5459,O1-M1327
9629,MH-6104,O1-M1328
9628,MH-6103,O1-M1329
35712,MH-18887,O1-M1330
8556,MH-5458,O1-M1331
42114,MH-21190,O1-M1332
13579,MH-8391,O1-M1333
5184,MH-3382,O1-M1334
5183,MH-3381,O1-M1335
18046,MH-10824,O1-M1336
18045,MH-10823,O1-M1337
277352,MH-22668,O1-M1338
12760,MH-7936,O1-M1339
8597,MH-5482,O1-M1340
16743,MH-10113,O1-M1341
16742,MH-10112,O1-M1342
13855,MH-8546,O1-M1343
20642,MH-12208,O1-M1344
14951,MH-9126,O1-M1345
22143,MH-12952,O1-M1346
40556,MH-20751,O1-M1347
8596,MH-5481,O1-M1348
41174,MH-20951,O1-M1349
31500,MH-16905,O1-M1350
17282,MH-10411,O1-M1351
18005,MH-10803,O1-M1352
14273,MH-8759,O1-M1353
23464,MH-13553,O1-M1354
28678,MH-15642,O1-M1355
19752,MH-11742,O1-M1356
36631,MH-19249,O1-M1357
41266,MH-20977,O1-M1358
45821,MH-21772,O1-M1359
44586,MH-21630,O1-M1360
14835,MH-9065,O1-M1361
12491,MH-7788,O1-M1362
45760,MH-21768,O1-M1363
10283,MH-6496,O1-M1364
10284,MH-6497,O1-M1365
13172,MH-8154,O1-M1366
3928,MH-2566,O1-M1367
3929,MH-2567,O1-M1368
24701,MH-14101,O1-M1369
43064,MH-21393,O1-M1370
13171,MH-8153,O1-M1371
31534,MH-16921,O1-M1372
27148,MH-15021,O1-M1373
11288,MH-7087,O1-M1374
11287,MH-7086,O1-M1375
13882,MH-8558,O1-M1376
18320,MH-10973,O1-M1377
11623,MH-7290,O1-M1378
341,MH-202,O1-M1379
16495,MH-9970,O1-M1380
16496,MH-9971,O1-M1381
10967,MH-6896,O1-M1382
17725,MH-10651,O1-M1383
17726,MH-10652,O1-M1384
23160,MH-13420,O1-M1385
9768,MH-6189,O1-M1386
9767,MH-6188,O1-M1387
15501,MH-9429,O1-M1388
15160,MH-9244,O1-M1389
15159,MH-9243,O1-M1390
19676,MH-11702,O1-M1391
32809,MH-17549,O1-M1392
2626,MH-1713,O1-M1393
5932,MH-3869,O1-M1394
20980,MH-12386,O1-M1395
14737,MH-9012,O1-M1396
14738,MH-9013,O1-M1397
6108,MH-3982,O1-M1398
27463,MH-15139,O1-M1399
27462,MH-15138,O1-M1400
203362,MH-22566,O1-M1401
28603,MH-15609,O1-M1402
25639,MH-14475,O1-M1403
11490,MH-7207,O1-M1404
47825,MH-22236,O1-M1405
47535,MH-22155,O1-M1406
23855,MH-13729,O1-M1407
28224,MH-15439,O1-M1408
17952,MH-10776,O1-M1409
17951,MH-10775,O1-M1410
39127,MH-20256,O1-M1411
39126,MH-20255,O1-M1412
213,MH-117,O1-M1413
21979,MH-12871,O1-M1414
3367,MH-2199,O1-M1415
4811,MH-3139,O1-M1416
4810,MH-3138,O1-M1417
42202,MH-21211,O1-M1418
542,MH-335,O1-M1419
28744,MH-15671,O1-M1420
28745,MH-15672,O1-M1421
29600,MH-16023,O1-M1422
27453,MH-15132,O1-M1423
27454,MH-15133,O1-M1424
35927,MH-18975,O1-M1425
414,MH-250,O1-M1426
3366,MH-2198,O1-M1427
44889,MH-21670,O1-M1428
2211,MH-1439,O1-M1429
42192,MH-21209,O1-M1430
1688,MH-1094,O1-M1431
35163,MH-18650,O1-M1432
1081,MH-692,O1-M1433
28733,MH-15665,O1-M1434
4699,MH-3065,O1-M1435
5807,MH-3788,O1-M1436
5806,MH-3787,O1-M1437
36485,MH-19185,O1-M1438
21978,MH-12870,O1-M1439
42526,MH-21288,O1-M1440
7637,MH-4918,O1-M1441
35669,MH-18869,O1-M1442
17341,MH-10443,O1-M1443
28225,MH-15440,O1-M1444
47529,MH-22153,O1-M1445
47532,MH-22154,O1-M1446
17340,MH-10442,O1-M1447
24146,MH-13854,O1-M1448
18319,MH-10972,O1-M1449
28259,MH-15454,O1-M1450
22181,MH-12970,O1-M1451
4954,MH-3232,O1-M1452
4953,MH-3231,O1-M1453
636,MH-397,O1-M1454
596,MH-371,O1-M1455
10966,MH-6895,O1-M1456
17874,MH-10732,O1-M1457
37637,MH-19683,O1-M1458
13409,MH-8288,O1-M1459
1034,MH-661,O1-M1460
1033,MH-660,O1-M1461
13631,MH-8421,O1-M1462
13630,MH-8420,O1-M1463
38114,MH-19884,O1-M1464
10433,MH-6585,O1-M1465
15507,MH-9432,O1-M1466
9977,MH-6314,O1-M1467
26868,MH-14914,O1-M1468
4562,MH-2978,O1-M1469
15833,MH-9613,O1-M1470
15832,MH-9612,O1-M1471
24580,MH-14043,O1-M1472
41360,MH-21000,O1-M1473
279436,MH-23195,O1-M1474
6150,MH-4009,O1-M1475
32284,MH-17288,O1-M1476
45077,MH-21693,O1-M1477
22789,MH-13247,O1-M1478
15278,MH-9306,O1-M1479
279458,MH-23202,O1-M1480
4594,MH-2999,O1-M1481
4593,MH-2998,O1-M1482
21470,MH-12626,O1-M1483
8025,MH-5146,O1-M1484
279449,MH-23199,O1-M1485
279447,MH-23198,O1-M1486
279445,MH-23197,O1-M1487
279442,MH-23196,O1-M1488
5648,MH-3685,O1-M1489
20033,MH-11895,O1-M1490
6153,MH-4011,O1-M1491
14796,MH-9045,O1-M1492
9770,MH-6190,O1-M1493
9771,MH-6191,O1-M1494
11914,MH-7459,O1-M1495
7029,MH-4553,O1-M1496
7030,MH-4554,O1-M1497
8050,MH-5161,O1-M1498
7137,MH-4619,O1-M1499
7136,MH-4618,O1-M1500
36022,MH-19008,O1-M1501
8267,MH-5293,O1-M1502
40792,MH-20830,O1-M1503
40793,MH-20831,O1-M1504
42411,MH-21260,O1-M1505
5144,MH-3356,O1-M1506
5145,MH-3357,O1-M1507
1313,MH-846,O1-M1508
35124,MH-18634,O1-M1509
9307,MH-5911,O1-M1510
36869,MH-19351,O1-M1511
23483,MH-13563,O1-M1512
15180,MH-9255,O1-M1513
10076,MH-6373,O1-M1514
10449,MH-6593,O1-M1515
14794,MH-9044,O1-M1516
14793,MH-9043,O1-M1517
20101,MH-11926,O1-M1518
13094,MH-8112,O1-M1519
12007,MH-7514,O1-M1520
10704,MH-6739,O1-M1521
10703,MH-6738,O1-M1522
4792,MH-3126,O1-M1523
5539,MH-3613,O1-M1524
20355,MH-12060,O1-M1525
19687,MH-11707,O1-M1526
20588,MH-12181,O1-M1527
6149,MH-4008,O1-M1528
15279,MH-9307,O1-M1529
18456,MH-11047,O1-M1530
6788,MH-4410,O1-M1531
26572,MH-14804,O1-M1532
5401,MH-3523,O1-M1533
5402,MH-3524,O1-M1534
2690,MH-1755,O1-M1535
2691,MH-1756,O1-M1536
11968,MH-7491,O1-M1537
11969,MH-7492,O1-M1538
5647,MH-3684,O1-M1539
16341,MH-9890,O1-M1540
8533,MH-5445,O1-M1541
8532,MH-5444,O1-M1542
8766,MH-5584,O1-M1543
8765,MH-5583,O1-M1544
2387,MH-1555,O1-M1545
2388,MH-1556,O1-M1546
46590,MH-21855,O1-M1547
6152,MH-4010,O1-M1548
27945,MH-15328,O1-M1549
27823,MH-15281,O1-M1550
15089,MH-9205,O1-M1551
34835,MH-18511,O1-M1552
2804,MH-1830,O1-M1553
2805,MH-1831,O1-M1554
6748,MH-4385,O1-M1555
31470,MH-16892,O1-M1556
26639,MH-14832,O1-M1557
30909,MH-16625,O1-M1558
30910,MH-16626,O1-M1559
3258,MH-2127,O1-M1560
3259,MH-2128,O1-M1561
28803,MH-15695,O1-M1562
26638,MH-14831,O1-M1563
203365,MH-22567,O1-M1564
279470,MH-23206,O1-M1565
28240,MH-15446,O1-M1566
8708,MH-5548,O1-M1567
4505,MH-2941,O1-M1568
4504,MH-2940,O1-M1569
279466,MH-23205,O1-M1570
25374,MH-14366,O1-M1571
12149,MH-7596,O1-M1572
9624,MH-6101,O1-M1573
25829,MH-14542,O1-M1574
203368,MH-22568,O1-M1575
1400,MH-904,O1-M1576
18177,MH-10896,O1-M1577
16936,MH-10219,O1-M1578
15407,MH-9374,O1-M1579
15406,MH-9373,O1-M1580
36603,MH-19236,O1-M1581
12516,MH-7802,O1-M1582
12515,MH-7801,O1-M1583
7249,MH-4687,O1-M1584
12896,MH-8010,O1-M1585
13254,MH-8202,O1-M1586
13378,MH-8270,O1-M1587
35461,MH-18789,O1-M1588
35460,MH-18788,O1-M1589
42070,MH-21179,O1-M1590
5922,MH-3863,O1-M1591
25373,MH-14365,O1-M1592
37177,MH-19492,O1-M1593
6191,MH-4034,O1-M1594
11767,MH-7374,O1-M1595
15184,MH-9257,O1-M1596
12508,MH-7797,O1-M1597
12509,MH-7798,O1-M1598
6190,MH-4033,O1-M1599
11768,MH-7375,O1-M1600
15185,MH-9258,O1-M1601
15537,MH-9447,O1-M1602
9623,MH-6100,O1-M1603
40198,MH-20631,O1-M1604
20128,MH-11939,O1-M1605
20129,MH-11940,O1-M1606
27985,MH-15346,O1-M1607
279406,MH-23188,O1-M1608
37500,MH-19624,O1-M1609
12497,MH-7791,O1-M1610
203371,MH-22569,O1-M1611
28517,MH-15567,O1-M1612
362,MH-215,O1-M1613
7248,MH-4686,O1-M1614
41183,MH-20955,O1-M1615
44095,MH-21563,O1-M1616
29723,MH-16080,O1-M1617
8024,MH-5145,O1-M1618
37236,MH-19518,O1-M1619
20081,MH-11916,O1-M1620
15752,MH-9566,O1-M1621
18395,MH-11014,O1-M1622
279002,MH-23064,O1-M1623
32055,MH-17172,O1-M1624
279453,MH-23200,O1-M1625
2893,MH-1889,O1-M1626
2892,MH-1888,O1-M1627
19297,MH-11498,O1-M1628
19296,MH-11497,O1-M1629
33605,MH-17933,O1-M1630
33604,MH-17932,O1-M1631
15639,MH-9500,O1-M1632
279456,MH-23201,O1-M1633
11583,MH-7264,O1-M1634
7419,MH-4788,O1-M1635
31023,MH-16684,O1-M1636
5833,MH-3805,O1-M1637
9318,MH-5918,O1-M1638
23839,MH-13722,O1-M1639
19471,MH-11592,O1-M1640
19472,MH-11593,O1-M1641
22491,MH-13103,O1-M1642
40771,MH-20825,O1-M1643
9317,MH-5917,O1-M1644
38352,MH-19981,O1-M1645
38351,MH-19980,O1-M1646
44615,MH-21635,O1-M1647
23838,MH-13721,O1-M1648
23760,MH-13687,O1-M1649
39285,MH-20311,O1-M1650
7034,MH-4556,O1-M1651
7035,MH-4557,O1-M1652
14115,MH-8672,O1-M1653
13870,MH-8553,O1-M1654
14009,MH-8621,O1-M1655
47458,MH-22138,O1-M1656
7729,MH-4972,O1-M1657
37655,MH-19691,O1-M1658
9073,MH-5770,O1-M1659
11456,MH-7187,O1-M1660
4631,MH-3021,O1-M1661
4630,MH-3020,O1-M1662
47449,MH-22135,O1-M1663
2271,MH-1479,O1-M1664
2270,MH-1478,O1-M1665
4793,MH-3127,O1-M1666
9104,MH-5788,O1-M1667
9103,MH-5787,O1-M1668
47455,MH-22137,O1-M1669
47452,MH-22136,O1-M1670
16508,MH-9978,O1-M1671
25246,MH-14316,O1-M1672
2841,MH-1855,O1-M1673
2840,MH-1854,O1-M1674
10726,MH-6751,O1-M1675
23363,MH-13507,O1-M1676
13088,MH-8108,O1-M1677
23118,MH-13402,O1-M1678
33980,MH-18117,O1-M1679
6290,MH-4096,O1-M1680
7952,MH-5105,O1-M1681
6045,MH-3941,O1-M1682
10116,MH-6398,O1-M1683
33174,MH-17726,O1-M1684
33084,MH-17677,O1-M1685
1135,MH-728,O1-M1686
30901,MH-16621,O1-M1687
16774,MH-10129,O1-M1688
31002,MH-16673,O1-M1689
4950,MH-3229,O1-M1690
8493,MH-5421,O1-M1691
6046,MH-3942,O1-M1692
4449,MH-2904,O1-M1693
32780,MH-17533,O1-M1694
40919,MH-20871,O1-M1695
39492,MH-20392,O1-M1696
25027,MH-14231,O1-M1697
12372,MH-7719,O1-M1698
12371,MH-7718,O1-M1699
1701,MH-1103,O1-M1700
34009,MH-18131,O1-M1701
34008,MH-18130,O1-M1702
40766,MH-20824,O1-M1703
13535,MH-8365,O1-M1704
13534,MH-8364,O1-M1705
41014,MH-20905,O1-M1706
1784,MH-1158,O1-M1707
40373,MH-20691,O1-M1708
30650,MH-16508,O1-M1709
14764,MH-9027,O1-M1710
14765,MH-9028,O1-M1711
22189,MH-12973,O1-M1712
32387,MH-17344,O1-M1713
7103,MH-4597,O1-M1714
7104,MH-4598,O1-M1715
279594,MH-6119-5,O1-M1716
279593,MH-6119-4,O1-M1717
279592,MH-6119-3,O1-M1718
279591,MH-6119-2,O1-M1719
279590,MH-6119-1,O1-M1720
9653,MH-6119,O1-M1721
14593,MH-8936,O1-M1722
14594,MH-8937,O1-M1723
33720,MH-17990,O1-M1724
13228,MH-8187,O1-M1725
13229,MH-8188,O1-M1726
16213,MH-9818,O1-M1727
34349,MH-18293,O1-M1728
20318,MH-12041,O1-M1729
15281,MH-9308,O1-M1730
4935,MH-3220,O1-M1731
4934,MH-3219,O1-M1732
7344,MH-4743,O1-M1733
3224,MH-2105,O1-M1734
46224,MH-21821,O1-M1735
1783,MH-1157,O1-M1736
31472,MH-16893,O1-M1737
14565,MH-8919,O1-M1738
14564,MH-8918,O1-M1739
23434,MH-13538,O1-M1740
25891,MH-14569,O1-M1741
30350,MH-16368,O1-M1742
34777,MH-18496,O1-M1743
31739,MH-17020,O1-M1744
31738,MH-17019,O1-M1745
30694,MH-16526,O1-M1746
20654,MH-12215,O1-M1747
9543,MH-6054,O1-M1748
9542,MH-6053,O1-M1749
16865,MH-10178,O1-M1750
16864,MH-10177,O1-M1751
18182,MH-10899,O1-M1752
19067,MH-11371,O1-M1753
31420,MH-16871,O1-M1754
18181,MH-10898,O1-M1755
19068,MH-11372,O1-M1756
23898,MH-13747,O1-M1757
33049,MH-17664,O1-M1758
31193,MH-16764,O1-M1759
21986,MH-12875,O1-M1760
21985,MH-12874,O1-M1761
43600,MH-21489,O1-M1762
21087,MH-12439,O1-M1763
19729,MH-11728,O1-M1764
24058,MH-13816,O1-M1765
29321,MH-15906,O1-M1766
47540,MH-22156,O1-M1767
13223,MH-8184,O1-M1768
22145,MH-12953,O1-M1769
22188,MH-12972,O1-M1770
9848,MH-6237,O1-M1771
14216,MH-8730,O1-M1772
16095,MH-9753,O1-M1773
42185,MH-21208,O1-M1774
34783,MH-18498,O1-M1775
31684,MH-16995,O1-M1776
31683,MH-16994,O1-M1777
15555,MH-9456,O1-M1778
3021,MH-1973,O1-M1779
3020,MH-1972,O1-M1780
44758,MH-21653,O1-M1781
6503,MH-4231,O1-M1782
1787,MH-1160,O1-M1783
1786,MH-1159,O1-M1784
14215,MH-8729,O1-M1785
22626,MH-13171,O1-M1786
30370,MH-16376,O1-M1787
38107,MH-19880,O1-M1788
29694,MH-16067,O1-M1789
15554,MH-9455,O1-M1790
31820,MH-17062,O1-M1791
39912,MH-20536,O1-M1792
30388,MH-16384,O1-M1793
21520,MH-12650,O1-M1794
21521,MH-12651,O1-M1795
31260,MH-16795,O1-M1796
21475,MH-12628,O1-M1797
19888,MH-11816,O1-M1798
9360,MH-5943,O1-M1799
45413,MH-21731,O1-M1800
3818,MH-2494,O1-M1801
36974,MH-19400,O1-M1802
829,MH-525,O1-M1803
7496,MH-4833,O1-M1804
35170,MH-18653,O1-M1805
279429,MH-23194,O1-M1806
23907,MH-13751,O1-M1807
39074,MH-20237,O1-M1808
42626,MH-21310,O1-M1809
8498,MH-5424,O1-M1810
279426,MH-23193,O1-M1811
279424,MH-23192,O1-M1812
14833,MH-9064,O1-M1813
14832,MH-9063,O1-M1814
26158,MH-14667,O1-M1815
40626,MH-20773,O1-M1816
8648,MH-5512,O1-M1817
279417,MH-23190,O1-M1818
5463,MH-3563,O1-M1819
5464,MH-3564,O1-M1820
14570,MH-8922,O1-M1821
14571,MH-8923,O1-M1822
3943,MH-2576,O1-M1823
15534,MH-9446,O1-M1824
277346,MH-22666,O1-M1825
15533,MH-9445,O1-M1826
26729,MH-14861,O1-M1827
5250,MH-3425,O1-M1828
27235,MH-15052,O1-M1829
30437,MH-16406,O1-M1830
17217,MH-10375,O1-M1831
279500,MH-23210,O1-M1832
279498,MH-23209,O1-M1833
759,MH-478,O1-M1834
28440,MH-15530,O1-M1835
28439,MH-15529,O1-M1836
20308,MH-12037,O1-M1837
23319,MH-13489,O1-M1838
32465,MH-17385,O1-M1839
8647,MH-5511,O1-M1840
19509,MH-11615,O1-M1841
12118,MH-7577,O1-M1842
12117,MH-7576,O1-M1843
13431,MH-8302,O1-M1844
279414,MH-23189,O1-M1845
33616,MH-17938,O1-M1846
1535,MH-993,O1-M1847
17296,MH-10419,O1-M1848
17297,MH-10420,O1-M1849
24126,MH-13843,O1-M1850
5251,MH-3426,O1-M1851
11691,MH-7330,O1-M1852
16372,MH-9906,O1-M1853
16056,MH-9734,O1-M1854
2747,MH-1793,O1-M1855
2746,MH-1792,O1-M1856
40290,MH-20662,O1-M1857
14014,MH-8623,O1-M1858
498,MH-306,O1-M1859
497,MH-305,O1-M1860
21508,MH-12644,O1-M1861
21672,MH-12726,O1-M1862
17931,MH-10765,O1-M1863
15226,MH-9280,O1-M1864
15227,MH-9281,O1-M1865
730,MH-459,O1-M1866
11690,MH-7329,O1-M1867
3942,MH-2575,O1-M1868
30421,MH-16399,O1-M1869
3233,MH-2111,O1-M1870
3232,MH-2110,O1-M1871
39939,MH-20544,O1-M1872
29048,MH-15796,O1-M1873
30163,MH-16284,O1-M1874
10074,MH-6372,O1-M1875
12615,MH-7857,O1-M1876
36741,MH-19297,O1-M1877
23795,MH-13704,O1-M1878
12597,MH-7847,O1-M1879
38831,MH-20157,O1-M1880
3472,MH-2267,O1-M1881
3473,MH-2268,O1-M1882
10150,MH-6419,O1-M1883
11664,MH-7314,O1-M1884
11663,MH-7313,O1-M1885
3324,MH-2171,O1-M1886
12939,MH-8031,O1-M1887
6449,MH-4197,O1-M1888
6448,MH-4196,O1-M1889
12596,MH-7846,O1-M1890
6534,MH-4250,O1-M1891
6533,MH-4249,O1-M1892
29323,MH-15907,O1-M1893
27638,MH-15210,O1-M1894
27639,MH-15211,O1-M1895
21184,MH-12487,O1-M1896
19883,MH-11813,O1-M1897
21729,MH-12752,O1-M1898
5196,MH-3390,O1-M1899
5195,MH-3389,O1-M1900
30672,MH-16518,O1-M1901
18324,MH-10975,O1-M1902
20908,MH-12347,O1-M1903
22829,MH-13268,O1-M1904
3323,MH-2170,O1-M1905
39055,MH-20227,O1-M1906
246,MH-139,O1-M1907
9225,MH-5861,O1-M1908
37013,MH-19417,O1-M1909
12718,MH-7912,O1-M1910
12717,MH-7911,O1-M1911
14691,MH-8987,O1-M1912
14618,MH-8951,O1-M1913
14617,MH-8950,O1-M1914
31960,MH-17127,O1-M1915
354,MH-210,O1-M1916
11907,MH-7455,O1-M1917
11906,MH-7454,O1-M1918
45399,MH-21729,O1-M1919
8653,MH-5515,O1-M1920
3012,MH-1967,O1-M1921
3011,MH-1966,O1-M1922
7581,MH-4884,O1-M1923
14007,MH-8620,O1-M1924
15606,MH-9485,O1-M1925
15298,MH-9318,O1-M1926
24654,MH-14078,O1-M1927
24653,MH-14077,O1-M1928
20400,MH-12084,O1-M1929
20399,MH-12083,O1-M1930
13488,MH-8337,O1-M1931
13487,MH-8336,O1-M1932
13802,MH-8516,O1-M1933
12284,MH-7672,O1-M1934
12283,MH-7671,O1-M1935
26789,MH-14885,O1-M1936
26837,MH-14902,O1-M1937
18664,MH-11160,O1-M1938
18663,MH-11159,O1-M1939
22113,MH-12937,O1-M1940
20296,MH-12029,O1-M1941
20297,MH-12030,O1-M1942
12096,MH-7565,O1-M1943
363,MH-216,O1-M1944
13565,MH-8383,O1-M1945
6660,MH-4331,O1-M1946
6659,MH-4330,O1-M1947
20960,MH-12376,O1-M1948
12891,MH-8008,O1-M1949
5283,MH-3447,O1-M1950
5282,MH-3446,O1-M1951
18179,MH-10897,O1-M1952
3005,MH-1962,O1-M1953
11424,MH-7167,O1-M1954
534,MH-330,O1-M1955
7357,MH-4750,O1-M1956
11384,MH-7144,O1-M1957
11383,MH-7143,O1-M1958
27329,MH-15090,O1-M1959
279402,MH-23187,O1-M1960
40512,MH-20737,O1-M1961
26203,MH-14681,O1-M1962
16621,MH-10043,O1-M1963
16622,MH-10044,O1-M1964
19268,MH-11481,O1-M1965
19269,MH-11482,O1-M1966
25276,MH-14327,O1-M1967
13165,MH-8150,O1-M1968
22525,MH-13120,O1-M1969
17963,MH-10780,O1-M1970
17964,MH-10781,O1-M1971
9805,MH-6210,O1-M1972
33689,MH-17974,O1-M1973
7580,MH-4883,O1-M1974
25171,MH-14287,O1-M1975
19951,MH-11850,O1-M1976
147,MH-74,O1-M1977
1928,MH-1252,O1-M1978
16189,MH-9805,O1-M1979
16188,MH-9804,O1-M1980
19941,MH-11844,O1-M1981
29844,MH-16136,O1-M1982
1388,MH-896,O1-M1983
16238,MH-9833,O1-M1984
16237,MH-9832,O1-M1985
21827,MH-12797,O1-M1986
19950,MH-11849,O1-M1987
12912,MH-8017,O1-M1988
12911,MH-8016,O1-M1989
3235,MH-2112,O1-M1990
41808,MH-21109,O1-M1991
4700,MH-3066,O1-M1992
23507,MH-13573,O1-M1993
20463,MH-12114,O1-M1994
19859,MH-11801,O1-M1995
19858,MH-11800,O1-M1996
47479,MH-22144,O1-M1997
22160,MH-12960,O1-M1998
47476,MH-22143,O1-M1999
1185,MH-761,O1-M2000
18994,MH-11331,O1-M2001
24656,MH-14079,O1-M2002
24516,MH-14014,O1-M2003
24517,MH-14015,O1-M2004
29683,MH-16063,O1-M2005
47473,MH-22142,O1-M2006
31097,MH-16719,O1-M2007
4175,MH-2726,O1-M2008
4174,MH-2725,O1-M2009
43350,MH-21446,O1-M2010
20950,MH-12371,O1-M2011
21222,MH-12505,O1-M2012
1503,MH-972,O1-M2013
14940,MH-9122,O1-M2014
15991,MH-9700,O1-M2015
6487,MH-4221,O1-M2016
6486,MH-4220,O1-M2017
23366,MH-13508,O1-M2018
18137,MH-10873,O1-M2019
5541,MH-3614,O1-M2020
462,MH-282,O1-M2021
18322,MH-10974,O1-M2022
19944,MH-11846,O1-M2023
19943,MH-11845,O1-M2024
32138,MH-17211,O1-M2025
23077,MH-13383,O1-M2026
44903,MH-21671,O1-M2027
17685,MH-10630,O1-M2028
22986,MH-13340,O1-M2029
22985,MH-13339,O1-M2030
23076,MH-13382,O1-M2031
22436,MH-13078,O1-M2032
21963,MH-12863,O1-M2033
21964,MH-12864,O1-M2034
25652,MH-14481,O1-M2035
8901,MH-5665,O1-M2036
27331,MH-15091,O1-M2037
39944,MH-20546,O1-M2038
23959,MH-13775,O1-M2039
11749,MH-7364,O1-M2040
11748,MH-7363,O1-M2041
24594,MH-14050,O1-M2042
25931,MH-14582,O1-M2043
25400,MH-14377,O1-M2044
22369,MH-13050,O1-M2045
26009,MH-14612,O1-M2046
4673,MH-3048,O1-M2047
4674,MH-3049,O1-M2048
25139,MH-14274,O1-M2049
6550,MH-4260,O1-M2050
6551,MH-4261,O1-M2051
11979,MH-7498,O1-M2052
25492,MH-14415,O1-M2053
13813,MH-8521,O1-M2054
443,MH-269,O1-M2055
27494,MH-15153,O1-M2056
8297,MH-5310,O1-M2057
11978,MH-7497,O1-M2058
23713,MH-13667,O1-M2059
12231,MH-7642,O1-M2060
8298,MH-5311,O1-M2061
203359,MH-22565,O1-M2062
28602,MH-15608,O1-M2063
22368,MH-13049,O1-M2064
26590,MH-14813,O1-M2065
37474,MH-19614,O1-M2066
4680,MH-3053,O1-M2067
4679,MH-3052,O1-M2068
15633,MH-9498,O1-M2069
15632,MH-9497,O1-M2070
66,MH-22,O1-M2071
10921,MH-6868,O1-M2072
47345,MH-22103,O1-M2073
13205,MH-8173,O1-M2074
13206,MH-8174,O1-M2075
15356,MH-9348,O1-M2076
22535,MH-13125,O1-M2077
29908,MH-16166,O1-M2078
32142,MH-17213,O1-M2079
39243,MH-20296,O1-M2080
1887,MH-1225,O1-M2081
3697,MH-2415,O1-M2082
3696,MH-2414,O1-M2083
45226,MH-21709,O1-M2084
533,MH-329,O1-M2085
12486,MH-7785,O1-M2086
23402,MH-13522,O1-M2087
27328,MH-15089,O1-M2088
159,MH-82,O1-M2089
14131,MH-8682,O1-M2090
14130,MH-8681,O1-M2091
1112,MH-713,O1-M2092
229,MH-128,O1-M2093
31461,MH-16890,O1-M2094
47116,MH-22024,O1-M2095
31460,MH-16889,O1-M2096
15529,MH-9443,O1-M2097
31043,MH-16692,O1-M2098
279399,MH-23186,O1-M2099
3873,MH-2530,O1-M2100
3874,MH-2531,O1-M2101
19802,MH-11770,O1-M2102
21586,MH-12685,O1-M2103
23003,MH-13346,O1-M2104
36408,MH-19159,O1-M2105
9893,MH-6263,O1-M2106
9894,MH-6264,O1-M2107
2281,MH-1485,O1-M2108
35512,MH-18810,O1-M2109
38466,MH-20024,O1-M2110
26302,MH-14719,O1-M2111
872,MH-553,O1-M2112
35414,MH-18769,O1-M2113
38185,MH-19914,O1-M2114
16960,MH-10233,O1-M2115
20060,MH-11907,O1-M2116
20059,MH-11906,O1-M2117
21737,MH-12756,O1-M2118
278968,MH-23055,O1-M2119
278965,MH-23054,O1-M2120
18157,MH-10885,O1-M2121
6972,MH-4520,O1-M2122
6971,MH-4519,O1-M2123
31714,MH-17008,O1-M2124
31713,MH-17007,O1-M2125
12297,MH-7679,O1-M2126
12296,MH-7678,O1-M2127
22305,MH-13025,O1-M2128
278979,MH-23058,O1-M2129
278981,MH-23059,O1-M2130
22013,MH-12889,O1-M2131
3804,MH-2485,O1-M2132
3803,MH-2484,O1-M2133
47349,MH-22104,O1-M2134
25325,MH-14345,O1-M2135
24148,MH-13855,O1-M2136
13547,MH-8372,O1-M2137
13412,MH-8290,O1-M2138
13411,MH-8289,O1-M2139
26585,MH-14810,O1-M2140
9968,MH-6308,O1-M2141
9967,MH-6307,O1-M2142
24035,MH-13805,O1-M2143
1342,MH-865,O1-M2144
36658,MH-19260,O1-M2145
20018,MH-11888,O1-M2146
32673,MH-17482,O1-M2147
8229,MH-5270,O1-M2148
8230,MH-5271,O1-M2149
15899,MH-9651,O1-M2150
15898,MH-9650,O1-M2151
24144,MH-13853,O1-M2152
13168,MH-8152,O1-M2153
13167,MH-8151,O1-M2154
21380,MH-12582,O1-M2155
30023,MH-16218,O1-M2156
47353,MH-22105,O1-M2157
14419,MH-8840,O1-M2158
14418,MH-8839,O1-M2159
25871,MH-14561,O1-M2160
24814,MH-14148,O1-M2161
12634,MH-7868,O1-M2162
12633,MH-7867,O1-M2163
750,MH-472,O1-M2164
14385,MH-8820,O1-M2165
22304,MH-13024,O1-M2166
9669,MH-6128,O1-M2167
9668,MH-6127,O1-M2168
39806,MH-20502,O1-M2169
40453,MH-20715,O1-M2170
34520,MH-18373,O1-M2171
34521,MH-18374,O1-M2172
38194,MH-19917,O1-M2173
278996,MH-23063,O1-M2174
278994,MH-23062,O1-M2175
36100,MH-19040,O1-M2176
26113,MH-14650,O1-M2177
4795,MH-3128,O1-M2178
4796,MH-3129,O1-M2179
10299,MH-6506,O1-M2180
10298,MH-6505,O1-M2181
5502,MH-3589,O1-M2182
5501,MH-3588,O1-M2183
31331,MH-16826,O1-M2184
31330,MH-16825,O1-M2185
278976,MH-23057,O1-M2186
20623,MH-12199,O1-M2187
8318,MH-5323,O1-M2188
13950,MH-8592,O1-M2189
20255,MH-12010,O1-M2190
25644,MH-14478,O1-M2191
25685,MH-14491,O1-M2192
21819,MH-12794,O1-M2193
6877,MH-4462,O1-M2194
25643,MH-14477,O1-M2195
15357,MH-9349,O1-M2196
6357,MH-4139,O1-M2197
6358,MH-4140,O1-M2198
8402,MH-5370,O1-M2199
42689,MH-21323,O1-M2200
38335,MH-19973,O1-M2201
35087,MH-18617,O1-M2202
13452,MH-8314,O1-M2203
13453,MH-8315,O1-M2204
13080,MH-8104,O1-M2205
13081,MH-8105,O1-M2206
13700,MH-8460,O1-M2207
13701,MH-8461,O1-M2208
13546,MH-8371,O1-M2209
25579,MH-14453,O1-M2210
9065,MH-5765,O1-M2211
36847,MH-19341,O1-M2212
39522,MH-20404,O1-M2213
13765,MH-8496,O1-M2214
32724,MH-17508,O1-M2215
40928,MH-20875,O1-M2216
12052,MH-7539,O1-M2217
20047,MH-11901,O1-M2218
27385,MH-15110,O1-M2219
1730,MH-1122,O1-M2220
279554,MH-23216,O1-M2221
279565,MH-16127-5,O1-M2222
279564,MH-16127-4,O1-M2223
279563,MH-16127-3,O1-M2224
279562,MH-16127-2,O1-M2225
279561,MH-16127-1,O1-M2226
29825,MH-16127,O1-M2227
23707,MH-13665,O1-M2228
23706,MH-13664,O1-M2229
28141,MH-15408,O1-M2230
29361,MH-15920,O1-M2231
20243,MH-12004,O1-M2232
32482,MH-17393,O1-M2233
14561,MH-8916,O1-M2234
14562,MH-8917,O1-M2235
47557,MH-22157,O1-M2236
28887,MH-15730,O1-M2237
28888,MH-15731,O1-M2238
14862,MH-9081,O1-M2239
3658,MH-2390,O1-M2240
3657,MH-2389,O1-M2241
27150,MH-15022,O1-M2242
279544,MH-23214,O1-M2243
27010,MH-14970,O1-M2244
277391,MH-22681,O1-M2245
277394,MH-22682,O1-M2246
5492,MH-3582,O1-M2247
5493,MH-3583,O1-M2248
3634,MH-2374,O1-M2249
9171,MH-5828,O1-M2250
20072,MH-11912,O1-M2251
277385,MH-22679,O1-M2252
1143,MH-733,O1-M2253
2859,MH-1867,O1-M2254
677,MH-424,O1-M2255
5887,MH-3840,O1-M2256
277379,MH-22677,O1-M2257
277382,MH-22678,O1-M2258
17768,MH-10673,O1-M2259
24895,MH-14180,O1-M2260
9185,MH-5837,O1-M2261
7970,MH-5115,O1-M2262
3173,MH-2072,O1-M2263
3172,MH-2071,O1-M2264
3387,MH-2212,O1-M2265
3386,MH-2211,O1-M2266
19892,MH-11818,O1-M2267
27254,MH-15059,O1-M2268
47691,MH-22188,O1-M2269
47688,MH-22187,O1-M2270
22983,MH-13338,O1-M2271
22982,MH-13337,O1-M2272
19731,MH-11729,O1-M2273
6841,MH-4440,O1-M2274
29826,MH-16128,O1-M2275
5546,MH-3617,O1-M2276
5547,MH-3618,O1-M2277
13141,MH-8138,O1-M2278
13142,MH-8139,O1-M2279
20242,MH-12003,O1-M2280
30296,MH-16347,O1-M2281
665,MH-416,O1-M2282
22969,MH-13332,O1-M2283
21165,MH-12476,O1-M2284
1025,MH-655,O1-M2285
17428,MH-10490,O1-M2286
12192,MH-7620,O1-M2287
24115,MH-13838,O1-M2288
18144,MH-10877,O1-M2289
21573,MH-12679,O1-M2290
23987,MH-13786,O1-M2291
27507,MH-15157,O1-M2292
22095,MH-12927,O1-M2293
13352,MH-8256,O1-M2294
13353,MH-8257,O1-M2295
6987,MH-4529,O1-M2296
22052,MH-12905,O1-M2297
25432,MH-14390,O1-M2298
9999,MH-6327,O1-M2299
9998,MH-6326,O1-M2300
15439,MH-9394,O1-M2301
19425,MH-11567,O1-M2302
19424,MH-11566,O1-M2303
34731,MH-18474,O1-M2304
13924,MH-8579,O1-M2305
39866,MH-20520,O1-M2306
30464,MH-16419,O1-M2307
30929,MH-16635,O1-M2308
22053,MH-12906,O1-M2309
25543,MH-14436,O1-M2310
25542,MH-14435,O1-M2311
29560,MH-16008,O1-M2312
15293,MH-9316,O1-M2313
13342,MH-8251,O1-M2314
29191,MH-15855,O1-M2315
27952,MH-15331,O1-M2316
10328,MH-6524,O1-M2317
4729,MH-3085,O1-M2318
35495,MH-18801,O1-M2319
5662,MH-3694,O1-M2320
5663,MH-3695,O1-M2321
6057,MH-3949,O1-M2322
20971,MH-12381,O1-M2323
16527,MH-9990,O1-M2324
16526,MH-9989,O1-M2325
6058,MH-3950,O1-M2326
14340,MH-8795,O1-M2327
10939,MH-6879,O1-M2328
9810,MH-6213,O1-M2329
9811,MH-6214,O1-M2330
47696,MH-22189,O1-M2331
12191,MH-7619,O1-M2332
28977,MH-15767,O1-M2333
21122,MH-12456,O1-M2334
4026,MH-2630,O1-M2335
4025,MH-2629,O1-M2336
19463,MH-11588,O1-M2337
19136,MH-11408,O1-M2338
19137,MH-11409,O1-M2339
23410,MH-13526,O1-M2340
15347,MH-9343,O1-M2341
15348,MH-9344,O1-M2342
10444,MH-6590,O1-M2343
10445,MH-6591,O1-M2344
22096,MH-12928,O1-M2345
4397,MH-2870,O1-M2346
35185,MH-18659,O1-M2347
20510,MH-12139,O1-M2348
18710,MH-11184,O1-M2349
8375,MH-5355,O1-M2350
10695,MH-6734,O1-M2351
18709,MH-11183,O1-M2352
12459,MH-7770,O1-M2353
12460,MH-7771,O1-M2354
10399,MH-6566,O1-M2355
10398,MH-6565,O1-M2356
24587,MH-14046,O1-M2357
34394,MH-18315,O1-M2358
277388,MH-22680,O1-M2359
9036,MH-5748,O1-M2360
17644,MH-10608,O1-M2361
12567,MH-7831,O1-M2362
11612,MH-7283,O1-M2363
7608,MH-4901,O1-M2364
15497,MH-9427,O1-M2365
9037,MH-5749,O1-M2366
8245,MH-5280,O1-M2367
8235,MH-5274,O1-M2368
8246,MH-5281,O1-M2369
7609,MH-4902,O1-M2370
19825,MH-11782,O1-M2371
27749,MH-15252,O1-M2372
32392,MH-17347,O1-M2373
5519,MH-3600,O1-M2374
10587,MH-6670,O1-M2375
11675,MH-7321,O1-M2376
9324,MH-5922,O1-M2377
9323,MH-5921,O1-M2378
11429,MH-7170,O1-M2379
23744,MH-13680,O1-M2380
24192,MH-13874,O1-M2381
24191,MH-13873,O1-M2382
18090,MH-10848,O1-M2383
17103,MH-10311,O1-M2384
12582,MH-7839,O1-M2385
12581,MH-7838,O1-M2386
14961,MH-9132,O1-M2387
14960,MH-9131,O1-M2388
19869,MH-11806,O1-M2389
34639,MH-18430,O1-M2390
37914,MH-19803,O1-M2391
19483,MH-11599,O1-M2392
19484,MH-11600,O1-M2393
27395,MH-15113,O1-M2394
13549,MH-8373,O1-M2395
9844,MH-6235,O1-M2396
9560,MH-6064,O1-M2397
9561,MH-6065,O1-M2398
12551,MH-7822,O1-M2399
7974,MH-5117,O1-M2400
14394,MH-8825,O1-M2401
24954,MH-14203,O1-M2402
42630,MH-21312,O1-M2403
7973,MH-5116,O1-M2404
14762,MH-9026,O1-M2405
16014,MH-9711,O1-M2406
17769,MH-10674,O1-M2407
32207,MH-17251,O1-M2408
16126,MH-9770,O1-M2409
16127,MH-9771,O1-M2410
29463,MH-15966,O1-M2411
22001,MH-12883,O1-M2412
17033,MH-10273,O1-M2413
5439,MH-3548,O1-M2414
18048,MH-10825,O1-M2415
29495,MH-15980,O1-M2416
2273,MH-1480,O1-M2417
2274,MH-1481,O1-M2418
25756,MH-14517,O1-M2419
279550,MH-23215,O1-M2420
5068,MH-3307,O1-M2421
16671,MH-10071,O1-M2422
27982,MH-15345,O1-M2423
15594,MH-9479,O1-M2424
8772,MH-5588,O1-M2425
8771,MH-5587,O1-M2426
25755,MH-14516,O1-M2427
28830,MH-15708,O1-M2428
27162,MH-15026,O1-M2429
22077,MH-12918,O1-M2430
22076,MH-12917,O1-M2431
27899,MH-15310,O1-M2432
27898,MH-15309,O1-M2433
28116,MH-15398,O1-M2434
26253,MH-14700,O1-M2435
26252,MH-14699,O1-M2436
30279,MH-16338,O1-M2437
27991,MH-15348,O1-M2438
27990,MH-15347,O1-M2439
35544,MH-18822,O1-M2440
9109,MH-5791,O1-M2441
3678,MH-2403,O1-M2442
20879,MH-12333,O1-M2443
19315,MH-11508,O1-M2444
30582,MH-16477,O1-M2445
27548,MH-15174,O1-M2446
20687,MH-12233,O1-M2447
20688,MH-12234,O1-M2448
29963,MH-16192,O1-M2449
18813,MH-11237,O1-M2450
8178,MH-5238,O1-M2451
7262,MH-4695,O1-M2452
7261,MH-4694,O1-M2453
30999,MH-16672,O1-M2454
12229,MH-7641,O1-M2455
11321,MH-7106,O1-M2456
4683,MH-3055,O1-M2457
4682,MH-3054,O1-M2458
24562,MH-14036,O1-M2459
11195,MH-7031,O1-M2460
15443,MH-9396,O1-M2461
13760,MH-8494,O1-M2462
13759,MH-8493,O1-M2463
279531,MH-23213,O1-M2464
279529,MH-23212,O1-M2465
5117,MH-3339,O1-M2466
5873,MH-3831,O1-M2467
6543,MH-4256,O1-M2468
30557,MH-16464,O1-M2469
16301,MH-9867,O1-M2470
16302,MH-9868,O1-M2471
28880,MH-15726,O1-M2472
3677,MH-2402,O1-M2473
24142,MH-13852,O1-M2474
36747,MH-19299,O1-M2475
19469,MH-11591,O1-M2476
17815,MH-10698,O1-M2477
17816,MH-10699,O1-M2478
14329,MH-8790,O1-M2479
18934,MH-11300,O1-M2480
15735,MH-9557,O1-M2481
13267,MH-8207,O1-M2482
12226,MH-7639,O1-M2483
9163,MH-5823,O1-M2484
12532,MH-7811,O1-M2485
12531,MH-7810,O1-M2486
11194,MH-7030,O1-M2487
21445,MH-12615,O1-M2488
11453,MH-7185,O1-M2489
5757,MH-3756,O1-M2490
5756,MH-3755,O1-M2491
38444,MH-20015,O1-M2492
39232,MH-20292,O1-M2493
18590,MH-11118,O1-M2494
18589,MH-11117,O1-M2495
11327,MH-7110,O1-M2496
11326,MH-7109,O1-M2497
31492,MH-16901,O1-M2498
32736,MH-17513,O1-M2499
32735,MH-17512,O1-M2500
32343,MH-17320,O1-M2501
32342,MH-17319,O1-M2502
5029,MH-3281,O1-M2503
9595,MH-6085,O1-M2504
38956,MH-20195,O1-M2505
6343,MH-4130,O1-M2506
6342,MH-4129,O1-M2507
32919,MH-17601,O1-M2508
29622,MH-16034,O1-M2509
29621,MH-16033,O1-M2510
19582,MH-11656,O1-M2511
22223,MH-12987,O1-M2512
32309,MH-17300,O1-M2513
31129,MH-16732,O1-M2514
31128,MH-16731,O1-M2515
5499,MH-3587,O1-M2516
5498,MH-3586,O1-M2517
35434,MH-18776,O1-M2518
35433,MH-18775,O1-M2519
39343,MH-20329,O1-M2520
768,MH-484,O1-M2521
20637,MH-12205,O1-M2522
4720,MH-3079,O1-M2523
4719,MH-3078,O1-M2524
10944,MH-6882,O1-M2525
10943,MH-6881,O1-M2526
32480,MH-17392,O1-M2527
25405,MH-14379,O1-M2528
18208,MH-10913,O1-M2529
21234,MH-12510,O1-M2530
195,MH-106,O1-M2531
480,MH-294,O1-M2532
20881,MH-12334,O1-M2533
15523,MH-9441,O1-M2534
5603,MH-3655,O1-M2535
11521,MH-7226,O1-M2536
11522,MH-7227,O1-M2537
2113,MH-1374,O1-M2538
2114,MH-1375,O1-M2539
32792,MH-17540,O1-M2540
16605,MH-10034,O1-M2541
22003,MH-12884,O1-M2542
9469,MH-6008,O1-M2543
5056,MH-3299,O1-M2544
10028,MH-6343,O1-M2545
10029,MH-6344,O1-M2546
13477,MH-8330,O1-M2547
13478,MH-8331,O1-M2548
13994,MH-8613,O1-M2549
15238,MH-9286,O1-M2550
18207,MH-10912,O1-M2551
4172,MH-2724,O1-M2552
5879,MH-3835,O1-M2553
12676,MH-7890,O1-M2554
12893,MH-8009,O1-M2555
28975,MH-15766,O1-M2556
18907,MH-11287,O1-M2557
19581,MH-11655,O1-M2558
13965,MH-8599,O1-M2559
13966,MH-8600,O1-M2560
32062,MH-17176,O1-M2561
2234,MH-1454,O1-M2562
2235,MH-1455,O1-M2563
9509,MH-6032,O1-M2564
12544,MH-7818,O1-M2565
34133,MH-18190,O1-M2566
34197,MH-18220,O1-M2567
34196,MH-18219,O1-M2568
1851,MH-1202,O1-M2569
15733,MH-9556,O1-M2570
6663,MH-4333,O1-M2571
6662,MH-4332,O1-M2572
15195,MH-9263,O1-M2573
10309,MH-6512,O1-M2574
10310,MH-6513,O1-M2575
3429,MH-2239,O1-M2576
3430,MH-2240,O1-M2577
277402,MH-22684,O1-M2578
29540,MH-16000,O1-M2579
30291,MH-16344,O1-M2580
32352,MH-17325,O1-M2581
6962,MH-4514,O1-M2582
1203,MH-773,O1-M2583
14747,MH-9017,O1-M2584
14746,MH-9016,O1-M2585
30151,MH-16279,O1-M2586
3560,MH-2325,O1-M2587
3559,MH-2324,O1-M2588
1299,MH-837,O1-M2589
18964,MH-11314,O1-M2590
31039,MH-16691,O1-M2591
31038,MH-16690,O1-M2592
33423,MH-17850,O1-M2593
33422,MH-17849,O1-M2594
18472,MH-11056,O1-M2595
18471,MH-11055,O1-M2596
1850,MH-1201,O1-M2597
31105,MH-16721,O1-M2598
31694,MH-17000,O1-M2599
28435,MH-15528,O1-M2600
8312,MH-5319,O1-M2601
8313,MH-5320,O1-M2602
11677,MH-7322,O1-M2603
7087,MH-4587,O1-M2604
7088,MH-4588,O1-M2605
27437,MH-15127,O1-M2606
17205,MH-10368,O1-M2607
17206,MH-10369,O1-M2608
18585,MH-11115,O1-M2609
12396,MH-7733,O1-M2610
12397,MH-7734,O1-M2611
7375,MH-4761,O1-M2612
7374,MH-4760,O1-M2613
18549,MH-11095,O1-M2614
6542,MH-4255,O1-M2615
4263,MH-2783,O1-M2616
19023,MH-11347,O1-M2617
28669,MH-15637,O1-M2618
21877,MH-12821,O1-M2619
30640,MH-16503,O1-M2620
23865,MH-13733,O1-M2621
29831,MH-16130,O1-M2622
17403,MH-10476,O1-M2623
17402,MH-10475,O1-M2624
47673,MH-22182,O1-M2625
19497,MH-11608,O1-M2626
5848,MH-3815,O1-M2627
5847,MH-3814,O1-M2628
26385,MH-14746,O1-M2629
34127,MH-18187,O1-M2630
32295,MH-17293,O1-M2631
32294,MH-17292,O1-M2632
14807,MH-9050,O1-M2633
11324,MH-7108,O1-M2634
11323,MH-7107,O1-M2635
9208,MH-5851,O1-M2636
9207,MH-5850,O1-M2637
11854,MH-7425,O1-M2638
11853,MH-7424,O1-M2639
14784,MH-9038,O1-M2640
279494,MH-23208,O1-M2641
21584,MH-12684,O1-M2642
20383,MH-12076,O1-M2643
20382,MH-12075,O1-M2644
14785,MH-9039,O1-M2645
19221,MH-11455,O1-M2646
27469,MH-15142,O1-M2647
5247,MH-3423,O1-M2648
5248,MH-3424,O1-M2649
20172,MH-11963,O1-M2650
3340,MH-2181,O1-M2651
3341,MH-2182,O1-M2652
27697,MH-15233,O1-M2653
28558,MH-15586,O1-M2654
30668,MH-16516,O1-M2655
6387,MH-4158,O1-M2656
6388,MH-4159,O1-M2657
1487,MH-962,O1-M2658
2913,MH-1902,O1-M2659
27095,MH-15003,O1-M2660
519,MH-320,O1-M2661
19797,MH-11768,O1-M2662
6750,MH-4386,O1-M2663
43932,MH-21539,O1-M2664
26658,MH-14836,O1-M2665
26657,MH-14835,O1-M2666
14144,MH-8690,O1-M2667
14143,MH-8689,O1-M2668
8221,MH-5265,O1-M2669
7639,MH-4919,O1-M2670
7640,MH-4920,O1-M2671
4438,MH-2897,O1-M2672
4439,MH-2898,O1-M2673
8306,MH-5316,O1-M2674
47634,MH-22177,O1-M2675
15397,MH-9369,O1-M2676
17348,MH-10447,O1-M2677
21739,MH-12757,O1-M2678
12477,MH-7780,O1-M2679
12478,MH-7781,O1-M2680
16245,MH-9837,O1-M2681
13503,MH-8346,O1-M2682
15362,MH-9351,O1-M2683
23679,MH-13650,O1-M2684
277405,MH-22685,O1-M2685
20549,MH-12160,O1-M2686
17971,MH-10785,O1-M2687
3467,MH-2264,O1-M2688
11353,MH-7126,O1-M2689
7677,MH-4943,O1-M2690
7676,MH-4942,O1-M2691
10413,MH-6573,O1-M2692
279242,O-21,O2
9067,MH-5766,O2-M1
9068,MH-5767,O2-M2
4246,MH-2772,O2-M3
6085,MH-3967,O2-M4
5927,MH-3866,O2-M5
5129,MH-3346,O2-M6
13942,MH-8587,O2-M7
7915,MH-5082,O2-M8
29264,MH-15884,O2-M9
6844,MH-4442,O2-M10
26399,MH-14751,O2-M11
5180,MH-3379,O2-M12
8699,MH-5542,O2-M13
8700,MH-5543,O2-M14
11416,MH-7162,O2-M15
11417,MH-7163,O2-M16
4890,MH-3190,O2-M17
4891,MH-3191,O2-M18
2673,MH-1744,O2-M19
2672,MH-1743,O2-M20
40809,MH-20836,O2-M21
40280,MH-20659,O2-M22
39973,MH-20555,O2-M23
59,MH-17,O2-M24
5688,MH-3711,O2-M25
40813,MH-20838,O2-M26
47830,MH-22237,O2-M27
2284,MH-1487,O2-M28
17270,MH-10404,O2-M29
17780,MH-10680,O2-M30
23303,MH-13482,O2-M31
17448,MH-10498,O2-M32
5467,MH-3566,O2-M33
11391,MH-7148,O2-M34
15067,MH-9191,O2-M35
9312,MH-5914,O2-M36
9311,MH-5913,O2-M37
16979,MH-10243,O2-M38
11774,MH-7378,O2-M39
11390,MH-7147,O2-M40
28826,MH-15707,O2-M41
18210,MH-10914,O2-M42
10894,MH-6851,O2-M43
10625,MH-6692,O2-M44
10381,MH-6555,O2-M45
9415,MH-5976,O2-M46
10454,MH-6596,O2-M47
9198,MH-5845,O2-M48
8549,MH-5454,O2-M49
8550,MH-5455,O2-M50
10758,MH-6770,O2-M51
7597,MH-4894,O2-M52
13599,MH-8401,O2-M53
13257,MH-8203,O2-M54
4616,MH-3011,O2-M55
4617,MH-3012,O2-M56
6431,MH-4185,O2-M57
6432,MH-4186,O2-M58
10342,MH-6532,O2-M59
10343,MH-6533,O2-M60
17029,MH-10271,O2-M61
9536,MH-6049,O2-M62
9537,MH-6050,O2-M63
4402,MH-2873,O2-M64
4403,MH-2874,O2-M65
6277,MH-4088,O2-M66
12181,MH-7614,O2-M67
6794,MH-4414,O2-M68
6793,MH-4413,O2-M69
7901,MH-5074,O2-M70
10043,MH-6353,O2-M71
8643,MH-5509,O2-M72
8642,MH-5508,O2-M73
8944,MH-5692,O2-M74
17015,MH-10264,O2-M75
5259,MH-3431,O2-M76
7887,MH-5066,O2-M77
8821,MH-5616,O2-M78
3857,MH-2520,O2-M79
3856,MH-2519,O2-M80
7903,MH-5075,O2-M81
2470,MH-1610,O2-M82
2471,MH-1611,O2-M83
7578,MH-4882,O2-M84
6766,MH-4396,O2-M85
4656,MH-3037,O2-M86
15702,MH-9537,O2-M87
9386,MH-5959,O2-M88
8292,MH-5307,O2-M89
8293,MH-5308,O2-M90
10473,MH-6607,O2-M91
13741,MH-8482,O2-M92
11733,MH-7354,O2-M93
11734,MH-7355,O2-M94
9112,MH-5793,O2-M95
9111,MH-5792,O2-M96
19661,MH-11693,O2-M97
25985,MH-14602,O2-M98
28622,MH-15618,O2-M99
16098,MH-9755,O2-M100
16097,MH-9754,O2-M101
32887,MH-17585,O2-M102
10476,MH-6609,O2-M103
10475,MH-6608,O2-M104
2162,MH-1407,O2-M105
12449,MH-7764,O2-M106
32322,MH-17308,O2-M107
32321,MH-17307,O2-M108
48477,MH-22458,O2-M109
32782,MH-17534,O2-M110
14750,MH-9019,O2-M111
14749,MH-9018,O2-M112
32942,MH-17609,O2-M113
2363,MH-1539,O2-M114
20952,MH-12372,O2-M115
48480,MH-22459,O2-M116
8345,MH-5339,O2-M117
17446,MH-10497,O2-M118
5789,MH-3776,O2-M119
2961,MH-1933,O2-M120
30864,MH-16604,O2-M121
277302,MH-22652,O2-M122
7769,MH-4997,O2-M123
8320,MH-5324,O2-M124
10835,MH-6815,O2-M125
8308,MH-5317,O2-M126
13009,MH-8067,O2-M127
6888,MH-4469,O2-M128
6887,MH-4468,O2-M129
13542,MH-8369,O2-M130
28268,MH-15459,O2-M131
43099,MH-21401,O2-M132
11481,MH-7201,O2-M133
11482,MH-7202,O2-M134
9897,MH-6266,O2-M135
16592,MH-10027,O2-M136
20602,MH-12189,O2-M137
20745,MH-12266,O2-M138
11272,MH-7077,O2-M139
11273,MH-7078,O2-M140
277329,MH-22661,O2-M141
277332,MH-22662,O2-M142
15148,MH-9237,O2-M143
15149,MH-9238,O2-M144
17750,MH-10664,O2-M145
17749,MH-10663,O2-M146
7768,MH-4996,O2-M147
31611,MH-16960,O2-M148
4834,MH-3154,O2-M149
4833,MH-3153,O2-M150
9514,MH-6035,O2-M151
21190,MH-12490,O2-M152
24078,MH-13824,O2-M153
15106,MH-9216,O2-M154
17262,MH-10400,O2-M155
28676,MH-15641,O2-M156
10206,MH-6452,O2-M157
33194,MH-17735,O2-M158
929,MH-591,O2-M159
2120,MH-1379,O2-M160
2119,MH-1378,O2-M161
33918,MH-18087,O2-M162
11243,MH-7061,O2-M163
5804,MH-3786,O2-M164
22444,MH-13081,O2-M165
25059,MH-14245,O2-M166
25060,MH-14246,O2-M167
7931,MH-5092,O2-M168
5803,MH-3785,O2-M169
14491,MH-8879,O2-M170
14508,MH-8888,O2-M171
14492,MH-8880,O2-M172
7121,MH-4608,O2-M173
7122,MH-4609,O2-M174
40946,MH-20881,O2-M175
10743,MH-6761,O2-M176
10744,MH-6762,O2-M177
7820,MH-5024,O2-M178
15511,MH-9434,O2-M179
9896,MH-6265,O2-M180
19783,MH-11761,O2-M181
7487,MH-4828,O2-M182
7488,MH-4829,O2-M183
17735,MH-10656,O2-M184
8476,MH-5412,O2-M185
8477,MH-5413,O2-M186
21058,MH-12424,O2-M187
14061,MH-8649,O2-M188
6950,MH-4506,O2-M189
6951,MH-4507,O2-M190
32444,MH-17373,O2-M191
48474,MH-22457,O2-M192
32445,MH-17374,O2-M193
3378,MH-2206,O2-M194
16192,MH-9807,O2-M195
11312,MH-7101,O2-M196
11313,MH-7102,O2-M197
5286,MH-3449,O2-M198
26872,MH-14916,O2-M199
26873,MH-14917,O2-M200
10304,MH-6509,O2-M201
10305,MH-6510,O2-M202
34213,MH-18229,O2-M203
5318,MH-3469,O2-M204
283,MH-163,O2-M205
18504,MH-11073,O2-M206
31195,MH-16765,O2-M207
32507,MH-17407,O2-M208
29859,MH-16140,O2-M209
5504,MH-3590,O2-M210
5505,MH-3591,O2-M211
7879,MH-5061,O2-M212
5233,MH-3414,O2-M213
18314,MH-10970,O2-M214
15792,MH-9591,O2-M215
15791,MH-9590,O2-M216
21909,MH-12837,O2-M217
16880,MH-10187,O2-M218
28675,MH-15640,O2-M219
13250,MH-8200,O2-M220
19532,MH-11627,O2-M221
4231,MH-2762,O2-M222
6361,MH-4142,O2-M223
6360,MH-4141,O2-M224
3892,MH-2543,O2-M225
6797,MH-4416,O2-M226
4012,MH-2621,O2-M227
1897,MH-1232,O2-M228
6300,MH-4103,O2-M229
9403,MH-5969,O2-M230
9402,MH-5968,O2-M231
12136,MH-7588,O2-M232
13873,MH-8555,O2-M233
10252,MH-6478,O2-M234
8333,MH-5331,O2-M235
8167,MH-5231,O2-M236
6197,MH-4038,O2-M237
6196,MH-4037,O2-M238
13469,MH-8325,O2-M239
13468,MH-8324,O2-M240
4405,MH-2875,O2-M241
8115,MH-5201,O2-M242
5636,MH-3677,O2-M243
5635,MH-3676,O2-M244
9141,MH-5811,O2-M245
6208,MH-4045,O2-M246
6209,MH-4046,O2-M247
4311,MH-2814,O2-M248
722,MH-454,O2-M249
721,MH-453,O2-M250
13819,MH-8525,O2-M251
4310,MH-2813,O2-M252
13818,MH-8524,O2-M253
15050,MH-9182,O2-M254
16191,MH-9806,O2-M255
4586,MH-2994,O2-M256
16401,MH-9922,O2-M257
47444,MH-22134,O2-M258
5285,MH-3448,O2-M259
38075,MH-19867,O2-M260
21609,MH-12698,O2-M261
4062,MH-2653,O2-M262
4063,MH-2654,O2-M263
19320,MH-11510,O2-M264
10772,MH-6778,O2-M265
10773,MH-6779,O2-M266
15271,MH-9302,O2-M267
13097,MH-8113,O2-M268
277299,MH-22651,O2-M269
13948,MH-8591,O2-M270
13947,MH-8590,O2-M271
16111,MH-9762,O2-M272
277308,MH-22654,O2-M273
9231,MH-5865,O2-M274
9230,MH-5864,O2-M275
6434,MH-4187,O2-M276
144,MH-72,O2-M277
277314,MH-22656,O2-M278
277317,MH-22657,O2-M279
20002,MH-11879,O2-M280
277311,MH-22655,O2-M281
15392,MH-9366,O2-M282
277320,MH-22658,O2-M283
277323,MH-22659,O2-M284
9443,MH-5993,O2-M285
15360,MH-9350,O2-M286
31724,MH-17013,O2-M287
11301,MH-7095,O2-M288
22029,MH-12895,O2-M289
9333,MH-5927,O2-M290
9332,MH-5926,O2-M291
12854,MH-7989,O2-M292
8093,MH-5188,O2-M293
8092,MH-5187,O2-M294
47435,MH-22131,O2-M295
2910,MH-1900,O2-M296
5611,MH-3660,O2-M297
5612,MH-3661,O2-M298
23606,MH-13617,O2-M299
6930,MH-4494,O2-M300
6929,MH-4493,O2-M301
8547,MH-5453,O2-M302
14899,MH-9100,O2-M303
8812,MH-5611,O2-M304
8811,MH-5610,O2-M305
7355,MH-4749,O2-M306
7354,MH-4748,O2-M307
7979,MH-5120,O2-M308
2911,MH-1901,O2-M309
7349,MH-4746,O2-M310
18228,MH-10923,O2-M311
13512,MH-8351,O2-M312
13842,MH-8538,O2-M313
14900,MH-9101,O2-M314
10889,MH-6848,O2-M315
11944,MH-7476,O2-M316
5232,MH-3413,O2-M317
5190,MH-3386,O2-M318
5189,MH-3385,O2-M319
30182,MH-16292,O2-M320
9444,MH-5994,O2-M321
1586,MH-1027,O2-M322
17055,MH-10285,O2-M323
16879,MH-10186,O2-M324
9565,MH-6067,O2-M325
9566,MH-6068,O2-M326
15850,MH-9623,O2-M327
1585,MH-1026,O2-M328
9910,MH-6273,O2-M329
17925,MH-10762,O2-M330
3436,MH-2244,O2-M331
3435,MH-2243,O2-M332
14057,MH-8647,O2-M333
1370,MH-884,O2-M334
20562,MH-12167,O2-M335
15806,MH-9598,O2-M336
22530,MH-13122,O2-M337
47379,MH-22112,O2-M338
17583,MH-10574,O2-M339
27625,MH-15205,O2-M340
31947,MH-17120,O2-M341
13727,MH-8475,O2-M342
13728,MH-8476,O2-M343
1679,MH-1088,O2-M344
28832,MH-15709,O2-M345
13249,MH-8199,O2-M346
32927,MH-17604,O2-M347
15722,MH-9549,O2-M348
13553,MH-8376,O2-M349
13772,MH-8500,O2-M350
14383,MH-8819,O2-M351
14382,MH-8818,O2-M352
31326,MH-16824,O2-M353
698,MH-438,O2-M354
12201,MH-7626,O2-M355
12200,MH-7625,O2-M356
12960,MH-8042,O2-M357
1054,MH-674,O2-M358
29857,MH-16139,O2-M359
6077,MH-3962,O2-M360
277326,MH-22660,O2-M361
6076,MH-3961,O2-M362
24364,MH-13949,O2-M363
25874,MH-14562,O2-M364
8751,MH-5574,O2-M365
26453,MH-14768,O2-M366
32638,MH-17467,O2-M367
15721,MH-9548,O2-M368
13570,MH-8386,O2-M369
13569,MH-8385,O2-M370
30382,MH-16381,O2-M371
7708,MH-4961,O2-M372
6408,MH-4170,O2-M373
8959,MH-5700,O2-M374
6619,MH-4305,O2-M375
8421,MH-5381,O2-M376
8060,MH-5167,O2-M377
8447,MH-5395,O2-M378
10452,MH-6595,O2-M379
12949,MH-8036,O2-M380
7590,MH-4890,O2-M381
7589,MH-4889,O2-M382
14185,MH-8714,O2-M383
16466,MH-9957,O2-M384
5559,MH-3626,O2-M385
5721,MH-3732,O2-M386
5722,MH-3733,O2-M387
9621,MH-6099,O2-M388
8162,MH-5229,O2-M389
13199,MH-8170,O2-M390
13198,MH-8169,O2-M391
8039,MH-5154,O2-M392
8040,MH-5155,O2-M393
9223,MH-5860,O2-M394
10787,MH-6787,O2-M395
10788,MH-6788,O2-M396
11407,MH-7157,O2-M397
24365,MH-13950,O2-M398
8750,MH-5573,O2-M399
279234,MH-23145,O2-M400
279232,MH-23144,O2-M401
279230,MH-23143,O2-M402
279228,MH-23142,O2-M403
279224,MH-23140,O2-M404
279195,MH-23128,O2-M405
279221,MH-23139,O2-M406
279219,MH-23138,O2-M407
4055,MH-2649,O2-M408
4054,MH-2648,O2-M409
820,MH-519,O2-M410
11724,MH-7349,O2-M411
11723,MH-7348,O2-M412
279217,MH-23137,O2-M413
279215,MH-23136,O2-M414
13121,MH-8126,O2-M415
12885,MH-8005,O2-M416
20714,MH-12249,O2-M417
4230,MH-2761,O2-M418
13552,MH-8375,O2-M419
21720,MH-12749,O2-M420
47432,MH-22130,O2-M421
3891,MH-2542,O2-M422
33199,MH-17737,O2-M423
47429,MH-22129,O2-M424
6796,MH-4415,O2-M425
32450,MH-17377,O2-M426
6409,MH-4171,O2-M427
4011,MH-2620,O2-M428
31910,MH-17106,O2-M429
6687,MH-4347,O2-M430
6686,MH-4346,O2-M431
6618,MH-4304,O2-M432
1896,MH-1231,O2-M433
31958,MH-17126,O2-M434
7669,MH-4938,O2-M435
6553,MH-4262,O2-M436
7933,MH-5093,O2-M437
6299,MH-4102,O2-M438
7826,MH-5028,O2-M439
7825,MH-5027,O2-M440
34310,MH-18273,O2-M441
18865,MH-11264,O2-M442
20851,MH-12319,O2-M443
15040,MH-9176,O2-M444
14398,MH-8827,O2-M445
14459,MH-8862,O2-M446
28922,MH-15747,O2-M447
6166,MH-4018,O2-M448
5645,MH-3683,O2-M449
5644,MH-3682,O2-M450
47426,MH-22128,O2-M451
47423,MH-22127,O2-M452
21094,MH-12442,O2-M453
6165,MH-4017,O2-M454
47420,MH-22126,O2-M455
6586,MH-4284,O2-M456
6585,MH-4283,O2-M457
16313,MH-9874,O2-M458
13872,MH-8554,O2-M459
10253,MH-6479,O2-M460
8334,MH-5332,O2-M461
6315,MH-4112,O2-M462
6316,MH-4113,O2-M463
6915,MH-4486,O2-M464
11230,MH-7053,O2-M465
5130,MH-3347,O2-M466
7414,MH-4785,O2-M467
14213,MH-8728,O2-M468
9142,MH-5812,O2-M469
10846,MH-6822,O2-M470
12951,MH-8037,O2-M471
12952,MH-8038,O2-M472
20286,MH-12024,O2-M473
47586,MH-22162,O2-M474
489,MH-300,O2-M475
20245,MH-12005,O2-M476
22675,MH-13192,O2-M477
10488,MH-6615,O2-M478
10487,MH-6614,O2-M479
16572,MH-10016,O2-M480
16571,MH-10015,O2-M481
13321,MH-8238,O2-M482
3889,MH-2541,O2-M483
13896,MH-8564,O2-M484
10340,MH-6531,O2-M485
10339,MH-6530,O2-M486
20969,MH-12380,O2-M487
41356,MH-20998,O2-M488
27582,MH-15189,O2-M489
10845,MH-6821,O2-M490
823,MH-521,O2-M491
10797,MH-6793,O2-M492
15617,MH-9490,O2-M493
15618,MH-9491,O2-M494
15740,MH-9560,O2-M495
8483,MH-5416,O2-M496
25610,MH-14466,O2-M497
3346,MH-2185,O2-M498
8426,MH-5384,O2-M499
19985,MH-11870,O2-M500
18717,MH-11188,O2-M501
13108,MH-8119,O2-M502
47441,MH-22133,O2-M503
85,MH-34,O2-M504
95,MH-40,O2-M505
6616,MH-4303,O2-M506
6615,MH-4302,O2-M507
10631,MH-6696,O2-M508
16484,MH-9966,O2-M509
3347,MH-2186,O2-M510
3424,MH-2236,O2-M511
1227,MH-789,O2-M512
32862,MH-17572,O2-M513
11285,MH-7085,O2-M514
11284,MH-7084,O2-M515
30800,MH-16572,O2-M516
31756,MH-17029,O2-M517
10760,MH-6771,O2-M518
10761,MH-6772,O2-M519
38648,MH-20094,O2-M520
5813,MH-3792,O2-M521
47598,MH-22166,O2-M522
47596,MH-22165,O2-M523
47594,MH-22164,O2-M524
47591,MH-22163,O2-M525
17309,MH-10426,O2-M526
276890,MH-22614,O2-M527
6845,MH-4443,O2-M528
276893,MH-22615,O2-M529
5181,MH-3380,O2-M530
20594,MH-12184,O2-M531
276876,MH-22610,O2-M532
20595,MH-12185,O2-M533
3898,MH-2546,O2-M534
1728,MH-1121,O2-M535
11052,MH-6947,O2-M536
11051,MH-6946,O2-M537
12822,MH-7972,O2-M538
12823,MH-7973,O2-M539
18071,MH-10838,O2-M540
10908,MH-6860,O2-M541
4517,MH-2949,O2-M542
4516,MH-2948,O2-M543
39469,MH-20383,O2-M544
18057,MH-10830,O2-M545
18058,MH-10831,O2-M546
276885,MH-22613,O2-M547
13056,MH-8092,O2-M548
3899,MH-2547,O2-M549
8389,MH-5364,O2-M550
8390,MH-5365,O2-M551
1727,MH-1120,O2-M552
8520,MH-5438,O2-M553
24160,MH-13860,O2-M554
7194,MH-4655,O2-M555
42248,MH-21226,O2-M556
29624,MH-16035,O2-M557
27908,MH-15313,O2-M558
276879,MH-22611,O2-M559
23032,MH-13360,O2-M560
276882,MH-22612,O2-M561
23033,MH-13361,O2-M562
26598,MH-14816,O2-M563
1438,MH-929,O2-M564
1439,MH-930,O2-M565
14919,MH-9110,O2-M566
4768,MH-3110,O2-M567
27608,MH-15199,O2-M568
21203,MH-12496,O2-M569
18497,MH-11069,O2-M570
18498,MH-11070,O2-M571
44745,MH-21650,O2-M572
3939,MH-2573,O2-M573
18609,MH-11128,O2-M574
14920,MH-9111,O2-M575
47369,MH-22108,O2-M576
5812,MH-3791,O2-M577
36314,MH-19124,O2-M578
17310,MH-10427,O2-M579
29088,MH-15809,O2-M580
35925,MH-18974,O2-M581
17244,MH-10391,O2-M582
17243,MH-10390,O2-M583
33491,MH-17879,O2-M584
29178,MH-15849,O2-M585
4769,MH-3111,O2-M586
9871,MH-6250,O2-M587
17326,MH-10435,O2-M588
17325,MH-10434,O2-M589
30165,MH-16285,O2-M590
22193,MH-12975,O2-M591
12662,MH-7883,O2-M592
17125,MH-10323,O2-M593
31830,MH-17067,O2-M594
22574,MH-13145,O2-M595
13628,MH-8419,O2-M596
24130,MH-13845,O2-M597
12134,MH-7587,O2-M598
10741,MH-6760,O2-M599
5348,MH-3488,O2-M600
17171,MH-10348,O2-M601
10142,MH-6414,O2-M602
10141,MH-6413,O2-M603
15942,MH-9673,O2-M604
15941,MH-9672,O2-M605
293,MH-170,O2-M606
36220,MH-19088,O2-M607
20975,MH-12383,O2-M608
20976,MH-12384,O2-M609
2176,MH-1416,O2-M610
2177,MH-1417,O2-M611
16009,MH-9708,O2-M612
24852,MH-14162,O2-M613
21821,MH-12795,O2-M614
23972,MH-13780,O2-M615
2706,MH-1766,O2-M616
9456,MH-6000,O2-M617
34280,MH-18260,O2-M618
4781,MH-3119,O2-M619
13898,MH-8565,O2-M620
14977,MH-9142,O2-M621
14976,MH-9141,O2-M622
11736,MH-7356,O2-M623
17870,MH-10730,O2-M624
12347,MH-7706,O2-M625
12346,MH-7705,O2-M626
13991,MH-8612,O2-M627
203379,MH-22572,O2-M628
28655,MH-15632,O2-M629
13718,MH-8470,O2-M630
13719,MH-8471,O2-M631
1568,MH-1015,O2-M632
7299,MH-4717,O2-M633
27058,MH-14987,O2-M634
7347,MH-4745,O2-M635
7346,MH-4744,O2-M636
15368,MH-9354,O2-M637
8629,MH-5500,O2-M638
8630,MH-5501,O2-M639
9983,MH-6317,O2-M640
125928,MH-22514,O2-M641
8002,MH-5133,O2-M642
13933,MH-8584,O2-M643
17008,MH-10260,O2-M644
6080,MH-3964,O2-M645
7688,MH-4949,O2-M646
1233,MH-793,O2-M647
1232,MH-792,O2-M648
28545,MH-15580,O2-M649
28544,MH-15579,O2-M650
23875,MH-13738,O2-M651
28776,MH-15685,O2-M652
10662,MH-6715,O2-M653
10663,MH-6716,O2-M654
17850,MH-10718,O2-M655
26226,MH-14690,O2-M656
14264,MH-8756,O2-M657
28607,MH-15610,O2-M658
27239,MH-15054,O2-M659
12133,MH-7586,O2-M660
41478,MH-21035,O2-M661
12114,MH-7574,O2-M662
10740,MH-6759,O2-M663
43945,MH-21541,O2-M664
5347,MH-3487,O2-M665
42576,MH-21298,O2-M666
19704,MH-11715,O2-M667
12791,MH-7954,O2-M668
12792,MH-7955,O2-M669
33464,MH-17868,O2-M670
32569,MH-17433,O2-M671
32570,MH-17434,O2-M672
10954,MH-6888,O2-M673
3265,MH-2132,O2-M674
32938,MH-17607,O2-M675
32939,MH-17608,O2-M676
32889,MH-17586,O2-M677
32890,MH-17587,O2-M678
16409,MH-9927,O2-M679
4780,MH-3118,O2-M680
33992,MH-18122,O2-M681
26923,MH-14938,O2-M682
7210,MH-4665,O2-M683
14545,MH-8906,O2-M684
5961,MH-3887,O2-M685
5960,MH-3886,O2-M686
30755,MH-16553,O2-M687
4060,MH-2652,O2-M688
4902,MH-3198,O2-M689
37971,MH-19828,O2-M690
37970,MH-19827,O2-M691
37819,MH-19763,O2-M692
6679,MH-4343,O2-M693
6678,MH-4342,O2-M694
47669,MH-22181,O2-M695
26540,MH-14793,O2-M696
3264,MH-2131,O2-M697
5305,MH-3461,O2-M698
5304,MH-3460,O2-M699
277430,MH-22688,O2-M700
277427,MH-22687,O2-M701
5523,MH-3603,O2-M702
5522,MH-3602,O2-M703
8404,MH-5371,O2-M704
6937,MH-4498,O2-M705
1385,MH-894,O2-M706
12909,MH-8015,O2-M707
6864,MH-4455,O2-M708
6865,MH-4456,O2-M709
6814,MH-4426,O2-M710
6813,MH-4425,O2-M711
3531,MH-2306,O2-M712
3530,MH-2305,O2-M713
6907,MH-4481,O2-M714
6597,MH-4291,O2-M715
126061,MH-22558,O2-M716
8419,MH-5380,O2-M717
7472,MH-4820,O2-M718
6882,MH-4465,O2-M719
7724,MH-4970,O2-M720
11885,MH-7443,O2-M721
8496,MH-5423,O2-M722
8495,MH-5422,O2-M723
10048,MH-6356,O2-M724
9276,MH-5893,O2-M725
13639,MH-8426,O2-M726
6437,MH-4189,O2-M727
6436,MH-4188,O2-M728
7237,MH-4681,O2-M729
6420,MH-4178,O2-M730
8405,MH-5372,O2-M731
6936,MH-4497,O2-M732
9397,MH-5966,O2-M733
6462,MH-4204,O2-M734
6463,MH-4205,O2-M735
5070,MH-3308,O2-M736
5071,MH-3309,O2-M737
6992,MH-4532,O2-M738
7014,MH-4544,O2-M739
6510,MH-4235,O2-M740
5930,MH-3868,O2-M741
7433,MH-4796,O2-M742
6703,MH-4357,O2-M743
5076,MH-3312,O2-M744
6811,MH-4424,O2-M745
7186,MH-4650,O2-M746
4192,MH-2737,O2-M747
4193,MH-2738,O2-M748
6932,MH-4495,O2-M749
5850,MH-3816,O2-M750
5851,MH-3817,O2-M751
7278,MH-4705,O2-M752
8456,MH-5400,O2-M753
4077,MH-2662,O2-M754
4078,MH-2663,O2-M755
7534,MH-4856,O2-M756
7533,MH-4855,O2-M757
8740,MH-5567,O2-M758
8739,MH-5566,O2-M759
5982,MH-3900,O2-M760
2814,MH-1837,O2-M761
2813,MH-1836,O2-M762
10180,MH-6437,O2-M763
5159,MH-3366,O2-M764
5158,MH-3365,O2-M765
12668,MH-7886,O2-M766
3608,MH-2357,O2-M767
6595,MH-4290,O2-M768
6594,MH-4289,O2-M769
7096,MH-4593,O2-M770
22388,MH-13057,O2-M771
6509,MH-4234,O2-M772
756,MH-476,O2-M773
6809,MH-4423,O2-M774
12080,MH-7556,O2-M775
126058,MH-22557,O2-M776
5929,MH-3867,O2-M777
7546,MH-4862,O2-M778
757,MH-477,O2-M779
7219,MH-4670,O2-M780
5854,MH-3819,O2-M781
5853,MH-3818,O2-M782
8145,MH-5219,O2-M783
9046,MH-5754,O2-M784
7490,MH-4830,O2-M785
6833,MH-4436,O2-M786
5748,MH-3750,O2-M787
5747,MH-3749,O2-M788
7085,MH-4586,O2-M789
14270,MH-8758,O2-M790
6035,MH-3935,O2-M791
6034,MH-3934,O2-M792
6158,MH-4014,O2-M793
7240,MH-4682,O2-M794
5077,MH-3313,O2-M795
8169,MH-5232,O2-M796
8045,MH-5158,O2-M797
7277,MH-4704,O2-M798
9525,MH-6042,O2-M799
4628,MH-3019,O2-M800
5773,MH-3766,O2-M801
5772,MH-3765,O2-M802
6188,MH-4032,O2-M803
6144,MH-4005,O2-M804
7812,MH-5019,O2-M805
7811,MH-5018,O2-M806
6280,MH-4090,O2-M807
6279,MH-4089,O2-M808
7846,MH-5041,O2-M809
7845,MH-5040,O2-M810
12275,MH-7667,O2-M811
10567,MH-6659,O2-M812
126051,MH-22554,O2-M813
12274,MH-7666,O2-M814
126044,MH-22552,O2-M815
7149,MH-4626,O2-M816
14314,MH-8782,O2-M817
2705,MH-1765,O2-M818
30714,MH-16534,O2-M819
126047,MH-22553,O2-M820
5170,MH-3373,O2-M821
5169,MH-3372,O2-M822
15487,MH-9421,O2-M823
5215,MH-3402,O2-M824
3607,MH-2356,O2-M825
5102,MH-3329,O2-M826
5103,MH-3330,O2-M827
6414,MH-4174,O2-M828
6974,MH-4521,O2-M829
6369,MH-4147,O2-M830
6368,MH-4146,O2-M831
7098,MH-4594,O2-M832
8840,MH-5628,O2-M833
6471,MH-4210,O2-M834
6588,MH-4285,O2-M835
6516,MH-4238,O2-M836
4535,MH-2961,O2-M837
4534,MH-2960,O2-M838
9754,MH-6180,O2-M839
12990,MH-8057,O2-M840
8860,MH-5640,O2-M841
17436,MH-10494,O2-M842
946,MH-602,O2-M843
34129,MH-18188,O2-M844
34514,MH-18371,O2-M845
25893,MH-14570,O2-M846
20135,MH-11943,O2-M847
10998,MH-6914,O2-M848
10997,MH-6913,O2-M849
15509,MH-9433,O2-M850
14994,MH-9149,O2-M851
27972,MH-15340,O2-M852
888,MH-564,O2-M853
29828,MH-16129,O2-M854
8824,MH-5618,O2-M855
8823,MH-5617,O2-M856
12593,MH-7845,O2-M857
11228,MH-7052,O2-M858
11227,MH-7051,O2-M859
17090,MH-10304,O2-M860
887,MH-563,O2-M861
14683,MH-8983,O2-M862
31366,MH-16845,O2-M863
277294,MH-22650,O2-M864
30002,MH-16207,O2-M865
16029,MH-9719,O2-M866
13608,MH-8406,O2-M867
13607,MH-8405,O2-M868
277291,MH-22649,O2-M869
2258,MH-1470,O2-M870
125910,MH-22508,O2-M871
7298,MH-4716,O2-M872
9608,MH-6092,O2-M873
11861,MH-7428,O2-M874
11860,MH-7427,O2-M875
15588,MH-9476,O2-M876
12589,MH-7843,O2-M877
13448,MH-8312,O2-M878
18880,MH-11272,O2-M879
12877,MH-8001,O2-M880
19972,MH-11862,O2-M881
23150,MH-13416,O2-M882
23149,MH-13415,O2-M883
21329,MH-12557,O2-M884
12742,MH-7926,O2-M885
2856,MH-1865,O2-M886
2855,MH-1864,O2-M887
10390,MH-6560,O2-M888
11012,MH-6923,O2-M889
12590,MH-7844,O2-M890
14688,MH-8986,O2-M891
14472,MH-8868,O2-M892
15838,MH-9616,O2-M893
11758,MH-7369,O2-M894
1746,MH-1133,O2-M895
125916,MH-22510,O2-M896
24719,MH-14108,O2-M897
8008,MH-5136,O2-M898
8007,MH-5135,O2-M899
8512,MH-5433,O2-M900
7976,MH-5118,O2-M901
8154,MH-5225,O2-M902
7651,MH-4927,O2-M903
7977,MH-5119,O2-M904
8153,MH-5224,O2-M905
125931,MH-22515,O2-M906
10689,MH-6731,O2-M907
11041,MH-6940,O2-M908
8501,MH-5426,O2-M909
7652,MH-4928,O2-M910
7642,MH-4921,O2-M911
6079,MH-3963,O2-M912
17071,MH-10294,O2-M913
6959,MH-4512,O2-M914
16594,MH-10028,O2-M915
31898,MH-17099,O2-M916
33073,MH-17675,O2-M917
17851,MH-10719,O2-M918
19790,MH-11765,O2-M919
12115,MH-7575,O2-M920
18876,MH-11270,O2-M921
42273,MH-21231,O2-M922
5825,MH-3800,O2-M923
5824,MH-3799,O2-M924
11954,MH-7482,O2-M925
24659,MH-14081,O2-M926
24658,MH-14080,O2-M927
13247,MH-8198,O2-M928
13246,MH-8197,O2-M929
31179,MH-16756,O2-M930
31178,MH-16755,O2-M931
18308,MH-10967,O2-M932
4837,MH-3156,O2-M933
10992,MH-6910,O2-M934
7706,MH-4960,O2-M935
8005,MH-5134,O2-M936
5567,MH-3631,O2-M937
5568,MH-3632,O2-M938
7474,MH-4821,O2-M939
7475,MH-4822,O2-M940
27630,MH-15207,O2-M941
3508,MH-2291,O2-M942
3509,MH-2292,O2-M943
6385,MH-4157,O2-M944
8037,MH-5153,O2-M945
19651,MH-11689,O2-M946
12339,MH-7702,O2-M947
7280,MH-4706,O2-M948
7281,MH-4707,O2-M949
8170,MH-5233,O2-M950
8640,MH-5507,O2-M951
7801,MH-5013,O2-M952
7935,MH-5094,O2-M953
8733,MH-5563,O2-M954
10123,MH-6402,O2-M955
7058,MH-4570,O2-M956
5914,MH-3858,O2-M957
5913,MH-3857,O2-M958
7661,MH-4933,O2-M959
14506,MH-8887,O2-M960
16179,MH-9799,O2-M961
16178,MH-9798,O2-M962
11909,MH-7456,O2-M963
6178,MH-4026,O2-M964
6177,MH-4025,O2-M965
6967,MH-4517,O2-M966
8272,MH-5296,O2-M967
10013,MH-6335,O2-M968
17106,MH-10313,O2-M969
17105,MH-10312,O2-M970
21205,MH-12497,O2-M971
126026,MH-22546,O2-M972
28590,MH-15602,O2-M973
34054,MH-18150,O2-M974
9329,MH-5924,O2-M975
8650,MH-5513,O2-M976
3527,MH-2303,O2-M977
3528,MH-2304,O2-M978
8323,MH-5326,O2-M979
4240,MH-2768,O2-M980
33966,MH-18110,O2-M981
16498,MH-9972,O2-M982
31125,MH-16730,O2-M983
4239,MH-2767,O2-M984
3568,MH-2330,O2-M985
4836,MH-3155,O2-M986
21646,MH-12716,O2-M987
2226,MH-1449,O2-M988
3320,MH-2168,O2-M989
7910,MH-5079,O2-M990
26128,MH-14657,O2-M991
8216,MH-5262,O2-M992
27203,MH-15041,O2-M993
8217,MH-5263,O2-M994
27560,MH-15181,O2-M995
1792,MH-1163,O2-M996
1793,MH-1164,O2-M997
5333,MH-3478,O2-M998
5332,MH-3477,O2-M999
10793,MH-6791,O2-M1000
3637,MH-2376,O2-M1001
3636,MH-2375,O2-M1002
6415,MH-4175,O2-M1003
6472,MH-4211,O2-M1004
6589,MH-4286,O2-M1005
6517,MH-4239,O2-M1006
6512,MH-4236,O2-M1007
9952,MH-6298,O2-M1008
7215,MH-4668,O2-M1009
7214,MH-4667,O2-M1010
126038,MH-22550,O2-M1011
126041,MH-22551,O2-M1012
126035,MH-22549,O2-M1013
126032,MH-22548,O2-M1014
126029,MH-22547,O2-M1015
10015,MH-6336,O2-M1016
19584,MH-11657,O2-M1017
10979,MH-6902,O2-M1018
17370,MH-10460,O2-M1019
20035,MH-11896,O2-M1020
18927,MH-11297,O2-M1021
18926,MH-11296,O2-M1022
39076,MH-20238,O2-M1023
10980,MH-6903,O2-M1024
20154,MH-11953,O2-M1025
18125,MH-10868,O2-M1026
5466,MH-3565,O2-M1027
30149,MH-16278,O2-M1028
7870,MH-5055,O2-M1029
7871,MH-5056,O2-M1030
11349,MH-7124,O2-M1031
15117,MH-9221,O2-M1032
5053,MH-3297,O2-M1033
5052,MH-3296,O2-M1034
11518,MH-7224,O2-M1035
11519,MH-7225,O2-M1036
3014,MH-1968,O2-M1037
3015,MH-1969,O2-M1038
31540,MH-16923,O2-M1039
31541,MH-16924,O2-M1040
2116,MH-1376,O2-M1041
3083,MH-2013,O2-M1042
3082,MH-2012,O2-M1043
34094,MH-18171,O2-M1044
11705,MH-7338,O2-M1045
21473,MH-12627,O2-M1046
9330,MH-5925,O2-M1047
7053,MH-4567,O2-M1048
8883,MH-5655,O2-M1049
10911,MH-6862,O2-M1050
10910,MH-6861,O2-M1051
9597,MH-6086,O2-M1052
7612,MH-4904,O2-M1053
7611,MH-4903,O2-M1054
17457,MH-10502,O2-M1055
18083,MH-10844,O2-M1056
7899,MH-5073,O2-M1057
7898,MH-5072,O2-M1058
7470,MH-4819,O2-M1059
10529,MH-6639,O2-M1060
8043,MH-5157,O2-M1061
8042,MH-5156,O2-M1062
14660,MH-8971,O2-M1063
12071,MH-7550,O2-M1064
12072,MH-7551,O2-M1065
7052,MH-4566,O2-M1066
8353,MH-5344,O2-M1067
8354,MH-5345,O2-M1068
11056,MH-6949,O2-M1069
6565,MH-4270,O2-M1070
6564,MH-4269,O2-M1071
11797,MH-7392,O2-M1072
126017,MH-22543,O2-M1073
2882,MH-1882,O2-M1074
11818,MH-7403,O2-M1075
3445,MH-2250,O2-M1076
3444,MH-2249,O2-M1077
126011,MH-22541,O2-M1078
11197,MH-7032,O2-M1079
6872,MH-4460,O2-M1080
6873,MH-4461,O2-M1081
12441,MH-7759,O2-M1082
11351,MH-7125,O2-M1083
1740,MH-1129,O2-M1084
1739,MH-1128,O2-M1085
10994,MH-6911,O2-M1086
7305,MH-4721,O2-M1087
7304,MH-4720,O2-M1088
9803,MH-6209,O2-M1089
9281,MH-5896,O2-M1090
13402,MH-8284,O2-M1091
9962,MH-6304,O2-M1092
9577,MH-6075,O2-M1093
10995,MH-6912,O2-M1094
3215,MH-2099,O2-M1095
3216,MH-2100,O2-M1096
2881,MH-1881,O2-M1097
4605,MH-3005,O2-M1098
4138,MH-2702,O2-M1099
3009,MH-1965,O2-M1100
3008,MH-1964,O2-M1101
3625,MH-2368,O2-M1102
3934,MH-2570,O2-M1103
3933,MH-2569,O2-M1104
13763,MH-8495,O2-M1105
9961,MH-6303,O2-M1106
6417,MH-4176,O2-M1107
6418,MH-4177,O2-M1108
6632,MH-4312,O2-M1109
6633,MH-4313,O2-M1110
6969,MH-4518,O2-M1111
7735,MH-4976,O2-M1112
4985,MH-3252,O2-M1113
6668,MH-4336,O2-M1114
7161,MH-4634,O2-M1115
7170,MH-4640,O2-M1116
7169,MH-4639,O2-M1117
8978,MH-5712,O2-M1118
6758,MH-4391,O2-M1119
6757,MH-4390,O2-M1120
7722,MH-4969,O2-M1121
2784,MH-1817,O2-M1122
8947,MH-5693,O2-M1123
14629,MH-8956,O2-M1124
9785,MH-6199,O2-M1125
5396,MH-3520,O2-M1126
7721,MH-4968,O2-M1127
126014,MH-22542,O2-M1128
7160,MH-4633,O2-M1129
8789,MH-5598,O2-M1130
13048,MH-8088,O2-M1131
14518,MH-8893,O2-M1132
14347,MH-8798,O2-M1133
6113,MH-3985,O2-M1134
6114,MH-3986,O2-M1135
6355,MH-4138,O2-M1136
6965,MH-4516,O2-M1137
5395,MH-3519,O2-M1138
6354,MH-4137,O2-M1139
11834,MH-7413,O2-M1140
11833,MH-7412,O2-M1141
14307,MH-8778,O2-M1142
14306,MH-8777,O2-M1143
6964,MH-4515,O2-M1144
27914,MH-15316,O2-M1145
21811,MH-12790,O2-M1146
21810,MH-12789,O2-M1147
33281,MH-17781,O2-M1148
30259,MH-16329,O2-M1149
30258,MH-16328,O2-M1150
30891,MH-16616,O2-M1151
30890,MH-16615,O2-M1152
31149,MH-16740,O2-M1153
25832,MH-14544,O2-M1154
25831,MH-14543,O2-M1155
7469,MH-4818,O2-M1156
10714,MH-6744,O2-M1157
10713,MH-6743,O2-M1158
10724,MH-6750,O2-M1159
10723,MH-6749,O2-M1160
13002,MH-8063,O2-M1161
16824,MH-10156,O2-M1162
3178,MH-2075,O2-M1163
14790,MH-9042,O2-M1164
10900,MH-6855,O2-M1165
3179,MH-2076,O2-M1166
7862,MH-5050,O2-M1167
18389,MH-11011,O2-M1168
32944,MH-17610,O2-M1169
31271,MH-16799,O2-M1170
126020,MH-22544,O2-M1171
16980,MH-10244,O2-M1172
23184,MH-13428,O2-M1173
11789,MH-7387,O2-M1174
3620,MH-2365,O2-M1175
5871,MH-3830,O2-M1176
9156,MH-5819,O2-M1177
9155,MH-5818,O2-M1178
27430,MH-15124,O2-M1179
35309,MH-18722,O2-M1180
9411,MH-5974,O2-M1181
22038,MH-12899,O2-M1182
1224,MH-787,O2-M1183
8361,MH-5348,O2-M1184
3222,MH-2104,O2-M1185
3221,MH-2103,O2-M1186
11718,MH-7345,O2-M1187
11717,MH-7344,O2-M1188
10388,MH-6559,O2-M1189
15610,MH-9486,O2-M1190
7167,MH-4638,O2-M1191
7166,MH-4637,O2-M1192
9546,MH-6056,O2-M1193
9545,MH-6055,O2-M1194
25865,MH-14558,O2-M1195
15433,MH-9390,O2-M1196
15432,MH-9389,O2-M1197
20497,MH-12133,O2-M1198
20496,MH-12132,O2-M1199
971,MH-619,O2-M1200
19521,MH-11621,O2-M1201
8367,MH-5351,O2-M1202
10175,MH-6434,O2-M1203
13928,MH-8581,O2-M1204
12409,MH-7741,O2-M1205
12410,MH-7742,O2-M1206
34016,MH-18134,O2-M1207
27338,MH-15093,O2-M1208
15747,MH-9564,O2-M1209
1882,MH-1222,O2-M1210
4228,MH-2760,O2-M1211
37583,MH-19659,O2-M1212
7464,MH-4815,O2-M1213
7463,MH-4814,O2-M1214
24209,MH-13882,O2-M1215
91,MH-38,O2-M1216
19385,MH-11545,O2-M1217
26304,MH-14720,O2-M1218
26900,MH-14929,O2-M1219
29290,MH-15894,O2-M1220
29289,MH-15893,O2-M1221
30629,MH-16499,O2-M1222
30628,MH-16498,O2-M1223
31503,MH-16906,O2-M1224
31900,MH-17100,O2-M1225
34252,MH-18249,O2-M1226
31877,MH-17091,O2-M1227
28273,MH-15462,O2-M1228
28272,MH-15461,O2-M1229
42420,MH-21263,O2-M1230
27311,MH-15082,O2-M1231
27310,MH-15081,O2-M1232
31290,MH-16807,O2-M1233
38182,MH-19913,O2-M1234
29133,MH-15832,O2-M1235
29132,MH-15831,O2-M1236
43198,MH-21421,O2-M1237
14221,MH-8732,O2-M1238
39087,MH-20245,O2-M1239
33866,MH-18065,O2-M1240
7287,MH-4710,O2-M1241
7288,MH-4711,O2-M1242
15022,MH-9165,O2-M1243
19845,MH-11792,O2-M1244
8962,MH-5702,O2-M1245
8961,MH-5701,O2-M1246
10455,MH-6597,O2-M1247
5267,MH-3436,O2-M1248
5268,MH-3437,O2-M1249
3292,MH-2150,O2-M1250
9410,MH-5973,O2-M1251
23035,MH-13362,O2-M1252
31269,MH-16798,O2-M1253
11179,MH-7022,O2-M1254
11178,MH-7021,O2-M1255
7152,MH-4628,O2-M1256
7151,MH-4627,O2-M1257
16877,MH-10185,O2-M1258
29776,MH-16104,O2-M1259
2137,MH-1390,O2-M1260
2138,MH-1391,O2-M1261
4665,MH-3043,O2-M1262
6089,MH-3969,O2-M1263
7362,MH-4753,O2-M1264
9692,MH-6142,O2-M1265
9691,MH-6141,O2-M1266
7592,MH-4891,O2-M1267
7593,MH-4892,O2-M1268
10482,MH-6611,O2-M1269
16501,MH-9974,O2-M1270
11360,MH-7130,O2-M1271
17012,MH-10262,O2-M1272
4664,MH-3042,O2-M1273
37227,MH-19513,O2-M1274
37228,MH-19514,O2-M1275
3111,MH-2031,O2-M1276
278958,MH-23053,O2-M1277
21952,MH-12857,O2-M1278
12111,MH-7572,O2-M1279
12112,MH-7573,O2-M1280
4603,MH-3004,O2-M1281
1918,MH-1246,O2-M1282
8325,MH-5327,O2-M1283
42578,MH-21299,O2-M1284
4570,MH-2983,O2-M1285
4571,MH-2984,O2-M1286
14903,MH-9102,O2-M1287
32029,MH-17158,O2-M1288
185,MH-99,O2-M1289
4152,MH-2711,O2-M1290
24748,MH-14119,O2-M1291
13577,MH-8390,O2-M1292
2944,MH-1922,O2-M1293
39780,MH-20492,O2-M1294
332,MH-196,O2-M1295
10902,MH-6856,O2-M1296
10903,MH-6857,O2-M1297
9688,MH-6139,O2-M1298
9689,MH-6140,O2-M1299
9876,MH-6253,O2-M1300
9877,MH-6254,O2-M1301
8559,MH-5460,O2-M1302
8560,MH-5461,O2-M1303
32958,MH-17617,O2-M1304
2943,MH-1921,O2-M1305
16544,MH-10000,O2-M1306
16543,MH-9999,O2-M1307
15436,MH-9392,O2-M1308
15435,MH-9391,O2-M1309
12066,MH-7547,O2-M1310
12525,MH-7807,O2-M1311
8383,MH-5360,O2-M1312
8384,MH-5361,O2-M1313
14005,MH-8619,O2-M1314
8672,MH-5527,O2-M1315
8671,MH-5526,O2-M1316
28270,MH-15460,O2-M1317
25869,MH-14560,O2-M1318
19511,MH-11616,O2-M1319
12704,MH-7904,O2-M1320
15313,MH-9326,O2-M1321
3946,MH-2578,O2-M1322
3945,MH-2577,O2-M1323
11986,MH-7502,O2-M1324
20288,MH-12025,O2-M1325
10387,MH-6558,O2-M1326
34267,MH-18255,O2-M1327
13692,MH-8455,O2-M1328
13691,MH-8454,O2-M1329
2253,MH-1467,O2-M1330
14653,MH-8967,O2-M1331
14030,MH-8632,O2-M1332
13889,MH-8561,O2-M1333
14322,MH-8787,O2-M1334
10935,MH-6877,O2-M1335
7077,MH-4581,O2-M1336
7631,MH-4914,O2-M1337
7632,MH-4915,O2-M1338
3383,MH-2209,O2-M1339
3384,MH-2210,O2-M1340
13338,MH-8249,O2-M1341
15376,MH-9358,O2-M1342
10657,MH-6712,O2-M1343
10022,MH-6339,O2-M1344
10023,MH-6340,O2-M1345
10465,MH-6602,O2-M1346
10504,MH-6624,O2-M1347
5672,MH-3701,O2-M1348
5671,MH-3700,O2-M1349
6019,MH-3924,O2-M1350
6020,MH-3925,O2-M1351
8315,MH-5321,O2-M1352
34437,MH-18335,O2-M1353
7076,MH-4580,O2-M1354
8845,MH-5631,O2-M1355
4805,MH-3135,O2-M1356
4804,MH-3134,O2-M1357
13676,MH-8446,O2-M1358
6603,MH-4295,O2-M1359
9193,MH-5842,O2-M1360
9194,MH-5843,O2-M1361
277286,MH-22648,O2-M1362
27875,MH-15303,O2-M1363
4019,MH-2625,O2-M1364
4020,MH-2626,O2-M1365
6602,MH-4294,O2-M1366
10805,MH-6798,O2-M1367
10806,MH-6799,O2-M1368
12646,MH-7874,O2-M1369
10466,MH-6603,O2-M1370
12358,MH-7712,O2-M1371
9078,MH-5773,O2-M1372
28900,MH-15737,O2-M1373
16510,MH-9979,O2-M1374
13041,MH-8084,O2-M1375
12482,MH-7783,O2-M1376
10559,MH-6655,O2-M1377
2501,MH-1631,O2-M1378
2500,MH-1630,O2-M1379
8342,MH-5337,O2-M1380
14756,MH-9023,O2-M1381
12756,MH-7934,O2-M1382
12755,MH-7933,O2-M1383
17365,MH-10457,O2-M1384
4497,MH-2936,O2-M1385
4496,MH-2935,O2-M1386
11780,MH-7382,O2-M1387
12523,MH-7806,O2-M1388
16240,MH-9834,O2-M1389
21019,MH-12405,O2-M1390
18244,MH-10931,O2-M1391
18245,MH-10932,O2-M1392
16511,MH-9980,O2-M1393
13042,MH-8085,O2-M1394
10866,MH-6834,O2-M1395
10867,MH-6835,O2-M1396
6141,MH-4003,O2-M1397
4362,MH-2847,O2-M1398
3765,MH-2460,O2-M1399
13011,MH-8068,O2-M1400
19489,MH-11603,O2-M1401
226,MH-126,O2-M1402
8035,MH-5152,O2-M1403
8034,MH-5151,O2-M1404
12331,MH-7698,O2-M1405
12144,MH-7593,O2-M1406
12143,MH-7592,O2-M1407
9929,MH-6284,O2-M1408
9930,MH-6285,O2-M1409
16102,MH-9757,O2-M1410
1891,MH-1228,O2-M1411
3983,MH-2602,O2-M1412
3984,MH-2603,O2-M1413
17859,MH-10723,O2-M1414
6142,MH-4004,O2-M1415
14981,MH-9144,O2-M1416
12380,MH-7724,O2-M1417
5015,MH-3272,O2-M1418
5014,MH-3271,O2-M1419
3764,MH-2459,O2-M1420
13069,MH-8098,O2-M1421
12758,MH-7935,O2-M1422
3599,MH-2351,O2-M1423
13911,MH-8572,O2-M1424
1157,MH-742,O2-M1425
14755,MH-9022,O2-M1426
12424,MH-7750,O2-M1427
12389,MH-7729,O2-M1428
12337,MH-7701,O2-M1429
10918,MH-6866,O2-M1430
16276,MH-9853,O2-M1431
14494,MH-8881,O2-M1432
14495,MH-8882,O2-M1433
10120,MH-6400,O2-M1434
10121,MH-6401,O2-M1435
11550,MH-7244,O2-M1436
11551,MH-7245,O2-M1437
277283,MH-22647,O2-M1438
10892,MH-6850,O2-M1439
10891,MH-6849,O2-M1440
6117,MH-3988,O2-M1441
6116,MH-3987,O2-M1442
16910,MH-10204,O2-M1443
10919,MH-6867,O2-M1444
20501,MH-12135,O2-M1445
8915,MH-5673,O2-M1446
8916,MH-5674,O2-M1447
18834,MH-11247,O2-M1448
20806,MH-12296,O2-M1449
30330,MH-16360,O2-M1450
7480,MH-4824,O2-M1451
12172,MH-7610,O2-M1452
11779,MH-7381,O2-M1453
12055,MH-7541,O2-M1454
12054,MH-7540,O2-M1455
11104,MH-6976,O2-M1456
11105,MH-6977,O2-M1457
1999,MH-1299,O2-M1458
19302,MH-11501,O2-M1459
3748,MH-2449,O2-M1460
3747,MH-2448,O2-M1461
15276,MH-9305,O2-M1462
15125,MH-9226,O2-M1463
16607,MH-10035,O2-M1464
16713,MH-10096,O2-M1465
26851,MH-14906,O2-M1466
13311,MH-8232,O2-M1467
20660,MH-12218,O2-M1468
20659,MH-12217,O2-M1469
2355,MH-1534,O2-M1470
2354,MH-1533,O2-M1471
28246,MH-15448,O2-M1472
14350,MH-8799,O2-M1473
44,MH-7,O2-M1474
7667,MH-4937,O2-M1475
6673,MH-4339,O2-M1476
6672,MH-4338,O2-M1477
9932,MH-6286,O2-M1478
7913,MH-5081,O2-M1479
13310,MH-8231,O2-M1480
35126,MH-18635,O2-M1481
28337,MH-15489,O2-M1482
28336,MH-15488,O2-M1483
13350,MH-8255,O2-M1484
22545,MH-13130,O2-M1485
22544,MH-13129,O2-M1486
29024,MH-15786,O2-M1487
27252,MH-15058,O2-M1488
30740,MH-16545,O2-M1489
30104,MH-16258,O2-M1490
23305,MH-13483,O2-M1491
18448,MH-11043,O2-M1492
18447,MH-11042,O2-M1493
28210,MH-15433,O2-M1494
24856,MH-14163,O2-M1495
13858,MH-8548,O2-M1496
15808,MH-9599,O2-M1497
15809,MH-9600,O2-M1498
1668,MH-1081,O2-M1499
5550,MH-3620,O2-M1500
5549,MH-3619,O2-M1501
13614,MH-8410,O2-M1502
13613,MH-8409,O2-M1503
18310,MH-10968,O2-M1504
44737,MH-21649,O2-M1505
16529,MH-9991,O2-M1506
16530,MH-9992,O2-M1507
13857,MH-8547,O2-M1508
11746,MH-7362,O2-M1509
378,MH-226,O2-M1510
11693,MH-7331,O2-M1511
21658,MH-12722,O2-M1512
6610,MH-4299,O2-M1513
2639,MH-1721,O2-M1514
20569,MH-12170,O2-M1515
11741,MH-7359,O2-M1516
2188,MH-1424,O2-M1517
2189,MH-1425,O2-M1518
39385,MH-20348,O2-M1519
3686,MH-2408,O2-M1520
2640,MH-1722,O2-M1521
21776,MH-12774,O2-M1522
21775,MH-12773,O2-M1523
12869,MH-7997,O2-M1524
14704,MH-8993,O2-M1525
12584,MH-7840,O2-M1526
12744,MH-7927,O2-M1527
9927,MH-6283,O2-M1528
4374,MH-2855,O2-M1529
4373,MH-2854,O2-M1530
14139,MH-8687,O2-M1531
11916,MH-7460,O2-M1532
9039,MH-5750,O2-M1533
9040,MH-5751,O2-M1534
7643,MH-4922,O2-M1535
31059,MH-16700,O2-M1536
8696,MH-5540,O2-M1537
8697,MH-5541,O2-M1538
14140,MH-8688,O2-M1539
125922,MH-22512,O2-M1540
125925,MH-22513,O2-M1541
8381,MH-5359,O2-M1542
8380,MH-5358,O2-M1543
26939,MH-14943,O2-M1544
6960,MH-4513,O2-M1545
1881,MH-1221,O2-M1546
37207,MH-19505,O2-M1547
37206,MH-19504,O2-M1548
13527,MH-8360,O2-M1549
13526,MH-8359,O2-M1550
12763,MH-7938,O2-M1551
19819,MH-11779,O2-M1552
17320,MH-10431,O2-M1553
8160,MH-5228,O2-M1554
1421,MH-918,O2-M1555
12287,MH-7673,O2-M1556
4857,MH-3169,O2-M1557
856,MH-543,O2-M1558
11213,MH-7042,O2-M1559
3399,MH-2220,O2-M1560
14883,MH-9091,O2-M1561
12762,MH-7937,O2-M1562
14450,MH-8857,O2-M1563
4016,MH-2623,O2-M1564
4017,MH-2624,O2-M1565
17280,MH-10410,O2-M1566
34614,MH-18419,O2-M1567
1420,MH-917,O2-M1568
125960,MH-22524,O2-M1569
14705,MH-8994,O2-M1570
4308,MH-2812,O2-M1571
23041,MH-13365,O2-M1572
16909,MH-10203,O2-M1573
22297,MH-13021,O2-M1574
28392,MH-15513,O2-M1575
17758,MH-10668,O2-M1576
11214,MH-7043,O2-M1577
15499,MH-9428,O2-M1578
9446,MH-5995,O2-M1579
7360,MH-4752,O2-M1580
7359,MH-4751,O2-M1581
40058,MH-20585,O2-M1582
40057,MH-20584,O2-M1583
19389,MH-11546,O2-M1584
19390,MH-11547,O2-M1585
24252,MH-13898,O2-M1586
14801,MH-9048,O2-M1587
14812,MH-9053,O2-M1588
125919,MH-22511,O2-M1589
19453,MH-11582,O2-M1590
10895,MH-6852,O2-M1591
3619,MH-2364,O2-M1592
10626,MH-6693,O2-M1593
18932,MH-11299,O2-M1594
1268,MH-816,O2-M1595
9416,MH-5977,O2-M1596
8705,MH-5546,O2-M1597
8706,MH-5547,O2-M1598
9199,MH-5846,O2-M1599
3291,MH-2149,O2-M1600
7203,MH-4661,O2-M1601
7805,MH-5015,O2-M1602
22082,MH-12921,O2-M1603
16500,MH-9973,O2-M1604
7202,MH-4660,O2-M1605
3836,MH-2506,O2-M1606
3835,MH-2505,O2-M1607
9994,MH-6324,O2-M1608
7860,MH-5049,O2-M1609
13067,MH-8097,O2-M1610
14979,MH-9143,O2-M1611
13828,MH-8530,O2-M1612
7596,MH-4893,O2-M1613
37212,MH-19507,O2-M1614
8888,MH-5657,O2-M1615
8889,MH-5658,O2-M1616
11279,MH-7081,O2-M1617
3204,MH-2092,O2-M1618
3205,MH-2093,O2-M1619
7390,MH-4770,O2-M1620
7391,MH-4771,O2-M1621
2749,MH-1794,O2-M1622
6562,MH-4268,O2-M1623
16438,MH-9942,O2-M1624
3779,MH-2469,O2-M1625
912,MH-580,O2-M1626
911,MH-579,O2-M1627
7527,MH-4852,O2-M1628
7526,MH-4851,O2-M1629
7155,MH-4630,O2-M1630
7154,MH-4629,O2-M1631
8897,MH-5663,O2-M1632
3569,MH-2331,O2-M1633
2225,MH-1448,O2-M1634
8233,MH-5273,O2-M1635
8232,MH-5272,O2-M1636
9441,MH-5992,O2-M1637
7623,MH-4910,O2-M1638
7622,MH-4909,O2-M1639
9458,MH-6001,O2-M1640
9399,MH-5967,O2-M1641
3967,MH-2592,O2-M1642
10735,MH-6756,O2-M1643
10736,MH-6757,O2-M1644
11006,MH-6919,O2-M1645
10581,MH-6667,O2-M1646
2504,MH-1633,O2-M1647
10519,MH-6633,O2-M1648
10518,MH-6632,O2-M1649
8986,MH-5717,O2-M1650
2750,MH-1795,O2-M1651
9265,MH-5886,O2-M1652
10160,MH-6425,O2-M1653
3137,MH-2048,O2-M1654
9158,MH-5820,O2-M1655
11706,MH-7339,O2-M1656
2699,MH-1761,O2-M1657
2700,MH-1762,O2-M1658
3136,MH-2047,O2-M1659
2117,MH-1377,O2-M1660
10155,MH-6422,O2-M1661
8322,MH-5325,O2-M1662
10296,MH-6504,O2-M1663
11770,MH-7376,O2-M1664
11771,MH-7377,O2-M1665
17857,MH-10722,O2-M1666
9855,MH-6241,O2-M1667
8274,MH-5297,O2-M1668
10875,MH-6840,O2-M1669
4825,MH-3148,O2-M1670
4824,MH-3147,O2-M1671
10580,MH-6666,O2-M1672
11054,MH-6948,O2-M1673
125963,MH-22525,O2-M1674
19534,MH-11628,O2-M1675
8428,MH-5385,O2-M1676
3966,MH-2591,O2-M1677
7284,MH-4709,O2-M1678
7283,MH-4708,O2-M1679
2605,MH-1699,O2-M1680
8605,MH-5486,O2-M1681
10204,MH-6451,O2-M1682
10368,MH-6547,O2-M1683
10554,MH-6652,O2-M1684
10369,MH-6548,O2-M1685
11007,MH-6920,O2-M1686
125966,MH-22526,O2-M1687
12546,MH-7819,O2-M1688
11445,MH-7180,O2-M1689
11444,MH-7179,O2-M1690
10716,MH-6745,O2-M1691
7050,MH-4565,O2-M1692
6128,MH-3995,O2-M1693
6129,MH-3996,O2-M1694
7071,MH-4577,O2-M1695
7072,MH-4578,O2-M1696
125978,MH-22530,O2-M1697
15505,MH-9431,O2-M1698
125981,MH-22531,O2-M1699
25697,MH-14496,O2-M1700
10336,MH-6528,O2-M1701
10337,MH-6529,O2-M1702
9474,MH-6011,O2-M1703
9853,MH-6240,O2-M1704
7697,MH-4954,O2-M1705
7698,MH-4955,O2-M1706
12688,MH-7896,O2-M1707
7146,MH-4624,O2-M1708
7147,MH-4625,O2-M1709
7570,MH-4877,O2-M1710
8365,MH-5350,O2-M1711
8226,MH-5268,O2-M1712
125955,MH-22523,O2-M1713
9152,MH-5817,O2-M1714
8800,MH-5603,O2-M1715
7893,MH-5069,O2-M1716
8260,MH-5289,O2-M1717
25919,MH-14576,O2-M1718
125952,MH-22522,O2-M1719
6613,MH-4301,O2-M1720
6612,MH-4300,O2-M1721
11181,MH-7023,O2-M1722
3973,MH-2596,O2-M1723
4899,MH-3196,O2-M1724
4900,MH-3197,O2-M1725
9014,MH-5734,O2-M1726
125996,MH-22536,O2-M1727
849,MH-538,O2-M1728
125993,MH-22535,O2-M1729
7803,MH-5014,O2-M1730
3972,MH-2595,O2-M1731
10436,MH-6586,O2-M1732
2244,MH-1461,O2-M1733
125999,MH-22537,O2-M1734
126002,MH-22538,O2-M1735
11183,MH-7024,O2-M1736
125984,MH-22532,O2-M1737
125987,MH-22533,O2-M1738
125990,MH-22534,O2-M1739
850,MH-539,O2-M1740
9493,MH-6023,O2-M1741
7584,MH-4886,O2-M1742
7716,MH-4965,O2-M1743
7717,MH-4966,O2-M1744
11083,MH-6964,O2-M1745
8219,MH-5264,O2-M1746
7583,MH-4885,O2-M1747
125975,MH-22529,O2-M1748
20077,MH-11914,O2-M1749
7894,MH-5070,O2-M1750
8117,MH-5202,O2-M1751
7492,MH-4831,O2-M1752
2123,MH-1381,O2-M1753
2122,MH-1380,O2-M1754
7061,MH-4571,O2-M1755
8259,MH-5288,O2-M1756
24463,MH-13993,O2-M1757
8445,MH-5394,O2-M1758
125972,MH-22528,O2-M1759
3188,MH-2082,O2-M1760
13682,MH-8449,O2-M1761
16644,MH-10057,O2-M1762
14289,MH-8767,O2-M1763
7615,MH-4905,O2-M1764
7981,MH-5121,O2-M1765
7964,MH-5111,O2-M1766
7965,MH-5112,O2-M1767
14396,MH-8826,O2-M1768
7616,MH-4906,O2-M1769
8020,MH-5144,O2-M1770
8019,MH-5143,O2-M1771
7431,MH-4795,O2-M1772
8514,MH-5434,O2-M1773
2243,MH-1460,O2-M1774
17031,MH-10272,O2-M1775
5884,MH-3838,O2-M1776
5885,MH-3839,O2-M1777
13831,MH-8531,O2-M1778
8205,MH-5255,O2-M1779
8206,MH-5256,O2-M1780
7109,MH-4601,O2-M1781
7108,MH-4600,O2-M1782
5026,MH-3279,O2-M1783
5027,MH-3280,O2-M1784
3418,MH-2232,O2-M1785
3419,MH-2233,O2-M1786
10766,MH-6775,O2-M1787
5717,MH-3730,O2-M1788
3587,MH-2343,O2-M1789
2321,MH-1511,O2-M1790
2322,MH-1512,O2-M1791
2390,MH-1557,O2-M1792
13494,MH-8341,O2-M1793
13493,MH-8340,O2-M1794
15916,MH-9660,O2-M1795
6169,MH-4020,O2-M1796
19160,MH-11422,O2-M1797
10602,MH-6679,O2-M1798
126005,MH-22539,O2-M1799
10795,MH-6792,O2-M1800
4881,MH-3184,O2-M1801
4882,MH-3185,O2-M1802
16411,MH-9928,O2-M1803
13485,MH-8335,O2-M1804
7130,MH-4614,O2-M1805
6168,MH-4019,O2-M1806
125969,MH-22527,O2-M1807
7231,MH-4677,O2-M1808
7232,MH-4678,O2-M1809
7710,MH-4962,O2-M1810
6313,MH-4111,O2-M1811
9722,MH-6161,O2-M1812
7655,MH-4930,O2-M1813
12349,MH-7707,O2-M1814
7654,MH-4929,O2-M1815
11561,MH-7251,O2-M1816
16431,MH-9939,O2-M1817
7968,MH-5114,O2-M1818
7967,MH-5113,O2-M1819
5716,MH-3729,O2-M1820
6948,MH-4505,O2-M1821
7452,MH-4807,O2-M1822
6742,MH-4381,O2-M1823
6743,MH-4382,O2-M1824
7139,MH-4620,O2-M1825
6262,MH-4079,O2-M1826
6175,MH-4024,O2-M1827
6174,MH-4023,O2-M1828
6523,MH-4243,O2-M1829
6522,MH-4242,O2-M1830
6902,MH-4478,O2-M1831
8488,MH-5418,O2-M1832
3586,MH-2342,O2-M1833
11816,MH-7402,O2-M1834
9464,MH-6005,O2-M1835
9463,MH-6004,O2-M1836
6090,MH-3970,O2-M1837
15295,MH-9317,O2-M1838
14662,MH-8972,O2-M1839
13231,MH-8189,O2-M1840
14411,MH-8835,O2-M1841
7131,MH-4615,O2-M1842
13868,MH-8552,O2-M1843
11059,MH-6950,O2-M1844
15124,MH-9225,O2-M1845
8449,MH-5396,O2-M1846
12362,MH-7714,O2-M1847
6838,MH-4439,O2-M1848
6837,MH-4438,O2-M1849
8262,MH-5290,O2-M1850
9996,MH-6325,O2-M1851
7994,MH-5129,O2-M1852
6791,MH-4412,O2-M1853
6592,MH-4288,O2-M1854
6375,MH-4151,O2-M1855
6377,MH-4152,O2-M1856
6378,MH-4153,O2-M1857
8528,MH-5442,O2-M1858
34442,MH-18337,O2-M1859
1930,MH-1253,O2-M1860
12887,MH-8006,O2-M1861
13909,MH-8571,O2-M1862
13970,MH-8602,O2-M1863
2838,MH-1853,O2-M1864
2837,MH-1852,O2-M1865
12299,MH-7680,O2-M1866
8096,MH-5190,O2-M1867
8095,MH-5189,O2-M1868
10808,MH-6800,O2-M1869
4843,MH-3160,O2-M1870
4842,MH-3159,O2-M1871
8441,MH-5392,O2-M1872
6994,MH-4533,O2-M1873
6162,MH-4016,O2-M1874
6161,MH-4015,O2-M1875
1713,MH-1111,O2-M1876
4177,MH-2727,O2-M1877
8392,MH-5366,O2-M1878
8227,MH-5269,O2-M1879
4178,MH-2728,O2-M1880
14223,MH-8733,O2-M1881
10547,MH-6648,O2-M1882
126023,MH-22545,O2-M1883
7322,MH-4731,O2-M1884
9684,MH-6137,O2-M1885
7993,MH-5128,O2-M1886
9724,MH-6162,O2-M1887
6790,MH-4411,O2-M1888
6014,MH-3921,O2-M1889
6591,MH-4287,O2-M1890
6013,MH-3920,O2-M1891
6374,MH-4150,O2-M1892
8098,MH-5191,O2-M1893
13063,MH-8095,O2-M1894
2536,MH-1654,O2-M1895
2535,MH-1653,O2-M1896
27528,MH-15166,O2-M1897
11827,MH-7409,O2-M1898
29415,MH-15943,O2-M1899
4384,MH-2861,O2-M1900
13375,MH-8269,O2-M1901
27425,MH-15123,O2-M1902
11826,MH-7408,O2-M1903
4385,MH-2862,O2-M1904
125949,MH-22521,O2-M1905
125946,MH-22520,O2-M1906
17014,MH-10263,O2-M1907
10019,MH-6338,O2-M1908
6954,MH-4509,O2-M1909
7074,MH-4579,O2-M1910
6755,MH-4389,O2-M1911
6979,MH-4524,O2-M1912
456,MH-278,O2-M1913
5050,MH-3295,O2-M1914
5049,MH-3294,O2-M1915
33519,MH-17891,O2-M1916
33518,MH-17890,O2-M1917
8208,MH-5257,O2-M1918
6849,MH-4445,O2-M1919
6850,MH-4446,O2-M1920
6500,MH-4229,O2-M1921
12937,MH-8030,O2-M1922
7576,MH-4881,O2-M1923
7575,MH-4880,O2-M1924
7908,MH-5078,O2-M1925
1931,MH-1254,O2-M1926
6501,MH-4230,O2-M1927
8748,MH-5572,O2-M1928
6978,MH-4523,O2-M1929
6953,MH-4508,O2-M1930
6976,MH-4522,O2-M1931
6754,MH-4388,O2-M1932
21117,MH-12453,O2-M1933
33797,MH-18031,O2-M1934
5258,MH-3430,O2-M1935
6847,MH-4444,O2-M1936
7886,MH-5065,O2-M1937
7191,MH-4653,O2-M1938
7141,MH-4621,O2-M1939
7267,MH-4698,O2-M1940
4928,MH-3215,O2-M1941
4929,MH-3216,O2-M1942
7683,MH-4946,O2-M1943
6651,MH-4325,O2-M1944
6650,MH-4324,O2-M1945
7912,MH-5080,O2-M1946
7192,MH-4654,O2-M1947
7666,MH-4936,O2-M1948
3754,MH-2453,O2-M1949
3753,MH-2452,O2-M1950
10004,MH-6330,O2-M1951
7422,MH-4790,O2-M1952
8464,MH-5405,O2-M1953
125934,MH-22516,O2-M1954
7524,MH-4850,O2-M1955
7523,MH-4849,O2-M1956
9327,MH-5923,O2-M1957
7251,MH-4688,O2-M1958
125940,MH-22518,O2-M1959
125937,MH-22517,O2-M1960
7212,MH-4666,O2-M1961
7671,MH-4939,O2-M1962
125943,MH-22519,O2-M1963
9093,MH-5782,O2-M1964
7997,MH-5130,O2-M1965
8164,MH-5230,O2-M1966
4216,MH-2752,O2-M1967
4614,MH-3010,O2-M1968
2820,MH-1841,O2-M1969
2819,MH-1840,O2-M1970
9635,MH-6108,O2-M1971
4217,MH-2753,O2-M1972
11176,MH-7020,O2-M1973
9387,MH-5960,O2-M1974
6870,MH-4459,O2-M1975
9634,MH-6107,O2-M1976
8090,MH-5186,O2-M1977
33880,MH-18071,O2-M1978
13567,MH-8384,O2-M1979
19364,MH-11535,O2-M1980
22661,MH-13186,O2-M1981
18929,MH-11298,O2-M1982
21875,MH-12820,O2-M1983
277512,O-2,O3
10271,MH-6489,O3-M1
10270,MH-6488,O3-M2
1621,MH-1050,O3-M3
17659,MH-10617,O3-M4
22677,MH-13193,O3-M5
9052,MH-5758,O3-M6
9051,MH-5757,O3-M7
30749,MH-16550,O3-M8
9520,MH-6039,O3-M9
9519,MH-6038,O3-M10
10241,MH-6473,O3-M11
11091,MH-6968,O3-M12
5484,MH-3577,O3-M13
22262,MH-13004,O3-M14
22540,MH-13127,O3-M15
31652,MH-16978,O3-M16
19080,MH-11378,O3-M17
11217,MH-7045,O3-M18
11216,MH-7044,O3-M19
2790,MH-1821,O3-M20
6505,MH-4232,O3-M21
3551,MH-2319,O3-M22
3550,MH-2318,O3-M23
31832,MH-17068,O3-M24
11534,MH-7234,O3-M25
13894,MH-8563,O3-M26
4113,MH-2686,O3-M27
4112,MH-2685,O3-M28
3821,MH-2496,O3-M29
22924,MH-13313,O3-M30
19086,MH-11382,O3-M31
10803,MH-6797,O3-M32
10802,MH-6796,O3-M33
37566,MH-19653,O3-M34
34597,MH-18411,O3-M35
11548,MH-7243,O3-M36
31431,MH-16876,O3-M37
31432,MH-16877,O3-M38
10385,MH-6557,O3-M39
6853,MH-4448,O3-M40
6852,MH-4447,O3-M41
20828,MH-12307,O3-M42
13212,MH-8178,O3-M43
23274,MH-13469,O3-M44
13891,MH-8562,O3-M45
1272,MH-819,O3-M46
24823,MH-14152,O3-M47
5059,MH-3301,O3-M48
15244,MH-9290,O3-M49
15163,MH-9246,O3-M50
14651,MH-8966,O3-M51
1199,MH-770,O3-M52
36549,MH-19211,O3-M53
27048,MH-14984,O3-M54
27584,MH-15190,O3-M55
25881,MH-14565,O3-M56
8645,MH-5510,O3-M57
103,MH-45,O3-M58
38188,MH-19916,O3-M59
38187,MH-19915,O3-M60
16462,MH-9955,O3-M61
29546,MH-16003,O3-M62
23561,MH-13597,O3-M63
21150,MH-12469,O3-M64
2407,MH-1568,O3-M65
26189,MH-14677,O3-M66
13215,MH-8180,O3-M67
12128,MH-7583,O3-M68
13153,MH-8144,O3-M69
37109,MH-19461,O3-M70
37108,MH-19460,O3-M71
12678,MH-7891,O3-M72
36432,MH-19166,O3-M73
33351,MH-17816,O3-M74
33350,MH-17815,O3-M75
36529,MH-19202,O3-M76
36528,MH-19201,O3-M77
19264,MH-11479,O3-M78
29660,MH-16052,O3-M79
31708,MH-17006,O3-M80
16539,MH-9997,O3-M81
25301,MH-14335,O3-M82
25302,MH-14336,O3-M83
38577,MH-20065,O3-M84
31559,MH-16933,O3-M85
31560,MH-16934,O3-M86
17322,MH-10432,O3-M87
17323,MH-10433,O3-M88
34545,MH-18387,O3-M89
4685,MH-3056,O3-M90
4686,MH-3057,O3-M91
38530,MH-20049,O3-M92
2474,MH-1613,O3-M93
36329,MH-19129,O3-M94
3369,MH-2200,O3-M95
3370,MH-2201,O3-M96
17336,MH-10440,O3-M97
37424,MH-19591,O3-M98
33536,MH-17899,O3-M99
33537,MH-17900,O3-M100
36183,MH-19071,O3-M101
33608,MH-17934,O3-M102
33609,MH-17935,O3-M103
40445,MH-20711,O3-M104
35675,MH-18871,O3-M105
35676,MH-18872,O3-M106
44812,MH-21661,O3-M107
34421,MH-18328,O3-M108
34422,MH-18329,O3-M109
33912,MH-18084,O3-M110
23947,MH-13769,O3-M111
23948,MH-13770,O3-M112
32297,MH-17294,O3-M113
13318,MH-8236,O3-M114
13319,MH-8237,O3-M115
30626,MH-16497,O3-M116
21263,MH-12523,O3-M117
21264,MH-12524,O3-M118
278222,MH-22833,O3-M119
8072,MH-5175,O3-M120
8071,MH-5174,O3-M121
35998,MH-19000,O3-M122
6285,MH-4093,O3-M123
25929,MH-14581,O3-M124
11381,MH-7142,O3-M125
4208,MH-2747,O3-M126
4207,MH-2746,O3-M127
10596,MH-6675,O3-M128
25463,MH-14402,O3-M129
1475,MH-954,O3-M130
19032,MH-11353,O3-M131
4597,MH-3001,O3-M132
4596,MH-3000,O3-M133
29292,MH-15895,O3-M134
18987,MH-11327,O3-M135
18986,MH-11326,O3-M136
11601,MH-7276,O3-M137
11600,MH-7275,O3-M138
15069,MH-9192,O3-M139
2361,MH-1538,O3-M140
8545,MH-5452,O3-M141
7032,MH-4555,O3-M142
6545,MH-4257,O3-M143
9448,MH-5996,O3-M144
11276,MH-7080,O3-M145
11275,MH-7079,O3-M146
13811,MH-8520,O3-M147
13544,MH-8370,O3-M148
13460,MH-8319,O3-M149
13459,MH-8318,O3-M150
12865,MH-7996,O3-M151
12864,MH-7995,O3-M152
11637,MH-7298,O3-M153
121,MH-57,O3-M154
7372,MH-4759,O3-M155
7371,MH-4758,O3-M156
9371,MH-5950,O3-M157
8585,MH-5475,O3-M158
14387,MH-8821,O3-M159
30443,MH-16409,O3-M160
30442,MH-16408,O3-M161
31490,MH-16900,O3-M162
30000,MH-16206,O3-M163
29488,MH-15976,O3-M164
29487,MH-15975,O3-M165
7272,MH-4701,O3-M166
5311,MH-3465,O3-M167
7789,MH-5008,O3-M168
7958,MH-5108,O3-M169
24973,MH-14209,O3-M170
2956,MH-1930,O3-M171
2955,MH-1929,O3-M172
34871,MH-18525,O3-M173
34872,MH-18526,O3-M174
38600,MH-20074,O3-M175
24168,MH-13863,O3-M176
20299,MH-12031,O3-M177
20300,MH-12032,O3-M178
4650,MH-3033,O3-M179
4651,MH-3034,O3-M180
2787,MH-1819,O3-M181
1885,MH-1224,O3-M182
10234,MH-6468,O3-M183
10235,MH-6469,O3-M184
11938,MH-7473,O3-M185
11939,MH-7474,O3-M186
9049,MH-5756,O3-M187
9048,MH-5755,O3-M188
11096,MH-6971,O3-M189
9315,MH-5916,O3-M190
20618,MH-12197,O3-M191
23373,MH-13511,O3-M192
20228,MH-11996,O3-M193
20227,MH-11995,O3-M194
14799,MH-9047,O3-M195
24274,MH-13909,O3-M196
24617,MH-14062,O3-M197
40800,MH-20833,O3-M198
17409,MH-10479,O3-M199
47578,MH-22161,O3-M200
17410,MH-10480,O3-M201
6580,MH-4280,O3-M202
29072,MH-15803,O3-M203
23330,MH-13493,O3-M204
14998,MH-9151,O3-M205
12654,MH-7879,O3-M206
278206,MH-22830,O3-M207
16950,MH-10227,O3-M208
16951,MH-10228,O3-M209
2456,MH-1601,O3-M210
24540,MH-14026,O3-M211
1049,MH-671,O3-M212
40854,MH-20850,O3-M213
28154,MH-15411,O3-M214
19263,MH-11478,O3-M215
44302,MH-21592,O3-M216
16538,MH-9996,O3-M217
3724,MH-2433,O3-M218
3723,MH-2432,O3-M219
30616,MH-16493,O3-M220
30615,MH-16492,O3-M221
31359,MH-16841,O3-M222
31358,MH-16840,O3-M223
34453,MH-18343,O3-M224
27937,MH-15324,O3-M225
43091,MH-21399,O3-M226
24425,MH-13978,O3-M227
38488,MH-20034,O3-M228
38487,MH-20033,O3-M229
19455,MH-11583,O3-M230
19456,MH-11584,O3-M231
13123,MH-8127,O3-M232
2697,MH-1760,O3-M233
2696,MH-1759,O3-M234
37005,MH-19414,O3-M235
6717,MH-4366,O3-M236
33493,MH-17880,O3-M237
20900,MH-12343,O3-M238
20901,MH-12344,O3-M239
2938,MH-1918,O3-M240
2939,MH-1919,O3-M241
34455,MH-18344,O3-M242
38002,MH-19840,O3-M243
11578,MH-7261,O3-M244
11579,MH-7262,O3-M245
47617,MH-22173,O3-M246
11524,MH-7228,O3-M247
11525,MH-7229,O3-M248
28471,MH-15544,O3-M249
16207,MH-9815,O3-M250
10822,MH-6807,O3-M251
10823,MH-6808,O3-M252
34202,MH-18222,O3-M253
34203,MH-18223,O3-M254
33672,MH-17967,O3-M255
14858,MH-9079,O3-M256
14859,MH-9080,O3-M257
33435,MH-17856,O3-M258
13973,MH-8603,O3-M259
10820,MH-6806,O3-M260
5778,MH-3769,O3-M261
5777,MH-3768,O3-M262
35454,MH-18787,O3-M263
7713,MH-4964,O3-M264
7712,MH-4963,O3-M265
1367,MH-882,O3-M266
1366,MH-881,O3-M267
6823,MH-4431,O3-M268
6822,MH-4430,O3-M269
6426,MH-4182,O3-M270
9888,MH-6260,O3-M271
7747,MH-4983,O3-M272
5714,MH-3728,O3-M273
15774,MH-9580,O3-M274
21667,MH-12724,O3-M275
33736,MH-17998,O3-M276
674,MH-422,O3-M277
33361,MH-17821,O3-M278
33360,MH-17820,O3-M279
37111,MH-19462,O3-M280
34211,MH-18228,O3-M281
34210,MH-18227,O3-M282
33837,MH-18050,O3-M283
30282,MH-16340,O3-M284
30281,MH-16339,O3-M285
35191,MH-18662,O3-M286
34259,MH-18252,O3-M287
30844,MH-16594,O3-M288
30843,MH-16593,O3-M289
35393,MH-18760,O3-M290
42124,MH-21193,O3-M291
11004,MH-6918,O3-M292
11003,MH-6917,O3-M293
10536,MH-6643,O3-M294
10535,MH-6642,O3-M295
34505,MH-18366,O3-M296
34504,MH-18365,O3-M297
43672,MH-21506,O3-M298
34397,MH-18317,O3-M299
34396,MH-18316,O3-M300
36332,MH-19130,O3-M301
24882,MH-14174,O3-M302
24881,MH-14173,O3-M303
35449,MH-18784,O3-M304
35448,MH-18783,O3-M305
45040,MH-21690,O3-M306
41181,MH-20954,O3-M307
41180,MH-20953,O3-M308
42518,MH-21286,O3-M309
37231,MH-19516,O3-M310
37230,MH-19515,O3-M311
38626,MH-20085,O3-M312
38625,MH-20084,O3-M313
45834,MH-21774,O3-M314
44329,MH-21596,O3-M315
38110,MH-19882,O3-M316
38109,MH-19881,O3-M317
41840,MH-21116,O3-M318
46321,MH-21830,O3-M319
39155,MH-20263,O3-M320
36820,MH-19326,O3-M321
36819,MH-19325,O3-M322
37641,MH-19685,O3-M323
37640,MH-19684,O3-M324
39774,MH-20490,O3-M325
40441,MH-20709,O3-M326
42567,MH-21297,O3-M327
34340,MH-18289,O3-M328
11017,MH-6926,O3-M329
2300,MH-1497,O3-M330
2301,MH-1498,O3-M331
3332,MH-2176,O3-M332
3331,MH-2175,O3-M333
26724,MH-14860,O3-M334
653,MH-408,O3-M335
654,MH-409,O3-M336
37644,MH-19686,O3-M337
5177,MH-3377,O3-M338
5178,MH-3378,O3-M339
16050,MH-9730,O3-M340
16051,MH-9731,O3-M341
23450,MH-13546,O3-M342
22594,MH-13154,O3-M343
22595,MH-13155,O3-M344
278450,MH-22907,O3-M345
278448,MH-22906,O3-M346
45171,MH-21706,O3-M347
37478,MH-19616,O3-M348
14913,MH-9106,O3-M349
14914,MH-9107,O3-M350
841,MH-533,O3-M351
27432,MH-15125,O3-M352
14838,MH-9067,O3-M353
12860,MH-7993,O3-M354
12859,MH-7992,O3-M355
26686,MH-14847,O3-M356
35275,MH-18705,O3-M357
34249,MH-18247,O3-M358
34250,MH-18248,O3-M359
346,MH-205,O3-M360
8792,MH-5599,O3-M361
43268,MH-21432,O3-M362
46889,MH-21952,O3-M363
29174,MH-15847,O3-M364
29173,MH-15846,O3-M365
20083,MH-11917,O3-M366
2081,MH-1353,O3-M367
2080,MH-1352,O3-M368
17733,MH-10655,O3-M369
18919,MH-11292,O3-M370
22616,MH-13167,O3-M371
48244,MH-22380,O3-M372
48247,MH-22381,O3-M373
19924,MH-11835,O3-M374
45232,MH-21710,O3-M375
47615,MH-22172,O3-M376
11135,MH-6994,O3-M377
11134,MH-6993,O3-M378
16146,MH-9780,O3-M379
28515,MH-15566,O3-M380
6734,MH-4376,O3-M381
8632,MH-5502,O3-M382
30216,MH-16311,O3-M383
16144,MH-9779,O3-M384
16143,MH-9778,O3-M385
19680,MH-11704,O3-M386
9626,MH-6102,O3-M387
7352,MH-4747,O3-M388
12385,MH-7727,O3-M389
12386,MH-7728,O3-M390
4022,MH-2627,O3-M391
4023,MH-2628,O3-M392
12889,MH-8007,O3-M393
8431,MH-5387,O3-M394
14817,MH-9055,O3-M395
13099,MH-8114,O3-M396
12578,MH-7836,O3-M397
12579,MH-7837,O3-M398
3546,MH-2316,O3-M399
3545,MH-2315,O3-M400
6735,MH-4377,O3-M401
14803,MH-9049,O3-M402
10497,MH-6620,O3-M403
1755,MH-1139,O3-M404
12217,MH-7634,O3-M405
1509,MH-976,O3-M406
1510,MH-977,O3-M407
2850,MH-1861,O3-M408
2849,MH-1860,O3-M409
6990,MH-4531,O3-M410
6989,MH-4530,O3-M411
3208,MH-2095,O3-M412
3207,MH-2094,O3-M413
21384,MH-12584,O3-M414
7256,MH-4691,O3-M415
6321,MH-4116,O3-M416
11941,MH-7475,O3-M417
7809,MH-5017,O3-M418
20709,MH-12246,O3-M419
22090,MH-12925,O3-M420
22091,MH-12926,O3-M421
8577,MH-5470,O3-M422
17450,MH-10499,O3-M423
9302,MH-5908,O3-M424
29704,MH-16071,O3-M425
3791,MH-2476,O3-M426
16181,MH-9800,O3-M427
21335,MH-12560,O3-M428
1498,MH-969,O3-M429
7310,MH-4724,O3-M430
3448,MH-2252,O3-M431
7100,MH-4595,O3-M432
7101,MH-4596,O3-M433
8013,MH-5139,O3-M434
8014,MH-5140,O3-M435
15415,MH-9378,O3-M436
3792,MH-2477,O3-M437
19164,MH-11424,O3-M438
19392,MH-11548,O3-M439
40203,MH-20633,O3-M440
3714,MH-2426,O3-M441
15370,MH-9355,O3-M442
19165,MH-11425,O3-M443
34364,MH-18301,O3-M444
1497,MH-968,O3-M445
5775,MH-3767,O3-M446
7881,MH-5062,O3-M447
14531,MH-8899,O3-M448
18562,MH-11103,O3-M449
16138,MH-9776,O3-M450
28688,MH-15644,O3-M451
7741,MH-4979,O3-M452
11118,MH-6985,O3-M453
8295,MH-5309,O3-M454
14085,MH-8661,O3-M455
17299,MH-10421,O3-M456
12671,MH-7887,O3-M457
9563,MH-6066,O3-M458
14598,MH-8939,O3-M459
11872,MH-7435,O3-M460
11921,MH-7463,O3-M461
11922,MH-7464,O3-M462
7385,MH-4767,O3-M463
6247,MH-4071,O3-M464
9134,MH-5807,O3-M465
13241,MH-8194,O3-M466
11847,MH-7420,O3-M467
11848,MH-7421,O3-M468
11137,MH-6995,O3-M469
11138,MH-6996,O3-M470
6556,MH-4264,O3-M471
6557,MH-4265,O3-M472
15526,MH-9442,O3-M473
5764,MH-3760,O3-M474
5765,MH-3761,O3-M475
6919,MH-4488,O3-M476
1545,MH-1000,O3-M477
3514,MH-2295,O3-M478
28398,MH-15514,O3-M479
6425,MH-4181,O3-M480
6246,MH-4070,O3-M481
12360,MH-7713,O3-M482
9887,MH-6259,O3-M483
7746,MH-4982,O3-M484
5713,MH-3727,O3-M485
7961,MH-5109,O3-M486
20913,MH-12350,O3-M487
7962,MH-5110,O3-M488
9831,MH-6227,O3-M489
9830,MH-6226,O3-M490
7320,MH-4730,O3-M491
7319,MH-4729,O3-M492
16548,MH-10002,O3-M493
25248,MH-14317,O3-M494
26683,MH-14845,O3-M495
12921,MH-8021,O3-M496
13128,MH-8130,O3-M497
21006,MH-12398,O3-M498
21007,MH-12399,O3-M499
15474,MH-9413,O3-M500
15475,MH-9414,O3-M501
25889,MH-14568,O3-M502
18238,MH-10928,O3-M503
18237,MH-10927,O3-M504
203390,MH-22575,O3-M505
25025,MH-14230,O3-M506
6701,MH-4356,O3-M507
4190,MH-2736,O3-M508
4189,MH-2735,O3-M509
5984,MH-3901,O3-M510
7446,MH-4804,O3-M511
12005,MH-7513,O3-M512
4911,MH-3204,O3-M513
4910,MH-3203,O3-M514
34493,MH-18362,O3-M515
34492,MH-18361,O3-M516
34185,MH-18215,O3-M517
4897,MH-3195,O3-M518
4896,MH-3194,O3-M519
33745,MH-18004,O3-M520
33744,MH-18003,O3-M521
16975,MH-10241,O3-M522
18007,MH-10804,O3-M523
26122,MH-14655,O3-M524
37390,MH-19579,O3-M525
18261,MH-10940,O3-M526
18262,MH-10941,O3-M527
19744,MH-11737,O3-M528
19745,MH-11738,O3-M529
8074,MH-5176,O3-M530
8075,MH-5177,O3-M531
20777,MH-12280,O3-M532
20778,MH-12281,O3-M533
41394,MH-21009,O3-M534
24591,MH-14048,O3-M535
24592,MH-14049,O3-M536
20703,MH-12243,O3-M537
9378,MH-5955,O3-M538
9377,MH-5954,O3-M539
46269,MH-21824,O3-M540
20702,MH-12242,O3-M541
3813,MH-2491,O3-M542
17234,MH-10385,O3-M543
12806,MH-7963,O3-M544
3645,MH-2381,O3-M545
3646,MH-2382,O3-M546
12805,MH-7962,O3-M547
21797,MH-12782,O3-M548
21796,MH-12781,O3-M549
28071,MH-15379,O3-M550
7445,MH-4803,O3-M551
43989,MH-21546,O3-M552
17118,MH-10319,O3-M553
12926,MH-8024,O3-M554
12927,MH-8025,O3-M555
17119,MH-10320,O3-M556
16974,MH-10240,O3-M557
1521,MH-984,O3-M558
1520,MH-983,O3-M559
34626,MH-18424,O3-M560
6526,MH-4245,O3-M561
34468,MH-18350,O3-M562
34458,MH-18345,O3-M563
28093,MH-15389,O3-M564
33339,MH-17811,O3-M565
35176,MH-18655,O3-M566
28307,MH-15476,O3-M567
11507,MH-7218,O3-M568
11506,MH-7217,O3-M569
41041,MH-20911,O3-M570
17368,MH-10459,O3-M571
17367,MH-10458,O3-M572
9698,MH-6146,O3-M573
9489,MH-6021,O3-M574
16786,MH-10135,O3-M575
4161,MH-2717,O3-M576
12281,MH-7670,O3-M577
43862,MH-21527,O3-M578
34177,MH-18212,O3-M579
5375,MH-3506,O3-M580
5374,MH-3505,O3-M581
34619,MH-18422,O3-M582
34653,MH-18436,O3-M583
17819,MH-10701,O3-M584
17818,MH-10700,O3-M585
20343,MH-12054,O3-M586
42702,MH-21326,O3-M587
40684,MH-20797,O3-M588
31292,MH-16808,O3-M589
11699,MH-7335,O3-M590
11698,MH-7334,O3-M591
28278,MH-15463,O3-M592
19519,MH-11620,O3-M593
7695,MH-4953,O3-M594
7694,MH-4952,O3-M595
20294,MH-12028,O3-M596
21973,MH-12868,O3-M597
30400,MH-16389,O3-M598
10362,MH-6544,O3-M599
15674,MH-9520,O3-M600
20469,MH-12118,O3-M601
261,MH-149,O3-M602
2215,MH-1442,O3-M603
13540,MH-8368,O3-M604
13539,MH-8367,O3-M605
25388,MH-14372,O3-M606
39366,MH-20339,O3-M607
18494,MH-11067,O3-M608
18495,MH-11068,O3-M609
24612,MH-14059,O3-M610
26221,MH-14688,O3-M611
43164,MH-21411,O3-M612
27017,MH-14974,O3-M613
23783,MH-13698,O3-M614
23784,MH-13699,O3-M615
38342,MH-19976,O3-M616
4393,MH-2867,O3-M617
4394,MH-2868,O3-M618
1432,MH-925,O3-M619
1433,MH-926,O3-M620
5079,MH-3314,O3-M621
5080,MH-3315,O3-M622
11422,MH-7166,O3-M623
36560,MH-19217,O3-M624
36271,MH-19108,O3-M625
1710,MH-1109,O3-M626
19554,MH-11640,O3-M627
23356,MH-13504,O3-M628
3767,MH-2461,O3-M629
6656,MH-4328,O3-M630
6657,MH-4329,O3-M631
22899,MH-13302,O3-M632
30071,MH-16240,O3-M633
33408,MH-17841,O3-M634
6071,MH-3958,O3-M635
6070,MH-3957,O3-M636
29444,MH-15956,O3-M637
16759,MH-10120,O3-M638
20468,MH-12117,O3-M639
23005,MH-13347,O3-M640
28576,MH-15597,O3-M641
28575,MH-15596,O3-M642
20251,MH-12008,O3-M643
15918,MH-9661,O3-M644
6404,MH-4169,O3-M645
6403,MH-4168,O3-M646
12107,MH-7571,O3-M647
16811,MH-10149,O3-M648
16810,MH-10148,O3-M649
407,MH-245,O3-M650
22621,MH-13170,O3-M651
14426,MH-8844,O3-M652
10527,MH-6638,O3-M653
10526,MH-6637,O3-M654
3213,MH-2098,O3-M655
3212,MH-2097,O3-M656
16370,MH-9905,O3-M657
11157,MH-7008,O3-M658
11156,MH-7007,O3-M659
36354,MH-19137,O3-M660
19018,MH-11345,O3-M661
19017,MH-11344,O3-M662
36253,MH-19102,O3-M663
14252,MH-8750,O3-M664
17846,MH-10716,O3-M665
6302,MH-4104,O3-M666
18215,MH-10917,O3-M667
12518,MH-7803,O3-M668
25347,MH-14356,O3-M669
5411,MH-3530,O3-M670
5410,MH-3529,O3-M671
1607,MH-1041,O3-M672
27475,MH-15145,O3-M673
31563,MH-16935,O3-M674
39438,MH-20369,O3-M675
5761,MH-3758,O3-M676
5762,MH-3759,O3-M677
9704,MH-6149,O3-M678
9705,MH-6150,O3-M679
19616,MH-11675,O3-M680
17797,MH-10689,O3-M681
17798,MH-10690,O3-M682
21068,MH-12429,O3-M683
21069,MH-12430,O3-M684
28306,MH-15475,O3-M685
30045,MH-16228,O3-M686
365,MH-217,O3-M687
28542,MH-15578,O3-M688
14253,MH-8751,O3-M689
22191,MH-12974,O3-M690
35200,MH-18667,O3-M691
6001,MH-3912,O3-M692
6002,MH-3913,O3-M693
35244,MH-18687,O3-M694
20760,MH-12273,O3-M695
6303,MH-4105,O3-M696
12730,MH-7919,O3-M697
1770,MH-1149,O3-M698
21562,MH-12672,O3-M699
35348,MH-18743,O3-M700
9488,MH-6020,O3-M701
18247,MH-10933,O3-M702
36132,MH-19051,O3-M703
9697,MH-6145,O3-M704
12519,MH-7804,O3-M705
21563,MH-12673,O3-M706
12724,MH-7915,O3-M707
12725,MH-7916,O3-M708
5443,MH-3551,O3-M709
25429,MH-14389,O3-M710
41835,MH-21115,O3-M711
15413,MH-9377,O3-M712
4775,MH-3115,O3-M713
4774,MH-3114,O3-M714
4160,MH-2716,O3-M715
1412,MH-912,O3-M716
24325,MH-13932,O3-M717
37851,MH-19776,O3-M718
16779,MH-10132,O3-M719
11149,MH-7003,O3-M720
27364,MH-15102,O3-M721
27365,MH-15103,O3-M722
27476,MH-15146,O3-M723
33102,MH-17686,O3-M724
31849,MH-17078,O3-M725
31850,MH-17079,O3-M726
27668,MH-15222,O3-M727
14066,MH-8652,O3-M728
14027,MH-8630,O3-M729
14028,MH-8631,O3-M730
19758,MH-11745,O3-M731
19759,MH-11746,O3-M732
41908,MH-21137,O3-M733
17060,MH-10288,O3-M734
42549,MH-21292,O3-M735
16856,MH-10173,O3-M736
23447,MH-13544,O3-M737
23448,MH-13545,O3-M738
7291,MH-4713,O3-M739
16550,MH-10003,O3-M740
16551,MH-10004,O3-M741
34451,MH-18342,O3-M742
34005,MH-18128,O3-M743
34006,MH-18129,O3-M744
37976,MH-19829,O3-M745
34244,MH-18244,O3-M746
26485,MH-14775,O3-M747
26486,MH-14776,O3-M748
35092,MH-18619,O3-M749
29346,MH-15915,O3-M750
48221,MH-22373,O3-M751
8785,MH-5596,O3-M752
8786,MH-5597,O3-M753
19623,MH-11678,O3-M754
34549,MH-18389,O3-M755
40110,MH-20605,O3-M756
38073,MH-19866,O3-M757
16369,MH-9904,O3-M758
40744,MH-20815,O3-M759
40743,MH-20814,O3-M760
36397,MH-19155,O3-M761
9649,MH-6117,O3-M762
9648,MH-6116,O3-M763
45969,MH-21791,O3-M764
33812,MH-18038,O3-M765
33926,MH-18091,O3-M766
32396,MH-17349,O3-M767
48241,MH-22379,O3-M768
14155,MH-8697,O3-M769
14156,MH-8698,O3-M770
15539,MH-9448,O3-M771
12766,MH-7940,O3-M772
16355,MH-9898,O3-M773
16354,MH-9897,O3-M774
20527,MH-12149,O3-M775
48226,MH-22374,O3-M776
20528,MH-12150,O3-M777
26149,MH-14665,O3-M778
12765,MH-7939,O3-M779
5223,MH-3407,O3-M780
16130,MH-9772,O3-M781
21399,MH-12592,O3-M782
4124,MH-2693,O3-M783
4125,MH-2694,O3-M784
1579,MH-1022,O3-M785
1580,MH-1023,O3-M786
18192,MH-10904,O3-M787
4086,MH-2668,O3-M788
2688,MH-1754,O3-M789
2687,MH-1753,O3-M790
6087,MH-3968,O3-M791
19129,MH-11404,O3-M792
17043,MH-10279,O3-M793
17042,MH-10278,O3-M794
31134,MH-16735,O3-M795
5148,MH-3359,O3-M796
5147,MH-3358,O3-M797
12475,MH-7779,O3-M798
1106,MH-709,O3-M799
6394,MH-4163,O3-M800
17900,MH-10747,O3-M801
17901,MH-10748,O3-M802
29375,MH-15926,O3-M803
7852,MH-5044,O3-M804
6536,MH-4251,O3-M805
6537,MH-4252,O3-M806
6411,MH-4172,O3-M807
6412,MH-4173,O3-M808
14488,MH-8877,O3-M809
14489,MH-8878,O3-M810
25775,MH-14524,O3-M811
25564,MH-14446,O3-M812
5377,MH-3507,O3-M813
1105,MH-708,O3-M814
45257,MH-21715,O3-M815
18019,MH-10810,O3-M816
6393,MH-4162,O3-M817
31095,MH-16718,O3-M818
15811,MH-9601,O3-M819
33054,MH-17665,O3-M820
35311,MH-18723,O3-M821
21871,MH-12819,O3-M822
10633,MH-6697,O3-M823
2679,MH-1748,O3-M824
2678,MH-1747,O3-M825
7494,MH-4832,O3-M826
10597,MH-6676,O3-M827
21976,MH-12869,O3-M828
14190,MH-8717,O3-M829
14810,MH-9052,O3-M830
14809,MH-9051,O3-M831
30312,MH-16352,O3-M832
30313,MH-16353,O3-M833
4546,MH-2968,O3-M834
4547,MH-2969,O3-M835
12683,MH-7894,O3-M836
12684,MH-7895,O3-M837
1375,MH-887,O3-M838
1376,MH-888,O3-M839
30897,MH-16619,O3-M840
573,MH-356,O3-M841
11874,MH-7436,O3-M842
31994,MH-17143,O3-M843
32771,MH-17530,O3-M844
32770,MH-17529,O3-M845
31861,MH-17084,O3-M846
16698,MH-10087,O3-M847
16697,MH-10086,O3-M848
32461,MH-17383,O3-M849
34313,MH-18274,O3-M850
5988,MH-3904,O3-M851
5987,MH-3903,O3-M852
37181,MH-19494,O3-M853
16654,MH-10062,O3-M854
16653,MH-10061,O3-M855
26676,MH-14843,O3-M856
2012,MH-1308,O3-M857
1457,MH-942,O3-M858
34424,MH-18330,O3-M859
29595,MH-16021,O3-M860
29594,MH-16020,O3-M861
30720,MH-16537,O3-M862
31804,MH-17054,O3-M863
27642,MH-15212,O3-M864
3462,MH-2261,O3-M865
21404,MH-12595,O3-M866
17179,MH-10352,O3-M867
17178,MH-10351,O3-M868
10898,MH-6854,O3-M869
15127,MH-9227,O3-M870
28499,MH-15558,O3-M871
30587,MH-16478,O3-M872
22351,MH-13041,O3-M873
6123,MH-3992,O3-M874
6122,MH-3991,O3-M875
32057,MH-17173,O3-M876
33895,MH-18078,O3-M877
33561,MH-17912,O3-M878
32680,MH-17486,O3-M879
32681,MH-17487,O3-M880
27820,MH-15279,O3-M881
27821,MH-15280,O3-M882
30562,MH-16467,O3-M883
29115,MH-15823,O3-M884
29116,MH-15824,O3-M885
15785,MH-9587,O3-M886
14206,MH-8724,O3-M887
14205,MH-8723,O3-M888
32366,MH-17333,O3-M889
29465,MH-15967,O3-M890
26902,MH-14930,O3-M891
47333,MH-22099,O3-M892
5964,MH-3889,O3-M893
5963,MH-3888,O3-M894
31226,MH-16778,O3-M895
6782,MH-4406,O3-M896
6783,MH-4407,O3-M897
19915,MH-11830,O3-M898
3304,MH-2158,O3-M899
30536,MH-16452,O3-M900
30591,MH-16480,O3-M901
13768,MH-8498,O3-M902
13767,MH-8497,O3-M903
47324,MH-22096,O3-M904
13183,MH-8160,O3-M905
3303,MH-2157,O3-M906
29544,MH-16002,O3-M907
12124,MH-7581,O3-M908
16270,MH-9850,O3-M909
16269,MH-9849,O3-M910
30980,MH-16660,O3-M911
29632,MH-16038,O3-M912
3914,MH-2557,O3-M913
29479,MH-15972,O3-M914
29478,MH-15971,O3-M915
18818,MH-11240,O3-M916
2832,MH-1849,O3-M917
26295,MH-14716,O3-M918
6065,MH-3954,O3-M919
20629,MH-12202,O3-M920
25822,MH-14539,O3-M921
28752,MH-15675,O3-M922
28963,MH-15763,O3-M923
277196,MH-22624,O3-M924
277199,MH-22625,O3-M925
47321,MH-22095,O3-M926
9149,MH-5816,O3-M927
29470,MH-15969,O3-M928
29447,MH-15958,O3-M929
277266,MH-22642,O3-M930
29988,MH-16203,O3-M931
8619,MH-5495,O3-M932
8620,MH-5496,O3-M933
9098,MH-5785,O3-M934
3158,MH-2062,O3-M935
29446,MH-15957,O3-M936
9394,MH-5964,O3-M937
9395,MH-5965,O3-M938
32070,MH-17180,O3-M939
6273,MH-4086,O3-M940
6272,MH-4085,O3-M941
10655,MH-6711,O3-M942
10654,MH-6710,O3-M943
32597,MH-17446,O3-M944
6256,MH-4076,O3-M945
6244,MH-4069,O3-M946
6243,MH-4068,O3-M947
22179,MH-12969,O3-M948
22178,MH-12968,O3-M949
6624,MH-4308,O3-M950
6623,MH-4307,O3-M951
35735,MH-18898,O3-M952
35734,MH-18897,O3-M953
35008,MH-18584,O3-M954
35007,MH-18583,O3-M955
37539,MH-19642,O3-M956
37538,MH-19641,O3-M957
13112,MH-8121,O3-M958
13113,MH-8122,O3-M959
31512,MH-16911,O3-M960
31513,MH-16912,O3-M961
32176,MH-17233,O3-M962
32177,MH-17234,O3-M963
14881,MH-9090,O3-M964
14016,MH-8624,O3-M965
203462,MH-22601,O3-M966
14017,MH-8625,O3-M967
16915,MH-10207,O3-M968
21754,MH-12762,O3-M969
29357,MH-15918,O3-M970
30113,MH-16263,O3-M971
23603,MH-13616,O3-M972
9496,MH-6024,O3-M973
28920,MH-15746,O3-M974
36425,MH-19164,O3-M975
7929,MH-5091,O3-M976
24608,MH-14057,O3-M977
32505,MH-17406,O3-M978
3481,MH-2273,O3-M979
3482,MH-2274,O3-M980
4968,MH-3241,O3-M981
13922,MH-8578,O3-M982
22971,MH-13333,O3-M983
24607,MH-14056,O3-M984
6110,MH-3983,O3-M985
6111,MH-3984,O3-M986
8257,MH-5287,O3-M987
4528,MH-2956,O3-M988
10897,MH-6853,O3-M989
14376,MH-8814,O3-M990
14377,MH-8815,O3-M991
12974,MH-8049,O3-M992
25558,MH-14443,O3-M993
25559,MH-14444,O3-M994
29304,MH-15898,O3-M995
19419,MH-11564,O3-M996
9550,MH-6058,O3-M997
9551,MH-6059,O3-M998
22307,MH-13026,O3-M999
7817,MH-5022,O3-M1000
5905,MH-3852,O3-M1001
12105,MH-7570,O3-M1002
11510,MH-7219,O3-M1003
31336,MH-16828,O3-M1004
32738,MH-17514,O3-M1005
36934,MH-19382,O3-M1006
31417,MH-16870,O3-M1007
31416,MH-16869,O3-M1008
2399,MH-1563,O3-M1009
33071,MH-17674,O3-M1010
33070,MH-17673,O3-M1011
34064,MH-18155,O3-M1012
35767,MH-18912,O3-M1013
16927,MH-10213,O3-M1014
16928,MH-10214,O3-M1015
13983,MH-8609,O3-M1016
30033,MH-16223,O3-M1017
30034,MH-16224,O3-M1018
16740,MH-10111,O3-M1019
11470,MH-7195,O3-M1020
11469,MH-7194,O3-M1021
20283,MH-12023,O3-M1022
8814,MH-5612,O3-M1023
8815,MH-5613,O3-M1024
14520,MH-8894,O3-M1025
31237,MH-16782,O3-M1026
28410,MH-15520,O3-M1027
28409,MH-15519,O3-M1028
10067,MH-6368,O3-M1029
10066,MH-6367,O3-M1030
14596,MH-8938,O3-M1031
2709,MH-1768,O3-M1032
2708,MH-1767,O3-M1033
25466,MH-14404,O3-M1034
277260,MH-22640,O3-M1035
277263,MH-22641,O3-M1036
25465,MH-14403,O3-M1037
8327,MH-5328,O3-M1038
1337,MH-862,O3-M1039
1336,MH-861,O3-M1040
15947,MH-9676,O3-M1041
12323,MH-7693,O3-M1042
5453,MH-3557,O3-M1043
5452,MH-3556,O3-M1044
34062,MH-18154,O3-M1045
8286,MH-5304,O3-M1046
29231,MH-15869,O3-M1047
13938,MH-8586,O3-M1048
3295,MH-2152,O3-M1049
3294,MH-2151,O3-M1050
41344,MH-20995,O3-M1051
18577,MH-11111,O3-M1052
4799,MH-3131,O3-M1053
4798,MH-3130,O3-M1054
4814,MH-3141,O3-M1055
4813,MH-3140,O3-M1056
33462,MH-17867,O3-M1057
11388,MH-7146,O3-M1058
11387,MH-7145,O3-M1059
24640,MH-14073,O3-M1060
12648,MH-7875,O3-M1061
5919,MH-3861,O3-M1062
5920,MH-3862,O3-M1063
29615,MH-16030,O3-M1064
4937,MH-3221,O3-M1065
14925,MH-9113,O3-M1066
14926,MH-9114,O3-M1067
2611,MH-1703,O3-M1068
2612,MH-1704,O3-M1069
27358,MH-15100,O3-M1070
10617,MH-6688,O3-M1071
15339,MH-9339,O3-M1072
12602,MH-7850,O3-M1073
5934,MH-3870,O3-M1074
30975,MH-16658,O3-M1075
30974,MH-16657,O3-M1076
3877,MH-2533,O3-M1077
8285,MH-5303,O3-M1078
12943,MH-8033,O3-M1079
15110,MH-9218,O3-M1080
10478,MH-6610,O3-M1081
25310,MH-14338,O3-M1082
32478,MH-17391,O3-M1083
30482,MH-16428,O3-M1084
30483,MH-16429,O3-M1085
5973,MH-3894,O3-M1086
5974,MH-3895,O3-M1087
15070,MH-9193,O3-M1088
16641,MH-10055,O3-M1089
16642,MH-10056,O3-M1090
22060,MH-12909,O3-M1091
25119,MH-14268,O3-M1092
3018,MH-1971,O3-M1093
17426,MH-10489,O3-M1094
203417,MH-22586,O3-M1095
17425,MH-10488,O3-M1096
6443,MH-4193,O3-M1097
4106,MH-2681,O3-M1098
14573,MH-8924,O3-M1099
1397,MH-902,O3-M1100
1396,MH-901,O3-M1101
5948,MH-3879,O3-M1102
37769,MH-19741,O3-M1103
32025,MH-17156,O3-M1104
3970,MH-2594,O3-M1105
3969,MH-2593,O3-M1106
203410,MH-22583,O3-M1107
10913,MH-6863,O3-M1108
36880,MH-19354,O3-M1109
8690,MH-5537,O3-M1110
8689,MH-5536,O3-M1111
12017,MH-7519,O3-M1112
2488,MH-1622,O3-M1113
11081,MH-6963,O3-M1114
11080,MH-6962,O3-M1115
16996,MH-10253,O3-M1116
203407,MH-22582,O3-M1117
32603,MH-17449,O3-M1118
9756,MH-6181,O3-M1119
16114,MH-9763,O3-M1120
31696,MH-17001,O3-M1121
16748,MH-10115,O3-M1122
1469,MH-950,O3-M1123
14181,MH-8712,O3-M1124
33115,MH-17693,O3-M1125
32974,MH-17625,O3-M1126
31004,MH-16674,O3-M1127
31005,MH-16675,O3-M1128
17737,MH-10657,O3-M1129
8134,MH-5212,O3-M1130
8133,MH-5211,O3-M1131
14021,MH-8627,O3-M1132
13529,MH-8361,O3-M1133
5719,MH-3731,O3-M1134
9436,MH-5989,O3-M1135
4743,MH-3094,O3-M1136
13078,MH-8103,O3-M1137
115,MH-53,O3-M1138
1671,MH-1083,O3-M1139
1670,MH-1082,O3-M1140
9296,MH-5905,O3-M1141
18939,MH-11302,O3-M1142
2930,MH-1913,O3-M1143
2929,MH-1912,O3-M1144
7164,MH-4636,O3-M1145
29880,MH-16151,O3-M1146
41767,MH-21101,O3-M1147
27488,MH-15150,O3-M1148
11845,MH-7419,O3-M1149
11844,MH-7418,O3-M1150
32188,MH-17240,O3-M1151
2414,MH-1573,O3-M1152
2413,MH-1572,O3-M1153
29238,MH-15873,O3-M1154
29237,MH-15872,O3-M1155
17585,MH-10575,O3-M1156
14180,MH-8711,O3-M1157
13887,MH-8560,O3-M1158
7038,MH-4559,O3-M1159
7037,MH-4558,O3-M1160
9435,MH-5988,O3-M1161
2307,MH-1502,O3-M1162
5310,MH-3464,O3-M1163
10600,MH-6678,O3-M1164
19248,MH-11470,O3-M1165
18500,MH-11071,O3-M1166
9295,MH-5904,O3-M1167
7163,MH-4635,O3-M1168
10849,MH-6824,O3-M1169
10848,MH-6823,O3-M1170
40250,MH-20649,O3-M1171
4751,MH-3099,O3-M1172
4752,MH-3100,O3-M1173
10468,MH-6604,O3-M1174
9991,MH-6322,O3-M1175
9992,MH-6323,O3-M1176
31156,MH-16743,O3-M1177
31157,MH-16744,O3-M1178
32972,MH-17624,O3-M1179
21825,MH-12796,O3-M1180
17018,MH-10265,O3-M1181
18467,MH-11053,O3-M1182
6442,MH-4192,O3-M1183
4107,MH-2682,O3-M1184
5330,MH-3476,O3-M1185
9257,MH-5881,O3-M1186
9256,MH-5880,O3-M1187
47327,MH-22097,O3-M1188
1417,MH-915,O3-M1189
14949,MH-9125,O3-M1190
15996,MH-9702,O3-M1191
47330,MH-22098,O3-M1192
13532,MH-8363,O3-M1193
13531,MH-8362,O3-M1194
9797,MH-6206,O3-M1195
5682,MH-3707,O3-M1196
5683,MH-3708,O3-M1197
26322,MH-14725,O3-M1198
18867,MH-11265,O3-M1199
51,MH-12,O3-M1200
15469,MH-9410,O3-M1201
30355,MH-16370,O3-M1202
27021,MH-14976,O3-M1203
25319,MH-14343,O3-M1204
22450,MH-13084,O3-M1205
21552,MH-12666,O3-M1206
2440,MH-1590,O3-M1207
2441,MH-1591,O3-M1208
9658,MH-6122,O3-M1209
8526,MH-5441,O3-M1210
8525,MH-5440,O3-M1211
8599,MH-5483,O3-M1212
4963,MH-3238,O3-M1213
4962,MH-3237,O3-M1214
6752,MH-4387,O3-M1215
277249,MH-22637,O3-M1216
10780,MH-6783,O3-M1217
4028,MH-2631,O3-M1218
203420,MH-22587,O3-M1219
11174,MH-7019,O3-M1220
7537,MH-4858,O3-M1221
7536,MH-4857,O3-M1222
13380,MH-8271,O3-M1223
2741,MH-1789,O3-M1224
47336,MH-22100,O3-M1225
4029,MH-2632,O3-M1226
9372,MH-5951,O3-M1227
8584,MH-5474,O3-M1228
13770,MH-8499,O3-M1229
28344,MH-15491,O3-M1230
203413,MH-22584,O3-M1231
203415,MH-22585,O3-M1232
47309,MH-22091,O3-M1233
10599,MH-6677,O3-M1234
20678,MH-12228,O3-M1235
43510,MH-21469,O3-M1236
24763,MH-14127,O3-M1237
24764,MH-14128,O3-M1238
21039,MH-12415,O3-M1239
20939,MH-12364,O3-M1240
20940,MH-12365,O3-M1241
19689,MH-11708,O3-M1242
12746,MH-7928,O3-M1243
14392,MH-8824,O3-M1244
14391,MH-8823,O3-M1245
25915,MH-14575,O3-M1246
1244,MH-800,O3-M1247
7259,MH-4693,O3-M1248
23317,MH-13488,O3-M1249
1196,MH-768,O3-M1250
1197,MH-769,O3-M1251
21846,MH-12807,O3-M1252
21845,MH-12806,O3-M1253
20339,MH-12053,O3-M1254
20338,MH-12052,O3-M1255
34797,MH-18502,O3-M1256
8277,MH-5298,O3-M1257
8278,MH-5299,O3-M1258
69,MH-24,O3-M1259
21239,MH-12511,O3-M1260
37932,MH-19812,O3-M1261
2786,MH-1818,O3-M1262
2030,MH-1319,O3-M1263
2031,MH-1320,O3-M1264
3727,MH-2435,O3-M1265
23704,MH-13663,O3-M1266
6700,MH-4355,O3-M1267
11437,MH-7175,O3-M1268
11436,MH-7174,O3-M1269
23350,MH-13502,O3-M1270
2835,MH-1851,O3-M1271
2834,MH-1850,O3-M1272
45127,MH-21700,O3-M1273
278212,MH-22831,O3-M1274
278215,MH-22832,O3-M1275
40224,MH-20639,O3-M1276
3120,MH-2037,O3-M1277
3121,MH-2038,O3-M1278
9907,MH-6272,O3-M1279
6026,MH-3929,O3-M1280
24225,MH-13887,O3-M1281
21994,MH-12880,O3-M1282
26055,MH-14631,O3-M1283
44603,MH-21631,O3-M1284
41490,MH-21038,O3-M1285
4260,MH-2781,O3-M1286
4261,MH-2782,O3-M1287
12653,MH-7878,O3-M1288
8027,MH-5147,O3-M1289
8028,MH-5148,O3-M1290
15970,MH-9689,O3-M1291
10059,MH-6363,O3-M1292
18259,MH-10939,O3-M1293
19002,MH-11336,O3-M1294
2313,MH-1506,O3-M1295
2312,MH-1505,O3-M1296
35808,MH-18927,O3-M1297
35807,MH-18926,O3-M1298
24423,MH-13977,O3-M1299
6025,MH-3928,O3-M1300
42437,MH-21269,O3-M1301
6547,MH-4258,O3-M1302
6548,MH-4259,O3-M1303
11070,MH-6957,O3-M1304
21993,MH-12879,O3-M1305
6647,MH-4322,O3-M1306
16231,MH-9829,O3-M1307
22583,MH-13149,O3-M1308
9314,MH-5915,O3-M1309
33726,MH-17993,O3-M1310
404,MH-243,O3-M1311
27186,MH-15033,O3-M1312
24676,MH-14089,O3-M1313
21182,MH-12486,O3-M1314
33504,MH-17885,O3-M1315
25566,MH-14447,O3-M1316
25567,MH-14448,O3-M1317
8903,MH-5666,O3-M1318
8904,MH-5667,O3-M1319
43878,MH-21529,O3-M1320
26538,MH-14792,O3-M1321
26537,MH-14791,O3-M1322
28925,MH-15749,O3-M1323
28924,MH-15748,O3-M1324
28583,MH-15601,O3-M1325
28582,MH-15600,O3-M1326
32377,MH-17338,O3-M1327
28941,MH-15755,O3-M1328
25288,MH-14331,O3-M1329
21181,MH-12485,O3-M1330
30047,MH-16229,O3-M1331
14798,MH-9046,O3-M1332
43194,MH-21420,O3-M1333
18524,MH-11081,O3-M1334
35874,MH-18955,O3-M1335
32665,MH-17479,O3-M1336
32664,MH-17478,O3-M1337
21863,MH-12816,O3-M1338
21862,MH-12815,O3-M1339
2994,MH-1955,O3-M1340
22375,MH-13052,O3-M1341
1722,MH-1117,O3-M1342
1721,MH-1116,O3-M1343
6282,MH-4091,O3-M1344
7984,MH-5123,O3-M1345
7983,MH-5122,O3-M1346
24056,MH-13815,O3-M1347
16692,MH-10083,O3-M1348
11794,MH-7390,O3-M1349
38253,MH-19939,O3-M1350
11795,MH-7391,O3-M1351
18225,MH-10922,O3-M1352
14997,MH-9150,O3-M1353
24163,MH-13861,O3-M1354
10313,MH-6515,O3-M1355
10312,MH-6514,O3-M1356
25259,MH-14322,O3-M1357
859,MH-545,O3-M1358
1358,MH-876,O3-M1359
19103,MH-11390,O3-M1360
22174,MH-12966,O3-M1361
858,MH-544,O3-M1362
24541,MH-14027,O3-M1363
28218,MH-15436,O3-M1364
14371,MH-8811,O3-M1365
16100,MH-9756,O3-M1366
12480,MH-7782,O3-M1367
14324,MH-8788,O3-M1368
4096,MH-2675,O3-M1369
17827,MH-10706,O3-M1370
14424,MH-8843,O3-M1371
5142,MH-3355,O3-M1372
12126,MH-7582,O3-M1373
9375,MH-5953,O3-M1374
10371,MH-6549,O3-M1375
29451,MH-15960,O3-M1376
29450,MH-15959,O3-M1377
17574,MH-10569,O3-M1378
17575,MH-10570,O3-M1379
14370,MH-8810,O3-M1380
6339,MH-4127,O3-M1381
7229,MH-4676,O3-M1382
7403,MH-4778,O3-M1383
44878,MH-21668,O3-M1384
30772,MH-16562,O3-M1385
8783,MH-5595,O3-M1386
7228,MH-4675,O3-M1387
4095,MH-2674,O3-M1388
23638,MH-13632,O3-M1389
12562,MH-7828,O3-M1390
12563,MH-7829,O3-M1391
5141,MH-3354,O3-M1392
20586,MH-12180,O3-M1393
277275,MH-22645,O3-M1394
20585,MH-12179,O3-M1395
27738,MH-15246,O3-M1396
32644,MH-17470,O3-M1397
9374,MH-5952,O3-M1398
31575,MH-16942,O3-M1399
36273,MH-19109,O3-M1400
21481,MH-12630,O3-M1401
8782,MH-5594,O3-M1402
10258,MH-6482,O3-M1403
34736,MH-18477,O3-M1404
10810,MH-6801,O3-M1405
2507,MH-1635,O3-M1406
4035,MH-2636,O3-M1407
10229,MH-6465,O3-M1408
36598,MH-19234,O3-M1409
36711,MH-19283,O3-M1410
6147,MH-4007,O3-M1411
16682,MH-10078,O3-M1412
1090,MH-698,O3-M1413
17897,MH-10746,O3-M1414
48589,MH-22491,O3-M1415
10987,MH-6907,O3-M1416
10986,MH-6906,O3-M1417
4243,MH-2770,O3-M1418
4242,MH-2769,O3-M1419
31838,MH-17072,O3-M1420
31837,MH-17071,O3-M1421
41294,MH-20983,O3-M1422
31235,MH-16781,O3-M1423
18884,MH-11274,O3-M1424
18883,MH-11273,O3-M1425
39021,MH-20215,O3-M1426
38983,MH-20205,O3-M1427
34322,MH-18279,O3-M1428
34321,MH-18278,O3-M1429
42782,MH-21340,O3-M1430
42781,MH-21339,O3-M1431
14974,MH-9140,O3-M1432
14973,MH-9139,O3-M1433
18265,MH-10942,O3-M1434
725,MH-456,O3-M1435
22884,MH-13294,O3-M1436
28592,MH-15603,O3-M1437
35555,MH-18825,O3-M1438
739,MH-465,O3-M1439
10509,MH-6627,O3-M1440
278233,MH-22838,O3-M1441
278231,MH-22837,O3-M1442
278229,MH-22836,O3-M1443
278227,MH-22835,O3-M1444
18704,MH-11180,O3-M1445
18705,MH-11181,O3-M1446
17485,MH-10518,O3-M1447
17486,MH-10519,O3-M1448
23461,MH-13552,O3-M1449
16838,MH-10163,O3-M1450
21028,MH-12409,O3-M1451
23359,MH-13505,O3-M1452
351,MH-208,O3-M1453
16836,MH-10162,O3-M1454
1775,MH-1152,O3-M1455
24838,MH-14157,O3-M1456
17194,MH-10361,O3-M1457
17195,MH-10362,O3-M1458
24923,MH-14192,O3-M1459
13015,MH-8070,O3-M1460
10064,MH-6366,O3-M1461
32675,MH-17483,O3-M1462
32676,MH-17484,O3-M1463
35841,MH-18940,O3-M1464
35100,MH-18623,O3-M1465
35101,MH-18624,O3-M1466
31799,MH-17051,O3-M1467
31800,MH-17052,O3-M1468
33429,MH-17853,O3-M1469
34083,MH-18165,O3-M1470
42006,MH-21162,O3-M1471
10640,MH-6701,O3-M1472
10641,MH-6702,O3-M1473
31945,MH-17119,O3-M1474
9369,MH-5949,O3-M1475
7658,MH-4932,O3-M1476
32382,MH-17341,O3-M1477
32383,MH-17342,O3-M1478
34228,MH-18236,O3-M1479
3050,MH-1991,O3-M1480
16875,MH-10184,O3-M1481
30768,MH-16560,O3-M1482
30769,MH-16561,O3-M1483
32636,MH-17466,O3-M1484
37575,MH-19657,O3-M1485
19938,MH-11842,O3-M1486
19939,MH-11843,O3-M1487
2165,MH-1409,O3-M1488
34307,MH-18272,O3-M1489
203393,MH-22576,O3-M1490
30078,MH-16243,O3-M1491
30079,MH-16244,O3-M1492
32192,MH-17242,O3-M1493
12451,MH-7765,O3-M1494
12452,MH-7766,O3-M1495
17131,MH-10326,O3-M1496
278199,MH-22829,O3-M1497
278197,MH-22828,O3-M1498
278195,MH-22827,O3-M1499
278193,MH-22826,O3-M1500
278191,MH-22825,O3-M1501
278189,MH-22824,O3-M1502
278187,MH-22823,O3-M1503
29092,MH-15811,O3-M1504
10659,MH-6713,O3-M1505
10660,MH-6714,O3-M1506
26715,MH-14857,O3-M1507
37302,MH-19541,O3-M1508
5584,MH-3642,O3-M1509
5585,MH-3643,O3-M1510
25011,MH-14227,O3-M1511
3355,MH-2191,O3-M1512
25368,MH-14363,O3-M1513
27019,MH-14975,O3-M1514
12318,MH-7690,O3-M1515
12317,MH-7689,O3-M1516
4258,MH-2780,O3-M1517
4257,MH-2779,O3-M1518
16977,MH-10242,O3-M1519
30737,MH-16544,O3-M1520
30736,MH-16543,O3-M1521
37512,MH-19630,O3-M1522
33815,MH-18039,O3-M1523
31761,MH-17032,O3-M1524
31760,MH-17031,O3-M1525
2506,MH-1634,O3-M1526
27003,MH-14967,O3-M1527
32103,MH-17197,O3-M1528
3375,MH-2204,O3-M1529
3374,MH-2203,O3-M1530
30504,MH-16440,O3-M1531
28009,MH-15357,O3-M1532
28008,MH-15356,O3-M1533
41214,MH-20961,O3-M1534
4034,MH-2635,O3-M1535
28229,MH-15441,O3-M1536
6254,MH-4075,O3-M1537
6253,MH-4074,O3-M1538
40486,MH-20725,O3-M1539
8976,MH-5711,O3-M1540
8975,MH-5710,O3-M1541
42921,MH-21359,O3-M1542
9483,MH-6017,O3-M1543
9482,MH-6016,O3-M1544
18672,MH-11165,O3-M1545
34869,MH-18524,O3-M1546
21907,MH-12836,O3-M1547
21906,MH-12835,O3-M1548
38943,MH-20189,O3-M1549
13730,MH-8477,O3-M1550
36016,MH-19007,O3-M1551
20680,MH-12229,O3-M1552
9883,MH-6257,O3-M1553
9882,MH-6256,O3-M1554
31361,MH-16842,O3-M1555
16441,MH-9943,O3-M1556
33734,MH-17997,O3-M1557
33733,MH-17996,O3-M1558
43394,MH-21454,O3-M1559
18397,MH-11015,O3-M1560
39638,MH-20442,O3-M1561
6146,MH-4006,O3-M1562
41580,MH-21062,O3-M1563
16681,MH-10077,O3-M1564
38653,MH-20096,O3-M1565
22212,MH-12982,O3-M1566
40518,MH-20739,O3-M1567
17896,MH-10745,O3-M1568
23310,MH-13485,O3-M1569
12186,MH-7616,O3-M1570
28779,MH-15686,O3-M1571
9585,MH-6080,O3-M1572
9584,MH-6079,O3-M1573
30445,MH-16410,O3-M1574
30010,MH-16211,O3-M1575
2309,MH-1503,O3-M1576
20302,MH-12033,O3-M1577
32952,MH-17614,O3-M1578
38839,MH-20159,O3-M1579
2063,MH-1341,O3-M1580
47274,MH-22080,O3-M1581
47272,MH-22079,O3-M1582
47270,MH-22078,O3-M1583
47268,MH-22077,O3-M1584
21429,MH-12607,O3-M1585
10158,MH-6424,O3-M1586
21961,MH-12862,O3-M1587
2198,MH-1431,O3-M1588
2197,MH-1430,O3-M1589
31925,MH-17113,O3-M1590
31749,MH-17026,O3-M1591
31748,MH-17025,O3-M1592
40272,MH-20656,O3-M1593
25523,MH-14428,O3-M1594
1749,MH-1135,O3-M1595
25773,MH-14523,O3-M1596
15219,MH-9277,O3-M1597
15218,MH-9276,O3-M1598
20583,MH-12178,O3-M1599
38393,MH-19998,O3-M1600
23996,MH-13791,O3-M1601
25681,MH-14489,O3-M1602
42387,MH-21257,O3-M1603
19114,MH-11397,O3-M1604
18434,MH-11036,O3-M1605
18435,MH-11037,O3-M1606
9950,MH-6297,O3-M1607
9949,MH-6296,O3-M1608
40811,MH-20837,O3-M1609
18649,MH-11151,O3-M1610
35307,MH-18721,O3-M1611
23997,MH-13792,O3-M1612
21428,MH-12606,O3-M1613
30948,MH-16645,O3-M1614
26470,MH-14771,O3-M1615
10157,MH-6423,O3-M1616
31079,MH-16709,O3-M1617
31078,MH-16708,O3-M1618
22837,MH-13272,O3-M1619
21960,MH-12861,O3-M1620
31411,MH-16866,O3-M1621
31410,MH-16865,O3-M1622
22836,MH-13271,O3-M1623
20672,MH-12225,O3-M1624
31264,MH-16796,O3-M1625
32871,MH-17577,O3-M1626
32872,MH-17578,O3-M1627
32830,MH-17557,O3-M1628
32831,MH-17558,O3-M1629
33597,MH-17928,O3-M1630
33277,MH-17779,O3-M1631
33278,MH-17780,O3-M1632
32112,MH-17200,O3-M1633
36859,MH-19346,O3-M1634
24153,MH-13858,O3-M1635
277278,MH-22646,O3-M1636
24152,MH-13857,O3-M1637
26842,MH-14904,O3-M1638
14059,MH-8648,O3-M1639
11220,MH-7047,O3-M1640
11219,MH-7046,O3-M1641
24291,MH-13917,O3-M1642
24290,MH-13916,O3-M1643
41922,MH-21139,O3-M1644
277205,MH-22627,O3-M1645
8971,MH-5708,O3-M1646
8970,MH-5707,O3-M1647
21311,MH-12547,O3-M1648
37710,MH-19718,O3-M1649
24768,MH-14130,O3-M1650
24769,MH-14131,O3-M1651
25484,MH-14411,O3-M1652
9558,MH-6063,O3-M1653
784,MH-495,O3-M1654
29613,MH-16029,O3-M1655
26208,MH-14684,O3-M1656
14408,MH-8833,O3-M1657
14409,MH-8834,O3-M1658
13225,MH-8185,O3-M1659
13226,MH-8186,O3-M1660
22995,MH-13343,O3-M1661
22996,MH-13344,O3-M1662
11786,MH-7385,O3-M1663
11787,MH-7386,O3-M1664
31081,MH-16710,O3-M1665
26038,MH-14625,O3-M1666
516,MH-318,O3-M1667
6446,MH-4195,O3-M1668
6445,MH-4194,O3-M1669
17597,MH-10582,O3-M1670
17596,MH-10581,O3-M1671
9732,MH-6167,O3-M1672
18973,MH-11319,O3-M1673
28280,MH-15464,O3-M1674
13746,MH-8485,O3-M1675
13747,MH-8486,O3-M1676
18571,MH-11108,O3-M1677
29342,MH-15914,O3-M1678
10508,MH-6626,O3-M1679
9733,MH-6168,O3-M1680
21701,MH-12740,O3-M1681
21702,MH-12741,O3-M1682
15146,MH-9236,O3-M1683
11764,MH-7372,O3-M1684
11765,MH-7373,O3-M1685
39287,MH-20312,O3-M1686
35226,MH-18679,O3-M1687
24733,MH-14112,O3-M1688
24734,MH-14113,O3-M1689
37871,MH-19785,O3-M1690
16165,MH-9790,O3-M1691
16166,MH-9791,O3-M1692
23851,MH-13727,O3-M1693
16031,MH-9720,O3-M1694
16032,MH-9721,O3-M1695
641,MH-400,O3-M1696
10542,MH-6646,O3-M1697
36916,MH-19373,O3-M1698
39017,MH-20213,O3-M1699
7179,MH-4646,O3-M1700
7178,MH-4645,O3-M1701
9574,MH-6073,O3-M1702
9575,MH-6074,O3-M1703
15574,MH-9468,O3-M1704
43127,MH-21405,O3-M1705
25514,MH-14425,O3-M1706
27565,MH-15183,O3-M1707
17412,MH-10481,O3-M1708
38148,MH-19900,O3-M1709
38149,MH-19901,O3-M1710
40325,MH-20672,O3-M1711
36651,MH-19257,O3-M1712
36652,MH-19258,O3-M1713
38619,MH-20081,O3-M1714
37729,MH-19724,O3-M1715
18187,MH-10901,O3-M1716
18188,MH-10902,O3-M1717
23615,MH-13621,O3-M1718
20012,MH-11885,O3-M1719
22654,MH-13184,O3-M1720
22653,MH-13183,O3-M1721
27825,MH-15282,O3-M1722
24917,MH-14190,O3-M1723
24262,MH-13904,O3-M1724
24261,MH-13903,O3-M1725
38722,MH-20118,O3-M1726
39778,MH-20491,O3-M1727
24468,MH-13996,O3-M1728
18785,MH-11224,O3-M1729
37270,MH-19531,O3-M1730
37271,MH-19532,O3-M1731
24256,MH-13900,O3-M1732
24257,MH-13901,O3-M1733
34928,MH-18548,O3-M1734
34929,MH-18549,O3-M1735
23870,MH-13735,O3-M1736
18786,MH-11225,O3-M1737
15949,MH-9677,O3-M1738
15950,MH-9678,O3-M1739
14497,MH-8883,O3-M1740
14498,MH-8884,O3-M1741
39571,MH-20418,O3-M1742
30234,MH-16318,O3-M1743
30235,MH-16319,O3-M1744
29224,MH-15866,O3-M1745
29225,MH-15867,O3-M1746
32970,MH-17623,O3-M1747
31609,MH-16959,O3-M1748
4519,MH-2950,O3-M1749
4520,MH-2951,O3-M1750
23371,MH-13510,O3-M1751
277202,MH-22626,O3-M1752
41966,MH-21151,O3-M1753
7761,MH-4992,O3-M1754
7762,MH-4993,O3-M1755
13243,MH-8195,O3-M1756
13244,MH-8196,O3-M1757
16839,MH-10164,O3-M1758
7205,MH-4662,O3-M1759
7206,MH-4663,O3-M1760
7955,MH-5106,O3-M1761
7956,MH-5107,O3-M1762
6573,MH-4275,O3-M1763
6574,MH-4276,O3-M1764
9944,MH-6293,O3-M1765
17627,MH-10599,O3-M1766
17626,MH-10598,O3-M1767
35560,MH-18827,O3-M1768
10962,MH-6893,O3-M1769
10963,MH-6894,O3-M1770
446,MH-271,O3-M1771
30903,MH-16622,O3-M1772
30904,MH-16623,O3-M1773
1736,MH-1126,O3-M1774
35931,MH-18977,O3-M1775
35930,MH-18976,O3-M1776
43905,MH-21534,O3-M1777
9917,MH-6277,O3-M1778
19277,MH-11487,O3-M1779
19276,MH-11486,O3-M1780
19948,MH-11848,O3-M1781
16479,MH-9964,O3-M1782
16478,MH-9963,O3-M1783
38088,MH-19873,O3-M1784
40915,MH-20869,O3-M1785
9916,MH-6276,O3-M1786
40201,MH-20632,O3-M1787
36775,MH-19309,O3-M1788
20011,MH-11884,O3-M1789
19947,MH-11847,O3-M1790
35240,MH-18685,O3-M1791
20491,MH-12129,O3-M1792
26078,MH-14639,O3-M1793
10129,MH-6406,O3-M1794
10128,MH-6405,O3-M1795
19706,MH-11716,O3-M1796
10063,MH-6365,O3-M1797
29279,MH-15888,O3-M1798
14076,MH-8657,O3-M1799
14075,MH-8656,O3-M1800
27542,MH-15171,O3-M1801
26050,MH-14628,O3-M1802
26051,MH-14629,O3-M1803
21066,MH-12428,O3-M1804
30499,MH-16437,O3-M1805
30498,MH-16436,O3-M1806
5012,MH-3270,O3-M1807
5011,MH-3269,O3-M1808
30147,MH-16277,O3-M1809
7947,MH-5102,O3-M1810
18063,MH-10834,O3-M1811
37825,MH-19766,O3-M1812
39405,MH-20356,O3-M1813
41844,MH-21117,O3-M1814
37051,MH-19433,O3-M1815
37050,MH-19432,O3-M1816
6475,MH-4213,O3-M1817
33288,MH-17784,O3-M1818
30108,MH-16260,O3-M1819
10941,MH-6880,O3-M1820
7946,MH-5101,O3-M1821
32743,MH-17517,O3-M1822
32085,MH-17187,O3-M1823
6474,MH-4212,O3-M1824
7657,MH-4931,O3-M1825
16374,MH-9907,O3-M1826
43588,MH-21484,O3-M1827
18171,MH-10893,O3-M1828
5697,MH-3717,O3-M1829
5696,MH-3716,O3-M1830
23555,MH-13594,O3-M1831
14235,MH-8740,O3-M1832
8994,MH-5722,O3-M1833
8995,MH-5723,O3-M1834
21241,MH-12512,O3-M1835
21242,MH-12513,O3-M1836
21510,MH-12645,O3-M1837
21511,MH-12646,O3-M1838
14266,MH-8757,O3-M1839
18573,MH-11109,O3-M1840
22592,MH-13153,O3-M1841
28697,MH-15648,O3-M1842
41216,MH-20962,O3-M1843
19748,MH-11740,O3-M1844
19747,MH-11739,O3-M1845
14234,MH-8739,O3-M1846
40834,MH-20843,O3-M1847
39227,MH-20290,O3-M1848
39226,MH-20289,O3-M1849
23162,MH-13421,O3-M1850
10854,MH-6827,O3-M1851
43531,MH-21471,O3-M1852
23570,MH-13600,O3-M1853
37281,MH-19534,O3-M1854
29256,MH-15880,O3-M1855
29257,MH-15881,O3-M1856
13837,MH-8535,O3-M1857
26024,MH-14619,O3-M1858
39585,MH-20423,O3-M1859
39586,MH-20424,O3-M1860
17036,MH-10274,O3-M1861
17037,MH-10275,O3-M1862
25205,MH-14301,O3-M1863
277552,MH-22695,O3-M1864
2958,MH-1931,O3-M1865
23063,MH-13375,O3-M1866
25512,MH-14424,O3-M1867
14992,MH-9148,O3-M1868
16036,MH-9723,O3-M1869
21652,MH-12719,O3-M1870
14991,MH-9147,O3-M1871
25545,MH-14437,O3-M1872
13836,MH-8534,O3-M1873
36102,MH-19041,O3-M1874
2959,MH-1932,O3-M1875
7106,MH-4599,O3-M1876
23793,MH-13703,O3-M1877
31229,MH-16779,O3-M1878
31935,MH-17116,O3-M1879
33502,MH-17884,O3-M1880
27657,MH-15217,O3-M1881
47292,MH-22087,O3-M1882
47290,MH-22086,O3-M1883
47288,MH-22085,O3-M1884
47286,MH-22084,O3-M1885
47284,MH-22083,O3-M1886
47282,MH-22082,O3-M1887
47279,MH-22081,O3-M1888
37822,MH-19764,O3-M1889
37823,MH-19765,O3-M1890
14039,MH-8637,O3-M1891
14040,MH-8638,O3-M1892
18554,MH-11098,O3-M1893
9055,MH-5760,O3-M1894
42024,MH-21167,O3-M1895
278179,MH-22822,O3-M1896
33622,MH-17941,O3-M1897
278173,MH-22820,O3-M1898
278176,MH-22821,O3-M1899
11589,MH-7268,O3-M1900
37291,MH-19538,O3-M1901
27656,MH-15216,O3-M1902
30322,MH-16355,O3-M1903
39322,MH-20323,O3-M1904
22429,MH-13076,O3-M1905
17136,MH-10329,O3-M1906
12706,MH-7905,O3-M1907
12707,MH-7906,O3-M1908
4072,MH-2659,O3-M1909
4073,MH-2660,O3-M1910
18283,MH-10953,O3-M1911
18282,MH-10952,O3-M1912
9271,MH-5890,O3-M1913
9270,MH-5889,O3-M1914
17561,MH-10562,O3-M1915
36675,MH-19268,O3-M1916
38004,MH-19841,O3-M1917
41860,MH-21122,O3-M1918
9054,MH-5759,O3-M1919
37801,MH-19755,O3-M1920
41436,MH-21023,O3-M1921
18553,MH-11097,O3-M1922
17560,MH-10561,O3-M1923
43938,MH-21540,O3-M1924
42939,MH-21363,O3-M1925
41510,MH-21044,O3-M1926
41511,MH-21045,O3-M1927
37438,MH-19597,O3-M1928
37439,MH-19598,O3-M1929
40933,MH-20877,O3-M1930
22804,MH-13254,O3-M1931
43171,MH-21414,O3-M1932
38283,MH-19951,O3-M1933
20378,MH-12073,O3-M1934
20379,MH-12074,O3-M1935
23550,MH-13592,O3-M1936
20605,MH-12191,O3-M1937
20604,MH-12190,O3-M1938
33623,MH-17942,O3-M1939
9639,MH-6110,O3-M1940
17372,MH-10461,O3-M1941
39673,MH-20459,O3-M1942
39672,MH-20458,O3-M1943
29091,MH-15810,O3-M1944
25912,MH-14574,O3-M1945
14614,MH-8948,O3-M1946
14615,MH-8949,O3-M1947
36348,MH-19135,O3-M1948
29803,MH-16118,O3-M1949
14524,MH-8896,O3-M1950
3661,MH-2392,O3-M1951
42514,MH-21284,O3-M1952
7082,MH-4584,O3-M1953
7083,MH-4585,O3-M1954
13945,MH-8589,O3-M1955
39364,MH-20338,O3-M1956
29993,MH-16205,O3-M1957
27933,MH-15322,O3-M1958
21396,MH-12590,O3-M1959
203383,MH-22573,O3-M1960
16320,MH-9878,O3-M1961
16321,MH-9879,O3-M1962
16968,MH-10237,O3-M1963
38288,MH-19953,O3-M1964
21397,MH-12591,O3-M1965
26263,MH-14704,O3-M1966
20804,MH-12295,O3-M1967
20803,MH-12294,O3-M1968
11919,MH-7462,O3-M1969
11918,MH-7461,O3-M1970
27551,MH-15176,O3-M1971
27550,MH-15175,O3-M1972
4287,MH-2799,O3-M1973
26721,MH-14859,O3-M1974
25982,MH-14601,O3-M1975
42628,MH-21311,O3-M1976
42480,MH-21277,O3-M1977
35132,MH-18637,O3-M1978
13944,MH-8588,O3-M1979
28045,MH-15370,O3-M1980
26626,MH-14825,O3-M1981
30277,MH-16337,O3-M1982
14474,MH-8869,O3-M1983
14475,MH-8870,O3-M1984
16691,MH-10082,O3-M1985
3354,MH-2190,O3-M1986
21759,MH-12765,O3-M1987
23219,MH-13446,O3-M1988
29253,MH-15879,O3-M1989
21865,MH-12817,O3-M1990
17658,MH-10616,O3-M1991
30991,MH-16667,O3-M1992
30992,MH-16668,O3-M1993
34883,MH-18531,O3-M1994
29573,MH-16012,O3-M1995
29574,MH-16013,O3-M1996
30811,MH-16576,O3-M1997
22568,MH-13142,O3-M1998
2557,MH-1668,O3-M1999
6684,MH-4345,O3-M2000
2823,MH-1843,O3-M2001
28445,MH-15532,O3-M2002
2766,MH-1805,O3-M2003
37243,MH-19521,O3-M2004
10026,MH-6342,O3-M2005
10025,MH-6341,O3-M2006
25393,MH-14374,O3-M2007
8504,MH-5428,O3-M2008
8503,MH-5427,O3-M2009
17520,MH-10539,O3-M2010
17519,MH-10538,O3-M2011
36547,MH-19210,O3-M2012
25284,MH-14330,O3-M2013
25283,MH-14329,O3-M2014
32184,MH-17238,O3-M2015
14987,MH-9146,O3-M2016
7225,MH-4674,O3-M2017
7224,MH-4673,O3-M2018
13017,MH-8071,O3-M2019
7515,MH-4844,O3-M2020
7753,MH-4987,O3-M2021
7752,MH-4986,O3-M2022
27614,MH-15200,O3-M2023
17691,MH-10632,O3-M2024
40824,MH-20841,O3-M2025
16912,MH-10205,O3-M2026
16913,MH-10206,O3-M2027
18763,MH-11211,O3-M2028
18871,MH-11267,O3-M2029
16070,MH-9739,O3-M2030
7189,MH-4652,O3-M2031
7188,MH-4651,O3-M2032
36512,MH-19194,O3-M2033
762,MH-480,O3-M2034
23136,MH-13409,O3-M2035
26300,MH-14718,O3-M2036
38934,MH-20188,O3-M2037
43592,MH-21486,O3-M2038
43591,MH-21485,O3-M2039
40924,MH-20874,O3-M2040
40923,MH-20873,O3-M2041
2822,MH-1842,O3-M2042
30877,MH-16610,O3-M2043
25185,MH-14292,O3-M2044
47297,MH-22088,O3-M2045
5725,MH-3735,O3-M2046
5724,MH-3734,O3-M2047
19324,MH-11512,O3-M2048
21320,MH-12552,O3-M2049
31334,MH-16827,O3-M2050
27069,MH-14991,O3-M2051
20924,MH-12356,O3-M2052
6738,MH-4379,O3-M2053
24347,MH-13942,O3-M2054
10490,MH-6616,O3-M2055
7552,MH-4866,O3-M2056
7551,MH-4865,O3-M2057
26809,MH-14892,O3-M2058
18904,MH-11285,O3-M2059
18905,MH-11286,O3-M2060
9278,MH-5894,O3-M2061
9279,MH-5895,O3-M2062
14078,MH-8658,O3-M2063
14079,MH-8659,O3-M2064
18043,MH-10822,O3-M2065
41852,MH-21120,O3-M2066
29557,MH-16007,O3-M2067
39615,MH-20434,O3-M2068
14986,MH-9145,O3-M2069
39485,MH-20390,O3-M2070
24073,MH-13822,O3-M2071
25162,MH-14283,O3-M2072
23478,MH-13560,O3-M2073
23479,MH-13561,O3-M2074
18212,MH-10915,O3-M2075
18213,MH-10916,O3-M2076
15216,MH-9275,O3-M2077
30568,MH-16470,O3-M2078
13018,MH-8072,O3-M2079
3413,MH-2229,O3-M2080
7567,MH-4876,O3-M2081
7566,MH-4875,O3-M2082
10457,MH-6598,O3-M2083
12462,MH-7772,O3-M2084
3412,MH-2228,O3-M2085
25035,MH-14234,O3-M2086
12221,MH-7636,O3-M2087
28700,MH-15649,O3-M2088
27540,MH-15170,O3-M2089
882,MH-560,O3-M2090
2585,MH-1686,O3-M2091
2584,MH-1685,O3-M2092
1296,MH-835,O3-M2093
12852,MH-7988,O3-M2094
8084,MH-5182,O3-M2095
8085,MH-5183,O3-M2096
6697,MH-4353,O3-M2097
6698,MH-4354,O3-M2098
26258,MH-14702,O3-M2099
40578,MH-20756,O3-M2100
29893,MH-16157,O3-M2101
29894,MH-16158,O3-M2102
4130,MH-2697,O3-M2103
18139,MH-10874,O3-M2104
18140,MH-10875,O3-M2105
21693,MH-12736,O3-M2106
2884,MH-1883,O3-M2107
38932,MH-20187,O3-M2108
17392,MH-10470,O3-M2109
2147,MH-1397,O3-M2110
2146,MH-1396,O3-M2111
34656,MH-18438,O3-M2112
10494,MH-6618,O3-M2113
10495,MH-6619,O3-M2114
33177,MH-17727,O3-M2115
33145,MH-17710,O3-M2116
33146,MH-17711,O3-M2117
33650,MH-17956,O3-M2118
10782,MH-6784,O3-M2119
38291,MH-19955,O3-M2120
38290,MH-19954,O3-M2121
43236,MH-21429,O3-M2122
26259,MH-14703,O3-M2123
43024,MH-21381,O3-M2124
35701,MH-18882,O3-M2125
39028,MH-20218,O3-M2126
9964,MH-6305,O3-M2127
9965,MH-6306,O3-M2128
17692,MH-10633,O3-M2129
25166,MH-14285,O3-M2130
20199,MH-11979,O3-M2131
20198,MH-11978,O3-M2132
21648,MH-12717,O3-M2133
21649,MH-12718,O3-M2134
1683,MH-1091,O3-M2135
26718,MH-14858,O3-M2136
14953,MH-9127,O3-M2137
6383,MH-4156,O3-M2138
1954,MH-1269,O3-M2139
43960,MH-21543,O3-M2140
35671,MH-18870,O3-M2141
6466,MH-4207,O3-M2142
6465,MH-4206,O3-M2143
18762,MH-11210,O3-M2144
18870,MH-11266,O3-M2145
41396,MH-21010,O3-M2146
20973,MH-12382,O3-M2147
29301,MH-15897,O3-M2148
29569,MH-16010,O3-M2149
8908,MH-5669,O3-M2150
5618,MH-3665,O3-M2151
5617,MH-3664,O3-M2152
20038,MH-11898,O3-M2153
8907,MH-5668,O3-M2154
21499,MH-12640,O3-M2155
16272,MH-9851,O3-M2156
20037,MH-11897,O3-M2157
10240,MH-6472,O3-M2158
23600,MH-13615,O3-M2159
43492,MH-21467,O3-M2160
43491,MH-21466,O3-M2161
5483,MH-3576,O3-M2162
32429,MH-17366,O3-M2163
20427,MH-12096,O3-M2164
14436,MH-8849,O3-M2165
14437,MH-8850,O3-M2166
22688,MH-13199,O3-M2167
21035,MH-12413,O3-M2168
22284,MH-13014,O3-M2169
3349,MH-2187,O3-M2170
27751,MH-15253,O3-M2171
37024,MH-19422,O3-M2172
30014,MH-16213,O3-M2173
32146,MH-17215,O3-M2174
10531,MH-6640,O3-M2175
6774,MH-4401,O3-M2176
6775,MH-4402,O3-M2177
8736,MH-5565,O3-M2178
8735,MH-5564,O3-M2179
16943,MH-10223,O3-M2180
16944,MH-10224,O3-M2181
24721,MH-14109,O3-M2182
16917,MH-10208,O3-M2183
16918,MH-10209,O3-M2184
24375,MH-13955,O3-M2185
38636,MH-20089,O3-M2186
1704,MH-1105,O3-M2187
17673,MH-10625,O3-M2188
12435,MH-7756,O3-M2189
12434,MH-7755,O3-M2190
20126,MH-11938,O3-M2191
36985,MH-19404,O3-M2192
278136,MH-22809,O3-M2193
2603,MH-1698,O3-M2194
2602,MH-1697,O3-M2195
16755,MH-10119,O3-M2196
15430,MH-9388,O3-M2197
15020,MH-9164,O3-M2198
15019,MH-9163,O3-M2199
41226,MH-20966,O3-M2200
29696,MH-16068,O3-M2201
3160,MH-2063,O3-M2202
8195,MH-5249,O3-M2203
8196,MH-5250,O3-M2204
17432,MH-10492,O3-M2205
9742,MH-6173,O3-M2206
3720,MH-2430,O3-M2207
17379,MH-10465,O3-M2208
17378,MH-10464,O3-M2209
8780,MH-5593,O3-M2210
21420,MH-12602,O3-M2211
2544,MH-1659,O3-M2212
2545,MH-1660,O3-M2213
20253,MH-12009,O3-M2214
12557,MH-7826,O3-M2215
7673,MH-4940,O3-M2216
7674,MH-4941,O3-M2217
8719,MH-5554,O3-M2218
9794,MH-6204,O3-M2219
9795,MH-6205,O3-M2220
29459,MH-15964,O3-M2221
29460,MH-15965,O3-M2222
25435,MH-14391,O3-M2223
25436,MH-14392,O3-M2224
24778,MH-14135,O3-M2225
38954,MH-20194,O3-M2226
28367,MH-15501,O3-M2227
42768,MH-21338,O3-M2228
12556,MH-7825,O3-M2229
44995,MH-21685,O3-M2230
27324,MH-15088,O3-M2231
8198,MH-5251,O3-M2232
8199,MH-5252,O3-M2233
19821,MH-11780,O3-M2234
38374,MH-19989,O3-M2235
19979,MH-11866,O3-M2236
19980,MH-11867,O3-M2237
7133,MH-4616,O3-M2238
7134,MH-4617,O3-M2239
8516,MH-5435,O3-M2240
8517,MH-5436,O3-M2241
21735,MH-12755,O3-M2242
9851,MH-6239,O3-M2243
9850,MH-6238,O3-M2244
39576,MH-20420,O3-M2245
16800,MH-10143,O3-M2246
41891,MH-21133,O3-M2247
16754,MH-10118,O3-M2248
36646,MH-19254,O3-M2249
15429,MH-9387,O3-M2250
35539,MH-18820,O3-M2251
11533,MH-7233,O3-M2252
10471,MH-6606,O3-M2253
10470,MH-6605,O3-M2254
37194,MH-19499,O3-M2255
27120,MH-15013,O3-M2256
13202,MH-8172,O3-M2257
14244,MH-8745,O3-M2258
23975,MH-13781,O3-M2259
9220,MH-5858,O3-M2260
12560,MH-7827,O3-M2261
15372,MH-9356,O3-M2262
3925,MH-2564,O3-M2263
3926,MH-2565,O3-M2264
3506,MH-2290,O3-M2265
4359,MH-2845,O3-M2266
12364,MH-7715,O3-M2267
2066,MH-1343,O3-M2268
2065,MH-1342,O3-M2269
15087,MH-9204,O3-M2270
17277,MH-10408,O3-M2271
27093,MH-15002,O3-M2272
3702,MH-2418,O3-M2273
3703,MH-2419,O3-M2274
19906,MH-11825,O3-M2275
1857,MH-1206,O3-M2276
21495,MH-12638,O3-M2277
40523,MH-20741,O3-M2278
3106,MH-2028,O3-M2279
13186,MH-8162,O3-M2280
13185,MH-8161,O3-M2281
25407,MH-14380,O3-M2282
18276,MH-10948,O3-M2283
12465,MH-7774,O3-M2284
12464,MH-7773,O3-M2285
20633,MH-12204,O3-M2286
22853,MH-13281,O3-M2287
22852,MH-13280,O3-M2288
26780,MH-14881,O3-M2289
20868,MH-12327,O3-M2290
42378,MH-21255,O3-M2291
27397,MH-15114,O3-M2292
15854,MH-9625,O3-M2293
15853,MH-9624,O3-M2294
30758,MH-16554,O3-M2295
18152,MH-10882,O3-M2296
2976,MH-1943,O3-M2297
18277,MH-10949,O3-M2298
8128,MH-5208,O3-M2299
29355,MH-15917,O3-M2300
27321,MH-15087,O3-M2301
23301,MH-13481,O3-M2302
18151,MH-10881,O3-M2303
21225,MH-12506,O3-M2304
35536,MH-18818,O3-M2305
6429,MH-4184,O3-M2306
18430,MH-11034,O3-M2307
4761,MH-3106,O3-M2308
22233,MH-12993,O3-M2309
22232,MH-12992,O3-M2310
26784,MH-14883,O3-M2311
12100,MH-7567,O3-M2312
23930,MH-13762,O3-M2313
13237,MH-8192,O3-M2314
13236,MH-8191,O3-M2315
11189,MH-7027,O3-M2316
17278,MH-10409,O3-M2317
15086,MH-9203,O3-M2318
19958,MH-11854,O3-M2319
2669,MH-1741,O3-M2320
23660,MH-13641,O3-M2321
26474,MH-14772,O3-M2322
2108,MH-1371,O3-M2323
2107,MH-1370,O3-M2324
36371,MH-19143,O3-M2325
27665,MH-15220,O3-M2326
5207,MH-3397,O3-M2327
13146,MH-8141,O3-M2328
13145,MH-8140,O3-M2329
38249,MH-19937,O3-M2330
26448,MH-14766,O3-M2331
20898,MH-12342,O3-M2332
3652,MH-2386,O3-M2333
106,MH-47,O3-M2334
26612,MH-14820,O3-M2335
17624,MH-10597,O3-M2336
10885,MH-6846,O3-M2337
10884,MH-6845,O3-M2338
17503,MH-10529,O3-M2339
24550,MH-14032,O3-M2340
16627,MH-10047,O3-M2341
18011,MH-10806,O3-M2342
17649,MH-10611,O3-M2343
17648,MH-10610,O3-M2344
3923,MH-2563,O3-M2345
25600,MH-14462,O3-M2346
36638,MH-19251,O3-M2347
13259,MH-8204,O3-M2348
17623,MH-10596,O3-M2349
191,MH-103,O3-M2350
23534,MH-13585,O3-M2351
17502,MH-10528,O3-M2352
1533,MH-992,O3-M2353
27722,MH-15241,O3-M2354
18012,MH-10807,O3-M2355
3820,MH-2495,O3-M2356
37401,MH-19583,O3-M2357
34247,MH-18246,O3-M2358
34246,MH-18245,O3-M2359
38446,MH-20016,O3-M2360
19085,MH-11381,O3-M2361
12236,MH-7645,O3-M2362
36255,MH-19103,O3-M2363
9682,MH-6136,O3-M2364
9681,MH-6135,O3-M2365
40022,MH-20570,O3-M2366
27765,MH-15257,O3-M2367
2916,MH-1904,O3-M2368
44442,MH-21612,O3-M2369
5528,MH-3606,O3-M2370
3476,MH-2270,O3-M2371
9349,MH-5937,O3-M2372
9348,MH-5936,O3-M2373
3952,MH-2582,O3-M2374
19047,MH-11360,O3-M2375
22203,MH-12979,O3-M2376
22202,MH-12978,O3-M2377
4591,MH-2997,O3-M2378
2510,MH-1637,O3-M2379
398,MH-239,O3-M2380
6670,MH-4337,O3-M2381
885,MH-562,O3-M2382
33500,MH-17883,O3-M2383
38548,MH-20053,O3-M2384
34581,MH-18403,O3-M2385
5201,MH-3393,O3-M2386
5202,MH-3394,O3-M2387
40630,MH-20774,O3-M2388
5739,MH-3744,O3-M2389
118,MH-55,O3-M2390
14815,MH-9054,O3-M2391
16296,MH-9864,O3-M2392
43191,MH-21419,O3-M2393
278149,MH-22815,O3-M2394
278147,MH-22814,O3-M2395
278145,MH-22813,O3-M2396
17114,MH-10317,O3-M2397
15836,MH-9615,O3-M2398
15835,MH-9614,O3-M2399
41011,MH-20904,O3-M2400
40764,MH-20823,O3-M2401
40763,MH-20822,O3-M2402
40534,MH-20746,O3-M2403
40533,MH-20745,O3-M2404
42003,MH-21161,O3-M2405
3242,MH-2117,O3-M2406
35420,MH-18771,O3-M2407
36995,MH-19408,O3-M2408
36994,MH-19407,O3-M2409
37172,MH-19489,O3-M2410
10017,MH-6337,O3-M2411
40931,MH-20876,O3-M2412
21764,MH-12768,O3-M2413
30978,MH-16659,O3-M2414
41961,MH-21149,O3-M2415
3951,MH-2581,O3-M2416
16849,MH-10170,O3-M2417
2879,MH-1880,O3-M2418
2077,MH-1350,O3-M2419
2078,MH-1351,O3-M2420
28479,MH-15547,O3-M2421
28480,MH-15548,O3-M2422
16848,MH-10169,O3-M2423
35534,MH-18817,O3-M2424
24776,MH-14134,O3-M2425
2878,MH-1879,O3-M2426
15319,MH-9329,O3-M2427
4590,MH-2996,O3-M2428
45329,MH-21724,O3-M2429
9502,MH-6028,O3-M2430
5951,MH-3881,O3-M2431
5950,MH-3880,O3-M2432
30619,MH-16494,O3-M2433
39941,MH-20545,O3-M2434
30538,MH-16453,O3-M2435
30539,MH-16454,O3-M2436
10194,MH-6445,O3-M2437
10195,MH-6446,O3-M2438
11625,MH-7291,O3-M2439
2874,MH-1877,O3-M2440
2873,MH-1876,O3-M2441
6218,MH-4052,O3-M2442
6217,MH-4051,O3-M2443
17010,MH-10261,O3-M2444
20247,MH-12006,O3-M2445
2542,MH-1658,O3-M2446
33612,MH-17936,O3-M2447
40392,MH-20697,O3-M2448
34042,MH-18145,O3-M2449
278142,MH-22812,O3-M2450
278140,MH-22811,O3-M2451
278139,MH-22810,O3-M2452
40992,MH-20897,O3-M2453
39920,MH-20538,O3-M2454
26951,MH-14946,O3-M2455
26952,MH-14947,O3-M2456
11547,MH-7242,O3-M2457
31387,MH-16856,O3-M2458
47260,MH-22075,O3-M2459
47258,MH-22074,O3-M2460
5387,MH-3514,O3-M2461
5386,MH-3513,O3-M2462
277215,MH-22629,O3-M2463
277212,MH-22628,O3-M2464
35923,MH-18973,O3-M2465
23977,MH-13782,O3-M2466
9637,MH-6109,O3-M2467
15120,MH-9223,O3-M2468
15119,MH-9222,O3-M2469
38119,MH-19886,O3-M2470
41324,MH-20991,O3-M2471
39540,MH-20412,O3-M2472
39539,MH-20411,O3-M2473
39852,MH-20518,O3-M2474
27957,MH-15333,O3-M2475
18363,MH-10996,O3-M2476
3401,MH-2221,O3-M2477
25824,MH-14540,O3-M2478
2349,MH-1530,O3-M2479
5991,MH-3906,O3-M2480
5990,MH-3905,O3-M2481
41373,MH-21003,O3-M2482
41372,MH-21002,O3-M2483
278159,MH-22818,O3-M2484
278156,MH-22817,O3-M2485
28933,MH-15752,O3-M2486
28934,MH-15753,O3-M2487
38634,MH-20088,O3-M2488
278153,MH-22816,O3-M2489
19836,MH-11788,O3-M2490
19835,MH-11787,O3-M2491
41433,MH-21022,O3-M2492
23180,MH-13426,O3-M2493
23181,MH-13427,O3-M2494
30427,MH-16402,O3-M2495
29112,MH-15822,O3-M2496
29111,MH-15821,O3-M2497
30435,MH-16405,O3-M2498
38958,MH-20196,O3-M2499
35599,MH-18842,O3-M2500
1804,MH-1171,O3-M2501
27509,MH-15158,O3-M2502
2069,MH-1345,O3-M2503
9974,MH-6312,O3-M2504
15211,MH-9272,O3-M2505
24890,MH-14178,O3-M2506
24889,MH-14177,O3-M2507
19854,MH-11798,O3-M2508
19853,MH-11797,O3-M2509
39847,MH-20515,O3-M2510
4109,MH-2683,O3-M2511
4110,MH-2684,O3-M2512
17804,MH-10693,O3-M2513
43388,MH-21453,O3-M2514
9205,MH-5849,O3-M2515
18746,MH-11202,O3-M2516
18745,MH-11201,O3-M2517
28837,MH-15712,O3-M2518
6288,MH-4095,O3-M2519
2871,MH-1875,O3-M2520
31987,MH-17139,O3-M2521
31986,MH-17138,O3-M2522
21948,MH-12855,O3-M2523
9714,MH-6156,O3-M2524
9713,MH-6155,O3-M2525
13558,MH-8379,O3-M2526
17112,MH-10316,O3-M2527
6654,MH-4327,O3-M2528
6653,MH-4326,O3-M2529
38403,MH-20001,O3-M2530
38402,MH-20000,O3-M2531
13557,MH-8378,O3-M2532
28205,MH-15431,O3-M2533
28885,MH-15729,O3-M2534
28884,MH-15728,O3-M2535
28600,MH-15607,O3-M2536
28599,MH-15606,O3-M2537
41123,MH-20936,O3-M2538
9973,MH-6311,O3-M2539
119,MH-56,O3-M2540
13782,MH-8505,O3-M2541
29402,MH-15938,O3-M2542
36393,MH-19154,O3-M2543
36392,MH-19153,O3-M2544
23718,MH-13669,O3-M2545
6913,MH-4485,O3-M2546
6912,MH-4484,O3-M2547
6287,MH-4094,O3-M2548
23290,MH-13476,O3-M2549
11027,MH-6932,O3-M2550
11026,MH-6931,O3-M2551
38826,MH-20155,O3-M2552
24031,MH-13804,O3-M2553
30064,MH-16238,O3-M2554
30063,MH-16237,O3-M2555
42559,MH-21295,O3-M2556
13316,MH-8235,O3-M2557
17790,MH-10686,O3-M2558
20579,MH-12176,O3-M2559
38557,MH-20056,O3-M2560
40065,MH-20587,O3-M2561
10622,MH-6690,O3-M2562
10623,MH-6691,O3-M2563
4980,MH-3249,O3-M2564
4979,MH-3248,O3-M2565
19283,MH-11491,O3-M2566
11062,MH-6952,O3-M2567
11061,MH-6951,O3-M2568
17789,MH-10685,O3-M2569
25540,MH-14434,O3-M2570
14589,MH-8934,O3-M2571
14588,MH-8933,O3-M2572
39165,MH-20268,O3-M2573
40668,MH-20790,O3-M2574
27247,MH-15056,O3-M2575
27710,MH-15237,O3-M2576
25539,MH-14433,O3-M2577
20578,MH-12175,O3-M2578
38008,MH-19842,O3-M2579
38009,MH-19843,O3-M2580
12402,MH-7737,O3-M2581
12403,MH-7738,O3-M2582
18362,MH-10995,O3-M2583
19282,MH-11490,O3-M2584
20433,MH-12099,O3-M2585
26575,MH-14805,O3-M2586
3057,MH-1996,O3-M2587
3056,MH-1995,O3-M2588
5345,MH-3486,O3-M2589
5344,MH-3485,O3-M2590
44775,MH-21656,O3-M2591
2348,MH-1529,O3-M2592
23950,MH-13771,O3-M2593
5621,MH-3667,O3-M2594
10212,MH-6455,O3-M2595
44054,MH-21554,O3-M2596
26324,MH-14726,O3-M2597
16711,MH-10095,O3-M2598
2694,MH-1758,O3-M2599
2693,MH-1757,O3-M2600
5136,MH-3351,O3-M2601
5135,MH-3350,O3-M2602
25386,MH-14371,O3-M2603
38237,MH-19933,O3-M2604
27892,MH-15308,O3-M2605
7056,MH-4569,O3-M2606
7055,MH-4568,O3-M2607
35109,MH-18627,O3-M2608
43453,MH-21463,O3-M2609
5795,MH-3780,O3-M2610
42225,MH-21220,O3-M2611
27513,MH-15160,O3-M2612
27512,MH-15159,O3-M2613
40085,MH-20594,O3-M2614
40084,MH-20593,O3-M2615
17786,MH-10683,O3-M2616
16883,MH-10188,O3-M2617
25999,MH-14607,O3-M2618
18539,MH-11089,O3-M2619
18540,MH-11090,O3-M2620
19742,MH-11736,O3-M2621
1778,MH-1154,O3-M2622
1764,MH-1145,O3-M2623
1767,MH-1147,O3-M2624
9239,MH-5870,O3-M2625
15008,MH-9157,O3-M2626
277225,MH-22631,O3-M2627
7502,MH-4836,O3-M2628
11414,MH-7161,O3-M2629
2867,MH-1872,O3-M2630
14958,MH-9130,O3-M2631
13344,MH-8252,O3-M2632
2316,MH-1508,O3-M2633
2315,MH-1507,O3-M2634
8950,MH-5694,O3-M2635
12419,MH-7747,O3-M2636
12418,MH-7746,O3-M2637
25711,MH-14501,O3-M2638
25712,MH-14502,O3-M2639
7691,MH-4950,O3-M2640
7692,MH-4951,O3-M2641
31788,MH-17045,O3-M2642
10557,MH-6654,O3-M2643
14842,MH-9069,O3-M2644
36568,MH-19221,O3-M2645
23928,MH-13761,O3-M2646
23927,MH-13760,O3-M2647
24796,MH-14142,O3-M2648
24795,MH-14141,O3-M2649
37791,MH-19751,O3-M2650
14585,MH-8931,O3-M2651
44037,MH-21553,O3-M2652
14607,MH-8944,O3-M2653
18454,MH-11046,O3-M2654
18374,MH-11003,O3-M2655
18373,MH-11002,O3-M2656
18453,MH-11045,O3-M2657
19741,MH-11735,O3-M2658
24505,MH-14010,O3-M2659
14608,MH-8945,O3-M2660
14586,MH-8932,O3-M2661
1777,MH-1153,O3-M2662
40467,MH-20718,O3-M2663
24978,MH-14212,O3-M2664
38781,MH-20137,O3-M2665
23546,MH-13590,O3-M2666
43179,MH-21415,O3-M2667
23545,MH-13589,O3-M2668
9240,MH-5871,O3-M2669
15045,MH-9179,O3-M2670
41619,MH-21068,O3-M2671
44581,MH-21629,O3-M2672
29193,MH-15856,O3-M2673
15032,MH-9171,O3-M2674
11347,MH-7123,O3-M2675
7600,MH-4896,O3-M2676
7599,MH-4895,O3-M2677
35825,MH-18933,O3-M2678
15031,MH-9170,O3-M2679
37980,MH-19831,O3-M2680
11346,MH-7122,O3-M2681
45422,MH-21734,O3-M2682
20887,MH-12336,O3-M2683
20888,MH-12337,O3-M2684
2548,MH-1662,O3-M2685
41549,MH-21053,O3-M2686
20656,MH-12216,O3-M2687
28407,MH-15518,O3-M2688
5996,MH-3909,O3-M2689
5995,MH-3908,O3-M2690
42555,MH-21294,O3-M2691
18149,MH-10880,O3-M2692
18148,MH-10879,O3-M2693
28058,MH-15374,O3-M2694
20411,MH-12089,O3-M2695
20412,MH-12090,O3-M2696
12965,MH-8044,O3-M2697
44861,MH-21666,O3-M2698
38561,MH-20057,O3-M2699
19904,MH-11824,O3-M2700
20827,MH-12306,O3-M2701
28864,MH-15719,O3-M2702
277218,MH-22630,O3-M2703
28257,MH-15453,O3-M2704
28256,MH-15452,O3-M2705
17264,MH-10401,O3-M2706
13211,MH-8177,O3-M2707
32678,MH-17485,O3-M2708
23630,MH-13627,O3-M2709
28893,MH-15734,O3-M2710
3575,MH-2335,O3-M2711
23537,MH-13586,O3-M2712
19239,MH-11465,O3-M2713
19238,MH-11464,O3-M2714
11296,MH-7092,O3-M2715
11295,MH-7091,O3-M2716
3574,MH-2334,O3-M2717
23629,MH-13626,O3-M2718
19235,MH-11462,O3-M2719
19236,MH-11463,O3-M2720
37413,MH-19588,O3-M2721
23540,MH-13587,O3-M2722
18670,MH-11164,O3-M2723
18730,MH-11195,O3-M2724
12224,MH-7638,O3-M2725
12223,MH-7637,O3-M2726
19970,MH-11861,O3-M2727
36932,MH-19381,O3-M2728
22893,MH-13299,O3-M2729
22892,MH-13298,O3-M2730
18392,MH-11013,O3-M2731
18391,MH-11012,O3-M2732
24790,MH-14139,O3-M2733
25160,MH-14282,O3-M2734
113,MH-52,O3-M2735
18669,MH-11163,O3-M2736
23458,MH-13551,O3-M2737
18729,MH-11194,O3-M2738
23457,MH-13550,O3-M2739
14933,MH-9118,O3-M2740
38384,MH-19993,O3-M2741
5058,MH-3300,O3-M2742
38163,MH-19907,O3-M2743
38162,MH-19906,O3-M2744
15243,MH-9289,O3-M2745
37526,MH-19637,O3-M2746
37525,MH-19636,O3-M2747
38554,MH-20055,O3-M2748
22609,MH-13163,O3-M2749
26749,MH-14871,O3-M2750
20958,MH-12375,O3-M2751
12802,MH-7960,O3-M2752
12803,MH-7961,O3-M2753
21504,MH-12642,O3-M2754
21503,MH-12641,O3-M2755
44519,MH-21624,O3-M2756
13193,MH-8166,O3-M2757
30303,MH-16349,O3-M2758
41630,MH-21071,O3-M2759
22421,MH-13073,O3-M2760
41310,MH-20987,O3-M2761
15162,MH-9245,O3-M2762
36589,MH-19230,O3-M2763
36588,MH-19229,O3-M2764
40002,MH-20565,O3-M2765
22610,MH-13164,O3-M2766
23621,MH-13624,O3-M2767
27996,MH-15351,O3-M2768
23817,MH-13713,O3-M2769
17620,MH-10595,O3-M2770
18146,MH-10878,O3-M2771
23620,MH-13623,O3-M2772
28017,MH-15360,O3-M2773
23816,MH-13712,O3-M2774
8760,MH-5580,O3-M2775
27290,MH-15071,O3-M2776
18992,MH-11330,O3-M2777
18991,MH-11329,O3-M2778
8759,MH-5579,O3-M2779
36572,MH-19222,O3-M2780
31892,MH-17096,O3-M2781
23560,MH-13596,O3-M2782
41692,MH-21085,O3-M2783
27794,MH-15268,O3-M2784
35491,MH-18800,O3-M2785
7221,MH-4671,O3-M2786
7222,MH-4672,O3-M2787
10244,MH-6475,O3-M2788
10243,MH-6474,O3-M2789
42013,MH-21164,O3-M2790
19786,MH-11763,O3-M2791
19785,MH-11762,O3-M2792
39347,MH-20331,O3-M2793
12261,MH-7659,O3-M2794
12260,MH-7658,O3-M2795
42891,MH-21353,O3-M2796
22185,MH-12971,O3-M2797
42316,MH-21241,O3-M2798
27215,MH-15045,O3-M2799
13214,MH-8179,O3-M2800
35653,MH-18862,O3-M2801
35652,MH-18861,O3-M2802
31807,MH-17056,O3-M2803
31806,MH-17055,O3-M2804
42172,MH-21205,O3-M2805
37008,MH-19415,O3-M2806
17548,MH-10554,O3-M2807
17549,MH-10555,O3-M2808
31777,MH-17038,O3-M2809
31778,MH-17039,O3-M2810
33842,MH-18052,O3-M2811
37815,MH-19761,O3-M2812
33376,MH-17828,O3-M2813
33007,MH-17642,O3-M2814
33008,MH-17643,O3-M2815
36750,MH-19300,O3-M2816
12325,MH-7694,O3-M2817
12326,MH-7695,O3-M2818
33747,MH-18005,O3-M2819
33748,MH-18006,O3-M2820
32419,MH-17361,O3-M2821
29363,MH-15921,O3-M2822
29364,MH-15922,O3-M2823
31484,MH-16898,O3-M2824
31485,MH-16899,O3-M2825
39403,MH-20355,O3-M2826
1182,MH-759,O3-M2827
23026,MH-13357,O3-M2828
23027,MH-13358,O3-M2829
22480,MH-13098,O3-M2830
22254,MH-13000,O3-M2831
16521,MH-9986,O3-M2832
10692,MH-6732,O3-M2833
40873,MH-20856,O3-M2834
6689,MH-4348,O3-M2835
3736,MH-2441,O3-M2836
15548,MH-9452,O3-M2837
22205,MH-12980,O3-M2838
14368,MH-8809,O3-M2839
8808,MH-5608,O3-M2840
8809,MH-5609,O3-M2841
28857,MH-15717,O3-M2842
34609,MH-18416,O3-M2843
23321,MH-13490,O3-M2844
28288,MH-15468,O3-M2845
33551,MH-17906,O3-M2846
11947,MH-7478,O3-M2847
11946,MH-7477,O3-M2848
34326,MH-18281,O3-M2849
33870,MH-18067,O3-M2850
29015,MH-15781,O3-M2851
29014,MH-15780,O3-M2852
30841,MH-16592,O3-M2853
33014,MH-17646,O3-M2854
34344,MH-18291,O3-M2855
34343,MH-18290,O3-M2856
4828,MH-3150,O3-M2857
4827,MH-3149,O3-M2858
32795,MH-17541,O3-M2859
5390,MH-3516,O3-M2860
22978,MH-13335,O3-M2861
14775,MH-9033,O3-M2862
14173,MH-8707,O3-M2863
3253,MH-2124,O3-M2864
22009,MH-12887,O3-M2865
17872,MH-10731,O3-M2866
17286,MH-10413,O3-M2867
531,MH-328,O3-M2868
278122,MH-22805,O3-M2869
16948,MH-10226,O3-M2870
13347,MH-8253,O3-M2871
13348,MH-8254,O3-M2872
17116,MH-10318,O3-M2873
11829,MH-7410,O3-M2874
11830,MH-7411,O3-M2875
9807,MH-6211,O3-M2876
9808,MH-6212,O3-M2877
1582,MH-1024,O3-M2878
1583,MH-1025,O3-M2879
25085,MH-14257,O3-M2880
20104,MH-11927,O3-M2881
20105,MH-11928,O3-M2882
24285,MH-13914,O3-M2883
2218,MH-1444,O3-M2884
22464,MH-13090,O3-M2885
22465,MH-13091,O3-M2886
20554,MH-12162,O3-M2887
18108,MH-10858,O3-M2888
31532,MH-16920,O3-M2889
37813,MH-19760,O3-M2890
40077,MH-20591,O3-M2891
40841,MH-20845,O3-M2892
32244,MH-17270,O3-M2893
32243,MH-17269,O3-M2894
39193,MH-20279,O3-M2895
39192,MH-20278,O3-M2896
42255,MH-21227,O3-M2897
23239,MH-13454,O3-M2898
47303,MH-22090,O3-M2899
23956,MH-13774,O3-M2900
278255,MH-22840-4,O3-M2901
278254,MH-22840-3,O3-M2902
278253,MH-22840-2,O3-M2903
278252,MH-22840-1,O3-M2904
278249,MH-22840,O3-M2905
42218,MH-21217,O3-M2906
36289,MH-19115,O3-M2907
20363,MH-12064,O3-M2908
2652,MH-1730,O3-M2909
12651,MH-7877,O3-M2910
13840,MH-8537,O3-M2911
9618,MH-6097,O3-M2912
9619,MH-6098,O3-M2913
34793,MH-18501,O3-M2914
10031,MH-6345,O3-M2915
10032,MH-6346,O3-M2916
30763,MH-16557,O3-M2917
30762,MH-16556,O3-M2918
12917,MH-8019,O3-M2919
20808,MH-12297,O3-M2920
21212,MH-12500,O3-M2921
21211,MH-12499,O3-M2922
33110,MH-17690,O3-M2923
21938,MH-12851,O3-M2924
21937,MH-12850,O3-M2925
3605,MH-2355,O3-M2926
9581,MH-6077,O3-M2927
9582,MH-6078,O3-M2928
8372,MH-5353,O3-M2929
8371,MH-5352,O3-M2930
2492,MH-1625,O3-M2931
2491,MH-1624,O3-M2932
44152,MH-21573,O3-M2933
2651,MH-1729,O3-M2934
9336,MH-5929,O3-M2935
20540,MH-12155,O3-M2936
39123,MH-20254,O3-M2937
43002,MH-21376,O3-M2938
12650,MH-7876,O3-M2939
44761,MH-21654,O3-M2940
13839,MH-8536,O3-M2941
45537,MH-21746,O3-M2942
15503,MH-9430,O3-M2943
42666,MH-21319,O3-M2944
17746,MH-10662,O3-M2945
8139,MH-5215,O3-M2946
11858,MH-7426,O3-M2947
9119,MH-5797,O3-M2948
231,MH-129,O3-M2949
2763,MH-1803,O3-M2950
40450,MH-20713,O3-M2951
39447,MH-20372,O3-M2952
39446,MH-20371,O3-M2953
44540,MH-21627,O3-M2954
38952,MH-20193,O3-M2955
38951,MH-20192,O3-M2956
12493,MH-7789,O3-M2957
12494,MH-7790,O3-M2958
16813,MH-10150,O3-M2959
13846,MH-8540,O3-M2960
13847,MH-8541,O3-M2961
25748,MH-14513,O3-M2962
25749,MH-14514,O3-M2963
4922,MH-3211,O3-M2964
4923,MH-3212,O3-M2965
39276,MH-20308,O3-M2966
2825,MH-1844,O3-M2967
34169,MH-18207,O3-M2968
3604,MH-2354,O3-M2969
33715,MH-17988,O3-M2970
41106,MH-20930,O3-M2971
19517,MH-11619,O3-M2972
313,MH-183,O3-M2973
21544,MH-12662,O3-M2974
17695,MH-10634,O3-M2975
40968,MH-20889,O3-M2976
26021,MH-14618,O3-M2977
29427,MH-15947,O3-M2978
29426,MH-15946,O3-M2979
11838,MH-7415,O3-M2980
40822,MH-20840,O3-M2981
20590,MH-12182,O3-M2982
1697,MH-1100,O3-M2983
3691,MH-2411,O3-M2984
16151,MH-9783,O3-M2985
17045,MH-10280,O3-M2986
17046,MH-10281,O3-M2987
22980,MH-13336,O3-M2988
1155,MH-741,O3-M2989
15866,MH-9632,O3-M2990
8587,MH-5476,O3-M2991
4577,MH-2988,O3-M2992
4576,MH-2987,O3-M2993
36506,MH-19191,O3-M2994
43361,MH-21448,O3-M2995
35174,MH-18654,O3-M2996
16924,MH-10212,O3-M2997
15867,MH-9633,O3-M2998
278242,MH-22839,O3-M2999
18789,MH-11226,O3-M3000
20758,MH-12272,O3-M3001
5553,MH-3622,O3-M3002
5552,MH-3621,O3-M3003
38844,MH-20160,O3-M3004
10693,MH-6733,O3-M3005
4819,MH-3144,O3-M3006
4820,MH-3145,O3-M3007
12089,MH-7561,O3-M3008
18185,MH-10900,O3-M3009
23800,MH-13706,O3-M3010
23801,MH-13707,O3-M3011
26898,MH-14928,O3-M3012
8817,MH-5614,O3-M3013
12538,MH-7815,O3-M3014
18164,MH-10889,O3-M3015
18165,MH-10890,O3-M3016
21110,MH-12449,O3-M3017
8818,MH-5615,O3-M3018
18712,MH-11185,O3-M3019
12537,MH-7814,O3-M3020
14367,MH-8808,O3-M3021
16468,MH-9958,O3-M3022
10818,MH-6805,O3-M3023
13778,MH-8503,O3-M3024
17848,MH-10717,O3-M3025
12874,MH-8000,O3-M3026
10540,MH-6645,O3-M3027
1094,MH-701,O3-M3028
15321,MH-9330,O3-M3029
15322,MH-9331,O3-M3030
12617,MH-7858,O3-M3031
12618,MH-7859,O3-M3032
26352,MH-14737,O3-M3033
33824,MH-18044,O3-M3034
4336,MH-2830,O3-M3035
9006,MH-5729,O3-M3036
12962,MH-8043,O3-M3037
1833,MH-1190,O3-M3038
12789,MH-7953,O3-M3039
4855,MH-3168,O3-M3040
16656,MH-10063,O3-M3041
2864,MH-1870,O3-M3042
2865,MH-1871,O3-M3043
6214,MH-4049,O3-M3044
6215,MH-4050,O3-M3045
4544,MH-2967,O3-M3046
16646,MH-10058,O3-M3047
13664,MH-8439,O3-M3048
13665,MH-8440,O3-M3049
16541,MH-9998,O3-M3050
30936,MH-16639,O3-M3051
15999,MH-9704,O3-M3052
15682,MH-9525,O3-M3053
38865,MH-20167,O3-M3054
765,MH-482,O3-M3055
15998,MH-9703,O3-M3056
37897,MH-19798,O3-M3057
15681,MH-9524,O3-M3058
13777,MH-8502,O3-M3059
21713,MH-12748,O3-M3060
278165,MH-22819,O3-M3061
31428,MH-16875,O3-M3062
4280,MH-2794,O3-M3063
4281,MH-2795,O3-M3064
31183,MH-16758,O3-M3065
31184,MH-16759,O3-M3066
25527,MH-14430,O3-M3067
17314,MH-10429,O3-M3068
26407,MH-14753,O3-M3069
22031,MH-12896,O3-M3070
1991,MH-1294,O3-M3071
27052,MH-14985,O3-M3072
9106,MH-5789,O3-M3073
9107,MH-5790,O3-M3074
17313,MH-10428,O3-M3075
26402,MH-14752,O3-M3076
24029,MH-13803,O3-M3077
22342,MH-13038,O3-M3078
23934,MH-13763,O3-M3079
5437,MH-3547,O3-M3080
5436,MH-3546,O3-M3081
28690,MH-15645,O3-M3082
915,MH-582,O3-M3083
3372,MH-2202,O3-M3084
1725,MH-1119,O3-M3085
1724,MH-1118,O3-M3086
24045,MH-13809,O3-M3087
21549,MH-12664,O3-M3088
21550,MH-12665,O3-M3089
20627,MH-12201,O3-M3090
22064,MH-12911,O3-M3091
781,MH-493,O3-M3092
13195,MH-8167,O3-M3093
13196,MH-8168,O3-M3094
33909,MH-18083,O3-M3095
11072,MH-6958,O3-M3096
5279,MH-3444,O3-M3097
5280,MH-3445,O3-M3098
14024,MH-8628,O3-M3099
14025,MH-8629,O3-M3100
867,MH-550,O3-M3101
2325,MH-1514,O3-M3102
12794,MH-7956,O3-M3103
7467,MH-4817,O3-M3104
11487,MH-7205,O3-M3105
11488,MH-7206,O3-M3106
18352,MH-10991,O3-M3107
21688,MH-12734,O3-M3108
18635,MH-11142,O3-M3109
18636,MH-11143,O3-M3110
30232,MH-16317,O3-M3111
38928,MH-20186,O3-M3112
1832,MH-1189,O3-M3113
36815,MH-19323,O3-M3114
15825,MH-9609,O3-M3115
18115,MH-10862,O3-M3116
15203,MH-9268,O3-M3117
4854,MH-3167,O3-M3118
7685,MH-4947,O3-M3119
7686,MH-4948,O3-M3120
16777,MH-10131,O3-M3121
13450,MH-8313,O3-M3122
5751,MH-3752,O3-M3123
5750,MH-3751,O3-M3124
8991,MH-5720,O3-M3125
7301,MH-4718,O3-M3126
7302,MH-4719,O3-M3127
32543,MH-17421,O3-M3128
3267,MH-2133,O3-M3129
4187,MH-2734,O3-M3130
9787,MH-6200,O3-M3131
34525,MH-18376,O3-M3132
40507,MH-20735,O3-M3133
32108,MH-17199,O3-M3134
8837,MH-5626,O3-M3135
8838,MH-5627,O3-M3136
4543,MH-2966,O3-M3137
8992,MH-5721,O3-M3138
37793,MH-19752,O3-M3139
22681,MH-13195,O3-M3140
40565,MH-20753,O3-M3141
5389,MH-3515,O3-M3142
32758,MH-17523,O3-M3143
5882,MH-3837,O3-M3144
5881,MH-3836,O3-M3145
13654,MH-8433,O3-M3146
6055,MH-3948,O3-M3147
6054,MH-3947,O3-M3148
15963,MH-9685,O3-M3149
11564,MH-7253,O3-M3150
11563,MH-7252,O3-M3151
14631,MH-8957,O3-M3152
18587,MH-11116,O3-M3153
34371,MH-18304,O3-M3154
12059,MH-7543,O3-M3155
12058,MH-7542,O3-M3156
10852,MH-6826,O3-M3157
10851,MH-6825,O3-M3158
12315,MH-7688,O3-M3159
15241,MH-9288,O3-M3160
15240,MH-9287,O3-M3161
37046,MH-19430,O3-M3162
528,MH-326,O3-M3163
27994,MH-15350,O3-M3164
27993,MH-15349,O3-M3165
8568,MH-5466,O3-M3166
8567,MH-5465,O3-M3167
41243,MH-20972,O3-M3168
37034,MH-19425,O3-M3169
10407,MH-6570,O3-M3170
5859,MH-3822,O3-M3171
5860,MH-3823,O3-M3172
26391,MH-14748,O3-M3173
42375,MH-21254,O3-M3174
35343,MH-18741,O3-M3175
2385,MH-1554,O3-M3176
1088,MH-697,O3-M3177
5993,MH-3907,O3-M3178
26119,MH-14653,O3-M3179
28553,MH-15584,O3-M3180
32172,MH-17231,O3-M3181
27269,MH-15064,O3-M3182
20389,MH-12079,O3-M3183
3252,MH-2123,O3-M3184
22044,MH-12901,O3-M3185
16922,MH-10211,O3-M3186
42507,MH-21283,O3-M3187
19111,MH-11395,O3-M3188
19112,MH-11396,O3-M3189
20159,MH-11956,O3-M3190
20631,MH-12203,O3-M3191
2780,MH-1814,O3-M3192
17462,MH-10505,O3-M3193
423,MH-256,O3-M3194
23583,MH-13607,O3-M3195
23582,MH-13606,O3-M3196
42456,MH-21273,O3-M3197
22935,MH-13318,O3-M3198
1751,MH-1136,O3-M3199
23751,MH-13683,O3-M3200
19445,MH-11578,O3-M3201
19444,MH-11577,O3-M3202
34414,MH-18325,O3-M3203
32956,MH-17616,O3-M3204
1016,MH-649,O3-M3205
22696,MH-13203,O3-M3206
32399,MH-17350,O3-M3207
41894,MH-21134,O3-M3208
42543,MH-21291,O3-M3209
38641,MH-20091,O3-M3210
38640,MH-20090,O3-M3211
10775,MH-6780,O3-M3212
5706,MH-3723,O3-M3213
5600,MH-3653,O3-M3214
5599,MH-3652,O3-M3215
5705,MH-3722,O3-M3216
5490,MH-3581,O3-M3217
16363,MH-9901,O3-M3218
278118,MH-22804,O3-M3219
5574,MH-3636,O3-M3220
5573,MH-3635,O3-M3221
26237,MH-14694,O3-M3222
20607,MH-12192,O3-M3223
22414,MH-13070,O3-M3224
38660,MH-20099,O3-M3225
21090,MH-12440,O3-M3226
87,MH-35,O3-M3227
5615,MH-3663,O3-M3228
5614,MH-3662,O3-M3229
9237,MH-5869,O3-M3230
20139,MH-11945,O3-M3231
8973,MH-5709,O3-M3232
8265,MH-5292,O3-M3233
8264,MH-5291,O3-M3234
9716,MH-6157,O3-M3235
9717,MH-6158,O3-M3236
14741,MH-9014,O3-M3237
2703,MH-1764,O3-M3238
2702,MH-1763,O3-M3239
12429,MH-7752,O3-M3240
9553,MH-6060,O3-M3241
9554,MH-6061,O3-M3242
10800,MH-6795,O3-M3243
10799,MH-6794,O3-M3244
7173,MH-4642,O3-M3245
7172,MH-4641,O3-M3246
9236,MH-5868,O3-M3247
26328,MH-14727,O3-M3248
26329,MH-14728,O3-M3249
27376,MH-15107,O3-M3250
1872,MH-1215,O3-M3251
16043,MH-9727,O3-M3252
17604,MH-10586,O3-M3253
5448,MH-3554,O3-M3254
1854,MH-1204,O3-M3255
40531,MH-20744,O3-M3256
18134,MH-10872,O3-M3257
12428,MH-7751,O3-M3258
2752,MH-1796,O3-M3259
2753,MH-1797,O3-M3260
12215,MH-7633,O3-M3261
10718,MH-6746,O3-M3262
9874,MH-6252,O3-M3263
9873,MH-6251,O3-M3264
18159,MH-10886,O3-M3265
18508,MH-11075,O3-M3266
11679,MH-7323,O3-M3267
10578,MH-6665,O3-M3268
17689,MH-10631,O3-M3269
12467,MH-7775,O3-M3270
2155,MH-1402,O3-M3271
10577,MH-6664,O3-M3272
11720,MH-7346,O3-M3273
11721,MH-7347,O3-M3274
18336,MH-10981,O3-M3275
20406,MH-12086,O3-M3276
34676,MH-18448,O3-M3277
34675,MH-18447,O3-M3278
22597,MH-13156,O3-M3279
27967,MH-15337,O3-M3280
18760,MH-11209,O3-M3281
14788,MH-9041,O3-M3282
14787,MH-9040,O3-M3283
2261,MH-1472,O3-M3284
2262,MH-1473,O3-M3285
37551,MH-19647,O3-M3286
37552,MH-19648,O3-M3287
683,MH-428,O3-M3288
10057,MH-6362,O3-M3289
24244,MH-13894,O3-M3290
44067,MH-21556,O3-M3291
7923,MH-5087,O3-M3292
7924,MH-5088,O3-M3293
23445,MH-13543,O3-M3294
30515,MH-16445,O3-M3295
28572,MH-15594,O3-M3296
28573,MH-15595,O3-M3297
16953,MH-10229,O3-M3298
16954,MH-10230,O3-M3299
18425,MH-11031,O3-M3300
15976,MH-9692,O3-M3301
46288,MH-21826,O3-M3302
12093,MH-7563,O3-M3303
22527,MH-13121,O3-M3304
38299,MH-19958,O3-M3305
11730,MH-7352,O3-M3306
39988,MH-20560,O3-M3307
11901,MH-7451,O3-M3308
15975,MH-9691,O3-M3309
11731,MH-7353,O3-M3310
11902,MH-7452,O3-M3311
12094,MH-7564,O3-M3312
12813,MH-7967,O3-M3313
10056,MH-6361,O3-M3314
36493,MH-19188,O3-M3315
7182,MH-4648,O3-M3316
41061,MH-20919,O3-M3317
7896,MH-5071,O3-M3318
6051,MH-3945,O3-M3319
6052,MH-3946,O3-M3320
7181,MH-4647,O3-M3321
26268,MH-14706,O3-M3322
29955,MH-16188,O3-M3323
25267,MH-14325,O3-M3324
29691,MH-16066,O3-M3325
3712,MH-2425,O3-M3326
3711,MH-2424,O3-M3327
1430,MH-924,O3-M3328
1429,MH-923,O3-M3329
28956,MH-15761,O3-M3330
33346,MH-17814,O3-M3331
20992,MH-12391,O3-M3332
35089,MH-18618,O3-M3333
7635,MH-4917,O3-M3334
38497,MH-20037,O3-M3335
37096,MH-19455,O3-M3336
37097,MH-19456,O3-M3337
43382,MH-21452,O3-M3338
33750,MH-18007,O3-M3339
32740,MH-17515,O3-M3340
32741,MH-17516,O3-M3341
38644,MH-20092,O3-M3342
38645,MH-20093,O3-M3343
20731,MH-12258,O3-M3344
47300,MH-22089,O3-M3345
31701,MH-17003,O3-M3346
40395,MH-20698,O3-M3347
41152,MH-20944,O3-M3348
39712,MH-20474,O3-M3349
39713,MH-20475,O3-M3350
32072,MH-17181,O3-M3351
32073,MH-17182,O3-M3352
38682,MH-20106,O3-M3353
43037,MH-21385,O3-M3354
21439,MH-12612,O3-M3355
14856,MH-9078,O3-M3356
46948,O-7,O4
14316,MH-8783,O4-M1
20225,MH-11994,O4-M2
38846,MH-20161,O4-M3
15654,MH-9508,O4-M4
15653,MH-9507,O4-M5
6772,MH-4400,O4-M6
6771,MH-4399,O4-M7
39456,MH-20376,O4-M8
24436,MH-13981,O4-M9
4365,MH-2849,O4-M10
4364,MH-2848,O4-M11
43559,MH-21477,O4-M12
26692,MH-14849,O4-M13
26691,MH-14848,O4-M14
37493,MH-19621,O4-M15
28238,MH-15445,O4-M16
20186,MH-11971,O4-M17
386,MH-231,O4-M18
38472,MH-20027,O4-M19
38471,MH-20026,O4-M20
37100,MH-19458,O4-M21
37099,MH-19457,O4-M22
26396,MH-14750,O4-M23
22949,MH-13324,O4-M24
43153,MH-21410,O4-M25
37387,MH-19577,O4-M26
37388,MH-19578,O4-M27
37894,MH-19796,O4-M28
37895,MH-19797,O4-M29
42680,MH-21322,O4-M30
33239,MH-17757,O4-M31
33240,MH-17758,O4-M32
26231,MH-14692,O4-M33
26232,MH-14693,O4-M34
32220,MH-17257,O4-M35
32221,MH-17258,O4-M36
34033,MH-18141,O4-M37
31408,MH-16864,O4-M38
29229,MH-15868,O4-M39
9095,MH-5783,O4-M40
3995,MH-2610,O4-M41
3996,MH-2611,O4-M42
40071,MH-20588,O4-M43
32097,MH-17194,O4-M44
21362,MH-12575,O4-M45
6023,MH-3927,O4-M46
6022,MH-3926,O4-M47
6605,MH-4296,O4-M48
12457,MH-7769,O4-M49
29163,MH-15843,O4-M50
3596,MH-2349,O4-M51
3595,MH-2348,O4-M52
13884,MH-8559,O4-M53
46892,MH-21953,O4-M54
30274,MH-16336,O4-M55
3493,MH-2281,O4-M56
3494,MH-2282,O4-M57
5210,MH-3399,O4-M58
21092,MH-12441,O4-M59
33427,MH-17852,O4-M60
2346,MH-1528,O4-M61
2345,MH-1527,O4-M62
24369,MH-13952,O4-M63
48468,MH-22455,O4-M64
15095,MH-9209,O4-M65
15094,MH-9208,O4-M66
27864,MH-15298,O4-M67
27863,MH-15297,O4-M68
4325,MH-2823,O4-M69
11089,MH-6967,O4-M70
34037,MH-18142,O4-M71
21352,MH-12570,O4-M72
21351,MH-12569,O4-M73
29917,MH-16169,O4-M74
28365,MH-15500,O4-M75
277434,MH-22689,O4-M76
28364,MH-15499,O4-M77
11976,MH-7496,O4-M78
11975,MH-7495,O4-M79
30195,MH-16299,O4-M80
30944,MH-16643,O4-M81
29730,MH-16084,O4-M82
29729,MH-16083,O4-M83
4711,MH-3073,O4-M84
4483,MH-2927,O4-M85
4482,MH-2926,O4-M86
48396,MH-22431,O4-M87
14947,MH-9124,O4-M88
10364,MH-6545,O4-M89
3197,MH-2088,O4-M90
3196,MH-2087,O4-M91
48399,MH-22432,O4-M92
30517,MH-16446,O4-M93
38919,MH-20184,O4-M94
2277,MH-1483,O4-M95
278558,MH-22939,O4-M96
17935,MH-10766,O4-M97
48301,MH-22399,O4-M98
14535,MH-8901,O4-M99
9985,MH-6318,O4-M100
2423,MH-1579,O4-M101
10687,MH-6730,O4-M102
5414,MH-3532,O4-M103
17639,MH-10605,O4-M104
17811,MH-10696,O4-M105
9989,MH-6321,O4-M106
9988,MH-6320,O4-M107
11270,MH-7076,O4-M108
4249,MH-2774,O4-M109
4248,MH-2773,O4-M110
22409,MH-13067,O4-M111
11143,MH-6999,O4-M112
11144,MH-7000,O4-M113
19038,MH-11355,O4-M114
35150,MH-18644,O4-M115
9346,MH-5935,O4-M116
9345,MH-5934,O4-M117
31029,MH-16686,O4-M118
31028,MH-16685,O4-M119
36656,MH-19259,O4-M120
28632,MH-15622,O4-M121
13209,MH-8176,O4-M122
7118,MH-4606,O4-M123
7119,MH-4607,O4-M124
29554,MH-16006,O4-M125
11267,MH-7075,O4-M126
249,MH-141,O4-M127
18460,MH-11049,O4-M128
23335,MH-13496,O4-M129
46925,MH-21963,O4-M130
46928,MH-21964,O4-M131
46930,MH-21965,O4-M132
3261,MH-2129,O4-M133
31438,MH-16880,O4-M134
1164,MH-747,O4-M135
24635,MH-14070,O4-M136
13739,MH-8481,O4-M137
13738,MH-8480,O4-M138
1373,MH-886,O4-M139
1372,MH-885,O4-M140
15755,MH-9568,O4-M141
15754,MH-9567,O4-M142
15685,MH-9527,O4-M143
27854,MH-15294,O4-M144
4184,MH-2732,O4-M145
4183,MH-2731,O4-M146
20231,MH-11998,O4-M147
19434,MH-11572,O4-M148
1188,MH-763,O4-M149
20156,MH-11954,O4-M150
20157,MH-11955,O4-M151
7484,MH-4826,O4-M152
7485,MH-4827,O4-M153
22859,MH-13284,O4-M154
11419,MH-7164,O4-M155
11420,MH-7165,O4-M156
14317,MH-8784,O4-M157
252,MH-143,O4-M158
13649,MH-8430,O4-M159
20415,MH-12091,O4-M160
477,MH-292,O4-M161
24377,MH-13956,O4-M162
24378,MH-13957,O4-M163
37087,MH-19450,O4-M164
6628,MH-4310,O4-M165
6629,MH-4311,O4-M166
20422,MH-12094,O4-M167
5863,MH-3825,O4-M168
1577,MH-1021,O4-M169
17467,MH-10507,O4-M170
36279,MH-19112,O4-M171
34534,MH-18380,O4-M172
34533,MH-18379,O4-M173
26139,MH-14661,O4-M174
17541,MH-10550,O4-M175
17540,MH-10549,O4-M176
37630,MH-19681,O4-M177
37629,MH-19680,O4-M178
35452,MH-18786,O4-M179
35451,MH-18785,O4-M180
36076,MH-19031,O4-M181
36075,MH-19030,O4-M182
38358,MH-19984,O4-M183
38357,MH-19983,O4-M184
45456,MH-21738,O4-M185
37217,MH-19510,O4-M186
3771,MH-2464,O4-M187
44627,MH-21638,O4-M188
35319,MH-18728,O4-M189
35318,MH-18727,O4-M190
40818,MH-20839,O4-M191
46108,MH-21812,O4-M192
46539,MH-21844,O4-M193
43187,MH-21418,O4-M194
43186,MH-21417,O4-M195
45869,MH-21779,O4-M196
45104,MH-21697,O4-M197
36502,MH-19190,O4-M198
9720,MH-6160,O4-M199
9719,MH-6159,O4-M200
39148,MH-20261,O4-M201
39147,MH-20260,O4-M202
12776,MH-7946,O4-M203
12775,MH-7945,O4-M204
17723,MH-10650,O4-M205
17722,MH-10649,O4-M206
34316,MH-18275,O4-M207
5193,MH-3388,O4-M208
5192,MH-3387,O4-M209
33963,MH-18109,O4-M210
6786,MH-4409,O4-M211
6785,MH-4408,O4-M212
42704,MH-21327,O4-M213
38276,MH-19948,O4-M214
3485,MH-2276,O4-M215
3484,MH-2275,O4-M216
33545,MH-17903,O4-M217
33030,MH-17655,O4-M218
33029,MH-17654,O4-M219
8998,MH-5725,O4-M220
8997,MH-5724,O4-M221
33068,MH-17672,O4-M222
28192,MH-15425,O4-M223
23166,MH-13423,O4-M224
14567,MH-8920,O4-M225
14568,MH-8921,O4-M226
23190,MH-13432,O4-M227
48201,MH-22365,O4-M228
23189,MH-13431,O4-M229
13650,MH-8431,O4-M230
13780,MH-8504,O4-M231
11739,MH-7358,O4-M232
48187,MH-22360,O4-M233
11738,MH-7357,O4-M234
37597,MH-19666,O4-M235
24037,MH-13806,O4-M236
16225,MH-9825,O4-M237
16226,MH-9826,O4-M238
23428,MH-13535,O4-M239
36964,MH-19396,O4-M240
9057,MH-5761,O4-M241
9058,MH-5762,O4-M242
19292,MH-11495,O4-M243
10906,MH-6859,O4-M244
22514,MH-13114,O4-M245
22618,MH-13168,O4-M246
22619,MH-13169,O4-M247
7732,MH-4974,O4-M248
7733,MH-4975,O4-M249
22926,MH-13314,O4-M250
22927,MH-13315,O4-M251
41425,MH-21021,O4-M252
4499,MH-2937,O4-M253
4500,MH-2938,O4-M254
5138,MH-3352,O4-M255
10905,MH-6858,O4-M256
22515,MH-13115,O4-M257
7364,MH-4754,O4-M258
7365,MH-4755,O4-M259
12713,MH-7909,O4-M260
12714,MH-7910,O4-M261
29408,MH-15941,O4-M262
39140,MH-20258,O4-M263
40265,MH-20654,O4-M264
17109,MH-10314,O4-M265
17110,MH-10315,O4-M266
22324,MH-13031,O4-M267
23527,MH-13583,O4-M268
16407,MH-9926,O4-M269
16406,MH-9925,O4-M270
22903,MH-13304,O4-M271
26862,MH-14911,O4-M272
42289,MH-21235,O4-M273
20421,MH-12093,O4-M274
48189,MH-22361,O4-M275
25695,MH-14495,O4-M276
48192,MH-22362,O4-M277
25771,MH-14522,O4-M278
48195,MH-22363,O4-M279
25827,MH-14541,O4-M280
48198,MH-22364,O4-M281
25901,MH-14572,O4-M282
28728,MH-15663,O4-M283
29740,MH-16088,O4-M284
46969,MH-21973,O4-M285
22110,MH-12935,O4-M286
22111,MH-12936,O4-M287
48209,MH-22369,O4-M288
48207,MH-22368,O4-M289
48205,MH-22367,O4-M290
34848,MH-18516,O4-M291
34849,MH-18517,O4-M292
35262,MH-18698,O4-M293
35263,MH-18699,O4-M294
43813,MH-21523,O4-M295
35514,MH-18811,O4-M296
2608,MH-1701,O4-M297
20185,MH-11970,O4-M298
24820,MH-14151,O4-M299
19722,MH-11724,O4-M300
19721,MH-11723,O4-M301
12198,MH-7624,O4-M302
12197,MH-7623,O4-M303
10698,MH-6736,O4-M304
25969,MH-14595,O4-M305
2468,MH-1609,O4-M306
38885,MH-20174,O4-M307
42786,MH-21341,O4-M308
39499,MH-20395,O4-M309
35978,MH-18992,O4-M310
29607,MH-16026,O4-M311
29606,MH-16025,O4-M312
46962,MH-21971,O4-M313
19671,MH-11699,O4-M314
24043,MH-13808,O4-M315
19406,MH-11556,O4-M316
19405,MH-11555,O4-M317
19670,MH-11698,O4-M318
25659,MH-14482,O4-M319
19491,MH-11604,O4-M320
19908,MH-11826,O4-M321
10697,MH-6735,O4-M322
38280,MH-19950,O4-M323
41945,MH-21145,O4-M324
16988,MH-10248,O4-M325
16989,MH-10249,O4-M326
1424,MH-920,O4-M327
40545,MH-20749,O4-M328
20690,MH-12235,O4-M329
13668,MH-8441,O4-M330
23264,MH-13466,O4-M331
23263,MH-13465,O4-M332
38026,MH-19849,O4-M333
15562,MH-9460,O4-M334
15563,MH-9461,O4-M335
24986,MH-14216,O4-M336
16309,MH-9872,O4-M337
16310,MH-9873,O4-M338
25360,MH-14361,O4-M339
10930,MH-6874,O4-M340
10929,MH-6873,O4-M341
35984,MH-18994,O4-M342
48099,MH-22331,O4-M343
48102,MH-22332,O4-M344
46965,MH-21972,O4-M345
36031,MH-19013,O4-M346
36956,MH-19392,O4-M347
36957,MH-19393,O4-M348
30344,MH-16367,O4-M349
23416,MH-13529,O4-M350
19492,MH-11605,O4-M351
6265,MH-4081,O4-M352
6264,MH-4080,O4-M353
39117,MH-20252,O4-M354
22691,MH-13200,O4-M355
22230,MH-12991,O4-M356
22229,MH-12990,O4-M357
48096,MH-22330,O4-M358
35409,MH-18766,O4-M359
35410,MH-18767,O4-M360
17742,MH-10660,O4-M361
22948,MH-13323,O4-M362
14938,MH-9121,O4-M363
14937,MH-9120,O4-M364
21280,MH-12532,O4-M365
8017,MH-5142,O4-M366
34039,MH-18143,O4-M367
34040,MH-18144,O4-M368
23224,MH-13448,O4-M369
11927,MH-7467,O4-M370
277530,MH-22693,O4-M371
277532,MH-22694,O4-M372
5089,MH-3321,O4-M373
40525,MH-20742,O4-M374
42727,MH-21329,O4-M375
21917,MH-12841,O4-M376
39081,MH-20241,O4-M377
39082,MH-20242,O4-M378
10392,MH-6561,O4-M379
10393,MH-6562,O4-M380
39057,MH-20228,O4-M381
31552,MH-16929,O4-M382
5174,MH-3375,O4-M383
19071,MH-11373,O4-M384
19072,MH-11374,O4-M385
26143,MH-14663,O4-M386
5360,MH-3496,O4-M387
20506,MH-12137,O4-M388
20505,MH-12136,O4-M389
23096,MH-13393,O4-M390
23095,MH-13392,O4-M391
22455,MH-13087,O4-M392
17499,MH-10526,O4-M393
17500,MH-10527,O4-M394
14089,MH-8662,O4-M395
13537,MH-8366,O4-M396
10678,MH-6725,O4-M397
22390,MH-13058,O4-M398
4688,MH-3058,O4-M399
2126,MH-1383,O4-M400
48212,MH-22370,O4-M401
500,MH-307,O4-M402
8954,MH-5697,O4-M403
14054,MH-8646,O4-M404
42622,MH-21309,O4-M405
35351,MH-18744,O4-M406
35352,MH-18745,O4-M407
22635,MH-13174,O4-M408
22636,MH-13175,O4-M409
29811,MH-16121,O4-M410
8016,MH-5141,O4-M411
13981,MH-8608,O4-M412
13998,MH-8615,O4-M413
14043,MH-8640,O4-M414
14071,MH-8654,O4-M415
14127,MH-8680,O4-M416
14166,MH-8703,O4-M417
14165,MH-8702,O4-M418
20613,MH-12195,O4-M419
20612,MH-12194,O4-M420
36743,MH-19298,O4-M421
20712,MH-12248,O4-M422
13980,MH-8607,O4-M423
20482,MH-12124,O4-M424
20481,MH-12123,O4-M425
37784,MH-19748,O4-M426
41176,MH-20952,O4-M427
36141,MH-19055,O4-M428
36142,MH-19056,O4-M429
20711,MH-12247,O4-M430
21513,MH-12647,O4-M431
13997,MH-8614,O4-M432
14042,MH-8639,O4-M433
16080,MH-9744,O4-M434
14070,MH-8653,O4-M435
16079,MH-9743,O4-M436
14126,MH-8679,O4-M437
22824,MH-13265,O4-M438
11926,MH-7466,O4-M439
46105,MH-21811,O4-M440
45932,MH-21785,O4-M441
46840,MH-21939,O4-M442
41007,MH-20903,O4-M443
40502,MH-20732,O4-M444
40503,MH-20733,O4-M445
41087,MH-20924,O4-M446
21167,MH-12477,O4-M447
21168,MH-12478,O4-M448
41090,MH-20925,O4-M449
41091,MH-20926,O4-M450
26341,MH-14731,O4-M451
11802,MH-7395,O4-M452
11803,MH-7396,O4-M453
27676,MH-15224,O4-M454
27677,MH-15225,O4-M455
33955,MH-18105,O4-M456
33956,MH-18106,O4-M457
18836,MH-11248,O4-M458
18837,MH-11249,O4-M459
27954,MH-15332,O4-M460
33197,MH-17736,O4-M461
33156,MH-17716,O4-M462
46976,MH-21975,O4-M463
33157,MH-17717,O4-M464
40621,MH-20771,O4-M465
36212,MH-19085,O4-M466
19173,MH-11429,O4-M467
5088,MH-3320,O4-M468
36727,MH-19290,O4-M469
43209,MH-21423,O4-M470
35143,MH-18641,O4-M471
35142,MH-18640,O4-M472
46459,MH-21837,O4-M473
21916,MH-12840,O4-M474
37345,MH-19560,O4-M475
37344,MH-19559,O4-M476
45679,MH-21758,O4-M477
45809,MH-21771,O4-M478
45979,MH-21793,O4-M479
24605,MH-14055,O4-M480
17020,MH-10266,O4-M481
17021,MH-10267,O4-M482
38787,MH-20140,O4-M483
14284,MH-8764,O4-M484
20395,MH-12081,O4-M485
3917,MH-2559,O4-M486
19504,MH-11612,O4-M487
35697,MH-18880,O4-M488
19162,MH-11423,O4-M489
14285,MH-8765,O4-M490
27449,MH-15131,O4-M491
2246,MH-1462,O4-M492
34220,MH-18232,O4-M493
20862,MH-12324,O4-M494
8415,MH-5378,O4-M495
8416,MH-5379,O4-M496
20264,MH-12014,O4-M497
5164,MH-3369,O4-M498
5163,MH-3368,O4-M499
29979,MH-16199,O4-M500
29978,MH-16198,O4-M501
35621,MH-18851,O4-M502
48250,MH-22382,O4-M503
48215,MH-22371,O4-M504
23724,MH-13671,O4-M505
26501,MH-14781,O4-M506
26502,MH-14782,O4-M507
22340,MH-13037,O4-M508
3810,MH-2489,O4-M509
311,MH-182,O4-M510
278564,MH-22940,O4-M511
278566,MH-22941,O4-M512
278568,MH-22942,O4-M513
48256,MH-22384,O4-M514
30692,MH-16525,O4-M515
278571,MH-22943,O4-M516
521,MH-321,O4-M517
39928,MH-20541,O4-M518
3277,MH-2140,O4-M519
11991,MH-7505,O4-M520
43726,MH-21515,O4-M521
24574,MH-14041,O4-M522
22067,MH-12912,O4-M523
12833,MH-7978,O4-M524
11652,MH-7306,O4-M525
11653,MH-7307,O4-M526
22225,MH-12988,O4-M527
3809,MH-2488,O4-M528
42036,MH-21170,O4-M529
32495,MH-17400,O4-M530
26884,MH-14922,O4-M531
48253,MH-22383,O4-M532
7839,MH-5036,O4-M533
33330,MH-17807,O4-M534
3276,MH-2139,O4-M535
5006,MH-3266,O4-M536
5005,MH-3265,O4-M537
3742,MH-2445,O4-M538
24564,MH-14037,O4-M539
23050,MH-13369,O4-M540
23312,MH-13486,O4-M541
22933,MH-13317,O4-M542
2382,MH-1552,O4-M543
14063,MH-8650,O4-M544
14064,MH-8651,O4-M545
27439,MH-15128,O4-M546
31525,MH-16917,O4-M547
8953,MH-5696,O4-M548
5139,MH-3353,O4-M549
19062,MH-11369,O4-M550
14522,MH-8895,O4-M551
23649,MH-13637,O4-M552
16162,MH-9788,O4-M553
23912,MH-13753,O4-M554
16163,MH-9789,O4-M555
24217,MH-13885,O4-M556
22599,MH-13157,O4-M557
10677,MH-6724,O4-M558
44881,MH-21669,O4-M559
6498,MH-4228,O4-M560
26131,MH-14658,O4-M561
22752,MH-13231,O4-M562
9096,MH-5784,O4-M563
26741,MH-14867,O4-M564
26742,MH-14868,O4-M565
38245,MH-19935,O4-M566
21393,MH-12588,O4-M567
21394,MH-12589,O4-M568
34733,MH-18475,O4-M569
34734,MH-18476,O4-M570
25636,MH-14473,O4-M571
25637,MH-14474,O4-M572
4859,MH-3170,O4-M573
20494,MH-12131,O4-M574
20493,MH-12130,O4-M575
32720,MH-17506,O4-M576
32719,MH-17505,O4-M577
4860,MH-3171,O4-M578
9248,MH-5876,O4-M579
20545,MH-12158,O4-M580
804,MH-508,O4-M581
12808,MH-7964,O4-M582
25087,MH-14258,O4-M583
46982,MH-21977,O4-M584
2649,MH-1728,O4-M585
32121,MH-17205,O4-M586
29743,MH-16090,O4-M587
29742,MH-16089,O4-M588
46820,MH-21933,O4-M589
46913,MH-21959,O4-M590
46822,MH-21934,O4-M591
19145,MH-11413,O4-M592
30915,MH-16629,O4-M593
30131,MH-16271,O4-M594
29372,MH-15924,O4-M595
29373,MH-15925,O4-M596
20674,MH-12226,O4-M597
6636,MH-4315,O4-M598
1489,MH-963,O4-M599
12976,MH-8050,O4-M600
21207,MH-12498,O4-M601
1618,MH-1048,O4-M602
20705,MH-12244,O4-M603
32160,MH-17224,O4-M604
48289,MH-22395,O4-M605
32159,MH-17223,O4-M606
32433,MH-17368,O4-M607
48292,MH-22396,O4-M608
11877,MH-7438,O4-M609
12987,MH-8056,O4-M610
7629,MH-4913,O4-M611
7628,MH-4912,O4-M612
10686,MH-6729,O4-M613
9114,MH-5794,O4-M614
28967,MH-15764,O4-M615
5226,MH-3409,O4-M616
5227,MH-3410,O4-M617
19486,MH-11601,O4-M618
19487,MH-11602,O4-M619
48307,MH-22401,O4-M620
14822,MH-9058,O4-M621
10208,MH-6453,O4-M622
13065,MH-8096,O4-M623
13603,MH-8403,O4-M624
14553,MH-8911,O4-M625
12637,MH-7870,O4-M626
12636,MH-7869,O4-M627
46959,MH-21970,O4-M628
15025,MH-9167,O4-M629
15024,MH-9166,O4-M630
18642,MH-11147,O4-M631
18641,MH-11146,O4-M632
2965,MH-1936,O4-M633
34641,MH-18431,O4-M634
34642,MH-18432,O4-M635
31401,MH-16861,O4-M636
47003,MH-21984,O4-M637
47006,MH-21985,O4-M638
31402,MH-16862,O4-M639
15047,MH-9180,O4-M640
15048,MH-9181,O4-M641
34404,MH-18320,O4-M642
31436,MH-16879,O4-M643
47009,MH-21986,O4-M644
47012,MH-21987,O4-M645
31974,MH-17132,O4-M646
33186,MH-17730,O4-M647
33187,MH-17731,O4-M648
33887,MH-18075,O4-M649
37329,MH-19554,O4-M650
34152,MH-18199,O4-M651
30491,MH-16432,O4-M652
47015,MH-21988,O4-M653
47018,MH-21989,O4-M654
30492,MH-16433,O4-M655
30859,MH-16602,O4-M656
14120,MH-8675,O4-M657
32934,MH-17606,O4-M658
47000,MH-21983,O4-M659
26920,MH-14937,O4-M660
13280,MH-8215,O4-M661
31294,MH-16809,O4-M662
46997,MH-21982,O4-M663
16788,MH-10136,O4-M664
16789,MH-10137,O4-M665
13279,MH-8214,O4-M666
46985,MH-21978,O4-M667
46988,MH-21979,O4-M668
30309,MH-16350,O4-M669
30310,MH-16351,O4-M670
30805,MH-16573,O4-M671
46994,MH-21981,O4-M672
46991,MH-21980,O4-M673
4283,MH-2796,O4-M674
7253,MH-4689,O4-M675
7254,MH-4690,O4-M676
19144,MH-11412,O4-M677
28730,MH-15664,O4-M678
22876,MH-13291,O4-M679
22875,MH-13290,O4-M680
30543,MH-16456,O4-M681
30328,MH-16359,O4-M682
30327,MH-16358,O4-M683
30407,MH-16393,O4-M684
30406,MH-16392,O4-M685
28056,MH-15373,O4-M686
14121,MH-8676,O4-M687
27180,MH-15029,O4-M688
27181,MH-15030,O4-M689
6635,MH-4314,O4-M690
7840,MH-5037,O4-M691
12414,MH-7744,O4-M692
12415,MH-7745,O4-M693
4817,MH-3143,O4-M694
4816,MH-3142,O4-M695
48286,MH-22394,O4-M696
31061,MH-16701,O4-M697
17588,MH-10577,O4-M698
5296,MH-3455,O4-M699
15550,MH-9453,O4-M700
8363,MH-5349,O4-M701
8173,MH-5235,O4-M702
8172,MH-5234,O4-M703
19754,MH-11743,O4-M704
3730,MH-2437,O4-M705
3729,MH-2436,O4-M706
10605,MH-6681,O4-M707
18095,MH-10851,O4-M708
18096,MH-10852,O4-M709
17587,MH-10576,O4-M710
39634,MH-20441,O4-M711
5295,MH-3454,O4-M712
12971,MH-8047,O4-M713
21766,MH-12769,O4-M714
37912,MH-19802,O4-M715
42356,MH-21248,O4-M716
23517,MH-13578,O4-M717
53,MH-13,O4-M718
5098,MH-3327,O4-M719
5097,MH-3326,O4-M720
26605,MH-14819,O4-M721
36930,MH-19380,O4-M722
28013,MH-15358,O4-M723
1967,MH-1278,O4-M724
25497,MH-14417,O4-M725
10604,MH-6680,O4-M726
11876,MH-7437,O4-M727
48295,MH-22397,O4-M728
9986,MH-6319,O4-M729
10561,MH-6656,O4-M730
264,MH-151,O4-M731
19045,MH-11359,O4-M732
20345,MH-12055,O4-M733
15604,MH-9484,O4-M734
485,MH-297,O4-M735
21943,MH-12854,O4-M736
22035,MH-12898,O4-M737
13602,MH-8402,O4-M738
35557,MH-18826,O4-M739
11712,MH-7342,O4-M740
28650,MH-15630,O4-M741
11713,MH-7343,O4-M742
16991,MH-10250,O4-M743
7381,MH-4765,O4-M744
7380,MH-4764,O4-M745
30187,MH-16295,O4-M746
32302,MH-17297,O4-M747
10218,MH-6459,O4-M748
10217,MH-6458,O4-M749
28636,MH-15624,O4-M750
28635,MH-15623,O4-M751
3519,MH-2298,O4-M752
31768,MH-17034,O4-M753
44144,MH-21570,O4-M754
17651,MH-10612,O4-M755
26510,MH-14783,O4-M756
21361,MH-12574,O4-M757
12831,MH-7977,O4-M758
23624,MH-13625,O4-M759
3554,MH-2321,O4-M760
24387,MH-13961,O4-M761
23640,MH-13633,O4-M762
22394,MH-13060,O4-M763
277252,MH-22638,O4-M764
24080,MH-13825,O4-M765
277255,MH-22639,O4-M766
13825,MH-8528,O4-M767
13826,MH-8529,O4-M768
3553,MH-2320,O4-M769
30838,MH-16591,O4-M770
30837,MH-16590,O4-M771
22395,MH-13061,O4-M772
29638,MH-16041,O4-M773
25612,MH-14467,O4-M774
5209,MH-3398,O4-M775
29204,MH-15860,O4-M776
29203,MH-15859,O4-M777
23734,MH-13675,O4-M778
23733,MH-13674,O4-M779
277440,MH-22691,O4-M780
277437,MH-22690,O4-M781
27460,MH-15137,O4-M782
27459,MH-15136,O4-M783
33466,MH-17869,O4-M784
30368,MH-16375,O4-M785
30367,MH-16374,O4-M786
34088,MH-18168,O4-M787
12041,MH-7532,O4-M788
12042,MH-7533,O4-M789
14359,MH-8804,O4-M790
14360,MH-8805,O4-M791
28389,MH-15511,O4-M792
28390,MH-15512,O4-M793
32620,MH-17458,O4-M794
8661,MH-5520,O4-M795
8662,MH-5521,O4-M796
6779,MH-4404,O4-M797
6780,MH-4405,O4-M798
32948,MH-17612,O4-M799
26827,MH-14900,O4-M800
15386,MH-9363,O4-M801
11247,MH-7063,O4-M802
48432,MH-22443,O4-M803
31315,MH-16820,O4-M804
1676,MH-1086,O4-M805
1677,MH-1087,O4-M806
19383,MH-11544,O4-M807
34366,MH-18302,O4-M808
39372,MH-20342,O4-M809
18752,MH-11205,O4-M810
1541,MH-997,O4-M811
37771,MH-19742,O4-M812
17831,MH-10708,O4-M813
974,MH-621,O4-M814
3072,MH-2006,O4-M815
3071,MH-2005,O4-M816
8659,MH-5519,O4-M817
8658,MH-5518,O4-M818
32777,MH-17532,O4-M819
48426,MH-22441,O4-M820
2144,MH-1395,O4-M821
6249,MH-4072,O4-M822
32500,MH-17403,O4-M823
33666,MH-17964,O4-M824
42417,MH-21262,O4-M825
15861,MH-9629,O4-M826
3066,MH-2002,O4-M827
3065,MH-2001,O4-M828
32900,MH-17592,O4-M829
32899,MH-17591,O4-M830
3338,MH-2180,O4-M831
39809,MH-20503,O4-M832
33284,MH-17782,O4-M833
33285,MH-17783,O4-M834
13389,MH-8276,O4-M835
15072,MH-9194,O4-M836
48471,MH-22456,O4-M837
19274,MH-11485,O4-M838
1325,MH-854,O4-M839
1324,MH-853,O4-M840
48414,MH-22437,O4-M841
27687,MH-15230,O4-M842
33832,MH-18048,O4-M843
1139,MH-730,O4-M844
29774,MH-16103,O4-M845
48411,MH-22436,O4-M846
13304,MH-8228,O4-M847
13303,MH-8227,O4-M848
953,MH-607,O4-M849
13084,MH-8106,O4-M850
33328,MH-17806,O4-M851
15926,MH-9664,O4-M852
10524,MH-6636,O4-M853
10523,MH-6635,O4-M854
13834,MH-8533,O4-M855
13833,MH-8532,O4-M856
41306,MH-20985,O4-M857
11643,MH-7302,O4-M858
19477,MH-11596,O4-M859
35066,MH-18608,O4-M860
26442,MH-14765,O4-M861
48438,MH-22445,O4-M862
29911,MH-16167,O4-M863
48435,MH-22444,O4-M864
29866,MH-16143,O4-M865
29867,MH-16144,O4-M866
30096,MH-16254,O4-M867
31744,MH-17023,O4-M868
13368,MH-8265,O4-M869
13369,MH-8266,O4-M870
18892,MH-11279,O4-M871
37590,MH-19662,O4-M872
38102,MH-19878,O4-M873
12658,MH-7881,O4-M874
12659,MH-7882,O4-M875
30240,MH-16320,O4-M876
37126,MH-19468,O4-M877
11642,MH-7301,O4-M878
11246,MH-7062,O4-M879
27538,MH-15169,O4-M880
48523,MH-22474,O4-M881
31170,MH-16750,O4-M882
16578,MH-10018,O4-M883
17830,MH-10707,O4-M884
14944,MH-9123,O4-M885
17225,MH-10380,O4-M886
11957,MH-7484,O4-M887
11205,MH-7037,O4-M888
11206,MH-7038,O4-M889
15879,MH-9639,O4-M890
35992,MH-18998,O4-M891
13575,MH-8389,O4-M892
13574,MH-8388,O4-M893
11200,MH-7034,O4-M894
11199,MH-7033,O4-M895
28152,MH-15410,O4-M896
40642,MH-20780,O4-M897
32034,MH-17161,O4-M898
20513,MH-12141,O4-M899
46895,MH-21954,O4-M900
46898,MH-21955,O4-M901
46901,MH-21956,O4-M902
7246,MH-4685,O4-M903
7245,MH-4684,O4-M904
31052,MH-16696,O4-M905
3426,MH-2237,O4-M906
48506,MH-22467,O4-M907
37797,MH-19754,O4-M908
6956,MH-4510,O4-M909
6957,MH-4511,O4-M910
307,MH-179,O4-M911
13390,MH-8277,O4-M912
19530,MH-11626,O4-M913
3601,MH-2352,O4-M914
3602,MH-2353,O4-M915
10612,MH-6685,O4-M916
16298,MH-9865,O4-M917
16299,MH-9866,O4-M918
20836,MH-12312,O4-M919
26933,MH-14941,O4-M920
3337,MH-2179,O4-M921
33004,MH-17640,O4-M922
33005,MH-17641,O4-M923
40096,MH-20599,O4-M924
15336,MH-9338,O4-M925
30175,MH-16289,O4-M926
45938,MH-21786,O4-M927
2143,MH-1394,O4-M928
42981,MH-21373,O4-M929
12778,MH-7947,O4-M930
9425,MH-5983,O4-M931
7235,MH-4680,O4-M932
4749,MH-3098,O4-M933
4748,MH-3097,O4-M934
41901,MH-21135,O4-M935
9424,MH-5982,O4-M936
39212,MH-20284,O4-M937
7234,MH-4679,O4-M938
41383,MH-21006,O4-M939
19049,MH-11361,O4-M940
17946,MH-10772,O4-M941
33868,MH-18066,O4-M942
34077,MH-18162,O4-M943
33883,MH-18073,O4-M944
33882,MH-18072,O4-M945
4324,MH-2822,O4-M946
25460,MH-14401,O4-M947
29397,MH-15937,O4-M948
29396,MH-15936,O4-M949
31197,MH-16766,O4-M950
9765,MH-6187,O4-M951
9764,MH-6186,O4-M952
31727,MH-17014,O4-M953
27537,MH-15168,O4-M954
16579,MH-10019,O4-M955
32031,MH-17159,O4-M956
32032,MH-17160,O4-M957
21216,MH-12502,O4-M958
7439,MH-4799,O4-M959
7440,MH-4800,O4-M960
8850,MH-5634,O4-M961
8851,MH-5635,O4-M962
33703,MH-17980,O4-M963
33704,MH-17981,O4-M964
9213,MH-5854,O4-M965
9214,MH-5855,O4-M966
48447,MH-22448,O4-M967
25094,MH-14260,O4-M968
25095,MH-14261,O4-M969
6180,MH-4027,O4-M970
6181,MH-4028,O4-M971
2632,MH-1717,O4-M972
10674,MH-6722,O4-M973
10675,MH-6723,O4-M974
8918,MH-5675,O4-M975
8919,MH-5676,O4-M976
21024,MH-12408,O4-M977
46905,MH-21957,O4-M978
20512,MH-12140,O4-M979
38521,MH-20046,O4-M980
37452,MH-19604,O4-M981
20162,MH-11957,O4-M982
20163,MH-11958,O4-M983
27285,MH-15069,O4-M984
46916,MH-21960,O4-M985
13269,MH-8208,O4-M986
13270,MH-8209,O4-M987
6275,MH-4087,O4-M988
6074,MH-3960,O4-M989
48444,MH-22447,O4-M990
17384,MH-10467,O4-M991
46919,MH-21961,O4-M992
22196,MH-12976,O4-M993
6451,MH-4198,O4-M994
6093,MH-3972,O4-M995
1638,MH-1061,O4-M996
6073,MH-3959,O4-M997
9507,MH-6031,O4-M998
31932,MH-17115,O4-M999
22916,MH-13310,O4-M1000
31458,MH-16888,O4-M1001
48453,MH-22450,O4-M1002
30269,MH-16334,O4-M1003
29871,MH-16146,O4-M1004
48450,MH-22449,O4-M1005
29872,MH-16147,O4-M1006
12569,MH-7832,O4-M1007
11982,MH-7500,O4-M1008
15856,MH-9626,O4-M1009
31918,MH-17109,O4-M1010
31919,MH-17110,O4-M1011
33263,MH-17770,O4-M1012
33264,MH-17771,O4-M1013
30249,MH-16324,O4-M1014
31582,MH-16946,O4-M1015
14558,MH-8914,O4-M1016
20988,MH-12390,O4-M1017
11981,MH-7499,O4-M1018
14559,MH-8915,O4-M1019
11888,MH-7445,O4-M1020
11887,MH-7444,O4-M1021
38224,MH-19929,O4-M1022
31623,MH-16966,O4-M1023
31622,MH-16965,O4-M1024
35221,MH-18677,O4-M1025
17389,MH-10469,O4-M1026
21704,MH-12742,O4-M1027
48441,MH-22446,O4-M1028
46910,MH-21958,O4-M1029
2739,MH-1788,O4-M1030
2738,MH-1787,O4-M1031
31076,MH-16707,O4-M1032
32350,MH-17324,O4-M1033
278555,MH-22938,O4-M1034
19465,MH-11589,O4-M1035
19374,MH-11541,O4-M1036
5424,MH-3538,O4-M1037
5425,MH-3539,O4-M1038
25897,MH-14571,O4-M1039
24582,MH-14044,O4-M1040
18204,MH-10911,O4-M1041
18203,MH-10910,O4-M1042
23437,MH-13540,O4-M1043
28138,MH-15407,O4-M1044
29778,MH-16105,O4-M1045
48348,MH-22415,O4-M1046
18598,MH-11122,O4-M1047
48351,MH-22416,O4-M1048
48354,MH-22417,O4-M1049
29549,MH-16004,O4-M1050
48357,MH-22418,O4-M1051
31870,MH-17089,O4-M1052
31869,MH-17088,O4-M1053
38749,MH-20129,O4-M1054
40080,MH-20592,O4-M1055
1879,MH-1220,O4-M1056
7437,MH-4798,O4-M1057
38295,MH-19956,O4-M1058
34407,MH-18322,O4-M1059
34406,MH-18321,O4-M1060
2991,MH-1953,O4-M1061
41413,MH-21016,O4-M1062
41412,MH-21015,O4-M1063
36903,MH-19366,O4-M1064
36902,MH-19365,O4-M1065
40463,MH-20717,O4-M1066
39832,MH-20511,O4-M1067
11556,MH-7248,O4-M1068
9467,MH-6007,O4-M1069
392,MH-235,O4-M1070
24107,MH-13834,O4-M1071
46828,MH-21935,O4-M1072
12957,MH-8040,O4-M1073
16994,MH-10252,O4-M1074
16993,MH-10251,O4-M1075
15310,MH-9325,O4-M1076
838,MH-531,O4-M1077
11899,MH-7450,O4-M1078
28488,MH-15553,O4-M1079
31657,MH-16980,O4-M1080
48462,MH-22453,O4-M1081
21523,MH-12652,O4-M1082
21524,MH-12653,O4-M1083
29158,MH-15841,O4-M1084
21032,MH-12411,O4-M1085
21033,MH-12412,O4-M1086
11077,MH-6960,O4-M1087
48459,MH-22452,O4-M1088
11078,MH-6961,O4-M1089
48456,MH-22451,O4-M1090
32905,MH-17594,O4-M1091
20089,MH-11920,O4-M1092
24902,MH-14182,O4-M1093
32190,MH-17241,O4-M1094
12740,MH-7925,O4-M1095
13004,MH-8064,O4-M1096
29926,MH-16173,O4-M1097
24502,MH-14009,O4-M1098
24501,MH-14008,O4-M1099
22917,MH-13311,O4-M1100
37843,MH-19773,O4-M1101
12030,MH-7526,O4-M1102
1067,MH-683,O4-M1103
45511,MH-21741,O4-M1104
35877,MH-18957,O4-M1105
35876,MH-18956,O4-M1106
19568,MH-11648,O4-M1107
19373,MH-11540,O4-M1108
31842,MH-17074,O4-M1109
18821,MH-11241,O4-M1110
18822,MH-11242,O4-M1111
33885,MH-18074,O4-M1112
3789,MH-2475,O4-M1113
1518,MH-982,O4-M1114
13920,MH-8577,O4-M1115
12170,MH-7609,O4-M1116
12169,MH-7608,O4-M1117
775,MH-489,O4-M1118
774,MH-488,O4-M1119
30026,MH-16220,O4-M1120
30025,MH-16219,O4-M1121
48417,MH-22438,O4-M1122
31208,MH-16770,O4-M1123
32463,MH-17384,O4-M1124
34554,MH-18391,O4-M1125
12049,MH-7537,O4-M1126
11141,MH-6998,O4-M1127
12301,MH-7681,O4-M1128
4894,MH-3193,O4-M1129
4893,MH-3192,O4-M1130
30227,MH-16316,O4-M1131
33943,MH-18099,O4-M1132
32877,MH-17580,O4-M1133
32876,MH-17579,O4-M1134
7744,MH-4981,O4-M1135
8443,MH-5393,O4-M1136
34208,MH-18226,O4-M1137
10570,MH-6661,O4-M1138
10569,MH-6660,O4-M1139
32815,MH-17551,O4-M1140
34011,MH-18132,O4-M1141
40353,MH-20685,O4-M1142
48465,MH-22454,O4-M1143
12739,MH-7924,O4-M1144
5018,MH-3274,O4-M1145
4458,MH-2910,O4-M1146
4459,MH-2911,O4-M1147
33440,MH-17859,O4-M1148
33441,MH-17860,O4-M1149
29710,MH-16073,O4-M1150
46837,MH-21938,O4-M1151
46834,MH-21937,O4-M1152
29711,MH-16074,O4-M1153
29974,MH-16196,O4-M1154
1878,MH-1219,O4-M1155
5017,MH-3273,O4-M1156
48559,MH-22486,O4-M1157
30570,MH-16471,O4-M1158
1517,MH-981,O4-M1159
29878,MH-16150,O4-M1160
29877,MH-16149,O4-M1161
16046,MH-9728,O4-M1162
48420,MH-22439,O4-M1163
28762,MH-15679,O4-M1164
29991,MH-16204,O4-M1165
3175,MH-2073,O4-M1166
3176,MH-2074,O4-M1167
11140,MH-6997,O4-M1168
48511,MH-22470,O4-M1169
22072,MH-12915,O4-M1170
22073,MH-12916,O4-M1171
7743,MH-4980,O4-M1172
34949,MH-18559,O4-M1173
34948,MH-18558,O4-M1174
22503,MH-13108,O4-M1175
46847,MH-21940,O4-M1176
22502,MH-13107,O4-M1177
23436,MH-13539,O4-M1178
31434,MH-16878,O4-M1179
590,MH-367,O4-M1180
591,MH-368,O4-M1181
27728,MH-15243,O4-M1182
48360,MH-22419,O4-M1183
48363,MH-22420,O4-M1184
48366,MH-22421,O4-M1185
27729,MH-15244,O4-M1186
31201,MH-16767,O4-M1187
46852,MH-21941,O4-M1188
46855,MH-21942,O4-M1189
46857,MH-21943,O4-M1190
46859,MH-21944,O4-M1191
46861,MH-21945,O4-M1192
46863,MH-21946,O4-M1193
2241,MH-1459,O4-M1194
2901,MH-1894,O4-M1195
23481,MH-13562,O4-M1196
20191,MH-11974,O4-M1197
18060,MH-10832,O4-M1198
18061,MH-10833,O4-M1199
10007,MH-6332,O4-M1200
18781,MH-11222,O4-M1201
9274,MH-5892,O4-M1202
2816,MH-1838,O4-M1203
2817,MH-1839,O4-M1204
17705,MH-10639,O4-M1205
2654,MH-1731,O4-M1206
2655,MH-1732,O4-M1207
22216,MH-12984,O4-M1208
7116,MH-4605,O4-M1209
7115,MH-4604,O4-M1210
25340,MH-14352,O4-M1211
35330,MH-18734,O4-M1212
29749,MH-16093,O4-M1213
29750,MH-16094,O4-M1214
22746,MH-13229,O4-M1215
22747,MH-13230,O4-M1216
20841,MH-12315,O4-M1217
19200,MH-11444,O4-M1218
19201,MH-11445,O4-M1219
14965,MH-9134,O4-M1220
14964,MH-9133,O4-M1221
3230,MH-2109,O4-M1222
3229,MH-2108,O4-M1223
18155,MH-10884,O4-M1224
18154,MH-10883,O4-M1225
26588,MH-14812,O4-M1226
26587,MH-14811,O4-M1227
22964,MH-13330,O4-M1228
2482,MH-1618,O4-M1229
10006,MH-6331,O4-M1230
21787,MH-12778,O4-M1231
9273,MH-5891,O4-M1232
14533,MH-8900,O4-M1233
23259,MH-13463,O4-M1234
9355,MH-5940,O4-M1235
30448,MH-16412,O4-M1236
33595,MH-17927,O4-M1237
21286,MH-12535,O4-M1238
21287,MH-12536,O4-M1239
37319,MH-19549,O4-M1240
30951,MH-16646,O4-M1241
19565,MH-11646,O4-M1242
19566,MH-11647,O4-M1243
27713,MH-15238,O4-M1244
15945,MH-9675,O4-M1245
15944,MH-9674,O4-M1246
34162,MH-18203,O4-M1247
38672,MH-20104,O4-M1248
17353,MH-10450,O4-M1249
9466,MH-6006,O4-M1250
34696,MH-18458,O4-M1251
20188,MH-11972,O4-M1252
23037,MH-13363,O4-M1253
23781,MH-13697,O4-M1254
46831,MH-21936,O4-M1255
20189,MH-11973,O4-M1256
12958,MH-8041,O4-M1257
27940,MH-15325,O4-M1258
11493,MH-7209,O4-M1259
11494,MH-7210,O4-M1260
33840,MH-18051,O4-M1261
43221,MH-21425,O4-M1262
12472,MH-7777,O4-M1263
48565,MH-22488,O4-M1264
31167,MH-16749,O4-M1265
31376,MH-16850,O4-M1266
48562,MH-22487,O4-M1267
31377,MH-16851,O4-M1268
6126,MH-3994,O4-M1269
6125,MH-3993,O4-M1270
23683,MH-13652,O4-M1271
33808,MH-18037,O4-M1272
13963,MH-8598,O4-M1273
13962,MH-8597,O4-M1274
48390,MH-22429,O4-M1275
15651,MH-9506,O4-M1276
15650,MH-9505,O4-M1277
17397,MH-10473,O4-M1278
48378,MH-22425,O4-M1279
17396,MH-10472,O4-M1280
33660,MH-17961,O4-M1281
31308,MH-16816,O4-M1282
31309,MH-16817,O4-M1283
19780,MH-11759,O4-M1284
19781,MH-11760,O4-M1285
31855,MH-17081,O4-M1286
14478,MH-8871,O4-M1287
14479,MH-8872,O4-M1288
9662,MH-6124,O4-M1289
9663,MH-6125,O4-M1290
35802,MH-18924,O4-M1291
28870,MH-15722,O4-M1292
28871,MH-15723,O4-M1293
22011,MH-12888,O4-M1294
16506,MH-9977,O4-M1295
16746,MH-10114,O4-M1296
48393,MH-22430,O4-M1297
30173,MH-16288,O4-M1298
48381,MH-22426,O4-M1299
48384,MH-22427,O4-M1300
48387,MH-22428,O4-M1301
29274,MH-15886,O4-M1302
26986,MH-14959,O4-M1303
48375,MH-22424,O4-M1304
48372,MH-22423,O4-M1305
48369,MH-22422,O4-M1306
611,MH-380,O4-M1307
13809,MH-8519,O4-M1308
26066,MH-14635,O4-M1309
24572,MH-14040,O4-M1310
18873,MH-11268,O4-M1311
18874,MH-11269,O4-M1312
48402,MH-22433,O4-M1313
48405,MH-22434,O4-M1314
28928,MH-15750,O4-M1315
18618,MH-11133,O4-M1316
18791,MH-11227,O4-M1317
28313,MH-15479,O4-M1318
5405,MH-3526,O4-M1319
6136,MH-4000,O4-M1320
6346,MH-4132,O4-M1321
7308,MH-4723,O4-M1322
12091,MH-7562,O4-M1323
8351,MH-5343,O4-M1324
5404,MH-3525,O4-M1325
5703,MH-3721,O4-M1326
12697,MH-7901,O4-M1327
5702,MH-3720,O4-M1328
16453,MH-9950,O4-M1329
12696,MH-7900,O4-M1330
15656,MH-9509,O4-M1331
15657,MH-9510,O4-M1332
5413,MH-3531,O4-M1333
7307,MH-4722,O4-M1334
1058,MH-677,O4-M1335
4128,MH-2696,O4-M1336
4200,MH-2742,O4-M1337
8638,MH-5506,O4-M1338
8637,MH-5505,O4-M1339
1647,MH-1067,O4-M1340
1646,MH-1066,O4-M1341
9588,MH-6081,O4-M1342
8523,MH-5439,O4-M1343
8694,MH-5539,O4-M1344
31442,MH-16882,O4-M1345
33717,MH-17989,O4-M1346
39707,MH-20472,O4-M1347
736,MH-463,O4-M1348
33829,MH-18047,O4-M1349
19481,MH-11598,O4-M1350
278455,MH-22908,O4-M1351
278457,MH-22909,O4-M1352
18117,MH-10863,O4-M1353
4845,MH-3161,O4-M1354
278461,MH-22910,O4-M1355
37829,MH-19768,O4-M1356
28985,MH-15770,O4-M1357
2435,MH-1587,O4-M1358
11172,MH-7018,O4-M1359
11171,MH-7017,O4-M1360
1057,MH-676,O4-M1361
8350,MH-5342,O4-M1362
48344,MH-22414,O4-M1363
3684,MH-2407,O4-M1364
3683,MH-2406,O4-M1365
13293,MH-8222,O4-M1366
12702,MH-7903,O4-M1367
3478,MH-2271,O4-M1368
16581,MH-10020,O4-M1369
8356,MH-5346,O4-M1370
4048,MH-2644,O4-M1371
13292,MH-8221,O4-M1372
15017,MH-9162,O4-M1373
48304,MH-22400,O4-M1374
9491,MH-6022,O4-M1375
62,MH-19,O4-M1376
9602,MH-6089,O4-M1377
63,MH-20,O4-M1378
12640,MH-7871,O4-M1379
14871,MH-9084,O4-M1380
7199,MH-4658,O4-M1381
7200,MH-4659,O4-M1382
12862,MH-7994,O4-M1383
15450,MH-9399,O4-M1384
46870,MH-21948,O4-M1385
46867,MH-21947,O4-M1386
18407,MH-11021,O4-M1387
18406,MH-11020,O4-M1388
48341,MH-22413,O4-M1389
19442,MH-11576,O4-M1390
9846,MH-6236,O4-M1391
9825,MH-6223,O4-M1392
9824,MH-6222,O4-M1393
4691,MH-3060,O4-M1394
4690,MH-3059,O4-M1395
25257,MH-14321,O4-M1396
33892,MH-18077,O4-M1397
9531,MH-6046,O4-M1398
9530,MH-6045,O4-M1399
24113,MH-13837,O4-M1400
14889,MH-9094,O4-M1401
921,MH-586,O4-M1402
36037,MH-19016,O4-M1403
36038,MH-19017,O4-M1404
11123,MH-6987,O4-M1405
11124,MH-6988,O4-M1406
356,MH-211,O4-M1407
13800,MH-8515,O4-M1408
16229,MH-9828,O4-M1409
16228,MH-9827,O4-M1410
18111,MH-10860,O4-M1411
13799,MH-8514,O4-M1412
6205,MH-4043,O4-M1413
14168,MH-8704,O4-M1414
8853,MH-5636,O4-M1415
8854,MH-5637,O4-M1416
28157,MH-15412,O4-M1417
14888,MH-9093,O4-M1418
35797,MH-18921,O4-M1419
43133,MH-21406,O4-M1420
44231,MH-21582,O4-M1421
24870,MH-14168,O4-M1422
14734,MH-9011,O4-M1423
14733,MH-9010,O4-M1424
31529,MH-16919,O4-M1425
25243,MH-14314,O4-M1426
27482,MH-15148,O4-M1427
18639,MH-11145,O4-M1428
18638,MH-11144,O4-M1429
26389,MH-14747,O4-M1430
27791,MH-15266,O4-M1431
25244,MH-14315,O4-M1432
9168,MH-5826,O4-M1433
14208,MH-8725,O4-M1434
9169,MH-5827,O4-M1435
35346,MH-18742,O4-M1436
440,MH-267,O4-M1437
38812,MH-20150,O4-M1438
12207,MH-7629,O4-M1439
12208,MH-7630,O4-M1440
42793,MH-21343,O4-M1441
15411,MH-9376,O4-M1442
10649,MH-6707,O4-M1443
10648,MH-6706,O4-M1444
29734,MH-16086,O4-M1445
20119,MH-11934,O4-M1446
20120,MH-11935,O4-M1447
46873,MH-21949,O4-M1448
30180,MH-16291,O4-M1449
25411,MH-14382,O4-M1450
5245,MH-3422,O4-M1451
5244,MH-3421,O4-M1452
29245,MH-15876,O4-M1453
46879,MH-21951,O4-M1454
46876,MH-21950,O4-M1455
22086,MH-12923,O4-M1456
34931,MH-18550,O4-M1457
20663,MH-12220,O4-M1458
20662,MH-12219,O4-M1459
39549,MH-20413,O4-M1460
29783,MH-16108,O4-M1461
46936,MH-21967,O4-M1462
29784,MH-16109,O4-M1463
31476,MH-16895,O4-M1464
31477,MH-16896,O4-M1465
33415,MH-17845,O4-M1466
33416,MH-17846,O4-M1467
33753,MH-18008,O4-M1468
34637,MH-18429,O4-M1469
31703,MH-17004,O4-M1470
48325,MH-22407,O4-M1471
13208,MH-8175,O4-M1472
30848,MH-16596,O4-M1473
4266,MH-2785,O4-M1474
4265,MH-2784,O4-M1475
31872,MH-17090,O4-M1476
21376,MH-12581,O4-M1477
10984,MH-6905,O4-M1478
10983,MH-6904,O4-M1479
17198,MH-10364,O4-M1480
17197,MH-10363,O4-M1481
17590,MH-10578,O4-M1482
33640,MH-17950,O4-M1483
7316,MH-4728,O4-M1484
13907,MH-8570,O4-M1485
13906,MH-8569,O4-M1486
34269,MH-18256,O4-M1487
22857,MH-13283,O4-M1488
12455,MH-7768,O4-M1489
24443,MH-13984,O4-M1490
24442,MH-13983,O4-M1491
39247,MH-20297,O4-M1492
36435,MH-19167,O4-M1493
29127,MH-15829,O4-M1494
37907,MH-19800,O4-M1495
5821,MH-3797,O4-M1496
5822,MH-3798,O4-M1497
2208,MH-1437,O4-M1498
15750,MH-9565,O4-M1499
7646,MH-4924,O4-M1500
7645,MH-4923,O4-M1501
21999,MH-12882,O4-M1502
3271,MH-2136,O4-M1503
10396,MH-6564,O4-M1504
25851,MH-14553,O4-M1505
10628,MH-6694,O4-M1506
10629,MH-6695,O4-M1507
3270,MH-2135,O4-M1508
22716,MH-13213,O4-M1509
10395,MH-6563,O4-M1510
22715,MH-13212,O4-M1511
23553,MH-13593,O4-M1512
5339,MH-3482,O4-M1513
5338,MH-3481,O4-M1514
4143,MH-2705,O4-M1515
24867,MH-14167,O4-M1516
6352,MH-4136,O4-M1517
6351,MH-4135,O4-M1518
29384,MH-15930,O4-M1519
26701,MH-14852,O4-M1520
20488,MH-12127,O4-M1521
20487,MH-12126,O4-M1522
22248,MH-12998,O4-M1523
15629,MH-9495,O4-M1524
15630,MH-9496,O4-M1525
19436,MH-11573,O4-M1526
5431,MH-3543,O4-M1527
5430,MH-3542,O4-M1528
22557,MH-13137,O4-M1529
12587,MH-7842,O4-M1530
12586,MH-7841,O4-M1531
2793,MH-1823,O4-M1532
733,MH-461,O4-M1533
21374,MH-12580,O4-M1534
18421,MH-11029,O4-M1535
36789,MH-19315,O4-M1536
24405,MH-13969,O4-M1537
21179,MH-12484,O4-M1538
21178,MH-12483,O4-M1539
4976,MH-3246,O4-M1540
4703,MH-3068,O4-M1541
3149,MH-2056,O4-M1542
29647,MH-16046,O4-M1543
3622,MH-2366,O4-M1544
25381,MH-14370,O4-M1545
29651,MH-16047,O4-M1546
48322,MH-22406,O4-M1547
26917,MH-14936,O4-M1548
26916,MH-14935,O4-M1549
18053,MH-10828,O4-M1550
18052,MH-10827,O4-M1551
11166,MH-7014,O4-M1552
18896,MH-11281,O4-M1553
6945,MH-4503,O4-M1554
22570,MH-13143,O4-M1555
28294,MH-15471,O4-M1556
11165,MH-7013,O4-M1557
39952,MH-20549,O4-M1558
12454,MH-7767,O4-M1559
18420,MH-11028,O4-M1560
27132,MH-15017,O4-M1561
10672,MH-6721,O4-M1562
27808,MH-15274,O4-M1563
46922,MH-21962,O4-M1564
22048,MH-12903,O4-M1565
3416,MH-2231,O4-M1566
23963,MH-13777,O4-M1567
832,MH-527,O4-M1568
28693,MH-15646,O4-M1569
3784,MH-2472,O4-M1570
15684,MH-9526,O4-M1571
27853,MH-15293,O4-M1572
16136,MH-9775,O4-M1573
20230,MH-11997,O4-M1574
38875,MH-20170,O4-M1575
7397,MH-4775,O4-M1576
41377,MH-21004,O4-M1577
43682,MH-21507,O4-M1578
21261,MH-12522,O4-M1579
24134,MH-13847,O4-M1580
278955,O-20,O5
16982,MH-10245,O5-M1
39579,MH-20421,O5-M2
34569,MH-18398,O5-M3
33078,MH-17676,O5-M4
20840,MH-12314,O5-M5
2483,MH-1619,O5-M6
3894,MH-2544,O5-M7
32546,MH-17422,O5-M8
278921,MH-7833-9,O5-M9
278920,MH-7833-8,O5-M10
278919,MH-7833-7,O5-M11
278918,MH-7833-6,O5-M12
278917,MH-7833-5,O5-M13
278916,MH-7833-4,O5-M14
278915,MH-7833-3,O5-M15
278914,MH-7833-2,O5-M16
278913,MH-7833-1,O5-M17
278947,MH-23050,O5-M18
278949,MH-23051,O5-M19
278951,MH-23052,O5-M20
278522,MH-22929,O5-M21
278533,MH-22932,O5-M22
278543,MH-22936,O5-M23
278540,MH-22935,O5-M24
278531,MH-22931,O5-M25
278529,MH-22930,O5-M26
48259,MH-22385,O5-M27
25980,MH-14600,O5-M28
41137,MH-20939,O5-M29
4007,MH-2618,O5-M30
4008,MH-2619,O5-M31
18346,MH-10987,O5-M32
15283,MH-9309,O5-M33
15284,MH-9310,O5-M34
15888,MH-9644,O5-M35
12749,MH-7929,O5-M36
41416,MH-21017,O5-M37
19839,MH-11789,O5-M38
46785,MH-21922,O5-M39
19840,MH-11790,O5-M40
36854,MH-19344,O5-M41
26963,MH-14951,O5-M42
12254,MH-7656,O5-M43
12253,MH-7655,O5-M44
36083,MH-19035,O5-M45
36082,MH-19034,O5-M46
25379,MH-14369,O5-M47
2576,MH-1680,O5-M48
11049,MH-6945,O5-M49
25004,MH-14224,O5-M50
24287,MH-13915,O5-M51
278475,MH-13484-6,O5-M52
278474,MH-13484-5,O5-M53
278473,MH-13484-4,O5-M54
278472,MH-13484-3,O5-M55
278471,MH-13484-2,O5-M56
278470,MH-13484-1,O5-M57
23308,MH-13484,O5-M58
1894,MH-1230,O5-M59
40746,MH-20816,O5-M60
9418,MH-5978,O5-M61
9419,MH-5979,O5-M62
1037,MH-663,O5-M63
6171,MH-4021,O5-M64
6172,MH-4022,O5-M65
42970,MH-21371,O5-M66
9937,MH-6289,O5-M67
9938,MH-6290,O5-M68
35760,MH-18909,O5-M69
32685,MH-17489,O5-M70
32686,MH-17490,O5-M71
38981,MH-20204,O5-M72
16330,MH-9884,O5-M73
16331,MH-9885,O5-M74
37725,MH-19722,O5-M75
38567,MH-20059,O5-M76
38568,MH-20060,O5-M77
26747,MH-14870,O5-M78
31008,MH-16676,O5-M79
48331,MH-22409,O5-M80
27617,MH-15201,O5-M81
4994,MH-3258,O5-M82
4993,MH-3257,O5-M83
31120,MH-16728,O5-M84
19776,MH-11757,O5-M85
3537,MH-2310,O5-M86
13695,MH-8457,O5-M87
29924,MH-16172,O5-M88
48328,MH-22408,O5-M89
30732,MH-16542,O5-M90
30384,MH-16382,O5-M91
17143,MH-10333,O5-M92
34941,MH-18554,O5-M93
43910,MH-21536,O5-M94
32897,MH-17590,O5-M95
13634,MH-8423,O5-M96
13633,MH-8422,O5-M97
13694,MH-8456,O5-M98
24508,MH-14011,O5-M99
5095,MH-3325,O5-M100
5094,MH-3324,O5-M101
39187,MH-20277,O5-M102
2369,MH-1543,O5-M103
2370,MH-1544,O5-M104
47030,MH-21994,O5-M105
18656,MH-11155,O5-M106
39279,MH-20309,O5-M107
18657,MH-11156,O5-M108
34294,MH-18266,O5-M109
34283,MH-18261,O5-M110
23123,MH-13404,O5-M111
977,MH-623,O5-M112
31844,MH-17075,O5-M113
20459,MH-12112,O5-M114
719,MH-452,O5-M115
22108,MH-12934,O5-M116
1484,MH-960,O5-M117
40592,MH-20761,O5-M118
1215,MH-781,O5-M119
15621,MH-9493,O5-M120
15620,MH-9492,O5-M121
4368,MH-2851,O5-M122
4367,MH-2850,O5-M123
5399,MH-3522,O5-M124
5398,MH-3521,O5-M125
34179,MH-18213,O5-M126
4066,MH-2656,O5-M127
22816,MH-13261,O5-M128
40483,MH-20724,O5-M129
2084,MH-1355,O5-M130
2083,MH-1354,O5-M131
624,MH-389,O5-M132
623,MH-388,O5-M133
45993,MH-21795,O5-M134
37789,MH-19750,O5-M135
11335,MH-7115,O5-M136
11334,MH-7114,O5-M137
22602,MH-13159,O5-M138
11959,MH-7485,O5-M139
11960,MH-7486,O5-M140
31233,MH-16780,O5-M141
4411,MH-2879,O5-M142
28254,MH-15451,O5-M143
17908,MH-10752,O5-M144
17909,MH-10753,O5-M145
2328,MH-1516,O5-M146
40317,MH-20670,O5-M147
41653,MH-21076,O5-M148
27194,MH-15037,O5-M149
27195,MH-15038,O5-M150
8746,MH-5571,O5-M151
389,MH-233,O5-M152
2889,MH-1886,O5-M153
2890,MH-1887,O5-M154
22156,MH-12959,O5-M155
852,MH-540,O5-M156
853,MH-541,O5-M157
17434,MH-10493,O5-M158
17273,MH-10406,O5-M159
23067,MH-13377,O5-M160
23066,MH-13376,O5-M161
35782,MH-18917,O5-M162
4070,MH-2658,O5-M163
1073,MH-687,O5-M164
1072,MH-686,O5-M165
11029,MH-6933,O5-M166
11030,MH-6934,O5-M167
21773,MH-12772,O5-M168
21772,MH-12771,O5-M169
46310,MH-21828,O5-M170
4065,MH-2655,O5-M171
15490,MH-9423,O5-M172
20145,MH-11949,O5-M173
39239,MH-20295,O5-M174
3826,MH-2499,O5-M175
3827,MH-2500,O5-M176
5325,MH-3473,O5-M177
21171,MH-12480,O5-M178
21170,MH-12479,O5-M179
38274,MH-19947,O5-M180
15489,MH-9422,O5-M181
25229,MH-14309,O5-M182
29453,MH-15961,O5-M183
20144,MH-11948,O5-M184
524,MH-323,O5-M185
525,MH-324,O5-M186
48262,MH-22386,O5-M187
32068,MH-17179,O5-M188
31054,MH-16697,O5-M189
22601,MH-13158,O5-M190
2319,MH-1510,O5-M191
14693,MH-8988,O5-M192
12571,MH-7833,O5-M193
12572,MH-7834,O5-M194
20911,MH-12349,O5-M195
8924,MH-5679,O5-M196
8925,MH-5680,O5-M197
8242,MH-5278,O5-M198
8243,MH-5279,O5-M199
11792,MH-7389,O5-M200
17477,MH-10513,O5-M201
5009,MH-3268,O5-M202
5008,MH-3267,O5-M203
20819,MH-12302,O5-M204
36737,MH-19295,O5-M205
2718,MH-1774,O5-M206
2717,MH-1773,O5-M207
40899,MH-20865,O5-M208
25177,MH-14289,O5-M209
27922,MH-15319,O5-M210
20910,MH-12348,O5-M211
14033,MH-8634,O5-M212
14032,MH-8633,O5-M213
5205,MH-3396,O5-M214
5204,MH-3395,O5-M215
1650,MH-1069,O5-M216
15452,MH-9400,O5-M217
37624,MH-19678,O5-M218
801,MH-506,O5-M219
11791,MH-7388,O5-M220
21566,MH-12675,O5-M221
21565,MH-12674,O5-M222
38894,MH-20177,O5-M223
24897,MH-14181,O5-M224
39709,MH-20473,O5-M225
40228,MH-20641,O5-M226
40407,MH-20700,O5-M227
11972,MH-7493,O5-M228
11973,MH-7494,O5-M229
278520,MH-22928,O5-M230
278518,MH-22927,O5-M231
278516,MH-22926,O5-M232
278514,MH-22925,O5-M233
29771,MH-16102,O5-M234
8130,MH-5209,O5-M235
8131,MH-5210,O5-M236
30775,MH-16563,O5-M237
3823,MH-2497,O5-M238
3824,MH-2498,O5-M239
13115,MH-8123,O5-M240
13116,MH-8124,O5-M241
18741,MH-11199,O5-M242
18742,MH-11200,O5-M243
48265,MH-22387,O5-M244
20531,MH-12151,O5-M245
31827,MH-17065,O5-M246
31828,MH-17066,O5-M247
5299,MH-3457,O5-M248
10260,MH-6483,O5-M249
21793,MH-12780,O5-M250
2828,MH-1846,O5-M251
2829,MH-1847,O5-M252
19880,MH-11812,O5-M253
24750,MH-14120,O5-M254
46793,MH-21924,O5-M255
24751,MH-14121,O5-M256
17957,MH-10778,O5-M257
278505,MH-5485-6,O5-M258
278504,MH-5485-5,O5-M259
278503,MH-5485-4,O5-M260
278502,MH-5485-3,O5-M261
278501,MH-5485-2,O5-M262
278500,MH-5485-1,O5-M263
8602,MH-5485,O5-M264
21313,MH-12548,O5-M265
5106,MH-3332,O5-M266
31937,MH-17117,O5-M267
48268,MH-22388,O5-M268
8601,MH-5484,O5-M269
22496,MH-13105,O5-M270
48271,MH-22389,O5-M271
22614,MH-13166,O5-M272
30088,MH-16249,O5-M273
22385,MH-13056,O5-M274
5889,MH-3841,O5-M275
19571,MH-11650,O5-M276
19570,MH-11649,O5-M277
2757,MH-1799,O5-M278
19573,MH-11651,O5-M279
19626,MH-11679,O5-M280
36804,MH-19320,O5-M281
20457,MH-12111,O5-M282
8848,MH-5633,O5-M283
10670,MH-6720,O5-M284
19257,MH-11475,O5-M285
33140,MH-17707,O5-M286
33139,MH-17706,O5-M287
40246,MH-20647,O5-M288
8847,MH-5632,O5-M289
40074,MH-20590,O5-M290
40073,MH-20589,O5-M291
15730,MH-9554,O5-M292
15731,MH-9555,O5-M293
20883,MH-12335,O5-M294
22412,MH-13069,O5-M295
32049,MH-17170,O5-M296
22411,MH-13068,O5-M297
27457,MH-15135,O5-M298
12098,MH-7566,O5-M299
5842,MH-3811,O5-M300
13013,MH-8069,O5-M301
2411,MH-1571,O5-M302
19735,MH-11731,O5-M303
19736,MH-11732,O5-M304
28815,MH-15702,O5-M305
46779,MH-21920,O5-M306
19181,MH-11434,O5-M307
27456,MH-15134,O5-M308
37038,MH-19426,O5-M309
41052,MH-20916,O5-M310
43653,MH-21499,O5-M311
41742,MH-21096,O5-M312
18557,MH-11100,O5-M313
278536,MH-22933,O5-M314
278538,MH-22934,O5-M315
10976,MH-6900,O5-M316
10977,MH-6901,O5-M317
25979,MH-14599,O5-M318
18347,MH-10988,O5-M319
5841,MH-3810,O5-M320
8863,MH-5642,O5-M321
8862,MH-5641,O5-M322
509,MH-313,O5-M323
17140,MH-10331,O5-M324
17141,MH-10332,O5-M325
21075,MH-12433,O5-M326
22494,MH-13104,O5-M327
25948,MH-14587,O5-M328
2410,MH-1570,O5-M329
20524,MH-12147,O5-M330
1009,MH-644,O5-M331
1010,MH-645,O5-M332
18800,MH-11230,O5-M333
22952,MH-13325,O5-M334
20525,MH-12148,O5-M335
12750,MH-7930,O5-M336
278549,MH-22937,O5-M337
10825,MH-6809,O5-M338
10826,MH-6810,O5-M339
25794,MH-14530,O5-M340
789,MH-498,O5-M341
8877,MH-5651,O5-M342
8878,MH-5652,O5-M343
2318,MH-1509,O5-M344
40936,MH-20878,O5-M345
37022,MH-19421,O5-M346
277513,O-13,O6
1061,MH-679,O6-M1
1060,MH-678,O6-M2
4697,MH-3064,O6-M3
4696,MH-3063,O6-M4
26117,MH-14652,O6-M5
8892,MH-5660,O6-M6
8891,MH-5659,O6-M7
18326,MH-10976,O6-M8
29085,MH-15808,O6-M9
29084,MH-15807,O6-M10
34273,MH-18258,O6-M11
34272,MH-18257,O6-M12
18081,MH-10843,O6-M13
18080,MH-10842,O6-M14
7778,MH-5002,O6-M15
7777,MH-5001,O6-M16
40954,MH-20883,O6-M17
3566,MH-2329,O6-M18
3689,MH-2410,O6-M19
39895,MH-20530,O6-M20
34292,MH-18265,O6-M21
34291,MH-18264,O6-M22
34461,MH-18347,O6-M23
34460,MH-18346,O6-M24
37094,MH-19454,O6-M25
37093,MH-19453,O6-M26
39411,MH-20359,O6-M27
39410,MH-20358,O6-M28
2420,MH-1577,O6-M29
4141,MH-2704,O6-M30
4140,MH-2703,O6-M31
34578,MH-18402,O6-M32
15569,MH-9465,O6-M33
17430,MH-10491,O6-M34
10410,MH-6572,O6-M35
10409,MH-6571,O6-M36
34354,MH-18296,O6-M37
1610,MH-1043,O6-M38
10591,MH-6672,O6-M39
149,MH-75,O6-M40
16160,MH-9787,O6-M41
11531,MH-7232,O6-M42
11530,MH-7231,O6-M43
12506,MH-7796,O6-M44
34301,MH-18270,O6-M45
39008,MH-20212,O6-M46
2974,MH-1942,O6-M47
2973,MH-1941,O6-M48
11841,MH-7417,O6-M49
11840,MH-7416,O6-M50
12407,MH-7740,O6-M51
27303,MH-15078,O6-M52
27302,MH-15077,O6-M53
10952,MH-6887,O6-M54
10951,MH-6886,O6-M55
32968,MH-17622,O6-M56
15769,MH-9577,O6-M57
15768,MH-9576,O6-M58
3497,MH-2284,O6-M59
3496,MH-2283,O6-M60
46757,MH-21913,O6-M61
2591,MH-1690,O6-M62
4511,MH-2945,O6-M63
4510,MH-2944,O6-M64
31014,MH-16679,O6-M65
23786,MH-13700,O6-M66
12121,MH-7579,O6-M67
12120,MH-7578,O6-M68
14556,MH-8913,O6-M69
17214,MH-10373,O6-M70
10404,MH-6568,O6-M71
10403,MH-6567,O6-M72
14000,MH-8616,O6-M73
34419,MH-18327,O6-M74
2530,MH-1650,O6-M75
2529,MH-1649,O6-M76
8467,MH-5407,O6-M77
8466,MH-5406,O6-M78
38823,MH-20154,O6-M79
3364,MH-2197,O6-M80
15566,MH-9463,O6-M81
15565,MH-9462,O6-M82
34399,MH-18318,O6-M83
10102,MH-6389,O6-M84
20485,MH-12125,O6-M85
31950,MH-17121,O6-M86
33137,MH-17705,O6-M87
33136,MH-17704,O6-M88
38674,MH-20105,O6-M89
40163,MH-20623,O6-M90
34056,MH-18151,O6-M91
33764,MH-18014,O6-M92
33763,MH-18013,O6-M93
48553,MH-22484,O6-M94
7625,MH-4911,O6-M95
25789,MH-14528,O6-M96
25037,MH-14235,O6-M97
25038,MH-14236,O6-M98
26731,MH-14862,O6-M99
26732,MH-14863,O6-M100
6484,MH-4219,O6-M101
6483,MH-4218,O6-M102
17569,MH-10566,O6-M103
2428,MH-1582,O6-M104
2429,MH-1583,O6-M105
12270,MH-7664,O6-M106
48280,MH-22392,O6-M107
21355,MH-12571,O6-M108
33676,MH-17969,O6-M109
33677,MH-17970,O6-M110
5458,MH-3560,O6-M111
4988,MH-3254,O6-M112
277784,MH-22713,O6-M113
278940,MH-13817-3,O6-M114
278939,MH-13817-2,O6-M115
278938,MH-13817-1,O6-M116
24061,MH-13817,O6-M117
8832,MH-5623,O6-M118
15003,MH-9154,O6-M119
35723,MH-18892,O6-M120
5677,MH-3704,O6-M121
5678,MH-3705,O6-M122
25427,MH-14388,O6-M123
35903,MH-18966,O6-M124
10538,MH-6644,O6-M125
22219,MH-12985,O6-M126
12014,MH-7518,O6-M127
12013,MH-7517,O6-M128
7989,MH-5126,O6-M129
7990,MH-5127,O6-M130
4302,MH-2808,O6-M131
48184,MH-22359,O6-M132
20775,MH-12279,O6-M133
46782,MH-21921,O6-M134
23297,MH-13479,O6-M135
6835,MH-4437,O6-M136
22819,MH-13262,O6-M137
8831,MH-5622,O6-M138
37459,MH-19607,O6-M139
37458,MH-19606,O6-M140
28551,MH-15583,O6-M141
37275,MH-19533,O6-M142
5362,MH-3497,O6-M143
5363,MH-3498,O6-M144
38063,MH-19863,O6-M145
43819,MH-21524,O6-M146
45124,MH-21699,O6-M147
35623,MH-18852,O6-M148
34285,MH-18262,O6-M149
4987,MH-3253,O6-M150
3565,MH-2328,O6-M151
4523,MH-2953,O6-M152
19447,MH-11579,O6-M153
13181,MH-8159,O6-M154
13180,MH-8158,O6-M155
4522,MH-2952,O6-M156
41771,MH-21102,O6-M157
24691,MH-14096,O6-M158
21683,MH-12732,O6-M159
48408,MH-22435,O6-M160
21684,MH-12733,O6-M161
1247,MH-802,O6-M162
15568,MH-9464,O6-M163
38667,MH-20102,O6-M164
9569,MH-6070,O6-M165
14019,MH-8626,O6-M166
30709,MH-16532,O6-M167
21903,MH-12834,O6-M168
12840,MH-7982,O6-M169
32196,MH-17244,O6-M170
46973,MH-21974,O6-M171
26349,MH-14735,O6-M172
26350,MH-14736,O6-M173
39761,MH-20486,O6-M174
32261,MH-17277,O6-M175
16317,MH-9876,O6-M176
16318,MH-9877,O6-M177
32211,MH-17252,O6-M178
32212,MH-17253,O6-M179
48169,MH-22354,O6-M180
6763,MH-4394,O6-M181
9568,MH-6069,O6-M182
32259,MH-17276,O6-M183
32258,MH-17275,O6-M184
48157,MH-22350,O6-M185
34242,MH-18243,O6-M186
48160,MH-22351,O6-M187
48163,MH-22352,O6-M188
48166,MH-22353,O6-M189
28519,MH-15568,O6-M190
29947,MH-16183,O6-M191
32231,MH-17264,O6-M192
34914,MH-18542,O6-M193
16806,MH-10146,O6-M194
16807,MH-10147,O6-M195
12839,MH-7981,O6-M196
37018,MH-19419,O6-M197
44726,MH-21647,O6-M198
45546,MH-21747,O6-M199
36829,MH-19331,O6-M200
36671,MH-19265,O6-M201
36672,MH-19266,O6-M202
36777,MH-19310,O6-M203
36778,MH-19311,O6-M204
20790,MH-12287,O6-M205
20791,MH-12288,O6-M206
11949,MH-7479,O6-M207
37926,MH-19809,O6-M208
37694,MH-19711,O6-M209
37693,MH-19710,O6-M210
45166,MH-21705,O6-M211
1609,MH-1042,O6-M212
22659,MH-13185,O6-M213
29419,MH-15944,O6-M214
10590,MH-6671,O6-M215
39796,MH-20498,O6-M216
35980,MH-18993,O6-M217
3104,MH-2027,O6-M218
3103,MH-2026,O6-M219
9430,MH-5985,O6-M220
30363,MH-16373,O6-M221
2524,MH-1646,O6-M222
33686,MH-17972,O6-M223
33687,MH-17973,O6-M224
34841,MH-18513,O6-M225
8683,MH-5533,O6-M226
46774,MH-21918,O6-M227
25856,MH-14555,O6-M228
2579,MH-1682,O6-M229
41022,MH-20908,O6-M230
41021,MH-20907,O6-M231
34023,MH-18136,O6-M232
32835,MH-17560,O6-M233
48154,MH-22349,O6-M234
13400,MH-8283,O6-M235
19933,MH-11840,O6-M236
19932,MH-11839,O6-M237
37337,MH-19557,O6-M238
18796,MH-11229,O6-M239
2582,MH-1684,O6-M240
3640,MH-2378,O6-M241
5074,MH-3311,O6-M242
17382,MH-10466,O6-M243
5827,MH-3801,O6-M244
5828,MH-3802,O6-M245
21843,MH-12805,O6-M246
21842,MH-12804,O6-M247
2581,MH-1683,O6-M248
39918,MH-20537,O6-M249
3639,MH-2377,O6-M250
37078,MH-19446,O6-M251
5073,MH-3310,O6-M252
44200,MH-21579,O6-M253
29816,MH-16123,O6-M254
26631,MH-14827,O6-M255
26632,MH-14828,O6-M256
27263,MH-15062,O6-M257
10246,MH-6476,O6-M258
34924,MH-18546,O6-M259
78,MH-29,O6-M260
14352,MH-8800,O6-M261
17778,MH-10679,O6-M262
33799,MH-18032,O6-M263
6764,MH-4395,O6-M264
12047,MH-7536,O6-M265
33968,MH-18111,O6-M266
34131,MH-18189,O6-M267
21463,MH-12623,O6-M268
383,MH-229,O6-M269
21275,MH-12529,O6-M270
48178,MH-22357,O6-M271
7606,MH-4900,O6-M272
7605,MH-4899,O6-M273
14081,MH-8660,O6-M274
34540,MH-18384,O6-M275
34539,MH-18383,O6-M276
13797,MH-8513,O6-M277
15229,MH-9282,O6-M278
15230,MH-9283,O6-M279
9382,MH-5957,O6-M280
9383,MH-5958,O6-M281
46771,MH-21917,O6-M282
10187,MH-6441,O6-M283
25975,MH-14597,O6-M284
25976,MH-14598,O6-M285
48148,MH-22347,O6-M286
7829,MH-5030,O6-M287
48151,MH-22348,O6-M288
31770,MH-17035,O6-M289
37287,MH-19536,O6-M290
27771,MH-15259,O6-M291
19377,MH-11542,O6-M292
46768,MH-21916,O6-M293
37782,MH-19747,O6-M294
4931,MH-3217,O6-M295
13217,MH-8181,O6-M296
295,MH-171,O6-M297
48116,MH-22336,O6-M298
36648,MH-19255,O6-M299
27522,MH-15164,O6-M300
45747,MH-21766,O6-M301
15112,MH-9219,O6-M302
15113,MH-9220,O6-M303
17065,MH-10291,O6-M304
17066,MH-10292,O6-M305
37523,MH-19635,O6-M306
31452,MH-16886,O6-M307
48119,MH-22337,O6-M308
31453,MH-16887,O6-M309
45533,MH-21745,O6-M310
32006,MH-17149,O6-M311
15799,MH-9595,O6-M312
17399,MH-10474,O6-M313
41818,MH-21112,O6-M314
41669,MH-21079,O6-M315
32214,MH-17254,O6-M316
30816,MH-16579,O6-M317
46763,MH-21915,O6-M318
30817,MH-16580,O6-M319
3708,MH-2422,O6-M320
3709,MH-2423,O6-M321
48124,MH-22339,O6-M322
48127,MH-22340,O6-M323
26087,MH-14642,O6-M324
48130,MH-22341,O6-M325
29233,MH-15870,O6-M326
28767,MH-15681,O6-M327
28400,MH-15515,O6-M328
48136,MH-22343,O6-M329
48133,MH-22342,O6-M330
48139,MH-22344,O6-M331
19153,MH-11418,O6-M332
48142,MH-22345,O6-M333
48145,MH-22346,O6-M334
19154,MH-11419,O6-M335
13784,MH-8506,O6-M336
48111,MH-22335,O6-M337
11895,MH-7448,O6-M338
29282,MH-15890,O6-M339
29281,MH-15889,O6-M340
40866,MH-20854,O6-M341
40865,MH-20853,O6-M342
7548,MH-4863,O6-M343
2040,MH-1326,O6-M344
32470,MH-17388,O6-M345
32471,MH-17389,O6-M346
46754,MH-21912,O6-M347
21049,MH-12419,O6-M348
21050,MH-12420,O6-M349
7509,MH-4840,O6-M350
35114,MH-18629,O6-M351
10319,MH-6519,O6-M352
4444,MH-2901,O6-M353
2590,MH-1689,O6-M354
27012,MH-14971,O6-M355
30907,MH-16624,O6-M356
40347,MH-20682,O6-M357
40346,MH-20681,O6-M358
40222,MH-20638,O6-M359
3631,MH-2372,O6-M360
11632,MH-7295,O6-M361
40987,MH-20896,O6-M362
16173,MH-9795,O6-M363
16172,MH-9794,O6-M364
23111,MH-13399,O6-M365
18167,MH-10891,O6-M366
48093,MH-22329,O6-M367
25333,MH-14348,O6-M368
25334,MH-14349,O6-M369
4157,MH-2714,O6-M370
4158,MH-2715,O6-M371
18569,MH-11107,O6-M372
20999,MH-12394,O6-M373
35751,MH-18904,O6-M374
14555,MH-8912,O6-M375
44499,MH-21622,O6-M376
19992,MH-11873,O6-M377
1820,MH-1181,O6-M378
1821,MH-1182,O6-M379
24349,MH-13943,O6-M380
10035,MH-6348,O6-M381
31413,MH-16867,O6-M382
48087,MH-22327,O6-M383
31414,MH-16868,O6-M384
32907,MH-17595,O6-M385
7313,MH-4726,O6-M386
11262,MH-7072,O6-M387
6568,MH-4272,O6-M388
12321,MH-7692,O6-M389
31733,MH-17017,O6-M390
31734,MH-17018,O6-M391
28531,MH-15573,O6-M392
20391,MH-12080,O6-M393
28532,MH-15574,O6-M394
22473,MH-13095,O6-M395
46748,MH-21910,O6-M396
16063,MH-9736,O6-M397
29269,MH-15885,O6-M398
48090,MH-22328,O6-M399
19299,MH-11499,O6-M400
19300,MH-11500,O6-M401
32732,MH-17511,O6-M402
22286,MH-13015,O6-M403
24024,MH-13801,O6-M404
4925,MH-3213,O6-M405
4926,MH-3214,O6-M406
10034,MH-6347,O6-M407
8910,MH-5670,O6-M408
17212,MH-10372,O6-M409
31642,MH-16974,O6-M410
44938,MH-21678,O6-M411
12087,MH-7560,O6-M412
12320,MH-7691,O6-M413
30728,MH-16540,O6-M414
30729,MH-16541,O6-M415
38889,MH-20175,O6-M416
48081,MH-22325,O6-M417
18894,MH-11280,O6-M418
31109,MH-16723,O6-M419
13518,MH-8354,O6-M420
9023,MH-5740,O6-M421
9022,MH-5739,O6-M422
48078,MH-22324,O6-M423
27340,MH-15094,O6-M424
31279,MH-16802,O6-M425
19178,MH-11432,O6-M426
19179,MH-11433,O6-M427
3363,MH-2196,O6-M428
32689,MH-17492,O6-M429
32688,MH-17491,O6-M430
31056,MH-16698,O6-M431
31057,MH-16699,O6-M432
10101,MH-6388,O6-M433
16064,MH-9737,O6-M434
277498,O-4,O7
5582,MH-3641,O7-M1
5581,MH-3640,O7-M2
34299,MH-18269,O7-M3
32954,MH-17615,O7-M4
32525,MH-17414,O7-M5
47857,MH-22245,O7-M6
32524,MH-17413,O7-M7
8148,MH-5221,O7-M8
8147,MH-5220,O7-M9
6695,MH-4352,O7-M10
13918,MH-8576,O7-M11
14380,MH-8817,O7-M12
14379,MH-8816,O7-M13
48019,MH-22304,O7-M14
11376,MH-7140,O7-M15
11375,MH-7139,O7-M16
1340,MH-864,O7-M17
8582,MH-5473,O7-M18
8066,MH-5171,O7-M19
13446,MH-8311,O7-M20
13445,MH-8310,O7-M21
25448,MH-14396,O7-M22
25447,MH-14395,O7-M23
46720,MH-21901,O7-M24
21153,MH-12470,O7-M25
7378,MH-4763,O7-M26
48016,MH-22303,O7-M27
48013,MH-22302,O7-M28
48010,MH-22301,O7-M29
7341,MH-4742,O7-M30
7340,MH-4741,O7-M31
32852,MH-17566,O7-M32
20768,MH-12277,O7-M33
46703,MH-21897,O7-M34
20767,MH-12276,O7-M35
5745,MH-3748,O7-M36
13775,MH-8501,O7-M37
32750,MH-17521,O7-M38
32749,MH-17520,O7-M39
32903,MH-17593,O7-M40
32634,MH-17465,O7-M41
32633,MH-17464,O7-M42
33410,MH-17842,O7-M43
8866,MH-5644,O7-M44
2950,MH-1926,O7-M45
7411,MH-4783,O7-M46
18026,MH-10813,O7-M47
33258,MH-17767,O7-M48
38247,MH-19936,O7-M49
18484,MH-11062,O7-M50
18483,MH-11061,O7-M51
33756,MH-18009,O7-M52
11265,MH-7074,O7-M53
11264,MH-7073,O7-M54
33335,MH-17810,O7-M55
34416,MH-18326,O7-M56
33134,MH-17703,O7-M57
22842,MH-13275,O7-M58
22841,MH-13274,O7-M59
34368,MH-18303,O7-M60
33213,MH-17744,O7-M61
46715,MH-21900,O7-M62
33212,MH-17743,O7-M63
34547,MH-18388,O7-M64
46712,MH-21899,O7-M65
43806,MH-21522,O7-M66
9479,MH-6014,O7-M67
9480,MH-6015,O7-M68
23739,MH-13677,O7-M69
23740,MH-13678,O7-M70
12992,MH-8058,O7-M71
12993,MH-8059,O7-M72
17842,MH-10714,O7-M73
17480,MH-10515,O7-M74
23113,MH-13400,O7-M75
2450,MH-1597,O7-M76
26548,MH-14796,O7-M77
25921,MH-14577,O7-M78
23690,MH-13656,O7-M79
23691,MH-13657,O7-M80
25781,MH-14526,O7-M81
27137,MH-15018,O7-M82
28385,MH-15510,O7-M83
8711,MH-5549,O7-M84
8712,MH-5550,O7-M85
46708,MH-21898,O7-M86
13978,MH-8606,O7-M87
17712,MH-10643,O7-M88
10440,MH-6588,O7-M89
22563,MH-13140,O7-M90
22440,MH-13080,O7-M91
21629,MH-12708,O7-M92
26760,MH-14873,O7-M93
16195,MH-9809,O7-M94
6459,MH-4202,O7-M95
6460,MH-4203,O7-M96
2183,MH-1421,O7-M97
5976,MH-3896,O7-M98
5977,MH-3897,O7-M99
16636,MH-10052,O7-M100
48105,MH-22333,O7-M101
20707,MH-12245,O7-M102
48108,MH-22334,O7-M103
11224,MH-7049,O7-M104
11225,MH-7050,O7-M105
10441,MH-6589,O7-M106
23858,MH-13730,O7-M107
37674,MH-19701,O7-M108
20797,MH-12291,O7-M109
46739,MH-21907,O7-M110
11191,MH-7028,O7-M111
11192,MH-7029,O7-M112
19229,MH-11459,O7-M113
46742,MH-21908,O7-M114
19228,MH-11458,O7-M115
46745,MH-21909,O7-M116
21630,MH-12709,O7-M117
19245,MH-11468,O7-M118
26762,MH-14874,O7-M119
26763,MH-14875,O7-M120
26578,MH-14807,O7-M121
26579,MH-14808,O7-M122
19246,MH-11469,O7-M123
27588,MH-15191,O7-M124
14118,MH-8674,O7-M125
14117,MH-8673,O7-M126
29961,MH-16191,O7-M127
16635,MH-10051,O7-M128
42277,MH-21232,O7-M129
6694,MH-4351,O7-M130
15006,MH-9156,O7-M131
46673,MH-21887,O7-M132
28098,MH-15391,O7-M133
21458,MH-12620,O7-M134
21459,MH-12621,O7-M135
39624,MH-20438,O7-M136
32581,MH-17439,O7-M137
19100,MH-11389,O7-M138
1982,MH-1288,O7-M139
23574,MH-13602,O7-M140
8570,MH-5467,O7-M141
200,MH-109,O7-M142
11299,MH-7094,O7-M143
11298,MH-7093,O7-M144
15005,MH-9155,O7-M145
35968,MH-18988,O7-M146
1339,MH-863,O7-M147
24305,MH-13923,O7-M148
27599,MH-15196,O7-M149
33172,MH-17725,O7-M150
18481,MH-11060,O7-M151
22282,MH-13013,O7-M152
9290,MH-5901,O7-M153
5351,MH-3490,O7-M154
5350,MH-3489,O7-M155
33821,MH-18043,O7-M156
33820,MH-18042,O7-M157
40521,MH-20740,O7-M158
33044,MH-17663,O7-M159
33043,MH-17662,O7-M160
11238,MH-7058,O7-M161
14218,MH-8731,O7-M162
30145,MH-16276,O7-M163
34217,MH-18231,O7-M164
40360,MH-20687,O7-M165
34352,MH-18295,O7-M166
34351,MH-18294,O7-M167
31093,MH-16717,O7-M168
28739,MH-15668,O7-M169
48031,MH-22308,O7-M170
28738,MH-15667,O7-M171
35406,MH-18765,O7-M172
32841,MH-17562,O7-M173
32840,MH-17561,O7-M174
33012,MH-17645,O7-M175
30857,MH-16601,O7-M176
48034,MH-22309,O7-M177
30856,MH-16600,O7-M178
29713,MH-16075,O7-M179
29104,MH-15817,O7-M180
29103,MH-15816,O7-M181
46098,MH-21809,O7-M182
22139,MH-12950,O7-M183
29526,MH-15995,O7-M184
30056,MH-16234,O7-M185
48037,MH-22310,O7-M186
30055,MH-16233,O7-M187
30049,MH-16230,O7-M188
29667,MH-16056,O7-M189
48040,MH-22311,O7-M190
29666,MH-16055,O7-M191
48043,MH-22312,O7-M192
30247,MH-16323,O7-M193
36138,MH-19054,O7-M194
36137,MH-19053,O7-M195
42147,MH-21199,O7-M196
42146,MH-21198,O7-M197
30476,MH-16425,O7-M198
21602,MH-12694,O7-M199
30475,MH-16424,O7-M200
41911,MH-21138,O7-M201
12251,MH-7654,O7-M202
12250,MH-7653,O7-M203
35094,MH-18620,O7-M204
36813,MH-19322,O7-M205
7843,MH-5039,O7-M206
7842,MH-5038,O7-M207
32456,MH-17380,O7-M208
32455,MH-17379,O7-M209
35218,MH-18676,O7-M210
35217,MH-18675,O7-M211
45164,MH-21704,O7-M212
37355,MH-19564,O7-M213
37354,MH-19563,O7-M214
182,MH-97,O7-M215
6183,MH-4029,O7-M216
278489,MH-22918,O7-M217
278487,MH-22917,O7-M218
32608,MH-17452,O7-M219
32282,MH-17287,O7-M220
3465,MH-2263,O7-M221
19920,MH-11833,O7-M222
20249,MH-12007,O7-M223
31112,MH-16724,O7-M224
29038,MH-15794,O7-M225
29037,MH-15793,O7-M226
34165,MH-18205,O7-M227
34164,MH-18204,O7-M228
30687,MH-16524,O7-M229
30686,MH-16523,O7-M230
35019,MH-18589,O7-M231
43793,MH-21521,O7-M232
11168,MH-7015,O7-M233
11169,MH-7016,O7-M234
13136,MH-8135,O7-M235
8065,MH-5170,O7-M236
13135,MH-8134,O7-M237
34167,MH-18206,O7-M238
48028,MH-22307,O7-M239
15029,MH-9169,O7-M240
1848,MH-1200,O7-M241
4134,MH-2700,O7-M242
33153,MH-17715,O7-M243
20696,MH-12239,O7-M244
20697,MH-12240,O7-M245
29915,MH-16168,O7-M246
30520,MH-16447,O7-M247
30521,MH-16448,O7-M248
32020,MH-17155,O7-M249
48070,MH-22321,O7-M250
31083,MH-16711,O7-M251
31084,MH-16712,O7-M252
32579,MH-17438,O7-M253
30967,MH-16654,O7-M254
48067,MH-22320,O7-M255
28596,MH-15605,O7-M256
46730,MH-21904,O7-M257
46733,MH-21905,O7-M258
26618,MH-14822,O7-M259
46736,MH-21906,O7-M260
26619,MH-14823,O7-M261
7563,MH-4873,O7-M262
7564,MH-4874,O7-M263
33768,MH-18016,O7-M264
30778,MH-16564,O7-M265
1993,MH-1295,O7-M266
1994,MH-1296,O7-M267
29764,MH-16101,O7-M268
2416,MH-1574,O7-M269
2417,MH-1575,O7-M270
3488,MH-2278,O7-M271
3487,MH-2277,O7-M272
7941,MH-5098,O7-M273
7940,MH-5097,O7-M274
29007,MH-15777,O7-M275
29006,MH-15776,O7-M276
29184,MH-15852,O7-M277
40028,MH-20573,O7-M278
40027,MH-20572,O7-M279
10447,MH-6592,O7-M280
35168,MH-18652,O7-M281
46013,MH-21797,O7-M282
33922,MH-18089,O7-M283
33921,MH-18088,O7-M284
39640,MH-20443,O7-M285
30546,MH-16458,O7-M286
30545,MH-16457,O7-M287
15028,MH-9168,O7-M288
4430,MH-2892,O7-M289
4429,MH-2891,O7-M290
29201,MH-15858,O7-M291
48052,MH-22315,O7-M292
29571,MH-16011,O7-M293
28529,MH-15572,O7-M294
28528,MH-15571,O7-M295
48055,MH-22316,O7-M296
29379,MH-15927,O7-M297
31588,MH-16949,O7-M298
31587,MH-16948,O7-M299
48058,MH-22317,O7-M300
15728,MH-9553,O7-M301
26381,MH-14745,O7-M302
26380,MH-14744,O7-M303
32076,MH-17183,O7-M304
27558,MH-15180,O7-M305
27557,MH-15179,O7-M306
48556,MH-22485,O7-M307
15301,MH-9320,O7-M308
15300,MH-9319,O7-M309
48075,MH-22323,O7-M310
30161,MH-16283,O7-M311
31754,MH-17028,O7-M312
16118,MH-9765,O7-M313
4920,MH-3210,O7-M314
33578,MH-17920,O7-M315
28065,MH-15376,O7-M316
36437,MH-19168,O7-M317
10045,MH-6354,O7-M318
10046,MH-6355,O7-M319
10492,MH-6617,O7-M320
9071,MH-5769,O7-M321
20576,MH-12174,O7-M322
4849,MH-3164,O7-M323
10351,MH-6538,O7-M324
21576,MH-12681,O7-M325
21575,MH-12680,O7-M326
48064,MH-22319,O7-M327
48061,MH-22318,O7-M328
23502,MH-13571,O7-M329
33113,MH-17692,O7-M330
33112,MH-17691,O7-M331
37089,MH-19451,O7-M332
40740,MH-20813,O7-M333
40739,MH-20812,O7-M334
36581,MH-19227,O7-M335
33584,MH-17922,O7-M336
18773,MH-11217,O7-M337
4848,MH-3163,O7-M338
4888,MH-3189,O7-M339
21742,MH-12758,O7-M340
18341,MH-10984,O7-M341
23009,MH-13349,O7-M342
23010,MH-13350,O7-M343
7127,MH-4612,O7-M344
17024,MH-10268,O7-M345
33394,MH-17835,O7-M346
34728,MH-18473,O7-M347
32549,MH-17423,O7-M348
32550,MH-17424,O7-M349
28457,MH-15537,O7-M350
9070,MH-5768,O7-M351
46697,MH-21895,O7-M352
21601,MH-12693,O7-M353
28404,MH-15517,O7-M354
28403,MH-15516,O7-M355
46700,MH-21896,O7-M356
37076,MH-19445,O7-M357
44788,MH-21659,O7-M358
29129,MH-15830,O7-M359
48046,MH-22313,O7-M360
30726,MH-16539,O7-M361
40603,MH-20766,O7-M362
46075,MH-21804,O7-M363
46498,MH-21841,O7-M364
34106,MH-18178,O7-M365
34105,MH-18177,O7-M366
39329,MH-20326,O7-M367
46487,MH-21838,O7-M368
36445,MH-19172,O7-M369
36444,MH-19171,O7-M370
36627,MH-19247,O7-M371
38308,MH-19962,O7-M372
38307,MH-19961,O7-M373
36292,MH-19116,O7-M374
48049,MH-22314,O7-M375
31825,MH-17064,O7-M376
31824,MH-17063,O7-M377
19919,MH-11832,O7-M378
35118,MH-18631,O7-M379
35117,MH-18630,O7-M380
42384,MH-21256,O7-M381
42672,MH-21320,O7-M382
30225,MH-16315,O7-M383
13407,MH-8287,O7-M384
46726,MH-21903,O7-M385
25133,MH-14272,O7-M386
32999,MH-17638,O7-M387
5958,MH-3885,O7-M388
243,MH-137,O7-M389
46723,MH-21902,O7-M390
21627,MH-12707,O7-M391
16861,MH-10175,O7-M392
16862,MH-10176,O7-M393
22772,MH-13239,O7-M394
32813,MH-17550,O7-M395
31678,MH-16991,O7-M396
26136,MH-14660,O7-M397
48025,MH-22306,O7-M398
12665,MH-7884,O7-M399
12666,MH-7885,O7-M400
29528,MH-15996,O7-M401
2684,MH-1751,O7-M402
22488,MH-13102,O7-M403
29875,MH-16148,O7-M404
1615,MH-1046,O7-M405
22487,MH-13101,O7-M406
1566,MH-1014,O7-M407
2933,MH-1915,O7-M408
24068,MH-13820,O7-M409
3963,MH-2589,O7-M410
3964,MH-2590,O7-M411
28053,MH-15372,O7-M412
22024,MH-12894,O7-M413
19082,MH-11379,O7-M414
19083,MH-11380,O7-M415
22931,MH-13316,O7-M416
21990,MH-12877,O7-M417
35657,MH-18863,O7-M418
35658,MH-18864,O7-M419
32694,MH-17494,O7-M420
20860,MH-12323,O7-M421
15742,MH-9561,O7-M422
8865,MH-5643,O7-M423
36558,MH-19216,O7-M424
1328,MH-856,O7-M425
1327,MH-855,O7-M426
14655,MH-8968,O7-M427
5744,MH-3747,O7-M428
17246,MH-10392,O7-M429
17247,MH-10393,O7-M430
37916,MH-19804,O7-M431
32916,MH-17599,O7-M432
32917,MH-17600,O7-M433
14241,MH-8743,O7-M434
14242,MH-8744,O7-M435
21158,MH-12473,O7-M436
36557,MH-19215,O7-M437
11021,MH-6928,O7-M438
20131,MH-11941,O7-M439
28850,MH-15715,O7-M440
21991,MH-12878,O7-M441
7410,MH-4782,O7-M442
651,MH-407,O7-M443
19595,MH-11663,O7-M444
6138,MH-4001,O7-M445
19076,MH-11376,O7-M446
19075,MH-11375,O7-M447
48601,MH-22494,O7-M448
48616,MH-22502,O7-M449
48610,MH-22499,O7-M450
48608,MH-22498,O7-M451
48613,MH-22500,O7-M452
48614,MH-22501,O7-M453
28511,MH-15564,O7-M454
28512,MH-15565,O7-M455
28666,MH-15635,O7-M456
48007,MH-22300,O7-M457
28667,MH-15636,O7-M458
7042,MH-4561,O7-M459
43791,MH-21520,O7-M460
38409,MH-20004,O7-M461
19678,MH-11703,O7-M462
39533,MH-20408,O7-M463
39532,MH-20407,O7-M464
276872,MH-22609,O7-M465
48626,MH-22506,O7-M466
48604,MH-22496,O7-M467
48619,MH-22503,O7-M468
48622,MH-22504,O7-M469
48603,MH-22495,O7-M470
34448,MH-18341,O7-M471
34447,MH-18340,O7-M472
38077,MH-19868,O7-M473
34440,MH-18336,O7-M474
34435,MH-18334,O7-M475
34434,MH-18333,O7-M476
36764,MH-19306,O7-M477
21641,MH-12713,O7-M478
21640,MH-12712,O7-M479
32254,MH-17274,O7-M480
34235,MH-18240,O7-M481
32080,MH-17185,O7-M482
32079,MH-17184,O7-M483
34175,MH-18211,O7-M484
34174,MH-18210,O7-M485
1151,MH-738,O7-M486
7831,MH-5031,O7-M487
39626,MH-20439,O7-M488
32166,MH-17228,O7-M489
32165,MH-17227,O7-M490
32617,MH-17457,O7-M491
20366,MH-12066,O7-M492
20365,MH-12065,O7-M493
33250,MH-17763,O7-M494
33249,MH-17762,O7-M495
44570,MH-21628,O7-M496
40004,MH-20566,O7-M497
40735,MH-20810,O7-M498
8398,MH-5368,O7-M499
8399,MH-5369,O7-M500
6802,MH-4419,O7-M501
6560,MH-4267,O7-M502
6559,MH-4266,O7-M503
6390,MH-4160,O7-M504
6391,MH-4161,O7-M505
6031,MH-3932,O7-M506
6032,MH-3933,O7-M507
13061,MH-8094,O7-M508
5474,MH-3570,O7-M509
5475,MH-3571,O7-M510
19902,MH-11823,O7-M511
17841,MH-10713,O7-M512
43884,MH-21530,O7-M513
9775,MH-6193,O7-M514
17479,MH-10514,O7-M515
36688,MH-19273,O7-M516
23803,MH-13708,O7-M517
39251,MH-20299,O7-M518
17160,MH-10342,O7-M519
14548,MH-8908,O7-M520
35976,MH-18991,O7-M521
15156,MH-9241,O7-M522
15157,MH-9242,O7-M523
18899,MH-11282,O7-M524
1707,MH-1107,O7-M525
1706,MH-1106,O7-M526
37505,MH-19627,O7-M527
29671,MH-16058,O7-M528
19408,MH-11557,O7-M529
20350,MH-12058,O7-M530
25297,MH-14333,O7-M531
16067,MH-9738,O7-M532
2449,MH-1596,O7-M533
48004,MH-22299,O7-M534
18409,MH-11022,O7-M535
18410,MH-11023,O7-M536
18040,MH-10820,O7-M537
18041,MH-10821,O7-M538
17636,MH-10603,O7-M539
17637,MH-10604,O7-M540
17580,MH-10572,O7-M541
46676,MH-21888,O7-M542
17581,MH-10573,O7-M543
20349,MH-12057,O7-M544
48585,O-10,O8
14878,MH-9088,O8-M1
14879,MH-9089,O8-M2
33785,MH-18025,O8-M3
37073,MH-19443,O8-M4
37074,MH-19444,O8-M5
29717,MH-16077,O8-M6
28231,MH-15442,O8-M7
48541,MH-22480,O8-M8
28232,MH-15443,O8-M9
34962,MH-18564,O8-M10
36233,MH-19093,O8-M11
36234,MH-19094,O8-M12
40693,MH-20800,O8-M13
44439,MH-21611,O8-M14
4315,MH-2816,O8-M15
4316,MH-2817,O8-M16
22098,MH-12929,O8-M17
32593,MH-17445,O8-M18
36487,MH-19186,O8-M19
48532,MH-22477,O8-M20
31186,MH-16760,O8-M21
31187,MH-16761,O8-M22
10970,MH-6897,O8-M23
9914,MH-6275,O8-M24
9913,MH-6274,O8-M25
2096,MH-1363,O8-M26
2095,MH-1362,O8-M27
41822,MH-21113,O8-M28
16846,MH-10168,O8-M29
16845,MH-10167,O8-M30
8082,MH-5181,O8-M31
8081,MH-5180,O8-M32
33556,MH-17909,O8-M33
8875,MH-5650,O8-M34
8874,MH-5649,O8-M35
26524,MH-14787,O8-M36
41632,MH-21072,O8-M37
12489,MH-7787,O8-M38
23007,MH-13348,O8-M39
48497,MH-22464,O8-M40
48500,MH-22465,O8-M41
31758,MH-17030,O8-M42
16448,MH-9947,O8-M43
16447,MH-9946,O8-M44
39144,MH-20259,O8-M45
33849,MH-18055,O8-M46
33848,MH-18054,O8-M47
34110,MH-18180,O8-M48
34109,MH-18179,O8-M49
13864,MH-8551,O8-M50
20811,MH-12298,O8-M51
7558,MH-4870,O8-M52
31318,MH-16821,O8-M53
5478,MH-3573,O8-M54
23327,MH-13492,O8-M55
31498,MH-16904,O8-M56
48491,MH-22462,O8-M57
48488,MH-22461,O8-M58
31497,MH-16903,O8-M59
32566,MH-17432,O8-M60
48485,MH-22460,O8-M61
32565,MH-17431,O8-M62
34102,MH-18176,O8-M63
34101,MH-18175,O8-M64
44608,MH-21632,O8-M65
37609,MH-19671,O8-M66
33383,MH-17831,O8-M67
33382,MH-17830,O8-M68
38587,MH-20070,O8-M69
25971,MH-14596,O8-M70
5277,MH-3443,O8-M71
5276,MH-3442,O8-M72
26276,MH-14710,O8-M73
3744,MH-2446,O8-M74
28997,MH-15774,O8-M75
30832,MH-16588,O8-M76
48538,MH-22479,O8-M77
30831,MH-16587,O8-M78
30074,MH-16242,O8-M79
48535,MH-22478,O8-M80
30073,MH-16241,O8-M81
37759,MH-19737,O8-M82
17949,MH-10774,O8-M83
17948,MH-10773,O8-M84
37020,MH-19420,O8-M85
15399,MH-9370,O8-M86
14049,MH-8643,O8-M87
14048,MH-8642,O8-M88
16873,MH-10183,O8-M89
36856,MH-19345,O8-M90
19213,MH-11451,O8-M91
8928,MH-5682,O8-M92
8927,MH-5681,O8-M93
2358,MH-1536,O8-M94
2357,MH-1535,O8-M95
4766,MH-3109,O8-M96
23491,MH-13567,O8-M97
10051,MH-6358,O8-M98
14439,MH-8851,O8-M99
14440,MH-8852,O8-M100
27300,MH-15076,O8-M101
17129,MH-10325,O8-M102
11966,MH-7490,O8-M103
5083,MH-3317,O8-M104
28960,MH-15762,O8-M105
2663,MH-1737,O8-M106
2664,MH-1738,O8-M107
4610,MH-3008,O8-M108
15679,MH-9523,O8-M109
18035,MH-10817,O8-M110
18034,MH-10816,O8-M111
35096,MH-18621,O8-M112
42598,MH-21302,O8-M113
18564,MH-11104,O8-M114
9820,MH-6220,O8-M115
9819,MH-6219,O8-M116
48529,MH-22476,O8-M117
17128,MH-10324,O8-M118
29788,MH-16111,O8-M119
11965,MH-7489,O8-M120
38794,MH-20142,O8-M121
5082,MH-3316,O8-M122
41069,MH-20922,O8-M123
15678,MH-9522,O8-M124
45000,MH-21686,O8-M125
22673,MH-13191,O8-M126
31607,MH-16958,O8-M127
38589,MH-20071,O8-M128
39169,MH-20270,O8-M129
16281,MH-9856,O8-M130
16282,MH-9857,O8-M131
19348,MH-11526,O8-M132
35399,MH-18763,O8-M133
31323,MH-16823,O8-M134
30846,MH-16595,O8-M135
26996,MH-14963,O8-M136
48526,MH-22475,O8-M137
26995,MH-14962,O8-M138
30808,MH-16574,O8-M139
12934,MH-8028,O8-M140
12935,MH-8029,O8-M141
8300,MH-5312,O8-M142
8301,MH-5313,O8-M143
17608,MH-10588,O8-M144
30809,MH-16575,O8-M145
39844,MH-20514,O8-M146
38602,MH-20075,O8-M147
34075,MH-18161,O8-M148
13287,MH-8219,O8-M149
26643,MH-14833,O8-M150
2657,MH-1733,O8-M151
21370,MH-12578,O8-M152
39670,MH-20457,O8-M153
39669,MH-20456,O8-M154
12829,MH-7976,O8-M155
12828,MH-7975,O8-M156
19212,MH-11450,O8-M157
18404,MH-11019,O8-M158
18403,MH-11018,O8-M159
17509,MH-10532,O8-M160
21970,MH-12867,O8-M161
21969,MH-12866,O8-M162
17355,MH-10451,O8-M163
14302,MH-8775,O8-M164
12967,MH-8045,O8-M165
17839,MH-10712,O8-M166
14301,MH-8774,O8-M167
10428,MH-6582,O8-M168
10427,MH-6581,O8-M169
23227,MH-13449,O8-M170
10050,MH-6357,O8-M171
26074,MH-14637,O8-M172
11319,MH-7105,O8-M173
10307,MH-6511,O8-M174
27975,MH-15341,O8-M175
633,MH-395,O8-M176
14758,MH-9024,O8-M177
23072,MH-13380,O8-M178
29148,MH-15836,O8-M179
25953,MH-14589,O8-M180
25952,MH-14588,O8-M181
32151,MH-17218,O8-M182
32150,MH-17217,O8-M183
28374,MH-15505,O8-M184
28373,MH-15504,O8-M185
48544,MH-22481,O8-M186
29719,MH-16078,O8-M187
33041,MH-17661,O8-M188
48547,MH-22482,O8-M189
33040,MH-17660,O8-M190
39024,MH-20216,O8-M191
39537,MH-20410,O8-M192
39737,MH-20481,O8-M193
29759,MH-16099,O8-M194
29758,MH-16098,O8-M195
31613,MH-16961,O8-M196
35865,MH-18950,O8-M197
39835,MH-20512,O8-M198
14484,MH-8875,O8-M199
34746,MH-18481,O8-M200
34745,MH-18480,O8-M201
2111,MH-1373,O8-M202
2110,MH-1372,O8-M203
6927,MH-4492,O8-M204
6926,MH-4491,O8-M205
8678,MH-5531,O8-M206
11696,MH-7333,O8-M207
11695,MH-7332,O8-M208
32106,MH-17198,O8-M209
8623,MH-5498,O8-M210
12837,MH-7980,O8-M211
12836,MH-7979,O8-M212
11537,MH-7236,O8-M213
21497,MH-12639,O8-M214
25815,MH-14537,O8-M215
25816,MH-14538,O8-M216
48423,MH-22440,O8-M217
10545,MH-6647,O8-M218
5694,MH-3715,O8-M219
5693,MH-3714,O8-M220
34391,MH-18314,O8-M221
38228,MH-19931,O8-M222
38086,MH-19872,O8-M223
13443,MH-8309,O8-M224
12473,MH-7778,O8-M225
23140,MH-13410,O8-M226
48550,MH-22483,O8-M227
33062,MH-17669,O8-M228
21229,MH-12508,O8-M229
8677,MH-5530,O8-M230
31494,MH-16902,O8-M231
29886,MH-16154,O8-M232
29885,MH-16153,O8-M233
12069,MH-7549,O8-M234
12068,MH-7548,O8-M235
27466,MH-15141,O8-M236
48514,MH-22471,O8-M237
48517,MH-22472,O8-M238
27465,MH-15140,O8-M239
31751,MH-17027,O8-M240
40358,MH-20686,O8-M241
33165,MH-17722,O8-M242
48520,MH-22473,O8-M243
33164,MH-17721,O8-M244
32199,MH-17246,O8-M245
32198,MH-17245,O8-M246
30243,MH-16322,O8-M247
8622,MH-5497,O8-M248
33506,MH-17886,O8-M249
33151,MH-17714,O8-M250
33150,MH-17713,O8-M251
28783,MH-15688,O8-M252
46806,MH-21928,O8-M253
46809,MH-21929,O8-M254
28782,MH-15687,O8-M255
36014,MH-19006,O8-M256
19461,MH-11587,O8-M257
11536,MH-7235,O8-M258
18779,MH-11221,O8-M259
18778,MH-11220,O8-M260
15590,MH-9477,O8-M261
126068,MH-22562,O8-M262
30788,MH-16567,O8-M263
28742,MH-15670,O8-M264
48503,MH-22466,O8-M265
28741,MH-15669,O8-M266
126066,MH-22561,O8-M267
126065,MH-22560,O8-M268
12941,MH-8032,O8-M269
38251,MH-19938,O8-M270
12488,MH-7786,O8-M271
13915,MH-8574,O8-M272
13916,MH-8575,O8-M273
15910,MH-9657,O8-M274
11479,MH-7200,O8-M275
4155,MH-2713,O8-M276
4154,MH-2712,O8-M277
43894,MH-21532,O8-M278
17162,MH-10343,O8-M279
15909,MH-9656,O8-M280
20756,MH-12271,O8-M281
13863,MH-8550,O8-M282
48494,MH-22463,O8-M283
41725,MH-21091,O8-M284
7557,MH-4869,O8-M285
1644,MH-1065,O8-M286
7756,MH-4989,O8-M287
7755,MH-4988,O8-M288
31070,MH-16705,O8-M289
31069,MH-16704,O8-M290
45527,MH-21744,O8-M291
15903,MH-9653,O8-M292
36610,MH-19239,O8-M293
36189,MH-19073,O8-M294
43625,MH-21495,O8-M295
30242,MH-16321,O8-M296
5477,MH-3572,O8-M297
40848,MH-20848,O8-M298
38338,MH-19975,O8-M299
38337,MH-19974,O8-M300
11655,MH-7308,O8-M301
11656,MH-7309,O8-M302
35829,MH-18935,O8-M303
2419,MH-1576,O8-M304
28353,MH-15494,O8-M305
3745,MH-2447,O8-M306
47021,O-3,O9
41474,MH-21033,O9-M1
33759,MH-18011,O9-M2
33758,MH-18010,O9-M3
32060,MH-17175,O9-M4
32059,MH-17174,O9-M5
3807,MH-2487,O9-M6
7443,MH-4802,O9-M7
32895,MH-17589,O9-M8
36196,MH-19076,O9-M9
33266,MH-17772,O9-M10
33267,MH-17773,O9-M11
4121,MH-2691,O9-M12
4122,MH-2692,O9-M13
21669,MH-12725,O9-M14
10082,MH-6377,O9-M15
47037,MH-21997,O9-M16
35934,MH-18978,O9-M17
1346,MH-868,O9-M18
27170,MH-15028,O9-M19
45525,MH-21743,O9-M20
9660,MH-6123,O9-M21
2396,MH-1561,O9-M22
37150,MH-19478,O9-M23
6675,MH-4340,O9-M24
6676,MH-4341,O9-M25
34148,MH-18198,O9-M26
4014,MH-2622,O9-M27
1266,MH-815,O9-M28
19593,MH-11662,O9-M29
34593,MH-18409,O9-M30
44193,MH-21577,O9-M31
12061,MH-7544,O9-M32
701,MH-440,O9-M33
3190,MH-2083,O9-M34
3191,MH-2084,O9-M35
28473,MH-15545,O9-M36
14591,MH-8935,O9-M37
540,MH-334,O9-M38
6037,MH-3936,O9-M39
14073,MH-8655,O9-M40
1557,MH-1008,O9-M41
13006,MH-8065,O9-M42
13007,MH-8066,O9-M43
35738,MH-18899,O9-M44
43642,MH-21497,O9-M45
12625,MH-7863,O9-M46
2265,MH-1475,O9-M47
278367,MH-21395-12,O9-M48
278366,MH-21395-11,O9-M49
278365,MH-21395-10,O9-M50
278364,MH-21395-9,O9-M51
278363,MH-21395-8,O9-M52
278362,MH-21395-7,O9-M53
278361,MH-21395-6,O9-M54
278360,MH-21395-5,O9-M55
278359,MH-21395-4,O9-M56
278358,MH-21395-3,O9-M57
278357,MH-21395-2,O9-M58
278356,MH-21395-1,O9-M59
43080,MH-21395,O9-M60
278309,MH-22857,O9-M61
278338,MH-22856-6,O9-M62
278337,MH-22856-5,O9-M63
278336,MH-22856-4,O9-M64
278335,MH-22856-3,O9-M65
278334,MH-22856-2,O9-M66
278333,MH-22856-1,O9-M67
278307,MH-22856,O9-M68
278321,MH-15042-8,O9-M69
278320,MH-15042-7,O9-M70
278319,MH-15042-6,O9-M71
278318,MH-15042-5,O9-M72
278317,MH-15042-4,O9-M73
278316,MH-15042-3,O9-M74
278315,MH-15042-2,O9-M75
278314,MH-15042-1,O9-M76
27205,MH-15042,O9-M77
5875,MH-3832,O9-M78
5876,MH-3833,O9-M79
23613,MH-13620,O9-M80
11904,MH-7453,O9-M81
7457,MH-4810,O9-M82
44950,MH-21681,O9-M83
17219,MH-10376,O9-M84
17220,MH-10377,O9-M85
24704,MH-14102,O9-M86
24705,MH-14103,O9-M87
23879,MH-13740,O9-M88
278037,MH-22786,O9-M89
278035,MH-22785,O9-M90
278033,MH-22784,O9-M91
18582,MH-11114,O9-M92
18581,MH-11113,O9-M93
9902,MH-6269,O9-M94
9903,MH-6270,O9-M95
15883,MH-9641,O9-M96
27969,MH-15338,O9-M97
27970,MH-15339,O9-M98
37053,MH-19434,O9-M99
37054,MH-19435,O9-M100
4583,MH-2992,O9-M101
32913,MH-17598,O9-M102
31567,MH-16937,O9-M103
31568,MH-16938,O9-M104
18602,MH-11124,O9-M105
18603,MH-11125,O9-M106
30081,MH-16245,O9-M107
28347,MH-15493,O9-M108
28346,MH-15492,O9-M109
36898,MH-19363,O9-M110
30942,MH-16642,O9-M111
27001,MH-14966,O9-M112
27942,MH-15326,O9-M113
27943,MH-15327,O9-M114
24416,MH-13973,O9-M115
14539,MH-8902,O9-M116
14540,MH-8903,O9-M117
25997,MH-14606,O9-M118
22786,MH-13245,O9-M119
22787,MH-13246,O9-M120
24753,MH-14122,O9-M121
4494,MH-2934,O9-M122
4493,MH-2933,O9-M123
41162,MH-20948,O9-M124
537,MH-332,O9-M125
11598,MH-7274,O9-M126
35360,MH-18747,O9-M127
483,MH-296,O9-M128
18502,MH-11072,O9-M129
28787,MH-15690,O9-M130
26596,MH-14815,O9-M131
2043,MH-1328,O9-M132
11442,MH-7178,O9-M133
35705,MH-18884,O9-M134
35704,MH-18883,O9-M135
12064,MH-7546,O9-M136
27227,MH-15050,O9-M137
18349,MH-10989,O9-M138
18350,MH-10990,O9-M139
38511,MH-20042,O9-M140
41856,MH-21121,O9-M141
12501,MH-7793,O9-M142
12502,MH-7794,O9-M143
19294,MH-11496,O9-M144
15193,MH-9262,O9-M145
23672,MH-13646,O9-M146
15929,MH-9666,O9-M147
15928,MH-9665,O9-M148
35901,MH-18965,O9-M149
23142,MH-13411,O9-M150
24048,MH-13810,O9-M151
24049,MH-13811,O9-M152
24589,MH-14047,O9-M153
25391,MH-14373,O9-M154
34902,MH-18539,O9-M155
16515,MH-9982,O9-M156
21768,MH-12770,O9-M157
40305,MH-20665,O9-M158
33804,MH-18035,O9-M159
33803,MH-18034,O9-M160
39462,MH-20379,O9-M161
17906,MH-10751,O9-M162
17407,MH-10478,O9-M163
17406,MH-10477,O9-M164
39436,MH-20368,O9-M165
40269,MH-20655,O9-M166
18242,MH-10930,O9-M167
18241,MH-10929,O9-M168
38833,MH-20158,O9-M169
33985,MH-18119,O9-M170
33984,MH-18118,O9-M171
39786,MH-20494,O9-M172
43183,MH-21416,O9-M173
42196,MH-21210,O9-M174
31160,MH-16746,O9-M175
31159,MH-16745,O9-M176
33027,MH-17653,O9-M177
33026,MH-17652,O9-M178
38365,MH-19986,O9-M179
32274,MH-17284,O9-M180
48283,MH-22393,O9-M181
32273,MH-17283,O9-M182
4181,MH-2730,O9-M183
4180,MH-2729,O9-M184
42948,MH-21365,O9-M185
38082,MH-19871,O9-M186
38081,MH-19870,O9-M187
37651,MH-19690,O9-M188
37650,MH-19689,O9-M189
39513,MH-20400,O9-M190
39512,MH-20399,O9-M191
42033,MH-21169,O9-M192
35577,MH-18832,O9-M193
35576,MH-18831,O9-M194
35716,MH-18888,O9-M195
12103,MH-7569,O9-M196
12102,MH-7568,O9-M197
39301,MH-20318,O9-M198
39300,MH-20317,O9-M199
42635,MH-21313,O9-M200
4119,MH-2690,O9-M201
4118,MH-2689,O9-M202
33664,MH-17963,O9-M203
33663,MH-17962,O9-M204
16546,MH-10001,O9-M205
18842,MH-11252,O9-M206
18029,MH-10814,O9-M207
19974,MH-11863,O9-M208
606,MH-378,O9-M209
2006,MH-1304,O9-M210
15448,MH-9398,O9-M211
278665,MH-22974,O9-M212
278666,MH-22975,O9-M213
278668,MH-22976,O9-M214
278670,MH-22977,O9-M215
278672,MH-22978,O9-M216
278674,MH-22979,O9-M217
278676,MH-22980,O9-M218
278678,MH-22981,O9-M219
17888,MH-10740,O9-M220
17887,MH-10739,O9-M221
742,MH-467,O9-M222
32041,MH-17165,O9-M223
32042,MH-17166,O9-M224
3409,MH-2226,O9-M225
3410,MH-2227,O9-M226
3987,MH-2605,O9-M227
3986,MH-2604,O9-M228
34965,MH-18566,O9-M229
20854,MH-12320,O9-M230
20855,MH-12321,O9-M231
18252,MH-10936,O9-M232
18253,MH-10937,O9-M233
19813,MH-11776,O9-M234
11994,MH-7507,O9-M235
18699,MH-11178,O9-M236
2150,MH-1399,O9-M237
11309,MH-7100,O9-M238
11308,MH-7099,O9-M239
17005,MH-10259,O9-M240
17004,MH-10258,O9-M241
32372,MH-17336,O9-M242
3557,MH-2323,O9-M243
3556,MH-2322,O9-M244
15037,MH-9174,O9-M245
15038,MH-9175,O9-M246
19692,MH-11710,O9-M247
19691,MH-11709,O9-M248
38685,MH-20107,O9-M249
39256,MH-20302,O9-M250
39255,MH-20301,O9-M251
39931,MH-20542,O9-M252
10238,MH-6471,O9-M253
10237,MH-6470,O9-M254
17715,MH-10645,O9-M255
17714,MH-10644,O9-M256
3654,MH-2387,O9-M257
27200,MH-15040,O9-M258
22913,MH-13308,O9-M259
22914,MH-13309,O9-M260
20419,MH-12092,O9-M261
35614,MH-18848,O9-M262
35615,MH-18849,O9-M263
45410,MH-21730,O9-M264
6740,MH-4380,O9-M265
716,MH-450,O9-M266
27335,MH-15092,O9-M267
37689,MH-19708,O9-M268
5980,MH-3899,O9-M269
5979,MH-3898,O9-M270
13597,MH-8400,O9-M271
2057,MH-1337,O9-M272
9671,MH-6129,O9-M273
4226,MH-2759,O9-M274
4225,MH-2758,O9-M275
9730,MH-6166,O9-M276
9729,MH-6165,O9-M277
14928,MH-9115,O9-M278
47203,MH-22053,O9-M279
47201,MH-22052,O9-M280
47199,MH-22051,O9-M281
47197,MH-22050,O9-M282
6909,MH-4482,O9-M283
6910,MH-4483,O9-M284
47188,MH-22047,O9-M285
28907,MH-15740,O9-M286
10651,MH-6708,O9-M287
10652,MH-6709,O9-M288
19020,MH-11346,O9-M289
7531,MH-4854,O9-M290
21799,MH-12783,O9-M291
12352,MH-7709,O9-M292
12351,MH-7708,O9-M293
24066,MH-13819,O9-M294
22670,MH-13189,O9-M295
22671,MH-13190,O9-M296
26888,MH-14924,O9-M297
26889,MH-14925,O9-M298
28266,MH-15458,O9-M299
26844,MH-14905,O9-M300
13596,MH-8399,O9-M301
31474,MH-16894,O9-M302
14658,MH-8970,O9-M303
18506,MH-11074,O9-M304
1100,MH-705,O9-M305
5092,MH-3323,O9-M306
9260,MH-5883,O9-M307
15864,MH-9631,O9-M308
1716,MH-1113,O9-M309
16649,MH-10059,O9-M310
18521,MH-11080,O9-M311
30961,MH-16651,O9-M312
30960,MH-16650,O9-M313
14657,MH-8969,O9-M314
1099,MH-704,O9-M315
32337,MH-17316,O9-M316
5091,MH-3322,O9-M317
31584,MH-16947,O9-M318
9259,MH-5882,O9-M319
31273,MH-16800,O9-M320
15863,MH-9630,O9-M321
31045,MH-16693,O9-M322
1715,MH-1112,O9-M323
30820,MH-16582,O9-M324
30819,MH-16581,O9-M325
16650,MH-10060,O9-M326
18917,MH-11291,O9-M327
30791,MH-16569,O9-M328
30790,MH-16568,O9-M329
24827,MH-14154,O9-M330
24826,MH-14153,O9-M331
32503,MH-17405,O9-M332
32502,MH-17404,O9-M333
31840,MH-17073,O9-M334
1842,MH-1196,O9-M335
1841,MH-1195,O9-M336
36905,MH-19367,O9-M337
8743,MH-5569,O9-M338
47185,MH-22046,O9-M339
21867,MH-12818,O9-M340
20079,MH-11915,O9-M341
5221,MH-3406,O9-M342
13327,MH-8242,O9-M343
18951,MH-11308,O9-M344
10924,MH-6870,O9-M345
22897,MH-13301,O9-M346
41449,MH-21028,O9-M347
13326,MH-8241,O9-M348
42080,MH-21180,O9-M349
28127,MH-15403,O9-M350
28128,MH-15404,O9-M351
10923,MH-6869,O9-M352
28785,MH-15689,O9-M353
17938,MH-10767,O9-M354
17939,MH-10768,O9-M355
30972,MH-16656,O9-M356
29502,MH-15984,O9-M357
29503,MH-15985,O9-M358
8753,MH-5575,O9-M359
29932,MH-16175,O9-M360
29933,MH-16176,O9-M361
47191,MH-22048,O9-M362
4328,MH-2825,O9-M363
40008,MH-20567,O9-M364
28135,MH-15405,O9-M365
18771,MH-11216,O9-M366
23342,MH-13499,O9-M367
10416,MH-6575,O9-M368
10415,MH-6574,O9-M369
28664,MH-15634,O9-M370
8754,MH-5576,O9-M371
18770,MH-11215,O9-M372
27904,MH-15312,O9-M373
47194,MH-22049,O9-M374
21451,MH-12617,O9-M375
38850,MH-20162,O9-M376
1167,MH-749,O9-M377
24834,MH-14156,O9-M378
28299,MH-15472,O9-M379
28300,MH-15473,O9-M380
11463,MH-7191,O9-M381
40213,MH-20635,O9-M382
23788,MH-13701,O9-M383
4278,MH-2793,O9-M384
39281,MH-20310,O9-M385
39530,MH-20406,O9-M386
24774,MH-14133,O9-M387
22381,MH-13054,O9-M388
24303,MH-13922,O9-M389
1817,MH-1179,O9-M390
1818,MH-1180,O9-M391
13405,MH-8286,O9-M392
30655,MH-16510,O9-M393
13386,MH-8274,O9-M394
13387,MH-8275,O9-M395
29277,MH-15887,O9-M396
13457,MH-8317,O9-M397
31783,MH-17042,O9-M398
16513,MH-9981,O9-M399
8608,MH-5488,O9-M400
8607,MH-5487,O9-M401
40876,MH-20857,O9-M402
1403,MH-906,O9-M403
4485,MH-2928,O9-M404
6761,MH-4393,O9-M405
6760,MH-4392,O9-M406
39765,MH-20488,O9-M407
14239,MH-8742,O9-M408
17489,MH-10521,O9-M409
8176,MH-5237,O9-M410
8175,MH-5236,O9-M411
16946,MH-10225,O9-M412
18256,MH-10938,O9-M413
38056,MH-19860,O9-M414
41101,MH-20928,O9-M415
41001,MH-20901,O9-M416
10516,MH-6631,O9-M417
10515,MH-6630,O9-M418
31405,MH-16863,O9-M419
3274,MH-2138,O9-M420
3273,MH-2137,O9-M421
20843,MH-12316,O9-M422
30553,MH-16462,O9-M423
30956,MH-16648,O9-M424
34125,MH-18186,O9-M425
5736,MH-3742,O9-M426
5737,MH-3743,O9-M427
25110,MH-14265,O9-M428
6528,MH-4246,O9-M429
6529,MH-4247,O9-M430
7822,MH-5025,O9-M431
7823,MH-5026,O9-M432
9012,MH-5733,O9-M433
9011,MH-5732,O9-M434
17291,MH-10416,O9-M435
34866,MH-18523,O9-M436
9900,MH-6268,O9-M437
9899,MH-6267,O9-M438
5372,MH-3504,O9-M439
5371,MH-3503,O9-M440
42061,MH-21175,O9-M441
14238,MH-8741,O9-M442
37289,MH-19537,O9-M443
42906,MH-21356,O9-M444
17488,MH-10520,O9-M445
35585,MH-18836,O9-M446
43577,MH-21479,O9-M447
20825,MH-12305,O9-M448
42401,MH-21258,O9-M449
45028,MH-21688,O9-M450
16005,MH-9706,O9-M451
20322,MH-12042,O9-M452
15664,MH-9514,O9-M453
15663,MH-9513,O9-M454
16034,MH-9722,O9-M455
32168,MH-17229,O9-M456
22706,MH-13208,O9-M457
22707,MH-13209,O9-M458
36423,MH-19163,O9-M459
18328,MH-10977,O9-M460
18329,MH-10978,O9-M461
43557,MH-21476,O9-M462
26111,MH-14649,O9-M463
12432,MH-7754,O9-M464
17728,MH-10653,O9-M465
29752,MH-16095,O9-M466
9063,MH-5764,O9-M467
203431,MH-22590,O9-M468
15457,MH-9403,O9-M469
28495,MH-15556,O9-M470
13472,MH-8327,O9-M471
13471,MH-8326,O9-M472
28286,MH-15467,O9-M473
33209,MH-17742,O9-M474
32764,MH-17526,O9-M475
32763,MH-17525,O9-M476
12431,MH-7753,O9-M477
35487,MH-18799,O9-M478
34831,MH-18509,O9-M479
9062,MH-5763,O9-M480
36005,MH-19001,O9-M481
22237,MH-12994,O9-M482
6334,MH-4124,O9-M483
6335,MH-4125,O9-M484
21888,MH-12825,O9-M485
21889,MH-12826,O9-M486
25701,MH-14498,O9-M487
25702,MH-14499,O9-M488
41045,MH-20912,O9-M489
5533,MH-3609,O9-M490
5534,MH-3610,O9-M491
32530,MH-17416,O9-M492
37304,MH-19542,O9-M493
4716,MH-3076,O9-M494
32330,MH-17313,O9-M495
6328,MH-4120,O9-M496
6329,MH-4121,O9-M497
39267,MH-20307,O9-M498
9357,MH-5941,O9-M499
9358,MH-5942,O9-M500
21859,MH-12814,O9-M501
33900,MH-18081,O9-M502
33899,MH-18080,O9-M503
33564,MH-17913,O9-M504
11394,MH-7150,O9-M505
11393,MH-7149,O9-M506
33539,MH-17901,O9-M507
20647,MH-12211,O9-M508
27130,MH-15016,O9-M509
33728,MH-17994,O9-M510
33645,MH-17953,O9-M511
33644,MH-17952,O9-M512
33425,MH-17851,O9-M513
27155,MH-15023,O9-M514
9191,MH-5841,O9-M515
9190,MH-5840,O9-M516
33326,MH-17805,O9-M517
33325,MH-17804,O9-M518
33388,MH-17833,O9-M519
33143,MH-17709,O9-M520
33142,MH-17708,O9-M521
33353,MH-17817,O9-M522
27356,MH-15099,O9-M523
4290,MH-2801,O9-M524
20352,MH-12059,O9-M525
6061,MH-3952,O9-M526
21125,MH-12457,O9-M527
15816,MH-9604,O9-M528
15815,MH-9603,O9-M529
33099,MH-17685,O9-M530
33098,MH-17684,O9-M531
20795,MH-12290,O9-M532
20794,MH-12289,O9-M533
43555,MH-21475,O9-M534
31312,MH-16819,O9-M535
31311,MH-16818,O9-M536
42020,MH-21165,O9-M537
28555,MH-15585,O9-M538
15328,MH-9334,O9-M539
15327,MH-9333,O9-M540
40609,MH-20768,O9-M541
40608,MH-20767,O9-M542
18620,MH-11134,O9-M543
32768,MH-17528,O9-M544
30294,MH-16346,O9-M545
30293,MH-16345,O9-M546
32047,MH-17169,O9-M547
11554,MH-7247,O9-M548
11553,MH-7246,O9-M549
32790,MH-17539,O9-M550
32370,MH-17335,O9-M551
30913,MH-16628,O9-M552
30912,MH-16627,O9-M553
25351,MH-14357,O9-M554
24283,MH-13913,O9-M555
26421,MH-14759,O9-M556
1257,MH-809,O9-M557
1812,MH-1176,O9-M558
1811,MH-1175,O9-M559
39161,MH-20266,O9-M560
4432,MH-2893,O9-M561
24450,MH-13988,O9-M562
26820,MH-14898,O9-M563
26819,MH-14897,O9-M564
30118,MH-16265,O9-M565
13659,MH-8436,O9-M566
19366,MH-11536,O9-M567
44797,MH-21660,O9-M568
15447,MH-9397,O9-M569
2287,MH-1489,O9-M570
2286,MH-1488,O9-M571
36524,MH-19200,O9-M572
24452,MH-13989,O9-M573
22572,MH-13144,O9-M574
20610,MH-12193,O9-M575
32364,MH-17332,O9-M576
14633,MH-8958,O9-M577
14326,MH-8789,O9-M578
32946,MH-17611,O9-M579
21269,MH-12527,O9-M580
32560,MH-17428,O9-M581
17720,MH-10648,O9-M582
22005,MH-12885,O9-M583
22006,MH-12886,O9-M584
278683,MH-22982,O9-M585
28671,MH-15638,O9-M586
278693,MH-22984,O9-M587
17532,MH-10546,O9-M588
19208,MH-11448,O9-M589
32730,MH-17510,O9-M590
21322,MH-12553,O9-M591
3901,MH-2548,O9-M592
23645,MH-13635,O9-M593
23646,MH-13636,O9-M594
33064,MH-17670,O9-M595
33065,MH-17671,O9-M596
32859,MH-17570,O9-M597
32860,MH-17571,O9-M598
3908,MH-2553,O9-M599
170,MH-89,O9-M600
3035,MH-1982,O9-M601
30171,MH-16287,O9-M602
21886,MH-12824,O9-M603
7783,MH-5005,O9-M604
7782,MH-5004,O9-M605
6221,MH-4054,O9-M606
6220,MH-4053,O9-M607
5461,MH-3562,O9-M608
32825,MH-17555,O9-M609
4667,MH-3044,O9-M610
4668,MH-3045,O9-M611
38593,MH-20072,O9-M612
1381,MH-891,O9-M613
15108,MH-9217,O9-M614
8894,MH-5661,O9-M615
8895,MH-5662,O9-M616
30576,MH-16474,O9-M617
7765,MH-4994,O9-M618
7766,MH-4995,O9-M619
24373,MH-13954,O9-M620
17531,MH-10545,O9-M621
33272,MH-17776,O9-M622
24096,MH-13830,O9-M623
29983,MH-16200,O9-M624
31867,MH-17087,O9-M625
12002,MH-7511,O9-M626
12003,MH-7512,O9-M627
29154,MH-15839,O9-M628
30402,MH-16390,O9-M629
30403,MH-16391,O9-M630
20625,MH-12200,O9-M631
5239,MH-3418,O9-M632
43364,MH-21449,O9-M633
47137,MH-22029,O9-M634
30110,MH-16261,O9-M635
30111,MH-16262,O9-M636
47143,MH-22031,O9-M637
35260,MH-18697,O9-M638
11993,MH-7506,O9-M639
31385,MH-16855,O9-M640
47134,MH-22028,O9-M641
32583,MH-17440,O9-M642
20915,MH-12351,O9-M643
20916,MH-12352,O9-M644
19598,MH-11664,O9-M645
19599,MH-11665,O9-M646
47146,MH-22032,O9-M647
18368,MH-10999,O9-M648
3539,MH-2311,O9-M649
3540,MH-2312,O9-M650
8727,MH-5559,O9-M651
8728,MH-5560,O9-M652
5892,MH-3843,O9-M653
5893,MH-3844,O9-M654
17363,MH-10456,O9-M655
17362,MH-10455,O9-M656
32131,MH-17209,O9-M657
15788,MH-9589,O9-M658
15787,MH-9588,O9-M659
24178,MH-13868,O9-M660
25753,MH-14515,O9-M661
32305,MH-17298,O9-M662
40254,MH-20650,O9-M663
3642,MH-2379,O9-M664
10728,MH-6752,O9-M665
31019,MH-16682,O9-M666
26949,MH-14945,O9-M667
25080,MH-14255,O9-M668
19040,MH-11356,O9-M669
16769,MH-10126,O9-M670
16770,MH-10127,O9-M671
34890,MH-18534,O9-M672
5238,MH-3417,O9-M673
34964,MH-18565,O9-M674
16561,MH-10009,O9-M675
16562,MH-10010,O9-M676
19403,MH-11554,O9-M677
14782,MH-9037,O9-M678
6060,MH-3951,O9-M679
14781,MH-9036,O9-M680
19812,MH-11775,O9-M681
278689,MH-22983,O9-M682
36966,MH-19397,O9-M683
2811,MH-1835,O9-M684
2810,MH-1834,O9-M685
18969,MH-11317,O9-M686
2149,MH-1398,O9-M687
3806,MH-2486,O9-M688
32252,MH-17273,O9-M689
19000,MH-11335,O9-M690
29906,MH-16165,O9-M691
40146,MH-20618,O9-M692
3329,MH-2174,O9-M693
30548,MH-16459,O9-M694
40137,MH-20615,O9-M695
22132,MH-12947,O9-M696
12378,MH-7723,O9-M697
37152,MH-19479,O9-M698
21854,MH-12812,O9-M699
10764,MH-6774,O9-M700
1137,MH-729,O9-M701
8253,MH-5285,O9-M702
37102,MH-19459,O9-M703
28809,MH-15698,O9-M704
909,MH-578,O9-M705
12929,MH-8026,O9-M706
278579,MH-22944,O9-M707
28377,MH-15506,O9-M708
277240,MH-22634,O9-M709
28378,MH-15507,O9-M710
25791,MH-14529,O9-M711
15822,MH-9608,O9-M712
16186,MH-9803,O9-M713
16565,MH-10012,O9-M714
27818,MH-15278,O9-M715
29022,MH-15785,O9-M716
278593,MH-22042-7,O9-M717
278623,MH-16703-3,O9-M718
278622,MH-16703-2,O9-M719
278621,MH-16703-1,O9-M720
31067,MH-16703,O9-M721
31066,MH-16702,O9-M722
278615,MH-22956,O9-M723
33315,MH-17799,O9-M724
13300,MH-8225,O9-M725
13301,MH-8226,O9-M726
23012,MH-13351,O9-M727
24792,MH-14140,O9-M728
17543,MH-10551,O9-M729
17544,MH-10552,O9-M730
5911,MH-3856,O9-M731
21988,MH-12876,O9-M732
37031,MH-19424,O9-M733
13130,MH-8131,O9-M734
13131,MH-8132,O9-M735
14935,MH-9119,O9-M736
270,MH-155,O9-M737
17701,MH-10637,O9-M738
41071,MH-20923,O9-M739
24782,MH-14137,O9-M740
579,MH-360,O9-M741
26793,MH-14887,O9-M742
37542,MH-19643,O9-M743
37202,MH-19502,O9-M744
278610,MH-22955,O9-M745
8964,MH-5703,O9-M746
42118,MH-21191,O9-M747
39868,MH-20521,O9-M748
26542,MH-14794,O9-M749
278649,MH-9494-13,O9-M750
278648,MH-9494-12,O9-M751
278647,MH-9494-11,O9-M752
278646,MH-9494-10,O9-M753
278645,MH-9494-9,O9-M754
278644,MH-9494-8,O9-M755
278643,MH-9494-7,O9-M756
278642,MH-9494-6,O9-M757
278641,MH-9494-5,O9-M758
278640,MH-9494-4,O9-M759
278639,MH-9494-3,O9-M760
278638,MH-9494-2,O9-M761
278637,MH-9494-1,O9-M762
15627,MH-9494,O9-M763
30210,MH-16308,O9-M764
277965,MH-14869-7,O9-M765
277964,MH-14869-6,O9-M766
277963,MH-14869-5,O9-M767
277962,MH-14869-4,O9-M768
277961,MH-14869-3,O9-M769
277960,MH-14869-2,O9-M770
277959,MH-14869-1,O9-M771
26297,MH-14717,O9-M772
26744,MH-14869,O9-M773
37698,MH-19713,O9-M774
26217,MH-14686,O9-M775
11618,MH-7287,O9-M776
23485,MH-13564,O9-M777
40206,MH-20634,O9-M778
41421,MH-21019,O9-M779
41422,MH-21020,O9-M780
18810,MH-11235,O9-M781
18811,MH-11236,O9-M782
29030,MH-15789,O9-M783
1863,MH-1210,O9-M784
21515,MH-12648,O9-M785
14626,MH-8954,O9-M786
20892,MH-12339,O9-M787
13383,MH-8273,O9-M788
13382,MH-8272,O9-M789
18756,MH-11207,O9-M790
6726,MH-4371,O9-M791
26697,MH-14850,O9-M792
7325,MH-4733,O9-M793
7324,MH-4732,O9-M794
33691,MH-17975,O9-M795
33698,MH-17978,O9-M796
22356,MH-13043,O9-M797
9088,MH-5779,O9-M798
16011,MH-9709,O9-M799
16012,MH-9710,O9-M800
39659,MH-20452,O9-M801
11202,MH-7035,O9-M802
11203,MH-7036,O9-M803
23251,MH-13459,O9-M804
23252,MH-13460,O9-M805
16906,MH-10201,O9-M806
16907,MH-10202,O9-M807
16803,MH-10145,O9-M808
26068,MH-14636,O9-M809
2105,MH-1369,O9-M810
17516,MH-10536,O9-M811
17517,MH-10537,O9-M812
23656,MH-13639,O9-M813
3841,MH-2509,O9-M814
3842,MH-2510,O9-M815
25328,MH-14346,O9-M816
19774,MH-11756,O9-M817
19475,MH-11595,O9-M818
23090,MH-13389,O9-M819
24667,MH-14085,O9-M820
25336,MH-14350,O9-M821
23635,MH-13630,O9-M822
23636,MH-13631,O9-M823
24478,MH-14000,O9-M824
25201,MH-14299,O9-M825
24380,MH-13958,O9-M826
22101,MH-12930,O9-M827
22102,MH-12931,O9-M828
41472,MH-21032,O9-M829
4146,MH-2707,O9-M830
18999,MH-11334,O9-M831
34900,MH-18538,O9-M832
3328,MH-2173,O9-M833
20257,MH-12011,O9-M834
12239,MH-7647,O9-M835
12238,MH-7646,O9-M836
18222,MH-10921,O9-M837
3886,MH-2539,O9-M838
3885,MH-2538,O9-M839
35813,MH-18928,O9-M840
6997,MH-4535,O9-M841
10738,MH-6758,O9-M842
6900,MH-4477,O9-M843
6899,MH-4476,O9-M844
22722,MH-13216,O9-M845
23088,MH-13388,O9-M846
9082,MH-5775,O9-M847
9081,MH-5774,O9-M848
20685,MH-12232,O9-M849
23047,MH-13368,O9-M850
17420,MH-10485,O9-M851
26166,MH-14670,O9-M852
39249,MH-20298,O9-M853
17421,MH-10486,O9-M854
11358,MH-7129,O9-M855
18551,MH-11096,O9-M856
13689,MH-8453,O9-M857
18009,MH-10805,O9-M858
15923,MH-9663,O9-M859
926,MH-589,O9-M860
12377,MH-7722,O9-M861
33270,MH-17775,O9-M862
33269,MH-17774,O9-M863
33934,MH-18095,O9-M864
32844,MH-17564,O9-M865
32843,MH-17563,O9-M866
32892,MH-17588,O9-M867
27755,MH-15255,O9-M868
27754,MH-15254,O9-M869
13106,MH-8118,O9-M870
3167,MH-2068,O9-M871
28380,MH-15508,O9-M872
28381,MH-15509,O9-M873
18783,MH-11223,O9-M874
4732,MH-3087,O9-M875
28613,MH-15613,O9-M876
11372,MH-7137,O9-M877
11373,MH-7138,O9-M878
21919,MH-12842,O9-M879
23916,MH-13754,O9-M880
23917,MH-13755,O9-M881
38474,MH-20028,O9-M882
16221,MH-9823,O9-M883
3844,MH-2511,O9-M884
3845,MH-2512,O9-M885
15059,MH-9186,O9-M886
20515,MH-12142,O9-M887
10879,MH-6842,O9-M888
1988,MH-1292,O9-M889
2171,MH-1413,O9-M890
29318,MH-15904,O9-M891
29319,MH-15905,O9-M892
34146,MH-18197,O9-M893
21142,MH-12464,O9-M894
7063,MH-4572,O9-M895
13362,MH-8262,O9-M896
13361,MH-8261,O9-M897
38070,MH-19865,O9-M898
21143,MH-12465,O9-M899
10878,MH-6841,O9-M900
20516,MH-12143,O9-M901
26108,MH-14648,O9-M902
13105,MH-8117,O9-M903
34646,MH-18433,O9-M904
11640,MH-7300,O9-M905
11639,MH-7299,O9-M906
2447,MH-1595,O9-M907
2446,MH-1594,O9-M908
36118,MH-19047,O9-M909
17346,MH-10446,O9-M910
17345,MH-10445,O9-M911
38221,MH-19928,O9-M912
6258,MH-4077,O9-M913
34551,MH-18390,O9-M914
29762,MH-16100,O9-M915
3166,MH-2067,O9-M916
38989,MH-20206,O9-M917
3680,MH-2404,O9-M918
19965,MH-11858,O9-M919
19963,MH-11857,O9-M920
19962,MH-11856,O9-M921
4084,MH-2667,O9-M922
4083,MH-2666,O9-M923
9030,MH-5744,O9-M924
4714,MH-3075,O9-M925
18890,MH-11278,O9-M926
23369,MH-13509,O9-M927
16222,MH-9824,O9-M928
4713,MH-3074,O9-M929
18889,MH-11277,O9-M930
16428,MH-9937,O9-M931
16429,MH-9938,O9-M932
39375,MH-20343,O9-M933
10665,MH-6717,O9-M934
18840,MH-11251,O9-M935
1563,MH-1012,O9-M936
4447,MH-2903,O9-M937
27315,MH-15084,O9-M938
27314,MH-15083,O9-M939
24760,MH-14126,O9-M940
24759,MH-14125,O9-M941
20537,MH-12154,O9-M942
21055,MH-12423,O9-M943
21054,MH-12422,O9-M944
38407,MH-20003,O9-M945
18839,MH-11250,O9-M946
40594,MH-20762,O9-M947
41401,MH-21011,O9-M948
14910,MH-9104,O9-M949
14911,MH-9105,O9-M950
28810,MH-15699,O9-M951
20536,MH-12153,O9-M952
19664,MH-11695,O9-M953
19663,MH-11694,O9-M954
14551,MH-8910,O9-M955
14550,MH-8909,O9-M956
43622,MH-21494,O9-M957
26104,MH-14647,O9-M958
38859,MH-20166,O9-M959
28461,MH-15539,O9-M960
2635,MH-1719,O9-M961
2634,MH-1718,O9-M962
24337,MH-13937,O9-M963
38199,MH-19920,O9-M964
2798,MH-1826,O9-M965
20964,MH-12377,O9-M966
19189,MH-11439,O9-M967
19188,MH-11438,O9-M968
42600,MH-21303,O9-M969
22960,MH-13328,O9-M970
18400,MH-11017,O9-M971
18399,MH-11016,O9-M972
24316,MH-13928,O9-M973
16367,MH-9903,O9-M974
12400,MH-7736,O9-M975
12399,MH-7735,O9-M976
36474,MH-19183,O9-M977
8473,MH-5411,O9-M978
38963,MH-20197,O9-M979
24311,MH-13925,O9-M980
35678,MH-18873,O9-M981
1363,MH-879,O9-M982
15821,MH-9607,O9-M983
45429,MH-21735,O9-M984
24315,MH-13927,O9-M985
16185,MH-9802,O9-M986
42154,MH-21202,O9-M987
25801,MH-14533,O9-M988
16564,MH-10011,O9-M989
43605,MH-21490,O9-M990
23299,MH-13480,O9-M991
8775,MH-5590,O9-M992
20747,MH-12267,O9-M993
19614,MH-11674,O9-M994
16688,MH-10081,O9-M995
1963,MH-1275,O9-M996
1964,MH-1276,O9-M997
3361,MH-2195,O9-M998
27115,MH-15010,O9-M999
25575,MH-14451,O9-M1000
9761,MH-6184,O9-M1001
9762,MH-6185,O9-M1002
8774,MH-5589,O9-M1003
19361,MH-11533,O9-M1004
19362,MH-11534,O9-M1005
19613,MH-11673,O9-M1006
26436,MH-14764,O9-M1007
16819,MH-10153,O9-M1008
8434,MH-5389,O9-M1009
16687,MH-10080,O9-M1010
36551,MH-19212,O9-M1011
24988,MH-14217,O9-M1012
24989,MH-14218,O9-M1013
23125,MH-13405,O9-M1014
23126,MH-13406,O9-M1015
29680,MH-16062,O9-M1016
29679,MH-16061,O9-M1017
4639,MH-3026,O9-M1018
23938,MH-13765,O9-M1019
35296,MH-18715,O9-M1020
35297,MH-18716,O9-M1021
23965,MH-13778,O9-M1022
23966,MH-13779,O9-M1023
29510,MH-15988,O9-M1024
19131,MH-11405,O9-M1025
19132,MH-11406,O9-M1026
23101,MH-13394,O9-M1027
27490,MH-15151,O9-M1028
25867,MH-14559,O9-M1029
19326,MH-11513,O9-M1030
13034,MH-8080,O9-M1031
13035,MH-8081,O9-M1032
278592,MH-22042-6,O9-M1033
278591,MH-22042-5,O9-M1034
278590,MH-22042-4,O9-M1035
278589,MH-22042-3,O9-M1036
278588,MH-22042-2,O9-M1037
278587,MH-22042-1,O9-M1038
47171,MH-22042,O9-M1039
47169,MH-22041,O9-M1040
23504,MH-13572,O9-M1041
25198,MH-14298,O9-M1042
19543,MH-11633,O9-M1043
24109,MH-13835,O9-M1044
19716,MH-11722,O9-M1045
19725,MH-11726,O9-M1046
19762,MH-11748,O9-M1047
19761,MH-11747,O9-M1048
40973,MH-20891,O9-M1049
24567,MH-14038,O9-M1050
12233,MH-7643,O9-M1051
23292,MH-13477,O9-M1052
12810,MH-7965,O9-M1053
12811,MH-7966,O9-M1054
3502,MH-2287,O9-M1055
3503,MH-2288,O9-M1056
24860,MH-14164,O9-M1057
37750,MH-19733,O9-M1058
19666,MH-11696,O9-M1059
19542,MH-11632,O9-M1060
555,MH-344,O9-M1061
23688,MH-13655,O9-M1062
3077,MH-2009,O9-M1063
18971,MH-11318,O9-M1064
11930,MH-7469,O9-M1065
20763,MH-12274,O9-M1066
20764,MH-12275,O9-M1067
5393,MH-3518,O9-M1068
22105,MH-12932,O9-M1069
22106,MH-12933,O9-M1070
15273,MH-9303,O9-M1071
15274,MH-9304,O9-M1072
19715,MH-11721,O9-M1073
39237,MH-20294,O9-M1074
23408,MH-13525,O9-M1075
19724,MH-11725,O9-M1076
38867,MH-20168,O9-M1077
23407,MH-13524,O9-M1078
30414,MH-16396,O9-M1079
30415,MH-16397,O9-M1080
6719,MH-4367,O9-M1081
6720,MH-4368,O9-M1082
31865,MH-17086,O9-M1083
4558,MH-2976,O9-M1084
4557,MH-2975,O9-M1085
37727,MH-19723,O9-M1086
10933,MH-6876,O9-M1087
22895,MH-13300,O9-M1088
36442,MH-19170,O9-M1089
42919,MH-21358,O9-M1090
40248,MH-20648,O9-M1091
6692,MH-4350,O9-M1092
6691,MH-4349,O9-M1093
37283,MH-19535,O9-M1094
37671,MH-19700,O9-M1095
37670,MH-19699,O9-M1096
41547,MH-21052,O9-M1097
42176,MH-21207,O9-M1098
42175,MH-21206,O9-M1099
338,MH-200,O9-M1100
3993,MH-2609,O9-M1101
15596,MH-9480,O9-M1102
33510,MH-17888,O9-M1103
4908,MH-3202,O9-M1104
10224,MH-6463,O9-M1105
13234,MH-8190,O9-M1106
18727,MH-11193,O9-M1107
18726,MH-11192,O9-M1108
33614,MH-17937,O9-M1109
5242,MH-3420,O9-M1110
5241,MH-3419,O9-M1111
33766,MH-18015,O9-M1112
33309,MH-17796,O9-M1113
33308,MH-17795,O9-M1114
20738,MH-12262,O9-M1115
20737,MH-12261,O9-M1116
33253,MH-17765,O9-M1117
33252,MH-17764,O9-M1118
33446,MH-17861,O9-M1119
33542,MH-17902,O9-M1120
13191,MH-8165,O9-M1121
13190,MH-8164,O9-M1122
33851,MH-18056,O9-M1123
34119,MH-18183,O9-M1124
33397,MH-17837,O9-M1125
33396,MH-17836,O9-M1126
33834,MH-18049,O9-M1127
34617,MH-18421,O9-M1128
34616,MH-18420,O9-M1129
38979,MH-20203,O9-M1130
38978,MH-20202,O9-M1131
41389,MH-21008,O9-M1132
42715,MH-21328,O9-M1133
45083,MH-21695,O9-M1134
47159,MH-22037,O9-M1135
47162,MH-22038,O9-M1136
3593,MH-2347,O9-M1137
34382,MH-18309,O9-M1138
5308,MH-3463,O9-M1139
15906,MH-9655,O9-M1140
14627,MH-8955,O9-M1141
8912,MH-5671,O9-M1142
8913,MH-5672,O9-M1143
11101,MH-6974,O9-M1144
4222,MH-2756,O9-M1145
4223,MH-2757,O9-M1146
36210,MH-19084,O9-M1147
15420,MH-9381,O9-M1148
15421,MH-9382,O9-M1149
23833,MH-13719,O9-M1150
17294,MH-10418,O9-M1151
16798,MH-10142,O9-M1152
28208,MH-15432,O9-M1153
22559,MH-13138,O9-M1154
10513,MH-6629,O9-M1155
15972,MH-9690,O9-M1156
9177,MH-5832,O9-M1157
38329,MH-19970,O9-M1158
38330,MH-19971,O9-M1159
11401,MH-7154,O9-M1160
203440,MH-22593,O9-M1161
1448,MH-936,O9-M1162
36218,MH-19087,O9-M1163
19329,MH-11515,O9-M1164
12045,MH-7535,O9-M1165
10512,MH-6628,O9-M1166
35500,MH-18804,O9-M1167
35499,MH-18803,O9-M1168
9009,MH-5731,O9-M1169
28686,MH-15643,O9-M1170
9176,MH-5831,O9-M1171
278629,MH-22960,O9-M1172
10292,MH-6502,O9-M1173
10293,MH-6503,O9-M1174
35764,MH-18911,O9-M1175
35763,MH-18910,O9-M1176
14853,MH-9076,O9-M1177
14852,MH-9075,O9-M1178
950,MH-605,O9-M1179
20049,MH-11902,O9-M1180
25847,MH-14551,O9-M1181
41936,MH-21142,O9-M1182
39069,MH-20235,O9-M1183
39068,MH-20234,O9-M1184
47164,MH-22039,O9-M1185
47166,MH-22040,O9-M1186
47155,MH-22035,O9-M1187
8616,MH-5493,O9-M1188
8617,MH-5494,O9-M1189
10521,MH-6634,O9-M1190
992,MH-633,O9-M1191
15905,MH-9654,O9-M1192
21368,MH-12577,O9-M1193
31267,MH-16797,O9-M1194
278010,MH-22780,O9-M1195
17253,MH-10396,O9-M1196
10192,MH-6444,O9-M1197
20050,MH-11903,O9-M1198
35154,MH-18645,O9-M1199
11303,MH-7096,O9-M1200
11304,MH-7097,O9-M1201
18605,MH-11126,O9-M1202
10191,MH-6443,O9-M1203
38810,MH-20149,O9-M1204
26145,MH-14664,O9-M1205
11222,MH-7048,O9-M1206
24798,MH-14143,O9-M1207
26337,MH-14730,O9-M1208
11426,MH-7168,O9-M1209
11427,MH-7169,O9-M1210
11281,MH-7082,O9-M1211
11282,MH-7083,O9-M1212
23281,MH-13472,O9-M1213
23694,MH-13658,O9-M1214
25598,MH-14461,O9-M1215
42215,MH-21216,O9-M1216
16797,MH-10141,O9-M1217
26357,MH-14738,O9-M1218
38360,MH-19985,O9-M1219
17293,MH-10417,O9-M1220
20461,MH-12113,O9-M1221
31629,MH-16970,O9-M1222
31628,MH-16969,O9-M1223
25422,MH-14386,O9-M1224
24808,MH-14146,O9-M1225
37667,MH-19697,O9-M1226
37668,MH-19698,O9-M1227
14713,MH-8999,O9-M1228
11332,MH-7113,O9-M1229
11331,MH-7112,O9-M1230
37418,MH-19589,O9-M1231
26133,MH-14659,O9-M1232
2727,MH-1780,O9-M1233
25129,MH-14271,O9-M1234
18633,MH-11141,O9-M1235
42935,MH-21362,O9-M1236
16493,MH-9969,O9-M1237
5686,MH-3710,O9-M1238
37827,MH-19767,O9-M1239
22813,MH-13259,O9-M1240
22814,MH-13260,O9-M1241
37507,MH-19628,O9-M1242
18427,MH-11032,O9-M1243
18428,MH-11033,O9-M1244
31731,MH-17016,O9-M1245
21139,MH-12463,O9-M1246
4254,MH-2777,O9-M1247
26623,MH-14824,O9-M1248
34781,MH-18497,O9-M1249
240,MH-135,O9-M1250
39998,MH-20563,O9-M1251
39999,MH-20564,O9-M1252
7328,MH-4734,O9-M1253
24295,MH-13919,O9-M1254
41029,MH-20909,O9-M1255
28995,MH-15773,O9-M1256
24965,MH-14207,O9-M1257
22467,MH-13092,O9-M1258
22468,MH-13093,O9-M1259
23668,MH-13645,O9-M1260
552,MH-342,O9-M1261
21748,MH-12761,O9-M1262
278003,MH-22779,O9-M1263
16843,MH-10166,O9-M1264
25403,MH-14378,O9-M1265
2180,MH-1419,O9-M1266
28124,MH-15402,O9-M1267
13563,MH-8382,O9-M1268
29976,MH-16197,O9-M1269
1662,MH-1077,O9-M1270
17192,MH-10360,O9-M1271
5230,MH-3412,O9-M1272
5229,MH-3411,O9-M1273
203434,MH-22591,O9-M1274
203437,MH-22592,O9-M1275
1507,MH-975,O9-M1276
17567,MH-10565,O9-M1277
2075,MH-1349,O9-M1278
17191,MH-10359,O9-M1279
43582,MH-21482,O9-M1280
17566,MH-10564,O9-M1281
21431,MH-12608,O9-M1282
21432,MH-12609,O9-M1283
19649,MH-11688,O9-M1284
14146,MH-8691,O9-M1285
14147,MH-8692,O9-M1286
2844,MH-1857,O9-M1287
2796,MH-1825,O9-M1288
2229,MH-1451,O9-M1289
10105,MH-6391,O9-M1290
19537,MH-11630,O9-M1291
20571,MH-12171,O9-M1292
19738,MH-11733,O9-M1293
27661,MH-15218,O9-M1294
41235,MH-20969,O9-M1295
19536,MH-11629,O9-M1296
21060,MH-12425,O9-M1297
19739,MH-11734,O9-M1298
5910,MH-3855,O9-M1299
14752,MH-9020,O9-M1300
36450,MH-19173,O9-M1301
11252,MH-7066,O9-M1302
11253,MH-7067,O9-M1303
19379,MH-11543,O9-M1304
11147,MH-7002,O9-M1305
11146,MH-7001,O9-M1306
20918,MH-12353,O9-M1307
37134,MH-19473,O9-M1308
37133,MH-19472,O9-M1309
21247,MH-12515,O9-M1310
35043,MH-18599,O9-M1311
6480,MH-4216,O9-M1312
44450,MH-21614,O9-M1313
3848,MH-2514,O9-M1314
17082,MH-10300,O9-M1315
17083,MH-10301,O9-M1316
39648,MH-20447,O9-M1317
3024,MH-1975,O9-M1318
23764,MH-13689,O9-M1319
223,MH-124,O9-M1320
37203,MH-19503,O9-M1321
3649,MH-2384,O9-M1322
20781,MH-12282,O9-M1323
20782,MH-12283,O9-M1324
29067,MH-15802,O9-M1325
38741,MH-20126,O9-M1326
18417,MH-11026,O9-M1327
18418,MH-11027,O9-M1328
4414,MH-2881,O9-M1329
4415,MH-2882,O9-M1330
8675,MH-5529,O9-M1331
38033,MH-19852,O9-M1332
33402,MH-17840,O9-M1333
27780,MH-15263,O9-M1334
16933,MH-10217,O9-M1335
16934,MH-10218,O9-M1336
39308,MH-20320,O9-M1337
39309,MH-20321,O9-M1338
11512,MH-7220,O9-M1339
11513,MH-7221,O9-M1340
22612,MH-13165,O9-M1341
20552,MH-12161,O9-M1342
32651,MH-17474,O9-M1343
8674,MH-5528,O9-M1344
278608,MH-22954,O9-M1345
278606,MH-22953,O9-M1346
278604,MH-22952,O9-M1347
42428,MH-21267,O9-M1348
278020,MH-22781,O9-M1349
278021,MH-22782,O9-M1350
278023,MH-22783,O9-M1351
1064,MH-681,O9-M1352
7197,MH-4657,O9-M1353
7196,MH-4656,O9-M1354
46077,MH-21805,O9-M1355
46500,MH-21842,O9-M1356
29370,MH-15923,O9-M1357
10232,MH-6467,O9-M1358
10231,MH-6466,O9-M1359
41870,MH-21125,O9-M1360
41869,MH-21124,O9-M1361
4541,MH-2965,O9-M1362
28199,MH-15428,O9-M1363
28200,MH-15429,O9-M1364
33948,MH-18101,O9-M1365
33949,MH-18102,O9-M1366
31347,MH-16834,O9-M1367
30703,MH-16529,O9-M1368
30704,MH-16530,O9-M1369
33458,MH-17865,O9-M1370
33459,MH-17866,O9-M1371
30862,MH-16603,O9-M1372
680,MH-426,O9-M1373
20813,MH-12299,O9-M1374
20556,MH-12163,O9-M1375
15390,MH-9365,O9-M1376
5781,MH-3771,O9-M1377
17418,MH-10484,O9-M1378
1161,MH-745,O9-M1379
31809,MH-17057,O9-M1380
31810,MH-17058,O9-M1381
4031,MH-2633,O9-M1382
6186,MH-4031,O9-M1383
6185,MH-4030,O9-M1384
18959,MH-11311,O9-M1385
11338,MH-7117,O9-M1386
32316,MH-17304,O9-M1387
22794,MH-13249,O9-M1388
22795,MH-13250,O9-M1389
38031,MH-19851,O9-M1390
20008,MH-11882,O9-M1391
20009,MH-11883,O9-M1392
23045,MH-13367,O9-M1393
20557,MH-12164,O9-M1394
8664,MH-5522,O9-M1395
8665,MH-5523,O9-M1396
33590,MH-17925,O9-M1397
11240,MH-7059,O9-M1398
17417,MH-10483,O9-M1399
42551,MH-21293,O9-M1400
30827,MH-16585,O9-M1401
30997,MH-16671,O9-M1402
36427,MH-19165,O9-M1403
8010,MH-5137,O9-M1404
8011,MH-5138,O9-M1405
19997,MH-11876,O9-M1406
11617,MH-7286,O9-M1407
24530,MH-14021,O9-M1408
24531,MH-14022,O9-M1409
38570,MH-20061,O9-M1410
8826,MH-5619,O9-M1411
8827,MH-5620,O9-M1412
1478,MH-956,O9-M1413
39483,MH-20389,O9-M1414
34862,MH-18522,O9-M1415
21492,MH-12636,O9-M1416
23029,MH-13359,O9-M1417
5660,MH-3693,O9-M1418
5659,MH-3692,O9-M1419
23877,MH-13739,O9-M1420
40181,MH-20628,O9-M1421
1911,MH-1241,O9-M1422
29311,MH-15900,O9-M1423
39133,MH-20257,O9-M1424
4866,MH-3174,O9-M1425
19054,MH-11364,O9-M1426
26335,MH-14729,O9-M1427
21493,MH-12637,O9-M1428
42604,MH-21304,O9-M1429
19055,MH-11365,O9-M1430
20864,MH-12325,O9-M1431
4870,MH-3177,O9-M1432
4869,MH-3176,O9-M1433
27348,MH-15096,O9-M1434
11473,MH-7197,O9-M1435
11472,MH-7196,O9-M1436
12356,MH-7711,O9-M1437
27415,MH-15120,O9-M1438
12850,MH-7987,O9-M1439
12849,MH-7986,O9-M1440
11015,MH-6925,O9-M1441
11014,MH-6924,O9-M1442
22050,MH-12904,O9-M1443
21133,MH-12459,O9-M1444
21134,MH-12460,O9-M1445
21592,MH-12688,O9-M1446
21593,MH-12689,O9-M1447
12154,MH-7599,O9-M1448
36976,MH-19401,O9-M1449
41672,MH-21080,O9-M1450
26478,MH-14773,O9-M1451
23643,MH-13634,O9-M1452
3115,MH-2034,O9-M1453
13715,MH-8469,O9-M1454
18530,MH-11084,O9-M1455
6921,MH-4489,O9-M1456
6922,MH-4490,O9-M1457
25278,MH-14328,O9-M1458
23591,MH-13610,O9-M1459
23592,MH-13611,O9-M1460
27851,MH-15292,O9-M1461
18529,MH-11083,O9-M1462
39413,MH-20360,O9-M1463
3114,MH-2033,O9-M1464
29533,MH-15998,O9-M1465
13714,MH-8468,O9-M1466
23164,MH-13422,O9-M1467
2393,MH-1559,O9-M1468
19399,MH-11552,O9-M1469
4211,MH-2749,O9-M1470
4210,MH-2748,O9-M1471
30155,MH-16280,O9-M1472
30156,MH-16281,O9-M1473
10499,MH-6621,O9-M1474
10500,MH-6622,O9-M1475
29240,MH-15874,O9-M1476
30127,MH-16269,O9-M1477
20312,MH-12039,O9-M1478
19808,MH-11773,O9-M1479
20335,MH-12050,O9-M1480
4965,MH-3239,O9-M1481
11592,MH-7270,O9-M1482
11593,MH-7271,O9-M1483
3068,MH-2003,O9-M1484
891,MH-566,O9-M1485
17641,MH-10606,O9-M1486
17642,MH-10607,O9-M1487
20927,MH-12358,O9-M1488
20926,MH-12357,O9-M1489
19148,MH-11415,O9-M1490
21346,MH-12566,O9-M1491
21347,MH-12567,O9-M1492
22315,MH-13027,O9-M1493
22316,MH-13028,O9-M1494
19874,MH-11809,O9-M1495
25234,MH-14310,O9-M1496
38657,MH-20098,O9-M1497
43374,MH-21450,O9-M1498
11367,MH-7134,O9-M1499
22300,MH-13022,O9-M1500
22301,MH-13023,O9-M1501
23758,MH-13686,O9-M1502
37121,MH-19465,O9-M1503
17086,MH-10302,O9-M1504
39789,MH-20495,O9-M1505
21848,MH-12808,O9-M1506
19873,MH-11808,O9-M1507
18560,MH-11102,O9-M1508
18559,MH-11101,O9-M1509
6725,MH-4370,O9-M1510
7774,MH-5000,O9-M1511
36686,MH-19272,O9-M1512
36544,MH-19209,O9-M1513
36543,MH-19208,O9-M1514
42476,MH-21276,O9-M1515
43411,MH-21458,O9-M1516
19147,MH-11414,O9-M1517
25499,MH-14418,O9-M1518
16724,MH-10102,O9-M1519
23936,MH-13764,O9-M1520
23587,MH-13608,O9-M1521
23588,MH-13609,O9-M1522
25078,MH-14254,O9-M1523
24241,MH-13892,O9-M1524
24242,MH-13893,O9-M1525
24746,MH-14118,O9-M1526
24907,MH-14185,O9-M1527
20727,MH-12256,O9-M1528
20728,MH-12257,O9-M1529
38662,MH-20100,O9-M1530
16700,MH-10088,O9-M1531
16701,MH-10089,O9-M1532
16723,MH-10101,O9-M1533
37183,MH-19495,O9-M1534
37091,MH-19452,O9-M1535
16802,MH-10144,O9-M1536
24876,MH-14171,O9-M1537
25508,MH-14422,O9-M1538
38028,MH-19850,O9-M1539
15952,MH-9679,O9-M1540
15953,MH-9680,O9-M1541
36769,MH-19307,O9-M1542
16086,MH-9747,O9-M1543
16087,MH-9748,O9-M1544
19767,MH-11751,O9-M1545
20982,MH-12387,O9-M1546
20983,MH-12388,O9-M1547
9087,MH-5778,O9-M1548
12155,MH-7600,O9-M1549
24665,MH-14084,O9-M1550
14257,MH-8753,O9-M1551
11404,MH-7156,O9-M1552
6224,MH-4056,O9-M1553
6372,MH-4149,O9-M1554
14467,MH-8866,O9-M1555
7270,MH-4700,O9-M1556
2922,MH-1908,O9-M1557
1306,MH-841,O9-M1558
5428,MH-3541,O9-M1559
5427,MH-3540,O9-M1560
26364,MH-14740,O9-M1561
4786,MH-3122,O9-M1562
4787,MH-3123,O9-M1563
1598,MH-1035,O9-M1564
24736,MH-14114,O9-M1565
20649,MH-12212,O9-M1566
20650,MH-12213,O9-M1567
38539,MH-20051,O9-M1568
1494,MH-966,O9-M1569
16315,MH-9875,O9-M1570
33874,MH-18068,O9-M1571
40623,MH-20772,O9-M1572
16361,MH-9900,O9-M1573
28789,MH-15691,O9-M1574
2297,MH-1495,O9-M1575
24392,MH-13963,O9-M1576
3851,MH-2516,O9-M1577
6337,MH-4126,O9-M1578
20075,MH-11913,O9-M1579
26532,MH-14789,O9-M1580
24128,MH-13844,O9-M1581
6223,MH-4055,O9-M1582
32866,MH-17574,O9-M1583
26126,MH-14656,O9-M1584
21108,MH-12448,O9-M1585
15937,MH-9671,O9-M1586
15936,MH-9670,O9-M1587
31354,MH-16838,O9-M1588
6371,MH-4148,O9-M1589
22266,MH-13005,O9-M1590
7269,MH-4699,O9-M1591
18954,MH-11310,O9-M1592
29588,MH-16018,O9-M1593
29589,MH-16019,O9-M1594
6202,MH-4041,O9-M1595
6203,MH-4042,O9-M1596
19628,MH-11680,O9-M1597
41970,MH-21152,O9-M1598
21304,MH-12543,O9-M1599
38205,MH-19922,O9-M1600
19254,MH-11473,O9-M1601
19255,MH-11474,O9-M1602
39183,MH-20275,O9-M1603
16624,MH-10045,O9-M1604
16625,MH-10046,O9-M1605
9028,MH-5743,O9-M1606
8942,MH-5691,O9-M1607
8835,MH-5625,O9-M1608
23954,MH-13773,O9-M1609
34943,MH-18555,O9-M1610
2459,MH-1603,O9-M1611
26767,MH-14877,O9-M1612
38376,MH-19990,O9-M1613
13610,MH-8407,O9-M1614
13611,MH-8408,O9-M1615
35288,MH-18711,O9-M1616
17228,MH-10381,O9-M1617
17229,MH-10382,O9-M1618
19637,MH-11684,O9-M1619
18567,MH-11106,O9-M1620
18566,MH-11105,O9-M1621
24622,MH-14064,O9-M1622
20682,MH-12230,O9-M1623
38177,MH-19911,O9-M1624
38178,MH-19912,O9-M1625
24297,MH-13920,O9-M1626
20683,MH-12231,O9-M1627
21305,MH-12544,O9-M1628
25203,MH-14300,O9-M1629
1129,MH-724,O9-M1630
24847,MH-14161,O9-M1631
23882,MH-13742,O9-M1632
23881,MH-13741,O9-M1633
23697,MH-13660,O9-M1634
23696,MH-13659,O9-M1635
26315,MH-14723,O9-M1636
25322,MH-14344,O9-M1637
24596,MH-14051,O9-M1638
24597,MH-14052,O9-M1639
918,MH-584,O9-M1640
17164,MH-10344,O9-M1641
17165,MH-10345,O9-M1642
24020,MH-13799,O9-M1643
2643,MH-1724,O9-M1644
38053,MH-19859,O9-M1645
15343,MH-9341,O9-M1646
2465,MH-1607,O9-M1647
28497,MH-15557,O9-M1648
36682,MH-19271,O9-M1649
16123,MH-9768,O9-M1650
16124,MH-9769,O9-M1651
24710,MH-14105,O9-M1652
37995,MH-19838,O9-M1653
3042,MH-1986,O9-M1654
17151,MH-10337,O9-M1655
16871,MH-10182,O9-M1656
16870,MH-10181,O9-M1657
41737,MH-21094,O9-M1658
25263,MH-14323,O9-M1659
17150,MH-10336,O9-M1660
35395,MH-18761,O9-M1661
26281,MH-14712,O9-M1662
16267,MH-9848,O9-M1663
24299,MH-13921,O9-M1664
45551,MH-21748,O9-M1665
16306,MH-9870,O9-M1666
16266,MH-9847,O9-M1667
38079,MH-19869,O9-M1668
23168,MH-13424,O9-M1669
16307,MH-9871,O9-M1670
1235,MH-794,O9-M1671
1236,MH-795,O9-M1672
17699,MH-10636,O9-M1673
30853,MH-16599,O9-M1674
15235,MH-9285,O9-M1675
12880,MH-8003,O9-M1676
12879,MH-8002,O9-M1677
35572,MH-18830,O9-M1678
27183,MH-15031,O9-M1679
27184,MH-15032,O9-M1680
23596,MH-13613,O9-M1681
23597,MH-13614,O9-M1682
23853,MH-13728,O9-M1683
23860,MH-13731,O9-M1684
25155,MH-14279,O9-M1685
23578,MH-13604,O9-M1686
23577,MH-13603,O9-M1687
25616,MH-14468,O9-M1688
24724,MH-14110,O9-M1689
22728,MH-13219,O9-M1690
24313,MH-13926,O9-M1691
24487,MH-14004,O9-M1692
40165,MH-20624,O9-M1693
15513,MH-9435,O9-M1694
36851,MH-19342,O9-M1695
36852,MH-19343,O9-M1696
12032,MH-7527,O9-M1697
12033,MH-7528,O9-M1698
37585,MH-19660,O9-M1699
40959,MH-20885,O9-M1700
11882,MH-7441,O9-M1701
11883,MH-7442,O9-M1702
24925,MH-14193,O9-M1703
24926,MH-14194,O9-M1704
22478,MH-13097,O9-M1705
23147,MH-13414,O9-M1706
37918,MH-19805,O9-M1707
15671,MH-9518,O9-M1708
16664,MH-10068,O9-M1709
26311,MH-14722,O9-M1710
37341,MH-19558,O9-M1711
16663,MH-10067,O9-M1712
19590,MH-11660,O9-M1713
19591,MH-11661,O9-M1714
24945,MH-14198,O9-M1715
24946,MH-14199,O9-M1716
19008,MH-11339,O9-M1717
19009,MH-11340,O9-M1718
24845,MH-14160,O9-M1719
26005,MH-14610,O9-M1720
15644,MH-9502,O9-M1721
15514,MH-9436,O9-M1722
19432,MH-11571,O9-M1723
19216,MH-11453,O9-M1724
19271,MH-11483,O9-M1725
19272,MH-11484,O9-M1726
22729,MH-13220,O9-M1727
19431,MH-11570,O9-M1728
19215,MH-11452,O9-M1729
15672,MH-9519,O9-M1730
27006,MH-14968,O9-M1731
38907,MH-20181,O9-M1732
15643,MH-9501,O9-M1733
21277,MH-12530,O9-M1734
21278,MH-12531,O9-M1735
19506,MH-11613,O9-M1736
19507,MH-11614,O9-M1737
25561,MH-14445,O9-M1738
18748,MH-11203,O9-M1739
18749,MH-11204,O9-M1740
17343,MH-10444,O9-M1741
24911,MH-14187,O9-M1742
4352,MH-2841,O9-M1743
15760,MH-9571,O9-M1744
24738,MH-14115,O9-M1745
24739,MH-14116,O9-M1746
19862,MH-11802,O9-M1747
19711,MH-11719,O9-M1748
25255,MH-14320,O9-M1749
24188,MH-13872,O9-M1750
24187,MH-13871,O9-M1751
24905,MH-14184,O9-M1752
24904,MH-14183,O9-M1753
25993,MH-14605,O9-M1754
20450,MH-12107,O9-M1755
24341,MH-13939,O9-M1756
24342,MH-13940,O9-M1757
21954,MH-12858,O9-M1758
4568,MH-2982,O9-M1759
21779,MH-12775,O9-M1760
24755,MH-14123,O9-M1761
24756,MH-14124,O9-M1762
23701,MH-13661,O9-M1763
23702,MH-13662,O9-M1764
37142,MH-19475,O9-M1765
24629,MH-14067,O9-M1766
20449,MH-12106,O9-M1767
27901,MH-15311,O9-M1768
27866,MH-15299,O9-M1769
19773,MH-11755,O9-M1770
26089,MH-14643,O9-M1771
19474,MH-11594,O9-M1772
26090,MH-14644,O9-M1773
22967,MH-13331,O9-M1774
19830,MH-11785,O9-M1775
19829,MH-11784,O9-M1776
19586,MH-11658,O9-M1777
15738,MH-9559,O9-M1778
23651,MH-13638,O9-M1779
21106,MH-12447,O9-M1780
18098,MH-10853,O9-M1781
17613,MH-10591,O9-M1782
7442,MH-4801,O9-M1783
13698,MH-8459,O9-M1784
13697,MH-8458,O9-M1785
19322,MH-11511,O9-M1786
6319,MH-4115,O9-M1787
11399,MH-7153,O9-M1788
18594,MH-11120,O9-M1789
2862,MH-1869,O9-M1790
24054,MH-13814,O9-M1791
26893,MH-14926,O9-M1792
36281,MH-19113,O9-M1793
36282,MH-19114,O9-M1794
7274,MH-4702,O9-M1795
7275,MH-4703,O9-M1796
15580,MH-9472,O9-M1797
40258,MH-20652,O9-M1798
28705,MH-15651,O9-M1799
9676,MH-6132,O9-M1800
6029,MH-3931,O9-M1801
6028,MH-3930,O9-M1802
23686,MH-13654,O9-M1803
23685,MH-13653,O9-M1804
2048,MH-1331,O9-M1805
15579,MH-9471,O9-M1806
35962,MH-18986,O9-M1807
3226,MH-2106,O9-M1808
14312,MH-8781,O9-M1809
13072,MH-8100,O9-M1810
13071,MH-8099,O9-M1811
6318,MH-4114,O9-M1812
4198,MH-2741,O9-M1813
4197,MH-2740,O9-M1814
27663,MH-15219,O9-M1815
30711,MH-16533,O9-M1816
35831,MH-18936,O9-M1817
19983,MH-11869,O9-M1818
15615,MH-9489,O9-M1819
36867,MH-19350,O9-M1820
36866,MH-19349,O9-M1821
24322,MH-13931,O9-M1822
43619,MH-21493,O9-M1823
41047,MH-20913,O9-M1824
41048,MH-20914,O9-M1825
7425,MH-4791,O9-M1826
7426,MH-4792,O9-M1827
41386,MH-21007,O9-M1828
40689,MH-20799,O9-M1829
7428,MH-4793,O9-M1830
7429,MH-4794,O9-M1831
10081,MH-6376,O9-M1832
47035,MH-21996,O9-M1833
47033,MH-21995,O9-M1834
24695,MH-14098,O9-M1835
22328,MH-13033,O9-M1836
20261,MH-12012,O9-M1837
20262,MH-12013,O9-M1838
13283,MH-8217,O9-M1839
13282,MH-8216,O9-M1840
10287,MH-6499,O9-M1841
25236,MH-14311,O9-M1842
20214,MH-11987,O9-M1843
20215,MH-11988,O9-M1844
12138,MH-7589,O9-M1845
12139,MH-7590,O9-M1846
22327,MH-13032,O9-M1847
39526,MH-20405,O9-M1848
20801,MH-12293,O9-M1849
22383,MH-13055,O9-M1850
38151,MH-19902,O9-M1851
19977,MH-11865,O9-M1852
10286,MH-6498,O9-M1853
25021,MH-14229,O9-M1854
29144,MH-15835,O9-M1855
18826,MH-11244,O9-M1856
18825,MH-11243,O9-M1857
2617,MH-1707,O9-M1858
2395,MH-1560,O9-M1859
754,MH-475,O9-M1860
38457,MH-20020,O9-M1861
24204,MH-13880,O9-M1862
24203,MH-13879,O9-M1863
44211,MH-21580,O9-M1864
44212,MH-21581,O9-M1865
11799,MH-7393,O9-M1866
11800,MH-7394,O9-M1867
14389,MH-8822,O9-M1868
36594,MH-19232,O9-M1869
35180,MH-18657,O9-M1870
35181,MH-18658,O9-M1871
44610,MH-21633,O9-M1872
44346,MH-21599,O9-M1873
44347,MH-21600,O9-M1874
36534,MH-19203,O9-M1875
36535,MH-19204,O9-M1876
44483,MH-21620,O9-M1877
20838,MH-12313,O9-M1878
627,MH-391,O9-M1879
507,MH-312,O9-M1880
381,MH-228,O9-M1881
256,MH-146,O9-M1882
41493,MH-21039,O9-M1883
25044,MH-14238,O9-M1884
35718,MH-18889,O9-M1885
24420,MH-13975,O9-M1886
36629,MH-19248,O9-M1887
24421,MH-13976,O9-M1888
38426,MH-20009,O9-M1889
24648,MH-14074,O9-M1890
16473,MH-9961,O9-M1891
26248,MH-14698,O9-M1892
17444,MH-10496,O9-M1893
21674,MH-12727,O9-M1894
21675,MH-12728,O9-M1895
12946,MH-8034,O9-M1896
12947,MH-8035,O9-M1897
17145,MH-10334,O9-M1898
17146,MH-10335,O9-M1899
10168,MH-6430,O9-M1900
2099,MH-1365,O9-M1901
6531,MH-4248,O9-M1902
45146,MH-21703,O9-M1903
45145,MH-21702,O9-M1904
45418,MH-21733,O9-M1905
13324,MH-8240,O9-M1906
13323,MH-8239,O9-M1907
29387,MH-15931,O9-M1908
24206,MH-13881,O9-M1909
14345,MH-8797,O9-M1910
14344,MH-8796,O9-M1911
27672,MH-15223,O9-M1912
35268,MH-18702,O9-M1913
17459,MH-10503,O9-M1914
17460,MH-10504,O9-M1915
24619,MH-14063,O9-M1916
35021,MH-18590,O9-M1917
36969,MH-19398,O9-M1918
1655,MH-1072,O9-M1919
17443,MH-10495,O9-M1920
25396,MH-14375,O9-M1921
24367,MH-13951,O9-M1922
20202,MH-11981,O9-M1923
20201,MH-11980,O9-M1924
25699,MH-14497,O9-M1925
20945,MH-12368,O9-M1926
20946,MH-12369,O9-M1927
20573,MH-12172,O9-M1928
20574,MH-12173,O9-M1929
21252,MH-12518,O9-M1930
14262,MH-8755,O9-M1931
14261,MH-8754,O9-M1932
42156,MH-21203,O9-M1933
26228,MH-14691,O9-M1934
45803,MH-21770,O9-M1935
5536,MH-3611,O9-M1936
5537,MH-3612,O9-M1937
7873,MH-5057,O9-M1938
46102,MH-21810,O9-M1939
5561,MH-3627,O9-M1940
5562,MH-3628,O9-M1941
6818,MH-4428,O9-M1942
7874,MH-5058,O9-M1943
22088,MH-12924,O9-M1944
10167,MH-6429,O9-M1945
38128,MH-19891,O9-M1946
38127,MH-19890,O9-M1947
25419,MH-14385,O9-M1948
539,MH-333,O9-M1949
8433,MH-5388,O9-M1950
38311,MH-19963,O9-M1951
45715,MH-21761,O9-M1952
17824,MH-10704,O9-M1953
17825,MH-10705,O9-M1954
19327,MH-11514,O9-M1955
41626,MH-21069,O9-M1956
38579,MH-20066,O9-M1957
38580,MH-20067,O9-M1958
42523,MH-21287,O9-M1959
24265,MH-13905,O9-M1960
17483,MH-10517,O9-M1961
17482,MH-10516,O9-M1962
23845,MH-13725,O9-M1963
23844,MH-13724,O9-M1964
24111,MH-13836,O9-M1965
11019,MH-6927,O9-M1966
24041,MH-13807,O9-M1967
44355,MH-21601,O9-M1968
36972,MH-19399,O9-M1969
27977,MH-15342,O9-M1970
27978,MH-15343,O9-M1971
41879,MH-21129,O9-M1972
41880,MH-21130,O9-M1973
19095,MH-11386,O9-M1974
19096,MH-11387,O9-M1975
2927,MH-1911,O9-M1976
45591,MH-21751,O9-M1977
36918,MH-19374,O9-M1978
36919,MH-19375,O9-M1979
18377,MH-11004,O9-M1980
18378,MH-11005,O9-M1981
36230,MH-19092,O9-M1982
16335,MH-9886,O9-M1983
16336,MH-9887,O9-M1984
16054,MH-9733,O9-M1985
15896,MH-9649,O9-M1986
15895,MH-9648,O9-M1987
36801,MH-19319,O9-M1988
16053,MH-9732,O9-M1989
37516,MH-19632,O9-M1990
14448,MH-8856,O9-M1991
40964,MH-20887,O9-M1992
16019,MH-9713,O9-M1993
16020,MH-9714,O9-M1994
46157,MH-21814,O9-M1995
15757,MH-9569,O9-M1996
15758,MH-9570,O9-M1997
37209,MH-19506,O9-M1998
15477,MH-9415,O9-M1999
15478,MH-9416,O9-M2000
23919,MH-13756,O9-M2001
23920,MH-13757,O9-M2002
14123,MH-8677,O9-M2003
3286,MH-2146,O9-M2004
23246,MH-13457,O9-M2005
26279,MH-14711,O9-M2006
38278,MH-19949,O9-M2007
34679,MH-18450,O9-M2008
34678,MH-18449,O9-M2009
45350,MH-21726,O9-M2010
26344,MH-14733,O9-M2011
26343,MH-14732,O9-M2012
43662,MH-21502,O9-M2013
43661,MH-21501,O9-M2014
38349,MH-19979,O9-M2015
11111,MH-6981,O9-M2016
11110,MH-6980,O9-M2017
12161,MH-7604,O9-M2018
4214,MH-2751,O9-M2019
25304,MH-14337,O9-M2020
2304,MH-1500,O9-M2021
35292,MH-18713,O9-M2022
35293,MH-18714,O9-M2023
5665,MH-3696,O9-M2024
5666,MH-3697,O9-M2025
24994,MH-14220,O9-M2026
203453,MH-22598,O9-M2027
23347,MH-13501,O9-M2028
20429,MH-12097,O9-M2029
9504,MH-6029,O9-M2030
41748,MH-21097,O9-M2031
46060,MH-21802,O9-M2032
37811,MH-19759,O9-M2033
37503,MH-19626,O9-M2034
278289,MH-22854,O9-M2035
36199,MH-19078,O9-M2036
36566,MH-19220,O9-M2037
278269,MH-22847,O9-M2038
278267,MH-22846,O9-M2039
278265,MH-22845,O9-M2040
23286,MH-13474,O9-M2041
23287,MH-13475,O9-M2042
25317,MH-14342,O9-M2043
278283,MH-16891-4,O9-M2044
278282,MH-16891-3,O9-M2045
278281,MH-16891-2,O9-M2046
278280,MH-16891-1,O9-M2047
31465,MH-16891,O9-M2048
6495,MH-4226,O9-M2049
6496,MH-4227,O9-M2050
16772,MH-10128,O9-M2051
20098,MH-11925,O9-M2052
5270,MH-3438,O9-M2053
5271,MH-3439,O9-M2054
1560,MH-1010,O9-M2055
1559,MH-1009,O9-M2056
33618,MH-17939,O9-M2057
8491,MH-5420,O9-M2058
8110,MH-5198,O9-M2059
8111,MH-5199,O9-M2060
1571,MH-1017,O9-M2061
22839,MH-13273,O9-M2062
18174,MH-10895,O9-M2063
5632,MH-3674,O9-M2064
9572,MH-6072,O9-M2065
2008,MH-1305,O9-M2066
10635,MH-6698,O9-M2067
237,MH-133,O9-M2068
3140,MH-2050,O9-M2069
17696,MH-10635,O9-M2070
4726,MH-3083,O9-M2071
4090,MH-2671,O9-M2072
8777,MH-5591,O9-M2073
8778,MH-5592,O9-M2074
465,MH-284,O9-M2075
30386,MH-16383,O9-M2076
27504,MH-15156,O9-M2077
203450,MH-22597,O9-M2078
25157,MH-14280,O9-M2079
29313,MH-15901,O9-M2080
20581,MH-12177,O9-M2081
17802,MH-10692,O9-M2082
17801,MH-10691,O9-M2083
18303,MH-10964,O9-M2084
24984,MH-14215,O9-M2085
30644,MH-16505,O9-M2086
1173,MH-753,O9-M2087
4723,MH-3081,O9-M2088
21084,MH-12437,O9-M2089
21532,MH-12657,O9-M2090
27796,MH-15269,O9-M2091
11232,MH-7054,O9-M2092
11233,MH-7055,O9-M2093
22164,MH-12961,O9-M2094
15247,MH-9292,O9-M2095
38137,MH-19895,O9-M2096
34072,MH-18159,O9-M2097
34073,MH-18160,O9-M2098
35769,MH-18913,O9-M2099
34611,MH-18417,O9-M2100
34612,MH-18418,O9-M2101
33761,MH-18012,O9-M2102
31989,MH-17140,O9-M2103
31990,MH-17141,O9-M2104
17941,MH-10769,O9-M2105
23243,MH-13456,O9-M2106
21699,MH-12739,O9-M2107
15246,MH-9291,O9-M2108
19243,MH-11467,O9-M2109
43614,MH-21492,O9-M2110
32657,MH-17476,O9-M2111
33631,MH-17946,O9-M2112
34498,MH-18364,O9-M2113
34531,MH-18378,O9-M2114
34328,MH-18282,O9-M2115
33693,MH-17976,O9-M2116
32347,MH-17322,O9-M2117
32348,MH-17323,O9-M2118
31570,MH-16939,O9-M2119
18518,MH-11078,O9-M2120
18519,MH-11079,O9-M2121
28242,MH-15447,O9-M2122
4348,MH-2838,O9-M2123
4349,MH-2839,O9-M2124
31181,MH-16757,O9-M2125
19098,MH-11388,O9-M2126
2761,MH-1802,O9-M2127
17955,MH-10777,O9-M2128
301,MH-175,O9-M2129
15531,MH-9444,O9-M2130
41924,MH-21140,O9-M2131
22274,MH-13009,O9-M2132
8250,MH-5283,O9-M2133
8251,MH-5284,O9-M2134
29732,MH-16085,O9-M2135
21950,MH-12856,O9-M2136
10637,MH-6699,O9-M2137
10638,MH-6700,O9-M2138
22176,MH-12967,O9-M2139
33002,MH-17639,O9-M2140
31580,MH-16945,O9-M2141
21001,MH-12395,O9-M2142
21002,MH-12396,O9-M2143
18093,MH-10850,O9-M2144
302,MH-176,O9-M2145
25158,MH-14281,O9-M2146
28284,MH-15466,O9-M2147
26895,MH-14927,O9-M2148
1472,MH-952,O9-M2149
16251,MH-9838,O9-M2150
16252,MH-9839,O9-M2151
17475,MH-10512,O9-M2152
17474,MH-10511,O9-M2153
23277,MH-13470,O9-M2154
16392,MH-9917,O9-M2155
18302,MH-10963,O9-M2156
5728,MH-3737,O9-M2157
5727,MH-3736,O9-M2158
28450,MH-15534,O9-M2159
28449,MH-15533,O9-M2160
37648,MH-19688,O9-M2161
24259,MH-13902,O9-M2162
29100,MH-15814,O9-M2163
29101,MH-15815,O9-M2164
30197,MH-16300,O9-M2165
7517,MH-4845,O9-M2166
7518,MH-4846,O9-M2167
15409,MH-9375,O9-M2168
4213,MH-2750,O9-M2169
14124,MH-8678,O9-M2170
19439,MH-11575,O9-M2171
19438,MH-11574,O9-M2172
40568,MH-20754,O9-M2173
36326,MH-19128,O9-M2174
26291,MH-14714,O9-M2175
26937,MH-14942,O9-M2176
39905,MH-20534,O9-M2177
9460,MH-6002,O9-M2178
9461,MH-6003,O9-M2179
24952,MH-14202,O9-M2180
41600,MH-21065,O9-M2181
44278,MH-21590,O9-M2182
8336,MH-5333,O9-M2183
8337,MH-5334,O9-M2184
35364,MH-18749,O9-M2185
37268,MH-19530,O9-M2186
44060,MH-21555,O9-M2187
16278,MH-9854,O9-M2188
16279,MH-9855,O9-M2189
25265,MH-14324,O9-M2190
11630,MH-7294,O9-M2191
11162,MH-7011,O9-M2192
19611,MH-11672,O9-M2193
35363,MH-18748,O9-M2194
11629,MH-7293,O9-M2195
6644,MH-4320,O9-M2196
6645,MH-4321,O9-M2197
37224,MH-19512,O9-M2198
17469,MH-10508,O9-M2199
17470,MH-10509,O9-M2200
35277,MH-18706,O9-M2201
32797,MH-17542,O9-M2202
32798,MH-17543,O9-M2203
36514,MH-19195,O9-M2204
18092,MH-10849,O9-M2205
37502,MH-19625,O9-M2206
30029,MH-16222,O9-M2207
30028,MH-16221,O9-M2208
39946,MH-20547,O9-M2209
43598,MH-21488,O9-M2210
24339,MH-13938,O9-M2211
26858,MH-14909,O9-M2212
24166,MH-13862,O9-M2213
20519,MH-12144,O9-M2214
4002,MH-2615,O9-M2215
31886,MH-17094,O9-M2216
203456,MH-22599,O9-M2217
30284,MH-16341,O9-M2218
28618,MH-15616,O9-M2219
28619,MH-15617,O9-M2220
3989,MH-2606,O9-M2221
3990,MH-2607,O9-M2222
4220,MH-2755,O9-M2223
8507,MH-5430,O9-M2224
37469,MH-19612,O9-M2225
26495,MH-14779,O9-M2226
26171,MH-14672,O9-M2227
32311,MH-17301,O9-M2228
32312,MH-17302,O9-M2229
32522,MH-17412,O9-M2230
4219,MH-2754,O9-M2231
278275,MH-22849,O9-M2232
16767,MH-10125,O9-M2233
19359,MH-11532,O9-M2234
10276,MH-6492,O9-M2235
13188,MH-8163,O9-M2236
10277,MH-6493,O9-M2237
3879,MH-2534,O9-M2238
3880,MH-2535,O9-M2239
36822,MH-19327,O9-M2240
18948,MH-11306,O9-M2241
278272,MH-22848,O9-M2242
28845,MH-15714,O9-M2243
3578,MH-2337,O9-M2244
2201,MH-1433,O9-M2245
40117,MH-20607,O9-M2246
18949,MH-11307,O9-M2247
23952,MH-13772,O9-M2248
2153,MH-1401,O9-M2249
10700,MH-6737,O9-M2250
27694,MH-15232,O9-M2251
11684,MH-7326,O9-M2252
13365,MH-8263,O9-M2253
13366,MH-8264,O9-M2254
5380,MH-3509,O9-M2255
8490,MH-5419,O9-M2256
7158,MH-4632,O9-M2257
7157,MH-4631,O9-M2258
16617,MH-10041,O9-M2259
8714,MH-5551,O9-M2260
1284,MH-827,O9-M2261
1283,MH-826,O9-M2262
8869,MH-5646,O9-M2263
8868,MH-5645,O9-M2264
8413,MH-5377,O9-M2265
6270,MH-4084,O9-M2266
3905,MH-2551,O9-M2267
17675,MH-10626,O9-M2268
37445,MH-19601,O9-M2269
2185,MH-1422,O9-M2270
16616,MH-10040,O9-M2271
25518,MH-14427,O9-M2272
27685,MH-15229,O9-M2273
27287,MH-15070,O9-M2274
4490,MH-2931,O9-M2275
4491,MH-2932,O9-M2276
13585,MH-8394,O9-M2277
22880,MH-13293,O9-M2278
23315,MH-13487,O9-M2279
1103,MH-707,O9-M2280
2256,MH-1469,O9-M2281
2255,MH-1468,O9-M2282
24599,MH-14053,O9-M2283
24600,MH-14054,O9-M2284
28185,MH-15423,O9-M2285
25456,MH-14399,O9-M2286
37691,MH-19709,O9-M2287
27446,MH-15130,O9-M2288
25455,MH-14398,O9-M2289
18201,MH-10909,O9-M2290
217,MH-120,O9-M2291
18924,MH-11295,O9-M2292
304,MH-177,O9-M2293
12447,MH-7763,O9-M2294
12446,MH-7762,O9-M2295
26635,MH-14830,O9-M2296
26634,MH-14829,O9-M2297
3282,MH-2143,O9-M2298
27220,MH-15047,O9-M2299
40917,MH-20870,O9-M2300
2723,MH-1777,O9-M2301
2724,MH-1778,O9-M2302
24981,MH-14213,O9-M2303
24982,MH-14214,O9-M2304
30528,MH-16449,O9-M2305
30529,MH-16450,O9-M2306
43430,MH-21459,O9-M2307
30222,MH-16314,O9-M2308
26053,MH-14630,O9-M2309
1131,MH-725,O9-M2310
4943,MH-3225,O9-M2311
7080,MH-4583,O9-M2312
7079,MH-4582,O9-M2313
27192,MH-15036,O9-M2314
13722,MH-8472,O9-M2315
39986,MH-20559,O9-M2316
18173,MH-10894,O9-M2317
5199,MH-3392,O9-M2318
11504,MH-7216,O9-M2319
29567,MH-16009,O9-M2320
29634,MH-16039,O9-M2321
5213,MH-3401,O9-M2322
5212,MH-3400,O9-M2323
2135,MH-1389,O9-M2324
26765,MH-14876,O9-M2325
14287,MH-8766,O9-M2326
5633,MH-3675,O9-M2327
21929,MH-12846,O9-M2328
17201,MH-10366,O9-M2329
17200,MH-10365,O9-M2330
29530,MH-15997,O9-M2331
43081,MH-21396,O9-M2332
8542,MH-5450,O9-M2333
8543,MH-5451,O9-M2334
5639,MH-3679,O9-M2335
5638,MH-3678,O9-M2336
21411,MH-12597,O9-M2337
16133,MH-9773,O9-M2338
16134,MH-9774,O9-M2339
4757,MH-3103,O9-M2340
4758,MH-3104,O9-M2341
15601,MH-9483,O9-M2342
13589,MH-8396,O9-M2343
24610,MH-14058,O9-M2344
31141,MH-16738,O9-M2345
15558,MH-9458,O9-M2346
15557,MH-9457,O9-M2347
43403,MH-21456,O9-M2348
21568,MH-12676,O9-M2349
27769,MH-15258,O9-M2350
1815,MH-1178,O9-M2351
17654,MH-10614,O9-M2352
7857,MH-5047,O9-M2353
7858,MH-5048,O9-M2354
23521,MH-13580,O9-M2355
34985,MH-18574,O9-M2356
34986,MH-18575,O9-M2357
22890,MH-13297,O9-M2358
18132,MH-10871,O9-M2359
18131,MH-10870,O9-M2360
8348,MH-5341,O9-M2361
8347,MH-5340,O9-M2362
28835,MH-15711,O9-M2363
28834,MH-15710,O9-M2364
36680,MH-19270,O9-M2365
36679,MH-19269,O9-M2366
10425,MH-6580,O9-M2367
10424,MH-6579,O9-M2368
2554,MH-1666,O9-M2369
12898,MH-8011,O9-M2370
941,MH-599,O9-M2371
31956,MH-17125,O9-M2372
31955,MH-17124,O9-M2373
32128,MH-17208,O9-M2374
35249,MH-18690,O9-M2375
35248,MH-18689,O9-M2376
32436,MH-17369,O9-M2377
30946,MH-16644,O9-M2378
30931,MH-16636,O9-M2379
843,MH-534,O9-M2380
844,MH-535,O9-M2381
34051,MH-18149,O9-M2382
20028,MH-11894,O9-M2383
6706,MH-4359,O9-M2384
6705,MH-4358,O9-M2385
8248,MH-5282,O9-M2386
2712,MH-1770,O9-M2387
10859,MH-6830,O9-M2388
10860,MH-6831,O9-M2389
28949,MH-15757,O9-M2390
12263,MH-7660,O9-M2391
10915,MH-6864,O9-M2392
17784,MH-10682,O9-M2393
40115,MH-20606,O9-M2394
13433,MH-8303,O9-M2395
13434,MH-8304,O9-M2396
795,MH-502,O9-M2397
13581,MH-8392,O9-M2398
37392,MH-19580,O9-M2399
38286,MH-19952,O9-M2400
29687,MH-16065,O9-M2401
278297,MH-22855,O9-M2402
11755,MH-7368,O9-M2403
11754,MH-7367,O9-M2404
1870,MH-1214,O9-M2405
35358,MH-18746,O9-M2406
37480,MH-19617,O9-M2407
19339,MH-11521,O9-M2408
19340,MH-11522,O9-M2409
30605,MH-16486,O9-M2410
30606,MH-16487,O9-M2411
6229,MH-4059,O9-M2412
129,MH-62,O9-M2413
28220,MH-15437,O9-M2414
277246,MH-22636,O9-M2415
28221,MH-15438,O9-M2416
36010,MH-19004,O9-M2417
22256,MH-13001,O9-M2418
22257,MH-13002,O9-M2419
23567,MH-13599,O9-M2420
3163,MH-2065,O9-M2421
3164,MH-2066,O9-M2422
20995,MH-12392,O9-M2423
20996,MH-12393,O9-M2424
1795,MH-1165,O9-M2425
7884,MH-5064,O9-M2426
7883,MH-5063,O9-M2427
39715,MH-20476,O9-M2428
40397,MH-20699,O9-M2429
9840,MH-6233,O9-M2430
2953,MH-1928,O9-M2431
2952,MH-1927,O9-M2432
32095,MH-17193,O9-M2433
32094,MH-17192,O9-M2434
22392,MH-13059,O9-M2435
325,MH-191,O9-M2436
24098,MH-13831,O9-M2437
20954,MH-12373,O9-M2438
20955,MH-12374,O9-M2439
23043,MH-13366,O9-M2440
22774,MH-13240,O9-M2441
17969,MH-10784,O9-M2442
17968,MH-10783,O9-M2443
37904,MH-19799,O9-M2444
22079,MH-12919,O9-M2445
22080,MH-12920,O9-M2446
21163,MH-12475,O9-M2447
277237,MH-22633,O9-M2448
20066,MH-11909,O9-M2449
20067,MH-11910,O9-M2450
15592,MH-9478,O9-M2451
7950,MH-5104,O9-M2452
7949,MH-5103,O9-M2453
19927,MH-11837,O9-M2454
8387,MH-5363,O9-M2455
19233,MH-11461,O9-M2456
16901,MH-10198,O9-M2457
16902,MH-10199,O9-M2458
5061,MH-3302,O9-M2459
5062,MH-3303,O9-M2460
11701,MH-7336,O9-M2461
26860,MH-14910,O9-M2462
205,MH-112,O9-M2463
18943,MH-11304,O9-M2464
10615,MH-6687,O9-M2465
7387,MH-4768,O9-M2466
7388,MH-4769,O9-M2467
10614,MH-6686,O9-M2468
15383,MH-9361,O9-M2469
15384,MH-9362,O9-M2470
28261,MH-15455,O9-M2471
40543,MH-20748,O9-M2472
16105,MH-9759,O9-M2473
25056,MH-14244,O9-M2474
3517,MH-2297,O9-M2475
3516,MH-2296,O9-M2476
36405,MH-19158,O9-M2477
16524,MH-9988,O9-M2478
16523,MH-9987,O9-M2479
6227,MH-4058,O9-M2480
6226,MH-4057,O9-M2481
277766,MH-22712,O9-M2482
22848,MH-13278,O9-M2483
5047,MH-3293,O9-M2484
5046,MH-3292,O9-M2485
24482,MH-14002,O9-M2486
22744,MH-13228,O9-M2487
21805,MH-12786,O9-M2488
24124,MH-13842,O9-M2489
24123,MH-13841,O9-M2490
43545,MH-21473,O9-M2491
8563,MH-5463,O9-M2492
8562,MH-5462,O9-M2493
16104,MH-9758,O9-M2494
16709,MH-10094,O9-M2495
1206,MH-775,O9-M2496
22166,MH-12962,O9-M2497
28981,MH-15769,O9-M2498
13662,MH-8438,O9-M2499
15454,MH-9401,O9-M2500
15455,MH-9402,O9-M2501
29182,MH-15851,O9-M2502
23241,MH-13455,O9-M2503
32709,MH-17500,O9-M2504
38903,MH-20179,O9-M2505
39602,MH-20430,O9-M2506
28980,MH-15768,O9-M2507
13661,MH-8437,O9-M2508
44677,MH-21643,O9-M2509
5023,MH-3277,O9-M2510
6423,MH-4180,O9-M2511
6422,MH-4179,O9-M2512
22863,MH-13286,O9-M2513
15092,MH-9207,O9-M2514
21271,MH-12528,O9-M2515
22277,MH-13011,O9-M2516
30214,MH-16310,O9-M2517
10506,MH-6625,O9-M2518
4601,MH-3003,O9-M2519
4600,MH-3002,O9-M2520
15091,MH-9206,O9-M2521
30125,MH-16268,O9-M2522
28813,MH-15701,O9-M2523
28812,MH-15700,O9-M2524
23608,MH-13618,O9-M2525
22276,MH-13010,O9-M2526
8183,MH-5241,O9-M2527
10274,MH-6491,O9-M2528
10273,MH-6490,O9-M2529
22650,MH-13182,O9-M2530
22577,MH-13147,O9-M2531
22576,MH-13146,O9-M2532
11545,MH-7241,O9-M2533
11544,MH-7240,O9-M2534
22779,MH-13242,O9-M2535
25398,MH-14376,O9-M2536
15667,MH-9516,O9-M2537
25270,MH-14326,O9-M2538
22649,MH-13181,O9-M2539
44412,MH-21608,O9-M2540
31116,MH-16726,O9-M2541
40230,MH-20642,O9-M2542
21804,MH-12785,O9-M2543
31115,MH-16725,O9-M2544
28454,MH-15535,O9-M2545
277243,MH-22635,O9-M2546
28455,MH-15536,O9-M2547
9136,MH-5808,O9-M2548
9137,MH-5809,O9-M2549
14760,MH-9025,O9-M2550
548,MH-339,O9-M2551
5630,MH-3673,O9-M2552
15666,MH-9515,O9-M2553
47179,MH-22045,O9-M2554
24548,MH-14031,O9-M2555
24547,MH-14030,O9-M2556
28562,MH-15588,O9-M2557
32572,MH-17435,O9-M2558
30159,MH-16282,O9-M2559
30662,MH-16513,O9-M2560
9979,MH-6315,O9-M2561
42854,MH-21347,O9-M2562
9839,MH-6232,O9-M2563
25798,MH-14532,O9-M2564
7449,MH-4805,O9-M2565
7450,MH-4806,O9-M2566
25797,MH-14531,O9-M2567
37447,MH-19602,O9-M2568
11709,MH-7341,O9-M2569
23230,MH-13450,O9-M2570
24120,MH-13840,O9-M2571
37616,MH-19675,O9-M2572
25769,MH-14521,O9-M2573
25768,MH-14520,O9-M2574
16986,MH-10247,O9-M2575
9173,MH-5829,O9-M2576
9174,MH-5830,O9-M2577
19778,MH-11758,O9-M2578
471,MH-288,O9-M2579
897,MH-570,O9-M2580
10565,MH-6658,O9-M2581
10564,MH-6657,O9-M2582
27683,MH-15228,O9-M2583
27682,MH-15227,O9-M2584
3948,MH-2579,O9-M2585
3949,MH-2580,O9-M2586
18014,MH-10808,O9-M2587
32827,MH-17556,O9-M2588
19150,MH-11416,O9-M2589
19151,MH-11417,O9-M2590
15173,MH-9251,O9-M2591
15174,MH-9252,O9-M2592
15586,MH-9475,O9-M2593
36623,MH-19245,O9-M2594
17653,MH-10613,O9-M2595
34874,MH-18527,O9-M2596
29166,MH-15844,O9-M2597
29167,MH-15845,O9-M2598
35710,MH-18886,O9-M2599
18902,MH-11284,O9-M2600
16737,MH-10110,O9-M2601
7019,MH-4547,O9-M2602
7020,MH-4548,O9-M2603
6570,MH-4273,O9-M2604
6571,MH-4274,O9-M2605
40861,MH-20852,O9-M2606
4916,MH-3207,O9-M2607
22172,MH-12965,O9-M2608
14514,MH-8891,O9-M2609
14515,MH-8892,O9-M2610
3960,MH-2587,O9-M2611
3961,MH-2588,O9-M2612
20043,MH-11900,O9-M2613
29353,MH-15916,O9-M2614
17185,MH-10356,O9-M2615
40962,MH-20886,O9-M2616
28936,MH-15754,O9-M2617
24220,MH-13886,O9-M2618
20235,MH-12000,O9-M2619
26672,MH-14841,O9-M2620
26673,MH-14842,O9-M2621
41481,MH-21036,O9-M2622
11120,MH-6986,O9-M2623
20234,MH-11999,O9-M2624
39756,MH-20484,O9-M2625
17167,MH-10346,O9-M2626
17168,MH-10347,O9-M2627
12444,MH-7761,O9-M2628
28764,MH-15680,O9-M2629
9187,MH-5838,O9-M2630
9188,MH-5839,O9-M2631
12443,MH-7760,O9-M2632
40127,MH-20610,O9-M2633
20402,MH-12085,O9-M2634
21293,MH-12538,O9-M2635
21160,MH-12474,O9-M2636
7780,MH-5003,O9-M2637
27575,MH-15187,O9-M2638
17184,MH-10355,O9-M2639
25840,MH-14548,O9-M2640
20522,MH-12146,O9-M2641
20521,MH-12145,O9-M2642
9166,MH-5825,O9-M2643
9165,MH-5824,O9-M2644
42495,MH-21281,O9-M2645
19078,MH-11377,O9-M2646
1814,MH-1177,O9-M2647
24533,MH-14023,O9-M2648
19397,MH-11551,O9-M2649
14664,MH-8973,O9-M2650
14665,MH-8974,O9-M2651
18331,MH-10979,O9-M2652
18332,MH-10980,O9-M2653
36469,MH-19181,O9-M2654
44000,MH-21548,O9-M2655
18217,MH-10918,O9-M2656
18218,MH-10919,O9-M2657
14442,MH-8853,O9-M2658
14443,MH-8854,O9-M2659
37518,MH-19633,O9-M2660
35290,MH-18712,O9-M2661
17328,MH-10436,O9-M2662
17329,MH-10437,O9-M2663
20327,MH-12045,O9-M2664
33857,MH-18060,O9-M2665
33856,MH-18059,O9-M2666
7603,MH-4898,O9-M2667
7602,MH-4897,O9-M2668
3118,MH-2036,O9-M2669
3117,MH-2035,O9-M2670
7587,MH-4888,O9-M2671
7586,MH-4887,O9-M2672
12152,MH-7598,O9-M2673
38565,MH-20058,O9-M2674
13523,MH-8357,O9-M2675
13524,MH-8358,O9-M2676
38019,MH-19845,O9-M2677
37753,MH-19734,O9-M2678
37754,MH-19735,O9-M2679
34205,MH-18224,O9-M2680
34206,MH-18225,O9-M2681
4299,MH-2806,O9-M2682
4300,MH-2807,O9-M2683
13059,MH-8093,O9-M2684
34846,MH-18515,O9-M2685
34845,MH-18514,O9-M2686
9144,MH-5813,O9-M2687
9145,MH-5814,O9-M2688
31719,MH-17011,O9-M2689
31720,MH-17012,O9-M2690
2553,MH-1665,O9-M2691
1191,MH-765,O9-M2692
12024,MH-7523,O9-M2693
37245,MH-19522,O9-M2694
10784,MH-6785,O9-M2695
10785,MH-6786,O9-M2696
43728,MH-21516,O9-M2697
1948,MH-1265,O9-M2698
12023,MH-7522,O9-M2699
37166,MH-19486,O9-M2700
37165,MH-19485,O9-M2701
12277,MH-7668,O9-M2702
45595,MH-21752,O9-M2703
34658,MH-18439,O9-M2704
17980,MH-10790,O9-M2705
9123,MH-5800,O9-M2706
12151,MH-7597,O9-M2707
14779,MH-9035,O9-M2708
2486,MH-1621,O9-M2709
16426,MH-9936,O9-M2710
4840,MH-3158,O9-M2711
4839,MH-3157,O9-M2712
34426,MH-18331,O9-M2713
8193,MH-5248,O9-M2714
8192,MH-5247,O9-M2715
4442,MH-2900,O9-M2716
3132,MH-2045,O9-M2717
5577,MH-3638,O9-M2718
5576,MH-3637,O9-M2719
35366,MH-18750,O9-M2720
5700,MH-3719,O9-M2721
9147,MH-5815,O9-M2722
8187,MH-5244,O9-M2723
8186,MH-5243,O9-M2724
34809,MH-18504,O9-M2725
15418,MH-9380,O9-M2726
15417,MH-9379,O9-M2727
2485,MH-1620,O9-M2728
32140,MH-17212,O9-M2729
29249,MH-15878,O9-M2730
6099,MH-3976,O9-M2731
6098,MH-3975,O9-M2732
39335,MH-20327,O9-M2733
3830,MH-2502,O9-M2734
3829,MH-2501,O9-M2735
3193,MH-2085,O9-M2736
14906,MH-9103,O9-M2737
24439,MH-13982,O9-M2738
20053,MH-11904,O9-M2739
20054,MH-11905,O9-M2740
4441,MH-2899,O9-M2741
34496,MH-18363,O9-M2742
26319,MH-14724,O9-M2743
3131,MH-2044,O9-M2744
27118,MH-15012,O9-M2745
27117,MH-15011,O9-M2746
40797,MH-20832,O9-M2747
19912,MH-11828,O9-M2748
19913,MH-11829,O9-M2749
11306,MH-7098,O9-M2750
23896,MH-13746,O9-M2751
40226,MH-20640,O9-M2752
15763,MH-9573,O9-M2753
15764,MH-9574,O9-M2754
4990,MH-3255,O9-M2755
4991,MH-3256,O9-M2756
41272,MH-20978,O9-M2757
26017,MH-14616,O9-M2758
26018,MH-14617,O9-M2759
8626,MH-5499,O9-M2760
3155,MH-2060,O9-M2761
1943,MH-1262,O9-M2762
23452,MH-13547,O9-M2763
40047,MH-20581,O9-M2764
43022,MH-21380,O9-M2765
3154,MH-2059,O9-M2766
37510,MH-19629,O9-M2767
38996,MH-20207,O9-M2768
42010,MH-21163,O9-M2769
42055,MH-21174,O9-M2770
18050,MH-10826,O9-M2771
30419,MH-16398,O9-M2772
20725,MH-12255,O9-M2773
695,MH-436,O9-M2774
38323,MH-19968,O9-M2775
1860,MH-1208,O9-M2776
20387,MH-12078,O9-M2777
20724,MH-12254,O9-M2778
45449,MH-21736,O9-M2779
21894,MH-12829,O9-M2780
1334,MH-860,O9-M2781
4633,MH-3022,O9-M2782
16476,MH-9962,O9-M2783
914,MH-581,O9-M2784
14481,MH-8873,O9-M2785
14482,MH-8874,O9-M2786
22115,MH-12938,O9-M2787
2337,MH-1522,O9-M2788
2711,MH-1769,O9-M2789
34660,MH-18440,O9-M2790
37199,MH-19501,O9-M2791
7466,MH-4816,O9-M2792
11099,MH-6973,O9-M2793
11098,MH-6972,O9-M2794
16999,MH-10255,O9-M2795
16998,MH-10254,O9-M2796
24864,MH-14166,O9-M2797
24863,MH-14165,O9-M2798
8552,MH-5456,O9-M2799
8553,MH-5457,O9-M2800
787,MH-497,O9-M2801
7539,MH-4859,O9-M2802
28578,MH-15598,O9-M2803
28721,MH-15659,O9-M2804
28722,MH-15660,O9-M2805
6858,MH-4451,O9-M2806
6859,MH-4452,O9-M2807
7944,MH-5100,O9-M2808
7943,MH-5099,O9-M2809
10778,MH-6782,O9-M2810
10777,MH-6781,O9-M2811
34528,MH-18377,O9-M2812
14676,MH-8980,O9-M2813
10957,MH-6890,O9-M2814
10956,MH-6889,O9-M2815
4538,MH-2963,O9-M2816
4537,MH-2962,O9-M2817
34199,MH-18221,O9-M2818
36050,MH-19020,O9-M2819
8106,MH-5196,O9-M2820
20565,MH-12168,O9-M2821
34255,MH-18251,O9-M2822
34254,MH-18250,O9-M2823
12039,MH-7531,O9-M2824
3590,MH-2345,O9-M2825
3589,MH-2344,O9-M2826
34474,MH-18353,O9-M2827
11412,MH-7160,O9-M2828
11411,MH-7159,O9-M2829
34380,MH-18308,O9-M2830
38011,MH-19844,O9-M2831
37573,MH-19656,O9-M2832
34091,MH-18170,O9-M2833
34090,MH-18169,O9-M2834
35370,MH-18752,O9-M2835
6326,MH-4119,O9-M2836
6325,MH-4118,O9-M2837
33010,MH-17644,O9-M2838
6940,MH-4500,O9-M2839
21409,MH-12596,O9-M2840
14716,MH-9001,O9-M2841
14715,MH-9000,O9-M2842
37888,MH-19793,O9-M2843
17123,MH-10322,O9-M2844
15404,MH-9372,O9-M2845
15403,MH-9371,O9-M2846
18654,MH-11154,O9-M2847
155,MH-79,O9-M2848
13880,MH-8557,O9-M2849
23418,MH-13530,O9-M2850
9034,MH-5747,O9-M2851
5218,MH-3404,O9-M2852
5217,MH-3403,O9-M2853
35068,MH-18609,O9-M2854
30652,MH-16509,O9-M2855
15482,MH-9418,O9-M2856
23133,MH-13408,O9-M2857
8424,MH-5383,O9-M2858
18292,MH-10957,O9-M2859
18293,MH-10958,O9-M2860
23500,MH-13570,O9-M2861
9339,MH-5930,O9-M2862
9340,MH-5931,O9-M2863
9217,MH-5857,O9-M2864
16121,MH-9767,O9-M2865
11984,MH-7501,O9-M2866
4477,MH-2923,O9-M2867
8423,MH-5382,O9-M2868
35316,MH-18726,O9-M2869
34917,MH-18543,O9-M2870
17753,MH-10665,O9-M2871
17754,MH-10666,O9-M2872
40722,MH-20806,O9-M2873
28031,MH-15364,O9-M2874
20920,MH-12354,O9-M2875
24140,MH-13851,O9-M2876
24139,MH-13850,O9-M2877
5810,MH-3790,O9-M2878
5809,MH-3789,O9-M2879
12905,MH-8013,O9-M2880
903,MH-574,O9-M2881
17534,MH-10547,O9-M2882
34305,MH-18271,O9-M2883
16868,MH-10180,O9-M2884
16867,MH-10179,O9-M2885
27743,MH-15249,O9-M2886
6729,MH-4373,O9-M2887
15080,MH-9199,O9-M2888
15081,MH-9200,O9-M2889
25312,MH-14339,O9-M2890
39427,MH-20365,O9-M2891
17634,MH-10602,O9-M2892
2997,MH-1957,O9-M2893
39565,MH-20416,O9-M2894
17739,MH-10658,O9-M2895
17740,MH-10659,O9-M2896
42693,MH-21325,O9-M2897
29028,MH-15788,O9-M2898
31284,MH-16804,O9-M2899
3030,MH-1979,O9-M2900
3029,MH-1978,O9-M2901
37857,MH-19779,O9-M2902
23742,MH-13679,O9-M2903
22471,MH-13094,O9-M2904
420,MH-254,O9-M2905
9025,MH-5741,O9-M2906
8939,MH-5689,O9-M2907
8938,MH-5688,O9-M2908
419,MH-253,O9-M2909
38573,MH-20063,O9-M2910
278041,MH-22787,O9-M2911
278044,MH-22788,O9-M2912
38572,MH-20062,O9-M2913
28817,MH-15703,O9-M2914
29393,MH-15934,O9-M2915
29394,MH-15935,O9-M2916
278093,MH-22800,O9-M2917
278091,MH-22799,O9-M2918
1046,MH-669,O9-M2919
22533,MH-13124,O9-M2920
23981,MH-13784,O9-M2921
23982,MH-13785,O9-M2922
24118,MH-13839,O9-M2923
36277,MH-19111,O9-M2924
45092,MH-21696,O9-M2925
29676,MH-16059,O9-M2926
29677,MH-16060,O9-M2927
15571,MH-9466,O9-M2928
9694,MH-6143,O9-M2929
9695,MH-6144,O9-M2930
22792,MH-13248,O9-M2931
37486,MH-19619,O9-M2932
21599,MH-12692,O9-M2933
40263,MH-20653,O9-M2934
23391,MH-13517,O9-M2935
23392,MH-13518,O9-M2936
12722,MH-7914,O9-M2937
30068,MH-16239,O9-M2938
24521,MH-14017,O9-M2939
6981,MH-4525,O9-M2940
5024,MH-3278,O9-M2941
24520,MH-14016,O9-M2942
15308,MH-9324,O9-M2943
23120,MH-13403,O9-M2944
16558,MH-10007,O9-M2945
16559,MH-10008,O9-M2946
22532,MH-13123,O9-M2947
22783,MH-13243,O9-M2948
22784,MH-13244,O9-M2949
7023,MH-4550,O9-M2950
7022,MH-4549,O9-M2951
36845,MH-19340,O9-M2952
23778,MH-13696,O9-M2953
27225,MH-15049,O9-M2954
37454,MH-19605,O9-M2955
43326,MH-21442,O9-M2956
23104,MH-13395,O9-M2957
23105,MH-13396,O9-M2958
22973,MH-13334,O9-M2959
16726,MH-10103,O9-M2960
22901,MH-13303,O9-M2961
16727,MH-10104,O9-M2962
12969,MH-8046,O9-M2963
5336,MH-3480,O9-M2964
5335,MH-3479,O9-M2965
40276,MH-20657,O9-M2966
21526,MH-12654,O9-M2967
21527,MH-12655,O9-M2968
24624,MH-14065,O9-M2969
23993,MH-13790,O9-M2970
41017,MH-20906,O9-M2971
4452,MH-2906,O9-M2972
27008,MH-14969,O9-M2973
38617,MH-20080,O9-M2974
38616,MH-20079,O9-M2975
21333,MH-12559,O9-M2976
12608,MH-7853,O9-M2977
23658,MH-13640,O9-M2978
19195,MH-11441,O9-M2979
19194,MH-11440,O9-M2980
38485,MH-20032,O9-M2981
22827,MH-13267,O9-M2982
15516,MH-9437,O9-M2983
15517,MH-9438,O9-M2984
7520,MH-4847,O9-M2985
7521,MH-4848,O9-M2986
14232,MH-8738,O9-M2987
35914,MH-18969,O9-M2988
12607,MH-7852,O9-M2989
10302,MH-6508,O9-M2990
10301,MH-6507,O9-M2991
20217,MH-11989,O9-M2992
22776,MH-13241,O9-M2993
21425,MH-12605,O9-M2994
4453,MH-2907,O9-M2995
24938,MH-14196,O9-M2996
11466,MH-7193,O9-M2997
15552,MH-9454,O9-M2998
17351,MH-10449,O9-M2999
17350,MH-10448,O9-M3000
36787,MH-19314,O9-M3001
23992,MH-13789,O9-M3002
20621,MH-12198,O9-M3003
11465,MH-7192,O9-M3004
18630,MH-11140,O9-M3005
35280,MH-18707,O9-M3006
42128,MH-21195,O9-M3007
14279,MH-8761,O9-M3008
14280,MH-8762,O9-M3009
22826,MH-13266,O9-M3010
39167,MH-20269,O9-M3011
14094,MH-8664,O9-M3012
14095,MH-8665,O9-M3013
17795,MH-10688,O9-M3014
8000,MH-5132,O9-M3015
7455,MH-4809,O9-M3016
20716,MH-12250,O9-M3017
16695,MH-10085,O9-M3018
16694,MH-10084,O9-M3019
1109,MH-711,O9-M3020
7999,MH-5131,O9-M3021
38344,MH-19977,O9-M3022
40488,MH-20726,O9-M3023
41157,MH-20946,O9-M3024
41156,MH-20945,O9-M3025
7454,MH-4808,O9-M3026
44083,MH-21559,O9-M3027
40177,MH-20627,O9-M3028
40176,MH-20626,O9-M3029
35804,MH-18925,O9-M3030
22021,MH-12893,O9-M3031
21997,MH-12881,O9-M3032
22647,MH-13180,O9-M3033
13822,MH-8526,O9-M3034
33525,MH-17894,O9-M3035
33526,MH-17895,O9-M3036
34031,MH-18140,O9-M3037
28328,MH-15486,O9-M3038
14681,MH-8982,O9-M3039
12753,MH-7932,O9-M3040
12932,MH-8027,O9-M3041
30834,MH-16589,O9-M3042
278073,MH-22795,O9-M3043
278070,MH-22794,O9-M3044
35860,MH-18948,O9-M3045
43215,MH-21424,O9-M3046
36489,MH-19187,O9-M3047
17158,MH-10341,O9-M3048
3543,MH-2314,O9-M3049
31239,MH-16783,O9-M3050
15213,MH-9273,O9-M3051
15214,MH-9274,O9-M3052
22509,MH-13111,O9-M3053
22363,MH-13046,O9-M3054
22364,MH-13047,O9-M3055
13823,MH-8527,O9-M3056
9954,MH-6299,O9-M3057
9655,MH-6120,O9-M3058
17893,MH-10743,O9-M3059
17894,MH-10744,O9-M3060
278061,MH-22791,O9-M3061
278064,MH-22792,O9-M3062
278067,MH-22793,O9-M3063
17189,MH-10358,O9-M3064
9201,MH-5847,O9-M3065
9202,MH-5848,O9-M3066
11113,MH-6982,O9-M3067
9076,MH-5772,O9-M3068
9075,MH-5771,O9-M3069
2192,MH-1427,O9-M3070
2194,MH-1428,O9-M3071
22349,MH-13040,O9-M3072
12499,MH-7792,O9-M3073
9656,MH-6121,O9-M3074
21341,MH-12563,O9-M3075
30509,MH-16443,O9-M3076
29410,MH-15942,O9-M3077
34027,MH-18138,O9-M3078
34028,MH-18139,O9-M3079
34044,MH-18146,O9-M3080
34045,MH-18147,O9-M3081
43850,MH-21525,O9-M3082
30391,MH-16385,O9-M3083
8579,MH-5471,O9-M3084
8580,MH-5472,O9-M3085
34934,MH-18551,O9-M3086
36366,MH-19141,O9-M3087
22062,MH-12910,O9-M3088
12752,MH-7931,O9-M3089
3542,MH-2313,O9-M3090
19231,MH-11460,O9-M3091
6939,MH-4499,O9-M3092
33620,MH-17940,O9-M3093
4346,MH-2837,O9-M3094
4345,MH-2836,O9-M3095
6311,MH-4110,O9-M3096
6310,MH-4109,O9-M3097
33770,MH-18017,O9-M3098
7834,MH-5033,O9-M3099
19342,MH-11523,O9-M3100
11864,MH-7430,O9-M3101
11863,MH-7429,O9-M3102
15877,MH-9638,O9-M3103
15876,MH-9637,O9-M3104
10916,MH-6865,O9-M3105
16886,MH-10190,O9-M3106
140,MH-69,O9-M3107
7833,MH-5032,O9-M3108
27520,MH-15163,O9-M3109
24181,MH-13869,O9-M3110
29476,MH-15970,O9-M3111
34785,MH-18499,O9-M3112
2980,MH-1946,O9-M3113
8565,MH-5464,O9-M3114
18678,MH-11167,O9-M3115
6493,MH-4225,O9-M3116
25721,MH-14505,O9-M3117
11235,MH-7056,O9-M3118
4234,MH-2764,O9-M3119
4233,MH-2763,O9-M3120
4474,MH-2921,O9-M3121
7012,MH-4543,O9-M3122
15374,MH-9357,O9-M3123
15182,MH-9256,O9-M3124
18600,MH-11123,O9-M3125
36465,MH-19179,O9-M3126
12341,MH-7703,O9-M3127
12342,MH-7704,O9-M3128
503,MH-309,O9-M3129
9033,MH-5746,O9-M3130
17911,MH-10754,O9-M3131
24022,MH-13800,O9-M3132
7458,MH-4811,O9-M3133
40588,MH-20760,O9-M3134
39837,MH-20513,O9-M3135
10267,MH-6486,O9-M3136
10268,MH-6487,O9-M3137
277602,MH-22698,O9-M3138
11567,MH-7255,O9-M3139
2223,MH-1447,O9-M3140
12919,MH-8020,O9-M3141
23548,MH-13591,O9-M3142
13428,MH-8300,O9-M3143
13427,MH-8299,O9-M3144
20397,MH-12082,O9-M3145
25987,MH-14603,O9-M3146
25646,MH-14479,O9-M3147
13086,MH-8107,O9-M3148
5591,MH-3647,O9-M3149
19604,MH-11668,O9-M3150
19605,MH-11669,O9-M3151
8289,MH-5305,O9-M3152
8290,MH-5306,O9-M3153
13815,MH-8522,O9-M3154
13816,MH-8523,O9-M3155
24360,MH-13947,O9-M3156
24361,MH-13948,O9-M3157
27492,MH-15152,O9-M3158
1835,MH-1191,O9-M3159
1836,MH-1192,O9-M3160
3777,MH-2468,O9-M3161
3776,MH-2467,O9-M3162
36948,MH-19389,O9-M3163
36949,MH-19390,O9-M3164
4470,MH-2918,O9-M3165
4471,MH-2919,O9-M3166
23773,MH-13693,O9-M3167
26026,MH-14620,O9-M3168
15254,MH-9295,O9-M3169
15253,MH-9294,O9-M3170
45276,MH-21719,O9-M3171
37219,MH-19511,O9-M3172
5301,MH-3458,O9-M3173
5302,MH-3459,O9-M3174
29535,MH-15999,O9-M3175
4948,MH-3228,O9-M3176
33319,MH-17801,O9-M3177
30574,MH-16473,O9-M3178
277234,MH-22632,O9-M3179
29339,MH-15913,O9-M3180
4081,MH-2665,O9-M3181
10210,MH-6454,O9-M3182
18754,MH-11206,O9-M3183
20866,MH-12326,O9-M3184
17865,MH-10727,O9-M3185
16503,MH-9975,O9-M3186
16504,MH-9976,O9-M3187
278084,MH-22797,O9-M3188
278081,MH-22796,O9-M3189
23200,MH-13437,O9-M3190
18997,MH-11333,O9-M3191
22518,MH-13116,O9-M3192
22542,MH-13128,O9-M3193
22242,MH-12996,O9-M3194
3298,MH-2154,O9-M3195
33512,MH-17889,O9-M3196
29521,MH-15992,O9-M3197
6308,MH-4108,O9-M3198
5472,MH-3569,O9-M3199
9678,MH-6133,O9-M3200
278105,MH-22803,O9-M3201
278102,MH-22802,O9-M3202
22122,MH-12942,O9-M3203
30555,MH-16463,O9-M3204
16197,MH-9810,O9-M3205
17864,MH-10726,O9-M3206
23424,MH-13533,O9-M3207
16156,MH-9785,O9-M3208
24570,MH-14039,O9-M3209
23107,MH-13397,O9-M3210
25958,MH-14590,O9-M3211
16715,MH-10097,O9-M3212
16716,MH-10098,O9-M3213
19935,MH-11841,O9-M3214
18338,MH-10982,O9-M3215
18339,MH-10983,O9-M3216
20239,MH-12001,O9-M3217
20240,MH-12002,O9-M3218
39892,MH-20529,O9-M3219
18975,MH-11320,O9-M3220
18976,MH-11321,O9-M3221
21830,MH-12799,O9-M3222
21829,MH-12798,O9-M3223
39490,MH-20391,O9-M3224
45967,MH-21790,O9-M3225
41203,MH-20960,O9-M3226
41202,MH-20959,O9-M3227
22373,MH-13051,O9-M3228
1653,MH-1071,O9-M3229
1652,MH-1070,O9-M3230
8703,MH-5545,O9-M3231
18815,MH-11238,O9-M3232
27544,MH-15172,O9-M3233
42451,MH-21272,O9-M3234
42450,MH-21271,O9-M3235
7335,MH-4738,O9-M3236
7336,MH-4739,O9-M3237
8702,MH-5544,O9-M3238
21898,MH-12831,O9-M3239
27077,MH-14995,O9-M3240
39110,MH-20251,O9-M3241
18816,MH-11239,O9-M3242
18996,MH-11332,O9-M3243
40776,MH-20827,O9-M3244
22124,MH-12943,O9-M3245
26362,MH-14739,O9-M3246
22427,MH-13075,O9-M3247
22694,MH-13202,O9-M3248
22693,MH-13201,O9-M3249
10148,MH-6418,O9-M3250
10147,MH-6417,O9-M3251
41453,MH-21030,O9-M3252
41452,MH-21029,O9-M3253
26414,MH-14756,O9-M3254
26480,MH-14774,O9-M3255
5471,MH-3568,O9-M3256
27402,MH-15116,O9-M3257
42609,MH-21306,O9-M3258
22209,MH-12981,O9-M3259
9679,MH-6134,O9-M3260
278100,MH-22801,O9-M3261
18537,MH-11088,O9-M3262
4778,MH-3117,O9-M3263
4777,MH-3116,O9-M3264
28913,MH-15743,O9-M3265
29821,MH-16126,O9-M3266
29820,MH-16125,O9-M3267
34191,MH-18217,O9-M3268
18953,MH-11309,O9-M3269
21690,MH-12735,O9-M3270
12612,MH-7855,O9-M3271
12613,MH-7856,O9-M3272
35122,MH-18633,O9-M3273
36896,MH-19362,O9-M3274
28853,MH-15716,O9-M3275
24685,MH-14093,O9-M3276
20640,MH-12207,O9-M3277
35272,MH-18704,O9-M3278
18289,MH-10955,O9-M3279
18290,MH-10956,O9-M3280
2970,MH-1939,O9-M3281
2971,MH-1940,O9-M3282
278054,MH-22790,O9-M3283
278052,MH-22789,O9-M3284
30451,MH-16413,O9-M3285
26927,MH-14939,O9-M3286
23426,MH-13534,O9-M3287
639,MH-399,O9-M3288
2512,MH-1638,O9-M3289
42966,MH-21370,O9-M3290
45317,MH-21722,O9-M3291
5925,MH-3865,O9-M3292
5924,MH-3864,O9-M3293
38719,MH-20117,O9-M3294
24686,MH-14094,O9-M3295
38207,MH-19923,O9-M3296
25075,MH-14253,O9-M3297
15961,MH-9684,O9-M3298
15960,MH-9683,O9-M3299
23284,MH-13473,O9-M3300
4391,MH-2866,O9-M3301
4390,MH-2865,O9-M3302
40278,MH-20658,O9-M3303
1003,MH-640,O9-M3304
20639,MH-12206,O9-M3305
14708,MH-8996,O9-M3306
29949,MH-16184,O9-M3307
29950,MH-16185,O9-M3308
14707,MH-8995,O9-M3309
23332,MH-13494,O9-M3310
23333,MH-13495,O9-M3311
27000,MH-14965,O9-M3312
37349,MH-19561,O9-M3313
30412,MH-16395,O9-M3314
30411,MH-16394,O9-M3315
15891,MH-9646,O9-M3316
26375,MH-14743,O9-M3317
32233,MH-17265,O9-M3318
17414,MH-10482,O9-M3319
1193,MH-766,O9-M3320
36940,MH-19385,O9-M3321
36939,MH-19384,O9-M3322
34411,MH-18324,O9-M3323
34410,MH-18323,O9-M3324
40618,MH-20770,O9-M3325
41942,MH-21144,O9-M3326
41941,MH-21143,O9-M3327
46005,MH-21796,O9-M3328
41313,MH-20988,O9-M3329
39955,MH-20551,O9-M3330
39954,MH-20550,O9-M3331
45129,MH-21701,O9-M3332
35446,MH-18782,O9-M3333
3043,MH-1987,O9-M3334
5767,MH-3762,O9-M3335
36380,MH-19147,O9-M3336
42911,MH-21357,O9-M3337
15890,MH-9645,O9-M3338
28042,MH-15368,O9-M3339
42748,MH-21334,O9-M3340
14413,MH-8836,O9-M3341
23232,MH-13451,O9-M3342
2425,MH-1580,O9-M3343
2426,MH-1581,O9-M3344
26886,MH-14923,O9-M3345
402,MH-242,O9-M3346
4864,MH-3173,O9-M3347
22522,MH-13118,O9-M3348
17153,MH-10338,O9-M3349
17154,MH-10339,O9-M3350
27231,MH-15051,O9-M3351
21073,MH-12432,O9-M3352
28466,MH-15541,O9-M3353
28467,MH-15542,O9-M3354
28043,MH-15369,O9-M3355
35506,MH-18807,O9-M3356
1760,MH-1142,O9-M3357
25672,MH-14485,O9-M3358
906,MH-576,O9-M3359
1019,MH-651,O9-M3360
19287,MH-11492,O9-M3361
26545,MH-14795,O9-M3362
21072,MH-12431,O9-M3363
22462,MH-13089,O9-M3364
23755,MH-13685,O9-M3365
15315,MH-9327,O9-M3366
956,MH-609,O9-M3367
40737,MH-20811,O9-M3368
375,MH-224,O9-M3369
36317,MH-19125,O9-M3370
41403,MH-21012,O9-M3371
8048,MH-5160,O9-M3372
8047,MH-5159,O9-M3373
40036,MH-20577,O9-M3374
40035,MH-20576,O9-M3375
36923,MH-19377,O9-M3376
23145,MH-13413,O9-M3377
16262,MH-9845,O9-M3378
16261,MH-9844,O9-M3379
37705,MH-19716,O9-M3380
25586,MH-14456,O9-M3381
15467,MH-9409,O9-M3382
15466,MH-9408,O9-M3383
38630,MH-20086,O9-M3384
24456,MH-13991,O9-M3385
24996,MH-14221,O9-M3386
24052,MH-13813,O9-M3387
24385,MH-13960,O9-M3388
24731,MH-14111,O9-M3389
3459,MH-2259,O9-M3390
25014,MH-14228,O9-M3391
23762,MH-13688,O9-M3392
24914,MH-14189,O9-M3393
24913,MH-14188,O9-M3394
939,MH-598,O9-M3395
36591,MH-19231,O9-M3396
16158,MH-9786,O9-M3397
165,MH-86,O9-M3398
23387,MH-13516,O9-M3399
23386,MH-13515,O9-M3400
42847,MH-21346,O9-M3401
16518,MH-9984,O9-M3402
16519,MH-9985,O9-M3403
39620,MH-20437,O9-M3404
16210,MH-9816,O9-M3405
16211,MH-9817,O9-M3406
24957,MH-14204,O9-M3407
23979,MH-13783,O9-M3408
23867,MH-13734,O9-M3409
15427,MH-9386,O9-M3410
15426,MH-9385,O9-M3411
35510,MH-18809,O9-M3412
18233,MH-10926,O9-M3413
16201,MH-9812,O9-M3414
15190,MH-9260,O9-M3415
15189,MH-9259,O9-M3416
40891,MH-20861,O9-M3417
36243,MH-19098,O9-M3418
16394,MH-9918,O9-M3419
16395,MH-9919,O9-M3420
23399,MH-13521,O9-M3421
44612,MH-21634,O9-M3422
16200,MH-9811,O9-M3423
39980,MH-20557,O9-M3424
16040,MH-9725,O9-M3425
16041,MH-9726,O9-M3426
18232,MH-10925,O9-M3427
25583,MH-14455,O9-M3428
19108,MH-11393,O9-M3429
19109,MH-11394,O9-M3430
26370,MH-14742,O9-M3431
22120,MH-12941,O9-M3432
19289,MH-11493,O9-M3433
19290,MH-11494,O9-M3434
19411,MH-11559,O9-M3435
25409,MH-14381,O9-M3436
1936,MH-1257,O9-M3437
36697,MH-19277,O9-M3438
16258,MH-9842,O9-M3439
22119,MH-12940,O9-M3440
19410,MH-11558,O9-M3441
16259,MH-9843,O9-M3442
25668,MH-14484,O9-M3443
24884,MH-14175,O9-M3444
25709,MH-14500,O9-M3445
1801,MH-1169,O9-M3446
19635,MH-11683,O9-M3447
24418,MH-13974,O9-M3448
1839,MH-1194,O9-M3449
21015,MH-12403,O9-M3450
21016,MH-12404,O9-M3451
20875,MH-12331,O9-M3452
36369,MH-19142,O9-M3453
17175,MH-10349,O9-M3454
20694,MH-12238,O9-M3455
19459,MH-11586,O9-M3456
24631,MH-14068,O9-M3457
24051,MH-13812,O9-M3458
20874,MH-12330,O9-M3459
20693,MH-12237,O9-M3460
24885,MH-14176,O9-M3461
19458,MH-11585,O9-M3462
25238,MH-14312,O9-M3463
24455,MH-13990,O9-M3464
18513,MH-11077,O9-M3465
18859,MH-11260,O9-M3466
18860,MH-11261,O9-M3467
22765,MH-13236,O9-M3468
25936,MH-14584,O9-M3469
40696,MH-20801,O9-M3470
26601,MH-14817,O9-M3471
34833,MH-18510,O9-M3472
16532,MH-9993,O9-M3473
16533,MH-9994,O9-M3474
18512,MH-11076,O9-M3475
39478,MH-20387,O9-M3476
24801,MH-14144,O9-M3477
19771,MH-11754,O9-M3478
21934,MH-12848,O9-M3479
21935,MH-12849,O9-M3480
19770,MH-11753,O9-M3481
35497,MH-18802,O9-M3482
17386,MH-10468,O9-M3483
14250,MH-8749,O9-M3484
3256,MH-2126,O9-M3485
817,MH-517,O9-M3486
19673,MH-11700,O9-M3487
19674,MH-11701,O9-M3488
19953,MH-11851,O9-M3489
19954,MH-11852,O9-M3490
24879,MH-14172,O9-M3491
25187,MH-14293,O9-M3492
25188,MH-14294,O9-M3493
20091,MH-11921,O9-M3494
19556,MH-11641,O9-M3495
19557,MH-11642,O9-M3496
20092,MH-11922,O9-M3497
25849,MH-14552,O9-M3498
4004,MH-2616,O9-M3499
4005,MH-2617,O9-M3500
13520,MH-8355,O9-M3501
13521,MH-8356,O9-M3502
203477,MH-22605,O9-M3503
38347,MH-19978,O9-M3504
21468,MH-12625,O9-M3505
18122,MH-10866,O9-M3506
18123,MH-10867,O9-M3507
36780,MH-19312,O9-M3508
21467,MH-12624,O9-M3509
713,MH-448,O9-M3510
8798,MH-5602,O9-M3511
8797,MH-5601,O9-M3512
35973,MH-18990,O9-M3513
16285,MH-9858,O9-M3514
26973,MH-14954,O9-M3515
19332,MH-11517,O9-M3516
19331,MH-11516,O9-M3517
16286,MH-9859,O9-M3518
10144,MH-6415,O9-M3519
10145,MH-6416,O9-M3520
2808,MH-1833,O9-M3521
15097,MH-9210,O9-M3522
15098,MH-9211,O9-M3523
22259,MH-13003,O9-M3524
203480,MH-22606,O9-M3525
15424,MH-9384,O9-M3526
15423,MH-9383,O9-M3527
32368,MH-17334,O9-M3528
42238,MH-21223,O9-M3529
23337,MH-13497,O9-M3530
36339,MH-19133,O9-M3531
4371,MH-2853,O9-M3532
21004,MH-12397,O9-M3533
25127,MH-14270,O9-M3534
2807,MH-1832,O9-M3535
41056,MH-20917,O9-M3536
5530,MH-3607,O9-M3537
5531,MH-3608,O9-M3538
32014,MH-17152,O9-M3539
3733,MH-2439,O9-M3540
19124,MH-11401,O9-M3541
15576,MH-9469,O9-M3542
19421,MH-11565,O9-M3543
20670,MH-12224,O9-M3544
36035,MH-19015,O9-M3545
26393,MH-14749,O9-M3546
20669,MH-12223,O9-M3547
30086,MH-16248,O9-M3548
25533,MH-14431,O9-M3549
24892,MH-14179,O9-M3550
9268,MH-5888,O9-M3551
9267,MH-5887,O9-M3552
25506,MH-14421,O9-M3553
39628,MH-20440,O9-M3554
21455,MH-12618,O9-M3555
21456,MH-12619,O9-M3556
15986,MH-9697,O9-M3557
25294,MH-14332,O9-M3558
18692,MH-11174,O9-M3559
15987,MH-9698,O9-M3560
17133,MH-10327,O9-M3561
17134,MH-10328,O9-M3562
25475,MH-14407,O9-M3563
26255,MH-14701,O9-M3564
26775,MH-14879,O9-M3565
47126,MH-22027,O9-M3566
37959,MH-19824,O9-M3567
14971,MH-9138,O9-M3568
28168,MH-15416,O9-M3569
8462,MH-5404,O9-M3570
24689,MH-14095,O9-M3571
20567,MH-12169,O9-M3572
10733,MH-6755,O9-M3573
40952,MH-20882,O9-M3574
16821,MH-10154,O9-M3575
16822,MH-10155,O9-M3576
41717,MH-21089,O9-M3577
15872,MH-9635,O9-M3578
15873,MH-9636,O9-M3579
19126,MH-11402,O9-M3580
19127,MH-11403,O9-M3581
24766,MH-14129,O9-M3582
22214,MH-12983,O9-M3583
28340,MH-15490,O9-M3584
12063,MH-7545,O9-M3585
37170,MH-19488,O9-M3586
37169,MH-19487,O9-M3587
23662,MH-13642,O9-M3588
23663,MH-13643,O9-M3589
25602,MH-14463,O9-M3590
29198,MH-15857,O9-M3591
16556,MH-10006,O9-M3592
10010,MH-6333,O9-M3593
15354,MH-9347,O9-M3594
9814,MH-6216,O9-M3595
24433,MH-13980,O9-M3596
24432,MH-13979,O9-M3597
16587,MH-10024,O9-M3598
16586,MH-10023,O9-M3599
41648,MH-21075,O9-M3600
36249,MH-19101,O9-M3601
16897,MH-10196,O9-M3602
16898,MH-10197,O9-M3603
38090,MH-19874,O9-M3604
16826,MH-10157,O9-M3605
16827,MH-10158,O9-M3606
35847,MH-18942,O9-M3607
16734,MH-10108,O9-M3608
16735,MH-10109,O9-M3609
11484,MH-7203,O9-M3610
11485,MH-7204,O9-M3611
5368,MH-3501,O9-M3612
5369,MH-3502,O9-M3613
19356,MH-11530,O9-M3614
19357,MH-11531,O9-M3615
18017,MH-10809,O9-M3616
10011,MH-6334,O9-M3617
35215,MH-18674,O9-M3618
22686,MH-13198,O9-M3619
21731,MH-12753,O9-M3620
21732,MH-12754,O9-M3621
41951,MH-21147,O9-M3622
16215,MH-9819,O9-M3623
39687,MH-20462,O9-M3624
16403,MH-9923,O9-M3625
23823,MH-13716,O9-M3626
20123,MH-11936,O9-M3627
20124,MH-11937,O9-M3628
24480,MH-14001,O9-M3629
25213,MH-14304,O9-M3630
23770,MH-13692,O9-M3631
24470,MH-13997,O9-M3632
24471,MH-13998,O9-M3633
20094,MH-11923,O9-M3634
20095,MH-11924,O9-M3635
26141,MH-14662,O9-M3636
37293,MH-19539,O9-M3637
36307,MH-19122,O9-M3638
11159,MH-7009,O9-M3639
11160,MH-7010,O9-M3640
25425,MH-14387,O9-M3641
36735,MH-19294,O9-M3642
39434,MH-20367,O9-M3643
37682,MH-19704,O9-M3644
37683,MH-19705,O9-M3645
3238,MH-2114,O9-M3646
16339,MH-9889,O9-M3647
16516,MH-9983,O9-M3648
16216,MH-9820,O9-M3649
16404,MH-9924,O9-M3650
25345,MH-14355,O9-M3651
18912,MH-11290,O9-M3652
18911,MH-11289,O9-M3653
15599,MH-9482,O9-M3654
15598,MH-9481,O9-M3655
23872,MH-13736,O9-M3656
23873,MH-13737,O9-M3657
19336,MH-11519,O9-M3658
19656,MH-11691,O9-M3659
19657,MH-11692,O9-M3660
19337,MH-11520,O9-M3661
37940,MH-19815,O9-M3662
20985,MH-12389,O9-M3663
17176,MH-10350,O9-M3664
35242,MH-18686,O9-M3665
44454,MH-21615,O9-M3666
14249,MH-8748,O9-M3667
15192,MH-9261,O9-M3668
41322,MH-20990,O9-M3669
23891,MH-13745,O9-M3670
19105,MH-11391,O9-M3671
19106,MH-11392,O9-M3672
16234,MH-9831,O9-M3673
16233,MH-9830,O9-M3674
39769,MH-20489,O9-M3675
23727,MH-13673,O9-M3676
19027,MH-11350,O9-M3677
19026,MH-11349,O9-M3678
23726,MH-13672,O9-M3679
24276,MH-13910,O9-M3680
19140,MH-11410,O9-M3681
19141,MH-11411,O9-M3682
23143,MH-13412,O9-M3683
19815,MH-11777,O9-M3684
19816,MH-11778,O9-M3685
19259,MH-11476,O9-M3686
19260,MH-11477,O9-M3687
36168,MH-19065,O9-M3688
16338,MH-9888,O9-M3689
277573,O-16,O10
278715,MH-22987,O10-M1
278713,MH-22986,O10-M2
278711,MH-22985,O10-M3
36175,MH-19067,O10-M4
7511,MH-4841,O10-M5
7512,MH-4842,O10-M6
14416,MH-8838,O10-M7
18366,MH-10998,O10-M8
18250,MH-10935,O10-M9
20024,MH-11892,O10-M10
20023,MH-11891,O10-M11
36467,MH-19180,O10-M12
22560,MH-13139,O10-M13
47510,MH-22150,O10-M14
40831,MH-20842,O10-M15
29433,MH-15950,O10-M16
29434,MH-15951,O10-M17
42212,MH-21214,O10-M18
42213,MH-21215,O10-M19
46091,MH-21808,O10-M20
39692,MH-20465,O10-M21
39693,MH-20466,O10-M22
14697,MH-8989,O10-M23
14698,MH-8990,O10-M24
22807,MH-13256,O10-M25
41443,MH-21025,O10-M26
41444,MH-21026,O10-M27
26947,MH-14944,O10-M28
323,MH-190,O10-M29
16576,MH-10017,O10-M30
26450,MH-14767,O10-M31
18297,MH-10960,O10-M32
18298,MH-10961,O10-M33
2853,MH-1863,O10-M34
21145,MH-12466,O10-M35
14247,MH-8747,O10-M36
19413,MH-11560,O10-M37
19414,MH-11561,O10-M38
16792,MH-10138,O10-M39
329,MH-194,O10-M40
3882,MH-2536,O10-M41
3883,MH-2537,O10-M42
18412,MH-11024,O10-M43
657,MH-411,O10-M44
25503,MH-14419,O10-M45
25504,MH-14420,O10-M46
3088,MH-2016,O10-M47
16327,MH-9882,O10-M48
16328,MH-9883,O10-M49
25115,MH-14266,O10-M50
23213,MH-13444,O10-M51
23214,MH-13445,O10-M52
23266,MH-13467,O10-M53
23831,MH-13718,O10-M54
20291,MH-12026,O10-M55
20292,MH-12027,O10-M56
24465,MH-13994,O10-M57
40256,MH-20651,O10-M58
41228,MH-20967,O10-M59
15719,MH-9547,O10-M60
15718,MH-9546,O10-M61
34624,MH-18423,O10-M62
40634,MH-20776,O10-M63
25253,MH-14319,O10-M64
25252,MH-14318,O10-M65
36389,MH-19152,O10-M66
38808,MH-20148,O10-M67
33987,MH-18120,O10-M68
2599,MH-1695,O10-M69
4057,MH-2650,O10-M70
33730,MH-17995,O10-M71
33970,MH-18112,O10-M72
33227,MH-17750,O10-M73
33226,MH-17749,O10-M74
33093,MH-17682,O10-M75
14194,MH-8719,O10-M76
33092,MH-17681,O10-M77
33305,MH-17794,O10-M78
277919,MH-22754,O10-M79
277937,MH-22761,O10-M80
277934,MH-22760,O10-M81
277931,MH-22759,O10-M82
277928,MH-22758,O10-M83
277921,MH-22755,O10-M84
277923,MH-22756,O10-M85
277925,MH-22757,O10-M86
278756,MH-22993,O10-M87
36246,MH-19099,O10-M88
36247,MH-19100,O10-M89
34922,MH-18545,O10-M90
11086,MH-6965,O10-M91
11087,MH-6966,O10-M92
17578,MH-10571,O10-M93
17775,MH-10677,O10-M94
17776,MH-10678,O10-M95
24708,MH-14104,O10-M96
26161,MH-14668,O10-M97
24026,MH-13802,O10-M98
25117,MH-14267,O10-M99
25217,MH-14305,O10-M100
25190,MH-14295,O10-M101
35384,MH-18758,O10-M102
34854,MH-18519,O10-M103
16089,MH-9749,O10-M104
278766,MH-22994,O10-M105
278769,MH-22995,O10-M106
14744,MH-9015,O10-M107
24678,MH-14090,O10-M108
29389,MH-15932,O10-M109
24254,MH-13899,O10-M110
47149,MH-22033,O10-M111
10354,MH-6540,O10-M112
10353,MH-6539,O10-M113
36961,MH-19395,O10-M114
24679,MH-14091,O10-M115
27885,MH-15306,O10-M116
47152,MH-22034,O10-M117
2600,MH-1696,O10-M118
38651,MH-20095,O10-M119
19304,MH-11502,O10-M120
19305,MH-11503,O10-M121
42872,MH-21349,O10-M122
37435,MH-19595,O10-M123
37436,MH-19596,O10-M124
19494,MH-11606,O10-M125
19495,MH-11607,O10-M126
33304,MH-17793,O10-M127
33773,MH-18019,O10-M128
33772,MH-18018,O10-M129
42100,MH-21187,O10-M130
40731,MH-20809,O10-M131
40678,MH-20794,O10-M132
40677,MH-20793,O10-M133
40597,MH-20764,O10-M134
40596,MH-20763,O10-M135
40779,MH-20828,O10-M136
6577,MH-4278,O10-M137
14649,MH-8965,O10-M138
14648,MH-8964,O10-M139
29124,MH-15828,O10-M140
41241,MH-20971,O10-M141
39863,MH-20519,O10-M142
22737,MH-13224,O10-M143
22736,MH-13223,O10-M144
30698,MH-16527,O10-M145
39583,MH-20422,O10-M146
6576,MH-4277,O10-M147
21613,MH-12700,O10-M148
4331,MH-2827,O10-M149
15166,MH-9248,O10-M150
15165,MH-9247,O10-M151
24633,MH-14069,O10-M152
4330,MH-2826,O10-M153
35551,MH-18824,O10-M154
31746,MH-17024,O10-M155
46373,MH-21834,O10-M156
35080,MH-18613,O10-M157
35081,MH-18614,O10-M158
38761,MH-20133,O10-M159
12293,MH-7676,O10-M160
12294,MH-7677,O10-M161
29206,MH-15861,O10-M162
25342,MH-14353,O10-M163
25343,MH-14354,O10-M164
26293,MH-14715,O10-M165
21388,MH-12585,O10-M166
41159,MH-20947,O10-M167
14600,MH-8940,O10-M168
14601,MH-8941,O10-M169
772,MH-487,O10-M170
39481,MH-20388,O10-M171
41728,MH-21092,O10-M172
37531,MH-19639,O10-M173
37307,MH-19543,O10-M174
17551,MH-10556,O10-M175
17552,MH-10557,O10-M176
34939,MH-18553,O10-M177
34974,MH-18570,O10-M178
14710,MH-8997,O10-M179
37062,MH-19438,O10-M180
44820,MH-21662,O10-M181
3815,MH-2492,O10-M182
41223,MH-20965,O10-M183
41222,MH-20964,O10-M184
23565,MH-13598,O10-M185
18073,MH-10839,O10-M186
42424,MH-21265,O10-M187
35224,MH-18678,O10-M188
4801,MH-3132,O10-M189
4802,MH-3133,O10-M190
37137,MH-19474,O10-M191
16718,MH-10099,O10-M192
39747,MH-20483,O10-M193
17222,MH-10378,O10-M194
21389,MH-12586,O10-M195
40443,MH-20710,O10-M196
16667,MH-10069,O10-M197
14820,MH-9057,O10-M198
15395,MH-9368,O10-M199
15394,MH-9367,O10-M200
14819,MH-9056,O10-M201
35322,MH-18729,O10-M202
35323,MH-18730,O10-M203
15840,MH-9617,O10-M204
41646,MH-21074,O10-M205
8593,MH-5479,O10-M206
14767,MH-9029,O10-M207
14768,MH-9030,O10-M208
24829,MH-14155,O10-M209
38717,MH-20116,O10-M210
18249,MH-10934,O10-M211
20754,MH-12270,O10-M212
36463,MH-19178,O10-M213
37657,MH-19692,O10-M214
18365,MH-10997,O10-M215
47508,MH-22149,O10-M216
17062,MH-10289,O10-M217
17063,MH-10290,O10-M218
29286,MH-15892,O10-M219
43265,MH-21431,O10-M220
15000,MH-9152,O10-M221
15001,MH-9153,O10-M222
4982,MH-3250,O10-M223
4983,MH-3251,O10-M224
11368,MH-7135,O10-M225
19768,MH-11752,O10-M226
24017,MH-13798,O10-M227
23736,MH-13676,O10-M228
23632,MH-13628,O10-M229
23633,MH-13629,O10-M230
20324,MH-12043,O10-M231
17087,MH-10303,O10-M232
21849,MH-12809,O10-M233
19750,MH-11741,O10-M234
39793,MH-20496,O10-M235
39794,MH-20497,O10-M236
22141,MH-12951,O10-M237
24743,MH-14117,O10-M238
24082,MH-13826,O10-M239
20148,MH-11950,O10-M240
19990,MH-11872,O10-M241
1217,MH-782,O10-M242
9885,MH-6258,O10-M243
16304,MH-9869,O10-M244
20149,MH-11951,O10-M245
20325,MH-12044,O10-M246
15761,MH-9572,O10-M247
24949,MH-14200,O10-M248
47123,MH-22026,O10-M249
474,MH-290,O10-M250
23115,MH-13401,O10-M251
22993,MH-13342,O10-M252
9539,MH-6051,O10-M253
9540,MH-6052,O10-M254
17058,MH-10287,O10-M255
17057,MH-10286,O10-M256
11067,MH-6955,O10-M257
25183,MH-14291,O10-M258
24381,MH-13959,O10-M259
24355,MH-13945,O10-M260
24356,MH-13946,O10-M261
29076,MH-15804,O10-M262
24070,MH-13821,O10-M263
18575,MH-11110,O10-M264
24950,MH-14201,O10-M265
27628,MH-15206,O10-M266
15100,MH-9212,O10-M267
15101,MH-9213,O10-M268
47120,MH-22025,O10-M269
20195,MH-11976,O10-M270
20196,MH-11977,O10-M271
6156,MH-4013,O10-M272
23720,MH-13670,O10-M273
15286,MH-9311,O10-M274
15287,MH-9312,O10-M275
12727,MH-7917,O10-M276
12728,MH-7918,O10-M277
19712,MH-11720,O10-M278
19863,MH-11803,O10-M279
19587,MH-11659,O10-M280
23340,MH-13498,O10-M281
11066,MH-6954,O10-M282
37466,MH-19611,O10-M283
14246,MH-8746,O10-M284
28890,MH-15732,O10-M285
28891,MH-15733,O10-M286
37316,MH-19548,O10-M287
6507,MH-4233,O10-M288
1934,MH-1256,O10-M289
12644,MH-7873,O10-M290
12643,MH-7872,O10-M291
45269,MH-21717,O10-M292
35565,MH-18829,O10-M293
4252,MH-2776,O10-M294
20665,MH-12221,O10-M295
4914,MH-3206,O10-M296
4913,MH-3205,O10-M297
25665,MH-14483,O10-M298
21489,MH-12634,O10-M299
21490,MH-12635,O10-M300
18432,MH-11035,O10-M301
5784,MH-3773,O10-M302
18720,MH-11190,O10-M303
18721,MH-11191,O10-M304
44390,MH-21603,O10-M305
16956,MH-10231,O10-M306
16957,MH-10232,O10-M307
25105,MH-14264,O10-M308
19350,MH-11527,O10-M309
16348,MH-9894,O10-M310
23746,MH-13681,O10-M311
23747,MH-13682,O10-M312
24466,MH-13995,O10-M313
24693,MH-14097,O10-M314
19311,MH-11506,O10-M315
19312,MH-11507,O10-M316
27091,MH-15001,O10-M317
20666,MH-12222,O10-M318
21595,MH-12690,O10-M319
5783,MH-3772,O10-M320
11912,MH-7458,O10-M321
18936,MH-11301,O10-M322
10373,MH-6550,O10-M323
10374,MH-6551,O10-M324
15710,MH-9541,O10-M325
15648,MH-9504,O10-M326
20330,MH-12047,O10-M327
11461,MH-7190,O10-M328
22832,MH-13269,O10-M329
22833,MH-13270,O10-M330
21487,MH-12633,O10-M331
16347,MH-9893,O10-M332
299,MH-174,O10-M333
799,MH-505,O10-M334
4851,MH-3165,O10-M335
4852,MH-3166,O10-M336
25062,MH-14247,O10-M337
23494,MH-13568,O10-M338
23211,MH-13443,O10-M339
23209,MH-13442,O10-M340
4783,MH-3120,O10-M341
4784,MH-3121,O10-M342
44256,MH-21586,O10-M343
15827,MH-9610,O10-M344
15828,MH-9611,O10-M345
11911,MH-7457,O10-M346
23208,MH-13441,O10-M347
23430,MH-13536,O10-M348
23431,MH-13537,O10-M349
42235,MH-21222,O10-M350
15647,MH-9503,O10-M351
39097,MH-20247,O10-M352
23205,MH-13439,O10-M353
23206,MH-13440,O10-M354
20329,MH-12046,O10-M355
4387,MH-2863,O10-M356
1287,MH-829,O10-M357
18737,MH-11198,O10-M358
18714,MH-11186,O10-M359
18715,MH-11187,O10-M360
23092,MH-13390,O10-M361
23093,MH-13391,O10-M362
24158,MH-13859,O10-M363
18491,MH-11065,O10-M364
18492,MH-11066,O10-M365
1809,MH-1174,O10-M366
6514,MH-4237,O10-M367
1845,MH-1198,O10-M368
20141,MH-11946,O10-M369
20142,MH-11947,O10-M370
37700,MH-19714,O10-M371
46031,MH-21800,O10-M372
17717,MH-10646,O10-M373
17718,MH-10647,O10-M374
19051,MH-11362,O10-M375
19052,MH-11363,O10-M376
20735,MH-12260,O10-M377
20734,MH-12259,O10-M378
24626,MH-14066,O10-M379
22878,MH-13292,O10-M380
21957,MH-12859,O10-M381
21958,MH-12860,O10-M382
36889,MH-19358,O10-M383
8730,MH-5561,O10-M384
8731,MH-5562,O10-M385
34240,MH-18242,O10-M386
40656,MH-20786,O10-M387
37498,MH-19623,O10-M388
34336,MH-18287,O10-M389
38492,MH-20035,O10-M390
34337,MH-18288,O10-M391
37189,MH-19498,O10-M392
41505,MH-21042,O10-M393
41506,MH-21043,O10-M394
32467,MH-17386,O10-M395
32468,MH-17387,O10-M396
40527,MH-20743,O10-M397
39084,MH-20243,O10-M398
39085,MH-20244,O10-M399
37000,MH-19411,O10-M400
37001,MH-19412,O10-M401
32100,MH-17195,O10-M402
32101,MH-17196,O10-M403
33260,MH-17768,O10-M404
33261,MH-17769,O10-M405
34225,MH-18234,O10-M406
34226,MH-18235,O10-M407
32662,MH-17477,O10-M408
31218,MH-16775,O10-M409
4956,MH-3233,O10-M410
4957,MH-3234,O10-M411
33313,MH-17798,O10-M412
40728,MH-20807,O10-M413
40729,MH-20808,O10-M414
40977,MH-20893,O10-M415
5040,MH-3288,O10-M416
5041,MH-3289,O10-M417
18370,MH-11000,O10-M418
14581,MH-8929,O10-M419
14580,MH-8928,O10-M420
18371,MH-11001,O10-M421
27275,MH-15065,O10-M422
17959,MH-10779,O10-M423
277569,O-17,O11
23611,MH-13619,O11-M1
34430,MH-18332,O11-M2
40383,MH-20693,O11-M3
33373,MH-17827,O11-M4
21324,MH-12554,O11-M5
21325,MH-12555,O11-M6
37409,MH-19587,O11-M7
22405,MH-13065,O11-M8
22406,MH-13066,O11-M9
14112,MH-8671,O11-M10
9817,MH-6218,O11-M11
9816,MH-6217,O11-M12
17671,MH-10624,O11-M13
17670,MH-10623,O11-M14
41144,MH-20941,O11-M15
7069,MH-4576,O11-M16
15693,MH-9532,O11-M17
15694,MH-9533,O11-M18
5108,MH-3333,O11-M19
277907,MH-22741-8,O11-M20
277906,MH-22741-7,O11-M21
277905,MH-22741-6,O11-M22
277904,MH-22741-5,O11-M23
277903,MH-22741-4,O11-M24
277902,MH-22741-3,O11-M25
277901,MH-22741-2,O11-M26
277900,MH-22741-1,O11-M27
277887,MH-22741,O11-M28
277885,MH-22740,O11-M29
28624,MH-15619,O11-M30
20438,MH-12102,O11-M31
20822,MH-12304,O11-M32
19417,MH-11563,O11-M33
19416,MH-11562,O11-M34
2250,MH-1465,O11-M35
24447,MH-13986,O11-M36
24448,MH-13987,O11-M37
16765,MH-10124,O11-M38
27032,MH-14980,O11-M39
24398,MH-13967,O11-M40
24397,MH-13966,O11-M41
197,MH-107,O11-M42
258,MH-147,O11-M43
23513,MH-13576,O11-M44
23512,MH-13575,O11-M45
23753,MH-13684,O11-M46
33372,MH-17826,O11-M47
33994,MH-18123,O11-M48
33710,MH-17985,O11-M49
33709,MH-17984,O11-M50
36942,MH-19386,O11-M51
33432,MH-17855,O11-M52
33431,MH-17854,O11-M53
33451,MH-17863,O11-M54
33450,MH-17862,O11-M55
34262,MH-18253,O11-M56
33783,MH-18024,O11-M57
33247,MH-17761,O11-M58
43136,MH-21407,O11-M59
33246,MH-17760,O11-M60
33522,MH-17893,O11-M61
45314,MH-21721,O11-M62
33521,MH-17892,O11-M63
41066,MH-20921,O11-M64
41065,MH-20920,O11-M65
43294,MH-21436,O11-M66
43293,MH-21435,O11-M67
35138,MH-18639,O11-M68
35137,MH-18638,O11-M69
35871,MH-18954,O11-M70
35870,MH-18953,O11-M71
41830,MH-21114,O11-M72
277879,MH-22739,O11-M73
277876,MH-22738,O11-M74
277867,MH-22735,O11-M75
277870,MH-22736,O11-M76
277873,MH-22737,O11-M77
277865,MH-22734,O11-M78
277863,MH-22733,O11-M79
277861,MH-22732,O11-M80
10831,MH-6812,O11-M81
10832,MH-6813,O11-M82
5434,MH-3545,O11-M83
14686,MH-8985,O11-M84
14685,MH-8984,O11-M85
3937,MH-2572,O11-M86
3936,MH-2571,O11-M87
36943,MH-19387,O11-M88
4872,MH-3178,O11-M89
36080,MH-19033,O11-M90
34584,MH-18404,O11-M91
34543,MH-18386,O11-M92
34542,MH-18385,O11-M93
38714,MH-20115,O11-M94
39745,MH-20482,O11-M95
16631,MH-10049,O11-M96
23594,MH-13612,O11-M97
22418,MH-13072,O11-M98
22417,MH-13071,O11-M99
26274,MH-14709,O11-M100
41292,MH-20982,O11-M101
37595,MH-19665,O11-M102
5433,MH-3544,O11-M103
44409,MH-21607,O11-M104
23961,MH-13776,O11-M105
21365,MH-12576,O11-M106
15205,MH-9269,O11-M107
9592,MH-6083,O11-M108
9593,MH-6084,O11-M109
29725,MH-16081,O11-M110
26521,MH-14786,O11-M111
26520,MH-14785,O11-M112
29805,MH-16119,O11-M113
28954,MH-15760,O11-M114
9085,MH-5777,O11-M115
9084,MH-5776,O11-M116
29851,MH-16137,O11-M117
19241,MH-11466,O11-M118
7068,MH-4575,O11-M119
30793,MH-16570,O11-M120
4671,MH-3047,O11-M121
10756,MH-6769,O11-M122
28798,MH-15694,O11-M123
28797,MH-15693,O11-M124
31895,MH-17098,O11-M125
31894,MH-17097,O11-M126
40288,MH-20661,O11-M127
40703,MH-20802,O11-M128
8589,MH-5477,O11-M129
40161,MH-20622,O11-M130
46019,MH-21798,O11-M131
42580,MH-21300,O11-M132
31847,MH-17077,O11-M133
31846,MH-17076,O11-M134
37934,MH-19813,O11-M135
30722,MH-16538,O11-M136
20499,MH-12134,O11-M137
16048,MH-9729,O11-M138
1126,MH-722,O11-M139
1125,MH-721,O11-M140
39119,MH-20253,O11-M141
32882,MH-17583,O11-M142
8981,MH-5714,O11-M143
5956,MH-3884,O11-M144
5955,MH-3883,O11-M145
20206,MH-11983,O11-M146
36033,MH-19014,O11-M147
42585,MH-21301,O11-M148
37175,MH-19491,O11-M149
37174,MH-19490,O11-M150
41864,MH-21123,O11-M151
27295,MH-15073,O11-M152
27296,MH-15074,O11-M153
39684,MH-20461,O11-M154
31338,MH-16829,O11-M155
31339,MH-16830,O11-M156
37323,MH-19551,O11-M157
47107,MH-22023,O11-M158
28091,MH-15388,O11-M159
36980,MH-19402,O11-M160
3039,MH-1984,O11-M161
28090,MH-15387,O11-M162
30642,MH-16504,O11-M163
12422,MH-7749,O11-M164
12421,MH-7748,O11-M165
29813,MH-16122,O11-M166
27531,MH-15167,O11-M167
23797,MH-13705,O11-M168
24661,MH-14082,O11-M169
39881,MH-20524,O11-M170
37928,MH-19810,O11-M171
30480,MH-16427,O11-M172
30479,MH-16426,O11-M173
39701,MH-20470,O11-M174
34945,MH-18556,O11-M175
34946,MH-18557,O11-M176
42902,MH-21355,O11-M177
20204,MH-11982,O11-M178
20437,MH-12101,O11-M179
37774,MH-19743,O11-M180
23902,MH-13748,O11-M181
27062,MH-14988,O11-M182
23811,MH-13711,O11-M183
16204,MH-9814,O11-M184
16203,MH-9813,O11-M185
35635,MH-18856,O11-M186
25358,MH-14360,O11-M187
25357,MH-14359,O11-M188
20741,MH-12264,O11-M189
37059,MH-19437,O11-M190
37581,MH-19658,O11-M191
11000,MH-6915,O11-M192
11001,MH-6916,O11-M193
27141,MH-15019,O11-M194
28702,MH-15650,O11-M195
23396,MH-13519,O11-M196
23397,MH-13520,O11-M197
26011,MH-14613,O11-M198
41059,MH-20918,O11-M199
41498,MH-21041,O11-M200
13263,MH-8205,O11-M201
15797,MH-9594,O11-M202
15796,MH-9593,O11-M203
35103,MH-18625,O11-M204
27935,MH-15323,O11-M205
35528,MH-18815,O11-M206
13673,MH-8444,O11-M207
34991,MH-18577,O11-M208
15083,MH-9201,O11-M209
40639,MH-20778,O11-M210
40640,MH-20779,O11-M211
11476,MH-7198,O11-M212
11477,MH-7199,O11-M213
20740,MH-12263,O11-M214
47210,MH-22055,O11-M215
20821,MH-12303,O11-M216
37370,MH-19571,O11-M217
23903,MH-13749,O11-M218
19546,MH-11635,O11-M219
894,MH-568,O11-M220
863,MH-547,O11-M221
24512,MH-14012,O11-M222
19514,MH-11617,O11-M223
19515,MH-11618,O11-M224
19545,MH-11634,O11-M225
19727,MH-11727,O11-M226
2352,MH-1532,O11-M227
25547,MH-14438,O11-M228
20360,MH-12063,O11-M229
20359,MH-12062,O11-M230
24085,MH-13827,O11-M231
13264,MH-8206,O11-M232
15084,MH-9202,O11-M233
21665,MH-12723,O11-M234
23222,MH-13447,O11-M235
17593,MH-10580,O11-M236
17592,MH-10579,O11-M237
42022,MH-21166,O11-M238
13674,MH-8445,O11-M239
16764,MH-10123,O11-M240
41698,MH-21087,O11-M241
26419,MH-14758,O11-M242
25743,MH-14511,O11-M243
3390,MH-2214,O11-M244
25414,MH-14384,O11-M245
25355,MH-14358,O11-M246
41331,MH-20992,O11-M247
15933,MH-9668,O11-M248
15934,MH-9669,O11-M249
23203,MH-13438,O11-M250
25413,MH-14383,O11-M251
16219,MH-9822,O11-M252
16218,MH-9821,O11-M253
38999,MH-20208,O11-M254
25090,MH-14259,O11-M255
9935,MH-6288,O11-M256
9934,MH-6287,O11-M257
9890,MH-6261,O11-M258
9891,MH-6262,O11-M259
21391,MH-12587,O11-M260
8224,MH-5267,O11-M261
11658,MH-7310,O11-M262
22033,MH-12897,O11-M263
20455,MH-12110,O11-M264
20454,MH-12109,O11-M265
37968,MH-19826,O11-M266
39964,MH-20552,O11-M267
4465,MH-2915,O11-M268
4464,MH-2914,O11-M269
1321,MH-851,O11-M270
39664,MH-20455,O11-M271
39407,MH-20357,O11-M272
4641,MH-3027,O11-M273
30185,MH-16294,O11-M274
30184,MH-16293,O11-M275
36625,MH-19246,O11-M276
9606,MH-6091,O11-M277
1409,MH-910,O11-M278
39053,MH-20226,O11-M279
31383,MH-16854,O11-M280
31382,MH-16853,O11-M281
37677,MH-19703,O11-M282
37676,MH-19702,O11-M283
15325,MH-9332,O11-M284
9091,MH-5781,O11-M285
27317,MH-15085,O11-M286
39763,MH-20487,O11-M287
41531,MH-21048,O11-M288
27423,MH-15122,O11-M289
27422,MH-15121,O11-M290
32174,MH-17232,O11-M291
37764,MH-19739,O11-M292
37763,MH-19738,O11-M293
42490,MH-21280,O11-M294
33877,MH-18069,O11-M295
33878,MH-18070,O11-M296
33712,MH-17986,O11-M297
33713,MH-17987,O11-M298
34014,MH-18133,O11-M299
6199,MH-4039,O11-M300
6200,MH-4040,O11-M301
32117,MH-17203,O11-M302
32118,MH-17204,O11-M303
39185,MH-20276,O11-M304
38405,MH-20002,O11-M305
31780,MH-17040,O11-M306
31781,MH-17041,O11-M307
38970,MH-20199,O11-M308
36718,MH-19286,O11-M309
33793,MH-18029,O11-M310
33794,MH-18030,O11-M311
37864,MH-19782,O11-M312
42083,MH-21181,O11-M313
33817,MH-18040,O11-M314
33818,MH-18041,O11-M315
39471,MH-20384,O11-M316
39472,MH-20385,O11-M317
45907,MH-21782,O11-M318
34058,MH-18152,O11-M319
34059,MH-18153,O11-M320
41119,MH-20935,O11-M321
33125,MH-17699,O11-M322
33126,MH-17700,O11-M323
35313,MH-18724,O11-M324
35314,MH-18725,O11-M325
32630,MH-17462,O11-M326
36305,MH-19121,O11-M327
33036,MH-17658,O11-M328
33037,MH-17659,O11-M329
17464,MH-10506,O11-M330
13968,MH-8601,O11-M331
35757,MH-18907,O11-M332
35758,MH-18908,O11-M333
5970,MH-3892,O11-M334
25489,MH-14413,O11-M335
25490,MH-14414,O11-M336
9090,MH-5780,O11-M337
15485,MH-9420,O11-M338
15484,MH-9419,O11-M339
35692,MH-18879,O11-M340
35691,MH-18878,O11-M341
29854,MH-16138,O11-M342
36723,MH-19289,O11-M343
30707,MH-16531,O11-M344
28902,MH-15738,O11-M345
277570,O-9,O12
6896,MH-4474,O12-M1
16630,MH-10048,O12-M2
32631,MH-17463,O12-M3
35745,MH-18901,O12-M4
7416,MH-4786,O12-M5
7417,MH-4787,O12-M6
44849,MH-21664,O12-M7
44850,MH-21665,O12-M8
38389,MH-19996,O12-M9
38390,MH-19997,O12-M10
43008,MH-21378,O12-M11
38892,MH-20176,O12-M12
37910,MH-19801,O12-M13
34664,MH-18442,O12-M14
34665,MH-18443,O12-M15
42815,MH-21344,O12-M16
36837,MH-19335,O12-M17
33952,MH-18103,O12-M18
33953,MH-18104,O12-M19
33412,MH-17843,O12-M20
33413,MH-17844,O12-M21
34193,MH-18218,O12-M22
33298,MH-17789,O12-M23
33299,MH-17790,O12-M24
986,MH-629,O12-M25
34483,MH-18357,O12-M26
38877,MH-20171,O12-M27
38878,MH-20172,O12-M28
42121,MH-21192,O12-M29
37734,MH-19727,O12-M30
37735,MH-19728,O12-M31
37257,MH-19525,O12-M32
37258,MH-19526,O12-M33
995,MH-635,O12-M34
35327,MH-18732,O12-M35
35328,MH-18733,O12-M36
42733,MH-21331,O12-M37
42734,MH-21332,O12-M38
3079,MH-2010,O12-M39
3080,MH-2011,O12-M40
33485,MH-17876,O12-M41
6082,MH-3965,O12-M42
959,MH-611,O12-M43
39595,MH-20428,O12-M44
40912,MH-20868,O12-M45
41640,MH-21073,O12-M46
38506,MH-20040,O12-M47
4754,MH-3101,O12-M48
4755,MH-3102,O12-M49
38821,MH-20153,O12-M50
39235,MH-20293,O12-M51
42446,MH-21270,O12-M52
42941,MH-21364,O12-M53
21315,MH-12549,O12-M54
21316,MH-12550,O12-M55
34970,MH-18569,O12-M56
15061,MH-9187,O12-M57
15062,MH-9188,O12-M58
20063,MH-11908,O12-M59
15779,MH-9583,O12-M60
15780,MH-9584,O12-M61
47101,MH-22021,O12-M62
47099,MH-22020,O12-M63
47097,MH-22019,O12-M64
47095,MH-22018,O12-M65
47093,MH-22017,O12-M66
47091,MH-22016,O12-M67
47089,MH-22015,O12-M68
47087,MH-22014,O12-M69
47085,MH-22013,O12-M70
47083,MH-22012,O12-M71
47081,MH-22011,O12-M72
4093,MH-2673,O12-M73
4092,MH-2672,O12-M74
12195,MH-7622,O12-M75
15176,MH-9253,O12-M76
30084,MH-16247,O12-M77
30083,MH-16246,O12-M78
18857,MH-11259,O12-M79
11627,MH-7292,O12-M80
41196,MH-20957,O12-M81
30883,MH-16612,O12-M82
30884,MH-16613,O12-M83
32179,MH-17235,O12-M84
32180,MH-17236,O12-M85
35986,MH-18995,O12-M86
43612,MH-21491,O12-M87
4862,MH-3172,O12-M88
1961,MH-1274,O12-M89
4275,MH-2791,O12-M90
4274,MH-2790,O12-M91
34937,MH-18552,O12-M92
29524,MH-15994,O12-M93
29523,MH-15993,O12-M94
24233,MH-13890,O12-M95
24232,MH-13889,O12-M96
432,MH-262,O12-M97
2637,MH-1720,O12-M98
26168,MH-14671,O12-M99
30102,MH-16257,O12-M100
40971,MH-20890,O12-M101
36356,MH-19138,O12-M102
26177,MH-14674,O12-M103
26176,MH-14673,O12-M104
15495,MH-9426,O12-M105
23130,MH-13407,O12-M106
6102,MH-3978,O12-M107
25196,MH-14297,O12-M108
25195,MH-14296,O12-M109
5151,MH-3361,O12-M110
5150,MH-3360,O12-M111
22046,MH-12902,O12-M112
38725,MH-20119,O12-M113
43686,MH-21508,O12-M114
21891,MH-12827,O12-M115
43539,MH-21472,O12-M116
12183,MH-7615,O12-M117
9160,MH-5821,O12-M118
9161,MH-5822,O12-M119
4426,MH-2889,O12-M120
603,MH-376,O12-M121
26030,MH-14622,O12-M122
26029,MH-14621,O12-M123
37632,MH-19682,O12-M124
8803,MH-5605,O12-M125
8802,MH-5604,O12-M126
36634,MH-19250,O12-M127
29456,MH-15963,O12-M128
29455,MH-15962,O12-M129
37978,MH-19830,O12-M130
5115,MH-3338,O12-M131
31673,MH-16988,O12-M132
40868,MH-20855,O12-M133
4164,MH-2719,O12-M134
38791,MH-20141,O12-M135
29299,MH-15896,O12-M136
26094,MH-14646,O12-M137
16445,MH-9945,O12-M138
16444,MH-9944,O12-M139
39908,MH-20535,O12-M140
33469,MH-17871,O12-M141
33468,MH-17870,O12-M142
31639,MH-16973,O12-M143
494,MH-303,O12-M144
20117,MH-11933,O12-M145
748,MH-471,O12-M146
26426,MH-14760,O12-M147
43144,MH-21408,O12-M148
35583,MH-18835,O12-M149
2159,MH-1405,O12-M150
25634,MH-14472,O12-M151
12391,MH-7730,O12-M152
37367,MH-19570,O12-M153
35206,MH-18669,O12-M154
21981,MH-12872,O12-M155
21982,MH-12873,O12-M156
17524,MH-10541,O12-M157
19549,MH-11637,O12-M158
24780,MH-14136,O12-M159
40362,MH-20688,O12-M160
6897,MH-4475,O12-M161
27379,MH-15108,O12-M162
26980,MH-14956,O12-M163
26981,MH-14957,O12-M164
32009,MH-17150,O12-M165
13652,MH-8432,O12-M166
13708,MH-8465,O12-M167
1574,MH-1019,O12-M168
11355,MH-7127,O12-M169
28416,MH-15524,O12-M170
28415,MH-15523,O12-M171
29699,MH-16070,O12-M172
29698,MH-16069,O12-M173
9180,MH-5834,O12-M174
9179,MH-5833,O12-M175
15267,MH-9301,O12-M176
10256,MH-6481,O12-M177
9822,MH-6221,O12-M178
9438,MH-5990,O12-M179
7144,MH-4623,O12-M180
14500,MH-8885,O12-M181
3981,MH-2601,O12-M182
3980,MH-2600,O12-M183
37732,MH-19726,O12-M184
37731,MH-19725,O12-M185
38622,MH-20083,O12-M186
38621,MH-20082,O12-M187
24716,MH-14107,O12-M188
24715,MH-14106,O12-M189
44026,MH-21551,O12-M190
37854,MH-19778,O12-M191
37853,MH-19777,O12-M192
11783,MH-7384,O12-M193
11782,MH-7383,O12-M194
38828,MH-20156,O12-M195
34222,MH-18233,O12-M196
9486,MH-6019,O12-M197
21636,MH-12711,O12-M198
33567,MH-17915,O12-M199
33566,MH-17914,O12-M200
33237,MH-17756,O12-M201
33236,MH-17755,O12-M202
33628,MH-17945,O12-M203
38268,MH-19945,O12-M204
38267,MH-19944,O12-M205
43323,MH-21441,O12-M206
38687,MH-20108,O12-M207
34633,MH-18427,O12-M208
34632,MH-18426,O12-M209
39822,MH-20506,O12-M210
39821,MH-20505,O12-M211
6212,MH-4048,O12-M212
6211,MH-4047,O12-M213
39705,MH-20471,O12-M214
34560,MH-18394,O12-M215
34559,MH-18393,O12-M216
12818,MH-7970,O12-M217
12817,MH-7969,O12-M218
36336,MH-19132,O12-M219
36335,MH-19131,O12-M220
44961,MH-21683,O12-M221
12213,MH-7632,O12-M222
12212,MH-7631,O12-M223
40843,MH-20846,O12-M224
40038,MH-20578,O12-M225
34509,MH-18368,O12-M226
34508,MH-18367,O12-M227
18612,MH-11130,O12-M228
18611,MH-11129,O12-M229
39722,MH-20478,O12-M230
39044,MH-20224,O12-M231
39043,MH-20223,O12-M232
36177,MH-19068,O12-M233
10165,MH-6428,O12-M234
10164,MH-6427,O12-M235
34556,MH-18392,O12-M236
34479,MH-18356,O12-M237
34478,MH-18355,O12-M238
41903,MH-21136,O12-M239
39163,MH-20267,O12-M240
33529,MH-17897,O12-M241
33528,MH-17896,O12-M242
33806,MH-18036,O12-M243
13931,MH-8583,O12-M244
13930,MH-8582,O12-M245
33569,MH-17916,O12-M246
33668,MH-17965,O12-M247
33559,MH-17911,O12-M248
33558,MH-17910,O12-M249
33593,MH-17926,O12-M250
33723,MH-17992,O12-M251
33722,MH-17991,O12-M252
34957,MH-18562,O12-M253
40060,MH-20586,O12-M254
41947,MH-21146,O12-M255
34587,MH-18406,O12-M256
34586,MH-18405,O12-M257
44948,MH-21680,O12-M258
42048,MH-21173,O12-M259
38320,MH-19967,O12-M260
38319,MH-19966,O12-M261
37471,MH-19613,O12-M262
34649,MH-18435,O12-M263
34648,MH-18434,O12-M264
38048,MH-19857,O12-M265
42260,MH-21228,O12-M266
36900,MH-19364,O12-M267
35632,MH-18855,O12-M268
35631,MH-18854,O12-M269
34114,MH-18182,O12-M270
33295,MH-17788,O12-M271
33294,MH-17787,O12-M272
33489,MH-17878,O12-M273
33488,MH-17877,O12-M274
33696,MH-17977,O12-M275
34297,MH-18268,O12-M276
34296,MH-18267,O12-M277
37621,MH-19677,O12-M278
42408,MH-21259,O12-M279
36202,MH-19080,O12-M280
36201,MH-19079,O12-M281
36012,MH-19005,O12-M282
28412,MH-15521,O12-M283
28413,MH-15522,O12-M284
26703,MH-14853,O12-M285
26704,MH-14854,O12-M286
278842,MH-23012-4,O12-M287
278841,MH-23012-3,O12-M288
278840,MH-23012-2,O12-M289
278839,MH-23012-1,O12-M290
278834,MH-23012,O12-M291
278828,MH-23010,O12-M292
278821,MH-23008,O12-M293
278825,MH-23009,O12-M294
278812,MH-23004,O12-M295
278831,MH-23011,O12-M296
278850,MH-23011-1,O12-M297
278851,MH-23011-2,O12-M298
278852,MH-23011-3,O12-M299
278853,MH-23011-4,O12-M300
278854,MH-23011-5,O12-M301
278855,MH-23011-6,O12-M302
278805,MH-23000,O12-M303
32286,MH-17289,O12-M304
32287,MH-17290,O12-M305
8359,MH-5347,O12-M306
9485,MH-6018,O12-M307
38259,MH-19941,O12-M308
38909,MH-20182,O12-M309
27879,MH-15305,O12-M310
27878,MH-15304,O12-M311
34770,MH-18493,O12-M312
34771,MH-18494,O12-M313
16832,MH-10160,O12-M314
16833,MH-10161,O12-M315
31241,MH-16784,O12-M316
28311,MH-15478,O12-M317
30647,MH-16506,O12-M318
47069,MH-22007,O12-M319
30648,MH-16507,O12-M320
36809,MH-19321,O12-M321
25809,MH-14536,O12-M322
47063,MH-22005,O12-M323
19198,MH-11443,O12-M324
2587,MH-1687,O12-M325
40659,MH-20788,O12-M326
40658,MH-20787,O12-M327
15011,MH-9159,O12-M328
48172,MH-22355,O12-M329
23515,MH-13577,O12-M330
278876,MH-23029,O12-M331
278874,MH-23028,O12-M332
278872,MH-23027,O12-M333
278870,MH-23026,O12-M334
47051,MH-22001,O12-M335
27703,MH-15235,O12-M336
27621,MH-15203,O12-M337
6363,MH-4143,O12-M338
278867,MH-23025,O12-M339
278865,MH-23024,O12-M340
278863,MH-23023,O12-M341
24246,MH-13895,O12-M342
21852,MH-12811,O12-M343
278739,MH-20789-3,O12-M344
278738,MH-20789-2,O12-M345
278737,MH-20789-1,O12-M346
40663,MH-20789,O12-M347
38525,MH-20047,O12-M348
28100,MH-15392,O12-M349
28101,MH-15393,O12-M350
21813,MH-12791,O12-M351
5446,MH-3553,O12-M352
24100,MH-13832,O12-M353
26432,MH-14762,O12-M354
15982,MH-9695,O12-M355
11752,MH-7366,O12-M356
35907,MH-18967,O12-M357
20408,MH-12087,O12-M358
20409,MH-12088,O12-M359
47047,MH-22000,O12-M360
27741,MH-15248,O12-M361
19551,MH-11638,O12-M362
19552,MH-11639,O12-M363
671,MH-420,O12-M364
37786,MH-19749,O12-M365
26911,MH-14933,O12-M366
27740,MH-15247,O12-M367
42162,MH-21204,O12-M368
40333,MH-20675,O12-M369
27111,MH-15009,O12-M370
21851,MH-12810,O12-M371
435,MH-264,O12-M372
26912,MH-14934,O12-M373
40472,MH-20719,O12-M374
31616,MH-16962,O12-M375
35754,MH-18906,O12-M376
35753,MH-18905,O12-M377
44123,MH-21568,O12-M378
278819,MH-23007,O12-M379
278817,MH-23006,O12-M380
278816,MH-23005,O12-M381
278810,MH-23003,O12-M382
278808,MH-23002,O12-M383
278807,MH-23001,O12-M384
278897,MH-23036,O12-M385
278900,MH-23037,O12-M386
278885,MH-23032,O12-M387
278891,MH-23034,O12-M388
278894,MH-23035,O12-M389
278883,MH-23031,O12-M390
5953,MH-3882,O12-M391
35111,MH-18628,O12-M392
3451,MH-2254,O12-M393
11821,MH-7405,O12-M394
278880,MH-23030,O12-M395
278888,MH-23033,O12-M396
47104,MH-22022,O12-M397
24514,MH-14013,O12-M398
27810,MH-15275,O12-M399
27811,MH-15276,O12-M400
958,MH-610,O12-M401
33548,MH-17904,O12-M402
33549,MH-17905,O12-M403
42299,MH-21237,O12-M404
37962,MH-19825,O12-M405
31773,MH-17036,O12-M406
31774,MH-17037,O12-M407
38737,MH-20124,O12-M408
38738,MH-20125,O12-M409
13465,MH-8322,O12-M410
13466,MH-8323,O12-M411
42955,MH-21367,O12-M412
35949,MH-18982,O12-M413
35950,MH-18983,O12-M414
32114,MH-17201,O12-M415
32115,MH-17202,O12-M416
38355,MH-19982,O12-M417
36309,MH-19123,O12-M418
12995,MH-8060,O12-M419
1221,MH-785,O12-M420
37924,MH-19808,O12-M421
33586,MH-17923,O12-M422
33587,MH-17924,O12-M423
40999,MH-20900,O12-M424
35862,MH-18949,O12-M425
33301,MH-17791,O12-M426
33302,MH-17792,O12-M427
34709,MH-18463,O12-M428
34710,MH-18464,O12-M429
41538,MH-21050,O12-M430
43050,MH-21389,O12-M431
43051,MH-21390,O12-M432
34135,MH-18191,O12-M433
34136,MH-18192,O12-M434
37161,MH-19483,O12-M435
37514,MH-19631,O12-M436
33859,MH-18061,O12-M437
33860,MH-18062,O12-M438
39424,MH-20364,O12-M439
32879,MH-17581,O12-M440
32880,MH-17582,O12-M441
12997,MH-8061,O12-M442
12998,MH-8062,O12-M443
43313,MH-21438,O12-M444
43314,MH-21439,O12-M445
39174,MH-20273,O12-M446
39175,MH-20274,O12-M447
39799,MH-20499,O12-M448
27546,MH-15173,O12-M449
1970,MH-1280,O12-M450
24459,MH-13992,O12-M451
40680,MH-20795,O12-M452
19578,MH-11654,O12-M453
28882,MH-15727,O12-M454
25439,MH-14393,O12-M455
25440,MH-14394,O12-M456
38542,MH-20052,O12-M457
40055,MH-20583,O12-M458
14510,MH-8889,O12-M459
14511,MH-8890,O12-M460
26057,MH-14632,O12-M461
28490,MH-15554,O12-M462
22703,MH-13206,O12-M463
22704,MH-13207,O12-M464
25226,MH-14308,O12-M465
28819,MH-15704,O12-M466
28820,MH-15705,O12-M467
11866,MH-7431,O12-M468
11867,MH-7432,O12-M469
27747,MH-15251,O12-M470
8189,MH-5245,O12-M471
12194,MH-7621,O12-M472
24909,MH-14186,O12-M473
47076,MH-22009,O12-M474
32854,MH-17567,O12-M475
32855,MH-17568,O12-M476
9210,MH-5852,O12-M477
9211,MH-5853,O12-M478
30374,MH-16378,O12-M479
47072,MH-22008,O12-M480
19119,MH-11399,O12-M481
12082,MH-7557,O12-M482
22937,MH-13319,O12-M483
7920,MH-5085,O12-M484
7921,MH-5086,O12-M485
11459,MH-7189,O12-M486
11458,MH-7188,O12-M487
25031,MH-14232,O12-M488
15725,MH-9551,O12-M489
15713,MH-9543,O12-M490
15700,MH-9536,O12-M491
870,MH-552,O12-M492
13420,MH-8295,O12-M493
13419,MH-8294,O12-M494
20446,MH-12105,O12-M495
35895,MH-18963,O12-M496
16638,MH-10053,O12-M497
29619,MH-16032,O12-M498
29618,MH-16031,O12-M499
29798,MH-16116,O12-M500
31073,MH-16706,O12-M501
18625,MH-11137,O12-M502
18624,MH-11136,O12-M503
36341,MH-19134,O12-M504
15055,MH-9184,O12-M505
15056,MH-9185,O12-M506
20182,MH-11968,O12-M507
20183,MH-11969,O12-M508
23829,MH-13717,O12-M509
24269,MH-13906,O12-M510
20466,MH-12116,O12-M511
20465,MH-12115,O12-M512
25927,MH-14580,O12-M513
8983,MH-5715,O12-M514
8984,MH-5716,O12-M515
25224,MH-14307,O12-M516
19630,MH-11681,O12-M517
22799,MH-13251,O12-M518
24650,MH-14075,O12-M519
24651,MH-14076,O12-M520
15699,MH-9535,O12-M521
15724,MH-9550,O12-M522
15712,MH-9542,O12-M523
14931,MH-9117,O12-M524
35014,MH-18587,O12-M525
20193,MH-11975,O12-M526
31017,MH-16681,O12-M527
31016,MH-16680,O12-M528
40760,MH-20821,O12-M529
40759,MH-20820,O12-M530
41773,MH-21103,O12-M531
44940,MH-21679,O12-M532
29429,MH-15948,O12-M533
9116,MH-5795,O12-M534
9117,MH-5796,O12-M535
18443,MH-11040,O12-M536
20000,MH-11878,O12-M537
19999,MH-11877,O12-M538
20070,MH-11911,O12-M539
37846,MH-19774,O12-M540
25692,MH-14494,O12-M541
3854,MH-2518,O12-M542
10989,MH-6908,O12-M543
10990,MH-6909,O12-M544
9016,MH-5735,O12-M545
9017,MH-5736,O12-M546
3853,MH-2517,O12-M547
15494,MH-9425,O12-M548
28282,MH-15465,O12-M549
38000,MH-19839,O12-M550
26929,MH-14940,O12-M551
6332,MH-4123,O12-M552
6331,MH-4122,O12-M553
18768,MH-11214,O12-M554
27873,MH-15302,O12-M555
2526,MH-1647,O12-M556
7435,MH-4797,O12-M557
6101,MH-3977,O12-M558
2527,MH-1648,O12-M559
2480,MH-1617,O12-M560
278906,O-19,O13
22070,MH-12914,O13-M1
278729,MH-22988,O13-M2
278732,MH-22989,O13-M3
277821,MH-22724,O13-M4
277825,MH-22726,O13-M5
277845,MH-22730,O13-M6
277832,MH-22729,O13-M7
30430,MH-16404,O13-M8
277848,MH-22731,O13-M9
35228,MH-18680,O13-M10
7815,MH-5021,O13-M11
7814,MH-5020,O13-M12
40584,MH-20758,O13-M13
29603,MH-16024,O13-M14
9125,MH-5801,O13-M15
9126,MH-5802,O13-M16
277824,MH-22725,O13-M17
277830,MH-22728,O13-M18
277829,MH-22727,O13-M19
30429,MH-16403,O13-M20
18967,MH-11316,O13-M21
16829,MH-10159,O13-M22
277587,O-12,O14
10754,MH-6768,O14-M1
10753,MH-6767,O14-M2
32646,MH-17471,O14-M3
29746,MH-16092,O14-M4
29745,MH-16091,O14-M5
31287,MH-16806,O14-M6
31286,MH-16805,O14-M7
32249,MH-17272,O14-M8
32248,MH-17271,O14-M9
33670,MH-17966,O14-M10
3919,MH-2560,O14-M11
4313,MH-2815,O14-M12
13032,MH-8079,O14-M13
35794,MH-18920,O14-M14
25315,MH-14341,O14-M15
25314,MH-14340,O14-M16
31930,MH-17114,O14-M17
30565,MH-16469,O14-M18
30564,MH-16468,O14-M19
15913,MH-9659,O14-M20
15912,MH-9658,O14-M21
41982,MH-21156,O14-M22
426,MH-258,O14-M23
425,MH-257,O14-M24
27381,MH-15109,O14-M25
16351,MH-9896,O14-M26
19576,MH-11653,O14-M27
31913,MH-17107,O14-M28
31766,MH-17033,O14-M29
26492,MH-14778,O14-M30
30954,MH-16647,O14-M31
29284,MH-15891,O14-M32
4502,MH-2939,O14-M33
1824,MH-1184,O14-M34
582,MH-362,O14-M35
28944,MH-15756,O14-M36
25376,MH-14367,O14-M37
20435,MH-12100,O14-M38
11932,MH-7470,O14-M39
9300,MH-5907,O14-M40
9299,MH-5906,O14-M41
13030,MH-8078,O14-M42
13029,MH-8077,O14-M43
18316,MH-10971,O14-M44
30881,MH-16611,O14-M45
26245,MH-14696,O14-M46
26246,MH-14697,O14-M47
32683,MH-17488,O14-M48
32909,MH-17596,O14-M49
32910,MH-17597,O14-M50
32431,MH-17367,O14-M51
31444,MH-16883,O14-M52
30608,MH-16488,O14-M53
30609,MH-16489,O14-M54
22861,MH-13285,O14-M55
4167,MH-2721,O14-M56
32557,MH-17427,O14-M57
33845,MH-18053,O14-M58
26347,MH-14734,O14-M59
10838,MH-6817,O14-M60
17766,MH-10672,O14-M61
30052,MH-16232,O14-M62
30051,MH-16231,O14-M63
30678,MH-16521,O14-M64
20922,MH-12355,O14-M65
3027,MH-1977,O14-M66
4116,MH-2688,O14-M67
29644,MH-16045,O14-M68
29643,MH-16044,O14-M69
30060,MH-16236,O14-M70
30059,MH-16235,O14-M71
25556,MH-14442,O14-M72
2461,MH-1604,O14-M73
2462,MH-1605,O14-M74
21557,MH-12669,O14-M75
21258,MH-12521,O14-M76
10837,MH-6816,O14-M77
26807,MH-14891,O14-M78
26806,MH-14890,O14-M79
29517,MH-15990,O14-M80
29516,MH-15989,O14-M81
2733,MH-1784,O14-M82
7807,MH-5016,O14-M83
36538,MH-19206,O14-M84
36537,MH-19205,O14-M85
37358,MH-19566,O14-M86
37357,MH-19565,O14-M87
42068,MH-21178,O14-M88
32615,MH-17456,O14-M89
29438,MH-15952,O14-M90
29439,MH-15953,O14-M91
30117,MH-16264,O14-M92
33976,MH-18115,O14-M93
33977,MH-18116,O14-M94
4166,MH-2720,O14-M95
16350,MH-9895,O14-M96
35056,MH-18604,O14-M97
29986,MH-16202,O14-M98
277684,MH-22707,O14-M99
277682,MH-22706,O14-M100
277680,MH-22705,O14-M101
277676,MH-22704,O14-M102
21199,MH-12495,O14-M103
21198,MH-12494,O14-M104
39229,MH-20291,O14-M105
30300,MH-16348,O14-M106
26971,MH-14953,O14-M107
29985,MH-16201,O14-M108
47140,MH-22030,O14-M109
30319,MH-16354,O14-M110
26491,MH-14777,O14-M111
30359,MH-16372,O14-M112
30358,MH-16371,O14-M113
32194,MH-17243,O14-M114
1823,MH-1183,O14-M115
581,MH-361,O14-M116
25377,MH-14368,O14-M117
29020,MH-15784,O14-M118
18647,MH-11150,O14-M119
18646,MH-11149,O14-M120
21617,MH-12702,O14-M121
3705,MH-2420,O14-M122
10098,MH-6386,O14-M123
10099,MH-6387,O14-M124
26778,MH-14880,O14-M125
43639,MH-21496,O14-M126
808,MH-511,O14-M127
19794,MH-11767,O14-M128
1251,MH-805,O14-M129
21618,MH-12703,O14-M130
13053,MH-8091,O14-M131
19697,MH-11713,O14-M132
1394,MH-900,O14-M133
17837,MH-10711,O14-M134
17836,MH-10710,O14-M135
21227,MH-12507,O14-M136
22016,MH-12891,O14-M137
19696,MH-11712,O14-M138
22017,MH-12892,O14-M139
28109,MH-15396,O14-M140
16675,MH-10073,O14-M141
16676,MH-10074,O14-M142
21232,MH-12509,O14-M143
20133,MH-11942,O14-M144
277734,O-18,O15
20616,MH-12196,O15-M1
18415,MH-11025,O15-M2
15222,MH-9279,O15-M3
15221,MH-9278,O15-M4
34726,MH-18472,O15-M5
17868,MH-10729,O15-M6
17867,MH-10728,O15-M7
13657,MH-8435,O15-M8
13656,MH-8434,O15-M9
28143,MH-15409,O15-M10
37382,MH-19576,O15-M11
1444,MH-933,O15-M12
1445,MH-934,O15-M13
2898,MH-1892,O15-M14
2899,MH-1893,O15-M15
1415,MH-914,O15-M16
14646,MH-8963,O15-M17
37702,MH-19715,O15-M18
21417,MH-12600,O15-M19
21418,MH-12601,O15-M20
24353,MH-13944,O15-M21
25570,MH-14449,O15-M22
27319,MH-15086,O15-M23
25209,MH-14302,O15-M24
25210,MH-14303,O15-M25
37866,MH-19783,O15-M26
17526,MH-10542,O15-M27
17527,MH-10543,O15-M28
6942,MH-4501,O15-M29
6943,MH-4502,O15-M30
1539,MH-996,O15-M31
5034,MH-3284,O15-M32
5035,MH-3285,O15-M33
29098,MH-15813,O15-M34
42426,MH-21266,O15-M35
12308,MH-7685,O15-M36
24669,MH-14086,O15-M37
14452,MH-8858,O15-M38
3404,MH-2223,O15-M39
24811,MH-14147,O15-M40
40510,MH-20736,O15-M41
40901,MH-20866,O15-M42
37549,MH-19646,O15-M43
11131,MH-6991,O15-M44
11132,MH-6992,O15-M45
7401,MH-4777,O15-M46
7400,MH-4776,O15-M47
36921,MH-19376,O15-M48
41777,MH-21104,O15-M49
41778,MH-21105,O15-M50
35178,MH-18656,O15-M51
3357,MH-2192,O15-M52
3358,MH-2193,O15-M53
16389,MH-9915,O15-M54
16390,MH-9916,O15-M55
22055,MH-12907,O15-M56
20180,MH-11967,O15-M57
2053,MH-1334,O15-M58
2054,MH-1335,O15-M59
27371,MH-15104,O15-M60
12307,MH-7684,O15-M61
36739,MH-19296,O15-M62
41280,MH-20980,O15-M63
8936,MH-5687,O15-M64
8935,MH-5686,O15-M65
3403,MH-2222,O15-M66
17052,MH-10284,O15-M67
27346,MH-15095,O15-M68
36029,MH-19012,O15-M69
16242,MH-9835,O15-M70
16243,MH-9836,O15-M71
28909,MH-15741,O15-M72
46267,MH-21823,O15-M73
17051,MH-10283,O15-M74
43300,MH-21437,O15-M75
18863,MH-11263,O15-M76
18862,MH-11262,O15-M77
44872,MH-21667,O15-M78
3717,MH-2428,O15-M79
34888,MH-18533,O15-M80
32610,MH-17453,O15-M81
13422,MH-8296,O15-M82
13423,MH-8297,O15-M83
35581,MH-18834,O15-M84
10946,MH-6883,O15-M85
10947,MH-6884,O15-M86
28322,MH-15483,O15-M87
45753,MH-21767,O15-M88
28324,MH-15484,O15-M89
45745,MH-21765,O15-M90
17989,MH-10795,O15-M91
17988,MH-10794,O15-M92
38217,MH-19926,O15-M93
38655,MH-20097,O15-M94
39362,MH-20337,O15-M95
21104,MH-12446,O15-M96
21103,MH-12445,O15-M97
38806,MH-20147,O15-M98
9777,MH-6194,O15-M99
37587,MH-19661,O15-M100
44618,MH-21636,O15-M101
44400,MH-21605,O15-M102
36755,MH-19301,O15-M103
3000,MH-1959,O15-M104
47626,MH-22175,O15-M105
47629,MH-22176,O15-M106
47623,MH-22174,O15-M107
10949,MH-6885,O15-M108
37476,MH-19615,O15-M109
37993,MH-19837,O15-M110
37992,MH-19836,O15-M111
42269,MH-21230,O15-M112
1316,MH-848,O15-M113
18445,MH-11041,O15-M114
38518,MH-20045,O15-M115
1260,MH-811,O15-M116
14620,MH-8952,O15-M117
42564,MH-21296,O15-M118
41694,MH-21086,O15-M119
25573,MH-14450,O15-M120
1613,MH-1045,O15-M121
18381,MH-11007,O15-M122
24544,MH-14029,O15-M123
24543,MH-14028,O15-M124
14645,MH-8962,O15-M125
41874,MH-21127,O15-M126
41873,MH-21126,O15-M127
37378,MH-19574,O15-M128
18732,MH-11196,O15-M129
18733,MH-11197,O15-M130
27732,MH-15245,O15-M131
3668,MH-2396,O15-M132
21357,MH-12572,O15-M133
21358,MH-12573,O15-M134
25581,MH-14454,O15-M135
38768,MH-20135,O15-M136
5830,MH-3803,O15-M137
5831,MH-3804,O15-M138
46297,MH-21827,O15-M139
18105,MH-10856,O15-M140
18106,MH-10857,O15-M141
38378,MH-19991,O15-M142
6305,MH-4106,O15-M143
6306,MH-4107,O15-M144
38514,MH-20043,O15-M145
17808,MH-10694,O15-M146
17809,MH-10695,O15-M147
42742,MH-21333,O15-M148
5133,MH-3349,O15-M149
16600,MH-10031,O15-M150
16602,MH-10032,O15-M151
16603,MH-10033,O15-M152
4340,MH-2833,O15-M153
4339,MH-2832,O15-M154
41237,MH-20970,O15-M155
36008,MH-19003,O15-M156
36007,MH-19002,O15-M157
33223,MH-17747,O15-M158
33224,MH-17748,O15-M159
47651,O-8,O16
34112,MH-18181,O16-M1
10882,MH-6844,O16-M2
10881,MH-6843,O16-M3
39377,MH-20344,O16-M4
33123,MH-17698,O16-M5
33122,MH-17697,O16-M6
16939,MH-10221,O16-M7
16938,MH-10220,O16-M8
33386,MH-17832,O16-M9
33788,MH-18026,O16-M10
9739,MH-6172,O16-M11
9738,MH-6171,O16-M12
279300,MH-23154,O16-M13
279298,MH-23153,O16-M14
279296,MH-23152,O16-M15
2168,MH-1411,O16-M16
25689,MH-14493,O16-M17
25688,MH-14492,O16-M18
14003,MH-8618,O16-M19
31175,MH-16753,O16-M20
31176,MH-16754,O16-M21
2131,MH-1386,O16-M22
2132,MH-1387,O16-M23
27763,MH-15256,O16-M24
8842,MH-5629,O16-M25
8843,MH-5630,O16-M26
36130,MH-19050,O16-M27
21832,MH-12800,O16-M28
21833,MH-12801,O16-M29
25068,MH-14249,O16-M30
37040,MH-19427,O16-M31
28082,MH-15384,O16-M32
21801,MH-12784,O16-M33
279307,MH-23157,O16-M34
279305,MH-23156,O16-M35
279303,MH-23155,O16-M36
9800,MH-6207,O16-M37
35412,MH-18768,O16-M38
37868,MH-19784,O16-M39
18113,MH-10861,O16-M40
10110,MH-6394,O16-M41
37547,MH-19645,O16-M42
4149,MH-2709,O16-M43
4150,MH-2710,O16-M44
22333,MH-13034,O16-M45
43718,MH-21514,O16-M46
35029,MH-18593,O16-M47
23086,MH-13387,O16-M48
11963,MH-7488,O16-M49
25766,MH-14519,O16-M50
37083,MH-19448,O16-M51
10438,MH-6587,O16-M52
15921,MH-9662,O16-M53
36827,MH-19330,O16-M54
14461,MH-8863,O16-M55
3280,MH-2142,O16-M56
1551,MH-1004,O16-M57
1550,MH-1003,O16-M58
44198,MH-21578,O16-M59
10619,MH-6689,O16-M60
30037,MH-16225,O16-M61
30038,MH-16226,O16-M62
268,MH-154,O16-M63
28357,MH-15496,O16-M64
1674,MH-1085,O16-M65
36872,MH-19352,O16-M66
5353,MH-3491,O16-M67
5354,MH-3492,O16-M68
41876,MH-21128,O16-M69
21896,MH-12830,O16-M70
12248,MH-7652,O16-M71
14150,MH-8694,O16-M72
14850,MH-9074,O16-M73
2026,MH-1317,O16-M74
2846,MH-1858,O16-M75
2847,MH-1859,O16-M76
22227,MH-12989,O16-M77
5293,MH-3453,O16-M78
5292,MH-3452,O16-M79
32488,MH-17396,O16-M80
31296,MH-16810,O16-M81
30589,MH-16479,O16-M82
28356,MH-15495,O16-M83
28006,MH-15355,O16-M84
4808,MH-3137,O16-M85
7876,MH-5059,O16-M86
7877,MH-5060,O16-M87
546,MH-338,O16-M88
22041,MH-12900,O16-M89
35037,MH-18597,O16-M90
21807,MH-12787,O16-M91
21808,MH-12788,O16-M92
4807,MH-3136,O16-M93
37614,MH-19674,O16-M94
40458,MH-20716,O16-M95
21839,MH-12803,O16-M96
2629,MH-1715,O16-M97
12247,MH-7651,O16-M98
14149,MH-8693,O16-M99
35771,MH-18914,O16-M100
25069,MH-14250,O16-M101
14849,MH-9073,O16-M102
36600,MH-19235,O16-M103
26663,MH-14838,O16-M104
15560,MH-9459,O16-M105
35845,MH-18941,O16-M106
29542,MH-16001,O16-M107
16413,MH-9929,O16-M108
42607,MH-21305,O16-M109
2715,MH-1772,O16-M110
2574,MH-1679,O16-M111
28673,MH-15639,O16-M112
12527,MH-7808,O16-M113
12528,MH-7809,O16-M114
22642,MH-13178,O16-M115
22643,MH-13179,O16-M116
28876,MH-15725,O16-M117
709,MH-445,O16-M118
11010,MH-6922,O16-M119
37921,MH-19806,O16-M120
37922,MH-19807,O16-M121
19121,MH-11400,O16-M122
13617,MH-8412,O16-M123
11009,MH-6921,O16-M124
46340,MH-21832,O16-M125
6825,MH-4432,O16-M126
6826,MH-4433,O16-M127
26583,MH-14809,O16-M128
43907,MH-21535,O16-M129
34954,MH-18561,O16-M130
3438,MH-2245,O16-M131
3439,MH-2246,O16-M132
5596,MH-3650,O16-M133
38735,MH-20123,O16-M134
44146,MH-21571,O16-M135
7047,MH-4563,O16-M136
7048,MH-4564,O16-M137
27411,MH-15118,O16-M138
27412,MH-15119,O16-M139
39656,MH-20451,O16-M140
35516,MH-18812,O16-M141
8685,MH-5534,O16-M142
8686,MH-5535,O16-M143
37233,MH-19517,O16-M144
24535,MH-14024,O16-M145
15690,MH-9530,O16-M146
15691,MH-9531,O16-M147
2050,MH-1332,O16-M148
12548,MH-7820,O16-M149
12549,MH-7821,O16-M150
3279,MH-2141,O16-M151
44337,MH-21598,O16-M152
16535,MH-9995,O16-M153
279371,O-23,O17
279369,MH-23176,O17-M1
279685,MH-23261,O17-M2
279670,MH-23256,O17-M3
279388,MH-23183,O17-M4
279668,MH-23255,O17-M5
279664,MH-23253,O17-M6
279661,MH-23252,O17-M7
279632,MH-23244,O17-M8
279625,MH-23241,O17-M9
279618,MH-23238,O17-M10
279616,MH-23237,O17-M11
279614,MH-23236,O17-M12
28026,MH-15363,O17-M13
23061,MH-13374,O17-M14
16706,MH-10092,O17-M15
16707,MH-10093,O17-M16
18279,MH-10950,O17-M17
18280,MH-10951,O17-M18
13272,MH-8210,O17-M19
630,MH-393,O17-M20
10937,MH-6878,O17-M21
20858,MH-12322,O17-M22
41410,MH-21014,O17-M23
18343,MH-10985,O17-M24
18344,MH-10986,O17-M25
25009,MH-14226,O17-M26
25008,MH-14225,O17-M27
40239,MH-20646,O17-M28
279384,MH-23182,O17-M29
279367,MH-23175,O17-M30
279679,MH-23259,O17-M31
279676,MH-23258,O17-M32
279365,MH-23174,O17-M33
279658,MH-23251,O17-M34
279374,MH-23178,O17-M35
279363,MH-23173,O17-M36
279652,MH-23249,O17-M37
279649,MH-23248,O17-M38
279362,MH-23172,O17-M39
279682,MH-23260,O17-M40
279673,MH-23257,O17-M41
279383,MH-23181,O17-M42
279390,MH-23184,O17-M43
279655,MH-23250,O17-M44
279373,MH-23177,O17-M45
279667,MH-23254,O17-M46
279630,MH-23243,O17-M47
279629,MH-23242,O17-M48
279623,MH-23240,O17-M49
279622,MH-23239,O17-M50
279356,MH-23169,O17-M51
279354,MH-23168,O17-M52
10960,MH-6892,O17-M53
34187,MH-18216,O17-M54
34635,MH-18428,O17-M55
34265,MH-18254,O17-M56
279637,MH-23245,O17-M57
27633,MH-15208,O17-M58
27634,MH-15209,O17-M59
923,MH-587,O17-M60
924,MH-588,O17-M61
32385,MH-17343,O17-M62
20652,MH-12214,O17-M63
10959,MH-6891,O17-M64
32864,MH-17573,O17-M65
40505,MH-20734,O17-M66
4625,MH-3017,O17-M67
4626,MH-3018,O17-M68
2220,MH-1445,O17-M69
18437,MH-11038,O17-M70
15104,MH-9215,O17-M71
15103,MH-9214,O17-M72
29003,MH-15775,O17-M73
21710,MH-12746,O17-M74
279645,MH-23247,O17-M75
279642,MH-23246,O17-M76
27083,MH-14998,O17-M77
16471,MH-9960,O17-M78
16470,MH-9959,O17-M79
12787,MH-7952,O17-M80
21709,MH-12745,O17-M81
29493,MH-15979,O17-M82
27082,MH-14997,O17-M83
23674,MH-13647,O17-M84
1028,MH-657,O17-M85
22057,MH-12908,O17-M86
26832,MH-14901,O17-M87
13355,MH-8258,O17-M88
27128,MH-15015,O17-M89
18832,MH-11246,O17-M90
18831,MH-11245,O17-M91
10324,MH-6522,O17-M92
10323,MH-6521,O17-M93
279701,O-24,O18
279334,MH-23161,O18-M1
279344,MH-23165,O18-M2
279340,MH-23164,O18-M3
279332,MH-23160,O18-M4
279729,MH-11918-2,O18-M5
279728,MH-11918-1,O18-M6
20086,MH-11918,O18-M7
20087,MH-11919,O18-M8
32039,MH-17164,O18-M9
7405,MH-4779,O18-M10
7406,MH-4780,O18-M11
10870,MH-6837,O18-M12
14771,MH-9032,O18-M13
23069,MH-13378,O18-M14
23070,MH-13379,O18-M15
27603,MH-15197,O18-M16
24614,MH-14060,O18-M17
24615,MH-14061,O18-M18
279707,MH-22617-3,O18-M19
279706,MH-22617-2,O18-M20
279705,MH-22617-1,O18-M21
276908,MH-22617,O18-M22
39063,MH-20231,O18-M23
5273,MH-3440,O18-M24
5274,MH-3441,O18-M25
513,MH-316,O18-M26
3797,MH-2480,O18-M27
3798,MH-2481,O18-M28
21155,MH-12471,O18-M29
21156,MH-12472,O18-M30
11539,MH-7237,O18-M31
6904,MH-4479,O18-M32
14583,MH-8930,O18-M33
1146,MH-735,O18-M34
1145,MH-734,O18-M35
21318,MH-12551,O18-M36
6905,MH-4480,O18-M37
26876,MH-14918,O18-M38
9262,MH-5884,O18-M39
9263,MH-5885,O18-M40
21046,MH-12418,O18-M41
25746,MH-14512,O18-M42
279715,MH-22616-2,O18-M43
279714,MH-22616-1,O18-M44
276907,MH-22616,O18-M45
37128,MH-19469,O18-M46
1631,MH-1056,O18-M47
1632,MH-1057,O18-M48
17495,MH-10524,O18-M49
279348,MH-23166,O18-M50
279722,MH-2162-2,O18-M51
279721,MH-2162-1,O18-M52
3311,MH-2162,O18-M53
30670,MH-16517,O18-M54
28476,MH-15546,O18-M55
3059,MH-1997,O18-M56
24805,MH-14145,O18-M57
31299,MH-16811,O18-M58
32991,MH-17634,O18-M59
27353,MH-15097,O18-M60
27354,MH-15098,O18-M61
30265,MH-16332,O18-M62
30439,MH-16407,O18-M63
29431,MH-15949,O18-M64
26092,MH-14645,O18-M65
277660,O-11,O19
2720,MH-1775,O19-M1
11211,MH-7041,O19-M2
11210,MH-7040,O19-M3
32088,MH-17189,O19-M4
32087,MH-17188,O19-M5
33317,MH-17800,O19-M6
41,MH-5,O19-M7
20220,MH-11991,O19-M8
20219,MH-11990,O19-M9
32980,MH-17628,O19-M10
32979,MH-17627,O19-M11
32996,MH-17637,O19-M12
32925,MH-17603,O19-M13
32924,MH-17602,O19-M14
16590,MH-10026,O19-M15
16589,MH-10025,O19-M16
32977,MH-17626,O19-M17
33475,MH-17874,O19-M18
2072,MH-1347,O19-M19
34512,MH-18370,O19-M20
34511,MH-18369,O19-M21
18962,MH-11313,O19-M22
26614,MH-14821,O19-M23
34630,MH-18425,O19-M24
3613,MH-2360,O19-M25
33207,MH-17741,O19-M26
33117,MH-17694,O19-M27
1085,MH-695,O19-M28
15542,MH-9449,O19-M29
32606,MH-17451,O19-M30
32605,MH-17450,O19-M31
32756,MH-17522,O19-M32
33290,MH-17785,O19-M33
32961,MH-17619,O19-M34
32960,MH-17618,O19-M35
5517,MH-3599,O19-M36
558,MH-346,O19-M37
28114,MH-15397,O19-M38
26015,MH-14615,O19-M39
277337,MH-22663,O19-M40
26014,MH-14614,O19-M41
34172,MH-18209,O19-M42
28567,MH-15591,O19-M43
28566,MH-15590,O19-M44
32163,MH-17226,O19-M45
31519,MH-16915,O19-M46
29727,MH-16082,O19-M47
1826,MH-1185,O19-M48
1827,MH-1186,O19-M49
23155,MH-13418,O19-M50
24559,MH-14035,O19-M51
31633,MH-16971,O19-M52
29942,MH-16180,O19-M53
12620,MH-7860,O19-M54
12621,MH-7861,O19-M55
24558,MH-14034,O19-M56
19034,MH-11354,O19-M57
34898,MH-18537,O19-M58
34516,MH-18372,O19-M59
31390,MH-16858,O19-M60
31389,MH-16857,O19-M61
35838,MH-18939,O19-M62
44313,MH-21594,O19-M63
26080,MH-14640,O19-M64
6041,MH-3939,O19-M65
6040,MH-3938,O19-M66
41455,MH-21031,O19-M67
45064,MH-21692,O19-M68
210,MH-115,O19-M69
13725,MH-8474,O19-M70
13724,MH-8473,O19-M71
27158,MH-15025,O19-M72
27157,MH-15024,O19-M73
9956,MH-6300,O19-M74
2682,MH-1750,O19-M75
8530,MH-5443,O19-M76
28774,MH-15684,O19-M77
277340,MH-22664,O19-M78
18961,MH-11312,O19-M79
12680,MH-7892,O19-M80
12681,MH-7893,O19-M81
8438,MH-5391,O19-M82
8479,MH-5414,O19-M83
10668,MH-6719,O19-M84
10667,MH-6718,O19-M85
20026,MH-11893,O19-M86
279328,MH-23159,O19-M87
40670,MH-20791,O19-M88
17423,MH-10487,O19-M89
43645,MH-21498,O19-M90
13357,MH-8259,O19-M91
39314,MH-20322,O19-M92
23716,MH-13668,O19-M93
6891,MH-4471,O19-M94
6890,MH-4470,O19-M95
43980,MH-21545,O19-M96
279315,O-22,O20
279066,MH-23081-6,O20-M1
42924,MH-21360,O20-M2
36123,MH-19048,O20-M3
2988,MH-1951,O20-M4
15345,MH-9342,O20-M5
4423,MH-2887,O20-M6
16175,MH-9796,O20-M7
16176,MH-9797,O20-M8
2946,MH-1923,O20-M9
2947,MH-1924,O20-M10
6008,MH-3917,O20-M11
40052,MH-20582,O20-M12
1797,MH-1166,O20-M13
27267,MH-15063,O20-M14
15197,MH-9264,O20-M15
15198,MH-9265,O20-M16
279293,MH-23151,O20-M17
279291,MH-23150,O20-M18
32806,MH-17548,O20-M19
1355,MH-874,O20-M20
4334,MH-2829,O20-M21
15256,MH-9296,O20-M22
203428,MH-22589,O20-M23
29180,MH-15850,O20-M24
22734,MH-13222,O20-M25
4379,MH-2858,O20-M26
875,MH-555,O20-M27
18230,MH-10924,O20-M28
2772,MH-1809,O20-M29
25779,MH-14525,O20-M30
22537,MH-13126,O20-M31
203425,MH-22588,O20-M32
44497,MH-21621,O20-M33
279065,MH-23081-5,O20-M34
279064,MH-23081-4,O20-M35
279063,MH-23081-3,O20-M36
279062,MH-23081-2,O20-M37
279061,MH-23081-1,O20-M38
279057,MH-23081,O20-M39
36124,MH-19049,O20-M40
43344,MH-21445,O20-M41
12978,MH-8051,O20-M42
5759,MH-3757,O20-M43
3033,MH-1981,O20-M44
15697,MH-9534,O20-M45
5675,MH-3703,O20-M46
5674,MH-3702,O20-M47
30674,MH-16519,O20-M48
15331,MH-9335,O20-M49
15332,MH-9336,O20-M50
3032,MH-1980,O20-M51
35918,MH-18970,O20-M52
2987,MH-1950,O20-M53
39040,MH-20222,O20-M54
18694,MH-11175,O20-M55
18695,MH-11176,O20-M56
15034,MH-9172,O20-M57
15303,MH-9321,O20-M58
15035,MH-9173,O20-M59
20357,MH-12061,O20-M60
38480,MH-20030,O20-M61
4268,MH-2786,O20-M62
4269,MH-2787,O20-M63
35680,MH-18874,O20-M64
3062,MH-1999,O20-M65
3063,MH-2000,O20-M66
6007,MH-3916,O20-M67
5792,MH-3778,O20-M68
5793,MH-3779,O20-M69
5155,MH-3363,O20-M70
5156,MH-3364,O20-M71
27197,MH-15039,O20-M72
3782,MH-2471,O20-M73
27393,MH-15112,O20-M74
8283,MH-5302,O20-M75
31190,MH-16763,O20-M76
31189,MH-16762,O20-M77
23885,MH-13743,O20-M78
23886,MH-13744,O20-M79
6806,MH-4421,O20-M80
6807,MH-4422,O20-M81
35665,MH-18867,O20-M82
35666,MH-18868,O20-M83
7242,MH-4683,O20-M84
17929,MH-10764,O20-M85
23324,MH-13491,O20-M86
21588,MH-12686,O20-M87
21589,MH-12687,O20-M88
8310,MH-5318,O20-M89
21681,MH-12731,O20-M90
18031,MH-10815,O20-M91
3833,MH-2504,O20-M92
30458,MH-16416,O20-M93
30459,MH-16417,O20-M94
10078,MH-6374,O20-M95
10079,MH-6375,O20-M96
18196,MH-10906,O20-M97
3832,MH-2503,O20-M98
5000,MH-3262,O20-M99
4999,MH-3261,O20-M100
4378,MH-2857,O20-M101
43409,MH-21457,O20-M102
876,MH-556,O20-M103
19867,MH-11805,O20-M104
2771,MH-1808,O20-M105
39079,MH-20240,O20-M106
41419,MH-21018,O20-M107
37011,MH-19416,O20-M108
14729,MH-9008,O20-M109
14730,MH-9009,O20-M110
14230,MH-8737,O20-M111
12979,MH-8052,O20-M112
13852,MH-8544,O20-M113
13853,MH-8545,O20-M114
16140,MH-9777,O20-M115
14724,MH-9006,O20-M116
15635,MH-9499,O20-M117
15783,MH-9586,O20-M118
15782,MH-9585,O20-M119
4764,MH-3108,O20-M120
4763,MH-3107,O20-M121
777,MH-490,O20-M122
27097,MH-15004,O20-M123
1876,MH-1218,O20-M124
28182,MH-15422,O20-M125
29242,MH-15875,O20-M126
47663,O-6,O21
17506,MH-10531,O21-M1
47770,MH-22214,O21-M2
31971,MH-17131,O21-M3
12019,MH-7520,O21-M4
12020,MH-7521,O21-M5
47785,MH-22221,O21-M6
47783,MH-22220,O21-M7
47781,MH-22219,O21-M8
47779,MH-22218,O21-M9
47777,MH-22217,O21-M10
47775,MH-22216,O21-M11
47773,MH-22215,O21-M12
9920,MH-6279,O21-M13
21372,MH-12579,O21-M14
8716,MH-5552,O21-M15
8717,MH-5553,O21-M16
22710,MH-13210,O21-M17
13220,MH-8183,O21-M18
13314,MH-8234,O21-M19
29139,MH-15834,O21-M20
3628,MH-2370,O21-M21
47789,MH-22223,O21-M22
47788,MH-22222,O21-M23
34668,MH-18444,O21-M24
35035,MH-18596,O21-M25
26905,MH-14931,O21-M26
26906,MH-14932,O21-M27
396,MH-238,O21-M28
38023,MH-19847,O21-M29
38024,MH-19848,O21-M30
35749,MH-18903,O21-M31
965,MH-615,O21-M32
4043,MH-2641,O21-M33
39003,MH-20210,O21-M34
35955,MH-18985,O21-M35
1592,MH-1031,O21-M36
35602,MH-18843,O21-M37
19318,MH-11509,O21-M38
19252,MH-11472,O21-M39
10331,MH-6525,O21-M40
10332,MH-6526,O21-M41
33095,MH-17683,O21-M42
17667,MH-10621,O21-M43
17668,MH-10622,O21-M44
34069,MH-18158,O21-M45
32993,MH-17635,O21-M46
32994,MH-17636,O21-M47
33059,MH-17667,O21-M48
33060,MH-17668,O21-M49
40376,MH-20692,O21-M50
20176,MH-11965,O21-M51
18086,MH-10846,O21-M52
40107,MH-20604,O21-M53
47606,MH-22169,O21-M54
30212,MH-16309,O21-M55
13625,MH-8417,O21-M56
47720,MH-22194,O21-M57
30781,MH-16565,O21-M58
22397,MH-13062,O21-M59
22398,MH-13063,O21-M60
41606,MH-21066,O21-M61
18804,MH-11232,O21-M62
18805,MH-11233,O21-M63
38476,MH-20029,O21-M64
39065,MH-20232,O21-M65
39066,MH-20233,O21-M66
32318,MH-17305,O21-M67
32319,MH-17306,O21-M68
39783,MH-20493,O21-M69
13332,MH-8245,O21-M70
13333,MH-8246,O21-M71
4706,MH-3070,O21-M72
1319,MH-850,O21-M73
14828,MH-9061,O21-M74
6879,MH-4463,O21-M75
6880,MH-4464,O21-M76
35628,MH-18853,O21-M77
2289,MH-1490,O21-M78
2290,MH-1491,O21-M79
22663,MH-13187,O21-M80
35159,MH-18648,O21-M81
1391,MH-898,O21-M82
21815,MH-12792,O21-M83
25123,MH-14269,O21-M84
39592,MH-20427,O21-M85
40320,MH-20671,O21-M86
39557,MH-20414,O21-M87
17917,MH-10757,O21-M88
167,MH-87,O21-M89
6830,MH-4435,O21-M90
26465,MH-14770,O21-M91
8871,MH-5647,O21-M92
33801,MH-18033,O21-M93
23945,MH-13768,O21-M94
8795,MH-5600,O21-M95
37351,MH-19562,O21-M96
18527,MH-11082,O21-M97
9421,MH-5980,O21-M98
9422,MH-5981,O21-M99
7750,MH-4985,O21-M100
11989,MH-7504,O21-M101
11988,MH-7503,O21-M102
369,MH-220,O21-M103
13439,MH-8307,O21-M104
13438,MH-8306,O21-M105
29800,MH-16117,O21-M106
22169,MH-12964,O21-M107
47655,MH-22179,O21-M108
47652,MH-22178,O21-M109
8858,MH-5639,O21-M110
11329,MH-7111,O21-M111
14255,MH-8752,O21-M112
25622,MH-14470,O21-M113
28106,MH-15395,O21-M114
36705,MH-19280,O21-M115
279181,MH-23122,O21-M116
279178,MH-23121,O21-M117
279184,MH-23123,O21-M118
26865,MH-14913,O21-M119
26864,MH-14912,O21-M120
3086,MH-2015,O21-M121
3085,MH-2014,O21-M122
10200,MH-6449,O21-M123
10199,MH-6448,O21-M124
17662,MH-10619,O21-M125
17661,MH-10618,O21-M126
27525,MH-15165,O21-M127
19851,MH-11796,O21-M128
19850,MH-11795,O21-M129
17039,MH-10276,O21-M130
17040,MH-10277,O21-M131
25733,MH-14508,O21-M132
27948,MH-15329,O21-M133
35508,MH-18808,O21-M134
38262,MH-19942,O21-M135
38263,MH-19943,O21-M136
37831,MH-19769,O21-M137
37832,MH-19770,O21-M138
17359,MH-10453,O21-M139
17360,MH-10454,O21-M140
17505,MH-10530,O21-M141
36926,MH-19378,O21-M142
36152,MH-19059,O21-M143
36151,MH-19058,O21-M144
40492,MH-20728,O21-M145
40491,MH-20727,O21-M146
34714,MH-18466,O21-M147
47766,MH-22213,O21-M148
47764,MH-22212,O21-M149
47749,MH-22206,O21-M150
47761,MH-22211,O21-M151
47759,MH-22210,O21-M152
47740,MH-22202,O21-M153
47738,MH-22201,O21-M154
47736,MH-22200,O21-M155
10118,MH-6399,O21-M156
14183,MH-8713,O21-M157
37363,MH-19569,O21-M158
11450,MH-7183,O21-M159
11451,MH-7184,O21-M160
1553,MH-1005,O21-M161
18088,MH-10847,O21-M162
29096,MH-15812,O21-M163
1361,MH-878,O21-M164
35729,MH-18895,O21-M165
12847,MH-7985,O21-M166
660,MH-413,O21-M167
279091,MH-23093,O21-M168
279089,MH-23092,O21-M169
20933,MH-12361,O21-M170
7025,MH-4551,O21-M171
7026,MH-4552,O21-M172
30784,MH-16566,O21-M173
2532,MH-1651,O21-M174
2533,MH-1652,O21-M175
7040,MH-4560,O21-M176
45674,MH-21757,O21-M177
34713,MH-18465,O21-M178
3202,MH-2091,O21-M179
2518,MH-1642,O21-M180
4376,MH-2856,O21-M181
3525,MH-2302,O21-M182
1118,MH-717,O21-M183
22438,MH-13079,O21-M184
41608,MH-21067,O21-M185
44077,MH-21557,O21-M186
28080,MH-15383,O21-M187
21298,MH-12541,O21-M188
3250,MH-2122,O21-M189
3249,MH-2121,O21-M190
40330,MH-20674,O21-M191
2517,MH-1641,O21-M192
38482,MH-20031,O21-M193
3524,MH-2301,O21-M194
38469,MH-20025,O21-M195
26181,MH-14675,O21-M196
47751,MH-22207,O21-M197
47747,MH-22205,O21-M198
47745,MH-22204,O21-M199
47742,MH-22203,O21-M200
2367,MH-1542,O21-M201
9922,MH-6280,O21-M202
279075,MH-23088,O21-M203
34879,MH-18529,O21-M204
34880,MH-18530,O21-M205
26224,MH-14689,O21-M206
428,MH-259,O21-M207
38664,MH-20101,O21-M208
25551,MH-14440,O21-M209
29658,MH-16051,O21-M210
29657,MH-16050,O21-M211
29808,MH-16120,O21-M212
27806,MH-15273,O21-M213
40329,MH-20673,O21-M214
4293,MH-2803,O21-M215
13850,MH-8543,O21-M216
13849,MH-8542,O21-M217
24970,MH-14208,O21-M218
28507,MH-15563,O21-M219
28652,MH-15631,O21-M220
37314,MH-19547,O21-M221
41847,MH-21118,O21-M222
3095,MH-2021,O21-M223
3094,MH-2020,O21-M224
17268,MH-10403,O21-M225
17267,MH-10402,O21-M226
26195,MH-14679,O21-M227
37431,MH-19594,O21-M228
6267,MH-4082,O21-M229
6268,MH-4083,O21-M230
36350,MH-19136,O21-M231
27950,MH-15330,O21-M232
3219,MH-2102,O21-M233
4560,MH-2977,O21-M234
9380,MH-5956,O21-M235
44114,MH-21565,O21-M236
12412,MH-7743,O21-M237
29060,MH-15799,O21-M238
17513,MH-10534,O21-M239
37741,MH-19730,O21-M240
25180,MH-14290,O21-M241
25033,MH-14233,O21-M242
22761,MH-13235,O21-M243
279084,MH-23091,O21-M244
279082,MH-23090,O21-M245
6894,MH-4473,O21-M246
279080,MH-23089,O21-M247
19210,MH-11449,O21-M248
5496,MH-3585,O21-M249
10419,MH-6577,O21-M250
22760,MH-13234,O21-M251
6893,MH-4472,O21-M252
18644,MH-11148,O21-M253
9472,MH-6010,O21-M254
10089,MH-6381,O21-M255
10090,MH-6382,O21-M256
3395,MH-2217,O21-M257
20932,MH-12360,O21-M258
34716,MH-18467,O21-M259
15380,MH-9360,O21-M260
34994,MH-18578,O21-M261
9919,MH-6278,O21-M262
43957,MH-21542,O21-M263
40094,MH-20598,O21-M264
12329,MH-7697,O21-M265
12328,MH-7696,O21-M266
24271,MH-13907,O21-M267
34384,MH-18310,O21-M268
279102,MH-23097,O21-M269
279099,MH-23096,O21-M270
279096,MH-23095,O21-M271
279105,MH-23098,O21-M272
279094,MH-23094,O21-M273
26063,MH-14634,O21-M274
203471,MH-22603,O21-M275
36321,MH-19126,O21-M276
20542,MH-12156,O21-M277
20543,MH-12157,O21-M278
11603,MH-7277,O21-M279
8032,MH-5150,O21-M280
8031,MH-5149,O21-M281
2405,MH-1567,O21-M282
2404,MH-1566,O21-M283
36052,MH-19021,O21-M284
9367,MH-5948,O21-M285
9366,MH-5947,O21-M286
36208,MH-19083,O21-M287
47707,MH-22192,O21-M288
13023,MH-8074,O21-M289
24272,MH-13908,O21-M290
8087,MH-5184,O21-M291
8088,MH-5185,O21-M292
23158,MH-13419,O21-M293
5421,MH-3536,O21-M294
5422,MH-3537,O21-M295
19988,MH-11871,O21-M296
23836,MH-13720,O21-M297
19865,MH-11804,O21-M298
18306,MH-10966,O21-M299
18305,MH-10965,O21-M300
26782,MH-14882,O21-M301
37462,MH-19609,O21-M302
37461,MH-19608,O21-M303
40387,MH-20695,O21-M304
14673,MH-8978,O21-M305
14674,MH-8979,O21-M306
21604,MH-12695,O21-M307
21605,MH-12696,O21-M308
26062,MH-14633,O21-M309
25619,MH-14469,O21-M310
35390,MH-18759,O21-M311
30423,MH-16400,O21-M312
30424,MH-16401,O21-M313
14543,MH-8905,O21-M314
7836,MH-5034,O21-M315
7837,MH-5035,O21-M316
10815,MH-6803,O21-M317
21064,MH-12427,O21-M318
28526,MH-15570,O21-M319
27799,MH-15271,O21-M320
27798,MH-15270,O21-M321
14542,MH-8904,O21-M322
25516,MH-14426,O21-M323
13219,MH-8182,O21-M324
13480,MH-8332,O21-M325
13481,MH-8333,O21-M326
34230,MH-18237,O21-M327
1212,MH-779,O21-M328
34360,MH-18299,O21-M329
34361,MH-18300,O21-M330
18022,MH-10811,O21-M331
18023,MH-10812,O21-M332
34566,MH-18397,O21-M333
27841,MH-15289,O21-M334
4708,MH-3071,O21-M335
16359,MH-9899,O21-M336
15613,MH-9488,O21-M337
15612,MH-9487,O21-M338
33292,MH-17786,O21-M339
11604,MH-7278,O21-M340
20700,MH-12241,O21-M341
41628,MH-21070,O21-M342
32300,MH-17296,O21-M343
32299,MH-17295,O21-M344
35368,MH-18751,O21-M345
35852,MH-18945,O21-M346
33120,MH-17696,O21-M347
33119,MH-17695,O21-M348
36892,MH-19360,O21-M349
36891,MH-19359,O21-M350
44269,MH-21589,O21-M351
44268,MH-21588,O21-M352
36667,MH-19264,O21-M353
14722,MH-9005,O21-M354
44458,MH-21616,O21-M355
44304,MH-21593,O21-M356
34233,MH-18239,O21-M357
34232,MH-18238,O21-M358
34465,MH-18349,O21-M359
37321,MH-19550,O21-M360
38766,MH-20134,O21-M361
14670,MH-8977,O21-M362
14669,MH-8976,O21-M363
16784,MH-10134,O21-M364
16783,MH-10133,O21-M365
34358,MH-18298,O21-M366
34357,MH-18297,O21-M367
37766,MH-19740,O21-M368
34324,MH-18280,O21-M369
14529,MH-8898,O21-M370
7905,MH-5076,O21-M371
18984,MH-11325,O21-M372
18983,MH-11324,O21-M373
1659,MH-1075,O21-M374
35819,MH-18931,O21-M375
32267,MH-17280,O21-M376
32266,MH-17279,O21-M377
41050,MH-20915,O21-M378
32224,MH-17260,O21-M379
32223,MH-17259,O21-M380
41117,MH-20934,O21-M381
41659,MH-21077,O21-M382
39662,MH-20454,O21-M383
39661,MH-20453,O21-M384
21296,MH-12540,O21-M385
21295,MH-12539,O21-M386
40194,MH-20630,O21-M387
32539,MH-17420,O21-M388
32538,MH-17419,O21-M389
38100,MH-19877,O21-M390
38099,MH-19876,O21-M391
29043,MH-15795,O21-M392
29306,MH-15899,O21-M393
39030,MH-20219,O21-M394
40893,MH-20862,O21-M395
24490,MH-14005,O21-M396
26710,MH-14855,O21-M397
41347,MH-20996,O21-M398
16183,MH-9801,O21-M399
31863,MH-17085,O21-M400
38916,MH-20183,O21-M401
30760,MH-16555,O21-M402
17241,MH-10389,O21-M403
17240,MH-10388,O21-M404
34001,MH-18126,O21-M405
14137,MH-8686,O21-M406
14136,MH-8685,O21-M407
33648,MH-17955,O21-M408
33647,MH-17954,O21-M409
1310,MH-844,O21-M410
12631,MH-7866,O21-M411
27649,MH-15214,O21-M412
12600,MH-7849,O21-M413
12599,MH-7848,O21-M414
47247,MH-22071,O21-M415
47244,MH-22070,O21-M416
15140,MH-9233,O21-M417
8510,MH-5432,O21-M418
18001,MH-10801,O21-M419
17994,MH-10797,O21-M420
17995,MH-10798,O21-M421
22990,MH-13341,O21-M422
20479,MH-12122,O21-M423
13988,MH-8610,O21-M424
13989,MH-8611,O21-M425
2572,MH-1678,O21-M426
37954,MH-19822,O21-M427
37955,MH-19823,O21-M428
18945,MH-11305,O21-M429
18479,MH-11059,O21-M430
18478,MH-11058,O21-M431
9292,MH-5902,O21-M432
15804,MH-9597,O21-M433
11365,MH-7133,O21-M434
9837,MH-6231,O21-M435
12469,MH-7776,O21-M436
8202,MH-5254,O21-M437
21723,MH-12750,O21-M438
12009,MH-7515,O21-M439
10114,MH-6397,O21-M440
30134,MH-16272,O21-M441
31356,MH-16839,O21-M442
15289,MH-9313,O21-M443
15290,MH-9314,O21-M444
36562,MH-19218,O21-M445
36563,MH-19219,O21-M446
32027,MH-17157,O21-M447
16892,MH-10193,O21-M448
42331,MH-21244,O21-M449
10584,MH-6668,O21-M450
10585,MH-6669,O21-M451
9293,MH-5903,O21-M452
1908,MH-1239,O21-M453
1909,MH-1240,O21-M454
34860,MH-18521,O21-M455
19823,MH-11781,O21-M456
6478,MH-4215,O21-M457
36703,MH-19279,O21-M458
10422,MH-6578,O21-M459
173,MH-91,O21-M460
25370,MH-14364,O21-M461
30660,MH-16512,O21-M462
24250,MH-13897,O21-M463
24249,MH-13896,O21-M464
9958,MH-6301,O21-M465
11364,MH-7132,O21-M466
7555,MH-4868,O21-M467
7554,MH-4867,O21-M468
32715,MH-17503,O21-M469
10610,MH-6684,O21-M470
9836,MH-6230,O21-M471
13290,MH-8220,O21-M472
33192,MH-17734,O21-M473
33162,MH-17720,O21-M474
33131,MH-17702,O21-M475
1254,MH-807,O21-M476
34275,MH-18259,O21-M477
33160,MH-17719,O21-M478
33159,MH-17718,O21-M479
33221,MH-17746,O21-M480
10113,MH-6396,O21-M481
25451,MH-14397,O21-M482
18702,MH-11179,O21-M483
21560,MH-12671,O21-M484
27249,MH-15057,O21-M485
12857,MH-7991,O21-M486
12856,MH-7990,O21-M487
2268,MH-1477,O21-M488
19917,MH-11831,O21-M489
18807,MH-11234,O21-M490
13605,MH-8404,O21-M491
7649,MH-4926,O21-M492
29026,MH-15787,O21-M493
26957,MH-14948,O21-M494
21343,MH-12564,O21-M495
21344,MH-12565,O21-M496
3794,MH-2478,O21-M497
23187,MH-13430,O21-M498
17075,MH-10296,O21-M499
17076,MH-10297,O21-M500
23186,MH-13429,O21-M501
203468,MH-22602,O21-M502
27030,MH-14979,O21-M503
3976,MH-2598,O21-M504
7937,MH-5095,O21-M505
17764,MH-10671,O21-M506
11660,MH-7311,O21-M507
11661,MH-7312,O21-M508
19967,MH-11859,O21-M509
19968,MH-11860,O21-M510
31939,MH-17118,O21-M511
21559,MH-12670,O21-M512
21597,MH-12691,O21-M513
8668,MH-5525,O21-M514
20533,MH-12152,O21-M515
13051,MH-8090,O21-M516
13050,MH-8089,O21-M517
25965,MH-14593,O21-M518
23195,MH-13435,O21-M519
23194,MH-13434,O21-M520
12630,MH-7865,O21-M521
36555,MH-19214,O21-M522
5668,MH-3698,O21-M523
37043,MH-19429,O21-M524
37042,MH-19428,O21-M525
38219,MH-19927,O21-M526
32747,MH-17519,O21-M527
32746,MH-17518,O21-M528
36575,MH-19224,O21-M529
36574,MH-19223,O21-M530
45301,MH-21720,O21-M531
39001,MH-20209,O21-M532
34003,MH-18127,O21-M533
13749,MH-8487,O21-M534
27708,MH-15236,O21-M535
4831,MH-3152,O21-M536
4830,MH-3151,O21-M537
4636,MH-3024,O21-M538
20431,MH-12098,O21-M539
41988,MH-21157,O21-M540
16384,MH-9912,O21-M541
16385,MH-9913,O21-M542
39449,MH-20373,O21-M543
42829,MH-21345,O21-M544
9245,MH-5874,O21-M545
9246,MH-5875,O21-M546
11208,MH-7039,O21-M547
36701,MH-19278,O21-M548
38727,MH-20120,O21-M549
4409,MH-2878,O21-M550
26998,MH-14964,O21-M551
37817,MH-19762,O21-M552
35786,MH-18918,O21-M553
22550,MH-13133,O21-M554
4635,MH-3023,O21-M555
34603,MH-18413,O21-M556
34602,MH-18412,O21-M557
22453,MH-13086,O21-M558
35426,MH-18772,O21-M559
35588,MH-18837,O21-M560
34910,MH-18541,O21-M561
34909,MH-18540,O21-M562
39217,MH-20285,O21-M563
16344,MH-9892,O21-M564
16343,MH-9891,O21-M565
34389,MH-18313,O21-M566
37399,MH-19582,O21-M567
13643,MH-8427,O21-M568
20278,MH-12020,O21-M569
27679,MH-15226,O21-M570
25135,MH-14273,O21-M571
1524,MH-986,O21-M572
45388,MH-21727,O21-M573
6934,MH-4496,O21-M574
35252,MH-18692,O21-M575
35251,MH-18691,O21-M576
5187,MH-3384,O21-M577
18000,MH-10800,O21-M578
18978,MH-11322,O21-M579
5943,MH-3876,O21-M580
21249,MH-12516,O21-M581
21250,MH-12517,O21-M582
14642,MH-8961,O21-M583
5342,MH-3484,O21-M584
26219,MH-14687,O21-M585
20478,MH-12121,O21-M586
36078,MH-19032,O21-M587
18119,MH-10864,O21-M588
45396,MH-21728,O21-M589
29161,MH-15842,O21-M590
6397,MH-4165,O21-M591
6396,MH-4164,O21-M592
15965,MH-9686,O21-M593
15966,MH-9687,O21-M594
5124,MH-3343,O21-M595
5125,MH-3344,O21-M596
18651,MH-11152,O21-M597
18652,MH-11153,O21-M598
14866,MH-9082,O21-M599
6232,MH-4061,O21-M600
6231,MH-4060,O21-M601
32848,MH-17565,O21-M602
22607,MH-13162,O21-M603
20281,MH-12022,O21-M604
17885,MH-10738,O21-M605
7113,MH-4603,O21-M606
10041,MH-6352,O21-M607
3145,MH-2053,O21-M608
3146,MH-2054,O21-M609
16464,MH-9956,O21-M610
21441,MH-12613,O21-M611
21442,MH-12614,O21-M612
12982,MH-8054,O21-M613
12981,MH-8053,O21-M614
13583,MH-8393,O21-M615
707,MH-444,O21-M616
17615,MH-10592,O21-M617
8656,MH-5517,O21-M618
9000,MH-5726,O21-M619
7786,MH-5007,O21-M620
7785,MH-5006,O21-M621
35945,MH-18981,O21-M622
27924,MH-15320,O21-M623
8655,MH-5516,O21-M624
39203,MH-20282,O21-M625
35202,MH-18668,O21-M626
7005,MH-4539,O21-M627
18386,MH-11010,O21-M628
8113,MH-5200,O21-M629
23192,MH-13433,O21-M630
13091,MH-8110,O21-M631
22956,MH-13327,O21-M632
22366,MH-13048,O21-M633
13092,MH-8111,O21-M634
33862,MH-18063,O21-M635
33863,MH-18064,O21-M636
40143,MH-20617,O21-M637
32819,MH-17553,O21-M638
32820,MH-17554,O21-M639
14867,MH-9083,O21-M640
16381,MH-9911,O21-M641
7368,MH-4757,O21-M642
27108,MH-15008,O21-M643
14035,MH-8635,O21-M644
3185,MH-2080,O21-M645
3184,MH-2079,O21-M646
37254,MH-19524,O21-M647
19930,MH-11838,O21-M648
47251,MH-22072,O21-M649
18270,MH-10945,O21-M650
35995,MH-18999,O21-M651
14036,MH-8636,O21-M652
22699,MH-13204,O21-M653
22700,MH-13205,O21-M654
7367,MH-4756,O21-M655
35579,MH-18833,O21-M656
7112,MH-4602,O21-M657
1946,MH-1264,O21-M658
11440,MH-7177,O21-M659
17681,MH-10628,O21-M660
20305,MH-12035,O21-M661
47265,MH-22076,O21-M662
20452,MH-12108,O21-M663
31565,MH-16936,O21-M664
11439,MH-7176,O21-M665
44335,MH-21597,O21-M666
10040,MH-6351,O21-M667
39099,MH-20248,O21-M668
29382,MH-15929,O21-M669
29381,MH-15928,O21-M670
23905,MH-13750,O21-M671
20304,MH-12034,O21-M672
21448,MH-12616,O21-M673
1939,MH-1259,O21-M674
2089,MH-1358,O21-M675
37333,MH-19555,O21-M676
1304,MH-840,O21-M677
22460,MH-13088,O21-M678
39034,MH-20220,O21-M679
4042,MH-2640,O21-M680
15352,MH-9346,O21-M681
15351,MH-9345,O21-M682
16633,MH-10050,O21-M683
26568,MH-14803,O21-M684
35048,MH-18602,O21-M685
45738,MH-21764,O21-M686
21791,MH-12779,O21-M687
13275,MH-8212,O21-M688
19368,MH-11537,O21-M689
38949,MH-20191,O21-M690
17529,MH-10544,O21-M691
10502,MH-6623,O21-M692
36713,MH-19284,O21-M693
36817,MH-19324,O21-M694
44471,MH-21618,O21-M695
7618,MH-4907,O21-M696
277639,MH-22701,O21-M697
7619,MH-4908,O21-M698
22295,MH-13020,O21-M699
1781,MH-1156,O21-M700
40098,MH-20600,O21-M701
38817,MH-20152,O21-M702
33791,MH-18028,O21-M703
33790,MH-18027,O21-M704
13274,MH-8211,O21-M705
6862,MH-4454,O21-M706
6861,MH-4453,O21-M707
21188,MH-12489,O21-M708
8214,MH-5261,O21-M709
8213,MH-5260,O21-M710
17876,MH-10733,O21-M711
14178,MH-8710,O21-M712
4271,MH-2788,O21-M713
4272,MH-2789,O21-M714
17884,MH-10737,O21-M715
29012,MH-15779,O21-M716
27075,MH-14994,O21-M717
38067,MH-19864,O21-M718
9019,MH-5737,O21-M719
9020,MH-5738,O21-M720
3143,MH-2052,O21-M721
11379,MH-7141,O21-M722
21099,MH-12444,O21-M723
40283,MH-20660,O21-M724
3142,MH-2051,O21-M725
14177,MH-8709,O21-M726
13039,MH-8083,O21-M727
3954,MH-2583,O21-M728
3955,MH-2584,O21-M729
9363,MH-5945,O21-M730
9364,MH-5946,O21-M731
13038,MH-8082,O21-M732
23471,MH-13557,O21-M733
8922,MH-5678,O21-M734
8921,MH-5677,O21-M735
44731,MH-21648,O21-M736
24485,MH-14003,O21-M737
467,MH-285,O21-M738
11260,MH-7071,O21-M739
22294,MH-13019,O21-M740
19251,MH-11471,O21-M741
33243,MH-17759,O21-M742
20559,MH-12165,O21-M743
20560,MH-12166,O21-M744
21879,MH-12822,O21-M745
19344,MH-11524,O21-M746
11033,MH-6936,O21-M747
10263,MH-6485,O21-M748
9556,MH-6062,O21-M749
2003,MH-1302,O21-M750
21817,MH-12793,O21-M751
29247,MH-15877,O21-M752
27859,MH-15295,O21-M753
17375,MH-10463,O21-M754
17374,MH-10462,O21-M755
24663,MH-14083,O21-M756
16093,MH-9752,O21-M757
16092,MH-9751,O21-M758
22127,MH-12945,O21-M759
27871,MH-15301,O21-M760
11823,MH-7406,O21-M761
11824,MH-7407,O21-M762
15015,MH-9161,O21-M763
35563,MH-18828,O21-M764
5786,MH-3774,O21-M765
5787,MH-3775,O21-M766
20152,MH-11952,O21-M767
21174,MH-12482,O21-M768
11032,MH-6935,O21-M769
47315,MH-22093,O21-M770
10262,MH-6484,O21-M771
47312,MH-22092,O21-M772
24445,MH-13985,O21-M773
11647,MH-7304,O21-M774
11648,MH-7305,O21-M775
43111,MH-21404,O21-M776
19345,MH-11525,O21-M777
36440,MH-19169,O21-M778
21382,MH-12583,O21-M779
4400,MH-2872,O21-M780
18286,MH-10954,O21-M781
47318,MH-22094,O21-M782
27860,MH-15296,O21-M783
26795,MH-14888,O21-M784
21148,MH-12468,O21-M785
35375,MH-18754,O21-M786
2777,MH-1812,O21-M787
29468,MH-15968,O21-M788
27188,MH-15034,O21-M789
21147,MH-12467,O21-M790
2778,MH-1813,O21-M791
9792,MH-6203,O21-M792
29901,MH-16162,O21-M793
277370,MH-22674,O21-M794
26882,MH-14921,O21-M795
26881,MH-14920,O21-M796
31137,MH-16737,O21-M797
31136,MH-16736,O21-M798
14612,MH-8947,O21-M799
14611,MH-8946,O21-M800
5544,MH-3616,O21-M801
5543,MH-3615,O21-M802
20773,MH-12278,O21-M803
22126,MH-12944,O21-M804
42325,MH-21243,O21-M805
12028,MH-7525,O21-M806
12027,MH-7524,O21-M807
32983,MH-17629,O21-M808
43376,MH-21451,O21-M809
40846,MH-20847,O21-M810
25047,MH-14239,O21-M811
12772,MH-7943,O21-M812
12773,MH-7944,O21-M813
28095,MH-15390,O21-M814
21173,MH-12481,O21-M815
23530,MH-13584,O21-M816
13680,MH-8448,O21-M817
18085,MH-10845,O21-M818
22292,MH-13018,O21-M819
10126,MH-6404,O21-M820
19307,MH-11504,O21-M821
13508,MH-8349,O21-M822
13509,MH-8350,O21-M823
12438,MH-7757,O21-M824
13252,MH-8201,O21-M825
5819,MH-3796,O21-M826
17546,MH-10553,O21-M827
5316,MH-3468,O21-M828
5315,MH-3467,O21-M829
40365,MH-20689,O21-M830
47339,MH-22101,O21-M831
22291,MH-13017,O21-M832
42414,MH-21261,O21-M833
10125,MH-6403,O21-M834
28492,MH-15555,O21-M835
9251,MH-5878,O21-M836
19960,MH-11855,O21-M837
33924,MH-18090,O21-M838
14200,MH-8721,O21-M839
8410,MH-5375,O21-M840
8409,MH-5374,O21-M841
3054,MH-1994,O21-M842
12439,MH-7758,O21-M843
5818,MH-3795,O21-M844
41556,MH-21055,O21-M845
17138,MH-10330,O21-M846
47604,MH-22168,O21-M847
47602,MH-22167,O21-M848
21607,MH-12697,O21-M849
3611,MH-2359,O21-M850
5901,MH-3849,O21-M851
5902,MH-3850,O21-M852
5608,MH-3658,O21-M853
5609,MH-3659,O21-M854
16481,MH-9965,O21-M855
4322,MH-2821,O21-M856
21266,MH-12525,O21-M857
21267,MH-12526,O21-M858
23821,MH-13715,O21-M859
12157,MH-7601,O21-M860
12158,MH-7602,O21-M861
19479,MH-11597,O21-M862
13976,MH-8605,O21-M863
14105,MH-8669,O21-M864
14104,MH-8668,O21-M865
19756,MH-11744,O21-M866
12147,MH-7595,O21-M867
12146,MH-7594,O21-M868
24992,MH-14219,O21-M869
38537,MH-20050,O21-M870
47612,MH-22171,O21-M871
47610,MH-22170,O21-M872
2343,MH-1526,O21-M873
2342,MH-1525,O21-M874
30872,MH-16608,O21-M875
7865,MH-5052,O21-M876
9727,MH-6164,O21-M877
10549,MH-6649,O21-M878
3499,MH-2285,O21-M879
10460,MH-6600,O21-M880
9511,MH-6033,O21-M881
9512,MH-6034,O21-M882
12735,MH-7922,O21-M883
7864,MH-5051,O21-M884
11409,MH-7158,O21-M885
4236,MH-2765,O21-M886
3610,MH-2358,O21-M887
6583,MH-4282,O21-M888
6582,MH-4281,O21-M889
9250,MH-5877,O21-M890
138,MH-68,O21-M891
6855,MH-4449,O21-M892
6856,MH-4450,O21-M893
15064,MH-9189,O21-M894
15065,MH-9190,O21-M895
31915,MH-17108,O21-M896
32950,MH-17613,O21-M897
34289,MH-18263,O21-M898
38104,MH-19879,O21-M899
1275,MH-821,O21-M900
28037,MH-15367,O21-M901
16895,MH-10195,O21-M902
4531,MH-2958,O21-M903
4532,MH-2959,O21-M904
13277,MH-8213,O21-M905
10177,MH-6435,O21-M906
10178,MH-6436,O21-M907
21218,MH-12503,O21-M908
21219,MH-12504,O21-M909
37394,MH-19581,O21-M910
2497,MH-1628,O21-M911
7007,MH-4540,O21-M912
29404,MH-15939,O21-M913
16658,MH-10064,O21-M914
16659,MH-10065,O21-M915
19645,MH-11687,O21-M916
17027,MH-10270,O21-M917
13515,MH-8352,O21-M918
13516,MH-8353,O21-M919
40516,MH-20738,O21-M920
40236,MH-20644,O21-M921
40237,MH-20645,O21-M922
5064,MH-3304,O21-M923
13046,MH-8087,O21-M924
5065,MH-3305,O21-M925
32004,MH-17148,O21-M926
23248,MH-13458,O21-M927
19467,MH-11590,O21-M928
14428,MH-8845,O21-M929
9227,MH-5862,O21-M930
9228,MH-5863,O21-M931
5481,MH-3575,O21-M932
5480,MH-3574,O21-M933
40300,MH-20663,O21-M934
30988,MH-16665,O21-M935
30989,MH-16666,O21-M936
42267,MH-21229,O21-M937
29715,MH-16076,O21-M938
18128,MH-10869,O21-M939
13936,MH-8585,O21-M940
16894,MH-10194,O21-M941
28862,MH-15718,O21-M942
16022,MH-9715,O21-M943
16023,MH-9716,O21-M944
33454,MH-17864,O21-M945
21401,MH-12593,O21-M946
21402,MH-12594,O21-M947
10170,MH-6431,O21-M948
10171,MH-6432,O21-M949
20788,MH-12286,O21-M950
28177,MH-15419,O21-M951
10321,MH-6520,O21-M952
8068,MH-5172,O21-M953
8069,MH-5173,O21-M954
4205,MH-2745,O21-M955
1293,MH-833,O21-M956
19644,MH-11686,O21-M957
564,MH-350,O21-M958
563,MH-349,O21-M959
27102,MH-15007,O21-M960
24476,MH-13999,O21-M961
39982,MH-20558,O21-M962
6804,MH-4420,O21-M963
2453,MH-1599,O21-M964
17026,MH-10269,O21-M965
13045,MH-8086,O21-M966
21644,MH-12715,O21-M967
21643,MH-12714,O21-M968
31667,MH-16985,O21-M969
37661,MH-19694,O21-M970
24920,MH-14191,O21-M971
13975,MH-8604,O21-M972
6240,MH-4066,O21-M973
6241,MH-4067,O21-M974
5020,MH-3275,O21-M975
5021,MH-3276,O21-M976
27571,MH-15185,O21-M977
23412,MH-13527,O21-M978
12268,MH-7663,O21-M979
3381,MH-2208,O21-M980
3380,MH-2207,O21-M981
46189,MH-21817,O21-M982
12267,MH-7662,O21-M983
18458,MH-11048,O21-M984
2904,MH-1896,O21-M985
9726,MH-6163,O21-M986
28708,MH-15652,O21-M987
21009,MH-12400,O21-M988
3500,MH-2286,O21-M989
9413,MH-5975,O21-M990
5383,MH-3511,O21-M991
41168,MH-20949,O21-M992
39051,MH-20225,O21-M993
9391,MH-5962,O21-M994
9392,MH-5963,O21-M995
34463,MH-18348,O21-M996
41793,MH-21107,O21-M997
12085,MH-7559,O21-M998
6194,MH-4036,O21-M999
20473,MH-12119,O21-M1000
29217,MH-15865,O21-M1001
27573,MH-15186,O21-M1002
10872,MH-6838,O21-M1003
10873,MH-6839,O21-M1004
34787,MH-18500,O21-M1005
14503,MH-8886,O21-M1006
290,MH-168,O21-M1007
188,MH-101,O21-M1008
33642,MH-17951,O21-M1009
23052,MH-13370,O21-M1010
21081,MH-12436,O21-M1011
6193,MH-4035,O21-M1012
26115,MH-14651,O21-M1013
23999,MH-13793,O21-M1014
9287,MH-5899,O21-M1015
4705,MH-3069,O21-M1016
46246,MH-21822,O21-M1017
21530,MH-12656,O21-M1018
23519,MH-13579,O21-M1019
1230,MH-791,O21-M1020
1229,MH-790,O21-M1021
24414,MH-13972,O21-M1022
1629,MH-1055,O21-M1023
1628,MH-1054,O21-M1024
5731,MH-3739,O21-M1025
5730,MH-3738,O21-M1026
16859,MH-10174,O21-M1027
31817,MH-17061,O21-M1028
16685,MH-10079,O21-M1029
11516,MH-7223,O21-M1030
20111,MH-11931,O21-M1031
277630,MH-22700,O21-M1032
15480,MH-9417,O21-M1033
6260,MH-4078,O21-M1034
9748,MH-6177,O21-M1035
9747,MH-6176,O21-M1036
10290,MH-6501,O21-M1037
10289,MH-6500,O21-M1038
13572,MH-8387,O21-M1039
19427,MH-11568,O21-M1040
2594,MH-1692,O21-M1041
18103,MH-10855,O21-M1042
12011,MH-7516,O21-M1043
9002,MH-5727,O21-M1044
47364,MH-22107,O21-M1045
17073,MH-10295,O21-M1046
21611,MH-12699,O21-M1047
5236,MH-3416,O21-M1048
176,MH-93,O21-M1049
7010,MH-4542,O21-M1050
7009,MH-4541,O21-M1051
16387,MH-9914,O21-M1052
11515,MH-7222,O21-M1053
8101,MH-5193,O21-M1054
8100,MH-5192,O21-M1055
21781,MH-12776,O21-M1056
17260,MH-10399,O21-M1057
27647,MH-15213,O21-M1058
15233,MH-9284,O21-M1059
28534,MH-15575,O21-M1060
14827,MH-9060,O21-M1061
1906,MH-1238,O21-M1062
10346,MH-6535,O21-M1063
10345,MH-6534,O21-M1064
35940,MH-18980,O21-M1065
31573,MH-16941,O21-M1066
31572,MH-16940,O21-M1067
11806,MH-7398,O21-M1068
11805,MH-7397,O21-M1069
43289,MH-21434,O21-M1070
2905,MH-1897,O21-M1071
15870,MH-9634,O21-M1072
37886,MH-19792,O21-M1073
37885,MH-19791,O21-M1074
34852,MH-18518,O21-M1075
28179,MH-15420,O21-M1076
28180,MH-15421,O21-M1077
17703,MH-10638,O21-M1078
6599,MH-4292,O21-M1079
6600,MH-4293,O21-M1080
16904,MH-10200,O21-M1081
7680,MH-4944,O21-M1082
7681,MH-4945,O21-M1083
14526,MH-8897,O21-M1084
13156,MH-8145,O21-M1085
13157,MH-8146,O21-M1086
11431,MH-7171,O21-M1087
10791,MH-6790,O21-M1088
20743,MH-12265,O21-M1089
11064,MH-6953,O21-M1090
16567,MH-10013,O21-M1091
19827,MH-11783,O21-M1092
4417,MH-2883,O21-M1093
17606,MH-10587,O21-M1094
30189,MH-16296,O21-M1095
5235,MH-3415,O21-M1096
22344,MH-13039,O21-M1097
4418,MH-2884,O21-M1098
47361,MH-22106,O21-M1099
29597,MH-16022,O21-M1100
10790,MH-6789,O21-M1101
24170,MH-13864,O21-M1102
24171,MH-13865,O21-M1103
21756,MH-12763,O21-M1104
39830,MH-20510,O21-M1105
29032,MH-15790,O21-M1106
15052,MH-9183,O21-M1107
1958,MH-1272,O21-M1108
2444,MH-1593,O21-M1109
19694,MH-11711,O21-M1110
13795,MH-8512,O21-M1111
28713,MH-15655,O21-M1112
5487,MH-3579,O21-M1113
23153,MH-13417,O21-M1114
19885,MH-11814,O21-M1115
11038,MH-6939,O21-M1116
7855,MH-5046,O21-M1117
29406,MH-15940,O21-M1118
998,MH-637,O21-M1119
28736,MH-15666,O21-M1120
5946,MH-3878,O21-M1121
35,MH-1,O21-M1122
936,MH-596,O21-M1123
935,MH-595,O21-M1124
26772,MH-14878,O21-M1125
25000,MH-14222,O21-M1126
47438,MH-22132,O21-M1127
34926,MH-18547,O21-M1128
42791,MH-21342,O21-M1129
39059,MH-20229,O21-M1130
9476,MH-6012,O21-M1131
9477,MH-6013,O21-M1132
21757,MH-12764,O21-M1133
27844,MH-15290,O21-M1134
41125,MH-20937,O21-M1135
21301,MH-12542,O21-M1136
3421,MH-2234,O21-M1137
5525,MH-3604,O21-M1138
20170,MH-11962,O21-M1139
20169,MH-11961,O21-M1140
8240,MH-5277,O21-M1141
8239,MH-5276,O21-M1142
22821,MH-13263,O21-M1143
22822,MH-13264,O21-M1144
10973,MH-6898,O21-M1145
10974,MH-6899,O21-M1146
279031,MH-23073,O21-M1147
279029,MH-23072,O21-M1148
12312,MH-7686,O21-M1149
12313,MH-7687,O21-M1150
273,MH-157,O21-M1151
453,MH-276,O21-M1152
16619,MH-10042,O21-M1153
9759,MH-6183,O21-M1154
9758,MH-6182,O21-M1155
23676,MH-13648,O21-M1156
23677,MH-13649,O21-M1157
21245,MH-12514,O21-M1158
12720,MH-7913,O21-M1159
20937,MH-12363,O21-M1160
10095,MH-6385,O21-M1161
10094,MH-6384,O21-M1162
21615,MH-12701,O21-M1163
2593,MH-1691,O21-M1164
5916,MH-3859,O21-M1165
5917,MH-3860,O21-M1166
18162,MH-10888,O21-M1167
18161,MH-10887,O21-M1168
1281,MH-825,O21-M1169
12955,MH-8039,O21-M1170
9942,MH-6292,O21-M1171
9941,MH-6291,O21-M1172
10173,MH-6433,O21-M1173
17771,MH-10675,O21-M1174
17121,MH-10321,O21-M1175
11581,MH-7263,O21-M1176
14922,MH-9112,O21-M1177
39502,MH-20396,O21-M1178
10107,MH-6392,O21-M1179
10108,MH-6393,O21-M1180
12820,MH-7971,O21-M1181
8063,MH-5169,O21-M1182
8062,MH-5168,O21-M1183
5486,MH-3578,O21-M1184
20274,MH-12019,O21-M1185
17772,MH-10676,O21-M1186
23039,MH-13364,O21-M1187
28843,MH-15713,O21-M1188
19886,MH-11815,O21-M1189
13178,MH-8157,O21-M1190
12768,MH-7941,O21-M1191
280,MH-162,O21-M1192
17208,MH-10370,O21-M1193
29920,MH-16170,O21-M1194
7854,MH-5045,O21-M1195
12769,MH-7942,O21-M1196
30453,MH-16414,O21-M1197
5945,MH-3877,O21-M1198
35604,MH-18844,O21-M1199
26458,MH-14769,O21-M1200
18003,MH-10802,O21-M1201
41963,MH-21150,O21-M1202
1460,MH-944,O21-M1203
26603,MH-14818,O21-M1204
40024,MH-20571,O21-M1205
11257,MH-7069,O21-M1206
11258,MH-7070,O21-M1207
40437,MH-20707,O21-M1208
40438,MH-20708,O21-M1209
38693,MH-20110,O21-M1210
18462,MH-11050,O21-M1211
18463,MH-11051,O21-M1212
30747,MH-16549,O21-M1213
30746,MH-16548,O21-M1214
31992,MH-17142,O21-M1215
34605,MH-18414,O21-M1216
20890,MH-12338,O21-M1217
8120,MH-5204,O21-M1218
4746,MH-3096,O21-M1219
4745,MH-3095,O21-M1220
614,MH-382,O21-M1221
615,MH-383,O21-M1222
11621,MH-7289,O21-M1223
11620,MH-7288,O21-M1224
38304,MH-19960,O21-M1225
42677,MH-21321,O21-M1226
8119,MH-5203,O21-M1227
42205,MH-21212,O21-M1228
23863,MH-13732,O21-M1229
9528,MH-6044,O21-M1230
9527,MH-6043,O21-M1231
29655,MH-16049,O21-M1232
45244,MH-21713,O21-M1233
26265,MH-14705,O21-M1234
23791,MH-13702,O21-M1235
35898,MH-18964,O21-M1236
24334,MH-13936,O21-M1237
24333,MH-13935,O21-M1238
16420,MH-9932,O21-M1239
1595,MH-1033,O21-M1240
9405,MH-5970,O21-M1241
13398,MH-8282,O21-M1242
13397,MH-8281,O21-M1243
40787,MH-20829,O21-M1244
277414,MH-22686,O21-M1245
1594,MH-1032,O21-M1246
26661,MH-14837,O21-M1247
26669,MH-14840,O21-M1248
8872,MH-5648,O21-M1249
38045,MH-19856,O21-M1250
24699,MH-14100,O21-M1251
152,MH-77,O21-M1252
15461,MH-9405,O21-M1253
39368,MH-20340,O21-M1254
31962,MH-17128,O21-M1255
11250,MH-7065,O21-M1256
21695,MH-12737,O21-M1257
21696,MH-12738,O21-M1258
4904,MH-3199,O21-M1259
4905,MH-3200,O21-M1260
12175,MH-7612,O21-M1261
3045,MH-1988,O21-M1262
8344,MH-5338,O21-M1263
7749,MH-4984,O21-M1264
43073,MH-21394,O21-M1265
38197,MH-19919,O21-M1266
38196,MH-19918,O21-M1267
21022,MH-12407,O21-M1268
24011,MH-13797,O21-M1269
39200,MH-20281,O21-M1270
20846,MH-12317,O21-M1271
75,MH-27,O21-M1272
5161,MH-3367,O21-M1273
44978,MH-21684,O21-M1274
21021,MH-12406,O21-M1275
21461,MH-12622,O21-M1276
32833,MH-17559,O21-M1277
8329,MH-5329,O21-M1278
8330,MH-5330,O21-M1279
7003,MH-4538,O21-M1280
12174,MH-7611,O21-M1281
17237,MH-10387,O21-M1282
12244,MH-7649,O21-M1283
12245,MH-7650,O21-M1284
17236,MH-10386,O21-M1285
11249,MH-7064,O21-M1286
22168,MH-12963,O21-M1287
11255,MH-7068,O21-M1288
8829,MH-5621,O21-M1289
11293,MH-7090,O21-M1290
8857,MH-5638,O21-M1291
10136,MH-6410,O21-M1292
8079,MH-5179,O21-M1293
8078,MH-5178,O21-M1294
10135,MH-6409,O21-M1295
12656,MH-7880,O21-M1296
12354,MH-7710,O21-M1297
12844,MH-7984,O21-M1298
8340,MH-5336,O21-M1299
8339,MH-5335,O21-M1300
42105,MH-21188,O21-M1301
33216,MH-17745,O21-M1302
13133,MH-8133,O21-M1303
33311,MH-17797,O21-M1304
10834,MH-6814,O21-M1305
33580,MH-17921,O21-M1306
1120,MH-718,O21-M1307
13441,MH-8308,O21-M1308
277305,MH-22653,O21-M1309
18312,MH-10969,O21-M1310
16376,MH-9908,O21-M1311
16377,MH-9909,O21-M1312
8634,MH-5503,O21-M1313
8635,MH-5504,O21-M1314
685,MH-429,O21-M1315
14876,MH-9087,O21-M1316
17522,MH-10540,O21-M1317
6539,MH-4253,O21-M1318
6540,MH-4254,O21-M1319
5365,MH-3499,O21-M1320
15152,MH-9239,O21-M1321
15153,MH-9240,O21-M1322
9827,MH-6224,O21-M1323
9828,MH-6225,O21-M1324
7986,MH-5124,O21-M1325
7987,MH-5125,O21-M1326
35161,MH-18649,O21-M1327
8805,MH-5606,O21-M1328
8806,MH-5607,O21-M1329
36420,MH-19162,O21-M1330
15463,MH-9406,O21-M1331
15464,MH-9407,O21-M1332
47699,O-14,O22
5866,MH-3827,O22-M1
5865,MH-3826,O22-M2
42537,MH-21289,O22-M3
5845,MH-3813,O22-M4
5844,MH-3812,O22-M5
34155,MH-18200,O22-M6
37612,MH-19673,O22-M7
37611,MH-19672,O22-M8
13110,MH-8120,O22-M9
15881,MH-9640,O22-M10
33707,MH-17983,O22-M11
33706,MH-17982,O22-M12
35953,MH-18984,O22-M13
9129,MH-5804,O22-M14
9128,MH-5803,O22-M15
36024,MH-19009,O22-M16
39345,MH-20330,O22-M17
34564,MH-18396,O22-M18
278383,MH-22885,O22-M19
34563,MH-18395,O22-M20
34858,MH-18520,O22-M21
33654,MH-17958,O22-M22
33653,MH-17957,O22-M23
2495,MH-1627,O22-M24
15334,MH-9337,O22-M25
16077,MH-9742,O22-M26
16752,MH-10117,O22-M27
16751,MH-10116,O22-M28
277272,MH-22644,O22-M29
22732,MH-13221,O22-M30
5857,MH-3821,O22-M31
15250,MH-9293,O22-M32
37068,MH-19441,O22-M33
20005,MH-11881,O22-M34
47241,MH-22069,O22-M35
22244,MH-12997,O22-M36
37930,MH-19811,O22-M37
22908,MH-13306,O22-M38
21655,MH-12721,O22-M39
21654,MH-12720,O22-M40
37124,MH-19467,O22-M41
37123,MH-19466,O22-M42
37603,MH-19668,O22-M43
37602,MH-19667,O22-M44
37261,MH-19528,O22-M45
37260,MH-19527,O22-M46
21571,MH-12678,O22-M47
7045,MH-4562,O22-M48
24961,MH-14206,O22-M49
19764,MH-11749,O22-M50
19765,MH-11750,O22-M51
22288,MH-13016,O22-M52
9860,MH-6244,O22-M53
13506,MH-8348,O22-M54
20721,MH-12253,O22-M55
20720,MH-12252,O22-M56
24214,MH-13884,O22-M57
20137,MH-11944,O22-M58
15130,MH-9229,O22-M59
38783,MH-20138,O22-M60
5320,MH-3470,O22-M61
5321,MH-3471,O22-M62
25758,MH-14518,O22-M63
9645,MH-6114,O22-M64
9646,MH-6115,O22-M65
19134,MH-11407,O22-M66
19523,MH-11622,O22-M67
19524,MH-11623,O22-M68
9233,MH-5866,O22-M69
9234,MH-5867,O22-M70
17844,MH-10715,O22-M71
14310,MH-8780,O22-M72
14309,MH-8779,O22-M73
36135,MH-19052,O22-M74
42065,MH-21177,O22-M75
42064,MH-21176,O22-M76
20266,MH-12015,O22-M77
20267,MH-12016,O22-M78
9859,MH-6243,O22-M79
26192,MH-14678,O22-M80
13505,MH-8347,O22-M81
24213,MH-13883,O22-M82
21214,MH-12501,O22-M83
36510,MH-19193,O22-M84
27518,MH-15162,O22-M85
25878,MH-14563,O22-M86
25879,MH-14564,O22-M87
16941,MH-10222,O22-M88
4382,MH-2860,O22-M89
4381,MH-2859,O22-M90
19871,MH-11807,O22-M91
44752,MH-21652,O22-M92
278387,MH-22886,O22-M93
278390,MH-22887,O22-M94
278393,MH-22888,O22-M95
16458,MH-9953,O22-M96
4645,MH-3030,O22-M97
18980,MH-11323,O22-M98
16611,MH-10037,O22-M99
16610,MH-10036,O22-M100
4644,MH-3029,O22-M101
36042,MH-19018,O22-M102
278397,MH-22889,O22-M103
278400,MH-22890,O22-M104
278403,MH-22891,O22-M105
26272,MH-14708,O22-M106
278407,MH-22892,O22-M107
26271,MH-14707,O22-M108
16459,MH-9954,O22-M109
23344,MH-13500,O22-M110
23808,MH-13710,O22-M111
5741,MH-3745,O22-M112
5742,MH-3746,O22-M113
13806,MH-8517,O22-M114
13807,MH-8518,O22-M115
20848,MH-12318,O22-M116
10366,MH-6546,O22-M117
20108,MH-11930,O22-M118
20107,MH-11929,O22-M119
21884,MH-12823,O22-M120
278412,MH-22894,O22-M121
278416,MH-22895,O22-M122
20508,MH-12138,O22-M123
16704,MH-10091,O22-M124
4508,MH-2943,O22-M125
29483,MH-15974,O22-M126
38632,MH-20087,O22-M127
14577,MH-8926,O22-M128
14578,MH-8927,O22-M129
26045,MH-14626,O22-M130
5856,MH-3820,O22-M131
5690,MH-3712,O22-M132
14170,MH-8705,O22-M133
14171,MH-8706,O22-M134
11777,MH-7380,O22-M135
11776,MH-7379,O22-M136
21941,MH-12853,O22-M137
5691,MH-3713,O22-M138
277269,MH-22643,O22-M139
21940,MH-12852,O22-M140
22867,MH-13287,O22-M141
11879,MH-7439,O22-M142
11880,MH-7440,O22-M143
20004,MH-11880,O22-M144
47706,O-15,O23
45251,MH-21714,O23-M1
36839,MH-19336,O23-M2
36840,MH-19337,O23-M3
41308,MH-20986,O23-M4
46066,MH-21803,O23-M5
43549,MH-21474,O23-M6
35040,MH-18598,O23-M7
20870,MH-12328,O23-M8
47701,MH-22190,O23-M9
20871,MH-12329,O23-M10
40921,MH-20872,O23-M11
45327,MH-21723,O23-M12
45823,MH-21773,O23-M13
45274,MH-21718,O23-M14
39644,MH-20445,O23-M15
39645,MH-20446,O23-M16
37015,MH-19418,O23-M17
8756,MH-5577,O23-M18
8757,MH-5578,O23-M19
39259,MH-20303,O23-M20
44264,MH-21587,O23-M21
45920,MH-21784,O23-M22
44532,MH-21625,O23-M23
279007,MH-23065,O23-M24
279010,MH-23066,O23-M25
44445,MH-21613,O23-M26
20597,MH-12186,O23-M27
20598,MH-12187,O23-M28
35854,MH-18946,O23-M29
40350,MH-20683,O23-M30
40351,MH-20684,O23-M31
44236,MH-21583,O23-M32
41570,MH-21059,O23-M33
41571,MH-21060,O23-M34
36026,MH-19010,O23-M35
36027,MH-19011,O23-M36
19029,MH-11351,O23-M37
19030,MH-11352,O23-M38
279116,MH-13532-5,O23-M39
279115,MH-13532-4,O23-M40
279114,MH-13532-3,O23-M41
279113,MH-13532-2,O23-M42
279112,MH-13532-1,O23-M43
23422,MH-13532,O23-M44
39387,MH-20349,O23-M45
39388,MH-20350,O23-M46
39295,MH-20315,O23-M47
39296,MH-20316,O23-M48
37951,MH-19820,O23-M49
37952,MH-19821,O23-M50
11501,MH-7214,O23-M51
11502,MH-7215,O23-M52
279025,MH-23071,O23-M53
279022,MH-23070,O23-M54
46640,MH-21875,O23-M55
279130,MH-23106,O23-M56
279162,MH-23116,O23-M57
279159,MH-23115,O23-M58
3182,MH-2078,O23-M59
3181,MH-2077,O23-M60
35469,MH-18792,O23-M61
37326,MH-19553,O23-M62
37325,MH-19552,O23-M63
279153,MH-23113,O23-M64
279150,MH-23112,O23-M65
21255,MH-12520,O23-M66
21254,MH-12519,O23-M67
37687,MH-19707,O23-M68
44405,MH-21606,O23-M69
41975,MH-21154,O23-M70
41974,MH-21153,O23-M71
279156,MH-23114,O23-M72
34702,MH-18459,O23-M73
34703,MH-18460,O23-M74
39103,MH-20249,O23-M75
28749,MH-15673,O23-M76
43437,MH-21460,O23-M77
37442,MH-19600,O23-M78
37441,MH-19599,O23-M79
279127,MH-23105,O23-M80
279124,MH-23104,O23-M81
46655,MH-21881,O23-M82
279174,MH-23120,O23-M83
279171,MH-23119,O23-M84
279168,MH-23118,O23-M85
279165,MH-23117,O23-M86
46657,MH-21882,O23-M87
279147,MH-23111,O23-M88
279144,MH-23110,O23-M89
279141,MH-23109,O23-M90
279138,MH-23108,O23-M91
46649,MH-21879,O23-M92
279013,MH-23067,O23-M93
279016,MH-23068,O23-M94
279019,MH-23069,O23-M95
28750,MH-15674,O23-M96
28213,MH-15434,O23-M97
36066,MH-19026,O23-M98
36065,MH-19025,O23-M99
40415,MH-20701,O23-M100
42207,MH-21213,O23-M101
44771,MH-21655,O23-M102
35884,MH-18960,O23-M103
35883,MH-18959,O23-M104
44002,MH-21549,O23-M105
22401,MH-13064,O23-M106
38609,MH-20078,O23-M107
23421,MH-13531,O23-M108
39598,MH-20429,O23-M109
47854,O-5,O24
15772,MH-9579,O24-M1
19371,MH-11539,O24-M2
19370,MH-11538,O24-M3
23236,MH-13452,O24-M4
23237,MH-13453,O24-M5
39970,MH-20554,O24-M6
42360,MH-21250,O24-M7
40802,MH-20834,O24-M8
40803,MH-20835,O24-M9
29118,MH-15825,O24-M10
11606,MH-7279,O24-M11
11607,MH-7280,O24-M12
23925,MH-13759,O24-M13
35606,MH-18845,O24-M14
35607,MH-18846,O24-M15
10359,MH-6542,O24-M16
10360,MH-6543,O24-M17
24585,MH-14045,O24-M18
38428,MH-20010,O24-M19
9284,MH-5897,O24-M20
9285,MH-5898,O24-M21
25002,MH-14223,O24-M22
15078,MH-9198,O24-M23
15077,MH-9197,O24-M24
23380,MH-13513,O24-M25
13593,MH-8398,O24-M26
82,MH-32,O24-M27
12901,MH-8012,O24-M28
18142,MH-10876,O24-M29
25679,MH-14488,O24-M30
21538,MH-12659,O24-M31
13561,MH-8381,O24-M32
11046,MH-6943,O24-M33
11047,MH-6944,O24-M34
814,MH-515,O24-M35
13926,MH-8580,O24-M36
4648,MH-3032,O24-M37
27210,MH-15044,O24-M38
1463,MH-946,O24-M39
14163,MH-8701,O24-M40
208,MH-114,O24-M41
19609,MH-11671,O24-M42
1352,MH-872,O24-M43
745,MH-469,O24-M44
18878,MH-11271,O24-M45
1695,MH-1099,O24-M46
12907,MH-8014,O24-M47
24196,MH-13876,O24-M48
24195,MH-13875,O24-M49
4480,MH-2925,O24-M50
4479,MH-2924,O24-M51
13336,MH-8248,O24-M52
13335,MH-8247,O24-M53
11850,MH-7422,O24-M54
11851,MH-7423,O24-M55
15771,MH-9578,O24-M56
46492,MH-21840,O24-M57
46571,MH-21853,O24-M58
46570,MH-21852,O24-M59
46551,MH-21848,O24-M60
46550,MH-21847,O24-M61
31423,MH-16873,O24-M62
31422,MH-16872,O24-M63
42484,MH-21279,O24-M64
10927,MH-6872,O24-M65
23805,MH-13709,O24-M66
24344,MH-13941,O24-M67
41721,MH-21090,O24-M68
39391,MH-20352,O24-M69
39390,MH-20351,O24-M70
30208,MH-16307,O24-M71
30207,MH-16306,O24-M72
26200,MH-14680,O24-M73
3957,MH-2585,O24-M74
3958,MH-2586,O24-M75
10926,MH-6871,O24-M76
39535,MH-20409,O24-M77
41115,MH-20933,O24-M78
41127,MH-20938,O24-M79
39520,MH-20403,O24-M80
39519,MH-20402,O24-M81
29818,MH-16124,O24-M82
23489,MH-13566,O24-M83
23488,MH-13565,O24-M84
23497,MH-13569,O24-M85
24331,MH-13934,O24-M86
27237,MH-15053,O24-M87
23775,MH-13694,O24-M88
5002,MH-3263,O24-M89
5003,MH-3264,O24-M90
21900,MH-12832,O24-M91
27964,MH-15336,O24-M92
22130,MH-12946,O24-M93
27568,MH-15184,O24-M94
23776,MH-13695,O24-M95
24330,MH-13933,O24-M96
26817,MH-14896,O24-M97
22555,MH-13136,O24-M98
8722,MH-5556,O24-M99
8721,MH-5555,O24-M100
14374,MH-8813,O24-M101
24785,MH-14138,O24-M102
17599,MH-10583,O24-M103
24771,MH-14132,O24-M104
9789,MH-6201,O24-M105
9790,MH-6202,O24-M106
17630,MH-10600,O24-M107
21338,MH-12562,O24-M108
21337,MH-12561,O24-M109
35060,MH-18605,O24-M110
25365,MH-14362,O24-M111
17920,MH-10759,O24-M112
17919,MH-10758,O24-M113
19559,MH-11643,O24-M114
18686,MH-11171,O24-M115
14373,MH-8812,O24-M116
19169,MH-11427,O24-M117
47864,MH-22248,O24-M118
47862,MH-22247,O24-M119
27814,MH-15277,O24-M120
22756,MH-13232,O24-M121
22757,MH-13233,O24-M122
27590,MH-15192,O24-M123
23509,MH-13574,O24-M124
19168,MH-11426,O24-M125
19684,MH-11706,O24-M126
20385,MH-12077,O24-M127
8611,MH-5490,O24-M128
26823,MH-14899,O24-M129
10646,MH-6705,O24-M130
36952,MH-19391,O24-M131
8610,MH-5489,O24-M132
16931,MH-10216,O24-M133
16930,MH-10215,O24-M134
18989,MH-11328,O24-M135
19309,MH-11505,O24-M136
25064,MH-14248,O24-M137
10593,MH-6673,O24-M138
10594,MH-6674,O24-M139
9711,MH-6154,O24-M140
37071,MH-19442,O24-M141
9710,MH-6153,O24-M142
18220,MH-10920,O24-M143
15459,MH-9404,O24-M144
12574,MH-7835,O24-M145
22942,MH-13320,O24-M146
3522,MH-2300,O24-M147
3521,MH-2299,O24-M148
38122,MH-19887,O24-M149
26562,MH-14801,O24-M150
47849,MH-22243,O24-M151
26561,MH-14800,O24-M152
36914,MH-19372,O24-M153
40189,MH-20629,O24-M154
37739,MH-19729,O24-M155
32426,MH-17365,O24-M156
32425,MH-17364,O24-M157
10643,MH-6703,O24-M158
43355,MH-21447,O24-M159
38701,MH-20112,O24-M160
38700,MH-20111,O24-M161
23922,MH-13758,O24-M162
20440,MH-12103,O24-M163
20441,MH-12104,O24-M164
6237,MH-4064,O24-M165
6238,MH-4065,O24-M166
29967,MH-16193,O24-M167
12272,MH-7665,O24-M168
10485,MH-6613,O24-M169
10484,MH-6612,O24-M170
19653,MH-11690,O24-M171
450,MH-274,O24-M172
30742,MH-16546,O24-M173
25525,MH-14429,O24-M174
18533,MH-11086,O24-M175
2237,MH-1456,O24-M176
21580,MH-12683,O24-M177
21555,MH-12668,O24-M178
2769,MH-1807,O24-M179
1899,MH-1233,O24-M180
4319,MH-2819,O24-M181
28320,MH-15482,O24-M182
2129,MH-1385,O24-M183
1123,MH-720,O24-M184
18909,MH-11288,O24-M185
588,MH-366,O24-M186
9868,MH-6249,O24-M187
9867,MH-6248,O24-M188
2376,MH-1548,O24-M189
9004,MH-5728,O24-M190
38234,MH-19932,O24-M191
31597,MH-16952,O24-M192
3092,MH-2019,O24-M193
3091,MH-2018,O24-M194
4974,MH-3245,O24-M195
16673,MH-10072,O24-M196
12605,MH-7851,O24-M197
8303,MH-5314,O24-M198
8304,MH-5315,O24-M199
21097,MH-12443,O24-M200
4343,MH-2835,O24-M201
344,MH-204,O24-M202
40429,MH-20705,O24-M203
36157,MH-19062,O24-M204
40650,MH-20783,O24-M205
36156,MH-19061,O24-M206
27516,MH-15161,O24-M207
10533,MH-6641,O24-M208
14107,MH-8670,O24-M209
40654,MH-20785,O24-M210
7091,MH-4590,O24-M211
16984,MH-10246,O24-M212
14719,MH-9003,O24-M213
14718,MH-9002,O24-M214
28035,MH-15366,O24-M215
28034,MH-15365,O24-M216
5038,MH-3287,O24-M217
5037,MH-3286,O24-M218
21119,MH-12454,O24-M219
21120,MH-12455,O24-M220
26565,MH-14802,O24-M221
30743,MH-16547,O24-M222
1176,MH-755,O24-M223
18758,MH-11208,O24-M224
4647,MH-3031,O24-M225
37528,MH-19638,O24-M226
21579,MH-12682,O24-M227
38297,MH-19957,O24-M228
21554,MH-12667,O24-M229
1097,MH-703,O24-M230
23476,MH-13559,O24-M231
44659,MH-21640,O24-M232
10378,MH-6553,O24-M233
10379,MH-6554,O24-M234
23261,MH-13464,O24-M235
15142,MH-9234,O24-M236
10316,MH-6517,O24-M237
10315,MH-6516,O24-M238
8614,MH-5492,O24-M239
8613,MH-5491,O24-M240
47818,MH-22233,O24-M241
30676,MH-16520,O24-M242
35333,MH-18735,O24-M243
35334,MH-18736,O24-M244
43169,MH-21413,O24-M245
22905,MH-13305,O24-M246
28626,MH-15620,O24-M247
3343,MH-2183,O24-M248
41517,MH-21046,O24-M249
26033,MH-14623,O24-M250
6096,MH-3974,O24-M251
23665,MH-13644,O24-M252
36497,MH-19189,O24-M253
600,MH-374,O24-M254
34775,MH-18495,O24-M255
36664,MH-19263,O24-M256
20752,MH-12269,O24-M257
20751,MH-12268,O24-M258
8932,MH-5684,O24-M259
22199,MH-12977,O24-M260
35732,MH-18896,O24-M261
28331,MH-15487,O24-M262
40651,MH-20784,O24-M263
28464,MH-15540,O24-M264
13560,MH-8380,O24-M265
1604,MH-1039,O24-M266
1603,MH-1038,O24-M267
35741,MH-18900,O24-M268
31255,MH-16793,O24-M269
1076,MH-689,O24-M270
9780,MH-6196,O24-M271
9779,MH-6195,O24-M272
42091,MH-21184,O24-M273
2919,MH-1906,O24-M274
2918,MH-1905,O24-M275
689,MH-432,O24-M276
16084,MH-9746,O24-M277
16083,MH-9745,O24-M278
1772,MH-1150,O24-M279
14175,MH-8708,O24-M280
13753,MH-8490,O24-M281
13752,MH-8489,O24-M282
18853,MH-11258,O24-M283
12078,MH-7555,O24-M284
6349,MH-4134,O24-M285
6348,MH-4133,O24-M286
27999,MH-15352,O24-M287
13159,MH-8147,O24-M288
13329,MH-8243,O24-M289
13330,MH-8244,O24-M290
13787,MH-8508,O24-M291
13788,MH-8509,O24-M292
15989,MH-9699,O24-M293
17338,MH-10441,O24-M294
2372,MH-1545,O24-M295
2373,MH-1546,O24-M296
8396,MH-5367,O24-M297
2736,MH-1786,O24-M298
18851,MH-11257,O24-M299
30342,MH-16366,O24-M300
28003,MH-15354,O24-M301
28002,MH-15353,O24-M302
17182,MH-10354,O24-M303
17181,MH-10353,O24-M304
16554,MH-10005,O24-M305
36383,MH-19149,O24-M306
36382,MH-19148,O24-M307
6251,MH-4073,O24-M308
16762,MH-10122,O24-M309
14188,MH-8716,O24-M310
1758,MH-1141,O24-M311
1757,MH-1140,O24-M312
24176,MH-13867,O24-M313
24175,MH-13866,O24-M314
4045,MH-2642,O24-M315
10357,MH-6541,O24-M316
16761,MH-10121,O24-M317
23414,MH-13528,O24-M318
14187,MH-8715,O24-M319
24150,MH-13856,O24-M320
21926,MH-12845,O24-M321
28088,MH-15386,O24-M322
2597,MH-1694,O24-M323
2596,MH-1693,O24-M324
22679,MH-13194,O24-M325
12077,MH-7554,O24-M326
2735,MH-1785,O24-M327
29156,MH-15840,O24-M328
25723,MH-14506,O24-M329
25724,MH-14507,O24-M330
861,MH-546,O24-M331
27209,MH-15043,O24-M332
1462,MH-945,O24-M333
20967,MH-12379,O24-M334
36268,MH-19107,O24-M335
16293,MH-9863,O24-M336
1241,MH-798,O24-M337
20966,MH-12378,O24-M338
14162,MH-8700,O24-M339
13959,MH-8596,O24-M340
13958,MH-8595,O24-M341
25053,MH-14243,O24-M342
26206,MH-14683,O24-M343
29756,MH-16097,O24-M344
13160,MH-8148,O24-M345
14640,MH-8960,O24-M346
25052,MH-14242,O24-M347
26205,MH-14682,O24-M348
24498,MH-14007,O24-M349
39453,MH-20374,O24-M350
43579,MH-21480,O24-M351
39454,MH-20375,O24-M352
43014,MH-21379,O24-M353
878,MH-557,O24-M354
25649,MH-14480,O24-M355
23015,MH-13352,O24-M356
18793,MH-11228,O24-M357
13704,MH-8463,O24-M358
22358,MH-13044,O24-M359
23618,MH-13622,O24-M360
47563,MH-22158,O24-M361
43580,MH-21481,O24-M362
46271,MH-21825,O24-M363
13483,MH-8334,O24-M364
1427,MH-922,O24-M365
17491,MH-10522,O24-M366
23016,MH-13353,O24-M367
28019,MH-15361,O24-M368
46186,MH-21816,O24-M369
13703,MH-8462,O24-M370
727,MH-457,O24-M371
41381,MH-21005,O24-M372
14211,MH-8727,O24-M373
14917,MH-9109,O24-M374
14916,MH-9108,O24-M375
47238,MH-22068,O24-M376
13913,MH-8573,O24-M377
14210,MH-8726,O24-M378
21932,MH-12847,O24-M379
18846,MH-11255,O24-M380
18845,MH-11254,O24-M381
17453,MH-10500,O24-M382
