{"type": "FeatureCollection", "features": [{"type": "Feature", "properties": {"osm_id": 3781239, "name_en": "Muscat Governorate", "name_ar": "Muscat Governorate", "admin_level": 4, "downloaded": "2026-09-17", "source": "OpenStreetMap contributors, ODbL"}, "bbox": [58.0040767, 22.7784777, 59.2482524, 23.862417], "geometry": {"type": "MultiPolygon", "coordinates": [[[[58.0040767, 23.569955], [58.0608047, 23.5654828], [58.0692583, 23.548504], [58.0834512, 23.5411669], [58.1001035, 23.5374305], [58.1109498, 23.5407629], [58.1213518, 23.5360483], [58.1342524, 23.5390097], [58.1577321, 23.5200878], [58.1498128, 23.5122115], [58.150446, 23.4991882], [58.1724303, 23.4870619], [58.1749366, 23.4783996], [58.1966648, 23.4547997], [58.2161358, 23.4473979], [58.2530545, 23.4462596], [58.2646723, 23.4162086], [58.3107845, 23.3766143], [58.3072265, 23.3508029], [58.3208255, 23.3329082], [58.3320281, 23.3310048], [58.3368536, 23.3220543], [58.33681, 23.2999714], [58.3489454, 23.2719575], [58.394666, 23.2512946], [58.504005, 23.2239487], [58.5259106, 23.2094347], [58.5478677, 23.2085496], [58.5575144, 23.2142025], [58.5669365, 23.2078663], [58.5744746, 23.2087754], [58.5862542, 23.1858677], [58.6023941, 23.1696452], [58.653952, 23.1468753], [58.6796889, 23.1111365], [58.7084998, 23.0990806], [58.7511791, 23.0898805], [58.7873244, 23.0487058], [58.8356532, 23.0230617], [58.8626893, 23.0280667], [58.8867124, 23.0172621], [58.8935389, 22.9985381], [58.9010944, 22.9919483], [58.9353785, 22.9833158], [58.9431649, 22.9710912], [58.9772803, 22.9939907], [58.9889546, 22.9962938], [59.006084, 22.9916691], [59.0194863, 22.9797694], [58.9987812, 22.8881552], [58.9969635, 22.8495812], [59.017612, 22.7841495], [59.04086, 22.7797141], [59.1214393, 22.7792081], [59.1278267, 22.7849631], [59.1631233, 22.7899331], [59.1776051, 22.8157691], [59.2023596, 22.8273023], [59.2136342, 22.8209289], [59.2301285, 22.8347438], [59.236193, 22.8319483], [59.2482524, 22.8404165], [59.2382232, 22.8514671], [59.222389, 22.891804], [59.2253721, 22.8981061], [59.1959227, 22.9586091], [59.1863586, 22.9691656], [59.1584091, 22.979439], [59.1017884, 23.0154217], [59.0677305, 23.0493187], [59.0554167, 23.085662], [59.0592794, 23.0842909], [59.0201312, 23.1104604], [59.0010962, 23.1420223], [58.9940755, 23.1391662], [59.0001775, 23.1427216], [58.9898414, 23.1714326], [58.9947032, 23.1979957], [58.9883734, 23.2103423], [58.9889426, 23.2058739], [58.9827244, 23.20421], [58.9851985, 23.2113022], [58.9896022, 23.2110473], [58.9371089, 23.2444597], [58.9303678, 23.2556785], [58.9317052, 23.266822], [58.9249591, 23.2575951], [58.9250558, 23.2675936], [58.9312143, 23.2682834], [58.9229054, 23.273876], [58.9189179, 23.3036188], [58.9125361, 23.3122482], [58.9144446, 23.317438], [58.9197205, 23.316272], [58.8901971, 23.3292268], [58.8750794, 23.3461814], [58.8532247, 23.3593147], [58.8442028, 23.3723673], [58.8058229, 23.3931384], [58.7942389, 23.4161582], [58.7919076, 23.4134333], [58.7847345, 23.4236344], [58.7768206, 23.4734059], [58.7798641, 23.4754644], [58.7755326, 23.4773676], [58.772918, 23.4909069], [58.768885, 23.4890778], [58.7709066, 23.4933521], [58.7563622, 23.5072557], [58.7635458, 23.510663], [58.7564535, 23.5139672], [58.7528685, 23.5109695], [58.7537574, 23.522954], [58.7462036, 23.5155379], [58.7366219, 23.5174174], [58.7346504, 23.5194635], [58.7349114, 23.522033], [58.732499, 23.5206399], [58.7278434, 23.5200233], [58.7326361, 23.5119204], [58.7309274, 23.5058079], [58.7192368, 23.5140466], [58.727412, 23.5174192], [58.7161305, 23.5206928], [58.7233736, 23.5271781], [58.7220723, 23.5327026], [58.7057205, 23.5342859], [58.7050783, 23.518173], [58.7020217, 23.5172051], [58.7035439, 23.534463], [58.6839462, 23.5316722], [58.6775106, 23.5417121], [58.6752857, 23.5391301], [58.6614561, 23.5510145], [58.6613163, 23.5577878], [58.6544142, 23.5457982], [58.6492271, 23.5450488], [58.6520498, 23.5502872], [58.6444972, 23.5506674], [58.6427449, 23.553746], [58.6471935, 23.5577258], [58.6392844, 23.5583529], [58.6428458, 23.5634937], [58.631349, 23.5617794], [58.6127735, 23.5720426], [58.6043998, 23.586665], [58.6067578, 23.5910394], [58.6009472, 23.59529], [58.6025215, 23.5978787], [58.6020876, 23.6016556], [58.6018489, 23.5987135], [58.5973448, 23.59916], [58.6054508, 23.6076239], [58.6001427, 23.6093843], [58.5986689, 23.617548], [58.5919899, 23.6179907], [58.5867999, 23.6257157], [58.5842919, 23.6213229], [58.578951, 23.626536], [58.5757935, 23.6220309], [58.5638579, 23.6209172], [58.568294, 23.6302631], [58.5725901, 23.627492], [58.5651255, 23.6368299], [58.516797, 23.6312562], [58.5017651, 23.6455135], [58.4921365, 23.6438644], [58.4809328, 23.6318089], [58.4842575, 23.6272979], [58.4824984, 23.6261198], [58.4375508, 23.608421], [58.415539, 23.6050836], [58.4150549, 23.6101382], [58.4148027, 23.6102285], [58.4144131, 23.6048471], [58.4137649, 23.6090787], [58.4135766, 23.6050699], [58.4126556, 23.6097777], [58.4122105, 23.6102013], [58.4114167, 23.6103769], [58.4132246, 23.6049505], [58.4114938, 23.6092125], [58.411553, 23.604792], [58.39308, 23.6036684], [58.3313253, 23.6068074], [58.288091, 23.6186137], [58.2767231, 23.6243009], [58.2718392, 23.6337238], [58.2716473, 23.6308897], [58.2665659, 23.6305433], [58.2686816, 23.6349135], [58.2565261, 23.6348907], [58.1848152, 23.6858459], [58.183734, 23.6867406], [58.1837413, 23.6889452], [58.181942, 23.6918276], [58.183388, 23.6861022], [58.1785089, 23.6880439], [58.1775319, 23.6918985], [58.1837709, 23.6928779], [58.1783109, 23.6923596], [58.1762495, 23.6913788], [58.1742426, 23.6898481], [58.0924837, 23.7155449], [58.0616745, 23.7137521], [58.0628017, 23.6933789], [58.0244704, 23.6857003], [58.0307761, 23.6330221], [58.0046679, 23.6271599], [58.0040767, 23.569955]]], [[[58.0563926, 23.852952], [58.0694855, 23.852277], [58.0723139, 23.8539979], [58.0697263, 23.8569963], [58.0563926, 23.852952]]], [[[58.0782929, 23.856122], [58.0765903, 23.8552564], [58.0794756, 23.8544428], [58.0782929, 23.856122]]], [[[58.0830394, 23.8548019], [58.0833167, 23.8545107], [58.0834267, 23.8547511], [58.0830394, 23.8548019]]], [[[58.0837405, 23.8547315], [58.083601, 23.8545132], [58.0839001, 23.8545708], [58.0837405, 23.8547315]]], [[[58.0847543, 23.8587349], [58.0842018, 23.8579695], [58.0849475, 23.8578076], [58.0847543, 23.8587349]]], [[[58.0853122, 23.856537], [58.0897272, 23.8548885], [58.0904514, 23.8574593], [58.0853122, 23.856537]]], [[[58.091197, 23.8588281], [58.0905962, 23.8590685], [58.0907786, 23.8578125], [58.091197, 23.8588281]]], [[[58.0957372, 23.8603955], [58.1035717, 23.8568207], [58.1111731, 23.8589505], [58.1062837, 23.8624161], [58.1055683, 23.857945], [58.0957372, 23.8603955]]], [[[58.1029517, 23.8598083], [58.1035093, 23.8595469], [58.1035136, 23.8600617], [58.1029517, 23.8598083]]], [[[58.1123027, 23.8616829], [58.1133077, 23.8603565], [58.1139669, 23.8617755], [58.1123027, 23.8616829]]], [[[58.1207939, 23.8623895], [58.1190387, 23.8617404], [58.1211936, 23.862407], [58.1207939, 23.8623895]]], [[[58.1708425, 23.8390603], [58.1727952, 23.836288], [58.1734282, 23.838864], [58.1708425, 23.8390603]]], [[[58.1698555, 23.8352219], [58.1699789, 23.8350809], [58.1700003, 23.8352281], [58.1698555, 23.8352219]]], [[[58.1742328, 23.8394185], [58.174147, 23.8390112], [58.1744099, 23.8390799], [58.1742328, 23.8394185]]], [[[58.1765932, 23.8383783], [58.1765556, 23.8378827], [58.1766683, 23.8379857], [58.1765932, 23.8383783]]], [[[58.4994589, 23.6796097], [58.50305, 23.6810467], [58.5015532, 23.6838285], [58.500028, 23.6827414], [58.4994589, 23.6796097]]], [[[58.5949857, 23.6261843], [58.5986681, 23.6191189], [58.6016352, 23.6183725], [58.5995558, 23.6260945], [58.5949857, 23.6261843]]], [[[58.5958043, 23.6291705], [58.5957916, 23.6289696], [58.595911, 23.6290372], [58.5958043, 23.6291705]]], [[[58.5979791, 23.618781], [58.5985733, 23.6181041], [58.5983967, 23.6187], [58.5979791, 23.618781]]], [[[58.6011619, 23.6142002], [58.6011177, 23.6141363], [58.6012451, 23.6141265], [58.6011619, 23.6142002]]], [[[58.6016313, 23.609554], [58.6017225, 23.6093636], [58.6017386, 23.6095663], [58.6016313, 23.609554]]], [[[58.6026372, 23.6043093], [58.6029537, 23.6038792], [58.6031897, 23.6041324], [58.6026372, 23.6043093]]], [[[58.6043566, 23.6111899], [58.6041992, 23.6109447], [58.6043692, 23.6110313], [58.6043566, 23.6111899]]], [[[58.609671, 23.5855789], [58.6093589, 23.5855658], [58.6096567, 23.5854872], [58.609671, 23.5855789]]], [[[58.6218339, 23.5692335], [58.6216708, 23.5689582], [58.6217802, 23.5689497], [58.6218339, 23.5692335]]], [[[58.6476075, 23.5524876], [58.6492237, 23.5517543], [58.6502918, 23.5528098], [58.6476075, 23.5524876]]], [[[58.6483731, 23.5575714], [58.6484286, 23.5573024], [58.648637, 23.5573629], [58.6483731, 23.5575714]]], [[[58.6487042, 23.5591089], [58.6487539, 23.5589266], [58.6488128, 23.5589621], [58.6487042, 23.5591089]]], [[[58.6499484, 23.5597345], [58.6494296, 23.5575728], [58.6527648, 23.5579536], [58.6499484, 23.5597345]]], [[[58.6528218, 23.5583981], [58.6527769, 23.5582965], [58.6529055, 23.558308], [58.6528218, 23.5583981]]], [[[58.7247275, 23.5251558], [58.7380544, 23.5239104], [58.7400042, 23.5284568], [58.7260417, 23.5312213], [58.7247275, 23.5251558]]], [[[58.7255071, 23.5209773], [58.7255176, 23.5203079], [58.7265013, 23.520474], [58.7255071, 23.5209773]]], [[[58.7287, 23.5130905], [58.7258727, 23.5115168], [58.7281422, 23.510822], [58.7287, 23.5130905]]], [[[58.7284753, 23.5144157], [58.7281075, 23.5138299], [58.7286405, 23.5139681], [58.7284753, 23.5144157]]], [[[58.7301983, 23.5087149], [58.7302161, 23.5080782], [58.7305995, 23.5082082], [58.7301983, 23.5087149]]], [[[58.7325205, 23.5211787], [58.7326332, 23.5209672], [58.7326975, 23.5212426], [58.7325205, 23.5211787]]], [[[58.7359658, 23.5212869], [58.7355356, 23.520745], [58.7363145, 23.5208294], [58.7359658, 23.5212869]]], [[[58.735746, 23.5199416], [58.735746, 23.519644], [58.7360223, 23.519885], [58.735746, 23.5199416]]], [[[58.7393703, 23.5199962], [58.7406144, 23.5189019], [58.7423345, 23.5191125], [58.743485, 23.5171299], [58.7478239, 23.5215302], [58.7459866, 23.5219234], [58.7456398, 23.5236197], [58.7449103, 23.5198343], [58.7431097, 23.5190152], [58.7393703, 23.5199962]]], [[[58.7412055, 23.5187457], [58.7412411, 23.5187291], [58.7412403, 23.5187629], [58.7412055, 23.5187457]]], [[[58.7415314, 23.517952], [58.7414952, 23.5178892], [58.7415757, 23.5178954], [58.7415314, 23.517952]]], [[[58.7436661, 23.5195394], [58.7437017, 23.5195228], [58.7437009, 23.5195566], [58.7436661, 23.5195394]]], [[[58.7470588, 23.5236134], [58.747004, 23.5230237], [58.7474607, 23.5237491], [58.7470588, 23.5236134]]], [[[58.7476029, 23.5216779], [58.7476385, 23.5216613], [58.7476377, 23.5216951], [58.7476029, 23.5216779]]], [[[58.7485138, 23.5197098], [58.748644, 23.519636], [58.7485688, 23.5197664], [58.7485138, 23.5197098]]], [[[58.9164685, 23.3234545], [58.9167783, 23.3226441], [58.9186276, 23.3215683], [58.9164685, 23.3234545]]], [[[58.9189931, 23.3216773], [58.918748, 23.3215304], [58.9194377, 23.3213251], [58.9189931, 23.3216773]]], [[[58.9283851, 23.263241], [58.9283097, 23.2625034], [58.9287405, 23.2631039], [58.9283851, 23.263241]]]]}}, {"type": "Feature", "properties": {"osm_id": 3781314, "name_en": "Dhofar Governorate", "name_ar": "Dhofar Governorate", "admin_level": 4, "downloaded": "2026-09-17", "source": "OpenStreetMap contributors, ODbL"}, "bbox": [52.0000004, 16.6504417, 56.3540556, 20.0], "geometry": {"type": "MultiPolygon", "coordinates": [[[[52.0000004, 19], [52.782175, 17.3497333], [52.7500756, 17.3038967], [52.7428444, 17.3024639], [52.7458333, 17.2944444], [52.8122833, 17.2855306], [53.1088811, 16.6504417], [53.1627961, 16.677279], [53.1768724, 16.6801173], [53.1914985, 16.6908415], [53.2483941, 16.7044821], [53.2540253, 16.7022301], [53.2566903, 16.7026295], [53.2512726, 16.7037377], [53.2690331, 16.7131871], [53.325208, 16.723167], [53.339933, 16.730945], [53.4417647, 16.7459121], [53.4510854, 16.7546575], [53.5110408, 16.7622931], [53.5857457, 16.7490379], [53.5903054, 16.7548887], [53.6728022, 16.7814615], [53.6709889, 16.7945218], [53.6755976, 16.8064776], [53.6848855, 16.8159599], [53.6925109, 16.8155087], [53.7014432, 16.8249567], [53.7106454, 16.8264677], [53.7123529, 16.8325886], [53.7517047, 16.8640195], [53.7533607, 16.8712193], [53.7822188, 16.8800932], [53.8239527, 16.8875074], [53.8340056, 16.8844789], [53.8770223, 16.8958559], [53.9450061, 16.8982943], [53.9489329, 16.9098042], [53.9624104, 16.9120436], [53.9673058, 16.907689], [53.9804703, 16.9233227], [54.0056697, 16.9293246], [54.0305755, 16.9490499], [54.0160298, 16.9377324], [54.0122188, 16.9425058], [54.0106481, 16.9381592], [54.0062054, 16.9400358], [54.0073487, 16.9354007], [54.0013344, 16.9356522], [53.9992028, 16.9423016], [54.0194912, 16.9509233], [54.0180829, 16.9538178], [54.0049855, 16.9514], [53.9980275, 16.9432022], [53.9939518, 16.9420441], [53.9917827, 16.9426886], [53.9979703, 16.9445836], [53.995768, 16.9580398], [53.9981903, 16.9577791], [54.0031023, 16.961102], [53.9988098, 16.9627087], [54.0023762, 16.9615897], [54.0151232, 16.9777541], [54.048019, 16.9910364], [54.3251181, 17.0310328], [54.3579608, 17.0322322], [54.3587062, 17.0320319], [54.3593075, 17.0292564], [54.3603754, 17.0279936], [54.3650018, 17.0266649], [54.3599937, 17.0305185], [54.4064721, 17.0338718], [54.427616, 17.0319817], [54.433694, 17.0273136], [54.4383005, 17.0316056], [54.4431093, 17.026686], [54.4517934, 17.0315714], [54.509992, 17.0337231], [54.6083218, 17.0284888], [54.6751087, 17.0159421], [54.6846173, 17.0089607], [54.6907764, 16.9939359], [54.6828322, 16.9795084], [54.6962982, 16.9743008], [54.7001821, 16.9646124], [54.7011101, 16.9686441], [54.7188878, 16.9666533], [54.7215982, 16.9592992], [54.7318161, 16.9591607], [54.7292975, 16.952272], [54.7465136, 16.9541131], [54.7561035, 16.960827], [54.7656494, 16.9474754], [54.7756654, 16.9551125], [54.783631, 16.9537203], [54.7907442, 16.9440579], [54.7983737, 16.9433587], [54.7968502, 16.9374842], [54.8059456, 16.9427057], [54.8045549, 16.946122], [54.8135751, 16.9446339], [54.8207581, 16.9505761], [54.8154849, 16.9548081], [54.8268856, 16.9572455], [54.8284949, 16.9619007], [54.8379457, 16.9563731], [54.8420414, 16.962746], [54.8625255, 16.9641596], [54.8702288, 16.9587823], [54.8821217, 16.9671587], [54.886542, 16.9625998], [54.8930436, 16.9685774], [54.8973486, 16.9632335], [54.9052747, 16.9658494], [54.904663, 16.9712941], [54.9125379, 16.9767507], [54.9139434, 16.9904618], [54.9307689, 16.9750652], [54.9432734, 16.9794289], [54.9431688, 16.9881968], [54.9477339, 16.9913648], [54.9572638, 16.984898], [54.9594873, 16.989328], [54.9690145, 16.9888791], [54.9699774, 16.9936811], [54.9776807, 16.9929244], [54.9831902, 16.9980491], [54.9921969, 17.0202895], [55.0104627, 17.0206691], [55.0194025, 17.0163038], [55.0227606, 17.0114922], [55.0201213, 17.0005759], [55.0297156, 17.0117975], [55.028632, 17.0177119], [55.0353402, 17.0159422], [55.046474, 17.0220309], [55.0535819, 17.0324485], [55.065452, 17.0351592], [55.0662607, 17.040637], [55.0723346, 17.0370852], [55.0726194, 17.0494583], [55.083333, 17.0464248], [55.0884399, 17.05291], [55.0857362, 17.0576154], [55.0979322, 17.062313], [55.099335, 17.0692617], [55.1204199, 17.0892911], [55.142312, 17.1275145], [55.1579815, 17.1356693], [55.1949477, 17.1431651], [55.1935717, 17.161809], [55.2050234, 17.1743752], [55.2085989, 17.1880757], [55.2329439, 17.2029973], [55.2629659, 17.2394733], [55.2462932, 17.2596994], [55.2468397, 17.2652242], [55.2415726, 17.2667022], [55.242793, 17.278361], [55.2491766, 17.2914328], [55.2625045, 17.2970387], [55.2673687, 17.317576], [55.2810761, 17.3319418], [55.2808213, 17.3484917], [55.2944228, 17.3581997], [55.2925251, 17.3693816], [55.2998033, 17.3792984], [55.2961555, 17.388146], [55.3061977, 17.3965466], [55.2978158, 17.3983894], [55.2823126, 17.4363914], [55.2727077, 17.4486566], [55.2649802, 17.4485691], [55.2645846, 17.4520975], [55.2631834, 17.4475903], [55.2492169, 17.4494621], [55.2351889, 17.4626329], [55.2300042, 17.4779046], [55.2308542, 17.4967856], [55.2250287, 17.5077495], [55.2261364, 17.5323886], [55.2391881, 17.5626247], [55.2598223, 17.5871874], [55.2587147, 17.5956276], [55.2656856, 17.6053068], [55.3021154, 17.6277905], [55.3031534, 17.634682], [55.3104812, 17.6372177], [55.3189496, 17.6504475], [55.3769262, 17.6800575], [55.3800121, 17.6969548], [55.3875326, 17.7039685], [55.3808945, 17.7061587], [55.3807148, 17.7283948], [55.392876, 17.7480046], [55.4146931, 17.7606747], [55.4173994, 17.7713619], [55.4131602, 17.7806616], [55.426189, 17.8171634], [55.5081332, 17.8548219], [55.5904394, 17.8782725], [55.7647589, 17.9030037], [55.8419824, 17.8979118], [55.8529741, 17.9010435], [55.8917078, 17.8937845], [55.9077877, 17.8996014], [55.9171674, 17.8980241], [55.9449846, 17.9166633], [55.9787656, 17.9304838], [56.0362655, 17.9307454], [56.1044741, 17.9211537], [56.1140905, 17.9269521], [56.1451524, 17.9275095], [56.1628749, 17.9393867], [56.1751905, 17.9411187], [56.2776241, 17.9325802], [56.2801681, 17.9279816], [56.3301229, 17.9166084], [56.3540556, 17.920466], [56.0149679, 18.4462206], [55.9670214, 18.4419598], [55.9512476, 18.4446294], [55.9445407, 18.4698909], [55.9946283, 18.4777205], [56.0003783, 18.4841593], [55.9979482, 18.5073925], [55.9858954, 18.5152453], [55.9684209, 18.5182865], [55.8683872, 18.4903663], [55.8413952, 18.489789], [55.7663843, 18.5989966], [55.8565817, 18.6911301], [55.055376, 19.9162033], [55.0874155, 19.9616814], [55.0573749, 19.998407], [55.0102062, 19.9845644], [55, 20], [52.0000004, 19]]], [[[54.5514147, 17.0307995], [54.5512806, 17.0303019], [54.5517862, 17.0302455], [54.5514147, 17.0307995]]], [[[54.7384143, 16.9474549], [54.7434407, 16.9447198], [54.7448811, 16.9471214], [54.7407103, 16.950444], [54.7384143, 16.9474549]]], [[[55.5971503, 17.4700425], [55.5945352, 17.4628338], [55.6038116, 17.4665936], [55.5994691, 17.4686545], [55.6019629, 17.4729515], [55.6062618, 17.4722786], [55.6055483, 17.4740605], [55.6099592, 17.4820657], [55.5952956, 17.481627], [55.5971503, 17.4700425]]], [[[55.6012367, 17.4699888], [55.6011723, 17.4698672], [55.6013292, 17.4699286], [55.6012367, 17.4699888]]], [[[55.6024356, 17.4696856], [55.6024343, 17.469573], [55.6025013, 17.4695743], [55.6024356, 17.4696856]]], [[[55.6030941, 17.4715162], [55.6031249, 17.4713447], [55.6031357, 17.4715315], [55.6030941, 17.4715162]]], [[[55.6067888, 17.4747104], [55.6067111, 17.4744904], [55.6068063, 17.4744942], [55.6067888, 17.4747104]]], [[[55.8259153, 17.4933514], [55.8312763, 17.4923972], [55.8273697, 17.4903852], [55.829663, 17.4835969], [55.8317041, 17.488881], [55.842154, 17.483373], [55.8525181, 17.488904], [55.8554283, 17.4847187], [55.8516383, 17.4788934], [55.8622487, 17.4792747], [55.8648168, 17.4730536], [55.8685014, 17.4781258], [55.8739892, 17.4772419], [55.8828163, 17.4895359], [55.880456, 17.4952687], [55.8776396, 17.4941227], [55.8702045, 17.4950193], [55.850316, 17.5090169], [55.8259153, 17.4933514]]], [[[55.8547738, 17.4767187], [55.8547148, 17.4759103], [55.8550769, 17.4766215], [55.8547738, 17.4767187]]], [[[55.8763187, 17.4950807], [55.8764903, 17.4946356], [55.876772, 17.4948965], [55.8763187, 17.4950807]]], [[[55.9189866, 17.8988912], [55.9189866, 17.8987145], [55.9190737, 17.8987971], [55.9189866, 17.8988912]]], [[[55.9506078, 17.91852], [55.950648, 17.9184128], [55.9507724, 17.9184578], [55.9506078, 17.91852]]], [[[55.9575373, 17.5059077], [55.9626657, 17.5068554], [55.9636715, 17.4957906], [55.9756167, 17.4883552], [55.9805332, 17.4909224], [55.9905603, 17.4848047], [56.0091859, 17.4842262], [56.0157607, 17.4793635], [56.0268617, 17.4843963], [56.033307, 17.483593], [56.0330227, 17.4816743], [56.0340312, 17.4804763], [56.037443, 17.4840177], [56.0491253, 17.4829969], [56.0741906, 17.4981038], [56.0880683, 17.4996405], [56.0953183, 17.5114955], [56.0619798, 17.5159168], [56.0565564, 17.5456378], [56.0493433, 17.5541884], [56.0339192, 17.5382045], [56.029572, 17.5376303], [56.0265653, 17.5344809], [56.0140407, 17.5296583], [55.9962308, 17.5300867], [55.9822116, 17.52064], [55.9813427, 17.5239667], [55.9640604, 17.5146379], [55.9575373, 17.5059077]]], [[[56.0003863, 17.483034], [56.0003681, 17.4827424], [56.0005572, 17.4829387], [56.0003863, 17.483034]]], [[[56.00494, 17.4829816], [56.0049802, 17.4826771], [56.0053933, 17.4830328], [56.00494, 17.4829816]]], [[[56.0119486, 17.4800907], [56.0119486, 17.4797606], [56.01219, 17.4801188], [56.0119486, 17.4800907]]], [[[56.0119298, 17.479492], [56.0119674, 17.4794281], [56.01197, 17.4794971], [56.0119298, 17.479492]]], [[[56.0269629, 17.5351265], [56.0269609, 17.5349845], [56.0270514, 17.5350625], [56.0269629, 17.5351265]]], [[[56.0309158, 17.4830168], [56.0309742, 17.4826113], [56.0311827, 17.482901], [56.0309158, 17.4830168]]], [[[56.0314375, 17.4828952], [56.0312994, 17.482404], [56.0317872, 17.4828031], [56.0314375, 17.4828952]]], [[[56.043435, 17.4829752], [56.044117, 17.4818821], [56.0446722, 17.4820766], [56.043435, 17.4829752]]], [[[56.0430783, 17.4817638], [56.0432902, 17.4814364], [56.0433573, 17.4817331], [56.0430783, 17.4817638]]], [[[56.0463479, 17.4830583], [56.0464767, 17.4828332], [56.046643, 17.4829458], [56.0463479, 17.4830583]]], [[[56.0465169, 17.4826541], [56.0465142, 17.4825339], [56.0466376, 17.4826106], [56.0465169, 17.4826541]]], [[[56.0465196, 17.4823446], [56.0466054, 17.4822422], [56.0466188, 17.482278], [56.0465196, 17.4823446]]], [[[56.1352779, 17.6144169], [56.135188, 17.6142801], [56.1353356, 17.6143952], [56.1352779, 17.6144169]]], [[[56.1402123, 17.6148214], [56.1398398, 17.6128813], [56.1409992, 17.6139193], [56.1402123, 17.6148214]]], [[[56.1420089, 17.6161796], [56.1416441, 17.6153922], [56.1431408, 17.6158268], [56.1420089, 17.6161796]]], [[[56.1444926, 17.6159354], [56.1444712, 17.6157935], [56.144612, 17.6158754], [56.1444926, 17.6159354]]], [[[56.3217826, 17.4956972], [56.332038, 17.498199], [56.344564, 17.4914455], [56.3526146, 17.4970748], [56.3479261, 17.5056148], [56.3340859, 17.5091], [56.3217826, 17.4956972]]], [[[56.3255739, 17.5141698], [56.3254103, 17.5123238], [56.3264297, 17.5128724], [56.3255739, 17.5141698]]], [[[56.3267097, 17.512967], [56.3268139, 17.5128985], [56.3268375, 17.512996], [56.3267097, 17.512967]]]]}}, {"type": "Feature", "properties": {"osm_id": 3781315, "name_en": "Musandam Governorate", "name_ar": "Musandam Governorate", "admin_level": 4, "downloaded": "2026-09-17", "source": "OpenStreetMap contributors, ODbL"}, "bbox": [56.0828434, 25.227185, 56.5485576, 26.5075295], "geometry": {"type": "MultiPolygon", "coordinates": [[[[56.0828434, 26.0536749], [56.0949053, 26.0505578], [56.1075952, 26.0554123], [56.1229803, 26.0512098], [56.1354472, 26.0573207], [56.1433617, 26.0685237], [56.1535744, 26.0694075], [56.1725879, 26.0253438], [56.1822996, 26.0149534], [56.1798908, 25.9955137], [56.1955132, 25.9793008], [56.1804375, 25.9527527], [56.1644395, 25.9471509], [56.1631728, 25.9422293], [56.1803649, 25.9077533], [56.1785168, 25.894512], [56.1612138, 25.8787122], [56.1628238, 25.8586278], [56.14, 25.826944], [56.1548077, 25.7875843], [56.1564815, 25.7634878], [56.1677018, 25.7252497], [56.1570711, 25.663616], [56.183333, 25.655], [56.191111, 25.648056], [56.2018744, 25.611984], [56.2532914, 25.60219], [56.2661515, 25.6062827], [56.2591459, 25.6174877], [56.2710192, 25.6258872], [56.2686125, 25.6482667], [56.2757841, 25.6493872], [56.2760174, 25.6545735], [56.2752101, 25.6498817], [56.2691101, 25.6495909], [56.273649, 25.6545941], [56.2691993, 25.6546449], [56.2698188, 25.6624529], [56.2733553, 25.675389], [56.2828511, 25.6816596], [56.2778164, 25.6929324], [56.2848037, 25.6994686], [56.2742363, 25.7018758], [56.2753361, 25.7124514], [56.2908356, 25.7335359], [56.3116241, 25.7501059], [56.3104383, 25.7585928], [56.3175058, 25.7658853], [56.3217558, 25.7673957], [56.3222022, 25.763795], [56.3067464, 25.7336125], [56.3320756, 25.7516161], [56.3406549, 25.7674826], [56.3386254, 25.7746792], [56.3444589, 25.7735471], [56.3482678, 25.7785828], [56.3419225, 25.7952819], [56.3452912, 25.8030176], [56.3522498, 25.787733], [56.3598552, 25.797259], [56.3581386, 25.8087787], [56.3640475, 25.8036607], [56.3705914, 25.807651], [56.3668907, 25.8163388], [56.3733736, 25.8288075], [56.3646443, 25.8309517], [56.360621, 25.8384488], [56.364128, 25.8414096], [56.3762596, 25.8367179], [56.3852128, 25.8433335], [56.3803614, 25.849323], [56.3677396, 25.8506464], [56.3671757, 25.8576721], [56.3754711, 25.8614996], [56.3927874, 25.859378], [56.4048654, 25.8805775], [56.4003284, 25.8833056], [56.4093474, 25.8955456], [56.4024527, 25.9023733], [56.3942532, 25.9019806], [56.3936484, 25.9333134], [56.4149304, 25.9316164], [56.4193439, 25.9231079], [56.4252428, 25.92963], [56.4346057, 25.9295987], [56.4432741, 25.9227217], [56.44006, 25.9354855], [56.4581733, 25.9456022], [56.4321394, 25.9358039], [56.4247406, 25.9436416], [56.4254004, 25.9635599], [56.4133653, 25.9618923], [56.4004143, 25.9684684], [56.4033177, 25.9747813], [56.4109969, 25.9761346], [56.4082637, 25.9824718], [56.4191723, 25.9828913], [56.41936, 25.991313], [56.4312942, 25.9870139], [56.4248305, 25.9955702], [56.4276539, 26.00182], [56.4216473, 26.0050802], [56.4275369, 26.0253459], [56.4159306, 26.0210601], [56.4126543, 26.0238953], [56.4113737, 26.0199911], [56.4059154, 26.0283873], [56.3975361, 26.0272035], [56.3918298, 26.0170711], [56.3844655, 26.0229653], [56.3913849, 26.0249756], [56.3870641, 26.0281505], [56.3941184, 26.0332501], [56.3857832, 26.0380989], [56.397385, 26.0453015], [56.4014485, 26.0430604], [56.4078071, 26.0498911], [56.4109449, 26.0409462], [56.4183773, 26.0399981], [56.4265989, 26.0469606], [56.4384429, 26.0431502], [56.4365797, 26.0515996], [56.4411365, 26.0542783], [56.4352222, 26.0590933], [56.4415717, 26.0667164], [56.4420289, 26.0686006], [56.4405013, 26.0704886], [56.4405555, 26.0726062], [56.4426985, 26.0729177], [56.4481742, 26.0710706], [56.4519433, 26.0753641], [56.4553713, 26.0721799], [56.4580691, 26.0754867], [56.4674229, 26.0824397], [56.4758281, 26.0829399], [56.4723416, 26.0887005], [56.4594379, 26.0844968], [56.4468358, 26.0937173], [56.4383005, 26.0857734], [56.4353362, 26.0922247], [56.4265409, 26.0844013], [56.4151494, 26.0805131], [56.4091431, 26.0876245], [56.4128272, 26.0914368], [56.4114344, 26.1023476], [56.3994752, 26.093378], [56.3952348, 26.1092949], [56.3859471, 26.1000003], [56.3881165, 26.0897053], [56.3782879, 26.0870627], [56.3750764, 26.0948678], [56.368684, 26.0926936], [56.365689, 26.0965604], [56.3719846, 26.1019488], [56.3702042, 26.1106362], [56.3741175, 26.1108096], [56.3785946, 26.1220276], [56.3731583, 26.133726], [56.3695791, 26.126427], [56.3547075, 26.1209435], [56.3470534, 26.1089496], [56.3482149, 26.1008257], [56.3335266, 26.0957618], [56.332128, 26.0992298], [56.3330901, 26.1011114], [56.337335, 26.1062232], [56.3330468, 26.1069996], [56.3353827, 26.1178293], [56.3416882, 26.1224384], [56.3349514, 26.1282087], [56.3433502, 26.1307183], [56.3415474, 26.1320937], [56.3413524, 26.133401], [56.3485377, 26.1490814], [56.3345397, 26.1349339], [56.335078, 26.1497635], [56.3262638, 26.1540286], [56.3267767, 26.1588209], [56.3330897, 26.1653636], [56.3431202, 26.1623607], [56.344377, 26.1644748], [56.347948, 26.1638427], [56.3498483, 26.1676857], [56.3580629, 26.1691656], [56.3565114, 26.172567], [56.3619286, 26.171966], [56.3608647, 26.1768647], [56.3538657, 26.1774305], [56.3550835, 26.1832254], [56.3596729, 26.189436], [56.3662428, 26.1894438], [56.3642818, 26.1966301], [56.3731976, 26.1939021], [56.3750547, 26.2001658], [56.3817228, 26.2022967], [56.3950929, 26.1974107], [56.4004893, 26.1853612], [56.3864574, 26.1848085], [56.3830497, 26.1777684], [56.3770282, 26.1768279], [56.3853419, 26.1678979], [56.3820048, 26.1644462], [56.3845397, 26.158717], [56.3781669, 26.1503769], [56.3849799, 26.1511066], [56.3859788, 26.1546932], [56.3885704, 26.1598979], [56.3939551, 26.1604892], [56.3894675, 26.1739568], [56.3984925, 26.179711], [56.4045879, 26.1767941], [56.4053615, 26.1825909], [56.4153615, 26.1890465], [56.4199791, 26.1840259], [56.4161397, 26.1767089], [56.4197404, 26.1724654], [56.4129454, 26.1724702], [56.4097796, 26.1636837], [56.4164883, 26.1632014], [56.4178881, 26.156507], [56.4120419, 26.1570634], [56.4099336, 26.1507421], [56.4163063, 26.1522476], [56.4198167, 26.1475187], [56.4201634, 26.1453382], [56.4167874, 26.1410743], [56.4252837, 26.1379989], [56.4251234, 26.1331356], [56.4318732, 26.131668], [56.434189, 26.1334308], [56.4338694, 26.1344635], [56.4373312, 26.138198], [56.4468969, 26.13461], [56.4504631, 26.1401951], [56.4599657, 26.1353069], [56.4717231, 26.1379858], [56.4738433, 26.1290408], [56.4816041, 26.1337848], [56.4879818, 26.1310203], [56.4841724, 26.1464482], [56.4778907, 26.1409764], [56.4726555, 26.1418226], [56.4742113, 26.1523437], [56.4684713, 26.1564847], [56.4690043, 26.1629787], [56.4593488, 26.1587914], [56.4577669, 26.1665397], [56.4481193, 26.1548723], [56.4376505, 26.1613165], [56.4413569, 26.1743653], [56.4349397, 26.1766078], [56.4399714, 26.1814274], [56.4341753, 26.1931291], [56.4388985, 26.1945134], [56.4449829, 26.188994], [56.4416291, 26.2036823], [56.4505654, 26.2034529], [56.4540281, 26.2157548], [56.4609576, 26.2174194], [56.4711299, 26.2138135], [56.473917, 26.2047467], [56.4693028, 26.2031725], [56.4650374, 26.1944216], [56.4742982, 26.1950839], [56.4743365, 26.1854745], [56.4860789, 26.1888518], [56.4849718, 26.2015334], [56.4762495, 26.2106167], [56.4783549, 26.2184292], [56.4744606, 26.2224836], [56.4788954, 26.2278169], [56.48572, 26.2311257], [56.4894327, 26.2314405], [56.4930144, 26.2341594], [56.4812973, 26.2306698], [56.4802889, 26.2316123], [56.4815716, 26.2396984], [56.4759429, 26.2358581], [56.4662284, 26.2377158], [56.4622851, 26.2477589], [56.4554182, 26.2426635], [56.4571767, 26.2416758], [56.4617083, 26.2334072], [56.4542387, 26.2337482], [56.4567535, 26.2284242], [56.4468836, 26.2233414], [56.4363252, 26.2258027], [56.4327059, 26.2332706], [56.4245633, 26.2312572], [56.4226422, 26.2470743], [56.4240202, 26.248463], [56.410845, 26.2430944], [56.4027653, 26.2504432], [56.4124885, 26.2554241], [56.4025718, 26.2535671], [56.3948227, 26.2591252], [56.4121864, 26.2689241], [56.395474, 26.2829653], [56.4004509, 26.2905472], [56.409723, 26.2877702], [56.4119533, 26.2931988], [56.432768, 26.2872529], [56.423041, 26.3076391], [56.4332492, 26.3046482], [56.4366751, 26.3101429], [56.4419575, 26.3070258], [56.4490173, 26.3118893], [56.4510602, 26.3027598], [56.4562311, 26.312439], [56.4674642, 26.3184731], [56.4984673, 26.3190769], [56.4980207, 26.3093572], [56.5041963, 26.3128678], [56.5147579, 26.309856], [56.5200316, 26.3209663], [56.5044766, 26.3221087], [56.5086593, 26.3322508], [56.5032263, 26.3429215], [56.5072153, 26.3577693], [56.5013346, 26.3553658], [56.4973524, 26.3603271], [56.5002068, 26.3518846], [56.4954447, 26.3506872], [56.4971246, 26.3469915], [56.4968947, 26.3463933], [56.4945835, 26.3453903], [56.4751182, 26.3518655], [56.4824247, 26.3435993], [56.4928036, 26.3415928], [56.4903795, 26.338589], [56.4978474, 26.3245613], [56.4896636, 26.3201001], [56.4718922, 26.3263562], [56.4677459, 26.3199157], [56.4583086, 26.3218467], [56.4588571, 26.3367102], [56.450905, 26.3270371], [56.4394475, 26.3284532], [56.4357891, 26.3434148], [56.4399839, 26.3511425], [56.4342378, 26.3456057], [56.4288773, 26.3523592], [56.4149757, 26.3382295], [56.410175, 26.3388705], [56.4098552, 26.3509934], [56.4138891, 26.3518119], [56.4106668, 26.3556271], [56.4098328, 26.3591523], [56.4178437, 26.3633883], [56.4117796, 26.3724047], [56.3986034, 26.3535506], [56.3962203, 26.3544974], [56.3966451, 26.3638212], [56.3989215, 26.3656803], [56.3980793, 26.3702113], [56.3908353, 26.3592024], [56.3835039, 26.3578974], [56.3868695, 26.3762697], [56.3814405, 26.3744033], [56.3797908, 26.3657719], [56.3713979, 26.3666569], [56.3716945, 26.3682668], [56.3758343, 26.374448], [56.3794321, 26.3859387], [56.3776654, 26.3878935], [56.3686603, 26.3658611], [56.3722152, 26.3513094], [56.3684562, 26.3516992], [56.3686501, 26.3501095], [56.3622512, 26.336773], [56.3599461, 26.3345083], [56.3669825, 26.3324171], [56.3641967, 26.3172855], [56.3580617, 26.3115662], [56.3517408, 26.3202616], [56.3416411, 26.3099617], [56.3363452, 26.3167835], [56.3230263, 26.3019258], [56.3359862, 26.2971066], [56.3395947, 26.28753], [56.3457789, 26.288853], [56.3473282, 26.2887811], [56.3484507, 26.2882119], [56.3509062, 26.2811233], [56.3497318, 26.2751838], [56.3584621, 26.280657], [56.3598446, 26.2763535], [56.3674178, 26.277255], [56.3680441, 26.2726033], [56.36142, 26.2698636], [56.3751969, 26.2623262], [56.3748626, 26.2553616], [56.3679231, 26.2481323], [56.359906, 26.2533833], [56.3574119, 26.2496792], [56.3468744, 26.2526331], [56.345999, 26.2595493], [56.3485537, 26.2660007], [56.3200706, 26.2873889], [56.3144346, 26.266747], [56.3190085, 26.2615134], [56.3136519, 26.2594672], [56.3192302, 26.2438005], [56.3110949, 26.2440554], [56.3073878, 26.2335724], [56.3051797, 26.2330457], [56.3050411, 26.2310165], [56.3035611, 26.2297394], [56.303572, 26.2056557], [56.3082167, 26.2025491], [56.3103933, 26.1986935], [56.318467, 26.1980577], [56.334075, 26.2046292], [56.3404223, 26.219327], [56.3468673, 26.2143321], [56.3672668, 26.2359382], [56.3740286, 26.2268496], [56.3733283, 26.2186689], [56.3762181, 26.2380258], [56.3826867, 26.2417255], [56.3808275, 26.2375723], [56.3820183, 26.2335742], [56.3812419, 26.2293339], [56.3814173, 26.2289341], [56.3815847, 26.2289305], [56.3888348, 26.2423367], [56.3946168, 26.2385453], [56.3917571, 26.2275501], [56.4025203, 26.233283], [56.4037839, 26.2296741], [56.4042716, 26.229738], [56.4049333, 26.2314086], [56.4060513, 26.2329001], [56.4066075, 26.2331867], [56.4114645, 26.228794], [56.412492, 26.2206684], [56.4015457, 26.2180126], [56.4159629, 26.21071], [56.4159622, 26.205003], [56.4015729, 26.2074132], [56.4082341, 26.1985305], [56.4011575, 26.1958686], [56.3920379, 26.2004558], [56.3900131, 26.2077099], [56.3628779, 26.2044085], [56.3587241, 26.2098455], [56.359862, 26.2024298], [56.3515562, 26.2012689], [56.3538916, 26.1950586], [56.3471739, 26.1946768], [56.3510783, 26.1885981], [56.3442517, 26.1807637], [56.337294, 26.1815311], [56.3352349, 26.1918917], [56.3275008, 26.1909652], [56.3255264, 26.1853334], [56.306143, 26.1928502], [56.3055917, 26.1868898], [56.3140216, 26.1858203], [56.308287, 26.1817909], [56.2994923, 26.1831171], [56.2958581, 26.1862968], [56.2933163, 26.1899027], [56.2922696, 26.2117036], [56.2862973, 26.1976753], [56.2839942, 26.1984154], [56.2853381, 26.220429], [56.2759034, 26.2089308], [56.2724316, 26.2099657], [56.2724004, 26.2151803], [56.2667516, 26.2131864], [56.2618736, 26.2168692], [56.2513477, 26.2081381], [56.25398, 26.2049602], [56.2454987, 26.2049795], [56.2435712, 26.210157], [56.2503065, 26.2109684], [56.2325094, 26.2138616], [56.2278885, 26.1996383], [56.2219919, 26.1956476], [56.2245894, 26.2049237], [56.2203663, 26.2097458], [56.2249182, 26.2169388], [56.219573, 26.2310492], [56.2134609, 26.2303273], [56.2184997, 26.2371826], [56.2188017, 26.2527957], [56.2108516, 26.2548837], [56.1848128, 26.2256492], [56.1760086, 26.1772712], [56.1690697, 26.1613315], [56.1539774, 26.1457473], [56.1440141, 26.1493487], [56.1243328, 26.1118094], [56.112549, 26.1025296], [56.0828434, 26.0536749]]], [[[56.1729777, 26.1732904], [56.1729656, 26.1732218], [56.1730045, 26.1732507], [56.1729777, 26.1732904]]], [[[56.2080062, 25.2562146], [56.2092723, 25.2419001], [56.2358089, 25.2284808], [56.2456571, 25.2292097], [56.2450304, 25.2350407], [56.2621304, 25.233664], [56.2708146, 25.227185], [56.2989901, 25.2476698], [56.3173723, 25.2506802], [56.3442309, 25.2638782], [56.3516361, 25.3029974], [56.3226718, 25.3098754], [56.3197616, 25.3024548], [56.3092949, 25.3152958], [56.3069043, 25.3294573], [56.2910781, 25.3251827], [56.2805833, 25.3310808], [56.2834776, 25.334886], [56.2676961, 25.3374352], [56.248083, 25.3249109], [56.2440467, 25.3170649], [56.2586371, 25.2946008], [56.2553817, 25.2823937], [56.2469035, 25.2818937], [56.2241067, 25.2632106], [56.2080062, 25.2562146]], [[56.2676401, 25.2793367], [56.2778338, 25.2904135], [56.2872376, 25.2775239], [56.293369, 25.2761895], [56.285041, 25.2716246], [56.2847708, 25.2627605], [56.2735735, 25.2605724], [56.2676401, 25.2793367]]], [[[56.2698492, 26.2156127], [56.2698613, 26.215562], [56.2699118, 26.2155675], [56.2698492, 26.2156127]]], [[[56.269946, 26.215553], [56.2699319, 26.2154842], [56.2700126, 26.2155059], [56.269946, 26.215553]]], [[[56.2735782, 26.2123632], [56.2735298, 26.2123035], [56.2736003, 26.2122781], [56.2735782, 26.2123632]]], [[[56.2751411, 26.209309], [56.2751774, 26.2092601], [56.2751693, 26.2093217], [56.2751411, 26.209309]]], [[[56.2867763, 26.2006556], [56.2867734, 26.2005917], [56.286792, 26.2006467], [56.2867763, 26.2006556]]], [[[56.2870608, 26.2163327], [56.2870251, 26.2162892], [56.2871035, 26.2163659], [56.2870608, 26.2163327]]], [[[56.2871556, 26.2012954], [56.2871784, 26.2012161], [56.2871941, 26.201234], [56.2871556, 26.2012954]]], [[[56.2871955, 26.2010113], [56.2871813, 26.200955], [56.2872027, 26.2009704], [56.2871955, 26.2010113]]], [[[56.2872383, 26.2012365], [56.2872697, 26.2011994], [56.2872797, 26.2012122], [56.2872383, 26.2012365]]], [[[56.2923748, 26.2129183], [56.2923809, 26.2118707], [56.2930383, 26.2126921], [56.2923748, 26.2129183]]], [[[56.294874, 26.1882241], [56.2948538, 26.1881626], [56.2949123, 26.1881518], [56.294874, 26.1882241]]], [[[56.2952309, 26.1878242], [56.2951926, 26.1877663], [56.2952592, 26.1877645], [56.2952309, 26.1878242]]], [[[56.2964345, 26.1861072], [56.2963841, 26.1860928], [56.2964375, 26.1860946], [56.2964345, 26.1861072]]], [[[56.2964829, 26.1861253], [56.296491, 26.1860846], [56.2965132, 26.1860919], [56.2964829, 26.1861253]]], [[[56.2986977, 26.1843567], [56.2986674, 26.1842916], [56.2987541, 26.1842916], [56.2986977, 26.1843567]]], [[[56.3031342, 26.2282], [56.3031125, 26.2281592], [56.3031456, 26.2281606], [56.3031342, 26.2282]]], [[[56.3033566, 26.2255512], [56.3034065, 26.2254754], [56.3034325, 26.2255123], [56.3033566, 26.2255512]]], [[[56.3033783, 26.2256892], [56.3034065, 26.2255862], [56.3034801, 26.2256445], [56.3033783, 26.2256892]]], [[[56.3038666, 26.2301457], [56.3038493, 26.2300679], [56.3038969, 26.2301185], [56.3038666, 26.2301457]]], [[[56.3046098, 26.2306724], [56.3045557, 26.2306472], [56.3045882, 26.2306375], [56.3046098, 26.2306724]]], [[[56.3056909, 26.1836887], [56.3057265, 26.1836388], [56.3057629, 26.1836855], [56.3056909, 26.1836887]]], [[[56.3065514, 26.203521], [56.3064972, 26.2034724], [56.3065384, 26.2034471], [56.3065514, 26.203521]]], [[[56.3156377, 26.1901488], [56.3156155, 26.190071], [56.3157022, 26.1901271], [56.3156377, 26.1901488]]], [[[56.3200087, 26.1898975], [56.3199764, 26.1898179], [56.3200087, 26.1897701], [56.3200087, 26.1898975]]], [[[56.3222436, 26.2862143], [56.322262, 26.2861469], [56.3223111, 26.2861923], [56.3222436, 26.2862143]]], [[[56.3223157, 26.2861373], [56.322354, 26.2860934], [56.32238, 26.2861305], [56.3223157, 26.2861373]]], [[[56.322984, 26.3025513], [56.3230626, 26.3024446], [56.3230868, 26.302535], [56.322984, 26.3025513]]], [[[56.3239238, 26.3045183], [56.323837, 26.3044189], [56.3239459, 26.304446], [56.3239238, 26.3045183]]], [[[56.3308275, 26.1529822], [56.330834, 26.1529063], [56.3308947, 26.1530308], [56.3308275, 26.1529822]]], [[[56.3337445, 26.1014033], [56.3337272, 26.1013586], [56.3338008, 26.1014072], [56.3337445, 26.1014033]]], [[[56.3379296, 26.2754304], [56.3379469, 26.2753469], [56.3380011, 26.2754246], [56.3379296, 26.2754304]]], [[[56.3379556, 26.27599], [56.3379339, 26.2759181], [56.3380054, 26.2759822], [56.3379556, 26.27599]]], [[[56.3421339, 26.3358658], [56.3484371, 26.3314607], [56.3557434, 26.3367228], [56.3584873, 26.3540865], [56.3549186, 26.3573347], [56.3612037, 26.3686919], [56.3643868, 26.3686751], [56.3554752, 26.375808], [56.351818, 26.3715667], [56.356426, 26.368437], [56.3437164, 26.3525387], [56.3421339, 26.3358658]]], [[[56.3426304, 26.1958767], [56.3432643, 26.1952258], [56.3433169, 26.1962012], [56.3426304, 26.1958767]]], [[[56.3429039, 26.1313739], [56.3428779, 26.1313272], [56.342984, 26.1312688], [56.3429039, 26.1313739]]], [[[56.3436275, 26.2006752], [56.3437131, 26.2005147], [56.3437986, 26.2006944], [56.3436275, 26.2006752]]], [[[56.3439761, 26.1633759], [56.3439544, 26.1632943], [56.3440064, 26.1633195], [56.3439761, 26.1633759]]], [[[56.3458646, 26.2029139], [56.3469945, 26.1996753], [56.351411, 26.2039852], [56.3496491, 26.2047372], [56.3458646, 26.2029139]]], [[[56.3460629, 26.2046093], [56.3458081, 26.2034594], [56.3463351, 26.2038764], [56.3460629, 26.2046093]]], [[[56.346377, 26.2884975], [56.3463206, 26.2884625], [56.34639, 26.2884178], [56.346377, 26.2884975]]], [[[56.347287, 26.2885596], [56.3472632, 26.2884761], [56.347287, 26.2884586], [56.347287, 26.2885596]]], [[[56.3475115, 26.2610767], [56.3475656, 26.2610243], [56.3475526, 26.2610962], [56.3475115, 26.2610767]]], [[[56.3481788, 26.2046587], [56.3481691, 26.2045278], [56.348245, 26.2045313], [56.3481788, 26.2046587]]], [[[56.3482045, 26.2856579], [56.3481877, 26.2855754], [56.3482198, 26.2855864], [56.3482045, 26.2856579]]], [[[56.3482946, 26.2876252], [56.3483185, 26.287493], [56.3483423, 26.2876057], [56.3482946, 26.2876252]]], [[[56.3483011, 26.2877709], [56.3482925, 26.2876485], [56.3483401, 26.2877437], [56.3483011, 26.2877709]]], [[[56.3484806, 26.2873424], [56.3486445, 26.287293], [56.3485051, 26.2874331], [56.3484806, 26.2873424]]], [[[56.3567381, 26.1622359], [56.3562621, 26.1616458], [56.3565949, 26.1616367], [56.3567381, 26.1622359]]], [[[56.3611138, 26.3361115], [56.3610775, 26.3360374], [56.3611481, 26.3360355], [56.3611138, 26.3361115]]], [[[56.3637734, 26.3680337], [56.3637577, 26.3680068], [56.3637919, 26.3679845], [56.3637734, 26.3680337]]], [[[56.363901, 26.3680183], [56.3638369, 26.3679813], [56.3639067, 26.3680024], [56.363901, 26.3680183]]], [[[56.3649064, 26.3289742], [56.3648879, 26.3288732], [56.3649549, 26.3289333], [56.3649064, 26.3289742]]], [[[56.365898, 26.3457988], [56.3659767, 26.3456127], [56.3659807, 26.3458359], [56.365898, 26.3457988]]], [[[56.3667236, 26.2496968], [56.3668818, 26.2496055], [56.3669587, 26.2498095], [56.3667236, 26.2496968]]], [[[56.37032, 26.2286796], [56.3703589, 26.2286726], [56.37032, 26.2287145], [56.37032, 26.2286796]]], [[[56.3719293, 26.3683616], [56.3719878, 26.3682984], [56.3721128, 26.3684086], [56.3719293, 26.3683616]]], [[[56.3729841, 26.2228709], [56.3729621, 26.222787], [56.3730226, 26.2228314], [56.3729841, 26.2228709]]], [[[56.3743777, 26.0949283], [56.3742919, 26.0948265], [56.3744145, 26.0948622], [56.3743777, 26.0949283]]], [[[56.3758208, 26.19849], [56.3763994, 26.1968257], [56.3769519, 26.1975082], [56.3758208, 26.19849]]], [[[56.3790021, 26.390377], [56.3790875, 26.3897918], [56.3791899, 26.3903732], [56.3790021, 26.390377]]], [[[56.3805894, 26.2091216], [56.3806358, 26.2090972], [56.3806176, 26.209147], [56.3805894, 26.2091216]]], [[[56.3833717, 26.1575968], [56.3833002, 26.1575267], [56.3833392, 26.1575073], [56.3833717, 26.1575968]]], [[[56.3846389, 26.3613927], [56.3845901, 26.3613107], [56.3847833, 26.3612779], [56.3846389, 26.3613927]]], [[[56.3874133, 26.1570311], [56.3874414, 26.1569747], [56.3874588, 26.157], [56.3874133, 26.1570311]]], [[[56.3885913, 26.2204848], [56.3928829, 26.2189831], [56.3925118, 26.225905], [56.3906968, 26.2231045], [56.3885913, 26.2204848]]], [[[56.3920901, 26.2273427], [56.3922474, 26.2268036], [56.3922394, 26.2274295], [56.3920901, 26.2273427]]], [[[56.3921197, 26.1745169], [56.3920829, 26.1744255], [56.3922151, 26.1744624], [56.3921197, 26.1745169]]], [[[56.3967899, 26.3635157], [56.3968676, 26.3634732], [56.3969194, 26.3635402], [56.3967899, 26.3635157]]], [[[56.3978835, 26.3551845], [56.3978791, 26.3551124], [56.397913, 26.3551942], [56.3978835, 26.3551845]]], [[[56.4015119, 26.2324346], [56.4014676, 26.2323694], [56.4015321, 26.2323749], [56.4015119, 26.2324346]]], [[[56.4015964, 25.9684865], [56.4016501, 25.9683804], [56.4017681, 25.9684961], [56.4015964, 25.9684865]]], [[[56.4040292, 25.9713358], [56.4040426, 25.9712074], [56.4040875, 25.9713132], [56.4040292, 25.9713358]]], [[[56.4047306, 26.0994773], [56.4047637, 26.0993702], [56.4048211, 26.0994634], [56.4047306, 26.0994773]]], [[[56.4061511, 26.2329181], [56.4062053, 26.2327927], [56.4062424, 26.2328874], [56.4061511, 26.2329181]]], [[[56.4099249, 26.1532881], [56.4097797, 26.1530839], [56.4100571, 26.1530859], [56.4099249, 26.1532881]]], [[[56.4109232, 26.0408762], [56.4110316, 26.0405491], [56.4110879, 26.0407262], [56.4109232, 26.0408762]]], [[[56.4122953, 26.3943558], [56.4124034, 26.3941757], [56.4125968, 26.3942387], [56.4122953, 26.3943558]]], [[[56.4132879, 26.3789122], [56.4177452, 26.3734783], [56.4214562, 26.3848568], [56.416499, 26.3844922], [56.4132879, 26.3789122]]], [[[56.4171737, 26.3727205], [56.4177778, 26.3713739], [56.417696, 26.3730165], [56.4171737, 26.3727205]]], [[[56.4175656, 25.9637368], [56.417571, 25.9635686], [56.4176941, 25.9637595], [56.4175656, 25.9637368]]], [[[56.4182695, 26.1492051], [56.4182643, 26.1491644], [56.4183302, 26.1492089], [56.4182695, 26.1492051]]], [[[56.4202793, 26.0830072], [56.4202175, 26.0827039], [56.4206038, 26.0824263], [56.4202793, 26.0830072]]], [[[56.4228432, 26.0423324], [56.4228367, 26.0422409], [56.4228757, 26.042274], [56.4228432, 26.0423324]]], [[[56.4239668, 26.2482093], [56.4239611, 26.2481338], [56.4240039, 26.2481658], [56.4239668, 26.2482093]]], [[[56.4241372, 26.2484105], [56.4241009, 26.2483183], [56.4241735, 26.2483382], [56.4241372, 26.2484105]]], [[[56.4296892, 25.961079], [56.4299206, 25.9606685], [56.4300366, 25.9610809], [56.4296892, 25.961079]]], [[[56.4320201, 25.9862309], [56.4316084, 25.9850973], [56.4335955, 25.9860245], [56.4320201, 25.9862309]]], [[[56.4346319, 25.985499], [56.4347606, 25.9841437], [56.4356401, 25.9853006], [56.4346319, 25.985499]]], [[[56.4345522, 25.9837911], [56.43454, 25.9836616], [56.4346043, 25.9836809], [56.4345522, 25.9837911]]], [[[56.4345391, 26.1351078], [56.43455, 26.1349633], [56.4346131, 26.1350434], [56.4345391, 26.1351078]]], [[[56.4345768, 25.9839839], [56.4345768, 25.9838599], [56.4346534, 25.9839674], [56.4345768, 25.9839839]]], [[[56.434587, 26.1343288], [56.4346152, 26.1342625], [56.4346631, 26.1343484], [56.434587, 26.1343288]]], [[[56.4398443, 26.1837765], [56.4398746, 26.1836354], [56.4399028, 26.1836752], [56.4398443, 26.1837765]]], [[[56.4407397, 26.1921844], [56.4407216, 26.1921048], [56.4408244, 26.1921428], [56.4407397, 26.1921844]]], [[[56.4410733, 26.0698794], [56.441095, 26.0698365], [56.441108, 26.0698599], [56.4410733, 26.0698794]]], [[[56.4423605, 26.0727405], [56.4423951, 26.0726958], [56.44238, 26.0727405], [56.4423605, 26.0727405]]], [[[56.4448317, 26.1985288], [56.4448377, 26.1984764], [56.44487, 26.1984782], [56.4448317, 26.1985288]]], [[[56.4448538, 26.19886], [56.4449466, 26.1987822], [56.4449668, 26.1988347], [56.4448538, 26.19886]]], [[[56.4457976, 26.3705181], [56.4611461, 26.3624747], [56.4663523, 26.371463], [56.45562, 26.3717484], [56.449565, 26.3765933], [56.4457976, 26.3705181]]], [[[56.4502607, 26.2802486], [56.4493044, 26.2790982], [56.4513837, 26.2811112], [56.4520546, 26.2844507], [56.4502607, 26.2802486]]], [[[56.4496537, 26.2809301], [56.4496167, 26.2808803], [56.4497122, 26.2808598], [56.4496537, 26.2809301]]], [[[56.4514688, 26.3007035], [56.4512592, 26.300637], [56.451416, 26.3005577], [56.4514688, 26.3007035]]], [[[56.4522097, 26.2984955], [56.4519681, 26.292481], [56.4529559, 26.2949133], [56.4522097, 26.2984955]]], [[[56.4551117, 26.3725344], [56.4551578, 26.3723911], [56.4552076, 26.3724198], [56.4551117, 26.3725344]]], [[[56.4553085, 26.0717244], [56.4554861, 26.0715609], [56.4554753, 26.0718879], [56.4553085, 26.0717244]]], [[[56.4568097, 26.2418097], [56.4568319, 26.2417229], [56.4568359, 26.2417735], [56.4568097, 26.2418097]]], [[[56.4595463, 26.0758049], [56.4594835, 26.0757115], [56.4595918, 26.0757699], [56.4595463, 26.0758049]]], [[[56.4595528, 26.0757348], [56.4595723, 26.0756901], [56.4595853, 26.075729], [56.4595528, 26.0757348]]], [[[56.4637999, 26.3159478], [56.4637515, 26.3158158], [56.463816, 26.3158393], [56.4637999, 26.3159478]]], [[[56.4639747, 25.9430364], [56.4676334, 25.9416474], [56.4693693, 25.9429665], [56.467003, 25.9425663], [56.4639747, 25.9430364]]], [[[56.4712227, 26.1931584], [56.4713437, 26.1929069], [56.4714022, 26.1930698], [56.4712227, 26.1931584]]], [[[56.4763906, 26.2110926], [56.476554, 26.2110708], [56.4765318, 26.2111667], [56.4763906, 26.2110926]]], [[[56.4770521, 26.141984], [56.4770802, 26.1419023], [56.4771062, 26.1419237], [56.4770521, 26.141984]]], [[[56.4784674, 26.3168191], [56.4784937, 26.3167703], [56.4785602, 26.3167576], [56.4784674, 26.3168191]]], [[[56.4793548, 26.3164883], [56.4794335, 26.3164214], [56.4794798, 26.3164341], [56.4793548, 26.3164883]]], [[[56.4797022, 26.1438689], [56.4797477, 26.1438281], [56.4797607, 26.1438728], [56.4797022, 26.1438689]]], [[[56.4805572, 26.2321388], [56.480543, 26.2320465], [56.4805995, 26.2321297], [56.4805572, 26.2321388]]], [[[56.4809081, 26.2066288], [56.4808778, 26.2065293], [56.4809827, 26.206513], [56.4809081, 26.2066288]]], [[[56.4819991, 26.2289078], [56.4820758, 26.2288843], [56.4820657, 26.2289241], [56.4819991, 26.2289078]]], [[[56.4855526, 26.1976429], [56.4856716, 26.1976103], [56.4855909, 26.197699], [56.4855526, 26.1976429]]], [[[56.4875815, 26.3420748], [56.4880036, 26.3417886], [56.4880007, 26.3422052], [56.4875815, 26.3420748]]], [[[56.4880827, 26.3422988], [56.4881298, 26.3422081], [56.4882581, 26.3422963], [56.4880827, 26.3422988]]], [[[56.4924748, 26.4015278], [56.497365, 26.4007755], [56.4980218, 26.4031584], [56.4958148, 26.4053287], [56.4924748, 26.4015278]]], [[[56.494882, 26.3456849], [56.4949082, 26.345656], [56.4952047, 26.3457572], [56.494882, 26.3456849]]], [[[56.5096188, 26.5036827], [56.5142694, 26.5020499], [56.5126843, 26.5075295], [56.5096188, 26.5036827]]], [[[56.5117154, 26.3594873], [56.5401657, 26.3670883], [56.5335287, 26.3670065], [56.5353328, 26.3764452], [56.5275633, 26.3869752], [56.5226506, 26.3844379], [56.5254737, 26.3761997], [56.5219417, 26.3668927], [56.5117154, 26.3594873]]], [[[56.5301956, 26.4983727], [56.5282102, 26.4978528], [56.53058, 26.4971473], [56.5301956, 26.4983727]]], [[[56.5310347, 26.3954238], [56.531426, 26.3949341], [56.5314887, 26.3953696], [56.5310347, 26.3954238]]], [[[56.5381038, 26.478792], [56.5394713, 26.4780468], [56.5382282, 26.4797464], [56.5381038, 26.478792]]], [[[56.5383529, 26.4766472], [56.538263, 26.4765776], [56.538369, 26.476568], [56.5383529, 26.4766472]]], [[[56.5465199, 26.1812134], [56.5476598, 26.1765364], [56.5485325, 26.1771164], [56.5465199, 26.1812134]]]]}}, {"type": "Feature", "properties": {"osm_id": 3781313, "name_en": "Al Buraimi Governorate", "name_ar": "Al Buraimi Governorate", "admin_level": 4, "downloaded": "2026-09-17", "source": "OpenStreetMap contributors, ODbL"}, "bbox": [55.4172878, 23.3356924, 56.4038987, 25.0056314], "geometry": {"type": "Polygon", "coordinates": [[[55.4172878, 23.3831115], [55.5310861, 23.3356924], [55.6589358, 23.3622943], [55.68264, 23.4028566], [55.6904317, 23.4360646], [55.7082263, 23.4690673], [55.7622597, 23.4706584], [55.8851536, 23.5133756], [55.9757505, 23.4981517], [56.0109663, 23.479286], [56.033388, 23.4988314], [56.0534417, 23.5338719], [56.0325387, 23.5531042], [56.0535722, 23.5758833], [56.0653752, 23.6101513], [56.0981439, 23.6459851], [55.9915835, 23.719239], [56.0050295, 23.8070602], [56.0008002, 23.8456139], [55.9612248, 23.8986879], [56.0443964, 23.9422539], [56.0689328, 23.9465519], [56.0688203, 23.9622188], [56.0491477, 24.0150771], [56.1763086, 24.0135549], [56.2321498, 23.9817689], [56.2952571, 23.9737117], [56.3450448, 23.9724893], [56.3660953, 23.9764177], [56.3783024, 23.985219], [56.4021806, 23.9920979], [56.4038987, 24.0033946], [56.3923618, 24.0191537], [56.368029, 24.0192702], [56.35393, 24.0918487], [56.3492649, 24.0982121], [56.3518904, 24.1114471], [56.3368422, 24.1465382], [56.3010169, 24.1669126], [56.3002527, 24.1781974], [56.2747455, 24.1876169], [56.2961835, 24.2026491], [56.2918517, 24.214819], [56.2776359, 24.2218477], [56.2799107, 24.2340068], [56.2915857, 24.2416946], [56.2807094, 24.2794861], [56.2809002, 24.3108876], [56.3260715, 24.3381752], [56.3421479, 24.3758565], [56.2807538, 24.4242911], [56.2242442, 24.4278873], [56.2188323, 24.4872012], [56.2043985, 24.5140059], [56.196973, 24.5176627], [56.194028, 24.5362507], [56.1837814, 24.5387829], [56.1887001, 24.5484193], [56.175685, 24.5829686], [56.1760236, 24.5929499], [56.1833671, 24.6027228], [56.1790613, 24.6107656], [56.1842379, 24.6138158], [56.2097985, 24.6102247], [56.2333465, 24.5988864], [56.2484957, 24.6052083], [56.2365391, 24.63013], [56.203497, 24.635356], [56.2064895, 24.6521273], [56.1979922, 24.6746281], [56.207615, 24.6872456], [56.2022862, 24.6986751], [56.217688, 24.7359629], [56.2012876, 24.7495515], [56.2017592, 24.7601492], [56.1902335, 24.7699434], [56.1864912, 24.7823547], [56.1550324, 24.7606613], [56.1443329, 24.7415562], [56.1195564, 24.7342777], [56.0811398, 24.7432899], [56.0374227, 24.8102151], [55.9783405, 24.8773628], [55.9801644, 24.8944923], [56.0634588, 24.8702239], [56.0564366, 24.8842479], [56.0471929, 24.8854632], [56.0424641, 24.8980323], [56.0487819, 24.9043918], [56.0462862, 24.9153112], [56.055877, 24.9185332], [56.0578438, 24.9339945], [56.065366, 24.9374517], [56.0648804, 24.9478166], [56.0500089, 24.9504043], [56.0482604, 24.9686179], [56.0271184, 24.9764579], [56.0063536, 24.9989864], [56.0036088, 24.9954373], [55.961137, 25.0056314], [55.911098, 24.9653024], [55.8516195, 24.9655342], [55.8128584, 24.9106963], [55.8152493, 24.7994166], [55.8202334, 24.7997537], [55.8223377, 24.7896573], [55.8316318, 24.7801446], [55.8272341, 24.7252808], [55.8365813, 24.671313], [55.7937021, 24.637131], [55.8161465, 24.6152938], [55.7675745, 24.5725798], [55.764822, 24.5296539], [55.7854511, 24.4857896], [55.8202843, 24.440296], [55.8274088, 24.409868], [55.8342017, 24.4095538], [55.8339436, 24.3277333], [55.8075685, 24.3107063], [55.7915264, 24.2794175], [55.7680615, 24.2623638], [55.759405, 24.2611417], [55.7528808, 24.234795], [55.7768546, 24.2347165], [55.8094897, 24.2108388], [55.8335234, 24.2009021], [55.8710687, 24.2151036], [55.9544468, 24.2225682], [55.9505778, 24.2139816], [55.9621955, 24.216601], [55.9585398, 24.2121524], [55.959882, 24.1967107], [55.9696731, 24.1823349], [55.9607425, 24.1703125], [55.9750118, 24.1456711], [55.9997396, 24.117585], [56.0142493, 24.0899579], [56.0173982, 24.0664668], [55.9597838, 24.0610616], [55.902317, 24.0469405], [55.8331087, 24.0146301], [55.8011255, 24.0254824], [55.7805724, 24.0559045], [55.75848, 24.0517644], [55.7312456, 24.0580662], [55.6330938, 24.0202479], [55.5739506, 23.9876448], [55.5032359, 23.9580426], [55.4852741, 23.9443845], [55.4990263, 23.9237599], [55.500567, 23.9056822], [55.5245802, 23.877058], [55.5337255, 23.8493518], [55.5315454, 23.8073505], [55.5357468, 23.7714409], [55.5318694, 23.7572856], [55.5591657, 23.7350147], [55.5692283, 23.7207336], [55.5723085, 23.6296459], [55.5657511, 23.6151194], [55.5347233, 23.5793123], [55.522796, 23.5542248], [55.4981219, 23.5334626], [55.4472296, 23.4570985], [55.4368109, 23.4120195], [55.4172878, 23.3831115]]]}}, {"type": "Feature", "properties": {"osm_id": 3781241, "name_en": "Ad Dakhiliyah Governorate", "name_ar": "Ad Dakhiliyah Governorate", "admin_level": 4, "downloaded": "2026-09-17", "source": "OpenStreetMap contributors, ODbL"}, "bbox": [56.5262051, 20.8977971, 58.4329934, 23.5457733], "geometry": {"type": "Polygon", "coordinates": [[[56.5262051, 21.3277858], [56.628849, 21.2730144], [56.6518802, 21.2298853], [56.6861257, 21.2212003], [56.7075739, 21.2359829], [57.1221718, 21.0599769], [57.3391767, 21.0115322], [57.9851097, 20.8977971], [57.9946014, 20.9407149], [57.9910575, 21.0496791], [58.0140287, 21.114323], [58.0387861, 21.1401323], [58.0704659, 21.2024711], [58.0183138, 21.4746775], [58.0140814, 21.517696], [58.0812254, 21.585085], [58.0292212, 21.6612087], [58.0153575, 21.7002714], [57.9439209, 21.7003445], [57.9392798, 21.7240567], [57.9675182, 21.7373212], [57.9670375, 21.7724416], [57.9437345, 21.8285313], [57.8823735, 21.9079636], [57.8317801, 22.0258742], [57.7636218, 22.0925756], [57.7321486, 22.0922716], [57.727806, 22.0819634], [57.6679691, 22.0640553], [57.6623545, 22.087852], [57.69403, 22.1089189], [57.7122355, 22.1133481], [57.7079919, 22.1565415], [57.7176454, 22.2093142], [57.9061786, 22.4102654], [57.9045408, 22.4878387], [57.8785061, 22.4855647], [57.8549501, 22.4920869], [57.8560468, 22.5105368], [57.904118, 22.5476843], [57.9051694, 22.6486939], [57.9735639, 22.7133354], [57.9817933, 22.7329213], [57.9924347, 22.7889107], [57.9559004, 22.816597], [57.9887677, 22.8318062], [58.011028, 22.8638078], [57.9973263, 22.8709042], [57.9945613, 22.8844408], [57.9746549, 22.9085171], [57.973429, 22.9180215], [57.9529667, 22.9498597], [57.948741, 22.9915366], [58.0003492, 22.9826035], [58.0177029, 22.9763318], [58.022741, 22.9672022], [58.0371093, 22.9757761], [58.038154, 22.9961159], [58.0835374, 23.0189762], [58.1254829, 23.017217], [58.1356392, 23.0120727], [58.1413079, 23.0218074], [58.1593306, 23.0266562], [58.153202, 23.0317526], [58.1799454, 23.0397771], [58.169854, 23.0463263], [58.1895694, 23.0551753], [58.193081, 23.0525398], [58.2012648, 23.057314], [58.2071402, 23.0452264], [58.2164037, 23.052017], [58.2965206, 23.0624654], [58.3134342, 23.0916527], [58.3892968, 23.1129981], [58.3902427, 23.1232289], [58.3727593, 23.1341768], [58.3426396, 23.1430944], [58.3424046, 23.1764488], [58.3491418, 23.2159817], [58.3832391, 23.2164397], [58.4064739, 23.2230638], [58.410573, 23.2298583], [58.4329934, 23.2417095], [58.394666, 23.2512946], [58.3489454, 23.2719575], [58.33681, 23.2999714], [58.3368536, 23.3220543], [58.3320281, 23.3310048], [58.3208255, 23.3329082], [58.3072265, 23.3508029], [58.3055121, 23.3589049], [58.3114212, 23.3742698], [58.3065979, 23.3823684], [58.2646723, 23.4162086], [58.2530545, 23.4462596], [58.2161358, 23.4473979], [58.1966648, 23.4547997], [58.1749366, 23.4783996], [58.1724303, 23.4870619], [58.150446, 23.4991882], [58.1498128, 23.5122115], [58.1577321, 23.5200878], [58.1431213, 23.5344764], [58.1109498, 23.5407629], [58.1001035, 23.5374305], [58.0766161, 23.5457733], [58.0609281, 23.512979], [58.0609507, 23.4743454], [58.0431736, 23.4338238], [57.9829898, 23.4511726], [57.9329829, 23.43863], [57.9253168, 23.3997308], [57.9295815, 23.3806596], [57.9243487, 23.3694873], [57.8898207, 23.3300547], [57.8809482, 23.3291945], [57.8609023, 23.3114501], [57.8568826, 23.2990779], [57.8730298, 23.2887655], [57.8631138, 23.2548592], [57.8239002, 23.2337125], [57.8212602, 23.2106882], [57.7911204, 23.1456492], [57.7574452, 23.119345], [57.7351208, 23.1189604], [57.7194516, 23.1320576], [57.720975, 23.162162], [57.6745226, 23.1516539], [57.6254189, 23.1554279], [57.6148478, 23.1610017], [57.605357, 23.1545259], [57.59323, 23.1679474], [57.5411959, 23.1793392], [57.5043366, 23.1817025], [57.4976553, 23.1648947], [57.4632023, 23.1509577], [57.4429804, 23.1553221], [57.3948387, 23.1814347], [57.369837, 23.1793275], [57.3285375, 23.1957293], [57.2707214, 23.2326778], [57.2642265, 23.24481], [57.2023193, 23.2620342], [57.1853064, 23.2620552], [57.1697322, 23.2785489], [57.1431457, 23.2892889], [57.1237559, 23.2851661], [57.0779606, 23.2569024], [57.077936, 23.2145284], [56.9590998, 23.1836493], [56.9635604, 23.1565016], [56.9313782, 23.165478], [56.9299718, 23.1456308], [56.9574901, 23.1163024], [56.9294156, 23.0677136], [56.9130727, 23.0488374], [56.9150826, 23.0439311], [56.9464843, 23.0318275], [56.9226551, 22.9626365], [56.9348291, 22.9543666], [56.938973, 22.9295653], [56.9077769, 22.8927282], [56.8884489, 22.8906727], [56.8977012, 22.8771171], [56.8860982, 22.8591344], [56.9053018, 22.8303121], [56.9392312, 22.8031788], [56.9525516, 22.8082389], [56.990301, 22.7758529], [56.996154, 22.7595632], [56.9850587, 22.7324125], [56.889039, 22.7185187], [56.8376363, 22.6870181], [56.7822537, 22.6369585], [56.7597456, 22.5852141], [56.7648775, 22.5406903], [56.7872952, 22.5047702], [56.7871135, 22.4871522], [56.7989561, 22.4756204], [56.7986486, 22.4717073], [56.7869401, 22.4703368], [56.7862432, 22.4027188], [56.774448, 22.3534561], [56.7739114, 22.3118856], [56.7356105, 22.250222], [56.7026659, 22.237432], [56.6708371, 22.0931856], [56.6139764, 21.7237928], [56.6361032, 21.6923125], [56.6339463, 21.6716626], [56.6225688, 21.6585619], [56.6022469, 21.6490577], [56.5773679, 21.4908794], [56.5262051, 21.3277858]]]}}, {"type": "Feature", "properties": {"osm_id": 3781240, "name_en": "Al Batinah North Governorate", "name_ar": "Al Batinah North Governorate", "admin_level": 4, "downloaded": "2026-09-17", "source": "OpenStreetMap contributors, ODbL"}, "bbox": [56.175685, 23.5317235, 57.538664, 24.9805797], "geometry": {"type": "Polygon", "coordinates": [[[56.175685, 24.5829686], [56.1887001, 24.5484193], [56.1837814, 24.5387829], [56.194028, 24.5362507], [56.196973, 24.5176627], [56.2043985, 24.5140059], [56.2188323, 24.4872012], [56.2242442, 24.4278873], [56.2807538, 24.4242911], [56.3421479, 24.3758565], [56.3260715, 24.3381752], [56.2809002, 24.3108876], [56.2807094, 24.2794861], [56.2915857, 24.2416946], [56.2799107, 24.2340068], [56.2776359, 24.2218477], [56.2918517, 24.214819], [56.2961835, 24.2026491], [56.2747455, 24.1876169], [56.3002527, 24.1781974], [56.3010169, 24.1669126], [56.3368422, 24.1465382], [56.3518904, 24.1114471], [56.3492649, 24.0982121], [56.35393, 24.0918487], [56.368029, 24.0192702], [56.3923618, 24.0191537], [56.4038987, 24.0033946], [56.4021806, 23.9920979], [56.3783024, 23.985219], [56.3660953, 23.9764177], [56.3773208, 23.9744963], [56.3903806, 23.9590133], [56.3954714, 23.9590334], [56.4014577, 23.9398593], [56.383275, 23.9301834], [56.4062986, 23.9139597], [56.439366, 23.9160926], [56.4606808, 23.9090062], [56.4663178, 23.901292], [56.4741337, 23.9016581], [56.4854548, 23.8921986], [56.4842043, 23.8727918], [56.4926251, 23.8688849], [56.4959761, 23.8603478], [56.4937436, 23.8467043], [56.5411386, 23.8173927], [56.5499361, 23.7828024], [56.5900528, 23.7167431], [56.6495161, 23.7277416], [56.6673315, 23.706948], [56.7633872, 23.6288328], [56.8084153, 23.6810176], [56.8111769, 23.6455019], [56.806691, 23.6222324], [56.825349, 23.6286363], [56.8377087, 23.6548097], [56.8630905, 23.6529493], [56.8697069, 23.6428662], [56.8579892, 23.6166577], [56.8777645, 23.597853], [56.9184562, 23.5904157], [56.9172359, 23.5575859], [56.925545, 23.5443882], [56.9485448, 23.5317235], [56.9866105, 23.5412369], [57.0041786, 23.5635386], [57.0360308, 23.5476684], [57.0909878, 23.5647534], [57.1864983, 23.6126694], [57.2520652, 23.6622722], [57.3011151, 23.6792457], [57.4250709, 23.6846541], [57.4276119, 23.7220477], [57.4953257, 23.7533355], [57.5024876, 23.7524072], [57.5144975, 23.7759008], [57.5221714, 23.7849027], [57.5280695, 23.7835584], [57.538664, 23.8030844], [57.5180795, 23.8128296], [57.5180983, 23.8208371], [57.5129578, 23.8215593], [57.5163652, 23.8273003], [57.4460724, 23.8494779], [57.4418626, 23.8554025], [57.4401341, 23.8512683], [57.4365497, 23.853777], [57.443392, 23.8568015], [57.4390803, 23.8560555], [57.4370892, 23.8547053], [57.4354454, 23.8527519], [57.246179, 23.9095863], [57.2410356, 23.9056263], [57.2427696, 23.910771], [57.1951044, 23.9298914], [57.1922899, 23.9225195], [57.1921218, 23.9309481], [57.12624, 23.9668036], [57.1263616, 23.9719875], [57.120622, 23.9711332], [57.0795109, 24.0088092], [56.9829914, 24.0777786], [56.9160358, 24.1367766], [56.9074385, 24.1513019], [56.9093601, 24.153242], [56.9095769, 24.1539691], [56.9092839, 24.1552522], [56.9072687, 24.1514655], [56.87264, 24.2017081], [56.8237191, 24.2606054], [56.744514, 24.3720627], [56.7423137, 24.3764029], [56.7432153, 24.3773311], [56.7437785, 24.3785477], [56.7439395, 24.3802383], [56.7434567, 24.3822318], [56.7413791, 24.3760357], [56.7378144, 24.3803707], [56.7426252, 24.3809956], [56.7368705, 24.3808564], [56.7186575, 24.4092179], [56.7103022, 24.4016353], [56.7161281, 24.4108318], [56.6940267, 24.4238421], [56.6433862, 24.4684204], [56.6393391, 24.4758484], [56.6432479, 24.4795156], [56.643303, 24.4805855], [56.6421763, 24.4822737], [56.6430617, 24.4797166], [56.6392415, 24.4764731], [56.6391967, 24.4737233], [56.6361841, 24.4773355], [56.64079, 24.48058], [56.6322943, 24.4805903], [56.6342104, 24.4867288], [56.6295677, 24.4932977], [56.6344936, 24.497031], [56.6356639, 24.5009821], [56.6337625, 24.5062142], [56.6310525, 24.5110292], [56.6349735, 24.4993891], [56.6262811, 24.4931537], [56.6069168, 24.5188648], [56.6113982, 24.5214306], [56.6228269, 24.5077377], [56.6267788, 24.5090503], [56.6129237, 24.5229215], [56.6228302, 24.5284509], [56.623861, 24.5297622], [56.6124766, 24.5230117], [56.6109745, 24.5250993], [56.6084359, 24.5260188], [56.6115248, 24.5225542], [56.6071756, 24.5200299], [56.5458651, 24.6010224], [56.4818243, 24.7195247], [56.4805671, 24.7204569], [56.481059, 24.7171421], [56.4794523, 24.7147705], [56.479534, 24.7130572], [56.4790093, 24.7123291], [56.4784062, 24.7122739], [56.4773367, 24.7126854], [56.4770931, 24.7129952], [56.4758324, 24.7170314], [56.4730243, 24.7169489], [56.4741066, 24.7198351], [56.4788032, 24.7124375], [56.4792807, 24.7149027], [56.4805892, 24.7169833], [56.474485, 24.7225878], [56.4686955, 24.7440055], [56.4797917, 24.7201064], [56.4749895, 24.7487229], [56.4724059, 24.7446443], [56.4643078, 24.7713699], [56.4673521, 24.7604414], [56.4687183, 24.7530668], [56.4684246, 24.7504826], [56.4538774, 24.8000393], [56.4112785, 24.8746814], [56.3827506, 24.9495241], [56.3808073, 24.9640283], [56.385705, 24.9654836], [56.3790089, 24.9646715], [56.3753177, 24.9805797], [56.3433904, 24.9718205], [56.3232806, 24.9723581], [56.3390063, 24.9408052], [56.3489693, 24.932834], [56.3256977, 24.8984033], [56.3052706, 24.884608], [56.2803441, 24.8846543], [56.2768611, 24.8821132], [56.2802036, 24.8752452], [56.2536849, 24.8592769], [56.2368883, 24.8563033], [56.2308289, 24.8611184], [56.2267626, 24.8543935], [56.2052554, 24.8506188], [56.2001711, 24.7863723], [56.191163, 24.7813285], [56.1856163, 24.7832182], [56.1902335, 24.7699434], [56.2017592, 24.7601492], [56.2012876, 24.7495515], [56.217688, 24.7359629], [56.2022862, 24.6986751], [56.207615, 24.6872456], [56.1979922, 24.6746281], [56.2064895, 24.6521273], [56.203497, 24.635356], [56.2365391, 24.63013], [56.2484957, 24.6052083], [56.2333465, 24.5988864], [56.2097985, 24.6102247], [56.1842379, 24.6138158], [56.1790613, 24.6107656], [56.1833671, 24.6027228], [56.1760236, 24.5929499], [56.175685, 24.5829686]]]}}, {"type": "Feature", "properties": {"osm_id": 3994012, "name_en": "Al Batinah South Governorate", "name_ar": "Al Batinah South Governorate", "admin_level": 4, "downloaded": "2026-09-17", "source": "OpenStreetMap contributors, ODbL"}, "bbox": [57.0073975, 23.1189604, 58.0766161, 23.8399322], "geometry": {"type": "MultiPolygon", "coordinates": [[[[57.0073975, 23.451472], [57.057041, 23.4119548], [57.0887327, 23.3712242], [57.0714486, 23.3323487], [57.0833631, 23.3187908], [57.1188661, 23.3117557], [57.1359983, 23.3035901], [57.1431457, 23.2892889], [57.1697322, 23.2785489], [57.1853064, 23.2620552], [57.2023193, 23.2620342], [57.2642265, 23.24481], [57.2707214, 23.2326778], [57.3285375, 23.1957293], [57.369837, 23.1793275], [57.3948387, 23.1814347], [57.4429804, 23.1553221], [57.4632023, 23.1509577], [57.4976553, 23.1648947], [57.5043366, 23.1817025], [57.5411959, 23.1793392], [57.59323, 23.1679474], [57.605357, 23.1545259], [57.6148478, 23.1610017], [57.6254189, 23.1554279], [57.6745226, 23.1516539], [57.720975, 23.162162], [57.7194516, 23.1320576], [57.7351208, 23.1189604], [57.7574452, 23.119345], [57.7911204, 23.1456492], [57.8212602, 23.2106882], [57.8239002, 23.2337125], [57.8631138, 23.2548592], [57.8730298, 23.2887655], [57.8568826, 23.2990779], [57.8609023, 23.3114501], [57.8809482, 23.3291945], [57.8898207, 23.3300547], [57.9243487, 23.3694873], [57.9295815, 23.3806596], [57.9253168, 23.3997308], [57.9329829, 23.43863], [57.9829898, 23.4511726], [58.0431736, 23.4338238], [58.0609507, 23.4743454], [58.0609281, 23.512979], [58.0766161, 23.5457733], [58.0692583, 23.548504], [58.0608047, 23.5654828], [58.0040767, 23.569955], [58.0046679, 23.6271599], [58.0307761, 23.6330221], [58.0244704, 23.6857003], [58.0628017, 23.6933789], [58.0616745, 23.7137521], [57.9455318, 23.7079758], [57.9043804, 23.709319], [57.8993428, 23.7103495], [57.8976161, 23.7139644], [57.8948804, 23.7154563], [57.8977069, 23.7117018], [57.8908221, 23.7107925], [57.8951534, 23.7167036], [57.8898053, 23.7107331], [57.8808548, 23.7120713], [57.8535203, 23.7217487], [57.8105542, 23.7475438], [57.7911258, 23.7667266], [57.7910388, 23.7825981], [57.7684049, 23.7725991], [57.7434091, 23.7682094], [57.6667501, 23.7759518], [57.6517152, 23.7794304], [57.6507111, 23.7844099], [57.6497854, 23.7852287], [57.6483269, 23.7858112], [57.647301, 23.7803843], [57.6427478, 23.782167], [57.6486239, 23.7870379], [57.6416051, 23.7822046], [57.5922911, 23.796086], [57.5709059, 23.8075872], [57.5690933, 23.8044528], [57.5684997, 23.8075715], [57.5722377, 23.808818], [57.569363, 23.8084523], [57.566379, 23.8066393], [57.5387327, 23.8173301], [57.5291795, 23.8287822], [57.5294533, 23.8218856], [57.5210525, 23.8253527], [57.5246544, 23.8310735], [57.5347113, 23.8308522], [57.5251739, 23.8314448], [57.5151778, 23.8265004], [57.5129578, 23.8215593], [57.5180983, 23.8208371], [57.5180795, 23.8128296], [57.538664, 23.8030844], [57.5280695, 23.7835584], [57.5221714, 23.7849027], [57.5144975, 23.7759008], [57.5024876, 23.7524072], [57.4953257, 23.7533355], [57.4276119, 23.7220477], [57.4250709, 23.6846541], [57.3011151, 23.6792457], [57.2520652, 23.6622722], [57.1864983, 23.6126694], [57.0909878, 23.5647534], [57.0360308, 23.5476684], [57.0939741, 23.5072934], [57.0781112, 23.4896179], [57.0205123, 23.4668761], [57.0073975, 23.451472]]], [[[57.7741256, 23.7952264], [57.7737137, 23.7944066], [57.7742169, 23.7950324], [57.7741256, 23.7952264]]], [[[57.7770941, 23.7911059], [57.7768903, 23.7908389], [57.7774479, 23.7908776], [57.7770941, 23.7911059]]], [[[57.7828519, 23.7883543], [57.7821882, 23.786624], [57.7838481, 23.7864609], [57.7828519, 23.7883543]]], [[[57.78232, 23.790824], [57.7824356, 23.7906072], [57.7826899, 23.7906759], [57.78232, 23.790824]]], [[[57.7832523, 23.7901554], [57.7833792, 23.7889503], [57.7841741, 23.7890825], [57.7832523, 23.7901554]]], [[[57.7871688, 23.7918549], [57.786376, 23.7912125], [57.7875283, 23.7915924], [57.7871688, 23.7918549]]], [[[57.7905634, 23.7892458], [57.7952327, 23.7855958], [57.801546, 23.7862132], [57.8010219, 23.7879538], [57.7905634, 23.7892458]]], [[[57.9617445, 23.8399322], [57.9622879, 23.8394231], [57.9624658, 23.8396316], [57.9617445, 23.8399322]]], [[[57.9687283, 23.8386208], [57.9776722, 23.8369009], [57.9812697, 23.8369707], [57.9746722, 23.8385584], [57.9687283, 23.8386208]]], [[[57.9859805, 23.836738], [57.9846991, 23.836308], [57.9861079, 23.8365342], [57.9859805, 23.836738]]]]}}, {"type": "Feature", "properties": {"osm_id": 10169425, "name_en": "Ash Sharqiyah North Governorate", "name_ar": "Ash Sharqiyah North Governorate", "admin_level": 4, "downloaded": "2026-09-17", "source": "OpenStreetMap contributors, ODbL"}, "bbox": [57.6623545, 21.1585215, 59.2331442, 23.2417095], "geometry": {"type": "Polygon", "coordinates": [[[57.6623545, 22.087852], [57.6679691, 22.0640553], [57.727806, 22.0819634], [57.7321486, 22.0922716], [57.7636218, 22.0925756], [57.8317801, 22.0258742], [57.8823735, 21.9079636], [57.9437345, 21.8285313], [57.9670375, 21.7724416], [57.9675182, 21.7373212], [57.9392798, 21.7240567], [57.9439209, 21.7003445], [58.0153575, 21.7002714], [58.0292212, 21.6612087], [58.0812254, 21.585085], [58.0140814, 21.517696], [58.0418807, 21.3517685], [58.2594373, 21.4089774], [58.2364112, 21.4375881], [58.2450482, 21.4530675], [58.2653451, 21.4551907], [58.3574855, 21.4055774], [58.4464065, 21.3207836], [58.6500242, 21.209239], [58.6309969, 21.1731231], [58.6395427, 21.1585215], [58.6472224, 21.1653398], [58.6585153, 21.2045787], [58.695708, 21.3562265], [58.7375137, 21.4524386], [58.7476758, 21.4896644], [58.7488949, 21.5701763], [58.7595065, 21.6219392], [58.7438857, 21.6444171], [58.7180355, 21.6680346], [58.705066, 21.7041874], [58.70953, 21.7425159], [58.7280328, 21.7990128], [58.8024398, 21.7205115], [58.7950776, 21.6760433], [58.8024883, 21.614868], [58.8484893, 21.5925584], [58.8688837, 21.593964], [58.8859268, 21.6062946], [58.9161844, 21.6580654], [58.9967498, 21.6864656], [59.0130992, 22.0757031], [59.0340052, 22.105351], [59.0365996, 22.1214655], [59.0533764, 22.1422], [59.0417927, 22.1760868], [59.0168294, 22.207118], [59.0126037, 22.225947], [59.0118048, 22.3501208], [59.000762, 22.36127], [59.0034755, 22.3809426], [58.9445793, 22.4302515], [58.9355698, 22.4427523], [58.9374235, 22.4482378], [58.956615, 22.4607669], [58.9647241, 22.472417], [58.9661039, 22.491933], [58.9968438, 22.4932467], [59.0122723, 22.5005336], [59.0315737, 22.5196971], [59.0387725, 22.5361128], [59.0543472, 22.5345872], [59.0689177, 22.5418252], [59.1025486, 22.5393845], [59.1249541, 22.5165375], [59.1678225, 22.4978008], [59.2331442, 22.5035755], [59.2199517, 22.5192159], [59.2134669, 22.5451535], [59.2076639, 22.5439759], [59.1977266, 22.5519494], [59.196996, 22.562018], [59.2067235, 22.5702863], [59.2057557, 22.5869336], [59.1395811, 22.6565293], [59.1385948, 22.6679421], [59.1512332, 22.678617], [59.0941185, 22.7415013], [59.0899146, 22.7789901], [59.017612, 22.7841495], [58.9969635, 22.8495812], [58.9987812, 22.8881552], [59.0194863, 22.9797694], [59.0039855, 22.9929214], [58.9868385, 22.9963204], [58.9431649, 22.9710912], [58.9353785, 22.9833158], [58.9010944, 22.9919483], [58.8935389, 22.9985381], [58.8867124, 23.0172621], [58.8626893, 23.0280667], [58.8356532, 23.0230617], [58.7873244, 23.0487058], [58.7511791, 23.0898805], [58.7084998, 23.0990806], [58.6796889, 23.1111365], [58.653952, 23.1468753], [58.6023941, 23.1696452], [58.5862542, 23.1858677], [58.5744746, 23.2087754], [58.5669365, 23.2078663], [58.5575144, 23.2142025], [58.5478677, 23.2085496], [58.5259106, 23.2094347], [58.504005, 23.2239487], [58.4329934, 23.2417095], [58.410573, 23.2298583], [58.4064739, 23.2230638], [58.3832391, 23.2164397], [58.3491418, 23.2159817], [58.3424046, 23.1764488], [58.3426396, 23.1430944], [58.3727593, 23.1341768], [58.3902427, 23.1232289], [58.3892968, 23.1129981], [58.3134342, 23.0916527], [58.2965206, 23.0624654], [58.2164037, 23.052017], [58.2071402, 23.0452264], [58.2012648, 23.057314], [58.193081, 23.0525398], [58.1895694, 23.0551753], [58.169854, 23.0463263], [58.1799454, 23.0397771], [58.153202, 23.0317526], [58.1593306, 23.0266562], [58.1413079, 23.0218074], [58.1356392, 23.0120727], [58.1254829, 23.017217], [58.0835374, 23.0189762], [58.038154, 22.9961159], [58.0371093, 22.9757761], [58.022741, 22.9672022], [58.0177029, 22.9763318], [58.0003492, 22.9826035], [57.948741, 22.9915366], [57.9529667, 22.9498597], [57.973429, 22.9180215], [57.9746549, 22.9085171], [57.9945613, 22.8844408], [57.9973263, 22.8709042], [58.011028, 22.8638078], [57.9887677, 22.8318062], [57.9559004, 22.816597], [57.9924347, 22.7889107], [57.9817933, 22.7329213], [57.9735639, 22.7133354], [57.9051694, 22.6486939], [57.904118, 22.5476843], [57.8560468, 22.5105368], [57.8549501, 22.4920869], [57.8785061, 22.4855647], [57.9045408, 22.4878387], [57.9061786, 22.4102654], [57.7176454, 22.2093142], [57.7079919, 22.1565415], [57.7122355, 22.1133481], [57.69403, 22.1089189], [57.6623545, 22.087852]]]}}, {"type": "Feature", "properties": {"osm_id": 10169426, "name_en": "Ash Sharqiyah South Governorate", "name_ar": "Ash Sharqiyah South Governorate", "admin_level": 4, "downloaded": "2026-09-17", "source": "OpenStreetMap contributors, ODbL"}, "bbox": [58.5868255, 20.1617202, 59.8394181, 22.8400811], "geometry": {"type": "MultiPolygon", "coordinates": [[[[58.5868255, 21.0303697], [58.6267497, 21.0309071], [58.6349361, 20.9729288], [58.7966174, 20.97092], [58.8025108, 20.9918336], [58.8569473, 21.0683296], [58.9223841, 21.1398131], [58.9688343, 21.1770541], [59.0001011, 21.2169606], [59.0320194, 21.2481623], [59.1873533, 21.3659862], [59.2909158, 21.4064398], [59.3445072, 21.4327036], [59.3516738, 21.445395], [59.3437742, 21.4517856], [59.3456753, 21.4706429], [59.3821856, 21.5131731], [59.379593, 21.519082], [59.3841901, 21.5308659], [59.4099745, 21.5622084], [59.4262163, 21.5967888], [59.4597116, 21.6436243], [59.4565207, 21.6572176], [59.4858467, 21.7057898], [59.4831106, 21.7271044], [59.4927826, 21.7562189], [59.5312992, 21.7993517], [59.5752606, 21.8391939], [59.575627, 21.8495596], [59.5705037, 21.8539161], [59.5731229, 21.862497], [59.5974183, 21.8954291], [59.6457329, 21.9359971], [59.6526664, 21.9487228], [59.6447808, 21.9668801], [59.6746498, 22.0359332], [59.6694571, 22.0454553], [59.674671, 22.0660458], [59.7078341, 22.1036082], [59.7410506, 22.1532911], [59.7638655, 22.1734365], [59.7705829, 22.1841238], [59.767268, 22.1889266], [59.7713311, 22.1964888], [59.809902, 22.2262747], [59.810897, 22.2557747], [59.8238221, 22.2926748], [59.8242119, 22.3240079], [59.8165708, 22.3365587], [59.8249368, 22.3633564], [59.8170161, 22.3821775], [59.8249053, 22.4113462], [59.8394181, 22.4233115], [59.8266721, 22.4736077], [59.8026422, 22.5079209], [59.796803, 22.5373031], [59.7868386, 22.5390893], [59.7604188, 22.5324177], [59.7654614, 22.5243186], [59.7709344, 22.5288637], [59.7837621, 22.5264865], [59.7859964, 22.5212166], [59.7858448, 22.5173304], [59.7851421, 22.5164861], [59.7701767, 22.517038], [59.7620821, 22.5231716], [59.7629642, 22.5173638], [59.7546041, 22.5301341], [59.7563835, 22.5330032], [59.735659, 22.5364199], [59.7379897, 22.5318935], [59.7285353, 22.5249134], [59.7440547, 22.5121159], [59.7481424, 22.4992505], [59.7668266, 22.4921878], [59.7419808, 22.4824554], [59.7360426, 22.4856632], [59.7381803, 22.4941779], [59.7298514, 22.4908069], [59.7143841, 22.5004052], [59.7141319, 22.5074427], [59.7261195, 22.5175479], [59.721991, 22.5204596], [59.7295503, 22.5225774], [59.7253495, 22.5226823], [59.7314143, 22.5279903], [59.7324905, 22.5345317], [59.7283316, 22.5373676], [59.6928566, 22.5425646], [59.6469695, 22.5592832], [59.5412966, 22.5703133], [59.5404316, 22.5648318], [59.5284099, 22.5737086], [59.5288724, 22.575644], [59.5306462, 22.5778923], [59.5308885, 22.5791074], [59.5278262, 22.5762076], [59.5231899, 22.5811098], [59.5313686, 22.5812466], [59.5274036, 22.5830754], [59.5209357, 22.5804515], [59.4894528, 22.5972677], [59.4318377, 22.6457596], [59.4264509, 22.6562412], [59.3890546, 22.6749472], [59.3803579, 22.6856354], [59.3798411, 22.7010983], [59.373752, 22.6988762], [59.381761, 22.7025815], [59.3586212, 22.709442], [59.3362405, 22.7508945], [59.3187797, 22.7568136], [59.3052158, 22.7558588], [59.2906031, 22.7645552], [59.2658436, 22.8133762], [59.2648754, 22.8260503], [59.2468339, 22.8400811], [59.236193, 22.8319483], [59.2301285, 22.8347438], [59.2136342, 22.8209289], [59.2023596, 22.8273023], [59.1776051, 22.8157691], [59.1688193, 22.7942047], [59.1623769, 22.7896398], [59.1278267, 22.7849631], [59.1214393, 22.7792081], [59.0899146, 22.7789901], [59.0941185, 22.7415013], [59.1512332, 22.678617], [59.1385948, 22.6679421], [59.1395811, 22.6565293], [59.2057557, 22.5869336], [59.2067235, 22.5702863], [59.196996, 22.562018], [59.1977266, 22.5519494], [59.2076639, 22.5439759], [59.2134669, 22.5451535], [59.2199517, 22.5192159], [59.2331442, 22.5035755], [59.1678225, 22.4978008], [59.1249541, 22.5165375], [59.1025486, 22.5393845], [59.0689177, 22.5418252], [59.0543472, 22.5345872], [59.0387725, 22.5361128], [59.0315737, 22.5196971], [59.0122723, 22.5005336], [58.9968438, 22.4932467], [58.9661039, 22.491933], [58.9647241, 22.472417], [58.956615, 22.4607669], [58.9374235, 22.4482378], [58.9355698, 22.4427523], [58.9445793, 22.4302515], [59.0034755, 22.3809426], [59.000762, 22.36127], [59.0118048, 22.3501208], [59.0126037, 22.225947], [59.0168294, 22.207118], [59.0417927, 22.1760868], [59.0533764, 22.1422], [59.0365996, 22.1214655], [59.0340052, 22.105351], [59.0130992, 22.0757031], [58.9967498, 21.6864656], [58.9161844, 21.6580654], [58.8859268, 21.6062946], [58.8688837, 21.593964], [58.8484893, 21.5925584], [58.8024883, 21.614868], [58.7950776, 21.6760433], [58.8024398, 21.7205115], [58.7280328, 21.7990128], [58.70953, 21.7425159], [58.705066, 21.7041874], [58.7180355, 21.6680346], [58.7438857, 21.6444171], [58.7595065, 21.6219392], [58.7488949, 21.5701763], [58.7476758, 21.4896644], [58.7375137, 21.4524386], [58.695708, 21.3562265], [58.6472224, 21.1653398], [58.6395427, 21.1585215], [58.5868255, 21.0303697]]], [[[58.6236099, 20.2692488], [58.6293109, 20.2461655], [58.6259859, 20.2260131], [58.6349296, 20.2163073], [58.6345481, 20.2085979], [58.630209, 20.2075385], [58.6344916, 20.195519], [58.6295717, 20.1864103], [58.6360269, 20.1617202], [58.6446199, 20.1684243], [58.6587444, 20.16923], [58.6686981, 20.1879255], [58.7065548, 20.2028683], [58.7217307, 20.2145274], [58.7388003, 20.2482264], [58.7842262, 20.275759], [58.7781268, 20.2831609], [58.7809592, 20.2896769], [58.7770593, 20.29817], [58.7976372, 20.3233546], [58.7959742, 20.3365741], [58.8015908, 20.3461862], [58.7982112, 20.3607088], [58.8165235, 20.3848959], [58.8234877, 20.4187904], [58.8412324, 20.4324164], [58.8428274, 20.4408086], [58.8735869, 20.4607802], [58.904396, 20.4737784], [58.9081601, 20.4817847], [58.9461837, 20.4949386], [58.9610478, 20.514464], [58.9623302, 20.5185684], [58.9461619, 20.5248892], [58.9374715, 20.5420348], [58.9379168, 20.5740551], [58.91228, 20.5876003], [58.9019693, 20.6133411], [58.9017868, 20.6281134], [58.9145719, 20.6778926], [58.9117605, 20.6921397], [58.8891002, 20.6967828], [58.8723333, 20.6903038], [58.876415, 20.6769001], [58.8689564, 20.661688], [58.8713529, 20.6582072], [58.8675619, 20.6598756], [58.8714083, 20.6575695], [58.8687701, 20.6463774], [58.8637285, 20.6489616], [58.8671207, 20.6461438], [58.8631822, 20.6356265], [58.8647361, 20.615347], [58.8416898, 20.6027999], [58.826015, 20.5851941], [58.8117349, 20.5558935], [58.7857336, 20.5203325], [58.7811899, 20.4808385], [58.7847114, 20.4680962], [58.7758087, 20.4625444], [58.7785868, 20.4595694], [58.7737173, 20.4409473], [58.7435976, 20.4196502], [58.7333011, 20.4239975], [58.7247821, 20.4212465], [58.7172407, 20.4298682], [58.7090398, 20.4280496], [58.7153281, 20.4373918], [58.7028373, 20.4276793], [58.6993426, 20.4170892], [58.6862564, 20.4098769], [58.6825463, 20.3919273], [58.6590063, 20.3788709], [58.6491264, 20.3600204], [58.6335206, 20.345415], [58.6325835, 20.296572], [58.6264613, 20.2910329], [58.6291335, 20.2786608], [58.6236099, 20.2692488]]], [[[58.667255, 20.1818483], [58.6672068, 20.1814707], [58.6674964, 20.1816595], [58.667255, 20.1818483]]], [[[58.7225649, 20.4305418], [58.7223168, 20.4298468], [58.7227888, 20.4298556], [58.7225649, 20.4305418]]], [[[58.7403479, 20.450382], [58.7531581, 20.4547498], [58.7572619, 20.4612133], [58.7515113, 20.4691114], [58.7534505, 20.4825697], [58.7403479, 20.450382]]], [[[58.934553, 20.582034], [58.9361528, 20.5798888], [58.9374293, 20.5808244], [58.934553, 20.582034]]], [[[59.7306168, 22.5220665], [59.7289351, 22.5165809], [59.7316173, 22.5193931], [59.7306168, 22.5220665]]], [[[59.7462541, 22.5006382], [59.7465974, 22.5001277], [59.7466028, 22.5006332], [59.7462541, 22.5006382]]], [[[59.761489, 22.5208078], [59.7613227, 22.5204164], [59.7615641, 22.5207285], [59.761489, 22.5208078]]], [[[59.7663063, 22.5219575], [59.766317, 22.521675], [59.7664471, 22.5216707], [59.7663063, 22.5219575]]], [[[59.7693372, 22.5229597], [59.7690757, 22.5224988], [59.7691454, 22.5224133], [59.7693372, 22.5229597]]], [[[59.7854023, 22.517795], [59.785307, 22.5175534], [59.7854314, 22.517388], [59.7854023, 22.517795]]]]}}, {"type": "Feature", "properties": {"osm_id": 3781242, "name_en": "Ad Dhahirah Governorate", "name_ar": "Ad Dhahirah Governorate", "admin_level": 4, "downloaded": "2026-09-17", "source": "OpenStreetMap contributors, ODbL"}, "bbox": [55.2113705, 21.3373148, 57.1435314, 24.0150771], "geometry": {"type": "Polygon", "coordinates": [[[55.2113705, 22.7054225], [55.6666851, 22.0000149], [55.443956, 21.3373148], [56.5773679, 21.4908794], [56.6022469, 21.6490577], [56.6225688, 21.6585619], [56.6339463, 21.6716626], [56.6361032, 21.6923125], [56.6139764, 21.7237928], [56.6708371, 22.0931856], [56.7026659, 22.237432], [56.7356105, 22.250222], [56.7739114, 22.3118856], [56.774448, 22.3534561], [56.7862432, 22.4027188], [56.7869401, 22.4703368], [56.7986486, 22.4717073], [56.7989561, 22.4756204], [56.7871135, 22.4871522], [56.7872952, 22.5047702], [56.7648775, 22.5406903], [56.7597456, 22.5852141], [56.7822537, 22.6369585], [56.8376363, 22.6870181], [56.889039, 22.7185187], [56.9850587, 22.7324125], [56.996154, 22.7595632], [56.990301, 22.7758529], [56.9525516, 22.8082389], [56.9392312, 22.8031788], [56.9053018, 22.8303121], [56.8860982, 22.8591344], [56.8977012, 22.8771171], [56.8884489, 22.8906727], [56.9077769, 22.8927282], [56.938973, 22.9295653], [56.9348291, 22.9543666], [56.9226551, 22.9626365], [56.9464843, 23.0318275], [56.9150826, 23.0439311], [56.9130727, 23.0488374], [56.9294156, 23.0677136], [56.9574901, 23.1163024], [56.9299718, 23.1456308], [56.9313782, 23.165478], [56.9635604, 23.1565016], [56.9590998, 23.1836493], [57.077936, 23.2145284], [57.0779606, 23.2569024], [57.1237559, 23.2851661], [57.1431457, 23.2892889], [57.1359983, 23.3035901], [57.1188661, 23.3117557], [57.0833631, 23.3187908], [57.0749596, 23.3277922], [57.0714486, 23.3323487], [57.0887327, 23.3712242], [57.057041, 23.4119548], [57.0073975, 23.451472], [57.0205123, 23.4668761], [57.0781112, 23.4896179], [57.0939741, 23.5072934], [57.0360308, 23.5476684], [57.0041786, 23.5635386], [56.9866105, 23.5412369], [56.9597106, 23.5333182], [56.9485448, 23.5317235], [56.925545, 23.5443882], [56.9172359, 23.5575859], [56.9184562, 23.5904157], [56.8777645, 23.597853], [56.8579892, 23.6166577], [56.8697069, 23.6428662], [56.8645341, 23.6520645], [56.8377087, 23.6548097], [56.825349, 23.6286363], [56.806691, 23.6222324], [56.8111769, 23.6455019], [56.8084153, 23.6810176], [56.7633872, 23.6288328], [56.6673315, 23.706948], [56.6495161, 23.7277416], [56.5900528, 23.7167431], [56.5499361, 23.7828024], [56.5411386, 23.8173927], [56.4937436, 23.8467043], [56.4959761, 23.8603478], [56.4926251, 23.8688849], [56.4842043, 23.8727918], [56.4854548, 23.8921986], [56.4741337, 23.9016581], [56.4663178, 23.901292], [56.4606808, 23.9090062], [56.439366, 23.9160926], [56.4062986, 23.9139597], [56.383275, 23.9301834], [56.4014577, 23.9398593], [56.3954714, 23.9590334], [56.3903806, 23.9590133], [56.3773208, 23.9744963], [56.2952571, 23.9737117], [56.2321498, 23.9817689], [56.1763086, 24.0135549], [56.0491477, 24.0150771], [56.0688203, 23.9622188], [56.0689328, 23.9465519], [56.0443964, 23.9422539], [55.9612248, 23.8986879], [56.0008002, 23.8456139], [56.0050295, 23.8070602], [55.9915835, 23.719239], [56.0981439, 23.6459851], [56.0653752, 23.6101513], [56.0535722, 23.5758833], [56.0325387, 23.5531042], [56.0534417, 23.5338719], [56.033388, 23.4988314], [56.0109663, 23.479286], [55.9757505, 23.4981517], [55.8851536, 23.5133756], [55.7622597, 23.4706584], [55.7082263, 23.4690673], [55.6904317, 23.4360646], [55.68264, 23.4028566], [55.6589358, 23.3622943], [55.5310861, 23.3356924], [55.4165065, 23.3821507], [55.4015366, 23.3925249], [55.2968307, 23.2039837], [55.232271, 23.1103478], [55.2312351, 23.0853734], [55.2253932, 23.0724311], [55.2298645, 23.0481447], [55.2162834, 23.0262103], [55.2197118, 22.9781908], [55.2132739, 22.9355017], [55.2150651, 22.9094435], [55.225243, 22.8848823], [55.2226695, 22.8594165], [55.2176712, 22.8508795], [55.2259725, 22.825001], [55.2229855, 22.8168465], [55.2274657, 22.7916128], [55.2113705, 22.7054225]]]}}, {"type": "Feature", "properties": {"osm_id": 3781238, "name_en": "Al Wusta Governorate", "name_ar": "Al Wusta Governorate", "admin_level": 4, "downloaded": "2026-09-17", "source": "OpenStreetMap contributors, ODbL"}, "bbox": [55.0, 17.920466, 58.805649, 21.4908794], "geometry": {"type": "MultiPolygon", "coordinates": [[[[55, 20], [55.0102062, 19.9845644], [55.0573749, 19.998407], [55.0874155, 19.9616814], [55.055376, 19.9162033], [55.8565817, 18.6911301], [55.7663843, 18.5989966], [55.8413952, 18.489789], [55.8683872, 18.4903663], [55.9684209, 18.5182865], [55.9858954, 18.5152453], [55.9979482, 18.5073925], [56.0003783, 18.4841593], [55.9946283, 18.4777205], [55.9445407, 18.4698909], [55.9512476, 18.4446294], [55.9670214, 18.4419598], [56.0149679, 18.4462206], [56.3540556, 17.920466], [56.3559526, 17.932963], [56.3508376, 17.9423002], [56.3548502, 17.9599728], [56.4264444, 18.0133325], [56.4314944, 18.0214051], [56.4297831, 18.0389703], [56.4364685, 18.0511106], [56.4804474, 18.0814161], [56.5095574, 18.0944754], [56.5257391, 18.1159695], [56.5512537, 18.1273808], [56.550604, 18.1559816], [56.5491359, 18.1540812], [56.5432405, 18.1561714], [56.549419, 18.1564532], [56.5441425, 18.178863], [56.5475575, 18.1833866], [56.5486252, 18.182851], [56.549314, 18.1828504], [56.5504319, 18.1839544], [56.5478003, 18.1911027], [56.5571558, 18.2251936], [56.5870289, 18.2715981], [56.5996715, 18.3006948], [56.604073, 18.3266956], [56.6021204, 18.3199202], [56.6028446, 18.3248815], [56.5974225, 18.3264028], [56.6027936, 18.3263621], [56.599862, 18.3290203], [56.5985745, 18.33163], [56.6034749, 18.3291781], [56.6068344, 18.3357954], [56.6044164, 18.3274926], [56.6083592, 18.3408441], [56.6096829, 18.3987905], [56.6337289, 18.4476597], [56.6264628, 18.5297078], [56.6442364, 18.5729347], [56.6585648, 18.5954752], [56.65844, 18.5961914], [56.6433663, 18.5745932], [56.627533, 18.5410041], [56.6349748, 18.5673742], [56.6308844, 18.5720855], [56.6347709, 18.5715338], [56.6339931, 18.576123], [56.6781583, 18.6157085], [56.7890114, 18.740018], [56.8692577, 18.7910112], [57.031939, 18.8551632], [57.2553536, 18.9124195], [57.3298171, 18.9259865], [57.4168226, 18.9350238], [57.7046733, 18.9404695], [57.7229404, 18.9486676], [57.7375223, 18.9625609], [57.8059392, 18.9702798], [57.8111751, 18.9817707], [57.8169145, 18.9812615], [57.8402066, 18.9998181], [57.8403193, 19.0039315], [57.8311183, 19.0065731], [57.8223324, 19.016279], [57.8153265, 19.0311737], [57.8126469, 19.0628891], [57.802535, 19.064975], [57.7964276, 19.0771886], [57.7958214, 19.1206614], [57.803577, 19.156014], [57.792812, 19.1694534], [57.775045, 19.1683008], [57.7647908, 19.178546], [57.7678551, 19.1819155], [57.7608059, 19.1859495], [57.7421343, 19.2462989], [57.7407932, 19.3033772], [57.7598776, 19.3626833], [57.761922, 19.3938377], [57.7480434, 19.4451468], [57.7408691, 19.4495545], [57.7319517, 19.466639], [57.7356012, 19.4697528], [57.7369196, 19.4716601], [57.7375652, 19.4735008], [57.7374633, 19.4772793], [57.7348193, 19.4833372], [57.7366895, 19.4717638], [57.7275321, 19.4687596], [57.725848, 19.4790138], [57.7333752, 19.481325], [57.726154, 19.4803891], [57.7199238, 19.494367], [57.7036105, 19.5102001], [57.6970626, 19.5331921], [57.6988375, 19.5527372], [57.7153489, 19.6037898], [57.7121359, 19.6223583], [57.7273583, 19.663566], [57.7306754, 19.690037], [57.7289664, 19.6936917], [57.7249272, 19.6635435], [57.7182961, 19.6598454], [57.7172551, 19.6671484], [57.7136843, 19.6649446], [57.7068339, 19.6708533], [57.707987, 19.6795601], [57.7038955, 19.6659931], [57.6945764, 19.6668718], [57.6898085, 19.6693249], [57.6930631, 19.6736548], [57.6811051, 19.6766811], [57.6836268, 19.6828616], [57.6924409, 19.6888483], [57.7224371, 19.6905115], [57.6909446, 19.69225], [57.682637, 19.6863478], [57.6768891, 19.7068376], [57.6814534, 19.7328657], [57.686596, 19.7328206], [57.6818733, 19.7336105], [57.686344, 19.7339719], [57.6883647, 19.7451765], [57.7374173, 19.8010496], [57.7390018, 19.8176403], [57.7526009, 19.8357294], [57.7708906, 19.8808141], [57.7672313, 19.891802], [57.7866189, 19.9268781], [57.7912019, 19.953086], [57.8105572, 19.9821319], [57.8093807, 20.0093146], [57.8222171, 20.0466089], [57.8179958, 20.0588139], [57.8343478, 20.1249349], [57.8320261, 20.1324362], [57.8206723, 20.1358108], [57.8155556, 20.1599229], [57.8233716, 20.2002468], [57.8467438, 20.2274454], [57.8474897, 20.2393562], [57.8730821, 20.2645614], [57.9594349, 20.3155083], [57.9740576, 20.3455934], [57.9550105, 20.3462968], [57.9465294, 20.3562604], [57.9422271, 20.3783178], [57.9484123, 20.3971188], [57.9753927, 20.4223732], [58.0083068, 20.4382865], [58.0478606, 20.449437], [58.0678454, 20.4629105], [58.0660379, 20.4982754], [58.0732463, 20.5104286], [58.0762625, 20.5473745], [58.0994689, 20.5650248], [58.0952311, 20.563287], [58.0902207, 20.5686661], [58.1051243, 20.5877021], [58.1011076, 20.5932615], [58.1062011, 20.6012452], [58.119505, 20.6078512], [58.1377167, 20.6069445], [58.1453452, 20.6167337], [58.1525825, 20.6137297], [58.1846929, 20.6238023], [58.1873822, 20.615872], [58.1925362, 20.6177903], [58.1865388, 20.6082529], [58.1975225, 20.62075], [58.22115, 20.6328646], [58.2309964, 20.6228085], [58.2225367, 20.6222161], [58.2311359, 20.6137083], [58.228687, 20.6049741], [58.2626, 20.5931273], [58.2694244, 20.587464], [58.2688129, 20.5781432], [58.2803448, 20.5826009], [58.2833318, 20.5784774], [58.2855551, 20.5639389], [58.2747674, 20.5435468], [58.283633, 20.5405598], [58.2921999, 20.54378], [58.2872263, 20.5390559], [58.292191, 20.5360896], [58.2657874, 20.5361674], [58.2549941, 20.5103193], [58.268373, 20.5151275], [58.2590711, 20.5058626], [58.2597148, 20.5023102], [58.2755989, 20.5106911], [58.2780558, 20.5103394], [58.2626223, 20.5016872], [58.2602137, 20.4941299], [58.2472728, 20.4966522], [58.243271, 20.4908121], [58.250741, 20.5113779], [58.248446, 20.5140751], [58.2444203, 20.5101949], [58.2261714, 20.4696222], [58.2275136, 20.4393714], [58.2228586, 20.4448982], [58.2202998, 20.4372527], [58.230468, 20.4326883], [58.2308865, 20.4398967], [58.2387426, 20.4411735], [58.2407811, 20.4325124], [58.2349218, 20.433984], [58.2388526, 20.4266056], [58.2300577, 20.4286944], [58.2273084, 20.4233179], [58.220855, 20.4306524], [58.2207262, 20.4232274], [58.2130873, 20.4203593], [58.2121861, 20.4275055], [58.2073903, 20.4287823], [58.2129586, 20.4310043], [58.2132965, 20.4431137], [58.2196587, 20.4531213], [58.220686, 20.461349], [58.2183216, 20.461045], [58.2181138, 20.468629], [58.2178174, 20.4537948], [58.20779, 20.4372753], [58.1974179, 20.4307655], [58.2011033, 20.4180669], [58.1965555, 20.4139167], [58.2011206, 20.4033208], [58.2662004, 20.3750239], [58.2507804, 20.3863861], [58.2828784, 20.3734499], [58.2886036, 20.3740333], [58.2954445, 20.3784258], [58.3046969, 20.3806416], [58.3074508, 20.382384], [58.3084673, 20.3824293], [58.2925585, 20.371857], [58.2684166, 20.3745525], [58.2792319, 20.3691188], [58.2860271, 20.3690328], [58.3204883, 20.3800375], [58.354311, 20.3793939], [58.3847326, 20.3676767], [58.4075448, 20.3519426], [58.44431, 20.351005], [58.4677309, 20.3782574], [58.47471, 20.3804713], [58.4762358, 20.3904782], [58.5042478, 20.4003405], [58.509458, 20.4106588], [58.5273859, 20.4260979], [58.5305268, 20.4593135], [58.5391004, 20.4759161], [58.5366529, 20.4946224], [58.5375863, 20.5057923], [58.5409176, 20.5186595], [58.5575849, 20.5476508], [58.5522956, 20.5484143], [58.5670584, 20.5761192], [58.5639363, 20.5642815], [58.5712802, 20.5704641], [58.5711354, 20.5805588], [58.5846618, 20.6085391], [58.5846966, 20.6130757], [58.5810864, 20.6078111], [58.5816014, 20.6204237], [58.5890794, 20.6347924], [58.6116528, 20.6645998], [58.6386895, 20.6865827], [58.679443, 20.7090541], [58.6969256, 20.7286625], [58.6938974, 20.7292219], [58.7013781, 20.7325507], [58.6977625, 20.7328567], [58.7130017, 20.7427924], [58.7411907, 20.7503731], [58.7383819, 20.7877732], [58.7452, 20.8666141], [58.758705, 20.8953409], [58.8017088, 20.9380213], [58.805425, 20.9532064], [58.796111, 20.9630702], [58.7966174, 20.97092], [58.6349361, 20.9729288], [58.6267497, 21.0309071], [58.5868255, 21.0303697], [58.6395427, 21.1585215], [58.6309969, 21.1731231], [58.6500242, 21.209239], [58.4464065, 21.3207836], [58.3574855, 21.4055774], [58.2651407, 21.4552546], [58.2450482, 21.4530675], [58.2364112, 21.4375881], [58.2594373, 21.4089774], [58.0418807, 21.3517685], [58.0704659, 21.2024711], [58.0387861, 21.1401323], [58.0140287, 21.114323], [57.9910575, 21.0496791], [57.9946014, 20.9407149], [57.9851097, 20.8977971], [57.3391767, 21.0115322], [57.1221718, 21.0599769], [56.7075739, 21.2359829], [56.6861257, 21.2212003], [56.6518802, 21.2298853], [56.628849, 21.2730144], [56.5262051, 21.3277858], [56.5773679, 21.4908794], [55.443956, 21.3373148], [55, 20]]], [[[56.4750702, 18.0766595], [56.4754202, 18.0765084], [56.4752284, 18.0767054], [56.4750702, 18.0766595]]], [[[56.5497893, 18.1563207], [56.5499882, 18.1560853], [56.5499637, 18.1563207], [56.5497893, 18.1563207]]], [[[57.7963389, 19.7975096], [57.7965456, 19.7955976], [57.7973664, 19.7967484], [57.7963389, 19.7975096]]], [[[57.8424013, 19.0038528], [57.8468294, 19.0018422], [57.8483116, 19.0079591], [57.8461366, 19.0077049], [57.8424013, 19.0038528]]], [[[58.1348459, 20.5921338], [58.1369196, 20.5825866], [58.1386942, 20.5951764], [58.1348459, 20.5921338]]], [[[58.1392984, 20.5980741], [58.1417773, 20.6001655], [58.1427303, 20.6053532], [58.1420383, 20.6049364], [58.1392984, 20.5980741]]], [[[58.1555694, 20.5648277], [58.1550494, 20.5632945], [58.1567463, 20.5678207], [58.1555694, 20.5648277]]], [[[58.1628319, 20.4969077], [58.1630378, 20.4959322], [58.1629711, 20.4968561], [58.1628319, 20.4969077]]], [[[58.1653817, 20.5004177], [58.1654596, 20.4970265], [58.1657489, 20.5010864], [58.1653817, 20.5004177]]], [[[58.1640964, 20.495661], [58.1643795, 20.4955745], [58.1642298, 20.4958512], [58.1640964, 20.495661]]], [[[58.1660829, 20.5706098], [58.170298, 20.5661398], [58.1723928, 20.5654166], [58.1765583, 20.5678324], [58.1778002, 20.5630082], [58.1782347, 20.5649218], [58.1760071, 20.5699807], [58.1749141, 20.5810233], [58.1735402, 20.5847792], [58.1746533, 20.5782091], [58.1692426, 20.5753082], [58.1739432, 20.5700824], [58.1689033, 20.5735039], [58.1660829, 20.5706098]]], [[[58.2185054, 20.46395], [58.2185664, 20.4637696], [58.2186314, 20.4639751], [58.2185054, 20.46395]]], [[[58.2190629, 20.4626187], [58.2191112, 20.4625025], [58.2191052, 20.4626325], [58.2190629, 20.4626187]]], [[[58.2192819, 20.4628631], [58.2193603, 20.4627356], [58.2194307, 20.4628901], [58.2192819, 20.4628631]]], [[[58.2206458, 20.4639399], [58.2207665, 20.4632689], [58.2213458, 20.4631106], [58.2207531, 20.4639977], [58.222011, 20.4692798], [58.2206458, 20.4639399]]], [[[58.2210723, 20.4643646], [58.2212198, 20.4641962], [58.2210991, 20.4643822], [58.2210723, 20.4643646]]], [[[58.2214907, 20.4646737], [58.2216597, 20.4643294], [58.2216355, 20.4648823], [58.2214907, 20.4646737]]], [[[58.2217857, 20.4656336], [58.2222739, 20.4658924], [58.2223758, 20.4661563], [58.2217857, 20.4656336]]], [[[58.2233535, 20.459311], [58.2234339, 20.4572993], [58.2238483, 20.4556583], [58.2233535, 20.459311]]], [[[58.226816, 20.4716361], [58.2259333, 20.4700327], [58.2261651, 20.469881], [58.226816, 20.4716361]]], [[[58.2520732, 20.5318832], [58.2458683, 20.5121607], [58.2548593, 20.5343134], [58.2520732, 20.5318832]]], [[[58.3848828, 20.3636585], [58.3885789, 20.3617977], [58.3901775, 20.361775], [58.3913469, 20.3624464], [58.3848828, 20.3636585]]], [[[58.5383253, 20.5042208], [58.5381529, 20.5025784], [58.5379484, 20.5008832], [58.5383266, 20.5013656], [58.5383253, 20.5042208]]], [[[58.5565495, 20.5506546], [58.5597575, 20.5525081], [58.5580999, 20.5486102], [58.565771, 20.5564686], [58.5663289, 20.5576038], [58.5662538, 20.558209], [58.5565495, 20.5506546]]], [[[58.5649556, 20.5593442], [58.5650763, 20.558985], [58.5650226, 20.5593241], [58.5649556, 20.5593442]]], [[[58.5649663, 20.5607154], [58.5649288, 20.5601629], [58.5651782, 20.5607757], [58.5649663, 20.5607154]]], [[[58.5648108, 20.5623854], [58.5649395, 20.5620615], [58.5651514, 20.5621971], [58.5648108, 20.5623854]]], [[[58.5648885, 20.5618103], [58.5654035, 20.5615843], [58.5652587, 20.5619284], [58.5648885, 20.5618103]]], [[[58.5658354, 20.5635883], [58.565374, 20.5632091], [58.5656556, 20.5632945], [58.5658354, 20.5635883]]], [[[58.565881, 20.5617676], [58.5661358, 20.5584024], [58.566184, 20.5630158], [58.565881, 20.5617676]]], [[[58.583554, 20.6141878], [58.5827494, 20.6126564], [58.5833716, 20.6131585], [58.583554, 20.6141878]]], [[[58.6939444, 20.7022962], [58.7014438, 20.6997169], [58.7061605, 20.7092498], [58.7056509, 20.7132853], [58.7042957, 20.7069886], [58.7032047, 20.71142], [58.6975466, 20.7096186], [58.6939444, 20.7022962]]], [[[58.6984636, 20.7114338], [58.6984585, 20.7112669], [58.6985313, 20.7112528], [58.6984636, 20.7114338]]], [[[58.698492, 20.7111816], [58.6985913, 20.7109634], [58.6986168, 20.7112412], [58.698492, 20.7111816]]], [[[58.6990365, 20.7146777], [58.6991224, 20.7130081], [58.6993423, 20.7147856], [58.6998935, 20.7152271], [58.6990365, 20.7146777]]], [[[58.7008497, 20.715601], [58.7003884, 20.7145159], [58.7016101, 20.7160776], [58.7008497, 20.715601]]], [[[58.7032959, 20.71782], [58.7054832, 20.7135262], [58.706483, 20.72015], [58.7032959, 20.71782]]]]}}]}