NODE_UID,NODE_REF,X,Y,TIER,NODE_KIND,INLET_DEG,INLET_EDGE,OUT_EDGE,N_IN,BAND,REMEDY
N0006271,P0-TM-MH6271,449235.683,2567745.033,trunk main,junction,0.0,E0008031,E0005512,2,"below 75 deg - REVIEW, the channel cannot be benched",purpose-made chamber with a swept/curved channel. NOT a bend chamber: the user refused that on 2026-08-20 (~200 chambers for no construction benefit)
N0000433,P0-TM-MH0433,454865.254,2567422.263,trunk main,chamber,0.68,E0005556,E0000409,1,"below 75 deg - REVIEW, the channel cannot be benched",purpose-made chamber with a swept/curved channel. NOT a bend chamber: the user refused that on 2026-08-20 (~200 chambers for no construction benefit)
N0000329,P0-TM-MH0329,458932.346,2568128.808,trunk main,junction,0.68,E0005395,E0000314,2,"below 75 deg - REVIEW, the channel cannot be benched",purpose-made chamber with a swept/curved channel. NOT a bend chamber: the user refused that on 2026-08-20 (~200 chambers for no construction benefit)
N0006265,P0-TM-MH6265,454177.749,2575320.583,trunk main,junction,1.09,E0008448,E0005506,3,"below 75 deg - REVIEW, the channel cannot be benched",purpose-made chamber with a swept/curved channel. NOT a bend chamber: the user refused that on 2026-08-20 (~200 chambers for no construction benefit)
N0000449,P0-TM-MH0449,454290.028,2566981.008,trunk main,junction,1.16,E0012039,E0000425,2,"below 75 deg - REVIEW, the channel cannot be benched",purpose-made chamber with a swept/curved channel. NOT a bend chamber: the user refused that on 2026-08-20 (~200 chambers for no construction benefit)
N0030502,P0-TM-MH30502,447026.038,2565695.25,trunk main,junction,1.37,E0031300,E0029743,3,"below 75 deg - REVIEW, the channel cannot be benched",purpose-made chamber with a swept/curved channel. NOT a bend chamber: the user refused that on 2026-08-20 (~200 chambers for no construction benefit)
N0000501,P0-TM-MH0501,456925.383,2568632.633,trunk main,chamber,2.07,E0005548,E0000469,1,"below 75 deg - REVIEW, the channel cannot be benched",purpose-made chamber with a swept/curved channel. NOT a bend chamber: the user refused that on 2026-08-20 (~200 chambers for no construction benefit)
N0015671,P0-TM-MH15671,470468.816,2574669.278,trunk main,junction,2.45,E0016590,E0014912,3,"below 75 deg - REVIEW, the channel cannot be benched",purpose-made chamber with a swept/curved channel. NOT a bend chamber: the user refused that on 2026-08-20 (~200 chambers for no construction benefit)
N0000537,P0-TM-MH0537,449986.826,2570337.813,trunk main,junction,2.81,E0005874,E0000500,2,"below 75 deg - REVIEW, the channel cannot be benched",purpose-made chamber with a swept/curved channel. NOT a bend chamber: the user refused that on 2026-08-20 (~200 chambers for no construction benefit)
N0006272,P0-TM-MH6272,449755.047,2567660.504,trunk main,junction,2.88,E0008222,E0005513,3,"below 75 deg - REVIEW, the channel cannot be benched",purpose-made chamber with a swept/curved channel. NOT a bend chamber: the user refused that on 2026-08-20 (~200 chambers for no construction benefit)
N0012139,P0-TM-MH12139,474392.573,2571767.399,trunk main,junction,3.53,E0013282,E0011380,3,"below 75 deg - REVIEW, the channel cannot be benched",purpose-made chamber with a swept/curved channel. NOT a bend chamber: the user refused that on 2026-08-20 (~200 chambers for no construction benefit)
N0000443,P0-TM-MH0443,454516.91,2567153.488,trunk main,junction,3.61,E0010159,E0000419,2,"below 75 deg - REVIEW, the channel cannot be benched",purpose-made chamber with a swept/curved channel. NOT a bend chamber: the user refused that on 2026-08-20 (~200 chambers for no construction benefit)
N0000458,P0-TM-MH0458,459824.31,2567768.431,trunk main,chamber,3.62,E0005537,E0000431,1,"below 75 deg - REVIEW, the channel cannot be benched",purpose-made chamber with a swept/curved channel. NOT a bend chamber: the user refused that on 2026-08-20 (~200 chambers for no construction benefit)
N0008797,P0-M-MH8797,450969.535,2571875.152,main,junction,3.86,E0010394,E0008038,2,"below 75 deg - REVIEW, the channel cannot be benched",purpose-made chamber with a swept/curved channel. NOT a bend chamber: the user refused that on 2026-08-20 (~200 chambers for no construction benefit)
N0000546,P0-TM-MH0546,465499.684,2566109.771,trunk main,junction,4.14,E0005628,E0000508,2,"below 75 deg - REVIEW, the channel cannot be benched",purpose-made chamber with a swept/curved channel. NOT a bend chamber: the user refused that on 2026-08-20 (~200 chambers for no construction benefit)
N0032039,P0-TM-MH32039,447196.839,2565986.405,trunk main,junction,5.86,E0032821,E0031280,2,"below 75 deg - REVIEW, the channel cannot be benched",purpose-made chamber with a swept/curved channel. NOT a bend chamber: the user refused that on 2026-08-20 (~200 chambers for no construction benefit)
N0043293,P0-SM-MH43293,448178.749,2567675.483,sub main,junction,6.77,E0043161,E0042534,2,"below 75 deg - REVIEW, the channel cannot be benched",purpose-made chamber with a swept/curved channel. NOT a bend chamber: the user refused that on 2026-08-20 (~200 chambers for no construction benefit)
N0006281,P0-M-MH6281,449912.468,2567635.878,main,junction,6.88,E0008223,E0005522,2,"below 75 deg - REVIEW, the channel cannot be benched",purpose-made chamber with a swept/curved channel. NOT a bend chamber: the user refused that on 2026-08-20 (~200 chambers for no construction benefit)
N0033685,P0-SM-MH33685,459694.969,2577680.954,sub main,chamber,7.14,E0032925,E0032926,1,"below 75 deg - REVIEW, the channel cannot be benched",purpose-made chamber with a swept/curved channel. NOT a bend chamber: the user refused that on 2026-08-20 (~200 chambers for no construction benefit)
N0045711,P0-M-MH45711,454950.481,2577058.64,main,junction,7.8,E0045323,E0044952,2,"below 75 deg - REVIEW, the channel cannot be benched",purpose-made chamber with a swept/curved channel. NOT a bend chamber: the user refused that on 2026-08-20 (~200 chambers for no construction benefit)
N0010516,P0-TM-MH10516,472532.655,2573782.998,trunk main,junction,7.94,E0011584,E0009757,3,"below 75 deg - REVIEW, the channel cannot be benched",purpose-made chamber with a swept/curved channel. NOT a bend chamber: the user refused that on 2026-08-20 (~200 chambers for no construction benefit)
N0018902,P0-TM-MH18902,465381.954,2577367.74,trunk main,junction,7.99,E0019748,E0018143,2,"below 75 deg - REVIEW, the channel cannot be benched",purpose-made chamber with a swept/curved channel. NOT a bend chamber: the user refused that on 2026-08-20 (~200 chambers for no construction benefit)
N0008915,P0-L-MH8915,462403.118,2567269.146,lateral,junction,10.82,E0009829,E0008156,2,"below 75 deg - REVIEW, the channel cannot be benched",purpose-made chamber with a swept/curved channel. NOT a bend chamber: the user refused that on 2026-08-20 (~200 chambers for no construction benefit)
N0029814,P0-M-MH29814,462111.761,2576286.815,main,chamber,10.9,E0029054,E0029055,1,"below 75 deg - REVIEW, the channel cannot be benched",purpose-made chamber with a swept/curved channel. NOT a bend chamber: the user refused that on 2026-08-20 (~200 chambers for no construction benefit)
N0000579,P0-TM-MH0579,449278.721,2567738.121,trunk main,junction,10.97,E0005661,E0000534,2,"below 75 deg - REVIEW, the channel cannot be benched",purpose-made chamber with a swept/curved channel. NOT a bend chamber: the user refused that on 2026-08-20 (~200 chambers for no construction benefit)
N0006071,P0-TM-MH6071,471891.14,2563133.761,trunk main,junction,12.13,E0008089,E0005312,3,"below 75 deg - REVIEW, the channel cannot be benched",purpose-made chamber with a swept/curved channel. NOT a bend chamber: the user refused that on 2026-08-20 (~200 chambers for no construction benefit)
N0018411,P0-M-MH18411,457286.155,2567060.625,main,chamber,13.73,E0017651,E0017652,1,"below 75 deg - REVIEW, the channel cannot be benched",purpose-made chamber with a swept/curved channel. NOT a bend chamber: the user refused that on 2026-08-20 (~200 chambers for no construction benefit)
N0008637,P0-TM-MH8637,445440.793,2563210.701,trunk main,junction,14.46,E0009835,E0007878,2,"below 75 deg - REVIEW, the channel cannot be benched",purpose-made chamber with a swept/curved channel. NOT a bend chamber: the user refused that on 2026-08-20 (~200 chambers for no construction benefit)
N0004904,P0-L-MH4904,448574.553,2563477.798,lateral,chamber,15.01,E0004313,E0004314,1,"below 75 deg - REVIEW, the channel cannot be benched",purpose-made chamber with a swept/curved channel. NOT a bend chamber: the user refused that on 2026-08-20 (~200 chambers for no construction benefit)
N0017305,P0-TM-MH17305,452596.586,2573123.542,trunk main,junction,15.19,E0018183,E0016546,2,"below 75 deg - REVIEW, the channel cannot be benched",purpose-made chamber with a swept/curved channel. NOT a bend chamber: the user refused that on 2026-08-20 (~200 chambers for no construction benefit)
N0031376,P0-SM-MH31376,462793.999,2576022.425,sub main,junction,16.18,E0032187,E0030617,2,"below 75 deg - REVIEW, the channel cannot be benched",purpose-made chamber with a swept/curved channel. NOT a bend chamber: the user refused that on 2026-08-20 (~200 chambers for no construction benefit)
N0000065,P0-TM-MH0065,441541.896,2569445.37,trunk main,junction,16.5,E0005585,E0000061,3,"below 75 deg - REVIEW, the channel cannot be benched",purpose-made chamber with a swept/curved channel. NOT a bend chamber: the user refused that on 2026-08-20 (~200 chambers for no construction benefit)
N0015680,P0-TM-MH15680,451680.783,2566684.157,trunk main,junction,17.05,E0016558,E0014921,2,"below 75 deg - REVIEW, the channel cannot be benched",purpose-made chamber with a swept/curved channel. NOT a bend chamber: the user refused that on 2026-08-20 (~200 chambers for no construction benefit)
N0000104,P0-TM-MH0104,473588.738,2572182.608,trunk main,junction,18.18,E0005678,E0000099,3,"below 75 deg - REVIEW, the channel cannot be benched",purpose-made chamber with a swept/curved channel. NOT a bend chamber: the user refused that on 2026-08-20 (~200 chambers for no construction benefit)
N0004739,P0-L-MH4739,458661.408,2569260.167,lateral,junction,19.22,E0007600,E0004182,2,"below 75 deg - REVIEW, the channel cannot be benched",purpose-made chamber with a swept/curved channel. NOT a bend chamber: the user refused that on 2026-08-20 (~200 chambers for no construction benefit)
N0022888,P0-M-MH22888,464460.851,2579280.305,main,junction,19.38,E0023805,E0022129,2,"below 75 deg - REVIEW, the channel cannot be benched",purpose-made chamber with a swept/curved channel. NOT a bend chamber: the user refused that on 2026-08-20 (~200 chambers for no construction benefit)
N0036519,P0-M-MH36519,460723.49,2578604.85,main,chamber,19.56,E0035759,E0035760,1,"below 75 deg - REVIEW, the channel cannot be benched",purpose-made chamber with a swept/curved channel. NOT a bend chamber: the user refused that on 2026-08-20 (~200 chambers for no construction benefit)
N0020049,P0-SM-MH20049,450178.078,2561725.731,sub main,junction,20.19,E0020900,E0019290,2,"below 75 deg - REVIEW, the channel cannot be benched",purpose-made chamber with a swept/curved channel. NOT a bend chamber: the user refused that on 2026-08-20 (~200 chambers for no construction benefit)
N0008747,P0-TM-MH8747,462064.527,2578945.272,trunk main,junction,20.58,E0009870,E0007988,3,"below 75 deg - REVIEW, the channel cannot be benched",purpose-made chamber with a swept/curved channel. NOT a bend chamber: the user refused that on 2026-08-20 (~200 chambers for no construction benefit)
N0008730,P0-TM-MH8730,449934.253,2567635.985,trunk main,chamber,20.59,E0009828,E0007971,1,"below 75 deg - REVIEW, the channel cannot be benched",purpose-made chamber with a swept/curved channel. NOT a bend chamber: the user refused that on 2026-08-20 (~200 chambers for no construction benefit)
N0003562,P0-M-MH3562,437039.946,2573908.696,main,junction,20.75,E0007262,E0003159,2,"below 75 deg - REVIEW, the channel cannot be benched",purpose-made chamber with a swept/curved channel. NOT a bend chamber: the user refused that on 2026-08-20 (~200 chambers for no construction benefit)
N0000204,P0-TM-MH0204,450450.795,2567575.277,trunk main,junction,22.9,E0005708,E0000195,3,"below 75 deg - REVIEW, the channel cannot be benched",purpose-made chamber with a swept/curved channel. NOT a bend chamber: the user refused that on 2026-08-20 (~200 chambers for no construction benefit)
N0030258,P0-M-MH30258,468270.939,2564974.714,main,junction,23.52,E0031116,E0029499,2,"below 75 deg - REVIEW, the channel cannot be benched",purpose-made chamber with a swept/curved channel. NOT a bend chamber: the user refused that on 2026-08-20 (~200 chambers for no construction benefit)
N0006033,P0-TM-MH6033,456329.381,2576789.228,trunk main,junction,24.26,E0008101,E0005274,2,"below 75 deg - REVIEW, the channel cannot be benched",purpose-made chamber with a swept/curved channel. NOT a bend chamber: the user refused that on 2026-08-20 (~200 chambers for no construction benefit)
N0013624,P0-L-MH13624,471529.798,2562494.65,lateral,chamber,24.61,E0012864,E0012865,1,"below 75 deg - REVIEW, the channel cannot be benched",purpose-made chamber with a swept/curved channel. NOT a bend chamber: the user refused that on 2026-08-20 (~200 chambers for no construction benefit)
N0002960,P0-L-MH2960,448920.238,2567810.29,lateral,chamber,24.66,E0002627,E0002628,1,"below 75 deg - REVIEW, the channel cannot be benched",purpose-made chamber with a swept/curved channel. NOT a bend chamber: the user refused that on 2026-08-20 (~200 chambers for no construction benefit)
N0026801,P0-L-MH26801,450576.763,2567108.524,lateral,junction,25.22,E0027676,E0026042,2,"below 75 deg - REVIEW, the channel cannot be benched",purpose-made chamber with a swept/curved channel. NOT a bend chamber: the user refused that on 2026-08-20 (~200 chambers for no construction benefit)
N0043130,P0-L-MH43130,454298.003,2570478.255,lateral,junction,26.69,E0043059,E0042371,2,"below 75 deg - REVIEW, the channel cannot be benched",purpose-made chamber with a swept/curved channel. NOT a bend chamber: the user refused that on 2026-08-20 (~200 chambers for no construction benefit)
N0007106,P0-SM-MH7106,454844.847,2565920.139,sub main,junction,26.81,E0009222,E0006347,2,"below 75 deg - REVIEW, the channel cannot be benched",purpose-made chamber with a swept/curved channel. NOT a bend chamber: the user refused that on 2026-08-20 (~200 chambers for no construction benefit)
N0005415,P0-SM-MH5415,435995.218,2571320.772,sub main,junction,26.9,E0007768,E0004749,2,"below 75 deg - REVIEW, the channel cannot be benched",purpose-made chamber with a swept/curved channel. NOT a bend chamber: the user refused that on 2026-08-20 (~200 chambers for no construction benefit)
N0029004,P0-L-MH29004,446701.005,2563805.714,lateral,junction,27.21,E0029999,E0028245,2,"below 75 deg - REVIEW, the channel cannot be benched",purpose-made chamber with a swept/curved channel. NOT a bend chamber: the user refused that on 2026-08-20 (~200 chambers for no construction benefit)
N0000476,P0-TM-MH0476,450251.387,2571286.153,trunk main,junction,27.45,E0005525,E0000446,4,"below 75 deg - REVIEW, the channel cannot be benched",purpose-made chamber with a swept/curved channel. NOT a bend chamber: the user refused that on 2026-08-20 (~200 chambers for no construction benefit)
N0000359,P0-TM-MH0359,452513.83,2566693.227,trunk main,junction,27.92,E0005849,E0000342,2,"below 75 deg - REVIEW, the channel cannot be benched",purpose-made chamber with a swept/curved channel. NOT a bend chamber: the user refused that on 2026-08-20 (~200 chambers for no construction benefit)
N0008345,P0-L-MH8345,446726.112,2558598.252,lateral,chamber,30.03,E0007585,E0007586,1,"below 75 deg - REVIEW, the channel cannot be benched",purpose-made chamber with a swept/curved channel. NOT a bend chamber: the user refused that on 2026-08-20 (~200 chambers for no construction benefit)
N0026516,P0-L-MH26516,462559.554,2576653.649,lateral,chamber,30.47,E0025756,E0025757,1,"below 75 deg - REVIEW, the channel cannot be benched",purpose-made chamber with a swept/curved channel. NOT a bend chamber: the user refused that on 2026-08-20 (~200 chambers for no construction benefit)
N0026928,P0-L-MH26928,450459.136,2564977.234,lateral,chamber,30.54,E0026168,E0026169,1,"below 75 deg - REVIEW, the channel cannot be benched",purpose-made chamber with a swept/curved channel. NOT a bend chamber: the user refused that on 2026-08-20 (~200 chambers for no construction benefit)
N0000472,P0-TM-MH0472,461686.073,2567275.014,trunk main,junction,30.55,E0005536,E0000444,2,"below 75 deg - REVIEW, the channel cannot be benched",purpose-made chamber with a swept/curved channel. NOT a bend chamber: the user refused that on 2026-08-20 (~200 chambers for no construction benefit)
N0019977,P0-SM-MH19977,450908.25,2566399.973,sub main,junction,30.55,E0020782,E0019218,3,"below 75 deg - REVIEW, the channel cannot be benched",purpose-made chamber with a swept/curved channel. NOT a bend chamber: the user refused that on 2026-08-20 (~200 chambers for no construction benefit)
N0044180,P0-M-MH44180,453352.119,2573910.976,main,junction,30.81,E0044051,E0043421,3,"below 75 deg - REVIEW, the channel cannot be benched",purpose-made chamber with a swept/curved channel. NOT a bend chamber: the user refused that on 2026-08-20 (~200 chambers for no construction benefit)
N0044066,P0-M-MH44066,442668.841,2558528.381,main,junction,30.92,E0043908,E0043307,3,"below 75 deg - REVIEW, the channel cannot be benched",purpose-made chamber with a swept/curved channel. NOT a bend chamber: the user refused that on 2026-08-20 (~200 chambers for no construction benefit)
N0044158,P0-L-MH44158,454719.833,2576141.308,lateral,junction,32.46,E0044047,E0043399,2,"below 75 deg - REVIEW, the channel cannot be benched",purpose-made chamber with a swept/curved channel. NOT a bend chamber: the user refused that on 2026-08-20 (~200 chambers for no construction benefit)
N0025572,P0-M-MH25572,464658.248,2567389.343,main,junction,32.55,E0026597,E0024813,2,"below 75 deg - REVIEW, the channel cannot be benched",purpose-made chamber with a swept/curved channel. NOT a bend chamber: the user refused that on 2026-08-20 (~200 chambers for no construction benefit)
N0001202,P0-M-MH1202,458915.02,2567226.918,main,junction,32.9,E0006287,E0001103,2,"below 75 deg - REVIEW, the channel cannot be benched",purpose-made chamber with a swept/curved channel. NOT a bend chamber: the user refused that on 2026-08-20 (~200 chambers for no construction benefit)
N0014350,P0-L-MH14350,449716.026,2569729.877,lateral,chamber,33.99,E0013590,E0013591,1,"below 75 deg - REVIEW, the channel cannot be benched",purpose-made chamber with a swept/curved channel. NOT a bend chamber: the user refused that on 2026-08-20 (~200 chambers for no construction benefit)
N0026544,P0-M-MH26544,444508.118,2560292.487,main,junction,34.42,E0027537,E0025785,3,"below 75 deg - REVIEW, the channel cannot be benched",purpose-made chamber with a swept/curved channel. NOT a bend chamber: the user refused that on 2026-08-20 (~200 chambers for no construction benefit)
N0016756,P0-SM-MH16756,457201.184,2567852.549,sub main,junction,34.54,E0017603,E0015997,2,"below 75 deg - REVIEW, the channel cannot be benched",purpose-made chamber with a swept/curved channel. NOT a bend chamber: the user refused that on 2026-08-20 (~200 chambers for no construction benefit)
N0004548,P0-L-MH4548,451593.511,2565796.809,lateral,chamber,34.78,E0004019,E0004020,1,"below 75 deg - REVIEW, the channel cannot be benched",purpose-made chamber with a swept/curved channel. NOT a bend chamber: the user refused that on 2026-08-20 (~200 chambers for no construction benefit)
N0017299,P0-TM-MH17299,459234.049,2578244.42,trunk main,junction,34.84,E0018203,E0016540,2,"below 75 deg - REVIEW, the channel cannot be benched",purpose-made chamber with a swept/curved channel. NOT a bend chamber: the user refused that on 2026-08-20 (~200 chambers for no construction benefit)
N0002525,P0-M-MH2525,441435.281,2559976.92,main,junction,34.94,E0007016,E0002269,2,"below 75 deg - REVIEW, the channel cannot be benched",purpose-made chamber with a swept/curved channel. NOT a bend chamber: the user refused that on 2026-08-20 (~200 chambers for no construction benefit)
N0032585,P0-L-MH32585,461396.786,2568789.847,lateral,junction,35.08,E0033442,E0031826,2,"below 75 deg - REVIEW, the channel cannot be benched",purpose-made chamber with a swept/curved channel. NOT a bend chamber: the user refused that on 2026-08-20 (~200 chambers for no construction benefit)
N0006400,P0-M-MH6400,470108.747,2564059.015,main,junction,35.44,E0008371,E0005641,2,"below 75 deg - REVIEW, the channel cannot be benched",purpose-made chamber with a swept/curved channel. NOT a bend chamber: the user refused that on 2026-08-20 (~200 chambers for no construction benefit)
N0006370,P0-L-MH6370,465445.874,2566142.453,lateral,chamber,35.53,E0008563,E0005611,1,"below 75 deg - REVIEW, the channel cannot be benched",purpose-made chamber with a swept/curved channel. NOT a bend chamber: the user refused that on 2026-08-20 (~200 chambers for no construction benefit)
N0002677,P0-L-MH2677,445821.916,2562297.793,lateral,chamber,35.87,E0002393,E0002394,1,"below 75 deg - REVIEW, the channel cannot be benched",purpose-made chamber with a swept/curved channel. NOT a bend chamber: the user refused that on 2026-08-20 (~200 chambers for no construction benefit)
N0015657,P0-TM-MH15657,459118.222,2578176.813,trunk main,junction,36.0,E0016573,E0014898,2,"below 75 deg - REVIEW, the channel cannot be benched",purpose-made chamber with a swept/curved channel. NOT a bend chamber: the user refused that on 2026-08-20 (~200 chambers for no construction benefit)
N0013880,P0-TM-MH13880,458990.475,2578288.992,trunk main,junction,36.1,E0014962,E0013121,3,"below 75 deg - REVIEW, the channel cannot be benched",purpose-made chamber with a swept/curved channel. NOT a bend chamber: the user refused that on 2026-08-20 (~200 chambers for no construction benefit)
N0027597,P0-M-MH27597,446665.352,2563244.946,main,junction,36.98,E0028324,E0026838,2,"below 75 deg - REVIEW, the channel cannot be benched",purpose-made chamber with a swept/curved channel. NOT a bend chamber: the user refused that on 2026-08-20 (~200 chambers for no construction benefit)
N0023423,P0-SM-MH23423,458511.319,2567340.681,sub main,junction,37.11,E0024314,E0022664,2,"below 75 deg - REVIEW, the channel cannot be benched",purpose-made chamber with a swept/curved channel. NOT a bend chamber: the user refused that on 2026-08-20 (~200 chambers for no construction benefit)
N0005397,P0-L-MH5397,451575.103,2564569.268,lateral,chamber,37.3,E0004733,E0004734,1,"below 75 deg - REVIEW, the channel cannot be benched",purpose-made chamber with a swept/curved channel. NOT a bend chamber: the user refused that on 2026-08-20 (~200 chambers for no construction benefit)
N0034931,P0-L-MH34931,451090.537,2572325.959,lateral,chamber,38.34,E0034171,E0034172,1,"below 75 deg - REVIEW, the channel cannot be benched",purpose-made chamber with a swept/curved channel. NOT a bend chamber: the user refused that on 2026-08-20 (~200 chambers for no construction benefit)
N0025148,P0-SM-MH25148,450947.748,2563348.797,sub main,junction,39.29,E0026136,E0024389,2,"below 75 deg - REVIEW, the channel cannot be benched",purpose-made chamber with a swept/curved channel. NOT a bend chamber: the user refused that on 2026-08-20 (~200 chambers for no construction benefit)
N0033628,P0-M-MH33628,468241.334,2576794.207,main,chamber,39.54,E0034402,E0032869,1,"below 75 deg - REVIEW, the channel cannot be benched",purpose-made chamber with a swept/curved channel. NOT a bend chamber: the user refused that on 2026-08-20 (~200 chambers for no construction benefit)
N0001234,P0-M-MH1234,441838.084,2574070.275,main,chamber,40.1,E0006338,E0001133,1,"below 75 deg - REVIEW, the channel cannot be benched",purpose-made chamber with a swept/curved channel. NOT a bend chamber: the user refused that on 2026-08-20 (~200 chambers for no construction benefit)
N0048614,P0-M-MH48614,445326.699,2568934.786,main,junction,40.13,E0047993,E0047855,2,"below 75 deg - REVIEW, the channel cannot be benched",purpose-made chamber with a swept/curved channel. NOT a bend chamber: the user refused that on 2026-08-20 (~200 chambers for no construction benefit)
N0000261,P0-TM-MH0261,461544.132,2578832.301,trunk main,junction,40.34,E0005647,E0000249,3,"below 75 deg - REVIEW, the channel cannot be benched",purpose-made chamber with a swept/curved channel. NOT a bend chamber: the user refused that on 2026-08-20 (~200 chambers for no construction benefit)
N0015183,P0-SM-MH15183,449445.992,2571566.042,sub main,junction,41.19,E0016201,E0014424,2,"below 75 deg - REVIEW, the channel cannot be benched",purpose-made chamber with a swept/curved channel. NOT a bend chamber: the user refused that on 2026-08-20 (~200 chambers for no construction benefit)
N0023842,P0-M-MH23842,463933.759,2567400.43,main,junction,41.24,E0024843,E0023083,2,"below 75 deg - REVIEW, the channel cannot be benched",purpose-made chamber with a swept/curved channel. NOT a bend chamber: the user refused that on 2026-08-20 (~200 chambers for no construction benefit)
N0039065,P0-M-MH39065,469280.833,2575238.107,main,junction,41.8,E0039407,E0038306,2,"below 75 deg - REVIEW, the channel cannot be benched",purpose-made chamber with a swept/curved channel. NOT a bend chamber: the user refused that on 2026-08-20 (~200 chambers for no construction benefit)
N0014189,P0-M-MH14189,451136.007,2567493.613,main,chamber,42.07,E0015125,E0013430,1,"below 75 deg - REVIEW, the channel cannot be benched",purpose-made chamber with a swept/curved channel. NOT a bend chamber: the user refused that on 2026-08-20 (~200 chambers for no construction benefit)
N0039546,P0-SM-MH39546,462554.056,2568986.6,sub main,junction,42.13,E0039898,E0038787,2,"below 75 deg - REVIEW, the channel cannot be benched",purpose-made chamber with a swept/curved channel. NOT a bend chamber: the user refused that on 2026-08-20 (~200 chambers for no construction benefit)
N0011428,P0-L-MH11428,447481.837,2557435.324,lateral,chamber,42.37,E0010668,E0010669,1,"below 75 deg - REVIEW, the channel cannot be benched",purpose-made chamber with a swept/curved channel. NOT a bend chamber: the user refused that on 2026-08-20 (~200 chambers for no construction benefit)
N0003747,P0-L-MH3747,471608.579,2563274.22,lateral,chamber,42.68,E0003316,E0003317,1,"below 75 deg - REVIEW, the channel cannot be benched",purpose-made chamber with a swept/curved channel. NOT a bend chamber: the user refused that on 2026-08-20 (~200 chambers for no construction benefit)
N0024755,P0-L-MH24755,461232.986,2568750.812,lateral,chamber,42.74,E0025636,E0023996,1,"below 75 deg - REVIEW, the channel cannot be benched",purpose-made chamber with a swept/curved channel. NOT a bend chamber: the user refused that on 2026-08-20 (~200 chambers for no construction benefit)
N0048091,P0-SM-MH48091,446094.663,2568594.644,sub main,junction,43.04,E0047409,E0047332,2,"below 75 deg - REVIEW, the channel cannot be benched",purpose-made chamber with a swept/curved channel. NOT a bend chamber: the user refused that on 2026-08-20 (~200 chambers for no construction benefit)
N0032331,P0-SM-MH32331,460796.562,2577714.018,sub main,junction,43.79,E0033266,E0031572,2,"below 75 deg - REVIEW, the channel cannot be benched",purpose-made chamber with a swept/curved channel. NOT a bend chamber: the user refused that on 2026-08-20 (~200 chambers for no construction benefit)
N0030384,P0-M-MH30384,461289.03,2581289.011,main,junction,44.2,E0031202,E0029625,2,"below 75 deg - REVIEW, the channel cannot be benched",purpose-made chamber with a swept/curved channel. NOT a bend chamber: the user refused that on 2026-08-20 (~200 chambers for no construction benefit)
N0031279,P0-SM-MH31279,459624.6,2570764.079,sub main,chamber,44.64,E0030519,E0030520,1,"below 75 deg - REVIEW, the channel cannot be benched",purpose-made chamber with a swept/curved channel. NOT a bend chamber: the user refused that on 2026-08-20 (~200 chambers for no construction benefit)
N0037905,P0-L-MH37905,447286.376,2565745.459,lateral,junction,44.76,E0038341,E0037146,2,"below 75 deg - REVIEW, the channel cannot be benched",purpose-made chamber with a swept/curved channel. NOT a bend chamber: the user refused that on 2026-08-20 (~200 chambers for no construction benefit)
N0015424,P0-M-MH15424,456043.614,2567003.338,main,junction,45.0,E0016380,E0014665,3,"below 75 deg - REVIEW, the channel cannot be benched",purpose-made chamber with a swept/curved channel. NOT a bend chamber: the user refused that on 2026-08-20 (~200 chambers for no construction benefit)
N0031521,P0-L-MH31521,452905.197,2574790.695,lateral,chamber,46.11,E0030761,E0030762,1,"below 75 deg - REVIEW, the channel cannot be benched",purpose-made chamber with a swept/curved channel. NOT a bend chamber: the user refused that on 2026-08-20 (~200 chambers for no construction benefit)
N0016058,P0-M-MH16058,449524.669,2569718.088,main,junction,46.11,E0016838,E0015299,2,"below 75 deg - REVIEW, the channel cannot be benched",purpose-made chamber with a swept/curved channel. NOT a bend chamber: the user refused that on 2026-08-20 (~200 chambers for no construction benefit)
N0032753,P0-SM-MH32753,458622.331,2570862.714,sub main,junction,46.45,E0033612,E0031994,2,"below 75 deg - REVIEW, the channel cannot be benched",purpose-made chamber with a swept/curved channel. NOT a bend chamber: the user refused that on 2026-08-20 (~200 chambers for no construction benefit)
N0010000,P0-M-MH10000,452827.722,2573523.85,main,junction,46.92,E0011038,E0009241,2,"below 75 deg - REVIEW, the channel cannot be benched",purpose-made chamber with a swept/curved channel. NOT a bend chamber: the user refused that on 2026-08-20 (~200 chambers for no construction benefit)
N0000560,P0-TM-MH0560,449912.466,2568736.816,trunk main,junction,47.48,E0005523,E0000519,3,"below 75 deg - REVIEW, the channel cannot be benched",purpose-made chamber with a swept/curved channel. NOT a bend chamber: the user refused that on 2026-08-20 (~200 chambers for no construction benefit)
N0008991,P0-L-MH8991,454091.626,2574203.685,lateral,junction,47.67,E0010304,E0008232,2,"below 75 deg - REVIEW, the channel cannot be benched",purpose-made chamber with a swept/curved channel. NOT a bend chamber: the user refused that on 2026-08-20 (~200 chambers for no construction benefit)
N0042209,P0-L-MH42209,460280.739,2578958.546,lateral,junction,47.77,E0042247,E0041450,2,"below 75 deg - REVIEW, the channel cannot be benched",purpose-made chamber with a swept/curved channel. NOT a bend chamber: the user refused that on 2026-08-20 (~200 chambers for no construction benefit)
N0046715,P0-M-MH46715,463147.898,2570301.201,main,chamber,48.15,E0045955,E0045956,1,"below 75 deg - REVIEW, the channel cannot be benched",purpose-made chamber with a swept/curved channel. NOT a bend chamber: the user refused that on 2026-08-20 (~200 chambers for no construction benefit)
N0004151,P0-L-MH4151,451045.055,2564319.223,lateral,chamber,48.16,E0003674,E0003675,1,"below 75 deg - REVIEW, the channel cannot be benched",purpose-made chamber with a swept/curved channel. NOT a bend chamber: the user refused that on 2026-08-20 (~200 chambers for no construction benefit)
N0029621,P0-SM-MH29621,454518.413,2571456.256,sub main,junction,48.21,E0030471,E0028862,2,"below 75 deg - REVIEW, the channel cannot be benched",purpose-made chamber with a swept/curved channel. NOT a bend chamber: the user refused that on 2026-08-20 (~200 chambers for no construction benefit)
N0031227,P0-M-MH31227,454328.464,2571376.291,main,junction,48.24,E0032037,E0030468,3,"below 75 deg - REVIEW, the channel cannot be benched",purpose-made chamber with a swept/curved channel. NOT a bend chamber: the user refused that on 2026-08-20 (~200 chambers for no construction benefit)
N0004171,P0-L-MH4171,459004.369,2568198.192,lateral,chamber,49.07,E0003693,E0003694,1,"below 75 deg - REVIEW, the channel cannot be benched",purpose-made chamber with a swept/curved channel. NOT a bend chamber: the user refused that on 2026-08-20 (~200 chambers for no construction benefit)
N0017615,P0-SM-MH17615,445201.185,2566933.056,sub main,junction,49.31,E0018836,E0016856,3,"below 75 deg - REVIEW, the channel cannot be benched",purpose-made chamber with a swept/curved channel. NOT a bend chamber: the user refused that on 2026-08-20 (~200 chambers for no construction benefit)
N0035927,P0-SM-MH35927,453344.232,2575440.942,sub main,junction,51.12,E0036689,E0035168,2,"below 75 deg - REVIEW, the channel cannot be benched",purpose-made chamber with a swept/curved channel. NOT a bend chamber: the user refused that on 2026-08-20 (~200 chambers for no construction benefit)
N0031954,P0-L-MH31954,461334.165,2581198.423,lateral,junction,51.26,E0032733,E0031195,2,"below 75 deg - REVIEW, the channel cannot be benched",purpose-made chamber with a swept/curved channel. NOT a bend chamber: the user refused that on 2026-08-20 (~200 chambers for no construction benefit)
N0011438,P0-SM-MH11438,447003.659,2558318.683,sub main,junction,51.33,E0012504,E0010679,2,"below 75 deg - REVIEW, the channel cannot be benched",purpose-made chamber with a swept/curved channel. NOT a bend chamber: the user refused that on 2026-08-20 (~200 chambers for no construction benefit)
N0027134,P0-SM-MH27134,460425.784,2579786.916,sub main,junction,51.55,E0027961,E0026375,2,"below 75 deg - REVIEW, the channel cannot be benched",purpose-made chamber with a swept/curved channel. NOT a bend chamber: the user refused that on 2026-08-20 (~200 chambers for no construction benefit)
N0040229,P0-L-MH40229,460521.751,2578945.844,lateral,chamber,51.78,E0039469,E0039470,1,"below 75 deg - REVIEW, the channel cannot be benched",purpose-made chamber with a swept/curved channel. NOT a bend chamber: the user refused that on 2026-08-20 (~200 chambers for no construction benefit)
N0011581,P0-M-MH11581,470122.516,2564410.379,main,junction,51.83,E0012726,E0010822,2,"below 75 deg - REVIEW, the channel cannot be benched",purpose-made chamber with a swept/curved channel. NOT a bend chamber: the user refused that on 2026-08-20 (~200 chambers for no construction benefit)
N0006282,P0-SM-MH6282,449912.1,2568732.673,sub main,junction,52.06,E0008231,E0005523,2,"below 75 deg - REVIEW, the channel cannot be benched",purpose-made chamber with a swept/curved channel. NOT a bend chamber: the user refused that on 2026-08-20 (~200 chambers for no construction benefit)
N0011813,P0-M-MH11813,471490.777,2562396.768,main,junction,52.09,E0012867,E0011054,2,"below 75 deg - REVIEW, the channel cannot be benched",purpose-made chamber with a swept/curved channel. NOT a bend chamber: the user refused that on 2026-08-20 (~200 chambers for no construction benefit)
N0016786,P0-SM-MH16786,457314.998,2567311.659,sub main,junction,52.27,E0017658,E0016027,2,"below 75 deg - REVIEW, the channel cannot be benched",purpose-made chamber with a swept/curved channel. NOT a bend chamber: the user refused that on 2026-08-20 (~200 chambers for no construction benefit)
N0006042,P0-TM-MH6042,441518.603,2569460.258,trunk main,junction,52.4,E0008114,E0005283,3,"below 75 deg - REVIEW, the channel cannot be benched",purpose-made chamber with a swept/curved channel. NOT a bend chamber: the user refused that on 2026-08-20 (~200 chambers for no construction benefit)
N0031234,P0-SM-MH31234,460072.658,2570582.082,sub main,chamber,52.43,E0030474,E0030475,1,"below 75 deg - REVIEW, the channel cannot be benched",purpose-made chamber with a swept/curved channel. NOT a bend chamber: the user refused that on 2026-08-20 (~200 chambers for no construction benefit)
N0010608,P0-L-MH10608,473927.962,2571807.916,lateral,junction,52.54,E0011559,E0009849,2,"below 75 deg - REVIEW, the channel cannot be benched",purpose-made chamber with a swept/curved channel. NOT a bend chamber: the user refused that on 2026-08-20 (~200 chambers for no construction benefit)
N0040656,P0-SM-MH40656,462457.057,2568955.22,sub main,junction,52.95,E0040899,E0039897,2,"below 75 deg - REVIEW, the channel cannot be benched",purpose-made chamber with a swept/curved channel. NOT a bend chamber: the user refused that on 2026-08-20 (~200 chambers for no construction benefit)
N0039351,P0-L-MH39351,448777.569,2564370.385,lateral,junction,52.95,E0039659,E0038592,2,"below 75 deg - REVIEW, the channel cannot be benched",purpose-made chamber with a swept/curved channel. NOT a bend chamber: the user refused that on 2026-08-20 (~200 chambers for no construction benefit)
N0013464,P0-M-MH13464,470208.031,2564278.213,main,junction,53.84,E0014609,E0012705,2,"below 75 deg - REVIEW, the channel cannot be benched",purpose-made chamber with a swept/curved channel. NOT a bend chamber: the user refused that on 2026-08-20 (~200 chambers for no construction benefit)
N0043333,P0-L-MH43333,447387.875,2569768.578,lateral,junction,53.87,E0043228,E0042574,2,"below 75 deg - REVIEW, the channel cannot be benched",purpose-made chamber with a swept/curved channel. NOT a bend chamber: the user refused that on 2026-08-20 (~200 chambers for no construction benefit)
N0000351,P0-TM-MH0351,454469.139,2575590.188,trunk main,junction,53.96,E0005573,E0000335,2,"below 75 deg - REVIEW, the channel cannot be benched",purpose-made chamber with a swept/curved channel. NOT a bend chamber: the user refused that on 2026-08-20 (~200 chambers for no construction benefit)
N0023240,P0-SM-MH23240,452705.767,2574647.228,sub main,junction,54.07,E0024163,E0022481,2,"below 75 deg - REVIEW, the channel cannot be benched",purpose-made chamber with a swept/curved channel. NOT a bend chamber: the user refused that on 2026-08-20 (~200 chambers for no construction benefit)
N0045299,P0-L-MH45299,453694.58,2574723.73,lateral,chamber,54.33,E0044539,E0044540,1,"below 75 deg - REVIEW, the channel cannot be benched",purpose-made chamber with a swept/curved channel. NOT a bend chamber: the user refused that on 2026-08-20 (~200 chambers for no construction benefit)
N0039740,P0-SM-MH39740,453516.506,2575739.332,sub main,junction,54.34,E0040081,E0038981,2,"below 75 deg - REVIEW, the channel cannot be benched",purpose-made chamber with a swept/curved channel. NOT a bend chamber: the user refused that on 2026-08-20 (~200 chambers for no construction benefit)
N0014277,P0-L-MH14277,450125.018,2568927.757,lateral,chamber,54.52,E0013517,E0013518,1,"below 75 deg - REVIEW, the channel cannot be benched",purpose-made chamber with a swept/curved channel. NOT a bend chamber: the user refused that on 2026-08-20 (~200 chambers for no construction benefit)
N0006981,P0-SM-MH6981,469375.876,2564808.996,sub main,junction,54.59,E0009069,E0006222,2,"below 75 deg - REVIEW, the channel cannot be benched",purpose-made chamber with a swept/curved channel. NOT a bend chamber: the user refused that on 2026-08-20 (~200 chambers for no construction benefit)
N0023631,P0-M-MH23631,459412.284,2578650.288,main,junction,54.67,E0024596,E0022872,2,"below 75 deg - REVIEW, the channel cannot be benched",purpose-made chamber with a swept/curved channel. NOT a bend chamber: the user refused that on 2026-08-20 (~200 chambers for no construction benefit)
N0013678,P0-M-MH13678,450993.415,2565979.917,main,junction,54.7,E0014737,E0012919,2,"below 75 deg - REVIEW, the channel cannot be benched",purpose-made chamber with a swept/curved channel. NOT a bend chamber: the user refused that on 2026-08-20 (~200 chambers for no construction benefit)
N0043510,P0-M-MH43510,454325.183,2576387.603,main,chamber,54.74,E0042750,E0042751,1,"below 75 deg - REVIEW, the channel cannot be benched",purpose-made chamber with a swept/curved channel. NOT a bend chamber: the user refused that on 2026-08-20 (~200 chambers for no construction benefit)
N0043691,P0-L-MH43691,448433.949,2567067.722,lateral,junction,54.77,E0043588,E0042932,2,"below 75 deg - REVIEW, the channel cannot be benched",purpose-made chamber with a swept/curved channel. NOT a bend chamber: the user refused that on 2026-08-20 (~200 chambers for no construction benefit)
N0024190,P0-L-MH24190,449268.602,2569732.079,lateral,chamber,54.8,E0023430,E0023431,1,"below 75 deg - REVIEW, the channel cannot be benched",purpose-made chamber with a swept/curved channel. NOT a bend chamber: the user refused that on 2026-08-20 (~200 chambers for no construction benefit)
N0022117,P0-M-MH22117,453103.36,2573320.014,main,junction,54.86,E0023147,E0021358,2,"below 75 deg - REVIEW, the channel cannot be benched",purpose-made chamber with a swept/curved channel. NOT a bend chamber: the user refused that on 2026-08-20 (~200 chambers for no construction benefit)
N0018369,P0-SM-MH18369,457998.839,2567550.379,sub main,junction,55.06,E0019268,E0017610,2,"below 75 deg - REVIEW, the channel cannot be benched",purpose-made chamber with a swept/curved channel. NOT a bend chamber: the user refused that on 2026-08-20 (~200 chambers for no construction benefit)
N0006383,P0-L-MH6383,454458.881,2575588.698,lateral,chamber,55.3,E0005623,E0005624,1,"below 75 deg - REVIEW, the channel cannot be benched",purpose-made chamber with a swept/curved channel. NOT a bend chamber: the user refused that on 2026-08-20 (~200 chambers for no construction benefit)
N0001370,P0-M-MH1370,471161.037,2564365.078,main,junction,55.3,E0006444,E0001265,2,"below 75 deg - REVIEW, the channel cannot be benched",purpose-made chamber with a swept/curved channel. NOT a bend chamber: the user refused that on 2026-08-20 (~200 chambers for no construction benefit)
N0000574,P0-TM-MH0574,454271.607,2575426.599,trunk main,junction,55.44,E0005568,E0000531,2,"below 75 deg - REVIEW, the channel cannot be benched",purpose-made chamber with a swept/curved channel. NOT a bend chamber: the user refused that on 2026-08-20 (~200 chambers for no construction benefit)
N0023597,P0-M-MH23597,450252.644,2571987.992,main,junction,55.62,E0024569,E0022838,2,"below 75 deg - REVIEW, the channel cannot be benched",purpose-made chamber with a swept/curved channel. NOT a bend chamber: the user refused that on 2026-08-20 (~200 chambers for no construction benefit)
N0004213,P0-SM-MH4213,435980.814,2576102.763,sub main,junction,55.89,E0007532,E0003731,3,"below 75 deg - REVIEW, the channel cannot be benched",purpose-made chamber with a swept/curved channel. NOT a bend chamber: the user refused that on 2026-08-20 (~200 chambers for no construction benefit)
N0030914,P0-M-MH30914,447110.643,2563273.589,main,chamber,56.36,E0030154,E0030155,1,"below 75 deg - REVIEW, the channel cannot be benched",purpose-made chamber with a swept/curved channel. NOT a bend chamber: the user refused that on 2026-08-20 (~200 chambers for no construction benefit)
N0042887,P0-SM-MH42887,449287.915,2573391.595,sub main,chamber,56.43,E0042886,E0042128,1,"below 75 deg - REVIEW, the channel cannot be benched",purpose-made chamber with a swept/curved channel. NOT a bend chamber: the user refused that on 2026-08-20 (~200 chambers for no construction benefit)
N0020042,P0-L-MH20042,447071.171,2558575.803,lateral,chamber,56.51,E0019282,E0019283,1,"below 75 deg - REVIEW, the channel cannot be benched",purpose-made chamber with a swept/curved channel. NOT a bend chamber: the user refused that on 2026-08-20 (~200 chambers for no construction benefit)
N0014290,P0-SM-MH14290,449626.427,2569513.664,sub main,junction,56.68,E0015236,E0013531,2,"below 75 deg - REVIEW, the channel cannot be benched",purpose-made chamber with a swept/curved channel. NOT a bend chamber: the user refused that on 2026-08-20 (~200 chambers for no construction benefit)
N0015994,P0-SM-MH15994,449664.257,2569372.579,sub main,junction,56.87,E0016806,E0015235,3,"below 75 deg - REVIEW, the channel cannot be benched",purpose-made chamber with a swept/curved channel. NOT a bend chamber: the user refused that on 2026-08-20 (~200 chambers for no construction benefit)
N0038840,P0-L-MH38840,451441.289,2565388.389,lateral,junction,57.15,E0039218,E0038081,2,"below 75 deg - REVIEW, the channel cannot be benched",purpose-made chamber with a swept/curved channel. NOT a bend chamber: the user refused that on 2026-08-20 (~200 chambers for no construction benefit)
N0044823,P0-SM-MH44823,460988.48,2580683.2,sub main,junction,57.22,E0044638,E0044064,2,"below 75 deg - REVIEW, the channel cannot be benched",purpose-made chamber with a swept/curved channel. NOT a bend chamber: the user refused that on 2026-08-20 (~200 chambers for no construction benefit)
N0000688,P0-M-MH0688,450002.837,2570555.214,main,junction,57.63,E0005662,E0000621,2,"below 75 deg - REVIEW, the channel cannot be benched",purpose-made chamber with a swept/curved channel. NOT a bend chamber: the user refused that on 2026-08-20 (~200 chambers for no construction benefit)
N0036506,P0-M-MH36506,460475.796,2578600.895,main,junction,57.69,E0037161,E0035747,2,"below 75 deg - REVIEW, the channel cannot be benched",purpose-made chamber with a swept/curved channel. NOT a bend chamber: the user refused that on 2026-08-20 (~200 chambers for no construction benefit)
N0038062,P0-M-MH38062,447846.163,2563465.924,main,junction,58.02,E0038515,E0037303,3,"below 75 deg - REVIEW, the channel cannot be benched",purpose-made chamber with a swept/curved channel. NOT a bend chamber: the user refused that on 2026-08-20 (~200 chambers for no construction benefit)
N0035171,P0-M-MH35171,447456.379,2563646.011,main,junction,58.21,E0035953,E0034412,2,"below 75 deg - REVIEW, the channel cannot be benched",purpose-made chamber with a swept/curved channel. NOT a bend chamber: the user refused that on 2026-08-20 (~200 chambers for no construction benefit)
N0023683,P0-L-MH23683,457796.316,2577730.535,lateral,junction,58.3,E0024617,E0022924,3,"below 75 deg - REVIEW, the channel cannot be benched",purpose-made chamber with a swept/curved channel. NOT a bend chamber: the user refused that on 2026-08-20 (~200 chambers for no construction benefit)
N0008901,P0-SM-MH8901,460942.815,2578665.516,sub main,junction,58.47,E0009886,E0008142,2,"below 75 deg - REVIEW, the channel cannot be benched",purpose-made chamber with a swept/curved channel. NOT a bend chamber: the user refused that on 2026-08-20 (~200 chambers for no construction benefit)
N0008725,P0-TM-MH8725,451107.368,2567107.983,trunk main,junction,58.52,E0009825,E0007966,2,"below 75 deg - REVIEW, the channel cannot be benched",purpose-made chamber with a swept/curved channel. NOT a bend chamber: the user refused that on 2026-08-20 (~200 chambers for no construction benefit)
N0023554,P0-SM-MH23554,467078.031,2565734.97,sub main,junction,58.56,E0024492,E0022795,2,"below 75 deg - REVIEW, the channel cannot be benched",purpose-made chamber with a swept/curved channel. NOT a bend chamber: the user refused that on 2026-08-20 (~200 chambers for no construction benefit)
N0043988,P0-L-MH43988,447495.085,2569747.081,lateral,junction,58.88,E0043860,E0043229,2,"below 75 deg - REVIEW, the channel cannot be benched",purpose-made chamber with a swept/curved channel. NOT a bend chamber: the user refused that on 2026-08-20 (~200 chambers for no construction benefit)
N0025273,P0-M-MH25273,450428.576,2571463.189,main,junction,59.03,E0026243,E0024514,2,"below 75 deg - REVIEW, the channel cannot be benched",purpose-made chamber with a swept/curved channel. NOT a bend chamber: the user refused that on 2026-08-20 (~200 chambers for no construction benefit)
N0001934,P0-L-MH1934,451351.017,2566223.848,lateral,junction,59.1,E0006739,E0001761,2,"below 75 deg - REVIEW, the channel cannot be benched",purpose-made chamber with a swept/curved channel. NOT a bend chamber: the user refused that on 2026-08-20 (~200 chambers for no construction benefit)
N0014960,P0-M-MH14960,452395.158,2573620.405,main,junction,59.57,E0015867,E0014201,2,"below 75 deg - REVIEW, the channel cannot be benched",purpose-made chamber with a swept/curved channel. NOT a bend chamber: the user refused that on 2026-08-20 (~200 chambers for no construction benefit)
N0016713,P0-SM-MH16713,450891.23,2566177.179,sub main,junction,59.96,E0017554,E0015954,2,"below 75 deg - REVIEW, the channel cannot be benched",purpose-made chamber with a swept/curved channel. NOT a bend chamber: the user refused that on 2026-08-20 (~200 chambers for no construction benefit)
N0003594,P0-L-MH3594,451609.01,2564680.811,lateral,junction,60.03,E0007281,E0003185,2,"below 75 deg - REVIEW, the channel cannot be benched",purpose-made chamber with a swept/curved channel. NOT a bend chamber: the user refused that on 2026-08-20 (~200 chambers for no construction benefit)
N0046777,P0-M-MH46777,447333.577,2567871.558,main,junction,60.12,E0046254,E0046018,2,"below 75 deg - REVIEW, the channel cannot be benched",purpose-made chamber with a swept/curved channel. NOT a bend chamber: the user refused that on 2026-08-20 (~200 chambers for no construction benefit)
N0010476,P0-TM-MH10476,445483.256,2563195.934,trunk main,junction,60.21,E0011726,E0009717,2,"below 75 deg - REVIEW, the channel cannot be benched",purpose-made chamber with a swept/curved channel. NOT a bend chamber: the user refused that on 2026-08-20 (~200 chambers for no construction benefit)
N0014682,P0-L-MH14682,451039.935,2570532.894,lateral,junction,60.24,E0015651,E0013923,2,"below 75 deg - REVIEW, the channel cannot be benched",purpose-made chamber with a swept/curved channel. NOT a bend chamber: the user refused that on 2026-08-20 (~200 chambers for no construction benefit)
N0049964,P0-L-MH49964,438956.402,2572782.143,lateral,chamber,60.38,E0049204,E0049205,1,"below 75 deg - REVIEW, the channel cannot be benched",purpose-made chamber with a swept/curved channel. NOT a bend chamber: the user refused that on 2026-08-20 (~200 chambers for no construction benefit)
N0049386,P0-L-MH49386,443211.336,2569248.771,lateral,junction,60.88,E0048717,E0048627,3,"below 75 deg - REVIEW, the channel cannot be benched",purpose-made chamber with a swept/curved channel. NOT a bend chamber: the user refused that on 2026-08-20 (~200 chambers for no construction benefit)
N0010548,P0-TM-MH10548,462158.274,2578965.623,trunk main,junction,60.94,E0011455,E0009789,3,"below 75 deg - REVIEW, the channel cannot be benched",purpose-made chamber with a swept/curved channel. NOT a bend chamber: the user refused that on 2026-08-20 (~200 chambers for no construction benefit)
N0007499,P0-L-MH7499,451369.177,2566225.2,lateral,junction,60.96,E0009414,E0006740,2,"below 75 deg - REVIEW, the channel cannot be benched",purpose-made chamber with a swept/curved channel. NOT a bend chamber: the user refused that on 2026-08-20 (~200 chambers for no construction benefit)
N0000714,P0-M-MH0714,453442.737,2566674.119,main,junction,60.98,E0005692,E0000647,2,"below 75 deg - REVIEW, the channel cannot be benched",purpose-made chamber with a swept/curved channel. NOT a bend chamber: the user refused that on 2026-08-20 (~200 chambers for no construction benefit)
N0035547,P0-L-MH35547,448223.659,2569608.579,lateral,chamber,61.25,E0034787,E0034788,1,"below 75 deg - REVIEW, the channel cannot be benched",purpose-made chamber with a swept/curved channel. NOT a bend chamber: the user refused that on 2026-08-20 (~200 chambers for no construction benefit)
N0024943,P0-SM-MH24943,452320.406,2574923.711,sub main,junction,61.26,E0025953,E0024184,2,"below 75 deg - REVIEW, the channel cannot be benched",purpose-made chamber with a swept/curved channel. NOT a bend chamber: the user refused that on 2026-08-20 (~200 chambers for no construction benefit)
N0034533,P0-L-MH34533,453169.999,2575328.16,lateral,chamber,61.32,E0033773,E0033774,1,"below 75 deg - REVIEW, the channel cannot be benched",purpose-made chamber with a swept/curved channel. NOT a bend chamber: the user refused that on 2026-08-20 (~200 chambers for no construction benefit)
N0028306,P0-L-MH28306,452610.286,2573208.702,lateral,junction,61.38,E0029107,E0027547,2,"below 75 deg - REVIEW, the channel cannot be benched",purpose-made chamber with a swept/curved channel. NOT a bend chamber: the user refused that on 2026-08-20 (~200 chambers for no construction benefit)
N0018088,P0-L-MH18088,461675.517,2577883.921,lateral,junction,61.53,E0018895,E0017329,2,"below 75 deg - REVIEW, the channel cannot be benched",purpose-made chamber with a swept/curved channel. NOT a bend chamber: the user refused that on 2026-08-20 (~200 chambers for no construction benefit)
N0020165,P0-SM-MH20165,450197.4,2571599.784,sub main,junction,61.74,E0021011,E0019406,2,"below 75 deg - REVIEW, the channel cannot be benched",purpose-made chamber with a swept/curved channel. NOT a bend chamber: the user refused that on 2026-08-20 (~200 chambers for no construction benefit)
N0008798,P0-L-MH8798,454103.613,2574564.743,lateral,junction,61.78,E0009997,E0008039,2,"below 75 deg - REVIEW, the channel cannot be benched",purpose-made chamber with a swept/curved channel. NOT a bend chamber: the user refused that on 2026-08-20 (~200 chambers for no construction benefit)
N0010578,P0-TM-MH10578,450079.971,2569694.032,trunk main,chamber,61.89,E0011477,E0009819,1,"below 75 deg - REVIEW, the channel cannot be benched",purpose-made chamber with a swept/curved channel. NOT a bend chamber: the user refused that on 2026-08-20 (~200 chambers for no construction benefit)
N0020347,P0-M-MH20347,465149.674,2567050.421,main,junction,61.99,E0021275,E0019588,2,"below 75 deg - REVIEW, the channel cannot be benched",purpose-made chamber with a swept/curved channel. NOT a bend chamber: the user refused that on 2026-08-20 (~200 chambers for no construction benefit)
N0027554,P0-M-MH27554,473340.657,2573599.731,main,junction,62.1,E0028302,E0026795,2,"below 75 deg - REVIEW, the channel cannot be benched",purpose-made chamber with a swept/curved channel. NOT a bend chamber: the user refused that on 2026-08-20 (~200 chambers for no construction benefit)
N0040351,P0-L-MH40351,450698.291,2568655.519,lateral,chamber,62.2,E0039591,E0039592,1,"below 75 deg - REVIEW, the channel cannot be benched",purpose-made chamber with a swept/curved channel. NOT a bend chamber: the user refused that on 2026-08-20 (~200 chambers for no construction benefit)
N0019720,P0-M-MH19720,461543.301,2577636.108,main,junction,62.3,E0020558,E0018961,2,"below 75 deg - REVIEW, the channel cannot be benched",purpose-made chamber with a swept/curved channel. NOT a bend chamber: the user refused that on 2026-08-20 (~200 chambers for no construction benefit)
N0002820,P0-L-MH2820,451659.812,2564655.237,lateral,chamber,62.49,E0002511,E0002512,1,"below 75 deg - REVIEW, the channel cannot be benched",purpose-made chamber with a swept/curved channel. NOT a bend chamber: the user refused that on 2026-08-20 (~200 chambers for no construction benefit)
N0036743,P0-M-MH36743,448121.804,2564086.912,main,chamber,62.55,E0035983,E0035984,1,"below 75 deg - REVIEW, the channel cannot be benched",purpose-made chamber with a swept/curved channel. NOT a bend chamber: the user refused that on 2026-08-20 (~200 chambers for no construction benefit)
N0006730,P0-SM-MH6730,450398.955,2565693.672,sub main,junction,62.81,E0008838,E0005971,2,"below 75 deg - REVIEW, the channel cannot be benched",purpose-made chamber with a swept/curved channel. NOT a bend chamber: the user refused that on 2026-08-20 (~200 chambers for no construction benefit)
N0028967,P0-SM-MH28967,447115.399,2564049.754,sub main,junction,62.88,E0029906,E0028208,2,"below 75 deg - REVIEW, the channel cannot be benched",purpose-made chamber with a swept/curved channel. NOT a bend chamber: the user refused that on 2026-08-20 (~200 chambers for no construction benefit)
N0009049,P0-M-MH9049,450152.102,2570578.108,main,junction,63.2,E0010039,E0008290,2,"below 75 deg - REVIEW, the channel cannot be benched",purpose-made chamber with a swept/curved channel. NOT a bend chamber: the user refused that on 2026-08-20 (~200 chambers for no construction benefit)
N0032221,P0-L-MH32221,459403.173,2577741.427,lateral,chamber,63.27,E0031461,E0031462,1,"below 75 deg - REVIEW, the channel cannot be benched",purpose-made chamber with a swept/curved channel. NOT a bend chamber: the user refused that on 2026-08-20 (~200 chambers for no construction benefit)
N0042524,P0-L-MH42524,460796.281,2571225.198,lateral,chamber,63.35,E0041764,E0041765,1,"below 75 deg - REVIEW, the channel cannot be benched",purpose-made chamber with a swept/curved channel. NOT a bend chamber: the user refused that on 2026-08-20 (~200 chambers for no construction benefit)
N0026371,P0-L-MH26371,455447.776,2573587.319,lateral,chamber,63.53,E0025611,E0025612,1,"below 75 deg - REVIEW, the channel cannot be benched",purpose-made chamber with a swept/curved channel. NOT a bend chamber: the user refused that on 2026-08-20 (~200 chambers for no construction benefit)
N0009170,P0-SM-MH9170,449745.611,2569954.655,sub main,junction,63.69,E0010155,E0008411,2,"below 75 deg - REVIEW, the channel cannot be benched",purpose-made chamber with a swept/curved channel. NOT a bend chamber: the user refused that on 2026-08-20 (~200 chambers for no construction benefit)
N0008990,P0-SM-MH8990,449980.649,2568776.982,sub main,junction,63.75,E0009986,E0008231,3,"below 75 deg - REVIEW, the channel cannot be benched",purpose-made chamber with a swept/curved channel. NOT a bend chamber: the user refused that on 2026-08-20 (~200 chambers for no construction benefit)
N0036544,P0-M-MH36544,460943.971,2578013.646,main,junction,63.87,E0037181,E0035785,2,"below 75 deg - REVIEW, the channel cannot be benched",purpose-made chamber with a swept/curved channel. NOT a bend chamber: the user refused that on 2026-08-20 (~200 chambers for no construction benefit)
N0046748,P0-SM-MH46748,447595.246,2568162.486,sub main,junction,63.89,E0046237,E0045989,2,"below 75 deg - REVIEW, the channel cannot be benched",purpose-made chamber with a swept/curved channel. NOT a bend chamber: the user refused that on 2026-08-20 (~200 chambers for no construction benefit)
N0036478,P0-M-MH36478,469024.398,2575323.73,main,junction,63.94,E0037108,E0035719,2,"below 75 deg - REVIEW, the channel cannot be benched",purpose-made chamber with a swept/curved channel. NOT a bend chamber: the user refused that on 2026-08-20 (~200 chambers for no construction benefit)
N0011357,P0-SM-MH11357,451871.164,2573489.614,sub main,chamber,63.98,E0010597,E0010598,1,"below 75 deg - REVIEW, the channel cannot be benched",purpose-made chamber with a swept/curved channel. NOT a bend chamber: the user refused that on 2026-08-20 (~200 chambers for no construction benefit)
N0015864,P0-M-MH15864,454247.961,2574987.089,main,junction,64.03,E0016642,E0015105,2,"below 75 deg - REVIEW, the channel cannot be benched",purpose-made chamber with a swept/curved channel. NOT a bend chamber: the user refused that on 2026-08-20 (~200 chambers for no construction benefit)
N0039748,P0-L-MH39748,453580.204,2575510.479,lateral,chamber,64.19,E0038988,E0038989,1,"below 75 deg - REVIEW, the channel cannot be benched",purpose-made chamber with a swept/curved channel. NOT a bend chamber: the user refused that on 2026-08-20 (~200 chambers for no construction benefit)
N0012649,P0-M-MH12649,450201.465,2568018.891,main,chamber,64.23,E0011889,E0011890,1,"below 75 deg - REVIEW, the channel cannot be benched",purpose-made chamber with a swept/curved channel. NOT a bend chamber: the user refused that on 2026-08-20 (~200 chambers for no construction benefit)
N0004883,P0-L-MH4883,452993.692,2574098.486,lateral,chamber,64.29,E0004295,E0004296,1,"below 75 deg - REVIEW, the channel cannot be benched",purpose-made chamber with a swept/curved channel. NOT a bend chamber: the user refused that on 2026-08-20 (~200 chambers for no construction benefit)
N0040380,P0-M-MH40380,467008.984,2577234.107,main,junction,64.31,E0040609,E0039621,2,"below 75 deg - REVIEW, the channel cannot be benched",purpose-made chamber with a swept/curved channel. NOT a bend chamber: the user refused that on 2026-08-20 (~200 chambers for no construction benefit)
N0033657,P0-SM-MH33657,459600.99,2577106.547,sub main,junction,64.43,E0034595,E0032898,2,"below 75 deg - REVIEW, the channel cannot be benched",purpose-made chamber with a swept/curved channel. NOT a bend chamber: the user refused that on 2026-08-20 (~200 chambers for no construction benefit)
N0020096,P0-SM-MH20096,466776.593,2565711.23,sub main,junction,64.47,E0020974,E0019337,2,"below 75 deg - REVIEW, the channel cannot be benched",purpose-made chamber with a swept/curved channel. NOT a bend chamber: the user refused that on 2026-08-20 (~200 chambers for no construction benefit)
N0025017,P0-SM-MH25017,450308.733,2565919.282,sub main,chamber,64.48,E0024257,E0024258,1,"below 75 deg - REVIEW, the channel cannot be benched",purpose-made chamber with a swept/curved channel. NOT a bend chamber: the user refused that on 2026-08-20 (~200 chambers for no construction benefit)
N0015914,P0-L-MH15914,446433.828,2567328.777,lateral,junction,64.49,E0016673,E0015155,2,"below 75 deg - REVIEW, the channel cannot be benched",purpose-made chamber with a swept/curved channel. NOT a bend chamber: the user refused that on 2026-08-20 (~200 chambers for no construction benefit)
N0049280,P0-SM-MH49280,443174.931,2569213.308,sub main,junction,64.58,E0048627,E0048521,2,"below 75 deg - REVIEW, the channel cannot be benched",purpose-made chamber with a swept/curved channel. NOT a bend chamber: the user refused that on 2026-08-20 (~200 chambers for no construction benefit)
N0022159,P0-L-MH22159,445931.961,2563159.144,lateral,chamber,64.59,E0021399,E0021400,1,"below 75 deg - REVIEW, the channel cannot be benched",purpose-made chamber with a swept/curved channel. NOT a bend chamber: the user refused that on 2026-08-20 (~200 chambers for no construction benefit)
N0010540,P0-TM-MH10540,469810.205,2574862.1,trunk main,junction,64.74,E0011453,E0009781,3,"below 75 deg - REVIEW, the channel cannot be benched",purpose-made chamber with a swept/curved channel. NOT a bend chamber: the user refused that on 2026-08-20 (~200 chambers for no construction benefit)
N0035189,P0-M-MH35189,448068.506,2564069.309,main,junction,64.79,E0035984,E0034430,2,"below 75 deg - REVIEW, the channel cannot be benched",purpose-made chamber with a swept/curved channel. NOT a bend chamber: the user refused that on 2026-08-20 (~200 chambers for no construction benefit)
N0032303,P0-SM-MH32303,445379.949,2564810.113,sub main,junction,64.81,E0033066,E0031544,3,"below 75 deg - REVIEW, the channel cannot be benched",purpose-made chamber with a swept/curved channel. NOT a bend chamber: the user refused that on 2026-08-20 (~200 chambers for no construction benefit)
N0017612,P0-SM-MH17612,449497.198,2570078.747,sub main,junction,64.95,E0018496,E0016853,2,"below 75 deg - REVIEW, the channel cannot be benched",purpose-made chamber with a swept/curved channel. NOT a bend chamber: the user refused that on 2026-08-20 (~200 chambers for no construction benefit)
N0010817,P0-L-MH10817,454137.381,2574238.693,lateral,junction,65.01,E0011835,E0010058,2,"below 75 deg - REVIEW, the channel cannot be benched",purpose-made chamber with a swept/curved channel. NOT a bend chamber: the user refused that on 2026-08-20 (~200 chambers for no construction benefit)
N0012589,P0-L-MH12589,454174.256,2574266.906,lateral,chamber,65.36,E0011829,E0011830,1,"below 75 deg - REVIEW, the channel cannot be benched",purpose-made chamber with a swept/curved channel. NOT a bend chamber: the user refused that on 2026-08-20 (~200 chambers for no construction benefit)
N0047734,P0-M-MH47734,447185.011,2568696.852,main,junction,65.37,E0047103,E0046975,2,"below 75 deg - REVIEW, the channel cannot be benched",purpose-made chamber with a swept/curved channel. NOT a bend chamber: the user refused that on 2026-08-20 (~200 chambers for no construction benefit)
N0007205,P0-L-MH7205,452774.946,2573309.787,lateral,junction,65.46,E0009240,E0006446,2,"below 75 deg - REVIEW, the channel cannot be benched",purpose-made chamber with a swept/curved channel. NOT a bend chamber: the user refused that on 2026-08-20 (~200 chambers for no construction benefit)
N0035023,P0-TM-MH35023,447505.124,2566505.509,trunk main,junction,65.62,E0035716,E0034264,3,"below 75 deg - REVIEW, the channel cannot be benched",purpose-made chamber with a swept/curved channel. NOT a bend chamber: the user refused that on 2026-08-20 (~200 chambers for no construction benefit)
N0009302,P0-M-MH9302,451894.523,2571881.21,main,junction,65.73,E0010450,E0008543,2,"below 75 deg - REVIEW, the channel cannot be benched",purpose-made chamber with a swept/curved channel. NOT a bend chamber: the user refused that on 2026-08-20 (~200 chambers for no construction benefit)
N0027650,P0-M-MH27650,449325.326,2568904.549,main,junction,65.79,E0028518,E0026891,2,"below 75 deg - REVIEW, the channel cannot be benched",purpose-made chamber with a swept/curved channel. NOT a bend chamber: the user refused that on 2026-08-20 (~200 chambers for no construction benefit)
N0039313,P0-M-MH39313,448035.484,2563663.286,main,chamber,65.92,E0038553,E0038554,1,"below 75 deg - REVIEW, the channel cannot be benched",purpose-made chamber with a swept/curved channel. NOT a bend chamber: the user refused that on 2026-08-20 (~200 chambers for no construction benefit)
N0048758,P0-SM-MH48758,444381.19,2568495.457,sub main,junction,65.96,E0048097,E0047999,2,"below 75 deg - REVIEW, the channel cannot be benched",purpose-made chamber with a swept/curved channel. NOT a bend chamber: the user refused that on 2026-08-20 (~200 chambers for no construction benefit)
N0007098,P0-SM-MH7098,454264.488,2565228.757,sub main,junction,66.02,E0009217,E0006339,2,"below 75 deg - REVIEW, the channel cannot be benched",purpose-made chamber with a swept/curved channel. NOT a bend chamber: the user refused that on 2026-08-20 (~200 chambers for no construction benefit)
N0015121,P0-L-MH15121,465885.501,2566244.455,lateral,junction,66.29,E0016121,E0014362,2,"below 75 deg - REVIEW, the channel cannot be benched",purpose-made chamber with a swept/curved channel. NOT a bend chamber: the user refused that on 2026-08-20 (~200 chambers for no construction benefit)
N0002439,P0-L-MH2439,451382.051,2564666.855,lateral,junction,66.43,E0006979,E0002196,2,"below 75 deg - REVIEW, the channel cannot be benched",purpose-made chamber with a swept/curved channel. NOT a bend chamber: the user refused that on 2026-08-20 (~200 chambers for no construction benefit)
N0021139,P0-L-MH21139,455027.709,2568693.849,lateral,chamber,66.68,E0020379,E0020380,1,"below 75 deg - REVIEW, the channel cannot be benched",purpose-made chamber with a swept/curved channel. NOT a bend chamber: the user refused that on 2026-08-20 (~200 chambers for no construction benefit)
N0005051,P0-L-MH5051,441967.737,2569130.466,lateral,chamber,66.79,E0004452,E0004453,1,"below 75 deg - REVIEW, the channel cannot be benched",purpose-made chamber with a swept/curved channel. NOT a bend chamber: the user refused that on 2026-08-20 (~200 chambers for no construction benefit)
N0018801,P0-M-MH18801,457753.686,2575098.501,main,chamber,66.94,E0019690,E0018042,1,"below 75 deg - REVIEW, the channel cannot be benched",purpose-made chamber with a swept/curved channel. NOT a bend chamber: the user refused that on 2026-08-20 (~200 chambers for no construction benefit)
N0017975,P0-L-MH17975,451465.402,2569940.485,lateral,junction,67.17,E0018763,E0017216,2,"below 75 deg - REVIEW, the channel cannot be benched",purpose-made chamber with a swept/curved channel. NOT a bend chamber: the user refused that on 2026-08-20 (~200 chambers for no construction benefit)
N0030719,P0-L-MH30719,453479.92,2573537.624,lateral,chamber,67.2,E0029959,E0029960,1,"below 75 deg - REVIEW, the channel cannot be benched",purpose-made chamber with a swept/curved channel. NOT a bend chamber: the user refused that on 2026-08-20 (~200 chambers for no construction benefit)
N0038135,P0-L-MH38135,460039.586,2577253.307,lateral,junction,67.24,E0038614,E0037376,2,"below 75 deg - REVIEW, the channel cannot be benched",purpose-made chamber with a swept/curved channel. NOT a bend chamber: the user refused that on 2026-08-20 (~200 chambers for no construction benefit)
N0048973,P0-SM-MH48973,453795.717,2578175.401,sub main,junction,67.24,E0048275,E0048214,2,"below 75 deg - REVIEW, the channel cannot be benched",purpose-made chamber with a swept/curved channel. NOT a bend chamber: the user refused that on 2026-08-20 (~200 chambers for no construction benefit)
N0037100,P0-M-MH37100,448726.415,2568109.293,main,junction,67.25,E0037611,E0036341,2,"below 75 deg - REVIEW, the channel cannot be benched",purpose-made chamber with a swept/curved channel. NOT a bend chamber: the user refused that on 2026-08-20 (~200 chambers for no construction benefit)
N0043578,P0-L-MH43578,453783.573,2565691.898,lateral,junction,67.58,E0043458,E0042819,2,"below 75 deg - REVIEW, the channel cannot be benched",purpose-made chamber with a swept/curved channel. NOT a bend chamber: the user refused that on 2026-08-20 (~200 chambers for no construction benefit)
N0017335,P0-L-MH17335,464792.457,2577641.905,lateral,junction,67.59,E0018209,E0016576,3,"below 75 deg - REVIEW, the channel cannot be benched",purpose-made chamber with a swept/curved channel. NOT a bend chamber: the user refused that on 2026-08-20 (~200 chambers for no construction benefit)
N0022162,P0-L-MH22162,445845.55,2563002.827,lateral,chamber,67.59,E0021402,E0021403,1,"below 75 deg - REVIEW, the channel cannot be benched",purpose-made chamber with a swept/curved channel. NOT a bend chamber: the user refused that on 2026-08-20 (~200 chambers for no construction benefit)
N0040169,P0-M-MH40169,468796.908,2575386.739,main,chamber,67.63,E0039409,E0039410,1,"below 75 deg - REVIEW, the channel cannot be benched",purpose-made chamber with a swept/curved channel. NOT a bend chamber: the user refused that on 2026-08-20 (~200 chambers for no construction benefit)
N0011954,P0-L-MH11954,473487.781,2562074.571,lateral,junction,67.7,E0012986,E0011195,3,"below 75 deg - REVIEW, the channel cannot be benched",purpose-made chamber with a swept/curved channel. NOT a bend chamber: the user refused that on 2026-08-20 (~200 chambers for no construction benefit)
N0014953,P0-M-MH14953,452291.749,2573245.734,main,junction,67.73,E0015855,E0014194,2,"below 75 deg - REVIEW, the channel cannot be benched",purpose-made chamber with a swept/curved channel. NOT a bend chamber: the user refused that on 2026-08-20 (~200 chambers for no construction benefit)
N0047262,P0-M-MH47262,458156.833,2571459.347,main,junction,67.78,E0046679,E0046503,2,"below 75 deg - REVIEW, the channel cannot be benched",purpose-made chamber with a swept/curved channel. NOT a bend chamber: the user refused that on 2026-08-20 (~200 chambers for no construction benefit)
N0007350,P0-M-MH7350,449733.726,2564879.742,main,junction,67.82,E0009357,E0006591,2,"below 75 deg - REVIEW, the channel cannot be benched",purpose-made chamber with a swept/curved channel. NOT a bend chamber: the user refused that on 2026-08-20 (~200 chambers for no construction benefit)
N0031479,P0-M-MH31479,451818.67,2571361.466,main,junction,67.83,E0032201,E0030720,2,"below 75 deg - REVIEW, the channel cannot be benched",purpose-made chamber with a swept/curved channel. NOT a bend chamber: the user refused that on 2026-08-20 (~200 chambers for no construction benefit)
N0049030,P0-SM-MH49030,453758.717,2578164.401,sub main,junction,67.9,E0048333,E0048271,2,"below 75 deg - REVIEW, the channel cannot be benched",purpose-made chamber with a swept/curved channel. NOT a bend chamber: the user refused that on 2026-08-20 (~200 chambers for no construction benefit)
N0032173,P0-SM-MH32173,459624.666,2577735.628,sub main,junction,67.9,E0032892,E0031414,2,"below 75 deg - REVIEW, the channel cannot be benched",purpose-made chamber with a swept/curved channel. NOT a bend chamber: the user refused that on 2026-08-20 (~200 chambers for no construction benefit)
N0035101,P0-M-MH35101,446839.525,2565793.667,main,junction,68.03,E0035809,E0034342,3,"below 75 deg - REVIEW, the channel cannot be benched",purpose-made chamber with a swept/curved channel. NOT a bend chamber: the user refused that on 2026-08-20 (~200 chambers for no construction benefit)
N0017046,P0-L-MH17046,470334.541,2564401.759,lateral,junction,68.28,E0017855,E0016287,2,"below 75 deg - REVIEW, the channel cannot be benched",purpose-made chamber with a swept/curved channel. NOT a bend chamber: the user refused that on 2026-08-20 (~200 chambers for no construction benefit)
N0023649,P0-M-MH23649,458812.533,2579012.622,main,junction,68.28,E0024602,E0022890,2,"below 75 deg - REVIEW, the channel cannot be benched",purpose-made chamber with a swept/curved channel. NOT a bend chamber: the user refused that on 2026-08-20 (~200 chambers for no construction benefit)
N0028868,P0-TM-MH28868,446780.354,2565204.675,trunk main,junction,68.31,E0029767,E0028109,3,"below 75 deg - REVIEW, the channel cannot be benched",purpose-made chamber with a swept/curved channel. NOT a bend chamber: the user refused that on 2026-08-20 (~200 chambers for no construction benefit)
N0017960,P0-M-MH17960,463751.38,2577261.795,main,chamber,68.34,E0017200,E0017201,1,"below 75 deg - REVIEW, the channel cannot be benched",purpose-made chamber with a swept/curved channel. NOT a bend chamber: the user refused that on 2026-08-20 (~200 chambers for no construction benefit)
N0010906,P0-L-MH10906,453965.733,2574097.329,lateral,chamber,68.35,E0010146,E0010147,1,"below 75 deg - REVIEW, the channel cannot be benched",purpose-made chamber with a swept/curved channel. NOT a bend chamber: the user refused that on 2026-08-20 (~200 chambers for no construction benefit)
N0015887,P0-M-MH15887,472568.287,2573877.243,main,junction,68.49,E0016664,E0015128,2,"below 75 deg - REVIEW, the channel cannot be benched",purpose-made chamber with a swept/curved channel. NOT a bend chamber: the user refused that on 2026-08-20 (~200 chambers for no construction benefit)
N0021138,P0-L-MH21138,455072.97,2568717.548,lateral,chamber,68.62,E0020378,E0020379,1,"below 75 deg - REVIEW, the channel cannot be benched",purpose-made chamber with a swept/curved channel. NOT a bend chamber: the user refused that on 2026-08-20 (~200 chambers for no construction benefit)
N0026904,P0-SM-MH26904,451064.481,2564380.271,sub main,junction,68.75,E0027772,E0026145,3,"below 75 deg - REVIEW, the channel cannot be benched",purpose-made chamber with a swept/curved channel. NOT a bend chamber: the user refused that on 2026-08-20 (~200 chambers for no construction benefit)
N0000305,P0-TM-MH0305,444825.887,2567724.496,trunk main,junction,68.78,E0005565,E0000291,3,"below 75 deg - REVIEW, the channel cannot be benched",purpose-made chamber with a swept/curved channel. NOT a bend chamber: the user refused that on 2026-08-20 (~200 chambers for no construction benefit)
N0049445,P0-L-MH49445,453539.717,2578210.401,lateral,junction,68.87,E0048798,E0048686,2,"below 75 deg - REVIEW, the channel cannot be benched",purpose-made chamber with a swept/curved channel. NOT a bend chamber: the user refused that on 2026-08-20 (~200 chambers for no construction benefit)
N0033553,P0-TM-MH33553,460846.71,2578418.274,trunk main,junction,68.89,E0034327,E0032794,3,"below 75 deg - REVIEW, the channel cannot be benched",purpose-made chamber with a swept/curved channel. NOT a bend chamber: the user refused that on 2026-08-20 (~200 chambers for no construction benefit)
N0021612,P0-M-MH21612,458139.705,2568087.188,main,junction,68.9,E0022747,E0020853,3,"below 75 deg - REVIEW, the channel cannot be benched",purpose-made chamber with a swept/curved channel. NOT a bend chamber: the user refused that on 2026-08-20 (~200 chambers for no construction benefit)
N0022168,P0-M-MH22168,460679.715,2578860.652,main,junction,68.94,E0023203,E0021409,2,"below 75 deg - REVIEW, the channel cannot be benched",purpose-made chamber with a swept/curved channel. NOT a bend chamber: the user refused that on 2026-08-20 (~200 chambers for no construction benefit)
N0029569,P0-SM-MH29569,451830.531,2571337.667,sub main,junction,68.96,E0030719,E0028810,2,"below 75 deg - REVIEW, the channel cannot be benched",purpose-made chamber with a swept/curved channel. NOT a bend chamber: the user refused that on 2026-08-20 (~200 chambers for no construction benefit)
N0049958,P0-M-MH49958,442453.797,2570127.696,main,junction,68.98,E0049224,E0049199,2,"below 75 deg - REVIEW, the channel cannot be benched",purpose-made chamber with a swept/curved channel. NOT a bend chamber: the user refused that on 2026-08-20 (~200 chambers for no construction benefit)
N0049105,P0-M-MH49105,444575.639,2569066.076,main,junction,69.03,E0048403,E0048346,2,"below 75 deg - REVIEW, the channel cannot be benched",purpose-made chamber with a swept/curved channel. NOT a bend chamber: the user refused that on 2026-08-20 (~200 chambers for no construction benefit)
N0020893,P0-SM-MH20893,449264.445,2569901.668,sub main,chamber,69.05,E0020133,E0020134,1,"below 75 deg - REVIEW, the channel cannot be benched",purpose-made chamber with a swept/curved channel. NOT a bend chamber: the user refused that on 2026-08-20 (~200 chambers for no construction benefit)
N0045882,P0-L-MH45882,449858.915,2572992.595,lateral,junction,69.07,E0045439,E0045123,2,"below 75 deg - REVIEW, the channel cannot be benched",purpose-made chamber with a swept/curved channel. NOT a bend chamber: the user refused that on 2026-08-20 (~200 chambers for no construction benefit)
N0017191,P0-L-MH17191,450850.415,2565954.917,lateral,junction,69.18,E0017968,E0016432,2,"below 75 deg - REVIEW, the channel cannot be benched",purpose-made chamber with a swept/curved channel. NOT a bend chamber: the user refused that on 2026-08-20 (~200 chambers for no construction benefit)
N0031526,P0-M-MH31526,453072.949,2574805.902,main,junction,69.25,E0032266,E0030767,2,"below 75 deg - REVIEW, the channel cannot be benched",purpose-made chamber with a swept/curved channel. NOT a bend chamber: the user refused that on 2026-08-20 (~200 chambers for no construction benefit)
N0049466,P0-M-MH49466,444218.29,2569355.074,main,junction,69.31,E0048812,E0048707,2,"below 75 deg - REVIEW, the channel cannot be benched",purpose-made chamber with a swept/curved channel. NOT a bend chamber: the user refused that on 2026-08-20 (~200 chambers for no construction benefit)
N0000732,P0-SM-MH0732,457514.195,2568629.243,sub main,chamber,69.33,E0000664,E0000665,1,"below 75 deg - REVIEW, the channel cannot be benched",purpose-made chamber with a swept/curved channel. NOT a bend chamber: the user refused that on 2026-08-20 (~200 chambers for no construction benefit)
N0016516,P0-L-MH16516,458587.54,2569713.734,lateral,junction,69.34,E0017327,E0015757,2,"below 75 deg - REVIEW, the channel cannot be benched",purpose-made chamber with a swept/curved channel. NOT a bend chamber: the user refused that on 2026-08-20 (~200 chambers for no construction benefit)
N0031231,P0-SM-MH31231,460200.473,2570669.692,sub main,junction,69.36,E0031988,E0030472,2,"below 75 deg - REVIEW, the channel cannot be benched",purpose-made chamber with a swept/curved channel. NOT a bend chamber: the user refused that on 2026-08-20 (~200 chambers for no construction benefit)
N0015504,P0-M-MH15504,465114.674,2566866.421,main,junction,69.41,E0016439,E0014745,2,"below 75 deg - REVIEW, the channel cannot be benched",purpose-made chamber with a swept/curved channel. NOT a bend chamber: the user refused that on 2026-08-20 (~200 chambers for no construction benefit)
N0036285,P0-M-MH36285,446122.646,2573036.493,main,junction,69.44,E0036935,E0035526,2,"below 75 deg - REVIEW, the channel cannot be benched",purpose-made chamber with a swept/curved channel. NOT a bend chamber: the user refused that on 2026-08-20 (~200 chambers for no construction benefit)
N0040542,P0-M-MH40542,459696.586,2576568.307,main,junction,69.47,E0040700,E0039783,2,"below 75 deg - REVIEW, the channel cannot be benched",purpose-made chamber with a swept/curved channel. NOT a bend chamber: the user refused that on 2026-08-20 (~200 chambers for no construction benefit)
N0025488,P0-M-MH25488,447874.605,2571035.013,main,junction,69.47,E0026474,E0024729,2,"below 75 deg - REVIEW, the channel cannot be benched",purpose-made chamber with a swept/curved channel. NOT a bend chamber: the user refused that on 2026-08-20 (~200 chambers for no construction benefit)
N0011398,P0-M-MH11398,455504.371,2569354.648,main,junction,69.52,E0012431,E0010639,2,"below 75 deg - REVIEW, the channel cannot be benched",purpose-made chamber with a swept/curved channel. NOT a bend chamber: the user refused that on 2026-08-20 (~200 chambers for no construction benefit)
N0036737,P0-M-MH36737,448294.656,2564099.458,main,junction,69.55,E0037326,E0035978,2,"below 75 deg - REVIEW, the channel cannot be benched",purpose-made chamber with a swept/curved channel. NOT a bend chamber: the user refused that on 2026-08-20 (~200 chambers for no construction benefit)
N0015820,P0-SM-MH15820,464185.648,2577247.816,sub main,junction,69.57,E0017034,E0015061,3,"below 75 deg - REVIEW, the channel cannot be benched",purpose-made chamber with a swept/curved channel. NOT a bend chamber: the user refused that on 2026-08-20 (~200 chambers for no construction benefit)
N0044938,P0-L-MH44938,449614.915,2572668.595,lateral,junction,69.6,E0044678,E0044179,2,"below 75 deg - REVIEW, the channel cannot be benched",purpose-made chamber with a swept/curved channel. NOT a bend chamber: the user refused that on 2026-08-20 (~200 chambers for no construction benefit)
N0035031,P0-TM-MH35031,469018.777,2575316.822,trunk main,junction,69.6,E0035718,E0034272,3,"below 75 deg - REVIEW, the channel cannot be benched",purpose-made chamber with a swept/curved channel. NOT a bend chamber: the user refused that on 2026-08-20 (~200 chambers for no construction benefit)
N0041320,P0-M-MH41320,445800.391,2565744.715,main,junction,69.62,E0041522,E0040561,2,"below 75 deg - REVIEW, the channel cannot be benched",purpose-made chamber with a swept/curved channel. NOT a bend chamber: the user refused that on 2026-08-20 (~200 chambers for no construction benefit)
N0022314,P0-M-MH22314,465009.963,2578537.734,main,junction,69.64,E0023445,E0021555,2,"below 75 deg - REVIEW, the channel cannot be benched",purpose-made chamber with a swept/curved channel. NOT a bend chamber: the user refused that on 2026-08-20 (~200 chambers for no construction benefit)
N0006320,P0-L-MH6320,444834.532,2567741.611,lateral,junction,69.69,E0008184,E0005561,2,"below 75 deg - REVIEW, the channel cannot be benched",purpose-made chamber with a swept/curved channel. NOT a bend chamber: the user refused that on 2026-08-20 (~200 chambers for no construction benefit)
N0031776,P0-M-MH31776,446928.174,2572818.902,main,junction,69.72,E0032548,E0031017,2,"below 75 deg - REVIEW, the channel cannot be benched",purpose-made chamber with a swept/curved channel. NOT a bend chamber: the user refused that on 2026-08-20 (~200 chambers for no construction benefit)
N0008777,P0-TM-MH8777,453887.262,2574467.316,trunk main,junction,69.77,E0010071,E0008018,2,"below 75 deg - REVIEW, the channel cannot be benched",purpose-made chamber with a swept/curved channel. NOT a bend chamber: the user refused that on 2026-08-20 (~200 chambers for no construction benefit)
N0048447,P0-SM-MH48447,454103.717,2578002.401,sub main,junction,69.81,E0047809,E0047688,2,"below 75 deg - REVIEW, the channel cannot be benched",purpose-made chamber with a swept/curved channel. NOT a bend chamber: the user refused that on 2026-08-20 (~200 chambers for no construction benefit)
N0023542,P0-L-MH23542,447417.134,2572498.173,lateral,chamber,69.81,E0024440,E0022783,1,"below 75 deg - REVIEW, the channel cannot be benched",purpose-made chamber with a swept/curved channel. NOT a bend chamber: the user refused that on 2026-08-20 (~200 chambers for no construction benefit)
N0023925,P0-M-MH23925,474868.907,2574700.27,main,junction,69.81,E0024916,E0023166,2,"below 75 deg - REVIEW, the channel cannot be benched",purpose-made chamber with a swept/curved channel. NOT a bend chamber: the user refused that on 2026-08-20 (~200 chambers for no construction benefit)
N0024989,P0-M-MH24989,462080.272,2579766.363,main,junction,69.85,E0026034,E0024230,2,"below 75 deg - REVIEW, the channel cannot be benched",purpose-made chamber with a swept/curved channel. NOT a bend chamber: the user refused that on 2026-08-20 (~200 chambers for no construction benefit)
N0033406,P0-L-MH33406,468280.798,2565530.628,lateral,junction,69.87,E0034156,E0032647,2,"below 75 deg - REVIEW, the channel cannot be benched",purpose-made chamber with a swept/curved channel. NOT a bend chamber: the user refused that on 2026-08-20 (~200 chambers for no construction benefit)
N0010713,P0-M-MH10713,476876.024,2575527.496,main,junction,69.89,E0011606,E0009954,2,"below 75 deg - REVIEW, the channel cannot be benched",purpose-made chamber with a swept/curved channel. NOT a bend chamber: the user refused that on 2026-08-20 (~200 chambers for no construction benefit)
N0049347,P0-L-MH49347,453951.717,2578314.401,lateral,junction,69.93,E0048685,E0048588,2,"below 75 deg - REVIEW, the channel cannot be benched",purpose-made chamber with a swept/curved channel. NOT a bend chamber: the user refused that on 2026-08-20 (~200 chambers for no construction benefit)
N0043473,P0-SM-MH43473,454422.961,2576698.288,sub main,junction,69.93,E0043361,E0042714,2,"below 75 deg - REVIEW, the channel cannot be benched",purpose-made chamber with a swept/curved channel. NOT a bend chamber: the user refused that on 2026-08-20 (~200 chambers for no construction benefit)
N0040963,P0-L-MH40963,456658.183,2568518.263,lateral,junction,69.96,E0041162,E0040204,2,"below 75 deg - REVIEW, the channel cannot be benched",purpose-made chamber with a swept/curved channel. NOT a bend chamber: the user refused that on 2026-08-20 (~200 chambers for no construction benefit)
N0031467,P0-M-MH31467,462172.935,2576182.365,main,junction,69.97,E0032192,E0030708,2,"below 75 deg - REVIEW, the channel cannot be benched",purpose-made chamber with a swept/curved channel. NOT a bend chamber: the user refused that on 2026-08-20 (~200 chambers for no construction benefit)
N0038869,P0-M-MH38869,451693.253,2565329.03,main,junction,69.97,E0039225,E0038110,2,"below 75 deg - REVIEW, the channel cannot be benched",purpose-made chamber with a swept/curved channel. NOT a bend chamber: the user refused that on 2026-08-20 (~200 chambers for no construction benefit)
N0040821,P0-M-MH40821,442155.598,2565368.395,main,junction,69.99,E0041024,E0040062,2,"below 75 deg - REVIEW, the channel cannot be benched",purpose-made chamber with a swept/curved channel. NOT a bend chamber: the user refused that on 2026-08-20 (~200 chambers for no construction benefit)
N0044177,P0-L-MH44177,451829.203,2576643.227,lateral,junction,69.99,E0044010,E0043418,2,"below 75 deg - REVIEW, the channel cannot be benched",purpose-made chamber with a swept/curved channel. NOT a bend chamber: the user refused that on 2026-08-20 (~200 chambers for no construction benefit)
N0032672,P0-L-MH32672,447985.549,2569775.851,lateral,chamber,70.0,E0031912,E0031913,1,"below 75 deg - REVIEW, the channel cannot be benched",purpose-made chamber with a swept/curved channel. NOT a bend chamber: the user refused that on 2026-08-20 (~200 chambers for no construction benefit)
N0048152,P0-M-MH48152,447242.011,2568871.852,main,junction,70.01,E0047486,E0047393,2,"below 75 deg - REVIEW, the channel cannot be benched",purpose-made chamber with a swept/curved channel. NOT a bend chamber: the user refused that on 2026-08-20 (~200 chambers for no construction benefit)
N0019160,P0-M-MH19160,449528.887,2569765.792,main,junction,70.01,E0019907,E0018401,2,"below 75 deg - REVIEW, the channel cannot be benched",purpose-made chamber with a swept/curved channel. NOT a bend chamber: the user refused that on 2026-08-20 (~200 chambers for no construction benefit)
N0010966,P0-SM-MH10966,463167.831,2578196.711,sub main,chamber,70.07,E0010206,E0010207,1,"below 75 deg - REVIEW, the channel cannot be benched",purpose-made chamber with a swept/curved channel. NOT a bend chamber: the user refused that on 2026-08-20 (~200 chambers for no construction benefit)
N0044745,P0-M-MH44745,453866.197,2574726.756,main,junction,70.14,E0044555,E0043986,2,"below 75 deg - REVIEW, the channel cannot be benched",purpose-made chamber with a swept/curved channel. NOT a bend chamber: the user refused that on 2026-08-20 (~200 chambers for no construction benefit)
N0028269,P0-L-MH28269,460967.522,2577525.637,lateral,junction,70.16,E0029048,E0027510,2,"below 75 deg - REVIEW, the channel cannot be benched",purpose-made chamber with a swept/curved channel. NOT a bend chamber: the user refused that on 2026-08-20 (~200 chambers for no construction benefit)
N0030045,P0-SM-MH30045,451376.436,2566657.253,sub main,junction,70.21,E0030871,E0029286,2,"below 75 deg - REVIEW, the channel cannot be benched",purpose-made chamber with a swept/curved channel. NOT a bend chamber: the user refused that on 2026-08-20 (~200 chambers for no construction benefit)
N0044844,P0-M-MH44844,456704.183,2567936.263,main,junction,70.31,E0044645,E0044085,2,"below 75 deg - REVIEW, the channel cannot be benched",purpose-made chamber with a swept/curved channel. NOT a bend chamber: the user refused that on 2026-08-20 (~200 chambers for no construction benefit)
N0046164,P0-M-MH46164,456683.183,2567781.263,main,junction,70.31,E0045753,E0045405,2,"below 75 deg - REVIEW, the channel cannot be benched",purpose-made chamber with a swept/curved channel. NOT a bend chamber: the user refused that on 2026-08-20 (~200 chambers for no construction benefit)
N0047950,P0-L-MH47950,456590.183,2567951.263,lateral,junction,70.31,E0047320,E0047191,2,"below 75 deg - REVIEW, the channel cannot be benched",purpose-made chamber with a swept/curved channel. NOT a bend chamber: the user refused that on 2026-08-20 (~200 chambers for no construction benefit)
N0024650,P0-M-MH24650,451406.509,2568568.779,main,chamber,70.34,E0023890,E0023891,1,"below 75 deg - REVIEW, the channel cannot be benched",purpose-made chamber with a swept/curved channel. NOT a bend chamber: the user refused that on 2026-08-20 (~200 chambers for no construction benefit)
N0021599,P0-L-MH21599,457121.183,2568035.263,lateral,junction,70.34,E0022658,E0020840,2,"below 75 deg - REVIEW, the channel cannot be benched",purpose-made chamber with a swept/curved channel. NOT a bend chamber: the user refused that on 2026-08-20 (~200 chambers for no construction benefit)
N0027966,P0-M-MH27966,447224.748,2562531.954,main,junction,70.39,E0028672,E0027207,3,"below 75 deg - REVIEW, the channel cannot be benched",purpose-made chamber with a swept/curved channel. NOT a bend chamber: the user refused that on 2026-08-20 (~200 chambers for no construction benefit)
N0044636,P0-M-MH44636,441817.073,2565188.211,main,junction,70.41,E0044433,E0043877,2,"below 75 deg - REVIEW, the channel cannot be benched",purpose-made chamber with a swept/curved channel. NOT a bend chamber: the user refused that on 2026-08-20 (~200 chambers for no construction benefit)
N0017664,P0-M-MH17664,449599.937,2570259.139,main,junction,70.51,E0018500,E0016905,2,"below 75 deg - REVIEW, the channel cannot be benched",purpose-made chamber with a swept/curved channel. NOT a bend chamber: the user refused that on 2026-08-20 (~200 chambers for no construction benefit)
N0038958,P0-M-MH38958,449491.127,2572341.005,main,junction,70.52,E0039332,E0038199,2,"below 75 deg - REVIEW, the channel cannot be benched",purpose-made chamber with a swept/curved channel. NOT a bend chamber: the user refused that on 2026-08-20 (~200 chambers for no construction benefit)
N0049632,P0-L-MH49632,444239.29,2569195.074,lateral,junction,70.52,E0048919,E0048873,2,"below 75 deg - REVIEW, the channel cannot be benched",purpose-made chamber with a swept/curved channel. NOT a bend chamber: the user refused that on 2026-08-20 (~200 chambers for no construction benefit)
N0001891,P0-M-MH1891,470858.037,2564473.078,main,junction,70.54,E0006691,E0001728,2,"below 75 deg - REVIEW, the channel cannot be benched",purpose-made chamber with a swept/curved channel. NOT a bend chamber: the user refused that on 2026-08-20 (~200 chambers for no construction benefit)
N0041952,P0-M-MH41952,459497.34,2567041.628,main,junction,70.54,E0042080,E0041193,2,"below 75 deg - REVIEW, the channel cannot be benched",purpose-made chamber with a swept/curved channel. NOT a bend chamber: the user refused that on 2026-08-20 (~200 chambers for no construction benefit)
N0021565,P0-M-MH21565,455663.371,2569505.648,main,junction,70.55,E0022635,E0020806,2,"below 75 deg - REVIEW, the channel cannot be benched",purpose-made chamber with a swept/curved channel. NOT a bend chamber: the user refused that on 2026-08-20 (~200 chambers for no construction benefit)
N0025454,P0-M-MH25454,447753.605,2570793.013,main,junction,70.55,E0026443,E0024695,2,"below 75 deg - REVIEW, the channel cannot be benched",purpose-made chamber with a swept/curved channel. NOT a bend chamber: the user refused that on 2026-08-20 (~200 chambers for no construction benefit)
N0046414,P0-M-MH46414,447304.673,2567821.557,main,junction,70.56,E0046018,E0045655,2,"below 75 deg - REVIEW, the channel cannot be benched",purpose-made chamber with a swept/curved channel. NOT a bend chamber: the user refused that on 2026-08-20 (~200 chambers for no construction benefit)
N0044748,P0-M-MH44748,453847.847,2574740.882,main,chamber,70.56,E0043988,E0043989,1,"below 75 deg - REVIEW, the channel cannot be benched",purpose-made chamber with a swept/curved channel. NOT a bend chamber: the user refused that on 2026-08-20 (~200 chambers for no construction benefit)
N0021544,P0-SM-MH21544,450665.196,2566180.655,sub main,junction,70.56,E0022629,E0020785,2,"below 75 deg - REVIEW, the channel cannot be benched",purpose-made chamber with a swept/curved channel. NOT a bend chamber: the user refused that on 2026-08-20 (~200 chambers for no construction benefit)
N0000482,P0-TM-MH0482,453641.089,2574110.795,trunk main,junction,70.6,E0005527,E0000452,3,"below 75 deg - REVIEW, the channel cannot be benched",purpose-made chamber with a swept/curved channel. NOT a bend chamber: the user refused that on 2026-08-20 (~200 chambers for no construction benefit)
N0040123,P0-M-MH40123,446576.174,2572684.902,main,junction,70.65,E0040369,E0039364,2,"below 75 deg - REVIEW, the channel cannot be benched",purpose-made chamber with a swept/curved channel. NOT a bend chamber: the user refused that on 2026-08-20 (~200 chambers for no construction benefit)
N0013685,P0-L-MH13685,465011.674,2566613.421,lateral,chamber,70.74,E0012925,E0012926,1,"below 75 deg - REVIEW, the channel cannot be benched",purpose-made chamber with a swept/curved channel. NOT a bend chamber: the user refused that on 2026-08-20 (~200 chambers for no construction benefit)
N0017106,P0-SM-MH17106,448209.605,2571005.013,sub main,junction,70.76,E0017909,E0016347,2,"below 75 deg - REVIEW, the channel cannot be benched",purpose-made chamber with a swept/curved channel. NOT a bend chamber: the user refused that on 2026-08-20 (~200 chambers for no construction benefit)
N0039516,P0-M-MH39516,454867.908,2570770.446,main,junction,70.78,E0039864,E0038757,2,"below 75 deg - REVIEW, the channel cannot be benched",purpose-made chamber with a swept/curved channel. NOT a bend chamber: the user refused that on 2026-08-20 (~200 chambers for no construction benefit)
N0027228,P0-L-MH27228,447886.605,2571013.013,lateral,junction,70.85,E0028064,E0026469,2,"below 75 deg - REVIEW, the channel cannot be benched",purpose-made chamber with a swept/curved channel. NOT a bend chamber: the user refused that on 2026-08-20 (~200 chambers for no construction benefit)
N0034721,P0-M-MH34721,457487.226,2568489.557,main,junction,70.88,E0035407,E0033962,2,"below 75 deg - REVIEW, the channel cannot be benched",purpose-made chamber with a swept/curved channel. NOT a bend chamber: the user refused that on 2026-08-20 (~200 chambers for no construction benefit)
N0015089,P0-L-MH15089,446741.883,2558581.149,lateral,junction,70.89,E0016074,E0014330,2,"below 75 deg - REVIEW, the channel cannot be benched",purpose-made chamber with a swept/curved channel. NOT a bend chamber: the user refused that on 2026-08-20 (~200 chambers for no construction benefit)
N0041846,P0-M-MH41846,454034.931,2576540.729,main,junction,70.9,E0041980,E0041087,2,"below 75 deg - REVIEW, the channel cannot be benched",purpose-made chamber with a swept/curved channel. NOT a bend chamber: the user refused that on 2026-08-20 (~200 chambers for no construction benefit)
N0018615,P0-L-MH18615,470001.741,2564719.676,lateral,junction,70.9,E0019469,E0017856,2,"below 75 deg - REVIEW, the channel cannot be benched",purpose-made chamber with a swept/curved channel. NOT a bend chamber: the user refused that on 2026-08-20 (~200 chambers for no construction benefit)
N0039035,P0-M-MH39035,465545.674,2566805.421,main,junction,70.92,E0039376,E0038276,2,"below 75 deg - REVIEW, the channel cannot be benched",purpose-made chamber with a swept/curved channel. NOT a bend chamber: the user refused that on 2026-08-20 (~200 chambers for no construction benefit)
N0006014,P0-TM-MH6014,445108.696,2563283.501,trunk main,junction,70.95,E0008150,E0005255,3,"below 75 deg - REVIEW, the channel cannot be benched",purpose-made chamber with a swept/curved channel. NOT a bend chamber: the user refused that on 2026-08-20 (~200 chambers for no construction benefit)
N0010581,P0-TM-MH10581,454131.679,2575214.581,trunk main,junction,70.95,E0011709,E0009822,2,"below 75 deg - REVIEW, the channel cannot be benched",purpose-made chamber with a swept/curved channel. NOT a bend chamber: the user refused that on 2026-08-20 (~200 chambers for no construction benefit)
N0019633,P0-L-MH19633,462151.235,2577524.169,lateral,junction,70.98,E0020494,E0018874,3,"below 75 deg - REVIEW, the channel cannot be benched",purpose-made chamber with a swept/curved channel. NOT a bend chamber: the user refused that on 2026-08-20 (~200 chambers for no construction benefit)
N0034652,P0-L-MH34652,449959.447,2566820.656,lateral,junction,70.99,E0035335,E0033893,2,"below 75 deg - REVIEW, the channel cannot be benched",purpose-made chamber with a swept/curved channel. NOT a bend chamber: the user refused that on 2026-08-20 (~200 chambers for no construction benefit)
N0049994,P0-M-MH49994,442704.797,2570119.696,main,junction,71.02,E0049240,E0049235,2,"below 75 deg - REVIEW, the channel cannot be benched",purpose-made chamber with a swept/curved channel. NOT a bend chamber: the user refused that on 2026-08-20 (~200 chambers for no construction benefit)
N0041422,P0-L-MH41422,460498.017,2569796.908,lateral,junction,71.12,E0041578,E0040663,2,"below 75 deg - REVIEW, the channel cannot be benched",purpose-made chamber with a swept/curved channel. NOT a bend chamber: the user refused that on 2026-08-20 (~200 chambers for no construction benefit)
N0038180,P0-L-MH38180,460854.017,2569808.908,lateral,junction,71.12,E0038644,E0037421,2,"below 75 deg - REVIEW, the channel cannot be benched",purpose-made chamber with a swept/curved channel. NOT a bend chamber: the user refused that on 2026-08-20 (~200 chambers for no construction benefit)
N0019001,P0-M-MH19001,460789.103,2578698.245,main,chamber,71.13,E0018241,E0018242,1,"below 75 deg - REVIEW, the channel cannot be benched",purpose-made chamber with a swept/curved channel. NOT a bend chamber: the user refused that on 2026-08-20 (~200 chambers for no construction benefit)
N0020033,P0-M-MH20033,457939.316,2567004.276,main,junction,71.13,E0020884,E0019274,2,"below 75 deg - REVIEW, the channel cannot be benched",purpose-made chamber with a swept/curved channel. NOT a bend chamber: the user refused that on 2026-08-20 (~200 chambers for no construction benefit)
N0025257,P0-M-MH25257,448963.967,2572301.89,main,junction,71.19,E0026235,E0024498,2,"below 75 deg - REVIEW, the channel cannot be benched",purpose-made chamber with a swept/curved channel. NOT a bend chamber: the user refused that on 2026-08-20 (~200 chambers for no construction benefit)
N0029769,P0-L-MH29769,462403.235,2577357.169,lateral,junction,71.25,E0030698,E0029010,3,"below 75 deg - REVIEW, the channel cannot be benched",purpose-made chamber with a swept/curved channel. NOT a bend chamber: the user refused that on 2026-08-20 (~200 chambers for no construction benefit)
N0016823,P0-SM-MH16823,447424.222,2558681.3,sub main,junction,71.25,E0017728,E0016064,2,"below 75 deg - REVIEW, the channel cannot be benched",purpose-made chamber with a swept/curved channel. NOT a bend chamber: the user refused that on 2026-08-20 (~200 chambers for no construction benefit)
N0038772,P0-L-MH38772,457234.226,2568311.557,lateral,junction,71.29,E0039095,E0038013,2,"below 75 deg - REVIEW, the channel cannot be benched",purpose-made chamber with a swept/curved channel. NOT a bend chamber: the user refused that on 2026-08-20 (~200 chambers for no construction benefit)
N0037379,P0-M-MH37379,462805.935,2575437.365,main,junction,71.29,E0037837,E0036620,2,"below 75 deg - REVIEW, the channel cannot be benched",purpose-made chamber with a swept/curved channel. NOT a bend chamber: the user refused that on 2026-08-20 (~200 chambers for no construction benefit)
N0043819,P0-L-MH43819,459935.586,2576781.307,lateral,junction,71.29,E0043659,E0043060,2,"below 75 deg - REVIEW, the channel cannot be benched",purpose-made chamber with a swept/curved channel. NOT a bend chamber: the user refused that on 2026-08-20 (~200 chambers for no construction benefit)
N0003959,P0-L-MH3959,460780.35,2577049.58,lateral,chamber,71.33,E0003498,E0003499,1,"below 75 deg - REVIEW, the channel cannot be benched",purpose-made chamber with a swept/curved channel. NOT a bend chamber: the user refused that on 2026-08-20 (~200 chambers for no construction benefit)
N0042488,P0-SM-MH42488,448340.791,2567712.318,sub main,junction,71.34,E0042521,E0041729,2,"below 75 deg - REVIEW, the channel cannot be benched",purpose-made chamber with a swept/curved channel. NOT a bend chamber: the user refused that on 2026-08-20 (~200 chambers for no construction benefit)
N0001423,P0-L-MH1423,463699.521,2566489.923,lateral,chamber,71.35,E0001311,E0001312,1,"below 75 deg - REVIEW, the channel cannot be benched",purpose-made chamber with a swept/curved channel. NOT a bend chamber: the user refused that on 2026-08-20 (~200 chambers for no construction benefit)
N0025041,P0-SM-MH25041,457115.183,2568177.263,sub main,junction,71.45,E0026089,E0024282,2,"below 75 deg - REVIEW, the channel cannot be benched",purpose-made chamber with a swept/curved channel. NOT a bend chamber: the user refused that on 2026-08-20 (~200 chambers for no construction benefit)
N0015403,P0-SM-MH15403,448254.605,2570923.013,sub main,junction,71.46,E0016350,E0014644,2,"below 75 deg - REVIEW, the channel cannot be benched",purpose-made chamber with a swept/curved channel. NOT a bend chamber: the user refused that on 2026-08-20 (~200 chambers for no construction benefit)
N0002715,P0-L-MH2715,449634.507,2570811.164,lateral,chamber,71.46,E0002428,E0002429,1,"below 75 deg - REVIEW, the channel cannot be benched",purpose-made chamber with a swept/curved channel. NOT a bend chamber: the user refused that on 2026-08-20 (~200 chambers for no construction benefit)
N0039253,P0-L-MH39253,450643.335,2568631.82,lateral,junction,71.48,E0039551,E0038494,3,"below 75 deg - REVIEW, the channel cannot be benched",purpose-made chamber with a swept/curved channel. NOT a bend chamber: the user refused that on 2026-08-20 (~200 chambers for no construction benefit)
N0021962,P0-M-MH21962,460585.922,2567240.054,main,junction,71.48,E0023057,E0021203,2,"below 75 deg - REVIEW, the channel cannot be benched",purpose-made chamber with a swept/curved channel. NOT a bend chamber: the user refused that on 2026-08-20 (~200 chambers for no construction benefit)
N0024290,P0-L-MH24290,449651.849,2569140.455,lateral,junction,71.5,E0025465,E0023531,2,"below 75 deg - REVIEW, the channel cannot be benched",purpose-made chamber with a swept/curved channel. NOT a bend chamber: the user refused that on 2026-08-20 (~200 chambers for no construction benefit)
N0040926,P0-M-MH40926,453614.271,2574425.208,main,junction,71.54,E0041111,E0040167,2,"below 75 deg - REVIEW, the channel cannot be benched",purpose-made chamber with a swept/curved channel. NOT a bend chamber: the user refused that on 2026-08-20 (~200 chambers for no construction benefit)
N0015239,P0-SM-MH15239,448842.833,2571894.566,sub main,chamber,71.55,E0014479,E0014480,1,"below 75 deg - REVIEW, the channel cannot be benched",purpose-made chamber with a swept/curved channel. NOT a bend chamber: the user refused that on 2026-08-20 (~200 chambers for no construction benefit)
N0037743,P0-M-MH37743,448726.17,2572555.507,main,junction,71.56,E0038197,E0036984,2,"below 75 deg - REVIEW, the channel cannot be benched",purpose-made chamber with a swept/curved channel. NOT a bend chamber: the user refused that on 2026-08-20 (~200 chambers for no construction benefit)
N0038859,P0-M-MH38859,451843.552,2563994.95,main,junction,71.56,E0039197,E0038100,2,"below 75 deg - REVIEW, the channel cannot be benched",purpose-made chamber with a swept/curved channel. NOT a bend chamber: the user refused that on 2026-08-20 (~200 chambers for no construction benefit)
N0007996,P0-M-MH7996,463301.748,2566085.732,main,junction,71.56,E0009689,E0007237,2,"below 75 deg - REVIEW, the channel cannot be benched",purpose-made chamber with a swept/curved channel. NOT a bend chamber: the user refused that on 2026-08-20 (~200 chambers for no construction benefit)
N0040374,P0-L-MH40374,465642.217,2578084.321,lateral,junction,71.56,E0040587,E0039615,3,"below 75 deg - REVIEW, the channel cannot be benched",purpose-made chamber with a swept/curved channel. NOT a bend chamber: the user refused that on 2026-08-20 (~200 chambers for no construction benefit)
N0019224,P0-L-MH19224,470336.851,2574834.664,lateral,junction,71.56,E0019997,E0018465,2,"below 75 deg - REVIEW, the channel cannot be benched",purpose-made chamber with a swept/curved channel. NOT a bend chamber: the user refused that on 2026-08-20 (~200 chambers for no construction benefit)
N0018316,P0-M-MH18316,455554.371,2569481.648,main,junction,71.56,E0019224,E0017557,2,"below 75 deg - REVIEW, the channel cannot be benched",purpose-made chamber with a swept/curved channel. NOT a bend chamber: the user refused that on 2026-08-20 (~200 chambers for no construction benefit)
N0018556,P0-SM-MH18556,450173.843,2571558.405,sub main,junction,71.63,E0019405,E0017797,2,"below 75 deg - REVIEW, the channel cannot be benched",purpose-made chamber with a swept/curved channel. NOT a bend chamber: the user refused that on 2026-08-20 (~200 chambers for no construction benefit)
N0040025,P0-L-MH40025,448693.329,2573745.057,lateral,junction,71.64,E0040289,E0039266,2,"below 75 deg - REVIEW, the channel cannot be benched",purpose-made chamber with a swept/curved channel. NOT a bend chamber: the user refused that on 2026-08-20 (~200 chambers for no construction benefit)
N0033339,P0-M-MH33339,447411.549,2572916.71,main,junction,71.64,E0034111,E0032580,2,"below 75 deg - REVIEW, the channel cannot be benched",purpose-made chamber with a swept/curved channel. NOT a bend chamber: the user refused that on 2026-08-20 (~200 chambers for no construction benefit)
N0024415,P0-SM-MH24415,459651.268,2569766.864,sub main,junction,71.68,E0025355,E0023656,2,"below 75 deg - REVIEW, the channel cannot be benched",purpose-made chamber with a swept/curved channel. NOT a bend chamber: the user refused that on 2026-08-20 (~200 chambers for no construction benefit)
N0013317,P0-L-MH13317,448998.605,2570934.013,lateral,junction,71.7,E0014339,E0012558,2,"below 75 deg - REVIEW, the channel cannot be benched",purpose-made chamber with a swept/curved channel. NOT a bend chamber: the user refused that on 2026-08-20 (~200 chambers for no construction benefit)
N0018955,P0-M-MH18955,474833.907,2574821.27,main,junction,71.7,E0019753,E0018196,2,"below 75 deg - REVIEW, the channel cannot be benched",purpose-made chamber with a swept/curved channel. NOT a bend chamber: the user refused that on 2026-08-20 (~200 chambers for no construction benefit)
N0031595,P0-L-MH31595,462142.272,2580318.363,lateral,junction,71.7,E0032311,E0030836,2,"below 75 deg - REVIEW, the channel cannot be benched",purpose-made chamber with a swept/curved channel. NOT a bend chamber: the user refused that on 2026-08-20 (~200 chambers for no construction benefit)
N0018264,P0-L-MH18264,452502.811,2574063.798,lateral,chamber,71.7,E0019117,E0017505,1,"below 75 deg - REVIEW, the channel cannot be benched",purpose-made chamber with a swept/curved channel. NOT a bend chamber: the user refused that on 2026-08-20 (~200 chambers for no construction benefit)
N0041244,P0-L-MH41244,465799.026,2577574.228,lateral,junction,71.76,E0041470,E0040485,2,"below 75 deg - REVIEW, the channel cannot be benched",purpose-made chamber with a swept/curved channel. NOT a bend chamber: the user refused that on 2026-08-20 (~200 chambers for no construction benefit)
N0021264,P0-M-MH21264,444374.453,2567619.963,main,junction,71.77,E0022349,E0020505,2,"below 75 deg - REVIEW, the channel cannot be benched",purpose-made chamber with a swept/curved channel. NOT a bend chamber: the user refused that on 2026-08-20 (~200 chambers for no construction benefit)
N0048276,P0-M-MH48276,443885.695,2568323.318,main,junction,71.79,E0047637,E0047517,2,"below 75 deg - REVIEW, the channel cannot be benched",purpose-made chamber with a swept/curved channel. NOT a bend chamber: the user refused that on 2026-08-20 (~200 chambers for no construction benefit)
N0008886,P0-M-MH8886,469265.595,2574957.958,main,junction,71.8,E0010190,E0008127,2,"below 75 deg - REVIEW, the channel cannot be benched",purpose-made chamber with a swept/curved channel. NOT a bend chamber: the user refused that on 2026-08-20 (~200 chambers for no construction benefit)
N0006416,P0-M-MH6416,475689.024,2575149.496,main,junction,71.8,E0008252,E0005657,2,"below 75 deg - REVIEW, the channel cannot be benched",purpose-made chamber with a swept/curved channel. NOT a bend chamber: the user refused that on 2026-08-20 (~200 chambers for no construction benefit)
N0021852,P0-L-MH21852,454586.022,2567057.503,lateral,chamber,71.81,E0021092,E0021093,1,"below 75 deg - REVIEW, the channel cannot be benched",purpose-made chamber with a swept/curved channel. NOT a bend chamber: the user refused that on 2026-08-20 (~200 chambers for no construction benefit)
N0027221,P0-L-MH27221,448128.605,2571436.013,lateral,junction,71.81,E0028050,E0026462,2,"below 75 deg - REVIEW, the channel cannot be benched",purpose-made chamber with a swept/curved channel. NOT a bend chamber: the user refused that on 2026-08-20 (~200 chambers for no construction benefit)
N0030427,P0-L-MH30427,446165.174,2571620.902,lateral,junction,71.81,E0031231,E0029668,2,"below 75 deg - REVIEW, the channel cannot be benched",purpose-made chamber with a swept/curved channel. NOT a bend chamber: the user refused that on 2026-08-20 (~200 chambers for no construction benefit)
N0025713,P0-M-MH25713,460614.14,2579164.969,main,junction,71.9,E0026702,E0024954,2,"below 75 deg - REVIEW, the channel cannot be benched",purpose-made chamber with a swept/curved channel. NOT a bend chamber: the user refused that on 2026-08-20 (~200 chambers for no construction benefit)
N0020986,P0-L-MH20986,449277.215,2570044.443,lateral,chamber,71.9,E0020226,E0020227,1,"below 75 deg - REVIEW, the channel cannot be benched",purpose-made chamber with a swept/curved channel. NOT a bend chamber: the user refused that on 2026-08-20 (~200 chambers for no construction benefit)
N0041158,P0-L-MH41158,469405.006,2575527.602,lateral,junction,71.9,E0041386,E0040399,2,"below 75 deg - REVIEW, the channel cannot be benched",purpose-made chamber with a swept/curved channel. NOT a bend chamber: the user refused that on 2026-08-20 (~200 chambers for no construction benefit)
N0016961,P0-M-MH16961,449368.095,2571876.446,main,junction,71.9,E0017770,E0016202,2,"below 75 deg - REVIEW, the channel cannot be benched",purpose-made chamber with a swept/curved channel. NOT a bend chamber: the user refused that on 2026-08-20 (~200 chambers for no construction benefit)
N0020483,P0-M-MH20483,459345.803,2578466.36,main,junction,71.94,E0021366,E0019724,2,"below 75 deg - REVIEW, the channel cannot be benched",purpose-made chamber with a swept/curved channel. NOT a bend chamber: the user refused that on 2026-08-20 (~200 chambers for no construction benefit)
N0009998,P0-L-MH9998,452827.734,2573348.349,lateral,junction,71.96,E0011027,E0009239,2,"below 75 deg - REVIEW, the channel cannot be benched",purpose-made chamber with a swept/curved channel. NOT a bend chamber: the user refused that on 2026-08-20 (~200 chambers for no construction benefit)
N0028557,P0-M-MH28557,446994.174,2572828.902,main,junction,71.99,E0029448,E0027798,2,"below 75 deg - REVIEW, the channel cannot be benched",purpose-made chamber with a swept/curved channel. NOT a bend chamber: the user refused that on 2026-08-20 (~200 chambers for no construction benefit)
N0008864,P0-M-MH8864,473651.066,2572122.209,main,junction,72.0,E0010482,E0008105,2,"below 75 deg - REVIEW, the channel cannot be benched",purpose-made chamber with a swept/curved channel. NOT a bend chamber: the user refused that on 2026-08-20 (~200 chambers for no construction benefit)
N0015478,P0-M-MH15478,462577.267,2567512.776,main,chamber,72.01,E0014718,E0014719,1,"below 75 deg - REVIEW, the channel cannot be benched",purpose-made chamber with a swept/curved channel. NOT a bend chamber: the user refused that on 2026-08-20 (~200 chambers for no construction benefit)
N0028792,P0-L-MH28792,447803.605,2570716.013,lateral,junction,72.01,E0029703,E0028033,2,"below 75 deg - REVIEW, the channel cannot be benched",purpose-made chamber with a swept/curved channel. NOT a bend chamber: the user refused that on 2026-08-20 (~200 chambers for no construction benefit)
N0032452,P0-L-MH32452,465786.074,2578460.434,lateral,junction,72.02,E0033118,E0031693,2,"below 75 deg - REVIEW, the channel cannot be benched",purpose-made chamber with a swept/curved channel. NOT a bend chamber: the user refused that on 2026-08-20 (~200 chambers for no construction benefit)
N0042101,P0-L-MH42101,446303.174,2572643.902,lateral,junction,72.02,E0042213,E0041342,2,"below 75 deg - REVIEW, the channel cannot be benched",purpose-made chamber with a swept/curved channel. NOT a bend chamber: the user refused that on 2026-08-20 (~200 chambers for no construction benefit)
N0034991,P0-SM-MH34991,446725.174,2572660.902,sub main,junction,72.02,E0035669,E0034232,2,"below 75 deg - REVIEW, the channel cannot be benched",purpose-made chamber with a swept/curved channel. NOT a bend chamber: the user refused that on 2026-08-20 (~200 chambers for no construction benefit)
N0041204,P0-M-MH41204,469103.298,2575697.832,main,junction,72.07,E0041428,E0040445,2,"below 75 deg - REVIEW, the channel cannot be benched",purpose-made chamber with a swept/curved channel. NOT a bend chamber: the user refused that on 2026-08-20 (~200 chambers for no construction benefit)
N0013384,P0-SM-MH13384,449527.249,2571382.756,sub main,junction,72.07,E0014432,E0012625,2,"below 75 deg - REVIEW, the channel cannot be benched",purpose-made chamber with a swept/curved channel. NOT a bend chamber: the user refused that on 2026-08-20 (~200 chambers for no construction benefit)
N0022030,P0-M-MH22030,465265.674,2567115.421,main,junction,72.13,E0023078,E0021271,2,"below 75 deg - REVIEW, the channel cannot be benched",purpose-made chamber with a swept/curved channel. NOT a bend chamber: the user refused that on 2026-08-20 (~200 chambers for no construction benefit)
N0028478,P0-SM-MH28478,457068.183,2568314.263,sub main,junction,72.14,E0029344,E0027719,2,"below 75 deg - REVIEW, the channel cannot be benched",purpose-made chamber with a swept/curved channel. NOT a bend chamber: the user refused that on 2026-08-20 (~200 chambers for no construction benefit)
N0000669,P0-SM-MH0669,443778.356,2568020.739,sub main,junction,72.16,E0005853,E0000602,2,"below 75 deg - REVIEW, the channel cannot be benched",purpose-made chamber with a swept/curved channel. NOT a bend chamber: the user refused that on 2026-08-20 (~200 chambers for no construction benefit)
N0039676,P0-M-MH39676,456990.822,2571262.46,main,chamber,72.17,E0038916,E0038917,1,"below 75 deg - REVIEW, the channel cannot be benched",purpose-made chamber with a swept/curved channel. NOT a bend chamber: the user refused that on 2026-08-20 (~200 chambers for no construction benefit)
N0040339,P0-L-MH40339,445789.769,2565390.388,lateral,junction,72.23,E0040557,E0039580,2,"below 75 deg - REVIEW, the channel cannot be benched",purpose-made chamber with a swept/curved channel. NOT a bend chamber: the user refused that on 2026-08-20 (~200 chambers for no construction benefit)
N0028221,P0-L-MH28221,462349.235,2577212.169,lateral,junction,72.25,E0029006,E0027462,2,"below 75 deg - REVIEW, the channel cannot be benched",purpose-made chamber with a swept/curved channel. NOT a bend chamber: the user refused that on 2026-08-20 (~200 chambers for no construction benefit)
N0013410,P0-M-MH13410,449147.618,2571270.249,main,junction,72.25,E0014459,E0012651,2,"below 75 deg - REVIEW, the channel cannot be benched",purpose-made chamber with a swept/curved channel. NOT a bend chamber: the user refused that on 2026-08-20 (~200 chambers for no construction benefit)
N0042909,P0-L-MH42909,449846.915,2573471.595,lateral,junction,72.25,E0042894,E0042150,2,"below 75 deg - REVIEW, the channel cannot be benched",purpose-made chamber with a swept/curved channel. NOT a bend chamber: the user refused that on 2026-08-20 (~200 chambers for no construction benefit)
N0036185,P0-M-MH36185,459065.34,2567258.628,main,junction,72.26,E0036890,E0035426,2,"below 75 deg - REVIEW, the channel cannot be benched",purpose-made chamber with a swept/curved channel. NOT a bend chamber: the user refused that on 2026-08-20 (~200 chambers for no construction benefit)
N0032949,P0-M-MH32949,462115.935,2576157.365,main,junction,72.26,E0033730,E0032190,2,"below 75 deg - REVIEW, the channel cannot be benched",purpose-made chamber with a swept/curved channel. NOT a bend chamber: the user refused that on 2026-08-20 (~200 chambers for no construction benefit)
N0014998,P0-SM-MH14998,450797.055,2565909.752,sub main,chamber,72.28,E0014238,E0014239,1,"below 75 deg - REVIEW, the channel cannot be benched",purpose-made chamber with a swept/curved channel. NOT a bend chamber: the user refused that on 2026-08-20 (~200 chambers for no construction benefit)
N0026368,P0-L-MH26368,455326.398,2573498.822,lateral,junction,72.28,E0027345,E0025609,2,"below 75 deg - REVIEW, the channel cannot be benched",purpose-made chamber with a swept/curved channel. NOT a bend chamber: the user refused that on 2026-08-20 (~200 chambers for no construction benefit)
N0049643,P0-M-MH49643,442801.797,2569481.696,main,junction,72.31,E0048921,E0048884,2,"below 75 deg - REVIEW, the channel cannot be benched",purpose-made chamber with a swept/curved channel. NOT a bend chamber: the user refused that on 2026-08-20 (~200 chambers for no construction benefit)
N0049797,P0-M-MH49797,442745.797,2569705.696,main,junction,72.31,E0049080,E0049038,2,"below 75 deg - REVIEW, the channel cannot be benched",purpose-made chamber with a swept/curved channel. NOT a bend chamber: the user refused that on 2026-08-20 (~200 chambers for no construction benefit)
N0006480,P0-L-MH6480,453364.4,2566674.2,lateral,chamber,72.36,E0005720,E0005721,1,"below 75 deg - REVIEW, the channel cannot be benched",purpose-made chamber with a swept/curved channel. NOT a bend chamber: the user refused that on 2026-08-20 (~200 chambers for no construction benefit)
N0025186,P0-L-MH25186,448699.605,2570594.013,lateral,junction,72.38,E0026176,E0024427,2,"below 75 deg - REVIEW, the channel cannot be benched",purpose-made chamber with a swept/curved channel. NOT a bend chamber: the user refused that on 2026-08-20 (~200 chambers for no construction benefit)
N0017551,P0-M-MH17551,454514.682,2573901.171,main,junction,72.44,E0018412,E0016792,2,"below 75 deg - REVIEW, the channel cannot be benched",purpose-made chamber with a swept/curved channel. NOT a bend chamber: the user refused that on 2026-08-20 (~200 chambers for no construction benefit)
N0034635,P0-L-MH34635,462596.272,2579637.363,lateral,junction,72.46,E0035322,E0033876,2,"below 75 deg - REVIEW, the channel cannot be benched",purpose-made chamber with a swept/curved channel. NOT a bend chamber: the user refused that on 2026-08-20 (~200 chambers for no construction benefit)
N0035667,P0-L-MH35667,458840.079,2576643.968,lateral,chamber,72.46,E0034907,E0034908,1,"below 75 deg - REVIEW, the channel cannot be benched",purpose-made chamber with a swept/curved channel. NOT a bend chamber: the user refused that on 2026-08-20 (~200 chambers for no construction benefit)
N0031135,P0-L-MH31135,465655.885,2576303.449,lateral,junction,72.46,E0031842,E0030376,2,"below 75 deg - REVIEW, the channel cannot be benched",purpose-made chamber with a swept/curved channel. NOT a bend chamber: the user refused that on 2026-08-20 (~200 chambers for no construction benefit)
N0038873,P0-L-MH38873,451698.552,2563606.95,lateral,junction,72.49,E0039203,E0038114,2,"below 75 deg - REVIEW, the channel cannot be benched",purpose-made chamber with a swept/curved channel. NOT a bend chamber: the user refused that on 2026-08-20 (~200 chambers for no construction benefit)
N0010527,P0-TM-MH10527,474066.243,2571809.223,trunk main,junction,72.5,E0012052,E0009768,3,"below 75 deg - REVIEW, the channel cannot be benched",purpose-made chamber with a swept/curved channel. NOT a bend chamber: the user refused that on 2026-08-20 (~200 chambers for no construction benefit)
N0047979,P0-SM-MH47979,446223.44,2568614.724,sub main,junction,72.55,E0047335,E0047220,2,"below 75 deg - REVIEW, the channel cannot be benched",purpose-made chamber with a swept/curved channel. NOT a bend chamber: the user refused that on 2026-08-20 (~200 chambers for no construction benefit)
N0022586,P0-M-MH22586,450769.099,2569661.582,main,junction,72.56,E0023469,E0021827,2,"below 75 deg - REVIEW, the channel cannot be benched",purpose-made chamber with a swept/curved channel. NOT a bend chamber: the user refused that on 2026-08-20 (~200 chambers for no construction benefit)
N0019551,P0-L-MH19551,450747.59,2568517.601,lateral,junction,72.59,E0020404,E0018792,2,"below 75 deg - REVIEW, the channel cannot be benched",purpose-made chamber with a swept/curved channel. NOT a bend chamber: the user refused that on 2026-08-20 (~200 chambers for no construction benefit)
N0046444,P0-M-MH46444,458326.833,2571388.347,main,junction,72.59,E0046040,E0045685,2,"below 75 deg - REVIEW, the channel cannot be benched",purpose-made chamber with a swept/curved channel. NOT a bend chamber: the user refused that on 2026-08-20 (~200 chambers for no construction benefit)
N0049683,P0-M-MH49683,442639.797,2569680.696,main,junction,72.59,E0048970,E0048924,2,"below 75 deg - REVIEW, the channel cannot be benched",purpose-made chamber with a swept/curved channel. NOT a bend chamber: the user refused that on 2026-08-20 (~200 chambers for no construction benefit)
N0045733,P0-L-MH45733,453936.133,2574753.983,lateral,junction,72.62,E0045327,E0044974,2,"below 75 deg - REVIEW, the channel cannot be benched",purpose-made chamber with a swept/curved channel. NOT a bend chamber: the user refused that on 2026-08-20 (~200 chambers for no construction benefit)
N0024736,P0-L-MH24736,462631.257,2578376.387,lateral,junction,72.63,E0025549,E0023977,2,"below 75 deg - REVIEW, the channel cannot be benched",purpose-made chamber with a swept/curved channel. NOT a bend chamber: the user refused that on 2026-08-20 (~200 chambers for no construction benefit)
N0024592,P0-SM-MH24592,459045.079,2577218.968,sub main,junction,72.66,E0025381,E0023833,2,"below 75 deg - REVIEW, the channel cannot be benched",purpose-made chamber with a swept/curved channel. NOT a bend chamber: the user refused that on 2026-08-20 (~200 chambers for no construction benefit)
N0047175,P0-L-MH47175,460355.522,2576593.637,lateral,junction,72.66,E0046608,E0046416,2,"below 75 deg - REVIEW, the channel cannot be benched",purpose-made chamber with a swept/curved channel. NOT a bend chamber: the user refused that on 2026-08-20 (~200 chambers for no construction benefit)
N0048913,P0-L-MH48913,447723.011,2569054.852,lateral,junction,72.66,E0048233,E0048154,2,"below 75 deg - REVIEW, the channel cannot be benched",purpose-made chamber with a swept/curved channel. NOT a bend chamber: the user refused that on 2026-08-20 (~200 chambers for no construction benefit)
N0045830,P0-M-MH45830,453661.717,2577791.401,main,junction,72.66,E0045369,E0045071,2,"below 75 deg - REVIEW, the channel cannot be benched",purpose-made chamber with a swept/curved channel. NOT a bend chamber: the user refused that on 2026-08-20 (~200 chambers for no construction benefit)
N0012765,P0-M-MH12765,443716.453,2567608.963,main,junction,72.66,E0013855,E0012006,2,"below 75 deg - REVIEW, the channel cannot be benched",purpose-made chamber with a swept/curved channel. NOT a bend chamber: the user refused that on 2026-08-20 (~200 chambers for no construction benefit)
N0047174,P0-M-MH47174,461219.837,2576226.135,main,junction,72.66,E0046604,E0046415,2,"below 75 deg - REVIEW, the channel cannot be benched",purpose-made chamber with a swept/curved channel. NOT a bend chamber: the user refused that on 2026-08-20 (~200 chambers for no construction benefit)
N0032497,P0-L-MH32497,449118.5,2570065.373,lateral,junction,72.71,E0033194,E0031738,2,"below 75 deg - REVIEW, the channel cannot be benched",purpose-made chamber with a swept/curved channel. NOT a bend chamber: the user refused that on 2026-08-20 (~200 chambers for no construction benefit)
N0045990,P0-L-MH45990,447944.401,2567896.442,lateral,junction,72.73,E0045599,E0045231,2,"below 75 deg - REVIEW, the channel cannot be benched",purpose-made chamber with a swept/curved channel. NOT a bend chamber: the user refused that on 2026-08-20 (~200 chambers for no construction benefit)
N0006054,P0-TM-MH6054,473646.784,2572118.921,trunk main,junction,72.75,E0008583,E0005295,3,"below 75 deg - REVIEW, the channel cannot be benched",purpose-made chamber with a swept/curved channel. NOT a bend chamber: the user refused that on 2026-08-20 (~200 chambers for no construction benefit)
N0033596,P0-L-MH33596,466294.174,2576485.652,lateral,junction,72.76,E0034338,E0032837,2,"below 75 deg - REVIEW, the channel cannot be benched",purpose-made chamber with a swept/curved channel. NOT a bend chamber: the user refused that on 2026-08-20 (~200 chambers for no construction benefit)
N0007727,P0-L-MH7727,452113.933,2572580.926,lateral,junction,72.76,E0009597,E0006968,2,"below 75 deg - REVIEW, the channel cannot be benched",purpose-made chamber with a swept/curved channel. NOT a bend chamber: the user refused that on 2026-08-20 (~200 chambers for no construction benefit)
N0021005,P0-SM-MH21005,453013.705,2571934.822,sub main,junction,72.77,E0022091,E0020246,2,"below 75 deg - REVIEW, the channel cannot be benched",purpose-made chamber with a swept/curved channel. NOT a bend chamber: the user refused that on 2026-08-20 (~200 chambers for no construction benefit)
N0042479,P0-M-MH42479,455274.744,2570473.667,main,junction,72.78,E0042541,E0041720,2,"below 75 deg - REVIEW, the channel cannot be benched",purpose-made chamber with a swept/curved channel. NOT a bend chamber: the user refused that on 2026-08-20 (~200 chambers for no construction benefit)
N0014451,P0-L-MH14451,453325.518,2566988.216,lateral,junction,72.83,E0015429,E0013692,2,"below 75 deg - REVIEW, the channel cannot be benched",purpose-made chamber with a swept/curved channel. NOT a bend chamber: the user refused that on 2026-08-20 (~200 chambers for no construction benefit)
N0021710,P0-M-MH21710,447163.174,2572458.902,main,junction,72.84,E0022769,E0020951,2,"below 75 deg - REVIEW, the channel cannot be benched",purpose-made chamber with a swept/curved channel. NOT a bend chamber: the user refused that on 2026-08-20 (~200 chambers for no construction benefit)
N0030952,P0-M-MH30952,460029.889,2569223.845,main,junction,72.84,E0031666,E0030193,2,"below 75 deg - REVIEW, the channel cannot be benched",purpose-made chamber with a swept/curved channel. NOT a bend chamber: the user refused that on 2026-08-20 (~200 chambers for no construction benefit)
N0027646,P0-M-MH27646,464881.271,2578830.364,main,junction,72.86,E0028339,E0026887,2,"below 75 deg - REVIEW, the channel cannot be benched",purpose-made chamber with a swept/curved channel. NOT a bend chamber: the user refused that on 2026-08-20 (~200 chambers for no construction benefit)
N0047187,P0-L-MH47187,461378.837,2576118.135,lateral,junction,72.87,E0046610,E0046428,2,"below 75 deg - REVIEW, the channel cannot be benched",purpose-made chamber with a swept/curved channel. NOT a bend chamber: the user refused that on 2026-08-20 (~200 chambers for no construction benefit)
N0022950,P0-L-MH22950,463923.897,2576973.075,lateral,junction,72.88,E0023857,E0022191,2,"below 75 deg - REVIEW, the channel cannot be benched",purpose-made chamber with a swept/curved channel. NOT a bend chamber: the user refused that on 2026-08-20 (~200 chambers for no construction benefit)
N0019643,P0-L-MH19643,461853.257,2578086.387,lateral,junction,72.89,E0020499,E0018884,2,"below 75 deg - REVIEW, the channel cannot be benched",purpose-made chamber with a swept/curved channel. NOT a bend chamber: the user refused that on 2026-08-20 (~200 chambers for no construction benefit)
N0028506,P0-M-MH28506,451067.176,2563428.781,main,junction,72.89,E0029394,E0027747,2,"below 75 deg - REVIEW, the channel cannot be benched",purpose-made chamber with a swept/curved channel. NOT a bend chamber: the user refused that on 2026-08-20 (~200 chambers for no construction benefit)
N0047381,P0-M-MH47381,461969.666,2568158.079,main,junction,72.9,E0046826,E0046622,2,"below 75 deg - REVIEW, the channel cannot be benched",purpose-made chamber with a swept/curved channel. NOT a bend chamber: the user refused that on 2026-08-20 (~200 chambers for no construction benefit)
N0006244,P0-TM-MH6244,450066.122,2569314.203,trunk main,junction,72.96,E0008230,E0005485,2,"below 75 deg - REVIEW, the channel cannot be benched",purpose-made chamber with a swept/curved channel. NOT a bend chamber: the user refused that on 2026-08-20 (~200 chambers for no construction benefit)
N0049568,P0-L-MH49568,453271.717,2577776.401,lateral,junction,73.0,E0048870,E0048809,2,"below 75 deg - REVIEW, the channel cannot be benched",purpose-made chamber with a swept/curved channel. NOT a bend chamber: the user refused that on 2026-08-20 (~200 chambers for no construction benefit)
N0016485,P0-L-MH16485,452336.906,2571950.432,lateral,chamber,73.02,E0015725,E0015726,1,"below 75 deg - REVIEW, the channel cannot be benched",purpose-made chamber with a swept/curved channel. NOT a bend chamber: the user refused that on 2026-08-20 (~200 chambers for no construction benefit)
N0044347,P0-L-MH44347,448437.614,2567112.509,lateral,chamber,73.02,E0043587,E0043588,1,"below 75 deg - REVIEW, the channel cannot be benched",purpose-made chamber with a swept/curved channel. NOT a bend chamber: the user refused that on 2026-08-20 (~200 chambers for no construction benefit)
N0044299,P0-M-MH44299,449806.915,2573383.595,main,junction,73.04,E0044178,E0043540,2,"below 75 deg - REVIEW, the channel cannot be benched",purpose-made chamber with a swept/curved channel. NOT a bend chamber: the user refused that on 2026-08-20 (~200 chambers for no construction benefit)
N0021198,P0-L-MH21198,463885.897,2576933.075,lateral,junction,73.06,E0022191,E0020439,2,"below 75 deg - REVIEW, the channel cannot be benched",purpose-made chamber with a swept/curved channel. NOT a bend chamber: the user refused that on 2026-08-20 (~200 chambers for no construction benefit)
N0047084,P0-L-MH47084,453913.717,2577916.401,lateral,junction,73.07,E0046522,E0046325,2,"below 75 deg - REVIEW, the channel cannot be benched",purpose-made chamber with a swept/curved channel. NOT a bend chamber: the user refused that on 2026-08-20 (~200 chambers for no construction benefit)
N0035388,P0-SM-MH35388,444747.934,2564910.447,sub main,junction,73.08,E0036138,E0034629,2,"below 75 deg - REVIEW, the channel cannot be benched",purpose-made chamber with a swept/curved channel. NOT a bend chamber: the user refused that on 2026-08-20 (~200 chambers for no construction benefit)
N0043280,P0-M-MH43280,448342.533,2567729.306,main,junction,73.1,E0043164,E0042521,3,"below 75 deg - REVIEW, the channel cannot be benched",purpose-made chamber with a swept/curved channel. NOT a bend chamber: the user refused that on 2026-08-20 (~200 chambers for no construction benefit)
N0024800,P0-M-MH24800,444133.453,2567609.963,main,junction,73.11,E0025668,E0024041,2,"below 75 deg - REVIEW, the channel cannot be benched",purpose-made chamber with a swept/curved channel. NOT a bend chamber: the user refused that on 2026-08-20 (~200 chambers for no construction benefit)
N0001803,P0-L-MH1803,468990.821,2564416.561,lateral,junction,73.14,E0006600,E0001656,2,"below 75 deg - REVIEW, the channel cannot be benched",purpose-made chamber with a swept/curved channel. NOT a bend chamber: the user refused that on 2026-08-20 (~200 chambers for no construction benefit)
N0049875,P0-M-MH49875,442868.797,2569863.696,main,junction,73.19,E0049170,E0049116,2,"below 75 deg - REVIEW, the channel cannot be benched",purpose-made chamber with a swept/curved channel. NOT a bend chamber: the user refused that on 2026-08-20 (~200 chambers for no construction benefit)
N0036457,P0-M-MH36457,465679.672,2566770.502,main,junction,73.26,E0037094,E0035698,2,"below 75 deg - REVIEW, the channel cannot be benched",purpose-made chamber with a swept/curved channel. NOT a bend chamber: the user refused that on 2026-08-20 (~200 chambers for no construction benefit)
N0035417,P0-L-MH35417,460699.017,2569702.908,lateral,junction,73.28,E0036111,E0034658,2,"below 75 deg - REVIEW, the channel cannot be benched",purpose-made chamber with a swept/curved channel. NOT a bend chamber: the user refused that on 2026-08-20 (~200 chambers for no construction benefit)
N0008718,P0-TM-MH8718,469659.924,2574911.304,trunk main,junction,73.34,E0009869,E0007959,2,"below 75 deg - REVIEW, the channel cannot be benched",purpose-made chamber with a swept/curved channel. NOT a bend chamber: the user refused that on 2026-08-20 (~200 chambers for no construction benefit)
N0027704,P0-L-MH27704,472832.657,2573369.731,lateral,junction,73.36,E0028377,E0026945,2,"below 75 deg - REVIEW, the channel cannot be benched",purpose-made chamber with a swept/curved channel. NOT a bend chamber: the user refused that on 2026-08-20 (~200 chambers for no construction benefit)
N0032193,P0-M-MH32193,467865.422,2576770.465,main,junction,73.36,E0032962,E0031434,2,"below 75 deg - REVIEW, the channel cannot be benched",purpose-made chamber with a swept/curved channel. NOT a bend chamber: the user refused that on 2026-08-20 (~200 chambers for no construction benefit)
N0047970,P0-L-MH47970,462014.242,2567450.458,lateral,junction,73.39,E0047327,E0047211,2,"below 75 deg - REVIEW, the channel cannot be benched",purpose-made chamber with a swept/curved channel. NOT a bend chamber: the user refused that on 2026-08-20 (~200 chambers for no construction benefit)
N0021767,P0-SM-MH21767,450278.941,2571571.348,sub main,junction,73.42,E0022837,E0021008,2,"below 75 deg - REVIEW, the channel cannot be benched",purpose-made chamber with a swept/curved channel. NOT a bend chamber: the user refused that on 2026-08-20 (~200 chambers for no construction benefit)
N0016853,P0-M-MH16853,448851.605,2570867.013,main,junction,73.44,E0017739,E0016094,2,"below 75 deg - REVIEW, the channel cannot be benched",purpose-made chamber with a swept/curved channel. NOT a bend chamber: the user refused that on 2026-08-20 (~200 chambers for no construction benefit)
N0036747,P0-L-MH36747,447937.001,2564013.889,lateral,chamber,73.44,E0035987,E0035988,1,"below 75 deg - REVIEW, the channel cannot be benched",purpose-made chamber with a swept/curved channel. NOT a bend chamber: the user refused that on 2026-08-20 (~200 chambers for no construction benefit)
N0039312,P0-M-MH39312,448031.478,2563641.726,main,chamber,73.49,E0038552,E0038553,1,"below 75 deg - REVIEW, the channel cannot be benched",purpose-made chamber with a swept/curved channel. NOT a bend chamber: the user refused that on 2026-08-20 (~200 chambers for no construction benefit)
N0023165,P0-M-MH23165,458070.181,2577093.924,main,junction,73.57,E0024062,E0022406,2,"below 75 deg - REVIEW, the channel cannot be benched",purpose-made chamber with a swept/curved channel. NOT a bend chamber: the user refused that on 2026-08-20 (~200 chambers for no construction benefit)
N0038027,P0-SM-MH38027,448145.731,2564235.122,sub main,chamber,73.61,E0037267,E0037268,1,"below 75 deg - REVIEW, the channel cannot be benched",purpose-made chamber with a swept/curved channel. NOT a bend chamber: the user refused that on 2026-08-20 (~200 chambers for no construction benefit)
N0036217,P0-M-MH36217,451735.552,2563737.95,main,junction,73.63,E0036907,E0035458,2,"below 75 deg - REVIEW, the channel cannot be benched",purpose-made chamber with a swept/curved channel. NOT a bend chamber: the user refused that on 2026-08-20 (~200 chambers for no construction benefit)
N0034254,P0-SM-MH34254,448629.29,2568141.925,sub main,junction,73.64,E0034922,E0033495,2,"below 75 deg - REVIEW, the channel cannot be benched",purpose-made chamber with a swept/curved channel. NOT a bend chamber: the user refused that on 2026-08-20 (~200 chambers for no construction benefit)
N0018105,P0-M-MH18105,444416.453,2567528.963,main,junction,73.64,E0018912,E0017346,2,"below 75 deg - REVIEW, the channel cannot be benched",purpose-made chamber with a swept/curved channel. NOT a bend chamber: the user refused that on 2026-08-20 (~200 chambers for no construction benefit)
N0024866,P0-M-MH24866,472799.969,2572468.427,main,junction,73.66,E0025882,E0024107,2,"below 75 deg - REVIEW, the channel cannot be benched",purpose-made chamber with a swept/curved channel. NOT a bend chamber: the user refused that on 2026-08-20 (~200 chambers for no construction benefit)
N0039285,P0-M-MH39285,464930.564,2577831.922,main,junction,73.66,E0039598,E0038526,2,"below 75 deg - REVIEW, the channel cannot be benched",purpose-made chamber with a swept/curved channel. NOT a bend chamber: the user refused that on 2026-08-20 (~200 chambers for no construction benefit)
N0009726,P0-SM-MH9726,457731.158,2578037.278,sub main,junction,73.66,E0010737,E0008967,2,"below 75 deg - REVIEW, the channel cannot be benched",purpose-made chamber with a swept/curved channel. NOT a bend chamber: the user refused that on 2026-08-20 (~200 chambers for no construction benefit)
N0016256,P0-L-MH16256,443760.453,2567536.963,lateral,junction,73.66,E0017068,E0015497,2,"below 75 deg - REVIEW, the channel cannot be benched",purpose-made chamber with a swept/curved channel. NOT a bend chamber: the user refused that on 2026-08-20 (~200 chambers for no construction benefit)
N0020634,P0-L-MH20634,472572.287,2573958.243,lateral,junction,73.7,E0021660,E0019875,2,"below 75 deg - REVIEW, the channel cannot be benched",purpose-made chamber with a swept/curved channel. NOT a bend chamber: the user refused that on 2026-08-20 (~200 chambers for no construction benefit)
N0028610,P0-M-MH28610,449388.127,2572010.005,main,junction,73.72,E0029527,E0027851,2,"below 75 deg - REVIEW, the channel cannot be benched",purpose-made chamber with a swept/curved channel. NOT a bend chamber: the user refused that on 2026-08-20 (~200 chambers for no construction benefit)
N0024192,P0-M-MH24192,464912.271,2578771.364,main,junction,73.75,E0025123,E0023433,2,"below 75 deg - REVIEW, the channel cannot be benched",purpose-made chamber with a swept/curved channel. NOT a bend chamber: the user refused that on 2026-08-20 (~200 chambers for no construction benefit)
N0047344,P0-L-MH47344,448934.915,2573048.595,lateral,junction,73.77,E0046762,E0046585,2,"below 75 deg - REVIEW, the channel cannot be benched",purpose-made chamber with a swept/curved channel. NOT a bend chamber: the user refused that on 2026-08-20 (~200 chambers for no construction benefit)
N0022626,P0-SM-MH22626,448888.693,2569809.969,sub main,junction,73.78,E0023875,E0021867,3,"below 75 deg - REVIEW, the channel cannot be benched",purpose-made chamber with a swept/curved channel. NOT a bend chamber: the user refused that on 2026-08-20 (~200 chambers for no construction benefit)
N0040451,P0-SM-MH40451,459316.079,2576686.968,sub main,junction,73.79,E0040649,E0039692,2,"below 75 deg - REVIEW, the channel cannot be benched",purpose-made chamber with a swept/curved channel. NOT a bend chamber: the user refused that on 2026-08-20 (~200 chambers for no construction benefit)
N0049156,P0-L-MH49156,444885.608,2569020.274,lateral,junction,73.79,E0048495,E0048397,2,"below 75 deg - REVIEW, the channel cannot be benched",purpose-made chamber with a swept/curved channel. NOT a bend chamber: the user refused that on 2026-08-20 (~200 chambers for no construction benefit)
N0026425,P0-M-MH26425,463001.151,2576826.258,main,junction,73.79,E0027378,E0025666,2,"below 75 deg - REVIEW, the channel cannot be benched",purpose-made chamber with a swept/curved channel. NOT a bend chamber: the user refused that on 2026-08-20 (~200 chambers for no construction benefit)
N0024124,P0-SM-MH24124,446217.448,2561904.772,sub main,junction,73.8,E0025060,E0023365,2,"below 75 deg - REVIEW, the channel cannot be benched",purpose-made chamber with a swept/curved channel. NOT a bend chamber: the user refused that on 2026-08-20 (~200 chambers for no construction benefit)
N0046746,P0-L-MH46746,448167.979,2568532.899,lateral,junction,73.88,E0046199,E0045987,2,"below 75 deg - REVIEW, the channel cannot be benched",purpose-made chamber with a swept/curved channel. NOT a bend chamber: the user refused that on 2026-08-20 (~200 chambers for no construction benefit)
N0032154,P0-M-MH32154,468019.815,2576205.812,main,chamber,73.88,E0031394,E0031395,1,"below 75 deg - REVIEW, the channel cannot be benched",purpose-made chamber with a swept/curved channel. NOT a bend chamber: the user refused that on 2026-08-20 (~200 chambers for no construction benefit)
N0030865,P0-M-MH30865,464406.237,2576531.298,main,junction,73.92,E0031602,E0030106,2,"below 75 deg - REVIEW, the channel cannot be benched",purpose-made chamber with a swept/curved channel. NOT a bend chamber: the user refused that on 2026-08-20 (~200 chambers for no construction benefit)
N0016698,P0-M-MH16698,461761.272,2579657.363,main,junction,73.96,E0017541,E0015939,2,"below 75 deg - REVIEW, the channel cannot be benched",purpose-made chamber with a swept/curved channel. NOT a bend chamber: the user refused that on 2026-08-20 (~200 chambers for no construction benefit)
N0041296,P0-L-MH41296,450378.336,2568862.9,lateral,chamber,73.96,E0040536,E0040537,1,"below 75 deg - REVIEW, the channel cannot be benched",purpose-made chamber with a swept/curved channel. NOT a bend chamber: the user refused that on 2026-08-20 (~200 chambers for no construction benefit)
N0010956,P0-SM-MH10956,463016.316,2577867.44,sub main,junction,73.97,E0011957,E0010197,2,"below 75 deg - REVIEW, the channel cannot be benched",purpose-made chamber with a swept/curved channel. NOT a bend chamber: the user refused that on 2026-08-20 (~200 chambers for no construction benefit)
N0023760,P0-L-MH23760,448007.605,2570718.013,lateral,junction,73.99,E0024701,E0023001,2,"below 75 deg - REVIEW, the channel cannot be benched",purpose-made chamber with a swept/curved channel. NOT a bend chamber: the user refused that on 2026-08-20 (~200 chambers for no construction benefit)
N0049548,P0-L-MH49548,453699.717,2578394.401,lateral,junction,74.0,E0048860,E0048789,2,"below 75 deg - REVIEW, the channel cannot be benched",purpose-made chamber with a swept/curved channel. NOT a bend chamber: the user refused that on 2026-08-20 (~200 chambers for no construction benefit)
N0032328,P0-L-MH32328,450326.827,2568877.657,lateral,junction,74.01,E0033032,E0031569,2,"below 75 deg - REVIEW, the channel cannot be benched",purpose-made chamber with a swept/curved channel. NOT a bend chamber: the user refused that on 2026-08-20 (~200 chambers for no construction benefit)
N0027656,P0-M-MH27656,449107.594,2568428.614,main,junction,74.04,E0028666,E0026897,2,"below 75 deg - REVIEW, the channel cannot be benched",purpose-made chamber with a swept/curved channel. NOT a bend chamber: the user refused that on 2026-08-20 (~200 chambers for no construction benefit)
N0033987,P0-L-MH33987,448740.358,2570263.075,lateral,chamber,74.05,E0033227,E0033228,1,"below 75 deg - REVIEW, the channel cannot be benched",purpose-made chamber with a swept/curved channel. NOT a bend chamber: the user refused that on 2026-08-20 (~200 chambers for no construction benefit)
N0038059,P0-M-MH38059,465508.217,2578014.321,main,junction,74.05,E0038525,E0037300,2,"below 75 deg - REVIEW, the channel cannot be benched",purpose-made chamber with a swept/curved channel. NOT a bend chamber: the user refused that on 2026-08-20 (~200 chambers for no construction benefit)
N0030104,P0-L-MH30104,457486.735,2567951.167,lateral,junction,74.05,E0030919,E0029345,2,"below 75 deg - REVIEW, the channel cannot be benched",purpose-made chamber with a swept/curved channel. NOT a bend chamber: the user refused that on 2026-08-20 (~200 chambers for no construction benefit)
N0021221,P0-L-MH21221,462430.257,2578269.387,lateral,junction,74.07,E0022267,E0020462,2,"below 75 deg - REVIEW, the channel cannot be benched",purpose-made chamber with a swept/curved channel. NOT a bend chamber: the user refused that on 2026-08-20 (~200 chambers for no construction benefit)
N0043622,P0-L-MH43622,451383.938,2566071.16,lateral,junction,74.07,E0043477,E0042863,2,"below 75 deg - REVIEW, the channel cannot be benched",purpose-made chamber with a swept/curved channel. NOT a bend chamber: the user refused that on 2026-08-20 (~200 chambers for no construction benefit)
N0020498,P0-L-MH20498,445851.359,2563219.459,lateral,junction,74.08,E0021406,E0019739,2,"below 75 deg - REVIEW, the channel cannot be benched",purpose-made chamber with a swept/curved channel. NOT a bend chamber: the user refused that on 2026-08-20 (~200 chambers for no construction benefit)
N0034693,P0-SM-MH34693,452921.068,2566543.038,sub main,junction,74.15,E0035391,E0033934,2,"below 75 deg - REVIEW, the channel cannot be benched",purpose-made chamber with a swept/curved channel. NOT a bend chamber: the user refused that on 2026-08-20 (~200 chambers for no construction benefit)
N0028383,P0-M-MH28383,462313.272,2579648.363,main,junction,74.18,E0029261,E0027624,2,"below 75 deg - REVIEW, the channel cannot be benched",purpose-made chamber with a swept/curved channel. NOT a bend chamber: the user refused that on 2026-08-20 (~200 chambers for no construction benefit)
N0047828,P0-L-MH47828,461643.369,2580606.994,lateral,junction,74.19,E0047181,E0047069,2,"below 75 deg - REVIEW, the channel cannot be benched",purpose-made chamber with a swept/curved channel. NOT a bend chamber: the user refused that on 2026-08-20 (~200 chambers for no construction benefit)
N0023524,P0-L-MH23524,447139.174,2572484.902,lateral,junction,74.21,E0024433,E0022765,2,"below 75 deg - REVIEW, the channel cannot be benched",purpose-made chamber with a swept/curved channel. NOT a bend chamber: the user refused that on 2026-08-20 (~200 chambers for no construction benefit)
N0043710,P0-L-MH43710,448041.144,2566427.724,lateral,junction,74.21,E0043593,E0042951,2,"below 75 deg - REVIEW, the channel cannot be benched",purpose-made chamber with a swept/curved channel. NOT a bend chamber: the user refused that on 2026-08-20 (~200 chambers for no construction benefit)
N0046024,P0-SM-MH46024,447815.925,2568066.585,sub main,junction,74.25,E0045603,E0045265,2,"below 75 deg - REVIEW, the channel cannot be benched",purpose-made chamber with a swept/curved channel. NOT a bend chamber: the user refused that on 2026-08-20 (~200 chambers for no construction benefit)
N0011968,P0-SM-MH11968,462977.267,2567803.776,sub main,junction,74.27,E0012998,E0011209,2,"below 75 deg - REVIEW, the channel cannot be benched",purpose-made chamber with a swept/curved channel. NOT a bend chamber: the user refused that on 2026-08-20 (~200 chambers for no construction benefit)
N0045625,P0-SM-MH45625,447948.42,2568026.2,sub main,junction,74.28,E0045285,E0044866,2,"below 75 deg - REVIEW, the channel cannot be benched",purpose-made chamber with a swept/curved channel. NOT a bend chamber: the user refused that on 2026-08-20 (~200 chambers for no construction benefit)
N0012448,P0-M-MH12448,463947.521,2566962.923,main,junction,74.39,E0013576,E0011689,2,"below 75 deg - REVIEW, the channel cannot be benched",purpose-made chamber with a swept/curved channel. NOT a bend chamber: the user refused that on 2026-08-20 (~200 chambers for no construction benefit)
N0040015,P0-L-MH40015,448464.942,2573499.886,lateral,junction,74.39,E0040282,E0039256,2,"below 75 deg - REVIEW, the channel cannot be benched",purpose-made chamber with a swept/curved channel. NOT a bend chamber: the user refused that on 2026-08-20 (~200 chambers for no construction benefit)
N0021698,P0-L-MH21698,448701.605,2571102.013,lateral,junction,74.39,E0022764,E0020939,2,"below 75 deg - REVIEW, the channel cannot be benched",purpose-made chamber with a swept/curved channel. NOT a bend chamber: the user refused that on 2026-08-20 (~200 chambers for no construction benefit)
N0006483,P0-M-MH6483,464091.521,2566892.923,main,junction,74.39,E0008426,E0005724,2,"below 75 deg - REVIEW, the channel cannot be benched",purpose-made chamber with a swept/curved channel. NOT a bend chamber: the user refused that on 2026-08-20 (~200 chambers for no construction benefit)
N0025535,P0-L-MH25535,471423.037,2564865.078,lateral,junction,74.39,E0026494,E0024776,2,"below 75 deg - REVIEW, the channel cannot be benched",purpose-made chamber with a swept/curved channel. NOT a bend chamber: the user refused that on 2026-08-20 (~200 chambers for no construction benefit)
N0001185,P0-SM-MH1185,447738.964,2571278.479,sub main,junction,74.39,E0006266,E0001089,2,"below 75 deg - REVIEW, the channel cannot be benched",purpose-made chamber with a swept/curved channel. NOT a bend chamber: the user refused that on 2026-08-20 (~200 chambers for no construction benefit)
N0040631,P0-L-MH40631,460104.364,2576598.304,lateral,junction,74.42,E0040797,E0039872,2,"below 75 deg - REVIEW, the channel cannot be benched",purpose-made chamber with a swept/curved channel. NOT a bend chamber: the user refused that on 2026-08-20 (~200 chambers for no construction benefit)
N0032289,P0-L-MH32289,474391.922,2574506.696,lateral,junction,74.43,E0033021,E0031530,2,"below 75 deg - REVIEW, the channel cannot be benched",purpose-made chamber with a swept/curved channel. NOT a bend chamber: the user refused that on 2026-08-20 (~200 chambers for no construction benefit)
N0036367,P0-L-MH36367,449097.967,2572459.89,lateral,junction,74.44,E0036994,E0035608,2,"below 75 deg - REVIEW, the channel cannot be benched",purpose-made chamber with a swept/curved channel. NOT a bend chamber: the user refused that on 2026-08-20 (~200 chambers for no construction benefit)
N0041326,P0-L-MH41326,465755.217,2578022.321,lateral,junction,74.46,E0041502,E0040567,2,"below 75 deg - REVIEW, the channel cannot be benched",purpose-made chamber with a swept/curved channel. NOT a bend chamber: the user refused that on 2026-08-20 (~200 chambers for no construction benefit)
N0023337,P0-SM-MH23337,461171.369,2580025.994,sub main,junction,74.46,E0024227,E0022578,2,"below 75 deg - REVIEW, the channel cannot be benched",purpose-made chamber with a swept/curved channel. NOT a bend chamber: the user refused that on 2026-08-20 (~200 chambers for no construction benefit)
N0031187,P0-L-MH31187,447874.285,2562843.392,lateral,junction,74.47,E0031927,E0030428,2,"below 75 deg - REVIEW, the channel cannot be benched",purpose-made chamber with a swept/curved channel. NOT a bend chamber: the user refused that on 2026-08-20 (~200 chambers for no construction benefit)
N0004750,P0-L-MH4750,441781.17,2567063.351,lateral,chamber,74.48,E0004189,E0004190,1,"below 75 deg - REVIEW, the channel cannot be benched",purpose-made chamber with a swept/curved channel. NOT a bend chamber: the user refused that on 2026-08-20 (~200 chambers for no construction benefit)
N0046913,P0-L-MH46913,460363.777,2576079.499,lateral,junction,74.5,E0046427,E0046154,2,"below 75 deg - REVIEW, the channel cannot be benched",purpose-made chamber with a swept/curved channel. NOT a bend chamber: the user refused that on 2026-08-20 (~200 chambers for no construction benefit)
N0034354,P0-L-MH34354,454849.285,2571721.459,lateral,chamber,74.54,E0033594,E0033595,1,"below 75 deg - REVIEW, the channel cannot be benched",purpose-made chamber with a swept/curved channel. NOT a bend chamber: the user refused that on 2026-08-20 (~200 chambers for no construction benefit)
N0042811,P0-L-MH42811,456411.183,2568423.263,lateral,junction,74.58,E0042821,E0042052,2,"below 75 deg - REVIEW, the channel cannot be benched",purpose-made chamber with a swept/curved channel. NOT a bend chamber: the user refused that on 2026-08-20 (~200 chambers for no construction benefit)
N0018791,P0-L-MH18791,471141.863,2564857.672,lateral,junction,74.59,E0019677,E0018032,2,"below 75 deg - REVIEW, the channel cannot be benched",purpose-made chamber with a swept/curved channel. NOT a bend chamber: the user refused that on 2026-08-20 (~200 chambers for no construction benefit)
N0035601,P0-M-MH35601,459503.079,2577159.968,main,junction,74.59,E0036288,E0034842,2,"below 75 deg - REVIEW, the channel cannot be benched",purpose-made chamber with a swept/curved channel. NOT a bend chamber: the user refused that on 2026-08-20 (~200 chambers for no construction benefit)
N0001882,P0-L-MH1882,451807.903,2575958.899,lateral,junction,74.6,E0006685,E0001721,2,"below 75 deg - REVIEW, the channel cannot be benched",purpose-made chamber with a swept/curved channel. NOT a bend chamber: the user refused that on 2026-08-20 (~200 chambers for no construction benefit)
N0044187,P0-M-MH44187,453193.259,2577222.272,main,junction,74.65,E0044049,E0043428,2,"below 75 deg - REVIEW, the channel cannot be benched",purpose-made chamber with a swept/curved channel. NOT a bend chamber: the user refused that on 2026-08-20 (~200 chambers for no construction benefit)
N0030759,P0-L-MH30759,465721.564,2577850.922,lateral,junction,74.67,E0031489,E0030000,2,"below 75 deg - REVIEW, the channel cannot be benched",purpose-made chamber with a swept/curved channel. NOT a bend chamber: the user refused that on 2026-08-20 (~200 chambers for no construction benefit)
N0036047,P0-SM-MH36047,453367.791,2574366.681,sub main,junction,74.68,E0036733,E0035288,3,"below 75 deg - REVIEW, the channel cannot be benched",purpose-made chamber with a swept/curved channel. NOT a bend chamber: the user refused that on 2026-08-20 (~200 chambers for no construction benefit)
N0016441,P0-SM-MH16441,450782.438,2568253.05,sub main,chamber,74.7,E0015681,E0015682,1,"below 75 deg - REVIEW, the channel cannot be benched",purpose-made chamber with a swept/curved channel. NOT a bend chamber: the user refused that on 2026-08-20 (~200 chambers for no construction benefit)
N0040848,P0-L-MH40848,453611.12,2575475.161,lateral,chamber,74.73,E0040088,E0040089,1,"below 75 deg - REVIEW, the channel cannot be benched",purpose-made chamber with a swept/curved channel. NOT a bend chamber: the user refused that on 2026-08-20 (~200 chambers for no construction benefit)
N0047820,P0-SM-MH47820,454471.717,2577675.401,sub main,junction,74.74,E0047171,E0047061,2,"below 75 deg - REVIEW, the channel cannot be benched",purpose-made chamber with a swept/curved channel. NOT a bend chamber: the user refused that on 2026-08-20 (~200 chambers for no construction benefit)
N0046549,P0-L-MH46549,446533.174,2572326.902,lateral,junction,74.74,E0046139,E0045790,2,"below 75 deg - REVIEW, the channel cannot be benched",purpose-made chamber with a swept/curved channel. NOT a bend chamber: the user refused that on 2026-08-20 (~200 chambers for no construction benefit)
N0033835,P0-M-MH33835,460211.586,2577436.307,main,junction,74.74,E0034503,E0033076,2,"below 75 deg - REVIEW, the channel cannot be benched",purpose-made chamber with a swept/curved channel. NOT a bend chamber: the user refused that on 2026-08-20 (~200 chambers for no construction benefit)
N0027773,P0-M-MH27773,460032.889,2569076.845,main,junction,74.74,E0028432,E0027014,2,"below 75 deg - REVIEW, the channel cannot be benched",purpose-made chamber with a swept/curved channel. NOT a bend chamber: the user refused that on 2026-08-20 (~200 chambers for no construction benefit)
N0028465,P0-L-MH28465,457677.226,2568300.557,lateral,junction,74.74,E0029337,E0027706,2,"below 75 deg - REVIEW, the channel cannot be benched",purpose-made chamber with a swept/curved channel. NOT a bend chamber: the user refused that on 2026-08-20 (~200 chambers for no construction benefit)
N0034088,P0-L-MH34088,464630.457,2577414.905,lateral,junction,74.75,E0034791,E0033329,2,"below 75 deg - REVIEW, the channel cannot be benched",purpose-made chamber with a swept/curved channel. NOT a bend chamber: the user refused that on 2026-08-20 (~200 chambers for no construction benefit)
N0022290,P0-SM-MH22290,445825.931,2562313.409,sub main,junction,74.78,E0023285,E0021531,2,"below 75 deg - REVIEW, the channel cannot be benched",purpose-made chamber with a swept/curved channel. NOT a bend chamber: the user refused that on 2026-08-20 (~200 chambers for no construction benefit)
N0032107,P0-L-MH32107,466347.174,2576649.652,lateral,junction,74.82,E0032852,E0031348,2,"below 75 deg - REVIEW, the channel cannot be benched",purpose-made chamber with a swept/curved channel. NOT a bend chamber: the user refused that on 2026-08-20 (~200 chambers for no construction benefit)
N0035819,P0-L-MH35819,458463.337,2570068.471,lateral,chamber,74.88,E0035059,E0035060,1,"below 75 deg - REVIEW, the channel cannot be benched",purpose-made chamber with a swept/curved channel. NOT a bend chamber: the user refused that on 2026-08-20 (~200 chambers for no construction benefit)
N0021970,P0-M-MH21970,471421.037,2564695.078,main,junction,74.93,E0023062,E0021211,2,"below 75 deg - REVIEW, the channel cannot be benched",purpose-made chamber with a swept/curved channel. NOT a bend chamber: the user refused that on 2026-08-20 (~200 chambers for no construction benefit)
N0004711,P0-M-MH4711,446426.469,2558946.239,main,junction,74.93,E0007597,E0004155,2,"below 75 deg - REVIEW, the channel cannot be benched",purpose-made chamber with a swept/curved channel. NOT a bend chamber: the user refused that on 2026-08-20 (~200 chambers for no construction benefit)
N0041359,P0-M-MH41359,448519.031,2564816.844,main,junction,74.93,E0041525,E0040600,2,"below 75 deg - REVIEW, the channel cannot be benched",purpose-made chamber with a swept/curved channel. NOT a bend chamber: the user refused that on 2026-08-20 (~200 chambers for no construction benefit)
N0002067,P0-SM-MH2067,462830.267,2567727.776,sub main,junction,74.93,E0006795,E0001873,2,"below 75 deg - REVIEW, the channel cannot be benched",purpose-made chamber with a swept/curved channel. NOT a bend chamber: the user refused that on 2026-08-20 (~200 chambers for no construction benefit)
N0021142,P0-L-MH21142,476109.024,2575054.496,lateral,junction,74.96,E0022068,E0020383,2,"below 75 deg - REVIEW, the channel cannot be benched",purpose-made chamber with a swept/curved channel. NOT a bend chamber: the user refused that on 2026-08-20 (~200 chambers for no construction benefit)
N0000637,P0-TM-MH0637,449147.758,2567800.172,trunk main,junction,74.99,E0005640,E0000576,2,"below 75 deg - REVIEW, the channel cannot be benched",purpose-made chamber with a swept/curved channel. NOT a bend chamber: the user refused that on 2026-08-20 (~200 chambers for no construction benefit)
N0032434,P0-L-MH32434,473384.657,2573439.731,lateral,chamber,75.0,E0031674,E0031675,1,below the project's stated 85 deg deviation,purpose-made chamber with a swept/curved channel. NOT a bend chamber: the user refused that on 2026-08-20 (~200 chambers for no construction benefit)
N0046600,P0-L-MH46600,460453.777,2576301.499,lateral,junction,75.01,E0046162,E0045841,2,below the project's stated 85 deg deviation,purpose-made chamber with a swept/curved channel. NOT a bend chamber: the user refused that on 2026-08-20 (~200 chambers for no construction benefit)
N0014498,P0-M-MH14498,455549.808,2568517.465,main,junction,75.05,E0015474,E0013739,2,below the project's stated 85 deg deviation,purpose-made chamber with a swept/curved channel. NOT a bend chamber: the user refused that on 2026-08-20 (~200 chambers for no construction benefit)
N0029896,P0-SM-MH29896,452916.432,2574784.118,sub main,junction,75.11,E0030774,E0029137,2,below the project's stated 85 deg deviation,purpose-made chamber with a swept/curved channel. NOT a bend chamber: the user refused that on 2026-08-20 (~200 chambers for no construction benefit)
N0040124,P0-M-MH40124,446535.174,2572623.902,main,junction,75.12,E0040372,E0039365,2,below the project's stated 85 deg deviation,purpose-made chamber with a swept/curved channel. NOT a bend chamber: the user refused that on 2026-08-20 (~200 chambers for no construction benefit)
N0018718,P0-M-MH18718,458805.775,2568641.947,main,junction,75.12,E0019578,E0017959,2,below the project's stated 85 deg deviation,purpose-made chamber with a swept/curved channel. NOT a bend chamber: the user refused that on 2026-08-20 (~200 chambers for no construction benefit)
N0018142,P0-M-MH18142,472950.969,2572323.427,main,junction,75.13,E0018977,E0017383,2,below the project's stated 85 deg deviation,purpose-made chamber with a swept/curved channel. NOT a bend chamber: the user refused that on 2026-08-20 (~200 chambers for no construction benefit)
N0020377,P0-L-MH20377,463205.08,2567486.65,lateral,chamber,75.15,E0021309,E0019618,1,below the project's stated 85 deg deviation,purpose-made chamber with a swept/curved channel. NOT a bend chamber: the user refused that on 2026-08-20 (~200 chambers for no construction benefit)
N0045434,P0-M-MH45434,449901.915,2572929.595,main,junction,75.17,E0045126,E0044675,2,below the project's stated 85 deg deviation,purpose-made chamber with a swept/curved channel. NOT a bend chamber: the user refused that on 2026-08-20 (~200 chambers for no construction benefit)
N0049216,P0-L-MH49216,442058.519,2569486.787,lateral,chamber,75.22,E0048456,E0048457,1,below the project's stated 85 deg deviation,purpose-made chamber with a swept/curved channel. NOT a bend chamber: the user refused that on 2026-08-20 (~200 chambers for no construction benefit)
N0025755,P0-L-MH25755,463935.672,2577570.423,lateral,junction,75.23,E0026776,E0024996,2,below the project's stated 85 deg deviation,purpose-made chamber with a swept/curved channel. NOT a bend chamber: the user refused that on 2026-08-20 (~200 chambers for no construction benefit)
N0026845,P0-L-MH26845,457091.183,2568152.263,lateral,junction,75.24,E0027713,E0026086,2,below the project's stated 85 deg deviation,purpose-made chamber with a swept/curved channel. NOT a bend chamber: the user refused that on 2026-08-20 (~200 chambers for no construction benefit)
N0043297,P0-M-MH43297,455328.4,2570412.283,main,junction,75.25,E0043206,E0042538,2,below the project's stated 85 deg deviation,purpose-made chamber with a swept/curved channel. NOT a bend chamber: the user refused that on 2026-08-20 (~200 chambers for no construction benefit)
N0006542,P0-L-MH6542,466672.312,2565268.832,lateral,junction,75.29,E0008409,E0005783,2,below the project's stated 85 deg deviation,purpose-made chamber with a swept/curved channel. NOT a bend chamber: the user refused that on 2026-08-20 (~200 chambers for no construction benefit)
N0031126,P0-M-MH31126,455622.788,2573220.125,main,junction,75.29,E0031904,E0030367,2,below the project's stated 85 deg deviation,purpose-made chamber with a swept/curved channel. NOT a bend chamber: the user refused that on 2026-08-20 (~200 chambers for no construction benefit)
N0043966,P0-L-MH43966,456191.869,2571019.69,lateral,junction,75.32,E0043801,E0043207,2,below the project's stated 85 deg deviation,purpose-made chamber with a swept/curved channel. NOT a bend chamber: the user refused that on 2026-08-20 (~200 chambers for no construction benefit)
N0049651,P0-L-MH49651,441772.347,2570577.07,lateral,chamber,75.37,E0048891,E0048892,1,below the project's stated 85 deg deviation,purpose-made chamber with a swept/curved channel. NOT a bend chamber: the user refused that on 2026-08-20 (~200 chambers for no construction benefit)
N0036463,P0-L-MH36463,465657.674,2567339.421,lateral,junction,75.37,E0037089,E0035704,2,below the project's stated 85 deg deviation,purpose-made chamber with a swept/curved channel. NOT a bend chamber: the user refused that on 2026-08-20 (~200 chambers for no construction benefit)
N0024923,P0-M-MH24923,451864.178,2574384.665,main,junction,75.37,E0025921,E0024164,2,below the project's stated 85 deg deviation,purpose-made chamber with a swept/curved channel. NOT a bend chamber: the user refused that on 2026-08-20 (~200 chambers for no construction benefit)
N0039434,P0-M-MH39434,459758.586,2576522.307,main,junction,75.4,E0039786,E0038675,2,below the project's stated 85 deg deviation,purpose-made chamber with a swept/curved channel. NOT a bend chamber: the user refused that on 2026-08-20 (~200 chambers for no construction benefit)
N0032504,P0-L-MH32504,464238.323,2577964.868,lateral,junction,75.41,E0033185,E0031745,2,below the project's stated 85 deg deviation,purpose-made chamber with a swept/curved channel. NOT a bend chamber: the user refused that on 2026-08-20 (~200 chambers for no construction benefit)
N0033352,P0-L-MH33352,447598.549,2572986.71,lateral,junction,75.45,E0034125,E0032593,2,below the project's stated 85 deg deviation,purpose-made chamber with a swept/curved channel. NOT a bend chamber: the user refused that on 2026-08-20 (~200 chambers for no construction benefit)
N0049021,P0-L-MH49021,443424.652,2568868.791,lateral,chamber,75.48,E0048261,E0048262,1,below the project's stated 85 deg deviation,purpose-made chamber with a swept/curved channel. NOT a bend chamber: the user refused that on 2026-08-20 (~200 chambers for no construction benefit)
N0041540,P0-SM-MH41540,448503.801,2567841.997,sub main,junction,75.48,E0041712,E0040781,2,below the project's stated 85 deg deviation,purpose-made chamber with a swept/curved channel. NOT a bend chamber: the user refused that on 2026-08-20 (~200 chambers for no construction benefit)
N0023884,P0-SM-MH23884,446651.842,2564047.387,sub main,junction,75.53,E0024933,E0023125,2,below the project's stated 85 deg deviation,purpose-made chamber with a swept/curved channel. NOT a bend chamber: the user refused that on 2026-08-20 (~200 chambers for no construction benefit)
N0012191,P0-TM-MH12191,454031.97,2574924.626,trunk main,junction,75.54,E0013346,E0011432,2,below the project's stated 85 deg deviation,purpose-made chamber with a swept/curved channel. NOT a bend chamber: the user refused that on 2026-08-20 (~200 chambers for no construction benefit)
N0030899,P0-M-MH30899,447374.233,2562849.611,main,junction,75.54,E0031780,E0030140,2,below the project's stated 85 deg deviation,purpose-made chamber with a swept/curved channel. NOT a bend chamber: the user refused that on 2026-08-20 (~200 chambers for no construction benefit)
N0008898,P0-M-MH8898,469461.811,2575010.313,main,junction,75.56,E0010264,E0008139,2,below the project's stated 85 deg deviation,purpose-made chamber with a swept/curved channel. NOT a bend chamber: the user refused that on 2026-08-20 (~200 chambers for no construction benefit)
N0045567,P0-M-MH45567,458520.079,2576337.968,main,junction,75.6,E0045230,E0044808,2,below the project's stated 85 deg deviation,purpose-made chamber with a swept/curved channel. NOT a bend chamber: the user refused that on 2026-08-20 (~200 chambers for no construction benefit)
N0006062,P0-TM-MH6062,469459.662,2575008.042,trunk main,junction,75.62,E0008138,E0005303,3,below the project's stated 85 deg deviation,purpose-made chamber with a swept/curved channel. NOT a bend chamber: the user refused that on 2026-08-20 (~200 chambers for no construction benefit)
N0031760,P0-L-MH31760,451621.558,2564205.31,lateral,chamber,75.62,E0031000,E0031001,1,below the project's stated 85 deg deviation,purpose-made chamber with a swept/curved channel. NOT a bend chamber: the user refused that on 2026-08-20 (~200 chambers for no construction benefit)
N0000041,P0-TM-MH0041,456165.266,2576687.804,trunk main,junction,75.64,E0005575,E0000039,3,below the project's stated 85 deg deviation,purpose-made chamber with a swept/curved channel. NOT a bend chamber: the user refused that on 2026-08-20 (~200 chambers for no construction benefit)
N0039370,P0-L-MH39370,460086.586,2577246.307,lateral,junction,75.67,E0039681,E0038611,2,below the project's stated 85 deg deviation,purpose-made chamber with a swept/curved channel. NOT a bend chamber: the user refused that on 2026-08-20 (~200 chambers for no construction benefit)
N0027181,P0-L-MH27181,446921.93,2571448.338,lateral,junction,75.67,E0028007,E0026422,3,below the project's stated 85 deg deviation,purpose-made chamber with a swept/curved channel. NOT a bend chamber: the user refused that on 2026-08-20 (~200 chambers for no construction benefit)
N0011450,P0-M-MH11450,446601.108,2558083.843,main,junction,75.68,E0012521,E0010691,2,below the project's stated 85 deg deviation,purpose-made chamber with a swept/curved channel. NOT a bend chamber: the user refused that on 2026-08-20 (~200 chambers for no construction benefit)
N0019845,P0-SM-MH19845,452565.363,2574538.057,sub main,junction,75.69,E0020715,E0019086,2,below the project's stated 85 deg deviation,purpose-made chamber with a swept/curved channel. NOT a bend chamber: the user refused that on 2026-08-20 (~200 chambers for no construction benefit)
N0028064,P0-SM-MH28064,458761.079,2577128.968,sub main,junction,75.73,E0028747,E0027305,2,below the project's stated 85 deg deviation,purpose-made chamber with a swept/curved channel. NOT a bend chamber: the user refused that on 2026-08-20 (~200 chambers for no construction benefit)
N0017070,P0-M-MH17070,447223.147,2571032.177,main,junction,75.73,E0017862,E0016311,2,below the project's stated 85 deg deviation,purpose-made chamber with a swept/curved channel. NOT a bend chamber: the user refused that on 2026-08-20 (~200 chambers for no construction benefit)
N0038369,P0-L-MH38369,448647.07,2568019.024,lateral,chamber,75.74,E0037609,E0037610,1,below the project's stated 85 deg deviation,purpose-made chamber with a swept/curved channel. NOT a bend chamber: the user refused that on 2026-08-20 (~200 chambers for no construction benefit)
N0011872,P0-M-MH11872,458322.775,2568592.947,main,junction,75.77,E0012895,E0011113,2,below the project's stated 85 deg deviation,purpose-made chamber with a swept/curved channel. NOT a bend chamber: the user refused that on 2026-08-20 (~200 chambers for no construction benefit)
N0013700,P0-M-MH13700,468403.126,2575204.799,main,junction,75.77,E0014752,E0012941,2,below the project's stated 85 deg deviation,purpose-made chamber with a swept/curved channel. NOT a bend chamber: the user refused that on 2026-08-20 (~200 chambers for no construction benefit)
N0019243,P0-M-MH19243,473350.722,2574152.98,main,chamber,75.77,E0018483,E0018484,1,below the project's stated 85 deg deviation,purpose-made chamber with a swept/curved channel. NOT a bend chamber: the user refused that on 2026-08-20 (~200 chambers for no construction benefit)
N0040841,P0-SM-MH40841,453543.257,2575771.701,sub main,junction,75.78,E0041062,E0040082,2,below the project's stated 85 deg deviation,purpose-made chamber with a swept/curved channel. NOT a bend chamber: the user refused that on 2026-08-20 (~200 chambers for no construction benefit)
N0031273,P0-M-MH31273,474556.158,2575535.509,main,junction,75.78,E0032077,E0030514,2,below the project's stated 85 deg deviation,purpose-made chamber with a swept/curved channel. NOT a bend chamber: the user refused that on 2026-08-20 (~200 chambers for no construction benefit)
N0048381,P0-SM-MH48381,443530.121,2568406.774,sub main,junction,75.8,E0047753,E0047622,2,below the project's stated 85 deg deviation,purpose-made chamber with a swept/curved channel. NOT a bend chamber: the user refused that on 2026-08-20 (~200 chambers for no construction benefit)
N0028688,P0-L-MH28688,458800.533,2578934.622,lateral,junction,75.81,E0029590,E0027929,2,below the project's stated 85 deg deviation,purpose-made chamber with a swept/curved channel. NOT a bend chamber: the user refused that on 2026-08-20 (~200 chambers for no construction benefit)
N0048104,P0-L-MH48104,445241.166,2568069.214,lateral,chamber,75.81,E0047344,E0047345,1,below the project's stated 85 deg deviation,purpose-made chamber with a swept/curved channel. NOT a bend chamber: the user refused that on 2026-08-20 (~200 chambers for no construction benefit)
N0048157,P0-M-MH48157,446026.273,2568605.339,main,junction,75.81,E0047501,E0047398,2,below the project's stated 85 deg deviation,purpose-made chamber with a swept/curved channel. NOT a bend chamber: the user refused that on 2026-08-20 (~200 chambers for no construction benefit)
N0041691,P0-L-MH41691,460429.334,2571322.953,lateral,junction,75.83,E0041798,E0040932,2,below the project's stated 85 deg deviation,purpose-made chamber with a swept/curved channel. NOT a bend chamber: the user refused that on 2026-08-20 (~200 chambers for no construction benefit)
N0029542,P0-L-MH29542,448380.903,2569204.899,lateral,junction,75.83,E0030417,E0028783,2,below the project's stated 85 deg deviation,purpose-made chamber with a swept/curved channel. NOT a bend chamber: the user refused that on 2026-08-20 (~200 chambers for no construction benefit)
N0010670,P0-M-MH10670,449473.767,2568015.836,main,junction,75.84,E0011631,E0009911,2,below the project's stated 85 deg deviation,purpose-made chamber with a swept/curved channel. NOT a bend chamber: the user refused that on 2026-08-20 (~200 chambers for no construction benefit)
N0029377,P0-M-MH29377,448695.912,2569421.187,main,chamber,75.91,E0028617,E0028618,1,below the project's stated 85 deg deviation,purpose-made chamber with a swept/curved channel. NOT a bend chamber: the user refused that on 2026-08-20 (~200 chambers for no construction benefit)
N0031624,P0-M-MH31624,450400.3,2566841.279,main,chamber,75.94,E0032359,E0030865,1,below the project's stated 85 deg deviation,purpose-made chamber with a swept/curved channel. NOT a bend chamber: the user refused that on 2026-08-20 (~200 chambers for no construction benefit)
N0037857,P0-TM-MH37857,447821.206,2567039.221,trunk main,junction,75.99,E0038296,E0037098,2,below the project's stated 85 deg deviation,purpose-made chamber with a swept/curved channel. NOT a bend chamber: the user refused that on 2026-08-20 (~200 chambers for no construction benefit)
N0033182,P0-L-MH33182,459072.806,2567856.987,lateral,chamber,76.0,E0032422,E0032423,1,below the project's stated 85 deg deviation,purpose-made chamber with a swept/curved channel. NOT a bend chamber: the user refused that on 2026-08-20 (~200 chambers for no construction benefit)
N0016243,P0-L-MH16243,455689.954,2568225.099,lateral,junction,76.01,E0017067,E0015484,2,below the project's stated 85 deg deviation,purpose-made chamber with a swept/curved channel. NOT a bend chamber: the user refused that on 2026-08-20 (~200 chambers for no construction benefit)
N0034227,P0-L-MH34227,463461.976,2576238.379,lateral,junction,76.06,E0034845,E0033468,2,below the project's stated 85 deg deviation,purpose-made chamber with a swept/curved channel. NOT a bend chamber: the user refused that on 2026-08-20 (~200 chambers for no construction benefit)
N0034073,P0-L-MH34073,448360.948,2569514.651,lateral,chamber,76.08,E0033313,E0033314,1,below the project's stated 85 deg deviation,purpose-made chamber with a swept/curved channel. NOT a bend chamber: the user refused that on 2026-08-20 (~200 chambers for no construction benefit)
N0007270,P0-L-MH7270,460956.522,2577157.637,lateral,junction,76.12,E0009259,E0006511,2,below the project's stated 85 deg deviation,purpose-made chamber with a swept/curved channel. NOT a bend chamber: the user refused that on 2026-08-20 (~200 chambers for no construction benefit)
N0043327,P0-M-MH43327,475357.207,2575802.05,main,junction,76.13,E0043196,E0042568,3,below the project's stated 85 deg deviation,purpose-made chamber with a swept/curved channel. NOT a bend chamber: the user refused that on 2026-08-20 (~200 chambers for no construction benefit)
N0042760,P0-M-MH42760,453388.259,2577311.272,main,junction,76.13,E0042779,E0042001,2,below the project's stated 85 deg deviation,purpose-made chamber with a swept/curved channel. NOT a bend chamber: the user refused that on 2026-08-20 (~200 chambers for no construction benefit)
N0005404,P0-L-MH5404,451642.942,2564454.413,lateral,chamber,76.15,E0004740,E0004741,1,below the project's stated 85 deg deviation,purpose-made chamber with a swept/curved channel. NOT a bend chamber: the user refused that on 2026-08-20 (~200 chambers for no construction benefit)
N0033120,P0-L-MH33120,450019.87,2566451.326,lateral,junction,76.16,E0033884,E0032361,2,below the project's stated 85 deg deviation,purpose-made chamber with a swept/curved channel. NOT a bend chamber: the user refused that on 2026-08-20 (~200 chambers for no construction benefit)
N0045206,P0-L-MH45206,459522.259,2576178.506,lateral,junction,76.2,E0044926,E0044447,2,below the project's stated 85 deg deviation,purpose-made chamber with a swept/curved channel. NOT a bend chamber: the user refused that on 2026-08-20 (~200 chambers for no construction benefit)
N0006421,P0-L-MH6421,449982.292,2570610.191,lateral,junction,76.29,E0008272,E0005662,2,below the project's stated 85 deg deviation,purpose-made chamber with a swept/curved channel. NOT a bend chamber: the user refused that on 2026-08-20 (~200 chambers for no construction benefit)
N0037259,P0-L-MH37259,448592.808,2568982.734,lateral,chamber,76.33,E0036499,E0036500,1,below the project's stated 85 deg deviation,purpose-made chamber with a swept/curved channel. NOT a bend chamber: the user refused that on 2026-08-20 (~200 chambers for no construction benefit)
N0002632,P0-L-MH2632,453363.555,2565882.978,lateral,chamber,76.33,E0007080,E0002355,1,below the project's stated 85 deg deviation,purpose-made chamber with a swept/curved channel. NOT a bend chamber: the user refused that on 2026-08-20 (~200 chambers for no construction benefit)
N0036685,P0-L-MH36685,450549.814,2568564.047,lateral,chamber,76.34,E0035925,E0035926,1,below the project's stated 85 deg deviation,purpose-made chamber with a swept/curved channel. NOT a bend chamber: the user refused that on 2026-08-20 (~200 chambers for no construction benefit)
N0035732,P0-L-MH35732,458363.991,2570359.002,lateral,junction,76.34,E0036382,E0034973,2,below the project's stated 85 deg deviation,purpose-made chamber with a swept/curved channel. NOT a bend chamber: the user refused that on 2026-08-20 (~200 chambers for no construction benefit)
N0028402,P0-L-MH28402,450669.737,2567340.659,lateral,junction,76.35,E0029266,E0027643,2,below the project's stated 85 deg deviation,purpose-made chamber with a swept/curved channel. NOT a bend chamber: the user refused that on 2026-08-20 (~200 chambers for no construction benefit)
N0034639,P0-M-MH34639,450495.011,2567247.85,main,junction,76.4,E0035328,E0033880,3,below the project's stated 85 deg deviation,purpose-made chamber with a swept/curved channel. NOT a bend chamber: the user refused that on 2026-08-20 (~200 chambers for no construction benefit)
N0030531,P0-M-MH30531,460318.642,2578096.315,main,junction,76.42,E0031339,E0029772,2,below the project's stated 85 deg deviation,purpose-made chamber with a swept/curved channel. NOT a bend chamber: the user refused that on 2026-08-20 (~200 chambers for no construction benefit)
N0037186,P0-L-MH37186,458136.079,2576680.968,lateral,junction,76.42,E0037692,E0036427,2,below the project's stated 85 deg deviation,purpose-made chamber with a swept/curved channel. NOT a bend chamber: the user refused that on 2026-08-20 (~200 chambers for no construction benefit)
N0024974,P0-SM-MH24974,450834.178,2574117.665,sub main,junction,76.42,E0025966,E0024215,2,below the project's stated 85 deg deviation,purpose-made chamber with a swept/curved channel. NOT a bend chamber: the user refused that on 2026-08-20 (~200 chambers for no construction benefit)
N0020083,P0-M-MH20083,447527.077,2572239.059,main,junction,76.46,E0020944,E0019324,2,below the project's stated 85 deg deviation,purpose-made chamber with a swept/curved channel. NOT a bend chamber: the user refused that on 2026-08-20 (~200 chambers for no construction benefit)
N0018700,P0-M-MH18700,456170.614,2567216.338,main,junction,76.46,E0019565,E0017941,2,below the project's stated 85 deg deviation,purpose-made chamber with a swept/curved channel. NOT a bend chamber: the user refused that on 2026-08-20 (~200 chambers for no construction benefit)
N0023169,P0-L-MH23169,461311.437,2577622.118,lateral,junction,76.53,E0024101,E0022410,2,below the project's stated 85 deg deviation,purpose-made chamber with a swept/curved channel. NOT a bend chamber: the user refused that on 2026-08-20 (~200 chambers for no construction benefit)
N0044978,P0-L-MH44978,448176.063,2566724.695,lateral,chamber,76.53,E0044218,E0044219,1,below the project's stated 85 deg deviation,purpose-made chamber with a swept/curved channel. NOT a bend chamber: the user refused that on 2026-08-20 (~200 chambers for no construction benefit)
N0042096,P0-M-MH42096,446472.174,2572573.902,main,junction,76.56,E0042214,E0041337,2,below the project's stated 85 deg deviation,purpose-made chamber with a swept/curved channel. NOT a bend chamber: the user refused that on 2026-08-20 (~200 chambers for no construction benefit)
N0028763,P0-M-MH28763,446606.313,2571299.367,main,junction,76.56,E0029675,E0028004,2,below the project's stated 85 deg deviation,purpose-made chamber with a swept/curved channel. NOT a bend chamber: the user refused that on 2026-08-20 (~200 chambers for no construction benefit)
N0010040,P0-M-MH10040,461495.226,2566765.541,main,junction,76.56,E0011085,E0009281,2,below the project's stated 85 deg deviation,purpose-made chamber with a swept/curved channel. NOT a bend chamber: the user refused that on 2026-08-20 (~200 chambers for no construction benefit)
N0021912,P0-M-MH21912,447796.605,2570908.013,main,junction,76.56,E0023029,E0021153,2,below the project's stated 85 deg deviation,purpose-made chamber with a swept/curved channel. NOT a bend chamber: the user refused that on 2026-08-20 (~200 chambers for no construction benefit)
N0009844,P0-M-MH9844,447499.964,2570710.479,main,junction,76.56,E0010863,E0009085,2,below the project's stated 85 deg deviation,purpose-made chamber with a swept/curved channel. NOT a bend chamber: the user refused that on 2026-08-20 (~200 chambers for no construction benefit)
N0022658,P0-SM-MH22658,459632.198,2569471.126,sub main,junction,76.57,E0023660,E0021899,2,below the project's stated 85 deg deviation,purpose-made chamber with a swept/curved channel. NOT a bend chamber: the user refused that on 2026-08-20 (~200 chambers for no construction benefit)
N0038724,P0-L-MH38724,453450.442,2574374.796,lateral,chamber,76.6,E0037964,E0037965,1,below the project's stated 85 deg deviation,purpose-made chamber with a swept/curved channel. NOT a bend chamber: the user refused that on 2026-08-20 (~200 chambers for no construction benefit)
N0041356,P0-L-MH41356,465454.217,2578238.321,lateral,junction,76.62,E0041518,E0040597,2,below the project's stated 85 deg deviation,purpose-made chamber with a swept/curved channel. NOT a bend chamber: the user refused that on 2026-08-20 (~200 chambers for no construction benefit)
N0032457,P0-L-MH32457,448798.947,2570297.794,lateral,junction,76.62,E0033177,E0031698,2,below the project's stated 85 deg deviation,purpose-made chamber with a swept/curved channel. NOT a bend chamber: the user refused that on 2026-08-20 (~200 chambers for no construction benefit)
N0002129,P0-L-MH2129,448789.111,2562413.568,lateral,junction,76.73,E0006824,E0001927,2,below the project's stated 85 deg deviation,purpose-made chamber with a swept/curved channel. NOT a bend chamber: the user refused that on 2026-08-20 (~200 chambers for no construction benefit)
N0024282,P0-M-MH24282,464372.137,2576661.598,main,chamber,76.75,E0025170,E0023523,1,below the project's stated 85 deg deviation,purpose-made chamber with a swept/curved channel. NOT a bend chamber: the user refused that on 2026-08-20 (~200 chambers for no construction benefit)
N0043922,P0-L-MH43922,448224.572,2567706.289,lateral,chamber,76.75,E0043162,E0043163,1,below the project's stated 85 deg deviation,purpose-made chamber with a swept/curved channel. NOT a bend chamber: the user refused that on 2026-08-20 (~200 chambers for no construction benefit)
N0020985,P0-L-MH20985,449258.131,2570063.967,lateral,chamber,76.79,E0020225,E0020226,1,below the project's stated 85 deg deviation,purpose-made chamber with a swept/curved channel. NOT a bend chamber: the user refused that on 2026-08-20 (~200 chambers for no construction benefit)
N0043436,P0-L-MH43436,442409.147,2558523.083,lateral,junction,76.79,E0043306,E0042677,2,below the project's stated 85 deg deviation,purpose-made chamber with a swept/curved channel. NOT a bend chamber: the user refused that on 2026-08-20 (~200 chambers for no construction benefit)
N0002387,P0-M-MH2387,450794.261,2563054.415,main,junction,76.9,E0006958,E0002156,2,below the project's stated 85 deg deviation,purpose-made chamber with a swept/curved channel. NOT a bend chamber: the user refused that on 2026-08-20 (~200 chambers for no construction benefit)
N0049724,P0-M-MH49724,442790.797,2569619.696,main,junction,76.92,E0049005,E0048965,2,below the project's stated 85 deg deviation,purpose-made chamber with a swept/curved channel. NOT a bend chamber: the user refused that on 2026-08-20 (~200 chambers for no construction benefit)
N0038748,P0-M-MH38748,450272.815,2567385.316,main,junction,76.96,E0039080,E0037989,2,below the project's stated 85 deg deviation,purpose-made chamber with a swept/curved channel. NOT a bend chamber: the user refused that on 2026-08-20 (~200 chambers for no construction benefit)
N0024842,P0-M-MH24842,444267.506,2560542.13,main,junction,76.97,E0025808,E0024083,2,below the project's stated 85 deg deviation,purpose-made chamber with a swept/curved channel. NOT a bend chamber: the user refused that on 2026-08-20 (~200 chambers for no construction benefit)
N0013600,P0-L-MH13600,472090.523,2562267.093,lateral,junction,76.99,E0014696,E0012841,2,below the project's stated 85 deg deviation,purpose-made chamber with a swept/curved channel. NOT a bend chamber: the user refused that on 2026-08-20 (~200 chambers for no construction benefit)
N0048794,P0-L-MH48794,453957.717,2577549.401,lateral,junction,76.99,E0048130,E0048035,2,below the project's stated 85 deg deviation,purpose-made chamber with a swept/curved channel. NOT a bend chamber: the user refused that on 2026-08-20 (~200 chambers for no construction benefit)
N0006749,P0-M-MH6749,455275.371,2569386.648,main,junction,76.99,E0008839,E0005990,2,below the project's stated 85 deg deviation,purpose-made chamber with a swept/curved channel. NOT a bend chamber: the user refused that on 2026-08-20 (~200 chambers for no construction benefit)
N0025636,P0-M-MH25636,466340.984,2576870.107,main,junction,76.99,E0026645,E0024877,2,below the project's stated 85 deg deviation,purpose-made chamber with a swept/curved channel. NOT a bend chamber: the user refused that on 2026-08-20 (~200 chambers for no construction benefit)
N0028027,P0-M-MH28027,465483.885,2576309.449,main,junction,76.99,E0028753,E0027268,2,below the project's stated 85 deg deviation,purpose-made chamber with a swept/curved channel. NOT a bend chamber: the user refused that on 2026-08-20 (~200 chambers for no construction benefit)
N0023856,P0-TM-MH23856,446431.49,2564503.787,trunk main,junction,77.04,E0024862,E0023097,3,below the project's stated 85 deg deviation,purpose-made chamber with a swept/curved channel. NOT a bend chamber: the user refused that on 2026-08-20 (~200 chambers for no construction benefit)
N0009393,P0-M-MH9393,458361.584,2569599.325,main,junction,77.06,E0010531,E0008634,2,below the project's stated 85 deg deviation,purpose-made chamber with a swept/curved channel. NOT a bend chamber: the user refused that on 2026-08-20 (~200 chambers for no construction benefit)
N0031204,P0-M-MH31204,458785.079,2576887.968,main,junction,77.08,E0032020,E0030445,2,below the project's stated 85 deg deviation,purpose-made chamber with a swept/curved channel. NOT a bend chamber: the user refused that on 2026-08-20 (~200 chambers for no construction benefit)
N0029222,P0-SM-MH29222,448927.982,2568810.172,sub main,junction,77.08,E0030274,E0028463,2,below the project's stated 85 deg deviation,purpose-made chamber with a swept/curved channel. NOT a bend chamber: the user refused that on 2026-08-20 (~200 chambers for no construction benefit)
N0037324,P0-L-MH37324,462170.935,2576056.365,lateral,junction,77.16,E0037797,E0036565,2,below the project's stated 85 deg deviation,purpose-made chamber with a swept/curved channel. NOT a bend chamber: the user refused that on 2026-08-20 (~200 chambers for no construction benefit)
N0039576,P0-M-MH39576,475231.829,2575869.331,main,junction,77.16,E0039924,E0038817,2,below the project's stated 85 deg deviation,purpose-made chamber with a swept/curved channel. NOT a bend chamber: the user refused that on 2026-08-20 (~200 chambers for no construction benefit)
N0011467,P0-SM-MH11467,466228.653,2566888.773,sub main,junction,77.21,E0012603,E0010708,2,below the project's stated 85 deg deviation,purpose-made chamber with a swept/curved channel. NOT a bend chamber: the user refused that on 2026-08-20 (~200 chambers for no construction benefit)
N0040321,P0-L-MH40321,447841.73,2563950.699,lateral,junction,77.26,E0040551,E0039562,2,below the project's stated 85 deg deviation,purpose-made chamber with a swept/curved channel. NOT a bend chamber: the user refused that on 2026-08-20 (~200 chambers for no construction benefit)
N0043007,P0-L-MH43007,448015.072,2566351.992,lateral,junction,77.28,E0042952,E0042248,2,below the project's stated 85 deg deviation,purpose-made chamber with a swept/curved channel. NOT a bend chamber: the user refused that on 2026-08-20 (~200 chambers for no construction benefit)
N0035224,P0-M-MH35224,465361.564,2578004.922,main,junction,77.29,E0035968,E0034465,2,below the project's stated 85 deg deviation,purpose-made chamber with a swept/curved channel. NOT a bend chamber: the user refused that on 2026-08-20 (~200 chambers for no construction benefit)
N0038725,P0-L-MH38725,453292.355,2576291.186,lateral,junction,77.29,E0039072,E0037966,3,below the project's stated 85 deg deviation,purpose-made chamber with a swept/curved channel. NOT a bend chamber: the user refused that on 2026-08-20 (~200 chambers for no construction benefit)
N0035436,P0-L-MH35436,460685.017,2569832.908,lateral,chamber,77.39,E0034676,E0034677,1,below the project's stated 85 deg deviation,purpose-made chamber with a swept/curved channel. NOT a bend chamber: the user refused that on 2026-08-20 (~200 chambers for no construction benefit)
N0049066,P0-SM-MH49066,442237.065,2569368.145,sub main,junction,77.41,E0048369,E0048307,2,below the project's stated 85 deg deviation,purpose-made chamber with a swept/curved channel. NOT a bend chamber: the user refused that on 2026-08-20 (~200 chambers for no construction benefit)
N0018885,P0-L-MH18885,457263.717,2577156.294,lateral,junction,77.45,E0019691,E0018126,2,below the project's stated 85 deg deviation,purpose-made chamber with a swept/curved channel. NOT a bend chamber: the user refused that on 2026-08-20 (~200 chambers for no construction benefit)
N0032423,P0-L-MH32423,460000.889,2569200.845,lateral,junction,77.46,E0033091,E0031664,2,below the project's stated 85 deg deviation,purpose-made chamber with a swept/curved channel. NOT a bend chamber: the user refused that on 2026-08-20 (~200 chambers for no construction benefit)
N0039367,P0-L-MH39367,448717.1,2570229.881,lateral,chamber,77.46,E0038607,E0038608,1,below the project's stated 85 deg deviation,purpose-made chamber with a swept/curved channel. NOT a bend chamber: the user refused that on 2026-08-20 (~200 chambers for no construction benefit)
N0026365,P0-M-MH26365,463241.976,2576251.379,main,junction,77.47,E0027350,E0025606,2,below the project's stated 85 deg deviation,purpose-made chamber with a swept/curved channel. NOT a bend chamber: the user refused that on 2026-08-20 (~200 chambers for no construction benefit)
N0040267,P0-M-MH40267,465888.026,2577741.228,main,junction,77.47,E0040495,E0039508,2,below the project's stated 85 deg deviation,purpose-made chamber with a swept/curved channel. NOT a bend chamber: the user refused that on 2026-08-20 (~200 chambers for no construction benefit)
N0004573,P0-L-MH4573,446198.305,2566350.904,lateral,junction,77.54,E0007565,E0004038,2,below the project's stated 85 deg deviation,purpose-made chamber with a swept/curved channel. NOT a bend chamber: the user refused that on 2026-08-20 (~200 chambers for no construction benefit)
N0043454,P0-M-MH43454,453771.887,2575776.604,main,junction,77.58,E0043335,E0042695,2,below the project's stated 85 deg deviation,purpose-made chamber with a swept/curved channel. NOT a bend chamber: the user refused that on 2026-08-20 (~200 chambers for no construction benefit)
N0031469,P0-M-MH31469,446548.16,2560037.229,main,junction,77.58,E0032208,E0030710,2,below the project's stated 85 deg deviation,purpose-made chamber with a swept/curved channel. NOT a bend chamber: the user refused that on 2026-08-20 (~200 chambers for no construction benefit)
N0020904,P0-M-MH20904,463899.323,2578839.868,main,junction,77.59,E0021825,E0020145,2,below the project's stated 85 deg deviation,purpose-made chamber with a swept/curved channel. NOT a bend chamber: the user refused that on 2026-08-20 (~200 chambers for no construction benefit)
N0024648,P0-M-MH24648,451388.704,2568465.068,main,junction,77.6,E0025505,E0023889,2,below the project's stated 85 deg deviation,purpose-made chamber with a swept/curved channel. NOT a bend chamber: the user refused that on 2026-08-20 (~200 chambers for no construction benefit)
N0031107,P0-M-MH31107,448413.967,2569532.904,main,junction,77.6,E0031859,E0030348,2,below the project's stated 85 deg deviation,purpose-made chamber with a swept/curved channel. NOT a bend chamber: the user refused that on 2026-08-20 (~200 chambers for no construction benefit)
N0039049,P0-M-MH39049,468876.024,2575360.24,main,junction,77.62,E0039391,E0038290,2,below the project's stated 85 deg deviation,purpose-made chamber with a swept/curved channel. NOT a bend chamber: the user refused that on 2026-08-20 (~200 chambers for no construction benefit)
N0027357,P0-TM-MH27357,446695.933,2565030.009,trunk main,junction,77.63,E0028124,E0026598,3,below the project's stated 85 deg deviation,purpose-made chamber with a swept/curved channel. NOT a bend chamber: the user refused that on 2026-08-20 (~200 chambers for no construction benefit)
N0038722,P0-L-MH38722,453517.249,2574351.909,lateral,chamber,77.63,E0037962,E0037963,1,below the project's stated 85 deg deviation,purpose-made chamber with a swept/curved channel. NOT a bend chamber: the user refused that on 2026-08-20 (~200 chambers for no construction benefit)
N0029795,P0-L-MH29795,464726.326,2575929.61,lateral,chamber,77.66,E0029035,E0029036,1,below the project's stated 85 deg deviation,purpose-made chamber with a swept/curved channel. NOT a bend chamber: the user refused that on 2026-08-20 (~200 chambers for no construction benefit)
N0040654,P0-M-MH40654,455500.305,2571223.29,main,junction,77.69,E0040804,E0039895,2,below the project's stated 85 deg deviation,purpose-made chamber with a swept/curved channel. NOT a bend chamber: the user refused that on 2026-08-20 (~200 chambers for no construction benefit)
N0019819,P0-L-MH19819,452855.666,2574013.645,lateral,junction,77.71,E0020651,E0019060,2,below the project's stated 85 deg deviation,purpose-made chamber with a swept/curved channel. NOT a bend chamber: the user refused that on 2026-08-20 (~200 chambers for no construction benefit)
N0047921,P0-L-MH47921,458046.833,2571349.347,lateral,junction,77.72,E0047276,E0047162,2,below the project's stated 85 deg deviation,purpose-made chamber with a swept/curved channel. NOT a bend chamber: the user refused that on 2026-08-20 (~200 chambers for no construction benefit)
N0043771,P0-L-MH43771,448399.169,2565085.59,lateral,chamber,77.74,E0043011,E0043012,1,below the project's stated 85 deg deviation,purpose-made chamber with a swept/curved channel. NOT a bend chamber: the user refused that on 2026-08-20 (~200 chambers for no construction benefit)
N0006522,P0-SM-MH6522,455396.849,2567995.408,sub main,junction,77.74,E0008507,E0005763,2,below the project's stated 85 deg deviation,purpose-made chamber with a swept/curved channel. NOT a bend chamber: the user refused that on 2026-08-20 (~200 chambers for no construction benefit)
N0018509,P0-M-MH18509,466346.34,2566245.107,main,junction,77.75,E0019368,E0017750,2,below the project's stated 85 deg deviation,purpose-made chamber with a swept/curved channel. NOT a bend chamber: the user refused that on 2026-08-20 (~200 chambers for no construction benefit)
N0013097,P0-SM-MH13097,435632.046,2575932.077,sub main,junction,77.76,E0014193,E0012338,2,below the project's stated 85 deg deviation,purpose-made chamber with a swept/curved channel. NOT a bend chamber: the user refused that on 2026-08-20 (~200 chambers for no construction benefit)
N0000679,P0-M-MH0679,454911.939,2567805.977,main,junction,77.79,E0005811,E0000612,2,below the project's stated 85 deg deviation,purpose-made chamber with a swept/curved channel. NOT a bend chamber: the user refused that on 2026-08-20 (~200 chambers for no construction benefit)
N0032170,P0-M-MH32170,467813.127,2575878.949,main,chamber,77.8,E0031410,E0031411,1,below the project's stated 85 deg deviation,purpose-made chamber with a swept/curved channel. NOT a bend chamber: the user refused that on 2026-08-20 (~200 chambers for no construction benefit)
N0046312,P0-M-MH46312,461643.535,2576382.774,main,junction,77.81,E0045868,E0045553,2,below the project's stated 85 deg deviation,purpose-made chamber with a swept/curved channel. NOT a bend chamber: the user refused that on 2026-08-20 (~200 chambers for no construction benefit)
N0033177,P0-M-MH33177,459225.478,2567705.564,main,junction,77.85,E0033974,E0032418,2,below the project's stated 85 deg deviation,purpose-made chamber with a swept/curved channel. NOT a bend chamber: the user refused that on 2026-08-20 (~200 chambers for no construction benefit)
N0045050,P0-M-MH45050,460724.777,2576334.499,main,junction,77.86,E0044752,E0044291,2,below the project's stated 85 deg deviation,purpose-made chamber with a swept/curved channel. NOT a bend chamber: the user refused that on 2026-08-20 (~200 chambers for no construction benefit)
N0030176,P0-L-MH30176,451331.176,2563535.781,lateral,junction,77.86,E0030988,E0029417,2,below the project's stated 85 deg deviation,purpose-made chamber with a swept/curved channel. NOT a bend chamber: the user refused that on 2026-08-20 (~200 chambers for no construction benefit)
N0046841,P0-M-MH46841,461159.369,2580618.994,main,junction,77.9,E0046349,E0046082,2,below the project's stated 85 deg deviation,purpose-made chamber with a swept/curved channel. NOT a bend chamber: the user refused that on 2026-08-20 (~200 chambers for no construction benefit)
N0013176,P0-SM-MH13176,461357.369,2579853.994,sub main,junction,77.93,E0014237,E0012417,2,below the project's stated 85 deg deviation,purpose-made chamber with a swept/curved channel. NOT a bend chamber: the user refused that on 2026-08-20 (~200 chambers for no construction benefit)
N0023475,P0-M-MH23475,457915.434,2568101.657,main,junction,77.98,E0024374,E0022716,2,below the project's stated 85 deg deviation,purpose-made chamber with a swept/curved channel. NOT a bend chamber: the user refused that on 2026-08-20 (~200 chambers for no construction benefit)
N0026700,P0-SM-MH26700,452720.335,2574853.05,sub main,chamber,78.02,E0025940,E0025941,1,below the project's stated 85 deg deviation,purpose-made chamber with a swept/curved channel. NOT a bend chamber: the user refused that on 2026-08-20 (~200 chambers for no construction benefit)
N0009668,P0-SM-MH9668,466127.311,2566392.948,sub main,junction,78.06,E0010725,E0008909,2,below the project's stated 85 deg deviation,purpose-made chamber with a swept/curved channel. NOT a bend chamber: the user refused that on 2026-08-20 (~200 chambers for no construction benefit)
N0027056,P0-L-MH27056,448623.732,2572183.222,lateral,junction,78.14,E0027900,E0026297,2,below the project's stated 85 deg deviation,purpose-made chamber with a swept/curved channel. NOT a bend chamber: the user refused that on 2026-08-20 (~200 chambers for no construction benefit)
N0045100,P0-L-MH45100,448200.704,2567852.077,lateral,chamber,78.15,E0044340,E0044341,1,below the project's stated 85 deg deviation,purpose-made chamber with a swept/curved channel. NOT a bend chamber: the user refused that on 2026-08-20 (~200 chambers for no construction benefit)
N0039731,P0-M-MH39731,453591.857,2575440.021,main,junction,78.16,E0040078,E0038972,2,below the project's stated 85 deg deviation,purpose-made chamber with a swept/curved channel. NOT a bend chamber: the user refused that on 2026-08-20 (~200 chambers for no construction benefit)
N0016190,P0-L-MH16190,463759.521,2566971.923,lateral,junction,78.21,E0017115,E0015431,2,below the project's stated 85 deg deviation,purpose-made chamber with a swept/curved channel. NOT a bend chamber: the user refused that on 2026-08-20 (~200 chambers for no construction benefit)
N0033040,P0-M-MH33040,453123.355,2576229.186,main,junction,78.21,E0033839,E0032281,2,below the project's stated 85 deg deviation,purpose-made chamber with a swept/curved channel. NOT a bend chamber: the user refused that on 2026-08-20 (~200 chambers for no construction benefit)
N0012234,P0-L-MH12234,450179.992,2569665.145,lateral,junction,78.21,E0013332,E0011475,2,below the project's stated 85 deg deviation,purpose-made chamber with a swept/curved channel. NOT a bend chamber: the user refused that on 2026-08-20 (~200 chambers for no construction benefit)
N0018512,P0-SM-MH18512,466503.295,2565827.883,sub main,junction,78.22,E0019357,E0017753,2,below the project's stated 85 deg deviation,purpose-made chamber with a swept/curved channel. NOT a bend chamber: the user refused that on 2026-08-20 (~200 chambers for no construction benefit)
N0024042,P0-L-MH24042,445918.294,2562380.276,lateral,junction,78.23,E0024981,E0023283,2,below the project's stated 85 deg deviation,purpose-made chamber with a swept/curved channel. NOT a bend chamber: the user refused that on 2026-08-20 (~200 chambers for no construction benefit)
N0032612,P0-M-MH32612,448286.871,2569326.29,main,junction,78.23,E0033344,E0031853,2,below the project's stated 85 deg deviation,purpose-made chamber with a swept/curved channel. NOT a bend chamber: the user refused that on 2026-08-20 (~200 chambers for no construction benefit)
N0014088,P0-L-MH14088,450145.843,2569444.094,lateral,junction,78.23,E0015254,E0013329,2,below the project's stated 85 deg deviation,purpose-made chamber with a swept/curved channel. NOT a bend chamber: the user refused that on 2026-08-20 (~200 chambers for no construction benefit)
N0030909,P0-M-MH30909,446983.578,2563093.312,main,chamber,78.24,E0030149,E0030150,1,below the project's stated 85 deg deviation,purpose-made chamber with a swept/curved channel. NOT a bend chamber: the user refused that on 2026-08-20 (~200 chambers for no construction benefit)
N0012950,P0-M-MH12950,451977.551,2571873.701,main,junction,78.26,E0013929,E0012191,2,below the project's stated 85 deg deviation,purpose-made chamber with a swept/curved channel. NOT a bend chamber: the user refused that on 2026-08-20 (~200 chambers for no construction benefit)
N0020775,P0-L-MH20775,449429.108,2569479.043,lateral,junction,78.27,E0021729,E0020016,2,below the project's stated 85 deg deviation,purpose-made chamber with a swept/curved channel. NOT a bend chamber: the user refused that on 2026-08-20 (~200 chambers for no construction benefit)
N0043679,P0-L-MH43679,445548.174,2572273.902,lateral,chamber,78.27,E0042919,E0042920,1,below the project's stated 85 deg deviation,purpose-made chamber with a swept/curved channel. NOT a bend chamber: the user refused that on 2026-08-20 (~200 chambers for no construction benefit)
N0014523,P0-L-MH14523,449103.516,2567570.572,lateral,junction,78.29,E0015460,E0013764,2,below the project's stated 85 deg deviation,purpose-made chamber with a swept/curved channel. NOT a bend chamber: the user refused that on 2026-08-20 (~200 chambers for no construction benefit)
N0014239,P0-L-MH14239,446439.64,2567308.41,lateral,junction,78.31,E0015155,E0013480,2,below the project's stated 85 deg deviation,purpose-made chamber with a swept/curved channel. NOT a bend chamber: the user refused that on 2026-08-20 (~200 chambers for no construction benefit)
N0031008,P0-L-MH31008,449368.45,2568678.448,lateral,junction,78.31,E0031759,E0030249,2,below the project's stated 85 deg deviation,purpose-made chamber with a swept/curved channel. NOT a bend chamber: the user refused that on 2026-08-20 (~200 chambers for no construction benefit)
N0048128,P0-SM-MH48128,454268.717,2577610.401,sub main,junction,78.32,E0047471,E0047369,2,below the project's stated 85 deg deviation,purpose-made chamber with a swept/curved channel. NOT a bend chamber: the user refused that on 2026-08-20 (~200 chambers for no construction benefit)
N0012542,P0-L-MH12542,450165.136,2568124.671,lateral,chamber,78.32,E0011782,E0011783,1,below the project's stated 85 deg deviation,purpose-made chamber with a swept/curved channel. NOT a bend chamber: the user refused that on 2026-08-20 (~200 chambers for no construction benefit)
N0041912,P0-M-MH41912,453664.585,2565823.321,main,junction,78.32,E0042050,E0041153,2,below the project's stated 85 deg deviation,purpose-made chamber with a swept/curved channel. NOT a bend chamber: the user refused that on 2026-08-20 (~200 chambers for no construction benefit)
N0017297,P0-TM-MH17297,445736.673,2563232.226,trunk main,junction,78.36,E0018276,E0016538,3,below the project's stated 85 deg deviation,purpose-made chamber with a swept/curved channel. NOT a bend chamber: the user refused that on 2026-08-20 (~200 chambers for no construction benefit)
N0014099,P0-M-MH14099,454227.019,2574966.336,main,junction,78.36,E0015106,E0013340,2,below the project's stated 85 deg deviation,purpose-made chamber with a swept/curved channel. NOT a bend chamber: the user refused that on 2026-08-20 (~200 chambers for no construction benefit)
N0039520,P0-SM-MH39520,448524.725,2567947.627,sub main,junction,78.37,E0039935,E0038761,2,below the project's stated 85 deg deviation,purpose-made chamber with a swept/curved channel. NOT a bend chamber: the user refused that on 2026-08-20 (~200 chambers for no construction benefit)
N0023442,P0-M-MH23442,457589.735,2568147.167,main,junction,78.38,E0024317,E0022683,2,below the project's stated 85 deg deviation,purpose-made chamber with a swept/curved channel. NOT a bend chamber: the user refused that on 2026-08-20 (~200 chambers for no construction benefit)
N0021465,P0-L-MH21465,452351.524,2574642.094,lateral,chamber,78.38,E0020705,E0020706,1,below the project's stated 85 deg deviation,purpose-made chamber with a swept/curved channel. NOT a bend chamber: the user refused that on 2026-08-20 (~200 chambers for no construction benefit)
N0011037,P0-M-MH11037,448850.455,2567039.005,main,junction,78.42,E0011986,E0010278,2,below the project's stated 85 deg deviation,purpose-made chamber with a swept/curved channel. NOT a bend chamber: the user refused that on 2026-08-20 (~200 chambers for no construction benefit)
N0037490,P0-M-MH37490,453427.799,2574323.836,main,junction,78.42,E0037965,E0036731,2,below the project's stated 85 deg deviation,purpose-made chamber with a swept/curved channel. NOT a bend chamber: the user refused that on 2026-08-20 (~200 chambers for no construction benefit)
N0025078,P0-L-MH25078,458240.741,2568331.506,lateral,chamber,78.44,E0024318,E0024319,1,below the project's stated 85 deg deviation,purpose-made chamber with a swept/curved channel. NOT a bend chamber: the user refused that on 2026-08-20 (~200 chambers for no construction benefit)
N0043708,P0-L-MH43708,448099.907,2567165.131,lateral,junction,78.47,E0043591,E0042949,2,below the project's stated 85 deg deviation,purpose-made chamber with a swept/curved channel. NOT a bend chamber: the user refused that on 2026-08-20 (~200 chambers for no construction benefit)
N0018388,P0-M-MH18388,457972.316,2567052.276,main,junction,78.47,E0019275,E0017629,2,below the project's stated 85 deg deviation,purpose-made chamber with a swept/curved channel. NOT a bend chamber: the user refused that on 2026-08-20 (~200 chambers for no construction benefit)
N0045455,P0-L-MH45455,451128.25,2575101.305,lateral,junction,78.47,E0045135,E0044696,2,below the project's stated 85 deg deviation,purpose-made chamber with a swept/curved channel. NOT a bend chamber: the user refused that on 2026-08-20 (~200 chambers for no construction benefit)
N0042805,P0-L-MH42805,453728.773,2565765.269,lateral,junction,78.48,E0042818,E0042046,2,below the project's stated 85 deg deviation,purpose-made chamber with a swept/curved channel. NOT a bend chamber: the user refused that on 2026-08-20 (~200 chambers for no construction benefit)
N0032584,P0-M-MH32584,448381.06,2569557.43,main,junction,78.48,E0033314,E0031825,2,below the project's stated 85 deg deviation,purpose-made chamber with a swept/curved channel. NOT a bend chamber: the user refused that on 2026-08-20 (~200 chambers for no construction benefit)
N0039134,P0-L-MH39134,447581.043,2565756.494,lateral,chamber,78.49,E0038374,E0038375,1,below the project's stated 85 deg deviation,purpose-made chamber with a swept/curved channel. NOT a bend chamber: the user refused that on 2026-08-20 (~200 chambers for no construction benefit)
N0017355,P0-L-MH17355,451238.848,2566975.007,lateral,chamber,78.5,E0016595,E0016596,1,below the project's stated 85 deg deviation,purpose-made chamber with a swept/curved channel. NOT a bend chamber: the user refused that on 2026-08-20 (~200 chambers for no construction benefit)
N0039949,P0-L-MH39949,451462.307,2565299.109,lateral,chamber,78.57,E0039189,E0039190,1,below the project's stated 85 deg deviation,purpose-made chamber with a swept/curved channel. NOT a bend chamber: the user refused that on 2026-08-20 (~200 chambers for no construction benefit)
N0034778,P0-SM-MH34778,451325.647,2565067.626,sub main,junction,78.58,E0035455,E0034019,2,below the project's stated 85 deg deviation,purpose-made chamber with a swept/curved channel. NOT a bend chamber: the user refused that on 2026-08-20 (~200 chambers for no construction benefit)
N0028918,P0-L-MH28918,446594.052,2564403.061,lateral,junction,78.65,E0029816,E0028159,2,below the project's stated 85 deg deviation,purpose-made chamber with a swept/curved channel. NOT a bend chamber: the user refused that on 2026-08-20 (~200 chambers for no construction benefit)
N0049010,P0-L-MH49010,444491.639,2568898.076,lateral,junction,78.69,E0048298,E0048251,2,below the project's stated 85 deg deviation,purpose-made chamber with a swept/curved channel. NOT a bend chamber: the user refused that on 2026-08-20 (~200 chambers for no construction benefit)
N0033534,P0-M-MH33534,465717.674,2566862.421,main,junction,78.71,E0034256,E0032775,2,below the project's stated 85 deg deviation,purpose-made chamber with a swept/curved channel. NOT a bend chamber: the user refused that on 2026-08-20 (~200 chambers for no construction benefit)
N0044644,P0-M-MH44644,459785.259,2576173.506,main,junction,78.71,E0044444,E0043885,2,below the project's stated 85 deg deviation,purpose-made chamber with a swept/curved channel. NOT a bend chamber: the user refused that on 2026-08-20 (~200 chambers for no construction benefit)
N0024907,P0-SM-MH24907,452617.881,2574813.705,sub main,chamber,78.74,E0024147,E0024148,1,below the project's stated 85 deg deviation,purpose-made chamber with a swept/curved channel. NOT a bend chamber: the user refused that on 2026-08-20 (~200 chambers for no construction benefit)
N0027988,P0-L-MH27988,464718.326,2576071.61,lateral,junction,78.84,E0028620,E0027229,2,below the project's stated 85 deg deviation,purpose-made chamber with a swept/curved channel. NOT a bend chamber: the user refused that on 2026-08-20 (~200 chambers for no construction benefit)
N0019029,P0-L-MH19029,445845.875,2563481.851,lateral,chamber,78.84,E0018269,E0018270,1,below the project's stated 85 deg deviation,purpose-made chamber with a swept/curved channel. NOT a bend chamber: the user refused that on 2026-08-20 (~200 chambers for no construction benefit)
N0048488,P0-M-MH48488,445488.415,2568761.395,main,junction,78.85,E0047881,E0047729,2,below the project's stated 85 deg deviation,purpose-made chamber with a swept/curved channel. NOT a bend chamber: the user refused that on 2026-08-20 (~200 chambers for no construction benefit)
N0028777,P0-L-MH28777,447080.147,2571067.177,lateral,junction,78.85,E0029687,E0028018,2,below the project's stated 85 deg deviation,purpose-made chamber with a swept/curved channel. NOT a bend chamber: the user refused that on 2026-08-20 (~200 chambers for no construction benefit)
N0019392,P0-L-MH19392,459296.524,2569151.821,lateral,junction,78.86,E0020264,E0018633,2,below the project's stated 85 deg deviation,purpose-made chamber with a swept/curved channel. NOT a bend chamber: the user refused that on 2026-08-20 (~200 chambers for no construction benefit)
N0034072,P0-L-MH34072,448299.349,2569564.711,lateral,junction,78.86,E0034785,E0033313,2,below the project's stated 85 deg deviation,purpose-made chamber with a swept/curved channel. NOT a bend chamber: the user refused that on 2026-08-20 (~200 chambers for no construction benefit)
N0039675,P0-M-MH39675,456996.654,2571238.272,main,junction,78.86,E0040001,E0038916,2,below the project's stated 85 deg deviation,purpose-made chamber with a swept/curved channel. NOT a bend chamber: the user refused that on 2026-08-20 (~200 chambers for no construction benefit)
N0041167,P0-L-MH41167,460252.588,2578677.134,lateral,junction,78.88,E0041383,E0040408,2,below the project's stated 85 deg deviation,purpose-made chamber with a swept/curved channel. NOT a bend chamber: the user refused that on 2026-08-20 (~200 chambers for no construction benefit)
N0006116,P0-TM-MH6116,445246.476,2567656.199,trunk main,junction,78.89,E0008379,E0005357,2,below the project's stated 85 deg deviation,purpose-made chamber with a swept/curved channel. NOT a bend chamber: the user refused that on 2026-08-20 (~200 chambers for no construction benefit)
N0026880,P0-L-MH26880,457838.434,2568059.657,lateral,junction,78.92,E0027736,E0026121,2,below the project's stated 85 deg deviation,purpose-made chamber with a swept/curved channel. NOT a bend chamber: the user refused that on 2026-08-20 (~200 chambers for no construction benefit)
N0044046,P0-M-MH44046,459700.259,2576242.506,main,junction,78.92,E0043888,E0043287,2,below the project's stated 85 deg deviation,purpose-made chamber with a swept/curved channel. NOT a bend chamber: the user refused that on 2026-08-20 (~200 chambers for no construction benefit)
N0020527,P0-M-MH20527,460704.372,2578731.157,main,junction,78.96,E0021407,E0019768,2,below the project's stated 85 deg deviation,purpose-made chamber with a swept/curved channel. NOT a bend chamber: the user refused that on 2026-08-20 (~200 chambers for no construction benefit)
N0048248,P0-L-MH48248,441775.309,2564683.085,lateral,junction,79.0,E0047594,E0047489,2,below the project's stated 85 deg deviation,purpose-made chamber with a swept/curved channel. NOT a bend chamber: the user refused that on 2026-08-20 (~200 chambers for no construction benefit)
N0014651,P0-L-MH14651,452099.754,2566830.847,lateral,chamber,79.07,E0013891,E0013892,1,below the project's stated 85 deg deviation,purpose-made chamber with a swept/curved channel. NOT a bend chamber: the user refused that on 2026-08-20 (~200 chambers for no construction benefit)
N0043927,P0-SM-MH43927,448091.827,2567655.724,sub main,junction,79.12,E0043773,E0043168,2,below the project's stated 85 deg deviation,purpose-made chamber with a swept/curved channel. NOT a bend chamber: the user refused that on 2026-08-20 (~200 chambers for no construction benefit)
N0023293,P0-L-MH23293,451229.178,2574275.665,lateral,junction,79.13,E0024207,E0022534,2,below the project's stated 85 deg deviation,purpose-made chamber with a swept/curved channel. NOT a bend chamber: the user refused that on 2026-08-20 (~200 chambers for no construction benefit)
N0017312,P0-TM-MH17312,470710.674,2574594.18,trunk main,junction,79.14,E0018185,E0016553,3,below the project's stated 85 deg deviation,purpose-made chamber with a swept/curved channel. NOT a bend chamber: the user refused that on 2026-08-20 (~200 chambers for no construction benefit)
N0044078,P0-M-MH44078,442744.026,2558563.65,main,chamber,79.17,E0043318,E0043319,1,below the project's stated 85 deg deviation,purpose-made chamber with a swept/curved channel. NOT a bend chamber: the user refused that on 2026-08-20 (~200 chambers for no construction benefit)
N0024504,P0-L-MH24504,453605.288,2573219.182,lateral,chamber,79.2,E0023744,E0023745,1,below the project's stated 85 deg deviation,purpose-made chamber with a swept/curved channel. NOT a bend chamber: the user refused that on 2026-08-20 (~200 chambers for no construction benefit)
N0039145,P0-L-MH39145,446614.305,2565673.91,lateral,junction,79.22,E0039494,E0038386,3,below the project's stated 85 deg deviation,purpose-made chamber with a swept/curved channel. NOT a bend chamber: the user refused that on 2026-08-20 (~200 chambers for no construction benefit)
N0032293,P0-M-MH32293,465262.564,2578051.922,main,junction,79.23,E0033016,E0031534,2,below the project's stated 85 deg deviation,purpose-made chamber with a swept/curved channel. NOT a bend chamber: the user refused that on 2026-08-20 (~200 chambers for no construction benefit)
N0044738,P0-M-MH44738,454793.249,2576479.995,main,junction,79.24,E0044552,E0043979,2,below the project's stated 85 deg deviation,purpose-made chamber with a swept/curved channel. NOT a bend chamber: the user refused that on 2026-08-20 (~200 chambers for no construction benefit)
N0031148,P0-L-MH31148,447968.775,2569836.133,lateral,junction,79.25,E0031888,E0030389,2,below the project's stated 85 deg deviation,purpose-made chamber with a swept/curved channel. NOT a bend chamber: the user refused that on 2026-08-20 (~200 chambers for no construction benefit)
N0024460,P0-M-MH24460,450552.794,2569680.439,main,junction,79.25,E0025577,E0023701,3,below the project's stated 85 deg deviation,purpose-made chamber with a swept/curved channel. NOT a bend chamber: the user refused that on 2026-08-20 (~200 chambers for no construction benefit)
N0006286,P0-L-MH6286,453637.071,2574112.975,lateral,junction,79.26,E0008217,E0005527,2,below the project's stated 85 deg deviation,purpose-made chamber with a swept/curved channel. NOT a bend chamber: the user refused that on 2026-08-20 (~200 chambers for no construction benefit)
N0015378,P0-M-MH15378,447294.964,2571032.479,main,junction,79.27,E0016315,E0014619,2,below the project's stated 85 deg deviation,purpose-made chamber with a swept/curved channel. NOT a bend chamber: the user refused that on 2026-08-20 (~200 chambers for no construction benefit)
N0009840,P0-SM-MH9840,447372.964,2571377.479,sub main,junction,79.27,E0010858,E0009081,2,below the project's stated 85 deg deviation,purpose-made chamber with a swept/curved channel. NOT a bend chamber: the user refused that on 2026-08-20 (~200 chambers for no construction benefit)
N0027447,P0-SM-MH27447,446956.088,2564032.255,sub main,junction,79.28,E0028207,E0026688,2,below the project's stated 85 deg deviation,purpose-made chamber with a swept/curved channel. NOT a bend chamber: the user refused that on 2026-08-20 (~200 chambers for no construction benefit)
N0016229,P0-L-MH16229,450526.719,2569986.856,lateral,junction,79.29,E0016986,E0015470,2,below the project's stated 85 deg deviation,purpose-made chamber with a swept/curved channel. NOT a bend chamber: the user refused that on 2026-08-20 (~200 chambers for no construction benefit)
N0043100,P0-L-MH43100,448760.664,2565103.614,lateral,junction,79.29,E0043030,E0042341,2,below the project's stated 85 deg deviation,purpose-made chamber with a swept/curved channel. NOT a bend chamber: the user refused that on 2026-08-20 (~200 chambers for no construction benefit)
N0014525,P0-M-MH14525,448943.454,2567532.662,main,junction,79.29,E0015510,E0013766,2,below the project's stated 85 deg deviation,purpose-made chamber with a swept/curved channel. NOT a bend chamber: the user refused that on 2026-08-20 (~200 chambers for no construction benefit)
N0049952,P0-L-MH49952,443016.797,2569799.696,lateral,junction,79.3,E0049218,E0049193,2,below the project's stated 85 deg deviation,purpose-made chamber with a swept/curved channel. NOT a bend chamber: the user refused that on 2026-08-20 (~200 chambers for no construction benefit)
N0009231,P0-L-MH9231,455478.488,2568059.384,lateral,junction,79.31,E0010241,E0008472,2,below the project's stated 85 deg deviation,purpose-made chamber with a swept/curved channel. NOT a bend chamber: the user refused that on 2026-08-20 (~200 chambers for no construction benefit)
N0032118,P0-M-MH32118,460173.795,2578683.199,main,chamber,79.32,E0031358,E0031359,1,below the project's stated 85 deg deviation,purpose-made chamber with a swept/curved channel. NOT a bend chamber: the user refused that on 2026-08-20 (~200 chambers for no construction benefit)
N0035989,P0-L-MH35989,453205.781,2574996.172,lateral,chamber,79.36,E0035229,E0035230,1,below the project's stated 85 deg deviation,purpose-made chamber with a swept/curved channel. NOT a bend chamber: the user refused that on 2026-08-20 (~200 chambers for no construction benefit)
N0037271,P0-M-MH37271,457967.552,2570756.548,main,junction,79.37,E0037757,E0036512,2,below the project's stated 85 deg deviation,purpose-made chamber with a swept/curved channel. NOT a bend chamber: the user refused that on 2026-08-20 (~200 chambers for no construction benefit)
N0023595,P0-M-MH23595,450320.015,2571526.484,main,junction,79.37,E0024581,E0022836,2,below the project's stated 85 deg deviation,purpose-made chamber with a swept/curved channel. NOT a bend chamber: the user refused that on 2026-08-20 (~200 chambers for no construction benefit)
N0021153,P0-L-MH21153,455423.899,2568991.616,lateral,chamber,79.37,E0020393,E0020394,1,below the project's stated 85 deg deviation,purpose-made chamber with a swept/curved channel. NOT a bend chamber: the user refused that on 2026-08-20 (~200 chambers for no construction benefit)
N0031508,P0-L-MH31508,452848.767,2574815.562,lateral,chamber,79.39,E0030748,E0030749,1,below the project's stated 85 deg deviation,purpose-made chamber with a swept/curved channel. NOT a bend chamber: the user refused that on 2026-08-20 (~200 chambers for no construction benefit)
N0014103,P0-M-MH14103,454086.071,2574873.088,main,chamber,79.42,E0013343,E0013344,1,below the project's stated 85 deg deviation,purpose-made chamber with a swept/curved channel. NOT a bend chamber: the user refused that on 2026-08-20 (~200 chambers for no construction benefit)
N0026328,P0-L-MH26328,450304.53,2569890.999,lateral,junction,79.46,E0027340,E0025569,2,below the project's stated 85 deg deviation,purpose-made chamber with a swept/curved channel. NOT a bend chamber: the user refused that on 2026-08-20 (~200 chambers for no construction benefit)
N0038359,P0-SM-MH38359,455354.928,2571230.704,sub main,junction,79.47,E0038827,E0037600,2,below the project's stated 85 deg deviation,purpose-made chamber with a swept/curved channel. NOT a bend chamber: the user refused that on 2026-08-20 (~200 chambers for no construction benefit)
N0015941,P0-SM-MH15941,454241.937,2573653.229,sub main,junction,79.47,E0017137,E0015182,2,below the project's stated 85 deg deviation,purpose-made chamber with a swept/curved channel. NOT a bend chamber: the user refused that on 2026-08-20 (~200 chambers for no construction benefit)
N0020078,P0-M-MH20078,448702.605,2570954.013,main,junction,79.51,E0020938,E0019319,2,below the project's stated 85 deg deviation,purpose-made chamber with a swept/curved channel. NOT a bend chamber: the user refused that on 2026-08-20 (~200 chambers for no construction benefit)
N0036094,P0-L-MH36094,450048.382,2566829.51,lateral,chamber,79.51,E0035334,E0035335,1,below the project's stated 85 deg deviation,purpose-made chamber with a swept/curved channel. NOT a bend chamber: the user refused that on 2026-08-20 (~200 chambers for no construction benefit)
N0048018,P0-L-MH48018,444894.969,2568222.876,lateral,chamber,79.52,E0047258,E0047259,1,below the project's stated 85 deg deviation,purpose-made chamber with a swept/curved channel. NOT a bend chamber: the user refused that on 2026-08-20 (~200 chambers for no construction benefit)
N0028758,P0-M-MH28758,446388.313,2571353.367,main,junction,79.55,E0029673,E0027999,2,below the project's stated 85 deg deviation,purpose-made chamber with a swept/curved channel. NOT a bend chamber: the user refused that on 2026-08-20 (~200 chambers for no construction benefit)
N0031761,P0-L-MH31761,451643.509,2564172.914,lateral,chamber,79.55,E0031001,E0031002,1,below the project's stated 85 deg deviation,purpose-made chamber with a swept/curved channel. NOT a bend chamber: the user refused that on 2026-08-20 (~200 chambers for no construction benefit)
N0041997,P0-L-MH41997,451393.411,2565687.005,lateral,chamber,79.6,E0041237,E0041238,1,below the project's stated 85 deg deviation,purpose-made chamber with a swept/curved channel. NOT a bend chamber: the user refused that on 2026-08-20 (~200 chambers for no construction benefit)
N0043418,P0-M-MH43418,441954.535,2565466.766,main,junction,79.62,E0043304,E0042659,2,below the project's stated 85 deg deviation,purpose-made chamber with a swept/curved channel. NOT a bend chamber: the user refused that on 2026-08-20 (~200 chambers for no construction benefit)
N0029371,P0-M-MH29371,448488.493,2569371.289,main,junction,79.63,E0030305,E0028612,2,below the project's stated 85 deg deviation,purpose-made chamber with a swept/curved channel. NOT a bend chamber: the user refused that on 2026-08-20 (~200 chambers for no construction benefit)
N0035540,P0-L-MH35540,448270.925,2569275.535,lateral,chamber,79.64,E0034780,E0034781,1,below the project's stated 85 deg deviation,purpose-made chamber with a swept/curved channel. NOT a bend chamber: the user refused that on 2026-08-20 (~200 chambers for no construction benefit)
N0049025,P0-SM-MH49025,442162.001,2569220.716,sub main,junction,79.65,E0048313,E0048266,2,below the project's stated 85 deg deviation,purpose-made chamber with a swept/curved channel. NOT a bend chamber: the user refused that on 2026-08-20 (~200 chambers for no construction benefit)
N0044732,P0-M-MH44732,453588.815,2574759.866,main,junction,79.66,E0044548,E0043973,2,below the project's stated 85 deg deviation,purpose-made chamber with a swept/curved channel. NOT a bend chamber: the user refused that on 2026-08-20 (~200 chambers for no construction benefit)
N0046401,P0-M-MH46401,462113.666,2568226.079,main,junction,79.69,E0045991,E0045642,2,below the project's stated 85 deg deviation,purpose-made chamber with a swept/curved channel. NOT a bend chamber: the user refused that on 2026-08-20 (~200 chambers for no construction benefit)
N0012717,P0-M-MH12717,449047.944,2567487.354,main,junction,79.7,E0013768,E0011958,2,below the project's stated 85 deg deviation,purpose-made chamber with a swept/curved channel. NOT a bend chamber: the user refused that on 2026-08-20 (~200 chambers for no construction benefit)
N0021452,P0-L-MH21452,452498.936,2574808.398,lateral,junction,79.73,E0022527,E0020693,2,below the project's stated 85 deg deviation,purpose-made chamber with a swept/curved channel. NOT a bend chamber: the user refused that on 2026-08-20 (~200 chambers for no construction benefit)
N0040941,P0-M-MH40941,450278.533,2567506.826,main,junction,79.73,E0041145,E0040182,2,below the project's stated 85 deg deviation,purpose-made chamber with a swept/curved channel. NOT a bend chamber: the user refused that on 2026-08-20 (~200 chambers for no construction benefit)
N0024993,P0-SM-MH24993,450780.073,2567163.281,sub main,junction,79.74,E0026052,E0024234,2,below the project's stated 85 deg deviation,purpose-made chamber with a swept/curved channel. NOT a bend chamber: the user refused that on 2026-08-20 (~200 chambers for no construction benefit)
N0017338,P0-M-MH17338,474628.922,2574749.696,main,junction,79.82,E0018232,E0016579,2,below the project's stated 85 deg deviation,purpose-made chamber with a swept/curved channel. NOT a bend chamber: the user refused that on 2026-08-20 (~200 chambers for no construction benefit)
N0031605,P0-M-MH31605,462507.272,2579707.363,main,junction,79.83,E0032341,E0030846,2,below the project's stated 85 deg deviation,purpose-made chamber with a swept/curved channel. NOT a bend chamber: the user refused that on 2026-08-20 (~200 chambers for no construction benefit)
N0019783,P0-M-MH19783,434719.602,2574483.375,main,chamber,79.85,E0019023,E0019024,1,below the project's stated 85 deg deviation,purpose-made chamber with a swept/curved channel. NOT a bend chamber: the user refused that on 2026-08-20 (~200 chambers for no construction benefit)
N0001183,P0-M-MH1183,447766.964,2571180.479,main,junction,79.89,E0006260,E0001088,2,below the project's stated 85 deg deviation,purpose-made chamber with a swept/curved channel. NOT a bend chamber: the user refused that on 2026-08-20 (~200 chambers for no construction benefit)
N0039442,P0-M-MH39442,459274.079,2576112.968,main,junction,79.89,E0039798,E0038683,2,below the project's stated 85 deg deviation,purpose-made chamber with a swept/curved channel. NOT a bend chamber: the user refused that on 2026-08-20 (~200 chambers for no construction benefit)
N0024727,P0-L-MH24727,463764.976,2575995.379,lateral,junction,79.89,E0025547,E0023968,2,below the project's stated 85 deg deviation,purpose-made chamber with a swept/curved channel. NOT a bend chamber: the user refused that on 2026-08-20 (~200 chambers for no construction benefit)
N0012477,P0-L-MH12477,445197.66,2562986.607,lateral,junction,79.89,E0013577,E0011718,3,below the project's stated 85 deg deviation,purpose-made chamber with a swept/curved channel. NOT a bend chamber: the user refused that on 2026-08-20 (~200 chambers for no construction benefit)
N0039646,P0-L-MH39646,461984.935,2575964.365,lateral,junction,79.89,E0039969,E0038887,2,below the project's stated 85 deg deviation,purpose-made chamber with a swept/curved channel. NOT a bend chamber: the user refused that on 2026-08-20 (~200 chambers for no construction benefit)
N0014454,P0-L-MH14454,453191.787,2566945.469,lateral,chamber,79.97,E0013694,E0013695,1,below the project's stated 85 deg deviation,purpose-made chamber with a swept/curved channel. NOT a bend chamber: the user refused that on 2026-08-20 (~200 chambers for no construction benefit)
N0028825,P0-L-MH28825,448355.605,2570666.013,lateral,junction,80.02,E0029720,E0028066,2,below the project's stated 85 deg deviation,purpose-made chamber with a swept/curved channel. NOT a bend chamber: the user refused that on 2026-08-20 (~200 chambers for no construction benefit)
N0025912,P0-M-MH25912,453847.334,2573448.232,main,junction,80.03,E0026955,E0025153,2,below the project's stated 85 deg deviation,purpose-made chamber with a swept/curved channel. NOT a bend chamber: the user refused that on 2026-08-20 (~200 chambers for no construction benefit)
N0035893,P0-L-MH35893,447979.617,2568838.965,lateral,chamber,80.03,E0035133,E0035134,1,below the project's stated 85 deg deviation,purpose-made chamber with a swept/curved channel. NOT a bend chamber: the user refused that on 2026-08-20 (~200 chambers for no construction benefit)
N0018553,P0-L-MH18553,449006.618,2571293.249,lateral,junction,80.05,E0019387,E0017794,2,below the project's stated 85 deg deviation,purpose-made chamber with a swept/curved channel. NOT a bend chamber: the user refused that on 2026-08-20 (~200 chambers for no construction benefit)
N0049484,P0-SM-MH49484,442683.797,2569451.696,sub main,junction,80.05,E0048820,E0048725,2,below the project's stated 85 deg deviation,purpose-made chamber with a swept/curved channel. NOT a bend chamber: the user refused that on 2026-08-20 (~200 chambers for no construction benefit)
N0032048,P0-TM-MH32048,460774.671,2578407.297,trunk main,junction,80.07,E0032811,E0031289,2,below the project's stated 85 deg deviation,purpose-made chamber with a swept/curved channel. NOT a bend chamber: the user refused that on 2026-08-20 (~200 chambers for no construction benefit)
N0006413,P0-SM-MH6413,443632.207,2568102.57,sub main,junction,80.09,E0008331,E0005654,2,below the project's stated 85 deg deviation,purpose-made chamber with a swept/curved channel. NOT a bend chamber: the user refused that on 2026-08-20 (~200 chambers for no construction benefit)
N0030512,P0-TM-MH30512,467725.746,2575925.378,trunk main,junction,80.11,E0031413,E0029753,3,below the project's stated 85 deg deviation,purpose-made chamber with a swept/curved channel. NOT a bend chamber: the user refused that on 2026-08-20 (~200 chambers for no construction benefit)
N0020950,P0-SM-MH20950,459483.743,2569516.85,sub main,junction,80.12,E0021901,E0020191,3,below the project's stated 85 deg deviation,purpose-made chamber with a swept/curved channel. NOT a bend chamber: the user refused that on 2026-08-20 (~200 chambers for no construction benefit)
N0029497,P0-M-MH29497,448452.325,2569504.683,main,junction,80.12,E0030347,E0028738,2,below the project's stated 85 deg deviation,purpose-made chamber with a swept/curved channel. NOT a bend chamber: the user refused that on 2026-08-20 (~200 chambers for no construction benefit)
N0002378,P0-M-MH2378,453823.513,2566881.15,main,chamber,80.13,E0002149,E0002150,1,below the project's stated 85 deg deviation,purpose-made chamber with a swept/curved channel. NOT a bend chamber: the user refused that on 2026-08-20 (~200 chambers for no construction benefit)
N0019013,P0-M-MH19013,460854.434,2578775.41,main,chamber,80.15,E0018253,E0018254,1,below the project's stated 85 deg deviation,purpose-made chamber with a swept/curved channel. NOT a bend chamber: the user refused that on 2026-08-20 (~200 chambers for no construction benefit)
N0045769,P0-L-MH45769,455124.626,2576306.282,lateral,junction,80.15,E0045350,E0045010,2,below the project's stated 85 deg deviation,purpose-made chamber with a swept/curved channel. NOT a bend chamber: the user refused that on 2026-08-20 (~200 chambers for no construction benefit)
N0010709,P0-L-MH10709,450248.986,2569244.087,lateral,junction,80.16,E0011614,E0009950,2,below the project's stated 85 deg deviation,purpose-made chamber with a swept/curved channel. NOT a bend chamber: the user refused that on 2026-08-20 (~200 chambers for no construction benefit)
N0010954,P0-L-MH10954,465965.843,2565538.968,lateral,junction,80.16,E0011767,E0010195,2,below the project's stated 85 deg deviation,purpose-made chamber with a swept/curved channel. NOT a bend chamber: the user refused that on 2026-08-20 (~200 chambers for no construction benefit)
N0021390,P0-M-MH21390,452552.53,2573412.041,main,junction,80.19,E0022468,E0020631,3,below the project's stated 85 deg deviation,purpose-made chamber with a swept/curved channel. NOT a bend chamber: the user refused that on 2026-08-20 (~200 chambers for no construction benefit)
N0032172,P0-M-MH32172,467728.905,2575932.862,main,chamber,80.25,E0031412,E0031413,1,below the project's stated 85 deg deviation,purpose-made chamber with a swept/curved channel. NOT a bend chamber: the user refused that on 2026-08-20 (~200 chambers for no construction benefit)
N0020472,P0-TM-MH20472,453001.48,2573432.709,trunk main,junction,80.25,E0021360,E0019713,3,below the project's stated 85 deg deviation,purpose-made chamber with a swept/curved channel. NOT a bend chamber: the user refused that on 2026-08-20 (~200 chambers for no construction benefit)
N0028349,P0-L-MH28349,452047.968,2574908.57,lateral,junction,80.28,E0029160,E0027590,2,below the project's stated 85 deg deviation,purpose-made chamber with a swept/curved channel. NOT a bend chamber: the user refused that on 2026-08-20 (~200 chambers for no construction benefit)
N0010710,P0-M-MH10710,450269.808,2569320.149,main,junction,80.31,E0011579,E0009951,2,below the project's stated 85 deg deviation,purpose-made chamber with a swept/curved channel. NOT a bend chamber: the user refused that on 2026-08-20 (~200 chambers for no construction benefit)
N0019035,P0-L-MH19035,445729.307,2563233.665,lateral,chamber,80.35,E0018275,E0018276,1,below the project's stated 85 deg deviation,purpose-made chamber with a swept/curved channel. NOT a bend chamber: the user refused that on 2026-08-20 (~200 chambers for no construction benefit)
N0012547,P0-L-MH12547,449952.655,2568135.555,lateral,chamber,80.37,E0011787,E0011788,1,below the project's stated 85 deg deviation,purpose-made chamber with a swept/curved channel. NOT a bend chamber: the user refused that on 2026-08-20 (~200 chambers for no construction benefit)
N0000683,P0-SM-MH0683,455130.868,2567786.972,sub main,junction,80.37,E0005770,E0000616,2,below the project's stated 85 deg deviation,purpose-made chamber with a swept/curved channel. NOT a bend chamber: the user refused that on 2026-08-20 (~200 chambers for no construction benefit)
N0036529,P0-SM-MH36529,447617.73,2566100.612,sub main,junction,80.38,E0037137,E0035770,2,below the project's stated 85 deg deviation,purpose-made chamber with a swept/curved channel. NOT a bend chamber: the user refused that on 2026-08-20 (~200 chambers for no construction benefit)
N0039080,P0-M-MH39080,447897.157,2566990.566,main,junction,80.38,E0039419,E0038321,2,below the project's stated 85 deg deviation,purpose-made chamber with a swept/curved channel. NOT a bend chamber: the user refused that on 2026-08-20 (~200 chambers for no construction benefit)
N0001569,P0-M-MH1569,474128.75,2572719.266,main,junction,80.44,E0006525,E0001440,2,below the project's stated 85 deg deviation,purpose-made chamber with a swept/curved channel. NOT a bend chamber: the user refused that on 2026-08-20 (~200 chambers for no construction benefit)
N0043053,P0-L-MH43053,450316.597,2569139.991,lateral,chamber,80.44,E0042982,E0042294,1,below the project's stated 85 deg deviation,purpose-made chamber with a swept/curved channel. NOT a bend chamber: the user refused that on 2026-08-20 (~200 chambers for no construction benefit)
N0042235,P0-M-MH42235,465939.026,2577598.228,main,junction,80.45,E0042281,E0041476,2,below the project's stated 85 deg deviation,purpose-made chamber with a swept/curved channel. NOT a bend chamber: the user refused that on 2026-08-20 (~200 chambers for no construction benefit)
N0023381,P0-L-MH23381,450450.827,2566394.435,lateral,junction,80.52,E0024245,E0022622,2,below the project's stated 85 deg deviation,purpose-made chamber with a swept/curved channel. NOT a bend chamber: the user refused that on 2026-08-20 (~200 chambers for no construction benefit)
N0040468,P0-L-MH40468,459916.586,2576983.307,lateral,chamber,80.53,E0039708,E0039709,1,below the project's stated 85 deg deviation,purpose-made chamber with a swept/curved channel. NOT a bend chamber: the user refused that on 2026-08-20 (~200 chambers for no construction benefit)
N0028872,P0-TM-MH28872,467528.274,2576050.662,trunk main,junction,80.54,E0029891,E0028113,3,below the project's stated 85 deg deviation,purpose-made chamber with a swept/curved channel. NOT a bend chamber: the user refused that on 2026-08-20 (~200 chambers for no construction benefit)
N0010634,P0-M-MH10634,462964.682,2578597.494,main,chamber,80.56,E0011463,E0009875,1,below the project's stated 85 deg deviation,purpose-made chamber with a swept/curved channel. NOT a bend chamber: the user refused that on 2026-08-20 (~200 chambers for no construction benefit)
N0033133,P0-SM-MH33133,451930.015,2566630.074,sub main,junction,80.57,E0033908,E0032374,2,below the project's stated 85 deg deviation,purpose-made chamber with a swept/curved channel. NOT a bend chamber: the user refused that on 2026-08-20 (~200 chambers for no construction benefit)
N0024107,P0-L-MH24107,449352.253,2569442.603,lateral,chamber,80.58,E0023347,E0023348,1,below the project's stated 85 deg deviation,purpose-made chamber with a swept/curved channel. NOT a bend chamber: the user refused that on 2026-08-20 (~200 chambers for no construction benefit)
N0006576,P0-L-MH6576,455064.206,2567847.602,lateral,chamber,80.61,E0005816,E0005817,1,below the project's stated 85 deg deviation,purpose-made chamber with a swept/curved channel. NOT a bend chamber: the user refused that on 2026-08-20 (~200 chambers for no construction benefit)
N0010828,P0-L-MH10828,453989.691,2574444.581,lateral,junction,80.63,E0011444,E0010069,2,below the project's stated 85 deg deviation,purpose-made chamber with a swept/curved channel. NOT a bend chamber: the user refused that on 2026-08-20 (~200 chambers for no construction benefit)
N0012248,P0-SM-MH12248,460908.876,2578681.07,sub main,junction,80.64,E0013382,E0011489,2,below the project's stated 85 deg deviation,purpose-made chamber with a swept/curved channel. NOT a bend chamber: the user refused that on 2026-08-20 (~200 chambers for no construction benefit)
N0021888,P0-M-MH21888,446865.147,2571190.177,main,junction,80.64,E0022958,E0021129,2,below the project's stated 85 deg deviation,purpose-made chamber with a swept/curved channel. NOT a bend chamber: the user refused that on 2026-08-20 (~200 chambers for no construction benefit)
N0038696,P0-M-MH38696,453494.301,2574277.702,main,junction,80.67,E0039055,E0037937,3,below the project's stated 85 deg deviation,purpose-made chamber with a swept/curved channel. NOT a bend chamber: the user refused that on 2026-08-20 (~200 chambers for no construction benefit)
N0015790,P0-L-MH15790,447078.027,2567308.027,lateral,junction,80.69,E0016635,E0015031,2,below the project's stated 85 deg deviation,purpose-made chamber with a swept/curved channel. NOT a bend chamber: the user refused that on 2026-08-20 (~200 chambers for no construction benefit)
N0037781,P0-L-MH37781,459191.826,2579738.636,lateral,junction,80.69,E0038226,E0037022,2,below the project's stated 85 deg deviation,purpose-made chamber with a swept/curved channel. NOT a bend chamber: the user refused that on 2026-08-20 (~200 chambers for no construction benefit)
N0023229,P0-L-MH23229,452207.679,2574301.464,lateral,junction,80.7,E0024127,E0022470,2,below the project's stated 85 deg deviation,purpose-made chamber with a swept/curved channel. NOT a bend chamber: the user refused that on 2026-08-20 (~200 chambers for no construction benefit)
N0011041,P0-L-MH11041,462304.257,2578428.387,lateral,junction,80.74,E0011849,E0010282,2,below the project's stated 85 deg deviation,purpose-made chamber with a swept/curved channel. NOT a bend chamber: the user refused that on 2026-08-20 (~200 chambers for no construction benefit)
N0040137,P0-L-MH40137,447712.706,2567382.895,lateral,junction,80.75,E0040393,E0039378,2,below the project's stated 85 deg deviation,purpose-made chamber with a swept/curved channel. NOT a bend chamber: the user refused that on 2026-08-20 (~200 chambers for no construction benefit)
N0026810,P0-SM-MH26810,450843.843,2567244.42,sub main,junction,80.76,E0027646,E0026051,2,below the project's stated 85 deg deviation,purpose-made chamber with a swept/curved channel. NOT a bend chamber: the user refused that on 2026-08-20 (~200 chambers for no construction benefit)
N0028624,P0-L-MH28624,449586.127,2571974.005,lateral,chamber,80.77,E0027864,E0027865,1,below the project's stated 85 deg deviation,purpose-made chamber with a swept/curved channel. NOT a bend chamber: the user refused that on 2026-08-20 (~200 chambers for no construction benefit)
N0028347,P0-L-MH28347,452362.076,2575231.419,lateral,junction,80.78,E0029164,E0027588,2,below the project's stated 85 deg deviation,purpose-made chamber with a swept/curved channel. NOT a bend chamber: the user refused that on 2026-08-20 (~200 chambers for no construction benefit)
N0024586,P0-M-MH24586,464469.326,2576305.61,main,junction,80.81,E0025558,E0023827,2,below the project's stated 85 deg deviation,purpose-made chamber with a swept/curved channel. NOT a bend chamber: the user refused that on 2026-08-20 (~200 chambers for no construction benefit)
N0032613,P0-M-MH32613,448322.991,2569306.096,main,chamber,80.82,E0031853,E0031854,1,below the project's stated 85 deg deviation,purpose-made chamber with a swept/curved channel. NOT a bend chamber: the user refused that on 2026-08-20 (~200 chambers for no construction benefit)
N0027533,P0-L-MH27533,446170.954,2563071.969,lateral,junction,80.84,E0028288,E0026774,2,below the project's stated 85 deg deviation,purpose-made chamber with a swept/curved channel. NOT a bend chamber: the user refused that on 2026-08-20 (~200 chambers for no construction benefit)
N0030951,P0-L-MH30951,453417.493,2572129.5,lateral,chamber,80.87,E0030191,E0030192,1,below the project's stated 85 deg deviation,purpose-made chamber with a swept/curved channel. NOT a bend chamber: the user refused that on 2026-08-20 (~200 chambers for no construction benefit)
N0049871,P0-L-MH49871,439280.493,2572143.859,lateral,chamber,80.91,E0049111,E0049112,1,below the project's stated 85 deg deviation,purpose-made chamber with a swept/curved channel. NOT a bend chamber: the user refused that on 2026-08-20 (~200 chambers for no construction benefit)
N0048949,P0-L-MH48949,442927.03,2569009.727,lateral,chamber,80.91,E0048189,E0048190,1,below the project's stated 85 deg deviation,purpose-made chamber with a swept/curved channel. NOT a bend chamber: the user refused that on 2026-08-20 (~200 chambers for no construction benefit)
N0027890,P0-SM-MH27890,459308.129,2570383.7,sub main,junction,80.95,E0028606,E0027131,2,below the project's stated 85 deg deviation,purpose-made chamber with a swept/curved channel. NOT a bend chamber: the user refused that on 2026-08-20 (~200 chambers for no construction benefit)
N0046307,P0-M-MH46307,460448.777,2576185.499,main,junction,80.95,E0045843,E0045548,2,below the project's stated 85 deg deviation,purpose-made chamber with a swept/curved channel. NOT a bend chamber: the user refused that on 2026-08-20 (~200 chambers for no construction benefit)
N0022180,P0-L-MH22180,460929.829,2578835.506,lateral,chamber,80.96,E0021420,E0021421,1,below the project's stated 85 deg deviation,purpose-made chamber with a swept/curved channel. NOT a bend chamber: the user refused that on 2026-08-20 (~200 chambers for no construction benefit)
N0037935,P0-M-MH37935,460948.796,2577986.6,main,junction,80.98,E0038368,E0037176,2,below the project's stated 85 deg deviation,purpose-made chamber with a swept/curved channel. NOT a bend chamber: the user refused that on 2026-08-20 (~200 chambers for no construction benefit)
N0020670,P0-M-MH20670,452404.1,2572365.502,main,junction,80.99,E0021730,E0019911,2,below the project's stated 85 deg deviation,purpose-made chamber with a swept/curved channel. NOT a bend chamber: the user refused that on 2026-08-20 (~200 chambers for no construction benefit)
N0031529,P0-M-MH31529,453062.112,2574730.424,main,chamber,81.0,E0030769,E0030770,1,below the project's stated 85 deg deviation,purpose-made chamber with a swept/curved channel. NOT a bend chamber: the user refused that on 2026-08-20 (~200 chambers for no construction benefit)
N0015950,P0-L-MH15950,454370.05,2574781.933,lateral,junction,81.04,E0016731,E0015191,2,below the project's stated 85 deg deviation,purpose-made chamber with a swept/curved channel. NOT a bend chamber: the user refused that on 2026-08-20 (~200 chambers for no construction benefit)
N0039174,P0-L-MH39174,447981.097,2566203.528,lateral,chamber,81.04,E0038414,E0038415,1,below the project's stated 85 deg deviation,purpose-made chamber with a swept/curved channel. NOT a bend chamber: the user refused that on 2026-08-20 (~200 chambers for no construction benefit)
N0016526,P0-L-MH16526,462065.126,2577633.447,lateral,chamber,81.09,E0015766,E0015767,1,below the project's stated 85 deg deviation,purpose-made chamber with a swept/curved channel. NOT a bend chamber: the user refused that on 2026-08-20 (~200 chambers for no construction benefit)
N0049821,P0-M-MH49821,439170.417,2572278.642,main,junction,81.11,E0049114,E0049062,3,below the project's stated 85 deg deviation,purpose-made chamber with a swept/curved channel. NOT a bend chamber: the user refused that on 2026-08-20 (~200 chambers for no construction benefit)
N0039042,P0-TM-MH39042,447964.626,2567282.196,trunk main,junction,81.12,E0039384,E0038283,2,below the project's stated 85 deg deviation,purpose-made chamber with a swept/curved channel. NOT a bend chamber: the user refused that on 2026-08-20 (~200 chambers for no construction benefit)
N0001999,P0-L-MH1999,451118.126,2565259.142,lateral,junction,81.16,E0006765,E0001816,2,below the project's stated 85 deg deviation,purpose-made chamber with a swept/curved channel. NOT a bend chamber: the user refused that on 2026-08-20 (~200 chambers for no construction benefit)
N0040167,P0-M-MH40167,468887.162,2575492.169,main,junction,81.19,E0040398,E0039408,2,below the project's stated 85 deg deviation,purpose-made chamber with a swept/curved channel. NOT a bend chamber: the user refused that on 2026-08-20 (~200 chambers for no construction benefit)
N0038044,P0-SM-MH38044,445925.987,2565391.22,sub main,junction,81.2,E0038565,E0037285,2,below the project's stated 85 deg deviation,purpose-made chamber with a swept/curved channel. NOT a bend chamber: the user refused that on 2026-08-20 (~200 chambers for no construction benefit)
N0014591,P0-L-MH14591,450593.463,2570039.947,lateral,chamber,81.23,E0013831,E0013832,1,below the project's stated 85 deg deviation,purpose-made chamber with a swept/curved channel. NOT a bend chamber: the user refused that on 2026-08-20 (~200 chambers for no construction benefit)
N0027560,P0-M-MH27560,450255.477,2568676.156,main,junction,81.32,E0028303,E0026801,2,below the project's stated 85 deg deviation,purpose-made chamber with a swept/curved channel. NOT a bend chamber: the user refused that on 2026-08-20 (~200 chambers for no construction benefit)
N0017818,P0-M-MH17818,455753.701,2568673.096,main,junction,81.35,E0018679,E0017059,2,below the project's stated 85 deg deviation,purpose-made chamber with a swept/curved channel. NOT a bend chamber: the user refused that on 2026-08-20 (~200 chambers for no construction benefit)
N0041153,P0-L-MH41153,447657.913,2567377.379,lateral,junction,81.4,E0041394,E0040394,2,below the project's stated 85 deg deviation,purpose-made chamber with a swept/curved channel. NOT a bend chamber: the user refused that on 2026-08-20 (~200 chambers for no construction benefit)
N0040686,P0-L-MH40686,448279.372,2567947.135,lateral,chamber,81.42,E0039926,E0039927,1,below the project's stated 85 deg deviation,purpose-made chamber with a swept/curved channel. NOT a bend chamber: the user refused that on 2026-08-20 (~200 chambers for no construction benefit)
N0029137,P0-L-MH29137,464419.237,2576810.298,lateral,junction,81.43,E0030169,E0028378,2,below the project's stated 85 deg deviation,purpose-made chamber with a swept/curved channel. NOT a bend chamber: the user refused that on 2026-08-20 (~200 chambers for no construction benefit)
N0045647,P0-L-MH45647,448041.735,2568127.03,lateral,chamber,81.46,E0044887,E0044888,1,below the project's stated 85 deg deviation,purpose-made chamber with a swept/curved channel. NOT a bend chamber: the user refused that on 2026-08-20 (~200 chambers for no construction benefit)
N0040100,P0-M-MH40100,445767.174,2571859.902,main,junction,81.51,E0040360,E0039341,2,below the project's stated 85 deg deviation,purpose-made chamber with a swept/curved channel. NOT a bend chamber: the user refused that on 2026-08-20 (~200 chambers for no construction benefit)
N0041436,P0-L-MH41436,444678.527,2565439.186,lateral,chamber,81.51,E0040676,E0040677,1,below the project's stated 85 deg deviation,purpose-made chamber with a swept/curved channel. NOT a bend chamber: the user refused that on 2026-08-20 (~200 chambers for no construction benefit)
N0032074,P0-SM-MH32074,446536.528,2565270.883,sub main,junction,81.53,E0032813,E0031315,2,below the project's stated 85 deg deviation,purpose-made chamber with a swept/curved channel. NOT a bend chamber: the user refused that on 2026-08-20 (~200 chambers for no construction benefit)
N0029541,P0-L-MH29541,453491.357,2571649.334,lateral,junction,81.55,E0030409,E0028782,2,below the project's stated 85 deg deviation,purpose-made chamber with a swept/curved channel. NOT a bend chamber: the user refused that on 2026-08-20 (~200 chambers for no construction benefit)
N0014294,P0-SM-MH14294,449790.285,2569534.502,sub main,chamber,81.57,E0013534,E0013535,1,below the project's stated 85 deg deviation,purpose-made chamber with a swept/curved channel. NOT a bend chamber: the user refused that on 2026-08-20 (~200 chambers for no construction benefit)
N0028762,P0-SM-MH28762,446190.174,2571590.902,sub main,junction,81.58,E0029671,E0028003,2,below the project's stated 85 deg deviation,purpose-made chamber with a swept/curved channel. NOT a bend chamber: the user refused that on 2026-08-20 (~200 chambers for no construction benefit)
N0031165,P0-L-MH31165,453521.949,2571750.795,lateral,junction,81.59,E0031899,E0030406,2,below the project's stated 85 deg deviation,purpose-made chamber with a swept/curved channel. NOT a bend chamber: the user refused that on 2026-08-20 (~200 chambers for no construction benefit)
N0035616,P0-M-MH35616,448573.54,2568397.886,main,junction,81.59,E0036306,E0034857,2,below the project's stated 85 deg deviation,purpose-made chamber with a swept/curved channel. NOT a bend chamber: the user refused that on 2026-08-20 (~200 chambers for no construction benefit)
N0012498,P0-M-MH12498,450296.753,2570563.744,main,junction,81.61,E0013605,E0011739,2,below the project's stated 85 deg deviation,purpose-made chamber with a swept/curved channel. NOT a bend chamber: the user refused that on 2026-08-20 (~200 chambers for no construction benefit)
N0046788,P0-M-MH46788,441833.598,2565085.395,main,chamber,81.63,E0046028,E0046029,1,below the project's stated 85 deg deviation,purpose-made chamber with a swept/curved channel. NOT a bend chamber: the user refused that on 2026-08-20 (~200 chambers for no construction benefit)
N0009022,P0-M-MH9022,450678.292,2567404.602,main,junction,81.63,E0009952,E0008263,2,below the project's stated 85 deg deviation,purpose-made chamber with a swept/curved channel. NOT a bend chamber: the user refused that on 2026-08-20 (~200 chambers for no construction benefit)
N0015653,P0-TM-MH15653,445708.04,2563163.745,trunk main,junction,81.64,E0016601,E0014894,2,below the project's stated 85 deg deviation,purpose-made chamber with a swept/curved channel. NOT a bend chamber: the user refused that on 2026-08-20 (~200 chambers for no construction benefit)
N0004899,P0-L-MH4899,447822.193,2564385.349,lateral,junction,81.65,E0007614,E0004310,2,below the project's stated 85 deg deviation,purpose-made chamber with a swept/curved channel. NOT a bend chamber: the user refused that on 2026-08-20 (~200 chambers for no construction benefit)
N0000940,P0-SM-MH0940,449531.348,2571017.838,sub main,junction,81.67,E0006098,E0000857,2,below the project's stated 85 deg deviation,purpose-made chamber with a swept/curved channel. NOT a bend chamber: the user refused that on 2026-08-20 (~200 chambers for no construction benefit)
N0025890,P0-M-MH25890,466834.984,2577405.107,main,junction,81.72,E0026929,E0025131,2,below the project's stated 85 deg deviation,purpose-made chamber with a swept/curved channel. NOT a bend chamber: the user refused that on 2026-08-20 (~200 chambers for no construction benefit)
N0030648,P0-M-MH30648,467400.205,2576143.473,main,chamber,81.74,E0029888,E0029889,1,below the project's stated 85 deg deviation,purpose-made chamber with a swept/curved channel. NOT a bend chamber: the user refused that on 2026-08-20 (~200 chambers for no construction benefit)
N0035979,P0-L-MH35979,453319.535,2574938.582,lateral,chamber,81.74,E0035219,E0035220,1,below the project's stated 85 deg deviation,purpose-made chamber with a swept/curved channel. NOT a bend chamber: the user refused that on 2026-08-20 (~200 chambers for no construction benefit)
N0020513,P0-L-MH20513,470643.234,2574473.88,lateral,junction,81.77,E0021468,E0019754,2,below the project's stated 85 deg deviation,purpose-made chamber with a swept/curved channel. NOT a bend chamber: the user refused that on 2026-08-20 (~200 chambers for no construction benefit)
N0038692,P0-L-MH38692,453473.241,2574404.222,lateral,junction,81.78,E0039053,E0037933,2,below the project's stated 85 deg deviation,purpose-made chamber with a swept/curved channel. NOT a bend chamber: the user refused that on 2026-08-20 (~200 chambers for no construction benefit)
N0022251,P0-M-MH22251,454495.299,2574843.128,main,junction,81.78,E0023260,E0021492,2,below the project's stated 85 deg deviation,purpose-made chamber with a swept/curved channel. NOT a bend chamber: the user refused that on 2026-08-20 (~200 chambers for no construction benefit)
N0021641,P0-L-MH21641,457965.316,2566979.276,lateral,junction,81.83,E0022713,E0020882,2,below the project's stated 85 deg deviation,purpose-made chamber with a swept/curved channel. NOT a bend chamber: the user refused that on 2026-08-20 (~200 chambers for no construction benefit)
N0040482,P0-M-MH40482,444749.047,2565226.282,main,junction,81.85,E0040662,E0039723,2,below the project's stated 85 deg deviation,purpose-made chamber with a swept/curved channel. NOT a bend chamber: the user refused that on 2026-08-20 (~200 chambers for no construction benefit)
N0014635,P0-L-MH14635,474190.395,2572016.665,lateral,junction,81.86,E0015570,E0013876,2,below the project's stated 85 deg deviation,purpose-made chamber with a swept/curved channel. NOT a bend chamber: the user refused that on 2026-08-20 (~200 chambers for no construction benefit)
N0048841,P0-L-MH48841,447484.011,2568957.852,lateral,junction,81.86,E0048151,E0048082,2,below the project's stated 85 deg deviation,purpose-made chamber with a swept/curved channel. NOT a bend chamber: the user refused that on 2026-08-20 (~200 chambers for no construction benefit)
N0043615,P0-L-MH43615,451442.6,2565673.017,lateral,chamber,81.88,E0042855,E0042856,1,below the project's stated 85 deg deviation,purpose-made chamber with a swept/curved channel. NOT a bend chamber: the user refused that on 2026-08-20 (~200 chambers for no construction benefit)
N0009257,P0-L-MH9257,456501.749,2568674.647,lateral,junction,81.91,E0010377,E0008498,2,below the project's stated 85 deg deviation,purpose-made chamber with a swept/curved channel. NOT a bend chamber: the user refused that on 2026-08-20 (~200 chambers for no construction benefit)
N0016615,P0-M-MH16615,452335.758,2573340.067,main,junction,81.98,E0017446,E0015856,2,below the project's stated 85 deg deviation,purpose-made chamber with a swept/curved channel. NOT a bend chamber: the user refused that on 2026-08-20 (~200 chambers for no construction benefit)
N0036110,P0-M-MH36110,449943.909,2567268.721,main,junction,81.98,E0036808,E0035351,2,below the project's stated 85 deg deviation,purpose-made chamber with a swept/curved channel. NOT a bend chamber: the user refused that on 2026-08-20 (~200 chambers for no construction benefit)
N0044354,P0-L-MH44354,448086.766,2566488.511,lateral,chamber,81.98,E0043594,E0043595,1,below the project's stated 85 deg deviation,purpose-made chamber with a swept/curved channel. NOT a bend chamber: the user refused that on 2026-08-20 (~200 chambers for no construction benefit)
N0013578,P0-M-MH13578,452818.18,2573672.683,main,junction,81.99,E0014664,E0012819,2,below the project's stated 85 deg deviation,purpose-made chamber with a swept/curved channel. NOT a bend chamber: the user refused that on 2026-08-20 (~200 chambers for no construction benefit)
N0012741,P0-L-MH12741,449113.279,2567029.496,lateral,chamber,82.02,E0011981,E0011982,1,below the project's stated 85 deg deviation,purpose-made chamber with a swept/curved channel. NOT a bend chamber: the user refused that on 2026-08-20 (~200 chambers for no construction benefit)
N0017349,P0-M-MH17349,470402.946,2574692.195,main,chamber,82.05,E0016589,E0016590,1,below the project's stated 85 deg deviation,purpose-made chamber with a swept/curved channel. NOT a bend chamber: the user refused that on 2026-08-20 (~200 chambers for no construction benefit)
N0011916,P0-SM-MH11916,464984.674,2566828.421,sub main,junction,82.05,E0012940,E0011157,2,below the project's stated 85 deg deviation,purpose-made chamber with a swept/curved channel. NOT a bend chamber: the user refused that on 2026-08-20 (~200 chambers for no construction benefit)
N0022819,P0-SM-MH22819,453242.703,2571908.261,sub main,junction,82.08,E0023809,E0022060,2,below the project's stated 85 deg deviation,purpose-made chamber with a swept/curved channel. NOT a bend chamber: the user refused that on 2026-08-20 (~200 chambers for no construction benefit)
N0038836,P0-L-MH38836,451639.826,2565030.779,lateral,junction,82.08,E0039159,E0038077,2,below the project's stated 85 deg deviation,purpose-made chamber with a swept/curved channel. NOT a bend chamber: the user refused that on 2026-08-20 (~200 chambers for no construction benefit)
N0026677,P0-L-MH26677,452517.788,2573299.93,lateral,chamber,82.09,E0025917,E0025918,1,below the project's stated 85 deg deviation,purpose-made chamber with a swept/curved channel. NOT a bend chamber: the user refused that on 2026-08-20 (~200 chambers for no construction benefit)
N0037549,P0-L-MH37549,450532.124,2567407.709,lateral,junction,82.1,E0037990,E0036790,2,below the project's stated 85 deg deviation,purpose-made chamber with a swept/curved channel. NOT a bend chamber: the user refused that on 2026-08-20 (~200 chambers for no construction benefit)
N0047743,P0-L-MH47743,446818.457,2568411.329,lateral,chamber,82.11,E0046983,E0046984,1,below the project's stated 85 deg deviation,purpose-made chamber with a swept/curved channel. NOT a bend chamber: the user refused that on 2026-08-20 (~200 chambers for no construction benefit)
N0022588,P0-L-MH22588,452851.485,2568024.337,lateral,junction,82.14,E0023491,E0021829,2,below the project's stated 85 deg deviation,purpose-made chamber with a swept/curved channel. NOT a bend chamber: the user refused that on 2026-08-20 (~200 chambers for no construction benefit)
N0022441,P0-M-MH22441,465709.607,2576516.554,main,chamber,82.15,E0021681,E0021682,1,below the project's stated 85 deg deviation,purpose-made chamber with a swept/curved channel. NOT a bend chamber: the user refused that on 2026-08-20 (~200 chambers for no construction benefit)
N0019036,P0-SM-MH19036,445700.811,2562724.067,sub main,junction,82.16,E0019896,E0018277,3,below the project's stated 85 deg deviation,purpose-made chamber with a swept/curved channel. NOT a bend chamber: the user refused that on 2026-08-20 (~200 chambers for no construction benefit)
N0028728,P0-M-MH28728,460862.739,2580882.737,main,junction,82.17,E0029642,E0027969,3,below the project's stated 85 deg deviation,purpose-made chamber with a swept/curved channel. NOT a bend chamber: the user refused that on 2026-08-20 (~200 chambers for no construction benefit)
N0014674,P0-L-MH14674,450673.283,2567982.829,lateral,chamber,82.19,E0013914,E0013915,1,below the project's stated 85 deg deviation,purpose-made chamber with a swept/curved channel. NOT a bend chamber: the user refused that on 2026-08-20 (~200 chambers for no construction benefit)
N0027880,P0-M-MH27880,473812.722,2574766.98,main,junction,82.21,E0028535,E0027121,3,below the project's stated 85 deg deviation,purpose-made chamber with a swept/curved channel. NOT a bend chamber: the user refused that on 2026-08-20 (~200 chambers for no construction benefit)
N0033131,P0-L-MH33131,449990.426,2566753.27,lateral,junction,82.25,E0033894,E0032372,2,below the project's stated 85 deg deviation,purpose-made chamber with a swept/curved channel. NOT a bend chamber: the user refused that on 2026-08-20 (~200 chambers for no construction benefit)
N0010204,P0-M-MH10204,464306.774,2566384.047,main,junction,82.26,E0011200,E0009445,2,below the project's stated 85 deg deviation,purpose-made chamber with a swept/curved channel. NOT a bend chamber: the user refused that on 2026-08-20 (~200 chambers for no construction benefit)
N0040425,P0-L-MH40425,448511.819,2564758.266,lateral,chamber,82.29,E0039665,E0039666,1,below the project's stated 85 deg deviation,purpose-made chamber with a swept/curved channel. NOT a bend chamber: the user refused that on 2026-08-20 (~200 chambers for no construction benefit)
N0027502,P0-M-MH27502,461003.264,2579159.365,main,chamber,82.3,E0026742,E0026743,1,below the project's stated 85 deg deviation,purpose-made chamber with a swept/curved channel. NOT a bend chamber: the user refused that on 2026-08-20 (~200 chambers for no construction benefit)
N0037921,P0-M-MH37921,447592.065,2565649.447,main,junction,82.3,E0038376,E0037162,2,below the project's stated 85 deg deviation,purpose-made chamber with a swept/curved channel. NOT a bend chamber: the user refused that on 2026-08-20 (~200 chambers for no construction benefit)
N0037613,P0-M-MH37613,457331.226,2568325.557,main,chamber,82.32,E0036853,E0036854,1,below the project's stated 85 deg deviation,purpose-made chamber with a swept/curved channel. NOT a bend chamber: the user refused that on 2026-08-20 (~200 chambers for no construction benefit)
N0029366,P0-SM-MH29366,459157.544,2570452.591,sub main,junction,82.33,E0030529,E0028607,2,below the project's stated 85 deg deviation,purpose-made chamber with a swept/curved channel. NOT a bend chamber: the user refused that on 2026-08-20 (~200 chambers for no construction benefit)
N0015236,P0-SM-MH15236,448674.69,2571903.213,sub main,chamber,82.34,E0014476,E0014477,1,below the project's stated 85 deg deviation,purpose-made chamber with a swept/curved channel. NOT a bend chamber: the user refused that on 2026-08-20 (~200 chambers for no construction benefit)
N0029899,P0-SM-MH29899,453024.742,2574887.426,sub main,chamber,82.37,E0029139,E0029140,1,below the project's stated 85 deg deviation,purpose-made chamber with a swept/curved channel. NOT a bend chamber: the user refused that on 2026-08-20 (~200 chambers for no construction benefit)
N0002545,P0-M-MH2545,456287.583,2569253.758,main,junction,82.4,E0007058,E0002285,2,below the project's stated 85 deg deviation,purpose-made chamber with a swept/curved channel. NOT a bend chamber: the user refused that on 2026-08-20 (~200 chambers for no construction benefit)
N0048850,P0-SM-MH48850,444519.477,2568697.945,sub main,junction,82.41,E0048171,E0048091,2,below the project's stated 85 deg deviation,purpose-made chamber with a swept/curved channel. NOT a bend chamber: the user refused that on 2026-08-20 (~200 chambers for no construction benefit)
N0028329,P0-L-MH28329,452710.659,2575130.897,lateral,junction,82.42,E0029134,E0027570,2,below the project's stated 85 deg deviation,purpose-made chamber with a swept/curved channel. NOT a bend chamber: the user refused that on 2026-08-20 (~200 chambers for no construction benefit)
N0021325,P0-L-MH21325,442457.598,2565798.395,lateral,chamber,82.44,E0020565,E0020566,1,below the project's stated 85 deg deviation,purpose-made chamber with a swept/curved channel. NOT a bend chamber: the user refused that on 2026-08-20 (~200 chambers for no construction benefit)
N0017837,P0-L-MH17837,455415.122,2568627.39,lateral,chamber,82.44,E0017077,E0017078,1,below the project's stated 85 deg deviation,purpose-made chamber with a swept/curved channel. NOT a bend chamber: the user refused that on 2026-08-20 (~200 chambers for no construction benefit)
N0025741,P0-L-MH25741,445939.181,2562392.19,lateral,junction,82.49,E0026771,E0024982,2,below the project's stated 85 deg deviation,purpose-made chamber with a swept/curved channel. NOT a bend chamber: the user refused that on 2026-08-20 (~200 chambers for no construction benefit)
N0044458,P0-M-MH44458,458481.079,2576412.968,main,junction,82.49,E0044314,E0043699,2,below the project's stated 85 deg deviation,purpose-made chamber with a swept/curved channel. NOT a bend chamber: the user refused that on 2026-08-20 (~200 chambers for no construction benefit)
N0041009,P0-L-MH41009,452193.552,2563984.95,lateral,junction,82.5,E0041229,E0040250,2,below the project's stated 85 deg deviation,purpose-made chamber with a swept/curved channel. NOT a bend chamber: the user refused that on 2026-08-20 (~200 chambers for no construction benefit)
N0006202,P0-TM-MH6202,446314.449,2567598.844,trunk main,junction,82.52,E0008094,E0005443,2,below the project's stated 85 deg deviation,purpose-made chamber with a swept/curved channel. NOT a bend chamber: the user refused that on 2026-08-20 (~200 chambers for no construction benefit)
N0022212,P0-L-MH22212,474740.922,2574592.696,lateral,junction,82.54,E0023259,E0021453,2,below the project's stated 85 deg deviation,purpose-made chamber with a swept/curved channel. NOT a bend chamber: the user refused that on 2026-08-20 (~200 chambers for no construction benefit)
N0020821,P0-M-MH20821,449258.037,2569536.148,main,junction,82.54,E0021890,E0020062,2,below the project's stated 85 deg deviation,purpose-made chamber with a swept/curved channel. NOT a bend chamber: the user refused that on 2026-08-20 (~200 chambers for no construction benefit)
N0039822,P0-L-MH39822,453513.304,2574266.535,lateral,chamber,82.55,E0039062,E0039063,1,below the project's stated 85 deg deviation,purpose-made chamber with a swept/curved channel. NOT a bend chamber: the user refused that on 2026-08-20 (~200 chambers for no construction benefit)
N0006418,P0-SM-MH6418,450044.165,2569987.445,sub main,junction,82.55,E0008470,E0005659,2,below the project's stated 85 deg deviation,purpose-made chamber with a swept/curved channel. NOT a bend chamber: the user refused that on 2026-08-20 (~200 chambers for no construction benefit)
N0029781,P0-L-MH29781,464699.326,2575767.61,lateral,chamber,82.56,E0029021,E0029022,1,below the project's stated 85 deg deviation,purpose-made chamber with a swept/curved channel. NOT a bend chamber: the user refused that on 2026-08-20 (~200 chambers for no construction benefit)
N0006108,P0-TM-MH6108,460967.543,2578620.664,trunk main,junction,82.57,E0007987,E0005349,3,below the project's stated 85 deg deviation,purpose-made chamber with a swept/curved channel. NOT a bend chamber: the user refused that on 2026-08-20 (~200 chambers for no construction benefit)
N0028094,P0-M-MH28094,453467.374,2571569.791,main,junction,82.63,E0028782,E0027335,2,below the project's stated 85 deg deviation,purpose-made chamber with a swept/curved channel. NOT a bend chamber: the user refused that on 2026-08-20 (~200 chambers for no construction benefit)
N0049019,P0-SM-MH49019,443642.679,2568852.789,sub main,junction,82.64,E0048304,E0048260,2,below the project's stated 85 deg deviation,purpose-made chamber with a swept/curved channel. NOT a bend chamber: the user refused that on 2026-08-20 (~200 chambers for no construction benefit)
N0043613,P0-L-MH43613,451395.727,2565803.321,lateral,chamber,82.66,E0042853,E0042854,1,below the project's stated 85 deg deviation,purpose-made chamber with a swept/curved channel. NOT a bend chamber: the user refused that on 2026-08-20 (~200 chambers for no construction benefit)
N0031688,P0-SM-MH31688,459045.732,2567734.011,sub main,junction,82.7,E0032443,E0030929,2,below the project's stated 85 deg deviation,purpose-made chamber with a swept/curved channel. NOT a bend chamber: the user refused that on 2026-08-20 (~200 chambers for no construction benefit)
N0042122,P0-L-MH42122,447079.989,2566736.337,lateral,junction,82.73,E0042230,E0041363,2,below the project's stated 85 deg deviation,purpose-made chamber with a swept/curved channel. NOT a bend chamber: the user refused that on 2026-08-20 (~200 chambers for no construction benefit)
N0032515,P0-L-MH32515,449316.082,2568570.924,lateral,junction,82.73,E0033270,E0031756,2,below the project's stated 85 deg deviation,purpose-made chamber with a swept/curved channel. NOT a bend chamber: the user refused that on 2026-08-20 (~200 chambers for no construction benefit)
N0020913,P0-L-MH20913,451067.511,2569815.884,lateral,junction,82.73,E0021970,E0020154,2,below the project's stated 85 deg deviation,purpose-made chamber with a swept/curved channel. NOT a bend chamber: the user refused that on 2026-08-20 (~200 chambers for no construction benefit)
N0008985,P0-M-MH8985,450257.571,2569270.394,main,junction,82.74,E0009950,E0008226,3,below the project's stated 85 deg deviation,purpose-made chamber with a swept/curved channel. NOT a bend chamber: the user refused that on 2026-08-20 (~200 chambers for no construction benefit)
N0010196,P0-L-MH10196,473449.781,2562045.571,lateral,junction,82.74,E0011197,E0009437,2,below the project's stated 85 deg deviation,purpose-made chamber with a swept/curved channel. NOT a bend chamber: the user refused that on 2026-08-20 (~200 chambers for no construction benefit)
N0036604,P0-M-MH36604,446783.65,2566133.463,main,chamber,82.76,E0035844,E0035845,1,below the project's stated 85 deg deviation,purpose-made chamber with a swept/curved channel. NOT a bend chamber: the user refused that on 2026-08-20 (~200 chambers for no construction benefit)
N0019195,P0-M-MH19195,449389.727,2569723.836,main,chamber,82.77,E0018435,E0018436,1,below the project's stated 85 deg deviation,purpose-made chamber with a swept/curved channel. NOT a bend chamber: the user refused that on 2026-08-20 (~200 chambers for no construction benefit)
N0038561,P0-L-MH38561,455582.247,2571789.262,lateral,chamber,82.78,E0037801,E0037802,1,below the project's stated 85 deg deviation,purpose-made chamber with a swept/curved channel. NOT a bend chamber: the user refused that on 2026-08-20 (~200 chambers for no construction benefit)
N0030739,P0-L-MH30739,446828.947,2563795.658,lateral,chamber,82.81,E0029979,E0029980,1,below the project's stated 85 deg deviation,purpose-made chamber with a swept/curved channel. NOT a bend chamber: the user refused that on 2026-08-20 (~200 chambers for no construction benefit)
N0000835,P0-SM-MH0835,456302.91,2567603.992,sub main,junction,82.83,E0006067,E0000758,2,below the project's stated 85 deg deviation,purpose-made chamber with a swept/curved channel. NOT a bend chamber: the user refused that on 2026-08-20 (~200 chambers for no construction benefit)
N0004788,P0-L-MH4788,448725.55,2568805.751,lateral,chamber,82.85,E0004219,E0004220,1,below the project's stated 85 deg deviation,purpose-made chamber with a swept/curved channel. NOT a bend chamber: the user refused that on 2026-08-20 (~200 chambers for no construction benefit)
N0043700,P0-L-MH43700,448211.77,2566889.312,lateral,junction,82.85,E0043590,E0042941,2,below the project's stated 85 deg deviation,purpose-made chamber with a swept/curved channel. NOT a bend chamber: the user refused that on 2026-08-20 (~200 chambers for no construction benefit)
N0009676,P0-SM-MH9676,466022.354,2566396.419,sub main,chamber,82.87,E0008916,E0008917,1,below the project's stated 85 deg deviation,purpose-made chamber with a swept/curved channel. NOT a bend chamber: the user refused that on 2026-08-20 (~200 chambers for no construction benefit)
N0007580,P0-L-MH7580,448910.899,2562645.55,lateral,chamber,82.89,E0006820,E0006821,1,below the project's stated 85 deg deviation,purpose-made chamber with a swept/curved channel. NOT a bend chamber: the user refused that on 2026-08-20 (~200 chambers for no construction benefit)
N0024034,P0-M-MH24034,446141.403,2562931.362,main,junction,82.89,E0024975,E0023275,2,below the project's stated 85 deg deviation,purpose-made chamber with a swept/curved channel. NOT a bend chamber: the user refused that on 2026-08-20 (~200 chambers for no construction benefit)
N0021548,P0-L-MH21548,451093.16,2566334.049,lateral,junction,82.9,E0022591,E0020789,2,below the project's stated 85 deg deviation,purpose-made chamber with a swept/curved channel. NOT a bend chamber: the user refused that on 2026-08-20 (~200 chambers for no construction benefit)
N0047748,P0-L-MH47748,446427.839,2568009.096,lateral,junction,82.91,E0047128,E0046989,2,below the project's stated 85 deg deviation,purpose-made chamber with a swept/curved channel. NOT a bend chamber: the user refused that on 2026-08-20 (~200 chambers for no construction benefit)
N0035873,P0-M-MH35873,462142.935,2576033.365,main,junction,82.94,E0036565,E0035114,2,below the project's stated 85 deg deviation,purpose-made chamber with a swept/curved channel. NOT a bend chamber: the user refused that on 2026-08-20 (~200 chambers for no construction benefit)
N0000001,P0-TM-MH0001,444891.064,2562863.05,trunk main,junction,82.95,E0005610,E0000001,2,below the project's stated 85 deg deviation,purpose-made chamber with a swept/curved channel. NOT a bend chamber: the user refused that on 2026-08-20 (~200 chambers for no construction benefit)
N0021542,P0-SM-MH21542,450861.26,2566497.146,sub main,junction,82.98,E0022596,E0020783,3,below the project's stated 85 deg deviation,purpose-made chamber with a swept/curved channel. NOT a bend chamber: the user refused that on 2026-08-20 (~200 chambers for no construction benefit)
N0035853,P0-L-MH35853,455292.995,2571939.151,lateral,chamber,83.01,E0035093,E0035094,1,below the project's stated 85 deg deviation,purpose-made chamber with a swept/curved channel. NOT a bend chamber: the user refused that on 2026-08-20 (~200 chambers for no construction benefit)
N0042990,P0-L-MH42990,448060.745,2567098.721,lateral,junction,83.05,E0042950,E0042231,2,below the project's stated 85 deg deviation,purpose-made chamber with a swept/curved channel. NOT a bend chamber: the user refused that on 2026-08-20 (~200 chambers for no construction benefit)
N0000651,P0-L-MH0651,448279.639,2567498.554,lateral,junction,83.07,E0005762,E0000584,2,below the project's stated 85 deg deviation,purpose-made chamber with a swept/curved channel. NOT a bend chamber: the user refused that on 2026-08-20 (~200 chambers for no construction benefit)
N0042828,P0-L-MH42828,456592.183,2568138.263,lateral,junction,83.08,E0042836,E0042069,2,below the project's stated 85 deg deviation,purpose-made chamber with a swept/curved channel. NOT a bend chamber: the user refused that on 2026-08-20 (~200 chambers for no construction benefit)
N0040688,P0-L-MH40688,448301.804,2568030.085,lateral,chamber,83.09,E0039928,E0039929,1,below the project's stated 85 deg deviation,purpose-made chamber with a swept/curved channel. NOT a bend chamber: the user refused that on 2026-08-20 (~200 chambers for no construction benefit)
N0027008,P0-M-MH27008,450796.125,2571736.911,main,junction,83.09,E0027891,E0026249,2,below the project's stated 85 deg deviation,purpose-made chamber with a swept/curved channel. NOT a bend chamber: the user refused that on 2026-08-20 (~200 chambers for no construction benefit)
N0001989,P0-L-MH1989,474114.395,2571570.665,lateral,junction,83.13,E0006753,E0001808,2,below the project's stated 85 deg deviation,purpose-made chamber with a swept/curved channel. NOT a bend chamber: the user refused that on 2026-08-20 (~200 chambers for no construction benefit)
N0021337,P0-L-MH21337,442118.598,2565768.395,lateral,junction,83.13,E0022448,E0020578,2,below the project's stated 85 deg deviation,purpose-made chamber with a swept/curved channel. NOT a bend chamber: the user refused that on 2026-08-20 (~200 chambers for no construction benefit)
N0024261,P0-M-MH24261,453787.891,2573391.981,main,junction,83.14,E0025152,E0023502,2,below the project's stated 85 deg deviation,purpose-made chamber with a swept/curved channel. NOT a bend chamber: the user refused that on 2026-08-20 (~200 chambers for no construction benefit)
N0047991,P0-L-MH47991,445566.454,2568176.448,lateral,junction,83.15,E0047340,E0047232,2,below the project's stated 85 deg deviation,purpose-made chamber with a swept/curved channel. NOT a bend chamber: the user refused that on 2026-08-20 (~200 chambers for no construction benefit)
N0021125,P0-L-MH21125,452743.931,2571965.865,lateral,chamber,83.16,E0020365,E0020366,1,below the project's stated 85 deg deviation,purpose-made chamber with a swept/curved channel. NOT a bend chamber: the user refused that on 2026-08-20 (~200 chambers for no construction benefit)
N0048589,P0-M-MH48589,447075.011,2568990.852,main,junction,83.17,E0047978,E0047830,2,below the project's stated 85 deg deviation,purpose-made chamber with a swept/curved channel. NOT a bend chamber: the user refused that on 2026-08-20 (~200 chambers for no construction benefit)
N0001135,P0-SM-MH1135,455452.099,2566606.324,sub main,junction,83.18,E0006199,E0001042,2,below the project's stated 85 deg deviation,purpose-made chamber with a swept/curved channel. NOT a bend chamber: the user refused that on 2026-08-20 (~200 chambers for no construction benefit)
N0019315,P0-SM-MH19315,459417.059,2569119.192,sub main,junction,83.2,E0020293,E0018556,2,below the project's stated 85 deg deviation,purpose-made chamber with a swept/curved channel. NOT a bend chamber: the user refused that on 2026-08-20 (~200 chambers for no construction benefit)
N0014316,P0-SM-MH14316,454122.403,2573846.516,sub main,junction,83.21,E0015246,E0013557,2,below the project's stated 85 deg deviation,purpose-made chamber with a swept/curved channel. NOT a bend chamber: the user refused that on 2026-08-20 (~200 chambers for no construction benefit)
N0044526,P0-L-MH44526,448112.576,2567724.049,lateral,chamber,83.22,E0043766,E0043767,1,below the project's stated 85 deg deviation,purpose-made chamber with a swept/curved channel. NOT a bend chamber: the user refused that on 2026-08-20 (~200 chambers for no construction benefit)
N0031463,P0-L-MH31463,461062.522,2577327.637,lateral,junction,83.25,E0032170,E0030704,2,below the project's stated 85 deg deviation,purpose-made chamber with a swept/curved channel. NOT a bend chamber: the user refused that on 2026-08-20 (~200 chambers for no construction benefit)
N0011316,P0-SM-MH11316,436637.317,2574979.101,sub main,junction,83.25,E0012370,E0010557,2,below the project's stated 85 deg deviation,purpose-made chamber with a swept/curved channel. NOT a bend chamber: the user refused that on 2026-08-20 (~200 chambers for no construction benefit)
N0047387,P0-L-MH47387,447290.018,2568197.011,lateral,junction,83.29,E0046821,E0046628,2,below the project's stated 85 deg deviation,purpose-made chamber with a swept/curved channel. NOT a bend chamber: the user refused that on 2026-08-20 (~200 chambers for no construction benefit)
N0037533,P0-SM-MH37533,460722.369,2579972.994,sub main,junction,83.32,E0037987,E0036774,2,below the project's stated 85 deg deviation,purpose-made chamber with a swept/curved channel. NOT a bend chamber: the user refused that on 2026-08-20 (~200 chambers for no construction benefit)
N0011131,P0-L-MH11131,456224.777,2568559.477,lateral,junction,83.34,E0012159,E0010372,2,below the project's stated 85 deg deviation,purpose-made chamber with a swept/curved channel. NOT a bend chamber: the user refused that on 2026-08-20 (~200 chambers for no construction benefit)
N0034063,P0-L-MH34063,448518.934,2570029.494,lateral,chamber,83.37,E0033303,E0033304,1,below the project's stated 85 deg deviation,purpose-made chamber with a swept/curved channel. NOT a bend chamber: the user refused that on 2026-08-20 (~200 chambers for no construction benefit)
N0048396,P0-M-MH48396,443851.548,2568331.333,main,chamber,83.37,E0047636,E0047637,1,below the project's stated 85 deg deviation,purpose-made chamber with a swept/curved channel. NOT a bend chamber: the user refused that on 2026-08-20 (~200 chambers for no construction benefit)
N0049476,P0-L-MH49476,443157.054,2569264.989,lateral,chamber,83.38,E0048716,E0048717,1,below the project's stated 85 deg deviation,purpose-made chamber with a swept/curved channel. NOT a bend chamber: the user refused that on 2026-08-20 (~200 chambers for no construction benefit)
N0020542,P0-L-MH20542,460789.156,2578799.87,lateral,chamber,83.39,E0019782,E0019783,1,below the project's stated 85 deg deviation,purpose-made chamber with a swept/curved channel. NOT a bend chamber: the user refused that on 2026-08-20 (~200 chambers for no construction benefit)
N0016002,P0-L-MH16002,450136.988,2569364.021,lateral,junction,83.4,E0016764,E0015243,2,below the project's stated 85 deg deviation,purpose-made chamber with a swept/curved channel. NOT a bend chamber: the user refused that on 2026-08-20 (~200 chambers for no construction benefit)
N0020356,P0-M-MH20356,464407.521,2566603.923,main,junction,83.41,E0021301,E0019597,2,below the project's stated 85 deg deviation,purpose-made chamber with a swept/curved channel. NOT a bend chamber: the user refused that on 2026-08-20 (~200 chambers for no construction benefit)
N0037943,P0-L-MH37943,460039.367,2578594.931,lateral,junction,83.41,E0038380,E0037184,2,below the project's stated 85 deg deviation,purpose-made chamber with a swept/curved channel. NOT a bend chamber: the user refused that on 2026-08-20 (~200 chambers for no construction benefit)
N0034236,P0-M-MH34236,448667.625,2568370.746,main,junction,83.42,E0034862,E0033477,2,below the project's stated 85 deg deviation,purpose-made chamber with a swept/curved channel. NOT a bend chamber: the user refused that on 2026-08-20 (~200 chambers for no construction benefit)
N0017406,P0-M-MH17406,454287.586,2574890.263,main,junction,83.43,E0018310,E0016647,2,below the project's stated 85 deg deviation,purpose-made chamber with a swept/curved channel. NOT a bend chamber: the user refused that on 2026-08-20 (~200 chambers for no construction benefit)
N0044602,P0-L-MH44602,456014.973,2571588.017,lateral,chamber,83.46,E0043842,E0043843,1,below the project's stated 85 deg deviation,purpose-made chamber with a swept/curved channel. NOT a bend chamber: the user refused that on 2026-08-20 (~200 chambers for no construction benefit)
N0027204,P0-M-MH27204,448282.605,2571315.013,main,junction,83.46,E0028038,E0026445,2,below the project's stated 85 deg deviation,purpose-made chamber with a swept/curved channel. NOT a bend chamber: the user refused that on 2026-08-20 (~200 chambers for no construction benefit)
N0012093,P0-M-MH12093,446061.822,2564376.331,main,chamber,83.48,E0011333,E0011334,1,below the project's stated 85 deg deviation,purpose-made chamber with a swept/curved channel. NOT a bend chamber: the user refused that on 2026-08-20 (~200 chambers for no construction benefit)
N0043281,P0-M-MH43281,475330.207,2576031.05,main,junction,83.58,E0043148,E0042522,2,below the project's stated 85 deg deviation,purpose-made chamber with a swept/curved channel. NOT a bend chamber: the user refused that on 2026-08-20 (~200 chambers for no construction benefit)
N0039072,P0-L-MH39072,447452.754,2566593.212,lateral,chamber,83.63,E0038312,E0038313,1,below the project's stated 85 deg deviation,purpose-made chamber with a swept/curved channel. NOT a bend chamber: the user refused that on 2026-08-20 (~200 chambers for no construction benefit)
N0026068,P0-L-MH26068,448915.066,2569324.612,lateral,junction,83.64,E0027119,E0025309,2,below the project's stated 85 deg deviation,purpose-made chamber with a swept/curved channel. NOT a bend chamber: the user refused that on 2026-08-20 (~200 chambers for no construction benefit)
N0039938,P0-L-MH39938,451653.427,2564972.787,lateral,chamber,83.65,E0039178,E0039179,1,below the project's stated 85 deg deviation,purpose-made chamber with a swept/curved channel. NOT a bend chamber: the user refused that on 2026-08-20 (~200 chambers for no construction benefit)
N0006521,P0-L-MH6521,448198.756,2567478.503,lateral,junction,83.65,E0008406,E0005762,2,below the project's stated 85 deg deviation,purpose-made chamber with a swept/curved channel. NOT a bend chamber: the user refused that on 2026-08-20 (~200 chambers for no construction benefit)
N0000720,P0-L-MH0720,445504.803,2567665.309,lateral,chamber,83.65,E0000652,E0000653,1,below the project's stated 85 deg deviation,purpose-made chamber with a swept/curved channel. NOT a bend chamber: the user refused that on 2026-08-20 (~200 chambers for no construction benefit)
N0001851,P0-M-MH1851,450942.415,2565657.917,main,junction,83.65,E0006634,E0001699,2,below the project's stated 85 deg deviation,purpose-made chamber with a swept/curved channel. NOT a bend chamber: the user refused that on 2026-08-20 (~200 chambers for no construction benefit)
N0043530,P0-L-MH43530,453783.366,2574560.695,lateral,junction,83.66,E0043393,E0042771,2,below the project's stated 85 deg deviation,purpose-made chamber with a swept/curved channel. NOT a bend chamber: the user refused that on 2026-08-20 (~200 chambers for no construction benefit)
N0021202,P0-M-MH21202,451286.605,2568110.506,main,junction,83.68,E0022335,E0020443,2,below the project's stated 85 deg deviation,purpose-made chamber with a swept/curved channel. NOT a bend chamber: the user refused that on 2026-08-20 (~200 chambers for no construction benefit)
N0034547,P0-M-MH34547,453205.414,2575648.592,main,junction,83.69,E0035178,E0033788,2,below the project's stated 85 deg deviation,purpose-made chamber with a swept/curved channel. NOT a bend chamber: the user refused that on 2026-08-20 (~200 chambers for no construction benefit)
N0040369,P0-M-MH40369,465780.217,2577999.321,main,junction,83.72,E0040569,E0039610,2,below the project's stated 85 deg deviation,purpose-made chamber with a swept/curved channel. NOT a bend chamber: the user refused that on 2026-08-20 (~200 chambers for no construction benefit)
N0020781,P0-L-MH20781,449414.016,2569546.747,lateral,chamber,83.72,E0020021,E0020022,1,below the project's stated 85 deg deviation,purpose-made chamber with a swept/curved channel. NOT a bend chamber: the user refused that on 2026-08-20 (~200 chambers for no construction benefit)
N0012952,P0-L-MH12952,454687.764,2568464.012,lateral,chamber,83.72,E0012192,E0012193,1,below the project's stated 85 deg deviation,purpose-made chamber with a swept/curved channel. NOT a bend chamber: the user refused that on 2026-08-20 (~200 chambers for no construction benefit)
N0028963,P0-SM-MH28963,446949.589,2563855.437,sub main,junction,83.73,E0029907,E0028204,2,below the project's stated 85 deg deviation,purpose-made chamber with a swept/curved channel. NOT a bend chamber: the user refused that on 2026-08-20 (~200 chambers for no construction benefit)
N0014756,P0-SM-MH14756,462179.242,2577654.273,sub main,junction,83.74,E0015762,E0013997,2,below the project's stated 85 deg deviation,purpose-made chamber with a swept/curved channel. NOT a bend chamber: the user refused that on 2026-08-20 (~200 chambers for no construction benefit)
N0025693,P0-L-MH25693,453178.403,2573131.567,lateral,junction,83.74,E0026666,E0024934,2,below the project's stated 85 deg deviation,purpose-made chamber with a swept/curved channel. NOT a bend chamber: the user refused that on 2026-08-20 (~200 chambers for no construction benefit)
N0000931,P0-L-MH0931,446924.278,2558503.03,lateral,junction,83.75,E0006094,E0000850,2,below the project's stated 85 deg deviation,purpose-made chamber with a swept/curved channel. NOT a bend chamber: the user refused that on 2026-08-20 (~200 chambers for no construction benefit)
N0008295,P0-L-MH8295,451409.699,2566131.945,lateral,chamber,83.76,E0007535,E0007536,1,below the project's stated 85 deg deviation,purpose-made chamber with a swept/curved channel. NOT a bend chamber: the user refused that on 2026-08-20 (~200 chambers for no construction benefit)
N0022605,P0-M-MH22605,453731.136,2573338.273,main,junction,83.76,E0023747,E0021846,2,below the project's stated 85 deg deviation,purpose-made chamber with a swept/curved channel. NOT a bend chamber: the user refused that on 2026-08-20 (~200 chambers for no construction benefit)
N0001930,P0-L-MH1930,450399.253,2568210.737,lateral,chamber,83.76,E0001758,E0001759,1,below the project's stated 85 deg deviation,purpose-made chamber with a swept/curved channel. NOT a bend chamber: the user refused that on 2026-08-20 (~200 chambers for no construction benefit)
N0027940,P0-SM-MH27940,455360.009,2572990.657,sub main,junction,83.77,E0028757,E0027181,3,below the project's stated 85 deg deviation,purpose-made chamber with a swept/curved channel. NOT a bend chamber: the user refused that on 2026-08-20 (~200 chambers for no construction benefit)
N0049266,P0-L-MH49266,444453.639,2569014.076,lateral,junction,83.77,E0048621,E0048507,3,below the project's stated 85 deg deviation,purpose-made chamber with a swept/curved channel. NOT a bend chamber: the user refused that on 2026-08-20 (~200 chambers for no construction benefit)
N0032680,P0-L-MH32680,447707.329,2562667.383,lateral,chamber,83.81,E0031920,E0031921,1,below the project's stated 85 deg deviation,purpose-made chamber with a swept/curved channel. NOT a bend chamber: the user refused that on 2026-08-20 (~200 chambers for no construction benefit)
N0022177,P0-L-MH22177,460979.191,2578876.651,lateral,junction,83.83,E0023254,E0021418,2,below the project's stated 85 deg deviation,purpose-made chamber with a swept/curved channel. NOT a bend chamber: the user refused that on 2026-08-20 (~200 chambers for no construction benefit)
N0047140,P0-L-MH47140,449129.915,2573156.595,lateral,chamber,83.88,E0046380,E0046381,1,below the project's stated 85 deg deviation,purpose-made chamber with a swept/curved channel. NOT a bend chamber: the user refused that on 2026-08-20 (~200 chambers for no construction benefit)
N0001708,P0-M-MH1708,462393.686,2567336.871,main,junction,83.9,E0006554,E0001569,2,below the project's stated 85 deg deviation,purpose-made chamber with a swept/curved channel. NOT a bend chamber: the user refused that on 2026-08-20 (~200 chambers for no construction benefit)
N0037547,P0-L-MH37547,450385.265,2567335.844,lateral,chamber,83.9,E0036787,E0036788,1,below the project's stated 85 deg deviation,purpose-made chamber with a swept/curved channel. NOT a bend chamber: the user refused that on 2026-08-20 (~200 chambers for no construction benefit)
N0023881,P0-TM-MH23881,460013.268,2578190.034,trunk main,junction,83.91,E0024897,E0023122,2,below the project's stated 85 deg deviation,purpose-made chamber with a swept/curved channel. NOT a bend chamber: the user refused that on 2026-08-20 (~200 chambers for no construction benefit)
N0046284,P0-L-MH46284,448824.499,2566050.698,lateral,chamber,83.91,E0045524,E0045525,1,below the project's stated 85 deg deviation,purpose-made chamber with a swept/curved channel. NOT a bend chamber: the user refused that on 2026-08-20 (~200 chambers for no construction benefit)
N0027407,P0-M-MH27407,446564.162,2564368.69,main,junction,83.92,E0028159,E0026648,2,below the project's stated 85 deg deviation,purpose-made chamber with a swept/curved channel. NOT a bend chamber: the user refused that on 2026-08-20 (~200 chambers for no construction benefit)
N0035446,P0-L-MH35446,448698.917,2569366.696,lateral,chamber,83.95,E0036129,E0034687,1,below the project's stated 85 deg deviation,purpose-made chamber with a swept/curved channel. NOT a bend chamber: the user refused that on 2026-08-20 (~200 chambers for no construction benefit)
N0018236,P0-SM-MH18236,452242.331,2574251.223,sub main,junction,83.95,E0019107,E0017477,2,below the project's stated 85 deg deviation,purpose-made chamber with a swept/curved channel. NOT a bend chamber: the user refused that on 2026-08-20 (~200 chambers for no construction benefit)
N0031493,P0-L-MH31493,448380.081,2568872.553,lateral,junction,83.97,E0032230,E0030734,2,below the project's stated 85 deg deviation,purpose-made chamber with a swept/curved channel. NOT a bend chamber: the user refused that on 2026-08-20 (~200 chambers for no construction benefit)
N0032665,P0-L-MH32665,459132.079,2577021.968,lateral,junction,83.99,E0033386,E0031906,2,below the project's stated 85 deg deviation,purpose-made chamber with a swept/curved channel. NOT a bend chamber: the user refused that on 2026-08-20 (~200 chambers for no construction benefit)
N0033694,P0-L-MH33694,468368.957,2576234.721,lateral,chamber,84.0,E0032934,E0032935,1,below the project's stated 85 deg deviation,purpose-made chamber with a swept/curved channel. NOT a bend chamber: the user refused that on 2026-08-20 (~200 chambers for no construction benefit)
N0020667,P0-M-MH20667,474357.395,2571938.665,main,junction,84.01,E0021574,E0019908,2,below the project's stated 85 deg deviation,purpose-made chamber with a swept/curved channel. NOT a bend chamber: the user refused that on 2026-08-20 (~200 chambers for no construction benefit)
N0008933,P0-SM-MH8933,451006.687,2567295.784,sub main,junction,84.01,E0009895,E0008174,2,below the project's stated 85 deg deviation,purpose-made chamber with a swept/curved channel. NOT a bend chamber: the user refused that on 2026-08-20 (~200 chambers for no construction benefit)
N0048776,P0-L-MH48776,442996.719,2568883.565,lateral,junction,84.03,E0048106,E0048017,2,below the project's stated 85 deg deviation,purpose-made chamber with a swept/curved channel. NOT a bend chamber: the user refused that on 2026-08-20 (~200 chambers for no construction benefit)
N0016230,P0-M-MH16230,455667.566,2568607.349,main,junction,84.03,E0017056,E0015471,2,below the project's stated 85 deg deviation,purpose-made chamber with a swept/curved channel. NOT a bend chamber: the user refused that on 2026-08-20 (~200 chambers for no construction benefit)
N0015838,P0-M-MH15838,472808.657,2573626.731,main,junction,84.03,E0016759,E0015079,2,below the project's stated 85 deg deviation,purpose-made chamber with a swept/curved channel. NOT a bend chamber: the user refused that on 2026-08-20 (~200 chambers for no construction benefit)
N0025750,P0-M-MH25750,463848.672,2577585.423,main,junction,84.07,E0026832,E0024991,2,below the project's stated 85 deg deviation,purpose-made chamber with a swept/curved channel. NOT a bend chamber: the user refused that on 2026-08-20 (~200 chambers for no construction benefit)
N0033574,P0-M-MH33574,447106.479,2565802.751,main,junction,84.07,E0034322,E0032815,2,below the project's stated 85 deg deviation,purpose-made chamber with a swept/curved channel. NOT a bend chamber: the user refused that on 2026-08-20 (~200 chambers for no construction benefit)
N0009098,P0-M-MH9098,450278.892,2569855.13,main,junction,84.08,E0010103,E0008339,2,below the project's stated 85 deg deviation,purpose-made chamber with a swept/curved channel. NOT a bend chamber: the user refused that on 2026-08-20 (~200 chambers for no construction benefit)
N0009267,P0-M-MH9267,450371.657,2570129.929,main,junction,84.09,E0010395,E0008508,2,below the project's stated 85 deg deviation,purpose-made chamber with a swept/curved channel. NOT a bend chamber: the user refused that on 2026-08-20 (~200 chambers for no construction benefit)
N0014281,P0-L-MH14281,461848.257,2578708.387,lateral,junction,84.09,E0015175,E0013522,2,below the project's stated 85 deg deviation,purpose-made chamber with a swept/curved channel. NOT a bend chamber: the user refused that on 2026-08-20 (~200 chambers for no construction benefit)
N0043676,P0-L-MH43676,445515.174,2572272.902,lateral,junction,84.09,E0043576,E0042917,2,below the project's stated 85 deg deviation,purpose-made chamber with a swept/curved channel. NOT a bend chamber: the user refused that on 2026-08-20 (~200 chambers for no construction benefit)
N0048369,P0-M-MH48369,445729.625,2568361.408,main,junction,84.09,E0047741,E0047610,2,below the project's stated 85 deg deviation,purpose-made chamber with a swept/curved channel. NOT a bend chamber: the user refused that on 2026-08-20 (~200 chambers for no construction benefit)
N0017430,P0-L-MH17430,450160.057,2569779.829,lateral,junction,84.1,E0018297,E0016671,2,below the project's stated 85 deg deviation,purpose-made chamber with a swept/curved channel. NOT a bend chamber: the user refused that on 2026-08-20 (~200 chambers for no construction benefit)
N0010757,P0-M-MH10757,450533.111,2567843.222,main,junction,84.11,E0012027,E0009998,2,below the project's stated 85 deg deviation,purpose-made chamber with a swept/curved channel. NOT a bend chamber: the user refused that on 2026-08-20 (~200 chambers for no construction benefit)
N0017334,P0-L-MH17334,455563.618,2576373.347,lateral,chamber,84.11,E0016574,E0016575,1,below the project's stated 85 deg deviation,purpose-made chamber with a swept/curved channel. NOT a bend chamber: the user refused that on 2026-08-20 (~200 chambers for no construction benefit)
N0026056,P0-M-MH26056,448915.553,2570336.663,main,junction,84.13,E0027130,E0025297,2,below the project's stated 85 deg deviation,purpose-made chamber with a swept/curved channel. NOT a bend chamber: the user refused that on 2026-08-20 (~200 chambers for no construction benefit)
N0022479,P0-M-MH22479,454816.697,2574089.003,main,junction,84.14,E0023468,E0021720,2,below the project's stated 85 deg deviation,purpose-made chamber with a swept/curved channel. NOT a bend chamber: the user refused that on 2026-08-20 (~200 chambers for no construction benefit)
N0032982,P0-L-MH32982,448486.544,2568848.277,lateral,chamber,84.14,E0033739,E0032223,1,below the project's stated 85 deg deviation,purpose-made chamber with a swept/curved channel. NOT a bend chamber: the user refused that on 2026-08-20 (~200 chambers for no construction benefit)
N0036680,P0-L-MH36680,459397.075,2577733.3,lateral,chamber,84.14,E0035920,E0035921,1,below the project's stated 85 deg deviation,purpose-made chamber with a swept/curved channel. NOT a bend chamber: the user refused that on 2026-08-20 (~200 chambers for no construction benefit)
N0041297,P0-L-MH41297,450403.412,2568855.482,lateral,chamber,84.15,E0040537,E0040538,1,below the project's stated 85 deg deviation,purpose-made chamber with a swept/curved channel. NOT a bend chamber: the user refused that on 2026-08-20 (~200 chambers for no construction benefit)
N0048866,P0-L-MH48866,443040.746,2568950.185,lateral,junction,84.17,E0048192,E0048107,2,below the project's stated 85 deg deviation,purpose-made chamber with a swept/curved channel. NOT a bend chamber: the user refused that on 2026-08-20 (~200 chambers for no construction benefit)
N0032748,P0-SM-MH32748,458545.652,2570527.541,sub main,junction,84.18,E0033642,E0031989,2,below the project's stated 85 deg deviation,purpose-made chamber with a swept/curved channel. NOT a bend chamber: the user refused that on 2026-08-20 (~200 chambers for no construction benefit)
N0011221,P0-M-MH11221,450973.62,2570434.634,main,junction,84.19,E0012177,E0010462,2,below the project's stated 85 deg deviation,purpose-made chamber with a swept/curved channel. NOT a bend chamber: the user refused that on 2026-08-20 (~200 chambers for no construction benefit)
N0046094,P0-L-MH46094,453676.287,2574855.513,lateral,chamber,84.21,E0045334,E0045335,1,below the project's stated 85 deg deviation,purpose-made chamber with a swept/curved channel. NOT a bend chamber: the user refused that on 2026-08-20 (~200 chambers for no construction benefit)
N0031509,P0-M-MH31509,452767.109,2575157.889,main,junction,84.21,E0032243,E0030750,2,below the project's stated 85 deg deviation,purpose-made chamber with a swept/curved channel. NOT a bend chamber: the user refused that on 2026-08-20 (~200 chambers for no construction benefit)
N0008767,P0-TM-MH8767,446381.484,2567594.218,trunk main,junction,84.22,E0009827,E0008008,3,below the project's stated 85 deg deviation,purpose-made chamber with a swept/curved channel. NOT a bend chamber: the user refused that on 2026-08-20 (~200 chambers for no construction benefit)
N0022970,P0-L-MH22970,451338.605,2568049.506,lateral,junction,84.22,E0023831,E0022211,3,below the project's stated 85 deg deviation,purpose-made chamber with a swept/curved channel. NOT a bend chamber: the user refused that on 2026-08-20 (~200 chambers for no construction benefit)
N0024990,P0-SM-MH24990,450645.181,2566918.442,sub main,junction,84.25,E0026041,E0024231,2,below the project's stated 85 deg deviation,purpose-made chamber with a swept/curved channel. NOT a bend chamber: the user refused that on 2026-08-20 (~200 chambers for no construction benefit)
N0039745,P0-L-MH39745,453293.772,2575656.304,lateral,chamber,84.25,E0038985,E0038986,1,below the project's stated 85 deg deviation,purpose-made chamber with a swept/curved channel. NOT a bend chamber: the user refused that on 2026-08-20 (~200 chambers for no construction benefit)
N0034494,P0-M-MH34494,448107.312,2568865.156,main,junction,84.25,E0035163,E0033735,2,below the project's stated 85 deg deviation,purpose-made chamber with a swept/curved channel. NOT a bend chamber: the user refused that on 2026-08-20 (~200 chambers for no construction benefit)
N0010630,P0-L-MH10630,462076.257,2578936.387,lateral,junction,84.26,E0011465,E0009871,2,below the project's stated 85 deg deviation,purpose-made chamber with a swept/curved channel. NOT a bend chamber: the user refused that on 2026-08-20 (~200 chambers for no construction benefit)
N0010564,P0-TM-MH10564,446929.876,2567534.74,trunk main,junction,84.26,E0011457,E0009805,3,below the project's stated 85 deg deviation,purpose-made chamber with a swept/curved channel. NOT a bend chamber: the user refused that on 2026-08-20 (~200 chambers for no construction benefit)
N0030234,P0-L-MH30234,447307.549,2573019.71,lateral,junction,84.28,E0031057,E0029475,2,below the project's stated 85 deg deviation,purpose-made chamber with a swept/curved channel. NOT a bend chamber: the user refused that on 2026-08-20 (~200 chambers for no construction benefit)
N0028937,P0-L-MH28937,446719.29,2564315.492,lateral,junction,84.28,E0029840,E0028178,2,below the project's stated 85 deg deviation,purpose-made chamber with a swept/curved channel. NOT a bend chamber: the user refused that on 2026-08-20 (~200 chambers for no construction benefit)
N0046462,P0-SM-MH46462,454585.717,2577773.401,sub main,junction,84.28,E0046055,E0045703,2,below the project's stated 85 deg deviation,purpose-made chamber with a swept/curved channel. NOT a bend chamber: the user refused that on 2026-08-20 (~200 chambers for no construction benefit)
N0043957,P0-L-MH43957,475429.207,2575761.05,lateral,junction,84.28,E0043806,E0043198,2,below the project's stated 85 deg deviation,purpose-made chamber with a swept/curved channel. NOT a bend chamber: the user refused that on 2026-08-20 (~200 chambers for no construction benefit)
N0032645,P0-L-MH32645,447956.857,2569959.278,lateral,junction,84.29,E0033360,E0031886,2,below the project's stated 85 deg deviation,purpose-made chamber with a swept/curved channel. NOT a bend chamber: the user refused that on 2026-08-20 (~200 chambers for no construction benefit)
N0041491,P0-L-MH41491,459296.557,2576065.559,lateral,junction,84.3,E0041667,E0040732,2,below the project's stated 85 deg deviation,purpose-made chamber with a swept/curved channel. NOT a bend chamber: the user refused that on 2026-08-20 (~200 chambers for no construction benefit)
N0036404,P0-M-MH36404,458342.533,2578731.622,main,junction,84.32,E0037031,E0035645,2,below the project's stated 85 deg deviation,purpose-made chamber with a swept/curved channel. NOT a bend chamber: the user refused that on 2026-08-20 (~200 chambers for no construction benefit)
N0049127,P0-SM-MH49127,442259.775,2569417.806,sub main,junction,84.34,E0048461,E0048368,2,below the project's stated 85 deg deviation,purpose-made chamber with a swept/curved channel. NOT a bend chamber: the user refused that on 2026-08-20 (~200 chambers for no construction benefit)
N0032996,P0-SM-MH32996,453163.914,2575263.488,sub main,junction,84.34,E0033779,E0032237,2,below the project's stated 85 deg deviation,purpose-made chamber with a swept/curved channel. NOT a bend chamber: the user refused that on 2026-08-20 (~200 chambers for no construction benefit)
N0017801,P0-SM-MH17801,450764.356,2569891.635,sub main,junction,84.35,E0018599,E0017042,2,below the project's stated 85 deg deviation,purpose-made chamber with a swept/curved channel. NOT a bend chamber: the user refused that on 2026-08-20 (~200 chambers for no construction benefit)
N0015855,P0-L-MH15855,450280.719,2569431.608,lateral,junction,84.35,E0016644,E0015096,2,below the project's stated 85 deg deviation,purpose-made chamber with a swept/curved channel. NOT a bend chamber: the user refused that on 2026-08-20 (~200 chambers for no construction benefit)
N0041225,P0-L-MH41225,447683.814,2566425.631,lateral,chamber,84.42,E0040465,E0040466,1,below the project's stated 85 deg deviation,purpose-made chamber with a swept/curved channel. NOT a bend chamber: the user refused that on 2026-08-20 (~200 chambers for no construction benefit)
N0017499,P0-SM-MH17499,464110.729,2576907.799,sub main,junction,84.45,E0018610,E0016740,2,below the project's stated 85 deg deviation,purpose-made chamber with a swept/curved channel. NOT a bend chamber: the user refused that on 2026-08-20 (~200 chambers for no construction benefit)
N0012648,P0-M-MH12648,450190.64,2568045.08,main,chamber,84.45,E0011888,E0011889,1,below the project's stated 85 deg deviation,purpose-made chamber with a swept/curved channel. NOT a bend chamber: the user refused that on 2026-08-20 (~200 chambers for no construction benefit)
N0033122,P0-L-MH33122,449739.08,2566503.796,lateral,junction,84.47,E0033888,E0032363,2,below the project's stated 85 deg deviation,purpose-made chamber with a swept/curved channel. NOT a bend chamber: the user refused that on 2026-08-20 (~200 chambers for no construction benefit)
N0020599,P0-M-MH20599,454468.047,2574883.146,main,junction,84.47,E0021480,E0019840,2,below the project's stated 85 deg deviation,purpose-made chamber with a swept/curved channel. NOT a bend chamber: the user refused that on 2026-08-20 (~200 chambers for no construction benefit)
N0011963,P0-L-MH11963,464294.521,2566412.923,lateral,chamber,84.47,E0011203,E0011204,1,below the project's stated 85 deg deviation,purpose-made chamber with a swept/curved channel. NOT a bend chamber: the user refused that on 2026-08-20 (~200 chambers for no construction benefit)
N0019659,P0-L-MH19659,458109.662,2569057.365,lateral,chamber,84.48,E0018899,E0018900,1,below the project's stated 85 deg deviation,purpose-made chamber with a swept/curved channel. NOT a bend chamber: the user refused that on 2026-08-20 (~200 chambers for no construction benefit)
N0009114,P0-L-MH9114,450107.896,2568964.443,lateral,chamber,84.48,E0008354,E0008355,1,below the project's stated 85 deg deviation,purpose-made chamber with a swept/curved channel. NOT a bend chamber: the user refused that on 2026-08-20 (~200 chambers for no construction benefit)
N0014510,P0-L-MH14510,449625.994,2569973.888,lateral,chamber,84.48,E0013750,E0013751,1,below the project's stated 85 deg deviation,purpose-made chamber with a swept/curved channel. NOT a bend chamber: the user refused that on 2026-08-20 (~200 chambers for no construction benefit)
N0019816,P0-M-MH19816,452536.007,2573428.838,main,junction,84.52,E0020637,E0019057,3,below the project's stated 85 deg deviation,purpose-made chamber with a swept/curved channel. NOT a bend chamber: the user refused that on 2026-08-20 (~200 chambers for no construction benefit)
N0038598,P0-L-MH38598,457255.014,2571023.673,lateral,chamber,84.52,E0037838,E0037839,1,below the project's stated 85 deg deviation,purpose-made chamber with a swept/curved channel. NOT a bend chamber: the user refused that on 2026-08-20 (~200 chambers for no construction benefit)
N0000052,P0-TM-MH0052,472022.067,2573905.279,trunk main,junction,84.54,E0005602,E0000049,3,below the project's stated 85 deg deviation,purpose-made chamber with a swept/curved channel. NOT a bend chamber: the user refused that on 2026-08-20 (~200 chambers for no construction benefit)
N0012303,P0-L-MH12303,445355.903,2563149.468,lateral,chamber,84.55,E0011543,E0011544,1,below the project's stated 85 deg deviation,purpose-made chamber with a swept/curved channel. NOT a bend chamber: the user refused that on 2026-08-20 (~200 chambers for no construction benefit)
N0047651,P0-L-MH47651,454792.717,2577787.401,lateral,chamber,84.58,E0046891,E0046892,1,below the project's stated 85 deg deviation,purpose-made chamber with a swept/curved channel. NOT a bend chamber: the user refused that on 2026-08-20 (~200 chambers for no construction benefit)
N0017924,P0-SM-MH17924,459262.32,2577429.705,sub main,junction,84.59,E0018713,E0017165,2,below the project's stated 85 deg deviation,purpose-made chamber with a swept/curved channel. NOT a bend chamber: the user refused that on 2026-08-20 (~200 chambers for no construction benefit)
N0043068,P0-L-MH43068,448314.449,2565353.475,lateral,junction,84.6,E0043003,E0042309,2,below the project's stated 85 deg deviation,purpose-made chamber with a swept/curved channel. NOT a bend chamber: the user refused that on 2026-08-20 (~200 chambers for no construction benefit)
N0023507,P0-SM-MH23507,450750.45,2563270.737,sub main,junction,84.62,E0024387,E0022748,2,below the project's stated 85 deg deviation,purpose-made chamber with a swept/curved channel. NOT a bend chamber: the user refused that on 2026-08-20 (~200 chambers for no construction benefit)
N0014988,P0-L-MH14988,450009.25,2574054.305,lateral,junction,84.62,E0015917,E0014229,3,below the project's stated 85 deg deviation,purpose-made chamber with a swept/curved channel. NOT a bend chamber: the user refused that on 2026-08-20 (~200 chambers for no construction benefit)
N0033543,P0-TM-MH33543,447268.073,2566106.128,trunk main,junction,84.65,E0034297,E0032784,3,below the project's stated 85 deg deviation,purpose-made chamber with a swept/curved channel. NOT a bend chamber: the user refused that on 2026-08-20 (~200 chambers for no construction benefit)
N0049585,P0-L-MH49585,441698.621,2570728.405,lateral,chamber,84.65,E0048825,E0048826,1,below the project's stated 85 deg deviation,purpose-made chamber with a swept/curved channel. NOT a bend chamber: the user refused that on 2026-08-20 (~200 chambers for no construction benefit)
N0042750,P0-L-MH42750,453519.514,2574218.016,lateral,junction,84.67,E0042777,E0041991,2,below the project's stated 85 deg deviation,purpose-made chamber with a swept/curved channel. NOT a bend chamber: the user refused that on 2026-08-20 (~200 chambers for no construction benefit)
N0037867,P0-M-MH37867,468988.647,2575332.041,main,junction,84.67,E0038293,E0037108,2,below the project's stated 85 deg deviation,purpose-made chamber with a swept/curved channel. NOT a bend chamber: the user refused that on 2026-08-20 (~200 chambers for no construction benefit)
N0044152,P0-L-MH44152,453753.374,2574579.321,lateral,chamber,84.68,E0043392,E0043393,1,below the project's stated 85 deg deviation,purpose-made chamber with a swept/curved channel. NOT a bend chamber: the user refused that on 2026-08-20 (~200 chambers for no construction benefit)
N0047230,P0-L-MH47230,447137.391,2568027.846,lateral,chamber,84.7,E0046470,E0046471,1,below the project's stated 85 deg deviation,purpose-made chamber with a swept/curved channel. NOT a bend chamber: the user refused that on 2026-08-20 (~200 chambers for no construction benefit)
N0010758,P0-M-MH10758,450282.19,2569832.071,main,junction,84.7,E0011680,E0009999,2,below the project's stated 85 deg deviation,purpose-made chamber with a swept/curved channel. NOT a bend chamber: the user refused that on 2026-08-20 (~200 chambers for no construction benefit)
N0046992,P0-L-MH46992,447762.989,2568401.478,lateral,chamber,84.72,E0046232,E0046233,1,below the project's stated 85 deg deviation,purpose-made chamber with a swept/curved channel. NOT a bend chamber: the user refused that on 2026-08-20 (~200 chambers for no construction benefit)
N0035750,P0-L-MH35750,459790.032,2571353.943,lateral,chamber,84.73,E0034990,E0034991,1,below the project's stated 85 deg deviation,purpose-made chamber with a swept/curved channel. NOT a bend chamber: the user refused that on 2026-08-20 (~200 chambers for no construction benefit)
N0039224,P0-L-MH39224,446883.801,2566242.141,lateral,chamber,84.73,E0038464,E0038465,1,below the project's stated 85 deg deviation,purpose-made chamber with a swept/curved channel. NOT a bend chamber: the user refused that on 2026-08-20 (~200 chambers for no construction benefit)
N0034651,P0-L-MH34651,449740.884,2566570.981,lateral,chamber,84.74,E0033891,E0033892,1,below the project's stated 85 deg deviation,purpose-made chamber with a swept/curved channel. NOT a bend chamber: the user refused that on 2026-08-20 (~200 chambers for no construction benefit)
N0006107,P0-TM-MH6107,451017.683,2567197.871,trunk main,junction,84.74,E0008336,E0005348,2,below the project's stated 85 deg deviation,purpose-made chamber with a swept/curved channel. NOT a bend chamber: the user refused that on 2026-08-20 (~200 chambers for no construction benefit)
N0008788,P0-TM-MH8788,454162.749,2575288.223,trunk main,junction,84.75,E0009839,E0008029,2,below the project's stated 85 deg deviation,purpose-made chamber with a swept/curved channel. NOT a bend chamber: the user refused that on 2026-08-20 (~200 chambers for no construction benefit)
N0014537,P0-M-MH14537,469912.738,2575329.358,main,junction,84.76,E0015641,E0013778,2,below the project's stated 85 deg deviation,purpose-made chamber with a swept/curved channel. NOT a bend chamber: the user refused that on 2026-08-20 (~200 chambers for no construction benefit)
N0010789,P0-M-MH10789,452480.983,2566817.479,main,junction,84.76,E0011674,E0010030,2,below the project's stated 85 deg deviation,purpose-made chamber with a swept/curved channel. NOT a bend chamber: the user refused that on 2026-08-20 (~200 chambers for no construction benefit)
N0006447,P0-M-MH6447,453561.317,2566923.436,main,junction,84.77,E0008408,E0005688,2,below the project's stated 85 deg deviation,purpose-made chamber with a swept/curved channel. NOT a bend chamber: the user refused that on 2026-08-20 (~200 chambers for no construction benefit)
N0006358,P0-M-MH6358,472028.48,2573910.112,main,junction,84.78,E0008605,E0005599,2,below the project's stated 85 deg deviation,purpose-made chamber with a swept/curved channel. NOT a bend chamber: the user refused that on 2026-08-20 (~200 chambers for no construction benefit)
N0046042,P0-L-MH46042,448014.965,2568098.104,lateral,chamber,84.79,E0045282,E0045283,1,below the project's stated 85 deg deviation,purpose-made chamber with a swept/curved channel. NOT a bend chamber: the user refused that on 2026-08-20 (~200 chambers for no construction benefit)
N0017113,P0-L-MH17113,453766.24,2565515.014,lateral,junction,84.79,E0017916,E0016354,2,below the project's stated 85 deg deviation,purpose-made chamber with a swept/curved channel. NOT a bend chamber: the user refused that on 2026-08-20 (~200 chambers for no construction benefit)
N0045624,P0-L-MH45624,448009.497,2567859.333,lateral,junction,84.81,E0045239,E0044865,2,below the project's stated 85 deg deviation,purpose-made chamber with a swept/curved channel. NOT a bend chamber: the user refused that on 2026-08-20 (~200 chambers for no construction benefit)
N0010779,P0-SM-MH10779,452902.487,2567153.89,sub main,junction,84.81,E0011930,E0010020,2,below the project's stated 85 deg deviation,purpose-made chamber with a swept/curved channel. NOT a bend chamber: the user refused that on 2026-08-20 (~200 chambers for no construction benefit)
N0009152,P0-L-MH9152,441512.174,2569426.515,lateral,junction,84.81,E0010193,E0008393,2,below the project's stated 85 deg deviation,purpose-made chamber with a swept/curved channel. NOT a bend chamber: the user refused that on 2026-08-20 (~200 chambers for no construction benefit)
N0012359,P0-M-MH12359,454167.738,2574673.604,main,junction,84.84,E0013515,E0011600,2,below the project's stated 85 deg deviation,purpose-made chamber with a swept/curved channel. NOT a bend chamber: the user refused that on 2026-08-20 (~200 chambers for no construction benefit)
N0025335,P0-L-MH25335,450221.707,2571490.841,lateral,chamber,84.85,E0024575,E0024576,1,below the project's stated 85 deg deviation,purpose-made chamber with a swept/curved channel. NOT a bend chamber: the user refused that on 2026-08-20 (~200 chambers for no construction benefit)
N0010345,P0-M-MH10345,454056.657,2567011.287,main,junction,84.85,E0011266,E0009586,2,below the project's stated 85 deg deviation,purpose-made chamber with a swept/curved channel. NOT a bend chamber: the user refused that on 2026-08-20 (~200 chambers for no construction benefit)
N0011063,P0-L-MH11063,454027.06,2574154.284,lateral,chamber,84.86,E0010303,E0010304,1,below the project's stated 85 deg deviation,purpose-made chamber with a swept/curved channel. NOT a bend chamber: the user refused that on 2026-08-20 (~200 chambers for no construction benefit)
N0019283,P0-L-MH19283,449685.355,2570243.402,lateral,junction,84.87,E0020056,E0018524,2,below the project's stated 85 deg deviation,purpose-made chamber with a swept/curved channel. NOT a bend chamber: the user refused that on 2026-08-20 (~200 chambers for no construction benefit)
N0025764,P0-M-MH25764,450435.346,2568433.214,main,junction,84.87,E0026834,E0025005,2,below the project's stated 85 deg deviation,purpose-made chamber with a swept/curved channel. NOT a bend chamber: the user refused that on 2026-08-20 (~200 chambers for no construction benefit)
N0025710,P0-L-MH25710,446636.286,2564134.116,lateral,chamber,84.88,E0024950,E0024951,1,below the project's stated 85 deg deviation,purpose-made chamber with a swept/curved channel. NOT a bend chamber: the user refused that on 2026-08-20 (~200 chambers for no construction benefit)
N0034328,P0-L-MH34328,455214.325,2571989.747,lateral,junction,84.9,E0034964,E0033569,2,below the project's stated 85 deg deviation,purpose-made chamber with a swept/curved channel. NOT a bend chamber: the user refused that on 2026-08-20 (~200 chambers for no construction benefit)
N0006482,P0-M-MH6482,450275.076,2569881.881,main,junction,84.91,E0008388,E0005723,2,below the project's stated 85 deg deviation,purpose-made chamber with a swept/curved channel. NOT a bend chamber: the user refused that on 2026-08-20 (~200 chambers for no construction benefit)
N0043998,P0-L-MH43998,444350.732,2559041.821,lateral,chamber,84.92,E0043868,E0043239,1,below the project's stated 85 deg deviation,purpose-made chamber with a swept/curved channel. NOT a bend chamber: the user refused that on 2026-08-20 (~200 chambers for no construction benefit)
N0045360,P0-L-MH45360,453233.305,2573955.839,lateral,junction,84.94,E0045034,E0044601,2,below the project's stated 85 deg deviation,purpose-made chamber with a swept/curved channel. NOT a bend chamber: the user refused that on 2026-08-20 (~200 chambers for no construction benefit)
N0020183,P0-SM-MH20183,458600.669,2578194.011,sub main,junction,84.94,E0021035,E0019424,2,below the project's stated 85 deg deviation,purpose-made chamber with a swept/curved channel. NOT a bend chamber: the user refused that on 2026-08-20 (~200 chambers for no construction benefit)
N0042677,P0-L-MH42677,461988.935,2575769.365,lateral,chamber,84.95,E0041917,E0041918,1,below the project's stated 85 deg deviation,purpose-made chamber with a swept/curved channel. NOT a bend chamber: the user refused that on 2026-08-20 (~200 chambers for no construction benefit)
N0030242,P0-SM-MH30242,448611.423,2573404.884,sub main,junction,84.95,E0031086,E0029483,3,below the project's stated 85 deg deviation,purpose-made chamber with a swept/curved channel. NOT a bend chamber: the user refused that on 2026-08-20 (~200 chambers for no construction benefit)
N0045767,P0-L-MH45767,453880.804,2574776.219,lateral,chamber,84.96,E0045007,E0045008,1,below the project's stated 85 deg deviation,purpose-made chamber with a swept/curved channel. NOT a bend chamber: the user refused that on 2026-08-20 (~200 chambers for no construction benefit)
N0040845,P0-L-MH40845,453680.09,2575498.139,lateral,chamber,84.97,E0040085,E0040086,1,below the project's stated 85 deg deviation,purpose-made chamber with a swept/curved channel. NOT a bend chamber: the user refused that on 2026-08-20 (~200 chambers for no construction benefit)
N0012972,P0-L-MH12972,454450.335,2567547.742,lateral,chamber,84.98,E0012212,E0012213,1,below the project's stated 85 deg deviation,purpose-made chamber with a swept/curved channel. NOT a bend chamber: the user refused that on 2026-08-20 (~200 chambers for no construction benefit)
N0043179,P0-M-MH43179,443911.933,2565006.786,main,junction,84.99,E0043074,E0042420,3,below the project's stated 85 deg deviation,purpose-made chamber with a swept/curved channel. NOT a bend chamber: the user refused that on 2026-08-20 (~200 chambers for no construction benefit)
N0012383,P0-L-MH12383,450773.439,2567396.058,lateral,chamber,85.02,E0011623,E0011624,1,below 90 deg - G203-p30,purpose-made chamber with a swept/curved channel. NOT a bend chamber: the user refused that on 2026-08-20 (~200 chambers for no construction benefit)
N0048637,P0-L-MH48637,445602.092,2568851.432,lateral,chamber,85.04,E0047877,E0047878,1,below 90 deg - G203-p30,purpose-made chamber with a swept/curved channel. NOT a bend chamber: the user refused that on 2026-08-20 (~200 chambers for no construction benefit)
N0042051,P0-L-MH42051,448961.329,2573587.057,lateral,junction,85.06,E0042140,E0041292,2,below 90 deg - G203-p30,purpose-made chamber with a swept/curved channel. NOT a bend chamber: the user refused that on 2026-08-20 (~200 chambers for no construction benefit)
N0047892,P0-L-MH47892,445968.207,2568007.92,lateral,chamber,85.07,E0047132,E0047133,1,below 90 deg - G203-p30,purpose-made chamber with a swept/curved channel. NOT a bend chamber: the user refused that on 2026-08-20 (~200 chambers for no construction benefit)
N0035767,P0-M-MH35767,460735.263,2570992.184,main,junction,85.09,E0036492,E0035008,2,below 90 deg - G203-p30,purpose-made chamber with a swept/curved channel. NOT a bend chamber: the user refused that on 2026-08-20 (~200 chambers for no construction benefit)
N0049206,P0-SM-MH49206,441342.911,2569624.17,sub main,junction,85.11,E0048561,E0048447,2,below 90 deg - G203-p30,purpose-made chamber with a swept/curved channel. NOT a bend chamber: the user refused that on 2026-08-20 (~200 chambers for no construction benefit)
N0010644,P0-M-MH10644,450140.035,2569543.733,main,junction,85.11,E0011486,E0009885,2,below 90 deg - G203-p30,purpose-made chamber with a swept/curved channel. NOT a bend chamber: the user refused that on 2026-08-20 (~200 chambers for no construction benefit)
N0026081,P0-M-MH26081,448773.089,2569516.027,main,junction,85.11,E0027158,E0025322,3,below 90 deg - G203-p30,purpose-made chamber with a swept/curved channel. NOT a bend chamber: the user refused that on 2026-08-20 (~200 chambers for no construction benefit)
N0014092,P0-L-MH14092,448620.189,2567694.135,lateral,junction,85.13,E0015029,E0013333,2,below 90 deg - G203-p30,purpose-made chamber with a swept/curved channel. NOT a bend chamber: the user refused that on 2026-08-20 (~200 chambers for no construction benefit)
N0018894,P0-TM-MH18894,445936.779,2563631.076,trunk main,junction,85.16,E0019723,E0018135,3,below 90 deg - G203-p30,purpose-made chamber with a swept/curved channel. NOT a bend chamber: the user refused that on 2026-08-20 (~200 chambers for no construction benefit)
N0010386,P0-M-MH10386,462573.316,2567191.037,main,junction,85.16,E0011291,E0009627,2,below 90 deg - G203-p30,purpose-made chamber with a swept/curved channel. NOT a bend chamber: the user refused that on 2026-08-20 (~200 chambers for no construction benefit)
N0014264,P0-M-MH14264,446636.236,2567314.624,main,junction,85.17,E0015167,E0013505,2,below 90 deg - G203-p30,purpose-made chamber with a swept/curved channel. NOT a bend chamber: the user refused that on 2026-08-20 (~200 chambers for no construction benefit)
N0017408,P0-L-MH17408,447426.383,2567402.709,lateral,junction,85.23,E0018307,E0016649,2,below 90 deg - G203-p30,purpose-made chamber with a swept/curved channel. NOT a bend chamber: the user refused that on 2026-08-20 (~200 chambers for no construction benefit)
N0038781,P0-L-MH38781,459022.313,2567567.484,lateral,junction,85.23,E0039103,E0038022,3,below 90 deg - G203-p30,purpose-made chamber with a swept/curved channel. NOT a bend chamber: the user refused that on 2026-08-20 (~200 chambers for no construction benefit)
N0045367,P0-M-MH45367,452138.203,2576602.227,main,junction,85.26,E0045070,E0044608,2,below 90 deg - G203-p30,purpose-made chamber with a swept/curved channel. NOT a bend chamber: the user refused that on 2026-08-20 (~200 chambers for no construction benefit)
N0020486,P0-M-MH20486,445898.808,2563656.696,main,junction,85.26,E0021363,E0019727,2,below 90 deg - G203-p30,purpose-made chamber with a swept/curved channel. NOT a bend chamber: the user refused that on 2026-08-20 (~200 chambers for no construction benefit)
N0044533,P0-SM-MH44533,447815.193,2567605.949,sub main,junction,85.26,E0044376,E0043774,2,below 90 deg - G203-p30,purpose-made chamber with a swept/curved channel. NOT a bend chamber: the user refused that on 2026-08-20 (~200 chambers for no construction benefit)
N0006317,P0-M-MH6317,450454.643,2567592.897,main,junction,85.27,E0008177,E0005558,2,below 90 deg - G203-p30,purpose-made chamber with a swept/curved channel. NOT a bend chamber: the user refused that on 2026-08-20 (~200 chambers for no construction benefit)
N0041205,P0-M-MH41205,469074.359,2575725.524,main,chamber,85.27,E0040445,E0040446,1,below 90 deg - G203-p30,purpose-made chamber with a swept/curved channel. NOT a bend chamber: the user refused that on 2026-08-20 (~200 chambers for no construction benefit)
N0049656,P0-SM-MH49656,439973.861,2571191.224,sub main,junction,85.27,E0048951,E0048897,2,below 90 deg - G203-p30,purpose-made chamber with a swept/curved channel. NOT a bend chamber: the user refused that on 2026-08-20 (~200 chambers for no construction benefit)
N0030729,P0-SM-MH30729,447423.129,2564084.887,sub main,junction,85.29,E0031457,E0029970,2,below 90 deg - G203-p30,purpose-made chamber with a swept/curved channel. NOT a bend chamber: the user refused that on 2026-08-20 (~200 chambers for no construction benefit)
N0010688,P0-M-MH10688,450197.298,2569078.231,main,junction,85.3,E0011542,E0009929,3,below 90 deg - G203-p30,purpose-made chamber with a swept/curved channel. NOT a bend chamber: the user refused that on 2026-08-20 (~200 chambers for no construction benefit)
N0043785,P0-L-MH43785,448321.507,2565445.642,lateral,chamber,85.31,E0043025,E0043026,1,below 90 deg - G203-p30,purpose-made chamber with a swept/curved channel. NOT a bend chamber: the user refused that on 2026-08-20 (~200 chambers for no construction benefit)
N0016438,P0-L-MH16438,451188.865,2570141.701,lateral,chamber,85.32,E0015678,E0015679,1,below 90 deg - G203-p30,purpose-made chamber with a swept/curved channel. NOT a bend chamber: the user refused that on 2026-08-20 (~200 chambers for no construction benefit)
N0043754,P0-L-MH43754,448266.812,2565614.956,lateral,chamber,85.32,E0042994,E0042995,1,below 90 deg - G203-p30,purpose-made chamber with a swept/curved channel. NOT a bend chamber: the user refused that on 2026-08-20 (~200 chambers for no construction benefit)
N0049341,P0-M-MH49341,453807.717,2578360.401,main,junction,85.33,E0048680,E0048582,2,below 90 deg - G203-p30,purpose-made chamber with a swept/curved channel. NOT a bend chamber: the user refused that on 2026-08-20 (~200 chambers for no construction benefit)
N0010747,P0-L-MH10747,450064.661,2568989.62,lateral,junction,85.33,E0012158,E0009988,2,below 90 deg - G203-p30,purpose-made chamber with a swept/curved channel. NOT a bend chamber: the user refused that on 2026-08-20 (~200 chambers for no construction benefit)
N0024523,P0-M-MH24523,448904.947,2569356.552,main,junction,85.34,E0025321,E0023764,2,below 90 deg - G203-p30,purpose-made chamber with a swept/curved channel. NOT a bend chamber: the user refused that on 2026-08-20 (~200 chambers for no construction benefit)
N0014607,P0-L-MH14607,443558.015,2567650.691,lateral,chamber,85.36,E0013847,E0013848,1,below 90 deg - G203-p30,purpose-made chamber with a swept/curved channel. NOT a bend chamber: the user refused that on 2026-08-20 (~200 chambers for no construction benefit)
N0025147,P0-SM-MH25147,450683.815,2563699.115,sub main,junction,85.36,E0026127,E0024388,2,below 90 deg - G203-p30,purpose-made chamber with a swept/curved channel. NOT a bend chamber: the user refused that on 2026-08-20 (~200 chambers for no construction benefit)
N0024118,P0-L-MH24118,474282.395,2571981.665,lateral,chamber,85.36,E0023358,E0023359,1,below 90 deg - G203-p30,purpose-made chamber with a swept/curved channel. NOT a bend chamber: the user refused that on 2026-08-20 (~200 chambers for no construction benefit)
N0029635,P0-L-MH29635,462707.908,2577639.503,lateral,junction,85.36,E0030508,E0028876,2,below 90 deg - G203-p30,purpose-made chamber with a swept/curved channel. NOT a bend chamber: the user refused that on 2026-08-20 (~200 chambers for no construction benefit)
N0040939,P0-SM-MH40939,460646.195,2580034.524,sub main,junction,85.37,E0041143,E0040180,2,below 90 deg - G203-p30,purpose-made chamber with a swept/curved channel. NOT a bend chamber: the user refused that on 2026-08-20 (~200 chambers for no construction benefit)
N0014176,P0-L-MH14176,451016.703,2567458.426,lateral,chamber,85.4,E0013416,E0013417,1,below 90 deg - G203-p30,purpose-made chamber with a swept/curved channel. NOT a bend chamber: the user refused that on 2026-08-20 (~200 chambers for no construction benefit)
N0026088,P0-SM-MH26088,474292.207,2575327.05,sub main,junction,85.4,E0027316,E0025329,2,below 90 deg - G203-p30,purpose-made chamber with a swept/curved channel. NOT a bend chamber: the user refused that on 2026-08-20 (~200 chambers for no construction benefit)
N0032322,P0-L-MH32322,465042.71,2578739.313,lateral,junction,85.42,E0033022,E0031563,2,below 90 deg - G203-p30,purpose-made chamber with a swept/curved channel. NOT a bend chamber: the user refused that on 2026-08-20 (~200 chambers for no construction benefit)
N0012337,P0-M-MH12337,450282.72,2569319.091,main,junction,85.43,E0013386,E0011578,2,below 90 deg - G203-p30,purpose-made chamber with a swept/curved channel. NOT a bend chamber: the user refused that on 2026-08-20 (~200 chambers for no construction benefit)
N0028879,P0-L-MH28879,446487.634,2565066.069,lateral,junction,85.44,E0029837,E0028120,2,below 90 deg - G203-p30,purpose-made chamber with a swept/curved channel. NOT a bend chamber: the user refused that on 2026-08-20 (~200 chambers for no construction benefit)
N0038421,P0-L-MH38421,455083.702,2571089.617,lateral,chamber,85.45,E0037661,E0037662,1,below 90 deg - G203-p30,purpose-made chamber with a swept/curved channel. NOT a bend chamber: the user refused that on 2026-08-20 (~200 chambers for no construction benefit)
N0012182,P0-TM-MH12182,451185.169,2567029.252,trunk main,junction,85.46,E0013240,E0011423,2,below 90 deg - G203-p30,purpose-made chamber with a swept/curved channel. NOT a bend chamber: the user refused that on 2026-08-20 (~200 chambers for no construction benefit)
N0029270,P0-L-MH29270,449407.787,2569090.434,lateral,chamber,85.48,E0028510,E0028511,1,below 90 deg - G203-p30,purpose-made chamber with a swept/curved channel. NOT a bend chamber: the user refused that on 2026-08-20 (~200 chambers for no construction benefit)
N0019050,P0-L-MH19050,447425.55,2567314.965,lateral,junction,85.49,E0019824,E0018291,2,below 90 deg - G203-p30,purpose-made chamber with a swept/curved channel. NOT a bend chamber: the user refused that on 2026-08-20 (~200 chambers for no construction benefit)
N0031045,P0-L-MH31045,448718.035,2569312.082,lateral,junction,85.49,E0031813,E0030286,2,below 90 deg - G203-p30,purpose-made chamber with a swept/curved channel. NOT a bend chamber: the user refused that on 2026-08-20 (~200 chambers for no construction benefit)
N0009693,P0-SM-MH9693,449509.225,2571251.052,sub main,junction,85.5,E0010733,E0008934,2,below 90 deg - G203-p30,purpose-made chamber with a swept/curved channel. NOT a bend chamber: the user refused that on 2026-08-20 (~200 chambers for no construction benefit)
N0036523,P0-M-MH36523,447264.483,2566352.931,main,junction,85.5,E0037130,E0035764,2,below 90 deg - G203-p30,purpose-made chamber with a swept/curved channel. NOT a bend chamber: the user refused that on 2026-08-20 (~200 chambers for no construction benefit)
N0029055,P0-M-MH29055,473385.033,2573580.143,main,junction,85.51,E0030166,E0028296,2,below 90 deg - G203-p30,purpose-made chamber with a swept/curved channel. NOT a bend chamber: the user refused that on 2026-08-20 (~200 chambers for no construction benefit)
N0035056,P0-SM-MH35056,447239.854,2566120.071,sub main,junction,85.52,E0035769,E0034297,3,below 90 deg - G203-p30,purpose-made chamber with a swept/curved channel. NOT a bend chamber: the user refused that on 2026-08-20 (~200 chambers for no construction benefit)
N0003235,P0-M-MH3235,458932.307,2569333.441,main,junction,85.53,E0007193,E0002863,2,below 90 deg - G203-p30,purpose-made chamber with a swept/curved channel. NOT a bend chamber: the user refused that on 2026-08-20 (~200 chambers for no construction benefit)
N0036650,P0-L-MH36650,446250.827,2565372.004,lateral,chamber,85.54,E0035890,E0035891,1,below 90 deg - G203-p30,purpose-made chamber with a swept/curved channel. NOT a bend chamber: the user refused that on 2026-08-20 (~200 chambers for no construction benefit)
N0048124,P0-M-MH48124,455062.717,2577830.401,main,junction,85.54,E0047443,E0047365,2,below 90 deg - G203-p30,purpose-made chamber with a swept/curved channel. NOT a bend chamber: the user refused that on 2026-08-20 (~200 chambers for no construction benefit)
N0038531,P0-L-MH38531,448174.554,2568144.488,lateral,chamber,85.55,E0037771,E0037772,1,below 90 deg - G203-p30,purpose-made chamber with a swept/curved channel. NOT a bend chamber: the user refused that on 2026-08-20 (~200 chambers for no construction benefit)
N0039101,P0-SM-MH39101,447722.898,2566257.69,sub main,junction,85.55,E0039493,E0038342,2,below 90 deg - G203-p30,purpose-made chamber with a swept/curved channel. NOT a bend chamber: the user refused that on 2026-08-20 (~200 chambers for no construction benefit)
N0039726,P0-L-MH39726,453545.922,2575289.642,lateral,junction,85.57,E0040075,E0038967,2,below 90 deg - G203-p30,purpose-made chamber with a swept/curved channel. NOT a bend chamber: the user refused that on 2026-08-20 (~200 chambers for no construction benefit)
N0027915,P0-M-MH27915,448691.637,2569438.282,main,junction,85.57,E0028581,E0027156,2,below 90 deg - G203-p30,purpose-made chamber with a swept/curved channel. NOT a bend chamber: the user refused that on 2026-08-20 (~200 chambers for no construction benefit)
N0010772,P0-M-MH10772,450500.954,2567924.406,main,junction,85.58,E0011616,E0010013,2,below 90 deg - G203-p30,purpose-made chamber with a swept/curved channel. NOT a bend chamber: the user refused that on 2026-08-20 (~200 chambers for no construction benefit)
N0011402,P0-SM-MH11402,456493.069,2567439.635,sub main,junction,85.59,E0012436,E0010643,2,below 90 deg - G203-p30,purpose-made chamber with a swept/curved channel. NOT a bend chamber: the user refused that on 2026-08-20 (~200 chambers for no construction benefit)
N0041178,P0-L-MH41178,447535.432,2567079.199,lateral,chamber,85.6,E0040418,E0040419,1,below 90 deg - G203-p30,purpose-made chamber with a swept/curved channel. NOT a bend chamber: the user refused that on 2026-08-20 (~200 chambers for no construction benefit)
N0043403,P0-L-MH43403,442187.198,2564943.195,lateral,junction,85.6,E0043264,E0042644,2,below 90 deg - G203-p30,purpose-made chamber with a swept/curved channel. NOT a bend chamber: the user refused that on 2026-08-20 (~200 chambers for no construction benefit)
N0041447,P0-L-MH41447,444467.364,2564851.488,lateral,junction,85.62,E0041651,E0040688,2,below 90 deg - G203-p30,purpose-made chamber with a swept/curved channel. NOT a bend chamber: the user refused that on 2026-08-20 (~200 chambers for no construction benefit)
N0000431,P0-TM-MH0431,446187.786,2567607.586,trunk main,junction,85.64,E0005682,E0000408,3,below 90 deg - G203-p30,purpose-made chamber with a swept/curved channel. NOT a bend chamber: the user refused that on 2026-08-20 (~200 chambers for no construction benefit)
N0032928,P0-L-MH32928,461057.102,2577311.229,lateral,chamber,85.65,E0033729,E0032169,1,below 90 deg - G203-p30,purpose-made chamber with a swept/curved channel. NOT a bend chamber: the user refused that on 2026-08-20 (~200 chambers for no construction benefit)
N0038654,P0-SM-MH38654,453464.617,2575529.817,sub main,junction,85.66,E0038993,E0037895,2,below 90 deg - G203-p30,purpose-made chamber with a swept/curved channel. NOT a bend chamber: the user refused that on 2026-08-20 (~200 chambers for no construction benefit)
N0033123,P0-M-MH33123,449508.428,2566554.698,main,junction,85.68,E0033903,E0032364,2,below 90 deg - G203-p30,purpose-made chamber with a swept/curved channel. NOT a bend chamber: the user refused that on 2026-08-20 (~200 chambers for no construction benefit)
N0009391,P0-L-MH9391,458366.162,2569447.996,lateral,junction,85.69,E0010525,E0008632,2,below 90 deg - G203-p30,purpose-made chamber with a swept/curved channel. NOT a bend chamber: the user refused that on 2026-08-20 (~200 chambers for no construction benefit)
N0029268,P0-M-MH29268,450464.264,2569650.214,main,junction,85.7,E0030212,E0028509,2,below 90 deg - G203-p30,purpose-made chamber with a swept/curved channel. NOT a bend chamber: the user refused that on 2026-08-20 (~200 chambers for no construction benefit)
N0044154,P0-L-MH44154,453836.48,2574453.679,lateral,chamber,85.71,E0043394,E0043395,1,below 90 deg - G203-p30,purpose-made chamber with a swept/curved channel. NOT a bend chamber: the user refused that on 2026-08-20 (~200 chambers for no construction benefit)
N0047654,P0-SM-MH47654,454522.717,2577983.401,sub main,junction,85.71,E0047067,E0046895,2,below 90 deg - G203-p30,purpose-made chamber with a swept/curved channel. NOT a bend chamber: the user refused that on 2026-08-20 (~200 chambers for no construction benefit)
N0040442,P0-L-MH40442,448599.194,2570299.67,lateral,chamber,85.75,E0039682,E0039683,1,below 90 deg - G203-p30,purpose-made chamber with a swept/curved channel. NOT a bend chamber: the user refused that on 2026-08-20 (~200 chambers for no construction benefit)
N0012371,P0-L-MH12371,450043.215,2568715.502,lateral,chamber,85.75,E0011611,E0011612,1,below 90 deg - G203-p30,purpose-made chamber with a swept/curved channel. NOT a bend chamber: the user refused that on 2026-08-20 (~200 chambers for no construction benefit)
N0038161,P0-M-MH38161,448270.454,2570140.827,main,junction,85.75,E0038639,E0037402,2,below 90 deg - G203-p30,purpose-made chamber with a swept/curved channel. NOT a bend chamber: the user refused that on 2026-08-20 (~200 chambers for no construction benefit)
N0038662,P0-SM-MH38662,453312.243,2575635.021,sub main,junction,85.75,E0038986,E0037903,2,below 90 deg - G203-p30,purpose-made chamber with a swept/curved channel. NOT a bend chamber: the user refused that on 2026-08-20 (~200 chambers for no construction benefit)
N0010002,P0-M-MH10002,452837.936,2573453.297,main,chamber,85.76,E0009242,E0009243,1,below 90 deg - G203-p30,purpose-made chamber with a swept/curved channel. NOT a bend chamber: the user refused that on 2026-08-20 (~200 chambers for no construction benefit)
N0046168,P0-L-MH46168,456859.183,2567866.263,lateral,junction,85.78,E0045757,E0045409,2,below 90 deg - G203-p30,purpose-made chamber with a swept/curved channel. NOT a bend chamber: the user refused that on 2026-08-20 (~200 chambers for no construction benefit)
N0033778,P0-L-MH33778,450647.1,2568471.492,lateral,chamber,85.79,E0033018,E0033019,1,below 90 deg - G203-p30,purpose-made chamber with a swept/curved channel. NOT a bend chamber: the user refused that on 2026-08-20 (~200 chambers for no construction benefit)
N0001449,P0-L-MH1449,473843.078,2572705.95,lateral,chamber,85.8,E0001335,E0001336,1,below 90 deg - G203-p30,purpose-made chamber with a swept/curved channel. NOT a bend chamber: the user refused that on 2026-08-20 (~200 chambers for no construction benefit)
N0018530,P0-M-MH18530,449743.398,2572070.123,main,junction,85.81,E0019371,E0017771,2,below 90 deg - G203-p30,purpose-made chamber with a swept/curved channel. NOT a bend chamber: the user refused that on 2026-08-20 (~200 chambers for no construction benefit)
N0040288,P0-L-MH40288,447783.075,2565714.01,lateral,chamber,85.81,E0039528,E0039529,1,below 90 deg - G203-p30,purpose-made chamber with a swept/curved channel. NOT a bend chamber: the user refused that on 2026-08-20 (~200 chambers for no construction benefit)
N0049847,P0-L-MH49847,440164.591,2571769.533,lateral,junction,85.83,E0049140,E0049088,2,below 90 deg - G203-p30,purpose-made chamber with a swept/curved channel. NOT a bend chamber: the user refused that on 2026-08-20 (~200 chambers for no construction benefit)
N0014315,P0-SM-MH14315,454092.94,2573798.17,sub main,junction,85.83,E0015186,E0013556,2,below 90 deg - G203-p30,purpose-made chamber with a swept/curved channel. NOT a bend chamber: the user refused that on 2026-08-20 (~200 chambers for no construction benefit)
N0020038,P0-L-MH20038,447100.512,2558701.118,lateral,chamber,85.85,E0019278,E0019279,1,below 90 deg - G203-p30,purpose-made chamber with a swept/curved channel. NOT a bend chamber: the user refused that on 2026-08-20 (~200 chambers for no construction benefit)
N0009594,P0-SM-MH9594,450394.976,2565704.413,sub main,junction,85.85,E0010629,E0008835,2,below 90 deg - G203-p30,purpose-made chamber with a swept/curved channel. NOT a bend chamber: the user refused that on 2026-08-20 (~200 chambers for no construction benefit)
N0011308,P0-L-MH11308,472966.863,2573017.35,lateral,junction,85.85,E0012306,E0010549,2,below 90 deg - G203-p30,purpose-made chamber with a swept/curved channel. NOT a bend chamber: the user refused that on 2026-08-20 (~200 chambers for no construction benefit)
N0025930,P0-M-MH25930,454880.225,2573291.517,main,junction,85.89,E0026949,E0025171,2,below 90 deg - G203-p30,purpose-made chamber with a swept/curved channel. NOT a bend chamber: the user refused that on 2026-08-20 (~200 chambers for no construction benefit)
N0045768,P0-L-MH45768,453908.796,2574771.12,lateral,chamber,85.91,E0045008,E0045009,1,below 90 deg - G203-p30,purpose-made chamber with a swept/curved channel. NOT a bend chamber: the user refused that on 2026-08-20 (~200 chambers for no construction benefit)
N0010843,P0-SM-MH10843,446196.205,2567162.434,sub main,junction,85.93,E0011776,E0010084,2,below 90 deg - G203-p30,purpose-made chamber with a swept/curved channel. NOT a bend chamber: the user refused that on 2026-08-20 (~200 chambers for no construction benefit)
N0006297,P0-M-MH6297,456535.382,2568544.496,main,junction,85.93,E0008499,E0005538,2,below 90 deg - G203-p30,purpose-made chamber with a swept/curved channel. NOT a bend chamber: the user refused that on 2026-08-20 (~200 chambers for no construction benefit)
N0015919,P0-L-MH15919,450157.123,2569802.966,lateral,junction,85.94,E0016671,E0015160,2,below 90 deg - G203-p30,purpose-made chamber with a swept/curved channel. NOT a bend chamber: the user refused that on 2026-08-20 (~200 chambers for no construction benefit)
N0032446,P0-L-MH32446,450370.833,2568628.89,lateral,chamber,85.94,E0031686,E0031687,1,below 90 deg - G203-p30,purpose-made chamber with a swept/curved channel. NOT a bend chamber: the user refused that on 2026-08-20 (~200 chambers for no construction benefit)
N0017382,P0-L-MH17382,450257.738,2569449.6,lateral,chamber,85.94,E0016622,E0016623,1,below 90 deg - G203-p30,purpose-made chamber with a swept/curved channel. NOT a bend chamber: the user refused that on 2026-08-20 (~200 chambers for no construction benefit)
N0039461,P0-L-MH39461,459580.079,2577284.968,lateral,junction,85.95,E0039806,E0038702,3,below 90 deg - G203-p30,purpose-made chamber with a swept/curved channel. NOT a bend chamber: the user refused that on 2026-08-20 (~200 chambers for no construction benefit)
N0039191,P0-L-MH39191,447225.714,2565820.859,lateral,chamber,85.96,E0038431,E0038432,1,below 90 deg - G203-p30,purpose-made chamber with a swept/curved channel. NOT a bend chamber: the user refused that on 2026-08-20 (~200 chambers for no construction benefit)
N0028802,P0-M-MH28802,447921.605,2571380.013,main,junction,85.97,E0029708,E0028043,2,below 90 deg - G203-p30,purpose-made chamber with a swept/curved channel. NOT a bend chamber: the user refused that on 2026-08-20 (~200 chambers for no construction benefit)
N0012376,P0-M-MH12376,450500.298,2567959.08,main,junction,85.98,E0013689,E0011617,2,below 90 deg - G203-p30,purpose-made chamber with a swept/curved channel. NOT a bend chamber: the user refused that on 2026-08-20 (~200 chambers for no construction benefit)
N0027879,P0-L-MH27879,448893.838,2569333.921,lateral,junction,85.98,E0028524,E0027120,2,below 90 deg - G203-p30,purpose-made chamber with a swept/curved channel. NOT a bend chamber: the user refused that on 2026-08-20 (~200 chambers for no construction benefit)
N0035538,P0-L-MH35538,448238.446,2569299.074,lateral,junction,85.99,E0036233,E0034779,2,below 90 deg - G203-p30,purpose-made chamber with a swept/curved channel. NOT a bend chamber: the user refused that on 2026-08-20 (~200 chambers for no construction benefit)
N0014106,P0-L-MH14106,450108.199,2568854.683,lateral,junction,86.0,E0015046,E0013347,2,below 90 deg - G203-p30,purpose-made chamber with a swept/curved channel. NOT a bend chamber: the user refused that on 2026-08-20 (~200 chambers for no construction benefit)
N0043185,P0-L-MH43185,444017.242,2564966.776,lateral,chamber,86.0,E0042425,E0042426,1,below 90 deg - G203-p30,purpose-made chamber with a swept/curved channel. NOT a bend chamber: the user refused that on 2026-08-20 (~200 chambers for no construction benefit)
N0025061,P0-SM-MH25061,458605.609,2567623.472,sub main,junction,86.06,E0026103,E0024302,2,below 90 deg - G203-p30,purpose-made chamber with a swept/curved channel. NOT a bend chamber: the user refused that on 2026-08-20 (~200 chambers for no construction benefit)
N0028318,P0-SM-MH28318,452890.271,2574885.394,sub main,junction,86.07,E0029150,E0027559,2,below 90 deg - G203-p30,purpose-made chamber with a swept/curved channel. NOT a bend chamber: the user refused that on 2026-08-20 (~200 chambers for no construction benefit)
N0037487,P0-L-MH37487,453244.526,2574843.385,lateral,chamber,86.08,E0036727,E0036728,1,below 90 deg - G203-p30,purpose-made chamber with a swept/curved channel. NOT a bend chamber: the user refused that on 2026-08-20 (~200 chambers for no construction benefit)
N0019167,P0-M-MH19167,454544.394,2573922.172,main,junction,86.09,E0020030,E0018408,2,below 90 deg - G203-p30,purpose-made chamber with a swept/curved channel. NOT a bend chamber: the user refused that on 2026-08-20 (~200 chambers for no construction benefit)
N0041277,P0-M-MH41277,450422.057,2569115.103,main,junction,86.1,E0041490,E0040518,2,below 90 deg - G203-p30,purpose-made chamber with a swept/curved channel. NOT a bend chamber: the user refused that on 2026-08-20 (~200 chambers for no construction benefit)
N0019552,P0-L-MH19552,450741.177,2568508.529,lateral,chamber,86.1,E0018792,E0018793,1,below 90 deg - G203-p30,purpose-made chamber with a swept/curved channel. NOT a bend chamber: the user refused that on 2026-08-20 (~200 chambers for no construction benefit)
N0020453,P0-TM-MH20453,445991.223,2563727.965,trunk main,junction,86.17,E0021442,E0019694,2,below 90 deg - G203-p30,purpose-made chamber with a swept/curved channel. NOT a bend chamber: the user refused that on 2026-08-20 (~200 chambers for no construction benefit)
N0029825,P0-M-MH29825,462230.23,2576451.993,main,chamber,86.17,E0029065,E0029066,1,below 90 deg - G203-p30,purpose-made chamber with a swept/curved channel. NOT a bend chamber: the user refused that on 2026-08-20 (~200 chambers for no construction benefit)
N0042570,P0-L-MH42570,462268.935,2575781.365,lateral,junction,86.17,E0042603,E0041811,2,below 90 deg - G203-p30,purpose-made chamber with a swept/curved channel. NOT a bend chamber: the user refused that on 2026-08-20 (~200 chambers for no construction benefit)
N0031685,P0-L-MH31685,457331.735,2568041.167,lateral,junction,86.18,E0032416,E0030926,3,below 90 deg - G203-p30,purpose-made chamber with a swept/curved channel. NOT a bend chamber: the user refused that on 2026-08-20 (~200 chambers for no construction benefit)
N0016366,P0-SM-MH16366,459240.762,2577468.899,sub main,junction,86.18,E0017166,E0015607,2,below 90 deg - G203-p30,purpose-made chamber with a swept/curved channel. NOT a bend chamber: the user refused that on 2026-08-20 (~200 chambers for no construction benefit)
N0037897,P0-SM-MH37897,447705.99,2566232.9,sub main,junction,86.19,E0038421,E0037138,2,below 90 deg - G203-p30,purpose-made chamber with a swept/curved channel. NOT a bend chamber: the user refused that on 2026-08-20 (~200 chambers for no construction benefit)
N0012281,P0-L-MH12281,450990.164,2567415.545,lateral,junction,86.19,E0013417,E0011522,2,below 90 deg - G203-p30,purpose-made chamber with a swept/curved channel. NOT a bend chamber: the user refused that on 2026-08-20 (~200 chambers for no construction benefit)
N0007613,P0-M-MH7613,457509.207,2576722.524,main,junction,86.19,E0009517,E0006854,3,below 90 deg - G203-p30,purpose-made chamber with a swept/curved channel. NOT a bend chamber: the user refused that on 2026-08-20 (~200 chambers for no construction benefit)
N0031454,P0-M-MH31454,446537.586,2560700.895,main,junction,86.2,E0032200,E0030695,2,below 90 deg - G203-p30,purpose-made chamber with a swept/curved channel. NOT a bend chamber: the user refused that on 2026-08-20 (~200 chambers for no construction benefit)
N0042381,P0-M-MH42381,444276.825,2564949.163,main,junction,86.23,E0042429,E0041622,2,below 90 deg - G203-p30,purpose-made chamber with a swept/curved channel. NOT a bend chamber: the user refused that on 2026-08-20 (~200 chambers for no construction benefit)
N0009100,P0-L-MH9100,450134.914,2568987.334,lateral,chamber,86.23,E0008340,E0008341,1,below 90 deg - G203-p30,purpose-made chamber with a swept/curved channel. NOT a bend chamber: the user refused that on 2026-08-20 (~200 chambers for no construction benefit)
N0019509,P0-L-MH19509,450595.821,2568135.134,lateral,chamber,86.23,E0018749,E0018750,1,below 90 deg - G203-p30,purpose-made chamber with a swept/curved channel. NOT a bend chamber: the user refused that on 2026-08-20 (~200 chambers for no construction benefit)
N0039064,P0-L-MH39064,447555.959,2566665.408,lateral,chamber,86.24,E0038304,E0038305,1,below 90 deg - G203-p30,purpose-made chamber with a swept/curved channel. NOT a bend chamber: the user refused that on 2026-08-20 (~200 chambers for no construction benefit)
N0049222,P0-L-MH49222,441687.882,2569629.187,lateral,chamber,86.24,E0048462,E0048463,1,below 90 deg - G203-p30,purpose-made chamber with a swept/curved channel. NOT a bend chamber: the user refused that on 2026-08-20 (~200 chambers for no construction benefit)
N0046018,P0-M-MH46018,448195.395,2568437.898,main,chamber,86.24,E0045258,E0045259,1,below 90 deg - G203-p30,purpose-made chamber with a swept/curved channel. NOT a bend chamber: the user refused that on 2026-08-20 (~200 chambers for no construction benefit)
N0036535,P0-L-MH36535,447396.155,2566278.923,lateral,junction,86.24,E0037122,E0035776,2,below 90 deg - G203-p30,purpose-made chamber with a swept/curved channel. NOT a bend chamber: the user refused that on 2026-08-20 (~200 chambers for no construction benefit)
N0037893,P0-M-MH37893,460792.642,2578288.315,main,chamber,86.24,E0037133,E0037134,1,below 90 deg - G203-p30,purpose-made chamber with a swept/curved channel. NOT a bend chamber: the user refused that on 2026-08-20 (~200 chambers for no construction benefit)
N0035120,P0-L-MH35120,446917.427,2565101.616,lateral,chamber,86.25,E0034360,E0034361,1,below 90 deg - G203-p30,purpose-made chamber with a swept/curved channel. NOT a bend chamber: the user refused that on 2026-08-20 (~200 chambers for no construction benefit)
N0043921,P0-L-MH43921,448225.613,2567733.313,lateral,junction,86.26,E0043769,E0043162,2,below 90 deg - G203-p30,purpose-made chamber with a swept/curved channel. NOT a bend chamber: the user refused that on 2026-08-20 (~200 chambers for no construction benefit)
N0048468,P0-M-MH48468,447239.011,2568991.852,main,junction,86.26,E0047827,E0047709,2,below 90 deg - G203-p30,purpose-made chamber with a swept/curved channel. NOT a bend chamber: the user refused that on 2026-08-20 (~200 chambers for no construction benefit)
N0007558,P0-L-MH7558,451195.787,2562800.286,lateral,junction,86.27,E0009465,E0006799,2,below 90 deg - G203-p30,purpose-made chamber with a swept/curved channel. NOT a bend chamber: the user refused that on 2026-08-20 (~200 chambers for no construction benefit)
N0035942,P0-M-MH35942,450824.885,2574421.668,main,junction,86.27,E0036710,E0035183,2,below 90 deg - G203-p30,purpose-made chamber with a swept/curved channel. NOT a bend chamber: the user refused that on 2026-08-20 (~200 chambers for no construction benefit)
N0010584,P0-L-MH10584,451124.696,2567125.566,lateral,junction,86.27,E0011474,E0009825,2,below 90 deg - G203-p30,purpose-made chamber with a swept/curved channel. NOT a bend chamber: the user refused that on 2026-08-20 (~200 chambers for no construction benefit)
N0048356,P0-M-MH48356,445575.776,2568686.852,main,junction,86.28,E0047735,E0047597,2,below 90 deg - G203-p30,purpose-made chamber with a swept/curved channel. NOT a bend chamber: the user refused that on 2026-08-20 (~200 chambers for no construction benefit)
N0046427,P0-L-MH46427,447538.859,2567906.711,lateral,chamber,86.29,E0045667,E0045668,1,below 90 deg - G203-p30,purpose-made chamber with a swept/curved channel. NOT a bend chamber: the user refused that on 2026-08-20 (~200 chambers for no construction benefit)
N0048026,P0-L-MH48026,445077.928,2568043.478,lateral,chamber,86.29,E0047266,E0047267,1,below 90 deg - G203-p30,purpose-made chamber with a swept/curved channel. NOT a bend chamber: the user refused that on 2026-08-20 (~200 chambers for no construction benefit)
N0026817,P0-SM-MH26817,449870.572,2566009.777,sub main,junction,86.29,E0027682,E0026058,2,below 90 deg - G203-p30,purpose-made chamber with a swept/curved channel. NOT a bend chamber: the user refused that on 2026-08-20 (~200 chambers for no construction benefit)
N0006948,P0-M-MH6948,455143.352,2574758.743,main,junction,86.3,E0009037,E0006189,2,below 90 deg - G203-p30,purpose-made chamber with a swept/curved channel. NOT a bend chamber: the user refused that on 2026-08-20 (~200 chambers for no construction benefit)
N0010563,P0-TM-MH10563,448422.841,2567651.621,trunk main,junction,86.3,E0011645,E0009804,3,below 90 deg - G203-p30,purpose-made chamber with a swept/curved channel. NOT a bend chamber: the user refused that on 2026-08-20 (~200 chambers for no construction benefit)
N0049107,P0-SM-MH49107,443673.156,2568999.797,sub main,junction,86.31,E0048404,E0048348,2,below 90 deg - G203-p30,purpose-made chamber with a swept/curved channel. NOT a bend chamber: the user refused that on 2026-08-20 (~200 chambers for no construction benefit)
N0000590,P0-TM-MH0590,466009.074,2565800.391,trunk main,junction,86.31,E0005792,E0000543,2,below 90 deg - G203-p30,purpose-made chamber with a swept/curved channel. NOT a bend chamber: the user refused that on 2026-08-20 (~200 chambers for no construction benefit)
N0011242,P0-M-MH11242,451911.338,2571840.926,main,junction,86.32,E0012191,E0010483,2,below 90 deg - G203-p30,purpose-made chamber with a swept/curved channel. NOT a bend chamber: the user refused that on 2026-08-20 (~200 chambers for no construction benefit)
N0047775,P0-L-MH47775,445874.382,2567944.232,lateral,chamber,86.34,E0047015,E0047016,1,below 90 deg - G203-p30,purpose-made chamber with a swept/curved channel. NOT a bend chamber: the user refused that on 2026-08-20 (~200 chambers for no construction benefit)
N0019052,P0-SM-MH19052,450055.202,2568469.83,sub main,junction,86.35,E0019897,E0018293,2,below 90 deg - G203-p30,purpose-made chamber with a swept/curved channel. NOT a bend chamber: the user refused that on 2026-08-20 (~200 chambers for no construction benefit)
N0025285,P0-M-MH25285,448548.512,2572480.747,main,junction,86.36,E0026248,E0024526,2,below 90 deg - G203-p30,purpose-made chamber with a swept/curved channel. NOT a bend chamber: the user refused that on 2026-08-20 (~200 chambers for no construction benefit)
N0049301,P0-L-MH49301,442062.749,2569758.194,lateral,junction,86.36,E0048652,E0048542,2,below 90 deg - G203-p30,purpose-made chamber with a swept/curved channel. NOT a bend chamber: the user refused that on 2026-08-20 (~200 chambers for no construction benefit)
N0041443,P0-SM-MH41443,444276.875,2564974.724,sub main,junction,86.36,E0041622,E0040684,3,below 90 deg - G203-p30,purpose-made chamber with a swept/curved channel. NOT a bend chamber: the user refused that on 2026-08-20 (~200 chambers for no construction benefit)
N0049223,P0-L-MH49223,441615.888,2569672.06,lateral,chamber,86.37,E0048463,E0048464,1,below 90 deg - G203-p30,purpose-made chamber with a swept/curved channel. NOT a bend chamber: the user refused that on 2026-08-20 (~200 chambers for no construction benefit)
N0037022,P0-L-MH37022,448506.562,2568432.297,lateral,junction,86.39,E0037536,E0036263,2,below 90 deg - G203-p30,purpose-made chamber with a swept/curved channel. NOT a bend chamber: the user refused that on 2026-08-20 (~200 chambers for no construction benefit)
N0014490,P0-SM-MH14490,451008.496,2567554.55,sub main,chamber,86.39,E0013730,E0013731,1,below 90 deg - G203-p30,purpose-made chamber with a swept/curved channel. NOT a bend chamber: the user refused that on 2026-08-20 (~200 chambers for no construction benefit)
N0042431,P0-L-MH42431,454313.687,2570955.859,lateral,chamber,86.4,E0041671,E0041672,1,below 90 deg - G203-p30,purpose-made chamber with a swept/curved channel. NOT a bend chamber: the user refused that on 2026-08-20 (~200 chambers for no construction benefit)
N0015798,P0-L-MH15798,450248.434,2569784.116,lateral,chamber,86.4,E0015038,E0015039,1,below 90 deg - G203-p30,purpose-made chamber with a swept/curved channel. NOT a bend chamber: the user refused that on 2026-08-20 (~200 chambers for no construction benefit)
N0023869,P0-TM-MH23869,466698.357,2576550.989,trunk main,junction,86.43,E0024867,E0023110,2,below 90 deg - G203-p30,purpose-made chamber with a swept/curved channel. NOT a bend chamber: the user refused that on 2026-08-20 (~200 chambers for no construction benefit)
N0022538,P0-M-MH22538,452508.787,2572076.636,main,junction,86.44,E0023432,E0021779,2,below 90 deg - G203-p30,purpose-made chamber with a swept/curved channel. NOT a bend chamber: the user refused that on 2026-08-20 (~200 chambers for no construction benefit)
N0023173,P0-M-MH23173,461029.178,2577792.629,main,junction,86.45,E0024082,E0022414,2,below 90 deg - G203-p30,purpose-made chamber with a swept/curved channel. NOT a bend chamber: the user refused that on 2026-08-20 (~200 chambers for no construction benefit)
N0032801,P0-M-MH32801,454971.142,2572178.451,main,junction,86.45,E0033577,E0032042,2,below 90 deg - G203-p30,purpose-made chamber with a swept/curved channel. NOT a bend chamber: the user refused that on 2026-08-20 (~200 chambers for no construction benefit)
N0009075,P0-M-MH9075,450497.28,2567848.958,main,junction,86.45,E0009998,E0008316,2,below 90 deg - G203-p30,purpose-made chamber with a swept/curved channel. NOT a bend chamber: the user refused that on 2026-08-20 (~200 chambers for no construction benefit)
N0049858,P0-L-MH49858,439957.885,2571693.872,lateral,junction,86.46,E0049152,E0049099,2,below 90 deg - G203-p30,purpose-made chamber with a swept/curved channel. NOT a bend chamber: the user refused that on 2026-08-20 (~200 chambers for no construction benefit)
N0043020,P0-L-MH43020,447785.675,2566573.988,lateral,chamber,86.47,E0042260,E0042261,1,below 90 deg - G203-p30,purpose-made chamber with a swept/curved channel. NOT a bend chamber: the user refused that on 2026-08-20 (~200 chambers for no construction benefit)
N0017389,P0-M-MH17389,458780.166,2578017.996,main,junction,86.48,E0018364,E0016630,2,below 90 deg - G203-p30,purpose-made chamber with a swept/curved channel. NOT a bend chamber: the user refused that on 2026-08-20 (~200 chambers for no construction benefit)
N0018222,P0-L-MH18222,452799.03,2573986.927,lateral,junction,86.48,E0019064,E0017463,2,below 90 deg - G203-p30,purpose-made chamber with a swept/curved channel. NOT a bend chamber: the user refused that on 2026-08-20 (~200 chambers for no construction benefit)
N0026829,P0-SM-MH26829,450263.852,2566157.059,sub main,chamber,86.48,E0026069,E0026070,1,below 90 deg - G203-p30,purpose-made chamber with a swept/curved channel. NOT a bend chamber: the user refused that on 2026-08-20 (~200 chambers for no construction benefit)
N0025151,P0-SM-MH25151,450901.46,2563209.909,sub main,chamber,86.49,E0024391,E0024392,1,below 90 deg - G203-p30,purpose-made chamber with a swept/curved channel. NOT a bend chamber: the user refused that on 2026-08-20 (~200 chambers for no construction benefit)
N0045239,P0-L-MH45239,442638.502,2558020.499,lateral,chamber,86.5,E0044479,E0044480,1,below 90 deg - G203-p30,purpose-made chamber with a swept/curved channel. NOT a bend chamber: the user refused that on 2026-08-20 (~200 chambers for no construction benefit)
N0008936,P0-L-MH8936,450492.16,2567581.395,lateral,junction,86.51,E0009969,E0008177,2,below 90 deg - G203-p30,purpose-made chamber with a swept/curved channel. NOT a bend chamber: the user refused that on 2026-08-20 (~200 chambers for no construction benefit)
N0041194,P0-L-MH41194,460181.331,2578681.143,lateral,chamber,86.52,E0040434,E0040435,1,below 90 deg - G203-p30,purpose-made chamber with a swept/curved channel. NOT a bend chamber: the user refused that on 2026-08-20 (~200 chambers for no construction benefit)
N0001902,P0-L-MH1902,450807.681,2566588.122,lateral,junction,86.52,E0006723,E0001735,2,below 90 deg - G203-p30,purpose-made chamber with a swept/curved channel. NOT a bend chamber: the user refused that on 2026-08-20 (~200 chambers for no construction benefit)
N0042428,P0-L-MH42428,454147.463,2570894.147,lateral,junction,86.52,E0042495,E0041669,2,below 90 deg - G203-p30,purpose-made chamber with a swept/curved channel. NOT a bend chamber: the user refused that on 2026-08-20 (~200 chambers for no construction benefit)
N0018256,P0-SM-MH18256,451909.98,2573892.484,sub main,junction,86.53,E0019079,E0017497,2,below 90 deg - G203-p30,purpose-made chamber with a swept/curved channel. NOT a bend chamber: the user refused that on 2026-08-20 (~200 chambers for no construction benefit)
N0043937,P0-L-MH43937,455418.131,2570335.635,lateral,junction,86.54,E0043832,E0043178,2,below 90 deg - G203-p30,purpose-made chamber with a swept/curved channel. NOT a bend chamber: the user refused that on 2026-08-20 (~200 chambers for no construction benefit)
N0039374,P0-M-MH39374,448471.086,2570174.054,main,junction,86.57,E0039691,E0038615,2,below 90 deg - G203-p30,purpose-made chamber with a swept/curved channel. NOT a bend chamber: the user refused that on 2026-08-20 (~200 chambers for no construction benefit)
N0018207,P0-M-MH18207,452454.926,2573511.921,main,chamber,86.57,E0017447,E0017448,1,below 90 deg - G203-p30,purpose-made chamber with a swept/curved channel. NOT a bend chamber: the user refused that on 2026-08-20 (~200 chambers for no construction benefit)
N0030338,P0-L-MH30338,448682.732,2572058.222,lateral,chamber,86.58,E0029578,E0029579,1,below 90 deg - G203-p30,purpose-made chamber with a swept/curved channel. NOT a bend chamber: the user refused that on 2026-08-20 (~200 chambers for no construction benefit)
N0014190,P0-M-MH14190,451115.417,2567504.491,main,chamber,86.58,E0013430,E0013431,1,below 90 deg - G203-p30,purpose-made chamber with a swept/curved channel. NOT a bend chamber: the user refused that on 2026-08-20 (~200 chambers for no construction benefit)
N0034084,P0-L-MH34084,449210.793,2568455.688,lateral,chamber,86.58,E0033324,E0033325,1,below 90 deg - G203-p30,purpose-made chamber with a swept/curved channel. NOT a bend chamber: the user refused that on 2026-08-20 (~200 chambers for no construction benefit)
N0043377,P0-SM-MH43377,457846.605,2571987.31,sub main,junction,86.58,E0043299,E0042618,2,below 90 deg - G203-p30,purpose-made chamber with a swept/curved channel. NOT a bend chamber: the user refused that on 2026-08-20 (~200 chambers for no construction benefit)
N0043460,P0-L-MH43460,453696.522,2575377.848,lateral,chamber,86.58,E0042700,E0042701,1,below 90 deg - G203-p30,purpose-made chamber with a swept/curved channel. NOT a bend chamber: the user refused that on 2026-08-20 (~200 chambers for no construction benefit)
N0013130,P0-M-MH13130,452251.647,2573139.99,main,junction,86.59,E0014208,E0012371,2,below 90 deg - G203-p30,purpose-made chamber with a swept/curved channel. NOT a bend chamber: the user refused that on 2026-08-20 (~200 chambers for no construction benefit)
N0028103,P0-L-MH28103,455285.936,2573469.321,lateral,junction,86.59,E0028870,E0027344,2,below 90 deg - G203-p30,purpose-made chamber with a swept/curved channel. NOT a bend chamber: the user refused that on 2026-08-20 (~200 chambers for no construction benefit)
N0014152,P0-L-MH14152,450064.69,2568795.548,lateral,chamber,86.6,E0013392,E0013393,1,below 90 deg - G203-p30,purpose-made chamber with a swept/curved channel. NOT a bend chamber: the user refused that on 2026-08-20 (~200 chambers for no construction benefit)
N0045936,P0-M-MH45936,448423.347,2565797.781,main,chamber,86.62,E0045176,E0045177,1,below 90 deg - G203-p30,purpose-made chamber with a swept/curved channel. NOT a bend chamber: the user refused that on 2026-08-20 (~200 chambers for no construction benefit)
N0042980,P0-M-MH42980,448400.54,2567095.659,main,junction,86.62,E0042948,E0042221,3,below 90 deg - G203-p30,purpose-made chamber with a swept/curved channel. NOT a bend chamber: the user refused that on 2026-08-20 (~200 chambers for no construction benefit)
N0042198,P0-L-MH42198,460339.895,2578956.799,lateral,chamber,86.64,E0041438,E0041439,1,below 90 deg - G203-p30,purpose-made chamber with a swept/curved channel. NOT a bend chamber: the user refused that on 2026-08-20 (~200 chambers for no construction benefit)
N0015576,P0-M-MH15576,457069.717,2576931.294,main,junction,86.64,E0016478,E0014817,2,below 90 deg - G203-p30,purpose-made chamber with a swept/curved channel. NOT a bend chamber: the user refused that on 2026-08-20 (~200 chambers for no construction benefit)
N0011879,P0-L-MH11879,449629.927,2564736.101,lateral,junction,86.65,E0012906,E0011120,2,below 90 deg - G203-p30,purpose-made chamber with a swept/curved channel. NOT a bend chamber: the user refused that on 2026-08-20 (~200 chambers for no construction benefit)
N0016435,P0-L-MH16435,451271.053,2570064.566,lateral,chamber,86.65,E0015675,E0015676,1,below 90 deg - G203-p30,purpose-made chamber with a swept/curved channel. NOT a bend chamber: the user refused that on 2026-08-20 (~200 chambers for no construction benefit)
N0015901,P0-M-MH15901,450501.06,2568071.727,main,junction,86.66,E0016674,E0015142,2,below 90 deg - G203-p30,purpose-made chamber with a swept/curved channel. NOT a bend chamber: the user refused that on 2026-08-20 (~200 chambers for no construction benefit)
N0028060,P0-M-MH28060,464888.13,2577427.555,main,junction,86.68,E0028726,E0027301,2,below 90 deg - G203-p30,purpose-made chamber with a swept/curved channel. NOT a bend chamber: the user refused that on 2026-08-20 (~200 chambers for no construction benefit)
N0043298,P0-L-MH43298,455333.737,2570569.447,lateral,junction,86.69,E0043177,E0042539,2,below 90 deg - G203-p30,purpose-made chamber with a swept/curved channel. NOT a bend chamber: the user refused that on 2026-08-20 (~200 chambers for no construction benefit)
N0035072,P0-SM-MH35072,447353.454,2566249.555,sub main,chamber,86.69,E0034312,E0034313,1,below 90 deg - G203-p30,purpose-made chamber with a swept/curved channel. NOT a bend chamber: the user refused that on 2026-08-20 (~200 chambers for no construction benefit)
N0029602,P0-SM-MH29602,453639.255,2570917.418,sub main,chamber,86.71,E0028842,E0028843,1,below 90 deg - G203-p30,purpose-made chamber with a swept/curved channel. NOT a bend chamber: the user refused that on 2026-08-20 (~200 chambers for no construction benefit)
N0039704,P0-L-MH39704,451513.72,2571336.55,lateral,junction,86.72,E0040048,E0038945,2,below 90 deg - G203-p30,purpose-made chamber with a swept/curved channel. NOT a bend chamber: the user refused that on 2026-08-20 (~200 chambers for no construction benefit)
N0030755,P0-L-MH30755,446587.126,2563734.577,lateral,junction,86.73,E0031484,E0029996,2,below 90 deg - G203-p30,purpose-made chamber with a swept/curved channel. NOT a bend chamber: the user refused that on 2026-08-20 (~200 chambers for no construction benefit)
N0034548,P0-M-MH34548,453230.6,2575619.313,main,chamber,86.73,E0033788,E0033789,1,below 90 deg - G203-p30,purpose-made chamber with a swept/curved channel. NOT a bend chamber: the user refused that on 2026-08-20 (~200 chambers for no construction benefit)
N0023252,P0-SM-MH23252,450862.572,2574066.379,sub main,junction,86.74,E0024218,E0022493,2,below 90 deg - G203-p30,purpose-made chamber with a swept/curved channel. NOT a bend chamber: the user refused that on 2026-08-20 (~200 chambers for no construction benefit)
N0028686,P0-M-MH28686,458640.533,2578939.622,main,junction,86.74,E0029588,E0027927,2,below 90 deg - G203-p30,purpose-made chamber with a swept/curved channel. NOT a bend chamber: the user refused that on 2026-08-20 (~200 chambers for no construction benefit)
N0039600,P0-SM-MH39600,444194.982,2559374.877,sub main,junction,86.75,E0040042,E0038841,2,below 90 deg - G203-p30,purpose-made chamber with a swept/curved channel. NOT a bend chamber: the user refused that on 2026-08-20 (~200 chambers for no construction benefit)
N0032549,P0-M-MH32549,448650.059,2568737.811,main,junction,86.75,E0033272,E0031790,2,below 90 deg - G203-p30,purpose-made chamber with a swept/curved channel. NOT a bend chamber: the user refused that on 2026-08-20 (~200 chambers for no construction benefit)
N0010114,P0-L-MH10114,449677.329,2564801.698,lateral,junction,86.75,E0011125,E0009355,2,below 90 deg - G203-p30,purpose-made chamber with a swept/curved channel. NOT a bend chamber: the user refused that on 2026-08-20 (~200 chambers for no construction benefit)
N0015829,P0-SM-MH15829,464058.833,2577718.766,sub main,junction,86.75,E0016771,E0015070,2,below 90 deg - G203-p30,purpose-made chamber with a swept/curved channel. NOT a bend chamber: the user refused that on 2026-08-20 (~200 chambers for no construction benefit)
N0037350,P0-M-MH37350,457883.773,2570481.642,main,chamber,86.76,E0036590,E0036591,1,below 90 deg - G203-p30,purpose-made chamber with a swept/curved channel. NOT a bend chamber: the user refused that on 2026-08-20 (~200 chambers for no construction benefit)
N0030526,P0-SM-MH30526,446744.913,2565220.384,sub main,junction,86.77,E0031320,E0029767,2,below 90 deg - G203-p30,purpose-made chamber with a swept/curved channel. NOT a bend chamber: the user refused that on 2026-08-20 (~200 chambers for no construction benefit)
N0040320,P0-L-MH40320,450621.428,2568644.117,lateral,chamber,86.78,E0039560,E0039561,1,below 90 deg - G203-p30,purpose-made chamber with a swept/curved channel. NOT a bend chamber: the user refused that on 2026-08-20 (~200 chambers for no construction benefit)
N0013870,P0-TM-MH13870,445663.574,2563170.112,trunk main,junction,86.78,E0014956,E0013111,2,below 90 deg - G203-p30,purpose-made chamber with a swept/curved channel. NOT a bend chamber: the user refused that on 2026-08-20 (~200 chambers for no construction benefit)
N0040179,P0-SM-MH40179,447791.273,2566366.303,sub main,junction,86.79,E0040467,E0039420,2,below 90 deg - G203-p30,purpose-made chamber with a swept/curved channel. NOT a bend chamber: the user refused that on 2026-08-20 (~200 chambers for no construction benefit)
N0034927,P0-M-MH34927,451009.551,2572110.838,main,junction,86.79,E0035619,E0034168,2,below 90 deg - G203-p30,purpose-made chamber with a swept/curved channel. NOT a bend chamber: the user refused that on 2026-08-20 (~200 chambers for no construction benefit)
N0044186,P0-L-MH44186,453538.632,2574069.611,lateral,junction,86.81,E0044007,E0043427,2,below 90 deg - G203-p30,purpose-made chamber with a swept/curved channel. NOT a bend chamber: the user refused that on 2026-08-20 (~200 chambers for no construction benefit)
N0012350,P0-L-MH12350,450052.031,2568875.358,lateral,junction,86.82,E0013521,E0011591,3,below 90 deg - G203-p30,purpose-made chamber with a swept/curved channel. NOT a bend chamber: the user refused that on 2026-08-20 (~200 chambers for no construction benefit)
N0025892,P0-L-MH25892,450616.141,2569644.254,lateral,junction,86.82,E0026994,E0025133,2,below 90 deg - G203-p30,purpose-made chamber with a swept/curved channel. NOT a bend chamber: the user refused that on 2026-08-20 (~200 chambers for no construction benefit)
N0033080,P0-SM-MH33080,460813.369,2580080.994,sub main,junction,86.82,E0033865,E0032321,2,below 90 deg - G203-p30,purpose-made chamber with a swept/curved channel. NOT a bend chamber: the user refused that on 2026-08-20 (~200 chambers for no construction benefit)
N0035163,P0-L-MH35163,450619.906,2568499.962,lateral,chamber,86.82,E0034403,E0034404,1,below 90 deg - G203-p30,purpose-made chamber with a swept/curved channel. NOT a bend chamber: the user refused that on 2026-08-20 (~200 chambers for no construction benefit)
N0034824,P0-L-MH34824,446938.174,2572999.902,lateral,junction,86.83,E0035489,E0034065,2,below 90 deg - G203-p30,purpose-made chamber with a swept/curved channel. NOT a bend chamber: the user refused that on 2026-08-20 (~200 chambers for no construction benefit)
N0029289,P0-M-MH29289,448880.689,2570329.174,main,junction,86.83,E0030223,E0028530,2,below 90 deg - G203-p30,purpose-made chamber with a swept/curved channel. NOT a bend chamber: the user refused that on 2026-08-20 (~200 chambers for no construction benefit)
N0040836,P0-M-MH40836,453625.163,2575406.588,main,junction,86.83,E0041059,E0040077,2,below 90 deg - G203-p30,purpose-made chamber with a swept/curved channel. NOT a bend chamber: the user refused that on 2026-08-20 (~200 chambers for no construction benefit)
N0037866,P0-M-MH37866,447573.821,2566698.51,main,junction,86.84,E0038305,E0037107,3,below 90 deg - G203-p30,purpose-made chamber with a swept/curved channel. NOT a bend chamber: the user refused that on 2026-08-20 (~200 chambers for no construction benefit)
N0040624,P0-M-MH40624,454924.726,2570786.979,main,junction,86.85,E0040780,E0039865,2,below 90 deg - G203-p30,purpose-made chamber with a swept/curved channel. NOT a bend chamber: the user refused that on 2026-08-20 (~200 chambers for no construction benefit)
N0019364,P0-M-MH19364,464334.232,2576888.358,main,chamber,86.86,E0018604,E0018605,1,below 90 deg - G203-p30,purpose-made chamber with a swept/curved channel. NOT a bend chamber: the user refused that on 2026-08-20 (~200 chambers for no construction benefit)
N0020728,P0-L-MH20728,474566.946,2572434.917,lateral,junction,86.87,E0021813,E0019969,2,below 90 deg - G203-p30,purpose-made chamber with a swept/curved channel. NOT a bend chamber: the user refused that on 2026-08-20 (~200 chambers for no construction benefit)
N0043832,P0-M-MH43832,443884.414,2565009.197,main,junction,86.87,E0043665,E0043073,2,below 90 deg - G203-p30,purpose-made chamber with a swept/curved channel. NOT a bend chamber: the user refused that on 2026-08-20 (~200 chambers for no construction benefit)
N0007870,P0-L-MH7870,446568.514,2566265.677,lateral,junction,86.87,E0009662,E0007111,2,below 90 deg - G203-p30,purpose-made chamber with a swept/curved channel. NOT a bend chamber: the user refused that on 2026-08-20 (~200 chambers for no construction benefit)
N0025373,P0-SM-MH25373,460237.6,2579329.35,sub main,junction,86.88,E0026374,E0024614,2,below 90 deg - G203-p30,purpose-made chamber with a swept/curved channel. NOT a bend chamber: the user refused that on 2026-08-20 (~200 chambers for no construction benefit)
N0044529,P0-SM-MH44529,448098.428,2567849.852,sub main,junction,86.88,E0044343,E0043770,2,below 90 deg - G203-p30,purpose-made chamber with a swept/curved channel. NOT a bend chamber: the user refused that on 2026-08-20 (~200 chambers for no construction benefit)
N0010919,P0-L-MH10919,454526.842,2567305.639,lateral,junction,86.89,E0011746,E0010160,2,below 90 deg - G203-p30,purpose-made chamber with a swept/curved channel. NOT a bend chamber: the user refused that on 2026-08-20 (~200 chambers for no construction benefit)
N0039940,P0-L-MH39940,452023.806,2564638.597,lateral,chamber,86.89,E0039180,E0039181,1,below 90 deg - G203-p30,purpose-made chamber with a swept/curved channel. NOT a bend chamber: the user refused that on 2026-08-20 (~200 chambers for no construction benefit)
N0036752,P0-M-MH36752,466820.984,2577155.107,main,junction,86.9,E0037345,E0035993,2,below 90 deg - G203-p30,purpose-made chamber with a swept/curved channel. NOT a bend chamber: the user refused that on 2026-08-20 (~200 chambers for no construction benefit)
N0038717,P0-L-MH38717,453618.547,2574335.332,lateral,junction,86.9,E0039064,E0037958,2,below 90 deg - G203-p30,purpose-made chamber with a swept/curved channel. NOT a bend chamber: the user refused that on 2026-08-20 (~200 chambers for no construction benefit)
N0044774,P0-L-MH44774,454166.362,2575661.024,lateral,junction,86.91,E0044575,E0044015,2,below 90 deg - G203-p30,purpose-made chamber with a swept/curved channel. NOT a bend chamber: the user refused that on 2026-08-20 (~200 chambers for no construction benefit)
N0014353,P0-L-MH14353,449646.63,2569651.466,lateral,chamber,86.91,E0013593,E0013594,1,below 90 deg - G203-p30,purpose-made chamber with a swept/curved channel. NOT a bend chamber: the user refused that on 2026-08-20 (~200 chambers for no construction benefit)
N0011024,P0-M-MH11024,476405.024,2575380.496,main,junction,86.93,E0011855,E0010265,2,below 90 deg - G203-p30,purpose-made chamber with a swept/curved channel. NOT a bend chamber: the user refused that on 2026-08-20 (~200 chambers for no construction benefit)
N0020659,P0-M-MH20659,473101.657,2573497.731,main,junction,86.93,E0021737,E0019900,2,below 90 deg - G203-p30,purpose-made chamber with a swept/curved channel. NOT a bend chamber: the user refused that on 2026-08-20 (~200 chambers for no construction benefit)
N0009053,P0-L-MH9053,454647.495,2567593.138,lateral,junction,86.93,E0010436,E0008294,2,below 90 deg - G203-p30,purpose-made chamber with a swept/curved channel. NOT a bend chamber: the user refused that on 2026-08-20 (~200 chambers for no construction benefit)
N0048362,P0-L-MH48362,446317.963,2568466.538,lateral,junction,86.95,E0047728,E0047603,2,below 90 deg - G203-p30,purpose-made chamber with a swept/curved channel. NOT a bend chamber: the user refused that on 2026-08-20 (~200 chambers for no construction benefit)
N0020964,P0-SM-MH20964,474253.207,2575233.05,sub main,junction,86.96,E0022093,E0020205,2,below 90 deg - G203-p30,purpose-made chamber with a swept/curved channel. NOT a bend chamber: the user refused that on 2026-08-20 (~200 chambers for no construction benefit)
N0019839,P0-SM-MH19839,451732.873,2573983.749,sub main,junction,86.96,E0020657,E0019080,2,below 90 deg - G203-p30,purpose-made chamber with a swept/curved channel. NOT a bend chamber: the user refused that on 2026-08-20 (~200 chambers for no construction benefit)
N0039273,P0-M-MH39273,445875.412,2565460.328,main,junction,86.96,E0039582,E0038514,2,below 90 deg - G203-p30,purpose-made chamber with a swept/curved channel. NOT a bend chamber: the user refused that on 2026-08-20 (~200 chambers for no construction benefit)
N0000670,P0-SM-MH0670,442237.63,2568966.226,sub main,junction,86.97,E0005774,E0000603,2,below 90 deg - G203-p30,purpose-made chamber with a swept/curved channel. NOT a bend chamber: the user refused that on 2026-08-20 (~200 chambers for no construction benefit)
N0033372,P0-L-MH33372,446877.172,2573187.019,lateral,chamber,86.97,E0032612,E0032613,1,below 90 deg - G203-p30,purpose-made chamber with a swept/curved channel. NOT a bend chamber: the user refused that on 2026-08-20 (~200 chambers for no construction benefit)
N0025448,P0-M-MH25448,448214.605,2570620.013,main,junction,86.98,E0026442,E0024689,2,below 90 deg - G203-p30,purpose-made chamber with a swept/curved channel. NOT a bend chamber: the user refused that on 2026-08-20 (~200 chambers for no construction benefit)
N0007276,P0-L-MH7276,461197.226,2566925.541,lateral,junction,86.98,E0009280,E0006517,2,below 90 deg - G203-p30,purpose-made chamber with a swept/curved channel. NOT a bend chamber: the user refused that on 2026-08-20 (~200 chambers for no construction benefit)
N0041949,P0-L-MH41949,456267.183,2568167.263,lateral,junction,86.98,E0042078,E0041190,2,below 90 deg - G203-p30,purpose-made chamber with a swept/curved channel. NOT a bend chamber: the user refused that on 2026-08-20 (~200 chambers for no construction benefit)
N0041365,P0-L-MH41365,448309.569,2564942.845,lateral,junction,86.98,E0041544,E0040606,2,below 90 deg - G203-p30,purpose-made chamber with a swept/curved channel. NOT a bend chamber: the user refused that on 2026-08-20 (~200 chambers for no construction benefit)
N0035813,P0-M-MH35813,461317.437,2577124.118,main,junction,86.98,E0036482,E0035054,2,below 90 deg - G203-p30,purpose-made chamber with a swept/curved channel. NOT a bend chamber: the user refused that on 2026-08-20 (~200 chambers for no construction benefit)
N0022346,P0-M-MH22346,446776.52,2567325.934,main,junction,86.98,E0023343,E0021587,2,below 90 deg - G203-p30,purpose-made chamber with a swept/curved channel. NOT a bend chamber: the user refused that on 2026-08-20 (~200 chambers for no construction benefit)
N0007292,P0-M-MH7292,449469.213,2565814.62,main,junction,86.98,E0009301,E0006533,2,below 90 deg - G203-p30,purpose-made chamber with a swept/curved channel. NOT a bend chamber: the user refused that on 2026-08-20 (~200 chambers for no construction benefit)
N0038910,P0-L-MH38910,445326.174,2572766.902,lateral,junction,86.98,E0039237,E0038151,2,below 90 deg - G203-p30,purpose-made chamber with a swept/curved channel. NOT a bend chamber: the user refused that on 2026-08-20 (~200 chambers for no construction benefit)
N0046184,P0-M-MH46184,449210.915,2573186.595,main,junction,86.98,E0045772,E0045425,2,below 90 deg - G203-p30,purpose-made chamber with a swept/curved channel. NOT a bend chamber: the user refused that on 2026-08-20 (~200 chambers for no construction benefit)
N0033347,P0-M-MH33347,445523.174,2572854.902,main,junction,86.98,E0034122,E0032588,2,below 90 deg - G203-p30,purpose-made chamber with a swept/curved channel. NOT a bend chamber: the user refused that on 2026-08-20 (~200 chambers for no construction benefit)
N0033329,P0-M-MH33329,445954.646,2573088.493,main,junction,86.98,E0034095,E0032570,2,below 90 deg - G203-p30,purpose-made chamber with a swept/curved channel. NOT a bend chamber: the user refused that on 2026-08-20 (~200 chambers for no construction benefit)
N0037736,P0-M-MH37736,448969.915,2573337.595,main,junction,86.98,E0038191,E0036977,2,below 90 deg - G203-p30,purpose-made chamber with a swept/curved channel. NOT a bend chamber: the user refused that on 2026-08-20 (~200 chambers for no construction benefit)
N0037692,P0-L-MH37692,446094.646,2573018.493,lateral,junction,86.98,E0038142,E0036933,2,below 90 deg - G203-p30,purpose-made chamber with a swept/curved channel. NOT a bend chamber: the user refused that on 2026-08-20 (~200 chambers for no construction benefit)
N0047872,P0-L-MH47872,446583.358,2568596.472,lateral,junction,86.99,E0047227,E0047113,2,below 90 deg - G203-p30,purpose-made chamber with a swept/curved channel. NOT a bend chamber: the user refused that on 2026-08-20 (~200 chambers for no construction benefit)
N0006217,P0-TM-MH6217,453938.383,2574625.445,trunk main,junction,87.0,E0008042,E0005458,2,below 90 deg - G203-p30,purpose-made chamber with a swept/curved channel. NOT a bend chamber: the user refused that on 2026-08-20 (~200 chambers for no construction benefit)
N0046864,P0-L-MH46864,449809.672,2573601.441,lateral,junction,87.0,E0046358,E0046105,2,below 90 deg - G203-p30,purpose-made chamber with a swept/curved channel. NOT a bend chamber: the user refused that on 2026-08-20 (~200 chambers for no construction benefit)
N0038668,P0-L-MH38668,453101.396,2575826.179,lateral,chamber,87.0,E0037908,E0037909,1,below 90 deg - G203-p30,purpose-made chamber with a swept/curved channel. NOT a bend chamber: the user refused that on 2026-08-20 (~200 chambers for no construction benefit)
N0006205,P0-TM-MH6205,461171.088,2567323.936,trunk main,junction,87.02,E0008126,E0005446,3,below 90 deg - G203-p30,purpose-made chamber with a swept/curved channel. NOT a bend chamber: the user refused that on 2026-08-20 (~200 chambers for no construction benefit)
N0000708,P0-M-MH0708,450270.525,2569915.028,main,junction,87.06,E0005775,E0000641,2,below 90 deg - G203-p30,purpose-made chamber with a swept/curved channel. NOT a bend chamber: the user refused that on 2026-08-20 (~200 chambers for no construction benefit)
N0041970,P0-M-MH41970,451690.56,2565569.172,main,junction,87.08,E0042107,E0041211,2,below 90 deg - G203-p30,purpose-made chamber with a swept/curved channel. NOT a bend chamber: the user refused that on 2026-08-20 (~200 chambers for no construction benefit)
N0039963,P0-L-MH39963,451203.38,2565475.703,lateral,junction,87.08,E0040265,E0039204,2,below 90 deg - G203-p30,purpose-made chamber with a swept/curved channel. NOT a bend chamber: the user refused that on 2026-08-20 (~200 chambers for no construction benefit)
N0043501,P0-M-MH43501,453616.276,2574627.437,main,junction,87.08,E0043379,E0042742,2,below 90 deg - G203-p30,purpose-made chamber with a swept/curved channel. NOT a bend chamber: the user refused that on 2026-08-20 (~200 chambers for no construction benefit)
N0049112,P0-M-MH49112,444354.29,2569293.074,main,junction,87.09,E0048418,E0048353,2,below 90 deg - G203-p30,purpose-made chamber with a swept/curved channel. NOT a bend chamber: the user refused that on 2026-08-20 (~200 chambers for no construction benefit)
N0022207,P0-L-MH22207,450186.069,2568398.511,lateral,chamber,87.09,E0021447,E0021448,1,below 90 deg - G203-p30,purpose-made chamber with a swept/curved channel. NOT a bend chamber: the user refused that on 2026-08-20 (~200 chambers for no construction benefit)
N0038649,P0-M-MH38649,453493.171,2575364.191,main,junction,87.1,E0038980,E0037890,3,below 90 deg - G203-p30,purpose-made chamber with a swept/curved channel. NOT a bend chamber: the user refused that on 2026-08-20 (~200 chambers for no construction benefit)
N0012351,P0-L-MH12351,450011.852,2568919.267,lateral,junction,87.1,E0013424,E0011592,2,below 90 deg - G203-p30,purpose-made chamber with a swept/curved channel. NOT a bend chamber: the user refused that on 2026-08-20 (~200 chambers for no construction benefit)
N0033128,P0-L-MH33128,450139.972,2566697.589,lateral,junction,87.1,E0033898,E0032369,3,below 90 deg - G203-p30,purpose-made chamber with a swept/curved channel. NOT a bend chamber: the user refused that on 2026-08-20 (~200 chambers for no construction benefit)
N0016519,P0-SM-MH16519,462172.106,2577573.405,sub main,junction,87.1,E0017359,E0015760,2,below 90 deg - G203-p30,purpose-made chamber with a swept/curved channel. NOT a bend chamber: the user refused that on 2026-08-20 (~200 chambers for no construction benefit)
N0041688,P0-M-MH41688,455791.844,2570886.238,main,junction,87.1,E0041793,E0040929,2,below 90 deg - G203-p30,purpose-made chamber with a swept/curved channel. NOT a bend chamber: the user refused that on 2026-08-20 (~200 chambers for no construction benefit)
N0043720,P0-M-MH43720,448392.88,2566446.059,main,junction,87.12,E0043597,E0042961,2,below 90 deg - G203-p30,purpose-made chamber with a swept/curved channel. NOT a bend chamber: the user refused that on 2026-08-20 (~200 chambers for no construction benefit)
N0012436,P0-M-MH12436,453699.116,2573861.06,main,junction,87.13,E0013628,E0011677,2,below 90 deg - G203-p30,purpose-made chamber with a swept/curved channel. NOT a bend chamber: the user refused that on 2026-08-20 (~200 chambers for no construction benefit)
N0015781,P0-L-MH15781,446976.557,2567503.54,lateral,chamber,87.14,E0015021,E0015022,1,below 90 deg - G203-p30,purpose-made chamber with a swept/curved channel. NOT a bend chamber: the user refused that on 2026-08-20 (~200 chambers for no construction benefit)
N0036684,P0-L-MH36684,450582.933,2568626.885,lateral,chamber,87.14,E0035924,E0035925,1,below 90 deg - G203-p30,purpose-made chamber with a swept/curved channel. NOT a bend chamber: the user refused that on 2026-08-20 (~200 chambers for no construction benefit)
N0027620,P0-L-MH27620,453330.991,2572413.093,lateral,junction,87.14,E0028458,E0026861,2,below 90 deg - G203-p30,purpose-made chamber with a swept/curved channel. NOT a bend chamber: the user refused that on 2026-08-20 (~200 chambers for no construction benefit)
N0012280,P0-M-MH12280,450051.506,2568819.525,main,junction,87.14,E0013393,E0011521,2,below 90 deg - G203-p30,purpose-made chamber with a swept/curved channel. NOT a bend chamber: the user refused that on 2026-08-20 (~200 chambers for no construction benefit)
N0026022,P0-L-MH26022,459559.547,2569878.693,lateral,chamber,87.14,E0025262,E0025263,1,below 90 deg - G203-p30,purpose-made chamber with a swept/curved channel. NOT a bend chamber: the user refused that on 2026-08-20 (~200 chambers for no construction benefit)
N0043611,P0-M-MH43611,451538.513,2565733.434,main,junction,87.15,E0043473,E0042852,2,below 90 deg - G203-p30,purpose-made chamber with a swept/curved channel. NOT a bend chamber: the user refused that on 2026-08-20 (~200 chambers for no construction benefit)
N0012914,P0-L-MH12914,450644.122,2567835.946,lateral,junction,87.15,E0013984,E0012155,3,below 90 deg - G203-p30,purpose-made chamber with a swept/curved channel. NOT a bend chamber: the user refused that on 2026-08-20 (~200 chambers for no construction benefit)
N0029881,P0-SM-MH29881,452932.806,2575075.178,sub main,junction,87.15,E0030757,E0029122,2,below 90 deg - G203-p30,purpose-made chamber with a swept/curved channel. NOT a bend chamber: the user refused that on 2026-08-20 (~200 chambers for no construction benefit)
N0022307,P0-L-MH22307,446981.165,2566777.53,lateral,chamber,87.16,E0021547,E0021548,1,below 90 deg - G203-p30,purpose-made chamber with a swept/curved channel. NOT a bend chamber: the user refused that on 2026-08-20 (~200 chambers for no construction benefit)
N0031534,P0-SM-MH31534,452432.138,2575732.874,sub main,junction,87.16,E0032299,E0030775,2,below 90 deg - G203-p30,purpose-made chamber with a swept/curved channel. NOT a bend chamber: the user refused that on 2026-08-20 (~200 chambers for no construction benefit)
N0040419,P0-L-MH40419,448899.004,2564377.676,lateral,junction,87.17,E0040636,E0039660,2,below 90 deg - G203-p30,purpose-made chamber with a swept/curved channel. NOT a bend chamber: the user refused that on 2026-08-20 (~200 chambers for no construction benefit)
N0044373,P0-L-MH44373,448051.263,2566037.706,lateral,chamber,87.18,E0043613,E0043614,1,below 90 deg - G203-p30,purpose-made chamber with a swept/curved channel. NOT a bend chamber: the user refused that on 2026-08-20 (~200 chambers for no construction benefit)
N0014417,P0-SM-MH14417,453090.159,2567484.057,sub main,junction,87.2,E0015376,E0013658,2,below 90 deg - G203-p30,purpose-made chamber with a swept/curved channel. NOT a bend chamber: the user refused that on 2026-08-20 (~200 chambers for no construction benefit)
N0036683,P0-L-MH36683,450555.184,2568639.786,lateral,chamber,87.2,E0035923,E0035924,1,below 90 deg - G203-p30,purpose-made chamber with a swept/curved channel. NOT a bend chamber: the user refused that on 2026-08-20 (~200 chambers for no construction benefit)
N0039393,P0-L-MH39393,444650.001,2565113.698,lateral,junction,87.2,E0039728,E0038634,2,below 90 deg - G203-p30,purpose-made chamber with a swept/curved channel. NOT a bend chamber: the user refused that on 2026-08-20 (~200 chambers for no construction benefit)
N0017377,P0-L-MH17377,447268.231,2567467.614,lateral,junction,87.21,E0018245,E0016618,2,below 90 deg - G203-p30,purpose-made chamber with a swept/curved channel. NOT a bend chamber: the user refused that on 2026-08-20 (~200 chambers for no construction benefit)
N0040436,P0-L-MH40436,448555.118,2570245.747,lateral,chamber,87.21,E0039676,E0039677,1,below 90 deg - G203-p30,purpose-made chamber with a swept/curved channel. NOT a bend chamber: the user refused that on 2026-08-20 (~200 chambers for no construction benefit)
N0039398,P0-L-MH39398,448271.946,2570161.62,lateral,junction,87.21,E0039705,E0038639,2,below 90 deg - G203-p30,purpose-made chamber with a swept/curved channel. NOT a bend chamber: the user refused that on 2026-08-20 (~200 chambers for no construction benefit)
N0037029,P0-M-MH37029,448744.55,2568947.345,main,chamber,87.21,E0036269,E0036270,1,below 90 deg - G203-p30,purpose-made chamber with a swept/curved channel. NOT a bend chamber: the user refused that on 2026-08-20 (~200 chambers for no construction benefit)
N0043712,P0-SM-MH43712,448232.496,2566049.08,sub main,junction,87.21,E0043617,E0042953,2,below 90 deg - G203-p30,purpose-made chamber with a swept/curved channel. NOT a bend chamber: the user refused that on 2026-08-20 (~200 chambers for no construction benefit)
N0045995,P0-L-MH45995,448002.156,2567703.722,lateral,chamber,87.21,E0045235,E0045236,1,below 90 deg - G203-p30,purpose-made chamber with a swept/curved channel. NOT a bend chamber: the user refused that on 2026-08-20 (~200 chambers for no construction benefit)
N0040646,P0-M-MH40646,460914.387,2571117.359,main,junction,87.22,E0040801,E0039887,2,below 90 deg - G203-p30,purpose-made chamber with a swept/curved channel. NOT a bend chamber: the user refused that on 2026-08-20 (~200 chambers for no construction benefit)
N0032651,P0-L-MH32651,455658.078,2573027.086,lateral,junction,87.22,E0033355,E0031892,2,below 90 deg - G203-p30,purpose-made chamber with a swept/curved channel. NOT a bend chamber: the user refused that on 2026-08-20 (~200 chambers for no construction benefit)
N0037558,P0-L-MH37558,450096.254,2567381.433,lateral,chamber,87.22,E0036798,E0036799,1,below 90 deg - G203-p30,purpose-made chamber with a swept/curved channel. NOT a bend chamber: the user refused that on 2026-08-20 (~200 chambers for no construction benefit)
N0024515,P0-M-MH24515,449073.553,2570357.346,main,chamber,87.23,E0023755,E0023756,1,below 90 deg - G203-p30,purpose-made chamber with a swept/curved channel. NOT a bend chamber: the user refused that on 2026-08-20 (~200 chambers for no construction benefit)
N0017898,P0-L-MH17898,458879.492,2569160.442,lateral,junction,87.24,E0018726,E0017139,2,below 90 deg - G203-p30,purpose-made chamber with a swept/curved channel. NOT a bend chamber: the user refused that on 2026-08-20 (~200 chambers for no construction benefit)
N0027362,P0-TM-MH27362,467393.037,2576138.608,trunk main,junction,87.26,E0028130,E0026603,2,below 90 deg - G203-p30,purpose-made chamber with a swept/curved channel. NOT a bend chamber: the user refused that on 2026-08-20 (~200 chambers for no construction benefit)
N0012022,P0-L-MH12022,454088.49,2566970.744,lateral,junction,87.26,E0013076,E0011263,2,below 90 deg - G203-p30,purpose-made chamber with a swept/curved channel. NOT a bend chamber: the user refused that on 2026-08-20 (~200 chambers for no construction benefit)
N0014491,P0-SM-MH14491,450992.17,2567526.533,sub main,chamber,87.27,E0013731,E0013732,1,below 90 deg - G203-p30,purpose-made chamber with a swept/curved channel. NOT a bend chamber: the user refused that on 2026-08-20 (~200 chambers for no construction benefit)
N0041112,P0-M-MH41112,449558.127,2572415.005,main,junction,87.27,E0041317,E0040353,2,below 90 deg - G203-p30,purpose-made chamber with a swept/curved channel. NOT a bend chamber: the user refused that on 2026-08-20 (~200 chambers for no construction benefit)
N0033111,P0-M-MH33111,450321.49,2567186.849,main,junction,87.27,E0033879,E0032352,2,below 90 deg - G203-p30,purpose-made chamber with a swept/curved channel. NOT a bend chamber: the user refused that on 2026-08-20 (~200 chambers for no construction benefit)
N0011931,P0-M-MH11931,471001.037,2564224.078,main,junction,87.27,E0012959,E0011172,2,below 90 deg - G203-p30,purpose-made chamber with a swept/curved channel. NOT a bend chamber: the user refused that on 2026-08-20 (~200 chambers for no construction benefit)
N0019764,P0-L-MH19764,440442.601,2565431.119,lateral,chamber,87.28,E0019004,E0019005,1,below 90 deg - G203-p30,purpose-made chamber with a swept/curved channel. NOT a bend chamber: the user refused that on 2026-08-20 (~200 chambers for no construction benefit)
N0011181,P0-L-MH11181,441810.353,2568952.657,lateral,chamber,87.28,E0010421,E0010422,1,below 90 deg - G203-p30,purpose-made chamber with a swept/curved channel. NOT a bend chamber: the user refused that on 2026-08-20 (~200 chambers for no construction benefit)
N0013386,P0-SM-MH13386,449672.714,2571523.269,sub main,junction,87.29,E0014455,E0012627,2,below 90 deg - G203-p30,purpose-made chamber with a swept/curved channel. NOT a bend chamber: the user refused that on 2026-08-20 (~200 chambers for no construction benefit)
N0025657,P0-SM-MH25657,445869.314,2564092.485,sub main,junction,87.29,E0026656,E0024898,2,below 90 deg - G203-p30,purpose-made chamber with a swept/curved channel. NOT a bend chamber: the user refused that on 2026-08-20 (~200 chambers for no construction benefit)
N0028431,P0-L-MH28431,450417.282,2567049.115,lateral,junction,87.3,E0029285,E0027672,2,below 90 deg - G203-p30,purpose-made chamber with a swept/curved channel. NOT a bend chamber: the user refused that on 2026-08-20 (~200 chambers for no construction benefit)
N0011497,P0-SM-MH11497,439044.855,2568779.488,sub main,junction,87.3,E0012667,E0010738,2,below 90 deg - G203-p30,purpose-made chamber with a swept/curved channel. NOT a bend chamber: the user refused that on 2026-08-20 (~200 chambers for no construction benefit)
N0014192,P0-M-MH14192,450245.203,2569807.843,main,junction,87.3,E0015039,E0013433,2,below 90 deg - G203-p30,purpose-made chamber with a swept/curved channel. NOT a bend chamber: the user refused that on 2026-08-20 (~200 chambers for no construction benefit)
N0045136,P0-SM-MH45136,447722.293,2567592.489,sub main,junction,87.31,E0044898,E0044377,2,below 90 deg - G203-p30,purpose-made chamber with a swept/curved channel. NOT a bend chamber: the user refused that on 2026-08-20 (~200 chambers for no construction benefit)
N0044149,P0-L-MH44149,453849.753,2574609.531,lateral,chamber,87.32,E0043389,E0043390,1,below 90 deg - G203-p30,purpose-made chamber with a swept/curved channel. NOT a bend chamber: the user refused that on 2026-08-20 (~200 chambers for no construction benefit)
N0007746,P0-L-MH7746,445955.47,2566475.049,lateral,junction,87.32,E0009600,E0006987,2,below 90 deg - G203-p30,purpose-made chamber with a swept/curved channel. NOT a bend chamber: the user refused that on 2026-08-20 (~200 chambers for no construction benefit)
N0014378,P0-L-MH14378,449545.744,2568201.793,lateral,chamber,87.32,E0013618,E0013619,1,below 90 deg - G203-p30,purpose-made chamber with a swept/curved channel. NOT a bend chamber: the user refused that on 2026-08-20 (~200 chambers for no construction benefit)
N0012095,P0-TM-MH12095,445579.517,2563182.149,trunk main,junction,87.32,E0013244,E0011336,2,below 90 deg - G203-p30,purpose-made chamber with a swept/curved channel. NOT a bend chamber: the user refused that on 2026-08-20 (~200 chambers for no construction benefit)
N0028312,P0-L-MH28312,451823.178,2574570.665,lateral,junction,87.33,E0029121,E0027553,2,below 90 deg - G203-p30,purpose-made chamber with a swept/curved channel. NOT a bend chamber: the user refused that on 2026-08-20 (~200 chambers for no construction benefit)
N0049135,P0-L-MH49135,441663.112,2569542.33,lateral,junction,87.33,E0048450,E0048376,2,below 90 deg - G203-p30,purpose-made chamber with a swept/curved channel. NOT a bend chamber: the user refused that on 2026-08-20 (~200 chambers for no construction benefit)
N0023992,P0-SM-MH23992,450396.314,2568410.896,sub main,junction,87.34,E0025007,E0023233,2,below 90 deg - G203-p30,purpose-made chamber with a swept/curved channel. NOT a bend chamber: the user refused that on 2026-08-20 (~200 chambers for no construction benefit)
N0011852,P0-M-MH11852,474121.695,2572568.742,main,junction,87.34,E0012874,E0011093,2,below 90 deg - G203-p30,purpose-made chamber with a swept/curved channel. NOT a bend chamber: the user refused that on 2026-08-20 (~200 chambers for no construction benefit)
N0043536,P0-L-MH43536,453541.57,2574203.056,lateral,chamber,87.34,E0042776,E0042777,1,below 90 deg - G203-p30,purpose-made chamber with a swept/curved channel. NOT a bend chamber: the user refused that on 2026-08-20 (~200 chambers for no construction benefit)
N0011226,P0-M-MH11226,450783.305,2570491.559,main,chamber,87.35,E0010466,E0010467,1,below 90 deg - G203-p30,purpose-made chamber with a swept/curved channel. NOT a bend chamber: the user refused that on 2026-08-20 (~200 chambers for no construction benefit)
N0039517,P0-M-MH39517,454839.814,2570759.433,main,chamber,87.35,E0038757,E0038758,1,below 90 deg - G203-p30,purpose-made chamber with a swept/curved channel. NOT a bend chamber: the user refused that on 2026-08-20 (~200 chambers for no construction benefit)
N0025256,P0-M-MH25256,449448.127,2572046.005,main,junction,87.36,E0026233,E0024497,2,below 90 deg - G203-p30,purpose-made chamber with a swept/curved channel. NOT a bend chamber: the user refused that on 2026-08-20 (~200 chambers for no construction benefit)
N0006059,P0-TM-MH6059,451732.471,2572620.942,trunk main,junction,87.38,E0008445,E0005300,2,below 90 deg - G203-p30,purpose-made chamber with a swept/curved channel. NOT a bend chamber: the user refused that on 2026-08-20 (~200 chambers for no construction benefit)
N0021772,P0-SM-MH21772,448478.929,2572298.649,sub main,junction,87.38,E0022868,E0021013,2,below 90 deg - G203-p30,purpose-made chamber with a swept/curved channel. NOT a bend chamber: the user refused that on 2026-08-20 (~200 chambers for no construction benefit)
N0047653,P0-L-MH47653,454857.749,2577397.193,lateral,junction,87.39,E0047045,E0046894,2,below 90 deg - G203-p30,purpose-made chamber with a swept/curved channel. NOT a bend chamber: the user refused that on 2026-08-20 (~200 chambers for no construction benefit)
N0039579,P0-M-MH39579,455590.392,2570958.163,main,junction,87.39,E0039948,E0038820,2,below 90 deg - G203-p30,purpose-made chamber with a swept/curved channel. NOT a bend chamber: the user refused that on 2026-08-20 (~200 chambers for no construction benefit)
N0039816,P0-L-MH39816,453310.763,2574222.199,lateral,junction,87.39,E0040171,E0039057,2,below 90 deg - G203-p30,purpose-made chamber with a swept/curved channel. NOT a bend chamber: the user refused that on 2026-08-20 (~200 chambers for no construction benefit)
N0040447,P0-L-MH40447,448419.571,2570174.1,lateral,junction,87.4,E0040644,E0039688,2,below 90 deg - G203-p30,purpose-made chamber with a swept/curved channel. NOT a bend chamber: the user refused that on 2026-08-20 (~200 chambers for no construction benefit)
N0027982,P0-L-MH27982,451379.211,2568383.392,lateral,chamber,87.4,E0027222,E0027223,1,below 90 deg - G203-p30,purpose-made chamber with a swept/curved channel. NOT a bend chamber: the user refused that on 2026-08-20 (~200 chambers for no construction benefit)
N0026019,P0-L-MH26019,459554.786,2569974.057,lateral,junction,87.42,E0027037,E0025260,2,below 90 deg - G203-p30,purpose-made chamber with a swept/curved channel. NOT a bend chamber: the user refused that on 2026-08-20 (~200 chambers for no construction benefit)
N0006423,P0-M-MH6423,473264.683,2572433.194,main,junction,87.44,E0008631,E0005664,2,below 90 deg - G203-p30,purpose-made chamber with a swept/curved channel. NOT a bend chamber: the user refused that on 2026-08-20 (~200 chambers for no construction benefit)
N0042791,P0-L-MH42791,449917.311,2567514.617,lateral,junction,87.44,E0042810,E0042032,2,below 90 deg - G203-p30,purpose-made chamber with a swept/curved channel. NOT a bend chamber: the user refused that on 2026-08-20 (~200 chambers for no construction benefit)
N0000194,P0-TM-MH0194,469313.685,2575163.579,trunk main,junction,87.44,E0005607,E0000187,2,below 90 deg - G203-p30,purpose-made chamber with a swept/curved channel. NOT a bend chamber: the user refused that on 2026-08-20 (~200 chambers for no construction benefit)
N0040155,P0-L-MH40155,447413.75,2566796.615,lateral,chamber,87.45,E0039395,E0039396,1,below 90 deg - G203-p30,purpose-made chamber with a swept/curved channel. NOT a bend chamber: the user refused that on 2026-08-20 (~200 chambers for no construction benefit)
N0020658,P0-L-MH20658,450488.28,2570581.906,lateral,chamber,87.45,E0019898,E0019899,1,below 90 deg - G203-p30,purpose-made chamber with a swept/curved channel. NOT a bend chamber: the user refused that on 2026-08-20 (~200 chambers for no construction benefit)
N0046747,P0-L-MH46747,448117.465,2568563.827,lateral,chamber,87.45,E0045987,E0045988,1,below 90 deg - G203-p30,purpose-made chamber with a swept/curved channel. NOT a bend chamber: the user refused that on 2026-08-20 (~200 chambers for no construction benefit)
N0028697,P0-L-MH28697,458705.057,2578497.243,lateral,chamber,87.46,E0027937,E0027938,1,below 90 deg - G203-p30,purpose-made chamber with a swept/curved channel. NOT a bend chamber: the user refused that on 2026-08-20 (~200 chambers for no construction benefit)
N0017473,P0-L-MH17473,450885.104,2567758.919,lateral,chamber,87.46,E0016713,E0016714,1,below 90 deg - G203-p30,purpose-made chamber with a swept/curved channel. NOT a bend chamber: the user refused that on 2026-08-20 (~200 chambers for no construction benefit)
N0014686,P0-L-MH14686,452066.947,2571897.117,lateral,junction,87.47,E0015674,E0013927,2,below 90 deg - G203-p30,purpose-made chamber with a swept/curved channel. NOT a bend chamber: the user refused that on 2026-08-20 (~200 chambers for no construction benefit)
N0030981,P0-L-MH30981,448842.061,2570318.535,lateral,junction,87.47,E0031699,E0030222,2,below 90 deg - G203-p30,purpose-made chamber with a swept/curved channel. NOT a bend chamber: the user refused that on 2026-08-20 (~200 chambers for no construction benefit)
N0040730,P0-M-MH40730,461999.908,2575837.527,main,junction,87.47,E0040940,E0039971,2,below 90 deg - G203-p30,purpose-made chamber with a swept/curved channel. NOT a bend chamber: the user refused that on 2026-08-20 (~200 chambers for no construction benefit)
N0037451,P0-L-MH37451,453120.932,2575804.483,lateral,junction,87.48,E0037907,E0036692,2,below 90 deg - G203-p30,purpose-made chamber with a swept/curved channel. NOT a bend chamber: the user refused that on 2026-08-20 (~200 chambers for no construction benefit)
N0038823,P0-L-MH38823,456929.183,2568572.263,lateral,junction,87.48,E0039156,E0038064,2,below 90 deg - G203-p30,purpose-made chamber with a swept/curved channel. NOT a bend chamber: the user refused that on 2026-08-20 (~200 chambers for no construction benefit)
N0017976,P0-M-MH17976,450739.89,2568429.505,main,junction,87.48,E0018781,E0017217,2,below 90 deg - G203-p30,purpose-made chamber with a swept/curved channel. NOT a bend chamber: the user refused that on 2026-08-20 (~200 chambers for no construction benefit)
N0032060,P0-SM-MH32060,446996.405,2565711.178,sub main,junction,87.48,E0032824,E0031301,2,below 90 deg - G203-p30,purpose-made chamber with a swept/curved channel. NOT a bend chamber: the user refused that on 2026-08-20 (~200 chambers for no construction benefit)
N0013046,P0-L-MH13046,473425.17,2572785.155,lateral,junction,87.49,E0014098,E0012287,2,below 90 deg - G203-p30,purpose-made chamber with a swept/curved channel. NOT a bend chamber: the user refused that on 2026-08-20 (~200 chambers for no construction benefit)
N0031183,P0-L-MH31183,448262.716,2569218.038,lateral,chamber,87.5,E0030423,E0030424,1,below 90 deg - G203-p30,purpose-made chamber with a swept/curved channel. NOT a bend chamber: the user refused that on 2026-08-20 (~200 chambers for no construction benefit)
N0009013,P0-L-MH9013,453777.143,2574139.389,lateral,junction,87.51,E0010150,E0008254,2,below 90 deg - G203-p30,purpose-made chamber with a swept/curved channel. NOT a bend chamber: the user refused that on 2026-08-20 (~200 chambers for no construction benefit)
N0049766,P0-M-MH49766,442576.797,2569749.696,main,junction,87.53,E0049046,E0049007,2,below 90 deg - G203-p30,purpose-made chamber with a swept/curved channel. NOT a bend chamber: the user refused that on 2026-08-20 (~200 chambers for no construction benefit)
N0014091,P0-L-MH14091,450172.203,2569735.372,lateral,junction,87.53,E0015059,E0013332,2,below 90 deg - G203-p30,purpose-made chamber with a swept/curved channel. NOT a bend chamber: the user refused that on 2026-08-20 (~200 chambers for no construction benefit)
N0026074,P0-L-MH26074,454047.168,2567871.896,lateral,chamber,87.55,E0025314,E0025315,1,below 90 deg - G203-p30,purpose-made chamber with a swept/curved channel. NOT a bend chamber: the user refused that on 2026-08-20 (~200 chambers for no construction benefit)
N0044798,P0-L-MH44798,454881.719,2576293.552,lateral,chamber,87.56,E0044038,E0044039,1,below 90 deg - G203-p30,purpose-made chamber with a swept/curved channel. NOT a bend chamber: the user refused that on 2026-08-20 (~200 chambers for no construction benefit)
N0034543,P0-L-MH34543,453027.288,2574889.926,lateral,chamber,87.56,E0033783,E0033784,1,below 90 deg - G203-p30,purpose-made chamber with a swept/curved channel. NOT a bend chamber: the user refused that on 2026-08-20 (~200 chambers for no construction benefit)
N0006318,P0-SM-MH6318,450972.496,2567241.163,sub main,junction,87.57,E0008175,E0005559,2,below 90 deg - G203-p30,purpose-made chamber with a swept/curved channel. NOT a bend chamber: the user refused that on 2026-08-20 (~200 chambers for no construction benefit)
N0002779,P0-L-MH2779,447301.797,2566125.676,lateral,chamber,87.57,E0002480,E0002481,1,below 90 deg - G203-p30,purpose-made chamber with a swept/curved channel. NOT a bend chamber: the user refused that on 2026-08-20 (~200 chambers for no construction benefit)
N0008658,P0-TM-MH8658,456470.26,2576870.453,trunk main,junction,87.57,E0009848,E0007899,3,below 90 deg - G203-p30,purpose-made chamber with a swept/curved channel. NOT a bend chamber: the user refused that on 2026-08-20 (~200 chambers for no construction benefit)
N0020545,P0-M-MH20545,460884.687,2578900.503,main,junction,87.57,E0021412,E0019786,2,below 90 deg - G203-p30,purpose-made chamber with a swept/curved channel. NOT a bend chamber: the user refused that on 2026-08-20 (~200 chambers for no construction benefit)
N0043057,P0-L-MH43057,450553.146,2569563.229,lateral,junction,87.58,E0042989,E0042298,2,below 90 deg - G203-p30,purpose-made chamber with a swept/curved channel. NOT a bend chamber: the user refused that on 2026-08-20 (~200 chambers for no construction benefit)
N0019376,P0-M-MH19376,453709.816,2573456.85,main,junction,87.58,E0020148,E0018617,2,below 90 deg - G203-p30,purpose-made chamber with a swept/curved channel. NOT a bend chamber: the user refused that on 2026-08-20 (~200 chambers for no construction benefit)
N0019494,P0-L-MH19494,455401.123,2568887.338,lateral,chamber,87.58,E0018734,E0018735,1,below 90 deg - G203-p30,purpose-made chamber with a swept/curved channel. NOT a bend chamber: the user refused that on 2026-08-20 (~200 chambers for no construction benefit)
N0015800,P0-L-MH15800,450318.569,2569550.779,lateral,chamber,87.59,E0015040,E0015041,1,below 90 deg - G203-p30,purpose-made chamber with a swept/curved channel. NOT a bend chamber: the user refused that on 2026-08-20 (~200 chambers for no construction benefit)
N0045873,P0-M-MH45873,449641.915,2573247.595,main,junction,87.59,E0045429,E0045114,2,below 90 deg - G203-p30,purpose-made chamber with a swept/curved channel. NOT a bend chamber: the user refused that on 2026-08-20 (~200 chambers for no construction benefit)
N0027445,P0-M-MH27445,446659.89,2563861.581,main,junction,87.59,E0028248,E0026686,2,below 90 deg - G203-p30,purpose-made chamber with a swept/curved channel. NOT a bend chamber: the user refused that on 2026-08-20 (~200 chambers for no construction benefit)
N0037884,P0-L-MH37884,447227.284,2566293.056,lateral,junction,87.6,E0038385,E0037125,2,below 90 deg - G203-p30,purpose-made chamber with a swept/curved channel. NOT a bend chamber: the user refused that on 2026-08-20 (~200 chambers for no construction benefit)
N0044312,P0-M-MH44312,449578.915,2572734.595,main,junction,87.6,E0044185,E0043553,2,below 90 deg - G203-p30,purpose-made chamber with a swept/curved channel. NOT a bend chamber: the user refused that on 2026-08-20 (~200 chambers for no construction benefit)
N0049855,P0-L-MH49855,439872.726,2572035.279,lateral,chamber,87.6,E0049095,E0049096,1,below 90 deg - G203-p30,purpose-made chamber with a swept/curved channel. NOT a bend chamber: the user refused that on 2026-08-20 (~200 chambers for no construction benefit)
N0033991,P0-L-MH33991,448635.737,2569370.729,lateral,junction,87.62,E0034673,E0033232,2,below 90 deg - G203-p30,purpose-made chamber with a swept/curved channel. NOT a bend chamber: the user refused that on 2026-08-20 (~200 chambers for no construction benefit)
N0031779,P0-L-MH31779,446991.174,2572654.902,lateral,chamber,87.63,E0032553,E0031020,1,below 90 deg - G203-p30,purpose-made chamber with a swept/curved channel. NOT a bend chamber: the user refused that on 2026-08-20 (~200 chambers for no construction benefit)
N0035003,P0-L-MH35003,447790.686,2571432.207,lateral,junction,87.64,E0035690,E0034244,2,below 90 deg - G203-p30,purpose-made chamber with a swept/curved channel. NOT a bend chamber: the user refused that on 2026-08-20 (~200 chambers for no construction benefit)
N0048503,P0-SM-MH48503,443529.349,2568451.777,sub main,junction,87.65,E0047894,E0047744,2,below 90 deg - G203-p30,purpose-made chamber with a swept/curved channel. NOT a bend chamber: the user refused that on 2026-08-20 (~200 chambers for no construction benefit)
N0010424,P0-L-MH10424,445903.339,2566637.117,lateral,junction,87.67,E0011304,E0009665,2,below 90 deg - G203-p30,purpose-made chamber with a swept/curved channel. NOT a bend chamber: the user refused that on 2026-08-20 (~200 chambers for no construction benefit)
N0048261,P0-L-MH48261,446284.655,2568484.72,lateral,junction,87.67,E0047609,E0047502,2,below 90 deg - G203-p30,purpose-made chamber with a swept/curved channel. NOT a bend chamber: the user refused that on 2026-08-20 (~200 chambers for no construction benefit)
N0030791,P0-M-MH30791,445049.22,2564065.435,main,junction,87.67,E0031613,E0030032,2,below 90 deg - G203-p30,purpose-made chamber with a swept/curved channel. NOT a bend chamber: the user refused that on 2026-08-20 (~200 chambers for no construction benefit)
N0030527,P0-SM-MH30527,446904.834,2564974.176,sub main,junction,87.68,E0031369,E0029768,2,below 90 deg - G203-p30,purpose-made chamber with a swept/curved channel. NOT a bend chamber: the user refused that on 2026-08-20 (~200 chambers for no construction benefit)
N0014219,P0-L-MH14219,450752.108,2567578.513,lateral,junction,87.68,E0015133,E0013460,2,below 90 deg - G203-p30,purpose-made chamber with a swept/curved channel. NOT a bend chamber: the user refused that on 2026-08-20 (~200 chambers for no construction benefit)
N0020786,P0-L-MH20786,454624.964,2573789.883,lateral,chamber,87.69,E0020026,E0020027,1,below 90 deg - G203-p30,purpose-made chamber with a swept/curved channel. NOT a bend chamber: the user refused that on 2026-08-20 (~200 chambers for no construction benefit)
N0029089,P0-L-MH29089,453294.395,2572463.147,lateral,junction,87.69,E0030091,E0028330,2,below 90 deg - G203-p30,purpose-made chamber with a swept/curved channel. NOT a bend chamber: the user refused that on 2026-08-20 (~200 chambers for no construction benefit)
N0029145,P0-L-MH29145,464516.237,2576622.298,lateral,junction,87.7,E0030133,E0028386,2,below 90 deg - G203-p30,purpose-made chamber with a swept/curved channel. NOT a bend chamber: the user refused that on 2026-08-20 (~200 chambers for no construction benefit)
N0034883,P0-M-MH34883,448544.772,2573627.675,main,junction,87.7,E0035546,E0034124,2,below 90 deg - G203-p30,purpose-made chamber with a swept/curved channel. NOT a bend chamber: the user refused that on 2026-08-20 (~200 chambers for no construction benefit)
N0001008,P0-M-MH1008,438528.225,2569193.801,main,junction,87.71,E0006159,E0000920,3,below 90 deg - G203-p30,purpose-made chamber with a swept/curved channel. NOT a bend chamber: the user refused that on 2026-08-20 (~200 chambers for no construction benefit)
N0012358,P0-M-MH12358,450284.858,2569811.352,main,junction,87.72,E0013433,E0011599,2,below 90 deg - G203-p30,purpose-made chamber with a swept/curved channel. NOT a bend chamber: the user refused that on 2026-08-20 (~200 chambers for no construction benefit)
N0041818,P0-M-MH41818,453652.666,2575435.247,main,junction,87.72,E0041961,E0041059,2,below 90 deg - G203-p30,purpose-made chamber with a swept/curved channel. NOT a bend chamber: the user refused that on 2026-08-20 (~200 chambers for no construction benefit)
N0049291,P0-L-MH49291,444415.29,2569417.074,lateral,chamber,87.73,E0048531,E0048532,1,below 90 deg - G203-p30,purpose-made chamber with a swept/curved channel. NOT a bend chamber: the user refused that on 2026-08-20 (~200 chambers for no construction benefit)
N0042503,P0-L-MH42503,461177.863,2571064.42,lateral,junction,87.74,E0042520,E0041744,2,below 90 deg - G203-p30,purpose-made chamber with a swept/curved channel. NOT a bend chamber: the user refused that on 2026-08-20 (~200 chambers for no construction benefit)
N0038386,P0-L-MH38386,448320.042,2568119.552,lateral,chamber,87.75,E0037626,E0037627,1,below 90 deg - G203-p30,purpose-made chamber with a swept/curved channel. NOT a bend chamber: the user refused that on 2026-08-20 (~200 chambers for no construction benefit)
N0000906,P0-SM-MH0906,447183.668,2557176.55,sub main,junction,87.75,E0006076,E0000828,2,below 90 deg - G203-p30,purpose-made chamber with a swept/curved channel. NOT a bend chamber: the user refused that on 2026-08-20 (~200 chambers for no construction benefit)
N0032867,P0-L-MH32867,454017.799,2571194.917,lateral,chamber,87.76,E0032107,E0032108,1,below 90 deg - G203-p30,purpose-made chamber with a swept/curved channel. NOT a bend chamber: the user refused that on 2026-08-20 (~200 chambers for no construction benefit)
N0044402,P0-L-MH44402,448661.4,2565225.192,lateral,chamber,87.76,E0043642,E0043643,1,below 90 deg - G203-p30,purpose-made chamber with a swept/curved channel. NOT a bend chamber: the user refused that on 2026-08-20 (~200 chambers for no construction benefit)
N0011493,P0-SM-MH11493,449513.09,2571286.882,sub main,junction,87.77,E0012638,E0010734,2,below 90 deg - G203-p30,purpose-made chamber with a swept/curved channel. NOT a bend chamber: the user refused that on 2026-08-20 (~200 chambers for no construction benefit)
N0039690,P0-L-MH39690,457522.57,2570128.1,lateral,junction,87.77,E0040018,E0038931,2,below 90 deg - G203-p30,purpose-made chamber with a swept/curved channel. NOT a bend chamber: the user refused that on 2026-08-20 (~200 chambers for no construction benefit)
N0035071,P0-SM-MH35071,447370.677,2566237.908,sub main,junction,87.77,E0035776,E0034312,2,below 90 deg - G203-p30,purpose-made chamber with a swept/curved channel. NOT a bend chamber: the user refused that on 2026-08-20 (~200 chambers for no construction benefit)
N0041782,P0-L-MH41782,442128.598,2565401.395,lateral,chamber,87.78,E0041022,E0041023,1,below 90 deg - G203-p30,purpose-made chamber with a swept/curved channel. NOT a bend chamber: the user refused that on 2026-08-20 (~200 chambers for no construction benefit)
N0014317,P0-L-MH14317,449148.518,2567705.155,lateral,junction,87.78,E0015233,E0013558,2,below 90 deg - G203-p30,purpose-made chamber with a swept/curved channel. NOT a bend chamber: the user refused that on 2026-08-20 (~200 chambers for no construction benefit)
N0042721,P0-M-MH42721,453632.372,2575688.059,main,junction,87.78,E0042692,E0041962,3,below 90 deg - G203-p30,purpose-made chamber with a swept/curved channel. NOT a bend chamber: the user refused that on 2026-08-20 (~200 chambers for no construction benefit)
N0042717,P0-L-MH42717,443421.215,2558834.275,lateral,chamber,87.78,E0041957,E0041958,1,below 90 deg - G203-p30,purpose-made chamber with a swept/curved channel. NOT a bend chamber: the user refused that on 2026-08-20 (~200 chambers for no construction benefit)
N0004541,P0-L-MH4541,448566.25,2565517.78,lateral,junction,87.78,E0007553,E0004015,2,below 90 deg - G203-p30,purpose-made chamber with a swept/curved channel. NOT a bend chamber: the user refused that on 2026-08-20 (~200 chambers for no construction benefit)
N0047905,P0-L-MH47905,445595.856,2567934.659,lateral,chamber,87.8,E0047145,E0047146,1,below 90 deg - G203-p30,purpose-made chamber with a swept/curved channel. NOT a bend chamber: the user refused that on 2026-08-20 (~200 chambers for no construction benefit)
N0045099,P0-L-MH45099,448199.307,2567806.835,lateral,chamber,87.8,E0044339,E0044340,1,below 90 deg - G203-p30,purpose-made chamber with a swept/curved channel. NOT a bend chamber: the user refused that on 2026-08-20 (~200 chambers for no construction benefit)
N0027845,P0-L-MH27845,459545.64,2570157.279,lateral,chamber,87.8,E0027085,E0027086,1,below 90 deg - G203-p30,purpose-made chamber with a swept/curved channel. NOT a bend chamber: the user refused that on 2026-08-20 (~200 chambers for no construction benefit)
N0043386,P0-L-MH43386,444544.587,2559692.283,lateral,chamber,87.8,E0042626,E0042627,1,below 90 deg - G203-p30,purpose-made chamber with a swept/curved channel. NOT a bend chamber: the user refused that on 2026-08-20 (~200 chambers for no construction benefit)
N0007530,P0-M-MH7530,454924.767,2574708.908,main,junction,87.8,E0009432,E0006771,2,below 90 deg - G203-p30,purpose-made chamber with a swept/curved channel. NOT a bend chamber: the user refused that on 2026-08-20 (~200 chambers for no construction benefit)
N0042749,P0-M-MH42749,453448.634,2574138.161,main,junction,87.8,E0042778,E0041990,2,below 90 deg - G203-p30,purpose-made chamber with a swept/curved channel. NOT a bend chamber: the user refused that on 2026-08-20 (~200 chambers for no construction benefit)
N0010918,P0-L-MH10918,454490.588,2567136.067,lateral,chamber,87.81,E0012190,E0010159,1,below 90 deg - G203-p30,purpose-made chamber with a swept/curved channel. NOT a bend chamber: the user refused that on 2026-08-20 (~200 chambers for no construction benefit)
N0027851,P0-M-MH27851,450492.276,2569651.474,main,junction,87.82,E0028509,E0027092,2,below 90 deg - G203-p30,purpose-made chamber with a swept/curved channel. NOT a bend chamber: the user refused that on 2026-08-20 (~200 chambers for no construction benefit)
N0002462,P0-L-MH2462,445884.76,2566430.575,lateral,junction,87.82,E0006987,E0002215,2,below 90 deg - G203-p30,purpose-made chamber with a swept/curved channel. NOT a bend chamber: the user refused that on 2026-08-20 (~200 chambers for no construction benefit)
N0039085,P0-M-MH39085,460306.316,2578647.036,main,junction,87.82,E0039416,E0038326,2,below 90 deg - G203-p30,purpose-made chamber with a swept/curved channel. NOT a bend chamber: the user refused that on 2026-08-20 (~200 chambers for no construction benefit)
N0038121,P0-M-MH38121,448710.284,2570199.605,main,junction,87.82,E0038618,E0037362,2,below 90 deg - G203-p30,purpose-made chamber with a swept/curved channel. NOT a bend chamber: the user refused that on 2026-08-20 (~200 chambers for no construction benefit)
N0015206,P0-SM-MH15206,449944.304,2571425.256,sub main,junction,87.83,E0016222,E0014447,2,below 90 deg - G203-p30,purpose-made chamber with a swept/curved channel. NOT a bend chamber: the user refused that on 2026-08-20 (~200 chambers for no construction benefit)
N0030799,P0-L-MH30799,450244.386,2568744.616,lateral,junction,87.83,E0031485,E0030040,2,below 90 deg - G203-p30,purpose-made chamber with a swept/curved channel. NOT a bend chamber: the user refused that on 2026-08-20 (~200 chambers for no construction benefit)
N0010752,P0-L-MH10752,450160.195,2569011.16,lateral,chamber,87.85,E0009992,E0009993,1,below 90 deg - G203-p30,purpose-made chamber with a swept/curved channel. NOT a bend chamber: the user refused that on 2026-08-20 (~200 chambers for no construction benefit)
N0022182,P0-L-MH22182,454530.115,2575191.794,lateral,junction,87.85,E0023251,E0021423,2,below 90 deg - G203-p30,purpose-made chamber with a swept/curved channel. NOT a bend chamber: the user refused that on 2026-08-20 (~200 chambers for no construction benefit)
N0037069,P0-M-MH37069,460126.043,2576948.356,main,junction,87.85,E0037565,E0036310,2,below 90 deg - G203-p30,purpose-made chamber with a swept/curved channel. NOT a bend chamber: the user refused that on 2026-08-20 (~200 chambers for no construction benefit)
N0034724,P0-SM-MH34724,456774.183,2568368.263,sub main,junction,87.85,E0035420,E0033965,2,below 90 deg - G203-p30,purpose-made chamber with a swept/curved channel. NOT a bend chamber: the user refused that on 2026-08-20 (~200 chambers for no construction benefit)
N0014000,P0-L-MH14000,447020.695,2567501.087,lateral,junction,87.86,E0015022,E0013241,2,below 90 deg - G203-p30,purpose-made chamber with a swept/curved channel. NOT a bend chamber: the user refused that on 2026-08-20 (~200 chambers for no construction benefit)
N0040843,P0-L-MH40843,453658.943,2575520.886,lateral,chamber,87.87,E0040083,E0040084,1,below 90 deg - G203-p30,purpose-made chamber with a swept/curved channel. NOT a bend chamber: the user refused that on 2026-08-20 (~200 chambers for no construction benefit)
N0012254,P0-L-MH12254,450028.735,2567695.347,lateral,junction,87.87,E0013373,E0011495,2,below 90 deg - G203-p30,purpose-made chamber with a swept/curved channel. NOT a bend chamber: the user refused that on 2026-08-20 (~200 chambers for no construction benefit)
N0042610,P0-L-MH42610,444357.666,2559487.226,lateral,junction,87.9,E0042617,E0041851,2,below 90 deg - G203-p30,purpose-made chamber with a swept/curved channel. NOT a bend chamber: the user refused that on 2026-08-20 (~200 chambers for no construction benefit)
N0030326,P0-L-MH30326,448072.067,2572239.142,lateral,chamber,87.91,E0029566,E0029567,1,below 90 deg - G203-p30,purpose-made chamber with a swept/curved channel. NOT a bend chamber: the user refused that on 2026-08-20 (~200 chambers for no construction benefit)
N0028134,P0-L-MH28134,463067.151,2576826.258,lateral,junction,87.91,E0028916,E0027375,2,below 90 deg - G203-p30,purpose-made chamber with a swept/curved channel. NOT a bend chamber: the user refused that on 2026-08-20 (~200 chambers for no construction benefit)
N0010595,P0-L-MH10595,453883.936,2574468.524,lateral,chamber,87.92,E0011456,E0009836,1,below 90 deg - G203-p30,purpose-made chamber with a swept/curved channel. NOT a bend chamber: the user refused that on 2026-08-20 (~200 chambers for no construction benefit)
N0034776,P0-L-MH34776,451188.038,2565064.622,lateral,chamber,87.93,E0034016,E0034017,1,below 90 deg - G203-p30,purpose-made chamber with a swept/curved channel. NOT a bend chamber: the user refused that on 2026-08-20 (~200 chambers for no construction benefit)
N0018195,P0-M-MH18195,434206.249,2575647.414,main,junction,87.93,E0019054,E0017436,2,below 90 deg - G203-p30,purpose-made chamber with a swept/curved channel. NOT a bend chamber: the user refused that on 2026-08-20 (~200 chambers for no construction benefit)
N0032372,P0-L-MH32372,444995.632,2564123.156,lateral,junction,87.93,E0033040,E0031613,2,below 90 deg - G203-p30,purpose-made chamber with a swept/curved channel. NOT a bend chamber: the user refused that on 2026-08-20 (~200 chambers for no construction benefit)
N0032955,P0-L-MH32955,446411.4,2560446.217,lateral,chamber,87.93,E0032195,E0032196,1,below 90 deg - G203-p30,purpose-made chamber with a swept/curved channel. NOT a bend chamber: the user refused that on 2026-08-20 (~200 chambers for no construction benefit)
N0042753,P0-L-MH42753,453517.619,2574263.909,lateral,chamber,87.93,E0041993,E0041994,1,below 90 deg - G203-p30,purpose-made chamber with a swept/curved channel. NOT a bend chamber: the user refused that on 2026-08-20 (~200 chambers for no construction benefit)
N0035517,P0-M-MH35517,454504.163,2569536.139,main,chamber,87.93,E0034757,E0034758,1,below 90 deg - G203-p30,purpose-made chamber with a swept/curved channel. NOT a bend chamber: the user refused that on 2026-08-20 (~200 chambers for no construction benefit)
N0017402,P0-M-MH17402,472567.287,2573884.243,main,junction,87.94,E0018249,E0016643,2,below 90 deg - G203-p30,purpose-made chamber with a swept/curved channel. NOT a bend chamber: the user refused that on 2026-08-20 (~200 chambers for no construction benefit)
N0017936,P0-L-MH17936,459062.406,2569089.089,lateral,chamber,87.96,E0017176,E0017177,1,below 90 deg - G203-p30,purpose-made chamber with a swept/curved channel. NOT a bend chamber: the user refused that on 2026-08-20 (~200 chambers for no construction benefit)
N0042213,P0-L-MH42213,447735.571,2566501.013,lateral,junction,87.96,E0042258,E0041454,2,below 90 deg - G203-p30,purpose-made chamber with a swept/curved channel. NOT a bend chamber: the user refused that on 2026-08-20 (~200 chambers for no construction benefit)
N0034923,P0-L-MH34923,448078.541,2572738.844,lateral,junction,87.96,E0035617,E0034164,2,below 90 deg - G203-p30,purpose-made chamber with a swept/curved channel. NOT a bend chamber: the user refused that on 2026-08-20 (~200 chambers for no construction benefit)
N0031917,P0-L-MH31917,447932.103,2572393.543,lateral,chamber,87.96,E0031157,E0031158,1,below 90 deg - G203-p30,purpose-made chamber with a swept/curved channel. NOT a bend chamber: the user refused that on 2026-08-20 (~200 chambers for no construction benefit)
N0012730,P0-M-MH12730,455364.616,2568159.18,main,junction,87.98,E0013841,E0011971,2,below 90 deg - G203-p30,purpose-made chamber with a swept/curved channel. NOT a bend chamber: the user refused that on 2026-08-20 (~200 chambers for no construction benefit)
N0007660,P0-L-MH7660,474122.795,2572907.018,lateral,chamber,87.98,E0006900,E0006901,1,below 90 deg - G203-p30,purpose-made chamber with a swept/curved channel. NOT a bend chamber: the user refused that on 2026-08-20 (~200 chambers for no construction benefit)
N0012347,P0-L-MH12347,460938.13,2578800.906,lateral,chamber,87.99,E0011587,E0011588,1,below 90 deg - G203-p30,purpose-made chamber with a swept/curved channel. NOT a bend chamber: the user refused that on 2026-08-20 (~200 chambers for no construction benefit)
N0027266,P0-L-MH27266,464289.592,2566629.728,lateral,chamber,88.0,E0028108,E0026507,1,below 90 deg - G203-p30,purpose-made chamber with a swept/curved channel. NOT a bend chamber: the user refused that on 2026-08-20 (~200 chambers for no construction benefit)
N0040630,P0-SM-MH40630,448520.4,2567925.796,sub main,junction,88.0,E0040784,E0039871,2,below 90 deg - G203-p30,purpose-made chamber with a swept/curved channel. NOT a bend chamber: the user refused that on 2026-08-20 (~200 chambers for no construction benefit)
N0035694,P0-L-MH35694,458982.33,2571035.445,lateral,junction,88.01,E0036464,E0034935,2,below 90 deg - G203-p30,purpose-made chamber with a swept/curved channel. NOT a bend chamber: the user refused that on 2026-08-20 (~200 chambers for no construction benefit)
N0022838,P0-M-MH22838,449325.453,2569293.06,main,chamber,88.02,E0022078,E0022079,1,below 90 deg - G203-p30,purpose-made chamber with a swept/curved channel. NOT a bend chamber: the user refused that on 2026-08-20 (~200 chambers for no construction benefit)
N0000798,P0-L-MH0798,460290.952,2568171.285,lateral,junction,88.02,E0006021,E0000724,2,below 90 deg - G203-p30,purpose-made chamber with a swept/curved channel. NOT a bend chamber: the user refused that on 2026-08-20 (~200 chambers for no construction benefit)
N0025692,P0-SM-MH25692,446653.813,2564001.864,sub main,junction,88.02,E0026693,E0024933,2,below 90 deg - G203-p30,purpose-made chamber with a swept/curved channel. NOT a bend chamber: the user refused that on 2026-08-20 (~200 chambers for no construction benefit)
N0002113,P0-L-MH2113,465194.103,2566211.498,lateral,junction,88.03,E0006811,E0001912,2,below 90 deg - G203-p30,purpose-made chamber with a swept/curved channel. NOT a bend chamber: the user refused that on 2026-08-20 (~200 chambers for no construction benefit)
N0015970,P0-M-MH15970,454218.351,2573952.65,main,junction,88.03,E0016810,E0015211,3,below 90 deg - G203-p30,purpose-made chamber with a swept/curved channel. NOT a bend chamber: the user refused that on 2026-08-20 (~200 chambers for no construction benefit)
N0015711,P0-L-MH15711,451204.284,2567011.182,lateral,junction,88.04,E0016578,E0014952,2,below 90 deg - G203-p30,purpose-made chamber with a swept/curved channel. NOT a bend chamber: the user refused that on 2026-08-20 (~200 chambers for no construction benefit)
N0042432,P0-L-MH42432,454339.903,2570868.871,lateral,chamber,88.04,E0041672,E0041673,1,below 90 deg - G203-p30,purpose-made chamber with a swept/curved channel. NOT a bend chamber: the user refused that on 2026-08-20 (~200 chambers for no construction benefit)
N0039289,P0-L-MH39289,448148.843,2564617.681,lateral,chamber,88.04,E0038529,E0038530,1,below 90 deg - G203-p30,purpose-made chamber with a swept/curved channel. NOT a bend chamber: the user refused that on 2026-08-20 (~200 chambers for no construction benefit)
N0003273,P0-L-MH3273,436579.059,2574466.182,lateral,junction,88.05,E0007232,E0002897,2,below 90 deg - G203-p30,purpose-made chamber with a swept/curved channel. NOT a bend chamber: the user refused that on 2026-08-20 (~200 chambers for no construction benefit)
N0012202,P0-L-MH12202,452035.087,2572771.764,lateral,junction,88.05,E0013425,E0011443,2,below 90 deg - G203-p30,purpose-made chamber with a swept/curved channel. NOT a bend chamber: the user refused that on 2026-08-20 (~200 chambers for no construction benefit)
N0037551,P0-L-MH37551,450469.012,2567425.205,lateral,chamber,88.06,E0036791,E0036792,1,below 90 deg - G203-p30,purpose-made chamber with a swept/curved channel. NOT a bend chamber: the user refused that on 2026-08-20 (~200 chambers for no construction benefit)
N0042528,P0-M-MH42528,461609.567,2570976.189,main,junction,88.06,E0042550,E0041769,2,below 90 deg - G203-p30,purpose-made chamber with a swept/curved channel. NOT a bend chamber: the user refused that on 2026-08-20 (~200 chambers for no construction benefit)
N0027922,P0-L-MH27922,459203.991,2570034.649,lateral,junction,88.06,E0028597,E0027163,2,below 90 deg - G203-p30,purpose-made chamber with a swept/curved channel. NOT a bend chamber: the user refused that on 2026-08-20 (~200 chambers for no construction benefit)
N0021723,P0-SM-MH21723,466806.211,2565703.668,sub main,junction,88.08,E0022817,E0020964,2,below 90 deg - G203-p30,purpose-made chamber with a swept/curved channel. NOT a bend chamber: the user refused that on 2026-08-20 (~200 chambers for no construction benefit)
N0011447,P0-L-MH11447,446233.969,2558244.152,lateral,chamber,88.08,E0010687,E0010688,1,below 90 deg - G203-p30,purpose-made chamber with a swept/curved channel. NOT a bend chamber: the user refused that on 2026-08-20 (~200 chambers for no construction benefit)
N0000754,P0-SM-MH0754,451237.812,2572500.981,sub main,junction,88.08,E0005943,E0000687,2,below 90 deg - G203-p30,purpose-made chamber with a swept/curved channel. NOT a bend chamber: the user refused that on 2026-08-20 (~200 chambers for no construction benefit)
N0024420,P0-SM-MH24420,459502.974,2569878.693,sub main,junction,88.08,E0025263,E0023661,2,below 90 deg - G203-p30,purpose-made chamber with a swept/curved channel. NOT a bend chamber: the user refused that on 2026-08-20 (~200 chambers for no construction benefit)
N0040109,P0-M-MH40109,445859.174,2572007.902,main,junction,88.09,E0040363,E0039350,2,below 90 deg - G203-p30,purpose-made chamber with a swept/curved channel. NOT a bend chamber: the user refused that on 2026-08-20 (~200 chambers for no construction benefit)
N0043310,P0-M-MH43310,456271.775,2571215.314,main,junction,88.09,E0043195,E0042551,2,below 90 deg - G203-p30,purpose-made chamber with a swept/curved channel. NOT a bend chamber: the user refused that on 2026-08-20 (~200 chambers for no construction benefit)
N0040304,P0-L-MH40304,450422.715,2568956.031,lateral,junction,88.09,E0040539,E0039545,2,below 90 deg - G203-p30,purpose-made chamber with a swept/curved channel. NOT a bend chamber: the user refused that on 2026-08-20 (~200 chambers for no construction benefit)
N0014338,P0-SM-MH14338,446061.298,2567082.306,sub main,junction,88.1,E0015274,E0013579,2,below 90 deg - G203-p30,purpose-made chamber with a swept/curved channel. NOT a bend chamber: the user refused that on 2026-08-20 (~200 chambers for no construction benefit)
N0039818,P0-L-MH39818,453225.266,2574238.181,lateral,junction,88.1,E0040178,E0039059,2,below 90 deg - G203-p30,purpose-made chamber with a swept/curved channel. NOT a bend chamber: the user refused that on 2026-08-20 (~200 chambers for no construction benefit)
N0048051,P0-M-MH48051,455032.717,2577938.401,main,junction,88.1,E0047362,E0047292,2,below 90 deg - G203-p30,purpose-made chamber with a swept/curved channel. NOT a bend chamber: the user refused that on 2026-08-20 (~200 chambers for no construction benefit)
N0026942,P0-M-MH26942,447098.174,2572693.902,main,junction,88.11,E0027803,E0026183,2,below 90 deg - G203-p30,purpose-made chamber with a swept/curved channel. NOT a bend chamber: the user refused that on 2026-08-20 (~200 chambers for no construction benefit)
N0045794,P0-L-MH45794,453203.548,2573974.011,lateral,junction,88.11,E0045362,E0045035,2,below 90 deg - G203-p30,purpose-made chamber with a swept/curved channel. NOT a bend chamber: the user refused that on 2026-08-20 (~200 chambers for no construction benefit)
N0045927,P0-M-MH45927,448380.934,2565674.365,main,junction,88.11,E0045504,E0045168,2,below 90 deg - G203-p30,purpose-made chamber with a swept/curved channel. NOT a bend chamber: the user refused that on 2026-08-20 (~200 chambers for no construction benefit)
N0025813,P0-SM-MH25813,445986.266,2561699.002,sub main,junction,88.12,E0026886,E0025054,2,below 90 deg - G203-p30,purpose-made chamber with a swept/curved channel. NOT a bend chamber: the user refused that on 2026-08-20 (~200 chambers for no construction benefit)
N0046338,P0-M-MH46338,461543.837,2576213.135,main,junction,88.12,E0045871,E0045579,2,below 90 deg - G203-p30,purpose-made chamber with a swept/curved channel. NOT a bend chamber: the user refused that on 2026-08-20 (~200 chambers for no construction benefit)
N0040246,P0-L-MH40246,461005.971,2577858.57,lateral,chamber,88.12,E0039486,E0039487,1,below 90 deg - G203-p30,purpose-made chamber with a swept/curved channel. NOT a bend chamber: the user refused that on 2026-08-20 (~200 chambers for no construction benefit)
N0026676,P0-L-MH26676,452542.747,2573275.313,lateral,junction,88.13,E0027550,E0025917,2,below 90 deg - G203-p30,purpose-made chamber with a swept/curved channel. NOT a bend chamber: the user refused that on 2026-08-20 (~200 chambers for no construction benefit)
N0030751,P0-SM-MH30751,446947.312,2563793.505,sub main,chamber,88.13,E0029991,E0029992,1,below 90 deg - G203-p30,purpose-made chamber with a swept/curved channel. NOT a bend chamber: the user refused that on 2026-08-20 (~200 chambers for no construction benefit)
N0002020,P0-M-MH2020,454888.352,2574627.974,main,junction,88.14,E0006773,E0001833,2,below 90 deg - G203-p30,purpose-made chamber with a swept/curved channel. NOT a bend chamber: the user refused that on 2026-08-20 (~200 chambers for no construction benefit)
N0014268,P0-M-MH14268,446607.01,2567471.679,main,chamber,88.15,E0013508,E0013509,1,below 90 deg - G203-p30,purpose-made chamber with a swept/curved channel. NOT a bend chamber: the user refused that on 2026-08-20 (~200 chambers for no construction benefit)
N0007438,P0-L-MH7438,452029.352,2576042.365,lateral,chamber,88.16,E0006678,E0006679,1,below 90 deg - G203-p30,purpose-made chamber with a swept/curved channel. NOT a bend chamber: the user refused that on 2026-08-20 (~200 chambers for no construction benefit)
N0020188,P0-SM-MH20188,459240.61,2578956.195,sub main,junction,88.16,E0021086,E0019429,2,below 90 deg - G203-p30,purpose-made chamber with a swept/curved channel. NOT a bend chamber: the user refused that on 2026-08-20 (~200 chambers for no construction benefit)
N0038601,P0-L-MH38601,457402.301,2570987.696,lateral,chamber,88.16,E0037841,E0037842,1,below 90 deg - G203-p30,purpose-made chamber with a swept/curved channel. NOT a bend chamber: the user refused that on 2026-08-20 (~200 chambers for no construction benefit)
N0012243,P0-M-MH12243,450157.167,2569542.805,main,junction,88.17,E0013330,E0011484,2,below 90 deg - G203-p30,purpose-made chamber with a swept/curved channel. NOT a bend chamber: the user refused that on 2026-08-20 (~200 chambers for no construction benefit)
N0049703,P0-SM-MH49703,439939.863,2571240.329,sub main,junction,88.17,E0048999,E0048944,2,below 90 deg - G203-p30,purpose-made chamber with a swept/curved channel. NOT a bend chamber: the user refused that on 2026-08-20 (~200 chambers for no construction benefit)
N0015422,P0-L-MH15422,452832.707,2573691.917,lateral,junction,88.18,E0016376,E0014663,3,below 90 deg - G203-p30,purpose-made chamber with a swept/curved channel. NOT a bend chamber: the user refused that on 2026-08-20 (~200 chambers for no construction benefit)
N0019308,P0-SM-MH19308,464077.388,2576748.01,sub main,junction,88.19,E0020089,E0018549,2,below 90 deg - G203-p30,purpose-made chamber with a swept/curved channel. NOT a bend chamber: the user refused that on 2026-08-20 (~200 chambers for no construction benefit)
N0010738,P0-L-MH10738,450006.297,2568888.606,lateral,junction,88.19,E0011592,E0009979,3,below 90 deg - G203-p30,purpose-made chamber with a swept/curved channel. NOT a bend chamber: the user refused that on 2026-08-20 (~200 chambers for no construction benefit)
N0019700,P0-L-MH19700,462288.529,2577526.598,lateral,chamber,88.2,E0018940,E0018941,1,below 90 deg - G203-p30,purpose-made chamber with a swept/curved channel. NOT a bend chamber: the user refused that on 2026-08-20 (~200 chambers for no construction benefit)
N0020754,P0-L-MH20754,454487.255,2573415.07,lateral,junction,88.2,E0021719,E0019995,2,below 90 deg - G203-p30,purpose-made chamber with a swept/curved channel. NOT a bend chamber: the user refused that on 2026-08-20 (~200 chambers for no construction benefit)
N0020907,P0-M-MH20907,453658.418,2573400.039,main,junction,88.2,E0021848,E0020148,2,below 90 deg - G203-p30,purpose-made chamber with a swept/curved channel. NOT a bend chamber: the user refused that on 2026-08-20 (~200 chambers for no construction benefit)
N0027529,P0-L-MH27529,445906.372,2562435.404,lateral,chamber,88.2,E0026769,E0026770,1,below 90 deg - G203-p30,purpose-made chamber with a swept/curved channel. NOT a bend chamber: the user refused that on 2026-08-20 (~200 chambers for no construction benefit)
N0036998,P0-L-MH36998,451634.199,2569407.756,lateral,chamber,88.2,E0036238,E0036239,1,below 90 deg - G203-p30,purpose-made chamber with a swept/curved channel. NOT a bend chamber: the user refused that on 2026-08-20 (~200 chambers for no construction benefit)
N0010833,P0-M-MH10833,449945.001,2568037.588,main,junction,88.21,E0011895,E0010074,2,below 90 deg - G203-p30,purpose-made chamber with a swept/curved channel. NOT a bend chamber: the user refused that on 2026-08-20 (~200 chambers for no construction benefit)
N0035824,P0-L-MH35824,458705.979,2570273.513,lateral,chamber,88.21,E0035064,E0035065,1,below 90 deg - G203-p30,purpose-made chamber with a swept/curved channel. NOT a bend chamber: the user refused that on 2026-08-20 (~200 chambers for no construction benefit)
N0006127,P0-TM-MH6127,476876.628,2575623.641,trunk main,junction,88.21,E0008187,E0005368,3,below 90 deg - G203-p30,purpose-made chamber with a swept/curved channel. NOT a bend chamber: the user refused that on 2026-08-20 (~200 chambers for no construction benefit)
N0019585,P0-M-MH19585,462657.257,2578054.387,main,junction,88.21,E0020461,E0018826,2,below 90 deg - G203-p30,purpose-made chamber with a swept/curved channel. NOT a bend chamber: the user refused that on 2026-08-20 (~200 chambers for no construction benefit)
N0031863,P0-L-MH31863,468599.638,2564785.738,lateral,junction,88.21,E0032660,E0031104,2,below 90 deg - G203-p30,purpose-made chamber with a swept/curved channel. NOT a bend chamber: the user refused that on 2026-08-20 (~200 chambers for no construction benefit)
N0043965,P0-L-MH43965,455371.07,2570475.299,lateral,chamber,88.22,E0043205,E0043206,1,below 90 deg - G203-p30,purpose-made chamber with a swept/curved channel. NOT a bend chamber: the user refused that on 2026-08-20 (~200 chambers for no construction benefit)
N0049701,P0-L-MH49701,440217.103,2571210.853,lateral,chamber,88.22,E0048941,E0048942,1,below 90 deg - G203-p30,purpose-made chamber with a swept/curved channel. NOT a bend chamber: the user refused that on 2026-08-20 (~200 chambers for no construction benefit)
N0011236,P0-M-MH11236,450516.964,2570393.636,main,chamber,88.23,E0010476,E0010477,1,below 90 deg - G203-p30,purpose-made chamber with a swept/curved channel. NOT a bend chamber: the user refused that on 2026-08-20 (~200 chambers for no construction benefit)
N0039229,P0-L-MH39229,446414.507,2566106.722,lateral,chamber,88.23,E0038469,E0038470,1,below 90 deg - G203-p30,purpose-made chamber with a swept/curved channel. NOT a bend chamber: the user refused that on 2026-08-20 (~200 chambers for no construction benefit)
N0016233,P0-M-MH16233,455598.83,2568447.969,main,junction,88.24,E0017041,E0015474,2,below 90 deg - G203-p30,purpose-made chamber with a swept/curved channel. NOT a bend chamber: the user refused that on 2026-08-20 (~200 chambers for no construction benefit)
N0048491,P0-L-MH48491,445658.404,2568816.6,lateral,junction,88.24,E0047854,E0047732,2,below 90 deg - G203-p30,purpose-made chamber with a swept/curved channel. NOT a bend chamber: the user refused that on 2026-08-20 (~200 chambers for no construction benefit)
N0027948,P0-SM-MH27948,455042.058,2573301.063,sub main,chamber,88.24,E0027188,E0027189,1,below 90 deg - G203-p30,purpose-made chamber with a swept/curved channel. NOT a bend chamber: the user refused that on 2026-08-20 (~200 chambers for no construction benefit)
N0021103,P0-M-MH21103,463720.631,2577775.894,main,chamber,88.25,E0020343,E0020344,1,below 90 deg - G203-p30,purpose-made chamber with a swept/curved channel. NOT a bend chamber: the user refused that on 2026-08-20 (~200 chambers for no construction benefit)
N0020600,P0-M-MH20600,454448.149,2574912.365,main,chamber,88.25,E0019840,E0019841,1,below 90 deg - G203-p30,purpose-made chamber with a swept/curved channel. NOT a bend chamber: the user refused that on 2026-08-20 (~200 chambers for no construction benefit)
N0045957,P0-M-MH45957,462736.894,2570255.323,main,junction,88.26,E0045544,E0045198,2,below 90 deg - G203-p30,purpose-made chamber with a swept/curved channel. NOT a bend chamber: the user refused that on 2026-08-20 (~200 chambers for no construction benefit)
N0031133,P0-L-MH31133,451253.039,2568437.878,lateral,junction,88.26,E0031914,E0030374,2,below 90 deg - G203-p30,purpose-made chamber with a swept/curved channel. NOT a bend chamber: the user refused that on 2026-08-20 (~200 chambers for no construction benefit)
N0013735,P0-L-MH13735,455619.645,2574363.739,lateral,junction,88.26,E0014774,E0012976,2,below 90 deg - G203-p30,purpose-made chamber with a swept/curved channel. NOT a bend chamber: the user refused that on 2026-08-20 (~200 chambers for no construction benefit)
N0036628,P0-L-MH36628,447598.316,2565439.342,lateral,chamber,88.26,E0035868,E0035869,1,below 90 deg - G203-p30,purpose-made chamber with a swept/curved channel. NOT a bend chamber: the user refused that on 2026-08-20 (~200 chambers for no construction benefit)
N0024429,P0-SM-MH24429,460653.642,2568518.029,sub main,junction,88.26,E0025375,E0023670,2,below 90 deg - G203-p30,purpose-made chamber with a swept/curved channel. NOT a bend chamber: the user refused that on 2026-08-20 (~200 chambers for no construction benefit)
N0015784,P0-L-MH15784,448662.701,2567532.61,lateral,junction,88.26,E0016646,E0015025,2,below 90 deg - G203-p30,purpose-made chamber with a swept/curved channel. NOT a bend chamber: the user refused that on 2026-08-20 (~200 chambers for no construction benefit)
N0034396,P0-L-MH34396,458650.459,2570335.213,lateral,junction,88.26,E0034956,E0033637,2,below 90 deg - G203-p30,purpose-made chamber with a swept/curved channel. NOT a bend chamber: the user refused that on 2026-08-20 (~200 chambers for no construction benefit)
N0014392,P0-L-MH14392,450052.584,2568252.084,lateral,junction,88.27,E0015396,E0013633,2,below 90 deg - G203-p30,purpose-made chamber with a swept/curved channel. NOT a bend chamber: the user refused that on 2026-08-20 (~200 chambers for no construction benefit)
N0019009,P0-M-MH19009,454317.406,2575034.907,main,junction,88.27,E0019799,E0018250,2,below 90 deg - G203-p30,purpose-made chamber with a swept/curved channel. NOT a bend chamber: the user refused that on 2026-08-20 (~200 chambers for no construction benefit)
N0040082,P0-L-MH40082,448897.915,2572970.595,lateral,chamber,88.27,E0039322,E0039323,1,below 90 deg - G203-p30,purpose-made chamber with a swept/curved channel. NOT a bend chamber: the user refused that on 2026-08-20 (~200 chambers for no construction benefit)
N0032045,P0-TM-MH32045,467881.418,2575826.333,trunk main,junction,88.27,E0032804,E0031286,2,below 90 deg - G203-p30,purpose-made chamber with a swept/curved channel. NOT a bend chamber: the user refused that on 2026-08-20 (~200 chambers for no construction benefit)
N0047601,P0-L-MH47601,446949.726,2568115.645,lateral,chamber,88.27,E0046841,E0046842,1,below 90 deg - G203-p30,purpose-made chamber with a swept/curved channel. NOT a bend chamber: the user refused that on 2026-08-20 (~200 chambers for no construction benefit)
N0019438,P0-L-MH19438,455719.801,2568705.836,lateral,chamber,88.27,E0018678,E0018679,1,below 90 deg - G203-p30,purpose-made chamber with a swept/curved channel. NOT a bend chamber: the user refused that on 2026-08-20 (~200 chambers for no construction benefit)
N0040353,P0-L-MH40353,450664.675,2568673.873,lateral,chamber,88.27,E0039593,E0039594,1,below 90 deg - G203-p30,purpose-made chamber with a swept/curved channel. NOT a bend chamber: the user refused that on 2026-08-20 (~200 chambers for no construction benefit)
N0003894,P0-L-MH3894,456940.523,2571925.274,lateral,junction,88.28,E0007308,E0003444,2,below 90 deg - G203-p30,purpose-made chamber with a swept/curved channel. NOT a bend chamber: the user refused that on 2026-08-20 (~200 chambers for no construction benefit)
N0041672,P0-M-MH41672,461498.749,2571058.721,main,junction,88.28,E0041771,E0040913,2,below 90 deg - G203-p30,purpose-made chamber with a swept/curved channel. NOT a bend chamber: the user refused that on 2026-08-20 (~200 chambers for no construction benefit)
N0029074,P0-L-MH29074,450428.37,2568545.882,lateral,chamber,88.28,E0028314,E0028315,1,below 90 deg - G203-p30,purpose-made chamber with a swept/curved channel. NOT a bend chamber: the user refused that on 2026-08-20 (~200 chambers for no construction benefit)
N0019064,P0-L-MH19064,447581.346,2567414.151,lateral,chamber,88.29,E0018304,E0018305,1,below 90 deg - G203-p30,purpose-made chamber with a swept/curved channel. NOT a bend chamber: the user refused that on 2026-08-20 (~200 chambers for no construction benefit)
N0048501,P0-SM-MH48501,444233.139,2568241.249,sub main,junction,88.29,E0047893,E0047742,2,below 90 deg - G203-p30,purpose-made chamber with a swept/curved channel. NOT a bend chamber: the user refused that on 2026-08-20 (~200 chambers for no construction benefit)
N0034929,P0-L-MH34929,447946.163,2572426.961,lateral,chamber,88.29,E0034169,E0034170,1,below 90 deg - G203-p30,purpose-made chamber with a swept/curved channel. NOT a bend chamber: the user refused that on 2026-08-20 (~200 chambers for no construction benefit)
N0042767,P0-M-MH42767,453694.717,2577605.401,main,junction,88.3,E0042797,E0042008,2,below 90 deg - G203-p30,purpose-made chamber with a swept/curved channel. NOT a bend chamber: the user refused that on 2026-08-20 (~200 chambers for no construction benefit)
N0012786,P0-L-MH12786,450535.441,2567884.79,lateral,chamber,88.3,E0012026,E0012027,1,below 90 deg - G203-p30,purpose-made chamber with a swept/curved channel. NOT a bend chamber: the user refused that on 2026-08-20 (~200 chambers for no construction benefit)
N0011214,P0-L-MH11214,441964.84,2568449.269,lateral,junction,88.31,E0012199,E0010455,2,below 90 deg - G203-p30,purpose-made chamber with a swept/curved channel. NOT a bend chamber: the user refused that on 2026-08-20 (~200 chambers for no construction benefit)
N0045110,P0-L-MH45110,448146.629,2568024.484,lateral,chamber,88.31,E0044350,E0044351,1,below 90 deg - G203-p30,purpose-made chamber with a swept/curved channel. NOT a bend chamber: the user refused that on 2026-08-20 (~200 chambers for no construction benefit)
N0041381,P0-L-MH41381,445731.915,2565343.143,lateral,chamber,88.31,E0040621,E0040622,1,below 90 deg - G203-p30,purpose-made chamber with a swept/curved channel. NOT a bend chamber: the user refused that on 2026-08-20 (~200 chambers for no construction benefit)
N0000675,P0-SM-MH0675,450093.838,2569981.249,sub main,junction,88.31,E0005782,E0000608,3,below 90 deg - G203-p30,purpose-made chamber with a swept/curved channel. NOT a bend chamber: the user refused that on 2026-08-20 (~200 chambers for no construction benefit)
N0018130,P0-L-MH18130,442377.598,2565888.395,lateral,chamber,88.31,E0018972,E0017371,1,below 90 deg - G203-p30,purpose-made chamber with a swept/curved channel. NOT a bend chamber: the user refused that on 2026-08-20 (~200 chambers for no construction benefit)
N0028896,P0-M-MH28896,460152.975,2578536.222,main,junction,88.32,E0029806,E0028137,2,below 90 deg - G203-p30,purpose-made chamber with a swept/curved channel. NOT a bend chamber: the user refused that on 2026-08-20 (~200 chambers for no construction benefit)
N0037883,P0-L-MH37883,447410.043,2566301.28,lateral,chamber,88.33,E0037123,E0037124,1,below 90 deg - G203-p30,purpose-made chamber with a swept/curved channel. NOT a bend chamber: the user refused that on 2026-08-20 (~200 chambers for no construction benefit)
N0025686,P0-L-MH25686,450172.688,2568446.713,lateral,chamber,88.33,E0024926,E0024927,1,below 90 deg - G203-p30,purpose-made chamber with a swept/curved channel. NOT a bend chamber: the user refused that on 2026-08-20 (~200 chambers for no construction benefit)
N0041149,P0-L-MH41149,447303.43,2566607.466,lateral,junction,88.33,E0041360,E0040390,2,below 90 deg - G203-p30,purpose-made chamber with a swept/curved channel. NOT a bend chamber: the user refused that on 2026-08-20 (~200 chambers for no construction benefit)
N0016132,P0-SM-MH16132,453135.24,2567566.817,sub main,junction,88.33,E0016931,E0015373,2,below 90 deg - G203-p30,purpose-made chamber with a swept/curved channel. NOT a bend chamber: the user refused that on 2026-08-20 (~200 chambers for no construction benefit)
N0012400,P0-L-MH12400,448282.546,2567633.498,lateral,chamber,88.34,E0011640,E0011641,1,below 90 deg - G203-p30,purpose-made chamber with a swept/curved channel. NOT a bend chamber: the user refused that on 2026-08-20 (~200 chambers for no construction benefit)
N0037031,P0-SM-MH37031,461815.013,2569405.084,sub main,junction,88.35,E0037525,E0036272,2,below 90 deg - G203-p30,purpose-made chamber with a swept/curved channel. NOT a bend chamber: the user refused that on 2026-08-20 (~200 chambers for no construction benefit)
N0010432,P0-L-MH10432,457781.059,2577034.18,lateral,chamber,88.35,E0009672,E0009673,1,below 90 deg - G203-p30,purpose-made chamber with a swept/curved channel. NOT a bend chamber: the user refused that on 2026-08-20 (~200 chambers for no construction benefit)
N0043312,P0-L-MH43312,456128.869,2571134.84,lateral,junction,88.35,E0043188,E0042553,2,below 90 deg - G203-p30,purpose-made chamber with a swept/curved channel. NOT a bend chamber: the user refused that on 2026-08-20 (~200 chambers for no construction benefit)
N0021040,P0-L-MH21040,445734.368,2566598.81,lateral,junction,88.36,E0022112,E0020281,2,below 90 deg - G203-p30,purpose-made chamber with a swept/curved channel. NOT a bend chamber: the user refused that on 2026-08-20 (~200 chambers for no construction benefit)
N0013862,P0-L-MH13862,446217.077,2564409.971,lateral,junction,88.36,E0014889,E0013103,2,below 90 deg - G203-p30,purpose-made chamber with a swept/curved channel. NOT a bend chamber: the user refused that on 2026-08-20 (~200 chambers for no construction benefit)
N0043952,P0-L-MH43952,456262.378,2571313.46,lateral,junction,88.36,E0043803,E0043193,2,below 90 deg - G203-p30,purpose-made chamber with a swept/curved channel. NOT a bend chamber: the user refused that on 2026-08-20 (~200 chambers for no construction benefit)
N0019059,P0-L-MH19059,447361.197,2567234.87,lateral,chamber,88.37,E0018299,E0018300,1,below 90 deg - G203-p30,purpose-made chamber with a swept/curved channel. NOT a bend chamber: the user refused that on 2026-08-20 (~200 chambers for no construction benefit)
N0039821,P0-L-MH39821,453533.046,2574313.048,lateral,chamber,88.38,E0039061,E0039062,1,below 90 deg - G203-p30,purpose-made chamber with a swept/curved channel. NOT a bend chamber: the user refused that on 2026-08-20 (~200 chambers for no construction benefit)
N0043453,P0-L-MH43453,453770.192,2575553.212,lateral,junction,88.39,E0043331,E0042694,2,below 90 deg - G203-p30,purpose-made chamber with a swept/curved channel. NOT a bend chamber: the user refused that on 2026-08-20 (~200 chambers for no construction benefit)
N0007993,P0-L-MH7993,446467.183,2564765.822,lateral,junction,88.4,E0009685,E0007234,2,below 90 deg - G203-p30,purpose-made chamber with a swept/curved channel. NOT a bend chamber: the user refused that on 2026-08-20 (~200 chambers for no construction benefit)
N0031124,P0-SM-MH31124,448186.019,2570048.215,sub main,junction,88.4,E0031885,E0030365,2,below 90 deg - G203-p30,purpose-made chamber with a swept/curved channel. NOT a bend chamber: the user refused that on 2026-08-20 (~200 chambers for no construction benefit)
N0012536,P0-SM-MH12536,452997.798,2567302.896,sub main,junction,88.41,E0013811,E0011777,3,below 90 deg - G203-p30,purpose-made chamber with a swept/curved channel. NOT a bend chamber: the user refused that on 2026-08-20 (~200 chambers for no construction benefit)
N0024054,P0-L-MH24054,474364.395,2571915.665,lateral,chamber,88.41,E0024967,E0023295,1,below 90 deg - G203-p30,purpose-made chamber with a swept/curved channel. NOT a bend chamber: the user refused that on 2026-08-20 (~200 chambers for no construction benefit)
N0045663,P0-M-MH45663,441757.598,2565560.395,main,junction,88.42,E0045309,E0044904,2,below 90 deg - G203-p30,purpose-made chamber with a swept/curved channel. NOT a bend chamber: the user refused that on 2026-08-20 (~200 chambers for no construction benefit)
N0022190,P0-L-MH22190,460954.143,2578910.394,lateral,chamber,88.43,E0021430,E0021431,1,below 90 deg - G203-p30,purpose-made chamber with a swept/curved channel. NOT a bend chamber: the user refused that on 2026-08-20 (~200 chambers for no construction benefit)
N0043427,P0-L-MH43427,458051.61,2571845.049,lateral,chamber,88.43,E0042667,E0042668,1,below 90 deg - G203-p30,purpose-made chamber with a swept/curved channel. NOT a bend chamber: the user refused that on 2026-08-20 (~200 chambers for no construction benefit)
N0038616,P0-L-MH38616,456960.803,2571629.185,lateral,chamber,88.43,E0037856,E0037857,1,below 90 deg - G203-p30,purpose-made chamber with a swept/curved channel. NOT a bend chamber: the user refused that on 2026-08-20 (~200 chambers for no construction benefit)
N0037401,P0-L-MH37401,456851.064,2571873.275,lateral,chamber,88.43,E0036641,E0036642,1,below 90 deg - G203-p30,purpose-made chamber with a swept/curved channel. NOT a bend chamber: the user refused that on 2026-08-20 (~200 chambers for no construction benefit)
N0010838,P0-L-MH10838,446265.923,2567365.373,lateral,chamber,88.44,E0010078,E0010079,1,below 90 deg - G203-p30,purpose-made chamber with a swept/curved channel. NOT a bend chamber: the user refused that on 2026-08-20 (~200 chambers for no construction benefit)
N0020172,P0-SM-MH20172,448467.062,2572270.758,sub main,junction,88.44,E0021015,E0019413,2,below 90 deg - G203-p30,purpose-made chamber with a swept/curved channel. NOT a bend chamber: the user refused that on 2026-08-20 (~200 chambers for no construction benefit)
N0037941,P0-L-MH37941,446689.974,2565742.633,lateral,junction,88.44,E0038403,E0037182,2,below 90 deg - G203-p30,purpose-made chamber with a swept/curved channel. NOT a bend chamber: the user refused that on 2026-08-20 (~200 chambers for no construction benefit)
N0047188,P0-L-MH47188,461372.837,2576147.135,lateral,chamber,88.44,E0046428,E0046429,1,below 90 deg - G203-p30,purpose-made chamber with a swept/curved channel. NOT a bend chamber: the user refused that on 2026-08-20 (~200 chambers for no construction benefit)
N0039839,P0-L-MH39839,450317.764,2567376.282,lateral,chamber,88.44,E0039079,E0039080,1,below 90 deg - G203-p30,purpose-made chamber with a swept/curved channel. NOT a bend chamber: the user refused that on 2026-08-20 (~200 chambers for no construction benefit)
N0044718,P0-L-MH44718,454338.664,2576224.779,lateral,junction,88.44,E0044511,E0043959,3,below 90 deg - G203-p30,purpose-made chamber with a swept/curved channel. NOT a bend chamber: the user refused that on 2026-08-20 (~200 chambers for no construction benefit)
N0034434,P0-M-MH34434,456069.094,2572284.296,main,junction,88.44,E0035021,E0033675,2,below 90 deg - G203-p30,purpose-made chamber with a swept/curved channel. NOT a bend chamber: the user refused that on 2026-08-20 (~200 chambers for no construction benefit)
N0026090,P0-SM-MH26090,459803.463,2570268.711,sub main,junction,88.45,E0027206,E0025331,2,below 90 deg - G203-p30,purpose-made chamber with a swept/curved channel. NOT a bend chamber: the user refused that on 2026-08-20 (~200 chambers for no construction benefit)
N0006530,P0-M-MH6530,442128.489,2568807.492,main,junction,88.45,E0008434,E0005771,2,below 90 deg - G203-p30,purpose-made chamber with a swept/curved channel. NOT a bend chamber: the user refused that on 2026-08-20 (~200 chambers for no construction benefit)
N0038075,P0-L-MH38075,447933.381,2563735.653,lateral,chamber,88.45,E0037315,E0037316,1,below 90 deg - G203-p30,purpose-made chamber with a swept/curved channel. NOT a bend chamber: the user refused that on 2026-08-20 (~200 chambers for no construction benefit)
N0024470,P0-L-MH24470,454129.209,2567821.595,lateral,junction,88.46,E0025317,E0023711,2,below 90 deg - G203-p30,purpose-made chamber with a swept/curved channel. NOT a bend chamber: the user refused that on 2026-08-20 (~200 chambers for no construction benefit)
N0020629,P0-L-MH20629,458712.037,2577980.965,lateral,junction,88.46,E0021542,E0019870,2,below 90 deg - G203-p30,purpose-made chamber with a swept/curved channel. NOT a bend chamber: the user refused that on 2026-08-20 (~200 chambers for no construction benefit)
N0034095,P0-L-MH34095,461445.528,2568770.467,lateral,chamber,88.47,E0033335,E0033336,1,below 90 deg - G203-p30,purpose-made chamber with a swept/curved channel. NOT a bend chamber: the user refused that on 2026-08-20 (~200 chambers for no construction benefit)
N0015799,P0-L-MH15799,450319.811,2569501.312,lateral,junction,88.47,E0016619,E0015040,2,below 90 deg - G203-p30,purpose-made chamber with a swept/curved channel. NOT a bend chamber: the user refused that on 2026-08-20 (~200 chambers for no construction benefit)
N0008782,P0-TM-MH8782,450078.56,2569547.601,trunk main,junction,88.47,E0009885,E0008023,3,below 90 deg - G203-p30,purpose-made chamber with a swept/curved channel. NOT a bend chamber: the user refused that on 2026-08-20 (~200 chambers for no construction benefit)
N0029066,P0-M-MH29066,474383.922,2574357.696,main,junction,88.47,E0030065,E0028307,2,below 90 deg - G203-p30,purpose-made chamber with a swept/curved channel. NOT a bend chamber: the user refused that on 2026-08-20 (~200 chambers for no construction benefit)
N0010271,P0-M-MH10271,456986.452,2576471.963,main,chamber,88.48,E0009511,E0009512,1,below 90 deg - G203-p30,purpose-made chamber with a swept/curved channel. NOT a bend chamber: the user refused that on 2026-08-20 (~200 chambers for no construction benefit)
N0017486,P0-L-MH17486,453488.056,2567239.103,lateral,junction,88.48,E0018332,E0016727,2,below 90 deg - G203-p30,purpose-made chamber with a swept/curved channel. NOT a bend chamber: the user refused that on 2026-08-20 (~200 chambers for no construction benefit)
N0014193,P0-L-MH14193,450293.574,2569746.464,lateral,junction,88.48,E0015126,E0013434,2,below 90 deg - G203-p30,purpose-made chamber with a swept/curved channel. NOT a bend chamber: the user refused that on 2026-08-20 (~200 chambers for no construction benefit)
N0009875,P0-SM-MH9875,448580.605,2570774.013,sub main,chamber,88.49,E0009115,E0009116,1,below 90 deg - G203-p30,purpose-made chamber with a swept/curved channel. NOT a bend chamber: the user refused that on 2026-08-20 (~200 chambers for no construction benefit)
N0023118,P0-L-MH23118,461923.257,2578259.387,lateral,chamber,88.49,E0022358,E0022359,1,below 90 deg - G203-p30,purpose-made chamber with a swept/curved channel. NOT a bend chamber: the user refused that on 2026-08-20 (~200 chambers for no construction benefit)
N0016428,P0-L-MH16428,450601.278,2569953.754,lateral,chamber,88.5,E0015668,E0015669,1,below 90 deg - G203-p30,purpose-made chamber with a swept/curved channel. NOT a bend chamber: the user refused that on 2026-08-20 (~200 chambers for no construction benefit)
N0034134,P0-SM-MH34134,461459.342,2569223.381,sub main,chamber,88.5,E0033374,E0033375,1,below 90 deg - G203-p30,purpose-made chamber with a swept/curved channel. NOT a bend chamber: the user refused that on 2026-08-20 (~200 chambers for no construction benefit)
N0022741,P0-M-MH22741,449072.563,2570284.785,main,junction,88.51,E0023758,E0021982,2,below 90 deg - G203-p30,purpose-made chamber with a swept/curved channel. NOT a bend chamber: the user refused that on 2026-08-20 (~200 chambers for no construction benefit)
N0018914,P0-TM-MH18914,459382.109,2578313.373,trunk main,junction,88.51,E0019726,E0018155,2,below 90 deg - G203-p30,purpose-made chamber with a swept/curved channel. NOT a bend chamber: the user refused that on 2026-08-20 (~200 chambers for no construction benefit)
N0045470,P0-L-MH45470,448417.028,2566087.336,lateral,junction,88.52,E0045164,E0044711,2,below 90 deg - G203-p30,purpose-made chamber with a swept/curved channel. NOT a bend chamber: the user refused that on 2026-08-20 (~200 chambers for no construction benefit)
N0044355,P0-SM-MH44355,448308.227,2566025.779,sub main,junction,88.52,E0044223,E0043596,2,below 90 deg - G203-p30,purpose-made chamber with a swept/curved channel. NOT a bend chamber: the user refused that on 2026-08-20 (~200 chambers for no construction benefit)
N0047239,P0-L-MH47239,446700.644,2567908.463,lateral,chamber,88.52,E0046479,E0046480,1,below 90 deg - G203-p30,purpose-made chamber with a swept/curved channel. NOT a bend chamber: the user refused that on 2026-08-20 (~200 chambers for no construction benefit)
N0009285,P0-L-MH9285,454755.6,2567485.182,lateral,chamber,88.52,E0008525,E0008526,1,below 90 deg - G203-p30,purpose-made chamber with a swept/curved channel. NOT a bend chamber: the user refused that on 2026-08-20 (~200 chambers for no construction benefit)
N0041779,P0-M-MH41779,442190.668,2564992.357,main,junction,88.52,E0041879,E0041020,2,below 90 deg - G203-p30,purpose-made chamber with a swept/curved channel. NOT a bend chamber: the user refused that on 2026-08-20 (~200 chambers for no construction benefit)
N0015540,P0-M-MH15540,464383.521,2566453.923,main,junction,88.52,E0016453,E0014781,2,below 90 deg - G203-p30,purpose-made chamber with a swept/curved channel. NOT a bend chamber: the user refused that on 2026-08-20 (~200 chambers for no construction benefit)
N0036695,P0-SM-MH36695,447873.588,2564352.211,sub main,junction,88.52,E0037272,E0035936,2,below 90 deg - G203-p30,purpose-made chamber with a swept/curved channel. NOT a bend chamber: the user refused that on 2026-08-20 (~200 chambers for no construction benefit)
N0038187,P0-M-MH38187,454430.458,2569951.097,main,junction,88.52,E0038666,E0037428,2,below 90 deg - G203-p30,purpose-made chamber with a swept/curved channel. NOT a bend chamber: the user refused that on 2026-08-20 (~200 chambers for no construction benefit)
N0021704,P0-L-MH21704,447408.039,2572336.612,lateral,chamber,88.52,E0022792,E0020945,1,below 90 deg - G203-p30,purpose-made chamber with a swept/curved channel. NOT a bend chamber: the user refused that on 2026-08-20 (~200 chambers for no construction benefit)
N0045922,P0-L-MH45922,448443.589,2566199.684,lateral,chamber,88.52,E0045162,E0045163,1,below 90 deg - G203-p30,purpose-made chamber with a swept/curved channel. NOT a bend chamber: the user refused that on 2026-08-20 (~200 chambers for no construction benefit)
N0023456,P0-L-MH23456,458411.208,2568157.318,lateral,chamber,88.53,E0022696,E0022697,1,below 90 deg - G203-p30,purpose-made chamber with a swept/curved channel. NOT a bend chamber: the user refused that on 2026-08-20 (~200 chambers for no construction benefit)
N0024498,P0-L-MH24498,453882.537,2573139.588,lateral,chamber,88.53,E0023738,E0023739,1,below 90 deg - G203-p30,purpose-made chamber with a swept/curved channel. NOT a bend chamber: the user refused that on 2026-08-20 (~200 chambers for no construction benefit)
N0045649,P0-SM-MH45649,447474.575,2567570.392,sub main,junction,88.53,E0045292,E0044890,2,below 90 deg - G203-p30,purpose-made chamber with a swept/curved channel. NOT a bend chamber: the user refused that on 2026-08-20 (~200 chambers for no construction benefit)
N0028436,P0-SM-MH28436,449901.14,2566349.754,sub main,junction,88.55,E0029288,E0027677,2,below 90 deg - G203-p30,purpose-made chamber with a swept/curved channel. NOT a bend chamber: the user refused that on 2026-08-20 (~200 chambers for no construction benefit)
N0006659,P0-L-MH6659,457243.809,2569135.638,lateral,junction,88.55,E0008569,E0005900,2,below 90 deg - G203-p30,purpose-made chamber with a swept/curved channel. NOT a bend chamber: the user refused that on 2026-08-20 (~200 chambers for no construction benefit)
N0037372,P0-L-MH37372,457094.465,2571523.411,lateral,chamber,88.56,E0036612,E0036613,1,below 90 deg - G203-p30,purpose-made chamber with a swept/curved channel. NOT a bend chamber: the user refused that on 2026-08-20 (~200 chambers for no construction benefit)
N0034590,P0-SM-MH34590,453230.031,2574439.264,sub main,junction,88.56,E0035294,E0033831,2,below 90 deg - G203-p30,purpose-made chamber with a swept/curved channel. NOT a bend chamber: the user refused that on 2026-08-20 (~200 chambers for no construction benefit)
N0041679,P0-M-MH41679,455755.713,2571212.542,main,junction,88.56,E0041783,E0040920,2,below 90 deg - G203-p30,purpose-made chamber with a swept/curved channel. NOT a bend chamber: the user refused that on 2026-08-20 (~200 chambers for no construction benefit)
N0041735,P0-M-MH41735,444207.886,2559323.891,main,junction,88.56,E0041856,E0040976,3,below 90 deg - G203-p30,purpose-made chamber with a swept/curved channel. NOT a bend chamber: the user refused that on 2026-08-20 (~200 chambers for no construction benefit)
N0014540,P0-M-MH14540,469943.451,2575276.979,main,chamber,88.57,E0013780,E0013781,1,below 90 deg - G203-p30,purpose-made chamber with a swept/curved channel. NOT a bend chamber: the user refused that on 2026-08-20 (~200 chambers for no construction benefit)
N0002735,P0-L-MH2735,448719.076,2565810.469,lateral,junction,88.57,E0007107,E0002447,2,below 90 deg - G203-p30,purpose-made chamber with a swept/curved channel. NOT a bend chamber: the user refused that on 2026-08-20 (~200 chambers for no construction benefit)
N0037393,P0-L-MH37393,457640.367,2570844.487,lateral,chamber,88.57,E0036633,E0036634,1,below 90 deg - G203-p30,purpose-made chamber with a swept/curved channel. NOT a bend chamber: the user refused that on 2026-08-20 (~200 chambers for no construction benefit)
N0035785,P0-L-MH35785,459513.287,2571512.994,lateral,chamber,88.58,E0035025,E0035026,1,below 90 deg - G203-p30,purpose-made chamber with a swept/curved channel. NOT a bend chamber: the user refused that on 2026-08-20 (~200 chambers for no construction benefit)
N0007892,P0-L-MH7892,447476.952,2567359.903,lateral,junction,88.58,E0009664,E0007133,2,below 90 deg - G203-p30,purpose-made chamber with a swept/curved channel. NOT a bend chamber: the user refused that on 2026-08-20 (~200 chambers for no construction benefit)
N0049262,P0-M-MH49262,444306.29,2569397.074,main,junction,88.58,E0048625,E0048503,2,below 90 deg - G203-p30,purpose-made chamber with a swept/curved channel. NOT a bend chamber: the user refused that on 2026-08-20 (~200 chambers for no construction benefit)
N0016508,P0-M-MH16508,442978.009,2568013.384,main,junction,88.59,E0017258,E0015749,2,below 90 deg - G203-p30,purpose-made chamber with a swept/curved channel. NOT a bend chamber: the user refused that on 2026-08-20 (~200 chambers for no construction benefit)
N0030609,P0-L-MH30609,446786.721,2564593.919,lateral,chamber,88.59,E0029849,E0029850,1,below 90 deg - G203-p30,purpose-made chamber with a swept/curved channel. NOT a bend chamber: the user refused that on 2026-08-20 (~200 chambers for no construction benefit)
N0033593,P0-L-MH33593,446953.086,2565213.618,lateral,junction,88.59,E0034345,E0032834,2,below 90 deg - G203-p30,purpose-made chamber with a swept/curved channel. NOT a bend chamber: the user refused that on 2026-08-20 (~200 chambers for no construction benefit)
N0046407,P0-L-MH46407,447784.072,2568431.618,lateral,chamber,88.59,E0045647,E0045648,1,below 90 deg - G203-p30,purpose-made chamber with a swept/curved channel. NOT a bend chamber: the user refused that on 2026-08-20 (~200 chambers for no construction benefit)
N0033287,P0-L-MH33287,451225.082,2562617.143,lateral,chamber,88.59,E0032527,E0032528,1,below 90 deg - G203-p30,purpose-made chamber with a swept/curved channel. NOT a bend chamber: the user refused that on 2026-08-20 (~200 chambers for no construction benefit)
N0021194,P0-M-MH21194,445318.864,2566643.023,main,junction,88.6,E0022240,E0020435,2,below 90 deg - G203-p30,purpose-made chamber with a swept/curved channel. NOT a bend chamber: the user refused that on 2026-08-20 (~200 chambers for no construction benefit)
N0047020,P0-L-MH47020,446690.425,2567826.886,lateral,junction,88.6,E0046480,E0046261,2,below 90 deg - G203-p30,purpose-made chamber with a swept/curved channel. NOT a bend chamber: the user refused that on 2026-08-20 (~200 chambers for no construction benefit)
N0008854,P0-L-MH8854,453769.586,2574283.254,lateral,junction,88.6,E0009876,E0008095,2,below 90 deg - G203-p30,purpose-made chamber with a swept/curved channel. NOT a bend chamber: the user refused that on 2026-08-20 (~200 chambers for no construction benefit)
N0022232,P0-L-MH22232,452815.775,2572565.513,lateral,junction,88.6,E0023274,E0021473,2,below 90 deg - G203-p30,purpose-made chamber with a swept/curved channel. NOT a bend chamber: the user refused that on 2026-08-20 (~200 chambers for no construction benefit)
N0012425,P0-L-MH12425,449046.442,2568078.196,lateral,junction,88.6,E0013615,E0011666,2,below 90 deg - G203-p30,purpose-made chamber with a swept/curved channel. NOT a bend chamber: the user refused that on 2026-08-20 (~200 chambers for no construction benefit)
N0023618,P0-M-MH23618,448495.415,2572337.394,main,junction,88.61,E0024525,E0022859,2,below 90 deg - G203-p30,purpose-made chamber with a swept/curved channel. NOT a bend chamber: the user refused that on 2026-08-20 (~200 chambers for no construction benefit)
N0011137,P0-SM-MH11137,455298.811,2568216.852,sub main,junction,88.62,E0011973,E0010378,2,below 90 deg - G203-p30,purpose-made chamber with a swept/curved channel. NOT a bend chamber: the user refused that on 2026-08-20 (~200 chambers for no construction benefit)
N0026080,P0-L-MH26080,448920.363,2569387.74,lateral,junction,88.62,E0027146,E0025321,2,below 90 deg - G203-p30,purpose-made chamber with a swept/curved channel. NOT a bend chamber: the user refused that on 2026-08-20 (~200 chambers for no construction benefit)
N0042376,P0-L-MH42376,454413.005,2570466.905,lateral,junction,88.62,E0042373,E0041617,2,below 90 deg - G203-p30,purpose-made chamber with a swept/curved channel. NOT a bend chamber: the user refused that on 2026-08-20 (~200 chambers for no construction benefit)
N0029210,P0-L-MH29210,453549.153,2572202.912,lateral,junction,88.62,E0030204,E0028451,2,below 90 deg - G203-p30,purpose-made chamber with a swept/curved channel. NOT a bend chamber: the user refused that on 2026-08-20 (~200 chambers for no construction benefit)
N0021225,P0-L-MH21225,451687.665,2569536.837,lateral,junction,88.63,E0022331,E0020466,3,below 90 deg - G203-p30,purpose-made chamber with a swept/curved channel. NOT a bend chamber: the user refused that on 2026-08-20 (~200 chambers for no construction benefit)
N0034922,P0-M-MH34922,447992.383,2572682.903,main,junction,88.63,E0035613,E0034163,2,below 90 deg - G203-p30,purpose-made chamber with a swept/curved channel. NOT a bend chamber: the user refused that on 2026-08-20 (~200 chambers for no construction benefit)
N0012274,P0-SM-MH12274,449893.536,2569557.079,sub main,junction,88.63,E0013602,E0011515,2,below 90 deg - G203-p30,purpose-made chamber with a swept/curved channel. NOT a bend chamber: the user refused that on 2026-08-20 (~200 chambers for no construction benefit)
N0036660,P0-M-MH36660,450626.3,2568546.778,main,junction,88.63,E0037252,E0035901,2,below 90 deg - G203-p30,purpose-made chamber with a swept/curved channel. NOT a bend chamber: the user refused that on 2026-08-20 (~200 chambers for no construction benefit)
N0040287,P0-L-MH40287,447797.134,2565762.336,lateral,chamber,88.64,E0039527,E0039528,1,below 90 deg - G203-p30,purpose-made chamber with a swept/curved channel. NOT a bend chamber: the user refused that on 2026-08-20 (~200 chambers for no construction benefit)
N0027215,P0-M-MH27215,447931.605,2571326.013,main,junction,88.66,E0028044,E0026456,2,below 90 deg - G203-p30,purpose-made chamber with a swept/curved channel. NOT a bend chamber: the user refused that on 2026-08-20 (~200 chambers for no construction benefit)
N0023972,P0-M-MH23972,464855.457,2577491.905,main,junction,88.66,E0025074,E0023213,2,below 90 deg - G203-p30,purpose-made chamber with a swept/curved channel. NOT a bend chamber: the user refused that on 2026-08-20 (~200 chambers for no construction benefit)
N0036627,P0-L-MH36627,447582.05,2565490.325,lateral,junction,88.66,E0037219,E0035868,2,below 90 deg - G203-p30,purpose-made chamber with a swept/curved channel. NOT a bend chamber: the user refused that on 2026-08-20 (~200 chambers for no construction benefit)
N0017532,P0-L-MH17532,450422.415,2570560.545,lateral,junction,88.66,E0018371,E0016773,2,below 90 deg - G203-p30,purpose-made chamber with a swept/curved channel. NOT a bend chamber: the user refused that on 2026-08-20 (~200 chambers for no construction benefit)
N0038444,P0-M-MH38444,460144.501,2571247.488,main,chamber,88.66,E0037684,E0037685,1,below 90 deg - G203-p30,purpose-made chamber with a swept/curved channel. NOT a bend chamber: the user refused that on 2026-08-20 (~200 chambers for no construction benefit)
N0006841,P0-L-MH6841,446394.717,2557830.498,lateral,chamber,88.67,E0006081,E0006082,1,below 90 deg - G203-p30,purpose-made chamber with a swept/curved channel. NOT a bend chamber: the user refused that on 2026-08-20 (~200 chambers for no construction benefit)
N0034810,P0-L-MH34810,451612.67,2562583.252,lateral,junction,88.67,E0035482,E0034051,2,below 90 deg - G203-p30,purpose-made chamber with a swept/curved channel. NOT a bend chamber: the user refused that on 2026-08-20 (~200 chambers for no construction benefit)
N0049321,P0-SM-MH49321,440559.699,2570416.492,sub main,junction,88.67,E0048675,E0048562,2,below 90 deg - G203-p30,purpose-made chamber with a swept/curved channel. NOT a bend chamber: the user refused that on 2026-08-20 (~200 chambers for no construction benefit)
N0015905,P0-SM-MH15905,474608.174,2571895.643,sub main,junction,88.67,E0016711,E0015146,2,below 90 deg - G203-p30,purpose-made chamber with a swept/curved channel. NOT a bend chamber: the user refused that on 2026-08-20 (~200 chambers for no construction benefit)
N0029171,P0-L-MH29171,453869.859,2573289.556,lateral,chamber,88.68,E0028411,E0028412,1,below 90 deg - G203-p30,purpose-made chamber with a swept/curved channel. NOT a bend chamber: the user refused that on 2026-08-20 (~200 chambers for no construction benefit)
N0020650,P0-SM-MH20650,445369.056,2562703.984,sub main,junction,88.68,E0021578,E0019891,2,below 90 deg - G203-p30,purpose-made chamber with a swept/curved channel. NOT a bend chamber: the user refused that on 2026-08-20 (~200 chambers for no construction benefit)
N0030546,P0-M-MH30546,446857.285,2565366.599,main,chamber,88.68,E0029786,E0029787,1,below 90 deg - G203-p30,purpose-made chamber with a swept/curved channel. NOT a bend chamber: the user refused that on 2026-08-20 (~200 chambers for no construction benefit)
N0038384,P0-L-MH38384,448354.29,2568106.602,lateral,chamber,88.68,E0037624,E0037625,1,below 90 deg - G203-p30,purpose-made chamber with a swept/curved channel. NOT a bend chamber: the user refused that on 2026-08-20 (~200 chambers for no construction benefit)
N0039568,P0-M-MH39568,460276.632,2571279.27,main,junction,88.69,E0039925,E0038809,2,below 90 deg - G203-p30,purpose-made chamber with a swept/curved channel. NOT a bend chamber: the user refused that on 2026-08-20 (~200 chambers for no construction benefit)
N0019166,P0-M-MH19166,452500.934,2572493.59,main,chamber,88.69,E0018406,E0018407,1,below 90 deg - G203-p30,purpose-made chamber with a swept/curved channel. NOT a bend chamber: the user refused that on 2026-08-20 (~200 chambers for no construction benefit)
N0043347,P0-L-MH43347,460506.56,2571601.692,lateral,chamber,88.7,E0042587,E0042588,1,below 90 deg - G203-p30,purpose-made chamber with a swept/curved channel. NOT a bend chamber: the user refused that on 2026-08-20 (~200 chambers for no construction benefit)
N0037873,P0-M-MH37873,447420.995,2566542.413,main,junction,88.7,E0038313,E0037114,2,below 90 deg - G203-p30,purpose-made chamber with a swept/curved channel. NOT a bend chamber: the user refused that on 2026-08-20 (~200 chambers for no construction benefit)
N0028080,P0-SM-MH28080,454369.2,2571526.335,sub main,junction,88.7,E0028861,E0027321,2,below 90 deg - G203-p30,purpose-made chamber with a swept/curved channel. NOT a bend chamber: the user refused that on 2026-08-20 (~200 chambers for no construction benefit)
N0032638,P0-L-MH32638,461301.312,2569287.419,lateral,junction,88.7,E0033317,E0031879,2,below 90 deg - G203-p30,purpose-made chamber with a swept/curved channel. NOT a bend chamber: the user refused that on 2026-08-20 (~200 chambers for no construction benefit)
N0009198,P0-M-MH9198,471931.695,2573669.339,main,junction,88.7,E0010288,E0008439,2,below 90 deg - G203-p30,purpose-made chamber with a swept/curved channel. NOT a bend chamber: the user refused that on 2026-08-20 (~200 chambers for no construction benefit)
N0019531,P0-SM-MH19531,445390.503,2566684.989,sub main,junction,88.71,E0020480,E0018772,2,below 90 deg - G203-p30,purpose-made chamber with a swept/curved channel. NOT a bend chamber: the user refused that on 2026-08-20 (~200 chambers for no construction benefit)
N0001470,P0-M-MH1470,455893.838,2566828.075,main,junction,88.71,E0006497,E0001354,2,below 90 deg - G203-p30,purpose-made chamber with a swept/curved channel. NOT a bend chamber: the user refused that on 2026-08-20 (~200 chambers for no construction benefit)
N0029358,P0-M-MH29358,451244.977,2569158.996,main,chamber,88.71,E0028598,E0028599,1,below 90 deg - G203-p30,purpose-made chamber with a swept/curved channel. NOT a bend chamber: the user refused that on 2026-08-20 (~200 chambers for no construction benefit)
N0043253,P0-L-MH43253,454121.453,2570979.773,lateral,chamber,88.71,E0042493,E0042494,1,below 90 deg - G203-p30,purpose-made chamber with a swept/curved channel. NOT a bend chamber: the user refused that on 2026-08-20 (~200 chambers for no construction benefit)
N0000211,P0-TM-MH0211,450966.475,2567231.543,trunk main,junction,88.71,E0005559,E0000201,2,below 90 deg - G203-p30,purpose-made chamber with a swept/curved channel. NOT a bend chamber: the user refused that on 2026-08-20 (~200 chambers for no construction benefit)
N0036556,P0-M-MH36556,447298.745,2565675.257,main,junction,88.72,E0037147,E0035797,2,below 90 deg - G203-p30,purpose-made chamber with a swept/curved channel. NOT a bend chamber: the user refused that on 2026-08-20 (~200 chambers for no construction benefit)
N0006445,P0-M-MH6445,450150.751,2569085.66,main,junction,88.72,E0008533,E0005686,3,below 90 deg - G203-p30,purpose-made chamber with a swept/curved channel. NOT a bend chamber: the user refused that on 2026-08-20 (~200 chambers for no construction benefit)
N0014383,P0-M-MH14383,453820.072,2573757.225,main,junction,88.72,E0015312,E0013624,2,below 90 deg - G203-p30,purpose-made chamber with a swept/curved channel. NOT a bend chamber: the user refused that on 2026-08-20 (~200 chambers for no construction benefit)
N0037891,P0-M-MH37891,460402.085,2578620.95,main,junction,88.73,E0038346,E0037132,2,below 90 deg - G203-p30,purpose-made chamber with a swept/curved channel. NOT a bend chamber: the user refused that on 2026-08-20 (~200 chambers for no construction benefit)
N0033549,P0-TM-MH33549,468045.347,2575728.278,trunk main,junction,88.73,E0034302,E0032790,3,below 90 deg - G203-p30,purpose-made chamber with a swept/curved channel. NOT a bend chamber: the user refused that on 2026-08-20 (~200 chambers for no construction benefit)
N0032521,P0-SM-MH32521,454349.616,2569496.216,sub main,junction,88.73,E0033302,E0031762,2,below 90 deg - G203-p30,purpose-made chamber with a swept/curved channel. NOT a bend chamber: the user refused that on 2026-08-20 (~200 chambers for no construction benefit)
N0002060,P0-M-MH2060,464394.521,2566343.923,main,junction,88.73,E0006785,E0001868,2,below 90 deg - G203-p30,purpose-made chamber with a swept/curved channel. NOT a bend chamber: the user refused that on 2026-08-20 (~200 chambers for no construction benefit)
N0047395,P0-SM-MH47395,446621.121,2568800.992,sub main,chamber,88.73,E0046635,E0046636,1,below 90 deg - G203-p30,purpose-made chamber with a swept/curved channel. NOT a bend chamber: the user refused that on 2026-08-20 (~200 chambers for no construction benefit)
N0025000,P0-SM-MH25000,450790.438,2566933.126,sub main,chamber,88.73,E0024240,E0024241,1,below 90 deg - G203-p30,purpose-made chamber with a swept/curved channel. NOT a bend chamber: the user refused that on 2026-08-20 (~200 chambers for no construction benefit)
N0039320,P0-SM-MH39320,445661.786,2565208.469,sub main,junction,88.74,E0039644,E0038561,2,below 90 deg - G203-p30,purpose-made chamber with a swept/curved channel. NOT a bend chamber: the user refused that on 2026-08-20 (~200 chambers for no construction benefit)
N0047394,P0-SM-MH47394,446603.299,2568773.649,sub main,junction,88.74,E0046861,E0046635,2,below 90 deg - G203-p30,purpose-made chamber with a swept/curved channel. NOT a bend chamber: the user refused that on 2026-08-20 (~200 chambers for no construction benefit)
N0030148,P0-M-MH30148,451095.391,2562959.932,main,junction,88.74,E0030953,E0029389,2,below 90 deg - G203-p30,purpose-made chamber with a swept/curved channel. NOT a bend chamber: the user refused that on 2026-08-20 (~200 chambers for no construction benefit)
N0031713,P0-M-MH31713,451127.373,2562875.399,main,junction,88.74,E0032502,E0030954,2,below 90 deg - G203-p30,purpose-made chamber with a swept/curved channel. NOT a bend chamber: the user refused that on 2026-08-20 (~200 chambers for no construction benefit)
N0038397,P0-SM-MH38397,444469.912,2559672.706,sub main,junction,88.75,E0038944,E0037638,2,below 90 deg - G203-p30,purpose-made chamber with a swept/curved channel. NOT a bend chamber: the user refused that on 2026-08-20 (~200 chambers for no construction benefit)
N0031693,P0-L-MH31693,458932.118,2567920.335,lateral,junction,88.75,E0032426,E0030934,2,below 90 deg - G203-p30,purpose-made chamber with a swept/curved channel. NOT a bend chamber: the user refused that on 2026-08-20 (~200 chambers for no construction benefit)
N0043562,P0-SM-MH43562,460632.673,2580260.139,sub main,junction,88.75,E0043451,E0042803,2,below 90 deg - G203-p30,purpose-made chamber with a swept/curved channel. NOT a bend chamber: the user refused that on 2026-08-20 (~200 chambers for no construction benefit)
N0029105,P0-SM-MH29105,445878.005,2561525.815,sub main,junction,88.76,E0030099,E0028346,2,below 90 deg - G203-p30,purpose-made chamber with a swept/curved channel. NOT a bend chamber: the user refused that on 2026-08-20 (~200 chambers for no construction benefit)
N0040437,P0-L-MH40437,448555.118,2570215.306,lateral,chamber,88.77,E0039677,E0039678,1,below 90 deg - G203-p30,purpose-made chamber with a swept/curved channel. NOT a bend chamber: the user refused that on 2026-08-20 (~200 chambers for no construction benefit)
N0045293,P0-L-MH45293,454317.318,2576377.389,lateral,chamber,88.77,E0044533,E0044534,1,below 90 deg - G203-p30,purpose-made chamber with a swept/curved channel. NOT a bend chamber: the user refused that on 2026-08-20 (~200 chambers for no construction benefit)
N0028522,P0-SM-MH28522,451058.727,2563056.839,sub main,junction,88.77,E0029388,E0027763,2,below 90 deg - G203-p30,purpose-made chamber with a swept/curved channel. NOT a bend chamber: the user refused that on 2026-08-20 (~200 chambers for no construction benefit)
N0010652,P0-M-MH10652,450032.08,2568807.546,main,junction,88.77,E0011546,E0009893,2,below 90 deg - G203-p30,purpose-made chamber with a swept/curved channel. NOT a bend chamber: the user refused that on 2026-08-20 (~200 chambers for no construction benefit)
N0019520,P0-L-MH19520,458888.982,2569245.361,lateral,chamber,88.77,E0018760,E0018761,1,below 90 deg - G203-p30,purpose-made chamber with a swept/curved channel. NOT a bend chamber: the user refused that on 2026-08-20 (~200 chambers for no construction benefit)
N0035110,P0-L-MH35110,460384.642,2578009.315,lateral,junction,88.78,E0035880,E0034351,2,below 90 deg - G203-p30,purpose-made chamber with a swept/curved channel. NOT a bend chamber: the user refused that on 2026-08-20 (~200 chambers for no construction benefit)
N0029759,P0-SM-MH29759,446604.84,2560696.428,sub main,junction,88.78,E0030695,E0029000,2,below 90 deg - G203-p30,purpose-made chamber with a swept/curved channel. NOT a bend chamber: the user refused that on 2026-08-20 (~200 chambers for no construction benefit)
N0040735,P0-L-MH40735,456740.099,2571649.531,lateral,junction,88.78,E0040961,E0039976,2,below 90 deg - G203-p30,purpose-made chamber with a swept/curved channel. NOT a bend chamber: the user refused that on 2026-08-20 (~200 chambers for no construction benefit)
N0030011,P0-M-MH30011,462288.272,2579769.363,main,junction,88.78,E0030853,E0029252,2,below 90 deg - G203-p30,purpose-made chamber with a swept/curved channel. NOT a bend chamber: the user refused that on 2026-08-20 (~200 chambers for no construction benefit)
N0036614,P0-M-MH36614,447445.981,2564969.805,main,junction,88.78,E0037207,E0035855,2,below 90 deg - G203-p30,purpose-made chamber with a swept/curved channel. NOT a bend chamber: the user refused that on 2026-08-20 (~200 chambers for no construction benefit)
N0012348,P0-L-MH12348,460956.226,2578812.745,lateral,chamber,88.78,E0011588,E0011589,1,below 90 deg - G203-p30,purpose-made chamber with a swept/curved channel. NOT a bend chamber: the user refused that on 2026-08-20 (~200 chambers for no construction benefit)
N0036377,P0-L-MH36377,450947.254,2572164.626,lateral,junction,88.79,E0036996,E0035618,2,below 90 deg - G203-p30,purpose-made chamber with a swept/curved channel. NOT a bend chamber: the user refused that on 2026-08-20 (~200 chambers for no construction benefit)
N0019055,P0-L-MH19055,450514.267,2568215.705,lateral,junction,88.79,E0019868,E0018296,2,below 90 deg - G203-p30,purpose-made chamber with a swept/curved channel. NOT a bend chamber: the user refused that on 2026-08-20 (~200 chambers for no construction benefit)
N0039182,P0-M-MH39182,446634.243,2566240.633,main,junction,88.79,E0039559,E0038423,2,below 90 deg - G203-p30,purpose-made chamber with a swept/curved channel. NOT a bend chamber: the user refused that on 2026-08-20 (~200 chambers for no construction benefit)
N0040405,P0-L-MH40405,448381.405,2563626.528,lateral,junction,88.79,E0040625,E0039646,2,below 90 deg - G203-p30,purpose-made chamber with a swept/curved channel. NOT a bend chamber: the user refused that on 2026-08-20 (~200 chambers for no construction benefit)
N0021433,P0-L-MH21433,452127.292,2574153.365,lateral,chamber,88.79,E0020673,E0020674,1,below 90 deg - G203-p30,purpose-made chamber with a swept/curved channel. NOT a bend chamber: the user refused that on 2026-08-20 (~200 chambers for no construction benefit)
N0029357,P0-M-MH29357,451280.252,2569158.201,main,junction,88.81,E0030285,E0028598,2,below 90 deg - G203-p30,purpose-made chamber with a swept/curved channel. NOT a bend chamber: the user refused that on 2026-08-20 (~200 chambers for no construction benefit)
N0011940,P0-L-MH11940,451122.415,2566097.917,lateral,junction,88.81,E0012967,E0011181,2,below 90 deg - G203-p30,purpose-made chamber with a swept/curved channel. NOT a bend chamber: the user refused that on 2026-08-20 (~200 chambers for no construction benefit)
N0042298,P0-L-MH42298,448098.92,2565066.903,lateral,chamber,88.81,E0041538,E0041539,1,below 90 deg - G203-p30,purpose-made chamber with a swept/curved channel. NOT a bend chamber: the user refused that on 2026-08-20 (~200 chambers for no construction benefit)
N0021056,P0-L-MH21056,453041.847,2572083.443,lateral,chamber,88.81,E0020296,E0020297,1,below 90 deg - G203-p30,purpose-made chamber with a swept/curved channel. NOT a bend chamber: the user refused that on 2026-08-20 (~200 chambers for no construction benefit)
N0031705,P0-M-MH31705,451419.823,2563090.897,main,junction,88.81,E0032512,E0030946,2,below 90 deg - G203-p30,purpose-made chamber with a swept/curved channel. NOT a bend chamber: the user refused that on 2026-08-20 (~200 chambers for no construction benefit)
N0034055,P0-L-MH34055,454114.254,2569643.417,lateral,chamber,88.82,E0033295,E0033296,1,below 90 deg - G203-p30,purpose-made chamber with a swept/curved channel. NOT a bend chamber: the user refused that on 2026-08-20 (~200 chambers for no construction benefit)
N0016418,P0-L-MH16418,458967.095,2569099.591,lateral,junction,88.82,E0017179,E0015659,2,below 90 deg - G203-p30,purpose-made chamber with a swept/curved channel. NOT a bend chamber: the user refused that on 2026-08-20 (~200 chambers for no construction benefit)
N0039530,P0-SM-MH39530,455476.89,2571224.275,sub main,junction,88.82,E0039896,E0038771,2,below 90 deg - G203-p30,purpose-made chamber with a swept/curved channel. NOT a bend chamber: the user refused that on 2026-08-20 (~200 chambers for no construction benefit)
N0046359,P0-SM-MH46359,447679.991,2568158.716,sub main,junction,88.82,E0045995,E0045600,2,below 90 deg - G203-p30,purpose-made chamber with a swept/curved channel. NOT a bend chamber: the user refused that on 2026-08-20 (~200 chambers for no construction benefit)
N0026280,P0-L-MH26280,444984.951,2566517.684,lateral,junction,88.83,E0027320,E0025521,2,below 90 deg - G203-p30,purpose-made chamber with a swept/curved channel. NOT a bend chamber: the user refused that on 2026-08-20 (~200 chambers for no construction benefit)
N0016992,P0-L-MH16992,458087.572,2578034.393,lateral,chamber,88.83,E0016232,E0016233,1,below 90 deg - G203-p30,purpose-made chamber with a swept/curved channel. NOT a bend chamber: the user refused that on 2026-08-20 (~200 chambers for no construction benefit)
N0029408,P0-M-MH29408,453604.785,2569287.524,main,chamber,88.84,E0028648,E0028649,1,below 90 deg - G203-p30,purpose-made chamber with a swept/curved channel. NOT a bend chamber: the user refused that on 2026-08-20 (~200 chambers for no construction benefit)
N0035087,P0-L-MH35087,447024.488,2565907.993,lateral,chamber,88.84,E0035831,E0034328,1,below 90 deg - G203-p30,purpose-made chamber with a swept/curved channel. NOT a bend chamber: the user refused that on 2026-08-20 (~200 chambers for no construction benefit)
N0041750,P0-SM-MH41750,443384.403,2558964.661,sub main,junction,88.85,E0041960,E0040991,2,below 90 deg - G203-p30,purpose-made chamber with a swept/curved channel. NOT a bend chamber: the user refused that on 2026-08-20 (~200 chambers for no construction benefit)
N0045291,P0-L-MH45291,454563.809,2576683.794,lateral,junction,88.85,E0044949,E0044532,2,below 90 deg - G203-p30,purpose-made chamber with a swept/curved channel. NOT a bend chamber: the user refused that on 2026-08-20 (~200 chambers for no construction benefit)
N0033199,P0-M-MH33199,459061.309,2567803.002,main,chamber,88.85,E0032439,E0032440,1,below 90 deg - G203-p30,purpose-made chamber with a swept/curved channel. NOT a bend chamber: the user refused that on 2026-08-20 (~200 chambers for no construction benefit)
N0024063,P0-L-MH24063,472766.287,2573927.243,lateral,junction,88.85,E0025025,E0023304,2,below 90 deg - G203-p30,purpose-made chamber with a swept/curved channel. NOT a bend chamber: the user refused that on 2026-08-20 (~200 chambers for no construction benefit)
N0017658,P0-SM-MH17658,474205.776,2574739.964,sub main,junction,88.85,E0018474,E0016899,2,below 90 deg - G203-p30,purpose-made chamber with a swept/curved channel. NOT a bend chamber: the user refused that on 2026-08-20 (~200 chambers for no construction benefit)
N0018059,P0-L-MH18059,442998.332,2567842.136,lateral,junction,88.85,E0018883,E0017300,2,below 90 deg - G203-p30,purpose-made chamber with a swept/curved channel. NOT a bend chamber: the user refused that on 2026-08-20 (~200 chambers for no construction benefit)
N0014134,P0-L-MH14134,460914.212,2578771.946,lateral,junction,88.86,E0015060,E0013375,2,below 90 deg - G203-p30,purpose-made chamber with a swept/curved channel. NOT a bend chamber: the user refused that on 2026-08-20 (~200 chambers for no construction benefit)
N0020233,P0-SM-MH20233,446755.936,2571320.512,sub main,junction,88.87,E0021125,E0019474,2,below 90 deg - G203-p30,purpose-made chamber with a swept/curved channel. NOT a bend chamber: the user refused that on 2026-08-20 (~200 chambers for no construction benefit)
N0047754,P0-L-MH47754,446631.099,2568664.25,lateral,junction,88.87,E0047113,E0046995,2,below 90 deg - G203-p30,purpose-made chamber with a swept/curved channel. NOT a bend chamber: the user refused that on 2026-08-20 (~200 chambers for no construction benefit)
N0035545,P0-L-MH35545,448157.332,2569541.765,lateral,junction,88.87,E0036246,E0034786,2,below 90 deg - G203-p30,purpose-made chamber with a swept/curved channel. NOT a bend chamber: the user refused that on 2026-08-20 (~200 chambers for no construction benefit)
N0013590,P0-L-MH13590,471373.964,2562163.417,lateral,junction,88.87,E0014695,E0012831,2,below 90 deg - G203-p30,purpose-made chamber with a swept/curved channel. NOT a bend chamber: the user refused that on 2026-08-20 (~200 chambers for no construction benefit)
N0006024,P0-TM-MH6024,462964.16,2578588.393,trunk main,junction,88.87,E0008154,E0005265,3,below 90 deg - G203-p30,purpose-made chamber with a swept/curved channel. NOT a bend chamber: the user refused that on 2026-08-20 (~200 chambers for no construction benefit)
N0025928,P0-M-MH25928,464391.237,2576670.298,main,junction,88.87,E0026937,E0025169,2,below 90 deg - G203-p30,purpose-made chamber with a swept/curved channel. NOT a bend chamber: the user refused that on 2026-08-20 (~200 chambers for no construction benefit)
N0026888,P0-SM-MH26888,451020.291,2563158.432,sub main,junction,88.87,E0027762,E0026129,2,below 90 deg - G203-p30,purpose-made chamber with a swept/curved channel. NOT a bend chamber: the user refused that on 2026-08-20 (~200 chambers for no construction benefit)
N0044379,P0-L-MH44379,450389.542,2569228.175,lateral,chamber,88.87,E0043619,E0043620,1,below 90 deg - G203-p30,purpose-made chamber with a swept/curved channel. NOT a bend chamber: the user refused that on 2026-08-20 (~200 chambers for no construction benefit)
N0031090,P0-SM-MH31090,461309.707,2568824.47,sub main,junction,88.87,E0031852,E0030331,2,below 90 deg - G203-p30,purpose-made chamber with a swept/curved channel. NOT a bend chamber: the user refused that on 2026-08-20 (~200 chambers for no construction benefit)
N0048032,P0-L-MH48032,445224.865,2567965.301,lateral,chamber,88.88,E0047272,E0047273,1,below 90 deg - G203-p30,purpose-made chamber with a swept/curved channel. NOT a bend chamber: the user refused that on 2026-08-20 (~200 chambers for no construction benefit)
N0022671,P0-M-MH22671,450945.359,2569588.879,main,junction,88.88,E0023585,E0021912,2,below 90 deg - G203-p30,purpose-made chamber with a swept/curved channel. NOT a bend chamber: the user refused that on 2026-08-20 (~200 chambers for no construction benefit)
N0025696,P0-M-MH25696,460883.222,2579009.18,main,junction,88.88,E0026669,E0024937,2,below 90 deg - G203-p30,purpose-made chamber with a swept/curved channel. NOT a bend chamber: the user refused that on 2026-08-20 (~200 chambers for no construction benefit)
N0018066,P0-L-MH18066,451372.717,2569608.141,lateral,chamber,88.88,E0017306,E0017307,1,below 90 deg - G203-p30,purpose-made chamber with a swept/curved channel. NOT a bend chamber: the user refused that on 2026-08-20 (~200 chambers for no construction benefit)
N0042485,P0-L-MH42485,461430.142,2569917.393,lateral,chamber,88.88,E0041725,E0041726,1,below 90 deg - G203-p30,purpose-made chamber with a swept/curved channel. NOT a bend chamber: the user refused that on 2026-08-20 (~200 chambers for no construction benefit)
N0009248,P0-M-MH9248,448862.904,2567074.913,main,junction,88.88,E0010278,E0008489,2,below 90 deg - G203-p30,purpose-made chamber with a swept/curved channel. NOT a bend chamber: the user refused that on 2026-08-20 (~200 chambers for no construction benefit)
N0044136,P0-M-MH44136,453568.632,2574735.065,main,junction,88.88,E0043978,E0043377,2,below 90 deg - G203-p30,purpose-made chamber with a swept/curved channel. NOT a bend chamber: the user refused that on 2026-08-20 (~200 chambers for no construction benefit)
N0036911,P0-L-MH36911,451299.552,2569505.722,lateral,junction,88.89,E0037432,E0036152,2,below 90 deg - G203-p30,purpose-made chamber with a swept/curved channel. NOT a bend chamber: the user refused that on 2026-08-20 (~200 chambers for no construction benefit)
N0037964,P0-L-MH37964,447525.111,2564993.595,lateral,junction,88.89,E0038473,E0037205,2,below 90 deg - G203-p30,purpose-made chamber with a swept/curved channel. NOT a bend chamber: the user refused that on 2026-08-20 (~200 chambers for no construction benefit)
N0034685,P0-L-MH34685,449299.213,2565776.62,lateral,chamber,88.89,E0033925,E0033926,1,below 90 deg - G203-p30,purpose-made chamber with a swept/curved channel. NOT a bend chamber: the user refused that on 2026-08-20 (~200 chambers for no construction benefit)
N0009965,P0-SM-MH9965,454001.845,2565095.249,sub main,chamber,88.9,E0009205,E0009206,1,below 90 deg - G203-p30,purpose-made chamber with a swept/curved channel. NOT a bend chamber: the user refused that on 2026-08-20 (~200 chambers for no construction benefit)
N0049738,P0-SM-MH49738,439436.597,2571900.179,sub main,junction,88.91,E0049024,E0048979,2,below 90 deg - G203-p30,purpose-made chamber with a swept/curved channel. NOT a bend chamber: the user refused that on 2026-08-20 (~200 chambers for no construction benefit)
N0022885,P0-L-MH22885,460129.227,2568744.049,lateral,chamber,88.91,E0022125,E0022126,1,below 90 deg - G203-p30,purpose-made chamber with a swept/curved channel. NOT a bend chamber: the user refused that on 2026-08-20 (~200 chambers for no construction benefit)
N0042751,P0-L-MH42751,453492.212,2574168.402,lateral,chamber,88.91,E0041991,E0041992,1,below 90 deg - G203-p30,purpose-made chamber with a swept/curved channel. NOT a bend chamber: the user refused that on 2026-08-20 (~200 chambers for no construction benefit)
N0014187,P0-L-MH14187,450913.877,2567377.119,lateral,chamber,88.91,E0013427,E0013428,1,below 90 deg - G203-p30,purpose-made chamber with a swept/curved channel. NOT a bend chamber: the user refused that on 2026-08-20 (~200 chambers for no construction benefit)
N0027004,P0-M-MH27004,448208.543,2572339.305,main,junction,88.91,E0027885,E0026245,2,below 90 deg - G203-p30,purpose-made chamber with a swept/curved channel. NOT a bend chamber: the user refused that on 2026-08-20 (~200 chambers for no construction benefit)
N0044059,P0-SM-MH44059,457966.286,2571944.074,sub main,junction,88.91,E0043875,E0043300,2,below 90 deg - G203-p30,purpose-made chamber with a swept/curved channel. NOT a bend chamber: the user refused that on 2026-08-20 (~200 chambers for no construction benefit)
N0040147,P0-M-MH40147,447551.903,2566773.616,main,junction,88.91,E0040417,E0039388,2,below 90 deg - G203-p30,purpose-made chamber with a swept/curved channel. NOT a bend chamber: the user refused that on 2026-08-20 (~200 chambers for no construction benefit)
N0031823,P0-M-MH31823,446137.53,2572921.598,main,junction,88.92,E0032577,E0031064,2,below 90 deg - G203-p30,purpose-made chamber with a swept/curved channel. NOT a bend chamber: the user refused that on 2026-08-20 (~200 chambers for no construction benefit)
N0014992,P0-M-MH14992,461558.272,2579609.363,main,junction,88.92,E0015951,E0014233,2,below 90 deg - G203-p30,purpose-made chamber with a swept/curved channel. NOT a bend chamber: the user refused that on 2026-08-20 (~200 chambers for no construction benefit)
N0049026,P0-SM-MH49026,441904.943,2569274.933,sub main,junction,88.92,E0048322,E0048267,2,below 90 deg - G203-p30,purpose-made chamber with a swept/curved channel. NOT a bend chamber: the user refused that on 2026-08-20 (~200 chambers for no construction benefit)
N0000692,P0-L-MH0692,462386.257,2578862.387,lateral,junction,88.92,E0005652,E0000625,2,below 90 deg - G203-p30,purpose-made chamber with a swept/curved channel. NOT a bend chamber: the user refused that on 2026-08-20 (~200 chambers for no construction benefit)
N0034877,P0-L-MH34877,445326.174,2572910.902,lateral,junction,88.92,E0035544,E0034118,2,below 90 deg - G203-p30,purpose-made chamber with a swept/curved channel. NOT a bend chamber: the user refused that on 2026-08-20 (~200 chambers for no construction benefit)
N0033428,P0-M-MH33428,449001.967,2572513.89,main,junction,88.92,E0034161,E0032669,2,below 90 deg - G203-p30,purpose-made chamber with a swept/curved channel. NOT a bend chamber: the user refused that on 2026-08-20 (~200 chambers for no construction benefit)
N0046856,P0-M-MH46856,449918.971,2573769.082,main,junction,88.92,E0046357,E0046097,2,below 90 deg - G203-p30,purpose-made chamber with a swept/curved channel. NOT a bend chamber: the user refused that on 2026-08-20 (~200 chambers for no construction benefit)
N0012200,P0-L-MH12200,454128.286,2575215.742,lateral,chamber,88.92,E0013297,E0011441,1,below 90 deg - G203-p30,purpose-made chamber with a swept/curved channel. NOT a bend chamber: the user refused that on 2026-08-20 (~200 chambers for no construction benefit)
N0049734,P0-L-MH49734,441758.964,2570058.413,lateral,junction,88.92,E0049013,E0048975,2,below 90 deg - G203-p30,purpose-made chamber with a swept/curved channel. NOT a bend chamber: the user refused that on 2026-08-20 (~200 chambers for no construction benefit)
N0017794,P0-L-MH17794,473068.722,2573992.98,lateral,junction,88.92,E0018582,E0017035,2,below 90 deg - G203-p30,purpose-made chamber with a swept/curved channel. NOT a bend chamber: the user refused that on 2026-08-20 (~200 chambers for no construction benefit)
N0049247,P0-L-MH49247,444782.107,2568791.129,lateral,junction,88.92,E0048637,E0048488,2,below 90 deg - G203-p30,purpose-made chamber with a swept/curved channel. NOT a bend chamber: the user refused that on 2026-08-20 (~200 chambers for no construction benefit)
N0023908,P0-L-MH23908,445880.999,2563721.632,lateral,junction,88.93,E0024884,E0023149,2,below 90 deg - G203-p30,purpose-made chamber with a swept/curved channel. NOT a bend chamber: the user refused that on 2026-08-20 (~200 chambers for no construction benefit)
N0046433,P0-M-MH46433,441865.598,2565141.395,main,chamber,88.93,E0045673,E0045674,1,below 90 deg - G203-p30,purpose-made chamber with a swept/curved channel. NOT a bend chamber: the user refused that on 2026-08-20 (~200 chambers for no construction benefit)
N0012255,P0-L-MH12255,451192.634,2567212.991,lateral,junction,88.93,E0013336,E0011496,2,below 90 deg - G203-p30,purpose-made chamber with a swept/curved channel. NOT a bend chamber: the user refused that on 2026-08-20 (~200 chambers for no construction benefit)
N0010680,P0-L-MH10680,461026.02,2578809.418,lateral,junction,88.93,E0011547,E0009921,2,below 90 deg - G203-p30,purpose-made chamber with a swept/curved channel. NOT a bend chamber: the user refused that on 2026-08-20 (~200 chambers for no construction benefit)
N0039523,P0-L-MH39523,448462.618,2568070.854,lateral,chamber,88.93,E0038763,E0038764,1,below 90 deg - G203-p30,purpose-made chamber with a swept/curved channel. NOT a bend chamber: the user refused that on 2026-08-20 (~200 chambers for no construction benefit)
N0011305,P0-M-MH11305,473222.985,2572968.339,main,junction,88.93,E0012286,E0010546,2,below 90 deg - G203-p30,purpose-made chamber with a swept/curved channel. NOT a bend chamber: the user refused that on 2026-08-20 (~200 chambers for no construction benefit)
N0003296,P0-L-MH3296,446282.479,2564771.508,lateral,chamber,88.94,E0002918,E0002919,1,below 90 deg - G203-p30,purpose-made chamber with a swept/curved channel. NOT a bend chamber: the user refused that on 2026-08-20 (~200 chambers for no construction benefit)
N0017433,P0-L-MH17433,450531.212,2568069.751,lateral,junction,88.94,E0018290,E0016674,2,below 90 deg - G203-p30,purpose-made chamber with a swept/curved channel. NOT a bend chamber: the user refused that on 2026-08-20 (~200 chambers for no construction benefit)
N0011947,P0-L-MH11947,454881.051,2574482.923,lateral,junction,88.94,E0012968,E0011188,2,below 90 deg - G203-p30,purpose-made chamber with a swept/curved channel. NOT a bend chamber: the user refused that on 2026-08-20 (~200 chambers for no construction benefit)
N0015071,P0-L-MH15071,447293.408,2558403.645,lateral,junction,88.94,E0016062,E0014312,2,below 90 deg - G203-p30,purpose-made chamber with a swept/curved channel. NOT a bend chamber: the user refused that on 2026-08-20 (~200 chambers for no construction benefit)
N0021124,P0-L-MH21124,452725.011,2571967.661,lateral,chamber,88.94,E0020364,E0020365,1,below 90 deg - G203-p30,purpose-made chamber with a swept/curved channel. NOT a bend chamber: the user refused that on 2026-08-20 (~200 chambers for no construction benefit)
N0014439,P0-SM-MH14439,459206.213,2568584.785,sub main,junction,88.94,E0015329,E0013680,2,below 90 deg - G203-p30,purpose-made chamber with a swept/curved channel. NOT a bend chamber: the user refused that on 2026-08-20 (~200 chambers for no construction benefit)
N0039699,P0-L-MH39699,444362.92,2559776.722,lateral,chamber,88.94,E0038939,E0038940,1,below 90 deg - G203-p30,purpose-made chamber with a swept/curved channel. NOT a bend chamber: the user refused that on 2026-08-20 (~200 chambers for no construction benefit)
N0004461,P0-L-MH4461,447206.249,2564897.076,lateral,junction,88.94,E0007552,E0003951,2,below 90 deg - G203-p30,purpose-made chamber with a swept/curved channel. NOT a bend chamber: the user refused that on 2026-08-20 (~200 chambers for no construction benefit)
N0007209,P0-M-MH7209,452810.007,2573450.743,main,junction,88.94,E0009248,E0006450,2,below 90 deg - G203-p30,purpose-made chamber with a swept/curved channel. NOT a bend chamber: the user refused that on 2026-08-20 (~200 chambers for no construction benefit)
N0010217,P0-L-MH10217,465438.614,2566316.325,lateral,junction,88.94,E0011218,E0009458,2,below 90 deg - G203-p30,purpose-made chamber with a swept/curved channel. NOT a bend chamber: the user refused that on 2026-08-20 (~200 chambers for no construction benefit)
N0033977,P0-M-MH33977,460654.017,2569753.908,main,junction,88.95,E0034660,E0033218,2,below 90 deg - G203-p30,purpose-made chamber with a swept/curved channel. NOT a bend chamber: the user refused that on 2026-08-20 (~200 chambers for no construction benefit)
N0030852,P0-L-MH30852,450326.79,2568751.413,lateral,chamber,88.95,E0030092,E0030093,1,below 90 deg - G203-p30,purpose-made chamber with a swept/curved channel. NOT a bend chamber: the user refused that on 2026-08-20 (~200 chambers for no construction benefit)
N0028096,P0-M-MH28096,453429.922,2571651.266,main,chamber,88.95,E0027336,E0027337,1,below 90 deg - G203-p30,purpose-made chamber with a swept/curved channel. NOT a bend chamber: the user refused that on 2026-08-20 (~200 chambers for no construction benefit)
N0019313,P0-L-MH19313,445955.439,2566729.388,lateral,chamber,88.96,E0018553,E0018554,1,below 90 deg - G203-p30,purpose-made chamber with a swept/curved channel. NOT a bend chamber: the user refused that on 2026-08-20 (~200 chambers for no construction benefit)
N0043029,P0-L-MH43029,465965.026,2577625.228,lateral,junction,88.96,E0042979,E0042270,2,below 90 deg - G203-p30,purpose-made chamber with a swept/curved channel. NOT a bend chamber: the user refused that on 2026-08-20 (~200 chambers for no construction benefit)
N0041880,P0-M-MH41880,453471.284,2574180.442,main,junction,88.96,E0041996,E0041121,3,below 90 deg - G203-p30,purpose-made chamber with a swept/curved channel. NOT a bend chamber: the user refused that on 2026-08-20 (~200 chambers for no construction benefit)
N0033224,P0-M-MH33224,451619.519,2564058.43,main,junction,88.96,E0034026,E0032465,2,below 90 deg - G203-p30,purpose-made chamber with a swept/curved channel. NOT a bend chamber: the user refused that on 2026-08-20 (~200 chambers for no construction benefit)
N0048379,P0-SM-MH48379,444207.786,2568168.086,sub main,junction,88.97,E0047743,E0047620,2,below 90 deg - G203-p30,purpose-made chamber with a swept/curved channel. NOT a bend chamber: the user refused that on 2026-08-20 (~200 chambers for no construction benefit)
N0029656,P0-L-MH29656,445194.642,2566166.183,lateral,chamber,88.97,E0028896,E0028897,1,below 90 deg - G203-p30,purpose-made chamber with a swept/curved channel. NOT a bend chamber: the user refused that on 2026-08-20 (~200 chambers for no construction benefit)
N0045157,P0-L-MH45157,456688.413,2571245.456,lateral,chamber,88.98,E0044397,E0044398,1,below 90 deg - G203-p30,purpose-made chamber with a swept/curved channel. NOT a bend chamber: the user refused that on 2026-08-20 (~200 chambers for no construction benefit)
N0037376,P0-L-MH37376,457247.498,2571399.351,lateral,chamber,88.98,E0036616,E0036617,1,below 90 deg - G203-p30,purpose-made chamber with a swept/curved channel. NOT a bend chamber: the user refused that on 2026-08-20 (~200 chambers for no construction benefit)
N0049660,P0-M-MH49660,440266.58,2571147.74,main,junction,88.98,E0048938,E0048901,2,below 90 deg - G203-p30,purpose-made chamber with a swept/curved channel. NOT a bend chamber: the user refused that on 2026-08-20 (~200 chambers for no construction benefit)
N0042193,P0-L-MH42193,447930.718,2566559.785,lateral,junction,88.99,E0042242,E0041434,2,below 90 deg - G203-p30,purpose-made chamber with a swept/curved channel. NOT a bend chamber: the user refused that on 2026-08-20 (~200 chambers for no construction benefit)
N0042704,P0-SM-MH42704,443041.335,2558860.501,sub main,junction,88.99,E0042676,E0041945,2,below 90 deg - G203-p30,purpose-made chamber with a swept/curved channel. NOT a bend chamber: the user refused that on 2026-08-20 (~200 chambers for no construction benefit)
N0019378,P0-M-MH19378,463872.891,2578834.462,main,junction,88.99,E0020153,E0018619,2,below 90 deg - G203-p30,purpose-made chamber with a swept/curved channel. NOT a bend chamber: the user refused that on 2026-08-20 (~200 chambers for no construction benefit)
N0009396,P0-SM-MH9396,436986.426,2574590.075,sub main,junction,88.99,E0010571,E0008637,2,below 90 deg - G203-p30,purpose-made chamber with a swept/curved channel. NOT a bend chamber: the user refused that on 2026-08-20 (~200 chambers for no construction benefit)
N0029124,P0-M-MH29124,466714.984,2577408.107,main,junction,88.99,E0030123,E0028365,2,below 90 deg - G203-p30,purpose-made chamber with a swept/curved channel. NOT a bend chamber: the user refused that on 2026-08-20 (~200 chambers for no construction benefit)
N0001888,P0-L-MH1888,448490.546,2565538.056,lateral,junction,88.99,E0006686,E0001726,3,below 90 deg - G203-p30,purpose-made chamber with a swept/curved channel. NOT a bend chamber: the user refused that on 2026-08-20 (~200 chambers for no construction benefit)
N0020253,P0-L-MH20253,446978.255,2571782.847,lateral,chamber,88.99,E0019493,E0019494,1,below 90 deg - G203-p30,purpose-made chamber with a swept/curved channel. NOT a bend chamber: the user refused that on 2026-08-20 (~200 chambers for no construction benefit)
N0049199,P0-L-MH49199,441873.285,2569475.888,lateral,junction,88.99,E0048541,E0048440,2,below 90 deg - G203-p30,purpose-made chamber with a swept/curved channel. NOT a bend chamber: the user refused that on 2026-08-20 (~200 chambers for no construction benefit)
N0024487,P0-L-MH24487,460447.789,2568612.706,lateral,chamber,89.0,E0023727,E0023728,1,below 90 deg - G203-p30,purpose-made chamber with a swept/curved channel. NOT a bend chamber: the user refused that on 2026-08-20 (~200 chambers for no construction benefit)
N0006234,P0-TM-MH6234,453776.9,2574278.579,trunk main,junction,89.0,E0008095,E0005475,3,below 90 deg - G203-p30,purpose-made chamber with a swept/curved channel. NOT a bend chamber: the user refused that on 2026-08-20 (~200 chambers for no construction benefit)
N0024488,P0-L-MH24488,460369.298,2568645.068,lateral,chamber,89.0,E0023728,E0023729,1,below 90 deg - G203-p30,purpose-made chamber with a swept/curved channel. NOT a bend chamber: the user refused that on 2026-08-20 (~200 chambers for no construction benefit)
N0048252,P0-L-MH48252,446120.962,2568525.137,lateral,junction,89.01,E0047596,E0047493,2,below 90 deg - G203-p30,purpose-made chamber with a swept/curved channel. NOT a bend chamber: the user refused that on 2026-08-20 (~200 chambers for no construction benefit)
N0035440,P0-L-MH35440,451575.002,2569405.129,lateral,junction,89.01,E0036186,E0034681,2,below 90 deg - G203-p30,purpose-made chamber with a swept/curved channel. NOT a bend chamber: the user refused that on 2026-08-20 (~200 chambers for no construction benefit)
N0044166,P0-L-MH44166,454670.183,2576316.544,lateral,chamber,89.01,E0043406,E0043407,1,below 90 deg - G203-p30,purpose-made chamber with a swept/curved channel. NOT a bend chamber: the user refused that on 2026-08-20 (~200 chambers for no construction benefit)
N0042600,P0-M-MH42600,444284.26,2559250.239,main,junction,89.02,E0042635,E0041841,2,below 90 deg - G203-p30,purpose-made chamber with a swept/curved channel. NOT a bend chamber: the user refused that on 2026-08-20 (~200 chambers for no construction benefit)
N0010666,P0-L-MH10666,454307.472,2575279.631,lateral,chamber,89.02,E0009906,E0009907,1,below 90 deg - G203-p30,purpose-made chamber with a swept/curved channel. NOT a bend chamber: the user refused that on 2026-08-20 (~200 chambers for no construction benefit)
N0035586,P0-SM-MH35586,461680.417,2569133.794,sub main,chamber,89.02,E0034826,E0034827,1,below 90 deg - G203-p30,purpose-made chamber with a swept/curved channel. NOT a bend chamber: the user refused that on 2026-08-20 (~200 chambers for no construction benefit)
N0025893,P0-L-MH25893,450616.028,2569666.566,lateral,chamber,89.02,E0025133,E0025134,1,below 90 deg - G203-p30,purpose-made chamber with a swept/curved channel. NOT a bend chamber: the user refused that on 2026-08-20 (~200 chambers for no construction benefit)
N0018013,P0-M-MH18013,442814.939,2567769.787,main,junction,89.02,E0018954,E0017254,2,below 90 deg - G203-p30,purpose-made chamber with a swept/curved channel. NOT a bend chamber: the user refused that on 2026-08-20 (~200 chambers for no construction benefit)
N0013424,P0-M-MH13424,439060.03,2568672.705,main,junction,89.02,E0014569,E0012665,2,below 90 deg - G203-p30,purpose-made chamber with a swept/curved channel. NOT a bend chamber: the user refused that on 2026-08-20 (~200 chambers for no construction benefit)
N0038377,P0-L-MH38377,444749.699,2564745.45,lateral,chamber,89.03,E0037617,E0037618,1,below 90 deg - G203-p30,purpose-made chamber with a swept/curved channel. NOT a bend chamber: the user refused that on 2026-08-20 (~200 chambers for no construction benefit)
N0013136,P0-M-MH13136,452372.133,2573599.278,main,junction,89.03,E0014200,E0012377,2,below 90 deg - G203-p30,purpose-made chamber with a swept/curved channel. NOT a bend chamber: the user refused that on 2026-08-20 (~200 chambers for no construction benefit)
N0014246,P0-L-MH14246,450808.909,2567498.475,lateral,chamber,89.03,E0013486,E0013487,1,below 90 deg - G203-p30,purpose-made chamber with a swept/curved channel. NOT a bend chamber: the user refused that on 2026-08-20 (~200 chambers for no construction benefit)
N0014641,P0-L-MH14641,470055.395,2563291.302,lateral,junction,89.03,E0015552,E0013882,2,below 90 deg - G203-p30,purpose-made chamber with a swept/curved channel. NOT a bend chamber: the user refused that on 2026-08-20 (~200 chambers for no construction benefit)
N0029855,P0-SM-MH29855,442500.598,2565418.395,sub main,chamber,89.04,E0029095,E0029096,1,below 90 deg - G203-p30,purpose-made chamber with a swept/curved channel. NOT a bend chamber: the user refused that on 2026-08-20 (~200 chambers for no construction benefit)
N0048633,P0-L-MH48633,445625.417,2568826.713,lateral,chamber,89.04,E0047873,E0047874,1,below 90 deg - G203-p30,purpose-made chamber with a swept/curved channel. NOT a bend chamber: the user refused that on 2026-08-20 (~200 chambers for no construction benefit)
N0019124,P0-L-MH19124,458746.719,2577999.816,lateral,junction,89.04,E0019869,E0018365,2,below 90 deg - G203-p30,purpose-made chamber with a swept/curved channel. NOT a bend chamber: the user refused that on 2026-08-20 (~200 chambers for no construction benefit)
N0031129,P0-L-MH31129,455596.955,2573081.818,lateral,junction,89.05,E0031894,E0030370,2,below 90 deg - G203-p30,purpose-made chamber with a swept/curved channel. NOT a bend chamber: the user refused that on 2026-08-20 (~200 chambers for no construction benefit)
N0035289,P0-L-MH35289,460733.358,2568863.645,lateral,chamber,89.05,E0034529,E0034530,1,below 90 deg - G203-p30,purpose-made chamber with a swept/curved channel. NOT a bend chamber: the user refused that on 2026-08-20 (~200 chambers for no construction benefit)
N0039437,P0-M-MH39437,454124.612,2570319.962,main,junction,89.05,E0039787,E0038678,2,below 90 deg - G203-p30,purpose-made chamber with a swept/curved channel. NOT a bend chamber: the user refused that on 2026-08-20 (~200 chambers for no construction benefit)
N0042591,P0-L-MH42591,457282.729,2571938.907,lateral,junction,89.05,E0042608,E0041832,2,below 90 deg - G203-p30,purpose-made chamber with a swept/curved channel. NOT a bend chamber: the user refused that on 2026-08-20 (~200 chambers for no construction benefit)
N0043372,P0-L-MH43372,457231.915,2571873.109,lateral,chamber,89.05,E0042612,E0042613,1,below 90 deg - G203-p30,purpose-made chamber with a swept/curved channel. NOT a bend chamber: the user refused that on 2026-08-20 (~200 chambers for no construction benefit)
N0007840,P0-L-MH7840,440717.681,2570605.462,lateral,junction,89.06,E0009650,E0007081,2,below 90 deg - G203-p30,purpose-made chamber with a swept/curved channel. NOT a bend chamber: the user refused that on 2026-08-20 (~200 chambers for no construction benefit)
N0041840,P0-L-MH41840,453602.74,2575630.155,lateral,chamber,89.06,E0041080,E0041081,1,below 90 deg - G203-p30,purpose-made chamber with a swept/curved channel. NOT a bend chamber: the user refused that on 2026-08-20 (~200 chambers for no construction benefit)
N0046721,P0-M-MH46721,463032.581,2570380.333,main,chamber,89.06,E0045961,E0045962,1,below 90 deg - G203-p30,purpose-made chamber with a swept/curved channel. NOT a bend chamber: the user refused that on 2026-08-20 (~200 chambers for no construction benefit)
N0037200,P0-L-MH37200,460014.588,2571460.24,lateral,junction,89.07,E0037709,E0036441,2,below 90 deg - G203-p30,purpose-made chamber with a swept/curved channel. NOT a bend chamber: the user refused that on 2026-08-20 (~200 chambers for no construction benefit)
N0008316,P0-L-MH8316,443412.348,2568179.063,lateral,chamber,89.07,E0007556,E0007557,1,below 90 deg - G203-p30,purpose-made chamber with a swept/curved channel. NOT a bend chamber: the user refused that on 2026-08-20 (~200 chambers for no construction benefit)
N0017724,P0-L-MH17724,459205.813,2568776.286,lateral,chamber,89.07,E0016964,E0016965,1,below 90 deg - G203-p30,purpose-made chamber with a swept/curved channel. NOT a bend chamber: the user refused that on 2026-08-20 (~200 chambers for no construction benefit)
N0035775,P0-M-MH35775,456009.838,2572202.535,main,junction,89.08,E0036542,E0035016,2,below 90 deg - G203-p30,purpose-made chamber with a swept/curved channel. NOT a bend chamber: the user refused that on 2026-08-20 (~200 chambers for no construction benefit)
N0016117,P0-L-MH16117,445104.007,2562935.141,lateral,chamber,89.08,E0015357,E0015358,1,below 90 deg - G203-p30,purpose-made chamber with a swept/curved channel. NOT a bend chamber: the user refused that on 2026-08-20 (~200 chambers for no construction benefit)
N0019590,P0-M-MH19590,445030.785,2566990.009,main,junction,89.08,E0020489,E0018831,2,below 90 deg - G203-p30,purpose-made chamber with a swept/curved channel. NOT a bend chamber: the user refused that on 2026-08-20 (~200 chambers for no construction benefit)
N0010350,P0-L-MH10350,450946.768,2563143.585,lateral,junction,89.08,E0011267,E0009591,2,below 90 deg - G203-p30,purpose-made chamber with a swept/curved channel. NOT a bend chamber: the user refused that on 2026-08-20 (~200 chambers for no construction benefit)
N0048646,P0-SM-MH48646,444326.563,2568414.347,sub main,junction,89.08,E0048009,E0047887,2,below 90 deg - G203-p30,purpose-made chamber with a swept/curved channel. NOT a bend chamber: the user refused that on 2026-08-20 (~200 chambers for no construction benefit)
N0042858,P0-M-MH42858,451538.843,2565703.236,main,junction,89.08,E0042852,E0042099,2,below 90 deg - G203-p30,purpose-made chamber with a swept/curved channel. NOT a bend chamber: the user refused that on 2026-08-20 (~200 chambers for no construction benefit)
N0045312,P0-M-MH45312,454816.657,2576511.579,main,junction,89.08,E0044973,E0044553,2,below 90 deg - G203-p30,purpose-made chamber with a swept/curved channel. NOT a bend chamber: the user refused that on 2026-08-20 (~200 chambers for no construction benefit)
N0031752,P0-SM-MH31752,451165.744,2564859.781,sub main,junction,89.08,E0032490,E0030993,2,below 90 deg - G203-p30,purpose-made chamber with a swept/curved channel. NOT a bend chamber: the user refused that on 2026-08-20 (~200 chambers for no construction benefit)
N0036681,P0-L-MH36681,450593.526,2568712.719,lateral,junction,89.09,E0037251,E0035922,2,below 90 deg - G203-p30,purpose-made chamber with a swept/curved channel. NOT a bend chamber: the user refused that on 2026-08-20 (~200 chambers for no construction benefit)
N0036432,P0-L-MH36432,446910.174,2572498.902,lateral,chamber,89.09,E0035672,E0035673,1,below 90 deg - G203-p30,purpose-made chamber with a swept/curved channel. NOT a bend chamber: the user refused that on 2026-08-20 (~200 chambers for no construction benefit)
N0035134,P0-M-MH35134,447251.855,2564911.441,main,chamber,89.09,E0034374,E0034375,1,below 90 deg - G203-p30,purpose-made chamber with a swept/curved channel. NOT a bend chamber: the user refused that on 2026-08-20 (~200 chambers for no construction benefit)
N0028532,P0-SM-MH28532,451334.823,2563782.022,sub main,junction,89.09,E0029398,E0027773,2,below 90 deg - G203-p30,purpose-made chamber with a swept/curved channel. NOT a bend chamber: the user refused that on 2026-08-20 (~200 chambers for no construction benefit)
N0024390,P0-L-MH24390,459459.694,2569649.094,lateral,chamber,89.09,E0023630,E0023631,1,below 90 deg - G203-p30,purpose-made chamber with a swept/curved channel. NOT a bend chamber: the user refused that on 2026-08-20 (~200 chambers for no construction benefit)
N0019510,P0-L-MH19510,450559.387,2568138.916,lateral,chamber,89.1,E0018750,E0018751,1,below 90 deg - G203-p30,purpose-made chamber with a swept/curved channel. NOT a bend chamber: the user refused that on 2026-08-20 (~200 chambers for no construction benefit)
N0028606,P0-M-MH28606,468097.737,2565463.335,main,junction,89.11,E0029518,E0027847,2,below 90 deg - G203-p30,purpose-made chamber with a swept/curved channel. NOT a bend chamber: the user refused that on 2026-08-20 (~200 chambers for no construction benefit)
N0045213,P0-L-MH45213,458866.833,2571745.175,lateral,chamber,89.11,E0044453,E0044454,1,below 90 deg - G203-p30,purpose-made chamber with a swept/curved channel. NOT a bend chamber: the user refused that on 2026-08-20 (~200 chambers for no construction benefit)
N0030303,P0-M-MH30303,450935.992,2571900.791,main,junction,89.11,E0031139,E0029544,3,below 90 deg - G203-p30,purpose-made chamber with a swept/curved channel. NOT a bend chamber: the user refused that on 2026-08-20 (~200 chambers for no construction benefit)
N0027978,P0-M-MH27978,451333.672,2568399.623,main,junction,89.11,E0028711,E0027219,2,below 90 deg - G203-p30,purpose-made chamber with a swept/curved channel. NOT a bend chamber: the user refused that on 2026-08-20 (~200 chambers for no construction benefit)
N0035922,P0-L-MH35922,448124.636,2568790.493,lateral,chamber,89.11,E0035162,E0035163,1,below 90 deg - G203-p30,purpose-made chamber with a swept/curved channel. NOT a bend chamber: the user refused that on 2026-08-20 (~200 chambers for no construction benefit)
N0024095,P0-L-MH24095,446364.57,2562445.829,lateral,junction,89.11,E0025018,E0023336,2,below 90 deg - G203-p30,purpose-made chamber with a swept/curved channel. NOT a bend chamber: the user refused that on 2026-08-20 (~200 chambers for no construction benefit)
N0046593,P0-M-MH46593,460407.777,2576125.499,main,junction,89.12,E0046153,E0045834,2,below 90 deg - G203-p30,purpose-made chamber with a swept/curved channel. NOT a bend chamber: the user refused that on 2026-08-20 (~200 chambers for no construction benefit)
N0038619,P0-L-MH38619,457036.11,2571726.857,lateral,chamber,89.12,E0037859,E0037860,1,below 90 deg - G203-p30,purpose-made chamber with a swept/curved channel. NOT a bend chamber: the user refused that on 2026-08-20 (~200 chambers for no construction benefit)
N0023102,P0-L-MH23102,451661.308,2569506.47,lateral,chamber,89.12,E0022342,E0022343,1,below 90 deg - G203-p30,purpose-made chamber with a swept/curved channel. NOT a bend chamber: the user refused that on 2026-08-20 (~200 chambers for no construction benefit)
N0032373,P0-M-MH32373,445774.534,2561455.503,main,junction,89.12,E0033090,E0031614,2,below 90 deg - G203-p30,purpose-made chamber with a swept/curved channel. NOT a bend chamber: the user refused that on 2026-08-20 (~200 chambers for no construction benefit)
N0015652,P0-L-MH15652,445842.582,2564314.757,lateral,junction,89.13,E0016537,E0014893,2,below 90 deg - G203-p30,purpose-made chamber with a swept/curved channel. NOT a bend chamber: the user refused that on 2026-08-20 (~200 chambers for no construction benefit)
N0048946,P0-L-MH48946,442997.023,2569103.545,lateral,chamber,89.13,E0048186,E0048187,1,below 90 deg - G203-p30,purpose-made chamber with a swept/curved channel. NOT a bend chamber: the user refused that on 2026-08-20 (~200 chambers for no construction benefit)
N0038524,P0-M-MH38524,456603.911,2571899.263,main,junction,89.13,E0038858,E0037765,2,below 90 deg - G203-p30,purpose-made chamber with a swept/curved channel. NOT a bend chamber: the user refused that on 2026-08-20 (~200 chambers for no construction benefit)
N0035805,P0-L-MH35805,455115.93,2572361.691,lateral,chamber,89.13,E0035045,E0035046,1,below 90 deg - G203-p30,purpose-made chamber with a swept/curved channel. NOT a bend chamber: the user refused that on 2026-08-20 (~200 chambers for no construction benefit)
N0036134,P0-M-MH36134,453172.515,2565970.267,main,junction,89.14,E0036817,E0035375,2,below 90 deg - G203-p30,purpose-made chamber with a swept/curved channel. NOT a bend chamber: the user refused that on 2026-08-20 (~200 chambers for no construction benefit)
N0027960,P0-L-MH27960,451065.276,2569160.545,lateral,chamber,89.14,E0027200,E0027201,1,below 90 deg - G203-p30,purpose-made chamber with a swept/curved channel. NOT a bend chamber: the user refused that on 2026-08-20 (~200 chambers for no construction benefit)
N0033262,P0-L-MH33262,451580.315,2562668.422,lateral,junction,89.14,E0034064,E0032503,2,below 90 deg - G203-p30,purpose-made chamber with a swept/curved channel. NOT a bend chamber: the user refused that on 2026-08-20 (~200 chambers for no construction benefit)
N0049918,P0-L-MH49918,439318.632,2572443.99,lateral,chamber,89.15,E0049158,E0049159,1,below 90 deg - G203-p30,purpose-made chamber with a swept/curved channel. NOT a bend chamber: the user refused that on 2026-08-20 (~200 chambers for no construction benefit)
N0037545,P0-M-MH37545,450275.303,2567299.994,main,junction,89.15,E0037988,E0036786,2,below 90 deg - G203-p30,purpose-made chamber with a swept/curved channel. NOT a bend chamber: the user refused that on 2026-08-20 (~200 chambers for no construction benefit)
N0045076,P0-L-MH45076,462779.026,2570015.372,lateral,chamber,89.15,E0044316,E0044317,1,below 90 deg - G203-p30,purpose-made chamber with a swept/curved channel. NOT a bend chamber: the user refused that on 2026-08-20 (~200 chambers for no construction benefit)
N0037034,P0-L-MH37034,461847.223,2569250.493,lateral,junction,89.15,E0037520,E0036275,2,below 90 deg - G203-p30,purpose-made chamber with a swept/curved channel. NOT a bend chamber: the user refused that on 2026-08-20 (~200 chambers for no construction benefit)
N0033918,P0-M-MH33918,460238.484,2570099.072,main,junction,89.16,E0034645,E0033159,2,below 90 deg - G203-p30,purpose-made chamber with a swept/curved channel. NOT a bend chamber: the user refused that on 2026-08-20 (~200 chambers for no construction benefit)
N0030154,P0-SM-MH30154,451276.749,2563919.562,sub main,junction,89.16,E0030966,E0029395,2,below 90 deg - G203-p30,purpose-made chamber with a swept/curved channel. NOT a bend chamber: the user refused that on 2026-08-20 (~200 chambers for no construction benefit)
N0017638,P0-L-MH17638,461472.426,2579199.814,lateral,chamber,89.16,E0016878,E0016879,1,below 90 deg - G203-p30,purpose-made chamber with a swept/curved channel. NOT a bend chamber: the user refused that on 2026-08-20 (~200 chambers for no construction benefit)
N0049377,P0-L-MH49377,443874.247,2569256.743,lateral,chamber,89.16,E0048617,E0048618,1,below 90 deg - G203-p30,purpose-made chamber with a swept/curved channel. NOT a bend chamber: the user refused that on 2026-08-20 (~200 chambers for no construction benefit)
N0033145,P0-L-MH33145,451387.376,2566436.038,lateral,junction,89.16,E0033923,E0032386,2,below 90 deg - G203-p30,purpose-made chamber with a swept/curved channel. NOT a bend chamber: the user refused that on 2026-08-20 (~200 chambers for no construction benefit)
N0021029,P0-L-MH21029,456054.035,2568883.158,lateral,chamber,89.16,E0020269,E0020270,1,below 90 deg - G203-p30,purpose-made chamber with a swept/curved channel. NOT a bend chamber: the user refused that on 2026-08-20 (~200 chambers for no construction benefit)
N0043936,P0-L-MH43936,455402.361,2570521.511,lateral,chamber,89.16,E0043176,E0043177,1,below 90 deg - G203-p30,purpose-made chamber with a swept/curved channel. NOT a bend chamber: the user refused that on 2026-08-20 (~200 chambers for no construction benefit)
N0043945,P0-L-MH43945,456061.537,2571135.692,lateral,junction,89.16,E0043791,E0043186,2,below 90 deg - G203-p30,purpose-made chamber with a swept/curved channel. NOT a bend chamber: the user refused that on 2026-08-20 (~200 chambers for no construction benefit)
N0041224,P0-L-MH41224,447692.367,2566438.088,lateral,junction,89.16,E0041458,E0040465,2,below 90 deg - G203-p30,purpose-made chamber with a swept/curved channel. NOT a bend chamber: the user refused that on 2026-08-20 (~200 chambers for no construction benefit)
N0021306,P0-M-MH21306,461310.749,2577716.048,main,junction,89.16,E0022413,E0020547,2,below 90 deg - G203-p30,purpose-made chamber with a swept/curved channel. NOT a bend chamber: the user refused that on 2026-08-20 (~200 chambers for no construction benefit)
N0034054,P0-L-MH34054,454161.212,2569715.184,lateral,junction,89.17,E0034747,E0033295,2,below 90 deg - G203-p30,purpose-made chamber with a swept/curved channel. NOT a bend chamber: the user refused that on 2026-08-20 (~200 chambers for no construction benefit)
N0049058,P0-SM-MH49058,443695.304,2568991.36,sub main,junction,89.17,E0048352,E0048299,2,below 90 deg - G203-p30,purpose-made chamber with a swept/curved channel. NOT a bend chamber: the user refused that on 2026-08-20 (~200 chambers for no construction benefit)
N0038427,P0-L-MH38427,461130.862,2570236.475,lateral,chamber,89.17,E0037667,E0037668,1,below 90 deg - G203-p30,purpose-made chamber with a swept/curved channel. NOT a bend chamber: the user refused that on 2026-08-20 (~200 chambers for no construction benefit)
N0034462,P0-L-MH34462,446244.963,2560717.44,lateral,junction,89.17,E0035100,E0033703,2,below 90 deg - G203-p30,purpose-made chamber with a swept/curved channel. NOT a bend chamber: the user refused that on 2026-08-20 (~200 chambers for no construction benefit)
N0010708,P0-L-MH10708,450185.228,2569120.468,lateral,junction,89.18,E0011598,E0009949,2,below 90 deg - G203-p30,purpose-made chamber with a swept/curved channel. NOT a bend chamber: the user refused that on 2026-08-20 (~200 chambers for no construction benefit)
N0044729,P0-L-MH44729,454629.856,2576635.451,lateral,junction,89.18,E0044532,E0043970,2,below 90 deg - G203-p30,purpose-made chamber with a swept/curved channel. NOT a bend chamber: the user refused that on 2026-08-20 (~200 chambers for no construction benefit)
N0037235,P0-L-MH37235,459077.738,2571014.132,lateral,chamber,89.18,E0036475,E0036476,1,below 90 deg - G203-p30,purpose-made chamber with a swept/curved channel. NOT a bend chamber: the user refused that on 2026-08-20 (~200 chambers for no construction benefit)
N0042459,P0-M-MH42459,447045.0,2569992.808,main,chamber,89.18,E0041699,E0041700,1,below 90 deg - G203-p30,purpose-made chamber with a swept/curved channel. NOT a bend chamber: the user refused that on 2026-08-20 (~200 chambers for no construction benefit)
N0000199,P0-TM-MH0199,470124.395,2564103.752,trunk main,junction,89.19,E0005642,E0000191,2,below 90 deg - G203-p30,purpose-made chamber with a swept/curved channel. NOT a bend chamber: the user refused that on 2026-08-20 (~200 chambers for no construction benefit)
N0007979,P0-L-MH7979,436299.372,2574140.176,lateral,chamber,89.19,E0007219,E0007220,1,below 90 deg - G203-p30,purpose-made chamber with a swept/curved channel. NOT a bend chamber: the user refused that on 2026-08-20 (~200 chambers for no construction benefit)
N0046406,P0-L-MH46406,447799.18,2568452.439,lateral,junction,89.19,E0045996,E0045647,2,below 90 deg - G203-p30,purpose-made chamber with a swept/curved channel. NOT a bend chamber: the user refused that on 2026-08-20 (~200 chambers for no construction benefit)
N0037114,P0-M-MH37114,460198.499,2571210.221,main,junction,89.19,E0037685,E0036355,2,below 90 deg - G203-p30,purpose-made chamber with a swept/curved channel. NOT a bend chamber: the user refused that on 2026-08-20 (~200 chambers for no construction benefit)
N0019493,P0-L-MH19493,455364.363,2568915.134,lateral,junction,89.19,E0020396,E0018734,2,below 90 deg - G203-p30,purpose-made chamber with a swept/curved channel. NOT a bend chamber: the user refused that on 2026-08-20 (~200 chambers for no construction benefit)
N0000758,P0-SM-MH0758,449789.272,2573898.958,sub main,junction,89.2,E0005947,E0000690,2,below 90 deg - G203-p30,purpose-made chamber with a swept/curved channel. NOT a bend chamber: the user refused that on 2026-08-20 (~200 chambers for no construction benefit)
N0038543,P0-SM-MH38543,456937.979,2572306.596,sub main,junction,89.2,E0038869,E0037784,2,below 90 deg - G203-p30,purpose-made chamber with a swept/curved channel. NOT a bend chamber: the user refused that on 2026-08-20 (~200 chambers for no construction benefit)
N0045471,P0-M-MH45471,448450.931,2565882.99,main,junction,89.2,E0045160,E0044712,2,below 90 deg - G203-p30,purpose-made chamber with a swept/curved channel. NOT a bend chamber: the user refused that on 2026-08-20 (~200 chambers for no construction benefit)
N0043162,P0-M-MH43162,459899.586,2576739.307,main,junction,89.2,E0043068,E0042403,2,below 90 deg - G203-p30,purpose-made chamber with a swept/curved channel. NOT a bend chamber: the user refused that on 2026-08-20 (~200 chambers for no construction benefit)
N0009208,P0-M-MH9208,470024.132,2564065.385,main,chamber,89.2,E0010301,E0008449,1,below 90 deg - G203-p30,purpose-made chamber with a swept/curved channel. NOT a bend chamber: the user refused that on 2026-08-20 (~200 chambers for no construction benefit)
N0014520,P0-M-MH14520,463117.908,2577787.503,main,junction,89.21,E0015496,E0013761,2,below 90 deg - G203-p30,purpose-made chamber with a swept/curved channel. NOT a bend chamber: the user refused that on 2026-08-20 (~200 chambers for no construction benefit)
N0042305,P0-L-MH42305,461064.929,2569383.21,lateral,chamber,89.21,E0041545,E0041546,1,below 90 deg - G203-p30,purpose-made chamber with a swept/curved channel. NOT a bend chamber: the user refused that on 2026-08-20 (~200 chambers for no construction benefit)
N0036000,P0-L-MH36000,452976.811,2574347.798,lateral,junction,89.21,E0036719,E0035241,2,below 90 deg - G203-p30,purpose-made chamber with a swept/curved channel. NOT a bend chamber: the user refused that on 2026-08-20 (~200 chambers for no construction benefit)
N0023390,P0-L-MH23390,455493.371,2569538.648,lateral,junction,89.21,E0024275,E0022631,2,below 90 deg - G203-p30,purpose-made chamber with a swept/curved channel. NOT a bend chamber: the user refused that on 2026-08-20 (~200 chambers for no construction benefit)
N0037876,P0-M-MH37876,447717.524,2566864.42,main,chamber,89.21,E0037116,E0037117,1,below 90 deg - G203-p30,purpose-made chamber with a swept/curved channel. NOT a bend chamber: the user refused that on 2026-08-20 (~200 chambers for no construction benefit)
N0006186,P0-TM-MH6186,467201.535,2565096.897,trunk main,junction,89.21,E0008178,E0005427,3,below 90 deg - G203-p30,purpose-made chamber with a swept/curved channel. NOT a bend chamber: the user refused that on 2026-08-20 (~200 chambers for no construction benefit)
N0039930,P0-L-MH39930,451887.417,2565055.857,lateral,chamber,89.22,E0039170,E0039171,1,below 90 deg - G203-p30,purpose-made chamber with a swept/curved channel. NOT a bend chamber: the user refused that on 2026-08-20 (~200 chambers for no construction benefit)
N0021226,P0-L-MH21226,451775.271,2569522.957,lateral,junction,89.22,E0022270,E0020467,2,below 90 deg - G203-p30,purpose-made chamber with a swept/curved channel. NOT a bend chamber: the user refused that on 2026-08-20 (~200 chambers for no construction benefit)
N0010431,P0-L-MH10431,457797.596,2577003.091,lateral,chamber,89.22,E0009671,E0009672,1,below 90 deg - G203-p30,purpose-made chamber with a swept/curved channel. NOT a bend chamber: the user refused that on 2026-08-20 (~200 chambers for no construction benefit)
N0046776,P0-L-MH46776,447843.758,2568513.875,lateral,chamber,89.22,E0046016,E0046017,1,below 90 deg - G203-p30,purpose-made chamber with a swept/curved channel. NOT a bend chamber: the user refused that on 2026-08-20 (~200 chambers for no construction benefit)
N0043786,P0-M-MH43786,445303.171,2565243.977,main,junction,89.22,E0043628,E0043027,2,below 90 deg - G203-p30,purpose-made chamber with a swept/curved channel. NOT a bend chamber: the user refused that on 2026-08-20 (~200 chambers for no construction benefit)
N0030167,P0-L-MH30167,451367.691,2563704.18,lateral,chamber,89.22,E0029407,E0029408,1,below 90 deg - G203-p30,purpose-made chamber with a swept/curved channel. NOT a bend chamber: the user refused that on 2026-08-20 (~200 chambers for no construction benefit)
N0014238,P0-M-MH14238,450500.539,2568000.024,main,junction,89.22,E0015141,E0013479,2,below 90 deg - G203-p30,purpose-made chamber with a swept/curved channel. NOT a bend chamber: the user refused that on 2026-08-20 (~200 chambers for no construction benefit)
N0019106,P0-M-MH19106,446966.259,2566875.129,main,junction,89.23,E0019844,E0018347,2,below 90 deg - G203-p30,purpose-made chamber with a swept/curved channel. NOT a bend chamber: the user refused that on 2026-08-20 (~200 chambers for no construction benefit)
N0007532,P0-M-MH7532,454941.34,2574602.036,main,junction,89.23,E0009425,E0006773,2,below 90 deg - G203-p30,purpose-made chamber with a swept/curved channel. NOT a bend chamber: the user refused that on 2026-08-20 (~200 chambers for no construction benefit)
N0015005,P0-L-MH15005,450539.632,2565350.064,lateral,junction,89.23,E0015984,E0014246,2,below 90 deg - G203-p30,purpose-made chamber with a swept/curved channel. NOT a bend chamber: the user refused that on 2026-08-20 (~200 chambers for no construction benefit)
N0010186,P0-M-MH10186,455268.799,2574538.016,main,junction,89.23,E0011191,E0009427,2,below 90 deg - G203-p30,purpose-made chamber with a swept/curved channel. NOT a bend chamber: the user refused that on 2026-08-20 (~200 chambers for no construction benefit)
N0006781,P0-SM-MH6781,456343.634,2567587.873,sub main,junction,89.23,E0008853,E0006022,2,below 90 deg - G203-p30,purpose-made chamber with a swept/curved channel. NOT a bend chamber: the user refused that on 2026-08-20 (~200 chambers for no construction benefit)
N0040299,P0-L-MH40299,446194.828,2566200.765,lateral,junction,89.24,E0040542,E0039540,2,below 90 deg - G203-p30,purpose-made chamber with a swept/curved channel. NOT a bend chamber: the user refused that on 2026-08-20 (~200 chambers for no construction benefit)
N0016473,P0-L-MH16473,451315.361,2569973.681,lateral,chamber,89.24,E0015713,E0015714,1,below 90 deg - G203-p30,purpose-made chamber with a swept/curved channel. NOT a bend chamber: the user refused that on 2026-08-20 (~200 chambers for no construction benefit)
N0015701,P0-TM-MH15701,455571.579,2576359.691,trunk main,junction,89.24,E0016561,E0014942,2,below 90 deg - G203-p30,purpose-made chamber with a swept/curved channel. NOT a bend chamber: the user refused that on 2026-08-20 (~200 chambers for no construction benefit)
N0010647,P0-SM-MH10647,451053.784,2567381.787,sub main,junction,89.24,E0011522,E0009888,2,below 90 deg - G203-p30,purpose-made chamber with a swept/curved channel. NOT a bend chamber: the user refused that on 2026-08-20 (~200 chambers for no construction benefit)
N0001669,P0-L-MH1669,453721.358,2574266.398,lateral,junction,89.24,E0006547,E0001532,2,below 90 deg - G203-p30,purpose-made chamber with a swept/curved channel. NOT a bend chamber: the user refused that on 2026-08-20 (~200 chambers for no construction benefit)
N0019318,P0-SM-MH19318,453372.149,2567954.527,sub main,junction,89.24,E0020114,E0018559,2,below 90 deg - G203-p30,purpose-made chamber with a swept/curved channel. NOT a bend chamber: the user refused that on 2026-08-20 (~200 chambers for no construction benefit)
N0001455,P0-L-MH1455,449768.939,2571029.269,lateral,junction,89.25,E0006487,E0001341,3,below 90 deg - G203-p30,purpose-made chamber with a swept/curved channel. NOT a bend chamber: the user refused that on 2026-08-20 (~200 chambers for no construction benefit)
N0017380,P0-L-MH17380,450134.696,2568804.432,lateral,chamber,89.25,E0016620,E0016621,1,below 90 deg - G203-p30,purpose-made chamber with a swept/curved channel. NOT a bend chamber: the user refused that on 2026-08-20 (~200 chambers for no construction benefit)
N0040604,P0-L-MH40604,453855.841,2570301.114,lateral,junction,89.25,E0040811,E0039845,2,below 90 deg - G203-p30,purpose-made chamber with a swept/curved channel. NOT a bend chamber: the user refused that on 2026-08-20 (~200 chambers for no construction benefit)
N0037364,P0-L-MH37364,456889.638,2572240.776,lateral,chamber,89.25,E0036604,E0036605,1,below 90 deg - G203-p30,purpose-made chamber with a swept/curved channel. NOT a bend chamber: the user refused that on 2026-08-20 (~200 chambers for no construction benefit)
N0014145,P0-L-MH14145,450282.825,2569366.865,lateral,junction,89.26,E0015095,E0013386,2,below 90 deg - G203-p30,purpose-made chamber with a swept/curved channel. NOT a bend chamber: the user refused that on 2026-08-20 (~200 chambers for no construction benefit)
N0031042,P0-M-MH31042,451342.95,2569339.482,main,junction,89.26,E0031811,E0030283,2,below 90 deg - G203-p30,purpose-made chamber with a swept/curved channel. NOT a bend chamber: the user refused that on 2026-08-20 (~200 chambers for no construction benefit)
N0035359,P0-L-MH35359,445750.188,2561832.235,lateral,chamber,89.26,E0034599,E0034600,1,below 90 deg - G203-p30,purpose-made chamber with a swept/curved channel. NOT a bend chamber: the user refused that on 2026-08-20 (~200 chambers for no construction benefit)
N0015090,P0-L-MH15090,446667.656,2558586.332,lateral,junction,89.26,E0016075,E0014331,2,below 90 deg - G203-p30,purpose-made chamber with a swept/curved channel. NOT a bend chamber: the user refused that on 2026-08-20 (~200 chambers for no construction benefit)
N0031639,P0-L-MH31639,450059.089,2566391.491,lateral,chamber,89.27,E0030879,E0030880,1,below 90 deg - G203-p30,purpose-made chamber with a swept/curved channel. NOT a bend chamber: the user refused that on 2026-08-20 (~200 chambers for no construction benefit)
N0026071,P0-L-MH26071,454069.786,2567986.446,lateral,chamber,89.27,E0025311,E0025312,1,below 90 deg - G203-p30,purpose-made chamber with a swept/curved channel. NOT a bend chamber: the user refused that on 2026-08-20 (~200 chambers for no construction benefit)
N0024622,P0-M-MH24622,451485.256,2568831.939,main,junction,89.27,E0025527,E0023863,2,below 90 deg - G203-p30,purpose-made chamber with a swept/curved channel. NOT a bend chamber: the user refused that on 2026-08-20 (~200 chambers for no construction benefit)
N0047769,P0-L-MH47769,445951.59,2568008.927,lateral,junction,89.28,E0047133,E0047010,2,below 90 deg - G203-p30,purpose-made chamber with a swept/curved channel. NOT a bend chamber: the user refused that on 2026-08-20 (~200 chambers for no construction benefit)
N0008071,P0-M-MH8071,446202.888,2564293.936,main,junction,89.28,E0009716,E0007312,2,below 90 deg - G203-p30,purpose-made chamber with a swept/curved channel. NOT a bend chamber: the user refused that on 2026-08-20 (~200 chambers for no construction benefit)
N0043912,P0-L-MH43912,448355.23,2567853.201,lateral,chamber,89.28,E0043152,E0043153,1,below 90 deg - G203-p30,purpose-made chamber with a swept/curved channel. NOT a bend chamber: the user refused that on 2026-08-20 (~200 chambers for no construction benefit)
N0019345,P0-L-MH19345,464137.323,2578462.868,lateral,junction,89.28,E0020101,E0018586,2,below 90 deg - G203-p30,purpose-made chamber with a swept/curved channel. NOT a bend chamber: the user refused that on 2026-08-20 (~200 chambers for no construction benefit)
N0047458,P0-SM-MH47458,454638.717,2577998.401,sub main,chamber,89.28,E0046698,E0046699,1,below 90 deg - G203-p30,purpose-made chamber with a swept/curved channel. NOT a bend chamber: the user refused that on 2026-08-20 (~200 chambers for no construction benefit)
N0027951,P0-SM-MH27951,460857.443,2568723.643,sub main,junction,89.29,E0028595,E0027192,2,below 90 deg - G203-p30,purpose-made chamber with a swept/curved channel. NOT a bend chamber: the user refused that on 2026-08-20 (~200 chambers for no construction benefit)
N0014497,P0-L-MH14497,455428.85,2568102.886,lateral,junction,89.29,E0015493,E0013738,2,below 90 deg - G203-p30,purpose-made chamber with a swept/curved channel. NOT a bend chamber: the user refused that on 2026-08-20 (~200 chambers for no construction benefit)
N0024600,P0-M-MH24600,445092.972,2566508.193,main,junction,89.29,E0025523,E0023841,2,below 90 deg - G203-p30,purpose-made chamber with a swept/curved channel. NOT a bend chamber: the user refused that on 2026-08-20 (~200 chambers for no construction benefit)
N0030211,P0-L-MH30211,447108.861,2573283.258,lateral,junction,89.29,E0031022,E0029452,2,below 90 deg - G203-p30,purpose-made chamber with a swept/curved channel. NOT a bend chamber: the user refused that on 2026-08-20 (~200 chambers for no construction benefit)
N0039254,P0-M-MH39254,450468.8,2568945.397,main,junction,89.29,E0039544,E0038495,3,below 90 deg - G203-p30,purpose-made chamber with a swept/curved channel. NOT a bend chamber: the user refused that on 2026-08-20 (~200 chambers for no construction benefit)
N0049318,P0-M-MH49318,441878.07,2569697.95,main,junction,89.3,E0048660,E0048559,2,below 90 deg - G203-p30,purpose-made chamber with a swept/curved channel. NOT a bend chamber: the user refused that on 2026-08-20 (~200 chambers for no construction benefit)
N0017802,P0-SM-MH17802,450768.269,2569933.006,sub main,chamber,89.3,E0017042,E0017043,1,below 90 deg - G203-p30,purpose-made chamber with a swept/curved channel. NOT a bend chamber: the user refused that on 2026-08-20 (~200 chambers for no construction benefit)
N0004024,P0-M-MH4024,446162.171,2564222.193,main,junction,89.3,E0007311,E0003555,2,below 90 deg - G203-p30,purpose-made chamber with a swept/curved channel. NOT a bend chamber: the user refused that on 2026-08-20 (~200 chambers for no construction benefit)
N0042325,P0-L-MH42325,448253.299,2570232.97,lateral,chamber,89.3,E0041565,E0041566,1,below 90 deg - G203-p30,purpose-made chamber with a swept/curved channel. NOT a bend chamber: the user refused that on 2026-08-20 (~200 chambers for no construction benefit)
N0022657,P0-M-MH22657,459446.817,2569520.088,main,junction,89.31,E0023633,E0021898,2,below 90 deg - G203-p30,purpose-made chamber with a swept/curved channel. NOT a bend chamber: the user refused that on 2026-08-20 (~200 chambers for no construction benefit)
N0033929,P0-L-MH33929,454255.751,2569147.211,lateral,junction,89.31,E0034733,E0033170,2,below 90 deg - G203-p30,purpose-made chamber with a swept/curved channel. NOT a bend chamber: the user refused that on 2026-08-20 (~200 chambers for no construction benefit)
N0038117,P0-M-MH38117,460839.251,2569291.899,main,junction,89.31,E0038603,E0037358,2,below 90 deg - G203-p30,purpose-made chamber with a swept/curved channel. NOT a bend chamber: the user refused that on 2026-08-20 (~200 chambers for no construction benefit)
N0029174,P0-L-MH29174,453411.864,2572101.485,lateral,junction,89.31,E0030126,E0028415,2,below 90 deg - G203-p30,purpose-made chamber with a swept/curved channel. NOT a bend chamber: the user refused that on 2026-08-20 (~200 chambers for no construction benefit)
N0046036,P0-L-MH46036,447946.332,2568319.849,lateral,junction,89.32,E0045651,E0045277,2,below 90 deg - G203-p30,purpose-made chamber with a swept/curved channel. NOT a bend chamber: the user refused that on 2026-08-20 (~200 chambers for no construction benefit)
N0024497,P0-L-MH24497,453836.499,2573083.684,lateral,chamber,89.32,E0023737,E0023738,1,below 90 deg - G203-p30,purpose-made chamber with a swept/curved channel. NOT a bend chamber: the user refused that on 2026-08-20 (~200 chambers for no construction benefit)
N0020982,P0-M-MH20982,445643.111,2566716.565,main,junction,89.32,E0021989,E0020223,2,below 90 deg - G203-p30,purpose-made chamber with a swept/curved channel. NOT a bend chamber: the user refused that on 2026-08-20 (~200 chambers for no construction benefit)
N0024464,P0-L-MH24464,450943.348,2569464.791,lateral,junction,89.32,E0025319,E0023705,2,below 90 deg - G203-p30,purpose-made chamber with a swept/curved channel. NOT a bend chamber: the user refused that on 2026-08-20 (~200 chambers for no construction benefit)
N0030611,P0-L-MH30611,446750.701,2564470.209,lateral,chamber,89.32,E0029851,E0029852,1,below 90 deg - G203-p30,purpose-made chamber with a swept/curved channel. NOT a bend chamber: the user refused that on 2026-08-20 (~200 chambers for no construction benefit)
N0035553,P0-L-MH35553,445444.331,2561577.552,lateral,chamber,89.33,E0036264,E0034794,1,below 90 deg - G203-p30,purpose-made chamber with a swept/curved channel. NOT a bend chamber: the user refused that on 2026-08-20 (~200 chambers for no construction benefit)
N0012595,P0-M-MH12595,455905.403,2576326.947,main,junction,89.33,E0013913,E0011836,2,below 90 deg - G203-p30,purpose-made chamber with a swept/curved channel. NOT a bend chamber: the user refused that on 2026-08-20 (~200 chambers for no construction benefit)
N0019513,P0-L-MH19513,450553.967,2568067.899,lateral,chamber,89.33,E0018753,E0018754,1,below 90 deg - G203-p30,purpose-made chamber with a swept/curved channel. NOT a bend chamber: the user refused that on 2026-08-20 (~200 chambers for no construction benefit)
N0011882,P0-L-MH11882,449803.342,2564721.074,lateral,chamber,89.34,E0011122,E0011123,1,below 90 deg - G203-p30,purpose-made chamber with a swept/curved channel. NOT a bend chamber: the user refused that on 2026-08-20 (~200 chambers for no construction benefit)
N0022996,P0-L-MH22996,445395.737,2566518.81,lateral,chamber,89.34,E0022236,E0022237,1,below 90 deg - G203-p30,purpose-made chamber with a swept/curved channel. NOT a bend chamber: the user refused that on 2026-08-20 (~200 chambers for no construction benefit)
N0039533,P0-L-MH39533,461311.443,2569893.69,lateral,chamber,89.34,E0038773,E0038774,1,below 90 deg - G203-p30,purpose-made chamber with a swept/curved channel. NOT a bend chamber: the user refused that on 2026-08-20 (~200 chambers for no construction benefit)
N0012727,P0-SM-MH12727,455360.028,2568290.171,sub main,junction,89.34,E0013744,E0011968,2,below 90 deg - G203-p30,purpose-made chamber with a swept/curved channel. NOT a bend chamber: the user refused that on 2026-08-20 (~200 chambers for no construction benefit)
N0037755,P0-L-MH37755,450981.259,2572202.373,lateral,junction,89.34,E0038213,E0036996,2,below 90 deg - G203-p30,purpose-made chamber with a swept/curved channel. NOT a bend chamber: the user refused that on 2026-08-20 (~200 chambers for no construction benefit)
N0017356,P0-SM-MH17356,445682.239,2562939.336,sub main,junction,89.35,E0018228,E0016597,2,below 90 deg - G203-p30,purpose-made chamber with a swept/curved channel. NOT a bend chamber: the user refused that on 2026-08-20 (~200 chambers for no construction benefit)
N0035490,P0-L-MH35490,454483.438,2569001.597,lateral,chamber,89.35,E0034730,E0034731,1,below 90 deg - G203-p30,purpose-made chamber with a swept/curved channel. NOT a bend chamber: the user refused that on 2026-08-20 (~200 chambers for no construction benefit)
N0037440,P0-SM-MH37440,453254.205,2575591.751,sub main,junction,89.35,E0037903,E0036681,2,below 90 deg - G203-p30,purpose-made chamber with a swept/curved channel. NOT a bend chamber: the user refused that on 2026-08-20 (~200 chambers for no construction benefit)
N0007652,P0-L-MH7652,446156.582,2566689.72,lateral,junction,89.35,E0009571,E0006893,3,below 90 deg - G203-p30,purpose-made chamber with a swept/curved channel. NOT a bend chamber: the user refused that on 2026-08-20 (~200 chambers for no construction benefit)
N0034361,P0-L-MH34361,458965.592,2570971.092,lateral,junction,89.35,E0034933,E0033602,3,below 90 deg - G203-p30,purpose-made chamber with a swept/curved channel. NOT a bend chamber: the user refused that on 2026-08-20 (~200 chambers for no construction benefit)
N0031550,P0-L-MH31550,452323.365,2575594.045,lateral,chamber,89.35,E0030790,E0030791,1,below 90 deg - G203-p30,purpose-made chamber with a swept/curved channel. NOT a bend chamber: the user refused that on 2026-08-20 (~200 chambers for no construction benefit)
N0026282,P0-L-MH26282,445060.308,2566563.412,lateral,chamber,89.35,E0025522,E0025523,1,below 90 deg - G203-p30,purpose-made chamber with a swept/curved channel. NOT a bend chamber: the user refused that on 2026-08-20 (~200 chambers for no construction benefit)
N0014007,P0-SM-MH14007,458989.119,2577355.624,sub main,junction,89.36,E0015623,E0013248,2,below 90 deg - G203-p30,purpose-made chamber with a swept/curved channel. NOT a bend chamber: the user refused that on 2026-08-20 (~200 chambers for no construction benefit)
N0008715,P0-TM-MH8715,451885.925,2572714.096,trunk main,junction,89.36,E0010099,E0007956,2,below 90 deg - G203-p30,purpose-made chamber with a swept/curved channel. NOT a bend chamber: the user refused that on 2026-08-20 (~200 chambers for no construction benefit)
N0034643,P0-L-MH34643,449998.528,2566541.67,lateral,junction,89.37,E0035332,E0033884,2,below 90 deg - G203-p30,purpose-made chamber with a swept/curved channel. NOT a bend chamber: the user refused that on 2026-08-20 (~200 chambers for no construction benefit)
N0010263,P0-M-MH10263,457082.722,2576718.974,main,junction,89.37,E0011247,E0009504,2,below 90 deg - G203-p30,purpose-made chamber with a swept/curved channel. NOT a bend chamber: the user refused that on 2026-08-20 (~200 chambers for no construction benefit)
N0011418,P0-L-MH11418,447213.686,2557141.091,lateral,junction,89.37,E0012466,E0010659,2,below 90 deg - G203-p30,purpose-made chamber with a swept/curved channel. NOT a bend chamber: the user refused that on 2026-08-20 (~200 chambers for no construction benefit)
N0043231,P0-M-MH43231,462137.782,2570189.158,main,junction,89.37,E0043144,E0042472,2,below 90 deg - G203-p30,purpose-made chamber with a swept/curved channel. NOT a bend chamber: the user refused that on 2026-08-20 (~200 chambers for no construction benefit)
N0023939,P0-L-MH23939,459177.958,2578365.07,lateral,junction,89.37,E0024925,E0023180,2,below 90 deg - G203-p30,purpose-made chamber with a swept/curved channel. NOT a bend chamber: the user refused that on 2026-08-20 (~200 chambers for no construction benefit)
N0048037,P0-SM-MH48037,444117.524,2567915.488,sub main,junction,89.37,E0047354,E0047278,2,below 90 deg - G203-p30,purpose-made chamber with a swept/curved channel. NOT a bend chamber: the user refused that on 2026-08-20 (~200 chambers for no construction benefit)
N0049079,P0-M-MH49079,441954.757,2569357.879,main,junction,89.38,E0048374,E0048320,2,below 90 deg - G203-p30,purpose-made chamber with a swept/curved channel. NOT a bend chamber: the user refused that on 2026-08-20 (~200 chambers for no construction benefit)
N0022337,P0-L-MH22337,445367.14,2562780.31,lateral,junction,89.38,E0023325,E0021578,2,below 90 deg - G203-p30,purpose-made chamber with a swept/curved channel. NOT a bend chamber: the user refused that on 2026-08-20 (~200 chambers for no construction benefit)
N0025791,P0-M-MH25791,453188.448,2572338.422,main,junction,89.38,E0026860,E0025032,2,below 90 deg - G203-p30,purpose-made chamber with a swept/curved channel. NOT a bend chamber: the user refused that on 2026-08-20 (~200 chambers for no construction benefit)
N0001668,P0-L-MH1668,435308.748,2575158.823,lateral,chamber,89.38,E0001530,E0001531,1,below 90 deg - G203-p30,purpose-made chamber with a swept/curved channel. NOT a bend chamber: the user refused that on 2026-08-20 (~200 chambers for no construction benefit)
N0045709,P0-L-MH45709,453597.331,2574832.866,lateral,chamber,89.38,E0045339,E0044950,1,below 90 deg - G203-p30,purpose-made chamber with a swept/curved channel. NOT a bend chamber: the user refused that on 2026-08-20 (~200 chambers for no construction benefit)
N0027833,P0-L-MH27833,453940.324,2568671.69,lateral,chamber,89.39,E0027073,E0027074,1,below 90 deg - G203-p30,purpose-made chamber with a swept/curved channel. NOT a bend chamber: the user refused that on 2026-08-20 (~200 chambers for no construction benefit)
N0025341,P0-M-MH25341,448676.749,2572151.979,main,junction,89.39,E0026298,E0024582,2,below 90 deg - G203-p30,purpose-made chamber with a swept/curved channel. NOT a bend chamber: the user refused that on 2026-08-20 (~200 chambers for no construction benefit)
N0044384,P0-M-MH44384,445221.085,2565230.496,main,junction,89.39,E0044251,E0043625,2,below 90 deg - G203-p30,purpose-made chamber with a swept/curved channel. NOT a bend chamber: the user refused that on 2026-08-20 (~200 chambers for no construction benefit)
N0039225,P0-L-MH39225,446289.469,2566034.001,lateral,junction,89.39,E0039543,E0038466,2,below 90 deg - G203-p30,purpose-made chamber with a swept/curved channel. NOT a bend chamber: the user refused that on 2026-08-20 (~200 chambers for no construction benefit)
N0038125,P0-L-MH38125,460939.991,2569065.959,lateral,chamber,89.39,E0037365,E0037366,1,below 90 deg - G203-p30,purpose-made chamber with a swept/curved channel. NOT a bend chamber: the user refused that on 2026-08-20 (~200 chambers for no construction benefit)
N0017682,P0-L-MH17682,445970.391,2566856.431,lateral,junction,89.39,E0018576,E0016923,2,below 90 deg - G203-p30,purpose-made chamber with a swept/curved channel. NOT a bend chamber: the user refused that on 2026-08-20 (~200 chambers for no construction benefit)
N0032669,P0-L-MH32669,447915.696,2569814.843,lateral,junction,89.39,E0033435,E0031910,2,below 90 deg - G203-p30,purpose-made chamber with a swept/curved channel. NOT a bend chamber: the user refused that on 2026-08-20 (~200 chambers for no construction benefit)
N0036208,P0-L-MH36208,451624.285,2564755.28,lateral,junction,89.39,E0036900,E0035449,2,below 90 deg - G203-p30,purpose-made chamber with a swept/curved channel. NOT a bend chamber: the user refused that on 2026-08-20 (~200 chambers for no construction benefit)
N0023196,P0-L-MH23196,444523.745,2566516.664,lateral,chamber,89.4,E0022436,E0022437,1,below 90 deg - G203-p30,purpose-made chamber with a swept/curved channel. NOT a bend chamber: the user refused that on 2026-08-20 (~200 chambers for no construction benefit)
N0024769,P0-L-MH24769,444797.938,2566671.683,lateral,chamber,89.4,E0024009,E0024010,1,below 90 deg - G203-p30,purpose-made chamber with a swept/curved channel. NOT a bend chamber: the user refused that on 2026-08-20 (~200 chambers for no construction benefit)
N0040234,P0-L-MH40234,447723.395,2565815.712,lateral,junction,89.4,E0040489,E0039475,2,below 90 deg - G203-p30,purpose-made chamber with a swept/curved channel. NOT a bend chamber: the user refused that on 2026-08-20 (~200 chambers for no construction benefit)
N0031058,P0-M-MH31058,460375.045,2569753.49,main,chamber,89.4,E0030298,E0030299,1,below 90 deg - G203-p30,purpose-made chamber with a swept/curved channel. NOT a bend chamber: the user refused that on 2026-08-20 (~200 chambers for no construction benefit)
N0017374,P0-L-MH17374,445585.994,2563036.501,lateral,chamber,89.4,E0016614,E0016615,1,below 90 deg - G203-p30,purpose-made chamber with a swept/curved channel. NOT a bend chamber: the user refused that on 2026-08-20 (~200 chambers for no construction benefit)
N0011419,P0-M-MH11419,447314.497,2557206.505,main,junction,89.4,E0012480,E0010660,2,below 90 deg - G203-p30,purpose-made chamber with a swept/curved channel. NOT a bend chamber: the user refused that on 2026-08-20 (~200 chambers for no construction benefit)
N0047166,P0-L-MH47166,448601.962,2565486.899,lateral,chamber,89.4,E0046406,E0046407,1,below 90 deg - G203-p30,purpose-made chamber with a swept/curved channel. NOT a bend chamber: the user refused that on 2026-08-20 (~200 chambers for no construction benefit)
N0012983,P0-L-MH12983,442049.901,2568286.858,lateral,chamber,89.4,E0012223,E0012224,1,below 90 deg - G203-p30,purpose-made chamber with a swept/curved channel. NOT a bend chamber: the user refused that on 2026-08-20 (~200 chambers for no construction benefit)
N0044839,P0-L-MH44839,459708.34,2567608.628,lateral,junction,89.41,E0044643,E0044080,2,below 90 deg - G203-p30,purpose-made chamber with a swept/curved channel. NOT a bend chamber: the user refused that on 2026-08-20 (~200 chambers for no construction benefit)
N0019375,P0-L-MH19375,455728.334,2568545.4,lateral,chamber,89.41,E0018615,E0018616,1,below 90 deg - G203-p30,purpose-made chamber with a swept/curved channel. NOT a bend chamber: the user refused that on 2026-08-20 (~200 chambers for no construction benefit)
N0019260,P0-M-MH19260,446184.743,2566541.676,main,junction,89.41,E0020182,E0018501,2,below 90 deg - G203-p30,purpose-made chamber with a swept/curved channel. NOT a bend chamber: the user refused that on 2026-08-20 (~200 chambers for no construction benefit)
N0041442,P0-L-MH41442,444711.32,2565220.246,lateral,chamber,89.42,E0040682,E0040683,1,below 90 deg - G203-p30,purpose-made chamber with a swept/curved channel. NOT a bend chamber: the user refused that on 2026-08-20 (~200 chambers for no construction benefit)
N0046460,P0-L-MH46460,454660.424,2577866.894,lateral,junction,89.42,E0046060,E0045701,2,below 90 deg - G203-p30,purpose-made chamber with a swept/curved channel. NOT a bend chamber: the user refused that on 2026-08-20 (~200 chambers for no construction benefit)
N0043803,P0-L-MH43803,445180.866,2565460.292,lateral,junction,89.42,E0043656,E0043044,2,below 90 deg - G203-p30,purpose-made chamber with a swept/curved channel. NOT a bend chamber: the user refused that on 2026-08-20 (~200 chambers for no construction benefit)
N0039000,P0-L-MH39000,446369.536,2571975.323,lateral,junction,89.42,E0039362,E0038241,2,below 90 deg - G203-p30,purpose-made chamber with a swept/curved channel. NOT a bend chamber: the user refused that on 2026-08-20 (~200 chambers for no construction benefit)
N0002419,P0-L-MH2419,452002.926,2572517.025,lateral,junction,89.42,E0006970,E0002181,2,below 90 deg - G203-p30,purpose-made chamber with a swept/curved channel. NOT a bend chamber: the user refused that on 2026-08-20 (~200 chambers for no construction benefit)
N0040296,P0-L-MH40296,446210.035,2565987.851,lateral,junction,89.42,E0040545,E0039537,2,below 90 deg - G203-p30,purpose-made chamber with a swept/curved channel. NOT a bend chamber: the user refused that on 2026-08-20 (~200 chambers for no construction benefit)
N0002792,P0-L-MH2792,447541.578,2567365.532,lateral,junction,89.42,E0007134,E0002490,2,below 90 deg - G203-p30,purpose-made chamber with a swept/curved channel. NOT a bend chamber: the user refused that on 2026-08-20 (~200 chambers for no construction benefit)
N0024405,P0-M-MH24405,459293.439,2569533.538,main,junction,89.42,E0025259,E0023646,2,below 90 deg - G203-p30,purpose-made chamber with a swept/curved channel. NOT a bend chamber: the user refused that on 2026-08-20 (~200 chambers for no construction benefit)
N0019245,P0-M-MH19245,473522.338,2574174.409,main,chamber,89.42,E0020076,E0018486,1,below 90 deg - G203-p30,purpose-made chamber with a swept/curved channel. NOT a bend chamber: the user refused that on 2026-08-20 (~200 chambers for no construction benefit)
N0043805,P0-L-MH43805,445195.4,2565377.255,lateral,chamber,89.43,E0043045,E0043046,1,below 90 deg - G203-p30,purpose-made chamber with a swept/curved channel. NOT a bend chamber: the user refused that on 2026-08-20 (~200 chambers for no construction benefit)
N0043271,P0-L-MH43271,462436.625,2569524.006,lateral,chamber,89.43,E0042511,E0042512,1,below 90 deg - G203-p30,purpose-made chamber with a swept/curved channel. NOT a bend chamber: the user refused that on 2026-08-20 (~200 chambers for no construction benefit)
N0014560,P0-M-MH14560,452476.858,2567550.627,main,junction,89.43,E0015481,E0013801,2,below 90 deg - G203-p30,purpose-made chamber with a swept/curved channel. NOT a bend chamber: the user refused that on 2026-08-20 (~200 chambers for no construction benefit)
N0049163,P0-L-MH49163,443703.334,2569065.9,lateral,junction,89.43,E0048498,E0048404,2,below 90 deg - G203-p30,purpose-made chamber with a swept/curved channel. NOT a bend chamber: the user refused that on 2026-08-20 (~200 chambers for no construction benefit)
N0041402,P0-L-MH41402,448326.117,2563269.669,lateral,junction,89.43,E0041550,E0040643,2,below 90 deg - G203-p30,purpose-made chamber with a swept/curved channel. NOT a bend chamber: the user refused that on 2026-08-20 (~200 chambers for no construction benefit)
N0018640,P0-M-MH18640,447051.271,2571953.274,main,junction,89.44,E0019503,E0017881,2,below 90 deg - G203-p30,purpose-made chamber with a swept/curved channel. NOT a bend chamber: the user refused that on 2026-08-20 (~200 chambers for no construction benefit)
N0024033,P0-L-MH24033,452886.906,2572509.884,lateral,chamber,89.44,E0023273,E0023274,1,below 90 deg - G203-p30,purpose-made chamber with a swept/curved channel. NOT a bend chamber: the user refused that on 2026-08-20 (~200 chambers for no construction benefit)
N0012504,P0-L-MH12504,454632.455,2567387.531,lateral,junction,89.44,E0013679,E0011745,2,below 90 deg - G203-p30,purpose-made chamber with a swept/curved channel. NOT a bend chamber: the user refused that on 2026-08-20 (~200 chambers for no construction benefit)
N0042445,P0-M-MH42445,462109.328,2570000.545,main,junction,89.44,E0042454,E0041686,2,below 90 deg - G203-p30,purpose-made chamber with a swept/curved channel. NOT a bend chamber: the user refused that on 2026-08-20 (~200 chambers for no construction benefit)
N0024465,P0-L-MH24465,450881.958,2569532.514,lateral,chamber,89.44,E0023705,E0023706,1,below 90 deg - G203-p30,purpose-made chamber with a swept/curved channel. NOT a bend chamber: the user refused that on 2026-08-20 (~200 chambers for no construction benefit)
N0014648,P0-L-MH14648,452178.902,2566921.614,lateral,chamber,89.44,E0013888,E0013889,1,below 90 deg - G203-p30,purpose-made chamber with a swept/curved channel. NOT a bend chamber: the user refused that on 2026-08-20 (~200 chambers for no construction benefit)
N0041214,P0-L-MH41214,447265.26,2566850.115,lateral,chamber,89.44,E0040454,E0040455,1,below 90 deg - G203-p30,purpose-made chamber with a swept/curved channel. NOT a bend chamber: the user refused that on 2026-08-20 (~200 chambers for no construction benefit)
N0010707,P0-M-MH10707,454060.794,2574721.882,main,junction,89.44,E0011564,E0009948,2,below 90 deg - G203-p30,purpose-made chamber with a swept/curved channel. NOT a bend chamber: the user refused that on 2026-08-20 (~200 chambers for no construction benefit)
N0038132,P0-L-MH38132,445416.636,2560960.274,lateral,junction,89.44,E0038630,E0037373,2,below 90 deg - G203-p30,purpose-made chamber with a swept/curved channel. NOT a bend chamber: the user refused that on 2026-08-20 (~200 chambers for no construction benefit)
N0033864,P0-L-MH33864,445869.054,2561266.599,lateral,junction,89.45,E0034520,E0033105,2,below 90 deg - G203-p30,purpose-made chamber with a swept/curved channel. NOT a bend chamber: the user refused that on 2026-08-20 (~200 chambers for no construction benefit)
N0026980,P0-M-MH26980,467048.09,2565543.99,main,junction,89.45,E0027827,E0026221,2,below 90 deg - G203-p30,purpose-made chamber with a swept/curved channel. NOT a bend chamber: the user refused that on 2026-08-20 (~200 chambers for no construction benefit)
N0014668,P0-L-MH14668,456044.189,2576082.069,lateral,chamber,89.45,E0013908,E0013909,1,below 90 deg - G203-p30,purpose-made chamber with a swept/curved channel. NOT a bend chamber: the user refused that on 2026-08-20 (~200 chambers for no construction benefit)
N0033211,P0-L-MH33211,451684.717,2563197.828,lateral,junction,89.45,E0034009,E0032452,2,below 90 deg - G203-p30,purpose-made chamber with a swept/curved channel. NOT a bend chamber: the user refused that on 2026-08-20 (~200 chambers for no construction benefit)
N0034900,P0-M-MH34900,449050.915,2573434.595,main,junction,89.46,E0035591,E0034141,3,below 90 deg - G203-p30,purpose-made chamber with a swept/curved channel. NOT a bend chamber: the user refused that on 2026-08-20 (~200 chambers for no construction benefit)
N0041546,P0-L-MH41546,461917.646,2570023.76,lateral,junction,89.46,E0041703,E0040787,2,below 90 deg - G203-p30,purpose-made chamber with a swept/curved channel. NOT a bend chamber: the user refused that on 2026-08-20 (~200 chambers for no construction benefit)
N0034363,P0-L-MH34363,458957.006,2570938.084,lateral,chamber,89.46,E0033603,E0033604,1,below 90 deg - G203-p30,purpose-made chamber with a swept/curved channel. NOT a bend chamber: the user refused that on 2026-08-20 (~200 chambers for no construction benefit)
N0022952,P0-L-MH22952,450827.078,2568613.913,lateral,chamber,89.46,E0022192,E0022193,1,below 90 deg - G203-p30,purpose-made chamber with a swept/curved channel. NOT a bend chamber: the user refused that on 2026-08-20 (~200 chambers for no construction benefit)
N0022878,P0-M-MH22878,451231.379,2568648.564,main,junction,89.46,E0023896,E0022119,2,below 90 deg - G203-p30,purpose-made chamber with a swept/curved channel. NOT a bend chamber: the user refused that on 2026-08-20 (~200 chambers for no construction benefit)
N0037389,P0-L-MH37389,457436.703,2570891.873,lateral,chamber,89.46,E0036629,E0036630,1,below 90 deg - G203-p30,purpose-made chamber with a swept/curved channel. NOT a bend chamber: the user refused that on 2026-08-20 (~200 chambers for no construction benefit)
N0033740,P0-M-MH33740,447427.601,2564308.883,main,junction,89.46,E0034410,E0032981,2,below 90 deg - G203-p30,purpose-made chamber with a swept/curved channel. NOT a bend chamber: the user refused that on 2026-08-20 (~200 chambers for no construction benefit)
N0025957,P0-L-MH25957,453724.994,2567664.732,lateral,chamber,89.46,E0025197,E0025198,1,below 90 deg - G203-p30,purpose-made chamber with a swept/curved channel. NOT a bend chamber: the user refused that on 2026-08-20 (~200 chambers for no construction benefit)
N0041286,P0-L-MH41286,446513.416,2566279.864,lateral,junction,89.46,E0041493,E0040527,2,below 90 deg - G203-p30,purpose-made chamber with a swept/curved channel. NOT a bend chamber: the user refused that on 2026-08-20 (~200 chambers for no construction benefit)
N0037117,P0-M-MH37117,460091.502,2571059.728,main,chamber,89.47,E0036357,E0036358,1,below 90 deg - G203-p30,purpose-made chamber with a swept/curved channel. NOT a bend chamber: the user refused that on 2026-08-20 (~200 chambers for no construction benefit)
N0001361,P0-M-MH1361,460110.922,2566914.054,main,junction,89.47,E0006418,E0001259,2,below 90 deg - G203-p30,purpose-made chamber with a swept/curved channel. NOT a bend chamber: the user refused that on 2026-08-20 (~200 chambers for no construction benefit)
N0039697,P0-L-MH39697,444397.309,2559810.816,lateral,junction,89.47,E0040035,E0038938,2,below 90 deg - G203-p30,purpose-made chamber with a swept/curved channel. NOT a bend chamber: the user refused that on 2026-08-20 (~200 chambers for no construction benefit)
N0033281,P0-L-MH33281,451334.649,2562568.527,lateral,junction,89.47,E0034043,E0032522,2,below 90 deg - G203-p30,purpose-made chamber with a swept/curved channel. NOT a bend chamber: the user refused that on 2026-08-20 (~200 chambers for no construction benefit)
N0033284,P0-L-MH33284,451302.866,2562648.772,lateral,chamber,89.47,E0032524,E0032525,1,below 90 deg - G203-p30,purpose-made chamber with a swept/curved channel. NOT a bend chamber: the user refused that on 2026-08-20 (~200 chambers for no construction benefit)
N0037458,P0-M-MH37458,450705.178,2574311.665,main,junction,89.47,E0037925,E0036699,2,below 90 deg - G203-p30,purpose-made chamber with a swept/curved channel. NOT a bend chamber: the user refused that on 2026-08-20 (~200 chambers for no construction benefit)
N0014532,P0-L-MH14532,463285.908,2577766.503,lateral,junction,89.47,E0015468,E0013773,2,below 90 deg - G203-p30,purpose-made chamber with a swept/curved channel. NOT a bend chamber: the user refused that on 2026-08-20 (~200 chambers for no construction benefit)
N0043601,P0-L-MH43601,459510.34,2567134.628,lateral,junction,89.47,E0043469,E0042842,2,below 90 deg - G203-p30,purpose-made chamber with a swept/curved channel. NOT a bend chamber: the user refused that on 2026-08-20 (~200 chambers for no construction benefit)
N0026349,P0-M-MH26349,443884.036,2563973.164,main,chamber,89.48,E0027399,E0025590,1,below 90 deg - G203-p30,purpose-made chamber with a swept/curved channel. NOT a bend chamber: the user refused that on 2026-08-20 (~200 chambers for no construction benefit)
N0007945,P0-M-MH7945,457756.993,2577020.475,main,junction,89.48,E0009674,E0007186,2,below 90 deg - G203-p30,purpose-made chamber with a swept/curved channel. NOT a bend chamber: the user refused that on 2026-08-20 (~200 chambers for no construction benefit)
N0017727,P0-M-MH17727,453640.023,2573514.837,main,junction,89.48,E0018617,E0016968,2,below 90 deg - G203-p30,purpose-made chamber with a swept/curved channel. NOT a bend chamber: the user refused that on 2026-08-20 (~200 chambers for no construction benefit)
N0035498,P0-L-MH35498,454390.534,2569363.632,lateral,chamber,89.48,E0034738,E0034739,1,below 90 deg - G203-p30,purpose-made chamber with a swept/curved channel. NOT a bend chamber: the user refused that on 2026-08-20 (~200 chambers for no construction benefit)
N0040145,P0-L-MH40145,447575.102,2567155.544,lateral,junction,89.48,E0040411,E0039386,2,below 90 deg - G203-p30,purpose-made chamber with a swept/curved channel. NOT a bend chamber: the user refused that on 2026-08-20 (~200 chambers for no construction benefit)
N0044008,P0-L-MH44008,444515.462,2559331.515,lateral,chamber,89.49,E0043857,E0043249,1,below 90 deg - G203-p30,purpose-made chamber with a swept/curved channel. NOT a bend chamber: the user refused that on 2026-08-20 (~200 chambers for no construction benefit)
N0017366,P0-M-MH17366,460891.155,2578757.644,main,chamber,89.49,E0016606,E0016607,1,below 90 deg - G203-p30,purpose-made chamber with a swept/curved channel. NOT a bend chamber: the user refused that on 2026-08-20 (~200 chambers for no construction benefit)
N0041729,P0-SM-MH41729,457334.474,2572005.91,sub main,junction,89.49,E0041832,E0040970,2,below 90 deg - G203-p30,purpose-made chamber with a swept/curved channel. NOT a bend chamber: the user refused that on 2026-08-20 (~200 chambers for no construction benefit)
N0047916,P0-L-MH47916,445103.593,2567856.386,lateral,junction,89.49,E0047240,E0047157,2,below 90 deg - G203-p30,purpose-made chamber with a swept/curved channel. NOT a bend chamber: the user refused that on 2026-08-20 (~200 chambers for no construction benefit)
N0011217,P0-L-MH11217,442036.113,2568552.792,lateral,chamber,89.49,E0010457,E0010458,1,below 90 deg - G203-p30,purpose-made chamber with a swept/curved channel. NOT a bend chamber: the user refused that on 2026-08-20 (~200 chambers for no construction benefit)
N0028564,P0-L-MH28564,447215.113,2573305.373,lateral,junction,89.49,E0029454,E0027805,2,below 90 deg - G203-p30,purpose-made chamber with a swept/curved channel. NOT a bend chamber: the user refused that on 2026-08-20 (~200 chambers for no construction benefit)
N0027866,P0-L-MH27866,450972.275,2569245.008,lateral,chamber,89.49,E0027106,E0027107,1,below 90 deg - G203-p30,purpose-made chamber with a swept/curved channel. NOT a bend chamber: the user refused that on 2026-08-20 (~200 chambers for no construction benefit)
N0037307,P0-SM-MH37307,456580.724,2572474.058,sub main,chamber,89.49,E0036547,E0036548,1,below 90 deg - G203-p30,purpose-made chamber with a swept/curved channel. NOT a bend chamber: the user refused that on 2026-08-20 (~200 chambers for no construction benefit)
N0020314,P0-L-MH20314,456348.614,2567099.338,lateral,junction,89.5,E0021249,E0019555,2,below 90 deg - G203-p30,purpose-made chamber with a swept/curved channel. NOT a bend chamber: the user refused that on 2026-08-20 (~200 chambers for no construction benefit)
N0011210,P0-SM-MH11210,441460.805,2568801.434,sub main,junction,89.5,E0012152,E0010451,2,below 90 deg - G203-p30,purpose-made chamber with a swept/curved channel. NOT a bend chamber: the user refused that on 2026-08-20 (~200 chambers for no construction benefit)
N0033588,P0-L-MH33588,460304.99,2578025.734,lateral,junction,89.5,E0034352,E0032829,2,below 90 deg - G203-p30,purpose-made chamber with a swept/curved channel. NOT a bend chamber: the user refused that on 2026-08-20 (~200 chambers for no construction benefit)
N0018688,P0-L-MH18688,471270.32,2564576.656,lateral,junction,89.5,E0019550,E0017929,2,below 90 deg - G203-p30,purpose-made chamber with a swept/curved channel. NOT a bend chamber: the user refused that on 2026-08-20 (~200 chambers for no construction benefit)
N0034509,P0-M-MH34509,451715.412,2571498.886,main,junction,89.5,E0035130,E0033750,2,below 90 deg - G203-p30,purpose-made chamber with a swept/curved channel. NOT a bend chamber: the user refused that on 2026-08-20 (~200 chambers for no construction benefit)
N0006862,P0-L-MH6862,452161.232,2566354.335,lateral,junction,89.5,E0008958,E0006103,2,below 90 deg - G203-p30,purpose-made chamber with a swept/curved channel. NOT a bend chamber: the user refused that on 2026-08-20 (~200 chambers for no construction benefit)
N0002570,P0-M-MH2570,462589.998,2567042.641,main,junction,89.51,E0007069,E0002307,2,below 90 deg - G203-p30,purpose-made chamber with a swept/curved channel. NOT a bend chamber: the user refused that on 2026-08-20 (~200 chambers for no construction benefit)
N0039562,P0-SM-MH39562,461346.635,2570841.173,sub main,junction,89.51,E0039921,E0038803,2,below 90 deg - G203-p30,purpose-made chamber with a swept/curved channel. NOT a bend chamber: the user refused that on 2026-08-20 (~200 chambers for no construction benefit)
N0041273,P0-L-MH41273,450376.705,2568968.075,lateral,junction,89.51,E0041487,E0040514,2,below 90 deg - G203-p30,purpose-made chamber with a swept/curved channel. NOT a bend chamber: the user refused that on 2026-08-20 (~200 chambers for no construction benefit)
N0036936,P0-L-MH36936,454018.042,2569703.59,lateral,chamber,89.51,E0036176,E0036177,1,below 90 deg - G203-p30,purpose-made chamber with a swept/curved channel. NOT a bend chamber: the user refused that on 2026-08-20 (~200 chambers for no construction benefit)
N0022608,P0-L-MH22608,451147.482,2569887.95,lateral,junction,89.51,E0023564,E0021849,2,below 90 deg - G203-p30,purpose-made chamber with a swept/curved channel. NOT a bend chamber: the user refused that on 2026-08-20 (~200 chambers for no construction benefit)
N0047361,P0-L-MH47361,448928.792,2565487.076,lateral,junction,89.51,E0046766,E0046602,2,below 90 deg - G203-p30,purpose-made chamber with a swept/curved channel. NOT a bend chamber: the user refused that on 2026-08-20 (~200 chambers for no construction benefit)
N0047530,P0-L-MH47530,449005.327,2565467.556,lateral,chamber,89.51,E0046770,E0046771,1,below 90 deg - G203-p30,purpose-made chamber with a swept/curved channel. NOT a bend chamber: the user refused that on 2026-08-20 (~200 chambers for no construction benefit)
N0037934,P0-L-MH37934,447098.65,2565598.127,lateral,chamber,89.51,E0037174,E0037175,1,below 90 deg - G203-p30,purpose-made chamber with a swept/curved channel. NOT a bend chamber: the user refused that on 2026-08-20 (~200 chambers for no construction benefit)
N0022994,P0-L-MH22994,445317.849,2566471.821,lateral,chamber,89.51,E0022234,E0022235,1,below 90 deg - G203-p30,purpose-made chamber with a swept/curved channel. NOT a bend chamber: the user refused that on 2026-08-20 (~200 chambers for no construction benefit)
N0035686,P0-L-MH35686,459942.373,2570849.972,lateral,chamber,89.52,E0034926,E0034927,1,below 90 deg - G203-p30,purpose-made chamber with a swept/curved channel. NOT a bend chamber: the user refused that on 2026-08-20 (~200 chambers for no construction benefit)
N0037191,P0-SM-MH37191,461200.638,2570632.374,sub main,junction,89.52,E0037728,E0036432,2,below 90 deg - G203-p30,purpose-made chamber with a swept/curved channel. NOT a bend chamber: the user refused that on 2026-08-20 (~200 chambers for no construction benefit)
N0002411,P0-L-MH2411,448739.337,2565665.198,lateral,junction,89.52,E0006967,E0002174,3,below 90 deg - G203-p30,purpose-made chamber with a swept/curved channel. NOT a bend chamber: the user refused that on 2026-08-20 (~200 chambers for no construction benefit)
N0015103,P0-SM-MH15103,447539.429,2572107.301,sub main,junction,89.52,E0016105,E0014344,2,below 90 deg - G203-p30,purpose-made chamber with a swept/curved channel. NOT a bend chamber: the user refused that on 2026-08-20 (~200 chambers for no construction benefit)
N0034074,P0-L-MH34074,448269.292,2569638.687,lateral,junction,89.52,E0034761,E0033315,2,below 90 deg - G203-p30,purpose-made chamber with a swept/curved channel. NOT a bend chamber: the user refused that on 2026-08-20 (~200 chambers for no construction benefit)
N0022800,P0-L-MH22800,445635.234,2566540.377,lateral,chamber,89.52,E0022040,E0022041,1,below 90 deg - G203-p30,purpose-made chamber with a swept/curved channel. NOT a bend chamber: the user refused that on 2026-08-20 (~200 chambers for no construction benefit)
N0036450,P0-L-MH36450,447803.884,2571461.855,lateral,junction,89.52,E0037076,E0035691,2,below 90 deg - G203-p30,purpose-made chamber with a swept/curved channel. NOT a bend chamber: the user refused that on 2026-08-20 (~200 chambers for no construction benefit)
N0035207,P0-SM-MH35207,450556.32,2568917.831,sub main,junction,89.52,E0035975,E0034448,2,below 90 deg - G203-p30,purpose-made chamber with a swept/curved channel. NOT a bend chamber: the user refused that on 2026-08-20 (~200 chambers for no construction benefit)
N0017589,P0-M-MH17589,473563.003,2574139.774,main,junction,89.53,E0018488,E0016830,2,below 90 deg - G203-p30,purpose-made chamber with a swept/curved channel. NOT a bend chamber: the user refused that on 2026-08-20 (~200 chambers for no construction benefit)
N0011218,P0-L-MH11218,441979.612,2568590.965,lateral,chamber,89.53,E0010458,E0010459,1,below 90 deg - G203-p30,purpose-made chamber with a swept/curved channel. NOT a bend chamber: the user refused that on 2026-08-20 (~200 chambers for no construction benefit)
N0003292,P0-L-MH3292,446423.594,2564689.448,lateral,junction,89.53,E0007234,E0002915,2,below 90 deg - G203-p30,purpose-made chamber with a swept/curved channel. NOT a bend chamber: the user refused that on 2026-08-20 (~200 chambers for no construction benefit)
N0013494,P0-SM-MH13494,447170.145,2571146.205,sub main,junction,89.53,E0014626,E0012735,2,below 90 deg - G203-p30,purpose-made chamber with a swept/curved channel. NOT a bend chamber: the user refused that on 2026-08-20 (~200 chambers for no construction benefit)
N0045930,P0-M-MH45930,448740.291,2565715.432,main,junction,89.53,E0045531,E0045171,2,below 90 deg - G203-p30,purpose-made chamber with a swept/curved channel. NOT a bend chamber: the user refused that on 2026-08-20 (~200 chambers for no construction benefit)
N0017733,P0-M-MH17733,455155.836,2568589.907,main,junction,89.53,E0018740,E0016974,2,below 90 deg - G203-p30,purpose-made chamber with a swept/curved channel. NOT a bend chamber: the user refused that on 2026-08-20 (~200 chambers for no construction benefit)
N0042285,P0-M-MH42285,445464.023,2565285.813,main,junction,89.54,E0042334,E0041526,2,below 90 deg - G203-p30,purpose-made chamber with a swept/curved channel. NOT a bend chamber: the user refused that on 2026-08-20 (~200 chambers for no construction benefit)
N0031719,P0-L-MH31719,451802.453,2563356.483,lateral,junction,89.54,E0032458,E0030960,2,below 90 deg - G203-p30,purpose-made chamber with a swept/curved channel. NOT a bend chamber: the user refused that on 2026-08-20 (~200 chambers for no construction benefit)
N0032747,P0-SM-MH32747,460157.375,2570699.795,sub main,junction,89.55,E0033555,E0031988,2,below 90 deg - G203-p30,purpose-made chamber with a swept/curved channel. NOT a bend chamber: the user refused that on 2026-08-20 (~200 chambers for no construction benefit)
N0027826,P0-M-MH27826,459992.614,2569726.451,main,junction,89.55,E0028459,E0027067,2,below 90 deg - G203-p30,purpose-made chamber with a swept/curved channel. NOT a bend chamber: the user refused that on 2026-08-20 (~200 chambers for no construction benefit)
N0011902,P0-L-MH11902,450817.692,2565748.368,lateral,junction,89.55,E0012915,E0011143,2,below 90 deg - G203-p30,purpose-made chamber with a swept/curved channel. NOT a bend chamber: the user refused that on 2026-08-20 (~200 chambers for no construction benefit)
N0040570,P0-L-MH40570,444277.463,2565271.601,lateral,chamber,89.55,E0039810,E0039811,1,below 90 deg - G203-p30,purpose-made chamber with a swept/curved channel. NOT a bend chamber: the user refused that on 2026-08-20 (~200 chambers for no construction benefit)
N0044107,P0-M-MH44107,454546.723,2576525.209,main,junction,89.55,E0043972,E0043348,2,below 90 deg - G203-p30,purpose-made chamber with a swept/curved channel. NOT a bend chamber: the user refused that on 2026-08-20 (~200 chambers for no construction benefit)
N0037998,P0-L-MH37998,447680.487,2564462.14,lateral,junction,89.55,E0038474,E0037239,2,below 90 deg - G203-p30,purpose-made chamber with a swept/curved channel. NOT a bend chamber: the user refused that on 2026-08-20 (~200 chambers for no construction benefit)
N0034342,P0-M-MH34342,459455.332,2571254.749,main,junction,89.56,E0035030,E0033583,2,below 90 deg - G203-p30,purpose-made chamber with a swept/curved channel. NOT a bend chamber: the user refused that on 2026-08-20 (~200 chambers for no construction benefit)
N0047209,P0-SM-MH47209,447378.247,2568612.347,sub main,chamber,89.56,E0046449,E0046450,1,below 90 deg - G203-p30,purpose-made chamber with a swept/curved channel. NOT a bend chamber: the user refused that on 2026-08-20 (~200 chambers for no construction benefit)
N0017131,P0-L-MH17131,452850.207,2573679.548,lateral,junction,89.56,E0017933,E0016372,2,below 90 deg - G203-p30,purpose-made chamber with a swept/curved channel. NOT a bend chamber: the user refused that on 2026-08-20 (~200 chambers for no construction benefit)
N0018643,P0-M-MH18643,447012.813,2571864.309,main,chamber,89.56,E0017883,E0017884,1,below 90 deg - G203-p30,purpose-made chamber with a swept/curved channel. NOT a bend chamber: the user refused that on 2026-08-20 (~200 chambers for no construction benefit)
N0020258,P0-M-MH20258,447094.763,2571934.9,main,junction,89.56,E0021139,E0019499,2,below 90 deg - G203-p30,purpose-made chamber with a swept/curved channel. NOT a bend chamber: the user refused that on 2026-08-20 (~200 chambers for no construction benefit)
N0047610,P0-L-MH47610,446776.27,2567997.528,lateral,junction,89.56,E0046978,E0046851,2,below 90 deg - G203-p30,purpose-made chamber with a swept/curved channel. NOT a bend chamber: the user refused that on 2026-08-20 (~200 chambers for no construction benefit)
N0042448,P0-L-MH42448,462417.068,2569645.911,lateral,chamber,89.56,E0041688,E0041689,1,below 90 deg - G203-p30,purpose-made chamber with a swept/curved channel. NOT a bend chamber: the user refused that on 2026-08-20 (~200 chambers for no construction benefit)
N0040847,P0-L-MH40847,453635.683,2575451.447,lateral,chamber,89.57,E0040087,E0040088,1,below 90 deg - G203-p30,purpose-made chamber with a swept/curved channel. NOT a bend chamber: the user refused that on 2026-08-20 (~200 chambers for no construction benefit)
N0042418,P0-M-MH42418,444277.715,2565398.371,main,chamber,89.57,E0041658,E0041659,1,below 90 deg - G203-p30,purpose-made chamber with a swept/curved channel. NOT a bend chamber: the user refused that on 2026-08-20 (~200 chambers for no construction benefit)
N0030294,P0-M-MH30294,448094.046,2572548.611,main,junction,89.57,E0031131,E0029535,2,below 90 deg - G203-p30,purpose-made chamber with a swept/curved channel. NOT a bend chamber: the user refused that on 2026-08-20 (~200 chambers for no construction benefit)
N0027065,P0-L-MH27065,448221.46,2572892.858,lateral,junction,89.57,E0027909,E0026306,2,below 90 deg - G203-p30,purpose-made chamber with a swept/curved channel. NOT a bend chamber: the user refused that on 2026-08-20 (~200 chambers for no construction benefit)
N0042433,P0-L-MH42433,454419.391,2570895.821,lateral,chamber,89.58,E0041673,E0041674,1,below 90 deg - G203-p30,purpose-made chamber with a swept/curved channel. NOT a bend chamber: the user refused that on 2026-08-20 (~200 chambers for no construction benefit)
N0043880,P0-SM-MH43880,462421.887,2569952.734,sub main,junction,89.58,E0043687,E0043121,2,below 90 deg - G203-p30,purpose-made chamber with a swept/curved channel. NOT a bend chamber: the user refused that on 2026-08-20 (~200 chambers for no construction benefit)
N0033745,P0-SM-MH33745,447654.592,2564268.888,sub main,junction,89.58,E0034424,E0032986,2,below 90 deg - G203-p30,purpose-made chamber with a swept/curved channel. NOT a bend chamber: the user refused that on 2026-08-20 (~200 chambers for no construction benefit)
N0043206,P0-M-MH43206,462274.446,2570058.077,main,junction,89.58,E0043130,E0042447,2,below 90 deg - G203-p30,purpose-made chamber with a swept/curved channel. NOT a bend chamber: the user refused that on 2026-08-20 (~200 chambers for no construction benefit)
N0020938,P0-L-MH20938,446385.542,2566661.447,lateral,chamber,89.58,E0020178,E0020179,1,below 90 deg - G203-p30,purpose-made chamber with a swept/curved channel. NOT a bend chamber: the user refused that on 2026-08-20 (~200 chambers for no construction benefit)
N0043275,P0-L-MH43275,462226.081,2569674.435,lateral,chamber,89.58,E0042515,E0042516,1,below 90 deg - G203-p30,purpose-made chamber with a swept/curved channel. NOT a bend chamber: the user refused that on 2026-08-20 (~200 chambers for no construction benefit)
N0043470,P0-M-MH43470,454169.754,2576186.34,main,junction,89.58,E0043341,E0042711,2,below 90 deg - G203-p30,purpose-made chamber with a swept/curved channel. NOT a bend chamber: the user refused that on 2026-08-20 (~200 chambers for no construction benefit)
N0043547,P0-M-MH43547,453519.304,2574053.216,main,junction,89.58,E0043427,E0042788,2,below 90 deg - G203-p30,purpose-made chamber with a swept/curved channel. NOT a bend chamber: the user refused that on 2026-08-20 (~200 chambers for no construction benefit)
N0043888,P0-L-MH43888,462355.567,2570000.117,lateral,chamber,89.58,E0043128,E0043129,1,below 90 deg - G203-p30,purpose-made chamber with a swept/curved channel. NOT a bend chamber: the user refused that on 2026-08-20 (~200 chambers for no construction benefit)
N0018062,P0-L-MH18062,443070.779,2567954.531,lateral,chamber,89.58,E0017302,E0017303,1,below 90 deg - G203-p30,purpose-made chamber with a swept/curved channel. NOT a bend chamber: the user refused that on 2026-08-20 (~200 chambers for no construction benefit)
N0025247,P0-M-MH25247,467008.738,2565563.392,main,junction,89.58,E0026222,E0024488,2,below 90 deg - G203-p30,purpose-made chamber with a swept/curved channel. NOT a bend chamber: the user refused that on 2026-08-20 (~200 chambers for no construction benefit)
N0040589,P0-SM-MH40589,462078.64,2569779.778,sub main,junction,89.58,E0040752,E0039830,2,below 90 deg - G203-p30,purpose-made chamber with a swept/curved channel. NOT a bend chamber: the user refused that on 2026-08-20 (~200 chambers for no construction benefit)
N0041509,P0-L-MH41509,462159.761,2569721.818,lateral,chamber,89.58,E0040749,E0040750,1,below 90 deg - G203-p30,purpose-made chamber with a swept/curved channel. NOT a bend chamber: the user refused that on 2026-08-20 (~200 chambers for no construction benefit)
N0043087,P0-L-MH43087,445807.484,2565871.919,lateral,junction,89.59,E0043010,E0042328,2,below 90 deg - G203-p30,purpose-made chamber with a swept/curved channel. NOT a bend chamber: the user refused that on 2026-08-20 (~200 chambers for no construction benefit)
N0019266,P0-M-MH19266,453285.333,2567477.833,main,junction,89.59,E0020053,E0018507,2,below 90 deg - G203-p30,purpose-made chamber with a swept/curved channel. NOT a bend chamber: the user refused that on 2026-08-20 (~200 chambers for no construction benefit)
N0049512,P0-L-MH49512,442008.002,2569952.939,lateral,junction,89.59,E0048822,E0048753,2,below 90 deg - G203-p30,purpose-made chamber with a swept/curved channel. NOT a bend chamber: the user refused that on 2026-08-20 (~200 chambers for no construction benefit)
N0044142,P0-L-MH44142,453777.865,2574708.709,lateral,junction,89.59,E0043985,E0043383,2,below 90 deg - G203-p30,purpose-made chamber with a swept/curved channel. NOT a bend chamber: the user refused that on 2026-08-20 (~200 chambers for no construction benefit)
N0044523,P0-L-MH44523,448121.309,2567851.471,lateral,junction,89.59,E0044342,E0043764,2,below 90 deg - G203-p30,purpose-made chamber with a swept/curved channel. NOT a bend chamber: the user refused that on 2026-08-20 (~200 chambers for no construction benefit)
N0019623,P0-M-MH19623,451719.273,2569572.449,main,junction,89.59,E0020466,E0018864,2,below 90 deg - G203-p30,purpose-made chamber with a swept/curved channel. NOT a bend chamber: the user refused that on 2026-08-20 (~200 chambers for no construction benefit)
N0025681,P0-L-MH25681,450222.07,2568535.128,lateral,chamber,89.6,E0024921,E0024922,1,below 90 deg - G203-p30,purpose-made chamber with a swept/curved channel. NOT a bend chamber: the user refused that on 2026-08-20 (~200 chambers for no construction benefit)
N0026106,P0-L-MH26106,459895.955,2569949.914,lateral,chamber,89.6,E0025346,E0025347,1,below 90 deg - G203-p30,purpose-made chamber with a swept/curved channel. NOT a bend chamber: the user refused that on 2026-08-20 (~200 chambers for no construction benefit)
N0038235,P0-L-MH38235,453554.24,2569993.664,lateral,chamber,89.61,E0037475,E0037476,1,below 90 deg - G203-p30,purpose-made chamber with a swept/curved channel. NOT a bend chamber: the user refused that on 2026-08-20 (~200 chambers for no construction benefit)
N0045118,P0-L-MH45118,462097.369,2571172.723,lateral,chamber,89.61,E0044358,E0044359,1,below 90 deg - G203-p30,purpose-made chamber with a swept/curved channel. NOT a bend chamber: the user refused that on 2026-08-20 (~200 chambers for no construction benefit)
N0035647,P0-L-MH35647,460664.009,2570455.585,lateral,junction,89.61,E0036350,E0034888,2,below 90 deg - G203-p30,purpose-made chamber with a swept/curved channel. NOT a bend chamber: the user refused that on 2026-08-20 (~200 chambers for no construction benefit)
N0016023,P0-L-MH16023,446053.073,2566906.723,lateral,junction,89.61,E0016926,E0015264,2,below 90 deg - G203-p30,purpose-made chamber with a swept/curved channel. NOT a bend chamber: the user refused that on 2026-08-20 (~200 chambers for no construction benefit)
N0033974,P0-L-MH33974,451538.034,2569200.648,lateral,junction,89.61,E0034686,E0033215,2,below 90 deg - G203-p30,purpose-made chamber with a swept/curved channel. NOT a bend chamber: the user refused that on 2026-08-20 (~200 chambers for no construction benefit)
N0049412,P0-L-MH49412,441918.285,2569958.405,lateral,junction,89.61,E0048753,E0048653,2,below 90 deg - G203-p30,purpose-made chamber with a swept/curved channel. NOT a bend chamber: the user refused that on 2026-08-20 (~200 chambers for no construction benefit)
N0046907,P0-M-MH46907,448622.485,2565565.198,main,junction,89.62,E0046408,E0046148,2,below 90 deg - G203-p30,purpose-made chamber with a swept/curved channel. NOT a bend chamber: the user refused that on 2026-08-20 (~200 chambers for no construction benefit)
N0040772,P0-L-MH40772,457521.818,2570013.383,lateral,chamber,89.62,E0040012,E0040013,1,below 90 deg - G203-p30,purpose-made chamber with a swept/curved channel. NOT a bend chamber: the user refused that on 2026-08-20 (~200 chambers for no construction benefit)
N0040323,P0-L-MH40323,450635.191,2569151.966,lateral,junction,89.62,E0040526,E0039564,2,below 90 deg - G203-p30,purpose-made chamber with a swept/curved channel. NOT a bend chamber: the user refused that on 2026-08-20 (~200 chambers for no construction benefit)
N0026037,P0-L-MH26037,459226.739,2569668.649,lateral,junction,89.62,E0027098,E0025278,2,below 90 deg - G203-p30,purpose-made chamber with a swept/curved channel. NOT a bend chamber: the user refused that on 2026-08-20 (~200 chambers for no construction benefit)
N0045919,P0-L-MH45919,448539.043,2565859.873,lateral,junction,89.62,E0045497,E0045160,2,below 90 deg - G203-p30,purpose-made chamber with a swept/curved channel. NOT a bend chamber: the user refused that on 2026-08-20 (~200 chambers for no construction benefit)
N0032780,P0-SM-MH32780,454791.618,2571329.544,sub main,junction,89.62,E0033513,E0032021,2,below 90 deg - G203-p30,purpose-made chamber with a swept/curved channel. NOT a bend chamber: the user refused that on 2026-08-20 (~200 chambers for no construction benefit)
N0049700,P0-L-MH49700,440282.0,2571258.563,lateral,chamber,89.63,E0048940,E0048941,1,below 90 deg - G203-p30,purpose-made chamber with a swept/curved channel. NOT a bend chamber: the user refused that on 2026-08-20 (~200 chambers for no construction benefit)
N0029260,P0-L-MH29260,453631.477,2568715.602,lateral,chamber,89.63,E0028500,E0028501,1,below 90 deg - G203-p30,purpose-made chamber with a swept/curved channel. NOT a bend chamber: the user refused that on 2026-08-20 (~200 chambers for no construction benefit)
N0006334,P0-SM-MH6334,456149.351,2576717.134,sub main,junction,89.63,E0008208,E0005575,2,below 90 deg - G203-p30,purpose-made chamber with a swept/curved channel. NOT a bend chamber: the user refused that on 2026-08-20 (~200 chambers for no construction benefit)
N0033904,P0-M-MH33904,454063.828,2569299.104,main,junction,89.63,E0034552,E0033145,2,below 90 deg - G203-p30,purpose-made chamber with a swept/curved channel. NOT a bend chamber: the user refused that on 2026-08-20 (~200 chambers for no construction benefit)
N0017698,P0-M-MH17698,459536.28,2568398.942,main,junction,89.63,E0018567,E0016939,2,below 90 deg - G203-p30,purpose-made chamber with a swept/curved channel. NOT a bend chamber: the user refused that on 2026-08-20 (~200 chambers for no construction benefit)
N0042556,P0-L-MH42556,460368.181,2571286.528,lateral,junction,89.63,E0042601,E0041797,2,below 90 deg - G203-p30,purpose-made chamber with a swept/curved channel. NOT a bend chamber: the user refused that on 2026-08-20 (~200 chambers for no construction benefit)
N0028051,P0-SM-MH28051,448529.751,2569991.733,sub main,junction,89.63,E0028692,E0027292,2,below 90 deg - G203-p30,purpose-made chamber with a swept/curved channel. NOT a bend chamber: the user refused that on 2026-08-20 (~200 chambers for no construction benefit)
N0000712,P0-L-MH0712,459077.841,2567985.435,lateral,chamber,89.64,E0000644,E0000645,1,below 90 deg - G203-p30,purpose-made chamber with a swept/curved channel. NOT a bend chamber: the user refused that on 2026-08-20 (~200 chambers for no construction benefit)
N0045473,P0-M-MH45473,448338.6,2565832.674,main,junction,89.64,E0045161,E0044714,2,below 90 deg - G203-p30,purpose-made chamber with a swept/curved channel. NOT a bend chamber: the user refused that on 2026-08-20 (~200 chambers for no construction benefit)
N0040741,P0-L-MH40741,444873.116,2559910.054,lateral,junction,89.64,E0040982,E0039982,2,below 90 deg - G203-p30,purpose-made chamber with a swept/curved channel. NOT a bend chamber: the user refused that on 2026-08-20 (~200 chambers for no construction benefit)
N0040696,P0-L-MH40696,461699.825,2570597.934,lateral,junction,89.64,E0040924,E0039937,2,below 90 deg - G203-p30,purpose-made chamber with a swept/curved channel. NOT a bend chamber: the user refused that on 2026-08-20 (~200 chambers for no construction benefit)
N0023738,P0-L-MH23738,447227.283,2572248.76,lateral,junction,89.64,E0024678,E0022979,2,below 90 deg - G203-p30,purpose-made chamber with a swept/curved channel. NOT a bend chamber: the user refused that on 2026-08-20 (~200 chambers for no construction benefit)
N0019279,P0-M-MH19279,459771.179,2568304.797,main,junction,89.64,E0020173,E0018520,2,below 90 deg - G203-p30,purpose-made chamber with a swept/curved channel. NOT a bend chamber: the user refused that on 2026-08-20 (~200 chambers for no construction benefit)
N0042878,P0-L-MH42878,445150.769,2572403.888,lateral,junction,89.64,E0042871,E0042119,2,below 90 deg - G203-p30,purpose-made chamber with a swept/curved channel. NOT a bend chamber: the user refused that on 2026-08-20 (~200 chambers for no construction benefit)
N0035886,P0-M-MH35886,451639.44,2571479.583,main,junction,89.64,E0036659,E0035127,2,below 90 deg - G203-p30,purpose-made chamber with a swept/curved channel. NOT a bend chamber: the user refused that on 2026-08-20 (~200 chambers for no construction benefit)
N0014245,P0-L-MH14245,450824.509,2567550.073,lateral,chamber,89.65,E0015154,E0013486,1,below 90 deg - G203-p30,purpose-made chamber with a swept/curved channel. NOT a bend chamber: the user refused that on 2026-08-20 (~200 chambers for no construction benefit)
N0026111,P0-L-MH26111,459879.614,2569674.589,lateral,chamber,89.65,E0025351,E0025352,1,below 90 deg - G203-p30,purpose-made chamber with a swept/curved channel. NOT a bend chamber: the user refused that on 2026-08-20 (~200 chambers for no construction benefit)
N0023718,P0-L-MH23718,447048.821,2572046.104,lateral,junction,89.65,E0024677,E0022959,2,below 90 deg - G203-p30,purpose-made chamber with a swept/curved channel. NOT a bend chamber: the user refused that on 2026-08-20 (~200 chambers for no construction benefit)
N0040618,P0-M-MH40618,461588.046,2569700.485,main,junction,89.65,E0040774,E0039859,2,below 90 deg - G203-p30,purpose-made chamber with a swept/curved channel. NOT a bend chamber: the user refused that on 2026-08-20 (~200 chambers for no construction benefit)
N0032717,P0-L-MH32717,454524.523,2571353.072,lateral,junction,89.65,E0033492,E0031958,2,below 90 deg - G203-p30,purpose-made chamber with a swept/curved channel. NOT a bend chamber: the user refused that on 2026-08-20 (~200 chambers for no construction benefit)
N0020879,P0-M-MH20879,450760.662,2569694.503,main,junction,89.65,E0021828,E0020120,2,below 90 deg - G203-p30,purpose-made chamber with a swept/curved channel. NOT a bend chamber: the user refused that on 2026-08-20 (~200 chambers for no construction benefit)
N0031634,P0-M-MH31634,449988.604,2566451.62,main,junction,89.65,E0032362,E0030875,2,below 90 deg - G203-p30,purpose-made chamber with a swept/curved channel. NOT a bend chamber: the user refused that on 2026-08-20 (~200 chambers for no construction benefit)
N0037230,P0-L-MH37230,459179.123,2571249.652,lateral,chamber,89.66,E0036470,E0036471,1,below 90 deg - G203-p30,purpose-made chamber with a swept/curved channel. NOT a bend chamber: the user refused that on 2026-08-20 (~200 chambers for no construction benefit)
N0016270,P0-L-MH16270,448776.606,2567529.027,lateral,junction,89.66,E0017122,E0015511,2,below 90 deg - G203-p30,purpose-made chamber with a swept/curved channel. NOT a bend chamber: the user refused that on 2026-08-20 (~200 chambers for no construction benefit)
N0036897,P0-L-MH36897,444748.803,2564829.278,lateral,junction,89.66,E0037420,E0036138,2,below 90 deg - G203-p30,purpose-made chamber with a swept/curved channel. NOT a bend chamber: the user refused that on 2026-08-20 (~200 chambers for no construction benefit)
N0049708,P0-L-MH49708,440097.541,2571285.608,lateral,chamber,89.66,E0048948,E0048949,1,below 90 deg - G203-p30,purpose-made chamber with a swept/curved channel. NOT a bend chamber: the user refused that on 2026-08-20 (~200 chambers for no construction benefit)
N0027751,P0-M-MH27751,453513.559,2568531.369,main,junction,89.66,E0028402,E0026992,2,below 90 deg - G203-p30,purpose-made chamber with a swept/curved channel. NOT a bend chamber: the user refused that on 2026-08-20 (~200 chambers for no construction benefit)
N0043246,P0-L-MH43246,453823.332,2570881.871,lateral,chamber,89.66,E0042486,E0042487,1,below 90 deg - G203-p30,purpose-made chamber with a swept/curved channel. NOT a bend chamber: the user refused that on 2026-08-20 (~200 chambers for no construction benefit)
N0041570,P0-L-MH41570,453926.574,2570257.084,lateral,chamber,89.66,E0040810,E0040811,1,below 90 deg - G203-p30,purpose-made chamber with a swept/curved channel. NOT a bend chamber: the user refused that on 2026-08-20 (~200 chambers for no construction benefit)
N0029158,P0-L-MH29158,453303.401,2568664.175,lateral,junction,89.66,E0030190,E0028399,2,below 90 deg - G203-p30,purpose-made chamber with a swept/curved channel. NOT a bend chamber: the user refused that on 2026-08-20 (~200 chambers for no construction benefit)
N0034133,P0-SM-MH34133,461542.788,2569189.566,sub main,junction,89.66,E0034820,E0033374,2,below 90 deg - G203-p30,purpose-made chamber with a swept/curved channel. NOT a bend chamber: the user refused that on 2026-08-20 (~200 chambers for no construction benefit)
N0030940,P0-L-MH30940,453229.143,2568711.101,lateral,chamber,89.66,E0030180,E0030181,1,below 90 deg - G203-p30,purpose-made chamber with a swept/curved channel. NOT a bend chamber: the user refused that on 2026-08-20 (~200 chambers for no construction benefit)
N0049867,P0-L-MH49867,439259.004,2572377.469,lateral,junction,89.66,E0049164,E0049108,2,below 90 deg - G203-p30,purpose-made chamber with a swept/curved channel. NOT a bend chamber: the user refused that on 2026-08-20 (~200 chambers for no construction benefit)
N0033524,P0-M-MH33524,447858.874,2571398.677,main,junction,89.67,E0034244,E0032765,2,below 90 deg - G203-p30,purpose-made chamber with a swept/curved channel. NOT a bend chamber: the user refused that on 2026-08-20 (~200 chambers for no construction benefit)
N0029443,P0-M-MH29443,464747.634,2577317.2,main,junction,89.67,E0030314,E0028684,2,below 90 deg - G203-p30,purpose-made chamber with a swept/curved channel. NOT a bend chamber: the user refused that on 2026-08-20 (~200 chambers for no construction benefit)
N0035865,P0-L-MH35865,446162.961,2560731.61,lateral,chamber,89.67,E0035105,E0035106,1,below 90 deg - G203-p30,purpose-made chamber with a swept/curved channel. NOT a bend chamber: the user refused that on 2026-08-20 (~200 chambers for no construction benefit)
N0021191,P0-SM-MH21191,459152.079,2577327.968,sub main,junction,89.68,E0022190,E0020432,2,below 90 deg - G203-p30,purpose-made chamber with a swept/curved channel. NOT a bend chamber: the user refused that on 2026-08-20 (~200 chambers for no construction benefit)
N0035467,P0-M-MH35467,451340.868,2569506.207,main,junction,89.68,E0036152,E0034708,2,below 90 deg - G203-p30,purpose-made chamber with a swept/curved channel. NOT a bend chamber: the user refused that on 2026-08-20 (~200 chambers for no construction benefit)
N0041547,P0-L-MH41547,461985.718,2569976.78,lateral,chamber,89.68,E0040787,E0040788,1,below 90 deg - G203-p30,purpose-made chamber with a swept/curved channel. NOT a bend chamber: the user refused that on 2026-08-20 (~200 chambers for no construction benefit)
N0041508,P0-L-MH41508,462210.024,2569793.257,lateral,junction,89.69,E0041692,E0040749,2,below 90 deg - G203-p30,purpose-made chamber with a swept/curved channel. NOT a bend chamber: the user refused that on 2026-08-20 (~200 chambers for no construction benefit)
N0036674,P0-M-MH36674,447684.823,2563903.946,main,junction,89.69,E0037261,E0035915,2,below 90 deg - G203-p30,purpose-made chamber with a swept/curved channel. NOT a bend chamber: the user refused that on 2026-08-20 (~200 chambers for no construction benefit)
N0046583,P0-M-MH46583,448465.324,2565605.281,main,chamber,89.69,E0045823,E0045824,1,below 90 deg - G203-p30,purpose-made chamber with a swept/curved channel. NOT a bend chamber: the user refused that on 2026-08-20 (~200 chambers for no construction benefit)
N0041234,P0-L-MH41234,447809.183,2565079.002,lateral,junction,89.69,E0041462,E0040475,2,below 90 deg - G203-p30,purpose-made chamber with a swept/curved channel. NOT a bend chamber: the user refused that on 2026-08-20 (~200 chambers for no construction benefit)
N0043878,P0-L-MH43878,444017.672,2564745.926,lateral,chamber,89.69,E0043118,E0043119,1,below 90 deg - G203-p30,purpose-made chamber with a swept/curved channel. NOT a bend chamber: the user refused that on 2026-08-20 (~200 chambers for no construction benefit)
N0017710,P0-L-MH17710,452334.773,2567259.237,lateral,chamber,89.69,E0016950,E0016951,1,below 90 deg - G203-p30,purpose-made chamber with a swept/curved channel. NOT a bend chamber: the user refused that on 2026-08-20 (~200 chambers for no construction benefit)
N0028780,P0-SM-MH28780,446683.451,2572478.216,sub main,junction,89.69,E0029698,E0028021,2,below 90 deg - G203-p30,purpose-made chamber with a swept/curved channel. NOT a bend chamber: the user refused that on 2026-08-20 (~200 chambers for no construction benefit)
N0040766,P0-L-MH40766,457619.997,2570216.951,lateral,chamber,89.7,E0040006,E0040007,1,below 90 deg - G203-p30,purpose-made chamber with a swept/curved channel. NOT a bend chamber: the user refused that on 2026-08-20 (~200 chambers for no construction benefit)
N0025345,P0-L-MH25345,457889.902,2578370.277,lateral,junction,89.7,E0026347,E0024586,2,below 90 deg - G203-p30,purpose-made chamber with a swept/curved channel. NOT a bend chamber: the user refused that on 2026-08-20 (~200 chambers for no construction benefit)
N0022736,P0-SM-MH22736,460029.244,2568963.371,sub main,junction,89.7,E0023645,E0021977,2,below 90 deg - G203-p30,purpose-made chamber with a swept/curved channel. NOT a bend chamber: the user refused that on 2026-08-20 (~200 chambers for no construction benefit)
N0010328,P0-L-MH10328,446202.987,2566610.61,lateral,junction,89.7,E0011258,E0009569,2,below 90 deg - G203-p30,purpose-made chamber with a swept/curved channel. NOT a bend chamber: the user refused that on 2026-08-20 (~200 chambers for no construction benefit)
N0038224,P0-M-MH38224,454171.402,2570189.192,main,junction,89.7,E0038682,E0037465,2,below 90 deg - G203-p30,purpose-made chamber with a swept/curved channel. NOT a bend chamber: the user refused that on 2026-08-20 (~200 chambers for no construction benefit)
N0018321,P0-M-MH18321,456678.614,2567325.338,main,junction,89.7,E0019228,E0017562,2,below 90 deg - G203-p30,purpose-made chamber with a swept/curved channel. NOT a bend chamber: the user refused that on 2026-08-20 (~200 chambers for no construction benefit)
N0040792,P0-L-MH40792,444336.872,2559870.679,lateral,junction,89.7,E0041019,E0040033,2,below 90 deg - G203-p30,purpose-made chamber with a swept/curved channel. NOT a bend chamber: the user refused that on 2026-08-20 (~200 chambers for no construction benefit)
N0039485,P0-L-MH39485,444016.805,2564290.777,lateral,chamber,89.7,E0038725,E0038726,1,below 90 deg - G203-p30,purpose-made chamber with a swept/curved channel. NOT a bend chamber: the user refused that on 2026-08-20 (~200 chambers for no construction benefit)
N0025913,P0-M-MH25913,453540.053,2568414.46,main,junction,89.7,E0026993,E0025154,2,below 90 deg - G203-p30,purpose-made chamber with a swept/curved channel. NOT a bend chamber: the user refused that on 2026-08-20 (~200 chambers for no construction benefit)
N0032608,P0-SM-MH32608,461396.076,2569054.721,sub main,junction,89.7,E0033439,E0031849,2,below 90 deg - G203-p30,purpose-made chamber with a swept/curved channel. NOT a bend chamber: the user refused that on 2026-08-20 (~200 chambers for no construction benefit)
N0041237,P0-M-MH41237,447892.209,2565202.129,main,junction,89.7,E0041468,E0040478,2,below 90 deg - G203-p30,purpose-made chamber with a swept/curved channel. NOT a bend chamber: the user refused that on 2026-08-20 (~200 chambers for no construction benefit)
N0027752,P0-M-MH27752,453467.941,2568460.094,main,chamber,89.7,E0026992,E0026993,1,below 90 deg - G203-p30,purpose-made chamber with a swept/curved channel. NOT a bend chamber: the user refused that on 2026-08-20 (~200 chambers for no construction benefit)
N0021240,P0-M-MH21240,461472.919,2568595.529,main,junction,89.7,E0022374,E0020481,2,below 90 deg - G203-p30,purpose-made chamber with a swept/curved channel. NOT a bend chamber: the user refused that on 2026-08-20 (~200 chambers for no construction benefit)
N0021340,P0-M-MH21340,472825.253,2572330.63,main,junction,89.71,E0022451,E0020581,2,below 90 deg - G203-p30,purpose-made chamber with a swept/curved channel. NOT a bend chamber: the user refused that on 2026-08-20 (~200 chambers for no construction benefit)
N0035850,P0-L-MH35850,455350.624,2572058.558,lateral,chamber,89.71,E0035090,E0035091,1,below 90 deg - G203-p30,purpose-made chamber with a swept/curved channel. NOT a bend chamber: the user refused that on 2026-08-20 (~200 chambers for no construction benefit)
N0031902,P0-L-MH31902,448497.527,2573239.179,lateral,junction,89.71,E0032689,E0031143,2,below 90 deg - G203-p30,purpose-made chamber with a swept/curved channel. NOT a bend chamber: the user refused that on 2026-08-20 (~200 chambers for no construction benefit)
N0017544,P0-L-MH17544,446779.697,2567059.124,lateral,chamber,89.71,E0016784,E0016785,1,below 90 deg - G203-p30,purpose-made chamber with a swept/curved channel. NOT a bend chamber: the user refused that on 2026-08-20 (~200 chambers for no construction benefit)
N0002847,P0-M-MH2847,445800.002,2566575.869,main,junction,89.71,E0007164,E0002534,2,below 90 deg - G203-p30,purpose-made chamber with a swept/curved channel. NOT a bend chamber: the user refused that on 2026-08-20 (~200 chambers for no construction benefit)
N0039411,P0-M-MH39411,454459.83,2570146.524,main,junction,89.72,E0039762,E0038652,2,below 90 deg - G203-p30,purpose-made chamber with a swept/curved channel. NOT a bend chamber: the user refused that on 2026-08-20 (~200 chambers for no construction benefit)
N0033873,P0-L-MH33873,460571.707,2568929.603,lateral,junction,89.72,E0034532,E0033114,2,below 90 deg - G203-p30,purpose-made chamber with a swept/curved channel. NOT a bend chamber: the user refused that on 2026-08-20 (~200 chambers for no construction benefit)
N0012305,P0-L-MH12305,450056.777,2568763.892,lateral,chamber,89.72,E0011545,E0011546,1,below 90 deg - G203-p30,purpose-made chamber with a swept/curved channel. NOT a bend chamber: the user refused that on 2026-08-20 (~200 chambers for no construction benefit)
N0032395,P0-M-MH32395,445790.816,2561321.588,main,junction,89.72,E0033175,E0031636,2,below 90 deg - G203-p30,purpose-made chamber with a swept/curved channel. NOT a bend chamber: the user refused that on 2026-08-20 (~200 chambers for no construction benefit)
N0040645,P0-L-MH40645,448758.589,2567875.218,lateral,chamber,89.72,E0039885,E0039886,1,below 90 deg - G203-p30,purpose-made chamber with a swept/curved channel. NOT a bend chamber: the user refused that on 2026-08-20 (~200 chambers for no construction benefit)
N0035176,P0-SM-MH35176,447730.577,2564290.698,sub main,junction,89.72,E0035935,E0034417,2,below 90 deg - G203-p30,purpose-made chamber with a swept/curved channel. NOT a bend chamber: the user refused that on 2026-08-20 (~200 chambers for no construction benefit)
N0027442,P0-SM-MH27442,459473.61,2577981.881,sub main,junction,89.72,E0028244,E0026683,2,below 90 deg - G203-p30,purpose-made chamber with a swept/curved channel. NOT a bend chamber: the user refused that on 2026-08-20 (~200 chambers for no construction benefit)
N0006333,P0-M-MH6333,456198.993,2576625.646,main,junction,89.72,E0008352,E0005574,2,below 90 deg - G203-p30,purpose-made chamber with a swept/curved channel. NOT a bend chamber: the user refused that on 2026-08-20 (~200 chambers for no construction benefit)
N0026510,P0-L-MH26510,462437.824,2576704.4,lateral,chamber,89.72,E0025750,E0025751,1,below 90 deg - G203-p30,purpose-made chamber with a swept/curved channel. NOT a bend chamber: the user refused that on 2026-08-20 (~200 chambers for no construction benefit)
N0029337,P0-SM-MH29337,461016.1,2568659.93,sub main,junction,89.72,E0030337,E0028578,2,below 90 deg - G203-p30,purpose-made chamber with a swept/curved channel. NOT a bend chamber: the user refused that on 2026-08-20 (~200 chambers for no construction benefit)
N0034341,P0-M-MH34341,459563.529,2571317.811,main,junction,89.73,E0034995,E0033582,2,below 90 deg - G203-p30,purpose-made chamber with a swept/curved channel. NOT a bend chamber: the user refused that on 2026-08-20 (~200 chambers for no construction benefit)
N0041404,P0-L-MH41404,448278.235,2570231.574,lateral,junction,89.73,E0041564,E0040645,2,below 90 deg - G203-p30,purpose-made chamber with a swept/curved channel. NOT a bend chamber: the user refused that on 2026-08-20 (~200 chambers for no construction benefit)
N0015250,P0-SM-MH15250,458092.98,2578197.816,sub main,junction,89.73,E0016237,E0014491,2,below 90 deg - G203-p30,purpose-made chamber with a swept/curved channel. NOT a bend chamber: the user refused that on 2026-08-20 (~200 chambers for no construction benefit)
N0044654,P0-L-MH44654,447680.82,2569708.776,lateral,chamber,89.73,E0043894,E0043895,1,below 90 deg - G203-p30,purpose-made chamber with a swept/curved channel. NOT a bend chamber: the user refused that on 2026-08-20 (~200 chambers for no construction benefit)
N0000517,P0-TM-MH0517,445899.905,2567628.211,trunk main,junction,89.73,E0005560,E0000484,2,below 90 deg - G203-p30,purpose-made chamber with a swept/curved channel. NOT a bend chamber: the user refused that on 2026-08-20 (~200 chambers for no construction benefit)
N0011495,P0-SM-MH11495,457799.265,2577981.773,sub main,junction,89.73,E0012664,E0010736,2,below 90 deg - G203-p30,purpose-made chamber with a swept/curved channel. NOT a bend chamber: the user refused that on 2026-08-20 (~200 chambers for no construction benefit)
N0035284,P0-M-MH35284,445596.611,2561203.624,main,junction,89.73,E0036258,E0034525,2,below 90 deg - G203-p30,purpose-made chamber with a swept/curved channel. NOT a bend chamber: the user refused that on 2026-08-20 (~200 chambers for no construction benefit)
N0035831,P0-M-MH35831,457324.843,2571498.3,main,junction,89.74,E0036619,E0035072,2,below 90 deg - G203-p30,purpose-made chamber with a swept/curved channel. NOT a bend chamber: the user refused that on 2026-08-20 (~200 chambers for no construction benefit)
N0041683,P0-L-MH41683,461767.522,2570550.741,lateral,junction,89.74,E0041791,E0040924,2,below 90 deg - G203-p30,purpose-made chamber with a swept/curved channel. NOT a bend chamber: the user refused that on 2026-08-20 (~200 chambers for no construction benefit)
N0036686,P0-L-MH36686,447482.709,2564434.45,lateral,junction,89.74,E0037235,E0035927,2,below 90 deg - G203-p30,purpose-made chamber with a swept/curved channel. NOT a bend chamber: the user refused that on 2026-08-20 (~200 chambers for no construction benefit)
N0025214,P0-M-MH25214,447113.682,2573140.793,main,junction,89.74,E0026196,E0024455,2,below 90 deg - G203-p30,purpose-made chamber with a swept/curved channel. NOT a bend chamber: the user refused that on 2026-08-20 (~200 chambers for no construction benefit)
N0032378,P0-M-MH32378,466709.88,2577264.179,main,junction,89.74,E0033051,E0031619,2,below 90 deg - G203-p30,purpose-made chamber with a swept/curved channel. NOT a bend chamber: the user refused that on 2026-08-20 (~200 chambers for no construction benefit)
N0035370,P0-L-MH35370,460568.051,2569308.356,lateral,chamber,89.74,E0034610,E0034611,1,below 90 deg - G203-p30,purpose-made chamber with a swept/curved channel. NOT a bend chamber: the user refused that on 2026-08-20 (~200 chambers for no construction benefit)
N0045958,P0-M-MH45958,462668.796,2570303.666,main,chamber,89.75,E0045198,E0045199,1,below 90 deg - G203-p30,purpose-made chamber with a swept/curved channel. NOT a bend chamber: the user refused that on 2026-08-20 (~200 chambers for no construction benefit)
N0015645,P0-L-MH15645,457819.136,2577160.952,lateral,chamber,89.75,E0014885,E0014886,1,below 90 deg - G203-p30,purpose-made chamber with a swept/curved channel. NOT a bend chamber: the user refused that on 2026-08-20 (~200 chambers for no construction benefit)
N0049818,P0-M-MH49818,439770.424,2571942.131,main,junction,89.75,E0049098,E0049059,2,below 90 deg - G203-p30,purpose-made chamber with a swept/curved channel. NOT a bend chamber: the user refused that on 2026-08-20 (~200 chambers for no construction benefit)
N0012087,P0-L-MH12087,446186.747,2564357.894,lateral,junction,89.75,E0013104,E0011328,2,below 90 deg - G203-p30,purpose-made chamber with a swept/curved channel. NOT a bend chamber: the user refused that on 2026-08-20 (~200 chambers for no construction benefit)
N0013252,P0-SM-MH13252,447405.558,2558099.946,sub main,chamber,89.75,E0012492,E0012493,1,below 90 deg - G203-p30,purpose-made chamber with a swept/curved channel. NOT a bend chamber: the user refused that on 2026-08-20 (~200 chambers for no construction benefit)
N0010589,P0-M-MH10589,452767.655,2566674.816,main,junction,89.75,E0011665,E0009830,2,below 90 deg - G203-p30,purpose-made chamber with a swept/curved channel. NOT a bend chamber: the user refused that on 2026-08-20 (~200 chambers for no construction benefit)
N0026213,P0-L-MH26213,451423.401,2568770.915,lateral,chamber,89.75,E0025453,E0025454,1,below 90 deg - G203-p30,purpose-made chamber with a swept/curved channel. NOT a bend chamber: the user refused that on 2026-08-20 (~200 chambers for no construction benefit)
N0033993,P0-L-MH33993,451510.085,2569338.409,lateral,junction,89.75,E0034698,E0033234,2,below 90 deg - G203-p30,purpose-made chamber with a swept/curved channel. NOT a bend chamber: the user refused that on 2026-08-20 (~200 chambers for no construction benefit)
N0039482,P0-L-MH39482,444164.632,2564290.777,lateral,chamber,89.75,E0038722,E0038723,1,below 90 deg - G203-p30,purpose-made chamber with a swept/curved channel. NOT a bend chamber: the user refused that on 2026-08-20 (~200 chambers for no construction benefit)
N0022111,P0-L-MH22111,452998.024,2573436.531,lateral,junction,89.76,E0023138,E0021352,2,below 90 deg - G203-p30,purpose-made chamber with a swept/curved channel. NOT a bend chamber: the user refused that on 2026-08-20 (~200 chambers for no construction benefit)
N0033250,P0-L-MH33250,451341.841,2564952.952,lateral,junction,89.76,E0034050,E0032491,2,below 90 deg - G203-p30,purpose-made chamber with a swept/curved channel. NOT a bend chamber: the user refused that on 2026-08-20 (~200 chambers for no construction benefit)
N0031890,P0-M-MH31890,448012.448,2572582.817,main,junction,89.76,E0032684,E0031131,2,below 90 deg - G203-p30,purpose-made chamber with a swept/curved channel. NOT a bend chamber: the user refused that on 2026-08-20 (~200 chambers for no construction benefit)
N0028085,P0-SM-MH28085,454090.961,2571806.151,sub main,junction,89.76,E0028775,E0027326,2,below 90 deg - G203-p30,purpose-made chamber with a swept/curved channel. NOT a bend chamber: the user refused that on 2026-08-20 (~200 chambers for no construction benefit)
N0039292,P0-M-MH39292,448281.354,2564808.367,main,junction,89.76,E0039635,E0038533,2,below 90 deg - G203-p30,purpose-made chamber with a swept/curved channel. NOT a bend chamber: the user refused that on 2026-08-20 (~200 chambers for no construction benefit)
N0047114,P0-M-MH47114,456610.183,2567730.263,main,junction,89.77,E0046570,E0046355,2,below 90 deg - G203-p30,purpose-made chamber with a swept/curved channel. NOT a bend chamber: the user refused that on 2026-08-20 (~200 chambers for no construction benefit)
N0029073,P0-L-MH29073,450432.885,2568567.639,lateral,chamber,89.77,E0028313,E0028314,1,below 90 deg - G203-p30,purpose-made chamber with a swept/curved channel. NOT a bend chamber: the user refused that on 2026-08-20 (~200 chambers for no construction benefit)
N0033994,P0-L-MH33994,451486.88,2569455.285,lateral,junction,89.77,E0034700,E0033235,2,below 90 deg - G203-p30,purpose-made chamber with a swept/curved channel. NOT a bend chamber: the user refused that on 2026-08-20 (~200 chambers for no construction benefit)
N0034554,P0-M-MH34554,453106.788,2575485.291,main,chamber,89.77,E0033794,E0033795,1,below 90 deg - G203-p30,purpose-made chamber with a swept/curved channel. NOT a bend chamber: the user refused that on 2026-08-20 (~200 chambers for no construction benefit)
N0043875,P0-L-MH43875,443923.611,2564746.238,lateral,junction,89.77,E0043674,E0043116,2,below 90 deg - G203-p30,purpose-made chamber with a swept/curved channel. NOT a bend chamber: the user refused that on 2026-08-20 (~200 chambers for no construction benefit)
N0021294,P0-M-MH21294,444478.509,2566591.376,main,junction,89.77,E0022437,E0020535,2,below 90 deg - G203-p30,purpose-made chamber with a swept/curved channel. NOT a bend chamber: the user refused that on 2026-08-20 (~200 chambers for no construction benefit)
N0027791,P0-M-MH27791,465811.236,2578327.407,main,junction,89.77,E0028469,E0027032,2,below 90 deg - G203-p30,purpose-made chamber with a swept/curved channel. NOT a bend chamber: the user refused that on 2026-08-20 (~200 chambers for no construction benefit)
N0033222,P0-L-MH33222,451499.868,2563123.209,lateral,chamber,89.77,E0032462,E0032463,1,below 90 deg - G203-p30,purpose-made chamber with a swept/curved channel. NOT a bend chamber: the user refused that on 2026-08-20 (~200 chambers for no construction benefit)
N0042416,P0-M-MH42416,444278.193,2565520.726,main,junction,89.77,E0042430,E0041657,2,below 90 deg - G203-p30,purpose-made chamber with a swept/curved channel. NOT a bend chamber: the user refused that on 2026-08-20 (~200 chambers for no construction benefit)
N0043393,P0-L-MH43393,444212.668,2559178.481,lateral,junction,89.77,E0043242,E0042634,2,below 90 deg - G203-p30,purpose-made chamber with a swept/curved channel. NOT a bend chamber: the user refused that on 2026-08-20 (~200 chambers for no construction benefit)
N0043900,P0-L-MH43900,462186.583,2570258.609,lateral,chamber,89.78,E0043140,E0043141,1,below 90 deg - G203-p30,purpose-made chamber with a swept/curved channel. NOT a bend chamber: the user refused that on 2026-08-20 (~200 chambers for no construction benefit)
N0045928,P0-M-MH45928,448297.583,2565699.746,main,chamber,89.78,E0045168,E0045169,1,below 90 deg - G203-p30,purpose-made chamber with a swept/curved channel. NOT a bend chamber: the user refused that on 2026-08-20 (~200 chambers for no construction benefit)
N0045550,P0-L-MH45550,443739.107,2565250.839,lateral,chamber,89.78,E0044790,E0044791,1,below 90 deg - G203-p30,purpose-made chamber with a swept/curved channel. NOT a bend chamber: the user refused that on 2026-08-20 (~200 chambers for no construction benefit)
N0039235,P0-L-MH39235,446284.612,2565930.879,lateral,chamber,89.78,E0038475,E0038476,1,below 90 deg - G203-p30,purpose-made chamber with a swept/curved channel. NOT a bend chamber: the user refused that on 2026-08-20 (~200 chambers for no construction benefit)
N0038291,P0-M-MH38291,454785.013,2570920.795,main,junction,89.78,E0038737,E0037532,2,below 90 deg - G203-p30,purpose-made chamber with a swept/curved channel. NOT a bend chamber: the user refused that on 2026-08-20 (~200 chambers for no construction benefit)
N0049665,P0-M-MH49665,441869.941,2570276.044,main,junction,89.78,E0048930,E0048906,2,below 90 deg - G203-p30,purpose-made chamber with a swept/curved channel. NOT a bend chamber: the user refused that on 2026-08-20 (~200 chambers for no construction benefit)
N0031043,P0-M-MH31043,451343.307,2569245.678,main,chamber,89.78,E0030283,E0030284,1,below 90 deg - G203-p30,purpose-made chamber with a swept/curved channel. NOT a bend chamber: the user refused that on 2026-08-20 (~200 chambers for no construction benefit)
N0020257,P0-L-MH20257,446879.633,2571551.078,lateral,chamber,89.78,E0019497,E0019498,1,below 90 deg - G203-p30,purpose-made chamber with a swept/curved channel. NOT a bend chamber: the user refused that on 2026-08-20 (~200 chambers for no construction benefit)
N0031194,P0-L-MH31194,454362.445,2572214.542,lateral,junction,89.78,E0031973,E0030435,2,below 90 deg - G203-p30,purpose-made chamber with a swept/curved channel. NOT a bend chamber: the user refused that on 2026-08-20 (~200 chambers for no construction benefit)
N0022872,P0-SM-MH22872,450972.666,2568902.818,sub main,junction,89.78,E0023669,E0022113,3,below 90 deg - G203-p30,purpose-made chamber with a swept/curved channel. NOT a bend chamber: the user refused that on 2026-08-20 (~200 chambers for no construction benefit)
N0027537,P0-L-MH27537,454813.524,2574789.375,lateral,junction,89.78,E0028271,E0026778,2,below 90 deg - G203-p30,purpose-made chamber with a swept/curved channel. NOT a bend chamber: the user refused that on 2026-08-20 (~200 chambers for no construction benefit)
N0038190,P0-L-MH38190,451336.629,2569628.56,lateral,junction,89.79,E0038656,E0037431,2,below 90 deg - G203-p30,purpose-made chamber with a swept/curved channel. NOT a bend chamber: the user refused that on 2026-08-20 (~200 chambers for no construction benefit)
N0032477,P0-M-MH32477,454209.866,2569073.535,main,junction,89.79,E0033170,E0031718,2,below 90 deg - G203-p30,purpose-made chamber with a swept/curved channel. NOT a bend chamber: the user refused that on 2026-08-20 (~200 chambers for no construction benefit)
N0024748,P0-M-MH24748,445535.205,2566158.829,main,chamber,89.79,E0023988,E0023989,1,below 90 deg - G203-p30,purpose-made chamber with a swept/curved channel. NOT a bend chamber: the user refused that on 2026-08-20 (~200 chambers for no construction benefit)
N0024761,P0-M-MH24761,444741.181,2566482.425,main,junction,89.79,E0025645,E0024002,2,below 90 deg - G203-p30,purpose-made chamber with a swept/curved channel. NOT a bend chamber: the user refused that on 2026-08-20 (~200 chambers for no construction benefit)
N0026286,P0-L-MH26286,451476.79,2568878.971,lateral,chamber,89.79,E0025526,E0025527,1,below 90 deg - G203-p30,purpose-made chamber with a swept/curved channel. NOT a bend chamber: the user refused that on 2026-08-20 (~200 chambers for no construction benefit)
N0013249,P0-SM-MH13249,447481.701,2558157.833,sub main,chamber,89.79,E0012489,E0012490,1,below 90 deg - G203-p30,purpose-made chamber with a swept/curved channel. NOT a bend chamber: the user refused that on 2026-08-20 (~200 chambers for no construction benefit)
N0039059,P0-L-MH39059,447089.006,2566028.6,lateral,junction,89.79,E0039412,E0038300,2,below 90 deg - G203-p30,purpose-made chamber with a swept/curved channel. NOT a bend chamber: the user refused that on 2026-08-20 (~200 chambers for no construction benefit)
N0008644,P0-TM-MH8644,445149.701,2563362.722,trunk main,chamber,89.79,E0007884,E0007885,1,below 90 deg - G203-p30,purpose-made chamber with a swept/curved channel. NOT a bend chamber: the user refused that on 2026-08-20 (~200 chambers for no construction benefit)
N0032587,P0-L-MH32587,461159.796,2569162.598,lateral,chamber,89.79,E0031827,E0031828,1,below 90 deg - G203-p30,purpose-made chamber with a swept/curved channel. NOT a bend chamber: the user refused that on 2026-08-20 (~200 chambers for no construction benefit)
N0023126,P0-L-MH23126,461685.233,2568853.611,lateral,chamber,89.79,E0022366,E0022367,1,below 90 deg - G203-p30,purpose-made chamber with a swept/curved channel. NOT a bend chamber: the user refused that on 2026-08-20 (~200 chambers for no construction benefit)
N0021199,P0-L-MH21199,463868.897,2576963.075,lateral,chamber,89.79,E0020439,E0020440,1,below 90 deg - G203-p30,purpose-made chamber with a swept/curved channel. NOT a bend chamber: the user refused that on 2026-08-20 (~200 chambers for no construction benefit)
N0020176,P0-M-MH20176,458090.471,2578509.78,main,junction,89.79,E0021042,E0019417,2,below 90 deg - G203-p30,purpose-made chamber with a swept/curved channel. NOT a bend chamber: the user refused that on 2026-08-20 (~200 chambers for no construction benefit)
N0036945,P0-L-MH36945,451543.379,2569432.772,lateral,chamber,89.79,E0036185,E0036186,1,below 90 deg - G203-p30,purpose-made chamber with a swept/curved channel. NOT a bend chamber: the user refused that on 2026-08-20 (~200 chambers for no construction benefit)
N0010631,P0-L-MH10631,448992.693,2567786.802,lateral,junction,89.79,E0011670,E0009872,2,below 90 deg - G203-p30,purpose-made chamber with a swept/curved channel. NOT a bend chamber: the user refused that on 2026-08-20 (~200 chambers for no construction benefit)
N0000612,P0-TM-MH0612,466427.133,2565537.565,trunk main,junction,89.79,E0005826,E0000560,2,below 90 deg - G203-p30,purpose-made chamber with a swept/curved channel. NOT a bend chamber: the user refused that on 2026-08-20 (~200 chambers for no construction benefit)
N0016498,P0-L-MH16498,458357.371,2568902.392,lateral,junction,89.79,E0017266,E0015739,2,below 90 deg - G203-p30,purpose-made chamber with a swept/curved channel. NOT a bend chamber: the user refused that on 2026-08-20 (~200 chambers for no construction benefit)
N0017690,P0-SM-MH17690,453213.153,2567520.625,sub main,junction,89.8,E0018510,E0016931,2,below 90 deg - G203-p30,purpose-made chamber with a swept/curved channel. NOT a bend chamber: the user refused that on 2026-08-20 (~200 chambers for no construction benefit)
N0002813,P0-L-MH2813,451695.937,2564734.686,lateral,chamber,89.8,E0002504,E0002505,1,below 90 deg - G203-p30,purpose-made chamber with a swept/curved channel. NOT a bend chamber: the user refused that on 2026-08-20 (~200 chambers for no construction benefit)
N0009631,P0-SM-MH9631,447228.61,2557222.039,sub main,junction,89.8,E0010659,E0008872,3,below 90 deg - G203-p30,purpose-made chamber with a swept/curved channel. NOT a bend chamber: the user refused that on 2026-08-20 (~200 chambers for no construction benefit)
N0039408,P0-L-MH39408,445330.762,2560839.193,lateral,chamber,89.8,E0038648,E0038649,1,below 90 deg - G203-p30,purpose-made chamber with a swept/curved channel. NOT a bend chamber: the user refused that on 2026-08-20 (~200 chambers for no construction benefit)
N0038285,P0-SM-MH38285,461879.579,2569496.852,sub main,junction,89.8,E0038716,E0037526,2,below 90 deg - G203-p30,purpose-made chamber with a swept/curved channel. NOT a bend chamber: the user refused that on 2026-08-20 (~200 chambers for no construction benefit)
N0039155,P0-L-MH39155,447544.777,2565309.84,lateral,chamber,89.8,E0038395,E0038396,1,below 90 deg - G203-p30,purpose-made chamber with a swept/curved channel. NOT a bend chamber: the user refused that on 2026-08-20 (~200 chambers for no construction benefit)
N0009262,P0-SM-MH9262,455229.659,2568134.031,sub main,junction,89.8,E0010379,E0008503,2,below 90 deg - G203-p30,purpose-made chamber with a swept/curved channel. NOT a bend chamber: the user refused that on 2026-08-20 (~200 chambers for no construction benefit)
N0010544,P0-TM-MH10544,451133.934,2567085.165,trunk main,junction,89.8,E0011435,E0009785,2,below 90 deg - G203-p30,purpose-made chamber with a swept/curved channel. NOT a bend chamber: the user refused that on 2026-08-20 (~200 chambers for no construction benefit)
N0045063,P0-L-MH45063,462538.718,2569970.332,lateral,chamber,89.8,E0044303,E0044304,1,below 90 deg - G203-p30,purpose-made chamber with a swept/curved channel. NOT a bend chamber: the user refused that on 2026-08-20 (~200 chambers for no construction benefit)
N0031001,P0-L-MH31001,451391.892,2569069.155,lateral,junction,89.8,E0031734,E0030242,2,below 90 deg - G203-p30,purpose-made chamber with a swept/curved channel. NOT a bend chamber: the user refused that on 2026-08-20 (~200 chambers for no construction benefit)
N0035509,P0-M-MH35509,448704.426,2568851.239,main,junction,89.8,E0036200,E0034750,2,below 90 deg - G203-p30,purpose-made chamber with a swept/curved channel. NOT a bend chamber: the user refused that on 2026-08-20 (~200 chambers for no construction benefit)
N0012282,P0-L-MH12282,460959.047,2578766.717,lateral,junction,89.8,E0013376,E0011523,2,below 90 deg - G203-p30,purpose-made chamber with a swept/curved channel. NOT a bend chamber: the user refused that on 2026-08-20 (~200 chambers for no construction benefit)
N0042733,P0-M-MH42733,454188.182,2576210.256,main,junction,89.81,E0042711,E0041974,2,below 90 deg - G203-p30,purpose-made chamber with a swept/curved channel. NOT a bend chamber: the user refused that on 2026-08-20 (~200 chambers for no construction benefit)
N0039063,P0-L-MH39063,447513.07,2566692.318,lateral,chamber,89.81,E0038303,E0038304,1,below 90 deg - G203-p30,purpose-made chamber with a swept/curved channel. NOT a bend chamber: the user refused that on 2026-08-20 (~200 chambers for no construction benefit)
N0015015,P0-SM-MH15015,456742.982,2567467.435,sub main,junction,89.81,E0016056,E0014256,2,below 90 deg - G203-p30,purpose-made chamber with a swept/curved channel. NOT a bend chamber: the user refused that on 2026-08-20 (~200 chambers for no construction benefit)
N0031226,P0-SM-MH31226,454563.623,2571434.804,sub main,junction,89.81,E0031958,E0030467,2,below 90 deg - G203-p30,purpose-made chamber with a swept/curved channel. NOT a bend chamber: the user refused that on 2026-08-20 (~200 chambers for no construction benefit)
N0001656,P0-L-MH1656,435506.076,2575391.697,lateral,junction,89.81,E0006545,E0001519,2,below 90 deg - G203-p30,purpose-made chamber with a swept/curved channel. NOT a bend chamber: the user refused that on 2026-08-20 (~200 chambers for no construction benefit)
N0049609,P0-L-MH49609,440654.542,2570870.57,lateral,chamber,89.81,E0048849,E0048850,1,below 90 deg - G203-p30,purpose-made chamber with a swept/curved channel. NOT a bend chamber: the user refused that on 2026-08-20 (~200 chambers for no construction benefit)
N0036692,P0-L-MH36692,447703.315,2564384.004,lateral,junction,89.82,E0037250,E0035933,2,below 90 deg - G203-p30,purpose-made chamber with a swept/curved channel. NOT a bend chamber: the user refused that on 2026-08-20 (~200 chambers for no construction benefit)
N0037306,P0-SM-MH37306,456629.909,2572539.526,sub main,chamber,89.82,E0036546,E0036547,1,below 90 deg - G203-p30,purpose-made chamber with a swept/curved channel. NOT a bend chamber: the user refused that on 2026-08-20 (~200 chambers for no construction benefit)
N0047408,P0-M-MH47408,446769.836,2567961.225,main,junction,89.82,E0046851,E0046649,2,below 90 deg - G203-p30,purpose-made chamber with a swept/curved channel. NOT a bend chamber: the user refused that on 2026-08-20 (~200 chambers for no construction benefit)
N0026413,P0-M-MH26413,444665.291,2566438.49,main,junction,89.82,E0027364,E0025654,2,below 90 deg - G203-p30,purpose-made chamber with a swept/curved channel. NOT a bend chamber: the user refused that on 2026-08-20 (~200 chambers for no construction benefit)
N0019326,P0-L-MH19326,459566.19,2568474.951,lateral,chamber,89.82,E0018566,E0018567,1,below 90 deg - G203-p30,purpose-made chamber with a swept/curved channel. NOT a bend chamber: the user refused that on 2026-08-20 (~200 chambers for no construction benefit)
N0035796,P0-SM-MH35796,456383.413,2572625.029,sub main,junction,89.83,E0036555,E0035037,2,below 90 deg - G203-p30,purpose-made chamber with a swept/curved channel. NOT a bend chamber: the user refused that on 2026-08-20 (~200 chambers for no construction benefit)
N0012929,P0-M-MH12929,450773.906,2570278.214,main,chamber,89.83,E0012169,E0012170,1,below 90 deg - G203-p30,purpose-made chamber with a swept/curved channel. NOT a bend chamber: the user refused that on 2026-08-20 (~200 chambers for no construction benefit)
N0041457,P0-L-MH41457,444475.419,2565272.762,lateral,chamber,89.83,E0040697,E0040698,1,below 90 deg - G203-p30,purpose-made chamber with a swept/curved channel. NOT a bend chamber: the user refused that on 2026-08-20 (~200 chambers for no construction benefit)
N0043090,P0-L-MH43090,448395.261,2564951.504,lateral,junction,89.83,E0043014,E0042331,2,below 90 deg - G203-p30,purpose-made chamber with a swept/curved channel. NOT a bend chamber: the user refused that on 2026-08-20 (~200 chambers for no construction benefit)
N0042348,P0-L-MH42348,444868.199,2565439.31,lateral,chamber,89.83,E0041588,E0041589,1,below 90 deg - G203-p30,purpose-made chamber with a swept/curved channel. NOT a bend chamber: the user refused that on 2026-08-20 (~200 chambers for no construction benefit)
N0033743,P0-M-MH33743,447456.218,2564209.404,main,chamber,89.83,E0032983,E0032984,1,below 90 deg - G203-p30,purpose-made chamber with a swept/curved channel. NOT a bend chamber: the user refused that on 2026-08-20 (~200 chambers for no construction benefit)
N0025993,P0-L-MH25993,445932.333,2566271.348,lateral,junction,89.83,E0027027,E0025234,2,below 90 deg - G203-p30,purpose-made chamber with a swept/curved channel. NOT a bend chamber: the user refused that on 2026-08-20 (~200 chambers for no construction benefit)
N0018593,P0-SM-MH18593,458179.965,2578380.398,sub main,junction,89.83,E0019423,E0017834,2,below 90 deg - G203-p30,purpose-made chamber with a swept/curved channel. NOT a bend chamber: the user refused that on 2026-08-20 (~200 chambers for no construction benefit)
N0034315,P0-SM-MH34315,460690.42,2570642.174,sub main,junction,89.84,E0034943,E0033556,2,below 90 deg - G203-p30,purpose-made chamber with a swept/curved channel. NOT a bend chamber: the user refused that on 2026-08-20 (~200 chambers for no construction benefit)
N0048846,P0-L-MH48846,445255.462,2569072.333,lateral,junction,89.84,E0048158,E0048087,2,below 90 deg - G203-p30,purpose-made chamber with a swept/curved channel. NOT a bend chamber: the user refused that on 2026-08-20 (~200 chambers for no construction benefit)
N0018928,P0-TM-MH18928,452775.757,2573243.076,trunk main,junction,89.84,E0019817,E0018169,3,below 90 deg - G203-p30,purpose-made chamber with a swept/curved channel. NOT a bend chamber: the user refused that on 2026-08-20 (~200 chambers for no construction benefit)
N0036912,P0-SM-MH36912,454544.81,2570839.12,sub main,junction,89.84,E0037535,E0036153,2,below 90 deg - G203-p30,purpose-made chamber with a swept/curved channel. NOT a bend chamber: the user refused that on 2026-08-20 (~200 chambers for no construction benefit)
N0035380,P0-L-MH35380,445388.628,2560757.587,lateral,chamber,89.84,E0034620,E0034621,1,below 90 deg - G203-p30,purpose-made chamber with a swept/curved channel. NOT a bend chamber: the user refused that on 2026-08-20 (~200 chambers for no construction benefit)
N0028227,P0-L-MH28227,462330.508,2577392.295,lateral,junction,89.84,E0029012,E0027468,2,below 90 deg - G203-p30,purpose-made chamber with a swept/curved channel. NOT a bend chamber: the user refused that on 2026-08-20 (~200 chambers for no construction benefit)
N0006296,P0-L-MH6296,459838.046,2567762.869,lateral,junction,89.84,E0008176,E0005537,2,below 90 deg - G203-p30,purpose-made chamber with a swept/curved channel. NOT a bend chamber: the user refused that on 2026-08-20 (~200 chambers for no construction benefit)
N0000722,P0-L-MH0722,462531.902,2567268.092,lateral,chamber,89.84,E0000654,E0000655,1,below 90 deg - G203-p30,purpose-made chamber with a swept/curved channel. NOT a bend chamber: the user refused that on 2026-08-20 (~200 chambers for no construction benefit)
N0013126,P0-M-MH13126,436517.26,2574842.704,main,junction,89.84,E0014130,E0012367,2,below 90 deg - G203-p30,purpose-made chamber with a swept/curved channel. NOT a bend chamber: the user refused that on 2026-08-20 (~200 chambers for no construction benefit)
N0014132,P0-L-MH14132,449992.419,2567700.014,lateral,chamber,89.85,E0013372,E0013373,1,below 90 deg - G203-p30,purpose-made chamber with a swept/curved channel. NOT a bend chamber: the user refused that on 2026-08-20 (~200 chambers for no construction benefit)
N0028538,P0-SM-MH28538,450971.634,2563635.412,sub main,chamber,89.85,E0027778,E0027779,1,below 90 deg - G203-p30,purpose-made chamber with a swept/curved channel. NOT a bend chamber: the user refused that on 2026-08-20 (~200 chambers for no construction benefit)
N0045545,P0-M-MH45545,462617.568,2570230.856,main,junction,89.85,E0045208,E0044786,2,below 90 deg - G203-p30,purpose-made chamber with a swept/curved channel. NOT a bend chamber: the user refused that on 2026-08-20 (~200 chambers for no construction benefit)
N0032513,P0-L-MH32513,451385.508,2569156.636,lateral,chamber,89.85,E0031753,E0031754,1,below 90 deg - G203-p30,purpose-made chamber with a swept/curved channel. NOT a bend chamber: the user refused that on 2026-08-20 (~200 chambers for no construction benefit)
N0025939,P0-L-MH25939,453774.795,2568248.902,lateral,junction,89.85,E0026985,E0025180,2,below 90 deg - G203-p30,purpose-made chamber with a swept/curved channel. NOT a bend chamber: the user refused that on 2026-08-20 (~200 chambers for no construction benefit)
N0024175,P0-L-MH24175,453566.54,2567418.86,lateral,junction,89.85,E0025122,E0023416,2,below 90 deg - G203-p30,purpose-made chamber with a swept/curved channel. NOT a bend chamber: the user refused that on 2026-08-20 (~200 chambers for no construction benefit)
N0036718,P0-L-MH36718,450612.335,2568827.042,lateral,junction,89.85,E0037257,E0035959,3,below 90 deg - G203-p30,purpose-made chamber with a swept/curved channel. NOT a bend chamber: the user refused that on 2026-08-20 (~200 chambers for no construction benefit)
N0013869,P0-L-MH13869,445925.446,2564459.997,lateral,chamber,89.85,E0013109,E0013110,1,below 90 deg - G203-p30,purpose-made chamber with a swept/curved channel. NOT a bend chamber: the user refused that on 2026-08-20 (~200 chambers for no construction benefit)
N0041544,P0-L-MH41544,461569.437,2569821.359,lateral,junction,89.85,E0041728,E0040785,2,below 90 deg - G203-p30,purpose-made chamber with a swept/curved channel. NOT a bend chamber: the user refused that on 2026-08-20 (~200 chambers for no construction benefit)
N0041213,P0-L-MH41213,447240.342,2566803.639,lateral,chamber,89.85,E0040453,E0040454,1,below 90 deg - G203-p30,purpose-made chamber with a swept/curved channel. NOT a bend chamber: the user refused that on 2026-08-20 (~200 chambers for no construction benefit)
N0042540,P0-L-MH42540,455757.346,2571308.528,lateral,chamber,89.86,E0041780,E0041781,1,below 90 deg - G203-p30,purpose-made chamber with a swept/curved channel. NOT a bend chamber: the user refused that on 2026-08-20 (~200 chambers for no construction benefit)
N0022884,P0-L-MH22884,460205.176,2568712.735,lateral,chamber,89.86,E0022124,E0022125,1,below 90 deg - G203-p30,purpose-made chamber with a swept/curved channel. NOT a bend chamber: the user refused that on 2026-08-20 (~200 chambers for no construction benefit)
N0015661,P0-TM-MH15661,474651.354,2574793.578,trunk main,junction,89.86,E0016581,E0014902,2,below 90 deg - G203-p30,purpose-made chamber with a swept/curved channel. NOT a bend chamber: the user refused that on 2026-08-20 (~200 chambers for no construction benefit)
N0029835,P0-L-MH29835,448335.793,2569034.876,lateral,junction,89.86,E0030738,E0029076,2,below 90 deg - G203-p30,purpose-made chamber with a swept/curved channel. NOT a bend chamber: the user refused that on 2026-08-20 (~200 chambers for no construction benefit)
N0041512,P0-SM-MH41512,462192.832,2569942.079,sub main,junction,89.86,E0041687,E0040753,2,below 90 deg - G203-p30,purpose-made chamber with a swept/curved channel. NOT a bend chamber: the user refused that on 2026-08-20 (~200 chambers for no construction benefit)
N0045549,P0-L-MH45549,443674.502,2565250.683,lateral,junction,89.86,E0045220,E0044790,2,below 90 deg - G203-p30,purpose-made chamber with a swept/curved channel. NOT a bend chamber: the user refused that on 2026-08-20 (~200 chambers for no construction benefit)
N0013898,P0-TM-MH13898,474461.221,2574713.448,trunk main,junction,89.86,E0015287,E0013139,3,below 90 deg - G203-p30,purpose-made chamber with a swept/curved channel. NOT a bend chamber: the user refused that on 2026-08-20 (~200 chambers for no construction benefit)
N0047240,P0-SM-MH47240,446256.456,2567668.808,sub main,junction,89.86,E0046669,E0046481,2,below 90 deg - G203-p30,purpose-made chamber with a swept/curved channel. NOT a bend chamber: the user refused that on 2026-08-20 (~200 chambers for no construction benefit)
N0043506,P0-M-MH43506,454419.712,2576510.359,main,chamber,89.86,E0042746,E0042747,1,below 90 deg - G203-p30,purpose-made chamber with a swept/curved channel. NOT a bend chamber: the user refused that on 2026-08-20 (~200 chambers for no construction benefit)
N0020961,P0-SM-MH20961,460066.877,2568584.305,sub main,junction,89.86,E0022128,E0020202,2,below 90 deg - G203-p30,purpose-made chamber with a swept/curved channel. NOT a bend chamber: the user refused that on 2026-08-20 (~200 chambers for no construction benefit)
N0040258,P0-L-MH40258,446574.257,2565637.538,lateral,chamber,89.87,E0039498,E0039499,1,below 90 deg - G203-p30,purpose-made chamber with a swept/curved channel. NOT a bend chamber: the user refused that on 2026-08-20 (~200 chambers for no construction benefit)
N0014259,P0-M-MH14259,446926.874,2567144.104,main,junction,89.87,E0015165,E0013500,2,below 90 deg - G203-p30,purpose-made chamber with a swept/curved channel. NOT a bend chamber: the user refused that on 2026-08-20 (~200 chambers for no construction benefit)
N0001198,P0-L-MH1198,447548.422,2567280.636,lateral,junction,89.87,E0006283,E0001100,2,below 90 deg - G203-p30,purpose-made chamber with a swept/curved channel. NOT a bend chamber: the user refused that on 2026-08-20 (~200 chambers for no construction benefit)
N0023446,P0-L-MH23446,458565.978,2568190.722,lateral,junction,89.87,E0024370,E0022687,2,below 90 deg - G203-p30,purpose-made chamber with a swept/curved channel. NOT a bend chamber: the user refused that on 2026-08-20 (~200 chambers for no construction benefit)
N0020259,P0-L-MH20259,446864.102,2572032.053,lateral,junction,89.87,E0021144,E0019500,2,below 90 deg - G203-p30,purpose-made chamber with a swept/curved channel. NOT a bend chamber: the user refused that on 2026-08-20 (~200 chambers for no construction benefit)
N0044983,P0-M-MH44983,448645.947,2566256.79,main,junction,89.87,E0044739,E0044224,2,below 90 deg - G203-p30,purpose-made chamber with a swept/curved channel. NOT a bend chamber: the user refused that on 2026-08-20 (~200 chambers for no construction benefit)
N0014137,P0-L-MH14137,460817.596,2578634.94,lateral,chamber,89.87,E0013377,E0013378,1,below 90 deg - G203-p30,purpose-made chamber with a swept/curved channel. NOT a bend chamber: the user refused that on 2026-08-20 (~200 chambers for no construction benefit)
N0031240,P0-SM-MH31240,460322.026,2570442.79,sub main,chamber,89.87,E0030480,E0030481,1,below 90 deg - G203-p30,purpose-made chamber with a swept/curved channel. NOT a bend chamber: the user refused that on 2026-08-20 (~200 chambers for no construction benefit)
N0040422,P0-L-MH40422,448804.344,2564424.645,lateral,chamber,89.87,E0039662,E0039663,1,below 90 deg - G203-p30,purpose-made chamber with a swept/curved channel. NOT a bend chamber: the user refused that on 2026-08-20 (~200 chambers for no construction benefit)
N0011238,P0-M-MH11238,450419.682,2570426.595,main,chamber,89.87,E0010478,E0010479,1,below 90 deg - G203-p30,purpose-made chamber with a swept/curved channel. NOT a bend chamber: the user refused that on 2026-08-20 (~200 chambers for no construction benefit)
N0037282,P0-M-MH37282,457440.965,2571171.247,main,junction,89.87,E0037844,E0036523,2,below 90 deg - G203-p30,purpose-made chamber with a swept/curved channel. NOT a bend chamber: the user refused that on 2026-08-20 (~200 chambers for no construction benefit)
N0049497,P0-L-MH49497,442124.009,2569812.057,lateral,chamber,89.88,E0048737,E0048738,1,below 90 deg - G203-p30,purpose-made chamber with a swept/curved channel. NOT a bend chamber: the user refused that on 2026-08-20 (~200 chambers for no construction benefit)
N0043266,P0-L-MH43266,462654.194,2569687.843,lateral,chamber,89.88,E0042506,E0042507,1,below 90 deg - G203-p30,purpose-made chamber with a swept/curved channel. NOT a bend chamber: the user refused that on 2026-08-20 (~200 chambers for no construction benefit)
N0043204,P0-L-MH43204,444726.293,2565708.535,lateral,chamber,89.88,E0042444,E0042445,1,below 90 deg - G203-p30,purpose-made chamber with a swept/curved channel. NOT a bend chamber: the user refused that on 2026-08-20 (~200 chambers for no construction benefit)
N0043928,P0-L-MH43928,461783.143,2571170.071,lateral,junction,89.88,E0043783,E0043169,2,below 90 deg - G203-p30,purpose-made chamber with a swept/curved channel. NOT a bend chamber: the user refused that on 2026-08-20 (~200 chambers for no construction benefit)
N0032514,P0-L-MH32514,451371.369,2569156.7,lateral,chamber,89.88,E0031754,E0031755,1,below 90 deg - G203-p30,purpose-made chamber with a swept/curved channel. NOT a bend chamber: the user refused that on 2026-08-20 (~200 chambers for no construction benefit)
N0012332,P0-SM-MH12332,451099.941,2567470.426,sub main,junction,89.89,E0013733,E0011573,2,below 90 deg - G203-p30,purpose-made chamber with a swept/curved channel. NOT a bend chamber: the user refused that on 2026-08-20 (~200 chambers for no construction benefit)
N0035367,P0-L-MH35367,460725.238,2569245.315,lateral,chamber,89.89,E0034607,E0034608,1,below 90 deg - G203-p30,purpose-made chamber with a swept/curved channel. NOT a bend chamber: the user refused that on 2026-08-20 (~200 chambers for no construction benefit)
N0028567,P0-SM-MH28567,446498.52,2572988.509,sub main,junction,89.89,E0029463,E0027808,2,below 90 deg - G203-p30,purpose-made chamber with a swept/curved channel. NOT a bend chamber: the user refused that on 2026-08-20 (~200 chambers for no construction benefit)
N0035204,P0-L-MH35204,447325.976,2564658.703,lateral,chamber,89.89,E0034444,E0034445,1,below 90 deg - G203-p30,purpose-made chamber with a swept/curved channel. NOT a bend chamber: the user refused that on 2026-08-20 (~200 chambers for no construction benefit)
N0049687,P0-L-MH49687,441835.111,2570202.971,lateral,junction,89.89,E0048974,E0048928,2,below 90 deg - G203-p30,purpose-made chamber with a swept/curved channel. NOT a bend chamber: the user refused that on 2026-08-20 (~200 chambers for no construction benefit)
N0027419,P0-M-MH27419,453444.97,2573293.744,main,junction,89.89,E0028182,E0026660,2,below 90 deg - G203-p30,purpose-made chamber with a swept/curved channel. NOT a bend chamber: the user refused that on 2026-08-20 (~200 chambers for no construction benefit)
N0040303,P0-L-MH40303,450457.229,2568890.224,lateral,junction,89.89,E0040546,E0039544,2,below 90 deg - G203-p30,purpose-made chamber with a swept/curved channel. NOT a bend chamber: the user refused that on 2026-08-20 (~200 chambers for no construction benefit)
N0025352,P0-M-MH25352,459479.795,2578688.723,main,junction,89.89,E0026370,E0024593,2,below 90 deg - G203-p30,purpose-made chamber with a swept/curved channel. NOT a bend chamber: the user refused that on 2026-08-20 (~200 chambers for no construction benefit)
N0038223,P0-M-MH38223,444339.332,2564558.454,main,junction,89.89,E0038690,E0037464,2,below 90 deg - G203-p30,purpose-made chamber with a swept/curved channel. NOT a bend chamber: the user refused that on 2026-08-20 (~200 chambers for no construction benefit)
N0039385,P0-L-MH39385,444259.058,2564110.591,lateral,junction,89.89,E0039726,E0038626,2,below 90 deg - G203-p30,purpose-made chamber with a swept/curved channel. NOT a bend chamber: the user refused that on 2026-08-20 (~200 chambers for no construction benefit)
N0023131,P0-L-MH23131,461569.969,2568557.538,lateral,chamber,89.89,E0022371,E0022372,1,below 90 deg - G203-p30,purpose-made chamber with a swept/curved channel. NOT a bend chamber: the user refused that on 2026-08-20 (~200 chambers for no construction benefit)
N0041378,P0-M-MH41378,445510.742,2565155.578,main,junction,89.89,E0041529,E0040619,2,below 90 deg - G203-p30,purpose-made chamber with a swept/curved channel. NOT a bend chamber: the user refused that on 2026-08-20 (~200 chambers for no construction benefit)
N0038358,P0-L-MH38358,461925.756,2569220.166,lateral,chamber,89.89,E0037598,E0037599,1,below 90 deg - G203-p30,purpose-made chamber with a swept/curved channel. NOT a bend chamber: the user refused that on 2026-08-20 (~200 chambers for no construction benefit)
N0042375,P0-L-MH42375,444811.942,2565439.273,lateral,chamber,89.89,E0041615,E0041616,1,below 90 deg - G203-p30,purpose-made chamber with a swept/curved channel. NOT a bend chamber: the user refused that on 2026-08-20 (~200 chambers for no construction benefit)
N0039444,P0-L-MH39444,444100.889,2564558.884,lateral,junction,89.89,E0039833,E0038685,2,below 90 deg - G203-p30,purpose-made chamber with a swept/curved channel. NOT a bend chamber: the user refused that on 2026-08-20 (~200 chambers for no construction benefit)
N0024768,P0-L-MH24768,444725.436,2566626.852,lateral,junction,89.9,E0025655,E0024009,2,below 90 deg - G203-p30,purpose-made chamber with a swept/curved channel. NOT a bend chamber: the user refused that on 2026-08-20 (~200 chambers for no construction benefit)
N0043235,P0-M-MH43235,462039.569,2570049.386,main,chamber,89.9,E0042475,E0042476,1,below 90 deg - G203-p30,purpose-made chamber with a swept/curved channel. NOT a bend chamber: the user refused that on 2026-08-20 (~200 chambers for no construction benefit)
N0022988,P0-M-MH22988,445474.043,2566616.454,main,chamber,89.9,E0022228,E0022229,1,below 90 deg - G203-p30,purpose-made chamber with a swept/curved channel. NOT a bend chamber: the user refused that on 2026-08-20 (~200 chambers for no construction benefit)
N0023028,P0-L-MH23028,451801.556,2569499.725,lateral,junction,89.9,E0023938,E0022269,2,below 90 deg - G203-p30,purpose-made chamber with a swept/curved channel. NOT a bend chamber: the user refused that on 2026-08-20 (~200 chambers for no construction benefit)
N0043237,P0-L-MH43237,444277.91,2565886.407,lateral,junction,89.9,E0043151,E0042478,2,below 90 deg - G203-p30,purpose-made chamber with a swept/curved channel. NOT a bend chamber: the user refused that on 2026-08-20 (~200 chambers for no construction benefit)
N0045005,P0-L-MH45005,447865.37,2565617.849,lateral,chamber,89.9,E0044245,E0044246,1,below 90 deg - G203-p30,purpose-made chamber with a swept/curved channel. NOT a bend chamber: the user refused that on 2026-08-20 (~200 chambers for no construction benefit)
N0008998,P0-M-MH8998,460999.492,2578791.664,main,junction,89.9,E0009920,E0008239,3,below 90 deg - G203-p30,purpose-made chamber with a swept/curved channel. NOT a bend chamber: the user refused that on 2026-08-20 (~200 chambers for no construction benefit)
N0045627,P0-SM-MH45627,448048.794,2567987.276,sub main,chamber,89.9,E0044867,E0044868,1,below 90 deg - G203-p30,purpose-made chamber with a swept/curved channel. NOT a bend chamber: the user refused that on 2026-08-20 (~200 chambers for no construction benefit)
N0034237,P0-SM-MH34237,445006.415,2560278.362,sub main,junction,89.9,E0034876,E0033478,2,below 90 deg - G203-p30,purpose-made chamber with a swept/curved channel. NOT a bend chamber: the user refused that on 2026-08-20 (~200 chambers for no construction benefit)
N0022166,P0-L-MH22166,460716.129,2578668.063,lateral,junction,89.9,E0023198,E0021407,2,below 90 deg - G203-p30,purpose-made chamber with a swept/curved channel. NOT a bend chamber: the user refused that on 2026-08-20 (~200 chambers for no construction benefit)
N0040699,P0-L-MH40699,461820.377,2570925.818,lateral,chamber,89.9,E0039939,E0039940,1,below 90 deg - G203-p30,purpose-made chamber with a swept/curved channel. NOT a bend chamber: the user refused that on 2026-08-20 (~200 chambers for no construction benefit)
N0034043,P0-L-MH34043,445601.479,2561819.999,lateral,chamber,89.91,E0033283,E0033284,1,below 90 deg - G203-p30,purpose-made chamber with a swept/curved channel. NOT a bend chamber: the user refused that on 2026-08-20 (~200 chambers for no construction benefit)
N0041460,P0-M-MH41460,444371.298,2565398.702,main,junction,89.91,E0041656,E0040701,2,below 90 deg - G203-p30,purpose-made chamber with a swept/curved channel. NOT a bend chamber: the user refused that on 2026-08-20 (~200 chambers for no construction benefit)
N0033875,P0-M-MH33875,460503.403,2569145.057,main,junction,89.91,E0034613,E0033116,2,below 90 deg - G203-p30,purpose-made chamber with a swept/curved channel. NOT a bend chamber: the user refused that on 2026-08-20 (~200 chambers for no construction benefit)
N0034120,P0-L-MH34120,461414.983,2569334.651,lateral,junction,89.91,E0034813,E0033361,2,below 90 deg - G203-p30,purpose-made chamber with a swept/curved channel. NOT a bend chamber: the user refused that on 2026-08-20 (~200 chambers for no construction benefit)
N0032145,P0-L-MH32145,446820.064,2564231.061,lateral,chamber,89.91,E0031385,E0031386,1,below 90 deg - G203-p30,purpose-made chamber with a swept/curved channel. NOT a bend chamber: the user refused that on 2026-08-20 (~200 chambers for no construction benefit)
N0024525,P0-M-MH24525,451439.345,2568688.456,main,junction,89.91,E0025454,E0023766,2,below 90 deg - G203-p30,purpose-made chamber with a swept/curved channel. NOT a bend chamber: the user refused that on 2026-08-20 (~200 chambers for no construction benefit)
N0034123,P0-L-MH34123,448026.236,2570187.284,lateral,chamber,89.91,E0033363,E0033364,1,below 90 deg - G203-p30,purpose-made chamber with a swept/curved channel. NOT a bend chamber: the user refused that on 2026-08-20 (~200 chambers for no construction benefit)
N0043894,P0-L-MH43894,443985.867,2565520.726,lateral,junction,89.91,E0043721,E0043135,2,below 90 deg - G203-p30,purpose-made chamber with a swept/curved channel. NOT a bend chamber: the user refused that on 2026-08-20 (~200 chambers for no construction benefit)
N0020237,P0-L-MH20237,447404.084,2571698.911,lateral,junction,89.91,E0021136,E0019478,2,below 90 deg - G203-p30,purpose-made chamber with a swept/curved channel. NOT a bend chamber: the user refused that on 2026-08-20 (~200 chambers for no construction benefit)
N0035758,P0-L-MH35758,459958.662,2571499.892,lateral,junction,89.91,E0036441,E0034999,2,below 90 deg - G203-p30,purpose-made chamber with a swept/curved channel. NOT a bend chamber: the user refused that on 2026-08-20 (~200 chambers for no construction benefit)
N0031093,P0-SM-MH31093,461112.326,2568902.949,sub main,chamber,89.91,E0030333,E0030334,1,below 90 deg - G203-p30,purpose-made chamber with a swept/curved channel. NOT a bend chamber: the user refused that on 2026-08-20 (~200 chambers for no construction benefit)
N0012308,P0-L-MH12308,450891.329,2567327.96,lateral,junction,89.91,E0013384,E0011549,2,below 90 deg - G203-p30,purpose-made chamber with a swept/curved channel. NOT a bend chamber: the user refused that on 2026-08-20 (~200 chambers for no construction benefit)
N0026023,P0-SM-MH26023,459496.738,2570008.505,sub main,junction,89.92,E0027168,E0025264,2,below 90 deg - G203-p30,purpose-made chamber with a swept/curved channel. NOT a bend chamber: the user refused that on 2026-08-20 (~200 chambers for no construction benefit)
N0026327,P0-L-MH26327,452743.395,2567790.6,lateral,chamber,89.92,E0025567,E0025568,1,below 90 deg - G203-p30,purpose-made chamber with a swept/curved channel. NOT a bend chamber: the user refused that on 2026-08-20 (~200 chambers for no construction benefit)
N0002758,P0-L-MH2758,446502.451,2566226.609,lateral,junction,89.92,E0007111,E0002465,2,below 90 deg - G203-p30,purpose-made chamber with a swept/curved channel. NOT a bend chamber: the user refused that on 2026-08-20 (~200 chambers for no construction benefit)
N0014270,P0-M-MH14270,446524.538,2567484.686,main,chamber,89.92,E0013510,E0013511,1,below 90 deg - G203-p30,purpose-made chamber with a swept/curved channel. NOT a bend chamber: the user refused that on 2026-08-20 (~200 chambers for no construction benefit)
N0030858,P0-SM-MH30858,445838.009,2561552.158,sub main,junction,89.92,E0031616,E0030099,2,below 90 deg - G203-p30,purpose-made chamber with a swept/curved channel. NOT a bend chamber: the user refused that on 2026-08-20 (~200 chambers for no construction benefit)
N0000704,P0-M-MH0704,450127.133,2569089.944,main,junction,89.92,E0005685,E0000637,3,below 90 deg - G203-p30,purpose-made chamber with a swept/curved channel. NOT a bend chamber: the user refused that on 2026-08-20 (~200 chambers for no construction benefit)
N0028158,P0-L-MH28158,443924.023,2563973.134,lateral,chamber,89.92,E0027398,E0027399,1,below 90 deg - G203-p30,purpose-made chamber with a swept/curved channel. NOT a bend chamber: the user refused that on 2026-08-20 (~200 chambers for no construction benefit)
N0022622,P0-L-MH22622,453350.268,2568112.0,lateral,chamber,89.92,E0021862,E0021863,1,below 90 deg - G203-p30,purpose-made chamber with a swept/curved channel. NOT a bend chamber: the user refused that on 2026-08-20 (~200 chambers for no construction benefit)
N0022983,P0-M-MH22983,445393.354,2566396.305,main,junction,89.92,E0023994,E0022224,2,below 90 deg - G203-p30,purpose-made chamber with a swept/curved channel. NOT a bend chamber: the user refused that on 2026-08-20 (~200 chambers for no construction benefit)
N0030322,P0-L-MH30322,447897.865,2572312.167,lateral,junction,89.92,E0031158,E0029563,2,below 90 deg - G203-p30,purpose-made chamber with a swept/curved channel. NOT a bend chamber: the user refused that on 2026-08-20 (~200 chambers for no construction benefit)
N0006446,P0-L-MH6446,450132.607,2569117.173,lateral,junction,89.92,E0008480,E0005687,2,below 90 deg - G203-p30,purpose-made chamber with a swept/curved channel. NOT a bend chamber: the user refused that on 2026-08-20 (~200 chambers for no construction benefit)
N0048859,P0-SM-MH48859,442455.14,2568917.885,sub main,junction,89.92,E0048202,E0048100,2,below 90 deg - G203-p30,purpose-made chamber with a swept/curved channel. NOT a bend chamber: the user refused that on 2026-08-20 (~200 chambers for no construction benefit)
N0042247,P0-M-MH42247,450422.418,2569138.49,main,junction,89.92,E0042295,E0041488,2,below 90 deg - G203-p30,purpose-made chamber with a swept/curved channel. NOT a bend chamber: the user refused that on 2026-08-20 (~200 chambers for no construction benefit)
N0039426,P0-L-MH39426,444592.197,2564290.777,lateral,junction,89.92,E0039772,E0038667,2,below 90 deg - G203-p30,purpose-made chamber with a swept/curved channel. NOT a bend chamber: the user refused that on 2026-08-20 (~200 chambers for no construction benefit)
N0037398,P0-L-MH37398,456931.431,2571980.275,lateral,chamber,89.92,E0036638,E0036639,1,below 90 deg - G203-p30,purpose-made chamber with a swept/curved channel. NOT a bend chamber: the user refused that on 2026-08-20 (~200 chambers for no construction benefit)
N0032790,P0-L-MH32790,459371.985,2570868.19,lateral,junction,89.93,E0033533,E0032031,2,below 90 deg - G203-p30,purpose-made chamber with a swept/curved channel. NOT a bend chamber: the user refused that on 2026-08-20 (~200 chambers for no construction benefit)
N0041330,P0-L-MH41330,450795.488,2569329.263,lateral,chamber,89.93,E0040570,E0040571,1,below 90 deg - G203-p30,purpose-made chamber with a swept/curved channel. NOT a bend chamber: the user refused that on 2026-08-20 (~200 chambers for no construction benefit)
N0031680,P0-SM-MH31680,457031.183,2568408.263,sub main,junction,89.93,E0032410,E0030921,2,below 90 deg - G203-p30,purpose-made chamber with a swept/curved channel. NOT a bend chamber: the user refused that on 2026-08-20 (~200 chambers for no construction benefit)
N0044444,P0-L-MH44444,462558.38,2569855.212,lateral,junction,89.93,E0044323,E0043685,2,below 90 deg - G203-p30,purpose-made chamber with a swept/curved channel. NOT a bend chamber: the user refused that on 2026-08-20 (~200 chambers for no construction benefit)
N0033818,P0-L-MH33818,450355.694,2568789.012,lateral,chamber,89.93,E0033058,E0033059,1,below 90 deg - G203-p30,purpose-made chamber with a swept/curved channel. NOT a bend chamber: the user refused that on 2026-08-20 (~200 chambers for no construction benefit)
N0022123,P0-L-MH22123,445922.272,2563698.562,lateral,junction,89.93,E0023149,E0021364,2,below 90 deg - G203-p30,purpose-made chamber with a swept/curved channel. NOT a bend chamber: the user refused that on 2026-08-20 (~200 chambers for no construction benefit)
N0047908,P0-L-MH47908,445590.994,2567824.495,lateral,chamber,89.94,E0047148,E0047149,1,below 90 deg - G203-p30,purpose-made chamber with a swept/curved channel. NOT a bend chamber: the user refused that on 2026-08-20 (~200 chambers for no construction benefit)
N0043899,P0-L-MH43899,462116.087,2570307.752,lateral,junction,89.94,E0043751,E0043140,2,below 90 deg - G203-p30,purpose-made chamber with a swept/curved channel. NOT a bend chamber: the user refused that on 2026-08-20 (~200 chambers for no construction benefit)
N0044072,P0-M-MH44072,442845.362,2558346.933,main,chamber,89.94,E0043312,E0043313,1,below 90 deg - G203-p30,purpose-made chamber with a swept/curved channel. NOT a bend chamber: the user refused that on 2026-08-20 (~200 chambers for no construction benefit)
N0022157,P0-L-MH22157,446014.818,2563082.069,lateral,junction,89.94,E0023211,E0021398,2,below 90 deg - G203-p30,purpose-made chamber with a swept/curved channel. NOT a bend chamber: the user refused that on 2026-08-20 (~200 chambers for no construction benefit)
N0043203,P0-L-MH43203,444664.363,2565708.47,lateral,chamber,89.94,E0042443,E0042444,1,below 90 deg - G203-p30,purpose-made chamber with a swept/curved channel. NOT a bend chamber: the user refused that on 2026-08-20 (~200 chambers for no construction benefit)
N0049073,P0-SM-MH49073,441607.426,2569455.412,sub main,junction,89.94,E0048378,E0048314,2,below 90 deg - G203-p30,purpose-made chamber with a swept/curved channel. NOT a bend chamber: the user refused that on 2026-08-20 (~200 chambers for no construction benefit)
N0042355,P0-L-MH42355,444726.18,2565584.683,lateral,junction,89.94,E0042419,E0041596,2,below 90 deg - G203-p30,purpose-made chamber with a swept/curved channel. NOT a bend chamber: the user refused that on 2026-08-20 (~200 chambers for no construction benefit)
N0045389,P0-L-MH45389,460932.183,2580490.253,lateral,junction,89.94,E0045094,E0044630,2,below 90 deg - G203-p30,purpose-made chamber with a swept/curved channel. NOT a bend chamber: the user refused that on 2026-08-20 (~200 chambers for no construction benefit)
N0020958,P0-SM-MH20958,459966.641,2568811.083,sub main,junction,89.94,E0022094,E0020199,2,below 90 deg - G203-p30,purpose-made chamber with a swept/curved channel. NOT a bend chamber: the user refused that on 2026-08-20 (~200 chambers for no construction benefit)
N0029836,P0-L-MH29836,448324.86,2569123.422,lateral,chamber,89.94,E0029076,E0029077,1,below 90 deg - G203-p30,purpose-made chamber with a swept/curved channel. NOT a bend chamber: the user refused that on 2026-08-20 (~200 chambers for no construction benefit)
N0033442,P0-L-MH33442,447978.749,2572503.718,lateral,junction,89.94,E0034167,E0032683,2,below 90 deg - G203-p30,purpose-made chamber with a swept/curved channel. NOT a bend chamber: the user refused that on 2026-08-20 (~200 chambers for no construction benefit)
N0035132,P0-M-MH35132,447334.544,2564936.302,main,junction,89.94,E0035859,E0034373,2,below 90 deg - G203-p30,purpose-made chamber with a swept/curved channel. NOT a bend chamber: the user refused that on 2026-08-20 (~200 chambers for no construction benefit)
N0038857,P0-L-MH38857,451440.087,2565252.231,lateral,junction,89.94,E0039188,E0038098,2,below 90 deg - G203-p30,purpose-made chamber with a swept/curved channel. NOT a bend chamber: the user refused that on 2026-08-20 (~200 chambers for no construction benefit)
N0044981,P0-SM-MH44981,448390.386,2566000.501,sub main,junction,89.95,E0044716,E0044222,2,below 90 deg - G203-p30,purpose-made chamber with a swept/curved channel. NOT a bend chamber: the user refused that on 2026-08-20 (~200 chambers for no construction benefit)
N0021112,P0-L-MH21112,460016.311,2568206.552,lateral,chamber,89.95,E0020352,E0020353,1,below 90 deg - G203-p30,purpose-made chamber with a swept/curved channel. NOT a bend chamber: the user refused that on 2026-08-20 (~200 chambers for no construction benefit)
N0022699,P0-SM-MH22699,460308.249,2568489.414,sub main,junction,89.95,E0023731,E0021940,2,below 90 deg - G203-p30,purpose-made chamber with a swept/curved channel. NOT a bend chamber: the user refused that on 2026-08-20 (~200 chambers for no construction benefit)
N0042469,P0-L-MH42469,461617.916,2569891.299,lateral,junction,89.95,E0042499,E0041710,2,below 90 deg - G203-p30,purpose-made chamber with a swept/curved channel. NOT a bend chamber: the user refused that on 2026-08-20 (~200 chambers for no construction benefit)
N0000601,P0-TM-MH0601,454972.238,2567503.985,trunk main,chamber,89.95,E0005553,E0000552,1,below 90 deg - G203-p30,purpose-made chamber with a swept/curved channel. NOT a bend chamber: the user refused that on 2026-08-20 (~200 chambers for no construction benefit)
N0043267,P0-L-MH43267,462585.1,2569736.241,lateral,chamber,89.96,E0042507,E0042508,1,below 90 deg - G203-p30,purpose-made chamber with a swept/curved channel. NOT a bend chamber: the user refused that on 2026-08-20 (~200 chambers for no construction benefit)
N0043108,P0-L-MH43108,445517.713,2565578.241,lateral,chamber,89.96,E0042348,E0042349,1,below 90 deg - G203-p30,purpose-made chamber with a swept/curved channel. NOT a bend chamber: the user refused that on 2026-08-20 (~200 chambers for no construction benefit)
N0035583,P0-SM-MH35583,461741.189,2569291.44,sub main,junction,89.96,E0036277,E0034824,2,below 90 deg - G203-p30,purpose-made chamber with a swept/curved channel. NOT a bend chamber: the user refused that on 2026-08-20 (~200 chambers for no construction benefit)
N0000924,P0-SM-MH0924,446321.082,2557885.956,sub main,junction,89.96,E0006083,E0000845,2,below 90 deg - G203-p30,purpose-made chamber with a swept/curved channel. NOT a bend chamber: the user refused that on 2026-08-20 (~200 chambers for no construction benefit)
N0012411,P0-SM-MH12411,463930.358,2577983.823,sub main,chamber,89.96,E0011651,E0011652,1,below 90 deg - G203-p30,purpose-made chamber with a swept/curved channel. NOT a bend chamber: the user refused that on 2026-08-20 (~200 chambers for no construction benefit)
N0017091,P0-SM-MH17091,447082.773,2571465.379,sub main,chamber,89.96,E0016331,E0016332,1,below 90 deg - G203-p30,purpose-made chamber with a swept/curved channel. NOT a bend chamber: the user refused that on 2026-08-20 (~200 chambers for no construction benefit)
N0000988,P0-SM-MH0988,438148.487,2568310.56,sub main,junction,89.96,E0006127,E0000900,3,below 90 deg - G203-p30,purpose-made chamber with a swept/curved channel. NOT a bend chamber: the user refused that on 2026-08-20 (~200 chambers for no construction benefit)
N0013871,P0-TM-MH13871,464706.955,2577705.617,trunk main,junction,89.96,E0014964,E0013112,2,below 90 deg - G203-p30,purpose-made chamber with a swept/curved channel. NOT a bend chamber: the user refused that on 2026-08-20 (~200 chambers for no construction benefit)
N0044570,P0-L-MH44570,462167.401,2571123.078,lateral,chamber,89.96,E0043810,E0043811,1,below 90 deg - G203-p30,purpose-made chamber with a swept/curved channel. NOT a bend chamber: the user refused that on 2026-08-20 (~200 chambers for no construction benefit)
N0045088,P0-L-MH45088,462232.703,2570327.338,lateral,chamber,89.97,E0044328,E0044329,1,below 90 deg - G203-p30,purpose-made chamber with a swept/curved channel. NOT a bend chamber: the user refused that on 2026-08-20 (~200 chambers for no construction benefit)
N0035641,P0-M-MH35641,460961.907,2570137.837,main,junction,89.97,E0036426,E0034882,2,below 90 deg - G203-p30,purpose-made chamber with a swept/curved channel. NOT a bend chamber: the user refused that on 2026-08-20 (~200 chambers for no construction benefit)
N0037397,P0-L-MH37397,456999.022,2571929.376,lateral,junction,89.97,E0037853,E0036638,2,below 90 deg - G203-p30,purpose-made chamber with a swept/curved channel. NOT a bend chamber: the user refused that on 2026-08-20 (~200 chambers for no construction benefit)
N0035453,P0-L-MH35453,444681.941,2564653.882,lateral,chamber,89.97,E0034693,E0034694,1,below 90 deg - G203-p30,purpose-made chamber with a swept/curved channel. NOT a bend chamber: the user refused that on 2026-08-20 (~200 chambers for no construction benefit)
N0025795,P0-SM-MH25795,446622.967,2561295.897,sub main,junction,89.97,E0027401,E0025036,2,below 90 deg - G203-p30,purpose-made chamber with a swept/curved channel. NOT a bend chamber: the user refused that on 2026-08-20 (~200 chambers for no construction benefit)
N0014753,P0-M-MH14753,442867.426,2568083.538,main,junction,89.97,E0015751,E0013994,2,below 90 deg - G203-p30,purpose-made chamber with a swept/curved channel. NOT a bend chamber: the user refused that on 2026-08-20 (~200 chambers for no construction benefit)
N0040293,P0-L-MH40293,446495.525,2566154.778,lateral,chamber,89.97,E0039533,E0039534,1,below 90 deg - G203-p30,purpose-made chamber with a swept/curved channel. NOT a bend chamber: the user refused that on 2026-08-20 (~200 chambers for no construction benefit)
N0017088,P0-SM-MH17088,446958.333,2571517.888,sub main,junction,89.97,E0017889,E0016329,2,below 90 deg - G203-p30,purpose-made chamber with a swept/curved channel. NOT a bend chamber: the user refused that on 2026-08-20 (~200 chambers for no construction benefit)
N0042494,P0-L-MH42494,460662.954,2571498.066,lateral,junction,89.97,E0042580,E0041735,2,below 90 deg - G203-p30,purpose-made chamber with a swept/curved channel. NOT a bend chamber: the user refused that on 2026-08-20 (~200 chambers for no construction benefit)
N0042408,P0-L-MH42408,444385.769,2564744.707,lateral,chamber,89.97,E0041648,E0041649,1,below 90 deg - G203-p30,purpose-made chamber with a swept/curved channel. NOT a bend chamber: the user refused that on 2026-08-20 (~200 chambers for no construction benefit)
N0017545,P0-L-MH17545,446780.504,2567145.541,lateral,chamber,89.97,E0016785,E0016786,1,below 90 deg - G203-p30,purpose-made chamber with a swept/curved channel. NOT a bend chamber: the user refused that on 2026-08-20 (~200 chambers for no construction benefit)
N0035405,P0-M-MH35405,444592.561,2564557.998,main,junction,89.97,E0036199,E0034646,2,below 90 deg - G203-p30,purpose-made chamber with a swept/curved channel. NOT a bend chamber: the user refused that on 2026-08-20 (~200 chambers for no construction benefit)
N0003340,P0-L-MH3340,446881.151,2566460.607,lateral,junction,89.97,E0007236,E0002959,2,below 90 deg - G203-p30,purpose-made chamber with a swept/curved channel. NOT a bend chamber: the user refused that on 2026-08-20 (~200 chambers for no construction benefit)
N0023123,P0-L-MH23123,461586.994,2568891.449,lateral,junction,89.98,E0024040,E0022364,2,below 90 deg - G203-p30,purpose-made chamber with a swept/curved channel. NOT a bend chamber: the user refused that on 2026-08-20 (~200 chambers for no construction benefit)
N0016600,P0-M-MH16600,434445.921,2576228.212,main,junction,89.98,E0017435,E0015841,2,below 90 deg - G203-p30,purpose-made chamber with a swept/curved channel. NOT a bend chamber: the user refused that on 2026-08-20 (~200 chambers for no construction benefit)
N0043739,P0-L-MH43739,450391.211,2569206.064,lateral,junction,89.98,E0043620,E0042980,2,below 90 deg - G203-p30,purpose-made chamber with a swept/curved channel. NOT a bend chamber: the user refused that on 2026-08-20 (~200 chambers for no construction benefit)
N0012936,P0-L-MH12936,451022.47,2570507.027,lateral,junction,89.98,E0013926,E0012177,2,below 90 deg - G203-p30,purpose-made chamber with a swept/curved channel. NOT a bend chamber: the user refused that on 2026-08-20 (~200 chambers for no construction benefit)
N0023529,P0-SM-MH23529,447124.463,2573091.3,sub main,junction,89.98,E0024448,E0022770,3,below 90 deg - G203-p30,purpose-made chamber with a swept/curved channel. NOT a bend chamber: the user refused that on 2026-08-20 (~200 chambers for no construction benefit)
N0006887,P0-SM-MH6887,438698.193,2568287.986,sub main,junction,89.98,E0009001,E0006128,2,below 90 deg - G203-p30,purpose-made chamber with a swept/curved channel. NOT a bend chamber: the user refused that on 2026-08-20 (~200 chambers for no construction benefit)
N0044443,P0-SM-MH44443,462468.866,2570019.506,sub main,junction,89.98,E0044304,E0043684,2,below 90 deg - G203-p30,purpose-made chamber with a swept/curved channel. NOT a bend chamber: the user refused that on 2026-08-20 (~200 chambers for no construction benefit)
N0037986,P0-M-MH37986,446455.163,2566031.586,main,junction,89.98,E0038479,E0037227,2,below 90 deg - G203-p30,purpose-made chamber with a swept/curved channel. NOT a bend chamber: the user refused that on 2026-08-20 (~200 chambers for no construction benefit)
N0027429,P0-SM-MH27429,445386.356,2564404.933,sub main,junction,89.98,E0028232,E0026670,2,below 90 deg - G203-p30,purpose-made chamber with a swept/curved channel. NOT a bend chamber: the user refused that on 2026-08-20 (~200 chambers for no construction benefit)
N0036468,P0-TM-MH36468,447607.365,2566677.951,trunk main,junction,89.98,E0037107,E0035709,3,below 90 deg - G203-p30,purpose-made chamber with a swept/curved channel. NOT a bend chamber: the user refused that on 2026-08-20 (~200 chambers for no construction benefit)
N0047898,P0-M-MH47898,445343.393,2567955.511,main,junction,89.98,E0047237,E0047139,2,below 90 deg - G203-p30,purpose-made chamber with a swept/curved channel. NOT a bend chamber: the user refused that on 2026-08-20 (~200 chambers for no construction benefit)
N0004439,P0-L-MH4439,454694.742,2574596.115,lateral,junction,89.98,E0007550,E0003933,2,below 90 deg - G203-p30,purpose-made chamber with a swept/curved channel. NOT a bend chamber: the user refused that on 2026-08-20 (~200 chambers for no construction benefit)
N0028018,P0-L-MH28018,445612.256,2566204.478,lateral,chamber,89.98,E0027258,E0027259,1,below 90 deg - G203-p30,purpose-made chamber with a swept/curved channel. NOT a bend chamber: the user refused that on 2026-08-20 (~200 chambers for no construction benefit)
N0018022,P0-L-MH18022,458231.64,2569024.941,lateral,junction,89.98,E0018839,E0017263,2,below 90 deg - G203-p30,purpose-made chamber with a swept/curved channel. NOT a bend chamber: the user refused that on 2026-08-20 (~200 chambers for no construction benefit)
N0049886,P0-L-MH49886,442776.432,2569933.228,lateral,chamber,89.99,E0049126,E0049127,1,below 90 deg - G203-p30,purpose-made chamber with a swept/curved channel. NOT a bend chamber: the user refused that on 2026-08-20 (~200 chambers for no construction benefit)
N0020813,P0-L-MH20813,449319.475,2569657.015,lateral,junction,89.99,E0021812,E0020054,2,below 90 deg - G203-p30,purpose-made chamber with a swept/curved channel. NOT a bend chamber: the user refused that on 2026-08-20 (~200 chambers for no construction benefit)
N0020757,P0-M-MH20757,449613.16,2570423.957,main,junction,89.99,E0021746,E0019998,2,below 90 deg - G203-p30,purpose-made chamber with a swept/curved channel. NOT a bend chamber: the user refused that on 2026-08-20 (~200 chambers for no construction benefit)
N0020722,P0-L-MH20722,474304.681,2572209.183,lateral,junction,89.99,E0021817,E0019963,2,below 90 deg - G203-p30,purpose-made chamber with a swept/curved channel. NOT a bend chamber: the user refused that on 2026-08-20 (~200 chambers for no construction benefit)
N0020619,P0-L-MH20619,446741.284,2567145.926,lateral,chamber,89.99,E0019859,E0019860,1,below 90 deg - G203-p30,purpose-made chamber with a swept/curved channel. NOT a bend chamber: the user refused that on 2026-08-20 (~200 chambers for no construction benefit)
N0016533,P0-M-MH16533,442436.512,2568184.02,main,chamber,89.99,E0017360,E0015774,1,below 90 deg - G203-p30,purpose-made chamber with a swept/curved channel. NOT a bend chamber: the user refused that on 2026-08-20 (~200 chambers for no construction benefit)
N0016512,P0-L-MH16512,471703.195,2574551.649,lateral,junction,89.99,E0017323,E0015753,2,below 90 deg - G203-p30,purpose-made chamber with a swept/curved channel. NOT a bend chamber: the user refused that on 2026-08-20 (~200 chambers for no construction benefit)
N0016497,P0-L-MH16497,451508.794,2569856.482,lateral,chamber,89.99,E0015737,E0015738,1,below 90 deg - G203-p30,purpose-made chamber with a swept/curved channel. NOT a bend chamber: the user refused that on 2026-08-20 (~200 chambers for no construction benefit)
N0021013,P0-L-MH21013,464298.162,2576651.037,lateral,chamber,89.99,E0020253,E0020254,1,below 90 deg - G203-p30,purpose-made chamber with a swept/curved channel. NOT a bend chamber: the user refused that on 2026-08-20 (~200 chambers for no construction benefit)
N0044438,P0-M-MH44438,460604.364,2576384.465,main,chamber,89.99,E0043678,E0043679,1,below 90 deg - G203-p30,purpose-made chamber with a swept/curved channel. NOT a bend chamber: the user refused that on 2026-08-20 (~200 chambers for no construction benefit)
N0045429,P0-M-MH45429,449940.947,2572642.812,main,junction,89.99,E0045138,E0044670,2,below 90 deg - G203-p30,purpose-made chamber with a swept/curved channel. NOT a bend chamber: the user refused that on 2026-08-20 (~200 chambers for no construction benefit)
N0045413,P0-M-MH45413,449722.224,2573784.386,main,junction,89.99,E0045105,E0044654,2,below 90 deg - G203-p30,purpose-made chamber with a swept/curved channel. NOT a bend chamber: the user refused that on 2026-08-20 (~200 chambers for no construction benefit)
N0016322,P0-L-MH16322,469438.708,2574772.042,lateral,chamber,89.99,E0015562,E0015563,1,below 90 deg - G203-p30,purpose-made chamber with a swept/curved channel. NOT a bend chamber: the user refused that on 2026-08-20 (~200 chambers for no construction benefit)
N0044104,P0-L-MH44104,454123.547,2576583.226,lateral,chamber,89.99,E0043969,E0043345,1,below 90 deg - G203-p30,purpose-made chamber with a swept/curved channel. NOT a bend chamber: the user refused that on 2026-08-20 (~200 chambers for no construction benefit)
N0015977,P0-SM-MH15977,464670.179,2578204.915,sub main,junction,89.99,E0016752,E0015218,2,below 90 deg - G203-p30,purpose-made chamber with a swept/curved channel. NOT a bend chamber: the user refused that on 2026-08-20 (~200 chambers for no construction benefit)
N0021411,P0-SM-MH21411,451820.999,2574189.75,sub main,junction,89.99,E0022554,E0020652,2,below 90 deg - G203-p30,purpose-made chamber with a swept/curved channel. NOT a bend chamber: the user refused that on 2026-08-20 (~200 chambers for no construction benefit)
N0043993,P0-L-MH43993,462446.175,2575521.103,lateral,junction,89.99,E0043855,E0043234,2,below 90 deg - G203-p30,purpose-made chamber with a swept/curved channel. NOT a bend chamber: the user refused that on 2026-08-20 (~200 chambers for no construction benefit)
N0043991,P0-L-MH43991,462496.751,2575582.76,lateral,junction,89.99,E0043856,E0043232,2,below 90 deg - G203-p30,purpose-made chamber with a swept/curved channel. NOT a bend chamber: the user refused that on 2026-08-20 (~200 chambers for no construction benefit)
N0043845,P0-M-MH43845,460638.273,2576830.136,main,junction,89.99,E0043691,E0043086,2,below 90 deg - G203-p30,purpose-made chamber with a swept/curved channel. NOT a bend chamber: the user refused that on 2026-08-20 (~200 chambers for no construction benefit)
N0043828,P0-SM-MH43828,460583.139,2576432.794,sub main,junction,89.99,E0043682,E0043069,2,below 90 deg - G203-p30,purpose-made chamber with a swept/curved channel. NOT a bend chamber: the user refused that on 2026-08-20 (~200 chambers for no construction benefit)
N0043811,P0-SM-MH43811,458940.567,2576482.779,sub main,junction,89.99,E0043661,E0043052,2,below 90 deg - G203-p30,purpose-made chamber with a swept/curved channel. NOT a bend chamber: the user refused that on 2026-08-20 (~200 chambers for no construction benefit)
N0021626,P0-L-MH21626,458196.405,2567816.966,lateral,chamber,89.99,E0020866,E0020867,1,below 90 deg - G203-p30,purpose-made chamber with a swept/curved channel. NOT a bend chamber: the user refused that on 2026-08-20 (~200 chambers for no construction benefit)
N0021598,P0-SM-MH21598,457194.036,2568191.834,sub main,junction,89.99,E0022653,E0020839,2,below 90 deg - G203-p30,purpose-made chamber with a swept/curved channel. NOT a bend chamber: the user refused that on 2026-08-20 (~200 chambers for no construction benefit)
N0045890,P0-L-MH45890,451179.892,2575238.094,lateral,chamber,89.99,E0045446,E0045131,1,below 90 deg - G203-p30,purpose-made chamber with a swept/curved channel. NOT a bend chamber: the user refused that on 2026-08-20 (~200 chambers for no construction benefit)
N0045861,P0-M-MH45861,456724.883,2567824.163,main,junction,89.99,E0045408,E0045102,2,below 90 deg - G203-p30,purpose-made chamber with a swept/curved channel. NOT a bend chamber: the user refused that on 2026-08-20 (~200 chambers for no construction benefit)
N0045687,P0-M-MH45687,458509.272,2571549.763,main,junction,89.99,E0045315,E0044928,2,below 90 deg - G203-p30,purpose-made chamber with a swept/curved channel. NOT a bend chamber: the user refused that on 2026-08-20 (~200 chambers for no construction benefit)
N0021578,P0-SM-MH21578,457557.154,2568199.685,sub main,junction,89.99,E0022685,E0020819,2,below 90 deg - G203-p30,purpose-made chamber with a swept/curved channel. NOT a bend chamber: the user refused that on 2026-08-20 (~200 chambers for no construction benefit)
N0021560,P0-M-MH21560,455555.135,2569503.368,main,junction,89.99,E0022633,E0020801,2,below 90 deg - G203-p30,purpose-made chamber with a swept/curved channel. NOT a bend chamber: the user refused that on 2026-08-20 (~200 chambers for no construction benefit)
N0015924,P0-L-MH15924,446861.282,2567144.748,lateral,junction,89.99,E0016739,E0015165,2,below 90 deg - G203-p30,purpose-made chamber with a swept/curved channel. NOT a bend chamber: the user refused that on 2026-08-20 (~200 chambers for no construction benefit)
N0021795,P0-M-MH21795,458945.584,2578391.055,main,junction,89.99,E0022888,E0021036,2,below 90 deg - G203-p30,purpose-made chamber with a swept/curved channel. NOT a bend chamber: the user refused that on 2026-08-20 (~200 chambers for no construction benefit)
N0043554,P0-M-MH43554,453718.121,2577562.496,main,junction,89.99,E0043441,E0042795,2,below 90 deg - G203-p30,purpose-made chamber with a swept/curved channel. NOT a bend chamber: the user refused that on 2026-08-20 (~200 chambers for no construction benefit)
N0043523,P0-M-MH43523,451912.571,2576638.836,main,junction,89.99,E0043420,E0042764,2,below 90 deg - G203-p30,purpose-made chamber with a swept/curved channel. NOT a bend chamber: the user refused that on 2026-08-20 (~200 chambers for no construction benefit)
N0022430,P0-M-MH22430,465769.493,2576253.194,main,junction,89.99,E0023357,E0021671,2,below 90 deg - G203-p30,purpose-made chamber with a swept/curved channel. NOT a bend chamber: the user refused that on 2026-08-20 (~200 chambers for no construction benefit)
N0022350,P0-M-MH22350,446731.628,2567379.965,main,chamber,89.99,E0021590,E0021591,1,below 90 deg - G203-p30,purpose-made chamber with a swept/curved channel. NOT a bend chamber: the user refused that on 2026-08-20 (~200 chambers for no construction benefit)
N0006855,P0-SM-MH6855,465686.186,2566277.903,sub main,junction,89.99,E0008933,E0006096,2,below 90 deg - G203-p30,purpose-made chamber with a swept/curved channel. NOT a bend chamber: the user refused that on 2026-08-20 (~200 chambers for no construction benefit)
N0006843,P0-SM-MH6843,449137.345,2570928.117,sub main,junction,89.99,E0008904,E0006084,2,below 90 deg - G203-p30,purpose-made chamber with a swept/curved channel. NOT a bend chamber: the user refused that on 2026-08-20 (~200 chambers for no construction benefit)
N0006707,P0-M-MH6707,449159.513,2573954.823,main,junction,89.99,E0008829,E0005948,2,below 90 deg - G203-p30,purpose-made chamber with a swept/curved channel. NOT a bend chamber: the user refused that on 2026-08-20 (~200 chambers for no construction benefit)
N0020234,P0-M-MH20234,446723.756,2571219.412,main,junction,89.99,E0021135,E0019475,2,below 90 deg - G203-p30,purpose-made chamber with a swept/curved channel. NOT a bend chamber: the user refused that on 2026-08-20 (~200 chambers for no construction benefit)
N0020231,P0-L-MH20231,447193.164,2570877.641,lateral,junction,89.99,E0021109,E0019472,2,below 90 deg - G203-p30,purpose-made chamber with a swept/curved channel. NOT a bend chamber: the user refused that on 2026-08-20 (~200 chambers for no construction benefit)
N0020154,P0-M-MH20154,448863.664,2572089.384,main,junction,89.99,E0021001,E0019395,2,below 90 deg - G203-p30,purpose-made chamber with a swept/curved channel. NOT a bend chamber: the user refused that on 2026-08-20 (~200 chambers for no construction benefit)
N0020135,P0-M-MH20135,448988.262,2572204.461,main,junction,89.99,E0020996,E0019376,2,below 90 deg - G203-p30,purpose-made chamber with a swept/curved channel. NOT a bend chamber: the user refused that on 2026-08-20 (~200 chambers for no construction benefit)
N0020093,P0-M-MH20093,447201.536,2572437.323,main,junction,89.99,E0020951,E0019334,2,below 90 deg - G203-p30,purpose-made chamber with a swept/curved channel. NOT a bend chamber: the user refused that on 2026-08-20 (~200 chambers for no construction benefit)
N0006875,P0-SM-MH6875,457769.798,2578085.873,sub main,chamber,89.99,E0008969,E0006116,1,below 90 deg - G203-p30,purpose-made chamber with a swept/curved channel. NOT a bend chamber: the user refused that on 2026-08-20 (~200 chambers for no construction benefit)
N0006858,P0-SM-MH6858,449513.823,2571155.005,sub main,junction,89.99,E0008941,E0006099,2,below 90 deg - G203-p30,purpose-made chamber with a swept/curved channel. NOT a bend chamber: the user refused that on 2026-08-20 (~200 chambers for no construction benefit)
N0022666,P0-L-MH22666,445901.546,2566485.629,lateral,junction,89.99,E0023753,E0021907,2,below 90 deg - G203-p30,purpose-made chamber with a swept/curved channel. NOT a bend chamber: the user refused that on 2026-08-20 (~200 chambers for no construction benefit)
N0022644,P0-L-MH22644,463829.952,2576792.775,lateral,junction,89.99,E0023553,E0021885,2,below 90 deg - G203-p30,purpose-made chamber with a swept/curved channel. NOT a bend chamber: the user refused that on 2026-08-20 (~200 chambers for no construction benefit)
N0043128,P0-SM-MH43128,459176.024,2576467.448,sub main,junction,89.99,E0043057,E0042369,2,below 90 deg - G203-p30,purpose-made chamber with a swept/curved channel. NOT a bend chamber: the user refused that on 2026-08-20 (~200 chambers for no construction benefit)
N0042824,P0-M-MH42824,456736.39,2568006.78,main,chamber,89.99,E0042829,E0042065,1,below 90 deg - G203-p30,purpose-made chamber with a swept/curved channel. NOT a bend chamber: the user refused that on 2026-08-20 (~200 chambers for no construction benefit)
N0042788,P0-SM-MH42788,460546.763,2580034.171,sub main,junction,89.99,E0042802,E0042029,2,below 90 deg - G203-p30,purpose-made chamber with a swept/curved channel. NOT a bend chamber: the user refused that on 2026-08-20 (~200 chambers for no construction benefit)
N0022867,P0-L-MH22867,445838.427,2566426.747,lateral,chamber,89.99,E0022107,E0022108,1,below 90 deg - G203-p30,purpose-made chamber with a swept/curved channel. NOT a bend chamber: the user refused that on 2026-08-20 (~200 chambers for no construction benefit)
N0015753,P0-M-MH15753,473386.818,2574073.573,main,junction,89.99,E0016875,E0014994,2,below 90 deg - G203-p30,purpose-made chamber with a swept/curved channel. NOT a bend chamber: the user refused that on 2026-08-20 (~200 chambers for no construction benefit)
N0007429,P0-M-MH7429,445913.478,2568237.252,main,junction,89.99,E0009397,E0006670,2,below 90 deg - G203-p30,purpose-made chamber with a swept/curved channel. NOT a bend chamber: the user refused that on 2026-08-20 (~200 chambers for no construction benefit)
N0007500,P0-L-MH7500,451243.635,2566004.785,lateral,junction,89.99,E0009416,E0006741,2,below 90 deg - G203-p30,purpose-made chamber with a swept/curved channel. NOT a bend chamber: the user refused that on 2026-08-20 (~200 chambers for no construction benefit)
N0042312,P0-M-MH42312,467120.926,2577180.343,main,junction,89.99,E0042360,E0041553,2,below 90 deg - G203-p30,purpose-made chamber with a swept/curved channel. NOT a bend chamber: the user refused that on 2026-08-20 (~200 chambers for no construction benefit)
N0046336,P0-M-MH46336,458633.279,2576239.568,main,chamber,89.99,E0045576,E0045577,1,below 90 deg - G203-p30,purpose-made chamber with a swept/curved channel. NOT a bend chamber: the user refused that on 2026-08-20 (~200 chambers for no construction benefit)
N0046475,P0-M-MH46475,453615.094,2577805.722,main,chamber,89.99,E0046066,E0045716,1,below 90 deg - G203-p30,purpose-made chamber with a swept/curved channel. NOT a bend chamber: the user refused that on 2026-08-20 (~200 chambers for no construction benefit)
N0023211,P0-M-MH23211,434118.118,2575031.666,main,junction,89.99,E0024120,E0022452,2,below 90 deg - G203-p30,purpose-made chamber with a swept/curved channel. NOT a bend chamber: the user refused that on 2026-08-20 (~200 chambers for no construction benefit)
N0023074,P0-M-MH23074,462956.859,2577389.414,main,junction,89.99,E0024001,E0022315,2,below 90 deg - G203-p30,purpose-made chamber with a swept/curved channel. NOT a bend chamber: the user refused that on 2026-08-20 (~200 chambers for no construction benefit)
N0007612,P0-M-MH7612,456991.951,2576462.6,main,junction,89.99,E0009516,E0006853,2,below 90 deg - G203-p30,purpose-made chamber with a swept/curved channel. NOT a bend chamber: the user refused that on 2026-08-20 (~200 chambers for no construction benefit)
N0041946,P0-L-MH41946,456638.011,2568177.332,lateral,junction,89.99,E0042070,E0041187,2,below 90 deg - G203-p30,purpose-made chamber with a swept/curved channel. NOT a bend chamber: the user refused that on 2026-08-20 (~200 chambers for no construction benefit)
N0041849,P0-M-MH41849,452168.843,2576799.707,main,junction,89.99,E0041985,E0041090,2,below 90 deg - G203-p30,purpose-made chamber with a swept/curved channel. NOT a bend chamber: the user refused that on 2026-08-20 (~200 chambers for no construction benefit)
N0023029,P0-L-MH23029,451821.883,2569577.152,lateral,junction,89.99,E0023936,E0022270,2,below 90 deg - G203-p30,purpose-made chamber with a swept/curved channel. NOT a bend chamber: the user refused that on 2026-08-20 (~200 chambers for no construction benefit)
N0023411,P0-SM-MH23411,457153.266,2568197.306,sub main,junction,89.99,E0024282,E0022652,2,below 90 deg - G203-p30,purpose-made chamber with a swept/curved channel. NOT a bend chamber: the user refused that on 2026-08-20 (~200 chambers for no construction benefit)
N0023405,P0-L-MH23405,457135.356,2568458.765,lateral,junction,89.99,E0024284,E0022646,2,below 90 deg - G203-p30,purpose-made chamber with a swept/curved channel. NOT a bend chamber: the user refused that on 2026-08-20 (~200 chambers for no construction benefit)
N0023374,P0-SM-MH23374,450406.68,2565991.34,sub main,junction,89.99,E0024253,E0022615,2,below 90 deg - G203-p30,purpose-made chamber with a swept/curved channel. NOT a bend chamber: the user refused that on 2026-08-20 (~200 chambers for no construction benefit)
N0023347,P0-M-MH23347,462042.67,2579787.515,main,junction,89.99,E0024230,E0022588,2,below 90 deg - G203-p30,purpose-made chamber with a swept/curved channel. NOT a bend chamber: the user refused that on 2026-08-20 (~200 chambers for no construction benefit)
N0015384,P0-SM-MH15384,447139.082,2571159.327,sub main,junction,89.99,E0016318,E0014625,2,below 90 deg - G203-p30,purpose-made chamber with a swept/curved channel. NOT a bend chamber: the user refused that on 2026-08-20 (~200 chambers for no construction benefit)
N0041448,P0-SM-MH41448,459895.647,2576449.361,sub main,junction,89.99,E0041662,E0040689,2,below 90 deg - G203-p30,purpose-made chamber with a swept/curved channel. NOT a bend chamber: the user refused that on 2026-08-20 (~200 chambers for no construction benefit)
N0007923,P0-L-MH7923,445838.273,2566598.552,lateral,junction,89.99,E0009666,E0007164,2,below 90 deg - G203-p30,purpose-made chamber with a swept/curved channel. NOT a bend chamber: the user refused that on 2026-08-20 (~200 chambers for no construction benefit)
N0041659,P0-SM-MH41659,462078.812,2568725.382,sub main,junction,89.99,E0041802,E0040900,2,below 90 deg - G203-p30,purpose-made chamber with a swept/curved channel. NOT a bend chamber: the user refused that on 2026-08-20 (~200 chambers for no construction benefit)
N0016606,P0-SM-MH16606,434964.615,2574872.386,sub main,junction,89.99,E0017445,E0015847,2,below 90 deg - G203-p30,purpose-made chamber with a swept/curved channel. NOT a bend chamber: the user refused that on 2026-08-20 (~200 chambers for no construction benefit)
N0020089,P0-SM-MH20089,447202.432,2572722.186,sub main,junction,89.99,E0020955,E0019330,2,below 90 deg - G203-p30,purpose-made chamber with a swept/curved channel. NOT a bend chamber: the user refused that on 2026-08-20 (~200 chambers for no construction benefit)
N0020001,P0-M-MH20001,457995.907,2567995.87,main,junction,89.99,E0020878,E0019242,2,below 90 deg - G203-p30,purpose-made chamber with a swept/curved channel. NOT a bend chamber: the user refused that on 2026-08-20 (~200 chambers for no construction benefit)
N0019792,P0-M-MH19792,433920.08,2575922.371,main,junction,89.99,E0020619,E0019033,2,below 90 deg - G203-p30,purpose-made chamber with a swept/curved channel. NOT a bend chamber: the user refused that on 2026-08-20 (~200 chambers for no construction benefit)
N0046458,P0-SM-MH46458,454736.559,2577625.095,sub main,junction,89.99,E0046058,E0045699,2,below 90 deg - G203-p30,purpose-made chamber with a swept/curved channel. NOT a bend chamber: the user refused that on 2026-08-20 (~200 chambers for no construction benefit)
N0046436,P0-L-MH46436,441748.071,2565630.635,lateral,junction,89.99,E0046030,E0045677,2,below 90 deg - G203-p30,purpose-made chamber with a swept/curved channel. NOT a bend chamber: the user refused that on 2026-08-20 (~200 chambers for no construction benefit)
N0023813,P0-M-MH23813,460655.571,2567372.62,main,junction,89.99,E0024768,E0023054,2,below 90 deg - G203-p30,purpose-made chamber with a swept/curved channel. NOT a bend chamber: the user refused that on 2026-08-20 (~200 chambers for no construction benefit)
N0023783,P0-M-MH23783,447834.164,2571059.278,main,chamber,89.99,E0024729,E0023024,1,below 90 deg - G203-p30,purpose-made chamber with a swept/curved channel. NOT a bend chamber: the user refused that on 2026-08-20 (~200 chambers for no construction benefit)
N0023711,P0-M-MH23711,446799.655,2571383.027,main,junction,89.99,E0024643,E0022952,2,below 90 deg - G203-p30,purpose-made chamber with a swept/curved channel. NOT a bend chamber: the user refused that on 2026-08-20 (~200 chambers for no construction benefit)
N0023654,P0-SM-MH23654,460228.646,2579311.431,sub main,junction,89.99,E0024621,E0022895,2,below 90 deg - G203-p30,purpose-made chamber with a swept/curved channel. NOT a bend chamber: the user refused that on 2026-08-20 (~200 chambers for no construction benefit)
N0024091,P0-L-MH24091,464118.672,2577612.423,lateral,junction,89.99,E0025017,E0023332,2,below 90 deg - G203-p30,purpose-made chamber with a swept/curved channel. NOT a bend chamber: the user refused that on 2026-08-20 (~200 chambers for no construction benefit)
N0041080,P0-SM-MH41080,449771.168,2573555.504,sub main,junction,89.99,E0041303,E0040321,2,below 90 deg - G203-p30,purpose-made chamber with a swept/curved channel. NOT a bend chamber: the user refused that on 2026-08-20 (~200 chambers for no construction benefit)
N0040714,P0-M-MH40714,460458.034,2571292.853,main,junction,89.99,E0040934,E0039955,2,below 90 deg - G203-p30,purpose-made chamber with a swept/curved channel. NOT a bend chamber: the user refused that on 2026-08-20 (~200 chambers for no construction benefit)
N0024045,P0-M-MH24045,463886.472,2577610.023,main,junction,89.99,E0024998,E0023286,2,below 90 deg - G203-p30,purpose-made chamber with a swept/curved channel. NOT a bend chamber: the user refused that on 2026-08-20 (~200 chambers for no construction benefit)
N0015003,P0-L-MH15003,450662.624,2565742.227,lateral,junction,89.99,E0015968,E0014244,2,below 90 deg - G203-p30,purpose-made chamber with a swept/curved channel. NOT a bend chamber: the user refused that on 2026-08-20 (~200 chambers for no construction benefit)
N0014865,P0-SM-MH14865,441817.878,2565873.424,sub main,junction,89.99,E0015834,E0014106,2,below 90 deg - G203-p30,purpose-made chamber with a swept/curved channel. NOT a bend chamber: the user refused that on 2026-08-20 (~200 chambers for no construction benefit)
N0002240,P0-M-MH2240,443561.104,2559366.336,main,junction,89.99,E0006896,E0002022,2,below 90 deg - G203-p30,purpose-made chamber with a swept/curved channel. NOT a bend chamber: the user refused that on 2026-08-20 (~200 chambers for no construction benefit)
N0002103,P0-L-MH2103,466710.163,2564908.143,lateral,junction,89.99,E0006805,E0001903,2,below 90 deg - G203-p30,purpose-made chamber with a swept/curved channel. NOT a bend chamber: the user refused that on 2026-08-20 (~200 chambers for no construction benefit)
N0046844,P0-M-MH46844,456619.77,2567740.892,main,junction,89.99,E0046354,E0046085,2,below 90 deg - G203-p30,purpose-made chamber with a swept/curved channel. NOT a bend chamber: the user refused that on 2026-08-20 (~200 chambers for no construction benefit)
N0046818,P0-L-MH46818,454743.663,2577874.718,lateral,junction,89.99,E0046314,E0046059,2,below 90 deg - G203-p30,purpose-made chamber with a swept/curved channel. NOT a bend chamber: the user refused that on 2026-08-20 (~200 chambers for no construction benefit)
N0040547,P0-M-MH40547,459587.132,2576016.091,main,junction,89.99,E0040738,E0039788,2,below 90 deg - G203-p30,purpose-made chamber with a swept/curved channel. NOT a bend chamber: the user refused that on 2026-08-20 (~200 chambers for no construction benefit)
N0008948,P0-SM-MH8948,457025.591,2577209.874,sub main,junction,89.99,E0010389,E0008189,2,below 90 deg - G203-p30,purpose-made chamber with a swept/curved channel. NOT a bend chamber: the user refused that on 2026-08-20 (~200 chambers for no construction benefit)
N0008913,P0-M-MH8913,462968.381,2578595.2,main,junction,89.99,E0010173,E0008154,2,below 90 deg - G203-p30,purpose-made chamber with a swept/curved channel. NOT a bend chamber: the user refused that on 2026-08-20 (~200 chambers for no construction benefit)
N0008912,P0-L-MH8912,467205.249,2565104.95,lateral,junction,89.99,E0009976,E0008153,2,below 90 deg - G203-p30,purpose-made chamber with a swept/curved channel. NOT a bend chamber: the user refused that on 2026-08-20 (~200 chambers for no construction benefit)
N0024581,P0-SM-MH24581,474278.683,2575330.647,sub main,junction,89.99,E0025328,E0023822,2,below 90 deg - G203-p30,purpose-made chamber with a swept/curved channel. NOT a bend chamber: the user refused that on 2026-08-20 (~200 chambers for no construction benefit)
N0039997,P0-M-MH39997,445348.174,2572607.902,main,junction,89.99,E0040277,E0039238,2,below 90 deg - G203-p30,purpose-made chamber with a swept/curved channel. NOT a bend chamber: the user refused that on 2026-08-20 (~200 chambers for no construction benefit)
N0024971,P0-M-MH24971,450736.397,2574091.955,main,junction,89.99,E0025997,E0024212,2,below 90 deg - G203-p30,purpose-made chamber with a swept/curved channel. NOT a bend chamber: the user refused that on 2026-08-20 (~200 chambers for no construction benefit)
N0024872,P0-M-MH24872,434002.68,2575136.895,main,junction,89.99,E0025914,E0024113,2,below 90 deg - G203-p30,purpose-made chamber with a swept/curved channel. NOT a bend chamber: the user refused that on 2026-08-20 (~200 chambers for no construction benefit)
N0009166,P0-M-MH9166,453584.262,2567004.395,main,junction,89.99,E0010143,E0008407,2,below 90 deg - G203-p30,purpose-made chamber with a swept/curved channel. NOT a bend chamber: the user refused that on 2026-08-20 (~200 chambers for no construction benefit)
N0025208,P0-SM-MH25208,446704.971,2573016.168,sub main,junction,89.99,E0026219,E0024449,2,below 90 deg - G203-p30,purpose-made chamber with a swept/curved channel. NOT a bend chamber: the user refused that on 2026-08-20 (~200 chambers for no construction benefit)
N0025026,P0-M-MH25026,455710.87,2569463.072,main,junction,89.99,E0026080,E0024267,2,below 90 deg - G203-p30,purpose-made chamber with a swept/curved channel. NOT a bend chamber: the user refused that on 2026-08-20 (~200 chambers for no construction benefit)
N0025013,P0-SM-MH25013,450281.045,2566065.968,sub main,junction,89.99,E0026057,E0024254,2,below 90 deg - G203-p30,purpose-made chamber with a swept/curved channel. NOT a bend chamber: the user refused that on 2026-08-20 (~200 chambers for no construction benefit)
N0025396,P0-M-MH25396,446866.794,2571436.586,main,chamber,89.99,E0026423,E0024637,1,below 90 deg - G203-p30,purpose-made chamber with a swept/curved channel. NOT a bend chamber: the user refused that on 2026-08-20 (~200 chambers for no construction benefit)
N0025216,P0-SM-MH25216,467986.426,2565545.494,sub main,junction,89.99,E0026225,E0024457,2,below 90 deg - G203-p30,purpose-made chamber with a swept/curved channel. NOT a bend chamber: the user refused that on 2026-08-20 (~200 chambers for no construction benefit)
N0009493,P0-SM-MH9493,442325.334,2566052.645,sub main,junction,89.99,E0010556,E0008734,2,below 90 deg - G203-p30,purpose-made chamber with a swept/curved channel. NOT a bend chamber: the user refused that on 2026-08-20 (~200 chambers for no construction benefit)
N0009762,P0-L-MH9762,474042.823,2572186.702,lateral,junction,89.99,E0010750,E0009003,2,below 90 deg - G203-p30,purpose-made chamber with a swept/curved channel. NOT a bend chamber: the user refused that on 2026-08-20 (~200 chambers for no construction benefit)
N0017217,P0-M-MH17217,473562.09,2561037.6,main,junction,89.99,E0018024,E0016458,2,below 90 deg - G203-p30,purpose-made chamber with a swept/curved channel. NOT a bend chamber: the user refused that on 2026-08-20 (~200 chambers for no construction benefit)
N0025972,P0-SM-MH25972,460059.992,2569038.17,sub main,junction,89.99,E0027015,E0025213,2,below 90 deg - G203-p30,purpose-made chamber with a swept/curved channel. NOT a bend chamber: the user refused that on 2026-08-20 (~200 chambers for no construction benefit)
N0025967,P0-L-MH25967,449134.522,2569711.726,lateral,junction,89.99,E0027145,E0025208,2,below 90 deg - G203-p30,purpose-made chamber with a swept/curved channel. NOT a bend chamber: the user refused that on 2026-08-20 (~200 chambers for no construction benefit)
N0009964,P0-SM-MH9964,453961.155,2565143.914,sub main,junction,89.99,E0010906,E0009205,2,below 90 deg - G203-p30,purpose-made chamber with a swept/curved channel. NOT a bend chamber: the user refused that on 2026-08-20 (~200 chambers for no construction benefit)
N0038928,P0-SM-MH38928,449237.343,2573536.368,sub main,junction,89.99,E0039293,E0038169,2,below 90 deg - G203-p30,purpose-made chamber with a swept/curved channel. NOT a bend chamber: the user refused that on 2026-08-20 (~200 chambers for no construction benefit)
N0038682,P0-L-MH38682,450756.498,2574278.878,lateral,junction,89.99,E0039011,E0037923,2,below 90 deg - G203-p30,purpose-made chamber with a swept/curved channel. NOT a bend chamber: the user refused that on 2026-08-20 (~200 chambers for no construction benefit)
N0026035,P0-M-MH26035,473920.016,2574773.156,main,junction,89.99,E0027125,E0025276,2,below 90 deg - G203-p30,purpose-made chamber with a swept/curved channel. NOT a bend chamber: the user refused that on 2026-08-20 (~200 chambers for no construction benefit)
N0026421,P0-M-MH26421,462969.121,2576318.378,main,chamber,89.99,E0025661,E0025662,1,below 90 deg - G203-p30,purpose-made chamber with a swept/curved channel. NOT a bend chamber: the user refused that on 2026-08-20 (~200 chambers for no construction benefit)
N0038645,P0-M-MH38645,442179.371,2565154.053,main,chamber,89.99,E0037885,E0037886,1,below 90 deg - G203-p30,purpose-made chamber with a swept/curved channel. NOT a bend chamber: the user refused that on 2026-08-20 (~200 chambers for no construction benefit)
N0038339,P0-L-MH38339,460577.623,2577027.076,lateral,chamber,89.99,E0037579,E0037580,1,below 90 deg - G203-p30,purpose-made chamber with a swept/curved channel. NOT a bend chamber: the user refused that on 2026-08-20 (~200 chambers for no construction benefit)
N0038297,P0-L-MH38297,448870.682,2568972.395,lateral,junction,89.99,E0038717,E0037538,2,below 90 deg - G203-p30,purpose-made chamber with a swept/curved channel. NOT a bend chamber: the user refused that on 2026-08-20 (~200 chambers for no construction benefit)
N0038192,P0-SM-MH38192,459732.4,2576470.598,sub main,junction,89.99,E0038677,E0037433,2,below 90 deg - G203-p30,purpose-made chamber with a swept/curved channel. NOT a bend chamber: the user refused that on 2026-08-20 (~200 chambers for no construction benefit)
N0038182,P0-L-MH38182,460897.07,2569842.253,lateral,chamber,89.99,E0037422,E0037423,1,below 90 deg - G203-p30,purpose-made chamber with a swept/curved channel. NOT a bend chamber: the user refused that on 2026-08-20 (~200 chambers for no construction benefit)
N0001846,P0-M-MH1846,461585.104,2567216.326,main,junction,89.99,E0006627,E0001695,2,below 90 deg - G203-p30,purpose-made chamber with a swept/curved channel. NOT a bend chamber: the user refused that on 2026-08-20 (~200 chambers for no construction benefit)
N0019359,P0-M-MH19359,464304.105,2576744.652,main,junction,89.99,E0020147,E0018600,2,below 90 deg - G203-p30,purpose-made chamber with a swept/curved channel. NOT a bend chamber: the user refused that on 2026-08-20 (~200 chambers for no construction benefit)
N0017332,P0-L-MH17332,459103.766,2578144.447,lateral,junction,89.99,E0018227,E0016573,2,below 90 deg - G203-p30,purpose-made chamber with a swept/curved channel. NOT a bend chamber: the user refused that on 2026-08-20 (~200 chambers for no construction benefit)
N0001965,P0-L-MH1965,451133.985,2565964.671,lateral,chamber,89.99,E0001787,E0001788,1,below 90 deg - G203-p30,purpose-made chamber with a swept/curved channel. NOT a bend chamber: the user refused that on 2026-08-20 (~200 chambers for no construction benefit)
N0026996,P0-L-MH26996,448754.284,2571969.021,lateral,junction,89.99,E0027873,E0026237,2,below 90 deg - G203-p30,purpose-made chamber with a swept/curved channel. NOT a bend chamber: the user refused that on 2026-08-20 (~200 chambers for no construction benefit)
N0026989,P0-M-MH26989,449421.274,2572057.916,main,junction,89.99,E0027853,E0026230,2,below 90 deg - G203-p30,purpose-made chamber with a swept/curved channel. NOT a bend chamber: the user refused that on 2026-08-20 (~200 chambers for no construction benefit)
N0026958,P0-SM-MH26958,448365.105,2573358.465,sub main,junction,89.99,E0027825,E0026199,2,below 90 deg - G203-p30,purpose-made chamber with a swept/curved channel. NOT a bend chamber: the user refused that on 2026-08-20 (~200 chambers for no construction benefit)
N0026956,P0-SM-MH26956,446602.093,2572999.903,sub main,junction,89.99,E0027814,E0026197,2,below 90 deg - G203-p30,purpose-made chamber with a swept/curved channel. NOT a bend chamber: the user refused that on 2026-08-20 (~200 chambers for no construction benefit)
N0037815,P0-SM-MH37815,446621.162,2572632.749,sub main,junction,89.99,E0038249,E0037056,2,below 90 deg - G203-p30,purpose-made chamber with a swept/curved channel. NOT a bend chamber: the user refused that on 2026-08-20 (~200 chambers for no construction benefit)
N0010427,P0-L-MH10427,450942.382,2566153.128,lateral,junction,89.99,E0011306,E0009668,2,below 90 deg - G203-p30,purpose-made chamber with a swept/curved channel. NOT a bend chamber: the user refused that on 2026-08-20 (~200 chambers for no construction benefit)
N0026703,P0-L-MH26703,452622.989,2574385.624,lateral,junction,89.99,E0027582,E0025944,2,below 90 deg - G203-p30,purpose-made chamber with a swept/curved channel. NOT a bend chamber: the user refused that on 2026-08-20 (~200 chambers for no construction benefit)
N0027365,P0-TM-MH27365,460331.495,2578160.797,trunk main,junction,89.99,E0028125,E0026606,2,below 90 deg - G203-p30,purpose-made chamber with a swept/curved channel. NOT a bend chamber: the user refused that on 2026-08-20 (~200 chambers for no construction benefit)
N0027176,P0-SM-MH27176,446290.112,2571539.922,sub main,chamber,89.99,E0026416,E0026417,1,below 90 deg - G203-p30,purpose-made chamber with a swept/curved channel. NOT a bend chamber: the user refused that on 2026-08-20 (~200 chambers for no construction benefit)
N0027097,P0-L-MH27097,458833.682,2578431.823,lateral,junction,89.99,E0027943,E0026338,2,below 90 deg - G203-p30,purpose-made chamber with a swept/curved channel. NOT a bend chamber: the user refused that on 2026-08-20 (~200 chambers for no construction benefit)
N0037694,P0-L-MH37694,446162.756,2573051.534,lateral,junction,89.99,E0038144,E0036935,2,below 90 deg - G203-p30,purpose-made chamber with a swept/curved channel. NOT a bend chamber: the user refused that on 2026-08-20 (~200 chambers for no construction benefit)
N0037690,P0-L-MH37690,447316.34,2572728.718,lateral,junction,89.99,E0038138,E0036931,2,below 90 deg - G203-p30,purpose-made chamber with a swept/curved channel. NOT a bend chamber: the user refused that on 2026-08-20 (~200 chambers for no construction benefit)
N0037775,P0-L-MH37775,448102.58,2573211.18,lateral,junction,89.99,E0038221,E0037016,2,below 90 deg - G203-p30,purpose-made chamber with a swept/curved channel. NOT a bend chamber: the user refused that on 2026-08-20 (~200 chambers for no construction benefit)
N0010602,P0-M-MH10602,456698.183,2576481.953,main,junction,89.99,E0011771,E0009843,2,below 90 deg - G203-p30,purpose-made chamber with a swept/curved channel. NOT a bend chamber: the user refused that on 2026-08-20 (~200 chambers for no construction benefit)
N0036865,P0-M-MH36865,460692.241,2569922.127,main,junction,89.99,E0037394,E0036106,2,below 90 deg - G203-p30,purpose-made chamber with a swept/curved channel. NOT a bend chamber: the user refused that on 2026-08-20 (~200 chambers for no construction benefit)
N0001862,P0-L-MH1862,468038.316,2564952.747,lateral,junction,89.99,E0006635,E0001707,2,below 90 deg - G203-p30,purpose-made chamber with a swept/curved channel. NOT a bend chamber: the user refused that on 2026-08-20 (~200 chambers for no construction benefit)
N0036327,P0-M-MH36327,445492.989,2572754.37,main,chamber,89.99,E0035567,E0035568,1,below 90 deg - G203-p30,purpose-made chamber with a swept/curved channel. NOT a bend chamber: the user refused that on 2026-08-20 (~200 chambers for no construction benefit)
N0036305,P0-M-MH36305,448489.711,2573608.766,main,junction,89.99,E0036950,E0035546,2,below 90 deg - G203-p30,purpose-made chamber with a swept/curved channel. NOT a bend chamber: the user refused that on 2026-08-20 (~200 chambers for no construction benefit)
N0027729,P0-SM-MH27729,449014.215,2568941.641,sub main,junction,89.99,E0028533,E0026970,2,below 90 deg - G203-p30,purpose-made chamber with a swept/curved channel. NOT a bend chamber: the user refused that on 2026-08-20 (~200 chambers for no construction benefit)
N0010775,P0-L-MH10775,445173.367,2563257.589,lateral,chamber,89.99,E0010015,E0010016,1,below 90 deg - G203-p30,purpose-made chamber with a swept/curved channel. NOT a bend chamber: the user refused that on 2026-08-20 (~200 chambers for no construction benefit)
N0028302,P0-M-MH28302,472756.518,2572484.914,main,chamber,89.99,E0029104,E0027543,1,below 90 deg - G203-p30,purpose-made chamber with a swept/curved channel. NOT a bend chamber: the user refused that on 2026-08-20 (~200 chambers for no construction benefit)
N0028233,P0-M-MH28233,461158.619,2577345.749,main,junction,89.99,E0029045,E0027474,2,below 90 deg - G203-p30,purpose-made chamber with a swept/curved channel. NOT a bend chamber: the user refused that on 2026-08-20 (~200 chambers for no construction benefit)
N0028204,P0-L-MH28204,465055.818,2576058.688,lateral,chamber,89.99,E0027444,E0027445,1,below 90 deg - G203-p30,purpose-made chamber with a swept/curved channel. NOT a bend chamber: the user refused that on 2026-08-20 (~200 chambers for no construction benefit)
N0036174,P0-M-MH36174,458936.701,2567561.922,main,junction,89.99,E0036862,E0035415,2,below 90 deg - G203-p30,purpose-made chamber with a swept/curved channel. NOT a bend chamber: the user refused that on 2026-08-20 (~200 chambers for no construction benefit)
N0036062,P0-L-MH36062,450894.986,2574993.024,lateral,junction,89.99,E0036761,E0035303,2,below 90 deg - G203-p30,purpose-made chamber with a swept/curved channel. NOT a bend chamber: the user refused that on 2026-08-20 (~200 chambers for no construction benefit)
N0013586,P0-M-MH13586,456054.385,2566962.075,main,junction,89.99,E0014668,E0012827,2,below 90 deg - G203-p30,purpose-made chamber with a swept/curved channel. NOT a bend chamber: the user refused that on 2026-08-20 (~200 chambers for no construction benefit)
N0013478,P0-L-MH13478,470198.74,2564594.555,lateral,chamber,89.99,E0012718,E0012719,1,below 90 deg - G203-p30,purpose-made chamber with a swept/curved channel. NOT a bend chamber: the user refused that on 2026-08-20 (~200 chambers for no construction benefit)
N0028498,P0-M-MH28498,451293.675,2563565.317,main,junction,89.99,E0029418,E0027739,2,below 90 deg - G203-p30,purpose-made chamber with a swept/curved channel. NOT a bend chamber: the user refused that on 2026-08-20 (~200 chambers for no construction benefit)
N0028490,P0-SM-MH28490,458710.952,2567828.502,sub main,chamber,89.99,E0027730,E0027731,1,below 90 deg - G203-p30,purpose-made chamber with a swept/curved channel. NOT a bend chamber: the user refused that on 2026-08-20 (~200 chambers for no construction benefit)
N0010849,P0-L-MH10849,467139.664,2565135.194,lateral,chamber,89.99,E0010089,E0010090,1,below 90 deg - G203-p30,purpose-made chamber with a swept/curved channel. NOT a bend chamber: the user refused that on 2026-08-20 (~200 chambers for no construction benefit)
N0028768,P0-L-MH28768,446988.617,2571397.951,lateral,junction,89.99,E0029677,E0028009,2,below 90 deg - G203-p30,purpose-made chamber with a swept/curved channel. NOT a bend chamber: the user refused that on 2026-08-20 (~200 chambers for no construction benefit)
N0028672,P0-L-MH28672,448204.457,2573093.889,lateral,chamber,89.99,E0027912,E0027913,1,below 90 deg - G203-p30,purpose-made chamber with a swept/curved channel. NOT a bend chamber: the user refused that on 2026-08-20 (~200 chambers for no construction benefit)
N0028664,P0-L-MH28664,448727.255,2572107.609,lateral,junction,89.99,E0029582,E0027905,2,below 90 deg - G203-p30,purpose-made chamber with a swept/curved channel. NOT a bend chamber: the user refused that on 2026-08-20 (~200 chambers for no construction benefit)
N0028588,P0-M-MH28588,468059.598,2565612.228,main,junction,89.99,E0029522,E0027829,2,below 90 deg - G203-p30,purpose-made chamber with a swept/curved channel. NOT a bend chamber: the user refused that on 2026-08-20 (~200 chambers for no construction benefit)
N0013289,P0-SM-MH13289,448437.931,2571635.691,sub main,junction,89.99,E0014359,E0012530,2,below 90 deg - G203-p30,purpose-made chamber with a swept/curved channel. NOT a bend chamber: the user refused that on 2026-08-20 (~200 chambers for no construction benefit)
N0034904,P0-M-MH34904,448833.932,2572528.995,main,junction,89.99,E0035596,E0034145,2,below 90 deg - G203-p30,purpose-made chamber with a swept/curved channel. NOT a bend chamber: the user refused that on 2026-08-20 (~200 chambers for no construction benefit)
N0034896,P0-SM-MH34896,449013.204,2573489.31,sub main,junction,89.99,E0035584,E0034137,2,below 90 deg - G203-p30,purpose-made chamber with a swept/curved channel. NOT a bend chamber: the user refused that on 2026-08-20 (~200 chambers for no construction benefit)
N0034855,P0-M-MH34855,446694.063,2573095.833,main,chamber,89.99,E0035497,E0034096,1,below 90 deg - G203-p30,purpose-made chamber with a swept/curved channel. NOT a bend chamber: the user refused that on 2026-08-20 (~200 chambers for no construction benefit)
N0013068,P0-SM-MH13068,442020.383,2565943.033,sub main,junction,89.99,E0014105,E0012309,2,below 90 deg - G203-p30,purpose-made chamber with a swept/curved channel. NOT a bend chamber: the user refused that on 2026-08-20 (~200 chambers for no construction benefit)
N0013004,P0-M-MH13004,442433.608,2568477.242,main,junction,89.99,E0014048,E0012245,2,below 90 deg - G203-p30,purpose-made chamber with a swept/curved channel. NOT a bend chamber: the user refused that on 2026-08-20 (~200 chambers for no construction benefit)
N0011175,P0-M-MH11175,443678.381,2567661.105,main,junction,89.99,E0012007,E0010416,2,below 90 deg - G203-p30,purpose-made chamber with a swept/curved channel. NOT a bend chamber: the user refused that on 2026-08-20 (~200 chambers for no construction benefit)
N0011169,P0-M-MH11169,473821.242,2572022.312,main,chamber,89.99,E0010409,E0010410,1,below 90 deg - G203-p30,purpose-made chamber with a swept/curved channel. NOT a bend chamber: the user refused that on 2026-08-20 (~200 chambers for no construction benefit)
N0034472,P0-M-MH34472,463185.231,2575213.244,main,junction,89.99,E0035110,E0033713,2,below 90 deg - G203-p30,purpose-made chamber with a swept/curved channel. NOT a bend chamber: the user refused that on 2026-08-20 (~200 chambers for no construction benefit)
N0029264,P0-M-MH29264,460024.133,2569803.16,main,junction,89.99,E0030221,E0028505,2,below 90 deg - G203-p30,purpose-made chamber with a swept/curved channel. NOT a bend chamber: the user refused that on 2026-08-20 (~200 chambers for no construction benefit)
N0018499,P0-SM-MH18499,447261.043,2572462.614,sub main,junction,89.99,E0019335,E0017740,2,below 90 deg - G203-p30,purpose-made chamber with a swept/curved channel. NOT a bend chamber: the user refused that on 2026-08-20 (~200 chambers for no construction benefit)
N0017476,P0-M-MH17476,446804.778,2567438.237,main,junction,89.99,E0018342,E0016717,2,below 90 deg - G203-p30,purpose-made chamber with a swept/curved channel. NOT a bend chamber: the user refused that on 2026-08-20 (~200 chambers for no construction benefit)
N0017466,P0-M-MH17466,474484.035,2572015.0,main,junction,89.99,E0018370,E0016707,2,below 90 deg - G203-p30,purpose-made chamber with a swept/curved channel. NOT a bend chamber: the user refused that on 2026-08-20 (~200 chambers for no construction benefit)
N0048450,P0-SM-MH48450,454085.129,2577952.036,sub main,chamber,89.99,E0047690,E0047691,1,below 90 deg - G203-p30,purpose-made chamber with a swept/curved channel. NOT a bend chamber: the user refused that on 2026-08-20 (~200 chambers for no construction benefit)
N0048375,P0-M-MH48375,445707.974,2568443.351,main,chamber,89.99,E0047615,E0047616,1,below 90 deg - G203-p30,purpose-made chamber with a swept/curved channel. NOT a bend chamber: the user refused that on 2026-08-20 (~200 chambers for no construction benefit)
N0011294,P0-M-MH11294,458408.998,2569585.277,main,chamber,89.99,E0010534,E0010535,1,below 90 deg - G203-p30,purpose-made chamber with a swept/curved channel. NOT a bend chamber: the user refused that on 2026-08-20 (~200 chambers for no construction benefit)
N0029665,P0-L-MH29665,462883.467,2576405.667,lateral,junction,89.99,E0030531,E0028906,2,below 90 deg - G203-p30,purpose-made chamber with a swept/curved channel. NOT a bend chamber: the user refused that on 2026-08-20 (~200 chambers for no construction benefit)
N0029974,P0-L-MH29974,462171.616,2579855.15,lateral,chamber,89.99,E0030829,E0029215,1,below 90 deg - G203-p30,purpose-made chamber with a swept/curved channel. NOT a bend chamber: the user refused that on 2026-08-20 (~200 chambers for no construction benefit)
N0029858,P0-SM-MH29858,442446.656,2565474.0,sub main,chamber,89.99,E0029098,E0029099,1,below 90 deg - G203-p30,purpose-made chamber with a swept/curved channel. NOT a bend chamber: the user refused that on 2026-08-20 (~200 chambers for no construction benefit)
N0033996,P0-M-MH33996,460320.619,2577093.015,main,junction,89.99,E0034870,E0033237,2,below 90 deg - G203-p30,purpose-made chamber with a swept/curved channel. NOT a bend chamber: the user refused that on 2026-08-20 (~200 chambers for no construction benefit)
N0011387,P0-SM-MH11387,450527.951,2565737.471,sub main,junction,89.99,E0012426,E0010628,2,below 90 deg - G203-p30,purpose-made chamber with a swept/curved channel. NOT a bend chamber: the user refused that on 2026-08-20 (~200 chambers for no construction benefit)
N0033500,P0-L-MH33500,446244.115,2571427.137,lateral,junction,89.99,E0034209,E0032741,2,below 90 deg - G203-p30,purpose-made chamber with a swept/curved channel. NOT a bend chamber: the user refused that on 2026-08-20 (~200 chambers for no construction benefit)
N0033358,P0-SM-MH33358,448567.3,2573552.37,sub main,junction,89.99,E0034132,E0032599,2,below 90 deg - G203-p30,purpose-made chamber with a swept/curved channel. NOT a bend chamber: the user refused that on 2026-08-20 (~200 chambers for no construction benefit)
N0033337,P0-M-MH33337,445290.953,2572956.653,main,junction,89.99,E0034120,E0032578,2,below 90 deg - G203-p30,purpose-made chamber with a swept/curved channel. NOT a bend chamber: the user refused that on 2026-08-20 (~200 chambers for no construction benefit)
N0029810,P0-M-MH29810,462184.259,2576263.434,main,chamber,89.99,E0029050,E0029051,1,below 90 deg - G203-p30,purpose-made chamber with a swept/curved channel. NOT a bend chamber: the user refused that on 2026-08-20 (~200 chambers for no construction benefit)
N0029752,P0-M-MH29752,444337.216,2566180.676,main,junction,89.99,E0030666,E0028993,2,below 90 deg - G203-p30,purpose-made chamber with a swept/curved channel. NOT a bend chamber: the user refused that on 2026-08-20 (~200 chambers for no construction benefit)
N0000769,P0-SM-MH0769,461307.925,2579629.468,sub main,junction,89.99,E0005969,E0000698,2,below 90 deg - G203-p30,purpose-made chamber with a swept/curved channel. NOT a bend chamber: the user refused that on 2026-08-20 (~200 chambers for no construction benefit)
N0018548,P0-M-MH18548,449224.517,2571049.665,main,chamber,89.99,E0019412,E0017789,1,below 90 deg - G203-p30,purpose-made chamber with a swept/curved channel. NOT a bend chamber: the user refused that on 2026-08-20 (~200 chambers for no construction benefit)
N0018529,P0-L-MH18529,449431.324,2571872.326,lateral,chamber,89.99,E0017769,E0017770,1,below 90 deg - G203-p30,purpose-made chamber with a swept/curved channel. NOT a bend chamber: the user refused that on 2026-08-20 (~200 chambers for no construction benefit)
N0011459,P0-SM-MH11459,466138.014,2566245.003,sub main,junction,89.99,E0012563,E0010700,2,below 90 deg - G203-p30,purpose-made chamber with a swept/curved channel. NOT a bend chamber: the user refused that on 2026-08-20 (~200 chambers for no construction benefit)
N0011457,P0-SM-MH11457,449036.898,2570964.138,sub main,junction,89.99,E0012559,E0010698,2,below 90 deg - G203-p30,purpose-made chamber with a swept/curved channel. NOT a bend chamber: the user refused that on 2026-08-20 (~200 chambers for no construction benefit)
N0012713,P0-M-MH12713,463157.751,2577844.012,main,junction,89.99,E0013763,E0011954,2,below 90 deg - G203-p30,purpose-made chamber with a swept/curved channel. NOT a bend chamber: the user refused that on 2026-08-20 (~200 chambers for no construction benefit)
N0030278,P0-M-MH30278,468120.293,2565460.223,main,junction,89.99,E0031095,E0029519,2,below 90 deg - G203-p30,purpose-made chamber with a swept/curved channel. NOT a bend chamber: the user refused that on 2026-08-20 (~200 chambers for no construction benefit)
N0030171,P0-L-MH30171,451438.239,2563537.097,lateral,chamber,89.99,E0029411,E0029412,1,below 90 deg - G203-p30,purpose-made chamber with a swept/curved channel. NOT a bend chamber: the user refused that on 2026-08-20 (~200 chambers for no construction benefit)
N0033043,P0-M-MH33043,453071.293,2576297.521,main,chamber,89.99,E0032283,E0032284,1,below 90 deg - G203-p30,purpose-made chamber with a swept/curved channel. NOT a bend chamber: the user refused that on 2026-08-20 (~200 chambers for no construction benefit)
N0032963,P0-M-MH32963,446514.22,2559935.921,main,junction,89.99,E0033733,E0032204,2,below 90 deg - G203-p30,purpose-made chamber with a swept/curved channel. NOT a bend chamber: the user refused that on 2026-08-20 (~200 chambers for no construction benefit)
N0032889,P0-SM-MH32889,462980.65,2575374.175,sub main,junction,89.99,E0033725,E0032130,2,below 90 deg - G203-p30,purpose-made chamber with a swept/curved channel. NOT a bend chamber: the user refused that on 2026-08-20 (~200 chambers for no construction benefit)
N0032845,P0-L-MH32845,461450.063,2577265.265,lateral,junction,89.99,E0033658,E0032086,2,below 90 deg - G203-p30,purpose-made chamber with a swept/curved channel. NOT a bend chamber: the user refused that on 2026-08-20 (~200 chambers for no construction benefit)
N0032784,P0-M-MH32784,459545.642,2571235.205,main,junction,89.99,E0033583,E0032025,2,below 90 deg - G203-p30,purpose-made chamber with a swept/curved channel. NOT a bend chamber: the user refused that on 2026-08-20 (~200 chambers for no construction benefit)
N0011544,P0-M-MH11544,455334.581,2566780.448,main,junction,89.99,E0012691,E0010785,2,below 90 deg - G203-p30,purpose-made chamber with a swept/curved channel. NOT a bend chamber: the user refused that on 2026-08-20 (~200 chambers for no construction benefit)
N0049178,P0-M-MH49178,444364.473,2569358.826,main,junction,89.99,E0048506,E0048419,2,below 90 deg - G203-p30,purpose-made chamber with a swept/curved channel. NOT a bend chamber: the user refused that on 2026-08-20 (~200 chambers for no construction benefit)
N0018363,P0-SM-MH18363,457215.056,2568001.751,sub main,junction,89.99,E0019241,E0017604,2,below 90 deg - G203-p30,purpose-made chamber with a swept/curved channel. NOT a bend chamber: the user refused that on 2026-08-20 (~200 chambers for no construction benefit)
N0018340,P0-M-MH18340,457700.558,2567919.955,main,junction,89.99,E0019262,E0017581,2,below 90 deg - G203-p30,purpose-made chamber with a swept/curved channel. NOT a bend chamber: the user refused that on 2026-08-20 (~200 chambers for no construction benefit)
N0018148,P0-M-MH18148,440816.103,2565082.598,main,junction,89.99,E0019014,E0017389,2,below 90 deg - G203-p30,purpose-made chamber with a swept/curved channel. NOT a bend chamber: the user refused that on 2026-08-20 (~200 chambers for no construction benefit)
N0018087,P0-L-MH18087,462198.065,2577562.606,lateral,junction,89.99,E0018876,E0017328,2,below 90 deg - G203-p30,purpose-made chamber with a swept/curved channel. NOT a bend chamber: the user refused that on 2026-08-20 (~200 chambers for no construction benefit)
N0000929,P0-SM-MH0929,449335.152,2570898.761,sub main,junction,89.99,E0006092,E0000849,2,below 90 deg - G203-p30,purpose-made chamber with a swept/curved channel. NOT a bend chamber: the user refused that on 2026-08-20 (~200 chambers for no construction benefit)
N0030463,P0-M-MH30463,448345.339,2571383.876,main,junction,89.99,E0031259,E0029704,2,below 90 deg - G203-p30,purpose-made chamber with a swept/curved channel. NOT a bend chamber: the user refused that on 2026-08-20 (~200 chambers for no construction benefit)
N0030460,P0-SM-MH30460,446738.756,2572454.862,sub main,chamber,89.99,E0029700,E0029701,1,below 90 deg - G203-p30,purpose-made chamber with a swept/curved channel. NOT a bend chamber: the user refused that on 2026-08-20 (~200 chambers for no construction benefit)
N0012599,P0-M-MH12599,463904.866,2578476.716,main,junction,89.99,E0013664,E0011840,2,below 90 deg - G203-p30,purpose-made chamber with a swept/curved channel. NOT a bend chamber: the user refused that on 2026-08-20 (~200 chambers for no construction benefit)
N0032409,P0-M-MH32409,459766.586,2577403.307,main,junction,89.99,E0033067,E0031650,2,below 90 deg - G203-p30,purpose-made chamber with a swept/curved channel. NOT a bend chamber: the user refused that on 2026-08-20 (~200 chambers for no construction benefit)
N0012201,P0-L-MH12201,457364.498,2577292.37,lateral,junction,89.99,E0013401,E0011442,2,below 90 deg - G203-p30,purpose-made chamber with a swept/curved channel. NOT a bend chamber: the user refused that on 2026-08-20 (~200 chambers for no construction benefit)
N0012195,P0-M-MH12195,446927.37,2567208.72,main,junction,89.99,E0013549,E0011436,2,below 90 deg - G203-p30,purpose-made chamber with a swept/curved channel. NOT a bend chamber: the user refused that on 2026-08-20 (~200 chambers for no construction benefit)
N0032575,P0-M-MH32575,464649.917,2577340.988,main,junction,89.99,E0033318,E0031816,2,below 90 deg - G203-p30,purpose-made chamber with a swept/curved channel. NOT a bend chamber: the user refused that on 2026-08-20 (~200 chambers for no construction benefit)
N0032021,P0-M-MH32021,447903.027,2571489.773,main,junction,89.99,E0032772,E0031262,2,below 90 deg - G203-p30,purpose-made chamber with a swept/curved channel. NOT a bend chamber: the user refused that on 2026-08-20 (~200 chambers for no construction benefit)
N0031850,P0-M-MH31850,468233.083,2565428.948,main,junction,89.99,E0032653,E0031091,2,below 90 deg - G203-p30,purpose-made chamber with a swept/curved channel. NOT a bend chamber: the user refused that on 2026-08-20 (~200 chambers for no construction benefit)
N0031835,P0-SM-MH31835,448757.865,2572979.601,sub main,junction,89.99,E0032625,E0031076,2,below 90 deg - G203-p30,purpose-made chamber with a swept/curved channel. NOT a bend chamber: the user refused that on 2026-08-20 (~200 chambers for no construction benefit)
N0031054,P0-M-MH31054,460559.288,2569678.883,main,chamber,89.99,E0030294,E0030295,1,below 90 deg - G203-p30,purpose-made chamber with a swept/curved channel. NOT a bend chamber: the user refused that on 2026-08-20 (~200 chambers for no construction benefit)
N0031796,P0-M-MH31796,446625.563,2573170.43,main,junction,89.99,E0032569,E0031037,2,below 90 deg - G203-p30,purpose-made chamber with a swept/curved channel. NOT a bend chamber: the user refused that on 2026-08-20 (~200 chambers for no construction benefit)
N0031785,P0-M-MH31785,445918.84,2573127.539,main,junction,89.99,E0032572,E0031026,2,below 90 deg - G203-p30,purpose-made chamber with a swept/curved channel. NOT a bend chamber: the user refused that on 2026-08-20 (~200 chambers for no construction benefit)
N0049460,P0-L-MH49460,453577.127,2577934.483,lateral,junction,89.99,E0048808,E0048701,2,below 90 deg - G203-p30,purpose-made chamber with a swept/curved channel. NOT a bend chamber: the user refused that on 2026-08-20 (~200 chambers for no construction benefit)
N0049435,P0-M-MH49435,453686.935,2578327.375,main,junction,89.99,E0048791,E0048676,2,below 90 deg - G203-p30,purpose-made chamber with a swept/curved channel. NOT a bend chamber: the user refused that on 2026-08-20 (~200 chambers for no construction benefit)
N0049004,P0-M-MH49004,444663.342,2568999.264,main,junction,89.99,E0048306,E0048245,2,below 90 deg - G203-p30,purpose-made chamber with a swept/curved channel. NOT a bend chamber: the user refused that on 2026-08-20 (~200 chambers for no construction benefit)
N0031615,P0-L-MH31615,462450.661,2579599.257,lateral,junction,89.99,E0032335,E0030856,2,below 90 deg - G203-p30,purpose-made chamber with a swept/curved channel. NOT a bend chamber: the user refused that on 2026-08-20 (~200 chambers for no construction benefit)
N0031387,P0-L-MH31387,458127.395,2577467.902,lateral,junction,89.99,E0032166,E0030628,2,below 90 deg - G203-p30,purpose-made chamber with a swept/curved channel. NOT a bend chamber: the user refused that on 2026-08-20 (~200 chambers for no construction benefit)
N0049693,P0-L-MH49693,440503.804,2571327.045,lateral,chamber,89.99,E0048933,E0048934,1,below 90 deg - G203-p30,purpose-made chamber with a swept/curved channel. NOT a bend chamber: the user refused that on 2026-08-20 (~200 chambers for no construction benefit)
