CH_REQ,REACH,STATION_M,X,Y,N_PLOTS,Q_ADF_M3D,MAX_LEG_M,OFFSET_MED_M,WHY,ROW_QUESTION
R00001,E0000368,19.88,458345.518,2566927.058,1,1.08,44.57,47.07,"G203-p18 note under Tab 4: 'If necessary, a manhole will be added'. These plots have no chamber inside the 45 m tertiary run of G203-p22 Tab 6 on ANY carrier within 47.5 m",the connection runs 47 m from the plot boundary to the carrier; G203-p17 sec 3.2 puts it in the public right-of-way - confirm one exists across that land before building
R00002,E0000966,9.73,449460.369,2570869.025,1,1.08,43.4,45.9,"G203-p18 note under Tab 4: 'If necessary, a manhole will be added'. These plots have no chamber inside the 45 m tertiary run of G203-p22 Tab 6 on ANY carrier within 47.5 m",the connection runs 46 m from the plot boundary to the carrier; G203-p17 sec 3.2 puts it in the public right-of-way - confirm one exists across that land before building
R00003,E0001440,57.72,451981.186,2572443.072,1,1.08,42.49,44.99,"G203-p18 note under Tab 4: 'If necessary, a manhole will be added'. These plots have no chamber inside the 45 m tertiary run of G203-p22 Tab 6 on ANY carrier within 47.5 m",the connection runs 45 m from the plot boundary to the carrier; G203-p17 sec 3.2 puts it in the public right-of-way - confirm one exists across that land before building
R00004,E0001441,41.39,451938.976,2572415.973,1,1.08,43.26,45.76,"G203-p18 note under Tab 4: 'If necessary, a manhole will be added'. These plots have no chamber inside the 45 m tertiary run of G203-p22 Tab 6 on ANY carrier within 47.5 m",the connection runs 46 m from the plot boundary to the carrier; G203-p17 sec 3.2 puts it in the public right-of-way - confirm one exists across that land before building
R00005,E0001441,66.39,451917.413,2572403.322,1,1.08,43.2,45.7,"G203-p18 note under Tab 4: 'If necessary, a manhole will be added'. These plots have no chamber inside the 45 m tertiary run of G203-p22 Tab 6 on ANY carrier within 47.5 m",the connection runs 46 m from the plot boundary to the carrier; G203-p17 sec 3.2 puts it in the public right-of-way - confirm one exists across that land before building
R00006,E0001544,43.44,468440.348,2564676.768,1,1.08,27.9,30.4,"G203-p18 note under Tab 4: 'If necessary, a manhole will be added'. These plots have no chamber inside the 45 m tertiary run of G203-p22 Tab 6 on ANY carrier within 47.5 m",the connection runs 30 m from the plot boundary to the carrier; G203-p17 sec 3.2 puts it in the public right-of-way - confirm one exists across that land before building
R00007,E0001583,22.51,445482.913,2559458.092,1,0.742,40.78,43.28,"G203-p18 note under Tab 4: 'If necessary, a manhole will be added'. These plots have no chamber inside the 45 m tertiary run of G203-p22 Tab 6 on ANY carrier within 47.5 m",the connection runs 43 m from the plot boundary to the carrier; G203-p17 sec 3.2 puts it in the public right-of-way - confirm one exists across that land before building
R00008,E0001937,23.13,447043.793,2558484.131,1,0.742,39.76,42.26,"G203-p18 note under Tab 4: 'If necessary, a manhole will be added'. These plots have no chamber inside the 45 m tertiary run of G203-p22 Tab 6 on ANY carrier within 47.5 m",the connection runs 42 m from the plot boundary to the carrier; G203-p17 sec 3.2 puts it in the public right-of-way - confirm one exists across that land before building
R00009,E0001978,42.75,455214.326,2570029.222,1,1.08,39.67,42.17,"G203-p18 note under Tab 4: 'If necessary, a manhole will be added'. These plots have no chamber inside the 45 m tertiary run of G203-p22 Tab 6 on ANY carrier within 47.5 m",the connection runs 42 m from the plot boundary to the carrier; G203-p17 sec 3.2 puts it in the public right-of-way - confirm one exists across that land before building
R00010,E0002138,51.91,445898.028,2567605.031,2,1.483,43.63,42.8,"G203-p18 note under Tab 4: 'If necessary, a manhole will be added'. These plots have no chamber inside the 45 m tertiary run of G203-p22 Tab 6 on ANY carrier within 47.5 m",the connection runs 43 m from the plot boundary to the carrier; G203-p17 sec 3.2 puts it in the public right-of-way - confirm one exists across that land before building
R00011,E0002209,18.29,454990.935,2574918.565,1,1.08,42.0,44.5,"G203-p18 note under Tab 4: 'If necessary, a manhole will be added'. These plots have no chamber inside the 45 m tertiary run of G203-p22 Tab 6 on ANY carrier within 47.5 m",the connection runs 44 m from the plot boundary to the carrier; G203-p17 sec 3.2 puts it in the public right-of-way - confirm one exists across that land before building
R00012,E0003462,38.86,455561.612,2574551.247,1,1.08,43.09,45.59,"G203-p18 note under Tab 4: 'If necessary, a manhole will be added'. These plots have no chamber inside the 45 m tertiary run of G203-p22 Tab 6 on ANY carrier within 47.5 m",the connection runs 46 m from the plot boundary to the carrier; G203-p17 sec 3.2 puts it in the public right-of-way - confirm one exists across that land before building
R00013,E0003463,23.86,455494.426,2574584.577,1,1.08,43.71,46.21,"G203-p18 note under Tab 4: 'If necessary, a manhole will be added'. These plots have no chamber inside the 45 m tertiary run of G203-p22 Tab 6 on ANY carrier within 47.5 m",the connection runs 46 m from the plot boundary to the carrier; G203-p17 sec 3.2 puts it in the public right-of-way - confirm one exists across that land before building
R00014,E0003463,51.86,455469.344,2574597.021,1,1.08,43.94,46.44,"G203-p18 note under Tab 4: 'If necessary, a manhole will be added'. These plots have no chamber inside the 45 m tertiary run of G203-p22 Tab 6 on ANY carrier within 47.5 m",the connection runs 46 m from the plot boundary to the carrier; G203-p17 sec 3.2 puts it in the public right-of-way - confirm one exists across that land before building
R00015,E0003465,31.86,455402.158,2574630.351,1,1.08,44.56,47.06,"G203-p18 note under Tab 4: 'If necessary, a manhole will be added'. These plots have no chamber inside the 45 m tertiary run of G203-p22 Tab 6 on ANY carrier within 47.5 m",the connection runs 47 m from the plot boundary to the carrier; G203-p17 sec 3.2 puts it in the public right-of-way - confirm one exists across that land before building
R00016,E0003468,54.0,455167.321,2574746.852,1,1.08,39.08,41.58,"G203-p18 note under Tab 4: 'If necessary, a manhole will be added'. These plots have no chamber inside the 45 m tertiary run of G203-p22 Tab 6 on ANY carrier within 47.5 m",the connection runs 42 m from the plot boundary to the carrier; G203-p17 sec 3.2 puts it in the public right-of-way - confirm one exists across that land before building
R00017,E0003998,48.91,443757.898,2567890.216,1,1.483,44.78,47.28,"G203-p18 note under Tab 4: 'If necessary, a manhole will be added'. These plots have no chamber inside the 45 m tertiary run of G203-p22 Tab 6 on ANY carrier within 47.5 m",the connection runs 47 m from the plot boundary to the carrier; G203-p17 sec 3.2 puts it in the public right-of-way - confirm one exists across that land before building
R00018,E0003998,71.89,443761.457,2567912.922,1,1.483,43.91,46.41,"G203-p18 note under Tab 4: 'If necessary, a manhole will be added'. These plots have no chamber inside the 45 m tertiary run of G203-p22 Tab 6 on ANY carrier within 47.5 m",the connection runs 46 m from the plot boundary to the carrier; G203-p17 sec 3.2 puts it in the public right-of-way - confirm one exists across that land before building
R00019,E0004100,56.2,455555.373,2574745.433,1,2.499,32.33,34.83,"G203-p18 note under Tab 4: 'If necessary, a manhole will be added'. These plots have no chamber inside the 45 m tertiary run of G203-p22 Tab 6 on ANY carrier within 47.5 m",the connection runs 35 m from the plot boundary to the carrier; G203-p17 sec 3.2 puts it in the public right-of-way - confirm one exists across that land before building
R00020,E0004111,66.4,456022.859,2574558.082,1,1.08,43.99,46.49,"G203-p18 note under Tab 4: 'If necessary, a manhole will be added'. These plots have no chamber inside the 45 m tertiary run of G203-p22 Tab 6 on ANY carrier within 47.5 m",the connection runs 46 m from the plot boundary to the carrier; G203-p17 sec 3.2 puts it in the public right-of-way - confirm one exists across that land before building
R00021,E0004566,57.81,442057.688,2568704.52,1,1.08,42.51,45.01,"G203-p18 note under Tab 4: 'If necessary, a manhole will be added'. These plots have no chamber inside the 45 m tertiary run of G203-p22 Tab 6 on ANY carrier within 47.5 m",the connection runs 45 m from the plot boundary to the carrier; G203-p17 sec 3.2 puts it in the public right-of-way - confirm one exists across that land before building
R00022,E0004698,5.08,447204.063,2558284.968,1,0.742,44.97,47.47,"G203-p18 note under Tab 4: 'If necessary, a manhole will be added'. These plots have no chamber inside the 45 m tertiary run of G203-p22 Tab 6 on ANY carrier within 47.5 m",the connection runs 47 m from the plot boundary to the carrier; G203-p17 sec 3.2 puts it in the public right-of-way - confirm one exists across that land before building
R00023,E0004700,28.83,447148.524,2558282.503,1,0.742,37.69,40.19,"G203-p18 note under Tab 4: 'If necessary, a manhole will be added'. These plots have no chamber inside the 45 m tertiary run of G203-p22 Tab 6 on ANY carrier within 47.5 m",the connection runs 40 m from the plot boundary to the carrier; G203-p17 sec 3.2 puts it in the public right-of-way - confirm one exists across that land before building
R00024,E0004718,60.55,457700.355,2577903.229,2,2.16,43.08,42.77,"G203-p18 note under Tab 4: 'If necessary, a manhole will be added'. These plots have no chamber inside the 45 m tertiary run of G203-p22 Tab 6 on ANY carrier within 47.5 m",the connection runs 43 m from the plot boundary to the carrier; G203-p17 sec 3.2 puts it in the public right-of-way - confirm one exists across that land before building
R00025,E0004719,60.32,457770.65,2577959.059,1,1.08,42.12,44.62,"G203-p18 note under Tab 4: 'If necessary, a manhole will be added'. These plots have no chamber inside the 45 m tertiary run of G203-p22 Tab 6 on ANY carrier within 47.5 m",the connection runs 45 m from the plot boundary to the carrier; G203-p17 sec 3.2 puts it in the public right-of-way - confirm one exists across that land before building
R00026,E0004932,41.43,470634.527,2564768.189,1,1.08,43.08,45.58,"G203-p18 note under Tab 4: 'If necessary, a manhole will be added'. These plots have no chamber inside the 45 m tertiary run of G203-p22 Tab 6 on ANY carrier within 47.5 m",the connection runs 46 m from the plot boundary to the carrier; G203-p17 sec 3.2 puts it in the public right-of-way - confirm one exists across that land before building
R00027,E0005066,12.92,441937.916,2568468.996,1,1.08,40.24,42.74,"G203-p18 note under Tab 4: 'If necessary, a manhole will be added'. These plots have no chamber inside the 45 m tertiary run of G203-p22 Tab 6 on ANY carrier within 47.5 m",the connection runs 43 m from the plot boundary to the carrier; G203-p17 sec 3.2 puts it in the public right-of-way - confirm one exists across that land before building
R00028,E0005242,35.4,445797.441,2559843.192,1,0.742,44.1,46.6,"G203-p18 note under Tab 4: 'If necessary, a manhole will be added'. These plots have no chamber inside the 45 m tertiary run of G203-p22 Tab 6 on ANY carrier within 47.5 m",the connection runs 47 m from the plot boundary to the carrier; G203-p17 sec 3.2 puts it in the public right-of-way - confirm one exists across that land before building
R00029,E0005243,39.81,445836.088,2559773.817,1,0.742,43.11,45.61,"G203-p18 note under Tab 4: 'If necessary, a manhole will be added'. These plots have no chamber inside the 45 m tertiary run of G203-p22 Tab 6 on ANY carrier within 47.5 m",the connection runs 46 m from the plot boundary to the carrier; G203-p17 sec 3.2 puts it in the public right-of-way - confirm one exists across that land before building
R00030,E0005610,46.94,458198.032,2578272.272,1,1.08,41.85,44.35,"G203-p18 note under Tab 4: 'If necessary, a manhole will be added'. These plots have no chamber inside the 45 m tertiary run of G203-p22 Tab 6 on ANY carrier within 47.5 m",the connection runs 44 m from the plot boundary to the carrier; G203-p17 sec 3.2 puts it in the public right-of-way - confirm one exists across that land before building
R00031,E0005898,43.4,439724.386,2571421.863,2,3.579,40.46,37.96,"G203-p18 note under Tab 4: 'If necessary, a manhole will be added'. These plots have no chamber inside the 45 m tertiary run of G203-p22 Tab 6 on ANY carrier within 47.5 m",the connection runs 38 m from the plot boundary to the carrier; G203-p17 sec 3.2 puts it in the public right-of-way - confirm one exists across that land before building
R00032,E0006049,69.3,458247.82,2578307.666,1,1.08,44.48,46.98,"G203-p18 note under Tab 4: 'If necessary, a manhole will be added'. These plots have no chamber inside the 45 m tertiary run of G203-p22 Tab 6 on ANY carrier within 47.5 m",the connection runs 47 m from the plot boundary to the carrier; G203-p17 sec 3.2 puts it in the public right-of-way - confirm one exists across that land before building
R00033,E0006332,15.06,443172.314,2568021.166,1,3.579,42.98,45.48,"G203-p18 note under Tab 4: 'If necessary, a manhole will be added'. These plots have no chamber inside the 45 m tertiary run of G203-p22 Tab 6 on ANY carrier within 47.5 m",the connection runs 45 m from the plot boundary to the carrier; G203-p17 sec 3.2 puts it in the public right-of-way - confirm one exists across that land before building
R00034,E0006407,54.84,443882.606,2566142.309,1,5.096,42.32,44.82,"G203-p18 note under Tab 4: 'If necessary, a manhole will be added'. These plots have no chamber inside the 45 m tertiary run of G203-p22 Tab 6 on ANY carrier within 47.5 m",the connection runs 45 m from the plot boundary to the carrier; G203-p17 sec 3.2 puts it in the public right-of-way - confirm one exists across that land before building
R00035,E0006525,22.03,458142.842,2578434.099,1,1.08,42.79,45.29,"G203-p18 note under Tab 4: 'If necessary, a manhole will be added'. These plots have no chamber inside the 45 m tertiary run of G203-p22 Tab 6 on ANY carrier within 47.5 m",the connection runs 45 m from the plot boundary to the carrier; G203-p17 sec 3.2 puts it in the public right-of-way - confirm one exists across that land before building
R00036,E0006531,49.08,458572.606,2578234.273,1,1.08,43.45,45.95,"G203-p18 note under Tab 4: 'If necessary, a manhole will be added'. These plots have no chamber inside the 45 m tertiary run of G203-p22 Tab 6 on ANY carrier within 47.5 m",the connection runs 46 m from the plot boundary to the carrier; G203-p17 sec 3.2 puts it in the public right-of-way - confirm one exists across that land before building
R00037,E0006532,53.61,458524.269,2578303.623,1,1.08,44.96,47.46,"G203-p18 note under Tab 4: 'If necessary, a manhole will be added'. These plots have no chamber inside the 45 m tertiary run of G203-p22 Tab 6 on ANY carrier within 47.5 m",the connection runs 47 m from the plot boundary to the carrier; G203-p17 sec 3.2 puts it in the public right-of-way - confirm one exists across that land before building
R00038,E0006543,48.24,459016.245,2578863.213,1,2.499,40.98,43.48,"G203-p18 note under Tab 4: 'If necessary, a manhole will be added'. These plots have no chamber inside the 45 m tertiary run of G203-p22 Tab 6 on ANY carrier within 47.5 m",the connection runs 43 m from the plot boundary to the carrier; G203-p17 sec 3.2 puts it in the public right-of-way - confirm one exists across that land before building
R00039,E0006837,39.68,441250.559,2568460.023,1,1.08,43.28,45.78,"G203-p18 note under Tab 4: 'If necessary, a manhole will be added'. These plots have no chamber inside the 45 m tertiary run of G203-p22 Tab 6 on ANY carrier within 47.5 m",the connection runs 46 m from the plot boundary to the carrier; G203-p17 sec 3.2 puts it in the public right-of-way - confirm one exists across that land before building
R00040,E0006860,56.61,442788.761,2567959.649,1,3.579,42.08,44.58,"G203-p18 note under Tab 4: 'If necessary, a manhole will be added'. These plots have no chamber inside the 45 m tertiary run of G203-p22 Tab 6 on ANY carrier within 47.5 m",the connection runs 45 m from the plot boundary to the carrier; G203-p17 sec 3.2 puts it in the public right-of-way - confirm one exists across that land before building
R00041,E0006861,54.61,442830.572,2568025.497,1,3.579,42.06,44.56,"G203-p18 note under Tab 4: 'If necessary, a manhole will be added'. These plots have no chamber inside the 45 m tertiary run of G203-p22 Tab 6 on ANY carrier within 47.5 m",the connection runs 45 m from the plot boundary to the carrier; G203-p17 sec 3.2 puts it in the public right-of-way - confirm one exists across that land before building
R00042,E0006866,5.12,444447.107,2566471.349,2,1.821,43.41,42.17,"G203-p18 note under Tab 4: 'If necessary, a manhole will be added'. These plots have no chamber inside the 45 m tertiary run of G203-p22 Tab 6 on ANY carrier within 47.5 m",the connection runs 42 m from the plot boundary to the carrier; G203-p17 sec 3.2 puts it in the public right-of-way - confirm one exists across that land before building
R00043,E0006866,30.19,444425.531,2566458.591,1,1.08,42.72,45.22,"G203-p18 note under Tab 4: 'If necessary, a manhole will be added'. These plots have no chamber inside the 45 m tertiary run of G203-p22 Tab 6 on ANY carrier within 47.5 m",the connection runs 45 m from the plot boundary to the carrier; G203-p17 sec 3.2 puts it in the public right-of-way - confirm one exists across that land before building
R00044,E0006866,55.94,444403.366,2566445.485,1,1.08,42.71,45.21,"G203-p18 note under Tab 4: 'If necessary, a manhole will be added'. These plots have no chamber inside the 45 m tertiary run of G203-p22 Tab 6 on ANY carrier within 47.5 m",the connection runs 45 m from the plot boundary to the carrier; G203-p17 sec 3.2 puts it in the public right-of-way - confirm one exists across that land before building
R00045,E0006867,58.18,444332.566,2566403.623,1,1.08,42.7,45.2,"G203-p18 note under Tab 4: 'If necessary, a manhole will be added'. These plots have no chamber inside the 45 m tertiary run of G203-p22 Tab 6 on ANY carrier within 47.5 m",the connection runs 45 m from the plot boundary to the carrier; G203-p17 sec 3.2 puts it in the public right-of-way - confirm one exists across that land before building
R00046,E0006879,13.64,443768.896,2566074.551,1,1.08,43.61,46.11,"G203-p18 note under Tab 4: 'If necessary, a manhole will be added'. These plots have no chamber inside the 45 m tertiary run of G203-p22 Tab 6 on ANY carrier within 47.5 m",the connection runs 46 m from the plot boundary to the carrier; G203-p17 sec 3.2 puts it in the public right-of-way - confirm one exists across that land before building
R00047,E0007223,42.58,446254.628,2562581.174,1,1.08,43.52,46.02,"G203-p18 note under Tab 4: 'If necessary, a manhole will be added'. These plots have no chamber inside the 45 m tertiary run of G203-p22 Tab 6 on ANY carrier within 47.5 m",the connection runs 46 m from the plot boundary to the carrier; G203-p17 sec 3.2 puts it in the public right-of-way - confirm one exists across that land before building
R00048,E0007852,47.84,458886.071,2578509.306,1,1.08,43.36,45.86,"G203-p18 note under Tab 4: 'If necessary, a manhole will be added'. These plots have no chamber inside the 45 m tertiary run of G203-p22 Tab 6 on ANY carrier within 47.5 m",the connection runs 46 m from the plot boundary to the carrier; G203-p17 sec 3.2 puts it in the public right-of-way - confirm one exists across that land before building
R00049,E0008377,19.78,447424.924,2567026.892,2,1.483,44.42,41.05,"G203-p18 note under Tab 4: 'If necessary, a manhole will be added'. These plots have no chamber inside the 45 m tertiary run of G203-p22 Tab 6 on ANY carrier within 47.5 m",the connection runs 41 m from the plot boundary to the carrier; G203-p17 sec 3.2 puts it in the public right-of-way - confirm one exists across that land before building
R00050,E0008391,22.64,446754.885,2564144.61,1,1.08,42.92,45.42,"G203-p18 note under Tab 4: 'If necessary, a manhole will be added'. These plots have no chamber inside the 45 m tertiary run of G203-p22 Tab 6 on ANY carrier within 47.5 m",the connection runs 45 m from the plot boundary to the carrier; G203-p17 sec 3.2 puts it in the public right-of-way - confirm one exists across that land before building
R00051,E0008444,43.72,446557.009,2566988.329,1,1.08,40.02,42.52,"G203-p18 note under Tab 4: 'If necessary, a manhole will be added'. These plots have no chamber inside the 45 m tertiary run of G203-p22 Tab 6 on ANY carrier within 47.5 m",the connection runs 43 m from the plot boundary to the carrier; G203-p17 sec 3.2 puts it in the public right-of-way - confirm one exists across that land before building
R00052,E0008554,40.2,443986.066,2565650.253,1,1.08,35.25,37.75,"G203-p18 note under Tab 4: 'If necessary, a manhole will be added'. These plots have no chamber inside the 45 m tertiary run of G203-p22 Tab 6 on ANY carrier within 47.5 m",the connection runs 38 m from the plot boundary to the carrier; G203-p17 sec 3.2 puts it in the public right-of-way - confirm one exists across that land before building
R00053,E0008557,41.38,443413.692,2565562.109,1,1.08,8.05,10.55,"G203-p18 note under Tab 4: 'If necessary, a manhole will be added'. These plots have no chamber inside the 45 m tertiary run of G203-p22 Tab 6 on ANY carrier within 47.5 m",the connection runs 11 m from the plot boundary to the carrier; G203-p17 sec 3.2 puts it in the public right-of-way - confirm one exists across that land before building
R00054,E0008564,15.53,443885.064,2565466.232,1,1.08,36.97,39.47,"G203-p18 note under Tab 4: 'If necessary, a manhole will be added'. These plots have no chamber inside the 45 m tertiary run of G203-p22 Tab 6 on ANY carrier within 47.5 m",the connection runs 39 m from the plot boundary to the carrier; G203-p17 sec 3.2 puts it in the public right-of-way - confirm one exists across that land before building
R00055,E0008575,40.41,443541.395,2565520.726,2,2.16,41.91,31.41,"G203-p18 note under Tab 4: 'If necessary, a manhole will be added'. These plots have no chamber inside the 45 m tertiary run of G203-p22 Tab 6 on ANY carrier within 47.5 m",the connection runs 31 m from the plot boundary to the carrier; G203-p17 sec 3.2 puts it in the public right-of-way - confirm one exists across that land before building
R00056,E0008918,39.28,446032.422,2562441.54,1,1.08,41.39,43.89,"G203-p18 note under Tab 4: 'If necessary, a manhole will be added'. These plots have no chamber inside the 45 m tertiary run of G203-p22 Tab 6 on ANY carrier within 47.5 m",the connection runs 44 m from the plot boundary to the carrier; G203-p17 sec 3.2 puts it in the public right-of-way - confirm one exists across that land before building
R00057,E0008921,14.03,446141.572,2562298.682,1,1.08,44.38,46.88,"G203-p18 note under Tab 4: 'If necessary, a manhole will be added'. These plots have no chamber inside the 45 m tertiary run of G203-p22 Tab 6 on ANY carrier within 47.5 m",the connection runs 47 m from the plot boundary to the carrier; G203-p17 sec 3.2 puts it in the public right-of-way - confirm one exists across that land before building
R00058,E0009012,9.78,445280.435,2566738.207,1,3.579,41.73,44.23,"G203-p18 note under Tab 4: 'If necessary, a manhole will be added'. These plots have no chamber inside the 45 m tertiary run of G203-p22 Tab 6 on ANY carrier within 47.5 m",the connection runs 44 m from the plot boundary to the carrier; G203-p17 sec 3.2 puts it in the public right-of-way - confirm one exists across that land before building
R00059,E0009057,23.9,444065.157,2560109.132,1,0.742,35.79,38.29,"G203-p18 note under Tab 4: 'If necessary, a manhole will be added'. These plots have no chamber inside the 45 m tertiary run of G203-p22 Tab 6 on ANY carrier within 47.5 m",the connection runs 38 m from the plot boundary to the carrier; G203-p17 sec 3.2 puts it in the public right-of-way - confirm one exists across that land before building
R00060,E0009274,51.87,458653.258,2578414.242,1,1.08,42.44,44.94,"G203-p18 note under Tab 4: 'If necessary, a manhole will be added'. These plots have no chamber inside the 45 m tertiary run of G203-p22 Tab 6 on ANY carrier within 47.5 m",the connection runs 45 m from the plot boundary to the carrier; G203-p17 sec 3.2 puts it in the public right-of-way - confirm one exists across that land before building
R00061,E0009505,40.73,446073.505,2566536.103,1,1.08,12.89,15.39,"G203-p18 note under Tab 4: 'If necessary, a manhole will be added'. These plots have no chamber inside the 45 m tertiary run of G203-p22 Tab 6 on ANY carrier within 47.5 m",the connection runs 15 m from the plot boundary to the carrier; G203-p17 sec 3.2 puts it in the public right-of-way - confirm one exists across that land before building
R00062,E0009548,12.49,444941.96,2566763.199,1,1.08,43.81,46.31,"G203-p18 note under Tab 4: 'If necessary, a manhole will be added'. These plots have no chamber inside the 45 m tertiary run of G203-p22 Tab 6 on ANY carrier within 47.5 m",the connection runs 46 m from the plot boundary to the carrier; G203-p17 sec 3.2 puts it in the public right-of-way - confirm one exists across that land before building
R00063,E0009548,38.19,444955.05,2566741.086,1,1.08,41.18,43.68,"G203-p18 note under Tab 4: 'If necessary, a manhole will be added'. These plots have no chamber inside the 45 m tertiary run of G203-p22 Tab 6 on ANY carrier within 47.5 m",the connection runs 44 m from the plot boundary to the carrier; G203-p17 sec 3.2 puts it in the public right-of-way - confirm one exists across that land before building
R00064,E0009802,64.38,459959.37,2579393.034,1,1.08,42.76,45.26,"G203-p18 note under Tab 4: 'If necessary, a manhole will be added'. These plots have no chamber inside the 45 m tertiary run of G203-p22 Tab 6 on ANY carrier within 47.5 m",the connection runs 45 m from the plot boundary to the carrier; G203-p17 sec 3.2 puts it in the public right-of-way - confirm one exists across that land before building
R00065,E0009803,49.38,460022.19,2579434.004,1,1.08,42.73,45.23,"G203-p18 note under Tab 4: 'If necessary, a manhole will be added'. These plots have no chamber inside the 45 m tertiary run of G203-p22 Tab 6 on ANY carrier within 47.5 m",the connection runs 45 m from the plot boundary to the carrier; G203-p17 sec 3.2 puts it in the public right-of-way - confirm one exists across that land before building
R00066,E0009946,27.88,446774.851,2564568.689,1,1.08,42.08,44.58,"G203-p18 note under Tab 4: 'If necessary, a manhole will be added'. These plots have no chamber inside the 45 m tertiary run of G203-p22 Tab 6 on ANY carrier within 47.5 m",the connection runs 45 m from the plot boundary to the carrier; G203-p17 sec 3.2 puts it in the public right-of-way - confirm one exists across that land before building
R00067,E0010175,36.19,442440.225,2565286.185,1,0.742,40.01,42.51,"G203-p18 note under Tab 4: 'If necessary, a manhole will be added'. These plots have no chamber inside the 45 m tertiary run of G203-p22 Tab 6 on ANY carrier within 47.5 m",the connection runs 43 m from the plot boundary to the carrier; G203-p17 sec 3.2 puts it in the public right-of-way - confirm one exists across that land before building
R00068,E0010440,31.74,465788.81,2567237.017,1,1.08,41.41,43.91,"G203-p18 note under Tab 4: 'If necessary, a manhole will be added'. These plots have no chamber inside the 45 m tertiary run of G203-p22 Tab 6 on ANY carrier within 47.5 m",the connection runs 44 m from the plot boundary to the carrier; G203-p17 sec 3.2 puts it in the public right-of-way - confirm one exists across that land before building
R00069,E0010441,18.77,465742.388,2567203.903,1,1.08,41.56,44.06,"G203-p18 note under Tab 4: 'If necessary, a manhole will be added'. These plots have no chamber inside the 45 m tertiary run of G203-p22 Tab 6 on ANY carrier within 47.5 m",the connection runs 44 m from the plot boundary to the carrier; G203-p17 sec 3.2 puts it in the public right-of-way - confirm one exists across that land before building
R00070,E0010511,23.93,446889.174,2564404.353,1,1.08,42.04,44.54,"G203-p18 note under Tab 4: 'If necessary, a manhole will be added'. These plots have no chamber inside the 45 m tertiary run of G203-p22 Tab 6 on ANY carrier within 47.5 m",the connection runs 45 m from the plot boundary to the carrier; G203-p17 sec 3.2 puts it in the public right-of-way - confirm one exists across that land before building
R00071,E0010511,48.92,446887.399,2564429.283,1,1.08,41.42,43.92,"G203-p18 note under Tab 4: 'If necessary, a manhole will be added'. These plots have no chamber inside the 45 m tertiary run of G203-p22 Tab 6 on ANY carrier within 47.5 m",the connection runs 44 m from the plot boundary to the carrier; G203-p17 sec 3.2 puts it in the public right-of-way - confirm one exists across that land before building
R00072,E0010515,7.67,447325.363,2563941.792,1,1.08,40.61,43.11,"G203-p18 note under Tab 4: 'If necessary, a manhole will be added'. These plots have no chamber inside the 45 m tertiary run of G203-p22 Tab 6 on ANY carrier within 47.5 m",the connection runs 43 m from the plot boundary to the carrier; G203-p17 sec 3.2 puts it in the public right-of-way - confirm one exists across that land before building
R00073,E0010522,27.64,447189.858,2563797.513,1,1.08,43.73,46.23,"G203-p18 note under Tab 4: 'If necessary, a manhole will be added'. These plots have no chamber inside the 45 m tertiary run of G203-p22 Tab 6 on ANY carrier within 47.5 m",the connection runs 46 m from the plot boundary to the carrier; G203-p17 sec 3.2 puts it in the public right-of-way - confirm one exists across that land before building
R00074,E0010632,9.32,444851.501,2566293.403,1,1.08,41.77,44.27,"G203-p18 note under Tab 4: 'If necessary, a manhole will be added'. These plots have no chamber inside the 45 m tertiary run of G203-p22 Tab 6 on ANY carrier within 47.5 m",the connection runs 44 m from the plot boundary to the carrier; G203-p17 sec 3.2 puts it in the public right-of-way - confirm one exists across that land before building
R00075,E0010885,14.74,460303.076,2579620.862,1,1.08,39.53,42.03,"G203-p18 note under Tab 4: 'If necessary, a manhole will be added'. These plots have no chamber inside the 45 m tertiary run of G203-p22 Tab 6 on ANY carrier within 47.5 m",the connection runs 42 m from the plot boundary to the carrier; G203-p17 sec 3.2 puts it in the public right-of-way - confirm one exists across that land before building
R00076,E0011093,31.72,445253.507,2566236.377,1,1.08,16.26,18.76,"G203-p18 note under Tab 4: 'If necessary, a manhole will be added'. These plots have no chamber inside the 45 m tertiary run of G203-p22 Tab 6 on ANY carrier within 47.5 m",the connection runs 19 m from the plot boundary to the carrier; G203-p17 sec 3.2 puts it in the public right-of-way - confirm one exists across that land before building
R00077,E0011167,23.17,446450.368,2559805.3,1,0.742,43.38,45.88,"G203-p18 note under Tab 4: 'If necessary, a manhole will be added'. These plots have no chamber inside the 45 m tertiary run of G203-p22 Tab 6 on ANY carrier within 47.5 m",the connection runs 46 m from the plot boundary to the carrier; G203-p17 sec 3.2 puts it in the public right-of-way - confirm one exists across that land before building
R00078,E0011258,38.62,451271.405,2564627.684,1,1.08,42.72,45.22,"G203-p18 note under Tab 4: 'If necessary, a manhole will be added'. These plots have no chamber inside the 45 m tertiary run of G203-p22 Tab 6 on ANY carrier within 47.5 m",the connection runs 45 m from the plot boundary to the carrier; G203-p17 sec 3.2 puts it in the public right-of-way - confirm one exists across that land before building
R00079,E0011378,28.85,446899.3,2565691.861,2,9.83,32.7,30.2,"G203-p18 note under Tab 4: 'If necessary, a manhole will be added'. These plots have no chamber inside the 45 m tertiary run of G203-p22 Tab 6 on ANY carrier within 47.5 m",the connection runs 30 m from the plot boundary to the carrier; G203-p17 sec 3.2 puts it in the public right-of-way - confirm one exists across that land before building
R00080,E0011494,13.5,445995.635,2566160.32,1,1.08,40.69,43.19,"G203-p18 note under Tab 4: 'If necessary, a manhole will be added'. These plots have no chamber inside the 45 m tertiary run of G203-p22 Tab 6 on ANY carrier within 47.5 m",the connection runs 43 m from the plot boundary to the carrier; G203-p17 sec 3.2 puts it in the public right-of-way - confirm one exists across that land before building
R00081,E0011494,34.5,445985.235,2566178.562,1,1.08,40.35,42.85,"G203-p18 note under Tab 4: 'If necessary, a manhole will be added'. These plots have no chamber inside the 45 m tertiary run of G203-p22 Tab 6 on ANY carrier within 47.5 m",the connection runs 43 m from the plot boundary to the carrier; G203-p17 sec 3.2 puts it in the public right-of-way - confirm one exists across that land before building
R00082,E0011554,30.58,445294.81,2565947.613,1,1.08,42.17,44.67,"G203-p18 note under Tab 4: 'If necessary, a manhole will be added'. These plots have no chamber inside the 45 m tertiary run of G203-p22 Tab 6 on ANY carrier within 47.5 m",the connection runs 45 m from the plot boundary to the carrier; G203-p17 sec 3.2 puts it in the public right-of-way - confirm one exists across that land before building
R00083,E0011673,83.75,451070.958,2564631.734,1,1.08,44.63,47.13,"G203-p18 note under Tab 4: 'If necessary, a manhole will be added'. These plots have no chamber inside the 45 m tertiary run of G203-p22 Tab 6 on ANY carrier within 47.5 m",the connection runs 47 m from the plot boundary to the carrier; G203-p17 sec 3.2 puts it in the public right-of-way - confirm one exists across that land before building
R00084,E0011688,56.01,451196.491,2564306.415,1,1.08,38.34,40.84,"G203-p18 note under Tab 4: 'If necessary, a manhole will be added'. These plots have no chamber inside the 45 m tertiary run of G203-p22 Tab 6 on ANY carrier within 47.5 m",the connection runs 41 m from the plot boundary to the carrier; G203-p17 sec 3.2 puts it in the public right-of-way - confirm one exists across that land before building
R00085,E0011995,18.71,445995.245,2561811.539,1,4.461,44.47,46.97,"G203-p18 note under Tab 4: 'If necessary, a manhole will be added'. These plots have no chamber inside the 45 m tertiary run of G203-p22 Tab 6 on ANY carrier within 47.5 m",the connection runs 47 m from the plot boundary to the carrier; G203-p17 sec 3.2 puts it in the public right-of-way - confirm one exists across that land before building
R00086,E0012021,33.62,445636.076,2561363.47,1,1.643,16.42,18.92,"G203-p18 note under Tab 4: 'If necessary, a manhole will be added'. These plots have no chamber inside the 45 m tertiary run of G203-p22 Tab 6 on ANY carrier within 47.5 m",the connection runs 19 m from the plot boundary to the carrier; G203-p17 sec 3.2 puts it in the public right-of-way - confirm one exists across that land before building
R00087,E0012114,19.71,445321.745,2560664.301,1,0.742,30.4,32.9,"G203-p18 note under Tab 4: 'If necessary, a manhole will be added'. These plots have no chamber inside the 45 m tertiary run of G203-p22 Tab 6 on ANY carrier within 47.5 m",the connection runs 33 m from the plot boundary to the carrier; G203-p17 sec 3.2 puts it in the public right-of-way - confirm one exists across that land before building
R00088,E0012132,15.08,444703.306,2566237.406,1,1.08,31.29,33.79,"G203-p18 note under Tab 4: 'If necessary, a manhole will be added'. These plots have no chamber inside the 45 m tertiary run of G203-p22 Tab 6 on ANY carrier within 47.5 m",the connection runs 34 m from the plot boundary to the carrier; G203-p17 sec 3.2 puts it in the public right-of-way - confirm one exists across that land before building
R00089,E0012217,19.16,451560.05,2564034.337,1,1.08,43.12,45.62,"G203-p18 note under Tab 4: 'If necessary, a manhole will be added'. These plots have no chamber inside the 45 m tertiary run of G203-p22 Tab 6 on ANY carrier within 47.5 m",the connection runs 46 m from the plot boundary to the carrier; G203-p17 sec 3.2 puts it in the public right-of-way - confirm one exists across that land before building
R00090,E0012760,59.42,451649.869,2563979.428,1,1.08,44.93,47.43,"G203-p18 note under Tab 4: 'If necessary, a manhole will be added'. These plots have no chamber inside the 45 m tertiary run of G203-p22 Tab 6 on ANY carrier within 47.5 m",the connection runs 47 m from the plot boundary to the carrier; G203-p17 sec 3.2 puts it in the public right-of-way - confirm one exists across that land before building
R00091,E0012841,21.65,447443.075,2566693.857,1,1.483,25.76,28.26,"G203-p18 note under Tab 4: 'If necessary, a manhole will be added'. These plots have no chamber inside the 45 m tertiary run of G203-p22 Tab 6 on ANY carrier within 47.5 m",the connection runs 28 m from the plot boundary to the carrier; G203-p17 sec 3.2 puts it in the public right-of-way - confirm one exists across that land before building
R00092,E0012883,12.49,447919.761,2566134.682,1,1.08,43.8,46.3,"G203-p18 note under Tab 4: 'If necessary, a manhole will be added'. These plots have no chamber inside the 45 m tertiary run of G203-p22 Tab 6 on ANY carrier within 47.5 m",the connection runs 46 m from the plot boundary to the carrier; G203-p17 sec 3.2 puts it in the public right-of-way - confirm one exists across that land before building
R00093,E0012896,17.24,446730.738,2566345.333,2,9.185,40.79,38.29,"G203-p18 note under Tab 4: 'If necessary, a manhole will be added'. These plots have no chamber inside the 45 m tertiary run of G203-p22 Tab 6 on ANY carrier within 47.5 m",the connection runs 38 m from the plot boundary to the carrier; G203-p17 sec 3.2 puts it in the public right-of-way - confirm one exists across that land before building
R00094,E0012911,6.78,447585.657,2564464.864,1,1.08,38.46,40.96,"G203-p18 note under Tab 4: 'If necessary, a manhole will be added'. These plots have no chamber inside the 45 m tertiary run of G203-p22 Tab 6 on ANY carrier within 47.5 m",the connection runs 41 m from the plot boundary to the carrier; G203-p17 sec 3.2 puts it in the public right-of-way - confirm one exists across that land before building
R00095,E0012911,31.78,447561.682,2564457.781,1,1.08,38.52,41.02,"G203-p18 note under Tab 4: 'If necessary, a manhole will be added'. These plots have no chamber inside the 45 m tertiary run of G203-p22 Tab 6 on ANY carrier within 47.5 m",the connection runs 41 m from the plot boundary to the carrier; G203-p17 sec 3.2 puts it in the public right-of-way - confirm one exists across that land before building
R00096,E0013111,19.14,444016.904,2564271.635,1,1.08,42.73,45.23,"G203-p18 note under Tab 4: 'If necessary, a manhole will be added'. These plots have no chamber inside the 45 m tertiary run of G203-p22 Tab 6 on ANY carrier within 47.5 m",the connection runs 45 m from the plot boundary to the carrier; G203-p17 sec 3.2 puts it in the public right-of-way - confirm one exists across that land before building
R00097,E0013111,44.14,444017.034,2564246.635,1,1.08,42.86,45.36,"G203-p18 note under Tab 4: 'If necessary, a manhole will be added'. These plots have no chamber inside the 45 m tertiary run of G203-p22 Tab 6 on ANY carrier within 47.5 m",the connection runs 45 m from the plot boundary to the carrier; G203-p17 sec 3.2 puts it in the public right-of-way - confirm one exists across that land before building
R00098,E0013330,5.4,447648.007,2565839.193,1,1.08,40.33,42.83,"G203-p18 note under Tab 4: 'If necessary, a manhole will be added'. These plots have no chamber inside the 45 m tertiary run of G203-p22 Tab 6 on ANY carrier within 47.5 m",the connection runs 43 m from the plot boundary to the carrier; G203-p17 sec 3.2 puts it in the public right-of-way - confirm one exists across that land before building
R00099,E0013330,29.4,447670.921,2565832.055,1,1.08,40.2,42.7,"G203-p18 note under Tab 4: 'If necessary, a manhole will be added'. These plots have no chamber inside the 45 m tertiary run of G203-p22 Tab 6 on ANY carrier within 47.5 m",the connection runs 43 m from the plot boundary to the carrier; G203-p17 sec 3.2 puts it in the public right-of-way - confirm one exists across that land before building
R00100,E0013342,24.37,447985.355,2565769.36,1,1.08,43.4,45.9,"G203-p18 note under Tab 4: 'If necessary, a manhole will be added'. These plots have no chamber inside the 45 m tertiary run of G203-p22 Tab 6 on ANY carrier within 47.5 m",the connection runs 46 m from the plot boundary to the carrier; G203-p17 sec 3.2 puts it in the public right-of-way - confirm one exists across that land before building
R00101,E0013348,21.99,446150.255,2566093.173,1,1.08,43.22,45.72,"G203-p18 note under Tab 4: 'If necessary, a manhole will be added'. These plots have no chamber inside the 45 m tertiary run of G203-p22 Tab 6 on ANY carrier within 47.5 m",the connection runs 46 m from the plot boundary to the carrier; G203-p17 sec 3.2 puts it in the public right-of-way - confirm one exists across that land before building
R00102,E0013348,46.99,446162.594,2566071.433,1,1.08,42.77,45.27,"G203-p18 note under Tab 4: 'If necessary, a manhole will be added'. These plots have no chamber inside the 45 m tertiary run of G203-p22 Tab 6 on ANY carrier within 47.5 m",the connection runs 45 m from the plot boundary to the carrier; G203-p17 sec 3.2 puts it in the public right-of-way - confirm one exists across that land before building
R00103,E0013436,42.26,444637.303,2565159.405,1,1.08,4.44,6.94,"G203-p18 note under Tab 4: 'If necessary, a manhole will be added'. These plots have no chamber inside the 45 m tertiary run of G203-p22 Tab 6 on ANY carrier within 47.5 m",the connection runs 7 m from the plot boundary to the carrier; G203-p17 sec 3.2 puts it in the public right-of-way - confirm one exists across that land before building
R00104,E0013473,22.95,444100.889,2564494.244,1,1.08,41.75,44.25,"G203-p18 note under Tab 4: 'If necessary, a manhole will be added'. These plots have no chamber inside the 45 m tertiary run of G203-p22 Tab 6 on ANY carrier within 47.5 m",the connection runs 44 m from the plot boundary to the carrier; G203-p17 sec 3.2 puts it in the public right-of-way - confirm one exists across that land before building
R00105,E0013740,42.19,447060.02,2566435.501,1,1.08,43.26,45.76,"G203-p18 note under Tab 4: 'If necessary, a manhole will be added'. These plots have no chamber inside the 45 m tertiary run of G203-p22 Tab 6 on ANY carrier within 47.5 m",the connection runs 46 m from the plot boundary to the carrier; G203-p17 sec 3.2 puts it in the public right-of-way - confirm one exists across that land before building
R00106,E0013880,16.83,444393.877,2565017.555,1,1.08,38.91,41.41,"G203-p18 note under Tab 4: 'If necessary, a manhole will be added'. These plots have no chamber inside the 45 m tertiary run of G203-p22 Tab 6 on ANY carrier within 47.5 m",the connection runs 41 m from the plot boundary to the carrier; G203-p17 sec 3.2 puts it in the public right-of-way - confirm one exists across that land before building
R00107,E0014393,24.71,447022.294,2566622.071,1,1.08,42.06,44.56,"G203-p18 note under Tab 4: 'If necessary, a manhole will be added'. These plots have no chamber inside the 45 m tertiary run of G203-p22 Tab 6 on ANY carrier within 47.5 m",the connection runs 45 m from the plot boundary to the carrier; G203-p17 sec 3.2 puts it in the public right-of-way - confirm one exists across that land before building
R00108,E0014393,49.2,447033.328,2566643.926,1,1.08,43.72,46.22,"G203-p18 note under Tab 4: 'If necessary, a manhole will be added'. These plots have no chamber inside the 45 m tertiary run of G203-p22 Tab 6 on ANY carrier within 47.5 m",the connection runs 46 m from the plot boundary to the carrier; G203-p17 sec 3.2 puts it in the public right-of-way - confirm one exists across that land before building
R00109,E0014499,24.3,444614.297,2565792.193,1,1.08,43.24,45.74,"G203-p18 note under Tab 4: 'If necessary, a manhole will be added'. These plots have no chamber inside the 45 m tertiary run of G203-p22 Tab 6 on ANY carrier within 47.5 m",the connection runs 46 m from the plot boundary to the carrier; G203-p17 sec 3.2 puts it in the public right-of-way - confirm one exists across that land before building
R00110,E0014732,10.8,448144.366,2565469.786,1,1.08,40.1,42.6,"G203-p18 note under Tab 4: 'If necessary, a manhole will be added'. These plots have no chamber inside the 45 m tertiary run of G203-p22 Tab 6 on ANY carrier within 47.5 m",the connection runs 43 m from the plot boundary to the carrier; G203-p17 sec 3.2 puts it in the public right-of-way - confirm one exists across that land before building
R00111,E0014732,33.96,448166.559,2565463.175,1,1.08,43.78,46.28,"G203-p18 note under Tab 4: 'If necessary, a manhole will be added'. These plots have no chamber inside the 45 m tertiary run of G203-p22 Tab 6 on ANY carrier within 47.5 m",the connection runs 46 m from the plot boundary to the carrier; G203-p17 sec 3.2 puts it in the public right-of-way - confirm one exists across that land before building
R00112,E0014778,27.71,445330.516,2565248.468,1,1.08,39.7,42.2,"G203-p18 note under Tab 4: 'If necessary, a manhole will be added'. These plots have no chamber inside the 45 m tertiary run of G203-p22 Tab 6 on ANY carrier within 47.5 m",the connection runs 42 m from the plot boundary to the carrier; G203-p17 sec 3.2 puts it in the public right-of-way - confirm one exists across that land before building
R00113,E0014803,42.5,444370.752,2565665.664,1,1.08,5.54,8.04,"G203-p18 note under Tab 4: 'If necessary, a manhole will be added'. These plots have no chamber inside the 45 m tertiary run of G203-p22 Tab 6 on ANY carrier within 47.5 m",the connection runs 8 m from the plot boundary to the carrier; G203-p17 sec 3.2 puts it in the public right-of-way - confirm one exists across that land before building
R00114,E0014813,12.08,444223.848,2564867.57,1,1.08,44.94,47.44,"G203-p18 note under Tab 4: 'If necessary, a manhole will be added'. These plots have no chamber inside the 45 m tertiary run of G203-p22 Tab 6 on ANY carrier within 47.5 m",the connection runs 47 m from the plot boundary to the carrier; G203-p17 sec 3.2 puts it in the public right-of-way - confirm one exists across that land before building
R00115,E0014830,38.72,444224.609,2565886.407,2,2.16,42.38,31.88,"G203-p18 note under Tab 4: 'If necessary, a manhole will be added'. These plots have no chamber inside the 45 m tertiary run of G203-p22 Tab 6 on ANY carrier within 47.5 m",the connection runs 32 m from the plot boundary to the carrier; G203-p17 sec 3.2 puts it in the public right-of-way - confirm one exists across that land before building
R00116,E0014848,7.74,444441.69,2559579.403,1,0.742,44.86,47.36,"G203-p18 note under Tab 4: 'If necessary, a manhole will be added'. These plots have no chamber inside the 45 m tertiary run of G203-p22 Tab 6 on ANY carrier within 47.5 m",the connection runs 47 m from the plot boundary to the carrier; G203-p17 sec 3.2 puts it in the public right-of-way - confirm one exists across that land before building
R00117,E0014869,28.52,441856.153,2565266.075,1,0.742,39.22,41.72,"G203-p18 note under Tab 4: 'If necessary, a manhole will be added'. These plots have no chamber inside the 45 m tertiary run of G203-p22 Tab 6 on ANY carrier within 47.5 m",the connection runs 42 m from the plot boundary to the carrier; G203-p17 sec 3.2 puts it in the public right-of-way - confirm one exists across that land before building
R00118,E0015016,38.65,448048.798,2567182.731,1,1.08,6.47,8.97,"G203-p18 note under Tab 4: 'If necessary, a manhole will be added'. These plots have no chamber inside the 45 m tertiary run of G203-p22 Tab 6 on ANY carrier within 47.5 m",the connection runs 9 m from the plot boundary to the carrier; G203-p17 sec 3.2 puts it in the public right-of-way - confirm one exists across that land before building
R00119,E0015068,9.07,445223.221,2565468.145,1,5.096,39.82,42.32,"G203-p18 note under Tab 4: 'If necessary, a manhole will be added'. These plots have no chamber inside the 45 m tertiary run of G203-p22 Tab 6 on ANY carrier within 47.5 m",the connection runs 42 m from the plot boundary to the carrier; G203-p17 sec 3.2 puts it in the public right-of-way - confirm one exists across that land before building
R00120,E0015085,38.26,443976.671,2564652.93,1,1.08,10.17,12.67,"G203-p18 note under Tab 4: 'If necessary, a manhole will be added'. These plots have no chamber inside the 45 m tertiary run of G203-p22 Tab 6 on ANY carrier within 47.5 m",the connection runs 13 m from the plot boundary to the carrier; G203-p17 sec 3.2 puts it in the public right-of-way - confirm one exists across that land before building
R00121,E0015119,15.57,443885.386,2565385.63,1,1.08,36.8,39.3,"G203-p18 note under Tab 4: 'If necessary, a manhole will be added'. These plots have no chamber inside the 45 m tertiary run of G203-p22 Tab 6 on ANY carrier within 47.5 m",the connection runs 39 m from the plot boundary to the carrier; G203-p17 sec 3.2 puts it in the public right-of-way - confirm one exists across that land before building
R00122,E0015120,1.56,443674.502,2565426.473,1,1.08,43.52,46.02,"G203-p18 note under Tab 4: 'If necessary, a manhole will be added'. These plots have no chamber inside the 45 m tertiary run of G203-p22 Tab 6 on ANY carrier within 47.5 m",the connection runs 46 m from the plot boundary to the carrier; G203-p17 sec 3.2 puts it in the public right-of-way - confirm one exists across that land before building
R00123,E0015120,33.56,443674.502,2565394.472,1,1.08,43.46,45.96,"G203-p18 note under Tab 4: 'If necessary, a manhole will be added'. These plots have no chamber inside the 45 m tertiary run of G203-p22 Tab 6 on ANY carrier within 47.5 m",the connection runs 46 m from the plot boundary to the carrier; G203-p17 sec 3.2 puts it in the public right-of-way - confirm one exists across that land before building
R00124,E0015207,37.06,443232.765,2559503.437,1,0.742,37.48,39.98,"G203-p18 note under Tab 4: 'If necessary, a manhole will be added'. These plots have no chamber inside the 45 m tertiary run of G203-p22 Tab 6 on ANY carrier within 47.5 m",the connection runs 40 m from the plot boundary to the carrier; G203-p17 sec 3.2 puts it in the public right-of-way - confirm one exists across that land before building
R00125,E0015209,47.63,443313.452,2559570.048,1,0.742,44.54,47.04,"G203-p18 note under Tab 4: 'If necessary, a manhole will be added'. These plots have no chamber inside the 45 m tertiary run of G203-p22 Tab 6 on ANY carrier within 47.5 m",the connection runs 47 m from the plot boundary to the carrier; G203-p17 sec 3.2 puts it in the public right-of-way - confirm one exists across that land before building
R00126,E0015217,34.62,443575.627,2559835.076,2,1.483,43.23,36.39,"G203-p18 note under Tab 4: 'If necessary, a manhole will be added'. These plots have no chamber inside the 45 m tertiary run of G203-p22 Tab 6 on ANY carrier within 47.5 m",the connection runs 36 m from the plot boundary to the carrier; G203-p17 sec 3.2 puts it in the public right-of-way - confirm one exists across that land before building
R00127,E0015334,14.3,449000.585,2566209.611,1,1.08,43.36,45.86,"G203-p18 note under Tab 4: 'If necessary, a manhole will be added'. These plots have no chamber inside the 45 m tertiary run of G203-p22 Tab 6 on ANY carrier within 47.5 m",the connection runs 46 m from the plot boundary to the carrier; G203-p17 sec 3.2 puts it in the public right-of-way - confirm one exists across that land before building
R00128,E0015335,24.5,448930.396,2566209.019,1,1.08,44.47,46.97,"G203-p18 note under Tab 4: 'If necessary, a manhole will be added'. These plots have no chamber inside the 45 m tertiary run of G203-p22 Tab 6 on ANY carrier within 47.5 m",the connection runs 47 m from the plot boundary to the carrier; G203-p17 sec 3.2 puts it in the public right-of-way - confirm one exists across that land before building
R00129,E0015340,37.64,448084.158,2565600.877,1,1.08,43.78,46.28,"G203-p18 note under Tab 4: 'If necessary, a manhole will be added'. These plots have no chamber inside the 45 m tertiary run of G203-p22 Tab 6 on ANY carrier within 47.5 m",the connection runs 46 m from the plot boundary to the carrier; G203-p17 sec 3.2 puts it in the public right-of-way - confirm one exists across that land before building
R00130,E0015430,33.32,451814.106,2565254.549,1,0.742,38.34,40.84,"G203-p18 note under Tab 4: 'If necessary, a manhole will be added'. These plots have no chamber inside the 45 m tertiary run of G203-p22 Tab 6 on ANY carrier within 47.5 m",the connection runs 41 m from the plot boundary to the carrier; G203-p17 sec 3.2 puts it in the public right-of-way - confirm one exists across that land before building
R00131,E0015473,50.61,448367.167,2567397.028,1,1.08,32.54,35.04,"G203-p18 note under Tab 4: 'If necessary, a manhole will be added'. These plots have no chamber inside the 45 m tertiary run of G203-p22 Tab 6 on ANY carrier within 47.5 m",the connection runs 35 m from the plot boundary to the carrier; G203-p17 sec 3.2 puts it in the public right-of-way - confirm one exists across that land before building
R00132,E0015542,23.28,449036.563,2565972.631,1,1.08,43.04,45.54,"G203-p18 note under Tab 4: 'If necessary, a manhole will be added'. These plots have no chamber inside the 45 m tertiary run of G203-p22 Tab 6 on ANY carrier within 47.5 m",the connection runs 46 m from the plot boundary to the carrier; G203-p17 sec 3.2 puts it in the public right-of-way - confirm one exists across that land before building
R00133,E0015578,40.04,443541.831,2565250.362,1,1.08,34.45,36.95,"G203-p18 note under Tab 4: 'If necessary, a manhole will be added'. These plots have no chamber inside the 45 m tertiary run of G203-p22 Tab 6 on ANY carrier within 47.5 m",the connection runs 37 m from the plot boundary to the carrier; G203-p17 sec 3.2 puts it in the public right-of-way - confirm one exists across that land before building
R00134,E0015683,21.31,451378.928,2565566.363,1,1.08,43.96,46.46,"G203-p18 note under Tab 4: 'If necessary, a manhole will be added'. These plots have no chamber inside the 45 m tertiary run of G203-p22 Tab 6 on ANY carrier within 47.5 m",the connection runs 46 m from the plot boundary to the carrier; G203-p17 sec 3.2 puts it in the public right-of-way - confirm one exists across that land before building
R00135,E0015685,12.79,451264.082,2565553.753,1,1.08,43.48,45.98,"G203-p18 note under Tab 4: 'If necessary, a manhole will be added'. These plots have no chamber inside the 45 m tertiary run of G203-p22 Tab 6 on ANY carrier within 47.5 m",the connection runs 46 m from the plot boundary to the carrier; G203-p17 sec 3.2 puts it in the public right-of-way - confirm one exists across that land before building
R00136,E0015838,22.69,461270.995,2580996.365,1,1.08,43.33,45.83,"G203-p18 note under Tab 4: 'If necessary, a manhole will be added'. These plots have no chamber inside the 45 m tertiary run of G203-p22 Tab 6 on ANY carrier within 47.5 m",the connection runs 46 m from the plot boundary to the carrier; G203-p17 sec 3.2 puts it in the public right-of-way - confirm one exists across that land before building
R00137,E0015880,17.89,448585.421,2566041.422,1,1.08,41.06,43.56,"G203-p18 note under Tab 4: 'If necessary, a manhole will be added'. These plots have no chamber inside the 45 m tertiary run of G203-p22 Tab 6 on ANY carrier within 47.5 m",the connection runs 44 m from the plot boundary to the carrier; G203-p17 sec 3.2 puts it in the public right-of-way - confirm one exists across that land before building
R00138,E0015894,25.43,448203.576,2565875.25,1,1.08,43.12,45.62,"G203-p18 note under Tab 4: 'If necessary, a manhole will be added'. These plots have no chamber inside the 45 m tertiary run of G203-p22 Tab 6 on ANY carrier within 47.5 m",the connection runs 46 m from the plot boundary to the carrier; G203-p17 sec 3.2 puts it in the public right-of-way - confirm one exists across that land before building
R00139,E0015894,50.43,448227.419,2565867.732,1,1.08,43.07,45.57,"G203-p18 note under Tab 4: 'If necessary, a manhole will be added'. These plots have no chamber inside the 45 m tertiary run of G203-p22 Tab 6 on ANY carrier within 47.5 m",the connection runs 46 m from the plot boundary to the carrier; G203-p17 sec 3.2 puts it in the public right-of-way - confirm one exists across that land before building
R00140,E0015984,38.1,448701.104,2566500.053,1,1.08,43.98,46.48,"G203-p18 note under Tab 4: 'If necessary, a manhole will be added'. These plots have no chamber inside the 45 m tertiary run of G203-p22 Tab 6 on ANY carrier within 47.5 m",the connection runs 46 m from the plot boundary to the carrier; G203-p17 sec 3.2 puts it in the public right-of-way - confirm one exists across that land before building
R00141,E0015991,38.73,448731.549,2566024.42,2,2.16,31.79,21.79,"G203-p18 note under Tab 4: 'If necessary, a manhole will be added'. These plots have no chamber inside the 45 m tertiary run of G203-p22 Tab 6 on ANY carrier within 47.5 m",the connection runs 22 m from the plot boundary to the carrier; G203-p17 sec 3.2 puts it in the public right-of-way - confirm one exists across that land before building
R00142,E0016250,3.9,461568.436,2580821.561,1,1.08,44.89,47.39,"G203-p18 note under Tab 4: 'If necessary, a manhole will be added'. These plots have no chamber inside the 45 m tertiary run of G203-p22 Tab 6 on ANY carrier within 47.5 m",the connection runs 47 m from the plot boundary to the carrier; G203-p17 sec 3.2 puts it in the public right-of-way - confirm one exists across that land before building
R00143,E0016276,17.63,461057.49,2580577.219,1,1.08,42.78,45.28,"G203-p18 note under Tab 4: 'If necessary, a manhole will be added'. These plots have no chamber inside the 45 m tertiary run of G203-p22 Tab 6 on ANY carrier within 47.5 m",the connection runs 45 m from the plot boundary to the carrier; G203-p17 sec 3.2 puts it in the public right-of-way - confirm one exists across that land before building
R00144,E0016286,12.98,448702.705,2567525.496,1,1.08,41.8,44.3,"G203-p18 note under Tab 4: 'If necessary, a manhole will be added'. These plots have no chamber inside the 45 m tertiary run of G203-p22 Tab 6 on ANY carrier within 47.5 m",the connection runs 44 m from the plot boundary to the carrier; G203-p17 sec 3.2 puts it in the public right-of-way - confirm one exists across that land before building
R00145,E0016313,2.62,441720.125,2565040.706,1,0.742,44.37,46.87,"G203-p18 note under Tab 4: 'If necessary, a manhole will be added'. These plots have no chamber inside the 45 m tertiary run of G203-p22 Tab 6 on ANY carrier within 47.5 m",the connection runs 47 m from the plot boundary to the carrier; G203-p17 sec 3.2 puts it in the public right-of-way - confirm one exists across that land before building
R00146,E0016358,13.1,461460.165,2581062.301,1,1.08,44.34,46.84,"G203-p18 note under Tab 4: 'If necessary, a manhole will be added'. These plots have no chamber inside the 45 m tertiary run of G203-p22 Tab 6 on ANY carrier within 47.5 m",the connection runs 47 m from the plot boundary to the carrier; G203-p17 sec 3.2 puts it in the public right-of-way - confirm one exists across that land before building
R00147,E0016406,16.33,461554.716,2580609.623,1,1.08,44.57,47.07,"G203-p18 note under Tab 4: 'If necessary, a manhole will be added'. These plots have no chamber inside the 45 m tertiary run of G203-p22 Tab 6 on ANY carrier within 47.5 m",the connection runs 47 m from the plot boundary to the carrier; G203-p17 sec 3.2 puts it in the public right-of-way - confirm one exists across that land before building
R00148,E0016820,18.75,461931.089,2581061.825,1,1.08,43.74,46.24,"G203-p18 note under Tab 4: 'If necessary, a manhole will be added'. These plots have no chamber inside the 45 m tertiary run of G203-p22 Tab 6 on ANY carrier within 47.5 m",the connection runs 46 m from the plot boundary to the carrier; G203-p17 sec 3.2 puts it in the public right-of-way - confirm one exists across that land before building
R00149,E0016820,38.75,461917.99,2581046.711,1,1.08,43.76,46.26,"G203-p18 note under Tab 4: 'If necessary, a manhole will be added'. These plots have no chamber inside the 45 m tertiary run of G203-p22 Tab 6 on ANY carrier within 47.5 m",the connection runs 46 m from the plot boundary to the carrier; G203-p17 sec 3.2 puts it in the public right-of-way - confirm one exists across that land before building
R00150,E0017277,18.36,451155.177,2567264.242,1,1.08,37.88,40.38,"G203-p18 note under Tab 4: 'If necessary, a manhole will be added'. These plots have no chamber inside the 45 m tertiary run of G203-p22 Tab 6 on ANY carrier within 47.5 m",the connection runs 40 m from the plot boundary to the carrier; G203-p17 sec 3.2 puts it in the public right-of-way - confirm one exists across that land before building
R00151,E0017286,27.49,451113.686,2567375.68,1,1.08,41.33,43.83,"G203-p18 note under Tab 4: 'If necessary, a manhole will be added'. These plots have no chamber inside the 45 m tertiary run of G203-p22 Tab 6 on ANY carrier within 47.5 m",the connection runs 44 m from the plot boundary to the carrier; G203-p17 sec 3.2 puts it in the public right-of-way - confirm one exists across that land before building
R00152,E0017373,14.62,449840.886,2569264.532,1,1.08,39.59,42.09,"G203-p18 note under Tab 4: 'If necessary, a manhole will be added'. These plots have no chamber inside the 45 m tertiary run of G203-p22 Tab 6 on ANY carrier within 47.5 m",the connection runs 42 m from the plot boundary to the carrier; G203-p17 sec 3.2 puts it in the public right-of-way - confirm one exists across that land before building
R00153,E0017560,5.16,449417.859,2569543.299,1,1.08,44.94,47.44,"G203-p18 note under Tab 4: 'If necessary, a manhole will be added'. These plots have no chamber inside the 45 m tertiary run of G203-p22 Tab 6 on ANY carrier within 47.5 m",the connection runs 47 m from the plot boundary to the carrier; G203-p17 sec 3.2 puts it in the public right-of-way - confirm one exists across that land before building
R00154,E0017654,26.86,449396.934,2569822.078,1,1.643,42.72,45.22,"G203-p18 note under Tab 4: 'If necessary, a manhole will be added'. These plots have no chamber inside the 45 m tertiary run of G203-p22 Tab 6 on ANY carrier within 47.5 m",the connection runs 45 m from the plot boundary to the carrier; G203-p17 sec 3.2 puts it in the public right-of-way - confirm one exists across that land before building
R00155,E0017783,87.89,449774.57,2570141.026,1,1.08,44.24,46.74,"G203-p18 note under Tab 4: 'If necessary, a manhole will be added'. These plots have no chamber inside the 45 m tertiary run of G203-p22 Tab 6 on ANY carrier within 47.5 m",the connection runs 47 m from the plot boundary to the carrier; G203-p17 sec 3.2 puts it in the public right-of-way - confirm one exists across that land before building
R00156,E0017965,8.2,451155.629,2570417.107,1,1.08,39.94,42.44,"G203-p18 note under Tab 4: 'If necessary, a manhole will be added'. These plots have no chamber inside the 45 m tertiary run of G203-p22 Tab 6 on ANY carrier within 47.5 m",the connection runs 42 m from the plot boundary to the carrier; G203-p17 sec 3.2 puts it in the public right-of-way - confirm one exists across that land before building
R00157,E0017965,48.7,451122.064,2570439.773,1,1.08,39.94,42.44,"G203-p18 note under Tab 4: 'If necessary, a manhole will be added'. These plots have no chamber inside the 45 m tertiary run of G203-p22 Tab 6 on ANY carrier within 47.5 m",the connection runs 42 m from the plot boundary to the carrier; G203-p17 sec 3.2 puts it in the public right-of-way - confirm one exists across that land before building
R00158,E0018075,53.02,451846.395,2566694.188,1,1.08,32.45,34.95,"G203-p18 note under Tab 4: 'If necessary, a manhole will be added'. These plots have no chamber inside the 45 m tertiary run of G203-p22 Tab 6 on ANY carrier within 47.5 m",the connection runs 35 m from the plot boundary to the carrier; G203-p17 sec 3.2 puts it in the public right-of-way - confirm one exists across that land before building
R00159,E0018209,33.77,449134.838,2569062.712,1,0.742,44.18,46.68,"G203-p18 note under Tab 4: 'If necessary, a manhole will be added'. These plots have no chamber inside the 45 m tertiary run of G203-p22 Tab 6 on ANY carrier within 47.5 m",the connection runs 47 m from the plot boundary to the carrier; G203-p17 sec 3.2 puts it in the public right-of-way - confirm one exists across that land before building
R00160,E0018334,7.2,450716.466,2570062.712,2,1.821,41.51,33.26,"G203-p18 note under Tab 4: 'If necessary, a manhole will be added'. These plots have no chamber inside the 45 m tertiary run of G203-p22 Tab 6 on ANY carrier within 47.5 m",the connection runs 33 m from the plot boundary to the carrier; G203-p17 sec 3.2 puts it in the public right-of-way - confirm one exists across that land before building
R00161,E0018552,16.71,450972.666,2568949.916,1,1.08,44.97,47.47,"G203-p18 note under Tab 4: 'If necessary, a manhole will be added'. These plots have no chamber inside the 45 m tertiary run of G203-p22 Tab 6 on ANY carrier within 47.5 m",the connection runs 47 m from the plot boundary to the carrier; G203-p17 sec 3.2 puts it in the public right-of-way - confirm one exists across that land before building
R00162,E0018593,16.56,449010.028,2568741.416,1,0.742,30.61,33.11,"G203-p18 note under Tab 4: 'If necessary, a manhole will be added'. These plots have no chamber inside the 45 m tertiary run of G203-p22 Tab 6 on ANY carrier within 47.5 m",the connection runs 33 m from the plot boundary to the carrier; G203-p17 sec 3.2 puts it in the public right-of-way - confirm one exists across that land before building
R00163,E0018647,33.16,451102.866,2569981.24,1,1.08,43.56,46.06,"G203-p18 note under Tab 4: 'If necessary, a manhole will be added'. These plots have no chamber inside the 45 m tertiary run of G203-p22 Tab 6 on ANY carrier within 47.5 m",the connection runs 46 m from the plot boundary to the carrier; G203-p17 sec 3.2 puts it in the public right-of-way - confirm one exists across that land before building
R00164,E0018869,34.6,450777.501,2568744.942,1,1.08,44.93,47.43,"G203-p18 note under Tab 4: 'If necessary, a manhole will be added'. These plots have no chamber inside the 45 m tertiary run of G203-p22 Tab 6 on ANY carrier within 47.5 m",the connection runs 47 m from the plot boundary to the carrier; G203-p17 sec 3.2 puts it in the public right-of-way - confirm one exists across that land before building
R00165,E0018870,34.69,450707.415,2568745.221,1,1.08,43.6,46.1,"G203-p18 note under Tab 4: 'If necessary, a manhole will be added'. These plots have no chamber inside the 45 m tertiary run of G203-p22 Tab 6 on ANY carrier within 47.5 m",the connection runs 46 m from the plot boundary to the carrier; G203-p17 sec 3.2 puts it in the public right-of-way - confirm one exists across that land before building
R00166,E0018888,19.66,451043.455,2569244.511,1,0.742,36.35,38.85,"G203-p18 note under Tab 4: 'If necessary, a manhole will be added'. These plots have no chamber inside the 45 m tertiary run of G203-p22 Tab 6 on ANY carrier within 47.5 m",the connection runs 39 m from the plot boundary to the carrier; G203-p17 sec 3.2 puts it in the public right-of-way - confirm one exists across that land before building
R00167,E0018888,40.76,451022.355,2569244.658,1,1.08,40.73,43.23,"G203-p18 note under Tab 4: 'If necessary, a manhole will be added'. These plots have no chamber inside the 45 m tertiary run of G203-p22 Tab 6 on ANY carrier within 47.5 m",the connection runs 43 m from the plot boundary to the carrier; G203-p17 sec 3.2 puts it in the public right-of-way - confirm one exists across that land before building
R00168,E0018889,34.15,450972.336,2569210.862,1,1.483,12.82,15.32,"G203-p18 note under Tab 4: 'If necessary, a manhole will be added'. These plots have no chamber inside the 45 m tertiary run of G203-p22 Tab 6 on ANY carrier within 47.5 m",the connection runs 15 m from the plot boundary to the carrier; G203-p17 sec 3.2 puts it in the public right-of-way - confirm one exists across that land before building
R00169,E0018896,20.98,451066.033,2569094.416,1,1.08,33.63,36.13,"G203-p18 note under Tab 4: 'If necessary, a manhole will be added'. These plots have no chamber inside the 45 m tertiary run of G203-p22 Tab 6 on ANY carrier within 47.5 m",the connection runs 36 m from the plot boundary to the carrier; G203-p17 sec 3.2 puts it in the public right-of-way - confirm one exists across that land before building
R00170,E0019129,10.92,448881.206,2568513.418,1,0.742,39.14,41.64,"G203-p18 note under Tab 4: 'If necessary, a manhole will be added'. These plots have no chamber inside the 45 m tertiary run of G203-p22 Tab 6 on ANY carrier within 47.5 m",the connection runs 42 m from the plot boundary to the carrier; G203-p17 sec 3.2 puts it in the public right-of-way - confirm one exists across that land before building
R00171,E0019129,37.04,448856.043,2568520.437,1,0.742,35.4,37.9,"G203-p18 note under Tab 4: 'If necessary, a manhole will be added'. These plots have no chamber inside the 45 m tertiary run of G203-p22 Tab 6 on ANY carrier within 47.5 m",the connection runs 38 m from the plot boundary to the carrier; G203-p17 sec 3.2 puts it in the public right-of-way - confirm one exists across that land before building
R00172,E0019233,43.24,453284.33,2566975.05,1,1.08,44.68,47.18,"G203-p18 note under Tab 4: 'If necessary, a manhole will be added'. These plots have no chamber inside the 45 m tertiary run of G203-p22 Tab 6 on ANY carrier within 47.5 m",the connection runs 47 m from the plot boundary to the carrier; G203-p17 sec 3.2 puts it in the public right-of-way - confirm one exists across that land before building
R00173,E0019236,15.01,453198.774,2566932.19,1,1.08,44.36,46.86,"G203-p18 note under Tab 4: 'If necessary, a manhole will be added'. These plots have no chamber inside the 45 m tertiary run of G203-p22 Tab 6 on ANY carrier within 47.5 m",the connection runs 47 m from the plot boundary to the carrier; G203-p17 sec 3.2 puts it in the public right-of-way - confirm one exists across that land before building
R00174,E0019386,42.84,450494.158,2569795.962,1,1.08,30.43,32.93,"G203-p18 note under Tab 4: 'If necessary, a manhole will be added'. These plots have no chamber inside the 45 m tertiary run of G203-p22 Tab 6 on ANY carrier within 47.5 m",the connection runs 33 m from the plot boundary to the carrier; G203-p17 sec 3.2 puts it in the public right-of-way - confirm one exists across that land before building
R00175,E0019483,58.79,452500.117,2567126.203,1,1.08,44.8,47.3,"G203-p18 note under Tab 4: 'If necessary, a manhole will be added'. These plots have no chamber inside the 45 m tertiary run of G203-p22 Tab 6 on ANY carrier within 47.5 m",the connection runs 47 m from the plot boundary to the carrier; G203-p17 sec 3.2 puts it in the public right-of-way - confirm one exists across that land before building
R00176,E0019485,27.73,452528.268,2567060.817,1,1.08,44.91,47.41,"G203-p18 note under Tab 4: 'If necessary, a manhole will be added'. These plots have no chamber inside the 45 m tertiary run of G203-p22 Tab 6 on ANY carrier within 47.5 m",the connection runs 47 m from the plot boundary to the carrier; G203-p17 sec 3.2 puts it in the public right-of-way - confirm one exists across that land before building
R00177,E0019530,26.73,450796.129,2569302.539,1,1.08,37.08,39.58,"G203-p18 note under Tab 4: 'If necessary, a manhole will be added'. These plots have no chamber inside the 45 m tertiary run of G203-p22 Tab 6 on ANY carrier within 47.5 m",the connection runs 40 m from the plot boundary to the carrier; G203-p17 sec 3.2 puts it in the public right-of-way - confirm one exists across that land before building
R00178,E0019538,10.39,451118.453,2569525.402,1,1.08,43.12,45.62,"G203-p18 note under Tab 4: 'If necessary, a manhole will be added'. These plots have no chamber inside the 45 m tertiary run of G203-p22 Tab 6 on ANY carrier within 47.5 m",the connection runs 46 m from the plot boundary to the carrier; G203-p17 sec 3.2 puts it in the public right-of-way - confirm one exists across that land before building
R00179,E0019538,30.38,451104.94,2569540.137,1,1.08,42.73,45.23,"G203-p18 note under Tab 4: 'If necessary, a manhole will be added'. These plots have no chamber inside the 45 m tertiary run of G203-p22 Tab 6 on ANY carrier within 47.5 m",the connection runs 45 m from the plot boundary to the carrier; G203-p17 sec 3.2 puts it in the public right-of-way - confirm one exists across that land before building
R00180,E0019612,6.56,451254.806,2568482.266,1,0.742,41.05,43.55,"G203-p18 note under Tab 4: 'If necessary, a manhole will be added'. These plots have no chamber inside the 45 m tertiary run of G203-p22 Tab 6 on ANY carrier within 47.5 m",the connection runs 44 m from the plot boundary to the carrier; G203-p17 sec 3.2 puts it in the public right-of-way - confirm one exists across that land before building
R00181,E0019660,26.25,454611.708,2567371.444,1,1.08,38.35,40.85,"G203-p18 note under Tab 4: 'If necessary, a manhole will be added'. These plots have no chamber inside the 45 m tertiary run of G203-p22 Tab 6 on ANY carrier within 47.5 m",the connection runs 41 m from the plot boundary to the carrier; G203-p17 sec 3.2 puts it in the public right-of-way - confirm one exists across that land before building
R00182,E0019670,53.83,452581.636,2567372.76,1,1.08,39.34,41.84,"G203-p18 note under Tab 4: 'If necessary, a manhole will be added'. These plots have no chamber inside the 45 m tertiary run of G203-p22 Tab 6 on ANY carrier within 47.5 m",the connection runs 42 m from the plot boundary to the carrier; G203-p17 sec 3.2 puts it in the public right-of-way - confirm one exists across that land before building
R00183,E0019777,32.9,448126.898,2569827.767,1,1.08,36.32,38.82,"G203-p18 note under Tab 4: 'If necessary, a manhole will be added'. These plots have no chamber inside the 45 m tertiary run of G203-p22 Tab 6 on ANY carrier within 47.5 m",the connection runs 39 m from the plot boundary to the carrier; G203-p17 sec 3.2 puts it in the public right-of-way - confirm one exists across that land before building
R00184,E0019853,20.77,453663.637,2567006.102,1,1.08,43.83,46.33,"G203-p18 note under Tab 4: 'If necessary, a manhole will be added'. These plots have no chamber inside the 45 m tertiary run of G203-p22 Tab 6 on ANY carrier within 47.5 m",the connection runs 46 m from the plot boundary to the carrier; G203-p17 sec 3.2 puts it in the public right-of-way - confirm one exists across that land before building
R00185,E0019904,14.85,452856.503,2567691.861,1,1.08,32.32,34.82,"G203-p18 note under Tab 4: 'If necessary, a manhole will be added'. These plots have no chamber inside the 45 m tertiary run of G203-p22 Tab 6 on ANY carrier within 47.5 m",the connection runs 35 m from the plot boundary to the carrier; G203-p17 sec 3.2 puts it in the public right-of-way - confirm one exists across that land before building
R00186,E0019989,45.99,448337.984,2568161.9,1,1.08,36.6,39.1,"G203-p18 note under Tab 4: 'If necessary, a manhole will be added'. These plots have no chamber inside the 45 m tertiary run of G203-p22 Tab 6 on ANY carrier within 47.5 m",the connection runs 39 m from the plot boundary to the carrier; G203-p17 sec 3.2 puts it in the public right-of-way - confirm one exists across that land before building
R00187,E0020042,36.98,454784.685,2567508.015,1,1.08,41.77,44.27,"G203-p18 note under Tab 4: 'If necessary, a manhole will be added'. These plots have no chamber inside the 45 m tertiary run of G203-p22 Tab 6 on ANY carrier within 47.5 m",the connection runs 44 m from the plot boundary to the carrier; G203-p17 sec 3.2 puts it in the public right-of-way - confirm one exists across that land before building
R00188,E0020050,25.58,453857.679,2567343.792,1,1.08,42.81,45.31,"G203-p18 note under Tab 4: 'If necessary, a manhole will be added'. These plots have no chamber inside the 45 m tertiary run of G203-p22 Tab 6 on ANY carrier within 47.5 m",the connection runs 45 m from the plot boundary to the carrier; G203-p17 sec 3.2 puts it in the public right-of-way - confirm one exists across that land before building
R00189,E0020051,46.77,453770.467,2567317.168,1,1.08,28.72,31.22,"G203-p18 note under Tab 4: 'If necessary, a manhole will be added'. These plots have no chamber inside the 45 m tertiary run of G203-p22 Tab 6 on ANY carrier within 47.5 m",the connection runs 31 m from the plot boundary to the carrier; G203-p17 sec 3.2 puts it in the public right-of-way - confirm one exists across that land before building
R00190,E0020067,11.6,453176.143,2567816.116,1,0.742,44.82,47.32,"G203-p18 note under Tab 4: 'If necessary, a manhole will be added'. These plots have no chamber inside the 45 m tertiary run of G203-p22 Tab 6 on ANY carrier within 47.5 m",the connection runs 47 m from the plot boundary to the carrier; G203-p17 sec 3.2 puts it in the public right-of-way - confirm one exists across that land before building
R00191,E0020184,42.49,448093.497,2568954.98,1,1.08,4.61,7.11,"G203-p18 note under Tab 4: 'If necessary, a manhole will be added'. These plots have no chamber inside the 45 m tertiary run of G203-p22 Tab 6 on ANY carrier within 47.5 m",the connection runs 7 m from the plot boundary to the carrier; G203-p17 sec 3.2 puts it in the public right-of-way - confirm one exists across that land before building
R00192,E0020203,48.35,455203.626,2567720.796,1,3.579,42.78,45.28,"G203-p18 note under Tab 4: 'If necessary, a manhole will be added'. These plots have no chamber inside the 45 m tertiary run of G203-p22 Tab 6 on ANY carrier within 47.5 m",the connection runs 45 m from the plot boundary to the carrier; G203-p17 sec 3.2 puts it in the public right-of-way - confirm one exists across that land before building
R00193,E0020343,18.87,448065.664,2569654.412,1,1.08,43.9,46.4,"G203-p18 note under Tab 4: 'If necessary, a manhole will be added'. These plots have no chamber inside the 45 m tertiary run of G203-p22 Tab 6 on ANY carrier within 47.5 m",the connection runs 46 m from the plot boundary to the carrier; G203-p17 sec 3.2 puts it in the public right-of-way - confirm one exists across that land before building
R00194,E0020410,42.43,455655.156,2568027.313,1,1.08,36.88,39.38,"G203-p18 note under Tab 4: 'If necessary, a manhole will be added'. These plots have no chamber inside the 45 m tertiary run of G203-p22 Tab 6 on ANY carrier within 47.5 m",the connection runs 39 m from the plot boundary to the carrier; G203-p17 sec 3.2 puts it in the public right-of-way - confirm one exists across that land before building
R00195,E0020500,14.31,453054.881,2568412.283,2,2.16,36.5,28.95,"G203-p18 note under Tab 4: 'If necessary, a manhole will be added'. These plots have no chamber inside the 45 m tertiary run of G203-p22 Tab 6 on ANY carrier within 47.5 m",the connection runs 29 m from the plot boundary to the carrier; G203-p17 sec 3.2 puts it in the public right-of-way - confirm one exists across that land before building
R00196,E0020542,54.92,454055.642,2567708.501,1,1.08,41.37,43.87,"G203-p18 note under Tab 4: 'If necessary, a manhole will be added'. These plots have no chamber inside the 45 m tertiary run of G203-p22 Tab 6 on ANY carrier within 47.5 m",the connection runs 44 m from the plot boundary to the carrier; G203-p17 sec 3.2 puts it in the public right-of-way - confirm one exists across that land before building
R00197,E0020543,59.92,454009.289,2567637.243,1,1.08,41.44,43.94,"G203-p18 note under Tab 4: 'If necessary, a manhole will be added'. These plots have no chamber inside the 45 m tertiary run of G203-p22 Tab 6 on ANY carrier within 47.5 m",the connection runs 44 m from the plot boundary to the carrier; G203-p17 sec 3.2 puts it in the public right-of-way - confirm one exists across that land before building
R00198,E0020663,43.55,452442.344,2572972.035,2,2.16,43.45,28.52,"G203-p18 note under Tab 4: 'If necessary, a manhole will be added'. These plots have no chamber inside the 45 m tertiary run of G203-p22 Tab 6 on ANY carrier within 47.5 m",the connection runs 29 m from the plot boundary to the carrier; G203-p17 sec 3.2 puts it in the public right-of-way - confirm one exists across that land before building
R00199,E0020663,74.72,452426.862,2572999.077,1,1.08,41.15,43.65,"G203-p18 note under Tab 4: 'If necessary, a manhole will be added'. These plots have no chamber inside the 45 m tertiary run of G203-p22 Tab 6 on ANY carrier within 47.5 m",the connection runs 44 m from the plot boundary to the carrier; G203-p17 sec 3.2 puts it in the public right-of-way - confirm one exists across that land before building
R00200,E0020723,40.9,453654.586,2567560.46,1,1.08,44.83,47.33,"G203-p18 note under Tab 4: 'If necessary, a manhole will be added'. These plots have no chamber inside the 45 m tertiary run of G203-p22 Tab 6 on ANY carrier within 47.5 m",the connection runs 47 m from the plot boundary to the carrier; G203-p17 sec 3.2 puts it in the public right-of-way - confirm one exists across that land before building
R00201,E0020742,52.57,453752.532,2567464.616,1,1.08,42.65,45.15,"G203-p18 note under Tab 4: 'If necessary, a manhole will be added'. These plots have no chamber inside the 45 m tertiary run of G203-p22 Tab 6 on ANY carrier within 47.5 m",the connection runs 45 m from the plot boundary to the carrier; G203-p17 sec 3.2 puts it in the public right-of-way - confirm one exists across that land before building
R00202,E0020751,16.61,453839.139,2567846.352,1,1.08,35.29,37.79,"G203-p18 note under Tab 4: 'If necessary, a manhole will be added'. These plots have no chamber inside the 45 m tertiary run of G203-p22 Tab 6 on ANY carrier within 47.5 m",the connection runs 38 m from the plot boundary to the carrier; G203-p17 sec 3.2 puts it in the public right-of-way - confirm one exists across that land before building
R00203,E0020756,39.43,453850.698,2568368.738,1,1.08,7.56,10.06,"G203-p18 note under Tab 4: 'If necessary, a manhole will be added'. These plots have no chamber inside the 45 m tertiary run of G203-p22 Tab 6 on ANY carrier within 47.5 m",the connection runs 10 m from the plot boundary to the carrier; G203-p17 sec 3.2 puts it in the public right-of-way - confirm one exists across that land before building
R00204,E0020834,15.43,448568.669,2567864.727,1,0.742,43.19,45.69,"G203-p18 note under Tab 4: 'If necessary, a manhole will be added'. These plots have no chamber inside the 45 m tertiary run of G203-p22 Tab 6 on ANY carrier within 47.5 m",the connection runs 46 m from the plot boundary to the carrier; G203-p17 sec 3.2 puts it in the public right-of-way - confirm one exists across that land before building
R00205,E0020844,15.56,452543.93,2573088.282,1,1.08,38.02,40.52,"G203-p18 note under Tab 4: 'If necessary, a manhole will be added'. These plots have no chamber inside the 45 m tertiary run of G203-p22 Tab 6 on ANY carrier within 47.5 m",the connection runs 41 m from the plot boundary to the carrier; G203-p17 sec 3.2 puts it in the public right-of-way - confirm one exists across that land before building
R00206,E0020895,41.91,454776.426,2568233.798,1,1.08,44.28,46.78,"G203-p18 note under Tab 4: 'If necessary, a manhole will be added'. These plots have no chamber inside the 45 m tertiary run of G203-p22 Tab 6 on ANY carrier within 47.5 m",the connection runs 47 m from the plot boundary to the carrier; G203-p17 sec 3.2 puts it in the public right-of-way - confirm one exists across that land before building
R00207,E0020936,16.96,453912.199,2568298.151,1,1.08,35.34,37.84,"G203-p18 note under Tab 4: 'If necessary, a manhole will be added'. These plots have no chamber inside the 45 m tertiary run of G203-p22 Tab 6 on ANY carrier within 47.5 m",the connection runs 38 m from the plot boundary to the carrier; G203-p17 sec 3.2 puts it in the public right-of-way - confirm one exists across that land before building
R00208,E0021086,9.9,454990.192,2568332.582,1,1.08,44.08,46.58,"G203-p18 note under Tab 4: 'If necessary, a manhole will be added'. These plots have no chamber inside the 45 m tertiary run of G203-p22 Tab 6 on ANY carrier within 47.5 m",the connection runs 47 m from the plot boundary to the carrier; G203-p17 sec 3.2 puts it in the public right-of-way - confirm one exists across that land before building
R00209,E0021121,38.08,454819.62,2568416.344,1,1.08,12.26,14.76,"G203-p18 note under Tab 4: 'If necessary, a manhole will be added'. These plots have no chamber inside the 45 m tertiary run of G203-p22 Tab 6 on ANY carrier within 47.5 m",the connection runs 15 m from the plot boundary to the carrier; G203-p17 sec 3.2 puts it in the public right-of-way - confirm one exists across that land before building
R00210,E0021164,36.34,452741.317,2572072.171,1,1.08,44.74,47.24,"G203-p18 note under Tab 4: 'If necessary, a manhole will be added'. These plots have no chamber inside the 45 m tertiary run of G203-p22 Tab 6 on ANY carrier within 47.5 m",the connection runs 47 m from the plot boundary to the carrier; G203-p17 sec 3.2 puts it in the public right-of-way - confirm one exists across that land before building
R00211,E0021174,13.6,453195.134,2568632.732,1,1.08,34.79,37.29,"G203-p18 note under Tab 4: 'If necessary, a manhole will be added'. These plots have no chamber inside the 45 m tertiary run of G203-p22 Tab 6 on ANY carrier within 47.5 m",the connection runs 37 m from the plot boundary to the carrier; G203-p17 sec 3.2 puts it in the public right-of-way - confirm one exists across that land before building
R00212,E0021176,36.83,453196.605,2568493.55,1,1.08,43.3,45.8,"G203-p18 note under Tab 4: 'If necessary, a manhole will be added'. These plots have no chamber inside the 45 m tertiary run of G203-p22 Tab 6 on ANY carrier within 47.5 m",the connection runs 46 m from the plot boundary to the carrier; G203-p17 sec 3.2 puts it in the public right-of-way - confirm one exists across that land before building
R00213,E0021295,22.75,452507.73,2572099.363,1,1.08,42.85,45.35,"G203-p18 note under Tab 4: 'If necessary, a manhole will be added'. These plots have no chamber inside the 45 m tertiary run of G203-p22 Tab 6 on ANY carrier within 47.5 m",the connection runs 45 m from the plot boundary to the carrier; G203-p17 sec 3.2 puts it in the public right-of-way - confirm one exists across that land before building
R00214,E0021311,53.85,453269.13,2568773.577,1,1.08,40.41,42.91,"G203-p18 note under Tab 4: 'If necessary, a manhole will be added'. These plots have no chamber inside the 45 m tertiary run of G203-p22 Tab 6 on ANY carrier within 47.5 m",the connection runs 43 m from the plot boundary to the carrier; G203-p17 sec 3.2 puts it in the public right-of-way - confirm one exists across that land before building
R00215,E0021320,22.43,452844.595,2571849.961,1,1.08,40.42,42.92,"G203-p18 note under Tab 4: 'If necessary, a manhole will be added'. These plots have no chamber inside the 45 m tertiary run of G203-p22 Tab 6 on ANY carrier within 47.5 m",the connection runs 43 m from the plot boundary to the carrier; G203-p17 sec 3.2 puts it in the public right-of-way - confirm one exists across that land before building
R00216,E0021712,43.39,452611.936,2573588.287,1,1.08,44.97,47.47,"G203-p18 note under Tab 4: 'If necessary, a manhole will be added'. These plots have no chamber inside the 45 m tertiary run of G203-p22 Tab 6 on ANY carrier within 47.5 m",the connection runs 47 m from the plot boundary to the carrier; G203-p17 sec 3.2 puts it in the public right-of-way - confirm one exists across that land before building
R00217,E0021723,20.83,456308.649,2568594.352,1,1.08,43.95,46.45,"G203-p18 note under Tab 4: 'If necessary, a manhole will be added'. These plots have no chamber inside the 45 m tertiary run of G203-p22 Tab 6 on ANY carrier within 47.5 m",the connection runs 46 m from the plot boundary to the carrier; G203-p17 sec 3.2 puts it in the public right-of-way - confirm one exists across that land before building
R00218,E0021723,40.83,456327.115,2568602.031,1,1.08,44.13,46.63,"G203-p18 note under Tab 4: 'If necessary, a manhole will be added'. These plots have no chamber inside the 45 m tertiary run of G203-p22 Tab 6 on ANY carrier within 47.5 m",the connection runs 47 m from the plot boundary to the carrier; G203-p17 sec 3.2 puts it in the public right-of-way - confirm one exists across that land before building
R00219,E0021724,15.83,456368.664,2568619.308,1,3.579,44.54,47.04,"G203-p18 note under Tab 4: 'If necessary, a manhole will be added'. These plots have no chamber inside the 45 m tertiary run of G203-p22 Tab 6 on ANY carrier within 47.5 m",the connection runs 47 m from the plot boundary to the carrier; G203-p17 sec 3.2 puts it in the public right-of-way - confirm one exists across that land before building
R00220,E0021724,35.83,456387.13,2568626.986,1,3.579,44.73,47.23,"G203-p18 note under Tab 4: 'If necessary, a manhole will be added'. These plots have no chamber inside the 45 m tertiary run of G203-p22 Tab 6 on ANY carrier within 47.5 m",the connection runs 47 m from the plot boundary to the carrier; G203-p17 sec 3.2 puts it in the public right-of-way - confirm one exists across that land before building
R00221,E0021735,42.55,455076.749,2568521.249,1,1.08,28.1,30.6,"G203-p18 note under Tab 4: 'If necessary, a manhole will be added'. These plots have no chamber inside the 45 m tertiary run of G203-p22 Tab 6 on ANY carrier within 47.5 m",the connection runs 31 m from the plot boundary to the carrier; G203-p17 sec 3.2 puts it in the public right-of-way - confirm one exists across that land before building
R00222,E0021891,45.81,450816.159,2574771.252,1,1.08,43.96,46.46,"G203-p18 note under Tab 4: 'If necessary, a manhole will be added'. These plots have no chamber inside the 45 m tertiary run of G203-p22 Tab 6 on ANY carrier within 47.5 m",the connection runs 46 m from the plot boundary to the carrier; G203-p17 sec 3.2 puts it in the public right-of-way - confirm one exists across that land before building
R00223,E0021892,23.92,450786.221,2574747.672,1,1.08,41.67,44.17,"G203-p18 note under Tab 4: 'If necessary, a manhole will be added'. These plots have no chamber inside the 45 m tertiary run of G203-p22 Tab 6 on ANY carrier within 47.5 m",the connection runs 44 m from the plot boundary to the carrier; G203-p17 sec 3.2 puts it in the public right-of-way - confirm one exists across that land before building
R00224,E0021893,25.34,450762.461,2574729.747,1,1.08,43.49,45.99,"G203-p18 note under Tab 4: 'If necessary, a manhole will be added'. These plots have no chamber inside the 45 m tertiary run of G203-p22 Tab 6 on ANY carrier within 47.5 m",the connection runs 46 m from the plot boundary to the carrier; G203-p17 sec 3.2 puts it in the public right-of-way - confirm one exists across that land before building
R00225,E0021893,44.65,450746.999,2574718.17,1,1.08,41.36,43.86,"G203-p18 note under Tab 4: 'If necessary, a manhole will be added'. These plots have no chamber inside the 45 m tertiary run of G203-p22 Tab 6 on ANY carrier within 47.5 m",the connection runs 44 m from the plot boundary to the carrier; G203-p17 sec 3.2 puts it in the public right-of-way - confirm one exists across that land before building
R00226,E0021893,71.34,450725.64,2574702.178,1,1.08,43.88,46.38,"G203-p18 note under Tab 4: 'If necessary, a manhole will be added'. These plots have no chamber inside the 45 m tertiary run of G203-p22 Tab 6 on ANY carrier within 47.5 m",the connection runs 46 m from the plot boundary to the carrier; G203-p17 sec 3.2 puts it in the public right-of-way - confirm one exists across that land before building
R00227,E0021895,46.76,450649.013,2574642.589,1,1.08,42.93,45.43,"G203-p18 note under Tab 4: 'If necessary, a manhole will be added'. These plots have no chamber inside the 45 m tertiary run of G203-p22 Tab 6 on ANY carrier within 47.5 m",the connection runs 45 m from the plot boundary to the carrier; G203-p17 sec 3.2 puts it in the public right-of-way - confirm one exists across that land before building
R00228,E0021897,14.48,450548.314,2574564.028,1,1.08,43.53,46.03,"G203-p18 note under Tab 4: 'If necessary, a manhole will be added'. These plots have no chamber inside the 45 m tertiary run of G203-p22 Tab 6 on ANY carrier within 47.5 m",the connection runs 46 m from the plot boundary to the carrier; G203-p17 sec 3.2 puts it in the public right-of-way - confirm one exists across that land before building
R00229,E0021898,23.47,450493.915,2574521.588,1,1.08,44.31,46.81,"G203-p18 note under Tab 4: 'If necessary, a manhole will be added'. These plots have no chamber inside the 45 m tertiary run of G203-p22 Tab 6 on ANY carrier within 47.5 m",the connection runs 47 m from the plot boundary to the carrier; G203-p17 sec 3.2 puts it in the public right-of-way - confirm one exists across that land before building
R00230,E0021899,14.47,450453.707,2574490.219,1,1.08,44.89,47.39,"G203-p18 note under Tab 4: 'If necessary, a manhole will be added'. These plots have no chamber inside the 45 m tertiary run of G203-p22 Tab 6 on ANY carrier within 47.5 m",the connection runs 47 m from the plot boundary to the carrier; G203-p17 sec 3.2 puts it in the public right-of-way - confirm one exists across that land before building
R00231,E0021933,20.36,448254.676,2567807.243,1,1.08,32.1,34.6,"G203-p18 note under Tab 4: 'If necessary, a manhole will be added'. These plots have no chamber inside the 45 m tertiary run of G203-p22 Tab 6 on ANY carrier within 47.5 m",the connection runs 35 m from the plot boundary to the carrier; G203-p17 sec 3.2 puts it in the public right-of-way - confirm one exists across that land before building
R00232,E0021946,27.96,447973.313,2568013.479,1,1.08,44.14,46.64,"G203-p18 note under Tab 4: 'If necessary, a manhole will be added'. These plots have no chamber inside the 45 m tertiary run of G203-p22 Tab 6 on ANY carrier within 47.5 m",the connection runs 47 m from the plot boundary to the carrier; G203-p17 sec 3.2 puts it in the public right-of-way - confirm one exists across that land before building
R00233,E0022016,39.04,455248.282,2568514.911,1,1.08,42.77,45.27,"G203-p18 note under Tab 4: 'If necessary, a manhole will be added'. These plots have no chamber inside the 45 m tertiary run of G203-p22 Tab 6 on ANY carrier within 47.5 m",the connection runs 45 m from the plot boundary to the carrier; G203-p17 sec 3.2 puts it in the public right-of-way - confirm one exists across that land before building
R00234,E0022016,62.88,455266.798,2568499.89,1,1.08,42.65,45.15,"G203-p18 note under Tab 4: 'If necessary, a manhole will be added'. These plots have no chamber inside the 45 m tertiary run of G203-p22 Tab 6 on ANY carrier within 47.5 m",the connection runs 45 m from the plot boundary to the carrier; G203-p17 sec 3.2 puts it in the public right-of-way - confirm one exists across that land before building
R00235,E0022197,26.89,449509.404,2571204.882,1,1.643,44.85,47.35,"G203-p18 note under Tab 4: 'If necessary, a manhole will be added'. These plots have no chamber inside the 45 m tertiary run of G203-p22 Tab 6 on ANY carrier within 47.5 m",the connection runs 47 m from the plot boundary to the carrier; G203-p17 sec 3.2 puts it in the public right-of-way - confirm one exists across that land before building
R00236,E0022214,17.52,449645.499,2571849.988,1,1.08,43.65,46.15,"G203-p18 note under Tab 4: 'If necessary, a manhole will be added'. These plots have no chamber inside the 45 m tertiary run of G203-p22 Tab 6 on ANY carrier within 47.5 m",the connection runs 46 m from the plot boundary to the carrier; G203-p17 sec 3.2 puts it in the public right-of-way - confirm one exists across that land before building
R00237,E0022214,47.52,449643.758,2571820.041,1,1.08,44.14,46.64,"G203-p18 note under Tab 4: 'If necessary, a manhole will be added'. These plots have no chamber inside the 45 m tertiary run of G203-p22 Tab 6 on ANY carrier within 47.5 m",the connection runs 47 m from the plot boundary to the carrier; G203-p17 sec 3.2 puts it in the public right-of-way - confirm one exists across that land before building
R00238,E0022397,15.42,456047.834,2568793.481,1,1.08,42.5,45.0,"G203-p18 note under Tab 4: 'If necessary, a manhole will be added'. These plots have no chamber inside the 45 m tertiary run of G203-p22 Tab 6 on ANY carrier within 47.5 m",the connection runs 45 m from the plot boundary to the carrier; G203-p17 sec 3.2 puts it in the public right-of-way - confirm one exists across that land before building
R00239,E0022398,22.75,455971.201,2568783.106,1,1.08,42.61,45.11,"G203-p18 note under Tab 4: 'If necessary, a manhole will be added'. These plots have no chamber inside the 45 m tertiary run of G203-p22 Tab 6 on ANY carrier within 47.5 m",the connection runs 45 m from the plot boundary to the carrier; G203-p17 sec 3.2 puts it in the public right-of-way - confirm one exists across that land before building
R00240,E0022459,31.8,454599.497,2569029.003,1,1.08,44.23,46.73,"G203-p18 note under Tab 4: 'If necessary, a manhole will be added'. These plots have no chamber inside the 45 m tertiary run of G203-p22 Tab 6 on ANY carrier within 47.5 m",the connection runs 47 m from the plot boundary to the carrier; G203-p17 sec 3.2 puts it in the public right-of-way - confirm one exists across that land before building
R00241,E0022504,26.12,454099.167,2569103.097,1,3.579,39.31,41.81,"G203-p18 note under Tab 4: 'If necessary, a manhole will be added'. These plots have no chamber inside the 45 m tertiary run of G203-p22 Tab 6 on ANY carrier within 47.5 m",the connection runs 42 m from the plot boundary to the carrier; G203-p17 sec 3.2 puts it in the public right-of-way - confirm one exists across that land before building
R00242,E0022504,41.87,454090.723,2569089.801,1,3.579,39.31,41.81,"G203-p18 note under Tab 4: 'If necessary, a manhole will be added'. These plots have no chamber inside the 45 m tertiary run of G203-p22 Tab 6 on ANY carrier within 47.5 m",the connection runs 42 m from the plot boundary to the carrier; G203-p17 sec 3.2 puts it in the public right-of-way - confirm one exists across that land before building
R00243,E0022672,42.89,447673.206,2567803.364,1,1.08,4.58,7.08,"G203-p18 note under Tab 4: 'If necessary, a manhole will be added'. These plots have no chamber inside the 45 m tertiary run of G203-p22 Tab 6 on ANY carrier within 47.5 m",the connection runs 7 m from the plot boundary to the carrier; G203-p17 sec 3.2 puts it in the public right-of-way - confirm one exists across that land before building
R00244,E0022714,18.38,459221.28,2568304.758,1,1.08,38.59,41.09,"G203-p18 note under Tab 4: 'If necessary, a manhole will be added'. These plots have no chamber inside the 45 m tertiary run of G203-p22 Tab 6 on ANY carrier within 47.5 m",the connection runs 41 m from the plot boundary to the carrier; G203-p17 sec 3.2 puts it in the public right-of-way - confirm one exists across that land before building
R00245,E0022748,11.74,456139.079,2568515.675,1,3.579,44.87,47.37,"G203-p18 note under Tab 4: 'If necessary, a manhole will be added'. These plots have no chamber inside the 45 m tertiary run of G203-p22 Tab 6 on ANY carrier within 47.5 m",the connection runs 47 m from the plot boundary to the carrier; G203-p17 sec 3.2 puts it in the public right-of-way - confirm one exists across that land before building
R00246,E0022748,18.99,456145.532,2568518.973,1,1.08,44.61,47.11,"G203-p18 note under Tab 4: 'If necessary, a manhole will be added'. These plots have no chamber inside the 45 m tertiary run of G203-p22 Tab 6 on ANY carrier within 47.5 m",the connection runs 47 m from the plot boundary to the carrier; G203-p17 sec 3.2 puts it in the public right-of-way - confirm one exists across that land before building
R00247,E0022751,23.2,453170.114,2572231.704,1,1.08,44.54,47.04,"G203-p18 note under Tab 4: 'If necessary, a manhole will be added'. These plots have no chamber inside the 45 m tertiary run of G203-p22 Tab 6 on ANY carrier within 47.5 m",the connection runs 47 m from the plot boundary to the carrier; G203-p17 sec 3.2 puts it in the public right-of-way - confirm one exists across that land before building
R00248,E0022752,3.2,453176.887,2572271.125,1,1.08,44.96,47.46,"G203-p18 note under Tab 4: 'If necessary, a manhole will be added'. These plots have no chamber inside the 45 m tertiary run of G203-p22 Tab 6 on ANY carrier within 47.5 m",the connection runs 47 m from the plot boundary to the carrier; G203-p17 sec 3.2 puts it in the public right-of-way - confirm one exists across that land before building
R00249,E0022823,21.78,455252.969,2568874.207,1,1.08,40.01,42.51,"G203-p18 note under Tab 4: 'If necessary, a manhole will be added'. These plots have no chamber inside the 45 m tertiary run of G203-p22 Tab 6 on ANY carrier within 47.5 m",the connection runs 43 m from the plot boundary to the carrier; G203-p17 sec 3.2 puts it in the public right-of-way - confirm one exists across that land before building
R00250,E0022839,28.9,452554.808,2574183.824,1,1.08,44.47,46.97,"G203-p18 note under Tab 4: 'If necessary, a manhole will be added'. These plots have no chamber inside the 45 m tertiary run of G203-p22 Tab 6 on ANY carrier within 47.5 m",the connection runs 47 m from the plot boundary to the carrier; G203-p17 sec 3.2 puts it in the public right-of-way - confirm one exists across that land before building
R00251,E0022845,9.7,454523.545,2569065.905,1,1.08,41.87,44.37,"G203-p18 note under Tab 4: 'If necessary, a manhole will be added'. These plots have no chamber inside the 45 m tertiary run of G203-p22 Tab 6 on ANY carrier within 47.5 m",the connection runs 44 m from the plot boundary to the carrier; G203-p17 sec 3.2 puts it in the public right-of-way - confirm one exists across that land before building
R00252,E0022846,37.83,454279.099,2569184.702,1,1.08,43.16,45.66,"G203-p18 note under Tab 4: 'If necessary, a manhole will be added'. These plots have no chamber inside the 45 m tertiary run of G203-p22 Tab 6 on ANY carrier within 47.5 m",the connection runs 46 m from the plot boundary to the carrier; G203-p17 sec 3.2 puts it in the public right-of-way - confirm one exists across that land before building
R00253,E0022848,35.13,454361.169,2569079.792,1,1.08,42.46,44.96,"G203-p18 note under Tab 4: 'If necessary, a manhole will be added'. These plots have no chamber inside the 45 m tertiary run of G203-p22 Tab 6 on ANY carrier within 47.5 m",the connection runs 45 m from the plot boundary to the carrier; G203-p17 sec 3.2 puts it in the public right-of-way - confirm one exists across that land before building
R00254,E0022854,67.08,454402.33,2569255.701,2,2.16,43.1,28.18,"G203-p18 note under Tab 4: 'If necessary, a manhole will be added'. These plots have no chamber inside the 45 m tertiary run of G203-p22 Tab 6 on ANY carrier within 47.5 m",the connection runs 28 m from the plot boundary to the carrier; G203-p17 sec 3.2 puts it in the public right-of-way - confirm one exists across that land before building
R00255,E0022855,37.08,454452.764,2569223.198,1,1.08,42.7,45.2,"G203-p18 note under Tab 4: 'If necessary, a manhole will be added'. These plots have no chamber inside the 45 m tertiary run of G203-p22 Tab 6 on ANY carrier within 47.5 m",the connection runs 45 m from the plot boundary to the carrier; G203-p17 sec 3.2 puts it in the public right-of-way - confirm one exists across that land before building
R00256,E0022855,57.08,454469.575,2569212.364,1,1.08,42.56,45.06,"G203-p18 note under Tab 4: 'If necessary, a manhole will be added'. These plots have no chamber inside the 45 m tertiary run of G203-p22 Tab 6 on ANY carrier within 47.5 m",the connection runs 45 m from the plot boundary to the carrier; G203-p17 sec 3.2 puts it in the public right-of-way - confirm one exists across that land before building
R00257,E0022962,48.27,454673.311,2571384.583,1,8.78,37.2,39.7,"G203-p18 note under Tab 4: 'If necessary, a manhole will be added'. These plots have no chamber inside the 45 m tertiary run of G203-p22 Tab 6 on ANY carrier within 47.5 m",the connection runs 40 m from the plot boundary to the carrier; G203-p17 sec 3.2 puts it in the public right-of-way - confirm one exists across that land before building
R00258,E0023143,25.86,459919.615,2567729.842,1,5.096,43.54,46.04,"G203-p18 note under Tab 4: 'If necessary, a manhole will be added'. These plots have no chamber inside the 45 m tertiary run of G203-p22 Tab 6 on ANY carrier within 47.5 m",the connection runs 46 m from the plot boundary to the carrier; G203-p17 sec 3.2 puts it in the public right-of-way - confirm one exists across that land before building
R00259,E0023218,54.41,453279.776,2572126.379,1,1.08,41.92,44.42,"G203-p18 note under Tab 4: 'If necessary, a manhole will be added'. These plots have no chamber inside the 45 m tertiary run of G203-p22 Tab 6 on ANY carrier within 47.5 m",the connection runs 44 m from the plot boundary to the carrier; G203-p17 sec 3.2 puts it in the public right-of-way - confirm one exists across that land before building
R00260,E0023371,26.42,454497.679,2571867.771,1,1.08,42.68,45.18,"G203-p18 note under Tab 4: 'If necessary, a manhole will be added'. These plots have no chamber inside the 45 m tertiary run of G203-p22 Tab 6 on ANY carrier within 47.5 m",the connection runs 45 m from the plot boundary to the carrier; G203-p17 sec 3.2 puts it in the public right-of-way - confirm one exists across that land before building
R00261,E0023375,20.02,454196.777,2572332.713,1,1.643,41.61,44.11,"G203-p18 note under Tab 4: 'If necessary, a manhole will be added'. These plots have no chamber inside the 45 m tertiary run of G203-p22 Tab 6 on ANY carrier within 47.5 m",the connection runs 44 m from the plot boundary to the carrier; G203-p17 sec 3.2 puts it in the public right-of-way - confirm one exists across that land before building
R00262,E0023398,20.73,454630.074,2572325.958,1,1.643,43.26,45.76,"G203-p18 note under Tab 4: 'If necessary, a manhole will be added'. These plots have no chamber inside the 45 m tertiary run of G203-p22 Tab 6 on ANY carrier within 47.5 m",the connection runs 46 m from the plot boundary to the carrier; G203-p17 sec 3.2 puts it in the public right-of-way - confirm one exists across that land before building
R00263,E0023476,65.81,457750.621,2570479.317,1,1.08,42.95,45.45,"G203-p18 note under Tab 4: 'If necessary, a manhole will be added'. These plots have no chamber inside the 45 m tertiary run of G203-p22 Tab 6 on ANY carrier within 47.5 m",the connection runs 45 m from the plot boundary to the carrier; G203-p17 sec 3.2 puts it in the public right-of-way - confirm one exists across that land before building
R00264,E0023789,12.12,453997.718,2569340.087,2,2.16,42.42,27.34,"G203-p18 note under Tab 4: 'If necessary, a manhole will be added'. These plots have no chamber inside the 45 m tertiary run of G203-p22 Tab 6 on ANY carrier within 47.5 m",the connection runs 27 m from the plot boundary to the carrier; G203-p17 sec 3.2 puts it in the public right-of-way - confirm one exists across that land before building
R00265,E0023796,23.82,453861.343,2569302.49,1,1.08,42.96,45.46,"G203-p18 note under Tab 4: 'If necessary, a manhole will be added'. These plots have no chamber inside the 45 m tertiary run of G203-p22 Tab 6 on ANY carrier within 47.5 m",the connection runs 45 m from the plot boundary to the carrier; G203-p17 sec 3.2 puts it in the public right-of-way - confirm one exists across that land before building
R00266,E0023904,12.73,454278.976,2571207.387,1,1.08,38.19,40.69,"G203-p18 note under Tab 4: 'If necessary, a manhole will be added'. These plots have no chamber inside the 45 m tertiary run of G203-p22 Tab 6 on ANY carrier within 47.5 m",the connection runs 41 m from the plot boundary to the carrier; G203-p17 sec 3.2 puts it in the public right-of-way - confirm one exists across that land before building
R00267,E0023908,11.77,454354.527,2571156.864,1,3.579,41.96,44.46,"G203-p18 note under Tab 4: 'If necessary, a manhole will be added'. These plots have no chamber inside the 45 m tertiary run of G203-p22 Tab 6 on ANY carrier within 47.5 m",the connection runs 44 m from the plot boundary to the carrier; G203-p17 sec 3.2 puts it in the public right-of-way - confirm one exists across that land before building
R00268,E0023908,30.28,454356.242,2571175.295,3,5.738,44.08,43.73,"G203-p18 note under Tab 4: 'If necessary, a manhole will be added'. These plots have no chamber inside the 45 m tertiary run of G203-p22 Tab 6 on ANY carrier within 47.5 m",the connection runs 44 m from the plot boundary to the carrier; G203-p17 sec 3.2 puts it in the public right-of-way - confirm one exists across that land before building
R00269,E0023909,26.42,454370.95,2571262.357,1,3.579,44.37,46.87,"G203-p18 note under Tab 4: 'If necessary, a manhole will be added'. These plots have no chamber inside the 45 m tertiary run of G203-p22 Tab 6 on ANY carrier within 47.5 m",the connection runs 47 m from the plot boundary to the carrier; G203-p17 sec 3.2 puts it in the public right-of-way - confirm one exists across that land before building
R00270,E0023926,16.93,454789.802,2571184.775,1,1.08,43.67,46.17,"G203-p18 note under Tab 4: 'If necessary, a manhole will be added'. These plots have no chamber inside the 45 m tertiary run of G203-p22 Tab 6 on ANY carrier within 47.5 m",the connection runs 46 m from the plot boundary to the carrier; G203-p17 sec 3.2 puts it in the public right-of-way - confirm one exists across that land before building
R00271,E0024042,50.89,454164.355,2571093.245,1,1.08,38.42,40.92,"G203-p18 note under Tab 4: 'If necessary, a manhole will be added'. These plots have no chamber inside the 45 m tertiary run of G203-p22 Tab 6 on ANY carrier within 47.5 m",the connection runs 41 m from the plot boundary to the carrier; G203-p17 sec 3.2 puts it in the public right-of-way - confirm one exists across that land before building
R00272,E0024061,31.69,453786.477,2570996.37,1,1.08,28.16,30.66,"G203-p18 note under Tab 4: 'If necessary, a manhole will be added'. These plots have no chamber inside the 45 m tertiary run of G203-p22 Tab 6 on ANY carrier within 47.5 m",the connection runs 31 m from the plot boundary to the carrier; G203-p17 sec 3.2 puts it in the public right-of-way - confirm one exists across that land before building
R00273,E0024064,24.44,453927.481,2571094.976,1,1.08,39.24,41.74,"G203-p18 note under Tab 4: 'If necessary, a manhole will be added'. These plots have no chamber inside the 45 m tertiary run of G203-p22 Tab 6 on ANY carrier within 47.5 m",the connection runs 42 m from the plot boundary to the carrier; G203-p17 sec 3.2 puts it in the public right-of-way - confirm one exists across that land before building
R00274,E0024113,17.66,447604.822,2567872.243,1,1.08,39.52,42.02,"G203-p18 note under Tab 4: 'If necessary, a manhole will be added'. These plots have no chamber inside the 45 m tertiary run of G203-p22 Tab 6 on ANY carrier within 47.5 m",the connection runs 42 m from the plot boundary to the carrier; G203-p17 sec 3.2 puts it in the public right-of-way - confirm one exists across that land before building
R00275,E0024266,18.05,453836.532,2569418.77,1,1.08,43.77,46.27,"G203-p18 note under Tab 4: 'If necessary, a manhole will be added'. These plots have no chamber inside the 45 m tertiary run of G203-p22 Tab 6 on ANY carrier within 47.5 m",the connection runs 46 m from the plot boundary to the carrier; G203-p17 sec 3.2 puts it in the public right-of-way - confirm one exists across that land before building
R00276,E0024441,37.49,450056.537,2574297.448,1,1.08,42.52,45.02,"G203-p18 note under Tab 4: 'If necessary, a manhole will be added'. These plots have no chamber inside the 45 m tertiary run of G203-p22 Tab 6 on ANY carrier within 47.5 m",the connection runs 45 m from the plot boundary to the carrier; G203-p17 sec 3.2 puts it in the public right-of-way - confirm one exists across that land before building
R00277,E0024537,34.15,448061.254,2571872.548,1,1.08,32.94,35.44,"G203-p18 note under Tab 4: 'If necessary, a manhole will be added'. These plots have no chamber inside the 45 m tertiary run of G203-p22 Tab 6 on ANY carrier within 47.5 m",the connection runs 35 m from the plot boundary to the carrier; G203-p17 sec 3.2 puts it in the public right-of-way - confirm one exists across that land before building
R00278,E0024691,44.38,447338.292,2567920.922,2,2.16,32.76,22.42,"G203-p18 note under Tab 4: 'If necessary, a manhole will be added'. These plots have no chamber inside the 45 m tertiary run of G203-p22 Tab 6 on ANY carrier within 47.5 m",the connection runs 22 m from the plot boundary to the carrier; G203-p17 sec 3.2 puts it in the public right-of-way - confirm one exists across that land before building
R00279,E0024743,16.4,459384.174,2568690.764,1,1.08,32.2,34.7,"G203-p18 note under Tab 4: 'If necessary, a manhole will be added'. These plots have no chamber inside the 45 m tertiary run of G203-p22 Tab 6 on ANY carrier within 47.5 m",the connection runs 35 m from the plot boundary to the carrier; G203-p17 sec 3.2 puts it in the public right-of-way - confirm one exists across that land before building
R00280,E0024765,37.13,459558.429,2567791.386,1,1.08,43.68,46.18,"G203-p18 note under Tab 4: 'If necessary, a manhole will be added'. These plots have no chamber inside the 45 m tertiary run of G203-p22 Tab 6 on ANY carrier within 47.5 m",the connection runs 46 m from the plot boundary to the carrier; G203-p17 sec 3.2 puts it in the public right-of-way - confirm one exists across that land before building
R00281,E0024872,40.74,454558.029,2570800.581,1,1.08,44.34,46.84,"G203-p18 note under Tab 4: 'If necessary, a manhole will be added'. These plots have no chamber inside the 45 m tertiary run of G203-p22 Tab 6 on ANY carrier within 47.5 m",the connection runs 47 m from the plot boundary to the carrier; G203-p17 sec 3.2 puts it in the public right-of-way - confirm one exists across that land before building
R00282,E0024907,20.99,454302.912,2569868.395,1,1.08,43.49,45.99,"G203-p18 note under Tab 4: 'If necessary, a manhole will be added'. These plots have no chamber inside the 45 m tertiary run of G203-p22 Tab 6 on ANY carrier within 47.5 m",the connection runs 46 m from the plot boundary to the carrier; G203-p17 sec 3.2 puts it in the public right-of-way - confirm one exists across that land before building
R00283,E0024918,8.25,457632.769,2570585.462,1,1.08,41.73,44.23,"G203-p18 note under Tab 4: 'If necessary, a manhole will be added'. These plots have no chamber inside the 45 m tertiary run of G203-p22 Tab 6 on ANY carrier within 47.5 m",the connection runs 44 m from the plot boundary to the carrier; G203-p17 sec 3.2 puts it in the public right-of-way - confirm one exists across that land before building
R00284,E0024968,31.32,448564.335,2573395.209,1,1.08,43.06,45.56,"G203-p18 note under Tab 4: 'If necessary, a manhole will be added'. These plots have no chamber inside the 45 m tertiary run of G203-p22 Tab 6 on ANY carrier within 47.5 m",the connection runs 46 m from the plot boundary to the carrier; G203-p17 sec 3.2 puts it in the public right-of-way - confirm one exists across that land before building
R00285,E0024987,22.7,450197.422,2574512.303,1,1.08,43.01,45.51,"G203-p18 note under Tab 4: 'If necessary, a manhole will be added'. These plots have no chamber inside the 45 m tertiary run of G203-p22 Tab 6 on ANY carrier within 47.5 m",the connection runs 46 m from the plot boundary to the carrier; G203-p17 sec 3.2 puts it in the public right-of-way - confirm one exists across that land before building
R00286,E0024988,26.7,450138.487,2574467.552,1,1.08,43.14,45.64,"G203-p18 note under Tab 4: 'If necessary, a manhole will be added'. These plots have no chamber inside the 45 m tertiary run of G203-p22 Tab 6 on ANY carrier within 47.5 m",the connection runs 46 m from the plot boundary to the carrier; G203-p17 sec 3.2 puts it in the public right-of-way - confirm one exists across that land before building
R00287,E0024993,2.75,457701.8,2570218.312,1,1.08,42.37,44.87,"G203-p18 note under Tab 4: 'If necessary, a manhole will be added'. These plots have no chamber inside the 45 m tertiary run of G203-p22 Tab 6 on ANY carrier within 47.5 m",the connection runs 45 m from the plot boundary to the carrier; G203-p17 sec 3.2 puts it in the public right-of-way - confirm one exists across that land before building
R00288,E0025073,15.22,457795.339,2570175.143,1,1.08,40.31,42.81,"G203-p18 note under Tab 4: 'If necessary, a manhole will be added'. These plots have no chamber inside the 45 m tertiary run of G203-p22 Tab 6 on ANY carrier within 47.5 m",the connection runs 43 m from the plot boundary to the carrier; G203-p17 sec 3.2 puts it in the public right-of-way - confirm one exists across that land before building
R00289,E0025105,40.89,457648.642,2570884.532,2,2.16,33.55,24.42,"G203-p18 note under Tab 4: 'If necessary, a manhole will be added'. These plots have no chamber inside the 45 m tertiary run of G203-p22 Tab 6 on ANY carrier within 47.5 m",the connection runs 24 m from the plot boundary to the carrier; G203-p17 sec 3.2 puts it in the public right-of-way - confirm one exists across that land before building
R00290,E0025175,44.64,449172.044,2570921.159,1,1.08,44.54,47.04,"G203-p18 note under Tab 4: 'If necessary, a manhole will be added'. These plots have no chamber inside the 45 m tertiary run of G203-p22 Tab 6 on ANY carrier within 47.5 m",the connection runs 47 m from the plot boundary to the carrier; G203-p17 sec 3.2 puts it in the public right-of-way - confirm one exists across that land before building
R00291,E0025530,30.36,454078.736,2570190.418,1,1.08,40.25,42.75,"G203-p18 note under Tab 4: 'If necessary, a manhole will be added'. These plots have no chamber inside the 45 m tertiary run of G203-p22 Tab 6 on ANY carrier within 47.5 m",the connection runs 43 m from the plot boundary to the carrier; G203-p17 sec 3.2 puts it in the public right-of-way - confirm one exists across that land before building
R00292,E0025538,22.49,454500.752,2570967.72,1,2.499,30.04,32.54,"G203-p18 note under Tab 4: 'If necessary, a manhole will be added'. These plots have no chamber inside the 45 m tertiary run of G203-p22 Tab 6 on ANY carrier within 47.5 m",the connection runs 33 m from the plot boundary to the carrier; G203-p17 sec 3.2 puts it in the public right-of-way - confirm one exists across that land before building
R00293,E0025551,12.25,457302.369,2570570.494,1,1.08,42.41,44.91,"G203-p18 note under Tab 4: 'If necessary, a manhole will be added'. These plots have no chamber inside the 45 m tertiary run of G203-p22 Tab 6 on ANY carrier within 47.5 m",the connection runs 45 m from the plot boundary to the carrier; G203-p17 sec 3.2 puts it in the public right-of-way - confirm one exists across that land before building
R00294,E0025624,4.6,448353.969,2572234.382,1,1.08,42.82,45.32,"G203-p18 note under Tab 4: 'If necessary, a manhole will be added'. These plots have no chamber inside the 45 m tertiary run of G203-p22 Tab 6 on ANY carrier within 47.5 m",the connection runs 45 m from the plot boundary to the carrier; G203-p17 sec 3.2 puts it in the public right-of-way - confirm one exists across that land before building
R00295,E0025624,24.6,448361.815,2572252.779,1,1.08,42.76,45.26,"G203-p18 note under Tab 4: 'If necessary, a manhole will be added'. These plots have no chamber inside the 45 m tertiary run of G203-p22 Tab 6 on ANY carrier within 47.5 m",the connection runs 45 m from the plot boundary to the carrier; G203-p17 sec 3.2 puts it in the public right-of-way - confirm one exists across that land before building
R00296,E0025625,11.12,448393.845,2572299.531,1,1.08,34.18,36.68,"G203-p18 note under Tab 4: 'If necessary, a manhole will be added'. These plots have no chamber inside the 45 m tertiary run of G203-p22 Tab 6 on ANY carrier within 47.5 m",the connection runs 37 m from the plot boundary to the carrier; G203-p17 sec 3.2 puts it in the public right-of-way - confirm one exists across that land before building
R00297,E0025684,15.19,457045.587,2571459.939,1,1.08,43.33,45.83,"G203-p18 note under Tab 4: 'If necessary, a manhole will be added'. These plots have no chamber inside the 45 m tertiary run of G203-p22 Tab 6 on ANY carrier within 47.5 m",the connection runs 46 m from the plot boundary to the carrier; G203-p17 sec 3.2 puts it in the public right-of-way - confirm one exists across that land before building
R00298,E0025705,9.84,449366.869,2570894.405,1,1.08,35.58,38.08,"G203-p18 note under Tab 4: 'If necessary, a manhole will be added'. These plots have no chamber inside the 45 m tertiary run of G203-p22 Tab 6 on ANY carrier within 47.5 m",the connection runs 38 m from the plot boundary to the carrier; G203-p17 sec 3.2 puts it in the public right-of-way - confirm one exists across that land before building
R00299,E0025957,19.07,454390.267,2570217.461,1,1.08,33.36,35.86,"G203-p18 note under Tab 4: 'If necessary, a manhole will be added'. These plots have no chamber inside the 45 m tertiary run of G203-p22 Tab 6 on ANY carrier within 47.5 m",the connection runs 36 m from the plot boundary to the carrier; G203-p17 sec 3.2 puts it in the public right-of-way - confirm one exists across that land before building
R00300,E0025963,31.92,454174.949,2570337.044,1,1.08,13.61,16.11,"G203-p18 note under Tab 4: 'If necessary, a manhole will be added'. These plots have no chamber inside the 45 m tertiary run of G203-p22 Tab 6 on ANY carrier within 47.5 m",the connection runs 16 m from the plot boundary to the carrier; G203-p17 sec 3.2 puts it in the public right-of-way - confirm one exists across that land before building
R00301,E0026285,19.82,459667.62,2568506.285,1,1.08,41.86,44.36,"G203-p18 note under Tab 4: 'If necessary, a manhole will be added'. These plots have no chamber inside the 45 m tertiary run of G203-p22 Tab 6 on ANY carrier within 47.5 m",the connection runs 44 m from the plot boundary to the carrier; G203-p17 sec 3.2 puts it in the public right-of-way - confirm one exists across that land before building
R00302,E0026287,42.21,459285.534,2568970.647,1,7.267,43.95,46.45,"G203-p18 note under Tab 4: 'If necessary, a manhole will be added'. These plots have no chamber inside the 45 m tertiary run of G203-p22 Tab 6 on ANY carrier within 47.5 m",the connection runs 46 m from the plot boundary to the carrier; G203-p17 sec 3.2 puts it in the public right-of-way - confirm one exists across that land before building
R00303,E0026289,41.06,459721.382,2568182.729,1,1.08,42.22,44.72,"G203-p18 note under Tab 4: 'If necessary, a manhole will be added'. These plots have no chamber inside the 45 m tertiary run of G203-p22 Tab 6 on ANY carrier within 47.5 m",the connection runs 45 m from the plot boundary to the carrier; G203-p17 sec 3.2 puts it in the public right-of-way - confirm one exists across that land before building
R00304,E0026325,27.85,459990.461,2568216.912,1,2.499,37.36,39.86,"G203-p18 note under Tab 4: 'If necessary, a manhole will be added'. These plots have no chamber inside the 45 m tertiary run of G203-p22 Tab 6 on ANY carrier within 47.5 m",the connection runs 40 m from the plot boundary to the carrier; G203-p17 sec 3.2 puts it in the public right-of-way - confirm one exists across that land before building
R00305,E0026325,75.05,459946.644,2568234.473,1,1.08,44.82,47.32,"G203-p18 note under Tab 4: 'If necessary, a manhole will be added'. These plots have no chamber inside the 45 m tertiary run of G203-p22 Tab 6 on ANY carrier within 47.5 m",the connection runs 47 m from the plot boundary to the carrier; G203-p17 sec 3.2 puts it in the public right-of-way - confirm one exists across that land before building
R00306,E0026326,35.06,459909.514,2568249.354,1,1.08,44.76,47.26,"G203-p18 note under Tab 4: 'If necessary, a manhole will be added'. These plots have no chamber inside the 45 m tertiary run of G203-p22 Tab 6 on ANY carrier within 47.5 m",the connection runs 47 m from the plot boundary to the carrier; G203-p17 sec 3.2 puts it in the public right-of-way - confirm one exists across that land before building
R00307,E0026326,55.06,459890.949,2568256.795,1,1.08,44.73,47.23,"G203-p18 note under Tab 4: 'If necessary, a manhole will be added'. These plots have no chamber inside the 45 m tertiary run of G203-p22 Tab 6 on ANY carrier within 47.5 m",the connection runs 47 m from the plot boundary to the carrier; G203-p17 sec 3.2 puts it in the public right-of-way - confirm one exists across that land before building
R00308,E0026327,40.06,459830.614,2568280.977,1,1.08,44.63,47.13,"G203-p18 note under Tab 4: 'If necessary, a manhole will be added'. These plots have no chamber inside the 45 m tertiary run of G203-p22 Tab 6 on ANY carrier within 47.5 m",the connection runs 47 m from the plot boundary to the carrier; G203-p17 sec 3.2 puts it in the public right-of-way - confirm one exists across that land before building
R00309,E0026411,10.28,453850.294,2570292.456,1,1.08,42.08,44.58,"G203-p18 note under Tab 4: 'If necessary, a manhole will be added'. These plots have no chamber inside the 45 m tertiary run of G203-p22 Tab 6 on ANY carrier within 47.5 m",the connection runs 45 m from the plot boundary to the carrier; G203-p17 sec 3.2 puts it in the public right-of-way - confirm one exists across that land before building
R00310,E0026411,30.28,453839.505,2570275.616,1,1.08,42.0,44.5,"G203-p18 note under Tab 4: 'If necessary, a manhole will be added'. These plots have no chamber inside the 45 m tertiary run of G203-p22 Tab 6 on ANY carrier within 47.5 m",the connection runs 45 m from the plot boundary to the carrier; G203-p17 sec 3.2 puts it in the public right-of-way - confirm one exists across that land before building
R00311,E0026413,40.28,453769.377,2570166.153,1,1.08,41.48,43.98,"G203-p18 note under Tab 4: 'If necessary, a manhole will be added'. These plots have no chamber inside the 45 m tertiary run of G203-p22 Tab 6 on ANY carrier within 47.5 m",the connection runs 44 m from the plot boundary to the carrier; G203-p17 sec 3.2 puts it in the public right-of-way - confirm one exists across that land before building
R00312,E0026467,38.58,457428.31,2570854.221,1,1.08,28.14,30.64,"G203-p18 note under Tab 4: 'If necessary, a manhole will be added'. These plots have no chamber inside the 45 m tertiary run of G203-p22 Tab 6 on ANY carrier within 47.5 m",the connection runs 31 m from the plot boundary to the carrier; G203-p17 sec 3.2 puts it in the public right-of-way - confirm one exists across that land before building
R00313,E0026532,15.89,448332.13,2572409.857,1,1.08,43.27,45.77,"G203-p18 note under Tab 4: 'If necessary, a manhole will be added'. These plots have no chamber inside the 45 m tertiary run of G203-p22 Tab 6 on ANY carrier within 47.5 m",the connection runs 46 m from the plot boundary to the carrier; G203-p17 sec 3.2 puts it in the public right-of-way - confirm one exists across that land before building
R00314,E0026639,18.86,456972.316,2571644.117,1,1.08,43.61,46.11,"G203-p18 note under Tab 4: 'If necessary, a manhole will be added'. These plots have no chamber inside the 45 m tertiary run of G203-p22 Tab 6 on ANY carrier within 47.5 m",the connection runs 46 m from the plot boundary to the carrier; G203-p17 sec 3.2 puts it in the public right-of-way - confirm one exists across that land before building
R00315,E0026659,24.19,448300.794,2572672.12,1,1.08,44.93,47.43,"G203-p18 note under Tab 4: 'If necessary, a manhole will be added'. These plots have no chamber inside the 45 m tertiary run of G203-p22 Tab 6 on ANY carrier within 47.5 m",the connection runs 47 m from the plot boundary to the carrier; G203-p17 sec 3.2 puts it in the public right-of-way - confirm one exists across that land before building
R00316,E0026659,44.19,448320.763,2572671.001,1,1.08,44.92,47.42,"G203-p18 note under Tab 4: 'If necessary, a manhole will be added'. These plots have no chamber inside the 45 m tertiary run of G203-p22 Tab 6 on ANY carrier within 47.5 m",the connection runs 47 m from the plot boundary to the carrier; G203-p17 sec 3.2 puts it in the public right-of-way - confirm one exists across that land before building
R00317,E0026676,27.49,450348.313,2574717.382,1,1.08,41.37,43.87,"G203-p18 note under Tab 4: 'If necessary, a manhole will be added'. These plots have no chamber inside the 45 m tertiary run of G203-p22 Tab 6 on ANY carrier within 47.5 m",the connection runs 44 m from the plot boundary to the carrier; G203-p17 sec 3.2 puts it in the public right-of-way - confirm one exists across that land before building
R00318,E0026761,43.02,447285.146,2568148.384,1,1.08,4.09,6.59,"G203-p18 note under Tab 4: 'If necessary, a manhole will be added'. These plots have no chamber inside the 45 m tertiary run of G203-p22 Tab 6 on ANY carrier within 47.5 m",the connection runs 7 m from the plot boundary to the carrier; G203-p17 sec 3.2 puts it in the public right-of-way - confirm one exists across that land before building
R00319,E0026778,12.54,446815.619,2568193.433,1,1.08,38.15,40.65,"G203-p18 note under Tab 4: 'If necessary, a manhole will be added'. These plots have no chamber inside the 45 m tertiary run of G203-p22 Tab 6 on ANY carrier within 47.5 m",the connection runs 41 m from the plot boundary to the carrier; G203-p17 sec 3.2 puts it in the public right-of-way - confirm one exists across that land before building
R00320,E0026783,17.23,447071.077,2568197.192,1,1.08,42.23,44.73,"G203-p18 note under Tab 4: 'If necessary, a manhole will be added'. These plots have no chamber inside the 45 m tertiary run of G203-p22 Tab 6 on ANY carrier within 47.5 m",the connection runs 45 m from the plot boundary to the carrier; G203-p17 sec 3.2 puts it in the public right-of-way - confirm one exists across that land before building
R00321,E0026815,29.7,445641.554,2567930.885,1,1.08,37.88,40.38,"G203-p18 note under Tab 4: 'If necessary, a manhole will be added'. These plots have no chamber inside the 45 m tertiary run of G203-p22 Tab 6 on ANY carrier within 47.5 m",the connection runs 40 m from the plot boundary to the carrier; G203-p17 sec 3.2 puts it in the public right-of-way - confirm one exists across that land before building
R00322,E0026877,28.0,460207.74,2568528.927,1,1.08,39.82,42.32,"G203-p18 note under Tab 4: 'If necessary, a manhole will be added'. These plots have no chamber inside the 45 m tertiary run of G203-p22 Tab 6 on ANY carrier within 47.5 m",the connection runs 42 m from the plot boundary to the carrier; G203-p17 sec 3.2 puts it in the public right-of-way - confirm one exists across that land before building
R00323,E0026883,41.67,459041.816,2569374.392,1,1.08,43.94,46.44,"G203-p18 note under Tab 4: 'If necessary, a manhole will be added'. These plots have no chamber inside the 45 m tertiary run of G203-p22 Tab 6 on ANY carrier within 47.5 m",the connection runs 46 m from the plot boundary to the carrier; G203-p17 sec 3.2 puts it in the public right-of-way - confirm one exists across that land before building
R00324,E0026911,21.16,460299.974,2568760.978,1,1.08,39.89,42.39,"G203-p18 note under Tab 4: 'If necessary, a manhole will be added'. These plots have no chamber inside the 45 m tertiary run of G203-p22 Tab 6 on ANY carrier within 47.5 m",the connection runs 42 m from the plot boundary to the carrier; G203-p17 sec 3.2 puts it in the public right-of-way - confirm one exists across that land before building
R00325,E0026914,54.47,460214.488,2568735.472,1,5.096,24.54,27.04,"G203-p18 note under Tab 4: 'If necessary, a manhole will be added'. These plots have no chamber inside the 45 m tertiary run of G203-p22 Tab 6 on ANY carrier within 47.5 m",the connection runs 27 m from the plot boundary to the carrier; G203-p17 sec 3.2 puts it in the public right-of-way - confirm one exists across that land before building
R00326,E0027027,51.21,454460.623,2570771.257,1,1.08,41.47,43.97,"G203-p18 note under Tab 4: 'If necessary, a manhole will be added'. These plots have no chamber inside the 45 m tertiary run of G203-p22 Tab 6 on ANY carrier within 47.5 m",the connection runs 44 m from the plot boundary to the carrier; G203-p17 sec 3.2 puts it in the public right-of-way - confirm one exists across that land before building
R00327,E0027104,9.1,453996.531,2570680.3,1,1.08,42.9,45.4,"G203-p18 note under Tab 4: 'If necessary, a manhole will be added'. These plots have no chamber inside the 45 m tertiary run of G203-p22 Tab 6 on ANY carrier within 47.5 m",the connection runs 45 m from the plot boundary to the carrier; G203-p17 sec 3.2 puts it in the public right-of-way - confirm one exists across that land before building
R00328,E0027161,40.6,457411.617,2571031.921,1,1.08,40.42,42.92,"G203-p18 note under Tab 4: 'If necessary, a manhole will be added'. These plots have no chamber inside the 45 m tertiary run of G203-p22 Tab 6 on ANY carrier within 47.5 m",the connection runs 43 m from the plot boundary to the carrier; G203-p17 sec 3.2 puts it in the public right-of-way - confirm one exists across that land before building
R00329,E0027162,26.29,457376.759,2570993.935,1,1.08,42.18,44.68,"G203-p18 note under Tab 4: 'If necessary, a manhole will be added'. These plots have no chamber inside the 45 m tertiary run of G203-p22 Tab 6 on ANY carrier within 47.5 m",the connection runs 45 m from the plot boundary to the carrier; G203-p17 sec 3.2 puts it in the public right-of-way - confirm one exists across that land before building
R00330,E0027268,40.43,447128.119,2571815.493,1,1.08,36.21,38.71,"G203-p18 note under Tab 4: 'If necessary, a manhole will be added'. These plots have no chamber inside the 45 m tertiary run of G203-p22 Tab 6 on ANY carrier within 47.5 m",the connection runs 39 m from the plot boundary to the carrier; G203-p17 sec 3.2 puts it in the public right-of-way - confirm one exists across that land before building
R00331,E0027272,39.76,447207.263,2572099.993,1,1.08,33.05,35.55,"G203-p18 note under Tab 4: 'If necessary, a manhole will be added'. These plots have no chamber inside the 45 m tertiary run of G203-p22 Tab 6 on ANY carrier within 47.5 m",the connection runs 36 m from the plot boundary to the carrier; G203-p17 sec 3.2 puts it in the public right-of-way - confirm one exists across that land before building
R00332,E0027282,42.27,447283.999,2571948.061,1,1.08,44.65,47.15,"G203-p18 note under Tab 4: 'If necessary, a manhole will be added'. These plots have no chamber inside the 45 m tertiary run of G203-p22 Tab 6 on ANY carrier within 47.5 m",the connection runs 47 m from the plot boundary to the carrier; G203-p17 sec 3.2 puts it in the public right-of-way - confirm one exists across that land before building
R00333,E0027316,37.45,447030.307,2571341.228,1,1.08,35.43,37.93,"G203-p18 note under Tab 4: 'If necessary, a manhole will be added'. These plots have no chamber inside the 45 m tertiary run of G203-p22 Tab 6 on ANY carrier within 47.5 m",the connection runs 38 m from the plot boundary to the carrier; G203-p17 sec 3.2 puts it in the public right-of-way - confirm one exists across that land before building
R00334,E0027390,54.21,446308.352,2568033.334,1,0.742,38.35,40.85,"G203-p18 note under Tab 4: 'If necessary, a manhole will be added'. These plots have no chamber inside the 45 m tertiary run of G203-p22 Tab 6 on ANY carrier within 47.5 m",the connection runs 41 m from the plot boundary to the carrier; G203-p17 sec 3.2 puts it in the public right-of-way - confirm one exists across that land before building
R00335,E0027512,23.85,459289.616,2569128.993,1,3.579,43.56,46.06,"G203-p18 note under Tab 4: 'If necessary, a manhole will be added'. These plots have no chamber inside the 45 m tertiary run of G203-p22 Tab 6 on ANY carrier within 47.5 m",the connection runs 46 m from the plot boundary to the carrier; G203-p17 sec 3.2 puts it in the public right-of-way - confirm one exists across that land before building
R00336,E0027512,49.19,459282.276,2569104.737,1,1.08,44.34,46.84,"G203-p18 note under Tab 4: 'If necessary, a manhole will be added'. These plots have no chamber inside the 45 m tertiary run of G203-p22 Tab 6 on ANY carrier within 47.5 m",the connection runs 47 m from the plot boundary to the carrier; G203-p17 sec 3.2 puts it in the public right-of-way - confirm one exists across that land before building
R00337,E0027514,35.9,454624.04,2573647.083,1,1.08,44.5,47.0,"G203-p18 note under Tab 4: 'If necessary, a manhole will be added'. These plots have no chamber inside the 45 m tertiary run of G203-p22 Tab 6 on ANY carrier within 47.5 m",the connection runs 47 m from the plot boundary to the carrier; G203-p17 sec 3.2 puts it in the public right-of-way - confirm one exists across that land before building
R00338,E0027566,10.0,460475.325,2568682.936,1,1.08,43.64,46.14,"G203-p18 note under Tab 4: 'If necessary, a manhole will be added'. These plots have no chamber inside the 45 m tertiary run of G203-p22 Tab 6 on ANY carrier within 47.5 m",the connection runs 46 m from the plot boundary to the carrier; G203-p17 sec 3.2 puts it in the public right-of-way - confirm one exists across that land before building
R00339,E0027568,10.31,460365.534,2568635.471,1,1.08,44.48,46.98,"G203-p18 note under Tab 4: 'If necessary, a manhole will be added'. These plots have no chamber inside the 45 m tertiary run of G203-p22 Tab 6 on ANY carrier within 47.5 m",the connection runs 47 m from the plot boundary to the carrier; G203-p17 sec 3.2 puts it in the public right-of-way - confirm one exists across that land before building
R00340,E0027568,45.31,460352.755,2568602.888,1,1.08,44.78,47.28,"G203-p18 note under Tab 4: 'If necessary, a manhole will be added'. These plots have no chamber inside the 45 m tertiary run of G203-p22 Tab 6 on ANY carrier within 47.5 m",the connection runs 47 m from the plot boundary to the carrier; G203-p17 sec 3.2 puts it in the public right-of-way - confirm one exists across that land before building
R00341,E0027600,53.96,458649.65,2569119.795,1,1.08,38.63,41.13,"G203-p18 note under Tab 4: 'If necessary, a manhole will be added'. These plots have no chamber inside the 45 m tertiary run of G203-p22 Tab 6 on ANY carrier within 47.5 m",the connection runs 41 m from the plot boundary to the carrier; G203-p17 sec 3.2 puts it in the public right-of-way - confirm one exists across that land before building
R00342,E0027677,45.53,454403.494,2570657.487,1,1.08,29.02,31.52,"G203-p18 note under Tab 4: 'If necessary, a manhole will be added'. These plots have no chamber inside the 45 m tertiary run of G203-p22 Tab 6 on ANY carrier within 47.5 m",the connection runs 32 m from the plot boundary to the carrier; G203-p17 sec 3.2 puts it in the public right-of-way - confirm one exists across that land before building
R00343,E0027886,15.84,455958.136,2570793.615,1,1.08,31.64,34.14,"G203-p18 note under Tab 4: 'If necessary, a manhole will be added'. These plots have no chamber inside the 45 m tertiary run of G203-p22 Tab 6 on ANY carrier within 47.5 m",the connection runs 34 m from the plot boundary to the carrier; G203-p17 sec 3.2 puts it in the public right-of-way - confirm one exists across that land before building
R00344,E0027900,58.09,456021.841,2570955.223,1,1.08,39.84,42.34,"G203-p18 note under Tab 4: 'If necessary, a manhole will be added'. These plots have no chamber inside the 45 m tertiary run of G203-p22 Tab 6 on ANY carrier within 47.5 m",the connection runs 42 m from the plot boundary to the carrier; G203-p17 sec 3.2 puts it in the public right-of-way - confirm one exists across that land before building
R00345,E0027901,20.21,455979.718,2570955.391,1,1.08,45.0,47.5,"G203-p18 note under Tab 4: 'If necessary, a manhole will be added'. These plots have no chamber inside the 45 m tertiary run of G203-p22 Tab 6 on ANY carrier within 47.5 m",the connection runs 47 m from the plot boundary to the carrier; G203-p17 sec 3.2 puts it in the public right-of-way - confirm one exists across that land before building
R00346,E0027901,70.57,455929.361,2570955.591,1,1.08,44.32,46.82,"G203-p18 note under Tab 4: 'If necessary, a manhole will be added'. These plots have no chamber inside the 45 m tertiary run of G203-p22 Tab 6 on ANY carrier within 47.5 m",the connection runs 47 m from the plot boundary to the carrier; G203-p17 sec 3.2 puts it in the public right-of-way - confirm one exists across that land before building
R00347,E0028011,15.6,445351.97,2568211.713,1,1.08,38.8,41.3,"G203-p18 note under Tab 4: 'If necessary, a manhole will be added'. These plots have no chamber inside the 45 m tertiary run of G203-p22 Tab 6 on ANY carrier within 47.5 m",the connection runs 41 m from the plot boundary to the carrier; G203-p17 sec 3.2 puts it in the public right-of-way - confirm one exists across that land before building
R00348,E0028093,47.09,459330.677,2569330.33,1,3.579,43.38,45.88,"G203-p18 note under Tab 4: 'If necessary, a manhole will be added'. These plots have no chamber inside the 45 m tertiary run of G203-p22 Tab 6 on ANY carrier within 47.5 m",the connection runs 46 m from the plot boundary to the carrier; G203-p17 sec 3.2 puts it in the public right-of-way - confirm one exists across that land before building
R00349,E0028094,44.36,459323.748,2569263.423,1,3.579,39.44,41.94,"G203-p18 note under Tab 4: 'If necessary, a manhole will be added'. These plots have no chamber inside the 45 m tertiary run of G203-p22 Tab 6 on ANY carrier within 47.5 m",the connection runs 42 m from the plot boundary to the carrier; G203-p17 sec 3.2 puts it in the public right-of-way - confirm one exists across that land before building
R00350,E0028096,25.13,459313.063,2569206.475,1,1.08,38.8,41.3,"G203-p18 note under Tab 4: 'If necessary, a manhole will be added'. These plots have no chamber inside the 45 m tertiary run of G203-p22 Tab 6 on ANY carrier within 47.5 m",the connection runs 41 m from the plot boundary to the carrier; G203-p17 sec 3.2 puts it in the public right-of-way - confirm one exists across that land before building
R00351,E0028183,20.23,454244.652,2570460.313,2,2.16,43.98,41.98,"G203-p18 note under Tab 4: 'If necessary, a manhole will be added'. These plots have no chamber inside the 45 m tertiary run of G203-p22 Tab 6 on ANY carrier within 47.5 m",the connection runs 42 m from the plot boundary to the carrier; G203-p17 sec 3.2 puts it in the public right-of-way - confirm one exists across that land before building
R00352,E0028183,30.14,454254.038,2570463.47,1,1.08,44.6,47.1,"G203-p18 note under Tab 4: 'If necessary, a manhole will be added'. These plots have no chamber inside the 45 m tertiary run of G203-p22 Tab 6 on ANY carrier within 47.5 m",the connection runs 47 m from the plot boundary to the carrier; G203-p17 sec 3.2 puts it in the public right-of-way - confirm one exists across that land before building
R00353,E0028183,41.23,454264.553,2570467.006,1,1.08,43.57,46.07,"G203-p18 note under Tab 4: 'If necessary, a manhole will be added'. These plots have no chamber inside the 45 m tertiary run of G203-p22 Tab 6 on ANY carrier within 47.5 m",the connection runs 46 m from the plot boundary to the carrier; G203-p17 sec 3.2 puts it in the public right-of-way - confirm one exists across that land before building
R00354,E0028183,61.95,454284.188,2570473.609,1,1.08,43.18,45.68,"G203-p18 note under Tab 4: 'If necessary, a manhole will be added'. These plots have no chamber inside the 45 m tertiary run of G203-p22 Tab 6 on ANY carrier within 47.5 m",the connection runs 46 m from the plot boundary to the carrier; G203-p17 sec 3.2 puts it in the public right-of-way - confirm one exists across that land before building
R00355,E0028296,12.39,448335.876,2573052.782,1,1.08,42.79,45.29,"G203-p18 note under Tab 4: 'If necessary, a manhole will be added'. These plots have no chamber inside the 45 m tertiary run of G203-p22 Tab 6 on ANY carrier within 47.5 m",the connection runs 45 m from the plot boundary to the carrier; G203-p17 sec 3.2 puts it in the public right-of-way - confirm one exists across that land before building
R00356,E0028356,16.86,447806.369,2572350.762,1,1.08,43.53,46.03,"G203-p18 note under Tab 4: 'If necessary, a manhole will be added'. These plots have no chamber inside the 45 m tertiary run of G203-p22 Tab 6 on ANY carrier within 47.5 m",the connection runs 46 m from the plot boundary to the carrier; G203-p17 sec 3.2 puts it in the public right-of-way - confirm one exists across that land before building
R00357,E0028423,34.51,456466.633,2571384.157,1,1.08,12.01,14.51,"G203-p18 note under Tab 4: 'If necessary, a manhole will be added'. These plots have no chamber inside the 45 m tertiary run of G203-p22 Tab 6 on ANY carrier within 47.5 m",the connection runs 15 m from the plot boundary to the carrier; G203-p17 sec 3.2 puts it in the public right-of-way - confirm one exists across that land before building
R00358,E0028547,37.36,446538.224,2568506.808,1,0.742,41.34,43.84,"G203-p18 note under Tab 4: 'If necessary, a manhole will be added'. These plots have no chamber inside the 45 m tertiary run of G203-p22 Tab 6 on ANY carrier within 47.5 m",the connection runs 44 m from the plot boundary to the carrier; G203-p17 sec 3.2 puts it in the public right-of-way - confirm one exists across that land before building
R00359,E0028650,1.43,454783.4,2573895.346,1,1.08,44.51,47.01,"G203-p18 note under Tab 4: 'If necessary, a manhole will be added'. These plots have no chamber inside the 45 m tertiary run of G203-p22 Tab 6 on ANY carrier within 47.5 m",the connection runs 47 m from the plot boundary to the carrier; G203-p17 sec 3.2 puts it in the public right-of-way - confirm one exists across that land before building
R00360,E0028670,59.32,459802.31,2569418.732,1,3.579,44.22,46.72,"G203-p18 note under Tab 4: 'If necessary, a manhole will be added'. These plots have no chamber inside the 45 m tertiary run of G203-p22 Tab 6 on ANY carrier within 47.5 m",the connection runs 47 m from the plot boundary to the carrier; G203-p17 sec 3.2 puts it in the public right-of-way - confirm one exists across that land before building
R00361,E0028674,38.15,459417.845,2569652.607,1,1.08,9.69,12.19,"G203-p18 note under Tab 4: 'If necessary, a manhole will be added'. These plots have no chamber inside the 45 m tertiary run of G203-p22 Tab 6 on ANY carrier within 47.5 m",the connection runs 12 m from the plot boundary to the carrier; G203-p17 sec 3.2 puts it in the public right-of-way - confirm one exists across that land before building
R00362,E0028684,29.9,459640.335,2569597.315,1,2.499,44.79,47.29,"G203-p18 note under Tab 4: 'If necessary, a manhole will be added'. These plots have no chamber inside the 45 m tertiary run of G203-p22 Tab 6 on ANY carrier within 47.5 m",the connection runs 47 m from the plot boundary to the carrier; G203-p17 sec 3.2 puts it in the public right-of-way - confirm one exists across that land before building
R00363,E0028688,9.95,459286.411,2569850.623,1,1.08,39.36,41.86,"G203-p18 note under Tab 4: 'If necessary, a manhole will be added'. These plots have no chamber inside the 45 m tertiary run of G203-p22 Tab 6 on ANY carrier within 47.5 m",the connection runs 42 m from the plot boundary to the carrier; G203-p17 sec 3.2 puts it in the public right-of-way - confirm one exists across that land before building
R00364,E0028688,29.95,459306.292,2569848.451,1,1.08,39.24,41.74,"G203-p18 note under Tab 4: 'If necessary, a manhole will be added'. These plots have no chamber inside the 45 m tertiary run of G203-p22 Tab 6 on ANY carrier within 47.5 m",the connection runs 42 m from the plot boundary to the carrier; G203-p17 sec 3.2 puts it in the public right-of-way - confirm one exists across that land before building
R00365,E0028755,29.26,454974.357,2570741.298,1,1.08,37.0,39.5,"G203-p18 note under Tab 4: 'If necessary, a manhole will be added'. These plots have no chamber inside the 45 m tertiary run of G203-p22 Tab 6 on ANY carrier within 47.5 m",the connection runs 40 m from the plot boundary to the carrier; G203-p17 sec 3.2 puts it in the public right-of-way - confirm one exists across that land before building
R00366,E0028861,18.62,448480.926,2573289.117,1,1.08,44.31,46.81,"G203-p18 note under Tab 4: 'If necessary, a manhole will be added'. These plots have no chamber inside the 45 m tertiary run of G203-p22 Tab 6 on ANY carrier within 47.5 m",the connection runs 47 m from the plot boundary to the carrier; G203-p17 sec 3.2 puts it in the public right-of-way - confirm one exists across that land before building
R00367,E0028870,15.89,456138.98,2570922.046,1,1.08,29.93,32.43,"G203-p18 note under Tab 4: 'If necessary, a manhole will be added'. These plots have no chamber inside the 45 m tertiary run of G203-p22 Tab 6 on ANY carrier within 47.5 m",the connection runs 32 m from the plot boundary to the carrier; G203-p17 sec 3.2 puts it in the public right-of-way - confirm one exists across that land before building
R00368,E0029271,12.9,460155.148,2569269.646,1,1.08,34.3,36.8,"G203-p18 note under Tab 4: 'If necessary, a manhole will be added'. These plots have no chamber inside the 45 m tertiary run of G203-p22 Tab 6 on ANY carrier within 47.5 m",the connection runs 37 m from the plot boundary to the carrier; G203-p17 sec 3.2 puts it in the public right-of-way - confirm one exists across that land before building
R00369,E0029308,40.38,459652.664,2569788.504,1,1.08,44.1,46.6,"G203-p18 note under Tab 4: 'If necessary, a manhole will be added'. These plots have no chamber inside the 45 m tertiary run of G203-p22 Tab 6 on ANY carrier within 47.5 m",the connection runs 47 m from the plot boundary to the carrier; G203-p17 sec 3.2 puts it in the public right-of-way - confirm one exists across that land before building
R00370,E0029310,43.9,459911.577,2569986.238,1,1.08,29.16,31.66,"G203-p18 note under Tab 4: 'If necessary, a manhole will be added'. These plots have no chamber inside the 45 m tertiary run of G203-p22 Tab 6 on ANY carrier within 47.5 m",the connection runs 32 m from the plot boundary to the carrier; G203-p17 sec 3.2 puts it in the public right-of-way - confirm one exists across that land before building
R00371,E0029316,21.18,459859.979,2569682.523,1,1.08,40.72,43.22,"G203-p18 note under Tab 4: 'If necessary, a manhole will be added'. These plots have no chamber inside the 45 m tertiary run of G203-p22 Tab 6 on ANY carrier within 47.5 m",the connection runs 43 m from the plot boundary to the carrier; G203-p17 sec 3.2 puts it in the public right-of-way - confirm one exists across that land before building
R00372,E0029317,26.18,459781.17,2569714.371,1,1.08,40.86,43.36,"G203-p18 note under Tab 4: 'If necessary, a manhole will be added'. These plots have no chamber inside the 45 m tertiary run of G203-p22 Tab 6 on ANY carrier within 47.5 m",the connection runs 43 m from the plot boundary to the carrier; G203-p17 sec 3.2 puts it in the public right-of-way - confirm one exists across that land before building
R00373,E0029321,26.43,460917.334,2568699.592,1,1.08,41.74,44.24,"G203-p18 note under Tab 4: 'If necessary, a manhole will be added'. These plots have no chamber inside the 45 m tertiary run of G203-p22 Tab 6 on ANY carrier within 47.5 m",the connection runs 44 m from the plot boundary to the carrier; G203-p17 sec 3.2 puts it in the public right-of-way - confirm one exists across that land before building
R00374,E0029323,39.3,460903.926,2568843.646,1,1.08,43.66,46.16,"G203-p18 note under Tab 4: 'If necessary, a manhole will be added'. These plots have no chamber inside the 45 m tertiary run of G203-p22 Tab 6 on ANY carrier within 47.5 m",the connection runs 46 m from the plot boundary to the carrier; G203-p17 sec 3.2 puts it in the public right-of-way - confirm one exists across that land before building
R00375,E0029456,15.29,447887.636,2572542.645,1,1.08,34.85,37.35,"G203-p18 note under Tab 4: 'If necessary, a manhole will be added'. These plots have no chamber inside the 45 m tertiary run of G203-p22 Tab 6 on ANY carrier within 47.5 m",the connection runs 37 m from the plot boundary to the carrier; G203-p17 sec 3.2 puts it in the public right-of-way - confirm one exists across that land before building
R00376,E0029518,39.62,446813.356,2572233.873,1,1.08,8.44,10.94,"G203-p18 note under Tab 4: 'If necessary, a manhole will be added'. These plots have no chamber inside the 45 m tertiary run of G203-p22 Tab 6 on ANY carrier within 47.5 m",the connection runs 11 m from the plot boundary to the carrier; G203-p17 sec 3.2 puts it in the public right-of-way - confirm one exists across that land before building
R00377,E0029664,14.19,450630.322,2574840.941,1,1.08,42.02,44.52,"G203-p18 note under Tab 4: 'If necessary, a manhole will be added'. These plots have no chamber inside the 45 m tertiary run of G203-p22 Tab 6 on ANY carrier within 47.5 m",the connection runs 45 m from the plot boundary to the carrier; G203-p17 sec 3.2 puts it in the public right-of-way - confirm one exists across that land before building
R00378,E0029849,19.47,460365.185,2568921.325,1,1.08,42.02,44.52,"G203-p18 note under Tab 4: 'If necessary, a manhole will be added'. These plots have no chamber inside the 45 m tertiary run of G203-p22 Tab 6 on ANY carrier within 47.5 m",the connection runs 45 m from the plot boundary to the carrier; G203-p17 sec 3.2 puts it in the public right-of-way - confirm one exists across that land before building
R00379,E0029852,41.96,460274.216,2569096.977,1,1.08,42.59,45.09,"G203-p18 note under Tab 4: 'If necessary, a manhole will be added'. These plots have no chamber inside the 45 m tertiary run of G203-p22 Tab 6 on ANY carrier within 47.5 m",the connection runs 45 m from the plot boundary to the carrier; G203-p17 sec 3.2 puts it in the public right-of-way - confirm one exists across that land before building
R00380,E0029853,15.98,460253.517,2569047.087,1,1.08,43.0,45.5,"G203-p18 note under Tab 4: 'If necessary, a manhole will be added'. These plots have no chamber inside the 45 m tertiary run of G203-p22 Tab 6 on ANY carrier within 47.5 m",the connection runs 46 m from the plot boundary to the carrier; G203-p17 sec 3.2 puts it in the public right-of-way - confirm one exists across that land before building
R00381,E0029859,45.7,460140.314,2569614.876,1,1.08,42.91,45.41,"G203-p18 note under Tab 4: 'If necessary, a manhole will be added'. These plots have no chamber inside the 45 m tertiary run of G203-p22 Tab 6 on ANY carrier within 47.5 m",the connection runs 45 m from the plot boundary to the carrier; G203-p17 sec 3.2 puts it in the public right-of-way - confirm one exists across that land before building
R00382,E0029860,25.7,460117.981,2569559.186,1,1.08,42.96,45.46,"G203-p18 note under Tab 4: 'If necessary, a manhole will be added'. These plots have no chamber inside the 45 m tertiary run of G203-p22 Tab 6 on ANY carrier within 47.5 m",the connection runs 45 m from the plot boundary to the carrier; G203-p17 sec 3.2 puts it in the public right-of-way - confirm one exists across that land before building
R00383,E0029861,30.7,460086.344,2569480.291,1,1.08,43.04,45.54,"G203-p18 note under Tab 4: 'If necessary, a manhole will be added'. These plots have no chamber inside the 45 m tertiary run of G203-p22 Tab 6 on ANY carrier within 47.5 m",the connection runs 46 m from the plot boundary to the carrier; G203-p17 sec 3.2 puts it in the public right-of-way - confirm one exists across that land before building
R00384,E0029872,17.52,460136.544,2569379.458,1,1.08,42.77,45.27,"G203-p18 note under Tab 4: 'If necessary, a manhole will be added'. These plots have no chamber inside the 45 m tertiary run of G203-p22 Tab 6 on ANY carrier within 47.5 m",the connection runs 45 m from the plot boundary to the carrier; G203-p17 sec 3.2 puts it in the public right-of-way - confirm one exists across that land before building
R00385,E0029891,33.12,459390.246,2570002.84,1,1.08,44.43,46.93,"G203-p18 note under Tab 4: 'If necessary, a manhole will be added'. These plots have no chamber inside the 45 m tertiary run of G203-p22 Tab 6 on ANY carrier within 47.5 m",the connection runs 47 m from the plot boundary to the carrier; G203-p17 sec 3.2 puts it in the public right-of-way - confirm one exists across that land before building
R00386,E0029894,16.69,459596.474,2570244.072,1,1.08,38.58,41.08,"G203-p18 note under Tab 4: 'If necessary, a manhole will be added'. These plots have no chamber inside the 45 m tertiary run of G203-p22 Tab 6 on ANY carrier within 47.5 m",the connection runs 41 m from the plot boundary to the carrier; G203-p17 sec 3.2 puts it in the public right-of-way - confirm one exists across that land before building
R00387,E0029905,21.94,461074.796,2568808.168,1,1.08,43.11,45.61,"G203-p18 note under Tab 4: 'If necessary, a manhole will be added'. These plots have no chamber inside the 45 m tertiary run of G203-p22 Tab 6 on ANY carrier within 47.5 m",the connection runs 46 m from the plot boundary to the carrier; G203-p17 sec 3.2 puts it in the public right-of-way - confirm one exists across that land before building
R00388,E0029909,38.07,461333.855,2569140.016,1,1.08,42.42,44.92,"G203-p18 note under Tab 4: 'If necessary, a manhole will be added'. These plots have no chamber inside the 45 m tertiary run of G203-p22 Tab 6 on ANY carrier within 47.5 m",the connection runs 45 m from the plot boundary to the carrier; G203-p17 sec 3.2 puts it in the public right-of-way - confirm one exists across that land before building
R00389,E0029998,4.91,457106.166,2571848.692,1,1.08,40.22,42.72,"G203-p18 note under Tab 4: 'If necessary, a manhole will be added'. These plots have no chamber inside the 45 m tertiary run of G203-p22 Tab 6 on ANY carrier within 47.5 m",the connection runs 43 m from the plot boundary to the carrier; G203-p17 sec 3.2 puts it in the public right-of-way - confirm one exists across that land before building
R00390,E0029998,29.91,457086.195,2571863.731,1,1.08,40.14,42.64,"G203-p18 note under Tab 4: 'If necessary, a manhole will be added'. These plots have no chamber inside the 45 m tertiary run of G203-p22 Tab 6 on ANY carrier within 47.5 m",the connection runs 43 m from the plot boundary to the carrier; G203-p17 sec 3.2 puts it in the public right-of-way - confirm one exists across that land before building
R00391,E0030075,14.57,446564.606,2572158.738,1,1.08,35.66,38.16,"G203-p18 note under Tab 4: 'If necessary, a manhole will be added'. These plots have no chamber inside the 45 m tertiary run of G203-p22 Tab 6 on ANY carrier within 47.5 m",the connection runs 38 m from the plot boundary to the carrier; G203-p17 sec 3.2 puts it in the public right-of-way - confirm one exists across that land before building
R00392,E0030080,44.47,446689.615,2572378.314,1,1.08,8.69,11.19,"G203-p18 note under Tab 4: 'If necessary, a manhole will be added'. These plots have no chamber inside the 45 m tertiary run of G203-p22 Tab 6 on ANY carrier within 47.5 m",the connection runs 11 m from the plot boundary to the carrier; G203-p17 sec 3.2 puts it in the public right-of-way - confirm one exists across that land before building
R00393,E0030082,43.54,446683.299,2572246.807,1,1.08,42.63,45.13,"G203-p18 note under Tab 4: 'If necessary, a manhole will be added'. These plots have no chamber inside the 45 m tertiary run of G203-p22 Tab 6 on ANY carrier within 47.5 m",the connection runs 45 m from the plot boundary to the carrier; G203-p17 sec 3.2 puts it in the public right-of-way - confirm one exists across that land before building
R00394,E0030219,10.22,455843.534,2567897.645,1,1.08,40.28,42.78,"G203-p18 note under Tab 4: 'If necessary, a manhole will be added'. These plots have no chamber inside the 45 m tertiary run of G203-p22 Tab 6 on ANY carrier within 47.5 m",the connection runs 43 m from the plot boundary to the carrier; G203-p17 sec 3.2 puts it in the public right-of-way - confirm one exists across that land before building
R00395,E0030388,6.6,460070.048,2569693.936,1,1.08,44.69,47.19,"G203-p18 note under Tab 4: 'If necessary, a manhole will be added'. These plots have no chamber inside the 45 m tertiary run of G203-p22 Tab 6 on ANY carrier within 47.5 m",the connection runs 47 m from the plot boundary to the carrier; G203-p17 sec 3.2 puts it in the public right-of-way - confirm one exists across that land before building
R00396,E0030393,9.87,460355.398,2568843.618,1,1.08,42.57,45.07,"G203-p18 note under Tab 4: 'If necessary, a manhole will be added'. These plots have no chamber inside the 45 m tertiary run of G203-p22 Tab 6 on ANY carrier within 47.5 m",the connection runs 45 m from the plot boundary to the carrier; G203-p17 sec 3.2 puts it in the public right-of-way - confirm one exists across that land before building
R00397,E0030395,25.62,460428.945,2569079.835,1,1.08,43.83,46.33,"G203-p18 note under Tab 4: 'If necessary, a manhole will be added'. These plots have no chamber inside the 45 m tertiary run of G203-p22 Tab 6 on ANY carrier within 47.5 m",the connection runs 46 m from the plot boundary to the carrier; G203-p17 sec 3.2 puts it in the public right-of-way - confirm one exists across that land before building
R00398,E0030396,10.62,460368.66,2569104.141,1,1.08,43.89,46.39,"G203-p18 note under Tab 4: 'If necessary, a manhole will be added'. These plots have no chamber inside the 45 m tertiary run of G203-p22 Tab 6 on ANY carrier within 47.5 m",the connection runs 46 m from the plot boundary to the carrier; G203-p17 sec 3.2 puts it in the public right-of-way - confirm one exists across that land before building
R00399,E0030402,69.37,460297.208,2569152.394,1,1.08,43.25,45.75,"G203-p18 note under Tab 4: 'If necessary, a manhole will be added'. These plots have no chamber inside the 45 m tertiary run of G203-p22 Tab 6 on ANY carrier within 47.5 m",the connection runs 46 m from the plot boundary to the carrier; G203-p17 sec 3.2 puts it in the public right-of-way - confirm one exists across that land before building
R00400,E0030410,7.14,459881.144,2570142.944,1,1.08,44.58,47.08,"G203-p18 note under Tab 4: 'If necessary, a manhole will be added'. These plots have no chamber inside the 45 m tertiary run of G203-p22 Tab 6 on ANY carrier within 47.5 m",the connection runs 47 m from the plot boundary to the carrier; G203-p17 sec 3.2 puts it in the public right-of-way - confirm one exists across that land before building
R00401,E0030413,66.12,460340.308,2569879.065,1,1.08,44.9,47.4,"G203-p18 note under Tab 4: 'If necessary, a manhole will be added'. These plots have no chamber inside the 45 m tertiary run of G203-p22 Tab 6 on ANY carrier within 47.5 m",the connection runs 47 m from the plot boundary to the carrier; G203-p17 sec 3.2 puts it in the public right-of-way - confirm one exists across that land before building
R00402,E0030414,26.12,460325.202,2569842.026,1,1.08,44.71,47.21,"G203-p18 note under Tab 4: 'If necessary, a manhole will be added'. These plots have no chamber inside the 45 m tertiary run of G203-p22 Tab 6 on ANY carrier within 47.5 m",the connection runs 47 m from the plot boundary to the carrier; G203-p17 sec 3.2 puts it in the public right-of-way - confirm one exists across that land before building
R00403,E0030414,46.12,460317.649,2569823.507,1,1.08,44.61,47.11,"G203-p18 note under Tab 4: 'If necessary, a manhole will be added'. These plots have no chamber inside the 45 m tertiary run of G203-p22 Tab 6 on ANY carrier within 47.5 m",the connection runs 47 m from the plot boundary to the carrier; G203-p17 sec 3.2 puts it in the public right-of-way - confirm one exists across that land before building
R00404,E0030414,71.12,460308.208,2569800.358,1,1.08,44.48,46.98,"G203-p18 note under Tab 4: 'If necessary, a manhole will be added'. These plots have no chamber inside the 45 m tertiary run of G203-p22 Tab 6 on ANY carrier within 47.5 m",the connection runs 47 m from the plot boundary to the carrier; G203-p17 sec 3.2 puts it in the public right-of-way - confirm one exists across that land before building
R00405,E0030415,31.12,460293.102,2569763.32,1,1.08,44.29,46.79,"G203-p18 note under Tab 4: 'If necessary, a manhole will be added'. These plots have no chamber inside the 45 m tertiary run of G203-p22 Tab 6 on ANY carrier within 47.5 m",the connection runs 47 m from the plot boundary to the carrier; G203-p17 sec 3.2 puts it in the public right-of-way - confirm one exists across that land before building
R00406,E0030424,36.89,461176.01,2569203.495,1,1.08,42.71,45.21,"G203-p18 note under Tab 4: 'If necessary, a manhole will be added'. These plots have no chamber inside the 45 m tertiary run of G203-p22 Tab 6 on ANY carrier within 47.5 m",the connection runs 45 m from the plot boundary to the carrier; G203-p17 sec 3.2 puts it in the public right-of-way - confirm one exists across that land before building
R00407,E0030446,44.86,461185.594,2569334.312,1,1.08,42.78,45.28,"G203-p18 note under Tab 4: 'If necessary, a manhole will be added'. These plots have no chamber inside the 45 m tertiary run of G203-p22 Tab 6 on ANY carrier within 47.5 m",the connection runs 45 m from the plot boundary to the carrier; G203-p17 sec 3.2 puts it in the public right-of-way - confirm one exists across that land before building
R00408,E0030890,20.53,463017.792,2567179.572,1,1.08,43.71,46.21,"G203-p18 note under Tab 4: 'If necessary, a manhole will be added'. These plots have no chamber inside the 45 m tertiary run of G203-p22 Tab 6 on ANY carrier within 47.5 m",the connection runs 46 m from the plot boundary to the carrier; G203-p17 sec 3.2 puts it in the public right-of-way - confirm one exists across that land before building
R00409,E0030959,39.96,460479.113,2568923.245,1,1.08,42.51,45.01,"G203-p18 note under Tab 4: 'If necessary, a manhole will be added'. These plots have no chamber inside the 45 m tertiary run of G203-p22 Tab 6 on ANY carrier within 47.5 m",the connection runs 45 m from the plot boundary to the carrier; G203-p17 sec 3.2 puts it in the public right-of-way - confirm one exists across that land before building
R00410,E0030966,10.09,460483.71,2569331.31,1,1.08,43.29,45.79,"G203-p18 note under Tab 4: 'If necessary, a manhole will be added'. These plots have no chamber inside the 45 m tertiary run of G203-p22 Tab 6 on ANY carrier within 47.5 m",the connection runs 46 m from the plot boundary to the carrier; G203-p17 sec 3.2 puts it in the public right-of-way - confirm one exists across that land before building
R00411,E0030970,38.53,460504.346,2568865.44,1,1.08,43.05,45.55,"G203-p18 note under Tab 4: 'If necessary, a manhole will be added'. These plots have no chamber inside the 45 m tertiary run of G203-p22 Tab 6 on ANY carrier within 47.5 m",the connection runs 46 m from the plot boundary to the carrier; G203-p17 sec 3.2 puts it in the public right-of-way - confirm one exists across that land before building
R00412,E0030970,63.53,460481.146,2568874.757,1,1.08,43.04,45.54,"G203-p18 note under Tab 4: 'If necessary, a manhole will be added'. These plots have no chamber inside the 45 m tertiary run of G203-p22 Tab 6 on ANY carrier within 47.5 m",the connection runs 46 m from the plot boundary to the carrier; G203-p17 sec 3.2 puts it in the public right-of-way - confirm one exists across that land before building
R00413,E0030975,39.92,460151.123,2569750.977,1,1.08,42.15,44.65,"G203-p18 note under Tab 4: 'If necessary, a manhole will be added'. These plots have no chamber inside the 45 m tertiary run of G203-p22 Tab 6 on ANY carrier within 47.5 m",the connection runs 45 m from the plot boundary to the carrier; G203-p17 sec 3.2 puts it in the public right-of-way - confirm one exists across that land before building
R00414,E0030989,39.4,460323.707,2569496.91,1,1.08,41.52,44.02,"G203-p18 note under Tab 4: 'If necessary, a manhole will be added'. These plots have no chamber inside the 45 m tertiary run of G203-p22 Tab 6 on ANY carrier within 47.5 m",the connection runs 44 m from the plot boundary to the carrier; G203-p17 sec 3.2 puts it in the public right-of-way - confirm one exists across that land before building
R00415,E0030989,64.4,460300.421,2569506.005,1,1.08,41.27,43.77,"G203-p18 note under Tab 4: 'If necessary, a manhole will be added'. These plots have no chamber inside the 45 m tertiary run of G203-p22 Tab 6 on ANY carrier within 47.5 m",the connection runs 44 m from the plot boundary to the carrier; G203-p17 sec 3.2 puts it in the public right-of-way - confirm one exists across that land before building
R00416,E0030996,25.14,460535.988,2569688.318,1,1.08,43.3,45.8,"G203-p18 note under Tab 4: 'If necessary, a manhole will be added'. These plots have no chamber inside the 45 m tertiary run of G203-p22 Tab 6 on ANY carrier within 47.5 m",the connection runs 46 m from the plot boundary to the carrier; G203-p17 sec 3.2 puts it in the public right-of-way - confirm one exists across that land before building
R00417,E0031006,10.01,461328.426,2569358.942,1,1.08,40.72,43.22,"G203-p18 note under Tab 4: 'If necessary, a manhole will be added'. These plots have no chamber inside the 45 m tertiary run of G203-p22 Tab 6 on ANY carrier within 47.5 m",the connection runs 43 m from the plot boundary to the carrier; G203-p17 sec 3.2 puts it in the public right-of-way - confirm one exists across that land before building
R00418,E0031047,38.65,460040.957,2570377.489,1,5.096,39.85,42.35,"G203-p18 note under Tab 4: 'If necessary, a manhole will be added'. These plots have no chamber inside the 45 m tertiary run of G203-p22 Tab 6 on ANY carrier within 47.5 m",the connection runs 42 m from the plot boundary to the carrier; G203-p17 sec 3.2 puts it in the public right-of-way - confirm one exists across that land before building
R00419,E0031415,45.48,444489.417,2568491.099,1,2.966,43.8,46.3,"G203-p18 note under Tab 4: 'If necessary, a manhole will be added'. These plots have no chamber inside the 45 m tertiary run of G203-p22 Tab 6 on ANY carrier within 47.5 m",the connection runs 46 m from the plot boundary to the carrier; G203-p17 sec 3.2 puts it in the public right-of-way - confirm one exists across that land before building
R00420,E0031422,10.39,443665.121,2568607.48,1,1.08,42.67,45.17,"G203-p18 note under Tab 4: 'If necessary, a manhole will be added'. These plots have no chamber inside the 45 m tertiary run of G203-p22 Tab 6 on ANY carrier within 47.5 m",the connection runs 45 m from the plot boundary to the carrier; G203-p17 sec 3.2 puts it in the public right-of-way - confirm one exists across that land before building
R00421,E0031422,33.89,443642.55,2568614.037,1,1.08,42.18,44.68,"G203-p18 note under Tab 4: 'If necessary, a manhole will be added'. These plots have no chamber inside the 45 m tertiary run of G203-p22 Tab 6 on ANY carrier within 47.5 m",the connection runs 45 m from the plot boundary to the carrier; G203-p17 sec 3.2 puts it in the public right-of-way - confirm one exists across that land before building
R00422,E0031546,10.12,460599.639,2568998.997,1,1.08,43.93,46.43,"G203-p18 note under Tab 4: 'If necessary, a manhole will be added'. These plots have no chamber inside the 45 m tertiary run of G203-p22 Tab 6 on ANY carrier within 47.5 m",the connection runs 46 m from the plot boundary to the carrier; G203-p17 sec 3.2 puts it in the public right-of-way - confirm one exists across that land before building
R00423,E0031560,13.11,460389.019,2569552.773,1,1.08,43.18,45.68,"G203-p18 note under Tab 4: 'If necessary, a manhole will be added'. These plots have no chamber inside the 45 m tertiary run of G203-p22 Tab 6 on ANY carrier within 47.5 m",the connection runs 46 m from the plot boundary to the carrier; G203-p17 sec 3.2 puts it in the public right-of-way - confirm one exists across that land before building
R00424,E0031565,40.15,460024.728,2570033.061,1,1.08,5.34,7.84,"G203-p18 note under Tab 4: 'If necessary, a manhole will be added'. These plots have no chamber inside the 45 m tertiary run of G203-p22 Tab 6 on ANY carrier within 47.5 m",the connection runs 8 m from the plot boundary to the carrier; G203-p17 sec 3.2 puts it in the public right-of-way - confirm one exists across that land before building
R00425,E0031667,34.43,455492.058,2570387.802,1,1.08,12.47,14.97,"G203-p18 note under Tab 4: 'If necessary, a manhole will be added'. These plots have no chamber inside the 45 m tertiary run of G203-p22 Tab 6 on ANY carrier within 47.5 m",the connection runs 15 m from the plot boundary to the carrier; G203-p17 sec 3.2 puts it in the public right-of-way - confirm one exists across that land before building
R00426,E0031898,5.38,455055.162,2567013.675,1,1.08,42.26,44.76,"G203-p18 note under Tab 4: 'If necessary, a manhole will be added'. These plots have no chamber inside the 45 m tertiary run of G203-p22 Tab 6 on ANY carrier within 47.5 m",the connection runs 45 m from the plot boundary to the carrier; G203-p17 sec 3.2 puts it in the public right-of-way - confirm one exists across that land before building
R00427,E0031967,32.04,444241.609,2568519.887,1,1.08,39.98,42.48,"G203-p18 note under Tab 4: 'If necessary, a manhole will be added'. These plots have no chamber inside the 45 m tertiary run of G203-p22 Tab 6 on ANY carrier within 47.5 m",the connection runs 42 m from the plot boundary to the carrier; G203-p17 sec 3.2 puts it in the public right-of-way - confirm one exists across that land before building
R00428,E0032066,6.15,460275.076,2569977.182,1,1.08,43.96,46.46,"G203-p18 note under Tab 4: 'If necessary, a manhole will be added'. These plots have no chamber inside the 45 m tertiary run of G203-p22 Tab 6 on ANY carrier within 47.5 m",the connection runs 46 m from the plot boundary to the carrier; G203-p17 sec 3.2 puts it in the public right-of-way - confirm one exists across that land before building
R00429,E0032066,41.15,460242.682,2569990.433,1,1.08,44.17,46.67,"G203-p18 note under Tab 4: 'If necessary, a manhole will be added'. These plots have no chamber inside the 45 m tertiary run of G203-p22 Tab 6 on ANY carrier within 47.5 m",the connection runs 47 m from the plot boundary to the carrier; G203-p17 sec 3.2 puts it in the public right-of-way - confirm one exists across that land before building
R00430,E0032067,11.15,460196.404,2570009.364,1,1.08,44.47,46.97,"G203-p18 note under Tab 4: 'If necessary, a manhole will be added'. These plots have no chamber inside the 45 m tertiary run of G203-p22 Tab 6 on ANY carrier within 47.5 m",the connection runs 47 m from the plot boundary to the carrier; G203-p17 sec 3.2 puts it in the public right-of-way - confirm one exists across that land before building
R00431,E0032078,17.63,460574.39,2569561.12,1,2.499,35.69,38.19,"G203-p18 note under Tab 4: 'If necessary, a manhole will be added'. These plots have no chamber inside the 45 m tertiary run of G203-p22 Tab 6 on ANY carrier within 47.5 m",the connection runs 38 m from the plot boundary to the carrier; G203-p17 sec 3.2 puts it in the public right-of-way - confirm one exists across that land before building
R00432,E0032112,37.8,460444.436,2570660.833,1,1.08,43.98,46.48,"G203-p18 note under Tab 4: 'If necessary, a manhole will be added'. These plots have no chamber inside the 45 m tertiary run of G203-p22 Tab 6 on ANY carrier within 47.5 m",the connection runs 46 m from the plot boundary to the carrier; G203-p17 sec 3.2 puts it in the public right-of-way - confirm one exists across that land before building
R00433,E0032117,63.79,460364.496,2570774.655,1,1.08,44.69,47.19,"G203-p18 note under Tab 4: 'If necessary, a manhole will be added'. These plots have no chamber inside the 45 m tertiary run of G203-p22 Tab 6 on ANY carrier within 47.5 m",the connection runs 47 m from the plot boundary to the carrier; G203-p17 sec 3.2 puts it in the public right-of-way - confirm one exists across that land before building
R00434,E0032557,31.19,442526.782,2569029.718,1,1.08,40.53,43.03,"G203-p18 note under Tab 4: 'If necessary, a manhole will be added'. These plots have no chamber inside the 45 m tertiary run of G203-p22 Tab 6 on ANY carrier within 47.5 m",the connection runs 43 m from the plot boundary to the carrier; G203-p17 sec 3.2 puts it in the public right-of-way - confirm one exists across that land before building
R00435,E0032608,29.08,453256.871,2573938.807,1,1.483,44.62,47.12,"G203-p18 note under Tab 4: 'If necessary, a manhole will be added'. These plots have no chamber inside the 45 m tertiary run of G203-p22 Tab 6 on ANY carrier within 47.5 m",the connection runs 47 m from the plot boundary to the carrier; G203-p17 sec 3.2 puts it in the public right-of-way - confirm one exists across that land before building
R00436,E0032640,47.26,460822.065,2569113.792,1,1.08,43.0,45.5,"G203-p18 note under Tab 4: 'If necessary, a manhole will be added'. These plots have no chamber inside the 45 m tertiary run of G203-p22 Tab 6 on ANY carrier within 47.5 m",the connection runs 45 m from the plot boundary to the carrier; G203-p17 sec 3.2 puts it in the public right-of-way - confirm one exists across that land before building
R00437,E0032646,40.46,460755.511,2569555.776,1,1.08,44.27,46.77,"G203-p18 note under Tab 4: 'If necessary, a manhole will be added'. These plots have no chamber inside the 45 m tertiary run of G203-p22 Tab 6 on ANY carrier within 47.5 m",the connection runs 47 m from the plot boundary to the carrier; G203-p17 sec 3.2 puts it in the public right-of-way - confirm one exists across that land before building
R00438,E0032930,34.36,454891.821,2566941.65,1,1.08,12.51,15.01,"G203-p18 note under Tab 4: 'If necessary, a manhole will be added'. These plots have no chamber inside the 45 m tertiary run of G203-p22 Tab 6 on ANY carrier within 47.5 m",the connection runs 15 m from the plot boundary to the carrier; G203-p17 sec 3.2 puts it in the public right-of-way - confirm one exists across that land before building
R00439,E0033042,24.08,455319.856,2575983.207,1,1.08,34.77,37.27,"G203-p18 note under Tab 4: 'If necessary, a manhole will be added'. These plots have no chamber inside the 45 m tertiary run of G203-p22 Tab 6 on ANY carrier within 47.5 m",the connection runs 37 m from the plot boundary to the carrier; G203-p17 sec 3.2 puts it in the public right-of-way - confirm one exists across that land before building
R00440,E0033159,7.65,460914.245,2569260.362,2,2.16,42.39,27.26,"G203-p18 note under Tab 4: 'If necessary, a manhole will be added'. These plots have no chamber inside the 45 m tertiary run of G203-p22 Tab 6 on ANY carrier within 47.5 m",the connection runs 27 m from the plot boundary to the carrier; G203-p17 sec 3.2 puts it in the public right-of-way - confirm one exists across that land before building
R00441,E0033162,50.26,460570.878,2569969.454,1,2.499,35.15,37.65,"G203-p18 note under Tab 4: 'If necessary, a manhole will be added'. These plots have no chamber inside the 45 m tertiary run of G203-p22 Tab 6 on ANY carrier within 47.5 m",the connection runs 38 m from the plot boundary to the carrier; G203-p17 sec 3.2 puts it in the public right-of-way - confirm one exists across that land before building
R00442,E0033234,8.85,460301.382,2570902.621,1,1.08,41.67,44.17,"G203-p18 note under Tab 4: 'If necessary, a manhole will be added'. These plots have no chamber inside the 45 m tertiary run of G203-p22 Tab 6 on ANY carrier within 47.5 m",the connection runs 44 m from the plot boundary to the carrier; G203-p17 sec 3.2 puts it in the public right-of-way - confirm one exists across that land before building
R00443,E0033249,38.45,460908.677,2570281.612,1,1.08,44.1,46.6,"G203-p18 note under Tab 4: 'If necessary, a manhole will be added'. These plots have no chamber inside the 45 m tertiary run of G203-p22 Tab 6 on ANY carrier within 47.5 m",the connection runs 47 m from the plot boundary to the carrier; G203-p17 sec 3.2 puts it in the public right-of-way - confirm one exists across that land before building
R00444,E0033276,57.9,461054.94,2570491.016,1,1.08,41.32,43.82,"G203-p18 note under Tab 4: 'If necessary, a manhole will be added'. These plots have no chamber inside the 45 m tertiary run of G203-p22 Tab 6 on ANY carrier within 47.5 m",the connection runs 44 m from the plot boundary to the carrier; G203-p17 sec 3.2 puts it in the public right-of-way - confirm one exists across that land before building
R00445,E0033283,35.4,461286.865,2570226.139,1,2.499,24.24,26.74,"G203-p18 note under Tab 4: 'If necessary, a manhole will be added'. These plots have no chamber inside the 45 m tertiary run of G203-p22 Tab 6 on ANY carrier within 47.5 m",the connection runs 27 m from the plot boundary to the carrier; G203-p17 sec 3.2 puts it in the public right-of-way - confirm one exists across that land before building
R00446,E0033287,35.24,461087.269,2570317.492,1,1.08,43.04,45.54,"G203-p18 note under Tab 4: 'If necessary, a manhole will be added'. These plots have no chamber inside the 45 m tertiary run of G203-p22 Tab 6 on ANY carrier within 47.5 m",the connection runs 46 m from the plot boundary to the carrier; G203-p17 sec 3.2 puts it in the public right-of-way - confirm one exists across that land before building
R00447,E0033287,60.24,461072.963,2570296.99,1,1.08,43.03,45.53,"G203-p18 note under Tab 4: 'If necessary, a manhole will be added'. These plots have no chamber inside the 45 m tertiary run of G203-p22 Tab 6 on ANY carrier within 47.5 m",the connection runs 46 m from the plot boundary to the carrier; G203-p17 sec 3.2 puts it in the public right-of-way - confirm one exists across that land before building
R00448,E0033288,40.24,461038.627,2570247.785,1,1.08,43.01,45.51,"G203-p18 note under Tab 4: 'If necessary, a manhole will be added'. These plots have no chamber inside the 45 m tertiary run of G203-p22 Tab 6 on ANY carrier within 47.5 m",the connection runs 46 m from the plot boundary to the carrier; G203-p17 sec 3.2 puts it in the public right-of-way - confirm one exists across that land before building
R00449,E0033291,36.14,460056.685,2571430.393,1,1.08,9.21,11.71,"G203-p18 note under Tab 4: 'If necessary, a manhole will be added'. These plots have no chamber inside the 45 m tertiary run of G203-p22 Tab 6 on ANY carrier within 47.5 m",the connection runs 12 m from the plot boundary to the carrier; G203-p17 sec 3.2 puts it in the public right-of-way - confirm one exists across that land before building
R00450,E0033315,51.64,460040.558,2571498.145,1,1.08,41.58,44.08,"G203-p18 note under Tab 4: 'If necessary, a manhole will be added'. These plots have no chamber inside the 45 m tertiary run of G203-p22 Tab 6 on ANY carrier within 47.5 m",the connection runs 44 m from the plot boundary to the carrier; G203-p17 sec 3.2 puts it in the public right-of-way - confirm one exists across that land before building
R00451,E0033676,14.78,461015.754,2569726.107,1,1.08,35.64,38.14,"G203-p18 note under Tab 4: 'If necessary, a manhole will be added'. These plots have no chamber inside the 45 m tertiary run of G203-p22 Tab 6 on ANY carrier within 47.5 m",the connection runs 38 m from the plot boundary to the carrier; G203-p17 sec 3.2 puts it in the public right-of-way - confirm one exists across that land before building
R00452,E0033735,8.09,456292.249,2572131.601,1,3.579,37.24,39.74,"G203-p18 note under Tab 4: 'If necessary, a manhole will be added'. These plots have no chamber inside the 45 m tertiary run of G203-p22 Tab 6 on ANY carrier within 47.5 m",the connection runs 40 m from the plot boundary to the carrier; G203-p17 sec 3.2 puts it in the public right-of-way - confirm one exists across that land before building
R00453,E0033735,28.08,456275.749,2572142.891,1,1.08,37.79,40.29,"G203-p18 note under Tab 4: 'If necessary, a manhole will be added'. These plots have no chamber inside the 45 m tertiary run of G203-p22 Tab 6 on ANY carrier within 47.5 m",the connection runs 40 m from the plot boundary to the carrier; G203-p17 sec 3.2 puts it in the public right-of-way - confirm one exists across that land before building
R00454,E0033736,23.05,456205.625,2572190.874,1,3.579,40.12,42.62,"G203-p18 note under Tab 4: 'If necessary, a manhole will be added'. These plots have no chamber inside the 45 m tertiary run of G203-p22 Tab 6 on ANY carrier within 47.5 m",the connection runs 43 m from the plot boundary to the carrier; G203-p17 sec 3.2 puts it in the public right-of-way - confirm one exists across that land before building
R00455,E0033736,43.04,456189.125,2572202.165,1,3.579,40.67,43.17,"G203-p18 note under Tab 4: 'If necessary, a manhole will be added'. These plots have no chamber inside the 45 m tertiary run of G203-p22 Tab 6 on ANY carrier within 47.5 m",the connection runs 43 m from the plot boundary to the carrier; G203-p17 sec 3.2 puts it in the public right-of-way - confirm one exists across that land before building
R00456,E0033737,18.02,456135.5,2572238.858,1,1.08,42.45,44.95,"G203-p18 note under Tab 4: 'If necessary, a manhole will be added'. These plots have no chamber inside the 45 m tertiary run of G203-p22 Tab 6 on ANY carrier within 47.5 m",the connection runs 45 m from the plot boundary to the carrier; G203-p17 sec 3.2 puts it in the public right-of-way - confirm one exists across that land before building
R00457,E0033739,15.49,461254.73,2570146.542,2,3.579,43.26,36.07,"G203-p18 note under Tab 4: 'If necessary, a manhole will be added'. These plots have no chamber inside the 45 m tertiary run of G203-p22 Tab 6 on ANY carrier within 47.5 m",the connection runs 36 m from the plot boundary to the carrier; G203-p17 sec 3.2 puts it in the public right-of-way - confirm one exists across that land before building
R00458,E0033739,40.29,461234.658,2570161.115,1,1.08,43.54,46.04,"G203-p18 note under Tab 4: 'If necessary, a manhole will be added'. These plots have no chamber inside the 45 m tertiary run of G203-p22 Tab 6 on ANY carrier within 47.5 m",the connection runs 46 m from the plot boundary to the carrier; G203-p17 sec 3.2 puts it in the public right-of-way - confirm one exists across that land before building
R00459,E0033740,20.28,461186.113,2570196.36,1,1.08,44.68,47.18,"G203-p18 note under Tab 4: 'If necessary, a manhole will be added'. These plots have no chamber inside the 45 m tertiary run of G203-p22 Tab 6 on ANY carrier within 47.5 m",the connection runs 47 m from the plot boundary to the carrier; G203-p17 sec 3.2 puts it in the public right-of-way - confirm one exists across that land before building
R00460,E0033905,37.16,458450.673,2571713.333,1,1.08,25.13,27.63,"G203-p18 note under Tab 4: 'If necessary, a manhole will be added'. These plots have no chamber inside the 45 m tertiary run of G203-p22 Tab 6 on ANY carrier within 47.5 m",the connection runs 28 m from the plot boundary to the carrier; G203-p17 sec 3.2 puts it in the public right-of-way - confirm one exists across that land before building
R00461,E0033943,7.97,458688.336,2571703.248,1,1.08,44.32,46.82,"G203-p18 note under Tab 4: 'If necessary, a manhole will be added'. These plots have no chamber inside the 45 m tertiary run of G203-p22 Tab 6 on ANY carrier within 47.5 m",the connection runs 47 m from the plot boundary to the carrier; G203-p17 sec 3.2 puts it in the public right-of-way - confirm one exists across that land before building
R00462,E0034100,40.29,460996.692,2569320.182,1,1.08,8.64,11.14,"G203-p18 note under Tab 4: 'If necessary, a manhole will be added'. These plots have no chamber inside the 45 m tertiary run of G203-p22 Tab 6 on ANY carrier within 47.5 m",the connection runs 11 m from the plot boundary to the carrier; G203-p17 sec 3.2 puts it in the public right-of-way - confirm one exists across that land before building
R00463,E0034109,9.18,460076.597,2570863.157,1,1.08,43.09,45.59,"G203-p18 note under Tab 4: 'If necessary, a manhole will be added'. These plots have no chamber inside the 45 m tertiary run of G203-p22 Tab 6 on ANY carrier within 47.5 m",the connection runs 46 m from the plot boundary to the carrier; G203-p17 sec 3.2 puts it in the public right-of-way - confirm one exists across that land before building
R00464,E0034177,24.91,461327.598,2570070.906,1,1.08,43.79,46.29,"G203-p18 note under Tab 4: 'If necessary, a manhole will be added'. These plots have no chamber inside the 45 m tertiary run of G203-p22 Tab 6 on ANY carrier within 47.5 m",the connection runs 46 m from the plot boundary to the carrier; G203-p17 sec 3.2 puts it in the public right-of-way - confirm one exists across that land before building
R00465,E0034178,50.31,461266.914,2569984.722,1,1.08,40.73,43.23,"G203-p18 note under Tab 4: 'If necessary, a manhole will be added'. These plots have no chamber inside the 45 m tertiary run of G203-p22 Tab 6 on ANY carrier within 47.5 m",the connection runs 43 m from the plot boundary to the carrier; G203-p17 sec 3.2 puts it in the public right-of-way - confirm one exists across that land before building
R00466,E0034208,23.68,456590.924,2572242.02,1,1.08,42.59,45.09,"G203-p18 note under Tab 4: 'If necessary, a manhole will be added'. These plots have no chamber inside the 45 m tertiary run of G203-p22 Tab 6 on ANY carrier within 47.5 m",the connection runs 45 m from the plot boundary to the carrier; G203-p17 sec 3.2 puts it in the public right-of-way - confirm one exists across that land before building
R00467,E0034218,51.11,456468.221,2571998.104,1,1.08,41.97,44.47,"G203-p18 note under Tab 4: 'If necessary, a manhole will be added'. These plots have no chamber inside the 45 m tertiary run of G203-p22 Tab 6 on ANY carrier within 47.5 m",the connection runs 44 m from the plot boundary to the carrier; G203-p17 sec 3.2 puts it in the public right-of-way - confirm one exists across that land before building
R00468,E0034456,22.36,442395.417,2569247.637,1,1.08,41.2,43.7,"G203-p18 note under Tab 4: 'If necessary, a manhole will be added'. These plots have no chamber inside the 45 m tertiary run of G203-p22 Tab 6 on ANY carrier within 47.5 m",the connection runs 44 m from the plot boundary to the carrier; G203-p17 sec 3.2 puts it in the public right-of-way - confirm one exists across that land before building
R00469,E0034456,42.33,442378.614,2569258.43,1,1.08,40.1,42.6,"G203-p18 note under Tab 4: 'If necessary, a manhole will be added'. These plots have no chamber inside the 45 m tertiary run of G203-p22 Tab 6 on ANY carrier within 47.5 m",the connection runs 43 m from the plot boundary to the carrier; G203-p17 sec 3.2 puts it in the public right-of-way - confirm one exists across that land before building
R00470,E0034475,25.93,441713.12,2569678.671,1,2.966,37.67,40.17,"G203-p18 note under Tab 4: 'If necessary, a manhole will be added'. These plots have no chamber inside the 45 m tertiary run of G203-p22 Tab 6 on ANY carrier within 47.5 m",the connection runs 40 m from the plot boundary to the carrier; G203-p17 sec 3.2 puts it in the public right-of-way - confirm one exists across that land before building
R00471,E0034495,72.51,453714.337,2575967.273,1,1.08,44.97,47.47,"G203-p18 note under Tab 4: 'If necessary, a manhole will be added'. These plots have no chamber inside the 45 m tertiary run of G203-p22 Tab 6 on ANY carrier within 47.5 m",the connection runs 47 m from the plot boundary to the carrier; G203-p17 sec 3.2 puts it in the public right-of-way - confirm one exists across that land before building
R00472,E0034530,38.15,461081.049,2569424.609,1,1.08,43.31,45.81,"G203-p18 note under Tab 4: 'If necessary, a manhole will be added'. These plots have no chamber inside the 45 m tertiary run of G203-p22 Tab 6 on ANY carrier within 47.5 m",the connection runs 46 m from the plot boundary to the carrier; G203-p17 sec 3.2 puts it in the public right-of-way - confirm one exists across that land before building
R00473,E0034552,9.13,462251.991,2569852.905,1,1.08,40.88,43.38,"G203-p18 note under Tab 4: 'If necessary, a manhole will be added'. These plots have no chamber inside the 45 m tertiary run of G203-p22 Tab 6 on ANY carrier within 47.5 m",the connection runs 43 m from the plot boundary to the carrier; G203-p17 sec 3.2 puts it in the public right-of-way - confirm one exists across that land before building
R00474,E0034559,53.73,462314.533,2569718.882,1,1.08,41.48,43.98,"G203-p18 note under Tab 4: 'If necessary, a manhole will be added'. These plots have no chamber inside the 45 m tertiary run of G203-p22 Tab 6 on ANY carrier within 47.5 m",the connection runs 44 m from the plot boundary to the carrier; G203-p17 sec 3.2 puts it in the public right-of-way - confirm one exists across that land before building
R00475,E0034565,20.18,461958.37,2570081.597,2,2.16,42.47,27.43,"G203-p18 note under Tab 4: 'If necessary, a manhole will be added'. These plots have no chamber inside the 45 m tertiary run of G203-p22 Tab 6 on ANY carrier within 47.5 m",the connection runs 27 m from the plot boundary to the carrier; G203-p17 sec 3.2 puts it in the public right-of-way - confirm one exists across that land before building
R00476,E0034565,40.18,461946.856,2570065.244,1,1.08,42.38,44.88,"G203-p18 note under Tab 4: 'If necessary, a manhole will be added'. These plots have no chamber inside the 45 m tertiary run of G203-p22 Tab 6 on ANY carrier within 47.5 m",the connection runs 45 m from the plot boundary to the carrier; G203-p17 sec 3.2 puts it in the public right-of-way - confirm one exists across that land before building
R00477,E0034582,11.48,461431.227,2570218.083,1,1.08,42.98,45.48,"G203-p18 note under Tab 4: 'If necessary, a manhole will be added'. These plots have no chamber inside the 45 m tertiary run of G203-p22 Tab 6 on ANY carrier within 47.5 m",the connection runs 45 m from the plot boundary to the carrier; G203-p17 sec 3.2 puts it in the public right-of-way - confirm one exists across that land before building
R00478,E0034583,19.01,461468.886,2569971.321,2,2.16,44.06,28.92,"G203-p18 note under Tab 4: 'If necessary, a manhole will be added'. These plots have no chamber inside the 45 m tertiary run of G203-p22 Tab 6 on ANY carrier within 47.5 m",the connection runs 29 m from the plot boundary to the carrier; G203-p17 sec 3.2 puts it in the public right-of-way - confirm one exists across that land before building
R00479,E0034583,39.01,461457.218,2569955.08,1,1.08,43.78,46.28,"G203-p18 note under Tab 4: 'If necessary, a manhole will be added'. These plots have no chamber inside the 45 m tertiary run of G203-p22 Tab 6 on ANY carrier within 47.5 m",the connection runs 46 m from the plot boundary to the carrier; G203-p17 sec 3.2 puts it in the public right-of-way - confirm one exists across that land before building
R00480,E0034587,34.64,461561.352,2570100.026,1,1.08,11.29,13.79,"G203-p18 note under Tab 4: 'If necessary, a manhole will be added'. These plots have no chamber inside the 45 m tertiary run of G203-p22 Tab 6 on ANY carrier within 47.5 m",the connection runs 14 m from the plot boundary to the carrier; G203-p17 sec 3.2 puts it in the public right-of-way - confirm one exists across that land before building
R00481,E0034589,48.52,461425.466,2570131.095,1,1.08,43.06,45.56,"G203-p18 note under Tab 4: 'If necessary, a manhole will be added'. These plots have no chamber inside the 45 m tertiary run of G203-p22 Tab 6 on ANY carrier within 47.5 m",the connection runs 46 m from the plot boundary to the carrier; G203-p17 sec 3.2 puts it in the public right-of-way - confirm one exists across that land before building
R00482,E0034744,24.59,456670.623,2572308.361,1,1.08,40.23,42.73,"G203-p18 note under Tab 4: 'If necessary, a manhole will be added'. These plots have no chamber inside the 45 m tertiary run of G203-p22 Tab 6 on ANY carrier within 47.5 m",the connection runs 43 m from the plot boundary to the carrier; G203-p17 sec 3.2 puts it in the public right-of-way - confirm one exists across that land before building
R00483,E0034744,54.59,456688.688,2572332.313,1,1.08,40.17,42.67,"G203-p18 note under Tab 4: 'If necessary, a manhole will be added'. These plots have no chamber inside the 45 m tertiary run of G203-p22 Tab 6 on ANY carrier within 47.5 m",the connection runs 43 m from the plot boundary to the carrier; G203-p17 sec 3.2 puts it in the public right-of-way - confirm one exists across that land before building
R00484,E0035011,39.93,455278.721,2576143.409,2,2.16,32.3,24.67,"G203-p18 note under Tab 4: 'If necessary, a manhole will be added'. These plots have no chamber inside the 45 m tertiary run of G203-p22 Tab 6 on ANY carrier within 47.5 m",the connection runs 25 m from the plot boundary to the carrier; G203-p17 sec 3.2 puts it in the public right-of-way - confirm one exists across that land before building
R00485,E0035120,18.88,461740.914,2570068.748,1,1.08,43.54,46.04,"G203-p18 note under Tab 4: 'If necessary, a manhole will be added'. These plots have no chamber inside the 45 m tertiary run of G203-p22 Tab 6 on ANY carrier within 47.5 m",the connection runs 46 m from the plot boundary to the carrier; G203-p17 sec 3.2 puts it in the public right-of-way - confirm one exists across that land before building
R00486,E0035146,9.93,456264.877,2571769.678,1,1.08,40.91,43.41,"G203-p18 note under Tab 4: 'If necessary, a manhole will be added'. These plots have no chamber inside the 45 m tertiary run of G203-p22 Tab 6 on ANY carrier within 47.5 m",the connection runs 43 m from the plot boundary to the carrier; G203-p17 sec 3.2 puts it in the public right-of-way - confirm one exists across that land before building
R00487,E0035148,6.65,456663.579,2571855.741,1,1.08,42.52,45.02,"G203-p18 note under Tab 4: 'If necessary, a manhole will be added'. These plots have no chamber inside the 45 m tertiary run of G203-p22 Tab 6 on ANY carrier within 47.5 m",the connection runs 45 m from the plot boundary to the carrier; G203-p17 sec 3.2 puts it in the public right-of-way - confirm one exists across that land before building
R00488,E0035148,32.4,456642.775,2571870.916,1,1.08,42.45,44.95,"G203-p18 note under Tab 4: 'If necessary, a manhole will be added'. These plots have no chamber inside the 45 m tertiary run of G203-p22 Tab 6 on ANY carrier within 47.5 m",the connection runs 45 m from the plot boundary to the carrier; G203-p17 sec 3.2 puts it in the public right-of-way - confirm one exists across that land before building
R00489,E0035148,58.15,456621.971,2571886.09,1,1.08,42.38,44.88,"G203-p18 note under Tab 4: 'If necessary, a manhole will be added'. These plots have no chamber inside the 45 m tertiary run of G203-p22 Tab 6 on ANY carrier within 47.5 m",the connection runs 45 m from the plot boundary to the carrier; G203-p17 sec 3.2 puts it in the public right-of-way - confirm one exists across that land before building
R00490,E0035210,38.67,456119.718,2569130.214,1,1.08,43.1,45.6,"G203-p18 note under Tab 4: 'If necessary, a manhole will be added'. These plots have no chamber inside the 45 m tertiary run of G203-p22 Tab 6 on ANY carrier within 47.5 m",the connection runs 46 m from the plot boundary to the carrier; G203-p17 sec 3.2 puts it in the public right-of-way - confirm one exists across that land before building
R00491,E0035253,37.26,445700.664,2572317.452,1,1.08,29.29,31.79,"G203-p18 note under Tab 4: 'If necessary, a manhole will be added'. These plots have no chamber inside the 45 m tertiary run of G203-p22 Tab 6 on ANY carrier within 47.5 m",the connection runs 32 m from the plot boundary to the carrier; G203-p17 sec 3.2 puts it in the public right-of-way - confirm one exists across that land before building
R00492,E0035375,43.98,443062.606,2569252.947,1,1.08,40.71,43.21,"G203-p18 note under Tab 4: 'If necessary, a manhole will be added'. These plots have no chamber inside the 45 m tertiary run of G203-p22 Tab 6 on ANY carrier within 47.5 m",the connection runs 43 m from the plot boundary to the carrier; G203-p17 sec 3.2 puts it in the public right-of-way - confirm one exists across that land before building
R00493,E0035376,35.08,443126.104,2569228.763,1,2.225,35.7,38.2,"G203-p18 note under Tab 4: 'If necessary, a manhole will be added'. These plots have no chamber inside the 45 m tertiary run of G203-p22 Tab 6 on ANY carrier within 47.5 m",the connection runs 38 m from the plot boundary to the carrier; G203-p17 sec 3.2 puts it in the public right-of-way - confirm one exists across that land before building
R00494,E0035404,31.96,441714.231,2571176.69,1,1.08,44.71,47.21,"G203-p18 note under Tab 4: 'If necessary, a manhole will be added'. These plots have no chamber inside the 45 m tertiary run of G203-p22 Tab 6 on ANY carrier within 47.5 m",the connection runs 47 m from the plot boundary to the carrier; G203-p17 sec 3.2 puts it in the public right-of-way - confirm one exists across that land before building
R00495,E0035562,15.78,461349.455,2569458.93,2,2.16,36.03,27.39,"G203-p18 note under Tab 4: 'If necessary, a manhole will be added'. These plots have no chamber inside the 45 m tertiary run of G203-p22 Tab 6 on ANY carrier within 47.5 m",the connection runs 27 m from the plot boundary to the carrier; G203-p17 sec 3.2 puts it in the public right-of-way - confirm one exists across that land before building
R00496,E0035571,37.89,460792.742,2571109.63,1,5.096,40.37,42.87,"G203-p18 note under Tab 4: 'If necessary, a manhole will be added'. These plots have no chamber inside the 45 m tertiary run of G203-p22 Tab 6 on ANY carrier within 47.5 m",the connection runs 43 m from the plot boundary to the carrier; G203-p17 sec 3.2 puts it in the public right-of-way - confirm one exists across that land before building
R00497,E0035577,25.66,462428.262,2569846.101,1,1.08,42.93,45.43,"G203-p18 note under Tab 4: 'If necessary, a manhole will be added'. These plots have no chamber inside the 45 m tertiary run of G203-p22 Tab 6 on ANY carrier within 47.5 m",the connection runs 45 m from the plot boundary to the carrier; G203-p17 sec 3.2 puts it in the public right-of-way - confirm one exists across that land before building
R00498,E0035593,42.16,461253.665,2570877.68,1,1.08,10.91,13.41,"G203-p18 note under Tab 4: 'If necessary, a manhole will be added'. These plots have no chamber inside the 45 m tertiary run of G203-p22 Tab 6 on ANY carrier within 47.5 m",the connection runs 13 m from the plot boundary to the carrier; G203-p17 sec 3.2 puts it in the public right-of-way - confirm one exists across that land before building
R00499,E0035606,14.47,462005.09,2570280.241,1,1.08,41.96,44.46,"G203-p18 note under Tab 4: 'If necessary, a manhole will be added'. These plots have no chamber inside the 45 m tertiary run of G203-p22 Tab 6 on ANY carrier within 47.5 m",the connection runs 44 m from the plot boundary to the carrier; G203-p17 sec 3.2 puts it in the public right-of-way - confirm one exists across that land before building
R00500,E0035783,43.35,443171.877,2569299.488,1,1.08,31.97,34.47,"G203-p18 note under Tab 4: 'If necessary, a manhole will be added'. These plots have no chamber inside the 45 m tertiary run of G203-p22 Tab 6 on ANY carrier within 47.5 m",the connection runs 34 m from the plot boundary to the carrier; G203-p17 sec 3.2 puts it in the public right-of-way - confirm one exists across that land before building
R00501,E0035887,19.31,454521.604,2576322.869,1,1.08,41.09,43.59,"G203-p18 note under Tab 4: 'If necessary, a manhole will be added'. These plots have no chamber inside the 45 m tertiary run of G203-p22 Tab 6 on ANY carrier within 47.5 m",the connection runs 44 m from the plot boundary to the carrier; G203-p17 sec 3.2 puts it in the public right-of-way - confirm one exists across that land before building
R00502,E0035931,6.08,461651.171,2570826.626,1,1.08,44.35,46.85,"G203-p18 note under Tab 4: 'If necessary, a manhole will be added'. These plots have no chamber inside the 45 m tertiary run of G203-p22 Tab 6 on ANY carrier within 47.5 m",the connection runs 47 m from the plot boundary to the carrier; G203-p17 sec 3.2 puts it in the public right-of-way - confirm one exists across that land before building
R00503,E0035936,39.62,462287.592,2570553.226,1,1.08,42.75,45.25,"G203-p18 note under Tab 4: 'If necessary, a manhole will be added'. These plots have no chamber inside the 45 m tertiary run of G203-p22 Tab 6 on ANY carrier within 47.5 m",the connection runs 45 m from the plot boundary to the carrier; G203-p17 sec 3.2 puts it in the public right-of-way - confirm one exists across that land before building
R00504,E0035943,43.65,461669.173,2570931.798,1,1.08,44.24,46.74,"G203-p18 note under Tab 4: 'If necessary, a manhole will be added'. These plots have no chamber inside the 45 m tertiary run of G203-p22 Tab 6 on ANY carrier within 47.5 m",the connection runs 47 m from the plot boundary to the carrier; G203-p17 sec 3.2 puts it in the public right-of-way - confirm one exists across that land before building
R00505,E0035943,63.64,461653.14,2570943.738,1,1.08,44.87,47.37,"G203-p18 note under Tab 4: 'If necessary, a manhole will be added'. These plots have no chamber inside the 45 m tertiary run of G203-p22 Tab 6 on ANY carrier within 47.5 m",the connection runs 47 m from the plot boundary to the carrier; G203-p17 sec 3.2 puts it in the public right-of-way - confirm one exists across that land before building
R00506,E0035948,13.28,461439.564,2570974.077,1,1.08,43.56,46.06,"G203-p18 note under Tab 4: 'If necessary, a manhole will be added'. These plots have no chamber inside the 45 m tertiary run of G203-p22 Tab 6 on ANY carrier within 47.5 m",the connection runs 46 m from the plot boundary to the carrier; G203-p17 sec 3.2 puts it in the public right-of-way - confirm one exists across that land before building
R00507,E0036202,28.03,456501.833,2576816.635,1,1.08,43.29,45.79,"G203-p18 note under Tab 4: 'If necessary, a manhole will be added'. These plots have no chamber inside the 45 m tertiary run of G203-p22 Tab 6 on ANY carrier within 47.5 m",the connection runs 46 m from the plot boundary to the carrier; G203-p17 sec 3.2 puts it in the public right-of-way - confirm one exists across that land before building
R00508,E0036273,54.04,453141.678,2576957.432,1,2.499,34.88,37.38,"G203-p18 note under Tab 4: 'If necessary, a manhole will be added'. These plots have no chamber inside the 45 m tertiary run of G203-p22 Tab 6 on ANY carrier within 47.5 m",the connection runs 37 m from the plot boundary to the carrier; G203-p17 sec 3.2 puts it in the public right-of-way - confirm one exists across that land before building
R00509,E0036296,21.87,453410.579,2577070.058,1,1.483,42.45,44.95,"G203-p18 note under Tab 4: 'If necessary, a manhole will be added'. These plots have no chamber inside the 45 m tertiary run of G203-p22 Tab 6 on ANY carrier within 47.5 m",the connection runs 45 m from the plot boundary to the carrier; G203-p17 sec 3.2 puts it in the public right-of-way - confirm one exists across that land before building
R00510,E0036335,46.48,454073.587,2576061.534,1,2.499,44.2,46.7,"G203-p18 note under Tab 4: 'If necessary, a manhole will be added'. These plots have no chamber inside the 45 m tertiary run of G203-p22 Tab 6 on ANY carrier within 47.5 m",the connection runs 47 m from the plot boundary to the carrier; G203-p17 sec 3.2 puts it in the public right-of-way - confirm one exists across that land before building
R00511,E0036346,2.79,454719.387,2576184.744,1,1.08,43.33,45.83,"G203-p18 note under Tab 4: 'If necessary, a manhole will be added'. These plots have no chamber inside the 45 m tertiary run of G203-p22 Tab 6 on ANY carrier within 47.5 m",the connection runs 46 m from the plot boundary to the carrier; G203-p17 sec 3.2 puts it in the public right-of-way - confirm one exists across that land before building
R00512,E0036377,20.35,462492.66,2570550.525,1,1.08,42.5,45.0,"G203-p18 note under Tab 4: 'If necessary, a manhole will be added'. These plots have no chamber inside the 45 m tertiary run of G203-p22 Tab 6 on ANY carrier within 47.5 m",the connection runs 45 m from the plot boundary to the carrier; G203-p17 sec 3.2 puts it in the public right-of-way - confirm one exists across that land before building
R00513,E0036382,44.99,462753.304,2569978.602,1,1.08,28.58,31.08,"G203-p18 note under Tab 4: 'If necessary, a manhole will be added'. These plots have no chamber inside the 45 m tertiary run of G203-p22 Tab 6 on ANY carrier within 47.5 m",the connection runs 31 m from the plot boundary to the carrier; G203-p17 sec 3.2 puts it in the public right-of-way - confirm one exists across that land before building
R00514,E0036388,14.91,462621.15,2569943.287,1,1.08,44.78,47.28,"G203-p18 note under Tab 4: 'If necessary, a manhole will be added'. These plots have no chamber inside the 45 m tertiary run of G203-p22 Tab 6 on ANY carrier within 47.5 m",the connection runs 47 m from the plot boundary to the carrier; G203-p17 sec 3.2 puts it in the public right-of-way - confirm one exists across that land before building
R00515,E0036388,34.91,462609.543,2569927.001,1,1.08,44.99,47.49,"G203-p18 note under Tab 4: 'If necessary, a manhole will be added'. These plots have no chamber inside the 45 m tertiary run of G203-p22 Tab 6 on ANY carrier within 47.5 m",the connection runs 47 m from the plot boundary to the carrier; G203-p17 sec 3.2 puts it in the public right-of-way - confirm one exists across that land before building
R00516,E0036401,39.8,462050.47,2570511.272,1,1.08,42.25,44.75,"G203-p18 note under Tab 4: 'If necessary, a manhole will be added'. These plots have no chamber inside the 45 m tertiary run of G203-p22 Tab 6 on ANY carrier within 47.5 m",the connection runs 45 m from the plot boundary to the carrier; G203-p17 sec 3.2 puts it in the public right-of-way - confirm one exists across that land before building
R00517,E0036403,37.68,461889.316,2570727.14,1,1.08,43.41,45.91,"G203-p18 note under Tab 4: 'If necessary, a manhole will be added'. These plots have no chamber inside the 45 m tertiary run of G203-p22 Tab 6 on ANY carrier within 47.5 m",the connection runs 46 m from the plot boundary to the carrier; G203-p17 sec 3.2 puts it in the public right-of-way - confirm one exists across that land before building
R00518,E0036407,8.54,461930.348,2570632.107,1,1.08,40.4,42.9,"G203-p18 note under Tab 4: 'If necessary, a manhole will be added'. These plots have no chamber inside the 45 m tertiary run of G203-p22 Tab 6 on ANY carrier within 47.5 m",the connection runs 43 m from the plot boundary to the carrier; G203-p17 sec 3.2 puts it in the public right-of-way - confirm one exists across that land before building
R00519,E0036410,40.96,461804.361,2570525.061,1,1.08,42.94,45.44,"G203-p18 note under Tab 4: 'If necessary, a manhole will be added'. These plots have no chamber inside the 45 m tertiary run of G203-p22 Tab 6 on ANY carrier within 47.5 m",the connection runs 45 m from the plot boundary to the carrier; G203-p17 sec 3.2 puts it in the public right-of-way - confirm one exists across that land before building
R00520,E0036418,18.29,462164.31,2568556.913,1,1.08,42.89,45.39,"G203-p18 note under Tab 4: 'If necessary, a manhole will be added'. These plots have no chamber inside the 45 m tertiary run of G203-p22 Tab 6 on ANY carrier within 47.5 m",the connection runs 45 m from the plot boundary to the carrier; G203-p17 sec 3.2 puts it in the public right-of-way - confirm one exists across that land before building
R00521,E0036567,21.36,441964.217,2570473.835,1,1.08,42.27,44.77,"G203-p18 note under Tab 4: 'If necessary, a manhole will be added'. These plots have no chamber inside the 45 m tertiary run of G203-p22 Tab 6 on ANY carrier within 47.5 m",the connection runs 45 m from the plot boundary to the carrier; G203-p17 sec 3.2 puts it in the public right-of-way - confirm one exists across that land before building
R00522,E0036639,46.89,454657.177,2576671.682,1,1.08,42.5,45.0,"G203-p18 note under Tab 4: 'If necessary, a manhole will be added'. These plots have no chamber inside the 45 m tertiary run of G203-p22 Tab 6 on ANY carrier within 47.5 m",the connection runs 45 m from the plot boundary to the carrier; G203-p17 sec 3.2 puts it in the public right-of-way - confirm one exists across that land before building
R00523,E0036677,66.27,454761.657,2576074.852,1,3.579,43.04,45.54,"G203-p18 note under Tab 4: 'If necessary, a manhole will be added'. These plots have no chamber inside the 45 m tertiary run of G203-p22 Tab 6 on ANY carrier within 47.5 m",the connection runs 46 m from the plot boundary to the carrier; G203-p17 sec 3.2 puts it in the public right-of-way - confirm one exists across that land before building
R00524,E0036731,21.06,461142.518,2571011.543,1,1.08,41.37,43.87,"G203-p18 note under Tab 4: 'If necessary, a manhole will be added'. These plots have no chamber inside the 45 m tertiary run of G203-p22 Tab 6 on ANY carrier within 47.5 m",the connection runs 44 m from the plot boundary to the carrier; G203-p17 sec 3.2 puts it in the public right-of-way - confirm one exists across that land before building
R00525,E0036741,10.99,460443.818,2571502.193,1,1.08,38.61,41.11,"G203-p18 note under Tab 4: 'If necessary, a manhole will be added'. These plots have no chamber inside the 45 m tertiary run of G203-p22 Tab 6 on ANY carrier within 47.5 m",the connection runs 41 m from the plot boundary to the carrier; G203-p17 sec 3.2 puts it in the public right-of-way - confirm one exists across that land before building
R00526,E0036741,31.99,460455.019,2571519.957,1,1.08,38.55,41.05,"G203-p18 note under Tab 4: 'If necessary, a manhole will be added'. These plots have no chamber inside the 45 m tertiary run of G203-p22 Tab 6 on ANY carrier within 47.5 m",the connection runs 41 m from the plot boundary to the carrier; G203-p17 sec 3.2 puts it in the public right-of-way - confirm one exists across that land before building
R00527,E0036745,43.11,460617.526,2571528.167,1,1.08,40.82,43.32,"G203-p18 note under Tab 4: 'If necessary, a manhole will be added'. These plots have no chamber inside the 45 m tertiary run of G203-p22 Tab 6 on ANY carrier within 47.5 m",the connection runs 43 m from the plot boundary to the carrier; G203-p17 sec 3.2 puts it in the public right-of-way - confirm one exists across that land before building
R00528,E0036766,23.03,462192.397,2568427.691,1,1.08,42.64,45.14,"G203-p18 note under Tab 4: 'If necessary, a manhole will be added'. These plots have no chamber inside the 45 m tertiary run of G203-p22 Tab 6 on ANY carrier within 47.5 m",the connection runs 45 m from the plot boundary to the carrier; G203-p17 sec 3.2 puts it in the public right-of-way - confirm one exists across that land before building
R00529,E0036867,12.52,441663.631,2570285.089,1,1.08,40.97,43.47,"G203-p18 note under Tab 4: 'If necessary, a manhole will be added'. These plots have no chamber inside the 45 m tertiary run of G203-p22 Tab 6 on ANY carrier within 47.5 m",the connection runs 43 m from the plot boundary to the carrier; G203-p17 sec 3.2 puts it in the public right-of-way - confirm one exists across that land before building
R00530,E0036867,37.33,441686.008,2570274.373,1,1.08,40.57,43.07,"G203-p18 note under Tab 4: 'If necessary, a manhole will be added'. These plots have no chamber inside the 45 m tertiary run of G203-p22 Tab 6 on ANY carrier within 47.5 m",the connection runs 43 m from the plot boundary to the carrier; G203-p17 sec 3.2 puts it in the public right-of-way - confirm one exists across that land before building
R00531,E0036993,67.36,456908.695,2576296.181,1,1.08,43.96,46.46,"G203-p18 note under Tab 4: 'If necessary, a manhole will be added'. These plots have no chamber inside the 45 m tertiary run of G203-p22 Tab 6 on ANY carrier within 47.5 m",the connection runs 46 m from the plot boundary to the carrier; G203-p17 sec 3.2 puts it in the public right-of-way - confirm one exists across that land before building
R00532,E0037000,39.69,454651.062,2576798.134,1,1.08,6.54,9.04,"G203-p18 note under Tab 4: 'If necessary, a manhole will be added'. These plots have no chamber inside the 45 m tertiary run of G203-p22 Tab 6 on ANY carrier within 47.5 m",the connection runs 9 m from the plot boundary to the carrier; G203-p17 sec 3.2 puts it in the public right-of-way - confirm one exists across that land before building
R00533,E0037093,31.67,455248.816,2576518.554,1,1.08,35.72,38.22,"G203-p18 note under Tab 4: 'If necessary, a manhole will be added'. These plots have no chamber inside the 45 m tertiary run of G203-p22 Tab 6 on ANY carrier within 47.5 m",the connection runs 38 m from the plot boundary to the carrier; G203-p17 sec 3.2 puts it in the public right-of-way - confirm one exists across that land before building
R00534,E0037095,30.69,455213.691,2576447.761,1,1.08,36.87,39.37,"G203-p18 note under Tab 4: 'If necessary, a manhole will be added'. These plots have no chamber inside the 45 m tertiary run of G203-p22 Tab 6 on ANY carrier within 47.5 m",the connection runs 39 m from the plot boundary to the carrier; G203-p17 sec 3.2 puts it in the public right-of-way - confirm one exists across that land before building
R00535,E0037117,39.08,462773.97,2570229.003,1,1.08,40.25,42.75,"G203-p18 note under Tab 4: 'If necessary, a manhole will be added'. These plots have no chamber inside the 45 m tertiary run of G203-p22 Tab 6 on ANY carrier within 47.5 m",the connection runs 43 m from the plot boundary to the carrier; G203-p17 sec 3.2 puts it in the public right-of-way - confirm one exists across that land before building
R00536,E0037119,24.15,462770.879,2570306.403,1,1.08,44.68,47.18,"G203-p18 note under Tab 4: 'If necessary, a manhole will be added'. These plots have no chamber inside the 45 m tertiary run of G203-p22 Tab 6 on ANY carrier within 47.5 m",the connection runs 47 m from the plot boundary to the carrier; G203-p17 sec 3.2 puts it in the public right-of-way - confirm one exists across that land before building
R00537,E0037212,31.52,441649.957,2570094.133,1,1.08,39.98,42.48,"G203-p18 note under Tab 4: 'If necessary, a manhole will be added'. These plots have no chamber inside the 45 m tertiary run of G203-p22 Tab 6 on ANY carrier within 47.5 m",the connection runs 42 m from the plot boundary to the carrier; G203-p17 sec 3.2 puts it in the public right-of-way - confirm one exists across that land before building
R00538,E0037299,17.27,457072.201,2576423.863,1,1.08,45.0,47.5,"G203-p18 note under Tab 4: 'If necessary, a manhole will be added'. These plots have no chamber inside the 45 m tertiary run of G203-p22 Tab 6 on ANY carrier within 47.5 m",the connection runs 47 m from the plot boundary to the carrier; G203-p17 sec 3.2 puts it in the public right-of-way - confirm one exists across that land before building
R00539,E0037299,37.03,457056.764,2576411.528,1,1.08,41.91,44.41,"G203-p18 note under Tab 4: 'If necessary, a manhole will be added'. These plots have no chamber inside the 45 m tertiary run of G203-p22 Tab 6 on ANY carrier within 47.5 m",the connection runs 44 m from the plot boundary to the carrier; G203-p17 sec 3.2 puts it in the public right-of-way - confirm one exists across that land before building
R00540,E0037310,32.89,456027.971,2576110.686,1,1.08,43.46,45.96,"G203-p18 note under Tab 4: 'If necessary, a manhole will be added'. These plots have no chamber inside the 45 m tertiary run of G203-p22 Tab 6 on ANY carrier within 47.5 m",the connection runs 46 m from the plot boundary to the carrier; G203-p17 sec 3.2 puts it in the public right-of-way - confirm one exists across that land before building
R00541,E0037310,52.89,456018.109,2576128.086,1,1.08,43.4,45.9,"G203-p18 note under Tab 4: 'If necessary, a manhole will be added'. These plots have no chamber inside the 45 m tertiary run of G203-p22 Tab 6 on ANY carrier within 47.5 m",the connection runs 46 m from the plot boundary to the carrier; G203-p17 sec 3.2 puts it in the public right-of-way - confirm one exists across that land before building
R00542,E0037312,52.07,455945.625,2576255.978,1,1.08,42.91,45.41,"G203-p18 note under Tab 4: 'If necessary, a manhole will be added'. These plots have no chamber inside the 45 m tertiary run of G203-p22 Tab 6 on ANY carrier within 47.5 m",the connection runs 45 m from the plot boundary to the carrier; G203-p17 sec 3.2 puts it in the public right-of-way - confirm one exists across that land before building
R00543,E0037338,41.68,454173.09,2576598.47,1,1.08,30.75,33.25,"G203-p18 note under Tab 4: 'If necessary, a manhole will be added'. These plots have no chamber inside the 45 m tertiary run of G203-p22 Tab 6 on ANY carrier within 47.5 m",the connection runs 33 m from the plot boundary to the carrier; G203-p17 sec 3.2 puts it in the public right-of-way - confirm one exists across that land before building
R00544,E0037423,26.41,462887.691,2570354.295,1,1.08,42.45,44.95,"G203-p18 note under Tab 4: 'If necessary, a manhole will be added'. These plots have no chamber inside the 45 m tertiary run of G203-p22 Tab 6 on ANY carrier within 47.5 m",the connection runs 45 m from the plot boundary to the carrier; G203-p17 sec 3.2 puts it in the public right-of-way - confirm one exists across that land before building
R00545,E0037423,48.91,462868.883,2570366.647,1,1.08,41.96,44.46,"G203-p18 note under Tab 4: 'If necessary, a manhole will be added'. These plots have no chamber inside the 45 m tertiary run of G203-p22 Tab 6 on ANY carrier within 47.5 m",the connection runs 44 m from the plot boundary to the carrier; G203-p17 sec 3.2 puts it in the public right-of-way - confirm one exists across that land before building
R00546,E0037440,36.5,461996.778,2568427.455,1,1.08,43.66,46.16,"G203-p18 note under Tab 4: 'If necessary, a manhole will be added'. These plots have no chamber inside the 45 m tertiary run of G203-p22 Tab 6 on ANY carrier within 47.5 m",the connection runs 46 m from the plot boundary to the carrier; G203-p17 sec 3.2 puts it in the public right-of-way - confirm one exists across that land before building
R00547,E0037440,56.5,462013.279,2568416.153,1,1.08,43.64,46.14,"G203-p18 note under Tab 4: 'If necessary, a manhole will be added'. These plots have no chamber inside the 45 m tertiary run of G203-p22 Tab 6 on ANY carrier within 47.5 m",the connection runs 46 m from the plot boundary to the carrier; G203-p17 sec 3.2 puts it in the public right-of-way - confirm one exists across that land before building
R00548,E0037440,76.5,462029.78,2568404.851,1,1.08,43.62,46.12,"G203-p18 note under Tab 4: 'If necessary, a manhole will be added'. These plots have no chamber inside the 45 m tertiary run of G203-p22 Tab 6 on ANY carrier within 47.5 m",the connection runs 46 m from the plot boundary to the carrier; G203-p17 sec 3.2 puts it in the public right-of-way - confirm one exists across that land before building
R00549,E0037449,10.25,462609.862,2568535.629,1,1.08,43.23,45.73,"G203-p18 note under Tab 4: 'If necessary, a manhole will be added'. These plots have no chamber inside the 45 m tertiary run of G203-p22 Tab 6 on ANY carrier within 47.5 m",the connection runs 46 m from the plot boundary to the carrier; G203-p17 sec 3.2 puts it in the public right-of-way - confirm one exists across that land before building
R00550,E0037450,15.25,462573.06,2568482.05,1,1.08,43.25,45.75,"G203-p18 note under Tab 4: 'If necessary, a manhole will be added'. These plots have no chamber inside the 45 m tertiary run of G203-p22 Tab 6 on ANY carrier within 47.5 m",the connection runs 46 m from the plot boundary to the carrier; G203-p17 sec 3.2 puts it in the public right-of-way - confirm one exists across that land before building
R00551,E0037538,51.09,440204.942,2571361.997,1,1.08,39.28,41.78,"G203-p18 note under Tab 4: 'If necessary, a manhole will be added'. These plots have no chamber inside the 45 m tertiary run of G203-p22 Tab 6 on ANY carrier within 47.5 m",the connection runs 42 m from the plot boundary to the carrier; G203-p17 sec 3.2 puts it in the public right-of-way - confirm one exists across that land before building
R00552,E0037584,26.32,456146.136,2576244.635,1,1.08,41.29,43.79,"G203-p18 note under Tab 4: 'If necessary, a manhole will be added'. These plots have no chamber inside the 45 m tertiary run of G203-p22 Tab 6 on ANY carrier within 47.5 m",the connection runs 44 m from the plot boundary to the carrier; G203-p17 sec 3.2 puts it in the public right-of-way - confirm one exists across that land before building
R00553,E0037589,28.88,457120.847,2576547.067,1,1.08,35.88,38.38,"G203-p18 note under Tab 4: 'If necessary, a manhole will be added'. These plots have no chamber inside the 45 m tertiary run of G203-p22 Tab 6 on ANY carrier within 47.5 m",the connection runs 38 m from the plot boundary to the carrier; G203-p17 sec 3.2 puts it in the public right-of-way - confirm one exists across that land before building
R00554,E0037589,68.88,457086.138,2576527.185,1,1.08,35.93,38.43,"G203-p18 note under Tab 4: 'If necessary, a manhole will be added'. These plots have no chamber inside the 45 m tertiary run of G203-p22 Tab 6 on ANY carrier within 47.5 m",the connection runs 38 m from the plot boundary to the carrier; G203-p17 sec 3.2 puts it in the public right-of-way - confirm one exists across that land before building
R00555,E0037601,34.97,455796.482,2576114.981,1,1.08,32.59,35.09,"G203-p18 note under Tab 4: 'If necessary, a manhole will be added'. These plots have no chamber inside the 45 m tertiary run of G203-p22 Tab 6 on ANY carrier within 47.5 m",the connection runs 35 m from the plot boundary to the carrier; G203-p17 sec 3.2 puts it in the public right-of-way - confirm one exists across that land before building
R00556,E0037649,53.08,461376.838,2571268.055,1,1.08,42.55,45.05,"G203-p18 note under Tab 4: 'If necessary, a manhole will be added'. These plots have no chamber inside the 45 m tertiary run of G203-p22 Tab 6 on ANY carrier within 47.5 m",the connection runs 45 m from the plot boundary to the carrier; G203-p17 sec 3.2 puts it in the public right-of-way - confirm one exists across that land before building
R00557,E0037693,32.68,462493.782,2568329.656,1,1.08,42.01,44.51,"G203-p18 note under Tab 4: 'If necessary, a manhole will be added'. These plots have no chamber inside the 45 m tertiary run of G203-p22 Tab 6 on ANY carrier within 47.5 m",the connection runs 45 m from the plot boundary to the carrier; G203-p17 sec 3.2 puts it in the public right-of-way - confirm one exists across that land before building
R00558,E0037694,17.68,462440.307,2568366.609,1,1.08,42.21,44.71,"G203-p18 note under Tab 4: 'If necessary, a manhole will be added'. These plots have no chamber inside the 45 m tertiary run of G203-p22 Tab 6 on ANY carrier within 47.5 m",the connection runs 45 m from the plot boundary to the carrier; G203-p17 sec 3.2 puts it in the public right-of-way - confirm one exists across that land before building
R00559,E0037800,5.73,458784.849,2577932.366,1,1.08,44.31,46.81,"G203-p18 note under Tab 4: 'If necessary, a manhole will be added'. These plots have no chamber inside the 45 m tertiary run of G203-p22 Tab 6 on ANY carrier within 47.5 m",the connection runs 47 m from the plot boundary to the carrier; G203-p17 sec 3.2 puts it in the public right-of-way - confirm one exists across that land before building
R00560,E0037857,16.25,455215.254,2577173.343,2,2.16,39.13,36.48,"G203-p18 note under Tab 4: 'If necessary, a manhole will be added'. These plots have no chamber inside the 45 m tertiary run of G203-p22 Tab 6 on ANY carrier within 47.5 m",the connection runs 36 m from the plot boundary to the carrier; G203-p17 sec 3.2 puts it in the public right-of-way - confirm one exists across that land before building
R00561,E0037984,58.59,455071.763,2569605.138,1,0.742,43.3,45.8,"G203-p18 note under Tab 4: 'If necessary, a manhole will be added'. These plots have no chamber inside the 45 m tertiary run of G203-p22 Tab 6 on ANY carrier within 47.5 m",the connection runs 46 m from the plot boundary to the carrier; G203-p17 sec 3.2 puts it in the public right-of-way - confirm one exists across that land before building
R00562,E0038020,52.06,439739.053,2571983.676,1,1.08,45.0,47.5,"G203-p18 note under Tab 4: 'If necessary, a manhole will be added'. These plots have no chamber inside the 45 m tertiary run of G203-p22 Tab 6 on ANY carrier within 47.5 m",the connection runs 47 m from the plot boundary to the carrier; G203-p17 sec 3.2 puts it in the public right-of-way - confirm one exists across that land before building
R00563,E0038042,6.44,459215.375,2578065.939,1,1.08,40.5,43.0,"G203-p18 note under Tab 4: 'If necessary, a manhole will be added'. These plots have no chamber inside the 45 m tertiary run of G203-p22 Tab 6 on ANY carrier within 47.5 m",the connection runs 43 m from the plot boundary to the carrier; G203-p17 sec 3.2 puts it in the public right-of-way - confirm one exists across that land before building
R00564,E0038064,32.39,456067.936,2575996.456,1,1.08,14.41,16.91,"G203-p18 note under Tab 4: 'If necessary, a manhole will be added'. These plots have no chamber inside the 45 m tertiary run of G203-p22 Tab 6 on ANY carrier within 47.5 m",the connection runs 17 m from the plot boundary to the carrier; G203-p17 sec 3.2 puts it in the public right-of-way - confirm one exists across that land before building
R00565,E0038146,13.25,455302.826,2577335.328,1,1.08,40.86,43.36,"G203-p18 note under Tab 4: 'If necessary, a manhole will be added'. These plots have no chamber inside the 45 m tertiary run of G203-p22 Tab 6 on ANY carrier within 47.5 m",the connection runs 43 m from the plot boundary to the carrier; G203-p17 sec 3.2 puts it in the public right-of-way - confirm one exists across that land before building
R00566,E0038288,35.29,439305.962,2572172.474,1,1.08,39.33,41.83,"G203-p18 note under Tab 4: 'If necessary, a manhole will be added'. These plots have no chamber inside the 45 m tertiary run of G203-p22 Tab 6 on ANY carrier within 47.5 m",the connection runs 42 m from the plot boundary to the carrier; G203-p17 sec 3.2 puts it in the public right-of-way - confirm one exists across that land before building
R00567,E0038291,40.66,439196.956,2572246.147,1,1.08,43.4,45.9,"G203-p18 note under Tab 4: 'If necessary, a manhole will be added'. These plots have no chamber inside the 45 m tertiary run of G203-p22 Tab 6 on ANY carrier within 47.5 m",the connection runs 46 m from the plot boundary to the carrier; G203-p17 sec 3.2 puts it in the public right-of-way - confirm one exists across that land before building
R00568,E0038436,41.97,440167.466,2571575.396,1,1.08,42.53,45.03,"G203-p18 note under Tab 4: 'If necessary, a manhole will be added'. These plots have no chamber inside the 45 m tertiary run of G203-p22 Tab 6 on ANY carrier within 47.5 m",the connection runs 45 m from the plot boundary to the carrier; G203-p17 sec 3.2 puts it in the public right-of-way - confirm one exists across that land before building
R00569,E0038453,27.72,439350.789,2572414.303,1,1.08,42.12,44.62,"G203-p18 note under Tab 4: 'If necessary, a manhole will be added'. These plots have no chamber inside the 45 m tertiary run of G203-p22 Tab 6 on ANY carrier within 47.5 m",the connection runs 45 m from the plot boundary to the carrier; G203-p17 sec 3.2 puts it in the public right-of-way - confirm one exists across that land before building
R00570,E0038455,30.39,439469.858,2572186.2,1,1.08,43.78,46.28,"G203-p18 note under Tab 4: 'If necessary, a manhole will be added'. These plots have no chamber inside the 45 m tertiary run of G203-p22 Tab 6 on ANY carrier within 47.5 m",the connection runs 46 m from the plot boundary to the carrier; G203-p17 sec 3.2 puts it in the public right-of-way - confirm one exists across that land before building
R00571,E0038455,50.39,439455.047,2572199.635,1,1.08,43.38,45.88,"G203-p18 note under Tab 4: 'If necessary, a manhole will be added'. These plots have no chamber inside the 45 m tertiary run of G203-p22 Tab 6 on ANY carrier within 47.5 m",the connection runs 46 m from the plot boundary to the carrier; G203-p17 sec 3.2 puts it in the public right-of-way - confirm one exists across that land before building
R00572,E0038455,70.39,439440.236,2572213.071,1,1.08,42.98,45.48,"G203-p18 note under Tab 4: 'If necessary, a manhole will be added'. These plots have no chamber inside the 45 m tertiary run of G203-p22 Tab 6 on ANY carrier within 47.5 m",the connection runs 45 m from the plot boundary to the carrier; G203-p17 sec 3.2 puts it in the public right-of-way - confirm one exists across that land before building
R00573,E0038567,31.67,462136.604,2571079.575,1,1.08,42.17,44.67,"G203-p18 note under Tab 4: 'If necessary, a manhole will be added'. These plots have no chamber inside the 45 m tertiary run of G203-p22 Tab 6 on ANY carrier within 47.5 m",the connection runs 45 m from the plot boundary to the carrier; G203-p17 sec 3.2 puts it in the public right-of-way - confirm one exists across that land before building
R00574,E0038643,29.66,439179.904,2572532.93,1,1.08,41.71,44.21,"G203-p18 note under Tab 4: 'If necessary, a manhole will be added'. These plots have no chamber inside the 45 m tertiary run of G203-p22 Tab 6 on ANY carrier within 47.5 m",the connection runs 44 m from the plot boundary to the carrier; G203-p17 sec 3.2 puts it in the public right-of-way - confirm one exists across that land before building
R00575,E0038643,49.66,439166.555,2572518.037,1,1.08,41.66,44.16,"G203-p18 note under Tab 4: 'If necessary, a manhole will be added'. These plots have no chamber inside the 45 m tertiary run of G203-p22 Tab 6 on ANY carrier within 47.5 m",the connection runs 44 m from the plot boundary to the carrier; G203-p17 sec 3.2 puts it in the public right-of-way - confirm one exists across that land before building
R00576,E0038644,47.01,439121.604,2572467.888,1,1.08,41.48,43.98,"G203-p18 note under Tab 4: 'If necessary, a manhole will be added'. These plots have no chamber inside the 45 m tertiary run of G203-p22 Tab 6 on ANY carrier within 47.5 m",the connection runs 44 m from the plot boundary to the carrier; G203-p17 sec 3.2 puts it in the public right-of-way - confirm one exists across that land before building
R00577,E0038698,18.95,461858.146,2571279.114,1,1.08,44.7,47.2,"G203-p18 note under Tab 4: 'If necessary, a manhole will be added'. These plots have no chamber inside the 45 m tertiary run of G203-p22 Tab 6 on ANY carrier within 47.5 m",the connection runs 47 m from the plot boundary to the carrier; G203-p17 sec 3.2 puts it in the public right-of-way - confirm one exists across that land before building
R00578,E0038699,8.3,462246.213,2570942.248,1,1.08,41.29,43.79,"G203-p18 note under Tab 4: 'If necessary, a manhole will be added'. These plots have no chamber inside the 45 m tertiary run of G203-p22 Tab 6 on ANY carrier within 47.5 m",the connection runs 44 m from the plot boundary to the carrier; G203-p17 sec 3.2 puts it in the public right-of-way - confirm one exists across that land before building
R00579,E0038699,19.08,462240.127,2570933.36,1,1.08,43.62,46.12,"G203-p18 note under Tab 4: 'If necessary, a manhole will be added'. These plots have no chamber inside the 45 m tertiary run of G203-p22 Tab 6 on ANY carrier within 47.5 m",the connection runs 46 m from the plot boundary to the carrier; G203-p17 sec 3.2 puts it in the public right-of-way - confirm one exists across that land before building
R00580,E0038699,39.07,462228.828,2570916.858,1,1.08,43.45,45.95,"G203-p18 note under Tab 4: 'If necessary, a manhole will be added'. These plots have no chamber inside the 45 m tertiary run of G203-p22 Tab 6 on ANY carrier within 47.5 m",the connection runs 46 m from the plot boundary to the carrier; G203-p17 sec 3.2 puts it in the public right-of-way - confirm one exists across that land before building
R00581,E0038699,64.07,462214.704,2570896.231,1,1.08,43.24,45.74,"G203-p18 note under Tab 4: 'If necessary, a manhole will be added'. These plots have no chamber inside the 45 m tertiary run of G203-p22 Tab 6 on ANY carrier within 47.5 m",the connection runs 46 m from the plot boundary to the carrier; G203-p17 sec 3.2 puts it in the public right-of-way - confirm one exists across that land before building
R00582,E0038700,44.07,462180.806,2570846.726,1,1.08,42.73,45.23,"G203-p18 note under Tab 4: 'If necessary, a manhole will be added'. These plots have no chamber inside the 45 m tertiary run of G203-p22 Tab 6 on ANY carrier within 47.5 m",the connection runs 45 m from the plot boundary to the carrier; G203-p17 sec 3.2 puts it in the public right-of-way - confirm one exists across that land before building
R00583,E0038706,24.02,461957.535,2571154.179,1,1.08,43.43,45.93,"G203-p18 note under Tab 4: 'If necessary, a manhole will be added'. These plots have no chamber inside the 45 m tertiary run of G203-p22 Tab 6 on ANY carrier within 47.5 m",the connection runs 46 m from the plot boundary to the carrier; G203-p17 sec 3.2 puts it in the public right-of-way - confirm one exists across that land before building
R00584,E0038706,49.02,461936.791,2571168.126,1,1.08,43.86,46.36,"G203-p18 note under Tab 4: 'If necessary, a manhole will be added'. These plots have no chamber inside the 45 m tertiary run of G203-p22 Tab 6 on ANY carrier within 47.5 m",the connection runs 46 m from the plot boundary to the carrier; G203-p17 sec 3.2 puts it in the public right-of-way - confirm one exists across that land before building
R00585,E0038707,9.01,461903.6,2571190.441,1,1.08,44.54,47.04,"G203-p18 note under Tab 4: 'If necessary, a manhole will be added'. These plots have no chamber inside the 45 m tertiary run of G203-p22 Tab 6 on ANY carrier within 47.5 m",the connection runs 47 m from the plot boundary to the carrier; G203-p17 sec 3.2 puts it in the public right-of-way - confirm one exists across that land before building
R00586,E0038808,9.95,439070.145,2572662.355,1,1.08,41.35,43.85,"G203-p18 note under Tab 4: 'If necessary, a manhole will be added'. These plots have no chamber inside the 45 m tertiary run of G203-p22 Tab 6 on ANY carrier within 47.5 m",the connection runs 44 m from the plot boundary to the carrier; G203-p17 sec 3.2 puts it in the public right-of-way - confirm one exists across that land before building
R00587,E0038808,31.6,439055.52,2572646.379,1,1.08,41.63,44.13,"G203-p18 note under Tab 4: 'If necessary, a manhole will be added'. These plots have no chamber inside the 45 m tertiary run of G203-p22 Tab 6 on ANY carrier within 47.5 m",the connection runs 44 m from the plot boundary to the carrier; G203-p17 sec 3.2 puts it in the public right-of-way - confirm one exists across that land before building
R00588,E0038809,26.6,439011.632,2572598.441,1,1.08,42.49,44.99,"G203-p18 note under Tab 4: 'If necessary, a manhole will be added'. These plots have no chamber inside the 45 m tertiary run of G203-p22 Tab 6 on ANY carrier within 47.5 m",the connection runs 45 m from the plot boundary to the carrier; G203-p17 sec 3.2 puts it in the public right-of-way - confirm one exists across that land before building
R00589,E0039081,28.91,451219.784,2566898.874,1,0.742,39.26,41.76,"G203-p18 note under Tab 4: 'If necessary, a manhole will be added'. These plots have no chamber inside the 45 m tertiary run of G203-p22 Tab 6 on ANY carrier within 47.5 m",the connection runs 42 m from the plot boundary to the carrier; G203-p17 sec 3.2 puts it in the public right-of-way - confirm one exists across that land before building
R00590,E0039459,13.23,459273.895,2577869.268,1,1.08,44.51,47.01,"G203-p18 note under Tab 4: 'If necessary, a manhole will be added'. These plots have no chamber inside the 45 m tertiary run of G203-p22 Tab 6 on ANY carrier within 47.5 m",the connection runs 47 m from the plot boundary to the carrier; G203-p17 sec 3.2 puts it in the public right-of-way - confirm one exists across that land before building
R00591,E0039553,17.95,450467.399,2566952.349,1,1.08,44.99,47.49,"G203-p18 note under Tab 4: 'If necessary, a manhole will be added'. These plots have no chamber inside the 45 m tertiary run of G203-p22 Tab 6 on ANY carrier within 47.5 m",the connection runs 47 m from the plot boundary to the carrier; G203-p17 sec 3.2 puts it in the public right-of-way - confirm one exists across that land before building
R00592,E0039554,9.91,450426.523,2567045.548,1,1.08,44.02,46.52,"G203-p18 note under Tab 4: 'If necessary, a manhole will be added'. These plots have no chamber inside the 45 m tertiary run of G203-p22 Tab 6 on ANY carrier within 47.5 m",the connection runs 47 m from the plot boundary to the carrier; G203-p17 sec 3.2 puts it in the public right-of-way - confirm one exists across that land before building
R00593,E0039665,26.4,450581.781,2566827.043,1,1.08,41.12,43.62,"G203-p18 note under Tab 4: 'If necessary, a manhole will be added'. These plots have no chamber inside the 45 m tertiary run of G203-p22 Tab 6 on ANY carrier within 47.5 m",the connection runs 44 m from the plot boundary to the carrier; G203-p17 sec 3.2 puts it in the public right-of-way - confirm one exists across that land before building
R00594,E0039665,46.3,450593.877,2566842.852,1,1.08,43.05,45.55,"G203-p18 note under Tab 4: 'If necessary, a manhole will be added'. These plots have no chamber inside the 45 m tertiary run of G203-p22 Tab 6 on ANY carrier within 47.5 m",the connection runs 46 m from the plot boundary to the carrier; G203-p17 sec 3.2 puts it in the public right-of-way - confirm one exists across that land before building
R00595,E0039832,28.9,450312.484,2566944.424,1,1.08,44.4,46.9,"G203-p18 note under Tab 4: 'If necessary, a manhole will be added'. These plots have no chamber inside the 45 m tertiary run of G203-p22 Tab 6 on ANY carrier within 47.5 m",the connection runs 47 m from the plot boundary to the carrier; G203-p17 sec 3.2 puts it in the public right-of-way - confirm one exists across that land before building
R00596,E0040384,26.84,460382.768,2577140.445,1,1.08,39.03,41.53,"G203-p18 note under Tab 4: 'If necessary, a manhole will be added'. These plots have no chamber inside the 45 m tertiary run of G203-p22 Tab 6 on ANY carrier within 47.5 m",the connection runs 42 m from the plot boundary to the carrier; G203-p17 sec 3.2 puts it in the public right-of-way - confirm one exists across that land before building
R00597,E0040493,40.05,449710.167,2565853.493,1,0.742,39.29,41.79,"G203-p18 note under Tab 4: 'If necessary, a manhole will be added'. These plots have no chamber inside the 45 m tertiary run of G203-p22 Tab 6 on ANY carrier within 47.5 m",the connection runs 42 m from the plot boundary to the carrier; G203-p17 sec 3.2 puts it in the public right-of-way - confirm one exists across that land before building
R00598,E0041585,26.24,450068.564,2566927.301,1,0.742,31.84,34.34,"G203-p18 note under Tab 4: 'If necessary, a manhole will be added'. These plots have no chamber inside the 45 m tertiary run of G203-p22 Tab 6 on ANY carrier within 47.5 m",the connection runs 34 m from the plot boundary to the carrier; G203-p17 sec 3.2 puts it in the public right-of-way - confirm one exists across that land before building
R00599,E0042621,31.34,461345.514,2579298.408,1,1.08,40.85,43.35,"G203-p18 note under Tab 4: 'If necessary, a manhole will be added'. These plots have no chamber inside the 45 m tertiary run of G203-p22 Tab 6 on ANY carrier within 47.5 m",the connection runs 43 m from the plot boundary to the carrier; G203-p17 sec 3.2 puts it in the public right-of-way - confirm one exists across that land before building
R00600,E0042971,24.73,464212.336,2577349.086,1,1.08,40.79,43.29,"G203-p18 note under Tab 4: 'If necessary, a manhole will be added'. These plots have no chamber inside the 45 m tertiary run of G203-p22 Tab 6 on ANY carrier within 47.5 m",the connection runs 43 m from the plot boundary to the carrier; G203-p17 sec 3.2 puts it in the public right-of-way - confirm one exists across that land before building
R00601,E0043009,13.49,462436.817,2578738.537,1,1.08,42.23,44.73,"G203-p18 note under Tab 4: 'If necessary, a manhole will be added'. These plots have no chamber inside the 45 m tertiary run of G203-p22 Tab 6 on ANY carrier within 47.5 m",the connection runs 45 m from the plot boundary to the carrier; G203-p17 sec 3.2 puts it in the public right-of-way - confirm one exists across that land before building
R00602,E0043764,40.74,465840.007,2576362.513,1,1.08,44.73,47.23,"G203-p18 note under Tab 4: 'If necessary, a manhole will be added'. These plots have no chamber inside the 45 m tertiary run of G203-p22 Tab 6 on ANY carrier within 47.5 m",the connection runs 47 m from the plot boundary to the carrier; G203-p17 sec 3.2 puts it in the public right-of-way - confirm one exists across that land before building
R00603,E0043776,34.79,465781.243,2576699.183,1,1.08,40.43,42.93,"G203-p18 note under Tab 4: 'If necessary, a manhole will be added'. These plots have no chamber inside the 45 m tertiary run of G203-p22 Tab 6 on ANY carrier within 47.5 m",the connection runs 43 m from the plot boundary to the carrier; G203-p17 sec 3.2 puts it in the public right-of-way - confirm one exists across that land before building
R00604,E0044978,14.72,461847.611,2576536.442,1,1.08,32.48,34.98,"G203-p18 note under Tab 4: 'If necessary, a manhole will be added'. These plots have no chamber inside the 45 m tertiary run of G203-p22 Tab 6 on ANY carrier within 47.5 m",the connection runs 35 m from the plot boundary to the carrier; G203-p17 sec 3.2 puts it in the public right-of-way - confirm one exists across that land before building
R00605,E0045924,61.97,465671.201,2578486.384,1,1.08,37.54,40.04,"G203-p18 note under Tab 4: 'If necessary, a manhole will be added'. These plots have no chamber inside the 45 m tertiary run of G203-p22 Tab 6 on ANY carrier within 47.5 m",the connection runs 40 m from the plot boundary to the carrier; G203-p17 sec 3.2 puts it in the public right-of-way - confirm one exists across that land before building
R00606,E0046968,20.48,469681.844,2574974.97,1,1.08,42.6,45.1,"G203-p18 note under Tab 4: 'If necessary, a manhole will be added'. These plots have no chamber inside the 45 m tertiary run of G203-p22 Tab 6 on ANY carrier within 47.5 m",the connection runs 45 m from the plot boundary to the carrier; G203-p17 sec 3.2 puts it in the public right-of-way - confirm one exists across that land before building
R00607,E0047406,46.83,471958.618,2573707.662,1,1.08,41.77,44.27,"G203-p18 note under Tab 4: 'If necessary, a manhole will be added'. These plots have no chamber inside the 45 m tertiary run of G203-p22 Tab 6 on ANY carrier within 47.5 m",the connection runs 44 m from the plot boundary to the carrier; G203-p17 sec 3.2 puts it in the public right-of-way - confirm one exists across that land before building
R00608,E0047454,29.14,472290.764,2573540.905,1,1.08,42.48,44.98,"G203-p18 note under Tab 4: 'If necessary, a manhole will be added'. These plots have no chamber inside the 45 m tertiary run of G203-p22 Tab 6 on ANY carrier within 47.5 m",the connection runs 45 m from the plot boundary to the carrier; G203-p17 sec 3.2 puts it in the public right-of-way - confirm one exists across that land before building
R00609,E0047454,49.12,472277.206,2573555.573,1,1.08,43.5,46.0,"G203-p18 note under Tab 4: 'If necessary, a manhole will be added'. These plots have no chamber inside the 45 m tertiary run of G203-p22 Tab 6 on ANY carrier within 47.5 m",the connection runs 46 m from the plot boundary to the carrier; G203-p17 sec 3.2 puts it in the public right-of-way - confirm one exists across that land before building
R00610,E0047454,69.09,472263.647,2573570.24,1,1.08,44.53,47.03,"G203-p18 note under Tab 4: 'If necessary, a manhole will be added'. These plots have no chamber inside the 45 m tertiary run of G203-p22 Tab 6 on ANY carrier within 47.5 m",the connection runs 47 m from the plot boundary to the carrier; G203-p17 sec 3.2 puts it in the public right-of-way - confirm one exists across that land before building
R00611,E0047467,59.02,471980.677,2573538.017,1,1.08,39.94,42.44,"G203-p18 note under Tab 4: 'If necessary, a manhole will be added'. These plots have no chamber inside the 45 m tertiary run of G203-p22 Tab 6 on ANY carrier within 47.5 m",the connection runs 42 m from the plot boundary to the carrier; G203-p17 sec 3.2 puts it in the public right-of-way - confirm one exists across that land before building
R00612,E0047516,13.27,472528.213,2573676.988,1,1.08,43.26,45.76,"G203-p18 note under Tab 4: 'If necessary, a manhole will be added'. These plots have no chamber inside the 45 m tertiary run of G203-p22 Tab 6 on ANY carrier within 47.5 m",the connection runs 46 m from the plot boundary to the carrier; G203-p17 sec 3.2 puts it in the public right-of-way - confirm one exists across that land before building
R00613,E0047895,53.25,473991.454,2574402.08,1,1.08,44.46,46.96,"G203-p18 note under Tab 4: 'If necessary, a manhole will be added'. These plots have no chamber inside the 45 m tertiary run of G203-p22 Tab 6 on ANY carrier within 47.5 m",the connection runs 47 m from the plot boundary to the carrier; G203-p17 sec 3.2 puts it in the public right-of-way - confirm one exists across that land before building
R00614,E0047900,20.35,473851.727,2574279.485,1,1.08,44.48,46.98,"G203-p18 note under Tab 4: 'If necessary, a manhole will be added'. These plots have no chamber inside the 45 m tertiary run of G203-p22 Tab 6 on ANY carrier within 47.5 m",the connection runs 47 m from the plot boundary to the carrier; G203-p17 sec 3.2 puts it in the public right-of-way - confirm one exists across that land before building
R00615,E0047900,30.12,473843.729,2574273.866,1,1.08,44.91,47.41,"G203-p18 note under Tab 4: 'If necessary, a manhole will be added'. These plots have no chamber inside the 45 m tertiary run of G203-p22 Tab 6 on ANY carrier within 47.5 m",the connection runs 47 m from the plot boundary to the carrier; G203-p17 sec 3.2 puts it in the public right-of-way - confirm one exists across that land before building
R00616,E0047902,17.82,473795.909,2574243.468,2,2.16,44.77,47.27,"G203-p18 note under Tab 4: 'If necessary, a manhole will be added'. These plots have no chamber inside the 45 m tertiary run of G203-p22 Tab 6 on ANY carrier within 47.5 m",the connection runs 47 m from the plot boundary to the carrier; G203-p17 sec 3.2 puts it in the public right-of-way - confirm one exists across that land before building
R00617,E0048173,24.31,472919.253,2573050.752,1,1.08,39.16,41.66,"G203-p18 note under Tab 4: 'If necessary, a manhole will be added'. These plots have no chamber inside the 45 m tertiary run of G203-p22 Tab 6 on ANY carrier within 47.5 m",the connection runs 42 m from the plot boundary to the carrier; G203-p17 sec 3.2 puts it in the public right-of-way - confirm one exists across that land before building
