NODE_UID,NODE_KIND,TIER,GRD_M,INV_M,DEPTH_M,DROP_M,DROP_TYPE,VORTEX,MH_DIA,ARRIVING_EDGE
N0047300,junction,main,465.0969543457031,441.99617107151454,23.100783274188586,19.832164559791238,vortex,1,1.0,E0047133
N0032721,junction,main,410.93218994140625,389.9200375740008,21.012152367405463,19.32319614386489,vortex,1,1.0,E0032907
N0032119,junction,main,408.5469055175781,389.8260961028605,18.72080941471762,17.08116620350819,vortex,1,1.0,E0032473
N0040525,junction,sub main,354.5312805175781,339.2968367889805,15.234443728597626,13.673950231464062,vortex,1,1.0,E0040458
N0006283,junction,main,435.16015625,420.6947076128314,14.465448637168606,12.707295415278963,vortex,1,1.0,E0006520
N0040966,junction,main,354.0721130371094,340.3344080820209,13.737704955088475,12.180246249086736,vortex,1,1.0,E0040886
N0015696,junction,sub main,445.00341796875,431.28583998221205,13.717577986537947,12.162102057206539,vortex,1,1.0,E0015692
N0021625,junction,main,382.4471435546875,368.56535640023975,13.88178715444775,12.116086485791072,vortex,1,1.0,E0021663
N0040706,junction,sub main,354.401123046875,339.72362557467375,14.677497472201253,11.976184808070514,vortex,1,1.0,E0040568
N0033157,junction,main,404.5680236816406,391.01289473784897,13.555128943791658,11.894286388929686,vortex,1,1.0,E0033484
N0011168,junction,trunk main,342.365478515625,328.81002255380054,13.555455961824464,11.869561888490523,vortex,1,1.0,E0011360
N0015939,junction,sub main,444.7887878417969,431.37624923331913,13.412538608477746,11.826537831150176,vortex,1,1.0,E0015840
N0008813,junction,main,327.04156494140625,313.82732659329236,13.214238348113895,11.632969693515633,vortex,1,1.0,E0009056
N0000362,junction,main,411.1896667480469,397.9843216370337,13.205345111013173,11.611518989927845,vortex,1,1.0,E0002282
N0010114,junction,trunk main,343.4748229980469,329.3075224503544,14.167300547692491,11.608053921402018,vortex,1,1.0,E0010452
N0002531,junction,main,411.66436767578125,398.2708000995049,13.393567576276325,11.587113124116911,vortex,1,1.0,E0003562
N0000361,outfall,lateral,411.1075134277344,397.8941828551471,13.213330572587267,11.583124854999653,vortex,1,1.0,E0000335
N0047835,junction,trunk main,494.851318359375,481.74589866811243,13.105419691262568,11.555243301981932,vortex,1,1.0,E0047721
N0003804,junction,main,411.7671203613281,398.3408000995049,13.426320261823207,11.535140696784538,vortex,1,1.0,E0004193
N0005000,junction,main,411.846923828125,398.7539513733058,13.092972454819176,11.501740494301487,vortex,1,1.0,E0005245
N0048799,junction,main,513.9576416015625,501.14349715002834,12.814144451534162,11.260843862372212,vortex,1,1.0,E0048707
N0004442,junction,main,411.8304443359375,398.71370214971085,13.116742186226645,11.188802394502659,vortex,1,1.0,E0004753
N0015494,junction,sub main,442.9794921875,430.3231671018359,12.656325085664093,11.098745739965125,vortex,1,1.0,E0015453
N0005877,junction,main,411.8360290527344,399.2313595882324,12.604669464501967,11.046293975214098,vortex,1,1.0,E0006060
N0011169,junction,trunk main,341.9183654785156,328.7057187300892,13.212646748426437,11.040274694166953,vortex,1,1.0,E0011359
N0000034,junction,trunk main,396.07513427734375,383.4683015362976,12.606832741046162,11.013793502106012,vortex,1,1.0,E0002082
N0048955,junction,main,514.060302734375,501.41483452374155,12.645468210633453,11.003248406919283,vortex,1,1.0,E0048811
N0025509,junction,sub main,390.8561706542969,378.3637675535211,12.492403100775789,10.876671501357862,vortex,1,1.0,E0025766
N0008084,junction,main,434.67578125,422.3404618317063,12.335319418293693,10.777629232184836,vortex,1,1.0,E0008272
N0005494,junction,main,411.7447204589844,399.1910482994909,12.553672159493487,10.679587871189426,vortex,1,1.0,E0005631
N0009609,junction,trunk main,408.0201110839844,395.827134581386,12.192976502598356,10.637221270074406,vortex,1,1.0,E0009886
N0049052,junction,main,513.7897338867188,501.530808658789,12.258925227929751,10.595656430851193,vortex,1,1.0,E0048956
N0039564,junction,trunk main,425.0245056152344,412.8796232899008,12.144882325333583,10.575474970951745,vortex,1,1.0,E0039456
N0047883,junction,trunk main,495.22088623046875,482.5380899398793,12.682796290589465,10.540781016052733,vortex,1,1.0,E0047739
N0024970,junction,sub main,389.7835693359375,377.51880045122846,12.264768884709042,10.504841733201658,vortex,1,1.0,E0025261
N0027118,junction,sub main,382.0836181640625,369.6974582968527,12.386159867209813,10.502779859480995,vortex,1,1.0,E0027541
N0027933,junction,sub main,374.30560302734375,362.20024403192707,12.10535899541668,10.500445665339669,vortex,1,1.0,E0028187
N0034247,junction,sub main,339.3664245605469,327.26881824842445,12.097606312122423,10.499333741872135,vortex,1,1.0,E0034415
N0002331,junction,trunk main,398.00164794921875,385.93528352142044,12.066364427798305,10.475256184345142,vortex,1,1.0,E0003319
N0027236,junction,sub main,374.2459411621094,362.04936603098577,12.196575131123609,10.456759131617844,vortex,1,1.0,E0027673
N0026201,junction,sub main,391.1192626953125,379.1427442037182,11.976518491594277,10.415700736781787,vortex,1,1.0,E0026386
N0008521,junction,main,434.5565490722656,422.55617677714474,12.000372295120883,10.40423672917376,vortex,1,1.0,E0008719
N0040400,junction,sub main,345.60498046875,333.29119596160444,12.313784507145556,10.37662861152927,vortex,1,1.0,E0040313
N0037933,junction,main,391.84417724609375,379.7747763196748,12.06940092641895,10.376616498549026,vortex,1,1.0,E0037912
N0010112,junction,trunk main,342.2713928222656,329.4230663324743,12.848326489791305,10.366902824487113,vortex,1,1.0,E0010444
N0021540,junction,sub main,384.52587890625,372.1622532060269,12.36362570022311,10.32276276069689,vortex,1,1.0,E0021507
N0037508,junction,sub main,342.7626953125,330.7753195765696,11.987375735930414,10.318225281694254,vortex,1,1.0,E0037537
N0041265,junction,main,424.5296936035156,412.6644317569755,11.865261846540136,10.315261846540125,vortex,1,1.0,E0041154
N0041156,junction,trunk main,426.7180480957031,414.63065170715186,12.08739638855127,10.287382054047896,vortex,1,1.0,E0041091
N0014186,junction,main,392.42193603515625,380.5264376376633,11.89549839749293,10.250482122367998,vortex,1,1.0,E0014277
N0036083,junction,trunk main,408.50421142578125,396.71901686329875,11.785194562482502,10.23370984841415,vortex,1,1.0,E0036203
N0021324,junction,sub main,384.54510498046875,372.0372559299513,12.50784905051745,10.12181187365826,vortex,1,1.0,E0021292
N0010257,junction,sub main,333.46868896484375,321.6589897704863,11.80969919435745,10.097445650342593,vortex,1,1.0,E0010523
N0028435,junction,sub main,374.322021484375,362.4961186430973,11.825902841277696,10.042916348495282,vortex,1,1.0,E0028759
N0021776,junction,sub main,384.9498596191406,373.36543379241476,11.584425826725862,10.029406633086069,vortex,1,1.0,E0021771
N0026499,junction,sub main,390.7795104980469,378.65110688050936,12.128403617537515,10.019131876127403,vortex,1,1.0,E0026854
N0023862,junction,trunk main,388.4845275878906,376.4380138914153,12.046513696475301,10.015451299885967,vortex,1,1.0,E0024137
N0023507,junction,sub main,383.43963623046875,371.4200902153287,12.019546015140065,10.011228608942815,vortex,1,1.0,E0023757
N0030654,junction,sub main,385.373046875,373.5256344005118,11.84741247448818,10.010524318026512,vortex,1,1.0,E0030993
N0011609,junction,sub main,343.3475646972656,330.79742440367676,12.550140293588868,10.004212452156878,vortex,1,1.0,E0011819
N0017600,junction,sub main,359.9533996582031,347.0293748528631,12.924024805340025,9.993857832482945,vortex,1,1.0,E0017471
N0028251,junction,sub main,344.49444580078125,332.8483099024489,11.646135898332375,9.978161600476597,vortex,1,1.0,E0028542
N0012139,junction,sub main,336.2742004394531,324.6925683342229,11.581632105230199,9.970891461786493,vortex,1,1.0,E0012483
N0024965,junction,trunk main,383.5122985839844,371.66426535621775,11.84803322776662,9.96920775247861,vortex,1,1.0,E0025260
N0013416,junction,sub main,324.9757995605469,313.3375720263011,11.6382275342458,9.969024308122016,vortex,1,1.0,E0013574
N0017798,junction,sub main,359.5172119140625,347.12202753799136,12.395184376071143,9.963492495680953,vortex,1,1.0,E0017668
N0000036,junction,trunk main,332.9055480957031,320.7277091596612,12.177838936041951,9.954901797438879,vortex,1,1.0,E0002112
N0030132,junction,sub main,384.7397766113281,373.23445125670935,11.505325354618776,9.952071672107081,vortex,1,1.0,E0030406
N0031670,junction,sub main,337.73114013671875,325.5221796275306,12.20896050918816,9.93692440283536,vortex,1,1.0,E0031970
N0040247,junction,sub main,351.4363098144531,338.8280836347547,12.60822617969842,9.925118534906971,vortex,1,1.0,E0040131
N0039219,junction,trunk main,423.91607666015625,412.4028182114008,11.513258448755437,9.885839790365708,vortex,1,1.0,E0039103
N0042768,junction,main,427.6796875,416.20258382759886,11.477103672401142,9.885350480048771,vortex,1,1.0,E0042611
N0030619,junction,sub main,386.4369201660156,374.5816633698957,11.855256796119932,9.87336519642946,vortex,1,1.0,E0030946
N0038449,junction,main,391.7628173828125,380.2887944359273,11.474022946885214,9.869936744908557,vortex,1,1.0,E0038365
N0020046,junction,sub main,351.7117004394531,339.6460752540167,12.065625185436431,9.854263304079552,vortex,1,1.0,E0019980
N0048392,junction,main,497.88006591796875,485.43771599911014,12.44234991885861,9.847301415106529,vortex,1,1.0,E0048289
N0033809,junction,sub main,339.4933776855469,327.1503166071612,12.343061078385688,9.83856678767836,vortex,1,1.0,E0034004
N0002390,junction,sub main,338.34161376953125,326.09118703147783,12.25042673805342,9.82521303185024,vortex,1,1.0,E0003394
N0038284,junction,trunk main,422.9918212890625,411.20943852305817,11.782382766004332,9.823738511886688,vortex,1,1.0,E0038297
N0026133,junction,main,373.9519348144531,361.90655432076875,12.045380493684377,9.821835425792415,vortex,1,1.0,E0026363
N0048339,junction,main,490.8731384277344,479.3093800588147,11.56375836891965,9.78253600400052,vortex,1,1.0,E0048244
N0031081,junction,sub main,337.0923156738281,325.1460422485452,11.946273425282925,9.779484210861767,vortex,1,1.0,E0031422
N0037944,junction,main,410.8554992675781,398.6534442470861,12.202055020492026,9.769101408746678,vortex,1,1.0,E0037943
N0023371,junction,trunk main,387.5810852050781,376.27875884697244,11.302326358105688,9.748134366839508,vortex,1,1.0,E0023614
N0039938,junction,trunk main,424.6992492675781,413.4193847681051,11.279864499473035,9.716489408404584,vortex,1,1.0,E0039879
N0039351,junction,trunk main,423.8496398925781,412.5163156217015,11.33332427087663,9.70450853311553,vortex,1,1.0,E0039212
N0024371,junction,main,344.7724304199219,333.37586506510786,11.396565354814015,9.6574324343826,vortex,1,1.0,E0024691
N0018589,junction,sub main,361.8473815917969,349.79996175477504,12.047419837021835,9.645792798334867,vortex,1,1.0,E0018510
N0039460,junction,trunk main,424.0156555175781,412.66648816916944,11.349167348408685,9.616651667473377,vortex,1,1.0,E0039316
N0003764,junction,sub main,429.78955078125,418.1948429783278,11.594707802922187,9.591743290569696,vortex,1,1.0,E0004170
N0010693,junction,trunk main,410.3736877441406,398.64080742006587,11.732880324074756,9.581882849898932,vortex,1,1.0,E0010942
N0036090,junction,sub main,406.7543029785156,395.51931285552837,11.234990122987256,9.563690628338748,vortex,1,1.0,E0036227
N0040744,junction,trunk main,425.125244140625,413.94538746219376,11.179856678431236,9.531236757789259,vortex,1,1.0,E0040613
N0027097,junction,sub main,391.42236328125,378.80436135734897,12.618001923901033,9.528946374634415,vortex,1,1.0,E0027487
N0033255,junction,sub main,338.2982482910156,326.40917844044884,11.889069850566784,9.528720023256426,vortex,1,1.0,E0033567
N0026008,junction,sub main,390.6850891113281,378.45487473172676,12.230214379601364,9.526949869610064,vortex,1,1.0,E0026255
N0030606,junction,main,386.6048278808594,375.14481232389284,11.460015556966539,9.526815624058145,vortex,1,1.0,E0030944
N0037516,junction,trunk main,423.3626708984375,410.74501017654353,12.61766072189397,9.52173805531271,vortex,1,1.0,E0037551
N0023829,junction,main,377.37994384765625,365.8403358420118,11.539608005644425,9.511554364747724,vortex,1,1.0,E0024091
N0017349,junction,trunk main,361.2073059082031,350.1654536440494,11.041852264153704,9.486460719738943,vortex,1,1.0,E0017199
N0035028,junction,main,368.0456848144531,356.83899746201246,11.206687352440667,9.46044039483479,vortex,1,1.0,E0035188
N0047162,junction,main,454.905029296875,441.85671308711864,13.048316209756365,9.458467555283278,vortex,1,1.0,E0047052
N0007481,junction,sub main,318.8477783203125,307.837625861354,11.010152458958487,9.457873885903837,vortex,1,1.0,E0008109
N0028790,junction,sub main,344.7041931152344,333.68885323799583,11.015339877238546,9.45702330625852,vortex,1,1.0,E0029146
N0030078,junction,main,386.41339111328125,374.73561658455225,11.677774528729003,9.451508671312581,vortex,1,1.0,E0030358
N0038043,junction,trunk main,422.54840087890625,411.16053610432255,11.387864774583704,9.447966050796026,vortex,1,1.0,E0038038
N0008314,junction,sub main,324.4402160644531,312.87753279698126,11.562683267471868,9.440745445796836,vortex,1,1.0,E0008522
N0011091,junction,sub main,436.73681640625,425.51249943903997,11.22431696721003,9.419657989617065,vortex,1,1.0,E0011306
N0039755,junction,sub main,403.2528991699219,392.21693096533227,11.035968204589608,9.38610869885764,vortex,1,1.0,E0039640
N0005845,junction,main,433.47515869140625,420.61224550031903,12.862913191087216,9.362033008700962,vortex,1,1.0,E0006034
N0000149,junction,sub main,428.7542419433594,417.8454700039335,10.90877193942589,9.3521508685497,vortex,1,1.0,E0002224
N0037996,junction,sub main,355.8648376464844,344.0627266595761,11.802110986908303,9.341992304212965,vortex,1,1.0,E0037990
N0033539,junction,sub main,395.2307434082031,383.52214514214586,11.708598266057265,9.324281904665156,vortex,1,1.0,E0033765
N0025489,junction,trunk main,385.53948974609375,374.50596689035666,11.03352285573709,9.30243597601185,vortex,1,1.0,E0025758
N0002379,junction,trunk main,339.5580749511719,328.58753767951987,10.970537271652006,9.284462715287418,vortex,1,1.0,E0003345
N0011552,junction,sub main,436.69488525390625,425.56066581735513,11.13421943655112,9.275947596022604,vortex,1,1.0,E0011761
N0022931,junction,trunk main,387.260009765625,376.13855295324646,11.12145681237854,9.273342180974737,vortex,1,1.0,E0023123
N0029621,junction,main,397.77490234375,386.92653880941134,10.84836353433866,9.264819156176657,vortex,1,1.0,E0029971
N0020436,junction,trunk main,380.83660888671875,369.57533107853186,11.26127780818689,9.254724806155934,vortex,1,1.0,E0020413
N0046876,junction,main,451.96588134765625,441.1378917383947,10.827989609261522,9.249837568035218,vortex,1,1.0,E0046776
N0028319,junction,main,390.280517578125,379.4218748542731,10.858642723851915,9.248677930245094,vortex,1,1.0,E0028615
N0028316,junction,sub main,392.04638671875,380.4960262607332,11.550360458016826,9.24366357990914,vortex,1,1.0,E0028596
N0019177,junction,sub main,354.84637451171875,343.94627820717676,10.90009630454199,9.23032810933006,vortex,1,1.0,E0019129
N0010132,junction,sub main,341.4802551269531,330.6995314681325,10.780723658820648,9.224461055205552,vortex,1,1.0,E0010460
N0009423,junction,main,325.15618896484375,313.99370533348093,11.162483631362818,9.210050988187561,vortex,1,1.0,E0009605
N0040409,junction,trunk main,424.46710205078125,413.6840222853239,10.78307976545733,9.209334135384893,vortex,1,1.0,E0040327
N0044954,junction,trunk main,450.7192077636719,439.73150874535565,10.98769901831622,9.200935618745461,vortex,1,1.0,E0045016
N0023407,junction,sub main,380.1600341796875,369.07153693124974,11.088497248437761,9.194402809376072,vortex,1,1.0,E0023657
N0047073,junction,main,463.051025390625,451.59466435391437,11.456361036710632,9.175985307567316,vortex,1,1.0,E0046995
N0036852,junction,sub main,412.5857238769531,401.81373608559926,10.771987791353865,9.171173289303567,vortex,1,1.0,E0036964
N0021654,junction,trunk main,382.31427001953125,370.6176662759446,11.69660374358665,9.166270493048216,vortex,1,1.0,E0021698
N0023852,junction,main,344.63543701171875,333.0870978943567,11.548339117362048,9.164739463917613,vortex,1,1.0,E0024125
N0041325,junction,trunk main,425.6497802734375,414.93647416405565,10.713306109381847,9.162968309870735,vortex,1,1.0,E0041211
N0039688,junction,sub main,349.33758544921875,338.62000881924706,10.717576629971688,9.157366621133633,vortex,1,1.0,E0039557
N0026865,junction,sub main,371.2049255371094,359.7947563256353,11.410169211474056,9.143788416933205,vortex,1,1.0,E0027225
N0036489,junction,sub main,402.89910888671875,391.4922669513544,11.406841935364355,9.130810483066,vortex,1,1.0,E0036633
N0049200,junction,main,513.1138305664062,501.9351003851742,11.178730181232027,9.12572192029836,vortex,1,1.0,E0049051
N0013695,junction,sub main,330.8406066894531,320.13241981081984,10.708186878633285,9.111248522406129,vortex,1,1.0,E0013880
N0029481,junction,main,390.639404296875,379.0845320445105,11.554872252364476,9.094068378499287,vortex,1,1.0,E0029826
N0044597,junction,trunk main,450.24346923828125,439.31058729504855,10.932881943232701,9.086725574257002,vortex,1,1.0,E0044714
N0010272,junction,sub main,335.7841491699219,323.71402497907246,12.070124190849413,9.085340056305654,vortex,1,1.0,E0010584
N0026930,junction,sub main,374.17889404296875,363.48792433796064,10.690969705008115,9.075358226971787,vortex,1,1.0,E0027322
N0035208,junction,sub main,345.7701110839844,334.9968647995441,10.77324628444029,9.074787964085886,vortex,1,1.0,E0035436
N0038900,junction,trunk main,423.644775390625,411.42870796761065,12.216067423014351,9.06177206298662,vortex,1,1.0,E0038829
N0030540,junction,sub main,336.10888671875,324.20440034412894,11.904486374621058,9.029670856293365,vortex,1,1.0,E0030833
N0034186,junction,main,385.40350341796875,372.8367721485526,12.566731269416152,9.016906124010745,vortex,1,1.0,E0034363
N0032780,junction,sub main,337.83416748046875,326.09487854747755,11.739288932991201,9.011713778727142,vortex,1,1.0,E0033013
N0021835,junction,sub main,377.7016906738281,367.15389490465645,10.547795769171671,8.994041059363497,vortex,1,1.0,E0021819
N0021097,junction,sub main,381.18646240234375,370.3057610933038,10.880701309039978,8.987529121281227,vortex,1,1.0,E0021071
N0042590,junction,lateral,432.57208251953125,422.0097233844888,10.56235913504247,8.983124177062223,vortex,1,1.0,E0042407
N0045504,junction,main,428.1357421875,417.5573656124907,10.578376575009315,8.973689346896549,vortex,1,1.0,E0045553
N0020224,junction,sub main,351.48138427734375,339.77482580184426,11.706558475499492,8.964100033697775,vortex,1,1.0,E0020174
N0024996,junction,main,379.00311279296875,368.43627891936245,10.5668338736063,8.942399971937391,vortex,1,1.0,E0025307
N0032218,junction,sub main,337.6999816894531,325.6563317147551,12.043649974698042,8.930998746724526,vortex,1,1.0,E0032532
N0035885,junction,main,367.9420471191406,357.43838944416524,10.503657674975386,8.91457126311036,vortex,1,1.0,E0035964
N0017665,junction,sub main,363.4923400878906,352.3135131656067,11.178826922283918,8.913905829607529,vortex,1,1.0,E0017525
N0036212,junction,main,367.9978942871094,357.47838944416526,10.519504842944116,8.91116349207499,vortex,1,1.0,E0036431
N0043044,junction,sub main,429.73486328125,418.6065330637687,11.128330217481277,8.896680719874496,vortex,1,1.0,E0042943
N0015775,junction,main,347.6517333984375,337.1965396677555,10.455193730682026,8.89021700426025,vortex,1,1.0,E0015732
N0028929,junction,sub main,383.75445556640625,371.4440125195795,12.310443046826776,8.88983810893302,vortex,1,1.0,E0029319
N0027633,junction,sub main,344.4327087402344,332.4250375990187,12.007671141215667,8.864362384862545,vortex,1,1.0,E0028010
N0010782,junction,sub main,332.97802734375,322.0954337539993,10.882593589750684,8.863932480681115,vortex,1,1.0,E0011000
N0008188,junction,sub main,333.24505615234375,322.58747692876767,10.657579223576079,8.860860535449262,vortex,1,1.0,E0008393
N0020418,junction,sub main,351.2871398925781,339.9601514049934,11.326988487584742,8.85825184360283,vortex,1,1.0,E0020395
N0022207,junction,trunk main,385.7016906738281,375.29789273072345,10.403797943104678,8.851254253895604,vortex,1,1.0,E0022334
N0014283,junction,sub main,344.5081481933594,333.7713804210763,10.736767772283088,8.840615729976207,vortex,1,1.0,E0014399
N0040813,junction,sub main,353.7926025390625,339.93276501454403,13.859837524518468,8.833766672814193,vortex,1,1.0,E0040724
N0000148,outfall,lateral,428.22308349609375,417.37134774420207,10.851735751891681,8.828169466327608,vortex,1,1.0,E0000134
N0035684,junction,trunk main,407.3659973144531,394.55395414789484,12.812043166558283,8.826426239634998,vortex,1,1.0,E0035842
N0040074,junction,sub main,350.787353515625,338.5874119336175,12.199941582007511,8.825015751436524,vortex,1,1.0,E0040004
N0013954,junction,trunk main,349.5503234863281,336.73684938216593,12.813474104162196,8.814264353853389,vortex,1,1.0,E0014012
N0044645,junction,main,443.23040771484375,432.87194690931415,10.358460805529603,8.804900159023248,vortex,1,1.0,E0044752
N0038583,junction,sub main,407.5149841308594,397.10393718090756,10.41104694995181,8.801396962036677,vortex,1,1.0,E0038508
N0008105,junction,main,424.6072082519531,413.93987542968125,10.667332822271874,8.792230060722488,vortex,1,1.0,E0008290
N0011605,junction,trunk main,414.134033203125,403.7343859965075,10.399647206617487,8.782553411865422,vortex,1,1.0,E0011803
N0007464,junction,main,328.7161865234375,318.30461006398247,10.411576459455034,8.778461719170252,vortex,1,1.0,E0007996
N0031023,junction,sub main,364.79815673828125,353.788782112696,11.009374625585224,8.746226695560608,vortex,1,1.0,E0031371
N0014256,junction,trunk main,348.71484375,336.8243566770907,11.890487072909309,8.745983321223378,vortex,1,1.0,E0014381
N0002473,junction,sub main,429.173583984375,417.991410650368,11.182173334007018,8.743844646185948,vortex,1,1.0,E0003520
N0047823,junction,main,483.90087890625,473.32067975733963,10.580199148910367,8.73847093867812,vortex,1,1.0,E0047695
N0046245,junction,main,428.54217529296875,417.9282876095079,10.61388768346086,8.73008858113684,vortex,1,1.0,E0046142
N0012003,junction,sub main,436.5475158691406,425.72395659162333,10.82355927751729,8.72908314863139,vortex,1,1.0,E0012317
N0005660,junction,trunk main,400.12469482421875,389.7247943011583,10.399900523060467,8.691902494710575,vortex,1,1.0,E0005737
N0039086,junction,sub main,416.0624084472656,404.66367766207355,11.398730785192072,8.6775389149783,vortex,1,1.0,E0038996
N0043734,junction,main,435.99456787109375,424.9410325662261,11.053535304867637,8.671749545243756,vortex,1,1.0,E0043715
N0003594,junction,trunk main,339.8984375,328.9603292524711,10.938108247528874,8.669571384952576,vortex,1,1.0,E0003940
N0007270,junction,main,424.6697998046875,413.58914002716295,11.080659777524545,8.659551946837212,vortex,1,1.0,E0007856
N0012061,junction,sub main,343.5647888183594,331.6496295022059,11.91515931615345,8.65690683942114,vortex,1,1.0,E0012397
N0031498,junction,main,371.68756103515625,361.49643679229507,10.191124242861179,8.623792713861349,vortex,1,1.0,E0031835
N0028495,junction,main,396.7984313964844,386.60081292146083,10.197618475023546,8.612258373464726,vortex,1,1.0,E0028787
N0020622,junction,sub main,351.2167053222656,340.00466204600997,11.212043276255656,8.58219012373678,vortex,1,1.0,E0020617
N0039027,junction,sub main,352.3994140625,341.0088676706052,11.390546391894816,8.576343432703254,vortex,1,1.0,E0038959
N0046916,junction,main,462.2183837890625,450.6530014617213,11.565382327341183,8.572851480840313,vortex,1,1.0,E0046825
N0042929,junction,main,427.2680969238281,416.7519711624225,10.516125761405647,8.565592789228731,vortex,1,1.0,E0042762
N0002320,junction,trunk main,329.0694885253906,317.58435876289093,11.485129762499696,8.551777387615004,vortex,1,1.0,E0003374
N0043813,junction,main,430.2418212890625,419.34200999211635,10.899811296946154,8.542473383307708,vortex,1,1.0,E0043946
N0013072,junction,trunk main,346.8658752441406,336.4172127728596,10.448662471281011,8.54117620890662,vortex,1,1.0,E0013262
N0012045,junction,trunk main,415.7322082519531,405.44168825485815,10.290519997094975,8.53746364842408,vortex,1,1.0,E0012366
N0042856,junction,main,427.2377014160156,416.46734787349635,10.770353542519274,8.529880818444951,vortex,1,1.0,E0042691
N0047426,junction,main,469.48980712890625,459.4150886183728,10.074718510533444,8.520361406285076,vortex,1,1.0,E0047280
N0013979,junction,sub main,344.684326171875,332.8894926239915,11.794833547883513,8.507835466540257,vortex,1,1.0,E0014034
N0039898,junction,sub main,403.7283020019531,393.66276508958,10.065536912373148,8.499263823955175,vortex,1,1.0,E0039820
N0012071,junction,sub main,344.56427001953125,334.47771387201976,10.086556147511487,8.496889421414949,vortex,1,1.0,E0012417
N0011245,junction,sub main,332.8854064941406,322.32254781425183,10.562858679888791,8.494481891929581,vortex,1,1.0,E0011439
N0004257,junction,sub main,332.58416748046875,322.3171220886971,10.26704539177166,8.486972132846802,vortex,1,1.0,E0004604
N0006464,junction,trunk main,330.4234313964844,319.02553366284724,11.397897733637137,8.484560779469689,vortex,1,1.0,E0006645
N0031182,junction,main,387.13653564453125,375.72117831504113,11.41535732949012,8.484218099717452,vortex,1,1.0,E0031522
N0014209,junction,sub main,351.4436340332031,341.03370077349706,10.409933259706065,8.480948073468994,vortex,1,1.0,E0014296
N0020058,junction,main,353.2487487792969,343.2024704772806,10.046278302016276,8.478398641719707,vortex,1,1.0,E0020010
N0025515,junction,sub main,388.35870361328125,378.0261701980887,10.332533415192529,8.471042562644186,vortex,1,1.0,E0025767
N0045289,junction,sub main,439.9582824707031,429.33496189395527,10.623320576747858,8.467603759926362,vortex,1,1.0,E0045341
N0034727,junction,trunk main,403.614013671875,392.86572502237163,10.748288649503365,8.459972235995224,vortex,1,1.0,E0035011
N0044270,junction,main,445.97003173828125,435.9190681423081,10.050963595973144,8.454791087702688,vortex,1,1.0,E0044395
N0028861,junction,main,390.20562744140625,379.5323615870829,10.673265854323347,8.450110889807888,vortex,1,1.0,E0029202
N0035092,junction,lateral,385.0753173828125,374.99976616314814,10.075551219664362,8.443702840789456,vortex,1,1.0,E0035270
N0004166,junction,trunk main,399.7706604003906,388.58130277672495,11.189357623665671,8.436283664496443,vortex,1,1.0,E0004495
N0008519,junction,sub main,443.5789489746094,433.5852651780684,9.99368379654095,8.429191618201685,vortex,1,1.0,E0008717
N0022811,junction,sub main,368.958251953125,358.9045842226558,10.053667730469215,8.42670643176109,vortex,1,1.0,E0023007
N0036076,junction,sub main,346.1382751464844,336.14416957489505,9.99410557158933,8.423799943834013,vortex,1,1.0,E0036171
N0048492,junction,main,491.1649475097656,479.7509964081498,11.41395110161585,8.42296795000044,vortex,1,1.0,E0048364
N0019873,junction,sub main,351.7987976074219,339.53059696452067,12.268200642901206,8.408852295234908,vortex,1,1.0,E0019808
N0006769,junction,main,431.3346252441406,421.1202537884415,10.214371455699109,8.405748459957351,vortex,1,1.0,E0006994
N0006513,junction,sub main,327.4688720703125,315.77569566794466,11.69317640236784,8.396213642454654,vortex,1,1.0,E0006737
N0036115,junction,sub main,401.8938293457031,390.9785461243748,10.915283221328309,8.386819433646735,vortex,1,1.0,E0036241
N0023853,junction,sub main,342.4527587890625,332.0188344721767,10.433924316885793,8.38058938097032,vortex,1,1.0,E0024131
N0038408,junction,sub main,407.0015563964844,396.9596284840109,10.041927912473454,8.377498871823946,vortex,1,1.0,E0038335
N0043550,junction,main,444.510986328125,431.92663545984493,12.584350868280069,8.372671273891967,vortex,1,1.0,E0043481
N0011020,junction,sub main,347.00177001953125,336.85857593967137,10.143194079859882,8.368993320653715,vortex,1,1.0,E0011263
N0033597,junction,main,378.6413879394531,368.6099525042269,10.031435435226228,8.362760731243213,vortex,1,1.0,E0033786
N0024826,junction,main,376.86151123046875,366.5017728589805,10.359738371488277,8.359223382844846,vortex,1,1.0,E0025156
N0039812,junction,sub main,423.3501892089844,411.9404355457913,11.4097536631931,8.35807023020459,vortex,1,1.0,E0039742
N0038936,junction,sub main,407.9967956542969,398.0875529754199,9.909242678876979,8.354696457172793,vortex,1,1.0,E0038860
N0046556,junction,trunk main,459.55078125,449.12629245981697,10.424488790183034,8.350826124397486,vortex,1,1.0,E0046415
N0032375,junction,sub main,380.83636474609375,370.37384613534886,10.462518610744894,8.350772266383615,vortex,1,1.0,E0032708
N0039666,junction,sub main,402.5733947753906,391.19981985765526,11.373574917735368,8.342032437603677,vortex,1,1.0,E0039535
N0042412,junction,lateral,427.69781494140625,417.4027723888588,10.295042552547443,8.338481590188735,vortex,1,1.0,E0042257
N0016062,junction,main,349.74224853515625,339.74775084255816,9.994497692598088,8.337781566663182,vortex,1,1.0,E0015954
N0000060,junction,trunk main,339.2159423828125,328.3830865937946,10.832855789017913,8.327197761835407,vortex,1,1.0,E0002138
N0004739,junction,sub main,340.0244445800781,329.83997801785773,10.184466562220393,8.324395047906535,vortex,1,1.0,E0005020
N0009623,junction,sub main,341.6470642089844,331.0616337501331,10.58543045885125,8.312581118622575,vortex,1,1.0,E0009896
N0024960,junction,trunk main,391.2731628417969,381.3705855907058,9.902577251091088,8.311829654431563,vortex,1,1.0,E0025255
N0006950,junction,sub main,328.18341064453125,317.33591048779095,10.847500156740296,8.31171791084489,vortex,1,1.0,E0007232
N0028722,junction,main,375.5591125488281,365.62083153415216,9.938281014675965,8.30337050106624,vortex,1,1.0,E0029024
N0006888,junction,trunk main,402.6841125488281,392.8344765237484,9.849636025079747,8.292715527786697,vortex,1,1.0,E0007164
N0010998,junction,sub main,316.0792541503906,305.1892919682974,10.8899621820932,8.278761505428292,vortex,1,1.0,E0011199
N0002767,junction,sub main,499.8147277832031,489.9960726387486,9.81865514445451,8.256663579077326,vortex,1,1.0,E0003685
N0024385,junction,sub main,388.5147399902344,377.44413216721534,11.070607823019031,8.254936292054936,vortex,1,1.0,E0024735
N0039809,junction,trunk main,425.34735107421875,413.2014231143587,12.145927959860046,8.248725399312548,vortex,1,1.0,E0039705
N0023313,junction,sub main,368.5816650390625,358.64385517126146,9.937809867801036,8.241988995846498,vortex,1,1.0,E0023580
N0029035,junction,main,396.8598937988281,386.6433922591729,10.216501539655212,8.238437856690837,vortex,1,1.0,E0029373
N0028838,junction,sub main,391.84002685546875,380.70803451983676,11.131992335631992,8.23786663403348,vortex,1,1.0,E0029198
N0006098,junction,main,330.78375244140625,320.88325633859995,9.9004961028063,8.231128015896388,vortex,1,1.0,E0006336
N0031084,junction,sub main,334.6918029785156,324.36961845071966,10.322184527795969,8.221826340547182,vortex,1,1.0,E0031430
N0014125,junction,sub main,330.526123046875,320.70465267273516,9.821470374139835,8.21225308537123,vortex,1,1.0,E0014148
N0005472,junction,main,430.1183166503906,419.4020946882348,10.716221962155828,8.211839805651948,vortex,1,1.0,E0005596
N0037790,junction,trunk main,422.2519226074219,411.00825600026377,11.243666607158104,8.208539201150359,vortex,1,1.0,E0037798
N0046395,junction,main,428.3354797363281,418.3105751680393,10.024904568288832,8.204806696612366,vortex,1,1.0,E0046289
N0048659,junction,trunk main,493.74359130859375,483.8154802074684,9.928111101125353,8.196760302964208,vortex,1,1.0,E0048524
N0015568,junction,main,348.6837158203125,338.9208427145566,9.762873105755887,8.19448328985925,vortex,1,1.0,E0015517
N0029957,junction,main,345.0550231933594,334.6887023089073,10.36632088445208,8.187776449744149,vortex,1,1.0,E0030287
N0043706,junction,main,424.2857666015625,413.66020591333574,10.625560688226756,8.177272208959153,vortex,1,1.0,E0043674
N0030516,junction,sub main,364.9142150878906,353.6410578182254,11.273157269665205,8.172933301930073,vortex,1,1.0,E0030779
N0010713,junction,sub main,344.208251953125,332.6208635760497,11.587388377075285,8.17023933581089,vortex,1,1.0,E0010970
N0000001,junction,trunk main,326.7319641113281,317.01904530879017,9.712918802537956,8.157385041732141,vortex,1,1.0,E0002141
N0013540,junction,sub main,344.63824462890625,332.82963752387326,11.80860710503299,8.152958508392828,vortex,1,1.0,E0013759
N0008241,junction,main,328.978515625,319.0453015123655,9.933214112634516,8.15119350694414,vortex,1,1.0,E0008424
N0019513,junction,main,364.70477294921875,354.5805782692218,10.124194679996947,8.137598902335867,vortex,1,1.0,E0019496
N0008601,junction,trunk main,338.39306640625,328.21945133732265,10.173615068927347,8.134580929805168,vortex,1,1.0,E0008833
N0023911,junction,sub main,380.31500244140625,370.4761756349097,9.83882680649657,8.133630744800598,vortex,1,1.0,E0024166
N0048263,junction,main,496.4512634277344,485.1220602467364,11.329203180997979,8.126174575713208,vortex,1,1.0,E0048144
N0045801,junction,main,428.10723876953125,417.77556277104185,10.331675998489402,8.116353031767119,vortex,1,1.0,E0045816
N0024686,junction,sub main,376.4516296386719,364.98660420888956,11.465025429782315,8.116127323966111,vortex,1,1.0,E0025001
N0040068,junction,sub main,403.84112548828125,394.1112486247412,9.729876863540028,8.114496545443956,vortex,1,1.0,E0039991
N0007189,junction,main,324.02008056640625,314.13918083933476,9.880899727071494,8.110252576591108,vortex,1,1.0,E0007626
N0020861,junction,sub main,350.66485595703125,340.13280278127843,10.532053175752822,8.10301338481986,vortex,1,1.0,E0020835
N0010307,junction,sub main,335.7355651855469,325.0825268714553,10.653038314091589,8.101007028632978,vortex,1,1.0,E0010582
N0031729,junction,sub main,395.27301025390625,385.52645443997386,9.746555813932389,8.090965480347506,vortex,1,1.0,E0032018
N0030052,junction,sub main,394.8243713378906,384.5755705121063,10.248800825784315,8.085618526992334,vortex,1,1.0,E0030345
N0025015,junction,sub main,375.0147705078125,363.22512128288776,11.789649224924744,8.072115997371839,vortex,1,1.0,E0025507
N0009233,junction,main,335.7886657714844,326.1218500577091,9.666815713775293,8.051633270619618,vortex,1,1.0,E0009544
N0024931,junction,sub main,346.9531555175781,337.3503727181992,9.602782799378929,8.051430389718917,vortex,1,1.0,E0025190
N0027728,junction,sub main,391.8458557128906,382.1520434769853,9.693812235905341,8.044950903276685,vortex,1,1.0,E0028042
N0043076,junction,sub main,436.13916015625,424.4250804360527,11.714079720197276,8.042441122426396,vortex,1,1.0,E0042985
N0009774,junction,main,336.58831787109375,327.00457405244913,9.58374381864462,8.02029057408646,vortex,1,1.0,E0010100
N0040379,junction,sub main,353.8713073730469,339.16262156322017,14.708685809826704,8.018521060546846,vortex,1,1.0,E0040293
N0020271,junction,trunk main,365.9365234375,354.2256071383871,11.71091629911291,8.010809230252505,vortex,1,1.0,E0020200
N0013253,junction,sub main,331.0225830078125,319.73589443707607,11.28668857073643,8.0090088591229,vortex,1,1.0,E0013449
N0013515,junction,trunk main,420.4482727050781,410.3306076195724,10.117665085505735,8.007851727414561,vortex,1,1.0,E0013712
N0012571,junction,sub main,435.6751708984375,426.12383985601633,9.551331042421168,7.993249950881534,vortex,1,1.0,E0012800
N0012963,junction,sub main,324.962158203125,313.0571705284449,11.904987674680115,7.985360916931938,vortex,1,1.0,E0013179
N0008526,junction,main,424.241943359375,414.4799154706954,9.762027888679597,7.97572406238794,vortex,1,1.0,E0008751
N0040365,junction,sub main,405.2812805175781,395.71556823968115,9.565712277896978,7.971182362206662,vortex,1,1.0,E0040270
N0048756,junction,main,490.0361022949219,480.38735554185564,9.648746753066234,7.960962218698228,vortex,1,1.0,E0048643
N0042962,junction,trunk main,436.677734375,423.8050329426155,12.872701432384474,7.954362219935092,vortex,1,1.0,E0042857
N0005978,junction,trunk main,400.4238586425781,389.8372177129409,10.586640929637213,7.954269572560463,vortex,1,1.0,E0006247
N0013947,junction,sub main,436.2063293457031,426.6037872031908,9.602542142512334,7.94441179679319,vortex,1,1.0,E0014001
N0048625,junction,main,489.79937744140625,480.2648331676915,9.534544273714744,7.930752651149419,vortex,1,1.0,E0048508
N0018442,junction,main,360.2032165527344,349.1114686812901,11.091747871444284,7.92389066307976,vortex,1,1.0,E0018444
N0036682,junction,main,367.5477600097656,357.96076637035276,9.586993639412867,7.909857769056998,vortex,1,1.0,E0036776
N0006766,junction,sub main,442.9415588378906,432.4594662440907,10.482092593799905,7.9091406091704926,vortex,1,1.0,E0006988
N0012646,junction,sub main,344.48052978515625,332.1267151820829,12.353814603073374,7.900403642150877,vortex,1,1.0,E0012888
N0028139,junction,sub main,370.5384521484375,360.841216527724,9.697235620713514,7.899966930224252,vortex,1,1.0,E0028408
N0032922,junction,main,386.6916809082031,376.6204662357099,10.071214672493227,7.871697280298861,vortex,1,1.0,E0033237
N0031495,junction,main,372.8960266113281,362.8838015112314,10.012225100096714,7.8713377396694,vortex,1,1.0,E0031794
N0009124,junction,sub main,404.78533935546875,394.21660063709726,10.568738718371492,7.867255981351718,vortex,1,1.0,E0009486
N0010835,junction,main,335.34014892578125,324.54059309364413,10.799555832137116,7.864822823411259,vortex,1,1.0,E0011083
N0000128,junction,sub main,314.365478515625,303.2235671483469,11.141911367278112,7.862226332229113,vortex,1,1.0,E0002223
N0013047,junction,sub main,435.6480407714844,426.20150580737214,9.446534964112232,7.858536469676892,vortex,1,1.0,E0013252
N0006980,junction,sub main,326.8118896484375,315.3100230402225,11.501866608214982,7.850846223004908,vortex,1,1.0,E0007295
N0046064,junction,main,427.71905517578125,418.12783679671566,9.591218379065594,7.840996637692967,vortex,1,1.0,E0046008
N0010537,junction,sub main,345.7952880859375,336.4057497259344,9.389538360003087,7.826263125184937,vortex,1,1.0,E0010779
N0043580,junction,sub main,434.6151123046875,424.8405421891492,9.774570115538324,7.810502060248439,vortex,1,1.0,E0043504
N0025994,junction,trunk main,384.92266845703125,375.50475642062116,9.417912036410087,7.808426304714203,vortex,1,1.0,E0026241
N0039932,junction,sub main,350.38165283203125,340.68301067575686,9.698642156274389,7.808275306213261,vortex,1,1.0,E0039849
N0025756,junction,lateral,374.4678039550781,365.0089883521208,9.458815602957316,7.807966007597258,vortex,1,1.0,E0025959
N0012660,junction,sub main,345.0719909667969,335.01359116409765,10.058399802699228,7.800289597322205,vortex,1,1.0,E0012862
N0022414,junction,sub main,377.90899658203125,367.02938102347207,10.87961555855918,7.800125254189709,vortex,1,1.0,E0022525
N0037024,junction,main,367.52490234375,358.0462064078059,9.478695935944074,7.768405938213732,vortex,1,1.0,E0037139
N0012993,junction,sub main,349.98297119140625,339.7342072901066,10.24876390129964,7.764815824586037,vortex,1,1.0,E0013228
N0030591,junction,sub main,394.5805358886719,384.6275559442385,9.952979944433366,7.761747320242705,vortex,1,1.0,E0030941
N0013827,junction,sub main,324.32891845703125,313.9695944158285,10.35932404120274,7.758742332490158,vortex,1,1.0,E0013931
N0024379,junction,trunk main,389.6983337402344,376.81069218677686,12.887641553457513,7.753027771450718,vortex,1,1.0,E0024733
N0031147,junction,main,387.70440673828125,378.4123518492772,9.292054889004078,7.741848779455381,vortex,1,1.0,E0031476
N0010121,junction,trunk main,342.8227233886719,328.9491579935664,13.873565395105459,7.7393280056377876,vortex,1,1.0,E0009899
N0034285,junction,trunk main,402.57537841796875,392.7590327825502,9.816345635418543,7.735226548948617,vortex,1,1.0,E0034484
N0022543,junction,lateral,371.6224670410156,362.352876665375,9.269590375640632,7.7177722366254216,vortex,1,1.0,E0022677
N0016209,junction,main,442.1536560058594,432.8034932232162,9.350162782643167,7.7153841367064615,vortex,1,1.0,E0016085
N0007243,junction,main,431.26580810546875,422.00128362541767,9.26452448005108,7.711256483918021,vortex,1,1.0,E0007835
N0038613,junction,main,391.2474670410156,380.62465622047523,10.622810820540394,7.692586971033563,vortex,1,1.0,E0038575
N0015272,junction,main,347.7589111328125,338.47260902976376,9.28630210304874,7.66823682641899,vortex,1,1.0,E0015318
N0015948,junction,lateral,351.08038330078125,339.8985625723763,11.181820728404944,7.667462764960874,vortex,1,1.0,E0015880
N0029545,junction,sub main,384.5949401855469,372.9371986582936,11.657741527253279,7.647651388664713,vortex,1,1.0,E0029898
N0039681,junction,main,351.3926696777344,342.1959623608772,9.196707316857157,7.638121757663555,vortex,1,1.0,E0039550
N0049267,junction,main,512.453857421875,502.36102087893886,10.09283654293614,7.636613144301634,vortex,1,1.0,E0049138
N0040921,junction,sub main,418.094482421875,408.39585827251693,9.698624149358068,7.636040360590698,vortex,1,1.0,E0040801
N0017281,junction,trunk main,360.5369567871094,350.01688463931475,10.520072147794622,7.632343076308928,vortex,1,1.0,E0017118
N0038818,junction,main,391.21820068359375,380.8883826172489,10.329818066344842,7.630019768614602,vortex,1,1.0,E0038719
N0035248,junction,trunk main,402.56475830078125,393.38213257639006,9.182625724391187,7.619253316464722,vortex,1,1.0,E0035459
N0018036,junction,sub main,364.3844909667969,355.2013531420759,9.183137824720973,7.6179801381410925,vortex,1,1.0,E0017952
N0038116,junction,sub main,405.79736328125,396.5840428861966,9.213320395053415,7.614380849370207,vortex,1,1.0,E0038160
N0031416,junction,sub main,385.9583435058594,374.579899598185,11.378443907674352,7.578567672107397,vortex,1,1.0,E0031851
N0032599,junction,main,373.4273376464844,363.6104605021392,9.816877144345199,7.574095927214557,vortex,1,1.0,E0032811
N0014912,junction,trunk main,348.3107604980469,337.21627042922876,11.094490068818118,7.57258275798182,vortex,1,1.0,E0014983
N0010135,junction,sub main,343.4780578613281,331.883269953028,11.594787908300134,7.568935763703905,vortex,1,1.0,E0010490
N0011677,junction,sub main,333.9528503417969,323.62424822754963,10.328602114247246,7.561300228093899,vortex,1,1.0,E0011944
N0008771,junction,sub main,327.3531188964844,315.07527569467777,12.277843201806604,7.553913760741352,vortex,1,1.0,E0009035
N0037159,junction,trunk main,421.9363708496094,410.2217373578603,11.714633491749055,7.544564128340653,vortex,1,1.0,E0037279
N0038270,junction,main,336.4736022949219,327.3435692228159,9.13003307210596,7.539142286908827,vortex,1,1.0,E0038291
N0017352,junction,sub main,360.36114501953125,351.210349838254,9.15079518127726,7.537866744120663,vortex,1,1.0,E0017195
N0031280,junction,sub main,386.75714111328125,376.1653588307008,10.591782282580425,7.533085477356565,vortex,1,1.0,E0031632
N0028305,junction,sub main,392.9549255371094,382.82755933978694,10.12736619732243,7.5226557657703665,vortex,1,1.0,E0028613
N0036877,junction,sub main,403.17291259765625,391.75348219919425,11.419430398461998,7.519094886699634,vortex,1,1.0,E0037023
N0027957,junction,main,396.36737060546875,386.2721340561726,10.095236549296146,7.510530031205974,vortex,1,1.0,E0028247
N0040575,junction,trunk main,424.6039733886719,413.7486233751355,10.855350013536395,7.509609256569604,vortex,1,1.0,E0040502
N0048698,junction,main,507.13330078125,497.56827131901724,9.565029462232758,7.507313303956209,vortex,1,1.0,E0048564
N0026701,junction,sub main,375.90185546875,366.8355448574505,9.066310611299514,7.506274680578031,vortex,1,1.0,E0027109
N0011824,junction,main,331.4624328613281,321.01588275914963,10.446550102178492,7.4986107514242235,vortex,1,1.0,E0012116
N0022201,junction,sub main,346.0819396972656,335.0816850913929,11.000254605872726,7.492188918410079,vortex,1,1.0,E0022302
N0021269,junction,sub main,349.8971862792969,340.83119387120894,9.065992408087936,7.484516578009675,vortex,1,1.0,E0021237
N0014180,junction,main,323.8565979003906,314.55015341878527,9.306444481605354,7.47732670013994,vortex,1,1.0,E0014208
N0017778,junction,sub main,362.8335266113281,353.40600549463295,9.427521116695175,7.476379666066293,vortex,1,1.0,E0017703
N0039698,junction,trunk main,425.17559814453125,413.0198374131224,12.155760731408861,7.4761234359864375,vortex,1,1.0,E0039576
N0014432,junction,sub main,325.28369140625,316.12067726770283,9.163014138547169,7.471615385455948,vortex,1,1.0,E0014524
N0029454,junction,sub main,394.2898254394531,384.4377128529778,9.8521125864753,7.440470094448585,vortex,1,1.0,E0029811
N0027089,junction,sub main,391.7886962890625,382.10721642810154,9.681479860960962,7.428690846430129,vortex,1,1.0,E0027485
N0015203,junction,sub main,440.0150451660156,429.0413819672289,10.97366319878671,7.41934083602257,vortex,1,1.0,E0015253
N0018193,junction,sub main,365.45306396484375,355.58661551099544,9.866448453848307,7.416333518663578,vortex,1,1.0,E0018142
N0038771,junction,sub main,407.5442199707031,397.8869912642186,9.657228706484545,7.415188767443794,vortex,1,1.0,E0038690
N0043521,junction,sub main,425.3482971191406,415.4856254202849,9.862671698855706,7.405111268343887,vortex,1,1.0,E0043467
N0027289,junction,main,394.4280700683594,385.21819000977297,9.209880058586407,7.393143786822691,vortex,1,1.0,E0027716
N0013104,junction,sub main,345.4484558105469,335.5502760566656,9.898179753881266,7.390557726706049,vortex,1,1.0,E0013304
N0000377,junction,main,435.2334899902344,426.2017140144238,9.031775975810547,7.376508986907538,vortex,1,1.0,E0002334
N0025740,junction,sub main,390.70001220703125,378.9878462034547,11.712166003576556,7.374738707660356,vortex,1,1.0,E0025953
N0016203,junction,main,349.1507873535156,340.2280666744439,8.922720679071745,7.369059448827329,vortex,1,1.0,E0016076
N0014906,junction,sub main,438.42083740234375,428.1096827668012,10.31115463554255,7.368804001145861,vortex,1,1.0,E0014961
N0014965,junction,main,346.181640625,336.98578026486166,9.19586036013834,7.360037685469081,vortex,1,1.0,E0015028
N0016855,junction,trunk main,357.18572998046875,348.26310877092385,8.9226212095449,7.353918314305247,vortex,1,1.0,E0016646
N0011619,junction,main,343.67327880859375,334.5320554296377,9.141223378956056,7.3482833086019355,vortex,1,1.0,E0011850
N0013103,junction,sub main,344.4940490722656,332.30792018878145,12.186128883484173,7.34562389057794,vortex,1,1.0,E0013307
N0007525,junction,main,335.4268493652344,326.326293220197,9.100556145037388,7.336661730537514,vortex,1,1.0,E0008065
N0018696,junction,main,359.7957763671875,349.79917590197,9.996600465217512,7.334607774081462,vortex,1,1.0,E0018602
N0002381,junction,sub main,332.5849609375,321.7671478428695,10.81781309463048,7.332402523813641,vortex,1,1.0,E0003413
N0035180,junction,sub main,338.9465637207031,329.9842926898286,8.962271030874547,7.328459885902362,vortex,1,1.0,E0035367
N0013501,junction,sub main,435.7112731933594,426.4154679600451,9.295805233314297,7.323513076947847,vortex,1,1.0,E0013700
N0032258,junction,sub main,395.1814270019531,386.29355249816496,8.887874503788169,7.321585693904751,vortex,1,1.0,E0032581
N0008746,junction,sub main,337.29107666015625,328.34650574682104,8.944570913335212,7.319406758027014,vortex,1,1.0,E0008977
N0030214,junction,main,396.7226257324219,387.62247169341225,9.100154039009624,7.312646989631503,vortex,1,1.0,E0030526
N0026935,junction,sub main,368.45440673828125,359.07071667726774,9.38369006101351,7.312389623021943,vortex,1,1.0,E0027291
N0046012,junction,sub main,428.9168395996094,416.86935172307267,12.047487876536707,7.304742530326109,vortex,1,1.0,E0045995
N0012607,junction,trunk main,346.5719299316406,336.371450900045,10.200479031595648,7.285393479251354,vortex,1,1.0,E0012839
N0017571,junction,sub main,363.126953125,352.17202589949363,10.954927225506367,7.28097316919343,vortex,1,1.0,E0017422
N0027539,junction,sub main,368.6683349609375,359.26891077629523,9.399424184642271,7.278751338033885,vortex,1,1.0,E0027946
N0016918,junction,trunk main,357.6302490234375,348.7052058961489,8.925043127288575,7.276275278820094,vortex,1,1.0,E0016757
N0033485,junction,sub main,388.4125061035156,379.5472310906145,8.865275012901122,7.267145993687848,vortex,1,1.0,E0033707
N0046257,junction,trunk main,457.2465515136719,448.0479700146881,9.198581498983799,7.2589603491518915,vortex,1,1.0,E0046161
N0017517,junction,trunk main,363.69781494140625,350.75928232780274,12.938532613603513,7.253865205654051,vortex,1,1.0,E0017387
N0048072,junction,main,496.41253662109375,487.61212653980243,8.800410081291318,7.240429036065848,vortex,1,1.0,E0047963
N0045082,junction,lateral,438.2354736328125,429.28743648461597,8.948037148196534,7.23630876635923,vortex,1,1.0,E0045120
N0037590,junction,sub main,404.5990295410156,395.79550219393155,8.80352734708407,7.231391597297829,vortex,1,1.0,E0037618
N0014434,junction,main,324.98480224609375,314.08808036934283,10.896721876750917,7.223469314809904,vortex,1,1.0,E0014528
N0025886,junction,main,375.1146240234375,366.38518200608723,8.729442017350266,7.174181310165864,vortex,1,1.0,E0026083
N0037202,junction,sub main,411.9382019042969,403.17807856943836,8.76012333485852,7.1620366155366355,vortex,1,1.0,E0037285
N0041469,junction,sub main,415.2533874511719,404.0701288700168,11.183258581155087,7.160948310478318,vortex,1,1.0,E0041381
N0014250,junction,sub main,436.254150390625,426.88860732471596,9.365543065909037,7.159344405876141,vortex,1,1.0,E0014332
N0007402,junction,trunk main,403.71417236328125,394.71778100604234,8.996391357238906,7.137244477963009,vortex,1,1.0,E0007951
N0016885,junction,trunk main,357.4678039550781,348.6335723221327,8.834231632945432,7.134342370360457,vortex,1,1.0,E0016671
N0029986,junction,trunk main,398.12371826171875,389.4287740156867,8.694944246032037,7.133654190499328,vortex,1,1.0,E0030306
N0000156,junction,sub main,417.0923156738281,407.7858034847239,9.30651218910424,7.130841500209613,vortex,1,1.0,E0002233
N0044246,junction,trunk main,448.3565368652344,438.06519227963815,10.291344585596221,7.130197362158583,vortex,1,1.0,E0044363
N0031671,junction,sub main,334.4006042480469,324.6711841765028,9.729420071544098,7.129686933399796,vortex,1,1.0,E0031984
N0037437,junction,main,361.0093994140625,352.17620892382143,8.833190490241066,7.129432968524782,vortex,1,1.0,E0037497
N0009003,junction,main,424.1966857910156,414.876382893212,9.320302897803629,7.127246654917599,vortex,1,1.0,E0009272
N0043010,junction,main,427.0658874511719,417.02972348310715,10.036163968064727,7.125034597635192,vortex,1,1.0,E0042882
N0006192,junction,sub main,324.0117492675781,313.8143050890044,10.197444178573733,7.104239210480216,vortex,1,1.0,E0006439
N0031731,junction,sub main,395.0719299316406,386.23290533197127,8.839024599669358,7.101690425727327,vortex,1,1.0,E0032010
N0020062,junction,trunk main,379.6460266113281,369.17875780761597,10.467268803712159,7.0989186634729435,vortex,1,1.0,E0020030
N0017210,junction,trunk main,358.7551574707031,349.6999803660128,9.055177104690301,7.09828615238888,vortex,1,1.0,E0017042
N0046558,junction,main,457.8360290527344,449.059278452638,8.776750600096364,7.096549207114776,vortex,1,1.0,E0046419
N0013463,junction,sub main,350.12567138671875,340.230974100049,9.894697286669725,7.095323163194621,vortex,1,1.0,E0013657
N0005977,junction,trunk main,327.9927673339844,318.52572163411696,9.467045699867413,7.08324035985072,vortex,1,1.0,E0006264
N0040785,junction,sub main,417.240478515625,407.749106346546,9.491372169079,7.079955095862317,vortex,1,1.0,E0040673
N0026331,junction,main,375.110107421875,366.4551820060872,8.654925415787773,7.078091636961801,vortex,1,1.0,E0026552
N0032259,junction,sub main,395.1167297363281,386.07227610880574,9.044453627522387,7.076934874800372,vortex,1,1.0,E0032595
N0016334,junction,main,441.831298828125,433.1845563766343,8.646742451490695,7.062615019218356,vortex,1,1.0,E0016190
N0037388,junction,main,367.2618103027344,358.45127262659395,8.810537676140427,7.0610127782313725,vortex,1,1.0,E0037465
N0018361,junction,sub main,365.6055908203125,355.7995110135424,9.806079806770072,7.059911063538493,vortex,1,1.0,E0018334
N0020937,junction,sub main,365.0918273925781,356.46192634154767,8.629901051030458,7.059015158210798,vortex,1,1.0,E0020862
N0025337,junction,main,374.6551208496094,365.82874375647407,8.826377093135306,7.054953862087075,vortex,1,1.0,E0025662
N0030063,junction,main,389.5088195800781,380.3453570904546,9.163462489623498,7.054394883473776,vortex,1,1.0,E0030379
N0021256,junction,main,377.3624267578125,368.2552936471253,9.107133110687187,7.049981476962614,vortex,1,1.0,E0021215
N0021186,junction,sub main,365.6590576171875,356.8134310720688,8.845626545118705,7.042739910199828,vortex,1,1.0,E0021184
N0037596,junction,sub main,404.6113586425781,395.9060931382516,8.705265504326519,7.033337253077661,vortex,1,1.0,E0037616
N0027710,junction,trunk main,389.261474609375,380.68039560323126,8.581079006143739,7.0272045225170245,vortex,1,1.0,E0028036
N0000045,outfall,trunk main,332.44140625,319.52242813043677,12.918978119563235,7.025629473183471,vortex,1,1.0,E0000052
N0003558,junction,trunk main,328.2589416503906,318.0845547478115,10.174386902579101,7.022707758782872,vortex,1,1.0,E0003941
N0032500,junction,sub main,368.19830322265625,359.4825544826805,8.715748739975766,7.009843072399917,vortex,1,1.0,E0032764
N0022673,junction,sub main,384.6664733886719,375.57409802414435,9.092375364527527,7.008010204100458,vortex,1,1.0,E0022782
N0020430,junction,main,352.59375,343.73200043781026,8.861749562189743,7.007118804960726,vortex,1,1.0,E0020396
N0007398,junction,trunk main,331.1914978027344,319.42220233442174,11.769295468312635,6.999738961406706,vortex,1,1.0,E0007933
N0041071,junction,main,432.6962585449219,412.2459272399937,20.45033130492817,6.997400620304859,vortex,1,1.0,E0041017
N0002361,junction,trunk main,334.8605041503906,322.9452831516806,11.915220998710026,6.9952590159770125,vortex,1,1.0,E0003361
N0039802,junction,sub main,350.6147155761719,339.17275911149665,11.44195646467523,6.992784243968288,vortex,1,1.0,E0039683
N0030568,junction,main,387.7927551269531,378.1974516906843,9.595303436268807,6.992687800807005,vortex,1,1.0,E0030899
N0004846,junction,sub main,331.6113586425781,321.60726521642766,10.004093426150462,6.992287734157287,vortex,1,1.0,E0005095
N0031616,junction,sub main,364.7287292480469,353.85511748990046,10.87361175814641,6.9790489514701335,vortex,1,1.0,E0031901
N0022118,junction,sub main,366.0481872558594,354.5188152994086,11.529371956450802,6.978442324028379,vortex,1,1.0,E0022198
N0022053,junction,sub main,378.0696105957031,369.02330093642604,9.046309659277085,6.97527374218771,vortex,1,1.0,E0022171
N0029501,junction,main,386.07110595703125,374.34491934222814,11.726186614803112,6.968274091329931,vortex,1,1.0,E0029841
N0033946,junction,main,386.7248840332031,377.46448682787826,9.260397205324864,6.96088947586594,vortex,1,1.0,E0034109
N0039352,junction,sub main,421.9886169433594,413.2730619776296,8.71555496572978,6.960150058952593,vortex,1,1.0,E0039217
N0025136,junction,main,372.5755615234375,364.052819853868,8.522741669569484,6.956408023287054,vortex,1,1.0,E0025488
N0020801,junction,sub main,376.5300598144531,364.9423939127105,11.587665901742639,6.943743323001229,vortex,1,1.0,E0020800
N0013073,junction,trunk main,418.3953857421875,409.48336559896507,8.912020143222435,6.937835241596019,vortex,1,1.0,E0013272
N0032952,junction,main,380.966796875,371.0151895881851,9.95160728681492,6.937377188306755,vortex,1,1.0,E0033270
N0035436,junction,main,367.88482666015625,357.04233260035187,10.84249405980438,6.929779395688058,vortex,1,1.0,E0035637
N0039093,junction,sub main,408.137451171875,398.7370034945214,9.400447677353611,6.9264257812926076,vortex,1,1.0,E0039004
N0012894,junction,sub main,331.54437255859375,322.89752281345824,8.646849745135512,6.925023600420616,vortex,1,1.0,E0013007
N0017871,junction,sub main,363.86370849609375,352.55187475587434,11.311833740219413,6.921189606402777,vortex,1,1.0,E0017787
N0032933,junction,sub main,388.4034729003906,379.44315006090847,8.96032283948216,6.920971041293228,vortex,1,1.0,E0033248
N0021430,junction,sub main,365.65728759765625,356.85791234702367,8.799375250632579,6.918712914601144,vortex,1,1.0,E0021332
N0041204,junction,sub main,419.49114990234375,409.3928218646889,10.098328037654824,6.913427063831136,vortex,1,1.0,E0041124
N0017072,junction,trunk main,358.0041809082031,349.518100320739,8.48608058746413,6.907586132918141,vortex,1,1.0,E0016967
N0024417,junction,sub main,378.2716979980469,366.4898565304021,11.781841467644767,6.890901378194371,vortex,1,1.0,E0024759
N0041046,junction,sub main,418.9269714355469,408.57748472271703,10.349486712829844,6.887369903973763,vortex,1,1.0,E0040988
N0029412,junction,trunk main,393.46905517578125,384.90570645211653,8.563348723664717,6.886623647639624,vortex,1,1.0,E0029756
N0032362,junction,sub main,387.8918151855469,379.1002160742085,8.791599111338371,6.877174437246367,vortex,1,1.0,E0032685
N0043970,junction,sub main,445.175537109375,436.0353667338236,9.140170375551406,6.876142406085421,vortex,1,1.0,E0044068
N0032053,junction,main,370.9473571777344,361.91184803967695,9.03550913805742,6.864188904643697,vortex,1,1.0,E0032416
N0023208,junction,sub main,377.0368957519531,366.74113568883683,10.29576006311629,6.857809039491258,vortex,1,1.0,E0023409
N0025046,junction,sub main,379.4699401855469,368.2744367412043,11.195503444342592,6.856200472345222,vortex,1,1.0,E0025428
N0005688,junction,sub main,340.28289794921875,330.5213754652559,9.761522483962835,6.855709115952209,vortex,1,1.0,E0005813
N0032099,junction,sub main,385.78759765625,375.28690887643944,10.50068877981056,6.8508680911356805,vortex,1,1.0,E0032430
N0004438,junction,main,423.29296875,414.76246516798017,8.530503582019833,6.838171793544518,vortex,1,1.0,E0004739
N0024249,junction,main,384.52972412109375,376.0123164272084,8.517407693885332,6.832900605118425,vortex,1,1.0,E0024672
N0007237,junction,sub main,441.43865966796875,432.732821589019,8.70583807894974,6.831031719591067,vortex,1,1.0,E0007825
N0046549,junction,main,428.7073669433594,419.54252823750846,9.164838705850912,6.829621846554232,vortex,1,1.0,E0046395
N0033850,junction,trunk main,401.32269287109375,392.604899123649,8.717793747444773,6.822250488612667,vortex,1,1.0,E0034043
N0023216,junction,sub main,381.2305908203125,372.78494873823354,8.445642082078962,6.817696078453309,vortex,1,1.0,E0023423
N0039404,junction,main,408.12158203125,399.4970799271605,8.624502104089515,6.81737508964801,vortex,1,1.0,E0039283
N0020916,junction,sub main,381.88458251953125,369.3118733194754,12.57270920005584,6.8168192647966634,vortex,1,1.0,E0020849
N0004694,junction,trunk main,327.8514404296875,318.32166185775264,9.529778571934855,6.816716348043826,vortex,1,1.0,E0005005
N0018592,junction,sub main,365.9031982421875,356.6441959841217,9.259002258065777,6.809956253076507,vortex,1,1.0,E0018507
N0009514,junction,main,423.8516845703125,415.1440662559769,8.707618314335605,6.806092230384365,vortex,1,1.0,E0009780
N0017799,junction,main,359.7237243652344,351.345495071172,8.37822929406235,6.802474048527586,vortex,1,1.0,E0017659
N0010058,junction,main,446.54443359375,438.05995948810914,8.484474105640857,6.8021093103946555,vortex,1,1.0,E0010428
N0048209,junction,main,496.277099609375,487.81118683217636,8.465912777198639,6.797057527802224,vortex,1,1.0,E0048063
N0004837,junction,main,332.7751159667969,324.29069350451977,8.48442246227711,6.792089719559158,vortex,1,1.0,E0005079
N0025202,junction,main,375.29388427734375,366.0123167870351,9.281567490308646,6.791380317313099,vortex,1,1.0,E0025553
N0016991,junction,trunk main,357.59625244140625,348.9438042640266,8.652448177379654,6.789135177848607,vortex,1,1.0,E0016839
N0028641,junction,sub main,370.51165771484375,360.881216527724,9.630441187119743,6.785965569978373,vortex,1,1.0,E0028906
N0043730,junction,main,436.53985595703125,428.15888998729486,8.380965969736394,6.7834642268134075,vortex,1,1.0,E0043712
N0038238,junction,sub main,354.76068115234375,345.2968693424876,9.463811809856168,6.771267470699513,vortex,1,1.0,E0038238
N0040239,junction,sub main,403.4031066894531,394.3381359218296,9.06497076762355,6.769311247913151,vortex,1,1.0,E0040112
N0010850,junction,main,336.5960693359375,327.786863005261,8.809206330676489,6.769134621748435,vortex,1,1.0,E0011097
N0000263,junction,main,422.3761291503906,413.93082163788563,8.445307512504996,6.768385575548905,vortex,1,1.0,E0002275
N0005477,junction,sub main,420.3070983886719,409.72253364833625,10.584564740335622,6.767099182392428,vortex,1,1.0,E0005618
N0021613,junction,sub main,379.1341552734375,370.4368531651733,8.697302108264182,6.766386295666962,vortex,1,1.0,E0021648
N0004969,junction,sub main,418.8887023925781,409.26008834059684,9.628614051981288,6.761715275994732,vortex,1,1.0,E0005235
N0033863,junction,sub main,395.99224853515625,386.7575149205598,9.23473361459645,6.755991329668916,vortex,1,1.0,E0034044
N0010659,junction,lateral,446.9580383300781,438.6441835481874,8.313854781890711,6.755913051590028,vortex,1,1.0,E0010908
N0048663,junction,trunk main,518.8831787109375,510.5805534454867,8.302625265450786,6.750109287547218,vortex,1,1.0,E0048548
N0034707,junction,sub main,339.2646484375,330.87368904421106,8.390959393288938,6.747600253260657,vortex,1,1.0,E0034960
N0041019,junction,trunk main,425.2891845703125,414.29179877645896,10.997385793853539,6.742132144658797,vortex,1,1.0,E0040916
N0011597,junction,trunk main,345.0400085449219,335.54681414370174,9.493194401220137,6.730925372187357,vortex,1,1.0,E0011807
N0048558,junction,trunk main,506.7965393066406,497.26880358436864,9.527735722271984,6.730639491683462,vortex,1,1.0,E0048441
N0012179,junction,main,334.49462890625,326.02577874144527,8.468850164804735,6.729046416921165,vortex,1,1.0,E0012510
N0021463,junction,main,376.0463562011719,367.7687266014284,8.277629599743477,6.7212846011498755,vortex,1,1.0,E0021383
N0006472,junction,trunk main,402.8635559082031,392.61881837359874,10.244737534604383,6.709044044610323,vortex,1,1.0,E0006648
N0026498,junction,sub main,391.8990173339844,382.0237813086337,9.87523602535066,6.704768968415635,vortex,1,1.0,E0026849
N0004723,junction,trunk main,341.05181884765625,332.7738085408938,8.27801030676244,6.691036189659485,vortex,1,1.0,E0005012
N0038115,junction,sub main,404.8641662597656,396.3419867700369,8.522179489728728,6.684747568970749,vortex,1,1.0,E0038157
N0008968,junction,main,431.903076171875,423.3142347503137,8.588841421561312,6.6841804076228755,vortex,1,1.0,E0009247
N0018758,junction,sub main,363.28948974609375,350.43348745878734,12.85600228730641,6.679788979415548,vortex,1,1.0,E0018715
N0043723,junction,sub main,441.18267822265625,432.8405135444773,8.34216467817896,6.678840703570245,vortex,1,1.0,E0043680
N0030053,junction,main,389.151123046875,380.6446190748835,8.506503971991492,6.677247060359775,vortex,1,1.0,E0030350
N0022550,junction,sub main,344.5671691894531,335.7666723223078,8.800496867145341,6.676379000304507,vortex,1,1.0,E0022674
N0002524,junction,main,422.4961242675781,414.0702848946954,8.425839372882706,6.659887445721267,vortex,1,1.0,E0003546
N0047995,junction,main,483.0638122558594,474.7228202974164,8.340991958442999,6.656953236725371,vortex,1,1.0,E0047858
N0038747,junction,sub main,405.5776672363281,397.3622394200794,8.215427816248734,6.654848959213837,vortex,1,1.0,E0038683
N0008667,junction,main,329.483154296875,319.5883761779166,9.894778118958413,6.650801157058481,vortex,1,1.0,E0008904
N0019744,junction,lateral,364.02783203125,354.94994823628167,9.07788379496833,6.650512118685924,vortex,1,1.0,E0019701
N0004207,junction,sub main,339.93511962890625,329.5338996965724,10.401219932333845,6.648792696253565,vortex,1,1.0,E0004484
N0011527,junction,lateral,347.5393981933594,339.33457346562574,8.204824727733637,6.6440855832194075,vortex,1,1.0,E0011703
N0038034,junction,main,336.5309753417969,327.1215936033738,9.409381738423065,6.640652962999923,vortex,1,1.0,E0038036
N0020669,junction,sub main,379.1759033203125,370.343772965248,8.832130355064521,6.631665884854044,vortex,1,1.0,E0020689
N0048891,junction,main,489.4111633300781,481.23670742330034,8.17445590677778,6.620687220630032,vortex,1,1.0,E0048741
N0022920,junction,sub main,344.0789794921875,335.9040700776593,8.174909414528202,6.620564346098092,vortex,1,1.0,E0023122
N0006692,junction,main,323.9141540527344,313.444218682555,10.469935370179371,6.617003653797042,vortex,1,1.0,E0006940
N0009556,junction,main,443.27862548828125,435.01751944121463,8.261106047066619,6.615636962657163,vortex,1,1.0,E0009851
N0021653,junction,trunk main,383.1012878417969,374.91309936091835,8.188188480878523,6.615377264585504,vortex,1,1.0,E0021687
N0034029,junction,lateral,377.2785339355469,369.1103523443548,8.16818159119208,6.612491691653531,vortex,1,1.0,E0034271
N0037073,junction,main,360.3967590332031,351.4682654640983,8.92849356910483,6.6093219542783,vortex,1,1.0,E0037193
N0014469,junction,main,323.500732421875,315.30993909489956,8.190793326975438,6.600718716052825,vortex,1,1.0,E0014572
N0004988,junction,main,423.3011169433594,415.154191101111,8.146925842248379,6.591821997272632,vortex,1,1.0,E0005239
N0047726,junction,trunk main,484.6349182128906,472.96899198408084,11.66592622880978,6.584914907123903,vortex,1,1.0,E0047569
N0008087,junction,main,427.22119140625,419.0492539386517,8.171937467598298,6.578298988467793,vortex,1,1.0,E0008284
N0029425,junction,trunk main,389.4286193847656,381.1960791769859,8.23254020777972,6.575466819962969,vortex,1,1.0,E0029755
N0030934,junction,sub main,390.16552734375,380.0997751219662,10.065752221783782,6.574039046310702,vortex,1,1.0,E0031293
N0021458,junction,sub main,378.1468505859375,368.20513741900055,9.94171316693695,6.555273805447939,vortex,1,1.0,E0021377
N0016729,junction,trunk main,355.67071533203125,347.39029731593837,8.28041801609288,6.548536898771545,vortex,1,1.0,E0016527
N0046392,junction,main,427.0803527832031,418.745687761505,8.334665021698129,6.547931743913011,vortex,1,1.0,E0046286
N0046639,junction,main,428.17523193359375,420.075632354919,8.09959957867477,6.5428360289326974,vortex,1,1.0,E0046526
N0048233,junction,sub main,492.5747375488281,484.4823365986127,8.092400950215449,6.534746036990043,vortex,1,1.0,E0048079
N0009491,junction,sub main,442.5040588378906,434.37694712827397,8.127111709616656,6.533116167428432,vortex,1,1.0,E0009726
N0043358,junction,sub main,435.18121337890625,423.6502449869405,11.530968391965757,6.533039102731436,vortex,1,1.0,E0043330
N0011682,junction,sub main,337.0705871582031,328.36556267841496,8.705024479788165,6.530635456862228,vortex,1,1.0,E0011921
N0012615,junction,trunk main,417.5006103515625,408.58300105151085,8.917609300051652,6.527481236123947,vortex,1,1.0,E0012831
N0013511,junction,trunk main,348.8644104003906,336.6836065215263,12.18080387886431,6.525844896063177,vortex,1,1.0,E0013723
N0005795,junction,lateral,425.1445617675781,417.04591965448475,8.098642113093376,6.514811266015954,vortex,1,1.0,E0005956
N0015091,junction,sub main,325.3496398925781,313.5277221485391,11.821917744039013,6.512135664665095,vortex,1,1.0,E0015199
N0004185,junction,trunk main,340.6824035644531,332.50503148392914,8.17737208052398,6.5042224334004,vortex,1,1.0,E0004476
N0023657,junction,main,376.56640625,367.27780072843524,9.288605521564762,6.491983191002021,vortex,1,1.0,E0023927
N0021578,junction,sub main,365.7731628417969,356.91288671239306,8.860276129403815,6.4901398281928095,vortex,1,1.0,E0021587
N0036419,junction,trunk main,412.9648742675781,400.7877222217848,12.17715204579332,6.482432466304829,vortex,1,1.0,E0036604
N0019694,junction,main,378.10736083984375,368.18589053045815,9.921470309385597,6.471880480508503,vortex,1,1.0,E0019647
N0028142,junction,sub main,381.46087646484375,371.7592366364385,9.701639828405234,6.471168658081467,vortex,1,1.0,E0028448
N0015529,junction,sub main,349.0080261230469,340.453010033382,8.555016089664889,6.469841754083291,vortex,1,1.0,E0015488
N0021618,junction,sub main,378.29901123046875,368.47007484586237,9.82893638460638,6.467940718715965,vortex,1,1.0,E0021651
N0036351,junction,sub main,363.6974792480469,353.1336675518149,10.563811696231994,6.464385895465455,vortex,1,1.0,E0036536
N0008395,junction,sub main,328.81610107421875,317.84463632877527,10.971464745443484,6.460580184652372,vortex,1,1.0,E0008621
N0038160,junction,main,391.651123046875,379.9219157093704,11.72920733750459,6.458111050234038,vortex,1,1.0,E0038209
N0033575,junction,lateral,400.1160583496094,392.0988960217435,8.01716232786589,6.4512156890303345,vortex,1,1.0,E0033780
N0002796,junction,sub main,423.6175537109375,415.5307418687628,8.086811842174711,6.450959135813321,vortex,1,1.0,E0003727
N0037866,junction,sub main,404.60028076171875,396.1190160052531,8.481264756465634,6.4450539365200825,vortex,1,1.0,E0037871
N0048761,junction,main,485.2231140136719,477.20785338109096,8.015260632580919,6.443306720672808,vortex,1,1.0,E0048670
N0021455,junction,sub main,378.2005310058594,369.5200261935225,8.680504812336892,6.440474136894693,vortex,1,1.0,E0021374
N0046795,junction,main,461.98883056640625,449.96149834047793,12.027332225928319,6.440176742042468,vortex,1,1.0,E0046732
N0009749,junction,sub main,335.9156799316406,324.8690121822344,11.046667749406197,6.439796621948005,vortex,1,1.0,E0010090
N0006688,junction,sub main,323.4686584472656,314.9056663810381,8.562992066227537,6.4359809308431295,vortex,1,1.0,E0006926
N0016240,junction,main,346.98284912109375,338.3535002694631,8.629348851630652,6.430440693105766,vortex,1,1.0,E0016141
N0039453,junction,sub main,353.2117919921875,343.89161080857036,9.320181183617137,6.423713059968861,vortex,1,1.0,E0039315
N0022426,junction,sub main,367.4832763671875,357.94141062852566,9.54186573866184,6.416435992384379,vortex,1,1.0,E0022561
N0009680,junction,sub main,333.5990905761719,324.33849958232463,9.260590993847245,6.4030442978682345,vortex,1,1.0,E0009956
N0038396,junction,sub main,404.9296569824219,396.6811842576839,8.248472724737951,6.40164661421943,vortex,1,1.0,E0038334
N0041293,junction,main,351.64971923828125,343.69450384718334,7.955215391097909,6.401535975195827,vortex,1,1.0,E0041179
N0030701,junction,sub main,383.339111328125,374.04193859045137,9.297172737673634,6.400864372259662,vortex,1,1.0,E0031057
N0006530,junction,sub main,339.4976806640625,331.0956326980214,8.402047966041096,6.39415921348683,vortex,1,1.0,E0006722
N0009115,junction,sub main,333.3277893066406,323.6360791922547,9.691710114385899,6.385793936280834,vortex,1,1.0,E0009431
N0035288,junction,main,399.050537109375,391.0511021060573,7.999435003317728,6.381191343256319,vortex,1,1.0,E0035511
N0012504,junction,sub main,348.4975280761719,339.39402069787985,9.103507378292022,6.380752329301117,vortex,1,1.0,E0012746
N0021829,junction,sub main,365.29681396484375,357.3071013515335,7.989712613310246,6.378474547245219,vortex,1,1.0,E0021864
N0020522,junction,sub main,370.1977844238281,361.801679549692,8.396104874136142,6.372494993113321,vortex,1,1.0,E0020518
N0014788,junction,main,317.4181213378906,308.7567457606109,8.661375577279728,6.372252517545462,vortex,1,1.0,E0014895
N0039249,junction,main,408.0922546386719,399.1828089453629,8.909445693308953,6.3697573767158815,vortex,1,1.0,E0039161
N0047586,junction,trunk main,477.3860778808594,468.8641336115646,8.52194426929475,6.3650084913526825,vortex,1,1.0,E0047365
N0019649,junction,main,353.186279296875,345.2161953360148,7.970083960860222,6.36221638543833,vortex,1,1.0,E0019619
N0008169,junction,trunk main,335.2366638183594,327.2231975219562,8.01346629640318,6.357792762072052,vortex,1,1.0,E0008361
N0010703,junction,sub main,339.615966796875,331.5611209831896,8.054845813685404,6.345040819665087,vortex,1,1.0,E0010944
N0041428,junction,main,350.9719543457031,342.94886045380764,8.023093891895485,6.339980534274446,vortex,1,1.0,E0041326
N0041574,junction,trunk main,425.56756591796875,417.6805712541324,7.886994663836333,6.334630634270866,vortex,1,1.0,E0041506
N0021700,junction,main,381.8149719238281,371.65579239179203,10.159179532036092,6.331120705700243,vortex,1,1.0,E0021709
N0026481,junction,trunk main,386.0904846191406,377.1360244304012,8.954460188739404,6.32854335733731,vortex,1,1.0,E0026841
N0013608,junction,main,339.05059814453125,331.171128621108,7.879469523423268,6.326385691433643,vortex,1,1.0,E0013811
N0041289,junction,main,350.6299133300781,342.397425170677,8.2324881594011,6.32479508786173,vortex,1,1.0,E0041180
N0025450,junction,main,343.4404296875,335.310662602129,8.129767085370986,6.3192365736002785,vortex,1,1.0,E0025727
N0027584,junction,sub main,379.8132629394531,371.9226529377513,7.890610001701816,6.313831588620076,vortex,1,1.0,E0027976
N0045815,junction,trunk main,453.3419189453125,444.80115627739673,8.540762667915772,6.303215164361973,vortex,1,1.0,E0045828
N0026371,junction,sub main,368.53179931640625,358.7449559824772,9.786843333929028,6.3023321117289015,vortex,1,1.0,E0026691
N0004744,junction,sub main,335.0931396484375,326.9691105957072,8.124029052730293,6.300000073474848,vortex,1,1.0,E0005022
N0031116,junction,main,397.9457092285156,389.97789659532407,7.967812633191556,6.290507194000838,vortex,1,1.0,E0031454
N0047061,junction,trunk main,465.5860595703125,456.84618562823977,8.739873942072734,6.290012036711801,vortex,1,1.0,E0046964
N0005231,junction,trunk main,327.7541809082031,318.40657603538216,9.347604872820966,6.289974686697406,vortex,1,1.0,E0005426
N0042888,junction,main,433.4022216796875,425.4878570576634,7.914364622024095,6.2823975744587415,vortex,1,1.0,E0042760
N0032829,junction,sub main,395.2088317871094,386.52819361015145,8.680638176957927,6.280695587499849,vortex,1,1.0,E0033073
N0023264,junction,main,370.0220947265625,362.16693288918754,7.855161837374965,6.28025876636724,vortex,1,1.0,E0023438
N0027067,junction,sub main,336.56719970703125,327.78580980606273,8.78138990096852,6.276942385909081,vortex,1,1.0,E0027429
N0035819,junction,main,389.7220153808594,381.6348954624254,8.087119918433984,6.271519210351471,vortex,1,1.0,E0035918
N0041998,junction,trunk main,426.15740966796875,417.9868522231177,8.170557444851056,6.268685372975256,vortex,1,1.0,E0041870
N0030526,junction,main,344.7751770019531,336.7445990285701,8.030577973383004,6.268448772096463,vortex,1,1.0,E0030794
N0038874,junction,sub main,352.9897766113281,340.6428606790461,12.346915932282002,6.2589773003568325,vortex,1,1.0,E0038798
N0014581,junction,sub main,436.22100830078125,427.13751820677754,9.083490094003707,6.257161208127684,vortex,1,1.0,E0014657
N0021935,junction,trunk main,382.8233337402344,375.0081622108105,7.815171529423878,6.256381442350346,vortex,1,1.0,E0021980
N0032722,junction,main,403.12945556640625,390.97289473784895,12.156560828557303,6.255316386596405,vortex,1,1.0,E0032909
N0019883,junction,trunk main,379.37030029296875,368.9954562697864,10.374844023182334,6.243309769155815,vortex,1,1.0,E0019828
N0003795,junction,main,422.91766357421875,414.5064866532568,8.411176920961964,6.235301801811204,vortex,1,1.0,E0004189
N0031549,junction,main,388.7719421386719,380.75229132502926,8.019650813642613,6.22990939787627,vortex,1,1.0,E0031863
N0021716,junction,sub main,373.5027770996094,364.24760780259663,9.255169297012742,6.2272266800107445,vortex,1,1.0,E0021790
N0006885,junction,trunk main,330.7903747558594,319.1700904389222,11.620284316937159,6.225492502366706,vortex,1,1.0,E0007207
N0022844,junction,main,370.0043640136719,362.1017408651355,7.90262314853635,6.222275488399703,vortex,1,1.0,E0023036
N0028281,junction,trunk main,389.01263427734375,381.0690494718016,7.943584805542173,6.208952092077027,vortex,1,1.0,E0028580
N0020448,junction,sub main,365.4176940917969,355.2004420205036,10.217252071293274,6.208334699098771,vortex,1,1.0,E0020430
N0009243,junction,main,329.6850280761719,321.707835861161,7.977192215010859,6.204740288983203,vortex,1,1.0,E0009557
N0027772,junction,sub main,382.8128662109375,370.34711987859305,12.465746332344452,6.1932260589971975,vortex,1,1.0,E0028097
N0008529,junction,main,427.6373596191406,419.4376813610572,8.199678258083452,6.191994404866932,vortex,1,1.0,E0008754
N0030843,junction,sub main,389.8781433105469,374.1714281906047,15.706715119942203,6.190379639885293,vortex,1,1.0,E0031340
N0029713,junction,sub main,376.6193542480469,368.39853000275355,8.22082424529333,6.190227475667996,vortex,1,1.0,E0030016
N0008940,junction,sub main,342.26446533203125,333.8474174927175,8.417047839313739,6.181837339766901,vortex,1,1.0,E0009223
N0009067,junction,trunk main,341.6806945800781,328.52129511436254,13.15939946571558,6.181457849625929,vortex,1,1.0,E0009380
N0032144,junction,sub main,364.3154296875,354.0718827335983,10.243546953901728,6.17885758564023,vortex,1,1.0,E0032507
N0013955,junction,trunk main,419.9270324707031,411.5697035567221,8.357328913981007,6.176833922261608,vortex,1,1.0,E0014015
N0016814,junction,trunk main,356.2991638183594,347.7811169685415,8.518046849817893,6.176813728304069,vortex,1,1.0,E0016619
N0032748,junction,sub main,363.9806823730469,354.2962317590126,9.68445061403429,6.1760132791469005,vortex,1,1.0,E0032933
N0041752,junction,trunk main,425.5299987792969,417.8007032959393,7.729295483357589,6.174564421449759,vortex,1,1.0,E0041597
N0033993,junction,main,380.7991943359375,372.7901462358854,8.009048100052098,6.166616530667852,vortex,1,1.0,E0034172
N0017449,junction,sub main,360.2955017089844,351.3104664696163,8.985035239368074,6.164986441025121,vortex,1,1.0,E0017341
N0000733,junction,sub main,497.54547119140625,488.6233149390168,8.92215625238947,6.162227313119445,vortex,1,1.0,E0002547
N0041756,junction,main,425.7774963378906,416.8630643534058,8.91443198448485,6.155685642968876,vortex,1,1.0,E0041603
N0008302,junction,sub main,337.1848449707031,327.41127609317004,9.77356887753308,6.149070341513948,vortex,1,1.0,E0008507
N0007613,junction,sub main,315.4313659667969,304.50259611224993,10.928769854546942,6.148770898064129,vortex,1,1.0,E0008235
N0035333,junction,main,389.4017639160156,381.1018460893655,8.29991782665013,6.147181396593567,vortex,1,1.0,E0035571
N0035674,junction,sub main,346.1356201171875,335.3748630733998,10.760757043787692,6.143318511946973,vortex,1,1.0,E0035833
N0010879,junction,main,334.9762268066406,323.0830983476207,11.89312845901992,6.137090541498537,vortex,1,1.0,E0011129
N0022435,junction,sub main,367.4158630371094,355.276226648646,12.139636388463373,6.134587803246291,vortex,1,1.0,E0022583
N0014630,junction,main,420.4731140136719,412.7168211320489,7.756292881622983,6.13307584570606,vortex,1,1.0,E0014693
N0033313,junction,sub main,395.9281921386719,386.7160825930605,9.212109545611384,6.132114976780144,vortex,1,1.0,E0033620
N0034361,junction,sub main,389.24761962890625,380.5266332244751,8.72098640443113,6.128674446960872,vortex,1,1.0,E0034564
N0039204,junction,sub main,352.36578369140625,341.1333589900704,11.232424701335844,6.125044954913278,vortex,1,1.0,E0039097
N0011193,junction,main,341.18182373046875,331.40958679565915,9.772236934809598,6.123836256200491,vortex,1,1.0,E0011370
N0003742,junction,sub main,314.0638427734375,303.7285070117364,10.335335761701117,6.123721204368678,vortex,1,1.0,E0004154
N0000120,junction,main,360.37286376953125,352.6794739181443,7.693389851386939,6.112799609219053,vortex,1,1.0,E0002216
N0002462,junction,main,361.14599609375,353.2066053772616,7.93939071648839,6.111716458953879,vortex,1,1.0,E0003484
N0029001,junction,sub main,373.55181884765625,363.43640061714035,10.1154182305159,6.111355183625108,vortex,1,1.0,E0029367
N0022380,junction,sub main,377.92633056640625,369.9300193024216,7.996311263984637,6.108882287242466,vortex,1,1.0,E0022497
N0048200,junction,lateral,495.679443359375,488.000121249948,7.679322109427005,6.107664975907653,vortex,1,1.0,E0048062
N0015144,junction,main,394.3481140136719,385.94223658197654,8.40587743169533,6.102555056918675,vortex,1,1.0,E0015229
N0022745,junction,sub main,367.9156494140625,360.1781892484243,7.737460165638197,6.095547078417951,vortex,1,1.0,E0022879
N0017761,junction,sub main,363.58734130859375,352.3898008309365,11.197540477657242,6.091706868347501,vortex,1,1.0,E0017646
N0010640,junction,main,423.29571533203125,415.470186580685,7.825528751346269,6.08859126159831,vortex,1,1.0,E0010871
N0038580,junction,sub main,404.847412109375,396.7309888759437,8.116423233431306,6.087403996206945,vortex,1,1.0,E0038507
N0029264,junction,sub main,384.0419921875,374.425365121229,9.616627066271008,6.086856310600297,vortex,1,1.0,E0029629
N0005769,junction,sub main,329.81103515625,321.30261100210924,8.508424154140755,6.085610648974466,vortex,1,1.0,E0005942
N0044686,junction,main,445.24578857421875,437.4787004965641,7.767088077654648,6.081602013166787,vortex,1,1.0,E0044780
N0019082,junction,main,367.60614013671875,358.0470063405193,9.559133796199433,6.077542757898584,vortex,1,1.0,E0019037
N0005486,junction,main,423.2736511230469,415.1953007106932,8.0783504123537,6.076628407959674,vortex,1,1.0,E0005624
N0022472,junction,sub main,380.7059631347656,370.8275665898252,9.878396544940415,6.074666865912548,vortex,1,1.0,E0022602
N0025538,junction,main,378.3431701660156,368.98491414789953,9.358256018116094,6.069650213651244,vortex,1,1.0,E0025838
N0045528,junction,trunk main,452.5862121582031,443.7702656378585,8.815946520344653,6.066623826585442,vortex,1,1.0,E0045581
N0030779,junction,main,396.5595397949219,388.86271897118513,7.6968208237367435,6.053312199528193,vortex,1,1.0,E0031113
N0043339,junction,trunk main,439.0267028808594,430.4876709929926,8.53903188786677,6.050920901435745,vortex,1,1.0,E0043323
N0038926,junction,sub main,405.8191833496094,397.80720734867265,8.011976000936727,6.0429270432942985,vortex,1,1.0,E0038852
N0039798,junction,main,351.44989013671875,342.53430280210415,8.9155873346146,6.041116243385829,vortex,1,1.0,E0039666
N0020661,junction,sub main,365.14459228515625,356.31773934824935,8.826852936906903,6.040718099817582,vortex,1,1.0,E0020693
N0003643,junction,main,331.5597229003906,322.82663692039984,8.73308597999079,6.0393902320116695,vortex,1,1.0,E0003986
N0021073,junction,main,374.47503662109375,366.86764650807726,7.607390113016493,6.034947283832537,vortex,1,1.0,E0021020
N0041451,junction,trunk main,425.392822265625,417.6377607228943,7.755061542730687,6.03365105453139,vortex,1,1.0,E0041341
N0024930,junction,main,374.515869140625,366.908142489335,7.607726651290022,6.024950600226418,vortex,1,1.0,E0025186
N0015411,junction,main,323.51373291015625,315.9127806652379,7.600952244918346,6.021320001393235,vortex,1,1.0,E0015398
N0022284,junction,sub main,384.1871337890625,375.0023385047307,9.184795284331813,6.008209284725922,vortex,1,1.0,E0022425
N0011916,junction,sub main,348.5433349609375,338.918638664291,9.624696296646505,6.007844495393499,vortex,1,1.0,E0012255
N0023105,junction,sub main,366.5614318847656,358.74541639205665,7.816015492708971,6.001312311725826,vortex,1,1.0,E0023326
N0043067,junction,trunk main,438.19378662109375,430.1421152299573,8.051671391136438,5.996856281650764,vortex,1,1.0,E0042969
N0036410,junction,sub main,346.181396484375,336.60794434579014,9.573452138584855,5.996233590285954,vortex,1,1.0,E0036582
N0029809,junction,main,377.2742004394531,369.71349227573756,7.56070816371556,5.996029348925902,vortex,1,1.0,E0030099
N0024783,junction,sub main,371.6236267089844,363.8728201034934,7.750806605490993,5.99412618752217,vortex,1,1.0,E0025089
N0043212,junction,trunk main,438.6604919433594,430.4269808123417,8.233511131017679,5.989448602360255,vortex,1,1.0,E0043094
N0048085,junction,main,483.011474609375,475.33546284398983,7.676011765385169,5.985119369076244,vortex,1,1.0,E0047980
N0012170,junction,sub main,336.9520263671875,329.1971055421951,7.754920824992382,5.984158848827462,vortex,1,1.0,E0012484
N0011325,junction,main,334.8180847167969,324.99223020284313,9.825854513953743,5.9841331550433665,vortex,1,1.0,E0011526
N0045020,junction,main,445.25103759765625,437.5214205152907,7.729617082365564,5.981053428992482,vortex,1,1.0,E0045075
N0011239,junction,sub main,336.92962646484375,327.970299711828,8.959326753015773,5.980500428294988,vortex,1,1.0,E0011438
N0006954,junction,sub main,327.67987060546875,317.06425804060683,10.61561256486192,5.9770506290054755,vortex,1,1.0,E0007270
N0041121,junction,main,406.0338439941406,398.20476024612435,7.829083748016274,5.976612308124174,vortex,1,1.0,E0041035
N0016632,junction,trunk main,352.1883239746094,344.6025594720648,7.585764502544578,5.974940038682348,vortex,1,1.0,E0016441
N0008074,junction,sub main,440.9520263671875,433.3626264572672,7.589399909920303,5.958316119154858,vortex,1,1.0,E0008270
N0012682,junction,main,342.46051025390625,334.0036861533051,8.456824100601125,5.941663171485345,vortex,1,1.0,E0012897
N0002583,junction,main,435.9530334472656,427.4795438339289,8.47348961333671,5.941551612437138,vortex,1,1.0,E0003572
N0037527,junction,sub main,411.9001770019531,403.96652917772775,7.933647824225375,5.931200430056606,vortex,1,1.0,E0037565
N0007160,junction,main,323.4397888183594,314.44005705692894,8.99973176143044,5.92752519536873,vortex,1,1.0,E0007512
N0018184,junction,sub main,363.25762939453125,353.2190287988465,10.038600595684727,5.9134795322436275,vortex,1,1.0,E0018093
N0030598,junction,main,389.2813720703125,381.60036926323056,7.6810028070819385,5.909635269355704,vortex,1,1.0,E0030920
N0031698,junction,main,397.8249816894531,390.27976577228657,7.5452159171665585,5.9026140865989305,vortex,1,1.0,E0031997
N0006163,junction,main,333.136474609375,325.4260756768069,7.7103989325681255,5.901038197542903,vortex,1,1.0,E0006372
N0036904,junction,main,399.00335693359375,391.43033036406365,7.5730265695301,5.899272938483421,vortex,1,1.0,E0037030
N0012107,junction,main,341.02392578125,333.5549876618197,7.468938119430277,5.8988891944364354,vortex,1,1.0,E0012435
N0016975,junction,trunk main,354.6728210449219,346.7386080451491,7.934212999772797,5.898148302612924,vortex,1,1.0,E0016834
N0003779,junction,sub main,416.5712585449219,408.2771614880497,8.294097056872147,5.895917371340829,vortex,1,1.0,E0004171
N0034277,junction,sub main,337.6863708496094,329.78294236823166,7.903428481377716,5.892480978831657,vortex,1,1.0,E0034479
N0046663,junction,main,457.5008544921875,449.6398188285457,7.861035663641815,5.883774520754628,vortex,1,1.0,E0046552
N0014734,junction,main,329.9651184082031,322.5363928678079,7.428725540395249,5.872453189348732,vortex,1,1.0,E0014808
N0004580,junction,main,503.65179443359375,496.2311081021562,7.420686331437537,5.866604150633634,vortex,1,1.0,E0004864
N0033738,junction,main,381.95947265625,372.31254535955543,9.646927296694571,5.865806229076156,vortex,1,1.0,E0033960
N0026730,junction,main,383.0162048339844,375.531921991506,7.484282842478365,5.864122642733378,vortex,1,1.0,E0027169
N0026828,junction,main,374.7653503417969,366.68728045422347,8.078069887573406,5.860223247718807,vortex,1,1.0,E0027206
N0033470,junction,main,386.4411315917969,377.0339794141592,9.40715217763767,5.859000718511595,vortex,1,1.0,E0033722
N0022757,junction,main,380.5860900878906,371.71569450653493,8.870395581355695,5.857947123805445,vortex,1,1.0,E0022897
N0019861,junction,main,353.1106262207031,345.7057980037733,7.404828216929843,5.851771482956508,vortex,1,1.0,E0019795
N0017214,junction,sub main,358.4942321777344,350.7892452167688,7.704986960965584,5.848489450131012,vortex,1,1.0,E0017046
N0020038,junction,lateral,355.77545166015625,346.08230545572684,9.69314620442941,5.838730649065667,vortex,1,1.0,E0019975
N0042521,junction,trunk main,426.8310546875,419.4154521306066,7.415602556893418,5.83795071235005,vortex,1,1.0,E0042307
N0022948,junction,sub main,382.0275573730469,373.688656384364,8.338900988682894,5.837709106628097,vortex,1,1.0,E0023159
N0015705,junction,trunk main,350.1741943359375,342.6279459545447,7.546248381392786,5.836502727747757,vortex,1,1.0,E0015694
N0009936,junction,sub main,349.6672058105469,336.65876381723496,13.00844199331192,5.8251697137885685,vortex,1,1.0,E0010283
N0022831,junction,sub main,380.8698425292969,372.44871436185144,8.421128167445431,5.823239358177489,vortex,1,1.0,E0023016
N0044268,junction,main,442.2398986816406,432.4975831156588,9.742315565981812,5.821859152639149,vortex,1,1.0,E0044401
N0016772,junction,trunk main,355.1997985839844,347.5604240815722,7.639374502412181,5.821079077041816,vortex,1,1.0,E0016571
N0042462,junction,trunk main,426.8212890625,419.32956373973985,7.491725322760146,5.817096708700376,vortex,1,1.0,E0042277
N0048630,junction,sub main,495.17138671875,487.6696777922722,7.501708926477818,5.814544892517006,vortex,1,1.0,E0048511
N0042551,junction,trunk main,427.16290283203125,419.5432459069403,7.619656925090965,5.813377216538015,vortex,1,1.0,E0042376
N0016161,junction,main,323.93072509765625,316.4728912483322,7.457833849324061,5.811530732577637,vortex,1,1.0,E0016034
N0022528,junction,sub main,347.9012145996094,336.3542012357415,11.547013363867848,5.81044568533008,vortex,1,1.0,E0022662
N0002533,junction,sub main,397.12591552734375,389.73675042300073,7.3891651043430215,5.807457369210567,vortex,1,1.0,E0003563
N0043905,junction,main,425.1367492675781,416.6380052109365,8.498744056641613,5.806176176936958,vortex,1,1.0,E0043964
N0017683,junction,sub main,362.7068176269531,353.33323537538007,9.373582251573055,5.792332822075025,vortex,1,1.0,E0017529
N0046256,junction,main,427.4463195800781,418.4293330653493,9.016986514728842,5.78873647300253,vortex,1,1.0,E0046144
N0009433,junction,main,316.3055419921875,305.59546719910253,10.71007479308497,5.782335859989189,vortex,1,1.0,E0009613
N0007881,junction,main,319.1180419921875,311.27208519820925,7.845956793978246,5.779893275922632,vortex,1,1.0,E0008185
N0003747,junction,sub main,316.9427490234375,307.92597912622006,9.016769897217443,5.7798084250846955,vortex,1,1.0,E0004162
N0004244,junction,main,332.1788635253906,324.59100126969645,7.587862255694176,5.77639669964077,vortex,1,1.0,E0004556
N0040660,junction,sub main,417.2078552246094,407.7067109323652,9.501144292244192,5.772230588382001,vortex,1,1.0,E0040546
N0045255,junction,trunk main,451.2182312011719,440.068266206732,11.14996499443987,5.768462107773871,vortex,1,1.0,E0045382
N0016997,junction,main,364.074951171875,356.738455431404,7.33649574047098,5.76682203864425,vortex,1,1.0,E0016842
N0032654,junction,main,370.04742431640625,362.5527282824201,7.494696033986145,5.766086901761355,vortex,1,1.0,E0032878
N0025801,junction,main,374.79620361328125,366.4840946075035,8.312109005777756,5.76462514070937,vortex,1,1.0,E0026010
N0011065,junction,main,346.193115234375,338.85916379011184,7.333951444263164,5.764624399840784,vortex,1,1.0,E0011269
N0005240,junction,trunk main,343.5252685546875,336.16410755824967,7.361160996437832,5.762181124445135,vortex,1,1.0,E0005428
N0043910,junction,main,424.045654296875,414.89569448743714,9.14995980943786,5.759218567458731,vortex,1,1.0,E0043980
N0041425,junction,main,351.4110412597656,343.9286251675569,7.482416092208723,5.7564700472878485,vortex,1,1.0,E0041324
N0022835,junction,sub main,380.6375732421875,370.899195822096,9.738377420091524,5.755252294036893,vortex,1,1.0,E0023063
N0026471,junction,sub main,338.15960693359375,327.06968737833387,11.089919555259883,5.7534391166120145,vortex,1,1.0,E0026830
N0008270,junction,sub main,335.5437316894531,326.68319651253194,8.86053517692119,5.748910841948714,vortex,1,1.0,E0008479
N0020727,junction,sub main,369.2850646972656,361.70613921951673,7.578925477748896,5.734954264524845,vortex,1,1.0,E0020750
N0046649,junction,trunk main,461.9826965332031,449.7090859086877,12.273610624515413,5.72715904004599,vortex,1,1.0,E0046535
N0038534,junction,main,335.0124206542969,327.7381292625154,7.274291391781503,5.719972072854205,vortex,1,1.0,E0038463
N0017879,junction,sub main,363.7577209472656,354.5834303293344,9.174290617931206,5.712631897338952,vortex,1,1.0,E0017815
N0038002,junction,main,360.47174072265625,353.21485709521926,7.2568836274369914,5.704210985491841,vortex,1,1.0,E0038000
N0048461,junction,main,495.9228515625,488.6080058635258,7.314845698974182,5.7030932091049635,vortex,1,1.0,E0048322
N0006392,junction,main,399.9327087402344,392.6433411836407,7.289367556593675,5.700813395505634,vortex,1,1.0,E0006595
N0005333,junction,main,332.3907470703125,324.6897194685723,7.701027601740179,5.698260322877786,vortex,1,1.0,E0005515
N0033279,junction,trunk main,400.609375,392.48342253624776,8.125952463752242,5.680011368454814,vortex,1,1.0,E0033606
N0023225,junction,sub main,381.1310729980469,371.8656265012311,9.265446496815798,5.672166434595283,vortex,1,1.0,E0023542
N0024374,junction,sub main,341.4386291503906,332.480813792971,8.957815357419634,5.67210979828144,vortex,1,1.0,E0024712
N0023905,junction,main,383.62640380859375,375.5014735151446,8.124930293449154,5.66487473443749,vortex,1,1.0,E0024169
N0005287,junction,main,334.66412353515625,327.1691608874897,7.4949626476665685,5.663579629712956,vortex,1,1.0,E0005470
N0048648,junction,main,483.6619567871094,476.445890552165,7.216066234944378,5.662328459388334,vortex,1,1.0,E0048513
N0016439,junction,main,441.8148193359375,433.2265563766343,8.588262959303222,5.655964009253296,vortex,1,1.0,E0016280
N0032219,junction,sub main,333.27581787109375,325.8403580140372,7.435459857056571,5.655520197895214,vortex,1,1.0,E0032559
N0015873,junction,main,323.57373046875,316.24943604506626,7.324294423683739,5.652207697023243,vortex,1,1.0,E0015764
N0023127,junction,sub main,369.2860107421875,361.50526005884655,7.780750683340955,5.64629521803613,vortex,1,1.0,E0023349
N0004403,junction,sub main,318.6582336425781,308.80781743545737,9.850416207120759,5.645323247204544,vortex,1,1.0,E0004683
N0027417,junction,main,382.96722412109375,375.57271414761476,7.394509973478989,5.644016618811179,vortex,1,1.0,E0027794
N0048311,junction,main,495.68804931640625,488.2828799464333,7.405169369972953,5.642778194063794,vortex,1,1.0,E0048226
N0004886,junction,lateral,426.08538818359375,418.87292505476137,7.212463128832383,5.636735728351482,vortex,1,1.0,E0005177
N0048439,junction,trunk main,503.7366943359375,496.5430984250681,7.193595910869419,5.627163957651987,vortex,1,1.0,E0048315
N0021089,junction,trunk main,381.48175048828125,374.24530787041084,7.236442617870409,5.6248876763237945,vortex,1,1.0,E0021044
N0037708,junction,main,366.93463134765625,359.34632849077224,7.588302856884013,5.615551947888434,vortex,1,1.0,E0037725
N0023368,junction,sub main,344.0472412109375,335.9445064208794,8.102734790058093,5.614098900532838,vortex,1,1.0,E0023610
N0020256,junction,main,353.08807373046875,343.3866421787507,9.70143155171803,5.613655409993271,vortex,1,1.0,E0020187
N0020546,junction,sub main,365.00152587890625,356.2267147203711,8.774811158535158,5.612768871633875,vortex,1,1.0,E0020540
N0027467,junction,main,374.6148376464844,367.04974338706637,7.565094259418004,5.61039940421648,vortex,1,1.0,E0027838
N0028345,junction,sub main,383.29046630859375,370.8431321405687,12.447334168025066,5.6079844252824955,vortex,1,1.0,E0028673
N0047350,junction,lateral,462.1272277832031,454.7737266639294,7.353501119273744,5.59825147556154,vortex,1,1.0,E0047191
N0014154,junction,lateral,325.8103942871094,316.33027098310873,9.480123304000642,5.597678381707624,vortex,1,1.0,E0014197
N0038472,junction,sub main,353.7467956542969,346.5896346254466,7.1571610288502825,5.594890301218015,vortex,1,1.0,E0038398
N0024187,junction,main,382.7358703613281,373.85781502586775,8.878055335460374,5.594782879349793,vortex,1,1.0,E0024443
N0014839,junction,sub main,349.55389404296875,342.3503767146775,7.203517328291241,5.593208676631946,vortex,1,1.0,E0014924
N0023410,junction,sub main,381.0616760253906,373.2473818604244,7.814294164966213,5.5817034308930715,vortex,1,1.0,E0023643
N0005880,junction,main,399.501953125,392.3466085270228,7.155344597977205,5.577737511560315,vortex,1,1.0,E0006143
N0018604,junction,main,362.7098388671875,354.90526143078984,7.804577436397665,5.567986589556369,vortex,1,1.0,E0018522
N0011748,junction,main,334.2585144042969,325.8328610485695,8.425653355727377,5.566221719960936,vortex,1,1.0,E0012025
N0047943,junction,main,483.27508544921875,473.7999977314067,9.475087717812073,5.558724136448632,vortex,1,1.0,E0047747
N0011585,junction,main,404.6866149902344,397.46591279984443,7.220702190389943,5.558630834783173,vortex,1,1.0,E0011781
N0024400,junction,sub main,381.7709045410156,373.944301942292,7.826602598723639,5.557824134085763,vortex,1,1.0,E0024746
N0016337,junction,trunk main,352.3428955078125,344.1240927683925,8.218802739420028,5.557027147477186,vortex,1,1.0,E0016201
N0009965,junction,lateral,444.1036682128906,436.61703064244335,7.486637570447272,5.544727704324032,vortex,1,1.0,E0010360
N0020123,junction,sub main,361.6100158691406,354.0789355658703,7.531080303270301,5.544470451228733,vortex,1,1.0,E0020070
N0000779,junction,main,376.1207275390625,368.84104012525046,7.2796874138120415,5.543645171475646,vortex,1,1.0,E0002559
N0044572,junction,main,424.4279479980469,417.14600264905357,7.281945348993304,5.541924791013059,vortex,1,1.0,E0044598
N0016408,junction,main,324.4653625488281,317.1186658916062,7.346696657221912,5.541374123176865,vortex,1,1.0,E0016232
N0022218,junction,sub main,380.57464599609375,372.8103951638489,7.764250832244841,5.533532021718656,vortex,1,1.0,E0022361
N0009049,junction,main,435.5030517578125,427.11473677269913,8.388314985113368,5.532352164325459,vortex,1,1.0,E0009297
N0037278,junction,main,398.986328125,391.47143997364583,7.514888151354171,5.530552877081334,vortex,1,1.0,E0037342
N0044535,junction,main,430.3949279785156,423.0791527235348,7.315775254980849,5.529069456058323,vortex,1,1.0,E0044597
N0016013,junction,main,323.6484680175781,316.3557375031936,7.292730514384516,5.525869356255328,vortex,1,1.0,E0015917
N0044221,junction,main,424.3048400878906,417.1040026490536,7.200837438837027,5.523811071649334,vortex,1,1.0,E0044324
N0005269,junction,sub main,334.804443359375,327.3252052932518,7.479238066123173,5.51516471161375,vortex,1,1.0,E0005447
N0007603,junction,main,333.6982421875,326.08203085837465,7.616211329125349,5.513485597144893,vortex,1,1.0,E0008076
N0010993,junction,main,317.0750732421875,306.7336468433613,10.341426398826172,5.509099553955366,vortex,1,1.0,E0011221
N0004371,junction,lateral,361.67333984375,353.88631984871444,7.787019995035564,5.502050157622364,vortex,1,1.0,E0004634
N0016129,junction,main,347.7757873535156,338.13211950074896,9.643667852766669,5.499760084425873,vortex,1,1.0,E0015996
N0037215,junction,main,405.81005859375,398.1553358712282,7.654722722521797,5.495153191392774,vortex,1,1.0,E0037288
N0009254,junction,main,335.2952575683594,326.9022635732045,8.392993995154882,5.487018473634976,vortex,1,1.0,E0009550
N0017645,junction,sub main,356.69476318359375,349.65499969893654,7.039763484657215,5.478103409190737,vortex,1,1.0,E0017498
N0042475,junction,sub main,426.9874267578125,419.9399305489663,7.047496208846212,5.478064640379557,vortex,1,1.0,E0042281
N0027559,junction,sub main,376.6202087402344,364.9174285122718,11.702780227962592,5.475239653807705,vortex,1,1.0,E0027948
N0032555,junction,main,381.9736022949219,374.93350716405666,7.040095130865211,5.475122797937388,vortex,1,1.0,E0032782
N0040135,junction,sub main,418.4893798828125,408.4433237153823,10.046056167430208,5.4733715798057005,vortex,1,1.0,E0040081
N0022850,junction,sub main,369.4394226074219,357.19080945117133,12.248613156250542,5.471970566679261,vortex,1,1.0,E0023065
N0018022,junction,sub main,362.7120361328125,353.08246522083545,9.629570911977055,5.470501511592886,vortex,1,1.0,E0017944
N0047024,junction,main,448.7494201660156,441.4997905234562,7.249629642559398,5.4695856958786635,vortex,1,1.0,E0046914
N0026415,junction,main,377.6303405761719,369.7237509006344,7.906589675537475,5.463783129432329,vortex,1,1.0,E0026696
N0040955,junction,sub main,404.84454345703125,396.66934566470667,8.175197792324582,5.462530925556848,vortex,1,1.0,E0040873
N0026175,junction,main,371.7104797363281,364.3776414392104,7.332838297117746,5.46236025178581,vortex,1,1.0,E0026388
N0021272,junction,trunk main,381.5625,374.53069260164426,7.031807398355738,5.452676548274326,vortex,1,1.0,E0021250
N0010021,junction,main,423.4972839355469,415.3828653347021,8.114418600844772,5.4515010744113965,vortex,1,1.0,E0010397
N0017089,junction,lateral,363.86944580078125,356.8641259270992,7.005319873682026,5.4509642872795325,vortex,1,1.0,E0016968
N0010244,junction,sub main,334.9986572265625,325.57822132284684,9.420435903715656,5.45051566773617,vortex,1,1.0,E0010529
N0027709,junction,trunk main,393.2093811035156,385.25498410973626,7.954396993779369,5.446439178421883,vortex,1,1.0,E0028038
N0005659,junction,trunk main,327.9802551269531,318.4514959606616,9.528759166291536,5.443613430906396,vortex,1,1.0,E0005742
N0039465,junction,sub main,422.03717041015625,413.45024605900136,8.586924351154892,5.439866878262649,vortex,1,1.0,E0039327
N0046545,junction,main,426.8369140625,419.2039558562541,7.632958206245917,5.439722243780636,vortex,1,1.0,E0046401
N0041621,junction,main,425.4656066894531,416.492392461986,8.97321422746711,5.436030959007667,vortex,1,1.0,E0041507
N0004453,junction,main,435.4505310058594,428.4698262080249,6.9807047978344485,5.421677387281477,vortex,1,1.0,E0004772
N0020103,junction,sub main,370.28265380859375,359.46941276480095,10.8132410437928,5.4209376949779084,vortex,1,1.0,E0020059
N0031168,junction,main,388.8270263671875,381.8641809360488,6.962845431138703,5.4107007464800745,vortex,1,1.0,E0031489
N0013245,junction,main,332.66986083984375,325.6015117726461,7.06834906719763,5.406434504087258,vortex,1,1.0,E0013435
N0031225,junction,sub main,384.6687316894531,377.1231708187929,7.545560870660211,5.403825431482517,vortex,1,1.0,E0031577
N0006728,junction,sub main,331.0789794921875,322.9269557841451,8.152023708042407,5.403785993336555,vortex,1,1.0,E0006954
N0028688,junction,sub main,383.4124450683594,373.90448688350745,9.50795818485193,5.403362687246329,vortex,1,1.0,E0029033
N0013623,junction,main,335.77374267578125,327.5543516123372,8.21939106344405,5.3997736689626095,vortex,1,1.0,E0013820
N0031270,junction,sub main,393.1864318847656,386.14597586767115,7.0404560170944706,5.399773076569488,vortex,1,1.0,E0031619
N0042216,junction,sub main,426.5426940917969,419.58730467649326,6.955389415303614,5.396961685083852,vortex,1,1.0,E0042142
N0030045,junction,sub main,390.2234191894531,382.5363928435663,7.687026345886807,5.393727997330927,vortex,1,1.0,E0030341
N0013139,junction,lateral,345.25506591796875,338.29415302357404,6.96091289439471,5.39182222372267,vortex,1,1.0,E0013322
N0046911,junction,trunk main,463.3487854003906,456.4042054387673,6.944579961623333,5.390462539297289,vortex,1,1.0,E0046842
N0026261,junction,main,375.2760925292969,367.2800700676526,7.996022461644259,5.3881158954282,vortex,1,1.0,E0026471
N0022975,junction,sub main,380.7012939453125,373.08101604142723,7.620277903885267,5.383587652889389,vortex,1,1.0,E0023162
N0042751,junction,trunk main,429.6561279296875,421.3250333629662,8.331094566721276,5.376068491649164,vortex,1,1.0,E0042600
N0019373,junction,sub main,353.2174072265625,344.2439683251987,8.973438901363807,5.375260631022627,vortex,1,1.0,E0019409
N0028278,junction,trunk main,393.9708251953125,385.4188934653605,8.551931729952003,5.371003460816951,vortex,1,1.0,E0028577
N0025736,junction,main,371.0807800292969,363.69988674446586,7.380893284831018,5.365923042081533,vortex,1,1.0,E0025958
N0047682,junction,trunk main,480.6028137207031,472.0168868874095,8.585926833293627,5.3565099725110485,vortex,1,1.0,E0047518
N0032042,junction,main,373.467529296875,363.2641028769274,10.203426419947618,5.35554497967513,vortex,1,1.0,E0032360
N0032232,junction,trunk main,398.7930603027344,391.8863073643808,6.906752938353577,5.353800535713731,vortex,1,1.0,E0032566
N0016676,junction,trunk main,354.7119445800781,347.19869600343367,7.513248576644457,5.34820409770964,vortex,1,1.0,E0016487
N0029275,junction,sub main,380.0209655761719,372.95061862244603,7.070346953725846,5.345782368346306,vortex,1,1.0,E0029623
N0022213,junction,trunk main,381.8136291503906,371.71152352791995,10.102105622470674,5.3436145136356,vortex,1,1.0,E0022337
N0006272,junction,sub main,443.3038330078125,432.3605117090759,10.943321298736578,5.343525187135185,vortex,1,1.0,E0006519
N0026344,junction,sub main,376.3993225097656,368.74549836703915,7.653824142726478,5.340030415309229,vortex,1,1.0,E0026680
N0043592,junction,sub main,436.2787170410156,428.6615659420393,7.617151098976308,5.339927833358786,vortex,1,1.0,E0043517
N0029338,junction,sub main,366.3742980957031,357.6525940352258,8.72170406047735,5.339622555859592,vortex,1,1.0,E0029698
N0028224,junction,sub main,379.5369567871094,372.2077027594089,7.329254027700472,5.336747895850976,vortex,1,1.0,E0028496
N0016674,junction,trunk main,352.1059875488281,344.69873276273427,7.4072547860938585,5.327827218372079,vortex,1,1.0,E0016484
N0008308,junction,main,334.86395263671875,327.23914402078196,7.624808615936786,5.311465288362342,vortex,1,1.0,E0008508
N0026891,junction,sub main,377.3895263671875,369.80992804190475,7.5795983252827455,5.303587787471315,vortex,1,1.0,E0027267
N0017295,junction,sub main,360.3868103027344,351.05452141153677,9.332288891197607,5.296921138538039,vortex,1,1.0,E0017164
N0038707,junction,lateral,335.0788269042969,328.1572586313701,6.921568272926777,5.294178898895439,vortex,1,1.0,E0038646
N0043928,junction,sub main,441.84368896484375,433.62969724891565,8.213991715928103,5.292776730064418,vortex,1,1.0,E0044020
N0018217,junction,sub main,357.89288330078125,347.8289740638287,10.063909236952554,5.284939852974958,vortex,1,1.0,E0018213
N0033590,junction,sub main,368.7216491699219,361.03555883031606,7.686090339605812,5.283143841920378,vortex,1,1.0,E0033789
N0019674,junction,trunk main,378.5747375488281,368.7866624701509,9.788075078677252,5.282084953249807,vortex,1,1.0,E0019664
N0014069,junction,main,335.3801574707031,327.9591019004741,7.4210555702290435,5.280946406543649,vortex,1,1.0,E0014100
N0042382,junction,trunk main,425.94854736328125,418.8829361464316,7.065611216849675,5.279915213653737,vortex,1,1.0,E0042222
N0043729,junction,main,447.3638610839844,431.98163545984494,15.382225624139437,5.278072518878105,vortex,1,1.0,E0043931
N0025430,junction,main,374.1799011230469,367.3392657638539,6.840635359192959,5.265343650848479,vortex,1,1.0,E0025712
N0020890,junction,trunk main,381.02239990234375,374.17224911331067,6.85015078903308,5.256422761264844,vortex,1,1.0,E0020844
N0032013,junction,main,381.5173034667969,374.63646268175347,6.880840785043404,5.256243617074631,vortex,1,1.0,E0032310
N0048551,junction,trunk main,494.9784851074219,483.46147017783,11.51701492959188,5.254252035225534,vortex,1,1.0,E0048450
N0044228,junction,main,423.6766662597656,416.79167319809704,6.884993061668581,5.252826352366753,vortex,1,1.0,E0044345
N0009714,junction,sub main,403.1341857910156,395.3667736055386,7.767412185477042,5.2519169549032085,vortex,1,1.0,E0010063
N0012756,junction,main,334.6663513183594,326.3565900194256,8.309761298933779,5.251378943136274,vortex,1,1.0,E0012945
N0034666,junction,sub main,338.807861328125,329.57295691905387,9.234904409071135,5.240689866849095,vortex,1,1.0,E0034937
N0015671,junction,main,393.54833984375,386.75401123256574,6.794328611184255,5.237956188618909,vortex,1,1.0,E0015662
N0012105,junction,main,342.2386779785156,335.11750170835643,7.1211762701591965,5.235257132248137,vortex,1,1.0,E0012436
N0044414,junction,main,440.1811218261719,431.5271512110355,8.653970615136359,5.231511135212941,vortex,1,1.0,E0044472
N0024607,junction,main,372.56353759765625,364.0127926230492,8.550744974607028,5.226789019021453,vortex,1,1.0,E0024897
N0018234,junction,main,372.5703430175781,365.55963550895956,7.010707508618566,5.225296511706347,vortex,1,1.0,E0018234
N0005021,junction,main,435.5326843261719,428.6081969897928,6.924487336379059,5.223961508183606,vortex,1,1.0,E0005263
N0023384,junction,main,380.58795166015625,373.7692090883508,6.818742571805444,5.222439383551432,vortex,1,1.0,E0023653
N0033093,junction,main,370.0027770996094,362.745612188778,7.257164910831364,5.218908465448692,vortex,1,1.0,E0033440
N0025438,junction,sub main,346.07403564453125,338.0305714359203,8.043464208610942,5.218598057268878,vortex,1,1.0,E0025726
N0031022,junction,main,365.237060546875,358.4635996543965,6.773460892478511,5.212319103986431,vortex,1,1.0,E0031358
N0024200,junction,main,370.010498046875,363.07580328891004,6.934694757964962,5.207399484884434,vortex,1,1.0,E0024455
N0015941,junction,trunk main,349.8468017578125,342.6722576105761,7.174544147236418,5.206424957461422,vortex,1,1.0,E0015847
N0016626,junction,main,440.8515625,434.0625893964361,6.788973103563876,5.201631949198827,vortex,1,1.0,E0016403
N0025116,junction,main,370.2240905761719,362.7116441394917,7.512446436680193,5.201604158134103,vortex,1,1.0,E0025505
N0025926,junction,sub main,377.53692626953125,369.75230827283224,7.784617996699012,5.197330775322314,vortex,1,1.0,E0026189
N0030429,junction,sub main,382.7220458984375,375.9015449155706,6.820500982866918,5.194411858513661,vortex,1,1.0,E0030716
N0023255,junction,main,381.9410400390625,374.1906486009035,7.750391438158999,5.194326908122832,vortex,1,1.0,E0023442
N0028334,junction,sub main,388.42584228515625,380.6977501397907,7.728092145365565,5.192301292646903,vortex,1,1.0,E0028639
N0021950,junction,main,381.615966796875,372.6620698583159,8.953896938559126,5.189213474509927,vortex,1,1.0,E0022005
N0018211,junction,lateral,376.7045593261719,369.7873169745074,6.91724235166447,5.188247398690862,vortex,1,1.0,E0018136
N0015768,junction,main,348.9812316894531,339.40131074062947,9.579920948823656,5.187289250680806,vortex,1,1.0,E0015731
N0022839,junction,main,380.6806335449219,373.40791649044394,7.272717054477937,5.186736821869715,vortex,1,1.0,E0023003
N0031042,junction,main,344.642578125,337.3549651998873,7.287612925112683,5.186513523705514,vortex,1,1.0,E0031399
N0039554,junction,sub main,349.4235534667969,341.62735165885545,7.796201807941429,5.1844403684903,vortex,1,1.0,E0039450
N0047679,junction,trunk main,478.7884826660156,471.27988176742554,7.508600898590089,5.182520206240724,vortex,1,1.0,E0047489
N0034292,junction,sub main,396.40350341796875,387.1162091615526,9.287294256416146,5.180895063703872,vortex,1,1.0,E0034504
N0030953,junction,sub main,384.4299621582031,377.0392710188676,7.390691139335502,5.178668156471588,vortex,1,1.0,E0031264
N0015101,junction,main,322.2606506347656,315.3907533754555,6.8698972593101075,5.176025188997755,vortex,1,1.0,E0015156
N0035015,junction,sub main,393.7962951660156,387.04572327471146,6.750571891304162,5.173886535220447,vortex,1,1.0,E0035176
N0005501,junction,main,401.7002868652344,391.91853143116276,9.781755434071613,5.171903536611353,vortex,1,1.0,E0005635
N0022723,junction,sub main,365.3039855957031,357.8884957412727,7.415489854430405,5.170353481586062,vortex,1,1.0,E0022852
N0000363,junction,sub main,396.88897705078125,389.40162734971824,7.48734970106301,5.1688011212086735,vortex,1,1.0,E0002304
N0012613,junction,trunk main,345.1055603027344,335.93515865179336,9.170401650941017,5.164573875200006,vortex,1,1.0,E0012388
N0023111,junction,sub main,377.51312255859375,367.66494226752604,9.848180291067706,5.163367196792876,vortex,1,1.0,E0023356
N0047790,junction,trunk main,484.74053955078125,477.8990022536229,6.841537297158368,5.157672175300831,vortex,1,1.0,E0047667
N0011728,junction,main,333.9000244140625,327.14399083038734,6.756033583675162,5.154593174343347,vortex,1,1.0,E0012021
N0011305,junction,main,334.3203125,324.37151581771764,9.948796682282364,5.152173125789545,vortex,1,1.0,E0011499
N0016206,junction,sub main,442.7434997558594,435.8626936234762,6.880806132383157,5.149111633525763,vortex,1,1.0,E0016083
N0029255,junction,main,376.202392578125,369.4970436675184,6.705348910606574,5.149021902450386,vortex,1,1.0,E0029566
N0004420,junction,sub main,417.2236022949219,408.552009143637,8.671593151284867,5.146782707451621,vortex,1,1.0,E0004720
N0028619,junction,sub main,378.3736572265625,371.65551635156913,6.718140874993367,5.145769015732185,vortex,1,1.0,E0028878
N0040695,junction,sub main,405.0609436035156,396.2382837129369,8.822659890578734,5.143724027622341,vortex,1,1.0,E0040562
N0046754,junction,main,426.3715515136719,419.63566334947086,6.735888164201015,5.142872825055804,vortex,1,1.0,E0046653
N0010290,junction,sub main,402.8058166503906,395.665347433338,7.140469217052612,5.141499612017526,vortex,1,1.0,E0010566
N0042390,junction,sub main,426.4153747558594,419.7235067991895,6.691867956669853,5.137054177526579,vortex,1,1.0,E0042238
N0009180,junction,main,331.0127258300781,322.9817930170156,8.03093281306252,5.135076811146405,vortex,1,1.0,E0009500
N0029871,junction,sub main,380.1779479980469,373.3472369895394,6.830711008507478,5.134428049523137,vortex,1,1.0,E0030157
N0005002,junction,main,398.06842041015625,391.371103481383,6.697316928773262,5.133444527895165,vortex,1,1.0,E0005252
N0036114,junction,main,398.6585388183594,391.39132751765726,7.267211300702115,5.129061378914457,vortex,1,1.0,E0036252
N0026732,junction,main,375.5589904785156,368.1419203441426,7.417070134373034,5.1281399782429276,vortex,1,1.0,E0027164
N0022735,junction,sub main,378.5616760253906,370.39006233643045,8.171613688960178,5.127378303170417,vortex,1,1.0,E0022872
N0028081,junction,main,374.6024169921875,367.63830094584887,6.964116046338631,5.125560334350439,vortex,1,1.0,E0028341
N0008182,junction,trunk main,404.3415832519531,395.3166006619411,9.02498259001203,5.123165017736937,vortex,1,1.0,E0008386
N0008642,junction,sub main,405.09356689453125,397.94196153473166,7.151605359799589,5.118556744404998,vortex,1,1.0,E0008881
N0031451,junction,sub main,381.20159912109375,374.2789924287295,6.922606692364241,5.118410697542743,vortex,1,1.0,E0031761
N0042621,junction,trunk main,427.5260314941406,420.3023083717153,7.223723122425326,5.116732585108252,vortex,1,1.0,E0042425
N0018390,junction,main,357.71722412109375,350.11566288981766,7.601561231276094,5.115447925749379,vortex,1,1.0,E0018412
N0007929,junction,main,318.8551330566406,310.60035631254146,8.25477674409916,5.1133926117339,vortex,1,1.0,E0008200
N0042113,junction,trunk main,425.666015625,418.14729457769397,7.51872104730603,5.113389128885558,vortex,1,1.0,E0041972
N0029438,junction,sub main,391.8004150390625,380.93971330458464,10.860701734477857,5.112649926611937,vortex,1,1.0,E0029797
N0042118,junction,sub main,426.2745666503906,419.47620326200644,6.798363388384189,5.108128309653182,vortex,1,1.0,E0041973
N0033321,junction,main,394.4732360839844,386.9638155724867,7.509420511497694,5.104295071605236,vortex,1,1.0,E0033628
N0019880,junction,main,353.4096374511719,342.9225890814638,10.487048369708077,5.103359189971798,vortex,1,1.0,E0019810
N0029509,junction,main,384.7119140625,377.94485853724507,6.767055525254932,5.100159064714489,vortex,1,1.0,E0029842
N0020994,junction,sub main,368.9572448730469,361.7990445230799,7.1582003499669895,5.098246018749933,vortex,1,1.0,E0020927
N0016513,junction,main,440.8736267089844,433.84837163340046,7.025255075583914,5.094098451949208,vortex,1,1.0,E0016377
N0048443,junction,trunk main,502.1641540527344,495.4680984696604,6.696055583073985,5.090455797569916,vortex,1,1.0,E0048314
N0017780,junction,main,362.2684326171875,355.18825242317,7.080180194017487,5.0881782977074295,vortex,1,1.0,E0017640
N0003958,junction,main,424.5151672363281,416.84370562382935,7.671461612498774,5.087598124598344,vortex,1,1.0,E0004358
N0045328,junction,main,444.940185546875,438.17540696070574,6.764778586169257,5.083307344630612,vortex,1,1.0,E0045409
N0023697,junction,sub main,371.4872741699219,362.16364957223306,9.32362459768882,5.082399682699361,vortex,1,1.0,E0024033
N0015981,junction,main,348.450439453125,337.90568868324266,10.544750769882342,5.082328763413159,vortex,1,1.0,E0015882
N0008325,junction,main,333.10980224609375,326.47706698581817,6.632735260275581,5.064200752674083,vortex,1,1.0,E0008534
N0025534,junction,main,382.34674072265625,375.16627177364484,7.180468949011413,5.062168063100614,vortex,1,1.0,E0025810
N0032823,junction,main,397.5545654296875,390.86250989999365,6.692055529693846,5.060486383014904,vortex,1,1.0,E0033054
N0043715,junction,trunk main,444.2405700683594,434.6496066506255,9.59096341773386,5.059676057730883,vortex,1,1.0,E0043759
N0015210,junction,trunk main,348.73748779296875,337.29842307818114,11.439064714787605,5.059654885621569,vortex,1,1.0,E0015258
N0001385,junction,sub main,416.8078308105469,410.0552479740481,6.752582836498789,5.059471529627331,vortex,1,1.0,E0003125
N0024373,junction,lateral,343.5521240234375,336.860976092904,6.691147930533475,5.058635413759362,vortex,1,1.0,E0024698
N0022010,junction,sub main,385.0496520996094,373.82305462703255,11.226597472576827,5.058150756258954,vortex,1,1.0,E0022080
N0016812,junction,trunk main,352.2988586425781,345.54875442451987,6.7501042180582544,5.056903362427136,vortex,1,1.0,E0016615
N0025518,junction,sub main,387.7937316894531,380.2630083127819,7.530723376671233,5.04523352430698,vortex,1,1.0,E0025779
N0048071,junction,main,493.51788330078125,486.92332863539673,6.594554665384521,5.039558327492898,vortex,1,1.0,E0048013
N0029267,junction,main,373.5990905761719,366.9987983334619,6.6002922427099975,5.038660162996962,vortex,1,1.0,E0029672
N0039895,junction,lateral,408.5032653808594,401.91468070022603,6.588584680633346,5.036156702118092,vortex,1,1.0,E0039816
N0036404,junction,main,345.83709716796875,339.2452068398641,6.5918903281046255,5.020623445223748,vortex,1,1.0,E0036573
N0027102,junction,sub main,389.304931640625,379.45227994425363,9.852651696371368,5.018749148055747,vortex,1,1.0,E0027524
N0016125,junction,lateral,350.018310546875,340.6988155945286,9.319494952346417,5.010437623113603,vortex,1,1.0,E0015991
N0017010,junction,sub main,357.4841613769531,350.76573791865013,6.718423458302993,5.00790793521486,vortex,1,1.0,E0016865
N0029823,junction,main,381.01043701171875,374.4515562459031,6.5588807658156725,5.003357666222598,vortex,1,1.0,E0030114
N0040168,junction,sub main,422.5130615234375,415.511732678902,7.0013288445355215,5.000304856374839,vortex,1,1.0,E0040058
N0022764,junction,sub main,376.9295349121094,367.67762796082627,9.251906951283104,4.999118443624411,vortex,1,1.0,E0022954
N0009123,junction,sub main,405.1957092285156,398.09480239171324,7.10090683680238,4.998271579873233,vortex,1,1.0,E0009459
N0019924,junction,sub main,359.345458984375,352.55204085752194,6.793418126853055,4.997939902615087,vortex,1,1.0,E0019867
N0004800,junction,main,331.7602844238281,325.04799548969845,6.712288934129674,4.9893534670218855,vortex,1,1.0,E0005051
N0048285,junction,trunk main,501.55908203125,495.0110370040738,6.548045027176215,4.98511629223367,vortex,1,1.0,E0048191
N0042622,junction,main,427.8575744628906,420.1459692079541,7.711605254936501,4.978677274064751,vortex,1,1.0,E0042437
N0029796,junction,sub main,369.6832275390625,362.93779613216776,6.745431406894738,4.975024236419358,vortex,1,1.0,E0030087
N0027488,junction,sub main,378.4430847167969,371.3403738225484,7.102710894248503,4.9639756841375515,vortex,1,1.0,E0027879
N0048106,junction,sub main,492.334228515625,484.2467033888276,8.087525126797402,4.961689690391495,vortex,1,1.0,E0047985
N0026948,junction,sub main,376.02911376953125,369.2715362038513,6.757577565679924,4.959082812249449,vortex,1,1.0,E0027323
N0042668,junction,trunk main,427.4656677246094,420.5880881044509,6.877579620158485,4.9571280180516055,vortex,1,1.0,E0042465
N0019218,junction,trunk main,372.7525329589844,365.16241179154235,7.590121167442021,4.955123691349627,vortex,1,1.0,E0019206
N0026071,junction,main,378.89093017578125,372.2352454996211,6.655684676160149,4.954284653531147,vortex,1,1.0,E0026301
N0005250,junction,sub main,341.06488037109375,333.13587079347656,7.929009577617194,4.952949971851751,vortex,1,1.0,E0005439
N0034114,junction,main,369.7344055175781,363.20909063274513,6.525314884832994,4.951264399746265,vortex,1,1.0,E0034317
N0007895,junction,main,319.54205322265625,311.8241188823262,7.717934340330032,4.947926612253752,vortex,1,1.0,E0008162
N0016770,junction,trunk main,352.49981689453125,345.430053563852,7.069763330679223,4.943267768194232,vortex,1,1.0,E0016574
N0045657,junction,main,445.44293212890625,438.694055064787,6.748877064119256,4.941745771824287,vortex,1,1.0,E0045689
N0026929,junction,sub main,375.4689636230469,367.9495454623672,7.519418160679663,4.941123115551989,vortex,1,1.0,E0027284
N0013815,junction,lateral,325.09393310546875,316.3552801085633,8.738652996905444,4.9408556419580805,vortex,1,1.0,E0013905
N0044773,junction,lateral,437.7508544921875,428.81495622123373,8.935898270953771,4.940755148360381,vortex,1,1.0,E0044840
N0023311,junction,sub main,369.561767578125,362.8739812559494,6.6877863221756115,4.935473372350486,vortex,1,1.0,E0023497
N0042569,junction,main,427.03546142578125,420.39535742530705,6.640104000474196,4.933581690686481,vortex,1,1.0,E0042385
N0005474,junction,sub main,438.4499816894531,431.96420916093166,6.485772528521466,4.931422566017318,vortex,1,1.0,E0005590
N0043189,junction,main,429.1106262207031,417.5340602948715,11.57656592583163,4.926120316062111,vortex,1,1.0,E0043080
N0028885,junction,sub main,388.21661376953125,381.025922750969,7.190691018562234,4.924973441064424,vortex,1,1.0,E0029244
N0019977,junction,lateral,365.38848876953125,358.91257098144354,6.475917788087713,4.924565789741166,vortex,1,1.0,E0019898
N0027508,junction,sub main,376.27227783203125,368.79358478825884,7.4786930437724095,4.9226616089587765,vortex,1,1.0,E0027934
N0028159,junction,sub main,376.53302001953125,369.02965260020653,7.503367419324718,4.921087701612748,vortex,1,1.0,E0028419
N0016896,junction,sub main,356.9345397949219,350.4486021658554,6.485937629066484,4.918292567952506,vortex,1,1.0,E0016676
N0040275,junction,trunk main,424.4057312011719,413.62214459701283,10.78358660415904,4.91805296070271,vortex,1,1.0,E0040163
N0025214,junction,sub main,382.1889343261719,374.67922776545595,7.509706560715927,4.915948056703257,vortex,1,1.0,E0025594
N0049130,junction,main,485.0086975097656,478.22539467065116,6.783302839114469,4.913116344168543,vortex,1,1.0,E0049005
N0018125,junction,main,437.241943359375,430.76895449088363,6.47298886849137,4.910242833756229,vortex,1,1.0,E0018038
N0040477,junction,sub main,417.69586181640625,410.9416627072736,6.754199109132628,4.906028426737976,vortex,1,1.0,E0040374
N0014417,junction,main,330.35711669921875,321.1692368375975,9.18787986162124,4.904534909383983,vortex,1,1.0,E0014515
N0003821,junction,main,435.3871765136719,428.3981149815677,6.989061532104188,4.900836773438414,vortex,1,1.0,E0004204
N0017098,junction,sub main,357.5259094238281,350.8398085969902,6.686100826837901,4.89816631196544,vortex,1,1.0,E0016994
N0028682,junction,main,376.57098388671875,370.06023041377557,6.510753472943179,4.89252374823144,vortex,1,1.0,E0028942
N0008156,junction,main,400.6794738769531,394.2056429511839,6.473830925769221,4.890086252294395,vortex,1,1.0,E0008317
N0004956,junction,sub main,438.7572937011719,431.85650586478897,6.900787836382904,4.888724285802709,vortex,1,1.0,E0005228
N0016923,junction,sub main,357.13934326171875,350.5835698812371,6.555773380481639,4.8883213471719955,vortex,1,1.0,E0016783
N0014117,junction,main,335.09173583984375,327.5970568536075,7.494678986236238,4.879334354196374,vortex,1,1.0,E0014168
N0034242,junction,main,343.6981506347656,337.0977297014623,6.600420933303326,4.875421795953002,vortex,1,1.0,E0034412
N0027078,junction,trunk main,392.7821044921875,385.2000177358694,7.58208675631812,4.867778992216699,vortex,1,1.0,E0027476
N0033509,junction,main,380.73321533203125,371.8402677017853,8.892947630245942,4.863509221229208,vortex,1,1.0,E0033738
N0048916,junction,main,484.5676574707031,477.51869900193833,7.048958468764795,4.8605667600714355,vortex,1,1.0,E0048777
N0018900,junction,sub main,360.143798828125,351.2023286666097,8.941470161515326,4.852097072760216,vortex,1,1.0,E0018915
N0017908,junction,sub main,359.8858947753906,347.26622200770197,12.619672767688655,4.849984441001709,vortex,1,1.0,E0017842
N0023202,junction,main,376.85028076171875,368.00711705607273,8.84316370564602,4.849349887669121,vortex,1,1.0,E0023370
N0048190,junction,trunk main,501.47821044921875,494.88384468019154,6.594365769027206,4.847353961795818,vortex,1,1.0,E0048043
N0042696,junction,main,427.77423095703125,421.22222500919105,6.5520059478402,4.846326989469333,vortex,1,1.0,E0042470
N0043239,junction,main,435.6647644042969,429.02910100248977,6.635663401807108,4.844088373966656,vortex,1,1.0,E0043099
N0047442,junction,lateral,461.6153564453125,455.1734987067514,6.4418577385611115,4.839978119645309,vortex,1,1.0,E0047296
N0012070,junction,main,345.0628356933594,337.05656216243096,8.00627353092841,4.835594009948977,vortex,1,1.0,E0012405
N0042082,junction,main,424.3587646484375,417.94854793366545,6.410216714772048,4.833772700171778,vortex,1,1.0,E0041917
N0016723,junction,trunk main,352.4287414550781,345.3218350917053,7.106906363372843,4.833379962289655,vortex,1,1.0,E0016529
N0025195,junction,main,369.909912109375,363.4707311443029,6.439180965072126,4.82700441000884,vortex,1,1.0,E0025545
N0018765,junction,main,362.33868408203125,355.23458363066607,7.104100451365184,4.814924098741926,vortex,1,1.0,E0018664
N0013194,junction,sub main,339.1007995605469,332.4297668659682,6.671032694578685,4.81450031883594,vortex,1,1.0,E0013356
N0020766,junction,sub main,365.6249084472656,356.47088513409784,9.154023313167784,4.813301908385142,vortex,1,1.0,E0020766
N0004249,junction,main,331.4410705566406,323.7271616332758,7.713908923364841,4.811011681620585,vortex,1,1.0,E0004583
N0029428,junction,main,394.255859375,387.6104784567363,6.645380918263697,4.8074660474177335,vortex,1,1.0,E0029764
N0014418,junction,main,330.3106689453125,323.57698866638435,6.733680278928148,4.806066526854238,vortex,1,1.0,E0014472
N0041644,junction,main,413.3965148925781,407.03642015775654,6.360094734821587,4.803744641644414,vortex,1,1.0,E0041560
N0024723,junction,main,383.97515869140625,376.33205636610666,7.643102325299594,4.792401447371503,vortex,1,1.0,E0025037
N0026015,junction,sub main,388.5498352050781,378.7862810979536,9.763554107124548,4.787004194893427,vortex,1,1.0,E0026260
N0024649,junction,sub main,381.8938293457031,375.53121397585824,6.362615369844889,4.786322226723655,vortex,1,1.0,E0024899
N0025948,junction,main,376.4764404296875,369.5122651753858,6.964175254301722,4.777023060316878,vortex,1,1.0,E0026176
N0035543,junction,sub main,360.4084167480469,350.71011621908013,9.69830052896674,4.776971251185557,vortex,1,1.0,E0035712
N0033770,junction,sub main,362.5763244628906,355.2654407626275,7.310883700263105,4.77427579781147,vortex,1,1.0,E0033982
N0046407,junction,main,457.3966979980469,448.87575515162,8.520942846426863,4.770394389411763,vortex,1,1.0,E0046314
N0039537,junction,sub main,402.15313720703125,390.53726204824335,11.615875158787901,4.764120357769627,vortex,1,1.0,E0039418
N0025145,junction,sub main,382.097900390625,375.7034057294355,6.394494661189526,4.763105531039514,vortex,1,1.0,E0025508
N0035613,junction,main,345.6821594238281,339.3317907863009,6.350368637527197,4.761355126310207,vortex,1,1.0,E0035773
N0006967,junction,sub main,338.9957580566406,331.4390044545055,7.556753602135132,4.760028590979687,vortex,1,1.0,E0007311
N0016884,junction,trunk main,352.1678771972656,345.6916202275856,6.476256969680037,4.753067594610968,vortex,1,1.0,E0016673
N0010532,junction,main,349.38128662109375,336.764162519687,12.617124101406773,4.747370705051765,vortex,1,1.0,E0010761
N0027511,junction,sub main,377.4086608886719,369.8995232381217,7.509137650550201,4.746525751442505,vortex,1,1.0,E0027906
N0034655,junction,lateral,343.8631591796875,337.3963881647285,6.466771014959022,4.742005289566066,vortex,1,1.0,E0034899
N0028118,junction,sub main,378.48187255859375,371.50157869033325,6.980293868260503,4.739685197772701,vortex,1,1.0,E0028375
N0006621,junction,main,333.24420166015625,325.5664420552853,7.677759604870971,4.7393768225832105,vortex,1,1.0,E0006844
N0016854,junction,trunk main,352.20037841796875,345.630107042625,6.5702713753437365,4.736607189590586,vortex,1,1.0,E0016647
N0028195,junction,main,376.8435363769531,370.5612734205585,6.282262956394618,4.731304660228602,vortex,1,1.0,E0028457
N0008550,junction,sub main,432.3863220214844,426.102455854088,6.283866167396354,4.728971762000697,vortex,1,1.0,E0008777
N0039508,junction,main,417.2449035644531,410.940301398963,6.30460216549011,4.726484975340043,vortex,1,1.0,E0039339
N0039768,junction,main,409.1012878417969,401.61627577863146,7.485012063165414,4.726177638326703,vortex,1,1.0,E0039643
N0024601,junction,sub main,369.6407775878906,362.07003811743675,7.570739470453873,4.724601070742835,vortex,1,1.0,E0024909
N0035424,junction,sub main,393.824951171875,387.52813144535935,6.2968197265156505,4.720383222168834,vortex,1,1.0,E0035631
N0030608,junction,sub main,390.5628662109375,384.2438578508532,6.319008360084297,4.720142716320481,vortex,1,1.0,E0030952
N0048015,junction,main,483.7583923339844,477.0187902583955,6.739602075588891,4.719113351715123,vortex,1,1.0,E0047862
N0010833,junction,main,334.4453430175781,324.1685747949393,10.27676822263885,4.714590304172361,vortex,1,1.0,E0011092
N0031014,junction,main,367.49896240234375,361.1397739893821,6.359188412961657,4.714288447751983,vortex,1,1.0,E0031352
N0026019,junction,sub main,387.10272216796875,380.7049232752225,6.397798892746266,4.714129784455622,vortex,1,1.0,E0026263
N0004203,junction,sub main,335.2021179199219,326.249993106567,8.952124813354885,4.709384264479468,vortex,1,1.0,E0004490
N0017698,junction,main,361.439453125,354.94629643090065,6.493156694099355,4.708689129309505,vortex,1,1.0,E0017534
N0044846,junction,main,424.5088806152344,417.4561488081795,7.052731807054897,4.708286147792592,vortex,1,1.0,E0044920
N0042718,junction,main,428.2002868652344,421.5561267872393,6.644160077995082,4.704913578220953,vortex,1,1.0,E0042544
N0019303,junction,main,365.41357421875,358.7365993623819,6.676974856368076,4.697969961894387,vortex,1,1.0,E0019319
N0043287,junction,main,426.2673034667969,420.0232208540096,6.244082612787281,4.693097505364619,vortex,1,1.0,E0043195
N0000839,outfall,lateral,432.4358825683594,426.1634001559626,6.272482412396755,4.690934121395401,vortex,1,1.0,E0000775
N0039317,junction,sub main,352.4424743652344,343.5820103861887,8.860463979045676,4.6889624109987835,vortex,1,1.0,E0039211
N0025211,junction,sub main,381.3196716308594,374.4403813592336,6.879290271625791,4.687720838877908,vortex,1,1.0,E0025589
N0029927,junction,main,373.7032470703125,367.4606094061721,6.242637664140375,4.685734316650212,vortex,1,1.0,E0030213
N0024691,junction,main,383.162109375,374.27854842521185,8.883560949788148,4.684713912008874,vortex,1,1.0,E0024992
N0048482,junction,main,485.0559997558594,478.7930564769527,6.2629432789066755,4.684077747913307,vortex,1,1.0,E0048342
N0025555,junction,main,378.9511413574219,372.1933854666253,6.757755890796602,4.682397757918011,vortex,1,1.0,E0025827
N0044292,junction,sub main,445.8409729003906,437.1069926423466,8.733980258044028,4.6798454158541745,vortex,1,1.0,E0044427
N0019472,junction,sub main,358.6043395996094,351.58465067441006,7.019688925199318,4.6773708226061785,vortex,1,1.0,E0019490
N0028422,junction,main,378.9620666503906,372.60555190792184,6.356514742468789,4.673465165824439,vortex,1,1.0,E0028733
N0024422,junction,sub main,375.8563537597656,369.16939291170803,6.686960848057595,4.670633081450546,vortex,1,1.0,E0024780
N0037239,junction,main,408.45269775390625,402.22161893003107,6.23107882387518,4.6658376232168735,vortex,1,1.0,E0037299
N0026079,junction,main,377.5742492675781,369.3955814539529,8.178667813625225,4.664539361876166,vortex,1,1.0,E0026335
N0004581,junction,main,427.4776611328125,420.9469804049063,6.530680727906201,4.663038826915965,vortex,1,1.0,E0004888
N0034084,junction,main,374.7293395996094,368.45582065411764,6.27351894549173,4.659936957219145,vortex,1,1.0,E0034277
N0007350,junction,main,400.5935363769531,394.1340538458675,6.459482531085598,4.6569587825188705,vortex,1,1.0,E0007909
N0013378,junction,sub main,330.3053894042969,323.0794198748077,7.225969529489191,4.6541459036004085,vortex,1,1.0,E0013562
N0019773,junction,main,364.95916748046875,358.7502164981048,6.208950982363945,4.651074477386942,vortex,1,1.0,E0019728
N0015269,junction,sub main,347.12286376953125,336.162550805006,10.960312964525258,4.646940291617341,vortex,1,1.0,E0015325
N0039221,junction,sub main,422.1006774902344,413.05131587537966,9.049361614854718,4.6414555383514084,vortex,1,1.0,E0039126
N0017230,junction,sub main,357.5290832519531,350.9255059571924,6.603577294760726,4.641192512064379,vortex,1,1.0,E0017068
N0026477,junction,main,338.469970703125,331.08648805621584,7.383482646909158,4.6390160705048515,vortex,1,1.0,E0026819
N0020273,junction,main,363.7818603515625,357.0689092414265,6.712951110135975,4.636216933946798,vortex,1,1.0,E0020208
N0020146,junction,lateral,365.50665283203125,359.02728383036384,6.479369001667408,4.6361564238661686,vortex,1,1.0,E0020098
N0030930,junction,sub main,381.2424621582031,374.04435466445,7.1981074937531275,4.6359569607067215,vortex,1,1.0,E0031218
N0012370,junction,lateral,329.06378173828125,322.0742967260361,6.989485012245154,4.633058939560215,vortex,1,1.0,E0012695
N0046897,junction,main,426.5699462890625,420.08427735570046,6.485668933362035,4.629777139579858,vortex,1,1.0,E0046795
N0033031,junction,main,381.6822509765625,375.3491751890962,6.333075787466328,4.626513610474433,vortex,1,1.0,E0033377
N0041808,junction,main,413.5364074707031,407.225695090064,6.310712380639131,4.62555893162272,vortex,1,1.0,E0041694
N0046808,junction,main,457.66094970703125,450.75118078811033,6.909768918920918,4.6143690465566465,vortex,1,1.0,E0046691
N0035117,junction,main,380.3296813964844,373.84578622051913,6.483895175965245,4.610094543130742,vortex,1,1.0,E0035294
N0046166,junction,main,445.6999206542969,439.537368296455,6.162552357841889,4.609390870664527,vortex,1,1.0,E0046082
N0047965,junction,trunk main,497.0893249511719,487.3156401976785,9.773684753493399,4.601855777320509,vortex,1,1.0,E0047823
N0005508,junction,main,435.2852478027344,428.8410666327664,6.444181169967976,4.599622356061218,vortex,1,1.0,E0005639
N0041874,junction,main,423.7893371582031,417.6383039857869,6.151033172416248,4.596954802566813,vortex,1,1.0,E0041809
N0007093,junction,main,333.8169860839844,325.91335958044033,7.9036265035440465,4.594100099551156,vortex,1,1.0,E0007362
N0017495,junction,main,360.91827392578125,353.47631946492163,7.44195446085962,4.593319366578157,vortex,1,1.0,E0017361
N0043922,junction,trunk main,445.0263977050781,436.7530965187352,8.273301186342906,4.588271145425438,vortex,1,1.0,E0044014
N0009326,junction,sub main,325.7500915527344,319.6126684838085,6.137423068925898,4.584758079909875,vortex,1,1.0,E0009597
N0030102,junction,main,385.6261291503906,379.3810200018168,6.2451091485738175,4.58460757950354,vortex,1,1.0,E0030388
N0026354,junction,sub main,377.5343322753906,370.0146549688231,7.51967730656753,4.5835758216259705,vortex,1,1.0,E0026641
N0020111,junction,main,359.19000244140625,352.97159446256893,6.21840797883732,4.575076067222881,vortex,1,1.0,E0020066
N0017631,junction,trunk main,364.5047302246094,358.28791315489445,6.216817069714921,4.573817802136205,vortex,1,1.0,E0017486
N0008891,junction,sub main,324.5686950683594,315.8393856309064,8.729309437452969,4.570596461654588,vortex,1,1.0,E0009203
N0006519,junction,main,342.0804748535156,335.52361060376137,6.5568642497542555,4.568477223155639,vortex,1,1.0,E0006688
N0021083,junction,sub main,349.92852783203125,340.55104696221457,9.37748086981668,4.56799330033175,vortex,1,1.0,E0021021
N0014134,junction,main,332.0411071777344,325.83887842373923,6.2022287539951435,4.567771538626403,vortex,1,1.0,E0014174
N0039704,junction,sub main,421.5577392578125,414.07905244205296,7.478686815759545,4.565045011588438,vortex,1,1.0,E0039579
N0021987,junction,main,366.05828857421875,358.9367352598731,7.121553314345647,4.5627482856368715,vortex,1,1.0,E0022036
N0044626,junction,sub main,441.0594787597656,434.4997125917358,6.559766168029853,4.558084483040375,vortex,1,1.0,E0044730
N0044183,junction,main,429.36712646484375,420.17835182315946,9.18877464168429,4.555648813992093,vortex,1,1.0,E0044287
N0049380,junction,main,511.5823974609375,502.78857863542015,8.793818825517349,4.553971660129378,vortex,1,1.0,E0049203
N0033876,junction,main,394.0884094238281,387.5083589017806,6.580050522047543,4.553412628965077,vortex,1,1.0,E0034077
N0034772,junction,main,394.34991455078125,388.11086060202456,6.239053948756691,4.551116985772296,vortex,1,1.0,E0035040
N0031640,junction,main,344.4382629394531,337.92917560192734,6.509087337525784,4.5509220213742765,vortex,1,1.0,E0031952
N0029124,junction,sub main,378.4308166503906,371.8280208216275,6.602795828763135,4.548613720442745,vortex,1,1.0,E0029464
N0044262,junction,sub main,441.2229309082031,434.056701771749,7.166229136454149,4.546506058994282,vortex,1,1.0,E0044385
N0043752,junction,main,436.66748046875,430.55821587521484,6.109264593535158,4.544352566338205,vortex,1,1.0,E0043790
N0046909,junction,main,426.9068298339844,420.78034635096276,6.126483483021616,4.542803387176491,vortex,1,1.0,E0046813
N0024091,junction,main,369.3027038574219,362.5349300587223,6.767773798699579,4.54180631855121,vortex,1,1.0,E0024294
N0029291,junction,sub main,381.9045715332031,375.45121727787813,6.453354255324996,4.538930706435281,vortex,1,1.0,E0029662
N0022000,junction,lateral,369.2502746582031,363.1570739527254,6.093200705477727,4.535077169945225,vortex,1,1.0,E0022081
N0046980,junction,main,459.4353332519531,452.45717921303793,6.978154038915193,4.5311875622277284,vortex,1,1.0,E0046878
N0004697,junction,trunk main,400.4630432128906,389.507119109545,10.955924103345637,4.5273013572785885,vortex,1,1.0,E0005060
N0040783,junction,sub main,417.46685791015625,411.3523094870882,6.114548423068072,4.5178867186666025,vortex,1,1.0,E0040640
N0019038,junction,trunk main,357.7308654785156,349.1698486651178,8.561016813397828,4.513991541965538,vortex,1,1.0,E0019012
N0035757,junction,main,398.9290466308594,391.20206676135024,7.726979869509137,4.5116623962618405,vortex,1,1.0,E0035866
N0000993,junction,main,378.9017333984375,372.397878275999,6.503855122438495,4.510300011521622,vortex,1,1.0,E0002662
N0026928,junction,sub main,374.6361083984375,368.57762183516405,6.058486563273448,4.506133438452821,vortex,1,1.0,E0027271
N0048877,junction,main,486.02490234375,479.96532001729537,6.059582326454631,4.503912398635691,vortex,1,1.0,E0048717
N0025217,junction,sub main,376.744384765625,368.541669748225,8.20271501740001,4.498068835177605,vortex,1,1.0,E0025693
N0015479,junction,sub main,349.9520263671875,343.75306740313044,6.198958964057056,4.495848766685356,vortex,1,1.0,E0015429
N0036445,junction,sub main,407.4670715332031,399.58289561510384,7.884175918099288,4.495652323101865,vortex,1,1.0,E0036618
N0035094,junction,lateral,385.3267822265625,379.2421970438447,6.084585182717774,4.495511592882224,vortex,1,1.0,E0035271
N0035960,junction,sub main,365.7292785644531,357.8734169410756,7.855861623377507,4.493962846708428,vortex,1,1.0,E0036111
N0037333,junction,main,401.1770935058594,395.1274764979025,6.049617007956897,4.493944273405873,vortex,1,1.0,E0037376
N0027591,junction,main,376.66632080078125,370.1834406490462,6.48288015173506,4.49374775635772,vortex,1,1.0,E0027960
N0043118,junction,main,434.9844055175781,428.6413062184664,6.343099299111714,4.483732367949187,vortex,1,1.0,E0042991
N0028606,junction,main,374.1304016113281,368.0895444960558,6.040857115272331,4.48285064661934,vortex,1,1.0,E0028857
N0029709,junction,sub main,378.4189758300781,372.0574219083421,6.361553921736004,4.482850050067043,vortex,1,1.0,E0029998
N0014835,junction,main,392.8428649902344,385.83121856542067,7.011646424813705,4.482800314107237,vortex,1,1.0,E0014898
N0011778,junction,sub main,332.0271911621094,322.22150309490326,9.80568806720612,4.4819804211076075,vortex,1,1.0,E0012066
N0042409,junction,lateral,426.9040832519531,420.6379717076352,6.266111544317937,4.47862498926861,vortex,1,1.0,E0042241
N0026634,junction,main,372.26025390625,364.7702226735917,7.490031232658282,4.467840154107648,vortex,1,1.0,E0026981
N0007555,junction,sub main,337.2963562011719,327.1836283023361,10.112727898835772,4.466693251906861,vortex,1,1.0,E0008058
N0048796,junction,main,518.714599609375,510.8964221139188,7.8181774954562115,4.465067725191034,vortex,1,1.0,E0048690
N0043018,junction,main,432.8680114746094,426.7331611129566,6.134850361652752,4.462824389811146,vortex,1,1.0,E0042880
N0030519,junction,main,365.25445556640625,358.3879359246444,6.86651964176184,4.455388773449897,vortex,1,1.0,E0030784
N0033625,junction,main,381.56610107421875,375.476650676936,6.0894503972827465,4.452242604312858,vortex,1,1.0,E0033795
N0019234,junction,trunk main,356.687744140625,349.81457547277626,6.873168667848745,4.4474875322405865,vortex,1,1.0,E0018986
N0028636,junction,sub main,373.8656311035156,367.86678892688406,5.99884217663157,4.445121772149264,vortex,1,1.0,E0028881
N0025957,junction,main,373.7651062011719,367.77087143626716,5.994234764904718,4.442917915909391,vortex,1,1.0,E0026193
N0025813,junction,sub main,382.1465148925781,374.82825624007995,7.318258652498173,4.4291451542814,vortex,1,1.0,E0026037
N0016647,junction,main,348.365966796875,342.32399058359675,6.041976213278247,4.417141781486237,vortex,1,1.0,E0016461
N0022456,junction,sub main,369.7549743652344,361.80722250959013,7.947751855644242,4.412874787800774,vortex,1,1.0,E0022596
N0009836,junction,main,324.6866455078125,315.2342860451075,9.452359462704976,4.41098323529485,vortex,1,1.0,E0010154
N0012199,junction,main,413.1864318847656,407.08839690885725,6.0980349759083765,4.4096881841732625,vortex,1,1.0,E0012502
N0021321,junction,main,378.7611999511719,372.77419080422595,5.987009146945923,4.3986193265655515,vortex,1,1.0,E0021294
N0036855,junction,main,405.4290771484375,396.97342332252435,8.455653825913146,4.396918612297554,vortex,1,1.0,E0036991
N0009061,junction,main,401.5797119140625,395.3374107483803,6.242301165682193,4.393939701959482,vortex,1,1.0,E0009337
N0047307,junction,trunk main,466.7735595703125,458.27859272184105,8.49496684847145,4.3933436553620595,vortex,1,1.0,E0047167
N0015469,junction,main,395.4296875,386.39397651201784,9.035710987982156,4.388179196052079,vortex,1,1.0,E0015427
N0009234,junction,main,337.08807373046875,331.0770506623305,6.011023068138229,4.383566185386485,vortex,1,1.0,E0009531
N0023145,junction,main,380.6675109863281,373.5806291867045,7.0868817996235975,4.381506887226578,vortex,1,1.0,E0023386
N0009844,junction,sub main,325.7052307128906,319.65297977255,6.0522509403406275,4.378301725961478,vortex,1,1.0,E0010166
N0022249,junction,main,380.742431640625,373.58743164923175,7.154999991393254,4.378289695211208,vortex,1,1.0,E0022378
N0046638,junction,main,426.7961730957031,419.2741342004922,7.522038895210926,4.3774238679910695,vortex,1,1.0,E0046513
N0033955,junction,sub main,397.7065124511719,389.8304028790988,7.876109572073062,4.372040085901631,vortex,1,1.0,E0034125
N0030645,junction,main,385.85546875,379.8371455901221,6.018323159877923,4.370519049430072,vortex,1,1.0,E0030977
N0039394,junction,main,415.2525329589844,406.33513583430823,8.917397124676143,4.366107281042105,vortex,1,1.0,E0039269
N0048363,junction,sub main,493.08966064453125,487.1266193776083,5.963041266922971,4.360816276109858,vortex,1,1.0,E0048273
N0022205,junction,sub main,346.9169616699219,340.97421841057405,5.9427432593478215,4.360695586621546,vortex,1,1.0,E0022292
N0047916,junction,main,484.0055236816406,476.6390881115362,7.366435570104443,4.35789261070164,vortex,1,1.0,E0047767
N0027944,junction,main,377.3983459472656,370.3979379992773,7.000407947988322,4.35693969670092,vortex,1,1.0,E0028222
N0014526,junction,sub main,350.6259460449219,341.5538745904896,9.072071454432262,4.349534105906002,vortex,1,1.0,E0014632
N0019028,junction,trunk main,371.1674499511719,364.46932115961505,6.698128791556826,4.346254456496865,vortex,1,1.0,E0018988
N0035065,junction,main,369.5950622558594,363.67414206998205,5.920920185877321,4.346018765492374,vortex,1,1.0,E0035220
N0022160,junction,sub main,380.201171875,371.38400058131936,8.817171293680644,4.344090114897256,vortex,1,1.0,E0022201
N0011375,junction,lateral,335.85986328125,329.77450130151306,6.085361979736945,4.343704766497353,vortex,1,1.0,E0011554
N0012493,junction,main,352.0532531738281,346.1474008850232,5.905852288804908,4.343351192599755,vortex,1,1.0,E0012744
N0033838,junction,sub main,336.99798583984375,329.46175309325963,7.536232746584119,4.34034472546449,vortex,1,1.0,E0034033
N0025809,junction,main,381.814208984375,375.18600093635246,6.628208048022543,4.3398242924764645,vortex,1,1.0,E0026045
N0029147,junction,sub main,370.0335998535156,361.6136914836083,8.419908369907319,4.339401589714555,vortex,1,1.0,E0029532
N0014339,junction,sub main,340.1647033691406,333.769870958693,6.394832410447634,4.337643643646459,vortex,1,1.0,E0014443
N0035547,junction,sub main,358.0205993652344,351.9202834023134,6.100315962921002,4.326413173844571,vortex,1,1.0,E0035769
N0010842,junction,lateral,336.44573974609375,330.56588586199024,5.879853884103511,4.3249732908814735,vortex,1,1.0,E0011055
N0011159,junction,main,403.86444091796875,397.2564790394332,6.607961878535548,4.322864472555523,vortex,1,1.0,E0011341
N0015676,junction,main,350.0785827636719,343.99623281930246,6.082349944369412,4.321755363107741,vortex,1,1.0,E0015672
N0016591,junction,main,348.1138000488281,342.1919867957723,5.921813253055802,4.306504736351883,vortex,1,1.0,E0016400
N0006457,junction,main,382.93133544921875,377.07290854523035,5.858426903988402,4.305436825791162,vortex,1,1.0,E0006629
N0004290,junction,main,418.12518310546875,412.2671391267896,5.858043978679177,4.304482372713494,vortex,1,1.0,E0004606
N0016530,junction,trunk main,352.36883544921875,346.00590521586264,6.36293023335611,4.301954791488868,vortex,1,1.0,E0016393
N0018881,junction,main,367.3085632324219,357.63003658561007,9.678526646811804,4.301067928455382,vortex,1,1.0,E0018834
N0030899,junction,main,389.3087463378906,383.4529333081764,5.855813029714227,4.29915058178824,vortex,1,1.0,E0031235
N0037740,junction,main,360.4327697753906,352.65491824061405,7.777851534776573,4.296063873827109,vortex,1,1.0,E0037754
N0031894,junction,main,382.9329528808594,376.4826367174403,6.450316163419075,4.292814208498214,vortex,1,1.0,E0032143
N0025278,junction,main,383.1750183105469,376.99969808078765,6.1753202297592225,4.291694601065785,vortex,1,1.0,E0025613
N0036821,junction,lateral,348.86016845703125,342.9999183214047,5.860250135626529,4.290385808777614,vortex,1,1.0,E0036875
N0027940,junction,main,391.0201110839844,384.93282882747195,6.087282256512424,4.284804882207709,vortex,1,1.0,E0028215
N0019568,junction,main,364.3633117675781,358.5138618702287,5.849449897349416,4.2831421043062505,vortex,1,1.0,E0019527
N0032807,junction,trunk main,399.53277587890625,392.25890765139167,7.273868227514583,4.282724667284128,vortex,1,1.0,E0033051
N0049025,junction,main,483.9731750488281,477.8578383686567,6.115336680171424,4.278261935386581,vortex,1,1.0,E0048882
N0005858,junction,sub main,421.2904357910156,410.2496323822191,11.040803408796535,4.269743483525133,vortex,1,1.0,E0006052
N0029910,junction,sub main,382.1812744140625,375.672633176133,6.50864123792951,4.265577259867143,vortex,1,1.0,E0030181
N0042855,junction,main,428.67962646484375,421.97320594458216,6.706420520261588,4.26322556361913,vortex,1,1.0,E0042664
N0023030,junction,sub main,383.8589782714844,376.5743307211213,7.284647550363047,4.26291562363258,vortex,1,1.0,E0023272
N0026043,junction,sub main,382.07666015625,375.7197970064905,6.3568631497594765,4.257563821419012,vortex,1,1.0,E0026276
N0028829,junction,main,393.9648132324219,387.2882170081456,6.676596224276295,4.2557521152601225,vortex,1,1.0,E0029180
N0012751,junction,sub main,336.1949157714844,325.49446905219764,10.700446719286731,4.2526243693961305,vortex,1,1.0,E0012944
N0026920,junction,main,385.2670593261719,379.1284195635693,6.1386397626025655,4.251813250693033,vortex,1,1.0,E0027260
N0040088,junction,sub main,348.470458984375,342.14118182434584,6.329277160029164,4.25027981300741,vortex,1,1.0,E0040011
N0040595,junction,main,422.35418701171875,416.5462323241341,5.80795468758464,4.249040547710081,vortex,1,1.0,E0040516
N0021295,junction,main,383.17315673828125,377.2173911023257,5.955765635955572,4.242602145253215,vortex,1,1.0,E0021260
N0033957,junction,sub main,389.1552429199219,379.9299942695819,9.22524865033995,4.241731813335548,vortex,1,1.0,E0034147
N0020696,junction,lateral,365.4880676269531,358.1147747892741,7.373292837679003,4.240952584134618,vortex,1,1.0,E0020730
N0025772,junction,sub main,381.8889465332031,376.0353098352215,5.853636697981642,4.23839953816082,vortex,1,1.0,E0025962
N0048733,junction,main,485.9850769042969,479.72278656173876,6.262290342558117,4.235152335780185,vortex,1,1.0,E0048636
N0026506,junction,sub main,388.55230712890625,378.8286800905484,9.723627038357847,4.23445668791652,vortex,1,1.0,E0026859
N0015405,junction,lateral,322.4382629394531,315.4952175771899,6.943045362263206,4.233606261903617,vortex,1,1.0,E0015387
N0024736,junction,main,372.92401123046875,364.39712887498814,8.526882355480609,4.232161189808835,vortex,1,1.0,E0025096
N0025916,junction,sub main,374.76104736328125,367.02976073580015,7.731286627481097,4.2243981618277076,vortex,1,1.0,E0026105
N0038307,junction,main,414.12152099609375,408.10133754378336,6.020183452310391,4.220178027682493,vortex,1,1.0,E0038310
N0042165,junction,main,424.3995361328125,418.25778085558676,6.141755277225741,4.220112726429534,vortex,1,1.0,E0042006
N0036060,junction,main,346.5166015625,339.0126491343129,7.5039524281871195,4.217793524957244,vortex,1,1.0,E0036158
N0027136,junction,lateral,379.2095642089844,373.2262895607127,5.983274648271674,4.215410539575771,vortex,1,1.0,E0027548
N0013603,junction,sub main,339.1756896972656,332.62247728839975,6.553212408865875,4.214061337256567,vortex,1,1.0,E0013803
N0030352,junction,sub main,387.21942138671875,376.9509412606274,10.268480126091333,4.212576266295855,vortex,1,1.0,E0030742
N0022172,junction,main,378.205810546875,372.2800483575704,5.925762189304578,4.206895420365868,vortex,1,1.0,E0022203
N0026066,junction,main,379.7513732910156,373.70851311687454,6.042860174141083,4.206745447763694,vortex,1,1.0,E0026305
N0037973,junction,main,366.9600830078125,360.85017631650913,6.109906691303365,4.206208701134187,vortex,1,1.0,E0037945
N0039922,junction,sub main,349.74444580078125,340.1312150337426,9.613230767038658,4.20505956685156,vortex,1,1.0,E0039874
N0018856,junction,trunk main,356.23004150390625,348.4846245581206,7.745416945785678,4.204421038504734,vortex,1,1.0,E0018807
N0034801,junction,main,398.1638488769531,391.1809413381014,6.982907538851748,4.2040757057936275,vortex,1,1.0,E0035095
N0045357,junction,main,441.038818359375,435.280150224831,5.758668134543996,4.202347062634999,vortex,1,1.0,E0045433
N0040630,junction,main,420.2434997558594,412.8537528491716,7.389746906687776,4.198040240111197,vortex,1,1.0,E0040557
N0016646,junction,main,323.7642822265625,317.91269147348504,5.85159075307746,4.196530135170121,vortex,1,1.0,E0016458
N0046591,junction,main,445.8959045410156,440.01778297811927,5.878121562896354,4.196413293735816,vortex,1,1.0,E0046486
N0034606,junction,main,382.4167785644531,374.8126410856057,7.604137478847406,4.192413730899489,vortex,1,1.0,E0034848
N0044320,junction,main,436.7739562988281,431.02022966616386,5.753726632664268,4.192411222874682,vortex,1,1.0,E0044435
N0007761,junction,sub main,329.2537536621094,317.49472467685956,11.759028985249813,4.1836063668570205,vortex,1,1.0,E0008146
N0040561,junction,sub main,345.1279296875,336.2726229790776,8.855306708422404,4.1830680621305305,vortex,1,1.0,E0040490
N0004384,junction,main,315.0443115234375,304.16491258313647,10.87939894030103,4.182706085584982,vortex,1,1.0,E0004655
N0035468,junction,main,369.5025329589844,363.75414206998204,5.748390889002337,4.17362923499735,vortex,1,1.0,E0035667
N0024195,junction,sub main,381.6456298828125,373.6279909980035,8.017638884809003,4.1725865281986785,vortex,1,1.0,E0024518
N0029039,junction,main,377.6303405761719,371.1911924375053,6.439148138666553,4.1678518234706985,vortex,1,1.0,E0029379
N0039575,junction,sub main,421.76971435546875,413.66942189329086,8.10029246217789,4.167525134646269,vortex,1,1.0,E0039461
N0048323,junction,main,484.4151611328125,478.373554195409,6.041606937403515,4.163699745802262,vortex,1,1.0,E0048234
N0013681,junction,main,332.6584167480469,326.0615040572502,6.596912690796671,4.161535643168236,vortex,1,1.0,E0013865
N0016556,junction,main,323.8657531738281,317.80257789575734,6.063175278070787,4.158812281165467,vortex,1,1.0,E0016397
N0041635,junction,main,420.395751953125,414.4291878181956,5.966564134929399,4.158576967895215,vortex,1,1.0,E0041548
N0021562,junction,sub main,378.15283203125,366.39036800197704,11.762464029272962,4.158253881353744,vortex,1,1.0,E0021581
N0029126,junction,sub main,373.7161560058594,367.9664132211099,5.749742784749458,4.157682415975955,vortex,1,1.0,E0029465
N0040518,junction,sub main,405.37847900390625,395.8883703171656,9.490108686740655,4.157284900918796,vortex,1,1.0,E0040457
N0035336,junction,sub main,399.16217041015625,392.795050313688,6.367120096468227,4.152441662819683,vortex,1,1.0,E0035578
N0047827,junction,main,480.5285339355469,474.71764599743045,5.810887938116423,4.146470863496177,vortex,1,1.0,E0047704
N0024720,junction,sub main,377.3505554199219,365.8896643650209,11.46089105490097,4.143256041915777,vortex,1,1.0,E0025137
N0046731,junction,main,445.89935302734375,440.0580880646469,5.841264962696869,4.140210216672699,vortex,1,1.0,E0046615
N0046330,junction,main,445.6540222167969,439.5788321361228,6.075190080674076,4.139945291659501,vortex,1,1.0,E0046201
N0028844,junction,lateral,393.17218017578125,385.89286640260053,7.279313773180718,4.139608350171898,vortex,1,1.0,E0029188
N0024939,junction,main,344.07769775390625,334.45474295062223,9.622954803284017,4.134648133223891,vortex,1,1.0,E0025215
N0010677,junction,main,402.5381774902344,396.7592070036149,5.778970486619471,4.133856630706362,vortex,1,1.0,E0010910
N0011430,junction,main,315.0970764160156,309.1847895727774,5.912286843238235,4.132528812872465,vortex,1,1.0,E0011641
N0040805,junction,sub main,404.8619079589844,396.4317535772963,8.430154381688055,4.131921023774794,vortex,1,1.0,E0040718
N0047961,junction,trunk main,493.6026306152344,482.7515371082267,10.851093507007647,4.131303954807379,vortex,1,1.0,E0047824
N0018893,junction,main,366.1083068847656,360.3760746020713,5.732232282694326,4.129742856931159,vortex,1,1.0,E0018848
N0015655,junction,sub main,312.269775390625,301.2115462533869,11.058229137238072,4.129025528241925,vortex,1,1.0,E0015661
N0029185,junction,main,376.5244445800781,370.5233228577632,6.001121722314906,4.128922310296332,vortex,1,1.0,E0029527
N0028701,junction,sub main,368.4704284667969,359.85555835331127,8.614870113485608,4.128470503192773,vortex,1,1.0,E0029137
N0023618,junction,main,379.6731262207031,373.76734708644744,5.905779134255681,4.12276245554682,vortex,1,1.0,E0023902
N0041496,junction,main,420.1421813964844,413.97677663052883,6.165404765955543,4.116601068568002,vortex,1,1.0,E0041439
N0028045,junction,main,382.0858154296875,376.11252521832375,5.9732902113637465,4.115667374926943,vortex,1,1.0,E0028321
N0012897,junction,main,332.41595458984375,324.8605757861253,7.55537880371844,4.115519968427122,vortex,1,1.0,E0013003
N0024595,junction,main,367.8968505859375,362.082375690134,5.814474895803528,4.115270827651273,vortex,1,1.0,E0024857
N0013218,junction,main,336.22491455078125,329.28256021730283,6.94235433347842,4.110652925129159,vortex,1,1.0,E0013401
N0024995,junction,sub main,379.94647216796875,371.14707031790647,8.799401850062281,4.10488939537413,vortex,1,1.0,E0025297
N0009963,junction,main,445.7702331542969,438.9681500640234,6.80208309027347,4.104103714058226,vortex,1,1.0,E0010351
N0003812,junction,sub main,396.9695739746094,390.5103451887724,6.459228785836956,4.102214732516188,vortex,1,1.0,E0004198
N0024127,junction,lateral,383.1002197265625,376.8664260822812,6.23379364428132,4.10128871250339,vortex,1,1.0,E0024410
N0023213,junction,main,378.7179260253906,372.9749799643374,5.742946061053203,4.100966588748918,vortex,1,1.0,E0023413
N0035162,junction,main,345.4788513183594,339.2129421430609,6.265909175298475,4.100083976966346,vortex,1,1.0,E0035365
N0019125,junction,main,363.9384460449219,357.9531939514732,5.985252093448651,4.099339131065051,vortex,1,1.0,E0019066
N0015506,junction,trunk main,348.8358459472656,342.4053945847465,6.430451362519136,4.0973063958236935,vortex,1,1.0,E0015473
N0032277,junction,main,391.81884765625,385.85153678169013,5.967310874559871,4.094973967904991,vortex,1,1.0,E0032598
N0048320,junction,main,482.2720642089844,476.5303431079495,5.741721101034898,4.093214886675241,vortex,1,1.0,E0048231
N0044474,junction,main,436.1089172363281,427.23631418386435,8.872603052463774,4.089637048784937,vortex,1,1.0,E0044570
N0011012,junction,sub main,349.1976318359375,341.470753455249,7.726878380688504,4.08627299239447,vortex,1,1.0,E0011245
N0046562,junction,main,455.5104675292969,449.289681699883,6.220785829413899,4.083454711459922,vortex,1,1.0,E0046437
N0013698,junction,main,331.7649230957031,324.59276403471915,7.172159060983972,4.079681164251838,vortex,1,1.0,E0013885
N0012081,junction,main,346.5941162109375,340.7127459661953,5.881370244742186,4.079617651610363,vortex,1,1.0,E0012424
N0047817,junction,sub main,485.3714904785156,473.86572943160706,11.50576104690856,4.078342104869591,vortex,1,1.0,E0047694
N0044376,junction,main,440.38848876953125,434.5245544744593,5.863934295071942,4.077212672513838,vortex,1,1.0,E0044456
N0032094,junction,main,383.4293518066406,377.79949873909203,5.629853067548595,4.075700597194782,vortex,1,1.0,E0032381
N0019408,junction,trunk main,361.52130126953125,355.65440028907716,5.866900980454091,4.068655773534488,vortex,1,1.0,E0019205
N0022451,junction,main,378.1921691894531,372.4407499443703,5.751419245082843,4.063828965959374,vortex,1,1.0,E0022563
N0047537,junction,lateral,465.795654296875,460.0932315811639,5.702422715711123,4.0616696492886035,vortex,1,1.0,E0047359
N0025988,junction,sub main,338.3504333496094,326.49726236554704,11.85317098406233,4.056438554049237,vortex,1,1.0,E0026232
N0018976,junction,main,365.6653137207031,360.0101786689516,5.655135051751529,4.054702474936448,vortex,1,1.0,E0018920
N0008860,junction,main,334.2671203613281,326.38202585249644,7.885094508831685,4.0541617487076,vortex,1,1.0,E0009166
N0002911,junction,main,380.8506774902344,374.59589006987903,6.254787420355342,4.046979389659725,vortex,1,1.0,E0003836
N0046067,junction,trunk main,453.4233703613281,445.2862108134661,8.13715954786204,4.043874516915764,vortex,1,1.0,E0046032
N0008707,junction,sub main,327.34375,319.87094737497796,7.472802625022041,4.042694000782433,vortex,1,1.0,E0009049
N0016158,junction,lateral,345.66485595703125,340.0642126689628,5.600643288068454,4.042359340380472,vortex,1,1.0,E0016033
N0033004,junction,sub main,368.79718017578125,360.2805237820503,8.516656393730955,4.042246982859979,vortex,1,1.0,E0033370
N0018634,junction,main,357.92242431640625,350.46786391428356,7.454560402122695,4.038864918530692,vortex,1,1.0,E0018542
N0043498,junction,main,429.20135498046875,423.3194260570544,5.881928923414364,4.03547276915333,vortex,1,1.0,E0043399
N0015647,junction,main,323.5985107421875,316.0568051228922,7.541705619295328,4.033405696315299,vortex,1,1.0,E0015631
N0032846,junction,lateral,392.2323913574219,386.04495257207043,6.187438785351446,4.033081049817611,vortex,1,1.0,E0033089
N0011194,junction,main,340.4344177246094,334.5564103265926,5.878007398016791,4.032841822238765,vortex,1,1.0,E0011378
N0038556,junction,main,414.06500244140625,408.410044524592,5.654957916814226,4.0254139142800796,vortex,1,1.0,E0038470
N0025975,junction,main,342.75634765625,336.239190208349,6.517157447901013,4.024737481044724,vortex,1,1.0,E0026212
N0025255,junction,main,386.3443908691406,377.23962977358246,9.10476109555816,4.018660408884102,vortex,1,1.0,E0025678
N0025028,junction,sub main,375.6627197265625,369.5837412242087,6.0789785023537775,4.01724952711902,vortex,1,1.0,E0025341
N0009740,junction,main,331.4004211425781,323.4739663645773,7.926454778000846,4.012346797611315,vortex,1,1.0,E0010055
N0037365,junction,sub main,402.416015625,396.6177607976511,5.798254827348899,4.011510792913043,vortex,1,1.0,E0037392
N0028981,junction,main,381.3634338378906,374.26103522103614,7.102398616854487,4.008831602431769,vortex,1,1.0,E0029338
N0024339,junction,main,374.554443359375,366.7329949438258,7.821448415549185,4.006865538759882,vortex,1,1.0,E0024682
N0039244,junction,sub main,416.000732421875,405.2374597588065,10.763272663068506,4.00351774827584,vortex,1,1.0,E0039146
N0049253,junction,main,485.4610290527344,478.72673805485033,6.734290997884045,4.002027907545823,vortex,1,1.0,E0049102
N0001183,junction,sub main,327.5102233886719,320.89664477283986,6.613578615832012,4.000793927680434,vortex,1,1.0,E0003048
N0045168,junction,main,424.5138244628906,418.33974795588273,6.1740765070078965,3.998550903236037,vortex,1,1.0,E0045202
N0026368,junction,sub main,374.24102783203125,368.16734945677945,6.073678375251802,3.99774856962091,vortex,1,1.0,E0026687
N0017522,junction,sub main,354.8556823730469,349.2052830067679,5.650399366278975,3.9935351932672916,vortex,1,1.0,E0017393
N0029450,junction,main,389.7210693359375,380.21554328999605,9.505526045941451,3.992821372111905,vortex,1,1.0,E0029804
N0024065,junction,main,367.9411315917969,361.50660092548327,6.434530666313606,3.9878495035111428,vortex,1,1.0,E0024353
N0025029,junction,main,377.35272216796875,371.69950617697157,5.653215990997182,3.98776093226968,vortex,1,1.0,E0025325
N0018994,junction,sub main,355.91302490234375,343.7228190840051,12.190205818338654,3.9865870838568185,vortex,1,1.0,E0018939
N0047952,junction,main,481.41778564453125,475.07475029148463,6.343035353046616,3.9852432017846695,vortex,1,1.0,E0047744
N0015055,junction,main,329.8641662597656,322.6745152114707,7.189651048294934,3.984661843261165,vortex,1,1.0,E0015108
N0011761,junction,lateral,333.54022216796875,326.21495136787917,7.325270800089584,3.9833336753715116,vortex,1,1.0,E0012078
N0047706,junction,lateral,478.68170166015625,473.0244538055684,5.657247854587865,3.98328520106827,vortex,1,1.0,E0047492
N0005188,junction,main,382.0397033691406,376.46491774981723,5.574785619323393,3.981960287315303,vortex,1,1.0,E0005387
N0014871,junction,main,354.02056884765625,347.8395498479411,6.18101899971515,3.979726505031067,vortex,1,1.0,E0014911
N0047756,junction,main,480.5218505859375,474.6768538413217,5.844996744615798,3.978623579677219,vortex,1,1.0,E0047579
N0005968,junction,main,382.6759033203125,376.9799031690417,5.696000151270823,3.977518529721351,vortex,1,1.0,E0006210
N0044056,junction,lateral,435.3073425292969,429.7783154963608,5.529027032936085,3.9709647041762537,vortex,1,1.0,E0044115
N0028198,junction,sub main,378.05487060546875,372.5334494955932,5.521421109875575,3.9709588962174394,vortex,1,1.0,E0028493
N0023661,junction,main,378.9702453613281,373.3992182264764,5.571027134851704,3.9705034796218115,vortex,1,1.0,E0023918
N0014011,junction,main,345.2461853027344,337.22805809019724,8.018127212537138,3.97018052956156,vortex,1,1.0,E0014056
N0026110,junction,main,377.2510986328125,371.44933212312,5.801766509692527,3.9677901024561493,vortex,1,1.0,E0026343
N0016703,junction,main,323.8110656738281,318.026709015995,5.784356657833143,3.9635761987300953,vortex,1,1.0,E0016495
N0036858,junction,main,406.5807800292969,400.9734752489236,5.607304780373283,3.960199166873224,vortex,1,1.0,E0036976
N0041464,junction,main,424.9166564941406,416.0427553835295,8.873901110611143,3.9545093475605313,vortex,1,1.0,E0041373
N0027862,junction,main,377.842529296875,372.33800470983147,5.504524587043534,3.951807029360282,vortex,1,1.0,E0028165
N0017702,junction,sub main,359.8400573730469,347.07440845331894,12.765648919727937,3.9479857065107353,vortex,1,1.0,E0017554
N0030786,junction,main,377.88531494140625,372.321313528648,5.564001412758273,3.946421515405632,vortex,1,1.0,E0031109
N0033662,junction,main,372.9606018066406,365.83513250446185,7.125469302178772,3.9454538216152173,vortex,1,1.0,E0033870
N0018843,junction,lateral,364.1262512207031,358.5860330407891,5.540218179914007,3.9407055096111776,vortex,1,1.0,E0018748
N0024253,junction,sub main,369.8110046386719,364.3217374310623,5.4892672076096005,3.9362443012379913,vortex,1,1.0,E0024487
N0021996,junction,main,367.5154724121094,361.9314902332763,5.583982178833082,3.935541098618785,vortex,1,1.0,E0022022
N0010105,junction,main,402.4552001953125,396.69229661578163,5.762903579530871,3.9344216385329673,vortex,1,1.0,E0010431
N0032000,junction,main,370.00799560546875,364.51845869396215,5.489536911506605,3.9326506116197493,vortex,1,1.0,E0032287
N0027964,junction,main,370.74908447265625,365.2456666865586,5.503417786097657,3.927684571269083,vortex,1,1.0,E0028229
N0031680,junction,trunk main,396.9580078125,391.47571547248555,5.482292340014453,3.927316913886443,vortex,1,1.0,E0031995
N0034798,junction,sub main,389.4201354980469,380.67442615778,8.745709340266899,3.9244011067531233,vortex,1,1.0,E0035085
N0026683,junction,main,370.1470031738281,364.39541421817415,5.751588955653972,3.9201277353573687,vortex,1,1.0,E0027074
N0019377,junction,main,358.2749328613281,352.21951641514613,6.055416446181994,3.918965533634946,vortex,1,1.0,E0019394
N0029430,junction,lateral,393.2195739746094,386.31848568783744,6.901088286771937,3.917092061973449,vortex,1,1.0,E0029794
N0012739,junction,sub main,338.35382080078125,331.92775587865407,6.426064922127182,3.913049671847773,vortex,1,1.0,E0012959
N0043149,junction,main,426.3954162597656,419.6798508659734,6.715565393792247,3.9092212714126617,vortex,1,1.0,E0043044
N0044978,junction,main,440.60601806640625,434.9988399757597,5.607178090646528,3.905758940543194,vortex,1,1.0,E0045057
N0026601,junction,lateral,378.0993347167969,372.58185115403097,5.517483562765904,3.902680598851532,vortex,1,1.0,E0026949
N0026207,junction,sub main,381.8421936035156,376.37920783535617,5.462985768159456,3.900834866690502,vortex,1,1.0,E0026410
N0026539,junction,sub main,384.9013977050781,378.887684304306,6.013713400772133,3.8980500147109183,vortex,1,1.0,E0026910
N0016710,junction,lateral,347.9689025878906,342.51072841920393,5.458174168686696,3.897126436593851,vortex,1,1.0,E0016496
N0013234,junction,sub main,335.777099609375,327.15883643636414,8.61826317301086,3.8968231981982058,vortex,1,1.0,E0013380
N0047719,junction,trunk main,479.3725891113281,473.0715147942651,6.301074317063012,3.8918233860769647,vortex,1,1.0,E0047536
N0036980,junction,sub main,401.4625244140625,395.7764624014382,5.686062012624291,3.8910573523638163,vortex,1,1.0,E0037117
N0047057,junction,main,426.6529541015625,421.1621040703388,5.490850031223715,3.8867149664969816,vortex,1,1.0,E0046930
N0041798,junction,main,420.4513244628906,415.00285090933903,5.448473553551594,3.8863563478257674,vortex,1,1.0,E0041678
N0026246,junction,main,370.163330078125,364.3535274660919,5.8098026120330815,3.8860655915224243,vortex,1,1.0,E0026437
N0016478,junction,main,324.408935546875,317.2499099390903,7.159025607784713,3.8832729529499943,vortex,1,1.0,E0016317
N0005791,junction,lateral,422.4570007324219,416.99443700911627,5.462563723305607,3.8821986065493093,vortex,1,1.0,E0005953
N0019580,junction,main,365.4222412109375,359.87522570205914,5.54701550887836,3.879939346468177,vortex,1,1.0,E0019528
N0024005,junction,sub main,381.47796630859375,375.1898326804082,6.288133628185562,3.8793032816772097,vortex,1,1.0,E0024419
N0022909,junction,main,347.9265441894531,342.22449557307925,5.702048616373872,3.877321566598937,vortex,1,1.0,E0023105
N0007470,junction,sub main,333.6775817871094,328.01014944798135,5.667432339128027,3.8692942816417144,vortex,1,1.0,E0008012
N0006303,junction,main,424.07562255859375,415.8192073918639,8.256415166729823,3.8689446150709728,vortex,1,1.0,E0006579
N0020507,junction,sub main,368.87908935546875,361.4102611814998,7.468828173968973,3.8687227462756937,vortex,1,1.0,E0020553
N0038718,junction,main,414.35882568359375,408.7248982689777,5.633927414616039,3.8675292186425736,vortex,1,1.0,E0038655
N0041412,junction,main,405.2376708984375,399.7801039373547,5.457566961082819,3.865975833613277,vortex,1,1.0,E0041307
N0031692,chamber,lateral,405.46563720703125,400.0021276877928,5.463509519238471,3.8654805907876266,vortex,1,1.0,E0031444
N0034538,junction,lateral,374.90386962890625,369.48636702732074,5.417502601585511,3.862702163935353,vortex,1,1.0,E0034817
N0047641,junction,trunk main,478.4052429199219,470.3551124041011,8.050130515820797,3.862055908901766,vortex,1,1.0,E0047458
N0028413,junction,main,378.3125305175781,372.8997613208509,5.412769196727197,3.86023660946114,vortex,1,1.0,E0028724
N0026970,junction,main,376.6065979003906,370.1084406490462,6.4981572513444235,3.85468730913027,vortex,1,1.0,E0027353
N0013906,junction,sub main,350.2880859375,340.72234090660794,9.56574503089206,3.852057932041646,vortex,1,1.0,E0013963
N0019886,junction,trunk main,365.784423828125,353.8153788124955,11.96904501562949,3.8517490898416895,vortex,1,1.0,E0019825
N0026444,junction,lateral,345.5157470703125,339.4443117179876,6.071435352324897,3.851310488966874,vortex,1,1.0,E0026761
N0000046,junction,trunk main,334.69622802734375,329.22012209130145,5.476105936042302,3.8492606703977117,vortex,1,1.0,E0002139
N0037156,junction,main,347.1755676269531,341.77798252276034,5.397585104192785,3.8473131638601785,vortex,1,1.0,E0037232
N0012266,junction,main,333.5595397949219,327.91337200874904,5.646167786172839,3.84569052524688,vortex,1,1.0,E0012665
N0033059,junction,main,373.9570617675781,364.34209234296526,9.614969424612866,3.8427120762786444,vortex,1,1.0,E0033410
N0008890,junction,main,318.5940856933594,312.9590798665988,5.635005826760562,3.8406501999637044,vortex,1,1.0,E0009174
N0045053,junction,main,440.46185302734375,435.06725194941276,5.394601077930986,3.840186725492174,vortex,1,1.0,E0045111
N0047243,junction,main,460.6940002441406,453.5069745873419,7.18702565679871,3.838583023216586,vortex,1,1.0,E0047131
N0034629,junction,main,379.597412109375,373.7026080098864,5.894804099488624,3.83824291392267,vortex,1,1.0,E0034872
N0042763,junction,main,428.4289855957031,421.7078306742921,6.721154921411028,3.8381237678868843,vortex,1,1.0,E0042607
N0040306,junction,sub main,417.6800842285156,410.61176764410027,7.068316584415356,3.8334261448591747,vortex,1,1.0,E0040241
N0021110,junction,sub main,365.23956298828125,357.183984241745,8.055578746536241,3.8321965638079973,vortex,1,1.0,E0021090
N0033262,junction,sub main,335.27667236328125,327.8342441110952,7.442428252186062,3.83164969633566,vortex,1,1.0,E0033599
N0015945,junction,main,349.67431640625,343.7322568642177,5.942059542032325,3.830733887568101,vortex,1,1.0,E0015850
N0041643,junction,main,419.7974853515625,414.2915370030251,5.505948348537402,3.830669541681061,vortex,1,1.0,E0041558
N0039578,junction,main,418.2449951171875,412.7322406402052,5.512754476982309,3.830475261752042,vortex,1,1.0,E0039466
N0047605,junction,lateral,465.91436767578125,460.53394123615226,5.380426439628991,3.8292161365261563,vortex,1,1.0,E0047381
N0004439,junction,lateral,320.5479431152344,315.1498661931369,5.398076922097459,3.8256910185288007,vortex,1,1.0,E0004745
N0028073,junction,sub main,375.15869140625,367.3597916081654,7.798899798084619,3.8250453256501373,vortex,1,1.0,E0028316
N0026052,junction,main,384.0309143066406,376.4315855669049,7.599328739735711,3.8222154349305697,vortex,1,1.0,E0026291
N0044587,junction,main,423.8576354980469,417.33577014275807,6.52186535528881,3.821262613713941,vortex,1,1.0,E0044663
N0031493,junction,main,384.41107177734375,378.7052094402738,5.705862337069959,3.8181405095072023,vortex,1,1.0,E0031801
N0026250,junction,main,373.3024597167969,367.83987604718953,5.462583669607341,3.8181366099554452,vortex,1,1.0,E0026442
N0026511,junction,main,387.196533203125,381.67354311481586,5.522990088309143,3.8165896771391203,vortex,1,1.0,E0026866
N0012902,junction,lateral,335.6458740234375,330.2031585104757,5.442715512961797,3.815749928089417,vortex,1,1.0,E0013013
N0030889,junction,main,369.3609313964844,363.73214028778676,5.628791108697612,3.8141894646842047,vortex,1,1.0,E0031168
N0028731,junction,sub main,378.2735900878906,372.89393131505483,5.379658772835796,3.8119121765950013,vortex,1,1.0,E0029025
N0026445,junction,sub main,344.9205017089844,339.2302367186801,5.690264990304286,3.809828612789431,vortex,1,1.0,E0026793
N0007291,junction,sub main,427.6319885253906,421.5923120185207,6.03967650686991,3.8054104769640276,vortex,1,1.0,E0007861
N0043130,junction,main,432.5465087890625,427.18186634140966,5.364642447652841,3.8036629933337167,vortex,1,1.0,E0043008
N0013543,junction,sub main,345.7444152832031,336.5929673357842,9.151447947418944,3.793605090649123,vortex,1,1.0,E0013762
N0018836,junction,sub main,355.52880859375,343.6760421669349,11.852766426815094,3.7919714529103317,vortex,1,1.0,E0018773
N0022754,junction,sub main,378.798095703125,370.7014079159062,8.096687787218798,3.7918403521259165,vortex,1,1.0,E0022890
N0010524,junction,main,350.3695068359375,344.2332756804892,6.136231155448286,3.78569891385888,vortex,1,1.0,E0010816
N0015378,junction,main,322.498779296875,315.7355701963024,6.763209100572624,3.785173426441304,vortex,1,1.0,E0015385
N0022824,junction,main,378.564208984375,372.8648663866097,5.6993425977652805,3.7806221426279194,vortex,1,1.0,E0022968
N0019065,junction,main,358.062255859375,349.2820583090742,8.780197550300784,3.7745188562255407,vortex,1,1.0,E0019000
N0046449,junction,main,445.8731384277344,439.89119308910756,5.981945338626815,3.7684233980442627,vortex,1,1.0,E0046352
N0017070,junction,trunk main,354.90234375,346.8376700678142,8.064673682185798,3.7673858931643167,vortex,1,1.0,E0016977
N0043347,junction,sub main,435.7585754394531,428.0077873147204,7.750788124732708,3.7670903865442824,vortex,1,1.0,E0043372
N0006963,junction,main,339.0497741699219,333.2905845020906,5.759189667831265,3.7654658292855174,vortex,1,1.0,E0007301
N0008303,junction,main,338.2178039550781,332.89950247518675,5.318301479891375,3.7649186470222276,vortex,1,1.0,E0008502
N0049503,junction,lateral,510.064697265625,504.66233138005043,5.402365885574568,3.763455973465284,vortex,1,1.0,E0049284
N0020857,junction,main,371.7666320800781,366.2238458209726,5.542786259105526,3.7624530913173544,vortex,1,1.0,E0020831
N0029946,junction,main,366.88397216796875,359.03855273715175,7.845419430817003,3.7621747934803693,vortex,1,1.0,E0030278
N0042254,junction,main,424.2502136230469,418.30778085558677,5.9424327674601045,3.7613249635747934,vortex,1,1.0,E0042161
N0033477,junction,main,394.8182067871094,389.28784385280494,5.530362934304435,3.7550199782111235,vortex,1,1.0,E0033732
N0019685,junction,trunk main,364.6667175292969,356.5721519978179,8.094565531478963,3.7529729581235642,vortex,1,1.0,E0019437
N0043886,junction,main,425.9227294921875,418.88350731691867,7.039222175268833,3.740226186012592,vortex,1,1.0,E0043973
N0023915,junction,sub main,378.9329528808594,368.60140096629317,10.331551914566205,3.7346931256653875,vortex,1,1.0,E0024347
N0005873,junction,main,423.6321105957031,415.64371242551294,7.98839817019018,3.7315411537117598,vortex,1,1.0,E0006059
N0030564,junction,main,393.8553771972656,388.15742726095607,5.697949936309556,3.7305811221935414,vortex,1,1.0,E0030879
N0022019,junction,sub main,376.0245056152344,366.89481714010265,9.12968847513173,3.729522059239457,vortex,1,1.0,E0022091
N0034252,junction,main,343.94110107421875,338.4681919305985,5.472909143620257,3.7240394152291287,vortex,1,1.0,E0034429
N0040410,junction,main,424.5813903808594,418.7439262975869,5.8374640832724936,3.7226347065586083,vortex,1,1.0,E0040332
N0035762,junction,sub main,401.75225830078125,390.85987152711357,10.892386773667681,3.72027145221557,vortex,1,1.0,E0035885
N0038903,junction,main,414.532470703125,409.1708919862802,5.361578716844804,3.712607900242631,vortex,1,1.0,E0038830
N0042872,junction,trunk main,433.95794677734375,422.7624533155013,11.195493461842432,3.7103490290656396,vortex,1,1.0,E0042757
N0017383,junction,sub main,360.5936584472656,351.67011784040756,8.923540606858069,3.7075982318245906,vortex,1,1.0,E0017238
N0027186,junction,main,377.4867858886719,371.9127012753107,5.574084613361151,3.7041825901963534,vortex,1,1.0,E0027607
N0006294,junction,sub main,422.43231201171875,410.96117761688845,11.471134394830301,3.7024061176385317,vortex,1,1.0,E0006558
N0024299,junction,sub main,371.5051574707031,362.82905120188724,8.676106268815886,3.701342797897439,vortex,1,1.0,E0024496
N0005726,junction,lateral,331.53875732421875,325.38987457231,6.1488827519087295,3.701302443748318,vortex,1,1.0,E0005883
N0029256,junction,main,387.19036865234375,381.90495422265684,5.285414429686909,3.7004056663016627,vortex,1,1.0,E0029674
N0031103,junction,trunk main,397.5686340332031,392.3188179467631,5.249816086440035,3.6998160864400234,vortex,1,1.0,E0031445
N0016094,junction,trunk main,349.6783447265625,342.75344754679253,6.924897179769971,3.697076077457723,vortex,1,1.0,E0015968
N0026591,junction,main,377.2366638183594,371.5996650869037,5.636998731455662,3.6942995114070527,vortex,1,1.0,E0026935
N0029840,junction,main,379.8186950683594,374.3467485222883,5.471946546071081,3.6912366332146576,vortex,1,1.0,E0030127
N0021258,junction,main,372.8860168457031,367.3354901463485,5.550526699354634,3.6899669495944636,vortex,1,1.0,E0021220
N0045317,junction,main,439.6821594238281,432.82729000434347,6.8548694194846576,3.689262167798404,vortex,1,1.0,E0045399
N0008200,junction,sub main,331.1623229980469,325.8799807851016,5.282342212945252,3.6891556978814037,vortex,1,1.0,E0008376
N0018078,junction,lateral,375.0342102050781,369.6312601417496,5.4029500633285465,3.6890747501790884,vortex,1,1.0,E0017967
N0017834,junction,main,365.193603515625,359.77257410928587,5.42102940633913,3.680204682679289,vortex,1,1.0,E0017755
N0031710,junction,main,385.8254699707031,380.37275324581935,5.452716724883771,3.673461931187717,vortex,1,1.0,E0032023
N0031600,junction,main,366.99078369140625,361.6666570077635,5.32412668364276,3.6685541738773964,vortex,1,1.0,E0031896
N0008353,junction,main,319.2713623046875,308.2859501016556,10.985412203031899,3.6679413509615415,vortex,1,1.0,E0008574
N0039748,junction,main,402.02838134765625,395.9279788171454,6.1004025305108485,3.657748622346162,vortex,1,1.0,E0039627
N0026982,junction,main,379.4737243652344,372.36472237940757,7.109001985826808,3.6573504636346,vortex,1,1.0,E0027358
N0004079,junction,main,380.6454772949219,374.9009423043405,5.744534990581371,3.6544003797133655,vortex,1,1.0,E0004409
N0011893,junction,main,348.13531494140625,342.8995922053462,5.2357227360600405,3.6480925374107187,vortex,1,1.0,E0012230
N0034532,junction,lateral,373.9753723144531,368.76597685934223,5.209395455110894,3.6469287824956496,vortex,1,1.0,E0034801
N0027886,junction,main,377.41546630859375,372.21665129750477,5.198815011088982,3.6450567940485143,vortex,1,1.0,E0028181
N0048773,junction,sub main,493.7119445800781,484.9213203696267,8.790624210451426,3.6419250386658746,vortex,1,1.0,E0048682
N0010006,junction,main,432.58245849609375,425.30209266163064,7.280365834463112,3.6390046003777456,vortex,1,1.0,E0010388
N0027340,junction,main,370.3221130371094,364.8345705907367,5.487542446372686,3.6380207030879887,vortex,1,1.0,E0027719
N0030922,junction,main,380.99066162109375,375.78111329195764,5.209548329136112,3.6379055670590787,vortex,1,1.0,E0031192
N0011796,junction,lateral,335.5469665527344,330.3260749087144,5.220891644019957,3.6340963801323483,vortex,1,1.0,E0012064
N0027035,junction,main,345.57421875,340.33397966447075,5.240239085529254,3.633715751982038,vortex,1,1.0,E0027375
N0010346,junction,main,336.5334777832031,327.4372269170748,9.096250866128344,3.6321983775356443,vortex,1,1.0,E0010620
N0018555,junction,trunk main,368.70623779296875,363.51051590364614,5.195721889322613,3.6318884970946783,vortex,1,1.0,E0018476
N0022270,junction,main,368.0308532714844,362.47328980224466,5.55756346923971,3.626746653177179,vortex,1,1.0,E0022396
N0047178,junction,main,426.53173828125,421.3494635719229,5.182274709327089,3.6260317800667394,vortex,1,1.0,E0047059
N0022644,junction,lateral,369.912841796875,364.54092621533266,5.371915581542339,3.6237818232440873,vortex,1,1.0,E0022771
N0039664,junction,main,402.0728454589844,395.49297410087775,6.5798713581066295,3.6201392041128315,vortex,1,1.0,E0039507
N0036166,junction,sub main,399.5733642578125,393.62166552464504,5.951698733167461,3.6188872436032398,vortex,1,1.0,E0036371
N0036161,junction,main,389.58575439453125,381.98487902987955,7.600875364651699,3.6164309066386977,vortex,1,1.0,E0036367
N0021825,junction,main,377.67041015625,371.61072394330154,6.059686212948463,3.6127629605061315,vortex,1,1.0,E0021804
N0036017,junction,sub main,357.4052429199219,352.22314612224477,5.182096797677104,3.608639669351419,vortex,1,1.0,E0036116
N0031541,junction,main,383.1781311035156,377.50988773348007,5.668243370035555,3.607283188043084,vortex,1,1.0,E0031849
N0006486,junction,main,328.204345703125,322.656840861807,5.547504841318016,3.60432233570657,vortex,1,1.0,E0006654
N0039909,junction,lateral,351.8892517089844,343.4388091973496,8.450442511634776,3.6003033473149344,vortex,1,1.0,E0039866
N0018050,junction,main,368.5760803222656,363.40881869344435,5.167261628821279,3.5987677007648244,vortex,1,1.0,E0017957
N0028498,junction,main,371.0491943359375,365.6829726558813,5.366221680056185,3.596547284229473,vortex,1,1.0,E0028785
N0021890,junction,sub main,379.7414245605469,370.98491903082856,8.75650552971831,3.594932071578455,vortex,1,1.0,E0021912
N0015118,junction,main,323.9441833496094,318.7703113241731,5.173872025436253,3.5936663589790214,vortex,1,1.0,E0015164
N0015944,junction,main,348.4743957519531,341.9468649368543,6.527530815098828,3.5832350009152947,vortex,1,1.0,E0015865
N0017630,junction,trunk main,354.4698486328125,349.31810055305965,5.151748079752849,3.5788854517982145,vortex,1,1.0,E0017485
N0027127,junction,sub main,384.9337158203125,379.56956367946356,5.364152140848944,3.5782297554496267,vortex,1,1.0,E0027546
N0004658,junction,main,381.2548828125,375.93599061239183,5.318892200108166,3.5773645670942074,vortex,1,1.0,E0004939
N0019403,junction,trunk main,364.1057434082031,356.0295099334381,8.076233474765047,3.5760869786434455,vortex,1,1.0,E0019451
N0008934,junction,sub main,341.45068359375,335.0192978438247,6.431385749925312,3.57490146059439,vortex,1,1.0,E0009211
N0030403,junction,sub main,380.35345458984375,373.62096906657825,6.732485523265495,3.57206186807565,vortex,1,1.0,E0030724
N0048474,junction,main,481.7340393066406,476.61280522046184,5.121234086178788,3.5688951453440723,vortex,1,1.0,E0048330
N0017732,junction,trunk main,364.54656982421875,358.3447156922803,6.201854131938433,3.56703813697726,vortex,1,1.0,E0017584
N0005636,junction,main,382.0126647949219,376.5900177098492,5.422647085072697,3.565095235113347,vortex,1,1.0,E0005719
N0049350,junction,main,484.00238037109375,478.85332794386204,5.149052427231709,3.557138897016614,vortex,1,1.0,E0049169
N0026264,junction,main,383.80633544921875,375.2212682369498,8.585067212268939,3.555082537748831,vortex,1,1.0,E0026466
N0012041,junction,trunk main,345.3684997558594,335.88080685047055,9.487692905388826,3.5505956007560826,vortex,1,1.0,E0012379
N0011448,junction,main,316.5788269042969,308.7179210184191,7.8609058858777985,3.5500073468116966,vortex,1,1.0,E0011632
N0044704,junction,main,439.9277648925781,434.82758510717406,5.100179785404066,3.549200635804425,vortex,1,1.0,E0044808
N0026211,junction,lateral,373.7110900878906,365.7145528276547,7.996537260235925,3.5489690915315464,vortex,1,1.0,E0026414
N0017731,junction,trunk main,354.5257263183594,349.3581464821179,5.167579836241487,3.5447514446656783,vortex,1,1.0,E0017585
N0012693,junction,main,341.27130126953125,335.43923421157706,5.832067057954191,3.5447314245835173,vortex,1,1.0,E0012895
N0026234,junction,main,375.1216735839844,369.7292748931376,5.39239869084679,3.5380146235501115,vortex,1,1.0,E0026418
N0040888,junction,sub main,416.81768798828125,411.67528006430206,5.142407923979192,3.5375423277606046,vortex,1,1.0,E0040790
N0039536,junction,main,402.3599853515625,396.95005823767383,5.409927113888671,3.5369344163760843,vortex,1,1.0,E0039411
N0027005,junction,lateral,374.8193054199219,369.71350976693907,5.105795652982806,3.5368495299147753,vortex,1,1.0,E0027368
N0018813,junction,main,365.0888977050781,359.6740702403921,5.414827464686027,3.5345571836122645,vortex,1,1.0,E0018731
N0004164,junction,trunk main,328.1773681640625,318.19855412303895,9.978814041023554,3.53199205462721,vortex,1,1.0,E0004515
N0039827,junction,sub main,421.4830322265625,414.1981783103004,7.28485391626208,3.530824595134675,vortex,1,1.0,E0039754
N0011233,junction,sub main,335.3974609375,326.9859540869729,8.411506850527076,3.523104216513559,vortex,1,1.0,E0011428
N0019309,junction,main,363.03851318359375,357.69166328691216,5.34684989668159,3.521222928304553,vortex,1,1.0,E0019320
N0041926,junction,main,420.6876525878906,415.44314185369205,5.24451073419857,3.512012860049481,vortex,1,1.0,E0041827
N0030010,junction,main,394.209716796875,387.7744134324025,6.435303364472475,3.508713891507398,vortex,1,1.0,E0030333
N0013138,junction,main,342.85296630859375,334.44152605004723,8.41144025854652,3.497323085306448,vortex,1,1.0,E0013313
N0028138,junction,main,370.1681823730469,363.99384089681087,6.174341476236009,3.4970851470088746,vortex,1,1.0,E0028403
N0031794,junction,main,386.4080505371094,381.1215116643478,5.286538872761582,3.4968728998862275,vortex,1,1.0,E0032068
N0036818,junction,lateral,345.10107421875,339.6499494168894,5.451124801860601,3.496449648528312,vortex,1,1.0,E0036870
N0011826,junction,sub main,331.0303955078125,321.54305534864886,9.487340159163637,3.496348210925703,vortex,1,1.0,E0012146
N0032538,junction,main,372.39697265625,367.2679729140287,5.1289997422213105,3.4949571394533905,vortex,1,1.0,E0032770
N0031297,junction,main,383.11590576171875,376.0206346349799,7.095271126738851,3.4943753296638533,vortex,1,1.0,E0031646
N0036359,junction,sub main,357.663330078125,352.4827835320136,5.180546546111373,3.4935293726367718,vortex,1,1.0,E0036497
N0004932,junction,sub main,316.201416015625,311.1598609919821,5.0415550236429,3.4912533816706173,vortex,1,1.0,E0005221
N0037624,junction,main,400.9505615234375,395.46779946137815,5.482762062059351,3.4907571414406675,vortex,1,1.0,E0037631
N0036021,junction,main,344.8010559082031,339.74694671678446,5.054109191418661,3.4873641973881604,vortex,1,1.0,E0036117
N0023841,junction,main,348.13763427734375,343.0764228610804,5.0612114162633475,3.486888837057677,vortex,1,1.0,E0024100
N0025992,junction,trunk main,392.10589599609375,381.54621611273745,10.559679883356296,3.486216586024568,vortex,1,1.0,E0026233
N0019772,junction,main,365.28759765625,359.999986648993,5.287611007256999,3.4857633463000184,vortex,1,1.0,E0019731
N0023221,junction,main,367.1753845214844,362.1186597909569,5.056724730527492,3.485411632062551,vortex,1,1.0,E0023469
N0034825,junction,main,379.9660949707031,373.2211726365524,6.744922334150715,3.4841757527032087,vortex,1,1.0,E0035143
N0045429,junction,sub main,430.6775817871094,422.9632470935019,7.714334693607498,3.479694051030549,vortex,1,1.0,E0045530
N0027107,junction,main,389.71990966796875,384.5972097113885,5.122699956580277,3.4796407566956873,vortex,1,1.0,E0027488
N0012627,junction,main,344.8875732421875,339.62811497609636,5.259458266091144,3.4784099143718663,vortex,1,1.0,E0012833
N0033299,junction,main,396.5556335449219,391.5194265877319,5.036206957189961,3.473067724343366,vortex,1,1.0,E0033608
N0048110,junction,main,482.902587890625,477.7160212938664,5.18656659675861,3.4601151287222933,vortex,1,1.0,E0048001
N0023989,junction,sub main,385.4041748046875,379.742224437691,5.661950366996507,3.4587543439349133,vortex,1,1.0,E0024246
N0017313,junction,sub main,357.48529052734375,350.9817886892855,6.5035018380582414,3.4467874341075344,vortex,1,1.0,E0017132
N0031941,junction,main,395.7428283691406,390.58163713056877,5.16119123857186,3.4448321553888377,vortex,1,1.0,E0032228
N0022604,junction,sub main,380.46514892578125,372.95514714405994,7.510001781721314,3.4410566247479437,vortex,1,1.0,E0022733
N0049548,junction,main,505.10626220703125,499.8126045308555,5.293657676175769,3.435650980890614,vortex,1,1.0,E0049321
N0000902,outfall,lateral,406.84197998046875,401.84105294287104,5.000927037597705,3.4343063347575367,vortex,1,1.0,E0000832
N0022829,junction,main,367.9007873535156,361.8436597909569,6.057127562558719,3.432570143399289,vortex,1,1.0,E0022977
N0047226,junction,main,463.21588134765625,458.2313971751853,4.984484172470957,3.432371827434565,vortex,1,1.0,E0047070
N0026637,junction,main,382.0906066894531,376.79254306037706,5.2980636290760685,3.4298243301414004,vortex,1,1.0,E0026988
N0021488,junction,sub main,349.6654968261719,340.964903505232,8.700593320939902,3.4294990887451036,vortex,1,1.0,E0021405
N0049115,junction,lateral,498.1731872558594,492.83975687798846,5.333430377870911,3.4269739639480576,vortex,1,1.0,E0048996
N0023009,junction,lateral,380.6089782714844,375.062750743018,5.546227528466375,3.4260483273361615,vortex,1,1.0,E0023184
N0035920,junction,main,369.3294372558594,364.11717626656804,5.212260989291337,3.4244757229070615,vortex,1,1.0,E0036000
N0019249,junction,main,358.16314697265625,351.8735411093579,6.289605863298334,3.4187122729449015,vortex,1,1.0,E0019219
N0019976,junction,main,365.3227844238281,360.1401870515179,5.1825973723102265,3.415149777796387,vortex,1,1.0,E0019901
N0023350,junction,main,348.0066223144531,342.26550624160956,5.7411160728435675,3.4081606343701765,vortex,1,1.0,E0023593
N0019813,junction,lateral,368.41650390625,363.4499068691547,4.966597037095312,3.406360235755983,vortex,1,1.0,E0019770
N0012174,junction,main,337.1318054199219,329.57910059997783,7.55270481994404,3.403833239290293,vortex,1,1.0,E0012536
N0006767,junction,lateral,442.7319641113281,437.759263701297,4.972700410031109,3.397592330836858,vortex,1,1.0,E0006978
N0011622,junction,sub main,344.7564392089844,333.40322350323754,11.353215705746834,3.388279265499932,vortex,1,1.0,E0011822
N0039533,junction,main,406.9390563964844,400.23980816452354,6.699248231960837,3.387988324719231,vortex,1,1.0,E0039400
N0008064,junction,main,446.79998779296875,441.6836969456702,5.116290847298558,3.3877251810258144,vortex,1,1.0,E0008268
N0028782,junction,main,345.9889221191406,341.0507265931006,4.938195526040033,3.381811545677351,vortex,1,1.0,E0029138
N0011952,junction,lateral,349.02716064453125,339.9902299477375,9.036930696793775,3.380232421128028,vortex,1,1.0,E0012261
N0025793,junction,main,369.35223388671875,363.79868916285574,5.553544723863013,3.376004140724831,vortex,1,1.0,E0025996
N0022509,junction,sub main,378.6917724609375,372.3933422737854,6.298430187152121,3.3736188056678316,vortex,1,1.0,E0022635
N0029631,junction,main,371.48419189453125,366.4573811682708,5.026810726260464,3.3725309705603195,vortex,1,1.0,E0029974
N0009113,junction,main,331.6131591796875,326.5612923104296,5.0518668692578785,3.369533678406242,vortex,1,1.0,E0009465
N0048176,junction,main,489.31085205078125,484.3931444150598,4.917707635721456,3.3647437685307864,vortex,1,1.0,E0048015
N0020201,junction,lateral,366.5226745605469,361.59152450715885,4.9311500533880235,3.3582252452087573,vortex,1,1.0,E0020153
N0031130,junction,main,394.10504150390625,389.0281933221619,5.076848181744367,3.35819884540507,vortex,1,1.0,E0031461
N0029176,junction,main,369.84771728515625,364.86833586214345,4.979381423012796,3.3567605977848416,vortex,1,1.0,E0029495
N0004832,junction,main,331.9976806640625,325.43197875167573,6.565701912386771,3.353999396427014,vortex,1,1.0,E0005077
N0039835,junction,main,418.37274169921875,413.44923204323624,4.923509655982514,3.353303148628811,vortex,1,1.0,E0039759
N0041461,junction,main,426.8279724121094,421.8405406417778,4.987431770331568,3.35310000591312,vortex,1,1.0,E0041345
N0021508,junction,main,385.0189514160156,378.7237899485046,6.295161467511036,3.350869278292464,vortex,1,1.0,E0021497
N0004821,junction,main,329.1891174316406,321.0780546451192,8.111062786521416,3.3503030441798956,vortex,1,1.0,E0005084
N0043627,junction,main,440.2405090332031,435.0992838027682,5.141225230434941,3.3483762509030157,vortex,1,1.0,E0043541
N0005677,junction,sub main,341.0986328125,333.53619276860434,7.562440043895663,3.347829895716302,vortex,1,1.0,E0005791
N0029036,junction,main,377.6894836425781,371.2332896683352,6.456193974242922,3.347297883653198,vortex,1,1.0,E0029383
N0037597,junction,main,397.9607238769531,392.6528654218068,5.307858455146345,3.345677537994561,vortex,1,1.0,E0037623
N0016635,junction,trunk main,352.8201904296875,346.3844221071458,6.435768322541719,3.342383083131267,vortex,1,1.0,E0016445
N0019455,junction,main,358.1658630371094,353.26133391584574,4.904529121263636,3.3383953537988873,vortex,1,1.0,E0019477
N0021745,junction,main,385.2127380371094,378.84586157067855,6.366876466430824,3.330542579702012,vortex,1,1.0,E0021702
N0043933,junction,main,445.8804931640625,432.31685368604883,13.56363947801367,3.329598629852228,vortex,1,1.0,E0044026
N0014929,junction,main,348.1896667480469,341.3913380457576,6.798328702289268,3.3291997227075285,vortex,1,1.0,E0014994
N0037536,junction,main,405.2136535644531,399.0659661228883,6.147687441564813,3.3285079081732647,vortex,1,1.0,E0037572
N0008876,junction,main,328.389892578125,321.59218594544456,6.797706632680445,3.328141111545051,vortex,1,1.0,E0009171
N0025775,junction,main,372.1114807128906,366.67473411595563,5.436746596934995,3.326595824369633,vortex,1,1.0,E0025963
N0022537,junction,sub main,346.5411682128906,341.13580668682243,5.405361526068191,3.324783297698332,vortex,1,1.0,E0022672
N0019312,junction,main,363.5943603515625,358.25705832247286,5.337302029089642,3.324333654492648,vortex,1,1.0,E0019343
N0008032,junction,sub main,340.61724853515625,330.07343194865246,10.543816586503794,3.323520315385281,vortex,1,1.0,E0008261
N0048590,junction,main,486.37835693359375,479.4236729020458,6.95468403154797,3.323043416311293,vortex,1,1.0,E0048485
N0038512,junction,lateral,351.64495849609375,344.5778875178384,7.0670709782553445,3.317202912911739,vortex,1,1.0,E0038432
N0020644,junction,main,351.1884460449219,344.61337577459955,6.575070270322328,3.3171073415587102,vortex,1,1.0,E0020630
N0026417,junction,main,376.0961608886719,370.92449798461365,5.171662904058223,3.3156364155968845,vortex,1,1.0,E0026727
N0028183,junction,sub main,368.5811462402344,359.74606386388587,8.83508237634851,3.3115454645220552,vortex,1,1.0,E0028467
N0040831,junction,lateral,345.37811279296875,337.91969890079434,7.458413892174406,3.3092263437005727,vortex,1,1.0,E0040750
N0011007,junction,main,347.3594055175781,341.8934393221601,5.465966195418048,3.3088642839797444,vortex,1,1.0,E0011284
N0019260,junction,sub main,357.3182067871094,351.1779563633155,6.140250423793873,3.3025783899486214,vortex,1,1.0,E0019265
N0021154,junction,sub main,367.5753173828125,362.68862943712486,4.88668794568764,3.3010259102210853,vortex,1,1.0,E0021195
N0039739,junction,main,408.2351379394531,401.3246731527264,6.91046478672672,3.3002765722959566,vortex,1,1.0,E0039606
N0011676,junction,main,335.500732421875,330.6189637931378,4.881768628737177,3.3001412346141024,vortex,1,1.0,E0011908
N0042529,junction,sub main,426.9493713378906,420.0964693696117,6.8529019682789,3.29834829012475,vortex,1,1.0,E0042319
N0033142,junction,main,384.07696533203125,376.62376707423505,7.453198257796203,3.2964685300379415,vortex,1,1.0,E0033502
N0028962,junction,sub main,388.3933410644531,383.2007691343065,5.1925719301466415,3.2911934159325824,vortex,1,1.0,E0029325
N0025961,junction,sub main,345.3990478515625,336.2096661407558,9.189381710806686,3.290876835970664,vortex,1,1.0,E0026211
N0030383,junction,main,380.5252380371094,375.1650887388755,5.360149298233864,3.288399447170036,vortex,1,1.0,E0030680
N0034070,junction,main,380.8344421386719,375.98354333176474,4.850898806907139,3.2861403582003845,vortex,1,1.0,E0034273
N0047784,junction,trunk main,481.13818359375,474.5776635327119,6.560520061038119,3.2861225133335665,vortex,1,1.0,E0047668
N0028917,junction,sub main,384.5151672363281,377.40038421553675,7.1147830207913785,3.2851810803829835,vortex,1,1.0,E0029264
N0015413,junction,main,323.86236572265625,318.8750415234193,4.987324199236923,3.2846709103056924,vortex,1,1.0,E0015400
N0048908,junction,main,493.2761535644531,488.43252807082087,4.84362549363226,3.2838857534468957,vortex,1,1.0,E0048747
N0046149,junction,main,438.65692138671875,433.8091108045502,4.847810582168563,3.2784224323576154,vortex,1,1.0,E0046066
N0040187,junction,lateral,418.7064514160156,413.87916027080536,4.827291145210268,3.2763118734646923,vortex,1,1.0,E0040083
N0030884,junction,main,369.65631103515625,364.6335390177317,5.022772017424529,3.2736213621902266,vortex,1,1.0,E0031159
N0041806,junction,main,419.73883056640625,414.63830782071307,5.100522745693183,3.2724947353016773,vortex,1,1.0,E0041685
N0017287,junction,lateral,354.97137451171875,350.1152391809949,4.856135330723873,3.2685452814523046,vortex,1,1.0,E0017120
N0045902,junction,main,438.6630554199219,433.6592775639125,5.003777856009378,3.267977034036221,vortex,1,1.0,E0045901
N0020519,junction,main,363.43115234375,358.51072066843346,4.920431675316536,3.2675738473023443,vortex,1,1.0,E0020479
N0029089,junction,lateral,386.4867858886719,381.4420677894607,5.044718099211195,3.2661339627898656,vortex,1,1.0,E0029428
N0043588,junction,main,435.9528503417969,430.1017032896837,5.851147052113163,3.265177583394859,vortex,1,1.0,E0043512
N0012351,junction,main,334.41064453125,328.1264650765758,6.284179454674188,3.2623683469057028,vortex,1,1.0,E0012669
N0030220,junction,main,371.56085205078125,366.57903641887674,4.98181563190451,3.2553918437355946,vortex,1,1.0,E0030514
N0013192,junction,main,337.4060974121094,330.1752791499669,7.2308182621424635,3.2547302005025927,vortex,1,1.0,E0013353
N0008622,junction,sub main,330.9580383300781,326.0992331276512,4.858805202426936,3.2532163699270313,vortex,1,1.0,E0008842
N0016089,junction,sub main,442.67889404296875,432.18961554624326,10.48927849672549,3.2531371772894886,vortex,1,1.0,E0015960
N0029984,junction,trunk main,396.7630920410156,391.95828268835317,4.80480935266246,3.251817083132039,vortex,1,1.0,E0030313
N0026554,junction,main,379.993896484375,375.14920562154055,4.8446908628344545,3.249061882233377,vortex,1,1.0,E0026883
N0021278,junction,trunk main,374.750732421875,364.80995017799904,9.940782243875958,3.249059797689199,vortex,1,1.0,E0021030
N0042255,junction,main,421.90985107421875,417.04737957746954,4.862471496749208,3.246132564328775,vortex,1,1.0,E0042164
N0015989,junction,lateral,347.78485107421875,342.8203761418549,4.964474932363828,3.243793433303779,vortex,1,1.0,E0015907
N0003731,junction,main,361.3583679199219,353.62858347102673,7.7297844488951455,3.241121020471951,vortex,1,1.0,E0004126
N0027403,junction,main,384.0215148925781,379.22726793794703,4.794246954631092,3.2409999487406935,vortex,1,1.0,E0027762
N0030762,junction,main,371.82421875,366.9980816097252,4.8261371402747955,3.2384234460633934,vortex,1,1.0,E0031087
N0021691,junction,trunk main,373.6241760253906,368.39052105808184,5.23365496730878,3.231820116789777,vortex,1,1.0,E0021488
N0020742,junction,lateral,365.07281494140625,359.847075806754,5.225739134652258,3.2298761886701186,vortex,1,1.0,E0020757
N0037882,junction,main,400.6086730957031,395.82869217935695,4.779980916346176,3.229272609995462,vortex,1,1.0,E0037895
N0019055,junction,sub main,357.1375732421875,350.7947860904697,6.3427871517178005,3.2279745980543453,vortex,1,1.0,E0019023
N0044060,junction,main,434.63177490234375,427.4023932676302,7.2293816347135476,3.22773261881224,vortex,1,1.0,E0044274
N0047386,junction,lateral,426.7091979980469,421.80486499949535,4.904332998551524,3.2258397265439385,vortex,1,1.0,E0047235
N0037869,junction,main,397.7923278808594,393.01745423128943,4.77487364956994,3.2246428659263984,vortex,1,1.0,E0037881
N0026664,junction,main,375.2319641113281,369.77185423084967,5.460109880478456,3.222821238000506,vortex,1,1.0,E0027073
N0042704,junction,trunk main,428.2274169921875,420.84738485265177,7.380032139535729,3.2218399039863925,vortex,1,1.0,E0042533
N0003800,junction,main,320.0763854980469,314.70214836808583,5.374237129961045,3.220965007995403,vortex,1,1.0,E0004192
N0042939,junction,main,429.62396240234375,424.72993513741824,4.894027264925512,3.2208326759345027,vortex,1,1.0,E0042816
N0036915,junction,main,396.37127685546875,391.4687145756427,4.902562279826043,3.2192585993699936,vortex,1,1.0,E0037075
N0017487,junction,sub main,356.6523132324219,351.8113316616602,4.8409815707616985,3.2187905080799624,vortex,1,1.0,E0017348
N0004855,junction,main,417.50640869140625,412.6178492639063,4.888559427499956,3.218321375737162,vortex,1,1.0,E0005143
N0035791,junction,main,401.2417297363281,395.75047944245364,5.4912502938744865,3.2177876658209357,vortex,1,1.0,E0035889
N0039078,junction,main,414.7196044921875,409.44289548756035,5.2767090046271505,3.213818508774466,vortex,1,1.0,E0038990
N0031357,junction,main,396.2783203125,388.9522354983663,7.326084814133708,3.211183247272288,vortex,1,1.0,E0031681
N0034137,junction,lateral,371.4094543457031,366.1060359140133,5.303418431689806,3.2011518624937025,vortex,1,1.0,E0034335
N0016788,junction,main,323.4990539550781,318.7282178093482,4.770836145729902,3.199686782614549,vortex,1,1.0,E0016589
N0017703,junction,main,360.70751953125,354.7081856794854,5.999333851764618,3.1985197380886348,vortex,1,1.0,E0017561
N0026975,junction,main,376.5003662109375,371.4155513394373,5.084814871500214,3.1955858248210802,vortex,1,1.0,E0027349
N0027479,junction,sub main,370.3784484863281,360.6508222000774,9.727626286250711,3.1953704661311235,vortex,1,1.0,E0027891
N0005279,junction,sub main,331.97479248046875,326.24030806387026,5.734484416598491,3.192569459622746,vortex,1,1.0,E0005484
N0014584,junction,trunk main,348.2782287597656,337.0561135443891,11.222115215376505,3.1919697188735654,vortex,1,1.0,E0014684
N0043765,junction,sub main,435.70391845703125,429.4202113111789,6.283707145852361,3.1813461967726084,vortex,1,1.0,E0043808
N0037862,junction,sub main,404.8125915527344,396.0538280493618,8.758763503372563,3.1780741473229455,vortex,1,1.0,E0037874
N0047987,junction,main,481.4705505371094,475.1171766983558,6.353373838753555,3.1780723970836107,vortex,1,1.0,E0047830
N0011499,junction,lateral,351.2032775878906,345.66158766954254,5.541689918348084,3.1737422719417054,vortex,1,1.0,E0011650
N0006844,junction,main,399.3232116699219,393.4331854607598,5.890026209162102,3.171624173025009,vortex,1,1.0,E0007101
N0023425,junction,lateral,387.61212158203125,382.7881373091423,4.823984272888936,3.1704616471732834,vortex,1,1.0,E0023729
N0019248,junction,lateral,356.98065185546875,349.5900599201772,7.390591935291525,3.1704252460372118,vortex,1,1.0,E0019258
N0039714,junction,main,418.031982421875,413.08702142900927,4.944960992865731,3.1686840217531085,vortex,1,1.0,E0039587
N0030051,junction,main,389.83819580078125,384.3240408120486,5.514154988732628,3.1668678727374413,vortex,1,1.0,E0030340
N0002385,junction,sub main,334.1665954589844,321.9557921010938,12.210803357890597,3.162818699380182,vortex,1,1.0,E0003379
N0038120,junction,main,404.442626953125,399.63343889132796,4.809188061797045,3.162286151124988,vortex,1,1.0,E0038158
N0022516,junction,lateral,348.1457214355469,342.9812040334006,5.164517402146259,3.161935326442574,vortex,1,1.0,E0022647
N0043571,junction,sub main,436.6794128417969,424.4895762284031,12.189836613393766,3.1569318390679655,vortex,1,1.0,E0043486
N0004883,junction,lateral,361.26904296875,354.50413469462035,6.7649082741296525,3.153811856235336,vortex,1,1.0,E0005161
N0009026,junction,sub main,434.9309997558594,428.7502374739337,6.180762281925695,3.151981490480921,vortex,1,1.0,E0009300
N0009661,junction,sub main,406.5618591308594,399.4892649673996,7.072594163459769,3.1503198231743568,vortex,1,1.0,E0009994
N0013208,junction,main,334.5944519042969,327.8527038273881,6.741748076908777,3.148746268782304,vortex,1,1.0,E0013365
N0037640,junction,sub main,406.3995056152344,401.35934430816485,5.040161307069525,3.1469625637970466,vortex,1,1.0,E0037724
N0019151,junction,sub main,360.57867431640625,352.80776160018036,7.770912716225894,3.1423620579526528,vortex,1,1.0,E0019103
N0040005,junction,main,418.3822937011719,413.51887398462213,4.863419716549743,3.1405107057165083,vortex,1,1.0,E0039939
N0030753,junction,main,372.8280944824219,367.9589265915074,4.869167890914468,3.1399334626448194,vortex,1,1.0,E0031072
N0032739,junction,main,367.061279296875,362.21077370204864,4.850505594826359,3.1385831751014166,vortex,1,1.0,E0032918
N0020319,junction,sub main,362.93560791015625,354.8767959191697,8.058811990986555,3.1382723394975187,vortex,1,1.0,E0020274
N0034269,junction,lateral,387.04248046875,382.3012317564475,4.741248712302479,3.1381784334348026,vortex,1,1.0,E0034443
N0039545,junction,sub main,350.0157470703125,345.1065080058311,4.909239064481426,3.137235994504408,vortex,1,1.0,E0039440
N0005296,junction,lateral,331.3748779296875,326.64455379650263,4.730324133184865,3.134773580434967,vortex,1,1.0,E0005477
N0030233,junction,main,376.46832275390625,371.76916295976537,4.699159794140883,3.1346244597578448,vortex,1,1.0,E0030528
N0020647,junction,trunk main,381.06048583984375,373.87296028238654,7.187525557457207,3.1334040111478316,vortex,1,1.0,E0020663
N0027623,junction,main,345.91851806640625,340.6816853529974,5.23683271340883,3.131014238533112,vortex,1,1.0,E0028000
N0005382,junction,main,419.1148986816406,413.51851170935805,5.596386972282573,3.1300788103225727,vortex,1,1.0,E0005551
N0032250,junction,main,394.19805908203125,389.5170404675419,4.681018614489346,3.1293026950493754,vortex,1,1.0,E0032580
N0000979,junction,main,418.6851806640625,413.6513430487861,5.033837615276411,3.129177739191846,vortex,1,1.0,E0002657
N0029640,junction,main,376.9055480957031,371.51177220624066,5.393775889462461,3.1288071974422564,vortex,1,1.0,E0029985
N0000345,junction,main,318.0597839355469,312.5155928675235,5.544191068023395,3.1260861472030683,vortex,1,1.0,E0002277
N0036620,junction,sub main,400.6788330078125,394.9137698206877,5.765063187124781,3.1239630972756913,vortex,1,1.0,E0036739
N0025092,junction,main,369.0699768066406,363.1189649466369,5.951011860003746,3.1210484799323126,vortex,1,1.0,E0025444
N0018049,junction,main,362.8725891113281,356.18890399529516,6.683685116032962,3.120425604231116,vortex,1,1.0,E0017956
N0011881,junction,main,314.75311279296875,309.8669087294801,4.8862040634886625,3.1202421176500934,vortex,1,1.0,E0012206
N0027606,junction,main,378.7704162597656,372.69898670654555,6.071429553220071,3.118470540842054,vortex,1,1.0,E0027988
N0046777,junction,trunk main,461.954345703125,456.00855098441457,5.945794718710431,3.117363328118074,vortex,1,1.0,E0046668
N0035277,junction,sub main,400.5840148925781,389.83136507560823,10.752649816969893,3.1114286736723784,vortex,1,1.0,E0035561
N0002739,junction,main,334.0166931152344,329.34741016887017,4.669282946364206,3.1108346325771095,vortex,1,1.0,E0003654
N0030673,junction,sub main,391.9045104980469,385.4705456411444,6.433964856902492,3.1075894998074887,vortex,1,1.0,E0031029
N0005470,junction,sub main,316.4768371582031,311.70082445305167,4.776012705151459,3.107470732291631,vortex,1,1.0,E0005580
N0023690,junction,sub main,369.8912658691406,363.09062671228537,6.800639156855254,3.1068269084573217,vortex,1,1.0,E0024001
N0027504,junction,main,387.46484375,379.5617733743152,7.90307037568482,3.1064805291876496,vortex,1,1.0,E0027911
N0029033,junction,main,371.0879211425781,366.0471498105739,5.040771332004226,3.105853267715702,vortex,1,1.0,E0029392
N0011788,junction,lateral,336.9839172363281,330.2568846573455,6.72703257898263,3.10317257911521,vortex,1,1.0,E0012063
N0019110,junction,main,361.4022521972656,356.62863857252046,4.773613624745167,3.102566268943292,vortex,1,1.0,E0019051
N0029411,junction,trunk main,395.962158203125,391.30949335048706,4.65266485263794,3.102424255616711,vortex,1,1.0,E0029754
N0040480,junction,sub main,416.62274169921875,405.9000452535446,10.72269644567416,3.101829631160058,vortex,1,1.0,E0040436
N0036248,junction,main,369.09991455078125,364.38260045536776,4.717314095413485,3.0985798973933356,vortex,1,1.0,E0036475
N0009691,junction,sub main,338.4679870605469,328.943212935533,9.524774125013892,3.0976888616777387,vortex,1,1.0,E0010031
N0017291,junction,main,362.8069152832031,357.2198340418963,5.587081241306805,3.0968800257075486,vortex,1,1.0,E0017107
N0014054,junction,main,339.1864318847656,331.6603852025967,7.526046682168953,3.095433771317346,vortex,1,1.0,E0014090
N0009919,junction,main,345.0124816894531,340.3543759134067,4.658105776046398,3.095398001947842,vortex,1,1.0,E0010275
N0037553,junction,lateral,403.2682189941406,398.62454386806314,4.643675126077483,3.0869590761116115,vortex,1,1.0,E0037600
N0018824,junction,main,360.0149841308594,350.0017315954278,10.013252535431548,3.0851771277314697,vortex,1,1.0,E0018779
N0014587,junction,trunk main,427.4589538574219,422.12192131345694,5.337032543964938,3.085115079190757,vortex,1,1.0,E0014680
N0001629,junction,main,434.8500061035156,430.0706307072395,4.779375396276123,3.0768085596217816,vortex,1,1.0,E0003135
N0004139,junction,main,333.12091064453125,328.48908596340624,4.631824681125011,3.075382754756731,vortex,1,1.0,E0004432
N0015357,junction,lateral,329.6705627441406,322.9707743870552,6.699788357085424,3.073223616239545,vortex,1,1.0,E0015378
N0040821,junction,main,345.1271057128906,339.5616246905207,5.565481022369909,3.073061401459711,vortex,1,1.0,E0040728
N0039532,junction,lateral,411.39227294921875,406.5338734135523,4.858399535666422,3.0708284585907677,vortex,1,1.0,E0039367
N0045918,junction,main,445.2407531738281,439.05091863791426,6.18983453591386,3.0705338048136923,vortex,1,1.0,E0045918
N0011657,junction,lateral,338.68011474609375,333.00590613251165,5.6742086135820955,3.0686752630392675,vortex,1,1.0,E0011877
N0020348,junction,lateral,365.86224365234375,360.5096405116947,5.352603140649023,3.066793568938408,vortex,1,1.0,E0020321
N0046316,junction,main,438.5558166503906,433.85397048284665,4.701846167543977,3.0662267363434808,vortex,1,1.0,E0046196
N0008635,junction,sub main,332.88446044921875,322.72417253211876,10.160287917099993,3.064838714451355,vortex,1,1.0,E0008866
N0028934,junction,sub main,383.1112365722656,376.7604069020888,6.350829670176836,3.0642165629897136,vortex,1,1.0,E0029283
N0020653,junction,trunk main,367.91033935546875,363.080327490817,4.830011864651738,3.0620300671320138,vortex,1,1.0,E0020845
N0033684,junction,main,369.6011047363281,363.06374621420764,6.537358522120485,3.061265358540595,vortex,1,1.0,E0033877
N0008569,junction,main,401.6402282714844,395.00573843856824,6.634489832916131,3.0611831330172663,vortex,1,1.0,E0008812
N0041629,junction,sub main,421.1376953125,414.65010839188477,6.487586920615229,3.0574634012872934,vortex,1,1.0,E0041550
N0031055,junction,main,343.59454345703125,338.7236837616684,4.870859695362867,3.0561622177497156,vortex,1,1.0,E0031400
N0041336,junction,main,426.1009521484375,421.4925749216739,4.608377226763594,3.0551108145920125,vortex,1,1.0,E0041213
N0019707,junction,lateral,366.3090515136719,358.21034076368073,8.098710749991142,3.052872032280618,vortex,1,1.0,E0019661
N0021886,junction,sub main,378.7574768066406,368.8636889393625,9.89378786727815,3.049533184702284,vortex,1,1.0,E0021929
N0033471,junction,main,396.0512390136719,391.4204606418602,4.630778371811687,3.049450925353881,vortex,1,1.0,E0033704
N0025309,junction,lateral,382.9850158691406,378.38335916628125,4.601656702859373,3.0490954571546354,vortex,1,1.0,E0025590
N0017516,junction,trunk main,353.9901428222656,349.242263233698,4.747879588567628,3.048974956479526,vortex,1,1.0,E0017390
N0040712,junction,main,346.70098876953125,335.29252872559437,11.408460043936884,3.04058861578676,vortex,1,1.0,E0040576
N0010701,junction,sub main,341.5528564453125,331.10304364023807,10.44981280507443,3.0405106662893218,vortex,1,1.0,E0010946
N0046445,junction,main,439.1339416503906,434.50953651763496,4.624405132755669,3.0382389326994144,vortex,1,1.0,E0046332
N0035332,junction,sub main,389.44525146484375,384.8115545776527,4.633696887191036,3.037549560101013,vortex,1,1.0,E0035569
N0048578,junction,main,481.5374755859375,476.8770273874743,4.6604481984632,3.033151868236473,vortex,1,1.0,E0048471
N0026061,junction,main,379.45855712890625,374.3679302640686,5.090626864837645,3.0323538551525644,vortex,1,1.0,E0026332
N0047411,junction,trunk main,467.92578125,463.31831272987506,4.6074685201249395,3.030013332448391,vortex,1,1.0,E0047279
N0005300,junction,main,331.7081298828125,325.1224800873256,6.5856497954869155,3.02844539820245,vortex,1,1.0,E0005480
N0018996,junction,main,358.3870544433594,348.81927655807675,9.567777885282624,3.025237304206428,vortex,1,1.0,E0018951
N0005792,junction,main,418.9181213378906,413.69920735604614,5.21891398184448,3.0222928495988413,vortex,1,1.0,E0005959
N0027171,junction,main,376.92852783203125,369.87359444598565,7.0549333860456045,3.022055178498647,vortex,1,1.0,E0027627
N0034521,junction,main,380.76300048828125,376.0268099470703,4.736190541210931,3.0220063734686846,vortex,1,1.0,E0034795
N0025987,junction,main,339.397705078125,334.7964869743109,4.601218103814119,3.020524800524754,vortex,1,1.0,E0026218
N0029567,junction,sub main,388.8773193359375,383.64465960596584,5.232659729971658,3.018821753464181,vortex,1,1.0,E0029899
N0046136,junction,main,439.04486083984375,433.80495196682307,5.239908873020681,3.018757525607782,vortex,1,1.0,E0046059
N0021093,junction,main,382.6416015625,376.6956038505101,5.9459977119898895,3.0177748160866713,vortex,1,1.0,E0021047
N0049046,junction,main,492.9018859863281,488.15263934257854,4.749246643749586,3.0163350242633555,vortex,1,1.0,E0048903
N0014045,junction,sub main,340.0635986328125,333.6280801808648,6.435518451947701,3.0153740409796796,vortex,1,1.0,E0014096
N0014446,junction,lateral,322.16943359375,316.75560064817387,5.413832945576132,3.014234628160011,vortex,1,1.0,E0014553
N0009298,junction,sub main,326.0538330078125,321.42682609110216,4.627006916710343,3.0139878560501074,vortex,1,1.0,E0009592
N0023395,junction,sub main,380.2668762207031,374.30026120847026,5.9666150122328645,3.012851573321143,vortex,1,1.0,E0023679
N0011346,junction,main,335.85028076171875,326.833999218488,9.016281543230775,3.011850350205634,vortex,1,1.0,E0011550
N0023935,junction,sub main,381.0791015625,376.51184053607653,4.567261026423466,3.0056095815318713,vortex,1,1.0,E0024195
N0014405,junction,main,334.802734375,328.3243865609634,6.478347814036624,3.0054895492563105,vortex,1,1.0,E0014485
N0046317,junction,main,438.8684997558594,434.25908692190757,4.609412833951808,3.0049235828975043,vortex,1,1.0,E0046197
N0024281,junction,sub main,371.15643310546875,363.6791907002131,7.477242405255652,3.0045001301623415,vortex,1,1.0,E0024544
N0007546,junction,main,338.464111328125,333.8228587136065,4.641252614518521,3.0010371150155493,vortex,1,1.0,E0008021
N0039875,junction,main,401.3872375488281,396.77506891860304,4.612168630225085,3.0000185272525073,vortex,1,1.0,E0039808
N0021752,junction,main,365.7352600097656,358.3957136719415,7.3395463378241175,2.9931681491579525,vortex,1,1.0,E0021739
N0030238,junction,main,376.6557922363281,371.85499537632205,4.8007968600060735,2.9910991924073755,vortex,1,1.0,E0030529
N0017215,junction,main,361.8768310546875,357.13405040244277,4.742780652244733,2.990511124285092,vortex,1,1.0,E0017045
N0018341,junction,main,362.8477783203125,354.72672784392967,8.121050476382834,2.9897720288843743,vortex,1,1.0,E0018356
N0049263,junction,main,493.5605773925781,488.7305650991139,4.830012293464222,2.9896879273477452,vortex,1,1.0,E0049108
N0006298,junction,sub main,421.4489440917969,415.06183955511585,6.387104536681022,2.9894723536755805,vortex,1,1.0,E0006530
N0028245,junction,main,345.90753173828125,340.89767222777886,5.009859510502395,2.987279161667459,vortex,1,1.0,E0028540
N0044484,junction,sub main,433.2525634765625,427.4356131264141,5.816950350148375,2.986892990040701,vortex,1,1.0,E0044499
N0037555,junction,main,408.5162353515625,402.62755564326966,5.888679708292841,2.9861812470057885,vortex,1,1.0,E0037597
N0029522,junction,main,385.47491455078125,380.9049547512768,4.569959799504431,2.9857205374053137,vortex,1,1.0,E0029843
N0027789,junction,sub main,385.1172180175781,379.70051305491086,5.416704962667268,2.9836617476543665,vortex,1,1.0,E0028120
N0027796,junction,sub main,387.1595153808594,381.98842169645735,5.171093684402024,2.9825959783804024,vortex,1,1.0,E0028164
N0013568,junction,lateral,343.2624816894531,338.70729867686947,4.5551830125836545,2.9811453303707935,vortex,1,1.0,E0013779
N0034932,junction,main,387.84808349609375,383.16417907070195,4.683904425391802,2.9807936485388495,vortex,1,1.0,E0035229
N0024335,junction,main,366.4288635253906,361.8349750145735,4.5938885108171235,2.9747562193113595,vortex,1,1.0,E0024679
N0046275,junction,main,453.5947570800781,446.89974406167147,6.695013018406655,2.9740710667079497,vortex,1,1.0,E0046178
N0047303,junction,main,426.40618896484375,421.58367862585254,4.822510338991208,2.973634176660539,vortex,1,1.0,E0047138
N0042537,junction,main,423.70477294921875,418.9673044530287,4.737468496190047,2.9699867340393666,vortex,1,1.0,E0042342
N0022956,junction,sub main,381.387939453125,372.99741909746257,8.390520355662431,2.967974005994563,vortex,1,1.0,E0023142
N0032153,junction,main,348.5154113769531,343.946743499963,4.568667876990105,2.967725749868066,vortex,1,1.0,E0032496
N0032111,junction,main,388.7598571777344,380.7922913250293,7.967565852705093,2.9666151630876243,vortex,1,1.0,E0032464
N0022892,junction,main,349.7507019042969,344.72861496409655,5.0220869402003245,2.9657065672233784,vortex,1,1.0,E0023090
N0026293,junction,main,375.0366516113281,369.1576498870201,5.8790017243080115,2.9650270648917854,vortex,1,1.0,E0026482
N0040295,junction,main,420.8525695800781,415.9267468335024,4.9258227465757045,2.963734476570835,vortex,1,1.0,E0040185
N0030557,junction,main,398.40277099609375,389.6867803124113,8.715990683682435,2.959200011319467,vortex,1,1.0,E0030868
N0039638,junction,main,407.9288330078125,400.9111653668857,7.017667640926788,2.956475500685201,vortex,1,1.0,E0039495
N0039230,junction,lateral,415.8206787109375,411.00959912777995,4.81107958315755,2.9557651555945768,vortex,1,1.0,E0039134
N0040165,junction,main,421.0549011230469,415.76550167853645,5.289399444510423,2.954546042519496,vortex,1,1.0,E0040055
N0049244,junction,lateral,495.9330749511719,491.2428601190704,4.690214832101503,2.9531547960065154,vortex,1,1.0,E0049099
N0025814,junction,main,375.1242370605469,369.04047020305586,6.083766857491014,2.949810552247982,vortex,1,1.0,E0026047
N0008749,junction,main,338.0787048339844,333.07897972214346,4.999725111840917,2.9481473334789143,vortex,1,1.0,E0008984
N0022877,junction,sub main,378.681640625,372.43457333004153,6.24706729495847,2.9470134859425343,vortex,1,1.0,E0023071
N0032770,junction,main,340.34124755859375,334.82249108323975,5.518756475353996,2.9435323675882046,vortex,1,1.0,E0032997
N0049516,junction,main,503.8279113769531,499.3282335030651,4.499677873888004,2.939798775704844,vortex,1,1.0,E0049300
N0043265,junction,main,432.34197998046875,427.84789650306095,4.4940834774077985,2.9388331200302673,vortex,1,1.0,E0043142
N0018617,junction,sub main,359.28228759765625,354.78623873859675,4.496048859059499,2.937295888211338,vortex,1,1.0,E0018524
N0031709,junction,main,393.9028625488281,389.2702723328336,4.632590215994526,2.9369573173900108,vortex,1,1.0,E0032002
N0036406,junction,lateral,347.3797607421875,342.8946156102349,4.485145131952606,2.9339610499215496,vortex,1,1.0,E0036575
N0026363,junction,main,373.8387756347656,369.29699309137925,4.541782543386375,2.933801221134331,vortex,1,1.0,E0026643
N0035905,junction,main,386.507568359375,382.02755155705796,4.480016802317039,2.928223307922792,vortex,1,1.0,E0035991
N0029861,junction,lateral,369.9900207519531,363.89714950520784,6.09287124674529,2.923891377589257,vortex,1,1.0,E0030229
N0011624,junction,main,340.6644287109375,335.11840477053096,5.546023940406542,2.923507459400696,vortex,1,1.0,E0011843
N0039854,junction,main,409.2492980957031,404.7710309329228,4.478267162780298,2.9191697627719577,vortex,1,1.0,E0039765
N0017303,junction,main,357.99078369140625,350.667774093236,7.323009598170245,2.918432449115926,vortex,1,1.0,E0017172
N0017391,junction,sub main,356.6886901855469,351.436341513645,5.252348671901871,2.9165540505028957,vortex,1,1.0,E0017258
N0009871,junction,sub main,320.3975830078125,313.9758404470084,6.421742560804091,2.916368060400089,vortex,1,1.0,E0010245
N0040751,junction,main,423.5126037597656,419.0114015076765,4.501202252089115,2.9162440311690148,vortex,1,1.0,E0040621
N0013260,junction,lateral,335.2174377441406,330.6040409341559,4.613396809984749,2.910734230466403,vortex,1,1.0,E0013459
N0030357,junction,main,386.1016540527344,377.73154104698267,8.370113005751705,2.90711906085005,vortex,1,1.0,E0030662
N0022052,junction,main,377.1881408691406,372.04772724887334,5.140413620267282,2.90642595643709,vortex,1,1.0,E0022163
N0003834,junction,main,316.61785888671875,310.8513629408801,5.766495945838642,2.9037080558784965,vortex,1,1.0,E0004216
N0012050,junction,main,344.6159362792969,339.7543113000153,4.861624979281601,2.9002534636365453,vortex,1,1.0,E0012383
N0019868,junction,lateral,358.6340026855469,353.92391632030996,4.7100863652369185,2.8983746864067257,vortex,1,1.0,E0019796
N0028436,junction,main,383.6044006347656,378.5897022422783,5.0146983924873325,2.8975000017003367,vortex,1,1.0,E0028761
N0004241,junction,main,331.1269836425781,323.3484229568316,7.778560685746527,2.8957224169590745,vortex,1,1.0,E0004560
N0026696,junction,main,372.8867492675781,368.288925066315,4.5978242012631085,2.8956087079498047,vortex,1,1.0,E0027151
N0042075,junction,main,420.7080078125,416.06316382404225,4.644843988457751,2.895346937672116,vortex,1,1.0,E0041915
N0036207,junction,main,393.3720703125,388.4047652492203,4.967305063279696,2.89251002821743,vortex,1,1.0,E0036415
N0005663,junction,main,343.05712890625,337.80631865704095,5.250810249209053,2.890296222749498,vortex,1,1.0,E0005805
N0011914,junction,lateral,347.9835205078125,343.4529555653692,4.530564942443277,2.8901750784493743,vortex,1,1.0,E0012247
N0048042,junction,trunk main,496.2145080566406,487.6396794751643,8.57482858147631,2.888976668139719,vortex,1,1.0,E0047942
N0046238,junction,main,430.0082702636719,425.4756145513757,4.532655712296162,2.8862108558665795,vortex,1,1.0,E0046136
N0036558,junction,main,395.8080749511719,391.27832024799613,4.52975470317574,2.8858147712923596,vortex,1,1.0,E0036667
N0013196,junction,main,336.8970642089844,332.1011733269581,4.795890882026299,2.884960335369385,vortex,1,1.0,E0013383
N0027041,junction,sub main,344.74700927734375,339.60580771476333,5.14120156258042,2.88399816437709,vortex,1,1.0,E0027388
N0039405,junction,lateral,410.60455322265625,406.13884176925023,4.465711453406016,2.8815195588745723,vortex,1,1.0,E0039284
N0019723,junction,main,358.1220703125,353.68207440392183,4.439995908578169,2.881308333008917,vortex,1,1.0,E0019668
N0028710,junction,main,368.5815124511719,363.7867948497468,4.794717601425077,2.8809246090581837,vortex,1,1.0,E0029004
N0016214,junction,trunk main,349.7431945800781,342.79497560575476,6.9482189743233675,2.8806251851929687,vortex,1,1.0,E0016124
N0032334,junction,main,384.6795349121094,379.32050459193994,5.359030320169438,2.8784744486515024,vortex,1,1.0,E0032674
N0016795,junction,main,443.7008361816406,439.27236174101495,4.428474440625678,2.870917650373144,vortex,1,1.0,E0016595
N0012090,junction,main,340.50592041015625,335.62230665697086,4.8836137531853865,2.8686330546561294,vortex,1,1.0,E0012426
N0048332,junction,main,482.58441162109375,476.52481676469483,6.059594856398917,2.868222860420758,vortex,1,1.0,E0048264
N0033992,junction,lateral,380.2026062011719,374.60564432521494,5.596961875956936,2.8677178280490807,vortex,1,1.0,E0034182
N0036119,junction,main,401.5252990722656,395.7579986206942,5.76730045157143,2.866950714346615,vortex,1,1.0,E0036259
N0030552,junction,trunk main,397.00732421875,392.0296172468659,4.977706971884118,2.8668110828127737,vortex,1,1.0,E0030862
N0029952,junction,main,346.28143310546875,341.76828497775193,4.513148127716818,2.8647635445473156,vortex,1,1.0,E0030268
N0021319,junction,sub main,365.8371887207031,357.54742541808395,8.289763302619178,2.863466755740717,vortex,1,1.0,E0021289
N0014958,junction,sub main,345.37603759765625,335.1714494182435,10.204588179412724,2.8632332004194723,vortex,1,1.0,E0015027
N0042689,junction,lateral,427.5817565917969,422.4667321031635,5.115024488633367,2.8629738404833347,vortex,1,1.0,E0042482
N0040576,junction,main,423.47760009765625,418.959199975132,4.51840012252427,2.8597029736687887,vortex,1,1.0,E0040505
N0041163,junction,main,425.68145751953125,421.27287179002434,4.40858572950691,2.8555677927911347,vortex,1,1.0,E0041088
N0008989,junction,lateral,424.1025390625,419.6382759623397,4.464263100160281,2.8526961248716134,vortex,1,1.0,E0009262
N0039847,junction,main,407.8928527832031,401.7151860549045,6.177666728298618,2.8515359299244665,vortex,1,1.0,E0039778
N0040333,junction,lateral,418.6334533691406,414.2058226285152,4.427630740625432,2.8508150187285537,vortex,1,1.0,E0040242
N0040622,junction,sub main,417.243896484375,411.23687552328204,6.007020961092962,2.8504199988028063,vortex,1,1.0,E0040537
N0042057,junction,lateral,423.7647399902344,419.3659772020264,4.398762788207989,2.8450970167232867,vortex,1,1.0,E0041901
N0035817,junction,sub main,389.6582946777344,385.2484165473138,4.409878130420566,2.84353515616948,vortex,1,1.0,E0035910
N0019096,junction,main,365.9436950683594,361.55339245421834,4.390302614141035,2.838632327531627,vortex,1,1.0,E0019048
N0039741,junction,main,408.7586364746094,404.3638823114097,4.39475416319965,2.837872766669875,vortex,1,1.0,E0039621
N0032318,junction,main,387.0202941894531,382.03833641460335,4.981957774849775,2.8349363645394874,vortex,1,1.0,E0032645
N0028344,junction,lateral,382.4447937011719,376.72568286011165,5.719110841060228,2.8313369943080033,vortex,1,1.0,E0028677
N0048581,junction,main,494.72088623046875,489.95739946361596,4.763486766852793,2.8310609192419633,vortex,1,1.0,E0048477
N0013468,junction,main,354.53619384765625,350.13552073989234,4.400673107763907,2.827524520417114,vortex,1,1.0,E0013663
N0028355,junction,sub main,383.167724609375,376.51749252800164,6.65023208137336,2.8240141473498284,vortex,1,1.0,E0028693
N0033970,junction,main,394.5952453613281,389.73785313192207,4.857392229406059,2.823955682919916,vortex,1,1.0,E0034161
N0025425,junction,main,366.94952392578125,362.51260662713656,4.436917298644687,2.816413314467752,vortex,1,1.0,E0025697
N0027571,junction,sub main,376.39337158203125,371.21274478625605,5.180626795775197,2.8140489641582462,vortex,1,1.0,E0027950
N0013562,junction,main,340.5581359863281,335.86897603205506,4.689159954273066,2.8133328266402486,vortex,1,1.0,E0013770
N0016713,junction,main,442.69256591796875,438.1990061169521,4.493559801016659,2.81265069493827,vortex,1,1.0,E0016506
N0031219,junction,main,386.2726135253906,380.68094338187666,5.591670143513966,2.805514878049678,vortex,1,1.0,E0031566
N0025863,junction,main,371.20904541015625,366.75751315878983,4.451532251366416,2.804618494404508,vortex,1,1.0,E0026065
N0014351,junction,lateral,337.5546569824219,333.19627018237406,4.3583868000478105,2.802723892695383,vortex,1,1.0,E0014451
N0015582,junction,main,351.146484375,341.0484523060213,10.098032068978682,2.80224531600453,vortex,1,1.0,E0015541
N0023804,junction,sub main,366.7497863769531,361.6342283470248,5.115558029928309,2.801739309847278,vortex,1,1.0,E0024090
N0036739,junction,sub main,357.7727355957031,352.7411061560314,5.031629439671747,2.8005257259255814,vortex,1,1.0,E0036825
N0018748,junction,main,366.585205078125,357.143473835464,9.441731242660978,2.7977095197617246,vortex,1,1.0,E0018646
N0028884,junction,lateral,389.17816162109375,383.67209969648655,5.506061924607195,2.7972925542758276,vortex,1,1.0,E0029219
N0026945,junction,main,368.14080810546875,363.79205252917643,4.348755576292319,2.7969718903596004,vortex,1,1.0,E0027336
N0030527,junction,main,344.8166198730469,336.0966197969042,8.720000076142696,2.7966344099266394,vortex,1,1.0,E0030825
N0012075,junction,lateral,343.9114990234375,339.19716154405637,4.714337479381129,2.7946949786809228,vortex,1,1.0,E0012411
N0023319,junction,sub main,378.08795166015625,372.7559084304137,5.332043229742567,2.792915875326969,vortex,1,1.0,E0023549
N0031870,junction,sub main,394.5185852050781,387.0587694274791,7.459815777599033,2.7919817359457397,vortex,1,1.0,E0032105
N0010207,junction,sub main,409.55419921875,404.4192719457905,5.134927272959487,2.7915126306418756,vortex,1,1.0,E0010558
N0028941,junction,main,384.9984130859375,380.233876030949,4.764537054988523,2.7911206774792277,vortex,1,1.0,E0029266
N0037123,junction,lateral,348.06964111328125,343.60358014622255,4.466060967058695,2.790453571987257,vortex,1,1.0,E0037214
N0004447,junction,sub main,397.9818420410156,391.1636787962561,6.818163244759546,2.774431443717617,vortex,1,1.0,E0004771
N0021542,junction,main,379.4945983886719,374.47798719986673,5.016611188805143,2.7727782710998667,vortex,1,1.0,E0021544
N0018772,junction,sub main,359.852294921875,355.40498272939743,4.447312192477568,2.7716580122873893,vortex,1,1.0,E0018680
N0024703,junction,main,369.864501953125,363.3008588376086,6.563643115516413,2.7706035678418175,vortex,1,1.0,E0024951
N0039388,junction,main,417.1122131347656,410.80447062189097,6.307742512874654,2.769665452770141,vortex,1,1.0,E0039265
N0037764,junction,sub main,339.3197021484375,334.9253481966334,4.394353951804078,2.7682788126037963,vortex,1,1.0,E0037786
N0026316,junction,main,385.48895263671875,378.4076231176923,7.08132951902644,2.767784064380919,vortex,1,1.0,E0026722
N0026313,junction,main,371.1596984863281,366.8000924965019,4.359605989826207,2.7677836520656456,vortex,1,1.0,E0026516
N0028668,junction,main,389.6151123046875,380.60290775651214,9.012204548175362,2.7641037928775063,vortex,1,1.0,E0029016
N0024285,junction,lateral,374.6703796386719,370.30676968484823,4.363609953823641,2.7626883093167294,vortex,1,1.0,E0024488
N0016838,junction,main,323.2759704589844,318.95821780934824,4.317752649636134,2.7567641533382243,vortex,1,1.0,E0016624
N0042089,junction,main,414.71002197265625,409.73440978269815,4.975612189958099,2.7567615012972055,vortex,1,1.0,E0041932
N0000409,junction,main,395.03741455078125,390.7267372238181,4.310677326963173,2.7566852947301754,vortex,1,1.0,E0002390
N0023719,junction,main,366.988037109375,362.40003755999834,4.587999549376661,2.7562684655672456,vortex,1,1.0,E0023998
N0042083,junction,main,413.62939453125,408.64122973199227,4.988164799257731,2.756157360376676,vortex,1,1.0,E0041954
N0026559,junction,main,379.1251220703125,372.8045500573341,6.320572012978403,2.756130784102311,vortex,1,1.0,E0026888
N0031335,junction,main,371.8296203613281,367.423172444158,4.406447917170112,2.754245046923984,vortex,1,1.0,E0031659
N0001040,junction,trunk main,366.8916931152344,362.5805086885531,4.3111844266812795,2.753832516458374,vortex,1,1.0,E0000951
N0022987,junction,lateral,387.312255859375,382.4722588266548,4.839997032720191,2.7487369313589625,vortex,1,1.0,E0023182
N0006937,junction,main,341.8697204589844,336.3580822389497,5.511638220034683,2.7485922474065774,vortex,1,1.0,E0007209
N0015381,junction,lateral,324.28558349609375,314.9371779230934,9.348405573000377,2.7470011923244897,vortex,1,1.0,E0015394
N0033518,junction,main,380.56585693359375,371.4484677206301,9.117389212963644,2.744775535474048,vortex,1,1.0,E0033745
N0027051,junction,lateral,340.79058837890625,336.4891106340018,4.301477744904446,2.7430350499342353,vortex,1,1.0,E0027402
N0019874,junction,main,352.07061767578125,347.4593313293029,4.611286346478323,2.7393681377735106,vortex,1,1.0,E0019804
N0017485,junction,sub main,360.15216064453125,355.597372032957,4.554788611574224,2.7374509238334213,vortex,1,1.0,E0017351
N0022222,junction,main,383.28277587890625,378.9718689161304,4.310906962775846,2.736296122941951,vortex,1,1.0,E0022343
N0048719,junction,lateral,481.55120849609375,477.2589326484847,4.292275847609062,2.73608547409151,vortex,1,1.0,E0048607
N0030042,junction,lateral,391.4019775390625,386.77088281915485,4.631094719907651,2.7360165575159954,vortex,1,1.0,E0030337
N0032526,junction,main,372.06024169921875,367.2895454198819,4.770696279336846,2.734571928243895,vortex,1,1.0,E0032780
N0009291,junction,main,332.11187744140625,327.8136769571689,4.298200484237327,2.7343753398845365,vortex,1,1.0,E0009574
N0034660,junction,lateral,343.0367736816406,338.7526566008704,4.284117080770216,2.7304941028916687,vortex,1,1.0,E0034898
N0046783,junction,main,461.6678466796875,452.1070677972938,9.56077888239372,2.7296283662353176,vortex,1,1.0,E0046707
N0000647,junction,main,333.2132873535156,328.8911622369868,4.3221251165288095,2.7284715389745315,vortex,1,1.0,E0002490
N0010802,junction,lateral,334.5550537109375,330.2152995508084,4.3397541601290754,2.725380380832746,vortex,1,1.0,E0011084
N0009930,junction,sub main,343.4427185058594,339.0602736663117,4.382444839547702,2.7248550688158844,vortex,1,1.0,E0010285
N0007129,junction,main,328.864990234375,324.5549931759213,4.309997058453689,2.7242972122780316,vortex,1,1.0,E0007363
N0015234,junction,lateral,347.9225769042969,342.56898583564015,5.353591068656726,2.723175858501179,vortex,1,1.0,E0015298
N0021499,junction,main,374.1778564453125,367.10056344790416,7.077292997408335,2.717868179276195,vortex,1,1.0,E0021493
N0021927,junction,sub main,349.0523986816406,342.3128134339015,6.7395852477391145,2.716962372319358,vortex,1,1.0,E0021949
N0028429,junction,main,382.2802429199219,377.9813964033957,4.298846516526169,2.7160279130102367,vortex,1,1.0,E0028765
N0047046,junction,main,426.0330505371094,420.4399886844969,5.593061852612493,2.715245443315382,vortex,1,1.0,E0046927
N0037332,junction,main,401.03948974609375,396.7282083729157,4.311281373178076,2.713894510833825,vortex,1,1.0,E0037375
N0024694,junction,main,378.3130798339844,374.03914102918253,4.273938804801844,2.712152155390754,vortex,1,1.0,E0024935
N0037324,junction,main,396.9355773925781,392.66131975336015,4.2742576392179785,2.711570815022469,vortex,1,1.0,E0037360
N0000397,outfall,main,371.5636901855469,366.6579586528276,4.905731532719301,2.7098588064948217,vortex,1,1.0,E0000378
N0006898,junction,lateral,328.2706604003906,322.9155460598073,5.355114340583327,2.7083445141291236,vortex,1,1.0,E0007173
N0025533,junction,sub main,381.4683837890625,375.07650687648277,6.391876912579733,2.70462984748292,vortex,1,1.0,E0025795
N0030344,junction,lateral,380.87274169921875,376.3953932722662,4.477348426952574,2.703681852874297,vortex,1,1.0,E0030636
N0043654,junction,main,428.0026550292969,423.7252886756199,4.277366353676996,2.7031758715559704,vortex,1,1.0,E0043624
N0002895,junction,main,419.3532409667969,414.8638438438996,4.489397122897287,2.700821971050459,vortex,1,1.0,E0003822
N0045102,junction,main,437.92657470703125,433.56771942758286,4.358855279448392,2.700314254182672,vortex,1,1.0,E0045125
N0042492,junction,main,423.04388427734375,418.69895414893625,4.344930128407498,2.700115762384314,vortex,1,1.0,E0042289
N0003342,junction,main,332.7012634277344,328.258403906699,4.442859521035359,2.697253031626417,vortex,1,1.0,E0003892
N0040796,junction,main,419.5846862792969,413.2996208858779,6.285065393418961,2.688450638628865,vortex,1,1.0,E0040707
N0035943,junction,lateral,362.4906311035156,358.24969422801695,4.240936875498676,2.6875566174561527,vortex,1,1.0,E0036016
N0001379,junction,main,332.29986572265625,327.8459430263977,4.45392269625853,2.6842914151339983,vortex,1,1.0,E0003093
N0011640,junction,main,339.3515319824219,333.87334935017884,5.478182632243033,2.682677958228055,vortex,1,1.0,E0011890
N0008525,junction,lateral,424.06201171875,419.1198987618709,4.9421129568791,2.6824521820734617,vortex,1,1.0,E0008740
N0048122,junction,main,493.95263671875,484.62517063316744,9.327466085582557,2.680511739879421,vortex,1,1.0,E0048014
N0029009,junction,main,383.74395751953125,378.758061778817,4.985895740714227,2.6798908636433794,vortex,1,1.0,E0029357
N0027494,junction,main,377.9868469238281,373.6429422290951,4.3439046947329985,2.6790731633795986,vortex,1,1.0,E0027894
N0021268,junction,main,349.8757019042969,345.21296343207706,4.662738472219814,2.6786664559205633,vortex,1,1.0,E0021232
N0039615,junction,main,413.76544189453125,409.51906908460893,4.24637280992232,2.677582258005259,vortex,1,1.0,E0039482
N0044643,junction,main,443.44207763671875,435.9643450679988,7.477732568719944,2.6755985834224703,vortex,1,1.0,E0044784
N0049599,junction,lateral,507.7612609863281,503.5282225928418,4.233038393486311,2.6749965995438174,vortex,1,1.0,E0049364
N0037080,junction,main,338.7818908691406,334.55164566526673,4.230245203873892,2.674935341725586,vortex,1,1.0,E0037205
N0032429,junction,lateral,383.1549072265625,378.73697222322113,4.41793500334137,2.673623884934159,vortex,1,1.0,E0032727
N0009806,junction,main,334.401123046875,327.74908985674875,6.652033190126247,2.673495774014725,vortex,1,1.0,E0010125
N0001380,outfall,main,331.7559814453125,327.4974183669118,4.258563078400698,2.67183202827556,vortex,1,1.0,E0001251
N0033952,junction,lateral,396.3032531738281,391.9002396120898,4.403013561738305,2.67104307205193,vortex,1,1.0,E0034121
N0009472,junction,sub main,342.3563232421875,337.9988040449925,4.357519197195018,2.6703411783722117,vortex,1,1.0,E0009679
N0043739,junction,main,434.7716979980469,430.55242894969945,4.219269048347428,2.6688604914359075,vortex,1,1.0,E0043692
N0038762,junction,main,406.166015625,398.3081457106086,7.857869914391415,2.6682728163847287,vortex,1,1.0,E0038687
N0026466,junction,main,339.7203674316406,335.1806964613663,4.539670970274301,2.668217876185736,vortex,1,1.0,E0026800
N0029386,junction,main,345.97021484375,341.3520559718732,4.618158871876801,2.6658252233544886,vortex,1,1.0,E0029704
N0026405,junction,main,367.76202392578125,363.4147939103977,4.347230015383559,2.6620249372580815,vortex,1,1.0,E0026697
N0025589,junction,main,377.62921142578125,371.0186741697213,6.610537256059956,2.659535053022921,vortex,1,1.0,E0025872
N0016662,junction,main,439.9345397949219,435.7172255621662,4.217314232755655,2.65641389819001,vortex,1,1.0,E0016471
N0029249,junction,main,368.5614929199219,364.11317652815416,4.448316391767719,2.6541091545078075,vortex,1,1.0,E0029561
N0026553,junction,main,379.5757751464844,374.6555874293468,4.920187717137594,2.653299802510219,vortex,1,1.0,E0026884
N0048154,junction,main,483.8795471191406,477.9606734394781,5.918873679662511,2.652008897350129,vortex,1,1.0,E0048027
N0044046,junction,sub main,434.25164794921875,423.9869479992352,10.264699949983537,2.6511724633698464,vortex,1,1.0,E0044245
N0037832,junction,main,409.6343078613281,404.56501163618873,5.0692962251393965,2.650893293353988,vortex,1,1.0,E0037841
N0012057,junction,main,343.4883117675781,339.2273044433759,4.2610073242022395,2.650473105146375,vortex,1,1.0,E0012390
N0038835,junction,main,359.90362548828125,355.523617473547,4.380008014734244,2.6497786072116014,vortex,1,1.0,E0038764
N0005388,junction,lateral,421.13006591796875,416.9049942900163,4.225071627952445,2.649257730034833,vortex,1,1.0,E0005542
N0012314,junction,lateral,331.6604919433594,327.14993815792445,4.510553785434922,2.649169333050736,vortex,1,1.0,E0012650
N0037620,junction,main,401.0682678222656,396.8312860135561,4.2369818087095155,2.6441968238803497,vortex,1,1.0,E0037634
N0041549,junction,main,404.5085144042969,400.2704701969921,4.2380442073047675,2.6421670404641304,vortex,1,1.0,E0041455
N0038573,junction,sub main,417.61865234375,413.34244477516125,4.276207568588745,2.641844895653435,vortex,1,1.0,E0038488
N0018377,junction,sub main,358.90802001953125,354.6604715316711,4.247548487860172,2.640570213644253,vortex,1,1.0,E0018369
N0030514,junction,main,346.24151611328125,341.8434514596438,4.398064653637448,2.6404904207821005,vortex,1,1.0,E0030764
N0038587,junction,main,402.0650329589844,397.8422332884929,4.222799670491497,2.6400431886917204,vortex,1,1.0,E0038513
N0020021,junction,lateral,365.8594665527344,360.95060054897766,4.908866003756714,2.639135534734862,vortex,1,1.0,E0019974
N0033173,junction,sub main,363.0313415527344,354.9705919629133,8.060749589821057,2.6333808190350965,vortex,1,1.0,E0033546
N0034677,junction,main,345.2940979003906,338.8352658605171,6.458832039873528,2.633065226288579,vortex,1,1.0,E0034948
N0031706,junction,lateral,390.2935791015625,386.0630669015527,4.230512200009798,2.631885287794148,vortex,1,1.0,E0032004
N0017810,junction,main,360.4537048339844,355.6526733236558,4.801031510328585,2.630084732226976,vortex,1,1.0,E0017729
N0025183,junction,main,378.31243896484375,374.12969488056393,4.182744084279818,2.6281980959601583,vortex,1,1.0,E0025544
N0015776,junction,main,347.2303161621094,339.95179561093477,7.2785205511746085,2.626251143255786,vortex,1,1.0,E0015735
N0000070,junction,sub main,417.50701904296875,412.97629319060115,4.5307258523675955,2.6252504100623923,vortex,1,1.0,E0002207
N0048180,junction,trunk main,495.3838195800781,491.2099111140206,4.173908466057526,2.6213117726336463,vortex,1,1.0,E0048100
N0036794,junction,main,338.3651428222656,334.0318536191722,4.333289203093443,2.6182228267551295,vortex,1,1.0,E0036832
N0010732,junction,main,341.9222412109375,337.56505266290924,4.357188548028262,2.6179506463106463,vortex,1,1.0,E0010957
N0015649,junction,main,323.6831970214844,319.46472788877855,4.21846913270582,2.615462653695886,vortex,1,1.0,E0015633
N0030915,junction,main,382.49542236328125,378.31247125489034,4.18295110839091,2.611933258957606,vortex,1,1.0,E0031182
N0015911,junction,main,391.6855163574219,387.17632981702536,4.509186540396513,2.611377859725849,vortex,1,1.0,E0015804
N0031845,junction,main,384.7492980957031,378.58801899605453,6.1612790996485955,2.608274085117557,vortex,1,1.0,E0032092
N0030148,junction,sub main,390.533447265625,384.82912815978295,5.704319105842046,2.607849838085883,vortex,1,1.0,E0030423
N0033918,junction,main,388.97955322265625,384.7606057188768,4.218947503779475,2.605245111200702,vortex,1,1.0,E0034102
N0021873,junction,sub main,366.2677917480469,354.34673869903423,11.921053049012642,2.6028169753610655,vortex,1,1.0,E0021873
N0034350,junction,main,388.9788513183594,384.8013978749855,4.1774534433738495,2.6019394890827243,vortex,1,1.0,E0034533
N0024322,junction,main,378.9559631347656,374.772938390093,4.18302474467265,2.5999620005326847,vortex,1,1.0,E0024533
N0009624,junction,lateral,340.0666809082031,335.7634590644164,4.30322184378673,2.5996275115451226,vortex,1,1.0,E0009930
N0039888,junction,main,410.7723693847656,406.62413722221123,4.148232162554393,2.5972344012993176,vortex,1,1.0,E0039795
N0012354,junction,main,334.51611328125,329.60792590412467,4.90818737712533,2.5970720487025574,vortex,1,1.0,E0012657
N0016099,junction,main,351.09747314453125,345.37733830573086,5.720134838800391,2.5969583233795106,vortex,1,1.0,E0015978
N0009765,junction,lateral,338.61700439453125,334.3315848375921,4.285419556939132,2.5959753181165297,vortex,1,1.0,E0010094
N0040541,junction,main,346.6644592285156,335.23525509750255,11.42920413101308,2.5906424124592604,vortex,1,1.0,E0040484
N0033676,junction,main,383.01885986328125,378.56457930597145,4.454280557309801,2.5900014094895027,vortex,1,1.0,E0033866
N0018080,junction,lateral,360.3996276855469,353.6094294870865,6.790198198460359,2.5899129499292144,vortex,1,1.0,E0017986
N0014695,junction,main,334.7789611816406,329.7449948743887,5.033966307251944,2.5860477596158944,vortex,1,1.0,E0014781
N0011123,junction,main,422.66766357421875,416.0845374260531,6.583126148165661,2.583661454785215,vortex,1,1.0,E0011328
N0029252,junction,lateral,373.5571594238281,369.24906263253285,4.30809679129527,2.5831184209814637,vortex,1,1.0,E0029568
N0049183,junction,lateral,492.94183349609375,487.12480000551943,5.8170334905743175,2.582870491938422,vortex,1,1.0,E0049045
N0013164,junction,lateral,343.0179748535156,338.85032236548824,4.167652488027386,2.5786056259074144,vortex,1,1.0,E0013337
N0040017,junction,main,406.88568115234375,402.1361325198246,4.749548632519122,2.577807340383856,vortex,1,1.0,E0039954
N0035043,junction,main,380.6419677734375,376.27700986713427,4.364957906303232,2.577629938622408,vortex,1,1.0,E0035196
N0017444,junction,sub main,353.80108642578125,348.7640391302072,5.037047295574041,2.577619869748844,vortex,1,1.0,E0017281
N0000645,junction,main,330.8748474121094,326.5967050747861,4.278142337323288,2.577205252036549,vortex,1,1.0,E0002488
N0005979,junction,trunk main,344.990966796875,340.2320001542729,4.758966642602104,2.5755169866076812,vortex,1,1.0,E0006242
N0027123,junction,sub main,385.893798828125,381.1757320716555,4.718066756469511,2.5753581746083114,vortex,1,1.0,E0027570
N0038586,junction,main,404.8070373535156,400.510429036853,4.296608316662628,2.574717850042134,vortex,1,1.0,E0038509
N0026889,junction,main,373.95843505859375,369.7397706366343,4.218664421959431,2.574656999503759,vortex,1,1.0,E0027244
N0034216,junction,sub main,362.04248046875,355.8322849777494,6.210195491000604,2.571530851794023,vortex,1,1.0,E0034393
N0043499,junction,main,427.5333251953125,423.25155320496043,4.28177199035207,2.5691621270702854,vortex,1,1.0,E0043406
N0036823,junction,sub main,345.126220703125,338.2690496546944,6.857171048430587,2.568831189105481,vortex,1,1.0,E0036911
N0047155,junction,lateral,445.92608642578125,441.79323982278135,4.132846602999905,2.567432978908755,vortex,1,1.0,E0047038
N0048207,junction,main,498.2704162597656,494.14930361044776,4.121112649317865,2.565691334954181,vortex,1,1.0,E0048049
N0047483,junction,lateral,426.42877197265625,422.1931845922716,4.235587380384629,2.5649736696295804,vortex,1,1.0,E0047314
N0040738,junction,main,343.5989990234375,338.6599619901133,4.939037033324212,2.5636183692937493,vortex,1,1.0,E0040609
N0032797,junction,sub main,334.4549865722656,327.05386770957944,7.4011188626861895,2.559946170252431,vortex,1,1.0,E0033014
N0031997,junction,main,370.45233154296875,365.9749309370786,4.477400605890125,2.559677165065466,vortex,1,1.0,E0032285
N0035778,junction,main,395.3890075683594,391.08175876857143,4.307248799787942,2.557315655001503,vortex,1,1.0,E0035886
N0006042,junction,main,342.0755920410156,335.481828494893,6.593763546122602,2.5561882818061576,vortex,1,1.0,E0006272
N0019670,junction,lateral,354.4891357421875,349.96319960374643,4.525936138441068,2.554071870989901,vortex,1,1.0,E0019628
N0019314,junction,main,361.32647705078125,357.18817449576215,4.138302555019095,2.552340742212266,vortex,1,1.0,E0019339
N0011908,junction,main,350.0990295410156,345.79783595713144,4.301193583884185,2.551719057995683,vortex,1,1.0,E0012244
N0010378,junction,lateral,336.6053771972656,327.7279022011907,8.877474996074909,2.5513349655312823,vortex,1,1.0,E0010651
N0023985,junction,lateral,389.41070556640625,385.28707212861735,4.123633437788897,2.5505839263586836,vortex,1,1.0,E0024261
N0046314,junction,main,438.4527282714844,432.4481219073822,6.004606364102187,2.5503967890516606,vortex,1,1.0,E0046212
N0004748,junction,sub main,334.31256103515625,323.77342832684184,10.539132708314412,2.5491449895180267,vortex,1,1.0,E0005042
N0027229,junction,main,382.4149169921875,377.24806375116907,5.16685324101843,2.548403769130175,vortex,1,1.0,E0027685
N0020606,junction,main,369.6475524902344,365.2822932104043,4.36525927983007,2.5481465370540377,vortex,1,1.0,E0020613
N0008510,junction,sub main,341.85040283203125,331.1281981520895,10.72220467994174,2.5468183399593727,vortex,1,1.0,E0008692
N0008286,junction,main,339.475341796875,335.06489141939926,4.41045037747574,2.541958028973397,vortex,1,1.0,E0008491
N0029615,junction,sub main,372.3863220214844,364.8548198192893,7.5315022021950995,2.5416604464184616,vortex,1,1.0,E0029966
N0006974,junction,main,339.82958984375,334.587308758239,5.242281085511024,2.5370209491592846,vortex,1,1.0,E0007297
N0037807,junction,sub main,411.80303955078125,404.56987503354304,7.233164517238208,2.5364170157942567,vortex,1,1.0,E0037817
N0010189,junction,lateral,335.3319091796875,331.2452959491108,4.086613230576688,2.535196309846242,vortex,1,1.0,E0010478
N0008779,junction,main,332.7555847167969,327.4070780675167,5.348506649280182,2.5339819028400257,vortex,1,1.0,E0009042
N0032173,junction,main,345.129638671875,339.20598019882334,5.92365847305166,2.533450537777412,vortex,1,1.0,E0032517
N0035110,junction,main,361.7951965332031,357.70674580473377,4.088450728469354,2.532739424302463,vortex,1,1.0,E0035286
N0035534,junction,main,361.8320007324219,357.74932514244585,4.08267558997602,2.531839162764129,vortex,1,1.0,E0035695
N0037055,junction,main,369.4593200683594,365.0211150679331,4.438205000426251,2.5312207059468506,vortex,1,1.0,E0037167
N0014662,junction,main,346.5584716796875,342.1376713938004,4.420800285887083,2.5300202920217316,vortex,1,1.0,E0014731
N0022531,junction,main,348.5456237792969,344.25751137841934,4.288112400877537,2.529110948194216,vortex,1,1.0,E0022665
N0009490,junction,main,445.8444519042969,436.23451819879784,9.609933705499031,2.5280838173146662,vortex,1,1.0,E0009716
N0026341,junction,main,381.5077819824219,377.4313187908836,4.0764631915382665,2.525999112534862,vortex,1,1.0,E0026611
N0034826,junction,main,385.5540466308594,381.14797475815544,4.406071872703933,2.5251938638357956,vortex,1,1.0,E0035115
N0032616,junction,main,383.3507995605469,379.2755715888112,4.075227971735671,2.523049747148491,vortex,1,1.0,E0032829
N0012293,junction,sub main,408.0755920410156,403.63422478830006,4.441367252715565,2.522201278676903,vortex,1,1.0,E0012615
N0002468,junction,sub main,314.55908203125,303.35583869051163,11.203243340738368,2.520616122250999,vortex,1,1.0,E0003515
N0032210,junction,sub main,339.0118713378906,334.1259555869079,4.885915750982747,2.5181211190935073,vortex,1,1.0,E0032528
N0014028,junction,lateral,340.34661865234375,336.2771195195182,4.06949913282557,2.516639631845237,vortex,1,1.0,E0014080
N0007423,junction,lateral,330.6535339355469,326.5352053859299,4.11832854961699,2.5160062722104612,vortex,1,1.0,E0007959
N0021747,junction,main,366.9902038574219,361.1907806461566,5.799423211265264,2.5153584344134856,vortex,1,1.0,E0021752
N0005024,junction,main,396.13165283203125,391.83068003342646,4.300972798604789,2.513161462032599,vortex,1,1.0,E0005267
N0018206,junction,sub main,358.533935546875,354.38880228241925,4.145133264455751,2.5127090061887998,vortex,1,1.0,E0018129
N0013256,junction,main,331.619140625,323.7501820964175,7.868958528582482,2.5117468405537124,vortex,1,1.0,E0013471
N0022310,junction,sub main,387.0220031738281,380.72834546992874,6.293657703899385,2.506863019322907,vortex,1,1.0,E0022457
N0019198,junction,main,357.77581787109375,352.0752178257986,5.700600045295175,2.5061702274819027,vortex,1,1.0,E0019135
N0025697,junction,sub main,371.43316650390625,364.545119012584,6.888047491322254,2.504892698019148,vortex,1,1.0,E0026157
N0019358,junction,main,355.33551025390625,349.49464772644285,5.8408625274634005,2.5003219677130915,vortex,1,1.0,E0019426
N0038027,junction,main,344.5928039550781,340.06443117692396,4.528372778154164,2.499199331462023,vortex,1,1.0,E0038019
N0045697,junction,main,438.51910400390625,434.4532414778673,4.065862526038927,2.49879173926206,vortex,1,1.0,E0045715
N0017681,junction,sub main,357.4621276855469,352.8485989679629,4.613528717583961,2.4965974003629867,vortex,1,1.0,E0017555
N0021928,junction,main,350.68377685546875,343.2611795205824,7.422597334886348,2.493923014324764,vortex,1,1.0,E0021953
N0007550,junction,main,340.34466552734375,335.7458951581647,4.598770369179022,2.4901706467973668,vortex,1,1.0,E0008020
N0043217,junction,sub main,437.1277770996094,426.49733124305925,10.630445856550125,2.4882508374994927,vortex,1,1.0,E0043190
N0003662,junction,sub main,335.4074401855469,329.3009492494393,6.106490936107548,2.48793129897399,vortex,1,1.0,E0004008
N0048925,junction,main,494.1971435546875,489.32784139836195,4.869302156325546,2.48694932976656,vortex,1,1.0,E0048794
N0008740,junction,lateral,340.5263671875,336.4413780804674,4.084989107032584,2.4850053849306164,vortex,1,1.0,E0008964
N0009835,junction,lateral,326.14373779296875,321.5785989260066,4.565138866962172,2.484939264030345,vortex,1,1.0,E0010153
N0007517,junction,sub main,329.6455383300781,323.5325716978604,6.112966632217706,2.483880906324373,vortex,1,1.0,E0007999
N0004454,junction,main,396.021240234375,391.56615603541246,4.455084198962538,2.4833894573265525,vortex,1,1.0,E0004775
N0035902,junction,main,381.56585693359375,377.20778473409126,4.358072199502487,2.4766179900148586,vortex,1,1.0,E0035973
N0042087,junction,main,419.5296630859375,415.49323132944465,4.036431756492846,2.475684403541038,vortex,1,1.0,E0041933
N0016320,junction,main,346.1202392578125,340.709838767171,5.410400490641507,2.4754010292651856,vortex,1,1.0,E0016174
N0011618,junction,main,341.874267578125,337.8490124529662,4.025255125158822,2.4731637280500536,vortex,1,1.0,E0011821
N0021696,junction,main,383.947509765625,378.46852447181203,5.478985293812968,2.4728002484023364,vortex,1,1.0,E0021701
N0010367,junction,main,333.9684143066406,328.49102746310206,5.477386843538568,2.4702157790242723,vortex,1,1.0,E0010635
N0000059,outfall,trunk main,338.3779296875,325.3891236978643,12.988805989635694,2.469526753086768,vortex,1,1.0,E0000059
N0036723,junction,main,369.45452880859375,364.70651888556523,4.748009923028519,2.469320453508203,vortex,1,1.0,E0036816
N0038069,junction,lateral,404.8320007324219,399.7354495712881,5.096551161133789,2.467106999103237,vortex,1,1.0,E0038072
N0030210,junction,sub main,371.5933837890625,365.2624624622591,6.330921326803377,2.466030566231723,vortex,1,1.0,E0030521
N0009949,junction,sub main,344.1217041015625,336.05017888417086,8.071525217391638,2.4645770909688736,vortex,1,1.0,E0010350
N0018715,junction,trunk main,367.8510437011719,363.79371443913766,4.057329262034216,2.4638550524849734,vortex,1,1.0,E0018624
N0022692,junction,main,377.3518981933594,373.112652673889,4.239245519470387,2.4619930625277107,vortex,1,1.0,E0022834
N0026507,junction,sub main,388.7952880859375,383.8556941852217,4.939593900715806,2.461218065155606,vortex,1,1.0,E0026865
N0004412,junction,sub main,436.2267761230469,431.4596240147762,4.767152108270693,2.460837698274986,vortex,1,1.0,E0004707
N0030094,junction,main,385.3172912597656,381.2575256290475,4.059765630718118,2.460658827008615,vortex,1,1.0,E0030391
N0014683,junction,main,340.5347595214844,335.01281222771365,5.521947293770722,2.46032125509106,vortex,1,1.0,E0014752
N0021534,junction,main,365.8370361328125,360.84839764339176,4.988638489420737,2.4592214341081444,vortex,1,1.0,E0021520
N0025728,chamber,lateral,378.2464599609375,374.2383414694567,4.008118491480786,2.456398520768346,vortex,1,1.0,E0025480
N0043789,junction,main,439.8956604003906,435.6347546195533,4.260905780837334,2.4556151984457983,vortex,1,1.0,E0043838
N0035542,junction,main,379.4076843261719,373.99981543852664,5.407868887645236,2.4546980304842805,vortex,1,1.0,E0035704
N0002644,junction,lateral,316.3545227050781,312.0748537759982,4.279668929079946,2.450556737949796,vortex,1,1.0,E0003585
N0023686,junction,sub main,381.2033386230469,371.90729524001426,9.296043383032611,2.448993747337056,vortex,1,1.0,E0024078
N0045554,junction,main,450.2558898925781,444.95517163713333,5.300718255444792,2.4484967794744534,vortex,1,1.0,E0045624
N0048244,junction,main,482.795166015625,477.8482953572434,4.946870658381613,2.4462813201823224,vortex,1,1.0,E0048099
N0026456,junction,main,345.396484375,340.14104775402825,5.25543662097175,2.4447725402771425,vortex,1,1.0,E0026787
N0011731,junction,sub main,402.2842712402344,394.9818056040168,7.302465636217562,2.4429456910397676,vortex,1,1.0,E0012062
N0026115,junction,main,378.53387451171875,374.46952041324244,4.064354098476315,2.4423481837632153,vortex,1,1.0,E0026336
N0018356,junction,lateral,364.39288330078125,359.8926385087236,4.500244792057629,2.440747907550872,vortex,1,1.0,E0018337
N0014886,junction,lateral,350.6716003417969,346.53246132171546,4.139139020081416,2.4397319221786233,vortex,1,1.0,E0014942
N0022515,junction,main,350.9993896484375,344.36087498585965,6.6385146625778475,2.4363637992233294,vortex,1,1.0,E0022644
N0037608,junction,lateral,396.8864440917969,392.7683244261553,4.118119665641586,2.4334943871432415,vortex,1,1.0,E0037625
N0045584,junction,main,441.0146789550781,436.9173652745533,4.097313680524849,2.4302986526498103,vortex,1,1.0,E0045619
N0028394,junction,sub main,388.33306884765625,382.88875023767923,5.444318609977017,2.430063972116841,vortex,1,1.0,E0028722
N0018649,junction,main,361.80401611328125,357.8176476692907,3.986368443990557,2.4292789172486664,vortex,1,1.0,E0018545
N0044617,junction,main,446.4391784667969,442.4565635466959,3.982614920100957,2.4262418652367614,vortex,1,1.0,E0044725
N0006890,junction,trunk main,345.76300048828125,341.14550828401553,4.617492204265716,2.424334698245616,vortex,1,1.0,E0007171
N0008258,junction,sub main,332.4644775390625,328.436003197201,4.028474341861511,2.4242310452729043,vortex,1,1.0,E0008488
N0048496,junction,main,481.71771240234375,477.598060569459,4.119651832884756,2.422535607781583,vortex,1,1.0,E0048372
N0021746,junction,lateral,365.98065185546875,361.2754509831451,4.705200872323644,2.4190741633392463,vortex,1,1.0,E0021734
N0045125,junction,main,433.2050476074219,429.1315971771271,4.07345043029477,2.4176623589585233,vortex,1,1.0,E0045144
N0020287,junction,main,358.49609375,354.3486507857347,4.147442964265281,2.416326043738991,vortex,1,1.0,E0020230
N0015030,junction,lateral,337.461181640625,331.2480265743193,6.213155066305717,2.4104194091381146,vortex,1,1.0,E0015075
N0032875,junction,main,387.3993225097656,382.4602817624152,4.939040747350418,2.4102687713551063,vortex,1,1.0,E0033158
N0024466,junction,lateral,391.0979919433594,386.9296959545596,4.168295988799798,2.406132293097869,vortex,1,1.0,E0024794
N0011575,junction,lateral,423.4529113769531,418.91098540493107,4.541925972022057,2.4043572660233394,vortex,1,1.0,E0011774
N0045153,junction,sub main,429.90350341796875,421.7127232327283,8.190780185240442,2.403200135667248,vortex,1,1.0,E0045280
N0021005,junction,lateral,364.8959655761719,360.2786808048803,4.6172847712915654,2.4027035891133437,vortex,1,1.0,E0020938
N0028716,junction,main,378.8690185546875,372.4545880245257,6.4144305301617806,2.4006934017615436,vortex,1,1.0,E0029066
N0028270,junction,sub main,334.3710021972656,330.16724835441767,4.203753842847959,2.39892148311435,vortex,1,1.0,E0028565
N0036234,junction,lateral,386.54144287109375,382.1962422015073,4.345200669586461,2.398686106114667,vortex,1,1.0,E0036454
N0037750,junction,main,339.0950012207031,335.0838047575637,4.011196463139413,2.397757212451836,vortex,1,1.0,E0037779
N0026584,junction,main,378.716552734375,374.7564412975768,3.9601114367981722,2.394503910983019,vortex,1,1.0,E0026925
N0029129,junction,main,373.31298828125,369.20180627637103,4.11118200487897,2.390369112569033,vortex,1,1.0,E0029479
N0027750,junction,sub main,388.953857421875,379.9145581349736,9.039299286901382,2.387781049530531,vortex,1,1.0,E0028078
N0014664,junction,lateral,346.39227294921875,341.78404768073545,4.608225268483295,2.3874105707083118,vortex,1,1.0,E0014733
N0013082,junction,main,345.1650390625,339.913817681329,5.2512213811709785,2.387212749305718,vortex,1,1.0,E0013273
N0010280,junction,main,335.2969970703125,330.17208159539814,5.12491547491436,2.3863394652404963,vortex,1,1.0,E0010593
N0029627,junction,main,376.3587951660156,371.5788133863716,4.779981779644004,2.38347064732028,vortex,1,1.0,E0029994
N0029835,junction,main,378.3215637207031,372.95989148701807,5.361672233685056,2.383068063400003,vortex,1,1.0,E0030145
N0023603,junction,sub main,377.33587646484375,373.1565056359233,4.179370828920469,2.3827963924822484,vortex,1,1.0,E0023875
N0003610,junction,sub main,335.0112609863281,323.1888316742372,11.822429312090946,2.3799174750617453,vortex,1,1.0,E0003957
N0049145,junction,main,493.63580322265625,488.55471004516323,5.081093177493017,2.378699106262559,vortex,1,1.0,E0049015
N0009006,junction,main,425.27801513671875,421.3405706529678,3.9374444837509373,2.3781815845576944,vortex,1,1.0,E0009291
N0029091,junction,main,382.2725830078125,377.1302353400951,5.142347667717388,2.3769231900214436,vortex,1,1.0,E0029438
N0032091,junction,main,392.294921875,388.1888859675948,4.106035907405214,2.3755797662184364,vortex,1,1.0,E0032406
N0029588,junction,main,383.50439453125,379.19877314899315,4.305621382256845,2.3747387548096413,vortex,1,1.0,E0029927
N0014478,junction,main,392.67193603515625,385.2473511965902,7.424584838566034,2.373132444580108,vortex,1,1.0,E0014586
N0010826,junction,sub main,335.37811279296875,325.3219872596241,10.056125533344641,2.3721619914868484,vortex,1,1.0,E0011048
N0034395,junction,main,385.0364074707031,380.22956380824303,4.806843662460096,2.372054413423257,vortex,1,1.0,E0034608
N0030077,junction,lateral,386.710205078125,382.38719012861884,4.32301494950616,2.371877009649154,vortex,1,1.0,E0030371
N0011570,junction,main,421.06072998046875,417.13069678564773,3.9300331948210214,2.3717731638551527,vortex,1,1.0,E0011777
N0043012,junction,lateral,431.9654541015625,428.03372629597715,3.9317278055853535,2.37159211038653,vortex,1,1.0,E0042893
N0026303,junction,main,372.0310363769531,367.95610077729066,4.074935599662467,2.3702122764427145,vortex,1,1.0,E0026534
N0045681,junction,main,440.46075439453125,435.54171410876745,4.919040285763799,2.3692256319226317,vortex,1,1.0,E0045697
N0022917,junction,sub main,345.9131164550781,341.7423703078279,4.170746147250213,2.3660261877120092,vortex,1,1.0,E0023114
N0015808,junction,main,342.9168701171875,338.9783269641905,3.938543152996999,2.3636305561673225,vortex,1,1.0,E0015745
N0033266,junction,lateral,380.2325744628906,375.0276974675699,5.204876995320717,2.3633107901835047,vortex,1,1.0,E0033602
N0041719,junction,main,418.4101257324219,414.48183642004113,3.928289312380741,2.3618526060638487,vortex,1,1.0,E0041580
N0019614,junction,main,363.3263854980469,359.30591538921465,4.020470108832228,2.3611306658103217,vortex,1,1.0,E0019597
N0015895,junction,lateral,315.4876403808594,308.942014832833,6.545625548026351,2.359601352314087,vortex,1,1.0,E0015810
N0005959,junction,main,423.68292236328125,419.7719228316721,3.91099953160915,2.3591458536142795,vortex,1,1.0,E0006199
N0049494,junction,main,509.39825439453125,503.9642173790283,5.434037015502952,2.3579112313897213,vortex,1,1.0,E0049291
N0017978,junction,main,358.36187744140625,354.146134709647,4.215742731759235,2.357363174970999,vortex,1,1.0,E0017874
N0006772,junction,main,419.9345703125,415.84842850306165,4.086141809438345,2.3555570926408222,vortex,1,1.0,E0007021
N0029963,junction,main,344.748291015625,336.50112938555844,8.247161630066557,2.353608083407437,vortex,1,1.0,E0030290
N0025177,junction,sub main,375.5677490234375,366.07736807612145,9.490380947316055,2.3524445765773976,vortex,1,1.0,E0025568
N0019595,junction,main,365.8228759765625,361.7636551869412,4.059220789621293,2.3519490481447747,vortex,1,1.0,E0019560
N0029966,junction,sub main,335.6786193847656,331.0247099605751,4.6539094241905445,2.3488256846065383,vortex,1,1.0,E0030292
N0033474,junction,sub main,396.6888427734375,389.04631456441314,7.642528209024363,2.3477066547611116,vortex,1,1.0,E0033706
N0013162,junction,lateral,340.6903381347656,336.62725327782346,4.063084856942169,2.347474387336433,vortex,1,1.0,E0013350
N0018202,junction,main,362.41241455078125,356.7259770493049,5.686437501476348,2.3457798055877106,vortex,1,1.0,E0018120
N0008373,junction,sub main,329.2899475097656,325.3723437446485,3.9176037651171214,2.3451005167696053,vortex,1,1.0,E0008627
N0017917,junction,main,360.242919921875,356.33808191978966,3.9048380020853415,2.344526286959649,vortex,1,1.0,E0017799
N0013912,junction,lateral,354.2509460449219,350.34468391871997,3.9062621262019093,2.3402942067491495,vortex,1,1.0,E0013964
N0015026,junction,main,334.8181457519531,330.17619275942985,4.641952992523272,2.3388861833038277,vortex,1,1.0,E0015063
N0031418,junction,main,369.3056945800781,364.1956410209639,5.110053559114249,2.3387412087759003,vortex,1,1.0,E0031760
N0007089,junction,main,330.3229675292969,323.44747234254146,6.8754951867554155,2.3365528853516935,vortex,1,1.0,E0007325
N0016873,junction,main,323.1814270019531,319.13753695550537,4.043890046447757,2.3363326947014116,vortex,1,1.0,E0016661
N0012464,junction,main,349.23876953125,344.3259713974267,4.912798133823287,2.3357230610819215,vortex,1,1.0,E0012742
N0046580,junction,main,439.0531921386719,435.04894538197334,4.004246756698535,2.3339859682932342,vortex,1,1.0,E0046467
N0031791,junction,main,389.7340087890625,385.7947978422527,3.9392109468097942,2.333588468923665,vortex,1,1.0,E0032065
N0020473,junction,lateral,358.5373229980469,354.5868341314083,3.9504888666385796,2.331298821196299,vortex,1,1.0,E0020433
N0030589,junction,main,390.31390380859375,385.61563502110596,4.698268787487791,2.330141766454176,vortex,1,1.0,E0030931
N0025470,junction,sub main,339.13104248046875,334.0166064386129,5.114436041855868,2.329287583958262,vortex,1,1.0,E0025744
N0036900,junction,main,402.7192687988281,398.83066012603666,3.888608672791463,2.3260911937836113,vortex,1,1.0,E0037024
N0019281,junction,lateral,367.4280700683594,362.2376535663752,5.190416501984203,2.326062763335983,vortex,1,1.0,E0019305
N0005890,junction,main,396.0717468261719,392.12156281579365,3.950184010378223,2.326008237664496,vortex,1,1.0,E0006187
N0030538,junction,sub main,336.3089599609375,331.4118657171893,4.8970942437481995,2.3241459853152833,vortex,1,1.0,E0030832
N0018972,junction,main,357.1523132324219,350.9215369801706,6.230776252251303,2.3232619226449174,vortex,1,1.0,E0018959
N0025642,junction,sub main,373.8771667480469,367.0868758489949,6.790290899051968,2.3228923472308907,vortex,1,1.0,E0025989
N0018123,junction,main,359.6092224121094,354.7289142558814,4.880308156227954,2.3227932583903907,vortex,1,1.0,E0018031
N0038932,junction,lateral,405.2002258300781,401.15290031604206,4.047325514036061,2.3202290383626405,vortex,1,1.0,E0038857
N0010803,junction,sub main,334.5544128417969,330.2749117792559,4.279501062540987,2.319696901452005,vortex,1,1.0,E0011071
N0034764,junction,lateral,394.3377990722656,389.91249177943035,4.425307292835271,2.3196135518506935,vortex,1,1.0,E0035051
N0043632,junction,main,441.0388488769531,437.05851784435566,3.980331032597462,2.317666444619931,vortex,1,1.0,E0043546
N0033611,junction,main,370.0613708496094,365.98585942634725,4.075511423262128,2.3175455919115393,vortex,1,1.0,E0033794
N0019163,junction,main,364.8319396972656,360.2370745766465,4.594865120619147,2.315325614422875,vortex,1,1.0,E0019107
N0038137,junction,main,401.5730285644531,397.40153623411277,4.171492330340357,2.315324557190479,vortex,1,1.0,E0038176
N0028741,junction,sub main,379.5232238769531,372.250282097121,7.272941779832138,2.3152184154895394,vortex,1,1.0,E0029036
N0020052,junction,lateral,352.9250183105469,348.95046975955273,3.974548550994143,2.314655027387289,vortex,1,1.0,E0019985
N0020057,junction,lateral,353.64862060546875,348.4776484028213,5.1709722026474765,2.314496484872336,vortex,1,1.0,E0020013
N0019587,junction,main,361.1757507324219,357.30092326151356,3.874827470908315,2.3115221190173543,vortex,1,1.0,E0019540
N0027285,junction,main,376.360595703125,370.0735682731907,6.287027429934312,2.3114870397052414,vortex,1,1.0,E0027755
N0018821,junction,main,374.4713134765625,369.9397199470067,4.531593529555778,2.310951074930358,vortex,1,1.0,E0018724
N0026713,junction,main,383.42352294921875,379.0674347454036,4.356088203815148,2.3079646112610135,vortex,1,1.0,E0027168
N0018279,junction,main,359.7044982910156,355.8151010646961,3.889397226319545,2.3072140287305274,vortex,1,1.0,E0018302
N0029759,junction,main,369.8706359863281,365.2122445127599,4.6583914735682015,2.3055511089663696,vortex,1,1.0,E0030067
N0026460,junction,lateral,341.3716125488281,337.4929666210857,3.8786459277424115,2.3053255332592357,vortex,1,1.0,E0026798
N0036208,junction,main,367.9552917480469,364.09878484075756,3.8565069072893152,2.3039532967221703,vortex,1,1.0,E0036429
N0048853,junction,lateral,481.18365478515625,477.3241246725367,3.8595301126195523,2.30361768575591,vortex,1,1.0,E0048714
N0043449,junction,main,435.0351257324219,431.1768409887166,3.858284743705269,2.3026739855594087,vortex,1,1.0,E0043393
N0005080,junction,main,349.279296875,345.07789545360635,4.201401421393655,2.2999237111884554,vortex,1,1.0,E0005288
N0015629,junction,lateral,321.9876403808594,316.2423884232227,5.745251957636697,2.2982666573683446,vortex,1,1.0,E0015595
N0017088,junction,lateral,352.44415283203125,348.5556044683436,3.8885483636876756,2.297850397945467,vortex,1,1.0,E0016981
N0033077,junction,main,383.3251647949219,379.3155715888112,4.009593206110651,2.297476987889354,vortex,1,1.0,E0033425
N0045667,junction,main,436.9766845703125,433.1235716129071,3.853112957405415,2.297072539379826,vortex,1,1.0,E0045692
N0024517,junction,sub main,388.93841552734375,383.43171462251536,5.506700904828392,2.2955374836135434,vortex,1,1.0,E0024868
N0026480,junction,trunk main,392.13665771484375,385.07906248000285,7.057595234840903,2.29491450411615,vortex,1,1.0,E0026840
N0012986,junction,main,353.2865295410156,346.8214170799021,6.465112461113506,2.2940124050494433,vortex,1,1.0,E0013224
N0043191,junction,sub main,427.15496826171875,421.94000532660806,5.214962935110691,2.293809565299341,vortex,1,1.0,E0043091
N0048519,junction,sub main,493.953369140625,487.3276168900307,6.625752250594303,2.2917896236568254,vortex,1,1.0,E0048392
N0020314,junction,main,360.35888671875,356.2291146375143,4.129772081235728,2.2900403313655033,vortex,1,1.0,E0020234
N0032347,junction,sub main,395.0310974121094,387.40532300370427,7.625774408405107,2.2887874951613867,vortex,1,1.0,E0032681
N0041080,junction,main,419.2101745605469,415.3711387064689,3.839035854077963,2.2878510050255727,vortex,1,1.0,E0041006
N0038412,junction,main,404.4718322753906,400.07265055405605,4.399181721334571,2.283152833856434,vortex,1,1.0,E0038338
N0045450,junction,main,424.4820861816406,419.1805643456193,5.3015218360213225,2.2828331660103913,vortex,1,1.0,E0045531
N0038897,junction,lateral,333.7137145996094,329.00922392963963,4.7044906699697435,2.282364178938735,vortex,1,1.0,E0038811
N0048317,junction,main,480.87518310546875,476.93139138937016,3.9437917160985876,2.282053101180338,vortex,1,1.0,E0048233
N0038632,junction,main,358.77386474609375,354.69979303688297,4.074071709210784,2.28166491795281,vortex,1,1.0,E0038604
N0023504,junction,main,378.2727966308594,374.4354179955916,3.8373786352677826,2.28076828054742,vortex,1,1.0,E0023746
N0027498,junction,lateral,374.2773132324219,370.22362971974536,4.053683512676514,2.280171929888297,vortex,1,1.0,E0027888
N0031907,junction,main,371.68267822265625,367.8458991115437,3.8367791111125484,2.2801606671450827,vortex,1,1.0,E0032194
N0000162,junction,main,340.3439636230469,335.9990928330365,4.344870790010361,2.2795975985415566,vortex,1,1.0,E0002241
N0040932,junction,main,415.8310852050781,411.955855446071,3.8752297590071407,2.278716864197179,vortex,1,1.0,E0040823
N0025854,junction,main,373.2783203125,369.35097857329066,3.9273417392093393,2.27806826753681,vortex,1,1.0,E0026054
N0012821,junction,main,333.1893005371094,328.69263376471537,4.496666772394008,2.2775758370104313,vortex,1,1.0,E0013037
N0019788,junction,main,363.5065612792969,359.4516635768894,4.054897702407459,2.2755127923425675,vortex,1,1.0,E0019740
N0026058,junction,sub main,384.37445068359375,377.9253764056628,6.449074277930947,2.2745865051289798,vortex,1,1.0,E0026297
N0010145,junction,main,342.1726989746094,337.3719632152263,4.8007357593830875,2.2737114841207813,vortex,1,1.0,E0010488
N0048992,junction,main,493.2759094238281,488.473759127077,4.802150296751108,2.272181202705383,vortex,1,1.0,E0048859
N0044101,junction,main,440.0035095214844,436.0961561865175,3.907353334966899,2.271060706114156,vortex,1,1.0,E0044165
N0036039,junction,sub main,337.2788391113281,333.1440259575687,4.13481315375941,2.269346222114507,vortex,1,1.0,E0036120
N0037451,junction,main,338.83453369140625,334.62543590852425,4.209097782881997,2.2678622088270686,vortex,1,1.0,E0037500
N0005344,junction,main,327.25653076171875,322.7764323279596,4.480098433759167,2.266700637132317,vortex,1,1.0,E0005520
N0014821,junction,main,323.4345703125,315.39537913235273,8.03919118014727,2.2662765227137243,vortex,1,1.0,E0014876
N0035460,junction,main,387.9379577636719,384.11783260288166,3.8201251607902122,2.2649950567258657,vortex,1,1.0,E0035666
N0017204,junction,trunk main,351.63568115234375,347.1085593689603,4.52712178338345,2.2632600748776213,vortex,1,1.0,E0017038
N0019855,junction,lateral,363.21112060546875,358.45892332972795,4.752197275740798,2.2595606664693264,vortex,1,1.0,E0019788
N0003623,junction,lateral,328.6850891113281,324.59166400080767,4.093425110520457,2.259248013497654,vortex,1,1.0,E0003965
N0044821,junction,main,437.3760681152344,432.68727637406187,4.688791741172508,2.2572932568668307,vortex,1,1.0,E0044888
N0001025,junction,main,311.4347229003906,305.9094822928888,5.525240607501814,2.2559024595554433,vortex,1,1.0,E0002741
N0008208,junction,lateral,330.93292236328125,326.7716193804968,4.161302982784434,2.254796117327885,vortex,1,1.0,E0008373
N0045126,junction,main,429.4615173339844,425.61450819909186,3.8470091348925166,2.2537727069758375,vortex,1,1.0,E0045145
N0025007,junction,lateral,380.3155212402344,376.41736271437014,3.8981585258642326,2.2530302789875236,vortex,1,1.0,E0025318
N0026441,junction,main,345.8831787109375,339.06010104076637,6.823077670171131,2.247833495565885,vortex,1,1.0,E0026766
N0015570,junction,lateral,345.7985534667969,341.6844994006981,4.114054066098788,2.246706552923456,vortex,1,1.0,E0015533
N0006878,junction,main,382.33453369140625,377.73807190736926,4.59646178403699,2.245340141069505,vortex,1,1.0,E0007118
N0040869,junction,lateral,423.325927734375,419.4041599200238,3.921767814351199,2.2426107240316355,vortex,1,1.0,E0040774
N0027729,junction,main,392.4248962402344,387.50393398897563,4.920962251258743,2.2410662528990883,vortex,1,1.0,E0028047
N0040044,junction,main,401.1972351074219,397.3714576453491,3.8257774620727787,2.2396935823718422,vortex,1,1.0,E0039971
N0002482,junction,main,341.3839416503906,336.9773351739559,4.4066064764347175,2.2393346504910596,vortex,1,1.0,E0003538
N0033678,junction,main,384.2139892578125,380.41438471285466,3.7996045449578446,2.2378485466973643,vortex,1,1.0,E0033853
N0022663,junction,main,364.8857727050781,360.6499298157529,4.235842889325227,2.23651035848917,vortex,1,1.0,E0022770
N0038523,junction,lateral,346.94366455078125,342.4260197602448,4.517644790536451,2.2345053018456724,vortex,1,1.0,E0038447
N0006120,junction,lateral,334.4934387207031,330.12105312654717,4.372385594155958,2.2338058426282714,vortex,1,1.0,E0006306
N0035640,junction,main,341.3570556640625,336.8008111252391,4.556244538823421,2.2313452978403916,vortex,1,1.0,E0035812
N0018496,junction,main,372.8195495605469,369.0363019842836,3.78324757626325,2.2305892983282547,vortex,1,1.0,E0018422
N0023995,junction,main,378.584716796875,374.80095198801183,3.783764808863168,2.23039982793523,vortex,1,1.0,E0024241
N0020510,junction,main,361.890625,357.6695902544936,4.221034745506415,2.229856009909099,vortex,1,1.0,E0020494
N0030796,junction,lateral,386.16522216796875,381.55756130137763,4.607660866591118,2.2289808928628077,vortex,1,1.0,E0031133
N0013524,junction,lateral,345.13165283203125,340.68951949987,4.442133332161234,2.228397409926174,vortex,1,1.0,E0013715
N0045359,junction,main,436.3226318359375,432.3323957856883,3.990236050249223,2.2239711847809644,vortex,1,1.0,E0045441
N0011503,junction,lateral,353.219970703125,349.2610643165743,3.958906386550723,2.2214106414721186,vortex,1,1.0,E0011653
N0005729,junction,sub main,331.7884216308594,326.5639440442571,5.224477586602291,2.220086398352521,vortex,1,1.0,E0005892
N0027106,junction,main,388.3965148925781,383.32270704610863,5.073807846469492,2.2196164771501685,vortex,1,1.0,E0027496
N0044683,junction,main,445.4683837890625,441.6908322771636,3.777551511898878,2.2188006940161813,vortex,1,1.0,E0044753
N0036596,junction,lateral,388.1962585449219,384.3909466361428,3.8053119087790606,2.217691089725122,vortex,1,1.0,E0036740
N0025616,junction,main,376.02685546875,372.11262980524367,3.914225663506329,2.21564630549733,vortex,1,1.0,E0025884
N0014700,junction,main,335.3899841308594,329.35419264838,6.035791482479397,2.215467571333818,vortex,1,1.0,E0014798
N0013088,junction,main,344.2736511230469,340.15025440212924,4.12339672091764,2.214900901280032,vortex,1,1.0,E0013274
N0036205,junction,main,393.20660400390625,388.37107726235485,4.835526741551405,2.2130259770779617,vortex,1,1.0,E0036420
N0033240,junction,main,342.2553405761719,335.79675197865737,6.458588597514506,2.2077684103556408,vortex,1,1.0,E0033569
N0029829,junction,main,368.697021484375,364.9143840275789,3.782637456796124,2.206275651588271,vortex,1,1.0,E0030168
N0048537,junction,lateral,487.70135498046875,483.93955206928143,3.761802911187317,2.2057291039917573,vortex,1,1.0,E0048394
N0030500,junction,main,367.86346435546875,360.8078884651904,7.055575890278362,2.2029730754391608,vortex,1,1.0,E0030766
N0017426,junction,trunk main,353.6173400878906,349.1897331755658,4.427606912324848,2.2014800578490394,vortex,1,1.0,E0017270
N0028273,junction,sub main,334.5985107421875,330.4311833722127,4.167327369974828,2.2004853715630475,vortex,1,1.0,E0028568
N0016875,junction,main,443.8707580566406,440.0833942224877,3.787363834152927,2.1998508267553802,vortex,1,1.0,E0016664
N0033815,junction,main,341.953857421875,338.1976109209104,3.7562465009646075,2.1983714775049066,vortex,1,1.0,E0033994
N0008099,junction,main,423.6844482421875,418.7463683079585,4.938079934228995,2.1947226835749234,vortex,1,1.0,E0008276
N0029406,junction,main,336.11761474609375,332.36882880848736,3.7487859376063852,2.194691408031929,vortex,1,1.0,E0029720
N0026302,junction,main,373.287841796875,369.3922096295468,3.8956321673281877,2.1919795925123253,vortex,1,1.0,E0026511
N0024684,junction,main,378.9171447753906,375.16968685536096,3.7474579200296603,2.1901558437837707,vortex,1,1.0,E0024924
N0041038,junction,sub main,416.4842834472656,412.31652378348787,4.167759663777758,2.185431168213711,vortex,1,1.0,E0040952
N0018064,junction,sub main,357.7422790527344,353.93476424098054,3.8075148117538333,2.1829220756524137,vortex,1,1.0,E0017963
N0016943,junction,lateral,360.4260559082031,356.5025059122983,3.923549995904807,2.182329334679366,vortex,1,1.0,E0016773
N0036158,junction,sub main,390.3053894042969,386.09957627198435,4.205813132312528,2.180937962719497,vortex,1,1.0,E0036361
N0031164,junction,lateral,389.126220703125,385.1092828453267,4.016937857798325,2.18042866602309,vortex,1,1.0,E0031487
N0028925,junction,lateral,381.82550048828125,377.49551504901495,4.329985439266295,2.179488783839247,vortex,1,1.0,E0029279
N0018539,junction,main,360.20538330078125,356.47109440862386,3.7342888921573945,2.1789730616583824,vortex,1,1.0,E0018448
N0036261,junction,lateral,362.5032958984375,358.6439730074082,3.859322891029308,2.178323718263357,vortex,1,1.0,E0036480
N0006779,junction,sub main,422.62939453125,412.20380537722184,10.42558915402816,2.178000851556419,vortex,1,1.0,E0007019
N0032677,junction,lateral,386.4761657714844,382.5415673300563,3.9345984414280792,2.1773936866059103,vortex,1,1.0,E0032848
N0037069,junction,sub main,357.150390625,352.99625342932774,4.154137195672263,2.176287351828762,vortex,1,1.0,E0037188
N0049566,junction,main,505.2926025390625,500.0815071538619,5.211095385200622,2.1755920794311123,vortex,1,1.0,E0049327
N0018186,junction,main,363.3439636230469,359.43476537656886,3.909198246478013,2.17507210207566,vortex,1,1.0,E0018106
N0023981,junction,main,389.2761535644531,385.54485585228906,3.7312977121640643,2.173638226731157,vortex,1,1.0,E0024264
N0049113,junction,main,497.0958251953125,490.65174490209876,6.444080293213744,2.1672872705505597,vortex,1,1.0,E0048985
N0017353,junction,sub main,353.2783203125,348.47406101115473,4.804259301345269,2.1668644121045304,vortex,1,1.0,E0017197
N0033763,junction,lateral,350.2022399902344,345.9123080080023,4.289931982232076,2.1667972337178867,vortex,1,1.0,E0033961
N0007612,junction,lateral,328.85809326171875,324.5956539875846,4.262439274134124,2.1604017423429127,vortex,1,1.0,E0008117
N0034125,junction,main,383.4584045410156,379.5422479409636,3.916156600052034,2.1600591879427498,vortex,1,1.0,E0034328
N0000940,outfall,main,400.9872741699219,395.7586153543044,5.22865881561745,2.157119855213409,vortex,1,1.0,E0000883
N0014745,junction,lateral,336.31842041015625,330.5919764030326,5.726444007123632,2.1553912467237524,vortex,1,1.0,E0014811
N0035822,junction,sub main,399.4844665527344,393.2134509449262,6.271015607808181,2.1547614180507253,vortex,1,1.0,E0035922
N0046438,junction,main,438.1754150390625,434.1954458502381,3.979969188824384,2.1504878215737335,vortex,1,1.0,E0046343
N0041893,junction,main,424.4656677246094,417.7027055164388,6.762962208170563,2.1492025210173438,vortex,1,1.0,E0041834
N0048223,junction,main,483.7972412109375,475.75369298639185,8.043548224545646,2.1453750406254812,vortex,1,1.0,E0048078
N0045037,junction,main,435.5622253417969,431.8209574859026,3.7412678558942503,2.1444425983432893,vortex,1,1.0,E0045106
N0005624,junction,main,423.102783203125,419.40570881201273,3.6970743911122668,2.1425847540874656,vortex,1,1.0,E0005710
N0022291,junction,lateral,369.48785400390625,365.6375672432655,3.8502867606407563,2.1408495518746236,vortex,1,1.0,E0022417
N0048564,junction,main,498.8053283691406,495.0844876933667,3.7208406757739,2.140584799306623,vortex,1,1.0,E0048463
N0042423,junction,main,423.0472717285156,418.61123966704065,4.436032061474975,2.139788272397027,vortex,1,1.0,E0042265
N0027601,junction,main,375.9976806640625,371.8739977987601,4.123682865302385,2.1392781480680014,vortex,1,1.0,E0027979
N0016227,junction,main,350.4698791503906,345.9467887260038,4.523090424386851,2.1390309981080122,vortex,1,1.0,E0016136
N0045211,junction,main,422.94281005859375,419.16266395642924,3.780146102164508,2.1380442467388434,vortex,1,1.0,E0045220
N0035836,junction,lateral,399.2782897949219,395.16615251350566,4.11213728141621,2.1340017668936184,vortex,1,1.0,E0035930
N0023120,junction,sub main,379.0477294921875,370.97613685641375,8.071592635773754,2.1339247760276407,vortex,1,1.0,E0023338
N0045899,junction,main,438.8677673339844,431.1948643771511,7.672902956833298,2.130297321008584,vortex,1,1.0,E0045891
N0041420,junction,main,404.213134765625,399.05672756751295,5.156407198112049,2.127844194163629,vortex,1,1.0,E0041317
N0030452,junction,main,378.9638671875,375.26298779248947,3.7008793950105314,2.126473448502452,vortex,1,1.0,E0030746
N0018587,junction,main,362.6100769042969,357.0227087766502,5.587368127646698,2.126287029948685,vortex,1,1.0,E0018498
N0047936,junction,main,482.5274963378906,478.8424804410218,3.6850158968688334,2.1244022177598367,vortex,1,1.0,E0047775
N0038450,junction,main,391.0030822753906,387.04490099903677,3.958181276353855,2.122015367986137,vortex,1,1.0,E0038371
N0031648,junction,main,342.9747314453125,338.95932119502737,4.015410250285129,2.1202151971770604,vortex,1,1.0,E0031953
N0046224,junction,main,431.0978088378906,427.40384353893864,3.69396529895198,2.119823871810354,vortex,1,1.0,E0046118
N0014149,junction,lateral,326.3763122558594,322.59484815085307,3.7814641050063074,2.1187748868119343,vortex,1,1.0,E0014185
N0024981,junction,sub main,388.3908386230469,377.67823389150567,10.712604731541205,2.1164467653435395,vortex,1,1.0,E0025271
N0015921,junction,main,350.80926513671875,344.75009795570463,6.059167181014118,2.1131431002809222,vortex,1,1.0,E0015826
N0044086,junction,sub main,437.5846252441406,426.61577976173265,10.968845482407971,2.112581527798625,vortex,1,1.0,E0044185
N0037363,junction,sub main,390.836181640625,386.923039386712,3.9131422539130085,2.1123955469561224,vortex,1,1.0,E0037382
N0025843,junction,main,373.5482482910156,368.6563259279571,4.891922363058541,2.108642858183714,vortex,1,1.0,E0026115
N0028063,junction,lateral,372.4943542480469,368.8323789408798,3.661975307167097,2.1072665719412953,vortex,1,1.0,E0028352
N0023844,junction,lateral,350.0365905761719,346.2248677313969,3.8117228447749767,2.1069330913081217,vortex,1,1.0,E0024094
N0032482,junction,main,394.81195068359375,391.1509446662694,3.6610060173243255,2.1065520490475933,vortex,1,1.0,E0032742
N0040670,junction,main,416.2868347167969,410.5224460287055,5.764388688091401,2.105849355027317,vortex,1,1.0,E0040548
N0033721,junction,main,377.2900085449219,373.630577402798,3.6594311421238785,2.1053240274563336,vortex,1,1.0,E0033904
N0041933,junction,main,419.92816162109375,415.30887054185786,4.619291079235893,2.10453979978098,vortex,1,1.0,E0041841
N0019145,junction,sub main,361.0286560058594,357.2796666772786,3.7489893285807625,2.10341810232336,vortex,1,1.0,E0019099
N0036670,junction,main,393.29205322265625,388.80294057763086,4.489112645025386,2.1033929543660292,vortex,1,1.0,E0036764
N0048689,junction,main,495.6941223144531,489.3434996319028,6.350622682550352,2.1030490817373675,vortex,1,1.0,E0048589
N0012313,junction,sub main,331.83489990234375,322.3558087698363,9.479091132507449,2.1023163486249814,vortex,1,1.0,E0012649
N0018687,junction,main,372.074462890625,367.2453248226088,4.829138068016221,2.101116299172645,vortex,1,1.0,E0018576
N0019332,junction,main,361.0368957519531,357.3442466887333,3.6926490632198465,2.0984268716000543,vortex,1,1.0,E0019377
N0013459,junction,main,351.3092956542969,347.4699524096857,3.8393432446112,2.0970218870999133,vortex,1,1.0,E0013684
N0035335,junction,main,398.3627014160156,394.1872298351664,4.175471580849205,2.095642844508575,vortex,1,1.0,E0035588
N0014288,junction,lateral,346.7891540527344,343.11605843995557,3.673095612778809,2.0916588910003497,vortex,1,1.0,E0014405
N0009863,junction,lateral,321.731689453125,317.1262096404348,4.6054798126901915,2.091375482485887,vortex,1,1.0,E0010220
N0046431,junction,main,441.594482421875,437.9305155716916,3.6639668501833853,2.090992887720404,vortex,1,1.0,E0046324
N0013244,junction,lateral,332.8244934082031,328.9236081173531,3.900885290849999,2.0905884315359913,vortex,1,1.0,E0013438
N0005829,junction,sub main,318.0506286621094,312.8124809324088,5.238147729700586,2.0878434240830757,vortex,1,1.0,E0005973
N0009460,junction,sub main,342.5959167480469,335.420909039301,7.175007708745852,2.087725381437906,vortex,1,1.0,E0009700
N0014841,junction,lateral,350.1769104003906,346.52167234342477,3.6552380569658567,2.0873399413726474,vortex,1,1.0,E0014925
N0017083,junction,main,363.49566650390625,359.85276752593694,3.6428989779693097,2.0871457731544183,vortex,1,1.0,E0016986
N0045498,junction,lateral,422.59661865234375,418.93544165168566,3.6611770006580855,2.0870629055714858,vortex,1,1.0,E0045555
N0015882,junction,main,323.6930236816406,319.5050391775201,4.18798450412055,2.0868108233296425,vortex,1,1.0,E0015779
N0015574,junction,sub main,347.34014892578125,336.9885224559373,10.35162646984395,2.0850975695831835,vortex,1,1.0,E0015530
N0005888,junction,main,435.4959716796875,429.1472272950115,6.348744384676024,2.083124291742763,vortex,1,1.0,E0006184
N0022443,junction,lateral,365.73046875,361.9787522554769,3.751716494523123,2.081771089054712,vortex,1,1.0,E0022534
N0010289,junction,main,334.9744567871094,330.2306398466936,4.7438169404157975,2.078295377203517,vortex,1,1.0,E0010576
N0019103,junction,main,360.83544921875,357.1759813100085,3.659467908741476,2.0752174926172984,vortex,1,1.0,E0019050
N0039517,junction,main,414.8354187011719,407.95634400279596,6.879074698375916,2.074745131822567,vortex,1,1.0,E0039390
N0038351,junction,sub main,418.1018371582031,412.9042829249438,5.197554233259325,2.0744582712785586,vortex,1,1.0,E0038325
N0016917,junction,trunk main,352.29644775390625,345.73495165591567,6.5614960979905845,2.0742913945774717,vortex,1,1.0,E0016748
N0025945,junction,main,367.320068359375,362.59322920461955,4.726839154755453,2.0731649892891824,vortex,1,1.0,E0026167
N0045373,junction,main,438.378662109375,434.23616870611687,4.142493403258129,2.0730190501064385,vortex,1,1.0,E0045461
N0021370,junction,sub main,363.5617980957031,359.8053746172764,3.7564234784267114,2.0724548749650467,vortex,1,1.0,E0021304
N0025573,junction,main,375.0271301269531,371.35191995491675,3.6752101720363726,2.069743710255352,vortex,1,1.0,E0025894
N0034270,junction,sub main,336.22515869140625,331.11215351549635,5.113005175909905,2.067494982220353,vortex,1,1.0,E0034445
N0047064,junction,main,463.0085754394531,457.8549293568634,5.153646082589717,2.063443397774904,vortex,1,1.0,E0046978
N0046004,junction,main,431.1529846191406,427.0654281137583,4.087556505382338,2.0628642206675067,vortex,1,1.0,E0045976
N0019833,junction,main,364.6187438964844,360.20339966188135,4.415344234603026,2.062800609680778,vortex,1,1.0,E0019777
N0027636,junction,lateral,344.3403625488281,340.02099296631326,4.319369582514867,2.0614012115689206,vortex,1,1.0,E0028003
N0025811,junction,main,371.7304992675781,368.1180583734428,3.612440894135318,2.061097449473152,vortex,1,1.0,E0026013
N0029497,junction,sub main,387.1507568359375,381.8793085436969,5.2714482922406205,2.0604850670844144,vortex,1,1.0,E0029829
N0048730,junction,lateral,487.01324462890625,483.0421852576277,3.9710593712785567,2.060227203113925,vortex,1,1.0,E0048635
N0042181,junction,main,419.2931823730469,415.6130253192778,3.680157053769051,2.059431798751973,vortex,1,1.0,E0042014
N0005690,junction,main,334.72998046875,328.5429016666229,6.1870788021270755,2.0592313298070053,vortex,1,1.0,E0005862
N0035952,junction,main,378.4005432128906,374.67834495568945,3.722198257201171,2.0591714858209684,vortex,1,1.0,E0036026
N0023353,junction,main,348.98297119140625,345.07993960952035,3.903031581885898,2.057490103365751,vortex,1,1.0,E0023599
N0022997,junction,lateral,379.66973876953125,375.1307190158981,4.53901975363317,2.054519890025233,vortex,1,1.0,E0023188
N0043940,junction,main,435.0007629394531,430.83434530422363,4.166417635229493,2.053826916150058,vortex,1,1.0,E0044033
N0022333,junction,main,377.2868957519531,372.2719665467094,5.014929205243732,2.0529036931794735,vortex,1,1.0,E0022444
N0013154,junction,lateral,347.2380676269531,343.42579918452014,3.8122684424329805,2.052020088991924,vortex,1,1.0,E0013342
N0017462,junction,main,357.2329406738281,351.0630406800953,6.169899993732827,2.050619010890955,vortex,1,1.0,E0017372
N0022183,junction,lateral,374.7107238769531,371.0792099216299,3.6315139553232143,2.0483965043789567,vortex,1,1.0,E0022295
N0005513,junction,main,396.0294494628906,391.9434851751532,4.085964287737397,2.047344519017031,vortex,1,1.0,E0005645
N0034013,junction,main,378.66815185546875,374.9198261159566,3.748325739512154,2.0469217027741706,vortex,1,1.0,E0034219
N0013419,junction,main,325.4783935546875,321.87817304784244,3.600220506845062,2.045871831826844,vortex,1,1.0,E0013576
N0028612,junction,lateral,376.916748046875,373.30813917624994,3.608608870625062,2.0452446606025205,vortex,1,1.0,E0028862
N0017659,junction,main,359.6918640136719,354.0521122254005,5.639751788271383,2.0421186889176397,vortex,1,1.0,E0017508
N0006823,junction,main,423.5685729980469,419.97545603585263,3.5931169621942445,2.042085968687104,vortex,1,1.0,E0007071
N0043064,junction,lateral,429.0823974609375,425.23039422455577,3.8520032363817336,2.0399560429573285,vortex,1,1.0,E0042917
N0040082,junction,lateral,350.02490234375,344.5195217705788,5.5053805731711805,2.0391840266698296,vortex,1,1.0,E0040027
N0022843,junction,main,370.36737060546875,366.6489783933862,3.7183922120825628,2.0382105081914688,vortex,1,1.0,E0023032
N0040097,junction,sub main,347.6780090332031,340.93434562326786,6.743663409935266,2.035165195760783,vortex,1,1.0,E0040026
N0020941,junction,sub main,379.42108154296875,371.4499142084555,7.971167334513268,2.0347428433212826,vortex,1,1.0,E0020893
N0018221,junction,lateral,361.545166015625,356.7643083927903,4.780857622834674,2.031437453217052,vortex,1,1.0,E0018194
N0008507,junction,sub main,340.8587341308594,334.15823576209414,6.700498368765238,2.031333024785397,vortex,1,1.0,E0008691
N0008974,junction,sub main,444.4410095214844,434.0874450576189,10.353564463865496,2.030346965879687,vortex,1,1.0,E0009242
N0044691,junction,lateral,434.46893310546875,430.87453726108396,3.594395844384792,2.0250414984228655,vortex,1,1.0,E0044769
N0009496,junction,main,436.8919982910156,424.50972652118895,12.382271769826673,2.0244624321106244,vortex,1,1.0,E0009730
N0045867,junction,main,440.9342956542969,437.1699920614962,3.7643035928006725,2.0233811485061324,vortex,1,1.0,E0045861
N0027656,junction,main,338.8515625,334.8810802057768,3.9704822942231885,2.0231003822478897,vortex,1,1.0,E0028018
N0014239,junction,lateral,351.3191833496094,347.69378392235876,3.6253994272506134,2.022865622772372,vortex,1,1.0,E0014326
N0048930,junction,main,493.07879638671875,485.78837420874254,7.290422177976211,2.0194776408616804,vortex,1,1.0,E0048799
N0026774,junction,main,372.2958679199219,368.38594660814897,3.909921311772905,2.018949927057008,vortex,1,1.0,E0027183
N0028238,junction,main,378.1546325683594,373.25219329305463,4.902439275304744,2.016024640696287,vortex,1,1.0,E0028532
N0029400,junction,sub main,335.42047119140625,330.86685042993184,4.553620761474406,2.0134845228209315,vortex,1,1.0,E0029718
N0038588,junction,main,401.9329528808594,398.1974024207664,3.735550460092952,2.0128983826455737,vortex,1,1.0,E0038514
N0016143,junction,main,346.10797119140625,341.98038007857485,4.1275911128313965,2.010023362282652,vortex,1,1.0,E0016001
N0027364,junction,main,372.6872863769531,368.48575958476914,4.201526792183984,2.009923292093788,vortex,1,1.0,E0027733
N0033140,junction,main,388.6234130859375,384.9904767727089,3.6329363132285835,2.0092906210901447,vortex,1,1.0,E0033457
N0000698,junction,main,488.1257019042969,484.49266753086755,3.633034373429325,2.008611591750423,vortex,1,1.0,E0002516
N0022446,junction,main,380.0716247558594,376.2225740778225,3.8490506780368605,2.007922775905854,vortex,1,1.0,E0022591
N0043284,junction,main,430.56317138671875,427.0022434862778,3.5609279004409586,2.0077181424995842,vortex,1,1.0,E0043194
N0028321,junction,lateral,387.68682861328125,384.12015089199303,3.5666777212882153,2.0075128359966925,vortex,1,1.0,E0028633
N0030985,junction,main,378.9237365722656,375.3457525192757,3.5779840529899047,2.0063915093552964,vortex,1,1.0,E0031278
N0017610,junction,sub main,356.59521484375,352.60631821648553,3.9888966272644666,2.006068955095543,vortex,1,1.0,E0017431
N0038757,junction,lateral,404.7856140136719,400.88985113845064,3.895762875221237,2.0042797755804145,vortex,1,1.0,E0038684
N0026265,junction,main,372.16998291015625,368.54215110749107,3.6278318026651846,2.0033168076318475,vortex,1,1.0,E0026448
N0018970,junction,lateral,373.7498474121094,370.17780135623707,3.572046055872306,2.0020291722551633,vortex,1,1.0,E0018927
N0004528,junction,main,348.20733642578125,344.65194767957894,3.5553887462023113,2.0009574073548606,vortex,1,1.0,E0004829
N0039225,junction,main,427.1716003417969,423.57565417662386,3.595946165173018,2.000182936605313,vortex,1,1.0,E0039110
N0016966,junction,main,444.6990051269531,440.96159656325545,3.73740856369767,1.9985369696339603,backdrop,0,1.0,E0016814
N0021485,junction,main,349.7637023925781,346.02272461252295,3.740977780055175,1.9981997455317355,backdrop,0,1.0,E0021390
N0041273,junction,main,407.86053466796875,404.30937529883,3.551159369138759,1.9963124237854686,backdrop,0,1.0,E0041156
N0035884,junction,main,367.8340148925781,364.0150683692574,3.818946523320733,1.996295557656424,backdrop,0,1.0,E0035963
N0000592,junction,lateral,406.22430419921875,402.35682692279227,3.8674772764264844,1.995946666266775,backdrop,0,1.0,E0002466
N0037716,junction,main,369.2024230957031,365.56050362220583,3.641919473497296,1.995281625023381,backdrop,0,1.0,E0037739
N0005697,junction,main,334.7447814941406,329.4810082860411,5.263773208099508,1.994427781173158,backdrop,0,1.0,E0005871
N0043328,junction,sub main,427.15045166015625,422.3820358264016,4.768415833754659,1.9934085489999234,backdrop,0,1.0,E0043284
N0011803,junction,lateral,334.53533935546875,330.91569406435235,3.6196452911163988,1.993307944709045,backdrop,0,1.0,E0012142
N0037480,junction,lateral,346.7282409667969,341.9458495162907,4.782391450506168,1.9919798135236988,backdrop,0,1.0,E0037516
N0031073,junction,sub main,336.79534912109375,332.3953684181324,4.399980702961329,1.9919646721586446,backdrop,0,1.0,E0031418
N0018734,junction,main,366.37847900390625,362.81349043159383,3.5649885723124157,1.990454131315687,backdrop,0,1.0,E0018629
N0018979,junction,main,369.8226318359375,366.2775831976294,3.545048638308117,1.9868731113242006,backdrop,0,1.0,E0018921
N0011799,junction,main,334.41387939453125,327.28134870890796,7.132530685623294,1.986585093369854,backdrop,0,1.0,E0012106
N0027074,junction,lateral,337.3878479003906,333.74390752741994,3.6439403729706896,1.9844112217271004,backdrop,0,1.0,E0027412
N0026565,junction,lateral,384.9521179199219,379.2924508582202,5.6596670617016684,1.9839478600353573,backdrop,0,1.0,E0026901
N0031626,junction,main,363.17803955078125,359.63452638625165,3.5435131645295996,1.9838556901106585,backdrop,0,1.0,E0031922
N0015790,junction,lateral,347.7253112792969,342.58296982957603,5.1423414497208455,1.9838421252375724,backdrop,0,1.0,E0015740
N0047969,junction,main,487.50238037109375,483.829040763554,3.673339607539731,1.9830880861052265,backdrop,0,1.0,E0047928
N0043308,junction,main,426.9154357910156,420.4485863824892,6.4668494085264,1.979834036268187,backdrop,0,1.0,E0043273
N0004809,junction,lateral,328.8802795410156,325.17545564901934,3.704823891996284,1.9790332112423812,backdrop,0,1.0,E0005066
N0015608,junction,main,342.04779052734375,338.3280396524229,3.7197508749208623,1.9781004681535137,backdrop,0,1.0,E0015559
N0019181,junction,lateral,358.7250061035156,348.99994005500236,9.72506604851327,1.977931880788617,backdrop,0,1.0,E0019125
N0016278,junction,lateral,347.638916015625,340.2688846012218,7.370031414403172,1.9764413928478461,backdrop,0,1.0,E0016153
N0025861,junction,main,382.13507080078125,377.29671309933036,4.838357701450889,1.9734275336950873,backdrop,0,1.0,E0026095
N0034446,junction,sub main,393.46484375,386.41576905946414,7.0490746905358606,1.9723100728771215,backdrop,0,1.0,E0034777
N0045589,junction,sub main,438.9150390625,430.9982785800694,7.916760482430618,1.9722447241252894,backdrop,0,1.0,E0045660
N0013913,junction,main,350.2140197753906,346.61167885597445,3.6023409194161786,1.9700785736328612,backdrop,0,1.0,E0013970
N0042848,junction,main,429.64190673828125,425.59010386020213,4.0518028780791155,1.9696679563346606,backdrop,0,1.0,E0042640
N0034418,junction,main,380.3306579589844,372.77361519268914,7.55704276629524,1.9693927001009115,backdrop,0,1.0,E0034767
N0013869,junction,main,393.88623046875,389.9056489330348,3.980581535715203,1.9684877338108322,backdrop,0,1.0,E0013960
N0014429,junction,lateral,333.2312316894531,326.91857625131706,6.312655438136062,1.9681739377004988,backdrop,0,1.0,E0014496
N0045689,junction,main,436.3851013183594,432.86176529027534,3.5233360280840316,1.967982699411607,backdrop,0,1.0,E0045707
N0024729,junction,main,371.41693115234375,367.6021280057711,3.8148031465726717,1.9666724722320055,backdrop,0,1.0,E0025007
N0034377,junction,sub main,391.38653564453125,387.3830649283458,4.003470716185461,1.96370401110579,backdrop,0,1.0,E0034601
N0003840,junction,main,317.3366394042969,311.67456121098235,5.662078193314528,1.963074998744844,backdrop,0,1.0,E0004272
N0013625,junction,main,336.08380126953125,332.2530431576407,3.830758111890532,1.962653102111119,backdrop,0,1.0,E0013834
N0033085,junction,main,383.8278503417969,378.3390284151933,5.488821926603578,1.9617903387297133,backdrop,0,1.0,E0033432
N0000453,junction,sub main,315.3658142089844,309.20570598552257,6.160108223461805,1.9610218736263505,backdrop,0,1.0,E0002399
N0019350,junction,main,360.6407470703125,356.0139056989759,4.626841371336582,1.9590506604440634,backdrop,0,1.0,E0019366
N0017310,junction,main,364.0751953125,360.56252171776424,3.512673594735759,1.9572237863998225,backdrop,0,1.0,E0017134
N0017840,junction,main,362.9693298339844,359.4606221114801,3.508707722504255,1.9561993204322903,backdrop,0,1.0,E0017764
N0046285,junction,main,441.6414489746094,437.85980489357297,3.7816440810364043,1.9557614383272721,backdrop,0,1.0,E0046183
N0037901,junction,main,392.2247009277344,388.71411228919374,3.5105886385406393,1.9556746787137058,backdrop,0,1.0,E0037905
N0006170,junction,lateral,332.1185607910156,328.49081166780786,3.6277491232077637,1.9545457921731213,backdrop,0,1.0,E0006375
N0031127,junction,lateral,389.9546813964844,385.8983836867435,4.056297709740875,1.95433809924441,backdrop,0,1.0,E0031460
N0020414,junction,main,352.1894836425781,348.5907208563595,3.5987627862186287,1.9536257401196622,backdrop,0,1.0,E0020363
N0048726,junction,main,494.1375427246094,490.5183918575666,3.6191508670427766,1.9525989239538148,backdrop,0,1.0,E0048629
N0019388,junction,lateral,353.56451416015625,349.6688722437457,3.8956419164105682,1.9511709376192243,backdrop,0,1.0,E0019410
N0029826,junction,sub main,385.09552001953125,374.96734821448206,10.128171805049192,1.95107192800549,backdrop,0,1.0,E0030113
N0035915,junction,main,388.4725646972656,384.48406415236866,3.988500544896965,1.9500940706994925,backdrop,0,1.0,E0035999
N0039128,junction,sub main,403.3729553222656,399.71574470371786,3.657210618547765,1.9462238569919919,backdrop,0,1.0,E0039012
N0014887,junction,lateral,356.5585021972656,353.04739174872225,3.511110448543377,1.9461779703922275,backdrop,0,1.0,E0014934
N0006520,junction,main,341.9006042480469,338.3710717712542,3.5295324767926672,1.9449788959912553,backdrop,0,1.0,E0006699
N0021496,junction,main,381.56597900390625,377.748880496136,3.817098507770254,1.9442707399235815,backdrop,0,1.0,E0021447
N0047613,junction,main,476.82562255859375,472.5549710854667,4.270651473127032,1.9437721644661679,backdrop,0,1.0,E0047405
N0020655,junction,trunk main,367.50360107421875,362.9203274908172,4.583273583401535,1.9435681716246336,backdrop,0,1.0,E0020410
N0028928,junction,sub main,385.1759033203125,380.99463710829326,4.1812662120192385,1.9390467678405798,backdrop,0,1.0,E0029274
N0005839,junction,sub main,442.1108093261719,432.18122222032196,9.929587105849919,1.9387081532743196,backdrop,0,1.0,E0006045
N0010831,junction,lateral,337.22686767578125,333.30948634108904,3.917381334692209,1.9385558790869482,backdrop,0,1.0,E0011043
N0030986,junction,main,385.6745300292969,381.4938540126976,4.18067601659925,1.938549776701052,backdrop,0,1.0,E0031283
N0032568,junction,main,381.1076965332031,377.5672434708374,3.5404530623657138,1.936035823174791,backdrop,0,1.0,E0032799
N0030636,junction,lateral,385.1797180175781,381.46968828951856,3.710029728059567,1.935634336219323,backdrop,0,1.0,E0030962
N0024411,junction,main,381.7015686035156,376.2141591906982,5.487409412817442,1.9350573374587157,backdrop,0,1.0,E0024767
N0036368,junction,main,338.0730895996094,333.5732380394107,4.499851560198692,1.932481234435727,backdrop,0,1.0,E0036549
N0025804,junction,main,378.1348876953125,374.6245675838666,3.5103201114458784,1.9308964359921674,backdrop,0,1.0,E0025997
N0045345,junction,main,435.5172424316406,432.0334773062949,3.4837651253457125,1.9294074017032017,backdrop,0,1.0,E0045432
N0049358,junction,main,500.8737487792969,497.37447205417925,3.4992767251176247,1.9291523464091824,backdrop,0,1.0,E0049172
N0046906,junction,lateral,432.3725891113281,428.88884497938795,3.4837441319401705,1.928398186519189,backdrop,0,1.0,E0046809
N0018365,junction,lateral,363.8143310546875,359.64006887843055,4.174262176256946,1.9281301569151879,backdrop,0,1.0,E0018360
N0018004,junction,main,365.6989440917969,360.21530263246825,5.483641459328624,1.9273098080498698,backdrop,0,1.0,E0017928
N0042470,junction,main,425.81109619140625,422.12852403741516,3.6825721539910887,1.9263389964257271,backdrop,0,1.0,E0042279
N0019986,junction,lateral,363.29449462890625,359.6519976565242,3.642496972382048,1.9220777241717428,backdrop,0,1.0,E0019903
N0031751,junction,main,387.1724853515625,383.6945532009348,3.47793215062768,1.9220605685966348,backdrop,0,1.0,E0032037
N0044258,junction,main,444.8028259277344,441.32849963834127,3.4743262893931046,1.9198624492843805,backdrop,0,1.0,E0044364
N0030099,junction,sub main,386.5054016113281,382.59849176525,3.906909846078122,1.9197150157485794,backdrop,0,1.0,E0030397
N0023082,junction,main,377.7530822753906,373.7952665913099,3.9578156840807424,1.919318737070796,backdrop,0,1.0,E0023256
N0031735,junction,lateral,389.4487609863281,385.96751807987323,3.481242906454895,1.9172024137880612,backdrop,0,1.0,E0032020
N0033731,chamber,lateral,411.1684875488281,407.37931708177825,3.789170467049871,1.9154255460065883,backdrop,0,1.0,E0033483
N0019680,junction,trunk main,367.3515625,360.64710134404794,6.70446115595206,1.9154184128234988,backdrop,0,1.0,E0019432
N0041835,junction,main,349.8716125488281,346.2926739456868,3.578938603141353,1.9152206943782062,backdrop,0,1.0,E0041749
N0044224,junction,lateral,426.0809631347656,421.2045968711409,4.876366263624732,1.9149145632744649,backdrop,0,1.0,E0044326
N0042566,junction,main,427.25543212890625,423.60698817935804,3.6484439495482093,1.91398603798541,backdrop,0,1.0,E0042382
N0040463,junction,main,422.4036560058594,416.2611966189213,6.1424593869380715,1.9134820934580148,backdrop,0,1.0,E0040345
N0025328,junction,sub main,374.66387939453125,364.9368775592586,9.727001835272631,1.9134272584158794,backdrop,0,1.0,E0025670
N0023229,junction,main,385.48046875,381.51460437893246,3.965864371067539,1.9093824701246263,backdrop,0,1.0,E0023545
N0024435,junction,sub main,378.84307861328125,371.0948974541815,7.748181159099772,1.9093125924823084,backdrop,0,1.0,E0024778
N0003873,junction,lateral,367.2648620605469,363.8002604631676,3.4646015973792714,1.906819285079564,backdrop,0,1.0,E0004299
N0031928,junction,main,396.1285095214844,392.243574843348,3.8849346781364034,1.906704164856933,backdrop,0,1.0,E0032211
N0027114,junction,main,386.3594970703125,382.74368959810033,3.6158074722121682,1.9055417640101382,backdrop,0,1.0,E0027511
N0040043,junction,main,410.7746276855469,406.6653682784674,4.109259407079492,1.9020417191662773,backdrop,0,1.0,E0039969
N0015243,junction,lateral,347.1515197753906,342.8295156924933,4.322004082897308,1.8991451302409814,backdrop,0,1.0,E0015299
N0043052,junction,main,431.8778381347656,426.1179682216478,5.759869913117825,1.897338172523689,backdrop,0,1.0,E0042901
N0017348,junction,trunk main,352.9844970703125,348.9507334574143,4.033763612898213,1.8972237421041882,backdrop,0,1.0,E0017203
N0010884,junction,main,333.4872741699219,328.9294799982433,4.557794171678552,1.896092290702029,backdrop,0,1.0,E0011133
N0023286,junction,sub main,369.697998046875,359.8712169977478,9.826781049127192,1.8931031358307564,backdrop,0,1.0,E0023449
N0019603,junction,main,361.0004577636719,357.4532968248622,3.547160938809668,1.8928227159744324,backdrop,0,1.0,E0019583
N0019912,junction,main,358.167724609375,353.77407424277874,4.393650366596262,1.8922426594855892,backdrop,0,1.0,E0019855
N0029390,junction,sub main,344.81292724609375,334.3405143649692,10.47241288112457,1.889932989974909,backdrop,0,1.0,E0029716
N0032737,junction,main,367.1714782714844,363.61681699056237,3.554661280922005,1.889656605504797,backdrop,0,1.0,E0032916
N0032702,junction,main,388.6124267578125,384.9003379908223,3.7120887669901776,1.8895736213993928,backdrop,0,1.0,E0032894
N0012026,junction,main,420.9351501464844,417.3310519401901,3.6040982062942817,1.8859755016410986,backdrop,0,1.0,E0012344
N0038837,junction,main,358.7459716796875,354.96324086753305,3.7827308121544547,1.8846628833489376,backdrop,0,1.0,E0038765
N0015389,junction,sub main,313.8221435546875,307.79015625953093,6.0319872951565685,1.8840644191632236,backdrop,0,1.0,E0015413
N0002931,junction,main,452.59197998046875,449.0581460144719,3.5338339659968483,1.880050675758298,backdrop,0,1.0,E0003842
N0041842,junction,trunk main,425.5283203125,417.89736885490333,7.630951457596666,1.8797531840809256,backdrop,0,1.0,E0041782
N0015548,junction,lateral,346.6963195800781,343.16756519579536,3.528754384282763,1.879615458222304,backdrop,0,1.0,E0015500
N0018876,junction,lateral,372.9892578125,369.42203072202864,3.5672270904713628,1.8770795723702918,backdrop,0,1.0,E0018831
N0037219,junction,main,404.5738830566406,398.1208254052691,6.453057651371523,1.8752826540977594,backdrop,0,1.0,E0037314
N0014144,junction,sub main,325.7099304199219,313.86200515223635,11.847925267685525,1.873629242001357,backdrop,0,1.0,E0014184
N0030184,junction,main,384.71551513671875,380.4988376540748,4.216677482643945,1.8732889935581056,backdrop,0,1.0,E0030492
N0025910,junction,sub main,374.3078918457031,365.9984003495511,8.30949149615202,1.8728615991523725,backdrop,0,1.0,E0026123
N0034800,junction,sub main,398.6513366699219,391.8890380703367,6.762298599585165,1.8713329267199015,backdrop,0,1.0,E0035088
N0027361,junction,main,372.4029846191406,368.96480309400414,3.4381815251364856,1.8712331102685766,backdrop,0,1.0,E0027728
N0016034,junction,main,310.090087890625,306.50122901904365,3.588858871581351,1.8711552516435859,backdrop,0,1.0,E0015937
N0015538,junction,lateral,347.935546875,342.8642257865021,5.071321088497882,1.8699613952562117,backdrop,0,1.0,E0015485
N0030583,junction,lateral,390.5443420410156,386.99299353729475,3.551348503720874,1.8682617479478836,backdrop,0,1.0,E0030902
N0044212,junction,main,425.9352722167969,419.54044876061965,6.394823456177221,1.8667230302989992,backdrop,0,1.0,E0044318
N0038143,junction,main,402.433837890625,396.04991031472576,6.383927575899236,1.866546772092704,backdrop,0,1.0,E0038186
N0020395,junction,sub main,368.1163024902344,364.67955450283904,3.4367479873953357,1.865233883990129,backdrop,0,1.0,E0020362
N0027056,junction,main,338.4257507324219,332.5775627799313,5.848187952490548,1.8650950084565352,backdrop,0,1.0,E0027409
N0019604,junction,main,366.451416015625,362.9861949622098,3.4652210534151777,1.8644183172932003,backdrop,0,1.0,E0019575
N0013291,junction,lateral,333.8975524902344,330.4795517604941,3.4180007297402994,1.863892912585868,backdrop,0,1.0,E0013462
N0019923,junction,sub main,358.96112060546875,352.95447639102883,6.006644214439916,1.861732102100973,backdrop,0,1.0,E0019886
N0037126,junction,lateral,347.8683166503906,344.04249988544433,3.825816764946296,1.8613313717664823,backdrop,0,1.0,E0037219
N0017920,junction,sub main,357.2943420410156,353.63246389979366,3.661878141221962,1.8612174065438012,backdrop,0,1.0,E0017826
N0038736,junction,sub main,417.19647216796875,413.72388478710457,3.4725873808641836,1.8609960590237051,backdrop,0,1.0,E0038673
N0031880,junction,sub main,386.6632080078125,376.2086488105584,10.454559197254127,1.8607001456057901,backdrop,0,1.0,E0032127
N0006897,junction,main,330.2458190917969,326.29524215302,3.9505769387768623,1.860494374979396,backdrop,0,1.0,E0007174
N0038619,junction,main,391.0817565917969,387.6551316595334,3.4266249322634508,1.8599090051881149,backdrop,0,1.0,E0038576
N0043596,junction,main,434.7808532714844,431.19102544820765,3.589827823276721,1.8590530273080503,backdrop,0,1.0,E0043532
N0044413,junction,main,439.9145202636719,436.28000394962595,3.634516314045925,1.8577699809494561,backdrop,0,1.0,E0044455
N0014310,junction,main,345.2349853515625,339.10795285252146,6.127032499041036,1.8573866691108378,backdrop,0,1.0,E0014419
N0003735,junction,main,421.9865417480469,418.1924258033534,3.7941159446934876,1.8546908310517551,backdrop,0,1.0,E0004128
N0049264,junction,main,500.6557922363281,496.9816097379263,3.6741824984018194,1.8532779863933229,backdrop,0,1.0,E0049110
N0040592,junction,lateral,421.79412841796875,418.3808339936602,3.4132944243085603,1.8530780133314693,backdrop,0,1.0,E0040515
N0039382,junction,lateral,415.3367614746094,411.86884664510393,3.467914829505446,1.8526782587945263,backdrop,0,1.0,E0039255
N0030913,junction,main,382.00494384765625,378.4743509763397,3.5305928713165713,1.851575714741955,backdrop,0,1.0,E0031180
N0035120,junction,sub main,360.0979309082031,348.10780559791414,11.990125310288988,1.8480988039517001,backdrop,0,1.0,E0035299
N0014973,junction,lateral,347.1763916015625,342.89337671057234,4.2830148909901595,1.845506569776603,backdrop,0,1.0,E0015037
N0022566,junction,trunk main,382.59942626953125,377.82195698101094,4.777469288520308,1.8450127142186261,backdrop,0,1.0,E0022696
N0035360,junction,main,385.2181701660156,381.63375825867774,3.5844119073378806,1.843167936715247,backdrop,0,1.0,E0035609
N0016489,junction,lateral,347.1708068847656,343.76864655664895,3.402160328116679,1.8426284079598076,backdrop,0,1.0,E0016334
N0024792,junction,sub main,371.2335510253906,366.1887391485286,5.044811876862013,1.8422257351510325,backdrop,0,1.0,E0025146
N0023586,junction,sub main,379.5430908203125,373.0743835188309,6.468707301481572,1.8405965247676477,backdrop,0,1.0,E0023890
N0036239,junction,main,388.29022216796875,384.63703473777645,3.653187430192304,1.8397823963996416,backdrop,0,1.0,E0036462
N0029810,junction,lateral,378.8310546875,375.4382146464757,3.3928400410242716,1.8386005390780156,backdrop,0,1.0,E0030093
N0032060,junction,main,387.87884521484375,384.4654718706687,3.4133733441750564,1.8368650696878603,backdrop,0,1.0,E0032418
N0009896,junction,sub main,317.8528137207031,314.2517380738528,3.6010756468503473,1.8366176685878486,backdrop,0,1.0,E0010251
N0039659,junction,main,401.8948059082031,397.36715500634705,4.527650901856077,1.835497345586191,backdrop,0,1.0,E0039514
N0034278,junction,lateral,337.8310546875,334.342430334974,3.488624352526017,1.8351017397104101,backdrop,0,1.0,E0034463
N0024985,junction,sub main,382.1440734863281,374.2868181751437,7.857255311184417,1.8331043954151482,backdrop,0,1.0,E0025306
N0029201,junction,lateral,369.2391357421875,365.7933482075481,3.4457875346394076,1.8323420765995593,backdrop,0,1.0,E0029533
N0017457,junction,main,362.3016662597656,358.90554619387706,3.3961200658885673,1.831877575352621,backdrop,0,1.0,E0017319
N0010374,junction,lateral,330.91845703125,327.5295819261288,3.388875105121201,1.8307959439993624,backdrop,0,1.0,E0010650
N0014210,junction,main,348.8519592285156,344.9237276413761,3.9282315871395213,1.8304342055147913,backdrop,0,1.0,E0014298
N0040202,junction,main,407.39215087890625,402.43468125243464,4.957469626471607,1.8289128512971615,backdrop,0,1.0,E0040093
N0000847,junction,lateral,385.0751037597656,381.6244505908887,3.4506531688768973,1.8256707023347758,backdrop,0,1.0,E0002610
N0031515,junction,main,388.6748046875,383.7653111748281,4.909493512671872,1.825095489794137,backdrop,0,1.0,E0031837
N0036937,junction,main,400.9955749511719,394.85886234712035,6.1367126040515245,1.824069100104623,backdrop,0,1.0,E0037085
N0018176,junction,main,365.3797302246094,360.6191004595406,4.760629765068757,1.8234950070799414,backdrop,0,1.0,E0018079
N0032442,junction,main,371.5698547363281,367.89333327644624,3.676521459881883,1.8221190883712666,backdrop,0,1.0,E0032729
N0048400,junction,lateral,486.1251220703125,482.7350017258289,3.3901203444835915,1.8198775623287702,backdrop,0,1.0,E0048303
N0047640,junction,trunk main,478.4184875488281,470.9302530319051,7.488234516923001,1.8188546159629482,backdrop,0,1.0,E0047459
N0031655,junction,sub main,337.44793701171875,332.88431900451144,4.56361800720731,1.8184600097228554,backdrop,0,1.0,E0031969
N0026936,junction,main,368.9924621582031,365.42013317378075,3.57232898442237,1.8181636436116833,backdrop,0,1.0,E0027285
N0041147,junction,lateral,348.0126037597656,344.6025884442216,3.410015315544001,1.817539630740498,backdrop,0,1.0,E0041066
N0018550,junction,trunk main,354.8631896972656,347.64418611814705,7.219003579118578,1.817391755588801,backdrop,0,1.0,E0018486
N0011629,junction,lateral,341.77972412109375,338.39329105302943,3.3864330680643207,1.8147812952513505,backdrop,0,1.0,E0011844
N0025249,junction,main,371.6451110839844,367.93695067068006,3.708160413304313,1.8111995971700594,backdrop,0,1.0,E0025565
N0021580,junction,main,367.3141784667969,363.47561181132625,3.838566655470629,1.8096110090766047,backdrop,0,1.0,E0021599
N0037415,junction,main,369.4110412597656,365.12623404814127,4.284807211624354,1.8086935233365011,backdrop,0,1.0,E0037476
N0011010,junction,lateral,349.95172119140625,344.6648780112231,5.286843180183155,1.8084540936464464,backdrop,0,1.0,E0011250
N0024246,junction,main,370.4886779785156,367.13169162210204,3.356986356413586,1.8068667275088046,backdrop,0,1.0,E0024478
N0026132,junction,main,376.11016845703125,372.15534982397025,3.954818633060995,1.8068503618690102,backdrop,0,1.0,E0026353
N0029120,junction,lateral,381.05084228515625,377.68010237870004,3.3707399064562082,1.805668164090548,backdrop,0,1.0,E0029461
N0033709,junction,main,388.90240478515625,385.51271972543054,3.389685059725707,1.8040237249654751,backdrop,0,1.0,E0033903
N0012927,junction,sub main,330.7068176269531,322.0472527591462,8.659564867806921,1.8026647201205037,backdrop,0,1.0,E0013158
N0035051,junction,main,385.02093505859375,381.43667073525774,3.584264323336015,1.8025497604230054,backdrop,0,1.0,E0035203
N0006141,junction,sub main,339.8493957519531,333.640730802885,6.2086649490681225,1.8023424598587212,backdrop,0,1.0,E0006371
N0007164,junction,sub main,321.89324951171875,317.25704757278476,4.6362019389339935,1.8003327550130166,backdrop,0,1.0,E0007660
N0022228,junction,main,384.6099853515625,380.98675312704677,3.623232224515732,1.7985881822550027,backdrop,0,1.0,E0022356
N0031453,junction,main,381.2564697265625,376.49044972195145,4.76602000461105,1.7983208573121487,backdrop,0,1.0,E0031789
N0004755,junction,lateral,327.29046630859375,323.75248590389776,3.537980404695986,1.7948613839009795,backdrop,0,1.0,E0005044
N0036405,junction,main,346.62322998046875,343.27295340094236,3.350276579526394,1.7940948395736882,backdrop,0,1.0,E0036566
N0001111,outfall,lateral,319.61871337890625,316.26533340451203,3.3533799743942154,1.7940729590676483,backdrop,0,1.0,E0001010
N0026867,junction,sub main,377.8099670410156,370.95852479848907,6.851442242526559,1.7938048468575403,backdrop,0,1.0,E0027250
N0010343,junction,lateral,338.9815673828125,335.1885104167116,3.7930569661008917,1.7922676784160672,backdrop,0,1.0,E0010613
N0027400,junction,lateral,370.89544677734375,367.514069143468,3.3813776338757293,1.789707392138439,backdrop,0,1.0,E0027760
N0027358,junction,lateral,370.9434814453125,367.6010498432768,3.342431602035674,1.7884521098483788,backdrop,0,1.0,E0027750
N0005786,junction,main,325.18927001953125,321.75408692477646,3.435183094754791,1.7880364269026927,backdrop,0,1.0,E0005943
N0025086,junction,main,388.2110595703125,384.496166410351,3.714893159961491,1.7877389298016055,backdrop,0,1.0,E0025479
N0020228,junction,main,352.0403137207031,348.17260537588606,3.8677083448170606,1.7869941567590217,backdrop,0,1.0,E0020170
N0002723,junction,lateral,331.4671630859375,327.1888021322968,4.278360953640686,1.7863323410869612,backdrop,0,1.0,E0003649
N0015092,junction,main,324.4280700683594,313.40766645021813,11.020403618141245,1.7851909950969684,backdrop,0,1.0,E0015132
N0020129,junction,sub main,360.0942687988281,355.7317398487614,4.362528950066746,1.7826715015189052,backdrop,0,1.0,E0020086
N0021531,junction,sub main,365.88311767578125,357.92948949032643,7.953628185454818,1.7807579871598023,backdrop,0,1.0,E0021504
N0027736,junction,lateral,387.7254333496094,384.0234709738473,3.7019623757620934,1.778281414694959,backdrop,0,1.0,E0028081
N0010710,junction,main,342.0067138671875,335.95424240257523,6.0524714646122675,1.7774203709357153,backdrop,0,1.0,E0010926
N0026245,junction,main,378.1137390136719,374.6657986401228,3.447940373549102,1.777112855060011,backdrop,0,1.0,E0026435
N0016958,junction,main,323.04248046875,319.60510041356696,3.4373800551830413,1.7769787705011026,backdrop,0,1.0,E0016796
N0009604,junction,trunk main,341.2820129394531,328.76829719556906,12.513715743884063,1.7761660291048997,backdrop,0,1.0,E0009884
N0008261,junction,lateral,341.2077331542969,337.8526693300481,3.3550638242487594,1.7757530376147201,backdrop,0,1.0,E0008455
N0026533,junction,main,381.4762268066406,377.15650868336235,4.319718123278278,1.775745579147042,backdrop,0,1.0,E0026875
N0042936,junction,lateral,428.8715515136719,425.51747040355934,3.3540811101125314,1.7738740909481407,backdrop,0,1.0,E0042780
N0027846,junction,lateral,377.9554443359375,374.6178818261947,3.3375625097427815,1.7705008393172648,backdrop,0,1.0,E0028146
N0023388,junction,sub main,381.059814453125,376.1960031179105,4.863811335214507,1.765466522114707,backdrop,0,1.0,E0023641
N0017565,junction,main,359.1696472167969,352.0820201335002,7.087627083296695,1.765367462276913,backdrop,0,1.0,E0017411
N0034166,junction,main,378.0141296386719,374.1895640438203,3.824565594851549,1.7640185688518386,backdrop,0,1.0,E0034358
N0019454,junction,sub main,372.3395690917969,368.5984430948853,3.7411259969115918,1.7610258480710286,backdrop,0,1.0,E0019459
N0031159,junction,main,390.0120544433594,385.77170017791366,4.240354265445717,1.7609491273965432,backdrop,0,1.0,E0031481
N0012392,junction,lateral,329.6153259277344,325.7807108147832,3.8346151129511554,1.7605630283619007,backdrop,0,1.0,E0012688
N0030567,junction,main,388.57464599609375,385.2329542918414,3.341691704252355,1.7567788763017802,backdrop,0,1.0,E0030897
N0030312,junction,main,369.5138854980469,365.6134055981299,3.900479899917002,1.752298525887511,backdrop,0,1.0,E0030615
N0008606,junction,trunk main,404.210205078125,400.71035558419015,3.499849493934846,1.7521163814820966,backdrop,0,1.0,E0008824
N0045235,junction,lateral,423.7090759277344,418.663615338704,5.04546058903037,1.7521054639238969,backdrop,0,1.0,E0045222
N0035348,junction,main,397.6788330078125,392.4758652663407,5.202967741471809,1.7511718867747277,backdrop,0,1.0,E0035608
N0030339,junction,lateral,378.8811340332031,375.579636002713,3.3014980304901087,1.7507977903043752,backdrop,0,1.0,E0030633
N0036272,junction,main,378.2986145019531,374.93573570921416,3.362878792738968,1.7491768007151904,backdrop,0,1.0,E0036491
N0037012,junction,main,392.5797119140625,389.271627127193,3.308084786869472,1.7479556416200808,backdrop,0,1.0,E0037131
N0040466,junction,main,420.0311584472656,416.6874844606025,3.343673986663134,1.746881657250185,backdrop,0,1.0,E0040346
N0009540,junction,main,432.1332702636719,427.5578536129193,4.575416650752572,1.746275706855954,backdrop,0,1.0,E0009809
N0029092,junction,main,375.7513427734375,372.0528083197393,3.698534453698187,1.7449138788593928,backdrop,0,1.0,E0029434
N0028819,junction,trunk main,395.82281494140625,391.23398582723377,4.5888291141724835,1.7442324370859978,backdrop,0,1.0,E0029179
N0049575,junction,main,506.2489318847656,500.95797070578874,5.290961178976886,1.7415591518416704,backdrop,0,1.0,E0049338
N0016440,junction,trunk main,352.33251953125,344.1667049628206,8.165814568429425,1.740790934360973,backdrop,0,1.0,E0016283
N0036202,junction,lateral,386.6327209472656,383.3389889889605,3.293731958305102,1.7400102010234946,backdrop,0,1.0,E0036411
N0012010,junction,lateral,435.59307861328125,432.30070817926423,3.292370434017016,1.7394553891829787,backdrop,0,1.0,E0012329
N0015567,junction,lateral,347.5948791503906,344.1803244167778,3.4145547336128175,1.7390191930985566,backdrop,0,1.0,E0015519
N0038935,junction,main,408.04046630859375,398.42661933636555,9.613846972228203,1.736946609253323,backdrop,0,1.0,E0038859
N0004664,junction,main,453.1116638183594,449.4092266267473,3.7024371916120913,1.7311614542342113,backdrop,0,1.0,E0004951
N0040732,junction,main,346.5503845214844,342.2159523705114,4.334432150972987,1.7307489922062018,backdrop,0,1.0,E0040598
N0043532,junction,trunk main,440.9855041503906,431.76943148271687,9.216072667673757,1.7284302975753008,backdrop,0,1.0,E0043475
N0029793,junction,lateral,383.45745849609375,380.1736114837359,3.283847012357853,1.7280412561743788,backdrop,0,1.0,E0030096
N0012713,junction,lateral,341.8983154296875,336.1679164489064,5.7303989807811035,1.7236707063464678,backdrop,0,1.0,E0012919
N0016319,junction,main,349.9796142578125,346.55404852776866,3.425565730043843,1.7197235342153476,backdrop,0,1.0,E0016169
N0033642,junction,lateral,375.5756530761719,372.236553664144,3.339099412027849,1.719537644449872,backdrop,0,1.0,E0033831
N0040433,junction,sub main,423.8271789550781,419.02823738821525,4.798941566862879,1.7191262546795087,backdrop,0,1.0,E0040372
N0023626,junction,lateral,380.2411193847656,374.2497369383696,5.991382446396017,1.7191157233649506,backdrop,0,1.0,E0023916
N0021937,junction,trunk main,382.6275939941406,370.90068237708,11.726911617060637,1.7158447070951297,backdrop,0,1.0,E0021974
N0002636,junction,main,394.77374267578125,391.11893774651026,3.6548049292709948,1.7156630835680744,backdrop,0,1.0,E0003578
N0016032,junction,lateral,313.6225891113281,309.13230224993106,4.490286861397067,1.7156598272883912,backdrop,0,1.0,E0015931
N0039762,junction,main,401.4331970214844,398.1646551685412,3.2685418529432013,1.7139153880989397,backdrop,0,1.0,E0039650
N0043943,junction,main,436.6064453125,429.646567234897,6.95987807760298,1.7111058063762812,backdrop,0,1.0,E0044086
N0006111,junction,lateral,336.0386657714844,332.7616307144692,3.277035057015155,1.7101045046911736,backdrop,0,1.0,E0006311
N0017895,junction,main,362.1141052246094,356.84589985767354,5.268205366935831,1.7089327089582298,backdrop,0,1.0,E0017873
N0031012,junction,lateral,368.2393798828125,363.7361634418342,4.503216440978292,1.7077646907533222,backdrop,0,1.0,E0031368
N0004700,junction,trunk main,345.1726989746094,341.5145796874879,3.658119287121451,1.7059561533067154,backdrop,0,1.0,E0005008
N0008963,junction,lateral,445.73321533203125,442.4806080418438,3.2526072901874272,1.7008711563640304,backdrop,0,1.0,E0009240
N0022189,junction,main,350.8273620605469,343.9360217727287,6.8913402878181955,1.6966981199704492,backdrop,0,1.0,E0022280
N0015983,junction,lateral,346.282958984375,342.99999113600234,3.282967848372664,1.6961669310348384,backdrop,0,1.0,E0015894
N0030550,junction,lateral,338.5954284667969,335.0694190697269,3.52600939706997,1.69599844211956,backdrop,0,1.0,E0030850
N0028298,junction,main,392.1789245605469,388.2137955567581,3.9651290037887748,1.6925529421396277,backdrop,0,1.0,E0028594
N0037987,junction,main,369.1551208496094,365.6320704653044,3.523050384304952,1.6919194371876642,backdrop,0,1.0,E0037948
N0000247,junction,main,490.0031433105469,486.12437960076693,3.878763709779946,1.6916126798180926,backdrop,0,1.0,E0002270
N0000126,junction,main,420.3623352050781,417.10640099116216,3.255934213915964,1.6913639028485363,backdrop,0,1.0,E0002219
N0044288,junction,main,444.6443786621094,441.26539132944,3.3789873326693964,1.6911512733405516,backdrop,0,1.0,E0044397
N0019199,junction,lateral,356.3602600097656,349.2049500962542,7.155309913511417,1.690780267980756,backdrop,0,1.0,E0019155
N0012950,junction,lateral,328.5173034667969,322.709393848804,5.807909617992891,1.6905987919536756,backdrop,0,1.0,E0013144
N0042935,junction,main,430.35186767578125,426.91816195382273,3.4337057219585176,1.6902551471956144,backdrop,0,1.0,E0042796
N0033680,junction,lateral,383.1182861328125,379.85812234799516,3.260163784817337,1.6876168472438735,backdrop,0,1.0,E0033856
N0040771,junction,main,420.9734802246094,417.360114423312,3.613365801297391,1.6872729602950471,backdrop,0,1.0,E0040639
N0018000,junction,trunk main,365.7308349609375,362.488075918614,3.2427590423234847,1.6854820877034626,backdrop,0,1.0,E0017918
N0016862,junction,sub main,356.2712097167969,350.2037347224299,6.0674749943669894,1.6847128475960744,backdrop,0,1.0,E0016652
N0013621,junction,main,338.5291748046875,334.29782565884966,4.231349145837839,1.6834697583801699,backdrop,0,1.0,E0013814
N0038129,junction,main,397.4849853515625,394.1478206850898,3.337164666472688,1.6826710314073239,backdrop,0,1.0,E0038184
N0029260,junction,lateral,387.4739685058594,383.8353273842047,3.6386411216547003,1.6797001871604493,backdrop,0,1.0,E0029664
N0019808,junction,main,361.0119323730469,357.49447469515223,3.5174576778946403,1.678156361264314,backdrop,0,1.0,E0019752
N0019120,junction,main,362.0361633300781,356.7241927735185,5.311970556559629,1.6775097725256956,backdrop,0,1.0,E0019077
N0028577,junction,main,375.8721008300781,371.995618325298,3.8764825047801423,1.677425805112705,backdrop,0,1.0,E0028847
N0004860,junction,main,418.3983459472656,415.1610515767094,3.237294370556242,1.6755134042965665,backdrop,0,1.0,E0005158
N0046857,junction,main,439.3463134765625,436.11780486257913,3.228508613983365,1.675171891322634,backdrop,0,1.0,E0046772
N0028510,junction,lateral,383.2162170410156,379.9915245101352,3.224692530880418,1.6737882987699209,backdrop,0,1.0,E0028824
N0039979,junction,sub main,421.4416198730469,415.1353852446368,6.306234628410095,1.6735836548655811,backdrop,0,1.0,E0039887
N0037630,junction,main,391.86138916015625,388.07469528859633,3.786693871559919,1.6725401552146195,backdrop,0,1.0,E0037650
N0037377,junction,lateral,393.15643310546875,389.74575328095074,3.410679824518013,1.6724103767219276,backdrop,0,1.0,E0037446
N0048356,junction,main,482.6034851074219,478.73395789963007,3.869527207791805,1.6686984340288973,backdrop,0,1.0,E0048260
N0019159,junction,sub main,360.937255859375,357.22045962393497,3.716796235440029,1.667234147698423,backdrop,0,1.0,E0019102
N0044007,junction,main,443.3346252441406,439.9195437054735,3.4150815386671525,1.6663090190500611,backdrop,0,1.0,E0044040
N0019169,junction,main,369.7539367675781,366.52546625109034,3.228470516487789,1.665392770274309,backdrop,0,1.0,E0019104
N0031350,junction,sub main,371.20556640625,365.505685510144,5.699880896105981,1.6619151689422438,backdrop,0,1.0,E0031666
N0039860,junction,lateral,411.81219482421875,408.5993856664915,3.2128091577272357,1.6617715600695533,backdrop,0,1.0,E0039766
N0027981,junction,main,372.7533874511719,369.3863993365057,3.366988114666185,1.6599235104374088,backdrop,0,1.0,E0028257
N0041022,junction,lateral,423.5503234863281,419.94798844877124,3.602335037556884,1.6593188370620169,backdrop,0,1.0,E0040920
N0029514,junction,sub main,386.0406188964844,381.6960833688377,4.344535527646656,1.65912699297985,backdrop,0,1.0,E0029851
N0031607,junction,main,346.2128601074219,342.6528590130316,3.560001094390259,1.6542515826715203,backdrop,0,1.0,E0031888
N0017783,junction,sub main,357.4815979003906,352.4823197154643,4.999278184926311,1.6531660679571587,backdrop,0,1.0,E0017671
N0026830,junction,main,379.7229309082031,376.0199912989205,3.7029396092826232,1.6530558566102513,backdrop,0,1.0,E0027219
N0034245,junction,main,342.1632385253906,338.6392711961659,3.5239673292247176,1.6517910161875875,backdrop,0,1.0,E0034414
N0017872,junction,main,361.37567138671875,356.7316440010416,4.644027385677134,1.6499498440887237,backdrop,0,1.0,E0017782
N0034122,junction,lateral,370.1457214355469,366.9467691931654,3.1989522423814947,1.6488020958947232,backdrop,0,1.0,E0034329
N0023278,junction,main,370.64630126953125,366.9832138456271,3.6630874239041304,1.6478488774976654,backdrop,0,1.0,E0023471
N0028322,junction,main,388.5730285644531,383.2389564054448,5.334072159008315,1.647123244048828,backdrop,0,1.0,E0028667
N0028809,junction,sub main,334.796142578125,330.5437095184701,4.252433059654891,1.646983495410609,backdrop,0,1.0,E0029152
N0044478,junction,main,434.1610412597656,427.75932646143775,6.401714798327873,1.6467339520904147,backdrop,0,1.0,E0044540
N0024489,junction,lateral,378.3656311035156,375.1645531951799,3.2010779083357193,1.6461594023960515,backdrop,0,1.0,E0024798
N0031436,junction,main,382.07794189453125,378.8809336346613,3.1970082598699605,1.6455778731041732,backdrop,0,1.0,E0031754
N0018912,junction,lateral,361.6468505859375,358.36084210585085,3.2860084800866503,1.645454299250673,backdrop,0,1.0,E0018862
N0007411,junction,trunk main,345.8254699707031,342.1190044032253,3.706465567477835,1.64541336459871,backdrop,0,1.0,E0007958
N0011311,junction,sub main,402.66046142578125,398.96459868627204,3.6958627395092094,1.6453305897117616,backdrop,0,1.0,E0011489
N0040952,junction,main,419.62652587890625,416.4027561716155,3.223769707290728,1.6452719680115138,backdrop,0,1.0,E0040831
N0035846,junction,lateral,397.453857421875,393.3299440655861,4.123913356288881,1.644785697147995,backdrop,0,1.0,E0035940
N0029754,junction,main,373.12188720703125,369.8075615391284,3.3143256679028354,1.6446764958831182,backdrop,0,1.0,E0030061
N0027399,junction,main,372.7435302734375,368.4761415185835,4.267388754853982,1.644043074195224,backdrop,0,1.0,E0027768
N0017741,junction,main,362.48687744140625,359.261573832871,3.225303608535228,1.6431716989133065,backdrop,0,1.0,E0017593
N0015984,junction,main,345.5803527832031,341.0830067301294,4.497346053073727,1.6428376485339982,backdrop,0,1.0,E0015906
N0005761,junction,main,332.9815368652344,325.0364902862603,7.945046578974086,1.642160750317828,backdrop,0,1.0,E0005933
N0027724,junction,lateral,391.8249816894531,388.2613330554464,3.563648634006711,1.638812372408836,backdrop,0,1.0,E0028054
N0017757,junction,main,360.06939697265625,354.410634114234,5.658762858422222,1.6378220384294195,backdrop,0,1.0,E0017626
N0041154,junction,lateral,343.4200439453125,340.12897628390454,3.291067661407965,1.6377371386310529,backdrop,0,1.0,E0041072
N0023889,junction,sub main,381.4256286621094,373.3023651222091,8.123263539900279,1.636442582980294,backdrop,0,1.0,E0024152
N0044833,junction,main,429.30615234375,425.46792207205937,3.838230271690634,1.636312427761652,backdrop,0,1.0,E0044891
N0009058,junction,main,402.5037536621094,398.76326918592764,3.7404844761817344,1.6361256616231685,backdrop,0,1.0,E0009339
N0010543,junction,lateral,350.5850524902344,344.9065769972557,5.678475492978691,1.6355159908250698,backdrop,0,1.0,E0010806
N0025342,junction,main,372.9082946777344,368.911610997808,3.9966836799263774,1.6351808988229095,backdrop,0,1.0,E0025620
N0025479,junction,main,340.460205078125,336.1463162277219,4.313888850403089,1.6332599991227426,backdrop,0,1.0,E0025739
N0017364,junction,main,362.2214660644531,358.73825731336336,3.4832087510897622,1.6319668280246447,backdrop,0,1.0,E0017218
N0012630,junction,main,344.29876708984375,340.0563918372157,4.242375252628051,1.6302915567137575,backdrop,0,1.0,E0012848
N0031998,junction,main,370.80078125,366.93950970741815,3.8612715425818465,1.6292767067092768,backdrop,0,1.0,E0032283
N0031802,junction,main,388.7602233886719,385.514400785411,3.2458226032608763,1.62818769154336,backdrop,0,1.0,E0032075
N0018701,junction,main,361.1342468261719,357.7788249816441,3.3554218445277684,1.6271892370177738,backdrop,0,1.0,E0018605
N0030863,junction,main,369.2443542480469,366.0375938913398,3.2067603567070933,1.6245490787467816,backdrop,0,1.0,E0031157
N0026764,junction,main,373.03118896484375,369.70210719352303,3.329081771320716,1.6243923949477335,backdrop,0,1.0,E0027176
N0041790,junction,sub main,421.35418701171875,415.03899028804886,6.315196723669885,1.6242605442744207,backdrop,0,1.0,E0041733
N0012637,junction,main,343.5526428222656,339.48516112864326,4.067481693622369,1.6240475330537834,backdrop,0,1.0,E0012846
N0019328,junction,main,365.0448913574219,361.7652983533041,3.279593004117771,1.6233834360166952,backdrop,0,1.0,E0019355
N0041015,junction,lateral,343.3116760253906,340.0408045764242,3.2708714489664317,1.6231475336829249,backdrop,0,1.0,E0040908
N0020713,junction,lateral,361.24151611328125,357.5016174098819,3.7398987033993762,1.6231365338135788,backdrop,0,1.0,E0020755
N0013962,junction,lateral,344.1091003417969,340.72821181412274,3.3808885276741307,1.6200135284727821,backdrop,0,1.0,E0014019
N0046944,junction,main,458.94744873046875,455.77608962890065,3.1713591015681004,1.6193327343805777,backdrop,0,1.0,E0046879
N0036862,junction,main,407.7570495605469,404.5583844405972,3.1986651199496805,1.6180481398135953,backdrop,0,1.0,E0036971
N0020310,junction,main,359.2133483886719,353.9134996533336,5.299848735338287,1.6172772207700064,backdrop,0,1.0,E0020259
N0008165,junction,main,383.64471435546875,379.3288175316618,4.315896823806952,1.6171506994476204,backdrop,0,1.0,E0008349
N0011333,junction,main,335.5954284667969,328.2250264585105,7.370402008286362,1.6163010606249486,backdrop,0,1.0,E0011540
N0017469,junction,main,358.8118591308594,351.908621110264,6.903238020595381,1.6139321644346296,backdrop,0,1.0,E0017316
N0011738,junction,lateral,334.31976318359375,326.7467819261874,7.572981257406354,1.6138391131371463,backdrop,0,1.0,E0012029
N0006940,junction,main,342.67437744140625,339.4396766640895,3.234700777316732,1.6115066867494647,backdrop,0,1.0,E0007212
N0033143,junction,lateral,386.56689453125,382.3650961235588,4.201798407691172,1.6107626794893122,backdrop,0,1.0,E0033482
N0005177,junction,main,422.0924987792969,417.4983931233071,4.594105655989779,1.6103770080761706,backdrop,0,1.0,E0005378
N0044059,junction,main,437.149658203125,433.98670925475375,3.162948948371252,1.6091931898422445,backdrop,0,1.0,E0044093
N0034043,junction,main,369.998779296875,366.40435150388356,3.594427792991439,1.608510272953822,backdrop,0,1.0,E0034269
N0008239,junction,lateral,341.2181701660156,337.3636150683884,3.8545550976272125,1.6080103881418495,backdrop,0,1.0,E0008427
N0030410,junction,main,378.08746337890625,373.07680374423444,5.010659634671811,1.6059645663003153,backdrop,0,1.0,E0030726
N0023745,junction,main,373.1624755859375,369.23469298587827,3.9277826000592313,1.6055203283386845,backdrop,0,1.0,E0024060
N0045839,junction,main,452.4118957519531,447.60427086591784,4.807624886035285,1.604997105408927,backdrop,0,1.0,E0045882
N0042259,junction,main,419.2174072265625,415.68536652468663,3.5320407018758715,1.6044349128242743,backdrop,0,1.0,E0042172
N0040594,junction,main,419.9955749511719,416.7676405583119,3.227934392859993,1.6042527522347996,backdrop,0,1.0,E0040510
N0039135,junction,lateral,402.8909606933594,399.54940535302217,3.3415553403372087,1.6035590573545164,backdrop,0,1.0,E0039013
N0018944,junction,main,363.71099853515625,360.54687926421803,3.1641192709382153,1.6033915188666583,backdrop,0,1.0,E0018894
N0027357,junction,sub main,373.71630859375,367.0507197094195,6.665588884330475,1.6024212393606945,backdrop,0,1.0,E0027817
N0014739,junction,lateral,329.484619140625,325.30575528569614,4.1788638549288635,1.6006198132400868,backdrop,0,1.0,E0014816
N0041997,junction,main,349.6554870605469,346.42277006399934,3.2327169965475377,1.600341229615026,backdrop,0,1.0,E0041864
N0043504,junction,lateral,427.1526794433594,422.5226146393066,4.630064804052779,1.598430524509297,backdrop,0,1.0,E0043414
N0006196,junction,main,325.476318359375,322.051147751051,3.425170608323981,1.5969842787372386,backdrop,0,1.0,E0006433
N0041009,junction,main,347.97998046875,344.03614551834005,3.9438349504099506,1.5968684502351493,backdrop,0,1.0,E0040904
N0046142,junction,main,438.40020751953125,432.1663378751411,6.233869644390154,1.5963911697510866,backdrop,0,1.0,E0046069
N0019290,junction,main,361.07965087890625,357.39347960464505,3.6861712742611985,1.5963008728237469,backdrop,0,1.0,E0019308
N0019327,junction,main,364.58709716796875,361.14093539479836,3.446161773170388,1.5953231028184405,backdrop,0,1.0,E0019347
N0033047,junction,lateral,381.0392150878906,377.6076322068909,3.431582880999713,1.5951067977643447,backdrop,0,1.0,E0033382
N0025788,junction,main,379.0101013183594,375.8009208328222,3.2091804855371606,1.5949256362214328,backdrop,0,1.0,E0025971
N0046109,junction,main,441.80523681640625,437.6254163927192,4.179820423687033,1.59453430632027,backdrop,0,1.0,E0046043
N0033160,junction,main,367.2239685058594,363.7833049406211,3.4406635652382533,1.5939504983756478,backdrop,0,1.0,E0033490
N0046720,junction,main,439.7297058105469,435.84492197180003,3.8847838387468414,1.5923221147353388,backdrop,0,1.0,E0046628
N0033181,junction,main,349.5355224609375,345.68360396848703,3.8519184924504657,1.5896987686093098,backdrop,0,1.0,E0033520
N0016652,junction,main,442.57269287109375,438.1216845760358,4.451008295057932,1.5878119685173147,backdrop,0,1.0,E0016468
N0003384,junction,main,433.7598876953125,430.60618316247206,3.153704532840436,1.5866965931649588,backdrop,0,1.0,E0003906
N0033639,junction,lateral,374.9712219238281,371.7680866218725,3.2031353019556263,1.5866218849260463,backdrop,0,1.0,E0033849
N0019333,junction,sub main,362.1378173828125,358.06022563419515,4.077591748617351,1.585053041550168,backdrop,0,1.0,E0019374
N0023721,junction,main,375.60125732421875,370.671413603314,4.929843720904728,1.584449646756127,backdrop,0,1.0,E0024030
N0021128,junction,main,379.4107666015625,371.98312240023307,7.427644201329429,1.5843108264774628,backdrop,0,1.0,E0021173
N0026710,junction,main,372.3611145019531,368.92280309400417,3.4383114079489587,1.583006142188708,backdrop,0,1.0,E0027116
N0011195,junction,main,342.2737121582031,338.04110574190827,4.232606416294857,1.5823118722275922,backdrop,0,1.0,E0011366
N0047992,junction,lateral,482.7697448730469,479.5868979206951,3.182846952351781,1.581585777986561,backdrop,0,1.0,E0047837
N0028188,junction,main,369.3210144042969,366.1424403676791,3.1785740366177606,1.5808447391581808,backdrop,0,1.0,E0028453
N0035615,junction,sub main,336.48675537109375,332.866208056978,3.620547314115754,1.5808210892618604,backdrop,0,1.0,E0035791
N0027272,junction,main,374.5268249511719,367.9661240220417,6.560700929130178,1.5805740105236623,backdrop,0,1.0,E0027692
N0040884,junction,main,420.83270263671875,417.6131460418896,3.2195565948291573,1.580473231670851,backdrop,0,1.0,E0040785
N0007320,junction,main,423.76055908203125,420.4543772935781,3.3061817884531592,1.5801473185517239,backdrop,0,1.0,E0007903
N0032998,junction,main,372.5921630859375,368.0116188095044,4.580544276433102,1.5788413959265313,backdrop,0,1.0,E0033342
N0030585,junction,lateral,389.1224670410156,384.78037679611,4.342090244905648,1.5788325971809059,backdrop,0,1.0,E0030929
N0042723,junction,lateral,427.06011962890625,423.0812500443133,3.9788695845929283,1.5770309668055233,backdrop,0,1.0,E0042564
N0027818,junction,main,380.7389831542969,376.59996897309696,4.1390141811999115,1.5764160633362394,backdrop,0,1.0,E0028127
N0020065,junction,trunk main,365.091064453125,354.08967038697887,11.001394066146133,1.5760657306234407,backdrop,0,1.0,E0020029
N0046384,junction,main,430.0215148925781,426.0325983630508,3.98891652952733,1.5751234984582538,backdrop,0,1.0,E0046280
N0008744,junction,main,338.62054443359375,335.4493875992287,3.1711568343650356,1.5749072306363132,backdrop,0,1.0,E0008974
N0009082,junction,main,334.42193603515625,329.7081158317939,4.7138202033623315,1.5738559642481391,backdrop,0,1.0,E0009396
N0018364,junction,main,362.6400451660156,356.90499593238127,5.735049233634356,1.5734315863837764,backdrop,0,1.0,E0018378
N0036679,junction,lateral,367.6998291015625,364.46378460164925,3.2360444999132483,1.572954615558558,backdrop,0,1.0,E0036775
N0008607,junction,trunk main,345.9873352050781,342.8634291051341,3.1239060999440085,1.5728688886121063,backdrop,0,1.0,E0008831
N0043866,junction,main,427.972412109375,424.8279318307338,3.144480278641197,1.5722207571564581,backdrop,0,1.0,E0043935
N0041079,junction,main,419.6479797363281,416.44275617161554,3.2052235647125826,1.5713076829237593,backdrop,0,1.0,E0040995
N0003827,junction,main,395.21759033203125,391.28141460984324,3.936175722188011,1.5700523367417532,backdrop,0,1.0,E0004213
N0010100,junction,main,403.62750244140625,400.2624508968816,3.365051544524647,1.5699740275726413,backdrop,0,1.0,E0010442
N0033718,junction,lateral,386.1000671386719,382.7441374598055,3.355929678866403,1.5671831498210622,backdrop,0,1.0,E0033913
N0011055,junction,lateral,346.0741882324219,340.1214156892278,5.952772543194101,1.5668041303115388,backdrop,0,1.0,E0011291
N0029976,junction,main,338.00225830078125,334.66942080805023,3.3328374927310165,1.5657039696081938,backdrop,0,1.0,E0030304
N0035299,junction,main,393.524658203125,389.2340858370032,4.290572366121808,1.565255616919103,backdrop,0,1.0,E0035530
N0012446,junction,main,314.08587646484375,310.6519389965194,3.433937468324359,1.5633507234251738,backdrop,0,1.0,E0012725
N0041136,junction,main,352.15155029296875,341.435887474615,10.715662818353735,1.5611557522645398,backdrop,0,1.0,E0041048
N0032986,junction,main,394.7742614746094,391.6460456660664,3.1282158085429614,1.5587906345525653,backdrop,0,1.0,E0033327
N0014338,junction,lateral,338.5085144042969,335.10839042042227,3.4001239838746073,1.5582658343856224,backdrop,0,1.0,E0014422
N0018427,junction,lateral,360.5826416015625,356.88809071469205,3.694550886870445,1.5562792695878898,backdrop,0,1.0,E0018386
N0035895,junction,main,383.5044860839844,379.1416186521909,4.362867431793461,1.555155623405824,backdrop,0,1.0,E0035983
N0018850,junction,main,361.2798767089844,358.0005460171598,3.279330691824555,1.5533312510469273,backdrop,0,1.0,E0018745
N0020307,junction,sub main,369.4379577636719,359.7083196223412,9.729638141330668,1.5529415303993233,backdrop,0,1.0,E0020262
N0040217,junction,main,401.0711364746094,397.5764576453491,3.4946788292602946,1.5528757750375917,backdrop,0,1.0,E0040101
N0046630,junction,main,430.85003662109375,427.302297509939,3.5477391111547263,1.5522739060552908,backdrop,0,1.0,E0046505
N0044973,junction,lateral,446.46893310546875,443.338006894886,3.130926210582743,1.5514379021190052,backdrop,0,1.0,E0045029
N0010921,junction,lateral,324.71136474609375,320.48828576278487,4.223078983308881,1.5510734668318378,backdrop,0,1.0,E0011166
N0043650,junction,main,427.3420104980469,424.04228071807734,3.299729779969539,1.5508714677708326,backdrop,0,1.0,E0043618
N0009226,junction,main,338.2050476074219,333.30344742368095,4.901600183740925,1.550328496213524,backdrop,0,1.0,E0009525
N0002465,junction,main,420.3815002441406,417.2144588460363,3.1670413981043453,1.5492768519382025,backdrop,0,1.0,E0003486
N0021790,junction,lateral,379.0864562988281,374.9077597889007,4.17869650992742,1.5474724675506764,backdrop,0,1.0,E0021797
N0028213,junction,main,376.8362121582031,371.0700444458037,5.766167712399408,1.546468692236715,backdrop,0,1.0,E0028503
N0016422,junction,lateral,346.57098388671875,343.4578754826688,3.1131084040499672,1.5457545505237817,backdrop,0,1.0,E0016240
N0017127,junction,lateral,355.9683532714844,352.8610114377554,3.107341833728981,1.544826904154604,backdrop,0,1.0,E0016995
N0023634,junction,main,383.23748779296875,376.80512540752363,6.432362385445117,1.543369962437339,backdrop,0,1.0,E0023939
N0041405,junction,main,406.5238342285156,403.3340882449072,3.189745983608418,1.5431939615897932,backdrop,0,1.0,E0041288
N0019832,junction,main,361.3064880371094,357.27252828036933,4.033959756740046,1.5406457471100907,backdrop,0,1.0,E0019764
N0049578,junction,lateral,504.5606689453125,500.390533343542,4.1701356017704825,1.5398412516529447,backdrop,0,1.0,E0049340
N0030264,junction,sub main,375.7396240234375,368.83604014025286,6.903583883184638,1.5391696367117902,backdrop,0,1.0,E0030584
N0019550,junction,lateral,360.7840270996094,357.686067920453,3.097959179156362,1.5382872928021811,backdrop,0,1.0,E0019501
N0010421,junction,sub main,325.5121154785156,322.4119584331525,3.100157045363119,1.538001200773067,backdrop,0,1.0,E0010721
N0044818,junction,main,432.599853515625,428.6765971771271,3.923256338497879,1.5375567197821738,backdrop,0,1.0,E0044885
N0013636,junction,lateral,338.3163146972656,334.78173523303144,3.5345794642341843,1.5371532688159277,backdrop,0,1.0,E0013838
N0022938,junction,trunk main,382.1949157714844,379.00879077095584,3.186125000528534,1.5359307785759029,backdrop,0,1.0,E0023127
N0032844,junction,main,385.0691833496094,381.4375683854985,3.631614964110895,1.533611898962704,backdrop,0,1.0,E0033093
N0040497,junction,lateral,406.4510498046875,403.1120232464508,3.3390265582366965,1.533178703226838,backdrop,0,1.0,E0040437
N0019730,junction,lateral,360.46685791015625,357.347557917765,3.119299992391234,1.5319511865342292,backdrop,0,1.0,E0019700
N0021552,junction,sub main,363.2825927734375,360.14206699851474,3.1405257749227644,1.5318521781560435,backdrop,0,1.0,E0021549
N0013146,junction,lateral,340.7994689941406,335.89925702618393,4.900211967956693,1.531383852413228,backdrop,0,1.0,E0013329
N0034787,junction,main,388.67584228515625,385.38530055336827,3.2905417317879824,1.5300949550260725,backdrop,0,1.0,E0035075
N0048451,junction,main,498.0846862792969,494.64071658680353,3.44396969249334,1.5287103828884483,backdrop,0,1.0,E0048316
N0009644,junction,lateral,334.9933166503906,331.50972532145613,3.4835913289344944,1.5280548644713576,backdrop,0,1.0,E0009916
N0029682,junction,main,383.06072998046875,379.963792101141,3.096937879327754,1.527151572108778,backdrop,0,1.0,E0029997
N0018914,junction,sub main,360.19769287109375,355.51142349278985,4.686269378303905,1.5264513469830945,backdrop,0,1.0,E0018856
N0017831,junction,trunk main,365.490234375,362.4117307520099,3.0785036229901266,1.5247670507262114,backdrop,0,1.0,E0017753
N0041052,junction,main,417.4954528808594,414.41714405234734,3.0783088285120357,1.524344364101978,backdrop,0,1.0,E0040970
N0017373,junction,lateral,364.15203857421875,360.80139331759,3.350645256628752,1.5216116566288633,backdrop,0,1.0,E0017220
N0019878,junction,lateral,353.9393310546875,350.7351964239832,3.2041346307042886,1.5215130346336991,backdrop,0,1.0,E0019809
N0034271,junction,lateral,335.238037109375,332.0077421384105,3.2302949709645077,1.5209677647003446,backdrop,0,1.0,E0034449
N0038063,junction,main,411.4877014160156,407.85792973935014,3.6297716766654844,1.5188617436538152,backdrop,0,1.0,E0038051
N0027533,junction,main,368.9257507324219,365.50075575126374,3.424994981158136,1.5183219636639365,backdrop,0,1.0,E0027935
N0011295,junction,main,335.0732727050781,328.2016578215379,6.871614883540246,1.517593711697316,backdrop,0,1.0,E0011547
N0014451,junction,main,325.7437438964844,322.42148435370746,3.3222595427769193,1.5165998517961157,backdrop,0,1.0,E0014564
N0009073,junction,trunk main,405.751953125,402.1023076526561,3.6496454723438774,1.5163101401573158,backdrop,0,1.0,E0009373
N0037234,junction,main,405.2098388671875,402.04628940018597,3.1635494670015305,1.5151467735826714,backdrop,0,1.0,E0037291
N0011173,junction,trunk main,342.41961669921875,337.8332135163032,4.5864031829155465,1.5117647058823422,backdrop,0,1.0,E0010941
N0035707,junction,main,400.9669494628906,397.81943906729714,3.1475103955934856,1.5090623038092303,backdrop,0,1.0,E0035871
N0019413,junction,trunk main,378.3664245605469,367.0801699011167,11.286254659430199,1.508644524634974,backdrop,0,1.0,E0019429
N0012892,junction,main,333.26397705078125,327.00265596157004,6.261321089211208,1.5082484179725952,backdrop,0,1.0,E0012996
N0009224,junction,main,338.92608642578125,335.7010137936904,3.225072632090871,1.5074377040008358,backdrop,0,1.0,E0009514
N0005764,junction,lateral,326.75408935546875,323.2888638220655,3.46522553340327,1.5070057738421951,backdrop,0,1.0,E0005939
N0022192,junction,main,348.6078186035156,342.60655191373365,6.001266689781971,1.5033535743846755,backdrop,0,1.0,E0022277
N0044321,junction,main,436.0566101074219,432.98372565075937,3.072884456662507,1.5032306986133221,backdrop,0,1.0,E0044437
N0017226,junction,lateral,363.0479431152344,359.9911291946652,3.0568139205691978,1.501746922688028,backdrop,0,1.0,E0017075
N0016059,junction,lateral,390.7740783691406,387.5741088012411,3.1999695678995295,1.501384695883587,backdrop,0,1.0,E0015933
N0012203,junction,lateral,411.581298828125,407.8154452000242,3.7658536281007855,1.4985786171246787,backdrop,0,1.0,E0012538
N0048935,junction,main,518.7594604492188,515.707435740943,3.0520247082757805,1.4978181165861315,backdrop,0,1.0,E0048782
N0020193,junction,main,361.9947509765625,358.94012433088926,3.0546266456732383,1.4977335295902208,backdrop,0,1.0,E0020144
N0014302,junction,main,344.88543701171875,341.6897337341868,3.1957032775319476,1.497599920970913,backdrop,0,1.0,E0014413
N0024070,junction,lateral,384.950927734375,381.02651250871946,3.9244152256555367,1.4975025927712977,backdrop,0,1.0,E0024356
N0027734,junction,main,392.0818786621094,388.68270455528653,3.3991741068228407,1.4968088656003715,backdrop,0,1.0,E0028071
N0024982,junction,lateral,389.3595886230469,386.1498406673384,3.209747955708451,1.4967451509103853,backdrop,0,1.0,E0025267
N0012906,junction,main,332.998291015625,328.5474977471013,4.450793268523682,1.4962682120938666,backdrop,0,1.0,E0013043
N0036532,junction,sub main,398.8543395996094,391.09360352511305,7.760736074496322,1.4949829986241525,backdrop,0,1.0,E0036709
N0043575,junction,main,434.6835021972656,430.50984961198736,4.173652585278262,1.494507087560919,backdrop,0,1.0,E0043496
N0045965,junction,main,437.8310546875,434.77917316049076,3.051881527009243,1.4944441403905557,backdrop,0,1.0,E0045948
N0013178,junction,lateral,335.7562255859375,332.60064491549673,3.15558067044077,1.491999062478783,backdrop,0,1.0,E0013344
N0043662,junction,lateral,426.58917236328125,423.17784654065514,3.411325822626111,1.4912696988217817,backdrop,0,1.0,E0043638
N0023376,junction,main,384.4786071777344,381.0336944282272,3.444912749507182,1.4909684870132764,backdrop,0,1.0,E0023631
N0024658,junction,lateral,381.37591552734375,377.19889917571885,4.1770163516249,1.4909570410300148,backdrop,0,1.0,E0024929
N0026782,junction,main,374.85186767578125,370.4358225066747,4.416045169106553,1.4906149833739732,backdrop,0,1.0,E0027204
N0045495,junction,main,422.7193908691406,419.4993679060032,3.22002296313741,1.4897434221213643,backdrop,0,1.0,E0045548
N0038046,junction,lateral,424.4625244140625,421.36210165233706,3.10042276172544,1.4897019178808932,backdrop,0,1.0,E0038041
N0020695,junction,lateral,359.6407775878906,356.42407483359005,3.21670275430057,1.4896793726016426,backdrop,0,1.0,E0020726
N0038092,junction,main,410.08154296875,405.6609105669668,4.420632401783223,1.4868596479640246,backdrop,0,1.0,E0038103
N0028249,junction,lateral,343.9930114746094,340.4355123805658,3.5574990940435782,1.4847866391585285,backdrop,0,1.0,E0028550
N0021959,junction,main,385.6642761230469,379.9766907233112,5.687585399735667,1.4837757693280196,backdrop,0,1.0,E0022062
N0031353,junction,main,377.76470947265625,372.7621720660497,5.002537406606564,1.4836058226488262,backdrop,0,1.0,E0031677
N0041755,junction,main,427.82098388671875,424.1038731556305,3.717110731088269,1.4823945349998553,backdrop,0,1.0,E0041607
N0038633,junction,main,359.3161315917969,355.13559558132596,4.180536010470917,1.4821591189775631,backdrop,0,1.0,E0038598
N0032245,junction,main,397.3788146972656,390.53805262725155,6.84076207001408,1.4811953038085903,backdrop,0,1.0,E0032575
N0041572,junction,main,350.87335205078125,343.3577187389778,7.5156333118034695,1.4804580486679697,backdrop,0,1.0,E0041479
N0006438,junction,main,395.82708740234375,392.6857738059547,3.141313596389068,1.480142680150891,backdrop,0,1.0,E0006621
N0019537,junction,lateral,366.44329833984375,362.9785810555549,3.464717284288838,1.4795084393542766,backdrop,0,1.0,E0019500
N0032015,junction,main,381.3238830566406,376.95119411612654,4.372688940514081,1.4793923450824877,backdrop,0,1.0,E0032314
N0032858,junction,main,392.3603210449219,388.58058387134935,3.779737173572528,1.479101993057725,backdrop,0,1.0,E0033155
N0012673,junction,lateral,340.27459716796875,336.05283424438056,4.221762923588187,1.4790524590394512,backdrop,0,1.0,E0012878
N0043518,junction,main,427.211181640625,422.7858643466647,4.4253172939602905,1.4782345187562669,backdrop,0,1.0,E0043419
N0036113,junction,lateral,399.0707702636719,396.00249548950615,3.0682747741657295,1.4767644819852421,backdrop,0,1.0,E0036231
N0016621,junction,main,442.0725402832031,437.6580321705288,4.414508112674298,1.4753456923980934,backdrop,0,1.0,E0016413
N0040132,junction,lateral,420.5566101074219,417.36903334884363,3.1875767585782455,1.4746404078213118,backdrop,0,1.0,E0040044
N0010931,junction,lateral,322.64630126953125,319.08430206442154,3.5619992051097142,1.4741561842351416,backdrop,0,1.0,E0011171
N0024819,junction,lateral,377.08428955078125,374.06101083151435,3.023278719266898,1.4724913492857468,backdrop,0,1.0,E0025120
N0032009,junction,lateral,371.0120544433594,367.64311187122667,3.3689425721327098,1.4712659974546796,backdrop,0,1.0,E0032333
N0045630,junction,lateral,440.45355224609375,437.35959697247694,3.093955273616814,1.469368687451663,backdrop,0,1.0,E0045628
N0041846,junction,main,427.8923034667969,424.649791934099,3.242511532697847,1.46782347448692,backdrop,0,1.0,E0041785
N0013486,junction,main,349.61431884765625,346.2551329262543,3.359185921401945,1.4669762348173094,backdrop,0,1.0,E0013666
N0007227,junction,main,446.0206298828125,441.2197401356996,4.800889747112876,1.466041557336382,backdrop,0,1.0,E0007824
N0028227,junction,main,375.3509521484375,372.3328802283209,3.018071920116597,1.4654644982412037,backdrop,0,1.0,E0028505
N0036231,junction,lateral,383.4869689941406,379.4177023317544,4.069266662386212,1.4648901370145495,backdrop,0,1.0,E0036459
N0007367,junction,main,382.9683532714844,378.52335312440147,4.445000147082908,1.4645373504428107,backdrop,0,1.0,E0007916
N0005127,junction,lateral,430.0159606933594,426.99561150576415,3.0203491875952295,1.464102912852411,backdrop,0,1.0,E0005362
N0023851,junction,lateral,345.81451416015625,342.4684964750644,3.3460176850918515,1.4640617950153683,backdrop,0,1.0,E0024113
N0034369,junction,lateral,398.16973876953125,395.13768372960726,3.032055039923989,1.4636166674729907,backdrop,0,1.0,E0034552
N0036101,junction,main,395.93646240234375,390.8409191774097,5.095543224934033,1.4630930090955303,backdrop,0,1.0,E0036310
N0042882,junction,main,429.6718444824219,425.9148069869011,3.7570374955207626,1.462756054808267,backdrop,0,1.0,E0042739
N0040392,junction,main,346.4808349609375,343.44955574787167,3.0312792130658295,1.4621140729757371,backdrop,0,1.0,E0040301
N0009657,junction,lateral,334.7815246582031,330.7799423825201,4.001582275683006,1.4605044607590685,backdrop,0,1.0,E0009936
N0034115,junction,lateral,373.0486145019531,370.0305323758948,3.0180821260583457,1.4601403441436673,backdrop,0,1.0,E0034318
N0034559,junction,lateral,369.59869384765625,365.77131998421083,3.827373863445416,1.4596796950588669,backdrop,0,1.0,E0034809
N0041351,junction,sub main,420.4087219238281,411.1935881322383,9.215133791589835,1.4583637608686217,backdrop,0,1.0,E0041240
N0018229,junction,lateral,359.72607421875,356.7175436150228,3.008530603727195,1.4558448452272046,backdrop,0,1.0,E0018220
N0035735,junction,sub main,398.6513671875,387.2097479203385,11.441619267161514,1.4533289356125465,backdrop,0,1.0,E0035863
N0031405,junction,main,369.1783752441406,366.1017343621831,3.0766408819575304,1.4523355118860195,backdrop,0,1.0,E0031742
N0035071,junction,main,384.6078796386719,381.59912490206233,3.0087547366095464,1.4512334639369442,backdrop,0,1.0,E0035237
N0032273,junction,main,385.3430480957031,381.24651865375307,4.096529441950054,1.450975602199378,backdrop,0,1.0,E0032605
N0016755,junction,main,443.2130126953125,438.6826153845021,4.530397310810372,1.4490333362560364,backdrop,0,1.0,E0016555
N0028505,junction,main,372.7717590332031,369.5464774424415,3.225281590761597,1.4483029086763963,backdrop,0,1.0,E0028796
N0043856,junction,lateral,434.839599609375,431.8148903256301,3.024709283744926,1.4475330566829712,backdrop,0,1.0,E0043922
N0044558,junction,main,428.7471618652344,422.8429071273132,5.904254737921178,1.446706530784013,backdrop,0,1.0,E0044633
N0020002,junction,main,360.7259216308594,357.7176632364195,3.0082583944398493,1.4459093703142116,backdrop,0,1.0,E0019916
N0005972,junction,main,453.6043395996094,450.0771631524384,3.527176447170973,1.444620252027164,backdrop,0,1.0,E0006212
N0046529,junction,main,430.7705993652344,426.85274261934455,3.9178567458898215,1.4438595612480185,backdrop,0,1.0,E0046382
N0006461,junction,lateral,453.376708984375,450.34391905360155,3.032789930773447,1.4436655835343686,backdrop,0,1.0,E0006633
N0029226,junction,main,368.4029235839844,362.3512215590231,6.051702024961287,1.4412376367747015,backdrop,0,1.0,E0029587
N0031643,junction,lateral,346.668701171875,343.3348058386212,3.3338953332537926,1.4405879328699598,backdrop,0,1.0,E0031925
N0031912,junction,lateral,372.697509765625,369.4966846639746,3.200825101650423,1.43654006287926,backdrop,0,1.0,E0032192
N0029510,junction,sub main,385.4270935058594,381.59355730542734,3.833536200432036,1.432242684158041,backdrop,0,1.0,E0029863
N0017221,junction,lateral,352.79296875,349.3591058590374,3.433862890962587,1.4316972456628037,backdrop,0,1.0,E0017081
N0005208,junction,lateral,403.12237548828125,400.1348938589623,2.9874816293189497,1.4307600667805787,backdrop,0,1.0,E0005397
N0021582,junction,sub main,368.59735107421875,364.34000349244985,4.257347581768897,1.430297508114677,backdrop,0,1.0,E0021613
N0032149,junction,main,367.0345458984375,361.9661780679348,5.068367830502723,1.4299878342149555,backdrop,0,1.0,E0032491
N0028694,junction,main,381.4967956542969,378.4836708886955,3.0131247656013898,1.429855109555831,backdrop,0,1.0,E0029001
N0021257,junction,sub main,378.15087890625,367.5492108243078,10.601668081942194,1.4297495276753693,backdrop,0,1.0,E0021210
N0031531,junction,main,379.16302490234375,376.1806848689109,2.9823400334328767,1.428081038783887,backdrop,0,1.0,E0031825
N0033408,junction,main,389.2037353515625,384.47352067533745,4.730214676225046,1.4263730566452182,backdrop,0,1.0,E0033698
N0045780,junction,main,423.41754150390625,420.01430270143845,3.403238802467797,1.425645166622644,backdrop,0,1.0,E0045792
N0003903,junction,lateral,332.7929992675781,329.81673651582844,2.9762627517496867,1.4253300267895384,backdrop,0,1.0,E0004328
N0033849,junction,lateral,380.5638732910156,377.4321178673356,3.1317554236800333,1.4248670765301767,backdrop,0,1.0,E0034037
N0030646,junction,main,387.2821960449219,383.62610925401134,3.6560867909105355,1.4248591075024706,backdrop,0,1.0,E0030968
N0011474,junction,sub main,349.572998046875,342.2918949408678,7.281103106007208,1.4247500717247021,backdrop,0,1.0,E0011746
N0032755,junction,main,365.94427490234375,362.86663294671,3.0776419556337373,1.4247224141265633,backdrop,0,1.0,E0032975
N0010709,junction,main,341.74932861328125,337.54777307782547,4.201555535455782,1.4245634948362635,backdrop,0,1.0,E0010953
N0030271,junction,main,379.1834716796875,376.2048212560217,2.9786504236657834,1.4238875857703306,backdrop,0,1.0,E0030563
N0007268,junction,main,419.2485656738281,416.26009053998985,2.9884751338382785,1.4199039745561208,backdrop,0,1.0,E0007850
N0018983,junction,lateral,355.4206237792969,352.16918181233217,3.2514419669647054,1.419839026588079,backdrop,0,1.0,E0018933
N0015303,junction,main,340.766845703125,337.19026988526826,3.5765758178567353,1.419677780641166,backdrop,0,1.0,E0015359
N0004502,junction,lateral,316.529052734375,312.7531299420302,3.7759227923447725,1.419215109219806,backdrop,0,1.0,E0004790
N0004579,chamber,lateral,334.7679138183594,331.72767869182434,3.0402351265350376,1.4190626666631942,backdrop,0,1.0,E0004330
N0026274,junction,main,381.791259765625,375.2266780099575,6.564581755667518,1.4162449025628803,backdrop,0,1.0,E0026757
N0034104,junction,main,384.00146484375,380.83611684157563,3.165348002174369,1.4159287135120167,backdrop,0,1.0,E0034314
N0038434,junction,main,399.6265869140625,396.5125381369917,3.1140487770708205,1.414625757565318,backdrop,0,1.0,E0038350
N0042170,junction,main,425.1085205078125,421.89951079214535,3.2090097156671504,1.4139404653014367,backdrop,0,1.0,E0042011
N0010133,junction,lateral,407.2549743652344,403.8564699831658,3.398504382068552,1.4136150575518514,backdrop,0,1.0,E0010474
N0009827,junction,lateral,331.84112548828125,328.4541873889978,3.386938099283441,1.4104201881991116,backdrop,0,1.0,E0010145
N0036471,junction,sub main,406.3529052734375,396.11824765038097,10.234657623056535,1.4103290421771248,backdrop,0,1.0,E0036607
N0046719,junction,lateral,438.0635681152344,434.8728334850911,3.190734630143254,1.4083126684984109,backdrop,0,1.0,E0046609
N0038465,junction,main,369.0716552734375,366.09994162810284,2.9717136453346598,1.4082543102078375,backdrop,0,1.0,E0038375
N0000815,junction,main,383.14666748046875,380.1567770678166,2.98989041265213,1.4080231730932269,backdrop,0,1.0,E0002582
N0012068,junction,lateral,342.0098876953125,338.1326573123551,3.877230382957407,1.4070865269935666,backdrop,0,1.0,E0012407
N0011725,junction,main,402.6800537109375,399.2691437737686,3.410909937168924,1.4068749927984072,backdrop,0,1.0,E0011990
N0014802,junction,main,325.6730041503906,322.51558759751305,3.157416552877578,1.4052716578910918,backdrop,0,1.0,E0014854
N0014995,junction,main,345.2602844238281,342.28805789415236,2.9722265296757655,1.403570105517531,backdrop,0,1.0,E0015040
N0007262,junction,main,424.3409729003906,416.36796392752063,7.973008972869991,1.4019129087863007,backdrop,0,1.0,E0007855
N0017355,junction,lateral,363.5994873046875,360.4208119179551,3.1786753867323796,1.400545045035983,backdrop,0,1.0,E0017212
N0023142,junction,lateral,381.2543640136719,378.22394449601967,3.0304195176522057,1.3933289287457455,backdrop,0,1.0,E0023360
N0028210,junction,main,367.6856689453125,364.69574162283124,2.9899273224812646,1.3927021604174001,backdrop,0,1.0,E0028485
N0022121,junction,sub main,380.7300720214844,370.67343602422886,10.056635997255512,1.3923055519452419,backdrop,0,1.0,E0022265
N0032115,junction,main,375.6034851074219,372.6373339590579,2.966151148363963,1.392022545168743,backdrop,0,1.0,E0032486
N0003569,junction,trunk main,337.39202880859375,334.41536859711863,2.976660211475121,1.3906026695166815,backdrop,0,1.0,E0003949
N0009085,junction,lateral,333.93048095703125,329.64040106228197,4.290079894749283,1.3892079771436556,backdrop,0,1.0,E0009408
N0012264,junction,lateral,334.5655517578125,330.2721224796918,4.293429278120698,1.3888459466982113,backdrop,0,1.0,E0012572
N0034430,junction,lateral,379.5965576171875,375.78186897047806,3.814688646709442,1.3881767712542228,backdrop,0,1.0,E0034733
N0047607,junction,trunk main,478.23583984375,469.50302912868483,8.73281071506517,1.38614622756063,backdrop,0,1.0,E0047393
N0026800,junction,main,370.7369689941406,367.7651453445797,2.9718236495609176,1.3859886499872118,backdrop,0,1.0,E0027209
N0000812,junction,lateral,406.5475769042969,402.88032011597426,3.667256788322618,1.3848202930345224,backdrop,0,1.0,E0002564
N0020681,junction,lateral,358.48626708984375,355.1272439872708,3.359023102572962,1.3822757851712595,backdrop,0,1.0,E0020705
N0017045,junction,main,322.90142822265625,319.7993020607519,3.102126161904323,1.3806638773868372,backdrop,0,1.0,E0016937
N0042764,junction,main,429.1435546875,426.20769438834805,2.9358602991519547,1.380597504616503,backdrop,0,1.0,E0042612
N0025721,junction,lateral,388.11065673828125,384.83094410141985,3.2797126368614045,1.3802324100442434,backdrop,0,1.0,E0025922
N0020165,junction,lateral,370.34521484375,366.69579313818053,3.649421705569466,1.3800520022636533,backdrop,0,1.0,E0020147
N0006302,junction,lateral,491.1924133300781,488.25808349874353,2.934329831334594,1.3797546360223123,backdrop,0,1.0,E0006559
N0008367,junction,lateral,326.00103759765625,323.0687743074295,2.9322632902267287,1.3768758044734568,backdrop,0,1.0,E0008591
N0018194,junction,lateral,365.4033508300781,362.4619925049168,2.9413583251613318,1.37627885214431,backdrop,0,1.0,E0018116
N0041707,junction,main,403.8541564941406,400.61612912708614,3.2380273670544852,1.3758037588772822,backdrop,0,1.0,E0041572
N0020012,junction,main,361.4411926269531,357.51063595159064,3.9305566753624817,1.3752916123194723,backdrop,0,1.0,E0019938
N0005542,junction,main,504.3147888183594,499.85644606787605,4.458342750483325,1.3726039656309013,backdrop,0,1.0,E0005698
N0034500,junction,lateral,377.5987548828125,374.654822366388,2.9439325164245247,1.367661355737141,backdrop,0,1.0,E0034779
N0014449,junction,lateral,320.6051940917969,317.5768981632857,3.02829592851117,1.3674371220660078,backdrop,0,1.0,E0014549
N0044493,junction,main,432.4304504394531,426.8442682393243,5.586182200128803,1.3647657898054604,backdrop,0,1.0,E0044573
N0041408,junction,lateral,408.018310546875,404.87447311485613,3.14383743201887,1.3631859238446964,backdrop,0,1.0,E0041290
N0018870,junction,sub main,355.6706848144531,348.3471008469614,7.323583967491743,1.3591167831047528,backdrop,0,1.0,E0018817
N0028054,junction,main,373.1324157714844,370.06883817083644,3.063577600647932,1.3582673729872567,backdrop,0,1.0,E0028315
N0013553,junction,lateral,343.6845397949219,340.4936336299654,3.190906164956459,1.355156377536332,backdrop,0,1.0,E0013753
N0004125,chamber,lateral,321.3035888671875,318.3960254204351,2.9075634467524196,1.354674182248914,backdrop,0,1.0,E0003876
N0017363,junction,lateral,365.2604675292969,361.93841880778933,3.3220487215075423,1.3531210290701097,backdrop,0,1.0,E0017213
N0005351,junction,sub main,324.8335876464844,321.4346077996847,3.398979846799648,1.3523996341360203,backdrop,0,1.0,E0005537
N0011203,junction,main,341.96038818359375,338.0329468860128,3.9274412975809696,1.3519283506216766,backdrop,0,1.0,E0011382
N0048995,junction,main,494.8227233886719,490.42868725658417,4.394036132087706,1.3516636408594422,backdrop,0,1.0,E0048879
N0041200,junction,sub main,415.9333190917969,412.84986826397926,3.0834508278176145,1.3516029261297149,backdrop,0,1.0,E0041101
N0019907,junction,lateral,365.61236572265625,361.93142365009265,3.680942072563596,1.3501409989953004,backdrop,0,1.0,E0019848
N0028419,junction,main,380.3463439941406,377.322694495878,3.023649498262614,1.3494745255472367,backdrop,0,1.0,E0028728
N0031526,junction,main,385.15216064453125,382.0442175289303,3.1079431156009605,1.34891982896454,backdrop,0,1.0,E0031843
N0020033,junction,lateral,362.7634582519531,358.6462204517868,4.117237800166322,1.34652774005815,backdrop,0,1.0,E0019970
N0045149,junction,lateral,432.4393310546875,429.4873221588765,2.952008895810991,1.3464056087685208,backdrop,0,1.0,E0045173
N0013111,junction,lateral,340.1196594238281,336.61503929142964,3.504620132398486,1.3462939668951321,backdrop,0,1.0,E0013308
N0044259,junction,main,445.6854248046875,442.0630232178894,3.622401586798105,1.345290084880844,backdrop,0,1.0,E0044369
N0004681,junction,main,333.7498474121094,330.0143773586613,3.7354700534480685,1.3451058404911578,backdrop,0,1.0,E0004976
N0037152,junction,sub main,342.7912902832031,339.56458669181904,3.22670359138408,1.3434661930243124,backdrop,0,1.0,E0037262
N0017870,junction,lateral,357.47003173828125,354.5617185468271,2.9083131914541696,1.3433469231796948,backdrop,0,1.0,E0017772
N0030881,junction,lateral,379.9163513183594,377.01879121900646,2.8975600993529156,1.343204010082161,backdrop,0,1.0,E0031184
N0004691,junction,lateral,436.94189453125,433.93537947042375,3.0065150608262456,1.3427369015395811,backdrop,0,1.0,E0004980
N0018650,junction,lateral,360.3714294433594,357.3367945865515,3.034634856807884,1.3421971126680319,backdrop,0,1.0,E0018554
N0033712,junction,lateral,381.9325866699219,378.31441889605304,3.6181677738688336,1.3412768907597297,backdrop,0,1.0,E0033905
N0011688,junction,main,411.8025207519531,408.188546861421,3.6139738905321224,1.3374478062802382,backdrop,0,1.0,E0012017
N0008936,junction,sub main,341.9391174316406,337.5766311063728,4.36248632526781,1.3368592129562558,backdrop,0,1.0,E0009230
N0013650,junction,lateral,332.60638427734375,329.6151813176602,2.9912029596835623,1.3367663729620745,backdrop,0,1.0,E0013854
N0022119,junction,sub main,366.712646484375,357.2505498430407,9.462096641334313,1.3359826951452192,backdrop,0,1.0,E0022224
N0012787,junction,main,402.97479248046875,400.08786618238753,2.886926298081221,1.3342732803844228,backdrop,0,1.0,E0012982
N0006041,junction,main,343.05828857421875,338.1294072248694,4.9288813493493535,1.334012832000269,backdrop,0,1.0,E0006270
N0015737,junction,main,348.7596435546875,341.7568399064232,7.002803648264319,1.3333247996203,backdrop,0,1.0,E0015699
N0011306,junction,lateral,401.70440673828125,398.6663960986596,3.038010639621632,1.3322741516934116,backdrop,0,1.0,E0011512
N0012239,junction,main,402.6819763183594,399.3094550625101,3.3725212558492785,1.3313631231272893,backdrop,0,1.0,E0012546
N0045368,junction,main,443.2392578125,440.31551600451945,2.923741807980548,1.331183303302737,backdrop,0,1.0,E0045449
N0026592,junction,main,390.7353820800781,387.35899320085804,3.3763888792200873,1.3308374731355457,backdrop,0,1.0,E0026954
N0008751,junction,sub main,335.9335021972656,324.37605256662704,11.557449630638587,1.330665957811675,backdrop,0,1.0,E0008985
N0032623,junction,main,383.77740478515625,378.04510010857734,5.732304676578906,1.3287677556677977,backdrop,0,1.0,E0032890
N0034562,junction,main,384.046875,380.9938875073356,3.0529874926643856,1.3283955077390033,backdrop,0,1.0,E0034815
N0029266,junction,main,379.0604248046875,372.58305398209365,6.477370822593855,1.3257904585829579,backdrop,0,1.0,E0029578
N0028658,junction,lateral,377.629150390625,374.65310141070734,2.976048979917664,1.3255748879256544,backdrop,0,1.0,E0028925
N0027592,junction,main,367.3553466796875,364.13186759136164,3.2234790883258597,1.3253038537154112,backdrop,0,1.0,E0027965
N0016390,junction,lateral,347.61785888671875,340.0654989124617,7.552359974257058,1.3242900098808263,backdrop,0,1.0,E0016219
N0040928,junction,main,417.4467468261719,414.29841537005024,3.148331456121639,1.3187523488221586,backdrop,0,1.0,E0040806
N0033370,junction,lateral,391.78021240234375,388.69291739168307,3.0872950106606822,1.3182398506887125,backdrop,0,1.0,E0033670
N0012966,junction,main,314.4788513183594,311.4329473318707,3.0459039864886677,1.3166727695565896,backdrop,0,1.0,E0013210
N0039730,junction,main,413.27301025390625,410.04115700933784,3.2318532445684127,1.3163367671230048,backdrop,0,1.0,E0039599
N0040786,junction,main,416.41571044921875,411.3080761424982,5.10763430672057,1.3153089339638768,backdrop,0,1.0,E0040704
N0006577,junction,main,330.32611083984375,321.4774197000818,8.848691139761968,1.315261185625161,backdrop,0,1.0,E0006843
N0010791,junction,sub main,402.33978271484375,397.4374408829505,4.902341831893239,1.3149237774391622,backdrop,0,1.0,E0011063
N0006213,junction,lateral,417.1257019042969,414.0403322280974,3.085369676199491,1.3148887307600035,backdrop,0,1.0,E0006471
N0022889,junction,lateral,351.365478515625,347.88386568989364,3.4816128257313608,1.3139537529320933,backdrop,0,1.0,E0023085
N0042912,junction,sub main,431.34954833984375,425.329442567986,6.020105771857743,1.3125458904735297,backdrop,0,1.0,E0042804
N0048875,junction,main,493.9368896484375,490.64586734540643,3.2910223030310704,1.3124739008528081,backdrop,0,1.0,E0048716
N0006682,junction,main,325.27301025390625,322.3824076602332,2.8906025936730657,1.309727867830702,backdrop,0,1.0,E0006897
N0048612,junction,main,481.641845703125,477.743060569459,3.898785133666024,1.307287116882435,backdrop,0,1.0,E0048500
N0006127,junction,main,331.41607666015625,328.53611448177577,2.879962178380481,1.306621081965318,backdrop,0,1.0,E0006307
N0028079,junction,main,375.9354553222656,370.5653640073627,5.370091314902936,1.305847779870021,backdrop,0,1.0,E0028330
N0005662,junction,trunk main,343.8069763183594,338.85194124255383,4.95503507580554,1.3028763776950996,backdrop,0,1.0,E0005735
N0009457,junction,main,342.2523498535156,339.3357844542817,2.9165653992339458,1.302664001942901,backdrop,0,1.0,E0009681
N0011957,junction,main,346.06085205078125,342.1415195052046,3.9193325455766512,1.301271581559945,backdrop,0,1.0,E0012310
N0017356,junction,lateral,360.6543884277344,357.71686550664833,2.9375229210860425,1.3000354032690211,backdrop,0,1.0,E0017246
N0035205,junction,main,339.1368103027344,335.4538743166807,3.6829359860536783,1.2999675014146987,backdrop,0,1.0,E0035388
N0029163,junction,main,378.5799865722656,375.65274972454455,2.927236847721076,1.2998736399271706,backdrop,0,1.0,E0029474
N0032285,junction,main,391.64788818359375,387.86586060186806,3.7820275817256856,1.2983382057161066,backdrop,0,1.0,E0032610
N0018021,junction,lateral,360.161865234375,356.9112737619816,3.2505914723934097,1.2978427751737627,backdrop,0,1.0,E0017936
N0039928,junction,lateral,350.0763854980469,347.21756844742606,2.8588170506208144,1.2977996190795693,backdrop,0,1.0,E0039848
N0030079,junction,lateral,386.40997314453125,383.56174590529355,2.8482272392377013,1.2954031401062593,backdrop,0,1.0,E0030384
N0034512,junction,main,370.0343933105469,366.9468074591614,3.0875858513854837,1.2950938397870573,backdrop,0,1.0,E0034789
N0042202,junction,lateral,412.5908203125,409.5295475863724,3.0612727261275836,1.2939442886947177,backdrop,0,1.0,E0042063
N0010312,junction,main,331.7431335449219,328.71946774452493,3.023665800396941,1.292827188661306,backdrop,0,1.0,E0010601
N0048297,junction,main,497.9528503417969,494.55690131373234,3.3959490280645355,1.2910120791727309,backdrop,0,1.0,E0048203
N0040942,junction,main,419.159912109375,414.06946419910486,5.090447910270143,1.2903191163871952,backdrop,0,1.0,E0040852
N0023574,junction,sub main,367.817138671875,360.06916550623475,7.747973165640246,1.290228414663261,backdrop,0,1.0,E0023818
N0022651,junction,main,386.603759765625,381.9098058542324,4.693953911392612,1.2900287106224937,backdrop,0,1.0,E0022818
N0027733,junction,sub main,391.4051208496094,378.9785494561228,12.426571393486597,1.2898959310937244,backdrop,0,1.0,E0028069
N0034700,junction,lateral,337.1391906738281,333.5237322803403,3.6154583934878133,1.2888026979769052,backdrop,0,1.0,E0034953
N0043505,junction,lateral,425.5487365722656,421.8997266071873,3.649009965078335,1.2883440084379458,backdrop,0,1.0,E0043424
N0038203,junction,main,369.0653076171875,366.00980284621625,3.055504770971254,1.2877110271959396,backdrop,0,1.0,E0038219
N0036089,junction,main,408.2244567871094,403.54722942745326,4.677227359656115,1.2869109545188167,backdrop,0,1.0,E0036218
N0025874,junction,lateral,381.6589660644531,378.76987233626386,2.889093728189266,1.2868646172585159,backdrop,0,1.0,E0026079
N0044783,junction,main,433.5928039550781,429.95993689680756,3.6328670582705627,1.2863244892430998,backdrop,0,1.0,E0044865
N0005638,junction,main,452.65301513671875,449.81329765639924,2.839717480319507,1.2839174329984075,backdrop,0,1.0,E0005723
N0003849,junction,main,347.00762939453125,344.03829733689525,2.969332057635995,1.2835527371501598,backdrop,0,1.0,E0004287
N0010827,junction,sub main,334.4490661621094,324.179830253927,10.269235908182395,1.2832616652460729,backdrop,0,1.0,E0011126
N0006865,junction,main,395.9300537109375,392.8004951655047,3.1295585454328148,1.2807814939020545,backdrop,0,1.0,E0007113
N0027876,junction,main,380.3548583984375,377.26194501028345,3.092913388154045,1.2797982875578668,backdrop,0,1.0,E0028173
N0030477,junction,lateral,368.07757568359375,364.6533324999328,3.4242431836609626,1.279717112879439,backdrop,0,1.0,E0030758
N0044685,junction,main,436.05853271484375,433.0240369395009,3.0344957753428616,1.2790537001262692,backdrop,0,1.0,E0044754
N0037436,junction,sub main,356.9219970703125,353.26643301033204,3.6555640599804633,1.2789698954694586,backdrop,0,1.0,E0037488
N0048272,junction,main,484.1303405761719,481.1528997044933,2.9774408716785956,1.2789012071040133,backdrop,0,1.0,E0048152
N0004430,junction,main,490.2845458984375,487.3311052415599,2.9534406568776035,1.2779417986570252,backdrop,0,1.0,E0004730
N0044274,junction,main,434.8655090332031,431.0704826310604,3.795026402142753,1.2777058576612603,backdrop,0,1.0,E0044391
N0018205,junction,lateral,360.7226257324219,355.6665789434432,5.056046788978676,1.2768133729506985,backdrop,0,1.0,E0018222
N0030423,junction,lateral,378.8844909667969,375.5891090391284,3.2953819276684726,1.27481144850816,backdrop,0,1.0,E0030701
N0036717,junction,main,388.066162109375,385.0346913171039,3.0314707922710795,1.2745994367439835,backdrop,0,1.0,E0036807
N0010778,junction,main,406.63702392578125,403.80905450526836,2.8279694205128862,1.2741608573089707,backdrop,0,1.0,E0010979
N0035451,junction,main,386.0913391113281,381.8206158239493,4.270723287378814,1.2734281595994617,backdrop,0,1.0,E0035662
N0014851,junction,lateral,352.13165283203125,349.2561615490501,2.8754912829811587,1.2730535605842306,backdrop,0,1.0,E0014931
N0041785,junction,lateral,415.7945556640625,412.52409943914313,3.2704562249193714,1.2712331658186145,backdrop,0,1.0,E0041677
N0028127,junction,lateral,373.68109130859375,370.6579622681022,3.02312904049154,1.2694255320931234,backdrop,0,1.0,E0028420
N0042640,junction,main,426.98626708984375,420.826354520916,6.159912568927723,1.2688257899536097,backdrop,0,1.0,E0042443
N0024326,junction,sub main,377.04193115234375,374.00601083151435,3.0359203208294048,1.2664349997483555,backdrop,0,1.0,E0024589
N0026352,junction,main,374.48046875,371.45547276315875,3.0249959868412475,1.2639495056634473,backdrop,0,1.0,E0026608
N0004785,junction,lateral,330.74981689453125,326.2916991361374,4.458117758393826,1.2625127856754261,backdrop,0,1.0,E0005065
N0016922,junction,main,362.1494445800781,356.5290042158888,5.620440364189335,1.2609597104062118,backdrop,0,1.0,E0016767
N0012056,junction,main,342.3371887207031,338.8446769378919,3.4925117828112207,1.25715837352152,backdrop,0,1.0,E0012380
N0017711,junction,lateral,360.8064270019531,357.98880104416776,2.817625957785367,1.256291176538241,backdrop,0,1.0,E0017560
N0035075,junction,lateral,383.62139892578125,380.234626206946,3.386772718835232,1.2558462859538508,backdrop,0,1.0,E0035233
N0011745,junction,lateral,334.2802734375,330.00183732722513,4.278436110274868,1.2552635439104165,backdrop,0,1.0,E0012015
N0036137,junction,lateral,395.6592712402344,392.02053074540476,3.6387404948296194,1.2545395288449868,backdrop,0,1.0,E0036308
N0035866,junction,main,385.89178466796875,383.08344931338416,2.8083353545845853,1.254390502742467,backdrop,0,1.0,E0035954
N0014680,junction,main,342.823486328125,340.00905660402327,2.8144297241017284,1.2536869013169962,backdrop,0,1.0,E0014749
N0040758,junction,main,419.9763488769531,417.1685507508456,2.807798126107514,1.2530378456291942,backdrop,0,1.0,E0040633
N0020204,junction,sub main,366.4662780761719,363.533852860325,2.9324252158468767,1.2526713022907074,backdrop,0,1.0,E0020159
N0032574,junction,lateral,381.99664306640625,379.1931793910978,2.8034636753084783,1.252239492699573,backdrop,0,1.0,E0032796
N0011006,junction,main,347.41778564453125,343.81481642766926,3.602969216861993,1.2511081933701576,backdrop,0,1.0,E0011222
N0038938,junction,main,402.0110168457031,399.1101188494173,2.900897996285835,1.2509395328410164,backdrop,0,1.0,E0038876
N0020071,junction,lateral,365.58294677734375,358.26205873519206,7.320888042151694,1.2501965558897155,backdrop,0,1.0,E0020045
N0001159,junction,lateral,328.5970458984375,325.66424752930857,2.932798369128932,1.2499648719403353,backdrop,0,1.0,E0002828
N0039064,junction,main,426.72674560546875,422.73334080079337,3.9934048046753787,1.2494027023797685,backdrop,0,1.0,E0038982
N0029582,junction,main,380.4781799316406,377.67531148094423,2.802868450696394,1.249001059651846,backdrop,0,1.0,E0029908
N0011202,junction,sub main,344.4534912109375,332.80107186722216,11.652419343715337,1.245910227859099,backdrop,0,1.0,E0011373
N0028454,junction,main,389.70263671875,386.05207252340415,3.6505641953458507,1.2458788858610887,backdrop,0,1.0,E0028801
N0011708,junction,main,412.4871520996094,406.44150576227145,6.045646337337928,1.2457124086128601,backdrop,0,1.0,E0011955
N0040314,junction,main,418.432861328125,415.39667162896654,3.036189699158456,1.244204352964573,backdrop,0,1.0,E0040228
N0018327,junction,main,364.86370849609375,360.8504316363891,4.013276859704661,1.2436999293660733,backdrop,0,1.0,E0018315
N0040988,junction,main,342.7279357910156,339.903264005598,2.8246717854176495,1.2433627476460742,backdrop,0,1.0,E0040896
N0011166,junction,main,403.8467712402344,401.04962665120047,2.7971445890339055,1.2425704761278098,backdrop,0,1.0,E0011347
N0013921,junction,lateral,350.9805908203125,347.55169549903263,3.4288953212798674,1.2417403350969494,backdrop,0,1.0,E0013977
N0018746,junction,main,362.72802734375,357.26519532015584,5.46283202359416,1.241082790781661,backdrop,0,1.0,E0018641
N0041942,junction,main,414.03887939453125,407.6681418634007,6.370737531130544,1.2409819161254632,backdrop,0,1.0,E0041851
N0043774,junction,lateral,434.42974853515625,431.6017516561764,2.8279968789798318,1.2402928051656659,backdrop,0,1.0,E0043798
N0025198,junction,main,369.5830383300781,366.2815219208264,3.3015164092517466,1.2384667720737639,backdrop,0,1.0,E0025550
N0033365,junction,main,392.0671691894531,389.18572393229323,2.8814452571598963,1.237328161587584,backdrop,0,1.0,E0033666
N0023476,junction,sub main,384.9287109375,377.69830277280636,7.2304081646936424,1.2362795751787417,backdrop,0,1.0,E0023744
N0010160,junction,lateral,405.6382141113281,402.7795554275691,2.8586586837590175,1.2361521407448208,backdrop,0,1.0,E0010483
N0017272,junction,trunk main,353.1241149902344,347.65828604897837,5.465828941256007,1.2311603013062609,backdrop,0,1.0,E0017100
N0015627,junction,lateral,322.02490234375,315.4961838026599,6.528718541090086,1.2309211584844206,backdrop,0,1.0,E0015607
N0008689,junction,lateral,341.3211975097656,338.3697328782607,2.951464631504905,1.2297716383469606,backdrop,0,1.0,E0008917
N0017471,junction,main,358.67291259765625,355.8816959406172,2.791216657039058,1.229580434295201,backdrop,0,1.0,E0017320
N0049528,junction,lateral,508.23419189453125,505.4190677938696,2.8151241006616488,1.224993911716524,backdrop,0,1.0,E0049311
N0036227,junction,main,384.0057373046875,381.13290588133464,2.8728314233528636,1.2246735629070713,backdrop,0,1.0,E0036444
N0026237,junction,sub main,371.737548828125,365.6151516425556,6.122397185569412,1.2240051813938067,backdrop,0,1.0,E0026447
N0032969,junction,lateral,382.78253173828125,379.4880353032265,3.2944964350547252,1.2231192289373212,backdrop,0,1.0,E0033308
N0015308,junction,main,334.8823547363281,330.5921166581604,4.290238078167704,1.2217528536536975,backdrop,0,1.0,E0015368
N0027759,junction,lateral,381.6819152832031,377.6040471441223,4.077868139080806,1.2217259124730049,backdrop,0,1.0,E0028096
N0028525,junction,lateral,371.8077392578125,369.0053789477566,2.802360310055917,1.221484216940155,backdrop,0,1.0,E0028817
N0031913,junction,lateral,370.6468200683594,367.5187790658944,3.128041002464954,1.2208058344748451,backdrop,0,1.0,E0032204
N0034691,junction,main,336.6097106933594,333.5899011073496,3.019809586009785,1.220195111230339,backdrop,0,1.0,E0035000
N0048594,junction,lateral,480.3440856933594,477.52590534369926,2.8181803496601106,1.2188130096106988,backdrop,0,1.0,E0048493
N0005612,junction,lateral,430.0162658691406,427.23928137483915,2.776984494301473,1.2146228835715647,backdrop,0,1.0,E0005701
N0040844,junction,main,346.8373107910156,342.67805593581613,4.159254855199492,1.2141177338027092,backdrop,0,1.0,E0040753
N0018993,junction,main,361.2885437011719,358.3478739072095,2.9406697939623996,1.2138585813253258,backdrop,0,1.0,E0018929
N0004669,junction,lateral,395.7878112792969,393.01685799183275,2.770953287464124,1.2126196886438265,backdrop,0,1.0,E0004958
N0023036,junction,lateral,364.7845153808594,361.67557359346216,3.108941787397214,1.2125547069280174,backdrop,0,1.0,E0023215
N0039684,junction,sub main,348.91748046875,345.77163941394264,3.145841054807363,1.2099121478578354,backdrop,0,1.0,E0039554
N0016467,junction,lateral,348.3941650390625,341.6340876498688,6.760077389193725,1.207236560546903,backdrop,0,1.0,E0016304
N0010623,junction,main,429.6044006347656,426.46938475646846,3.1350158782971675,1.2065332384485714,backdrop,0,1.0,E0010863
N0012736,junction,main,335.5463562011719,332.43125771830785,3.1150984828640276,1.2050336046814891,backdrop,0,1.0,E0012943
N0042182,junction,main,415.4860534667969,410.30077638071305,5.185277086083829,1.2043922350692924,backdrop,0,1.0,E0042126
N0028847,junction,main,392.29302978515625,389.42037841939236,2.872651365763886,1.2039098049826293,backdrop,0,1.0,E0029192
N0046570,junction,main,441.4812316894531,437.9952117623615,3.486019927091604,1.2030974837047665,backdrop,0,1.0,E0046461
N0017962,junction,lateral,360.2217712402344,356.444843277447,3.776927962787397,1.2030354333802507,backdrop,0,1.0,E0017848
N0046165,junction,lateral,445.1407470703125,442.32404217593296,2.8167048943795407,1.2030025018016204,backdrop,0,1.0,E0046081
N0022267,junction,lateral,373.86981201171875,369.80395255980096,4.065859451917788,1.2011411994658943,backdrop,0,1.0,E0022375
N0017606,junction,main,361.02117919921875,353.51735185345393,7.503827345764819,1.200563302691819,backdrop,0,1.0,E0017451
N0011235,junction,main,336.1401672363281,332.9500095564798,3.190157679848312,1.2000078774560166,backdrop,0,1.0,E0011422
N0030622,junction,lateral,386.14581298828125,383.0715522119419,3.074260776339372,1.199806887562147,backdrop,0,1.0,E0030953
N0024279,junction,main,371.4483337402344,367.49665289022244,3.9516808500119396,1.1983168972668636,backdrop,0,1.0,E0024504
N0028909,junction,lateral,388.76031494140625,386.00725379223576,2.7530611491704917,1.1976581566881919,backdrop,0,1.0,E0029249
N0007203,junction,sub main,337.5727233886719,325.10325400858676,12.469469380085116,1.1964119125811408,backdrop,0,1.0,E0007783
N0048068,junction,trunk main,497.9867248535156,492.6925075176313,5.294217335884298,1.1960824170203637,backdrop,0,1.0,E0047961
N0034467,junction,lateral,379.4515686035156,375.30029099099005,4.1512776125255755,1.1960531490448716,backdrop,0,1.0,E0034746
N0042732,junction,lateral,426.25152587890625,423.2103611174454,3.041164761460834,1.1947289903064302,backdrop,0,1.0,E0042581
N0043804,junction,lateral,440.6404724121094,437.589072907162,3.0513995049473692,1.1946214711845187,backdrop,0,1.0,E0043853
N0013696,junction,lateral,330.8177185058594,327.96950423928257,2.8482142665768038,1.1933075764355863,backdrop,0,1.0,E0013868
N0028572,junction,lateral,375.1944885253906,372.0797977740831,3.114690751307535,1.1908347138635236,backdrop,0,1.0,E0028897
N0036549,junction,main,402.3731384277344,397.4433439338691,4.929794493865302,1.1907565988987017,backdrop,0,1.0,E0036653
N0029527,junction,lateral,383.5066223144531,380.58490304308367,2.9217192713694544,1.19071133140136,backdrop,0,1.0,E0029846
N0034272,junction,sub main,336.5130615234375,333.0352251314099,3.477836392027598,1.190483538124397,backdrop,0,1.0,E0034452
N0023338,junction,lateral,350.0879211425781,346.1502046428287,3.937716499749399,1.1890038687244555,backdrop,0,1.0,E0023596
N0041540,junction,main,418.26025390625,413.7362167978466,4.524037108403377,1.1889059314390806,backdrop,0,1.0,E0041471
N0011631,junction,sub main,339.11236572265625,333.14907874122684,5.963286981429405,1.1887461705775877,backdrop,0,1.0,E0011886
N0043781,junction,main,437.0971984863281,433.91670925475375,3.18048923157437,1.1886883936745107,backdrop,0,1.0,E0043811
N0030309,junction,main,373.18402099609375,370.3939274658329,2.790093530260833,1.1884690648434457,backdrop,0,1.0,E0030595
N0007723,junction,lateral,325.953857421875,323.02634790055833,2.927509521316665,1.1868215047104513,backdrop,0,1.0,E0008118
N0012391,junction,sub main,330.88189697265625,321.80381419115366,9.078082781502587,1.1839986414653936,backdrop,0,1.0,E0012701
N0006491,junction,lateral,343.6938171386719,340.81616282358647,2.877654315085408,1.1833957131506736,backdrop,0,1.0,E0006658
N0022773,junction,lateral,365.5083923339844,362.670418271964,2.8379740620203506,1.183177112859255,backdrop,0,1.0,E0022965
N0003789,junction,main,489.8894958496094,486.94462664557636,2.9448692040330116,1.1827005068327594,backdrop,0,1.0,E0004181
N0032765,junction,main,342.8096008300781,339.57456564289294,3.23503518718519,1.1819526341711821,backdrop,0,1.0,E0032988
N0003630,junction,lateral,333.858642578125,331.1271545410117,2.7314880371133086,1.1814880371132972,backdrop,0,1.0,E0003970
N0017362,junction,lateral,365.52960205078125,362.7909111545725,2.738690896208766,1.181325223867077,backdrop,0,1.0,E0017205
N0021105,junction,lateral,383.75299072265625,380.88070000366514,2.8722907189911098,1.1803974167941647,backdrop,0,1.0,E0021060
N0009452,junction,sub main,324.91558837890625,317.00108570043756,7.914502678468693,1.1800024620627028,backdrop,0,1.0,E0009670
N0004085,junction,main,452.49725341796875,449.267012000214,3.230241417754769,1.178452372910499,backdrop,0,1.0,E0004415
N0030754,junction,lateral,402.3194580078125,397.410807775078,4.908650232734487,1.1784335074470391,backdrop,0,1.0,E0031075
N0046390,junction,main,427.4190368652344,424.57947011050595,2.8395667547284233,1.1781640350741327,backdrop,0,1.0,E0046281
N0015693,junction,lateral,440.5443420410156,437.71426024295016,2.8300817980654642,1.177713598466653,backdrop,0,1.0,E0015688
N0033502,junction,main,379.2908630371094,372.5025239968178,6.788339040291589,1.176817879049736,backdrop,0,1.0,E0033769
N0024166,junction,main,378.7631530761719,373.6101684575737,5.152984618598168,1.1724222632365695,backdrop,0,1.0,E0024438
N0011556,junction,lateral,434.8323669433594,431.08582155620803,3.746545387151343,1.172307285344118,backdrop,0,1.0,E0011762
N0043390,junction,main,440.10101318359375,434.800203660311,5.300809523282737,1.1718691018213576,backdrop,0,1.0,E0043390
N0004235,junction,lateral,331.1736145019531,328.43654013762495,2.73707436432818,1.1708064148658082,backdrop,0,1.0,E0004536
N0031160,junction,sub main,395.0160827636719,384.91443164067806,10.101651122993815,1.1705289982829754,backdrop,0,1.0,E0031486
N0046939,junction,lateral,461.0861511230469,458.2924739820931,2.7936771409537755,1.1698790505807324,backdrop,0,1.0,E0046833
N0014269,junction,lateral,344.7452087402344,342.02008863686643,2.725120103367942,1.169850971974256,backdrop,0,1.0,E0014395
N0020149,junction,lateral,362.73638916015625,359.89121448905274,2.845174671103507,1.1696801794557814,backdrop,0,1.0,E0020105
N0047318,junction,main,463.16552734375,460.4307293393219,2.7347980044281144,1.169244102601624,backdrop,0,1.0,E0047189
N0040336,junction,lateral,406.98614501953125,402.73449841283053,4.251646606700717,1.169165983821756,backdrop,0,1.0,E0040254
N0031964,junction,lateral,380.7081604003906,377.98692164188566,2.721238758504967,1.1668733553723314,backdrop,0,1.0,E0032240
N0005800,junction,lateral,419.1871643066406,416.4695112172498,2.717653089390808,1.1642199339628974,backdrop,0,1.0,E0005964
N0011209,junction,sub main,339.2307434082031,331.670764977362,7.559978430841113,1.1638659687785093,backdrop,0,1.0,E0011383
N0040794,junction,main,416.151611328125,413.2737140526206,2.877897275504381,1.1618887983704553,backdrop,0,1.0,E0040692
N0018203,junction,lateral,363.6792297363281,359.48366004696317,4.195569689364959,1.1614823717000036,backdrop,0,1.0,E0018219
N0040927,junction,main,417.275146484375,414.47873289544657,2.7964135889284307,1.1602103902269505,backdrop,0,1.0,E0040802
N0026662,junction,main,379.3063659667969,376.5779312370252,2.7284347297716636,1.160094033346411,backdrop,0,1.0,E0027037
N0020147,junction,lateral,365.8502197265625,360.40136393317647,5.448855793386031,1.1598659393924322,backdrop,0,1.0,E0020103
N0029281,junction,main,379.3782958984375,374.87981067836387,4.498485220073633,1.1589169919002416,backdrop,0,1.0,E0029661
N0037118,junction,lateral,343.1936340332031,340.46688542621524,2.726748606987883,1.1588340669291028,backdrop,0,1.0,E0037213
N0023373,junction,trunk main,382.074951171875,379.2963785590079,2.7785726128670944,1.1584519546661909,backdrop,0,1.0,E0023618
N0031969,junction,main,380.68017578125,377.93527975651347,2.7448960247365335,1.1583069482871338,backdrop,0,1.0,E0032241
N0018019,junction,lateral,362.61566162109375,359.901696252738,2.71396536835573,1.157817784365193,backdrop,0,1.0,E0017933
N0039953,junction,sub main,420.8857421875,414.2376448048657,6.648097382634319,1.1563272866481498,backdrop,0,1.0,E0039920
N0033910,junction,lateral,392.1917419433594,389.4478720856341,2.743869857725258,1.1561935670453067,backdrop,0,1.0,E0034088
N0024278,junction,main,372.9714660644531,369.64418882864373,3.3272772358093903,1.1557681600531282,backdrop,0,1.0,E0024511
N0028642,junction,lateral,376.2818908691406,373.51531925913827,2.7665716100023587,1.155430294904761,backdrop,0,1.0,E0028907
N0044881,junction,main,427.0950927734375,423.26794583191617,3.8271469415213346,1.152569222396096,backdrop,0,1.0,E0044954
N0007150,junction,main,322.219482421875,315.6396069044501,6.5798755174249095,1.152268415581318,backdrop,0,1.0,E0007632
N0028151,junction,main,377.9263916015625,375.0071908824949,2.9192007190675895,1.1522180261280255,backdrop,0,1.0,E0028413
N0005868,junction,main,490.8515930175781,488.11979033188413,2.7318026856939923,1.151435870872831,backdrop,0,1.0,E0006053
N0041870,junction,main,425.5023193359375,422.7978229913515,2.704496344586005,1.1512900626254918,backdrop,0,1.0,E0041788
N0019460,junction,main,357.0523376464844,354.1323841137715,2.9199535327128956,1.1512892257932776,backdrop,0,1.0,E0019486
N0032485,junction,lateral,382.14727783203125,378.41848855442646,3.7287892776047897,1.1498769240889146,backdrop,0,1.0,E0032743
N0017288,junction,lateral,365.3839416503906,361.5851329898463,3.7988086605443527,1.149829442202929,backdrop,0,1.0,E0017114
N0049301,junction,main,516.6774291992188,513.9529367987728,2.724492400445911,1.1495352226728528,backdrop,0,1.0,E0049140
N0029935,junction,main,377.30926513671875,374.54968934216896,2.7595757945497894,1.1493066340510154,backdrop,0,1.0,E0030239
N0030347,junction,sub main,369.48822021484375,363.4199856923755,6.068234522468231,1.1483613013041918,backdrop,0,1.0,E0030637
N0010500,junction,main,352.40789794921875,347.6708510026858,4.737046946532928,1.1474899032776307,backdrop,0,1.0,E0010804
N0014764,junction,lateral,332.0760192871094,328.7469825035505,3.3290367835588768,1.1474693486989054,backdrop,0,1.0,E0014842
N0049420,junction,main,500.7392883300781,497.9273365170597,2.8119518130184247,1.146393135283347,backdrop,0,1.0,E0049234
N0022513,junction,lateral,385.7646484375,383.05753615055903,2.707112286940969,1.1458331429026885,backdrop,0,1.0,E0022641
N0013580,junction,lateral,340.4440002441406,336.11306449754505,4.330935746595571,1.145692444469944,backdrop,0,1.0,E0013773
N0015065,junction,lateral,329.5392150878906,326.4524459301278,3.0867691577628307,1.1434483677895741,backdrop,0,1.0,E0015088
N0016930,junction,lateral,359.8914489746094,357.13798814089745,2.7534608337119266,1.1427441864836965,backdrop,0,1.0,E0016759
N0001112,junction,lateral,320.62762451171875,317.55504267556813,3.0725818361506185,1.142131902147412,backdrop,0,1.0,E0002775
N0028733,junction,main,368.0184326171875,365.1877749110474,2.830657706140073,1.1404075615265583,backdrop,0,1.0,E0029027
N0048010,junction,main,485.2255859375,481.97324869441843,3.25233724308157,1.1391964543735753,backdrop,0,1.0,E0047906
N0032977,junction,lateral,371.10626220703125,368.4162881206788,2.6899740863524357,1.1386719614388312,backdrop,0,1.0,E0033323
N0025545,junction,sub main,384.3192138671875,377.68083515277425,6.63837871441325,1.1386653921390462,backdrop,0,1.0,E0025862
N0020516,junction,lateral,376.735595703125,372.8851767493276,3.850418953797373,1.138492579024728,backdrop,0,1.0,E0020475
N0038012,junction,main,338.3306884765625,335.4516425191309,2.879045957431572,1.1384541605565914,backdrop,0,1.0,E0038017
N0035201,junction,lateral,339.0176696777344,335.9607502904673,3.0569193872671008,1.1380627849148937,backdrop,0,1.0,E0035389
N0008160,junction,main,395.8500671386719,393.02723669171843,2.8228304469534464,1.137373485732553,backdrop,0,1.0,E0008327
N0034641,junction,sub main,361.7034912109375,356.2902643925415,5.413226818396026,1.1365236422866474,backdrop,0,1.0,E0034864
N0030815,junction,main,379.3780517578125,376.6818404167068,2.696211341105709,1.1362279447424157,backdrop,0,1.0,E0031138
N0008524,junction,main,424.0566101074219,421.15817392499434,2.898436182427531,1.1361238498973307,backdrop,0,1.0,E0008737
N0030827,junction,sub main,371.94012451171875,361.3574382123941,10.582686299324678,1.1351180496691313,backdrop,0,1.0,E0031250
N0047662,chamber,main,475.1008605957031,470.78036930857576,4.320491287127368,1.134012729488859,backdrop,0,1.0,E0047414
N0005052,junction,lateral,319.6452941894531,316.783337303739,2.8619568857141076,1.1334153447816107,backdrop,0,1.0,E0005287
N0029879,junction,main,379.0727844238281,375.1553733886165,3.9174110352116145,1.133260581201796,backdrop,0,1.0,E0030189
N0043365,junction,main,437.1733703613281,429.7291523312834,7.444218030044738,1.1318247047036039,backdrop,0,1.0,E0043353
N0042290,junction,lateral,424.17047119140625,421.4854570399512,2.68501415145505,1.1306831849790342,backdrop,0,1.0,E0042175
N0009077,junction,trunk main,346.12030029296875,342.92538684019667,3.1949134527720844,1.1283094087734185,backdrop,0,1.0,E0009381
N0007355,junction,main,396.01641845703125,392.95996857148305,3.0564498855482043,1.1275610067327761,backdrop,0,1.0,E0007911
N0049042,junction,lateral,492.6022033691406,486.47277084510887,6.129432524031756,1.1275577706617241,backdrop,0,1.0,E0048952
N0016850,junction,lateral,440.90570068359375,437.86647316504775,3.0392275185459994,1.126198143446004,backdrop,0,1.0,E0016631
N0019734,junction,sub main,358.9728088378906,351.78738956695014,7.185419270940486,1.1258764790211444,backdrop,0,1.0,E0019676
N0004651,junction,lateral,420.83544921875,417.2168820732264,3.6185671455236275,1.1257934113731949,backdrop,0,1.0,E0004937
N0032876,junction,main,389.6816711425781,386.9473960651839,2.7342750773942157,1.1253810225073266,backdrop,0,1.0,E0033159
N0020515,junction,sub main,362.8548583984375,360.06608504998553,2.7887733484519686,1.1240220421079812,backdrop,0,1.0,E0020506
N0021839,junction,lateral,367.16046142578125,363.7370022546271,3.4234591711541498,1.1239156312532828,backdrop,0,1.0,E0021827
N0030285,junction,main,379.18951416015625,376.43298794375073,2.7565262164055184,1.1227997020214389,backdrop,0,1.0,E0030567
N0018889,junction,lateral,367.99456787109375,365.3210341155751,2.6735337555186334,1.1224658632300475,backdrop,0,1.0,E0018838
N0017022,junction,lateral,359.50054931640625,356.81307627267313,2.687473043733121,1.1209601507217712,backdrop,0,1.0,E0016877
N0021633,junction,lateral,375.1661376953125,372.3231696622298,2.842968033082684,1.119648487016491,backdrop,0,1.0,E0021668
N0008342,junction,lateral,329.0054016113281,325.8210449107181,3.18435670061001,1.1178131941090896,backdrop,0,1.0,E0008579
N0046496,junction,lateral,440.35906982421875,437.68579505846526,2.67327476575349,1.117590881835099,backdrop,0,1.0,E0046362
N0017458,junction,lateral,365.4598083496094,362.77330864508394,2.6864997045254313,1.1175410466512972,backdrop,0,1.0,E0017315
N0016385,junction,lateral,349.9385070800781,347.0075898033802,2.930917276697926,1.1174961748006353,backdrop,0,1.0,E0016218
N0000626,outfall,lateral,386.18695068359375,383.5084284569086,2.6785222266851747,1.1172316426253133,backdrop,0,1.0,E0000591
N0040557,junction,main,346.249755859375,343.5749551099115,2.6748007494634862,1.1166990264300694,backdrop,0,1.0,E0040467
N0048094,junction,lateral,485.3536682128906,482.5836380149614,2.770030197929202,1.1154951987216464,backdrop,0,1.0,E0047982
N0024726,junction,main,370.21795654296875,367.54500912477454,2.6729474181942123,1.1130183229776094,backdrop,0,1.0,E0025028
N0047389,junction,lateral,448.10003662109375,445.4262167527292,2.6738198683645464,1.113015282795402,backdrop,0,1.0,E0047242
N0026859,junction,main,374.6652526855469,371.93166238032006,2.7335903052268122,1.1127233204439904,backdrop,0,1.0,E0027226
N0034048,junction,main,369.49383544921875,365.2596658365811,4.234169612637629,1.112009228384352,backdrop,0,1.0,E0034311
N0042709,junction,lateral,428.1269836425781,425.255284914692,2.8716987278860984,1.1109039084150254,backdrop,0,1.0,E0042515
N0000989,junction,lateral,342.32354736328125,339.10546262175586,3.218084741525388,1.109959360414166,backdrop,0,1.0,E0002658
N0033152,junction,main,376.8928527832031,373.51821637752676,3.3746364056763696,1.1093344049346001,backdrop,0,1.0,E0033477
N0034594,junction,main,390.2716369628906,387.58090750519204,2.6907294576985805,1.108850802227721,backdrop,0,1.0,E0034842
N0048752,junction,main,480.7886657714844,478.02118010926887,2.767485662215506,1.1088312634779527,backdrop,0,1.0,E0048639
N0006652,junction,main,329.00311279296875,323.0717715844865,5.931341208482252,1.1033146110053167,backdrop,0,1.0,E0006880
N0004982,junction,main,490.4859313964844,487.751058903439,2.7348724930453727,1.101886153815542,backdrop,0,1.0,E0005236
N0042637,junction,main,426.379638671875,423.6450291187015,2.7346095531735273,1.1018647511532436,backdrop,0,1.0,E0042441
N0029816,junction,main,368.3004150390625,364.71951995298286,3.580895086079636,1.101696075497216,backdrop,0,1.0,E0030119
N0005219,junction,lateral,333.91998291015625,330.22909970402696,3.6908832061292856,1.1000104685393808,backdrop,0,1.0,E0005409
N0044633,junction,main,434.363525390625,431.3151522921904,3.048373098434581,1.0990840516049047,backdrop,0,1.0,E0044735
N0003829,junction,lateral,316.2117614746094,312.43194006626584,3.779821408343537,1.09766304460544,backdrop,0,1.0,E0004253
N0030461,junction,main,371.975341796875,369.1023234494817,2.8730183473933266,1.0963965565981653,backdrop,0,1.0,E0030752
N0032323,junction,main,389.11431884765625,386.00411044803536,3.1102083996208876,1.096018190896416,backdrop,0,1.0,E0032641
N0005192,junction,main,452.50909423828125,449.7102200157588,2.798874222522443,1.0958708447486742,backdrop,0,1.0,E0005389
N0035629,junction,lateral,338.91998291015625,335.78888829505985,3.1310946150964014,1.0942776101438767,backdrop,0,1.0,E0035805
N0011304,junction,lateral,334.1502685546875,330.6580474980407,3.4922210566468266,1.0941717007500529,backdrop,0,1.0,E0011464
N0015228,junction,lateral,348.5924072265625,345.9157713838509,2.676635842711619,1.093726256940613,backdrop,0,1.0,E0015288
N0010268,junction,lateral,331.1881408691406,327.89496575239934,3.2931751167412813,1.0925880419458167,backdrop,0,1.0,E0010536
N0033018,junction,lateral,374.2903137207031,371.639623788111,2.6506899325921154,1.0912274000050388,backdrop,0,1.0,E0033360
N0007563,junction,main,328.0532531738281,324.9131733000574,3.1400798737707305,1.0898053455832155,backdrop,0,1.0,E0008074
N0021498,junction,main,381.6824951171875,378.9830866267909,2.6994084903965927,1.0886069963094087,backdrop,0,1.0,E0021448
N0006882,junction,lateral,453.4781494140625,450.83038590755973,2.64776350650277,1.0875720611604152,backdrop,0,1.0,E0007127
N0019352,junction,lateral,369.3464050292969,366.6765241941717,2.669880835125184,1.0874056256815265,backdrop,0,1.0,E0019381
N0019137,junction,main,367.3063659667969,364.66539371246387,2.6409722543330076,1.086712832223327,backdrop,0,1.0,E0019078
N0037990,junction,main,389.0396423339844,386.3996849949846,2.63995733899975,1.0866700453310045,backdrop,0,1.0,E0037955
N0002935,chamber,lateral,453.8975830078125,451.25971289199435,2.6378701158181457,1.0865479194929435,backdrop,0,1.0,E0002686
N0010970,junction,sub main,325.5933837890625,322.4769584331525,3.116425355909996,1.0861305891939992,backdrop,0,1.0,E0011180
N0017995,junction,trunk main,353.2180480957031,350.4599048835672,2.7581432121359057,1.0847925125293045,backdrop,0,1.0,E0017919
N0015284,junction,lateral,347.2733154296875,343.1696130353524,4.103702394335073,1.0841341413153032,backdrop,0,1.0,E0015333
N0037250,junction,main,404.66632080078125,401.6945841549926,2.971736645788667,1.084089248923192,backdrop,0,1.0,E0037339
N0029762,junction,lateral,379.3388366699219,376.65972008878344,2.6791165811384303,1.084062972795948,backdrop,0,1.0,E0030075
N0013286,junction,lateral,332.3904113769531,329.75471436311807,2.635697013835056,1.0819139535384465,backdrop,0,1.0,E0013474
N0011480,junction,sub main,345.48358154296875,337.63202034952616,7.851561193442592,1.0810229120357349,backdrop,0,1.0,E0011732
N0006685,junction,main,324.0655822753906,321.24819021417744,2.8173920612131838,1.0788820009354367,backdrop,0,1.0,E0006901
N0022943,junction,lateral,383.1900329589844,379.7410629968806,3.4489699621037744,1.0778238546134276,backdrop,0,1.0,E0023128
N0046347,junction,lateral,440.1523742675781,437.52254678129214,2.62982748628599,1.0772370652940708,backdrop,0,1.0,E0046248
N0035196,junction,main,336.9242248535156,334.2790729686207,2.645151884894915,1.0761098176768087,backdrop,0,1.0,E0035381
N0006448,junction,lateral,422.94403076171875,420.1822415730728,2.7617891886459347,1.0752197673517685,backdrop,0,1.0,E0006624
N0030193,junction,main,379.2315368652344,376.51502307808863,2.716513787145743,1.0750247423898713,backdrop,0,1.0,E0030477
N0023040,junction,main,389.576416015625,384.20296372865914,5.373452286965858,1.0742245192072346,backdrop,0,1.0,E0023313
N0042835,junction,trunk main,432.762939453125,421.97001836067506,10.792921092449944,1.0740734894264392,backdrop,0,1.0,E0042651
N0031218,junction,main,387.50421142578125,384.1072960062423,3.3969154195389706,1.0738554539639722,backdrop,0,1.0,E0031576
N0037042,junction,main,387.9701232910156,385.0849406952095,2.8851825958061,1.0735244050533765,backdrop,0,1.0,E0037166
N0034584,junction,lateral,369.8929748535156,367.160035614963,2.7329392385526035,1.0720694859530226,backdrop,0,1.0,E0034849
N0046667,junction,main,457.6500244140625,455.0198001560197,2.6302242580428015,1.071966305436547,backdrop,0,1.0,E0046549
N0044707,junction,main,439.3066711425781,436.51062786830784,2.796043274270289,1.0712519405269632,backdrop,0,1.0,E0044805
N0012596,junction,lateral,420.30706787109375,417.68689626232805,2.620171608765702,1.068729028301334,backdrop,0,1.0,E0012809
N0018971,junction,lateral,375.3281555175781,372.6243448964516,2.703810621126536,1.0671150629503359,backdrop,0,1.0,E0018911
N0041555,junction,main,404.2242736816406,400.1250234424896,4.099250239151047,1.0665322292905444,backdrop,0,1.0,E0041459
N0031588,junction,main,374.779541015625,372.1553127316231,2.6242282840019016,1.0662988314140875,backdrop,0,1.0,E0031887
N0025345,junction,main,370.86614990234375,367.9798655806049,2.886284321738856,1.0645669101564863,backdrop,0,1.0,E0025612
N0038653,junction,main,341.194580078125,338.55661301107057,2.637967067054433,1.0633215766356443,backdrop,0,1.0,E0038611
N0009640,junction,lateral,405.549560546875,402.6226318793044,2.926928667570621,1.0622815446089362,backdrop,0,1.0,E0009911
N0028361,junction,sub main,385.1189270019531,379.8930543707484,5.225872631204709,1.0591577418092584,backdrop,0,1.0,E0028681
N0034573,junction,main,383.9085693359375,379.83809787648875,4.070471459448754,1.0587590660015849,backdrop,0,1.0,E0034827
N0020318,junction,main,376.12457275390625,372.42311716486245,3.7014555890438032,1.057540399055597,backdrop,0,1.0,E0020271
N0026366,junction,sub main,374.8846130371094,366.470383031974,8.41423000513538,1.0574624463241662,backdrop,0,1.0,E0026682
N0027322,junction,lateral,370.7465515136719,367.3468757672172,3.3996757464546477,1.0572115569598282,backdrop,0,1.0,E0027765
N0000577,junction,main,345.5479431152344,342.9343696948251,2.6135734204092955,1.057141222082521,backdrop,0,1.0,E0002453
N0011891,junction,lateral,348.39520263671875,345.7547973973357,2.6404052393830284,1.056318058173872,backdrop,0,1.0,E0012208
N0018563,junction,main,364.33734130859375,361.3504142666769,2.986927041916829,1.0561277661967665,backdrop,0,1.0,E0018479
N0030390,junction,lateral,378.2735595703125,375.6621266264361,2.611432943876423,1.0547809005461204,backdrop,0,1.0,E0030682
N0012683,junction,lateral,342.8017272949219,339.9169791440168,2.884748150905068,1.0547295430763484,backdrop,0,1.0,E0012889
N0045797,junction,lateral,422.5535583496094,419.8301445393681,2.7234138102412544,1.0545103411254217,backdrop,0,1.0,E0045797
N0031304,junction,lateral,383.7149353027344,380.8883734882151,2.826561814519266,1.054378863615682,backdrop,0,1.0,E0031636
N0037729,junction,main,388.97125244140625,386.31424495753146,2.657007483874793,1.0519662741625098,backdrop,0,1.0,E0037742
N0046848,junction,main,441.9176330566406,439.2135132020303,2.704119854610326,1.0504108544154178,backdrop,0,1.0,E0046741
N0014915,junction,trunk main,428.7486267089844,425.4585504329579,3.2900762760264683,1.050046682834079,backdrop,0,1.0,E0014985
N0021468,junction,main,374.5604248046875,370.87673096549423,3.6836938391932676,1.0499856998832229,backdrop,0,1.0,E0021389
N0022821,junction,main,380.0390625,376.81658276923156,3.222479730768441,1.049607374690538,backdrop,0,1.0,E0023038
N0049027,junction,lateral,518.4788818359375,515.877077682329,2.6018041536085548,1.0480551928624209,backdrop,0,1.0,E0048887
N0013004,junction,lateral,353.19964599609375,349.9807398354862,3.2189061606075597,1.0460998926325829,backdrop,0,1.0,E0013214
N0045270,junction,main,445.116943359375,442.4203879549354,2.696555404439607,1.0448570850821852,backdrop,0,1.0,E0045298
N0001294,junction,main,343.48541259765625,340.84377012990427,2.6416424677519785,1.0447758537313234,backdrop,0,1.0,E0003066
N0016192,junction,main,349.00238037109375,346.385993481418,2.6163868896757663,1.0441491054759808,backdrop,0,1.0,E0016070
N0018986,junction,lateral,355.98101806640625,352.72799281674185,3.253025249664404,1.0426111341622573,backdrop,0,1.0,E0018925
N0045295,junction,main,440.7981872558594,435.44732032963594,5.350866926223432,1.041778197720589,backdrop,0,1.0,E0045338
N0034735,junction,sub main,399.3662414550781,389.05265357879233,10.313587876285794,1.0414355514783438,backdrop,0,1.0,E0035044
N0001468,outfall,sub main,413.1283874511719,410.43992094581705,2.6884665053548247,1.0410730072061938,backdrop,0,1.0,E0001342
N0028591,junction,lateral,379.3519592285156,376.6931801835298,2.658779044985806,1.040744299997698,backdrop,0,1.0,E0028861
N0021441,junction,sub main,367.3000793457031,362.74349361083887,4.556585734864257,1.0404513930540702,backdrop,0,1.0,E0021343
N0044083,junction,main,430.8966064453125,428.2951944177266,2.6014120275859227,1.0400710975600873,backdrop,0,1.0,E0044116
N0001587,junction,lateral,377.2801818847656,374.45410802006387,2.8260738647017547,1.0382198535239695,backdrop,0,1.0,E0003132
N0038267,junction,main,347.12457275390625,340.87059491762034,6.253977836285912,1.037779178667165,backdrop,0,1.0,E0038275
N0040127,junction,main,426.70355224609375,423.92681611133014,2.7767361347636097,1.0371738998471756,backdrop,0,1.0,E0040032
N0034308,junction,main,394.1719665527344,387.82029678715014,6.351669765584234,1.0363969152051595,backdrop,0,1.0,E0034524
N0023393,junction,lateral,385.2996826171875,382.70710076042315,2.5925818567643546,1.0325871938123896,backdrop,0,1.0,E0023632
N0041270,junction,main,405.9552307128906,402.9158661793045,3.039364533586138,1.0323698220966548,backdrop,0,1.0,E0041157
N0048479,junction,lateral,480.251953125,477.0146079742556,3.2373451507443747,1.0311769241514526,backdrop,0,1.0,E0048353
N0006222,junction,sub main,326.5479431152344,320.940186528894,5.607756586340372,1.0301995489697902,backdrop,0,1.0,E0006517
N0040266,junction,lateral,349.5672912597656,344.4946478066154,5.072643453150249,1.029652944609495,backdrop,0,1.0,E0040144
N0015005,junction,main,340.4599914550781,336.8692852416198,3.5907062134583043,1.029505630089659,backdrop,0,1.0,E0015059
N0035354,junction,lateral,392.62799072265625,389.1700772696649,3.457913452991363,1.0281419532402651,backdrop,0,1.0,E0035605
N0041754,junction,main,425.34613037109375,422.16278425389885,3.183346117194901,1.0279062285636655,backdrop,0,1.0,E0041598
N0012519,junction,main,347.3904724121094,343.08304378403636,4.307428628073012,1.0268838378038367,backdrop,0,1.0,E0012767
N0018725,junction,main,364.28564453125,361.52398821950885,2.761656311741149,1.026659606249666,backdrop,0,1.0,E0018628
N0043700,junction,sub main,425.37786865234375,416.17160512857413,9.206263523769621,1.0258915538723272,backdrop,0,1.0,E0043657
N0030250,junction,main,384.35809326171875,381.0064472014365,3.351646060282235,1.0256615565654101,backdrop,0,1.0,E0030548
N0006532,junction,sub main,339.8077392578125,332.20336311005343,7.604376147759069,1.025600742325139,backdrop,0,1.0,E0006731
N0006518,junction,lateral,342.7637634277344,339.79139270355546,2.9723707241789157,1.0248632401138025,backdrop,0,1.0,E0006713
N0016894,junction,main,360.82659912109375,356.41992789759365,4.406671223500098,1.0232336514842473,backdrop,0,1.0,E0016681
N0032715,junction,main,376.0220947265625,373.2699240524491,2.7521706741134153,1.0232190022261989,backdrop,0,1.0,E0032904
N0016804,junction,lateral,439.8682556152344,437.1777975845282,2.690458030706168,1.0230127916623246,backdrop,0,1.0,E0016605
N0010866,junction,lateral,334.8865051269531,331.83093970947687,3.0555654174762594,1.0226490220961182,backdrop,0,1.0,E0011110
N0033722,junction,lateral,377.555908203125,374.9781552446631,2.577752958461872,1.017860583064362,backdrop,0,1.0,E0033909
N0019589,junction,main,363.512451171875,358.3422478137082,5.170203358166816,1.0163110270378297,backdrop,0,1.0,E0019541
N0011268,junction,main,412.2164306640625,405.30021785807503,6.91621280598747,1.0160531006332008,backdrop,0,1.0,E0011460
N0033831,junction,sub main,335.83441162109375,330.83911519068596,4.995296430407791,1.0157192349406614,backdrop,0,1.0,E0034024
N0015605,junction,lateral,341.84954833984375,339.25102941516934,2.5985189246744085,1.0156213766167639,backdrop,0,1.0,E0015550
N0022978,junction,lateral,380.3138122558594,377.2573220417911,3.056490214068276,1.0136856855688166,backdrop,0,1.0,E0023177
N0042556,junction,main,426.1966247558594,423.4735320343752,2.7230927214841927,1.0136170955530588,backdrop,0,1.0,E0042392
N0006501,junction,lateral,328.1899719238281,325.0341648757287,3.1558070480994047,1.0134501765483037,backdrop,0,1.0,E0006674
N0043128,junction,lateral,427.13873291015625,424.47019805025155,2.668534859904696,1.0129056855430463,backdrop,0,1.0,E0043005
N0020229,junction,lateral,351.22119140625,348.3644465625458,2.8567448437041776,1.011998013044149,backdrop,0,1.0,E0020182
N0018154,junction,trunk main,366.27313232421875,363.18972604633643,3.083406277882318,1.0117647058823422,backdrop,0,1.0,E0018074
N0026587,junction,main,389.66143798828125,386.2930783022797,3.368359686001554,1.0111736818278132,backdrop,0,1.0,E0026938
N0016960,junction,lateral,323.3046569824219,320.74394635975165,2.5607106226702285,1.0081517432637384,backdrop,0,1.0,E0016795
N0029044,junction,lateral,391.16107177734375,388.2775780979244,2.8834936794193595,1.0080326885259296,backdrop,0,1.0,E0029400
N0010907,junction,lateral,331.2378234863281,328.623887060976,2.613936425352108,1.007905072547544,backdrop,0,1.0,E0011156
N0038000,junction,lateral,360.0392150878906,357.28241695242514,2.7567981354654876,1.0067943042307093,backdrop,0,1.0,E0038002
N0041349,junction,sub main,415.7355651855469,413.1732995090513,2.562265676495599,1.0061820250857068,backdrop,0,1.0,E0041227
N0035441,junction,main,370.4998474121094,367.9201197828616,2.5797276292477704,1.0048130784663272,backdrop,0,1.0,E0035642
N0017568,junction,lateral,360.35711669921875,357.41131430290693,2.9458023963118194,1.0044209643350541,backdrop,0,1.0,E0017412
N0040476,junction,main,418.43255615234375,415.4633799492872,2.969176203056577,1.004328777599369,backdrop,0,1.0,E0040373
N0030012,junction,main,388.51300048828125,385.02167547862365,3.4913250096576007,1.0032979961769684,backdrop,0,1.0,E0030330
N0002825,junction,main,383.55517578125,380.993468372875,2.561707408375014,1.0031397024767443,backdrop,0,1.0,E0003797
N0032611,junction,lateral,386.37738037109375,383.63078374967694,2.7465966214168134,1.002840175984602,backdrop,0,1.0,E0032845
N0002342,junction,trunk main,337.2041015625,334.06403291607097,3.140068646429029,1.0016284122406773,backdrop,0,1.0,E0003390
N0028881,junction,main,390.9821472167969,387.55320008197475,3.428947134822124,0.9999914992480967,backdrop,0,1.0,E0029228
N0009809,junction,main,330.5463562011719,325.3374716117805,5.208884589391403,0.9989918009755456,backdrop,0,1.0,E0010129
N0030811,junction,lateral,379.2138977050781,376.4695853019192,2.744312403158915,0.9982629124422147,backdrop,0,1.0,E0031135
N0024653,junction,lateral,381.5513916015625,378.42647290509666,3.1249186964658406,0.9978342270414942,backdrop,0,1.0,E0024923
N0027439,junction,main,375.26898193359375,372.08062458141023,3.188357352183516,0.9968000757094728,backdrop,0,1.0,E0027822
N0047020,junction,lateral,439.0481262207031,436.4516488044674,2.5964774162357003,0.9967470083705621,backdrop,0,1.0,E0046912
N0019642,junction,main,356.14923095703125,353.6025948728577,2.5466360841735423,0.9957181154234718,backdrop,0,1.0,E0019620
N0029606,junction,lateral,381.87908935546875,379.32832627599,2.55076307947877,0.9953089464738127,backdrop,0,1.0,E0029934
N0011724,junction,lateral,335.091796875,328.65306041648114,6.438736458518861,0.9949934047761531,backdrop,0,1.0,E0012037
N0045242,junction,lateral,427.27618408203125,424.35342131718164,2.922762764849608,0.9946402634012657,backdrop,0,1.0,E0045254
N0032763,junction,main,345.168701171875,342.409340352633,2.7593608192419765,0.9945894854183734,backdrop,0,1.0,E0032981
N0018872,junction,main,364.1889343261719,361.5661779580084,2.6227563681634933,0.9936388075440732,backdrop,0,1.0,E0018825
N0047263,junction,lateral,442.55853271484375,440.01320314827274,2.545329566571013,0.9927331310249201,backdrop,0,1.0,E0047132
N0044962,junction,main,445.341796875,442.27461415756426,3.067182717435742,0.9909324449367887,backdrop,0,1.0,E0045027
N0036555,junction,lateral,396.1658935546875,393.494474338824,2.671419215863523,0.9906684108815966,backdrop,0,1.0,E0036654
N0040059,junction,lateral,402.3305969238281,399.7854051292447,2.5451917945834452,0.9898362196774997,backdrop,0,1.0,E0039975
N0031407,junction,main,370.15191650390625,365.61268102334503,4.539235480561217,0.9891741072131026,backdrop,0,1.0,E0031752
N0012805,junction,lateral,410.3773193359375,407.82962424968775,2.547695086249746,0.9888726716893643,backdrop,0,1.0,E0012992
N0014171,junction,main,320.7176513671875,317.41657017088755,3.301081196299947,0.9885348743235909,backdrop,0,1.0,E0014220
N0034748,junction,sub main,397.2531433105469,392.9140837081529,4.339059602394002,0.9884770244203196,backdrop,0,1.0,E0035023
N0018272,junction,lateral,360.16851806640625,357.6080461735396,2.5604718928666443,0.9871312362380422,backdrop,0,1.0,E0018255
N0020923,junction,main,382.3409118652344,379.42051066054034,2.9204012046940306,0.985885316780525,backdrop,0,1.0,E0020860
N0015103,junction,lateral,325.4469909667969,322.76559627793307,2.6813946888638043,0.9856790891020069,backdrop,0,1.0,E0015160
N0026294,junction,lateral,375.30517578125,372.4550864310541,2.8500893501959013,0.9855852629828519,backdrop,0,1.0,E0026491
N0045952,junction,main,435.7742919921875,433.081822101122,2.692469891065514,0.985531629694151,backdrop,0,1.0,E0045940
N0047515,junction,lateral,467.7799072265625,464.1308815487429,3.6490256778196226,0.9852749600208881,backdrop,0,1.0,E0047347
N0030405,junction,main,384.1175842285156,381.5783358522742,2.539248376241403,0.9850867729451238,backdrop,0,1.0,E0030697
N0043740,junction,main,434.9369201660156,432.39996016943786,2.536959996577764,0.9840889028299102,backdrop,0,1.0,E0043713
N0001752,outfall,lateral,318.9183654785156,315.99848372015924,2.9198817583563823,0.9839883515604697,backdrop,0,1.0,E0001584
N0022253,junction,main,385.56243896484375,381.1162224079367,4.446216556907075,0.9833273945482119,backdrop,0,1.0,E0022368
N0034373,junction,sub main,398.3866882324219,390.6241955368268,7.7624926955950855,0.9825430931605297,backdrop,0,1.0,E0034553
N0003317,junction,lateral,479.9588928222656,477.42115889227045,2.53773392999517,0.9808109655384669,backdrop,0,1.0,E0003890
N0028976,junction,main,380.4823303222656,377.6200846758583,2.8622456464073025,0.9802286238935949,backdrop,0,1.0,E0029336
N0010391,junction,lateral,331.6117248535156,328.78562365738134,2.826101196134289,0.9784828168370154,backdrop,0,1.0,E0010653
N0008147,junction,main,423.69171142578125,420.9981143623898,2.6935970633914508,0.9784396662919335,backdrop,0,1.0,E0008311
N0016215,junction,main,350.167724609375,347.0918559364484,3.0758686729266174,0.9774543824942157,backdrop,0,1.0,E0016110
N0026685,junction,lateral,377.7247009277344,375.042642776107,2.682058151627359,0.9755183045316471,backdrop,0,1.0,E0027101
N0039761,junction,lateral,401.85968017578125,399.27265235193323,2.587027823848018,0.9752656187658886,backdrop,0,1.0,E0039622
N0013933,junction,main,351.6778869628906,348.99193727767664,2.685949685213984,0.9751175686704983,backdrop,0,1.0,E0013982
N0020004,junction,lateral,369.09722900390625,366.22869203701566,2.868536966890588,0.9747140247118296,backdrop,0,1.0,E0019925
N0040276,junction,main,426.82708740234375,424.2246796290485,2.6024077732952264,0.9743382495348669,backdrop,0,1.0,E0040166
N0020005,junction,lateral,368.5643310546875,366.03879736062976,2.525533694057742,0.9738920163185298,backdrop,0,1.0,E0019927
N0026437,junction,lateral,372.9320068359375,368.1984530672403,4.73355376869722,0.9728577611717242,backdrop,0,1.0,E0026760
N0030740,junction,main,379.49835205078125,376.92400841747053,2.5743436333107184,0.9716724128230112,backdrop,0,1.0,E0031064
N0046885,junction,lateral,437.16162109375,434.6311697066017,2.5304513871482754,0.9713663270085817,backdrop,0,1.0,E0046783
N0039293,junction,main,358.5980529785156,356.0578773699173,2.540175608598304,0.9710660312269397,backdrop,0,1.0,E0039186
N0011471,junction,lateral,346.587646484375,344.0635268972813,2.5241195870937077,0.9694710508138087,backdrop,0,1.0,E0011644
N0017032,junction,lateral,354.02154541015625,351.4795032182284,2.5420421919278624,0.9690608904868441,backdrop,0,1.0,E0016933
N0039784,junction,lateral,348.70062255859375,346.16913446639586,2.5314880921978897,0.9682444670953032,backdrop,0,1.0,E0039660
N0033261,junction,sub main,334.896728515625,329.9983062083317,4.898422307293288,0.9679575184278519,backdrop,0,1.0,E0033590
N0033980,junction,main,380.4392395019531,372.34514974495886,8.094089756994265,0.9679182728397677,backdrop,0,1.0,E0034192
N0047139,junction,main,442.4585266113281,439.8170919761083,2.6414346352198095,0.9667277647847072,backdrop,0,1.0,E0047025
N0039179,junction,main,358.5105895996094,355.9917073967682,2.518882202841155,0.964668335653414,backdrop,0,1.0,E0039047
N0021648,junction,sub main,347.4781494140625,344.8355555645041,2.642593849558409,0.9614379874880115,backdrop,0,1.0,E0021685
N0019175,junction,lateral,361.18267822265625,358.5151482715147,2.667529951141546,0.961365172488172,backdrop,0,1.0,E0019108
N0028065,junction,lateral,375.05792236328125,372.52923416397147,2.5286881993097836,0.9598972536343808,backdrop,0,1.0,E0028332
N0049152,junction,main,500.7189025878906,496.9405001283441,3.7784024595464984,0.959381025718244,backdrop,0,1.0,E0049019
N0016739,junction,main,353.4370422363281,350.09034947054164,3.346692765786486,0.9569621605015755,backdrop,0,1.0,E0016533
N0009100,junction,sub main,337.89788818359375,327.79013332625715,10.107754857336602,0.9569599293214992,backdrop,0,1.0,E0009442
N0031876,junction,main,387.6708068847656,384.7084079136263,2.9623989711393506,0.955934820416644,backdrop,0,1.0,E0032114
N0016490,junction,main,344.30194091796875,341.49465110370664,2.8072898142621057,0.9557782287548093,backdrop,0,1.0,E0016357
N0017347,junction,lateral,446.5340576171875,443.79347199432164,2.740585622865865,0.9557327193251126,backdrop,0,1.0,E0017177
N0038629,junction,main,390.2652893066406,387.75550539481446,2.509783911826162,0.9547961188596332,backdrop,0,1.0,E0038585
N0045648,junction,main,436.2972717285156,433.7531252836101,2.54414644490555,0.9544401600817309,backdrop,0,1.0,E0045661
N0046605,junction,main,436.85394287109375,434.19355042725493,2.6603924438388162,0.9536018024454052,backdrop,0,1.0,E0046488
N0037539,junction,lateral,405.1121520996094,402.31458692722134,2.7975651723880333,0.9514971511759427,backdrop,0,1.0,E0037568
N0017804,junction,sub main,358.03924560546875,353.3707019442934,4.668543661175363,0.9510529555099652,backdrop,0,1.0,E0017675
N0043638,junction,main,434.2625427246094,431.33878233612364,2.923760388485732,0.9500487402233375,backdrop,0,1.0,E0043608
N0047150,junction,lateral,442.4361877441406,439.4490792345388,2.9871085096018533,0.9498448632116947,backdrop,0,1.0,E0047032
N0040800,junction,main,420.251220703125,417.74342981500456,2.5077908881204394,0.9490344850032102,backdrop,0,1.0,E0040694
N0003315,junction,main,344.0361328125,341.2322674726604,2.8038653398396036,0.9483835204745219,backdrop,0,1.0,E0003886
N0033603,junction,main,375.1295471191406,372.6311535167093,2.4983936024313493,0.9480983539754675,backdrop,0,1.0,E0033788
N0028016,junction,main,371.59539794921875,368.8189500302802,2.7764479189385725,0.9473948436985893,backdrop,0,1.0,E0028280
N0015160,junction,sub main,349.7669982910156,342.5959531324977,7.171045158517927,0.946688153695959,backdrop,0,1.0,E0015231
N0018046,junction,main,361.3359680175781,356.5285932310842,4.807374786493938,0.9455227327890725,backdrop,0,1.0,E0017954
N0028952,junction,lateral,380.3393859863281,377.77903101124724,2.560354975080884,0.9452273806556377,backdrop,0,1.0,E0029326
N0028744,junction,main,376.4263000488281,373.271615421501,3.1546846273271285,0.9451269943088505,backdrop,0,1.0,E0029043
N0007148,junction,main,324.1001892089844,321.33832899606404,2.7618602129203396,0.9442106532757748,backdrop,0,1.0,E0007482
N0009052,junction,lateral,430.9825744628906,427.96535995687157,3.0172145060190587,0.9435923072222749,backdrop,0,1.0,E0009303
N0034987,junction,lateral,379.3958740234375,376.3909368610019,3.004937162435624,0.9434755984170238,backdrop,0,1.0,E0035159
N0017537,junction,main,362.30767822265625,359.04065658264466,3.267021640011592,0.943010718370715,backdrop,0,1.0,E0017416
N0013915,junction,main,350.2503662109375,347.7524529883988,2.4979132225387275,0.9424612522913094,backdrop,0,1.0,E0013975
N0040387,junction,lateral,347.48077392578125,344.59200048045466,2.888773445326592,0.9422747798596447,backdrop,0,1.0,E0040297
N0019307,junction,lateral,364.9305419921875,362.4345951164468,2.4959468757406853,0.9415890554032558,backdrop,0,1.0,E0019338
N0013231,junction,main,403.2680969238281,400.41582525514775,2.8522716686803733,0.9407293676920858,backdrop,0,1.0,E0013419
N0014452,junction,lateral,325.1080627441406,322.6012473974116,2.506815346729013,0.940322781355519,backdrop,0,1.0,E0014565
N0020185,junction,main,361.7138366699219,359.11165362387476,2.6021830460471165,0.9397922038809838,backdrop,0,1.0,E0020121
N0035158,junction,lateral,343.74383544921875,341.2456288322059,2.4982066170128405,0.9393176000403969,backdrop,0,1.0,E0035355
N0003376,junction,lateral,377.93145751953125,375.09453601190006,2.836921507631189,0.9390588544726484,backdrop,0,1.0,E0003893
N0016694,junction,main,353.48773193359375,349.77675412741604,3.7109778061777092,0.9382959206660075,backdrop,0,1.0,E0016493
N0012762,junction,main,337.20391845703125,331.38734805404897,5.816570402982279,0.9380954408345019,backdrop,0,1.0,E0012955
N0014998,junction,lateral,340.74072265625,338.1391390584224,2.6015835978275845,0.9371551821403727,backdrop,0,1.0,E0015054
N0046849,junction,main,441.6872253417969,438.84705445778354,2.8401708840133324,0.9367819892261764,backdrop,0,1.0,E0046742
N0026411,junction,main,367.4871520996094,364.9909162848794,2.496235814729971,0.935798809118296,backdrop,0,1.0,E0026694
N0048078,junction,main,482.1733703613281,475.3535027443177,6.819867617010402,0.9356807697570275,backdrop,0,1.0,E0047975
N0015070,junction,lateral,329.0473327636719,326.37749521490963,2.6698375487622457,0.935428694514485,backdrop,0,1.0,E0015119
N0045943,junction,lateral,440.6876220703125,438.19317169124673,2.4944503790657677,0.935178830484233,backdrop,0,1.0,E0045922
N0001753,junction,lateral,319.4189147949219,316.912744355986,2.5061704389358965,0.9347671076077404,backdrop,0,1.0,E0003142
N0038859,junction,main,341.5303039550781,338.9754241986099,2.5548797564682104,0.9346492352859173,backdrop,0,1.0,E0038779
N0042212,junction,main,349.3799133300781,346.65954157183853,2.720371758239594,0.9346030152462959,backdrop,0,1.0,E0042130
N0011359,junction,sub main,331.56048583984375,319.89107562395947,11.669410215884284,0.9342881320947072,backdrop,0,1.0,E0011577
N0014087,junction,lateral,338.835693359375,335.62680514474454,3.2088882146304627,0.9325481131406832,backdrop,0,1.0,E0014115
N0033608,junction,lateral,374.6206359863281,372.1253449015084,2.495291084819712,0.9316377844638168,backdrop,0,1.0,E0033791
N0027721,junction,main,392.8198547363281,390.32494033138767,2.4949144049404595,0.9314962842633463,backdrop,0,1.0,E0028040
N0028374,junction,lateral,381.0364990234375,378.4460803711897,2.59041865224782,0.9311732334413705,backdrop,0,1.0,E0028701
N0018829,junction,lateral,356.11480712890625,351.5571439981421,4.557663130764126,0.930498008147481,backdrop,0,1.0,E0018739
N0037368,junction,lateral,394.3711242675781,391.78051634626183,2.590607921316291,0.9302156538009854,backdrop,0,1.0,E0037430
N0033655,junction,main,374.51434326171875,368.33488678789314,6.17945647382561,0.9297293206569748,backdrop,0,1.0,E0033843
N0032062,junction,main,386.9128112792969,383.2267594108382,3.6860518684586623,0.9295571337880801,backdrop,0,1.0,E0032363
N0046509,junction,lateral,430.548583984375,428.06343446771604,2.4851495166589643,0.92906319494125,backdrop,0,1.0,E0046364
N0019090,junction,lateral,361.1552429199219,358.0219176561856,3.1333252637362534,0.9286849153235721,backdrop,0,1.0,E0019039
N0000964,junction,lateral,486.33294677734375,483.74898605249354,2.5839607248502148,0.9278736247758275,backdrop,0,1.0,E0002640
N0046918,junction,lateral,456.7878723144531,453.7212672098954,3.066605104557709,0.9277978663806152,backdrop,0,1.0,E0046894
N0038606,junction,lateral,395.4736022949219,392.7045442568569,2.7690580380649976,0.92743735587527,backdrop,0,1.0,E0038561
N0028066,junction,lateral,376.7371520996094,374.2567989142828,2.480353185326578,0.9274179809289649,backdrop,0,1.0,E0028350
N0038998,junction,main,359.7087707519531,356.7664502731634,2.942320478789725,0.9262030597618605,backdrop,0,1.0,E0038931
N0026640,junction,sub main,391.9083251953125,381.40690717721935,10.501418018093148,0.9260606506485374,backdrop,0,1.0,E0027017
N0033302,junction,lateral,394.02105712890625,391.3412750021708,2.6797821267354607,0.9252137021438216,backdrop,0,1.0,E0033613
N0001496,outfall,lateral,395.26580810546875,392.782790607988,2.4830174974807733,0.9244965302473247,backdrop,0,1.0,E0001361
N0006188,junction,main,329.75,321.34327914061413,8.40672085938587,0.9241137597807665,backdrop,0,1.0,E0006388
N0044573,junction,lateral,426.20562744140625,423.20965021630195,2.9959772251042978,0.9228575914855242,backdrop,0,1.0,E0044608
N0037419,junction,main,388.53778076171875,386.0421910537426,2.495589707976137,0.921546534324591,backdrop,0,1.0,E0037481
N0048848,junction,main,498.3740234375,495.558685523814,2.815337913685994,0.9215134698595193,backdrop,0,1.0,E0048691
N0018670,junction,main,364.6990661621094,362.19712559364183,2.501940568467546,0.9211030430124652,backdrop,0,1.0,E0018565
N0046040,junction,main,423.04241943359375,420.38961205099326,2.6528073826004857,0.9210650730562975,backdrop,0,1.0,E0045985
N0036698,junction,lateral,385.4255065917969,382.9492198082407,2.4762867835561906,0.9195196039754592,backdrop,0,1.0,E0036799
N0017648,junction,main,362.3702697753906,359.1571237736064,3.213146001784253,0.9178073849190582,backdrop,0,1.0,E0017512
N0007544,junction,lateral,340.1351623535156,337.6314925012453,2.5036698522703205,0.9176632520245676,backdrop,0,1.0,E0008014
N0019287,junction,lateral,360.7445068359375,358.2016700774779,2.5428367584596003,0.9164225504960655,backdrop,0,1.0,E0019313
N0033865,junction,main,396.2110290527344,393.3654452409517,2.84558381178266,0.916143936817889,backdrop,0,1.0,E0034051
N0006204,junction,lateral,426.8563537597656,424.3513003355428,2.505053424222808,0.9159406897014719,backdrop,0,1.0,E0006463
N0002710,junction,lateral,405.9154968261719,403.01412908200564,2.9013677441662367,0.9158560812579708,backdrop,0,1.0,E0003619
N0020718,junction,sub main,363.0650634765625,360.5057135584298,2.559349918132682,0.9144784250743214,backdrop,0,1.0,E0020738
N0011112,junction,main,429.7377014160156,427.13051798065646,2.607183435359161,0.9141907128176285,backdrop,0,1.0,E0011316
N0007461,junction,main,342.60333251953125,339.7608557432095,2.842476776321746,0.9136466144316273,backdrop,0,1.0,E0007986
N0009133,junction,lateral,343.8587646484375,341.3247125872857,2.534052061151783,0.9124384235036587,backdrop,0,1.0,E0009461
N0043795,junction,main,430.7891845703125,428.2131883203923,2.5759962499201947,0.9120371360244235,backdrop,0,1.0,E0043837
N0007430,junction,lateral,328.1374816894531,325.5755242768895,2.561957412563629,0.9101593674709534,backdrop,0,1.0,E0007977
N0024041,junction,main,368.4565734863281,365.90978170600243,2.546791780325691,0.9090494737093309,backdrop,0,1.0,E0024310
N0017025,junction,main,353.11602783203125,349.7769784682381,3.3390493637931513,0.9079107550092544,backdrop,0,1.0,E0016888
N0033113,junction,lateral,387.9590148925781,385.48299113265193,2.4760237599261927,0.9075556121049999,backdrop,0,1.0,E0033447
N0046586,junction,main,438.069580078125,434.6943678021154,3.37521227600962,0.9058538655970096,backdrop,0,1.0,E0046471
N0005485,junction,main,490.5054931640625,487.791308127034,2.7141850370285283,0.9042444444921216,backdrop,0,1.0,E0005619
N0009622,junction,trunk main,346.13214111328125,342.9884993175096,3.143641795771657,0.9040704782722173,backdrop,0,1.0,E0009883
N0030639,junction,lateral,387.1446533203125,384.63573223084245,2.50892108947005,0.9038196268153911,backdrop,0,1.0,E0030959
N0004306,junction,main,417.7165222167969,414.2470566702305,3.4694655465663686,0.902800904446849,backdrop,0,1.0,E0004633
N0046307,junction,main,438.20306396484375,434.73136330669445,3.4717006581493024,0.9026481108249413,backdrop,0,1.0,E0046200
N0014565,junction,lateral,354.14794921875,351.68792817745845,2.4600210412915544,0.9013851574995329,backdrop,0,1.0,E0014619
N0018448,junction,sub main,358.0174865722656,353.7456773525259,4.271809219739737,0.9006155990847446,backdrop,0,1.0,E0018434
N0049189,junction,lateral,491.8970642089844,489.40049746552864,2.4965667434557304,0.8999221925247411,backdrop,0,1.0,E0049041
N0036141,junction,lateral,400.34197998046875,397.4845789041564,2.8574010763123283,0.8998556347813746,backdrop,0,1.0,E0036347
N0012678,junction,lateral,348.2669982910156,341.8508816903104,6.416116600705209,0.8995643377535316,backdrop,0,1.0,E0012872
N0034017,junction,main,379.0003356933594,373.54569107345975,5.454644619899625,0.8992961697814508,backdrop,0,1.0,E0034218
N0043961,junction,lateral,436.42755126953125,433.88091435471176,2.546636914819487,0.8988583150382397,backdrop,0,1.0,E0044034
N0027034,junction,lateral,345.35858154296875,342.62667505410366,2.731906488865093,0.8973627398995632,backdrop,0,1.0,E0027371
N0039891,junction,main,401.0155334472656,398.5649368967793,2.4505965504863525,0.896961412577582,backdrop,0,1.0,E0039815
N0032605,junction,lateral,373.37884521484375,369.0164651036474,4.36238011119633,0.8956369355684046,backdrop,0,1.0,E0032827
N0044968,junction,main,445.780029296875,442.8881888812079,2.8918404156671045,0.895115360771797,backdrop,0,1.0,E0045019
N0022682,junction,lateral,365.95709228515625,363.2264604705991,2.730631814557171,0.8948665765769306,backdrop,0,1.0,E0022822
N0031458,junction,main,381.267333984375,378.72272303240425,2.5446109519707534,0.894819247504131,backdrop,0,1.0,E0031780
N0000366,junction,lateral,350.6637268066406,348.2160904012028,2.4476364054378337,0.8946179636564011,backdrop,0,1.0,E0002306
N0026611,junction,main,373.022705078125,363.5902006685811,9.432504409543924,0.8941936734099158,backdrop,0,1.0,E0027149
N0016905,junction,main,323.3028259277344,319.26999709979276,4.032828827941614,0.8937683188962637,backdrop,0,1.0,E0016715
N0016690,junction,lateral,353.3034973144531,350.79595677082546,2.5075405436276696,0.8919460612047487,backdrop,0,1.0,E0016485
N0045325,junction,main,436.1219482421875,433.54022859504965,2.581719647137845,0.8912655455750951,backdrop,0,1.0,E0045400
N0008097,junction,lateral,419.1109924316406,416.6595498607553,2.4514425708853196,0.8910566714596939,backdrop,0,1.0,E0008275
N0015047,junction,lateral,337.0988464355469,334.01843823538246,3.0804082001644133,0.891022239087988,backdrop,0,1.0,E0015078
N0033940,junction,lateral,390.1463317871094,387.3132154003547,2.833116386754682,0.8894696427228723,backdrop,0,1.0,E0034108
N0041769,junction,main,424.1895446777344,421.66643002800174,2.5231146497326336,0.8888008373909884,backdrop,0,1.0,E0041622
N0038426,junction,lateral,397.4836730957031,394.5030160208368,2.980657074866315,0.8857350742688368,backdrop,0,1.0,E0038346
N0018751,junction,main,366.8319091796875,364.33767817697714,2.4942310027103645,0.8851732712235503,backdrop,0,1.0,E0018652
N0032029,junction,main,381.90936279296875,379.09792379038356,2.811439002585189,0.8848098818715471,backdrop,0,1.0,E0032337
N0003782,junction,lateral,340.89990234375,337.45877573869836,3.441126605051636,0.8830505214426694,backdrop,0,1.0,E0004174
N0030858,junction,main,373.35845947265625,370.7862768574257,2.572182615230531,0.8824569504897681,backdrop,0,1.0,E0031156
N0036999,junction,main,393.83990478515625,389.53362124659475,4.306283538561502,0.8822989492802549,backdrop,0,1.0,E0037138
N0004462,junction,lateral,317.4739074707031,314.4694272912994,3.0044801794037426,0.8821137636220442,backdrop,0,1.0,E0004787
N0036509,junction,main,394.98809814453125,392.3184798853204,2.6696182592108357,0.8809773752246315,backdrop,0,1.0,E0036725
N0032165,junction,main,365.8227233886719,362.82584079060126,2.996882598070613,0.8806704508373855,backdrop,0,1.0,E0032510
N0042121,junction,lateral,427.9132995605469,425.0342317250923,2.8790678354545776,0.8797526115347409,backdrop,0,1.0,E0041978
N0044341,junction,lateral,435.03631591796875,432.47637572199113,2.5599401959776173,0.8797071392025373,backdrop,0,1.0,E0044448
N0006034,junction,lateral,341.5879821777344,338.45626991047243,3.131712267261946,0.8794302502498681,backdrop,0,1.0,E0006269
N0033223,junction,lateral,365.7849426269531,363.2918392348211,2.4931033921320136,0.8793259724332643,backdrop,0,1.0,E0033527
N0049232,junction,main,496.1564636230469,492.98375747802015,3.172706145026723,0.8792291026790053,backdrop,0,1.0,E0049097
N0012703,junction,lateral,341.07196044921875,336.1077816057225,4.964178843496256,0.8791894001051332,backdrop,0,1.0,E0012912
N0025978,junction,lateral,339.6606750488281,336.89026588249925,2.770409166328875,0.8788329095960421,backdrop,0,1.0,E0026217
N0030945,junction,lateral,378.85467529296875,375.8592169803706,2.9954583125981458,0.8777096611060529,backdrop,0,1.0,E0031240
N0017628,junction,lateral,354.04852294921875,351.61928909639846,2.429233852820289,0.8762026926556814,backdrop,0,1.0,E0017477
N0038722,junction,main,410.6177978515625,408.0828172063331,2.534980645229382,0.8757963899370225,backdrop,0,1.0,E0038660
N0048871,junction,lateral,486.028076171875,483.6010279416614,2.427048230213586,0.8754252777133615,backdrop,0,1.0,E0048728
N0009152,junction,lateral,329.1381530761719,326.7075996236906,2.430553452481263,0.8737509897721907,backdrop,0,1.0,E0009491
N0043872,junction,lateral,427.007568359375,424.5389885120136,2.4685798473614113,0.8730471524331733,backdrop,0,1.0,E0043933
N0013531,junction,main,346.5489196777344,343.4880921636366,3.0608275140977526,0.8716810653319271,backdrop,0,1.0,E0013730
N0004218,chamber,lateral,339.1539306640625,336.73159408136354,2.4223365826989607,0.8707842700356991,backdrop,0,1.0,E0003969
N0007348,junction,lateral,399.23382568359375,396.8025857716007,2.431239911993032,0.8685149112432669,backdrop,0,1.0,E0007905
N0009975,junction,lateral,429.5991516113281,427.1770730797174,2.4220785316107367,0.8680657024789866,backdrop,0,1.0,E0010384
N0031017,junction,main,345.8267517089844,342.2682762823128,3.5584754266715777,0.8672430809165235,backdrop,0,1.0,E0031359
N0013041,junction,lateral,346.417236328125,343.3932496777297,3.0239866503952726,0.8669922594355626,backdrop,0,1.0,E0013249
N0016130,junction,lateral,349.56512451171875,343.44348464214465,6.121639869574096,0.8668044362609635,backdrop,0,1.0,E0016000
N0022452,junction,sub main,380.5372619628906,372.0861353718382,8.4511265910524,0.8649757584967688,backdrop,0,1.0,E0022595
N0040784,junction,main,417.011474609375,414.3359921243938,2.6754824849812167,0.8641267610693149,backdrop,0,1.0,E0040644
N0029401,junction,sub main,335.58856201171875,332.45424276970465,3.134319242014101,0.8641226005299814,backdrop,0,1.0,E0029723
N0015183,junction,lateral,355.9213562011719,353.49335170294444,2.4280044982274376,0.8626853650214343,backdrop,0,1.0,E0015237
N0000646,outfall,main,330.6973876953125,326.5305955140764,4.166792181236076,0.8622695392249966,backdrop,0,1.0,E0000602
N0000398,junction,main,374.60906982421875,370.7001052285867,3.9089645956320282,0.861348661474949,backdrop,0,1.0,E0002342
N0014744,junction,lateral,332.14239501953125,329.34806702252615,2.794327997005098,0.8611404093232409,backdrop,0,1.0,E0014833
N0041712,junction,lateral,403.2631530761719,400.5097778469287,2.7533752292431473,0.8609796159844905,backdrop,0,1.0,E0041579
N0042571,junction,lateral,425.669677734375,423.17550391163803,2.4941738227369683,0.8607273922619356,backdrop,0,1.0,E0042397
N0013599,junction,lateral,337.21124267578125,333.9828719108771,3.2283707649041276,0.8601115092070586,backdrop,0,1.0,E0013805
N0041402,junction,main,408.9910583496094,406.5841020112681,2.406956338341274,0.8552370931020619,backdrop,0,1.0,E0041287
N0048982,junction,lateral,483.0684509277344,480.64846364624333,2.4199872814910464,0.8548410705444098,backdrop,0,1.0,E0048848
N0001639,outfall,lateral,391.2116394042969,388.788415211566,2.4232241927308564,0.8540853439984062,backdrop,0,1.0,E0001483
N0044218,junction,main,425.5783996582031,422.9719763813214,2.606423276881742,0.8536578270976634,backdrop,0,1.0,E0044320
N0031955,junction,lateral,375.6008605957031,373.1957726087549,2.4050879869482173,0.8521450943472928,backdrop,0,1.0,E0032234
N0022616,junction,main,385.9424133300781,381.32565154661756,4.616761783460561,0.8518686765872872,backdrop,0,1.0,E0022761
N0049404,junction,main,499.1709289550781,496.10076806075597,3.070160894322157,0.8515414040475662,backdrop,0,1.0,E0049226
N0041692,junction,lateral,411.4065856933594,408.8917420220098,2.514843671349581,0.8513970348792554,backdrop,0,1.0,E0041567
N0005051,junction,lateral,318.76177978515625,316.3257656415697,2.436014143586533,0.8511844645172459,backdrop,0,1.0,E0005286
N0040252,junction,main,346.9522399902344,344.09568528558043,2.856554704653945,0.8506622388644587,backdrop,0,1.0,E0040139
N0016017,junction,main,323.1189270019531,320.21109745595527,2.9078295459978563,0.8503836760589252,backdrop,0,1.0,E0015918
N0018374,junction,lateral,361.36834716796875,358.9656889830426,2.4026581849261675,0.8498527681214796,backdrop,0,1.0,E0018351
N0049539,junction,lateral,507.9574890136719,504.8408785521502,3.1166104615217023,0.8487147809086082,backdrop,0,1.0,E0049316
N0046474,junction,main,437.0146484375,434.0165550043279,2.998093433172073,0.8468620193203265,backdrop,0,1.0,E0046357
N0021797,junction,sub main,363.5367431640625,360.9455292969576,2.591213867104898,0.8467046623929377,backdrop,0,1.0,E0021800
N0041822,junction,main,403.3327331542969,400.9272436023728,2.405489551924063,0.8455945540896437,backdrop,0,1.0,E0041742
N0039022,junction,main,342.5698547363281,339.95217902967033,2.617675706657792,0.8451660396622742,backdrop,0,1.0,E0038951
N0016396,junction,main,346.91253662109375,344.4028852419922,2.5096513791015695,0.8450452825173329,backdrop,0,1.0,E0016228
N0039709,junction,lateral,423.49359130859375,421.0945078038097,2.3990835047840733,0.8441654058962627,backdrop,0,1.0,E0039582
N0016996,junction,main,352.55712890625,348.25449870119985,4.30263020505015,0.843667400454251,backdrop,0,1.0,E0016909
N0020325,junction,sub main,362.2533264160156,359.7140062688001,2.5393201472155056,0.8435468438874523,backdrop,0,1.0,E0020316
N0030376,junction,main,367.9678955078125,365.3517218175271,2.616173690285393,0.8430892479078693,backdrop,0,1.0,E0030674
N0042635,junction,main,427.3002624511719,424.0713331906761,3.228929260495761,0.8428069194554269,backdrop,0,1.0,E0042448
N0018938,junction,lateral,362.7823181152344,360.290342774374,2.4919753408603924,0.8427525525069086,backdrop,0,1.0,E0018889
N0014329,junction,lateral,340.6846923828125,337.6285209534244,3.056171429388087,0.8421095361046582,backdrop,0,1.0,E0014424
N0016925,junction,main,360.42156982421875,357.97665026267657,2.4449195615421786,0.8417302678186047,backdrop,0,1.0,E0016760
N0013065,junction,main,402.4248352050781,399.86969748327,2.555137721808137,0.8416980648131585,backdrop,0,1.0,E0013261
N0043630,junction,main,430.4388427734375,427.95690640450084,2.4819363689366583,0.8411570505906525,backdrop,0,1.0,E0043547
N0040998,junction,lateral,347.2189025878906,344.7337743299446,2.4851282579460303,0.841031495191146,backdrop,0,1.0,E0040906
N0041141,junction,lateral,343.1898498535156,340.2545829490098,2.935266904505852,0.8405164138021632,backdrop,0,1.0,E0041049
N0029775,junction,lateral,369.59075927734375,366.67005957420344,2.920699703140315,0.8405103310454365,backdrop,0,1.0,E0030076
N0013961,junction,lateral,345.33685302734375,342.8157415466521,2.5211114806916726,0.8394416420634911,backdrop,0,1.0,E0014016
N0032682,junction,lateral,374.3992614746094,372.00944697067825,2.3898145039311203,0.8380588242947056,backdrop,0,1.0,E0032883
N0019925,junction,main,374.3310241699219,371.5010900026865,2.829934167235365,0.8377273697851138,backdrop,0,1.0,E0019875
N0040349,junction,lateral,400.9040832519531,398.0182319751261,2.8858512768269975,0.8376585194351946,backdrop,0,1.0,E0040255
N0012020,junction,lateral,421.8144226074219,419.3451512718529,2.469271335568976,0.8375420570991423,backdrop,0,1.0,E0012341
N0033349,junction,lateral,384.3227233886719,381.93195833048674,2.3907650581851385,0.8362328656139653,backdrop,0,1.0,E0033645
N0009654,junction,lateral,333.41192626953125,330.03363838095913,3.3782878885721175,0.8354468525102448,backdrop,0,1.0,E0009940
N0028816,junction,sub main,335.1068420410156,330.7147650882647,4.3920769527509265,0.8352675056108296,backdrop,0,1.0,E0029158
N0018789,junction,lateral,357.1397399902344,354.62190546428076,2.5178345259536172,0.8346739532919969,backdrop,0,1.0,E0018690
N0011512,junction,sub main,347.78448486328125,345.39064765180655,2.393837211474704,0.8346218997344863,backdrop,0,1.0,E0011699
N0031506,junction,lateral,376.4955749511719,373.95615661343874,2.5394183377331387,0.8341228318631693,backdrop,0,1.0,E0031811
N0031152,junction,lateral,395.8410949707031,393.3761966608981,2.4648983098050508,0.8333384709051757,backdrop,0,1.0,E0031477
N0030164,junction,main,380.339599609375,377.94144847770826,2.3981511316667365,0.8330332587028693,backdrop,0,1.0,E0030453
N0013918,junction,main,349.6964416503906,346.96073032099434,2.735711329396281,0.8323798127534019,backdrop,0,1.0,E0013971
N0014545,junction,lateral,353.0110778808594,350.61363269763245,2.397445183226921,0.8321772230916054,backdrop,0,1.0,E0014590
N0024730,junction,lateral,374.95758056640625,372.40781582598737,2.5497647404188797,0.831830911623797,backdrop,0,1.0,E0025052
N0023302,junction,lateral,380.38177490234375,377.99464501836667,2.3871298839770816,0.8314483993755744,backdrop,0,1.0,E0023487
N0028535,junction,lateral,372.0122375488281,369.6168986828166,2.395338866011514,0.8310490742762795,backdrop,0,1.0,E0028823
N0016427,junction,lateral,444.57000732421875,442.184830206005,2.3851771182137327,0.8300454810358247,backdrop,0,1.0,E0016257
N0006962,junction,main,342.6381530761719,339.34645966040364,3.2916934157682363,0.8295180121995713,backdrop,0,1.0,E0007221
N0047709,junction,lateral,477.0865478515625,474.6929122588526,2.393635592709927,0.8271033551032474,backdrop,0,1.0,E0047526
N0011533,junction,lateral,345.6984558105469,340.5769600823909,5.121495728155992,0.8265448039281864,backdrop,0,1.0,E0011750
N0024350,junction,lateral,349.26922607421875,346.1937102027661,3.0755158714526374,0.8257242103892963,backdrop,0,1.0,E0024690
N0023138,junction,sub main,379.9241638183594,371.9048758023042,8.019288016055157,0.8257158592180645,backdrop,0,1.0,E0023374
N0012327,junction,lateral,400.623291015625,397.72360342963043,2.8996875859945703,0.824667942733754,backdrop,0,1.0,E0012653
N0046994,junction,main,442.2471008300781,439.61378245715986,2.633318372918268,0.8245482364664554,backdrop,0,1.0,E0046891
N0014279,junction,lateral,345.36785888671875,342.52513048479585,2.8427284019228978,0.8244613119984479,backdrop,0,1.0,E0014404
N0034819,junction,lateral,395.10345458984375,391.6738881132582,3.429566476585535,0.8242605386963646,backdrop,0,1.0,E0035125
N0029049,junction,lateral,372.38580322265625,369.9782678360967,2.407535386559573,0.8230118136255555,backdrop,0,1.0,E0029396
N0010622,junction,sub main,437.7401123046875,435.13869271877303,2.6014195859144706,0.8225244748407476,backdrop,0,1.0,E0010836
N0043609,junction,main,437.42572021484375,433.6508092061279,3.774911008715833,0.8208293613156457,backdrop,0,1.0,E0043556
N0019584,junction,lateral,367.0142822265625,364.53536180614094,2.4789204204215594,0.8202783842837675,backdrop,0,1.0,E0019539
N0042073,junction,main,421.02093505859375,418.5810446636766,2.4398903949171427,0.8176628088294251,backdrop,0,1.0,E0041912
N0024952,junction,sub main,340.46014404296875,333.00220238914284,7.4579416538259125,0.817623469955663,backdrop,0,1.0,E0025238
N0022262,junction,main,365.21539306640625,360.2510691467414,4.964323919664878,0.8173238515117305,backdrop,0,1.0,E0022441
N0031048,junction,lateral,343.6270446777344,340.62308378370506,3.003960894029319,0.8172866421750768,backdrop,0,1.0,E0031392
N0032418,junction,lateral,385.8074645996094,383.2817479631059,2.525716636503489,0.8166017564246886,backdrop,0,1.0,E0032718
N0015772,junction,lateral,421.3332214355469,417.58811016729794,3.745111268248934,0.8164334558243809,backdrop,0,1.0,E0015724
N0016516,junction,main,441.3077697753906,437.2697852371911,4.03798453819951,0.8161543894200349,backdrop,0,1.0,E0016383
N0036692,junction,lateral,384.1073913574219,381.67621293749426,2.431178419927619,0.816023211708,backdrop,0,1.0,E0036782
N0011504,junction,lateral,345.72540283203125,342.37476923245066,3.35063359958059,0.8134731172827401,backdrop,0,1.0,E0011667
N0029013,junction,main,381.79779052734375,379.0181127793028,2.7796777480409673,0.8133260480482818,backdrop,0,1.0,E0029358
N0046537,junction,main,427.66375732421875,425.2166139511232,2.447143373095571,0.8132705508110121,backdrop,0,1.0,E0046390
N0034248,junction,lateral,340.5118713378906,337.65409600500584,2.857775332884785,0.8132528391105325,backdrop,0,1.0,E0034441
N0038908,junction,lateral,411.9659729003906,409.5962870401691,2.369685860221523,0.8129429693448174,backdrop,0,1.0,E0038834
N0005235,junction,trunk main,345.6234436035156,343.25615033015526,2.36729327336036,0.8121754091609432,backdrop,0,1.0,E0005427
N0018151,junction,trunk main,354.5125427246094,350.67808206077507,3.8344606638343066,0.8117647058823536,backdrop,0,1.0,E0018075
N0014988,junction,lateral,344.1936950683594,341.02682696345505,3.1668681049043244,0.8093101409874066,backdrop,0,1.0,E0015047
N0039295,junction,lateral,361.103759765625,358.5699718971927,2.5337878684322845,0.8072581123968803,backdrop,0,1.0,E0039199
N0027149,junction,main,380.05841064453125,375.51842955642053,4.539981088110721,0.8062172004019885,backdrop,0,1.0,E0027598
N0027465,junction,lateral,379.5798645019531,376.0649912989205,3.5148732030326073,0.8052077848448675,backdrop,0,1.0,E0027868
N0009533,junction,lateral,425.212158203125,421.74716006077733,3.4649981423476675,0.802811848673116,backdrop,0,1.0,E0009787
N0011555,junction,lateral,433.2400817871094,430.0932421342531,3.146839652856272,0.8005581446776091,backdrop,0,1.0,E0011765
N0041890,junction,main,421.08154296875,418.51033398555796,2.5712089831920366,0.7995645696128122,backdrop,0,1.0,E0041825
N0044612,junction,main,445.25836181640625,441.7306086204224,3.5277531959838484,0.7969435448471813,backdrop,0,1.0,E0044723
N0049366,junction,lateral,492.2939453125,489.6496443012806,2.6443010112193974,0.7963181554789571,backdrop,0,1.0,E0049187
N0010633,junction,lateral,429.6971435546875,427.29750992955957,2.399633625127933,0.7945306939965349,backdrop,0,1.0,E0010854
N0007439,junction,main,402.1445617675781,399.6791362505413,2.465425517036806,0.7933290789279113,backdrop,0,1.0,E0007975
N0040918,junction,lateral,417.6065673828125,415.25807794679497,2.3484894360175304,0.7931811625022647,backdrop,0,1.0,E0040811
N0026926,junction,main,376.8889465332031,374.4293021996227,2.4596443335803997,0.792328857053576,backdrop,0,1.0,E0027245
N0006305,junction,lateral,423.09564208984375,419.9541469368151,3.141495153028643,0.7921669069639847,backdrop,0,1.0,E0006581
N0013099,junction,main,346.4095764160156,343.3485366136512,3.061039802364405,0.791121552006814,backdrop,0,1.0,E0013285
N0018079,junction,lateral,359.91961669921875,356.76011811506675,3.1594985841520042,0.7900983377393231,backdrop,0,1.0,E0018006
N0030670,junction,lateral,390.84967041015625,387.9055246139661,2.944145796190128,0.7891193197790471,backdrop,0,1.0,E0031016
N0019809,junction,main,365.8682861328125,363.36889781087126,2.4993883219412396,0.7889512108657755,backdrop,0,1.0,E0019760
N0017186,junction,main,322.7454528808594,320.0770699415459,2.66838293931346,0.7887589921391509,backdrop,0,1.0,E0017015
N0032268,junction,lateral,388.6321105957031,386.2247555141811,2.4073550815220415,0.7880942783006617,backdrop,0,1.0,E0032593
N0026871,junction,main,380.8397521972656,377.697624450729,3.14212774653663,0.7872664057499605,backdrop,0,1.0,E0027240
N0036170,junction,lateral,398.5812072753906,395.70698507986384,2.8742221955267837,0.787233679849578,backdrop,0,1.0,E0036381
N0019702,junction,main,372.47088623046875,370.1190081284584,2.351878102010346,0.7868844973623936,backdrop,0,1.0,E0019651
N0017809,junction,lateral,360.4817199707031,358.13801886155386,2.343701109149265,0.7863195495880859,backdrop,0,1.0,E0017678
N0016416,junction,lateral,350.0666809082031,346.5949473364265,3.4717335717766105,0.7849991267805763,backdrop,0,1.0,E0016235
N0029857,junction,main,381.1040954589844,377.86735663966846,3.2367388193159172,0.7849459668397003,backdrop,0,1.0,E0030172
N0002518,junction,lateral,490.2203063964844,487.8839996331287,2.336306763355651,0.7847637946060217,backdrop,0,1.0,E0003540
N0012092,junction,lateral,343.33624267578125,340.4987916430074,2.8374510327738562,0.7828302633822659,backdrop,0,1.0,E0012421
N0010398,junction,lateral,325.8846435546875,322.22128360803106,3.663359946656442,0.7827076861227624,backdrop,0,1.0,E0010668
N0036365,junction,main,343.1581726074219,340.25902009139264,2.8991525160292326,0.7824811389637603,backdrop,0,1.0,E0036538
N0040360,junction,lateral,408.2493896484375,405.80775878296026,2.4416308654772365,0.7807063360197617,backdrop,0,1.0,E0040256
N0019081,junction,main,367.15130615234375,362.10103002211895,5.050276130224802,0.7805212719082419,backdrop,0,1.0,E0019055
N0014274,junction,main,346.725830078125,344.3823704573834,2.343459620741612,0.7802612584537769,backdrop,0,1.0,E0014386
N0011565,junction,lateral,429.95941162109375,427.51646103670424,2.442950584389507,0.780184855927132,backdrop,0,1.0,E0011771
N0038824,junction,main,390.9450988769531,388.0887616277369,2.8563372492162102,0.7783170102455301,backdrop,0,1.0,E0038734
N0034220,junction,lateral,349.476806640625,346.97758850229286,2.4992181383321395,0.7755107785377504,backdrop,0,1.0,E0034399
N0004383,junction,lateral,314.10504150390625,307.67185091199724,6.43319059190901,0.7754757821090266,backdrop,0,1.0,E0004651
N0028008,junction,main,372.6495056152344,368.5617277324266,4.087777882807757,0.7747168969427207,backdrop,0,1.0,E0028277
N0048275,junction,lateral,482.4022521972656,479.14759897610895,3.2546532211566728,0.7743198474491351,backdrop,0,1.0,E0048173
N0019902,junction,sub main,371.7762145996094,368.84833633048214,2.927878269127234,0.7738476373128265,backdrop,0,1.0,E0019863
N0043578,junction,lateral,435.8752746582031,433.391757751619,2.4835169065841,0.773771493132756,backdrop,0,1.0,E0043491
N0026542,junction,sub main,385.2239074707031,380.6473449624623,4.5765625082408405,0.7736895392002907,backdrop,0,1.0,E0026918
N0023847,junction,lateral,349.16705322265625,346.0650860594615,3.101967163194729,0.7726260183054592,backdrop,0,1.0,E0024115
N0021954,junction,lateral,381.6690368652344,378.5271984579199,3.1418384073144807,0.772133382794209,backdrop,0,1.0,E0021997
N0016763,junction,main,439.70538330078125,436.9961414254512,2.709241875330065,0.7719966736134438,backdrop,0,1.0,E0016563
N0044568,junction,main,426.0477294921875,423.70066026405385,2.3470692281336483,0.7715446106629429,backdrop,0,1.0,E0044603
N0017374,junction,main,357.9704284667969,355.52695658208614,2.443471884710732,0.7713752893444621,backdrop,0,1.0,E0017231
N0025001,junction,main,376.60626220703125,374.06603715666836,2.540225050362892,0.7712774975695993,backdrop,0,1.0,E0025316
N0038153,junction,main,393.40887451171875,390.2127881386059,3.1960863731128484,0.7706122550420105,backdrop,0,1.0,E0038201
N0032337,junction,lateral,384.2109069824219,381.84739523038905,2.363511752032821,0.7690064855491983,backdrop,0,1.0,E0032669
N0001277,outfall,lateral,362.1200256347656,359.79630345638594,2.3237221783796826,0.7686107041062087,backdrop,0,1.0,E0001168
N0042504,chamber,lateral,433.1282043457031,430.3903755619104,2.737828783792736,0.767874610090189,backdrop,0,1.0,E0042256
N0023097,junction,main,366.61273193359375,363.6355643153328,2.977167618260978,0.7672130875292851,backdrop,0,1.0,E0023322
N0021130,junction,sub main,379.976806640625,374.84480719557354,5.131999445051463,0.7670037768303359,backdrop,0,1.0,E0021154
N0019246,junction,main,357.9408264160156,353.28917984617624,4.651646569839386,0.7659151839934566,backdrop,0,1.0,E0019248
N0045940,junction,main,439.73944091796875,435.84878374993394,3.8906571680348065,0.7655991691574968,backdrop,0,1.0,E0045925
N0041727,junction,lateral,348.2471923828125,345.8834821129169,2.3637102698955914,0.7655858627306316,backdrop,0,1.0,E0041592
N0002702,junction,main,346.0745849609375,343.4743136349118,2.600271326025677,0.7654100882268153,backdrop,0,1.0,E0003608
N0020233,junction,lateral,353.78765869140625,350.0931266097198,3.694532081686475,0.7636674519454232,backdrop,0,1.0,E0020176
N0039199,junction,main,342.696533203125,340.3599006141206,2.3366325890044095,0.7636417398196613,backdrop,0,1.0,E0039056
N0042391,junction,main,426.37860107421875,424.06095636002016,2.317644714198593,0.763290466150579,backdrop,0,1.0,E0042232
N0036504,junction,lateral,401.8579406738281,399.3153198279637,2.5426208458644055,0.762056899495974,backdrop,0,1.0,E0036639
N0017921,junction,main,362.3280944824219,355.2547105504199,7.073383932002002,0.7614775923121329,backdrop,0,1.0,E0017801
N0014397,junction,main,336.53790283203125,333.4107641418483,3.12713869018296,0.7611756597535759,backdrop,0,1.0,E0014469
N0009552,junction,lateral,430.78973388671875,428.37143763587414,2.4182962508446053,0.7599773579758562,backdrop,0,1.0,E0009797
N0042981,junction,lateral,429.25360107421875,426.46212492461893,2.7914761495998164,0.7598567164945962,backdrop,0,1.0,E0042870
N0005727,junction,main,331.42559814453125,328.49572574572227,2.929872398808982,0.7596354785878816,backdrop,0,1.0,E0005888
N0045142,junction,lateral,431.07232666015625,428.4269604803995,2.6453661797567634,0.7591541257072549,backdrop,0,1.0,E0045163
N0034566,junction,lateral,373.1015319824219,370.0758093015855,3.0257226808363953,0.757981901530286,backdrop,0,1.0,E0034816
N0043438,junction,main,430.0434875488281,427.50160209012427,2.5418854587038595,0.756430136438496,backdrop,0,1.0,E0043382
N0042217,junction,main,426.2252502441406,423.7758431729956,2.4494070711450036,0.7551188307289749,backdrop,0,1.0,E0042145
N0045002,junction,main,439.5988464355469,431.783752485491,7.815093950055882,0.7549327999469142,backdrop,0,1.0,E0045074
N0027085,junction,lateral,392.4733581542969,388.0173014514538,4.456056702843057,0.7549054470512147,backdrop,0,1.0,E0027480
N0038050,junction,sub main,413.3460388183594,406.88505568625857,6.460983132100807,0.7546033271104875,backdrop,0,1.0,E0038063
N0041723,junction,main,350.1487121582031,345.87450612015283,4.274206038050295,0.7543285691293136,backdrop,0,1.0,E0041587
N0046184,junction,lateral,435.6602478027344,433.13497283018563,2.5252749725487433,0.7538680097864017,backdrop,0,1.0,E0046092
N0048759,junction,sub main,495.0522766113281,487.73964768949145,7.3126289218366765,0.753455626293885,backdrop,0,1.0,E0048660
N0006716,junction,lateral,416.73077392578125,414.3186306290989,2.412143296682359,0.7534147005909517,backdrop,0,1.0,E0006947
N0015689,junction,lateral,347.815185546875,344.64406778144604,3.17111776542896,0.7509427345747781,backdrop,0,1.0,E0015684
N0036556,junction,lateral,395.97064208984375,392.89085984421087,3.0797822456328845,0.7507955259442269,backdrop,0,1.0,E0036660
N0029531,junction,sub main,382.8961486816406,377.4102258285378,5.485922853102807,0.7506968691741918,backdrop,0,1.0,E0029893
N0035037,junction,main,370.1492919921875,367.4097277766546,2.73956421553288,0.7506682682169412,backdrop,0,1.0,E0035193
N0014571,junction,lateral,351.37078857421875,348.03455510658654,3.336233467632212,0.7500164173412713,backdrop,0,1.0,E0014634
N0006483,junction,trunk main,345.2961730957031,340.7802317445439,4.515941351159199,0.7495018996448835,backdrop,0,1.0,E0006656
N0032926,junction,sub main,395.3250732421875,390.0929100601827,5.232163182004797,0.7489516639574845,backdrop,0,1.0,E0033226
N0041815,junction,lateral,411.23553466796875,408.932851631592,2.302683036376777,0.7482138338278332,backdrop,0,1.0,E0041735
N0029625,junction,lateral,377.9829406738281,375.6756859505124,2.3072547233157366,0.7476922786232194,backdrop,0,1.0,E0029972
N0013193,junction,lateral,334.6012268066406,331.76527516169614,2.835951644944487,0.7471718823388187,backdrop,0,1.0,E0013354
N0023563,junction,sub main,366.1339416503906,363.81706702324556,2.3168746271450686,0.745912191300306,backdrop,0,1.0,E0023793
N0030315,junction,sub main,379.0744934082031,374.2437356187237,4.830757789479435,0.7457178799649,backdrop,0,1.0,E0030610
N0011204,junction,main,342.93353271484375,340.61260048807895,2.3209322267647963,0.7437713913431026,backdrop,0,1.0,E0011380
N0046756,junction,lateral,426.4782409667969,424.1010541316025,2.3771868351943795,0.7437490641298155,backdrop,0,1.0,E0046648
N0029102,junction,main,373.8588562011719,371.45613594636706,2.4027202548048194,0.7429633333484276,backdrop,0,1.0,E0029445
N0035090,junction,main,390.3750915527344,387.73884267091665,2.636248881817721,0.7422745619615512,backdrop,0,1.0,E0035268
N0038623,junction,main,368.8751220703125,366.43843052759723,2.4366915427152662,0.7409846151760462,backdrop,0,1.0,E0038584
N0045110,junction,main,433.6041259765625,429.9999368968076,3.604189079754917,0.7408460159182937,backdrop,0,1.0,E0045133
N0036500,junction,lateral,399.53436279296875,396.8930800585594,2.6412827344093444,0.7406835778450613,backdrop,0,1.0,E0036629
N0006560,junction,lateral,331.2759094238281,328.9547081986247,2.321201225203424,0.7397322022674189,backdrop,0,1.0,E0006756
N0000218,outfall,lateral,340.8384094238281,337.80409787721914,3.03431154660899,0.7366506024434898,backdrop,0,1.0,E0000226
N0046077,junction,lateral,446.8695373535156,444.5378946562672,2.3316426972484123,0.735909652751161,backdrop,0,1.0,E0046036
N0046753,junction,main,428.1958923339844,425.8145507233237,2.3813416106606837,0.735758100358396,backdrop,0,1.0,E0046647
N0024418,junction,sub main,379.97320556640625,371.09144087632075,8.881764690085504,0.7349036189036156,backdrop,0,1.0,E0024747
N0003853,junction,lateral,347.13543701171875,344.7915237246613,2.3439132870574326,0.733405011139098,backdrop,0,1.0,E0004274
N0041118,junction,main,406.579345703125,402.54309559020953,4.036250112915468,0.7332266305190842,backdrop,0,1.0,E0041031
N0045428,junction,lateral,424.8868408203125,422.49184382261177,2.39499699770073,0.7328453291411279,backdrop,0,1.0,E0045508
N0013975,junction,main,346.80706787109375,343.7384406107008,3.0686272603929297,0.732621924823377,backdrop,0,1.0,E0014030
N0009022,junction,main,426.9603576660156,424.6696148880487,2.290742777966898,0.7312245027562199,backdrop,0,1.0,E0009283
N0031192,junction,main,391.2254333496094,384.5947725095338,6.6306608400755636,0.7310026928616935,backdrop,0,1.0,E0031545
N0017380,junction,lateral,357.1739501953125,354.57362881769257,2.6003213776199345,0.7290877905593334,backdrop,0,1.0,E0017227
N0000807,outfall,lateral,344.9874572753906,342.33061048705156,2.6568467883390667,0.7273869238015891,backdrop,0,1.0,E0000749
N0028103,junction,lateral,372.955810546875,370.57570452254674,2.3801060243282564,0.7270094884228797,backdrop,0,1.0,E0028358
N0030535,junction,lateral,343.88037109375,339.70716717813826,4.173203915611737,0.7261789749300647,backdrop,0,1.0,E0030801
N0010657,junction,lateral,432.6860656738281,430.36684218165846,2.3192234921696695,0.7259894248991827,backdrop,0,1.0,E0010886
N0040747,junction,lateral,424.1699523925781,421.63110503512723,2.5388473574508907,0.7256853784847976,backdrop,0,1.0,E0040615
N0009532,junction,main,427.02947998046875,424.7528314729342,2.27664850753456,0.7255847812517118,backdrop,0,1.0,E0009782
N0030341,junction,lateral,383.1390075683594,380.7162559593051,2.4227516090542736,0.7248765380873579,backdrop,0,1.0,E0030645
N0035890,junction,lateral,370.75390625,368.358672747918,2.3952335020820215,0.7247979664066406,backdrop,0,1.0,E0035967
N0043963,junction,main,435.36480712890625,433.0310163461047,2.333790782801543,0.7213939814140531,backdrop,0,1.0,E0044035
N0011405,junction,lateral,324.22509765625,321.52719395967864,2.697903696571359,0.7213210005581345,backdrop,0,1.0,E0011593
N0033914,junction,main,390.4123229980469,388.0236610449157,2.388661953131191,0.7204752801471841,backdrop,0,1.0,E0034100
N0020304,junction,lateral,369.859619140625,365.45833440902396,4.401284731601038,0.7203460789099836,backdrop,0,1.0,E0020239
N0033316,junction,lateral,395.8773193359375,393.3681111154592,2.5092082204782855,0.7203092536997246,backdrop,0,1.0,E0033617
N0014548,junction,lateral,349.87908935546875,347.6080694381064,2.2710199173623664,0.7197593923480099,backdrop,0,1.0,E0014605
N0045730,junction,lateral,432.5514221191406,430.0795498041404,2.471872315000212,0.718704115670505,backdrop,0,1.0,E0045734
N0008136,junction,main,426.4308776855469,423.7471692667158,2.6837084188310882,0.7183596420272806,backdrop,0,1.0,E0008299
N0018349,junction,main,363.72186279296875,361.4388384806507,2.283024312318048,0.7183050465206975,backdrop,0,1.0,E0018323
N0005028,junction,lateral,317.30810546875,314.92984934316974,2.378256125580265,0.7179888691243264,backdrop,0,1.0,E0005278
N0028042,junction,main,384.01922607421875,379.5558640919194,4.463361982299375,0.717783423887056,backdrop,0,1.0,E0028309
N0049262,junction,lateral,493.6297302246094,491.0203717870804,2.609358437528954,0.7165026711460882,backdrop,0,1.0,E0049104
N0026340,junction,lateral,372.2328796386719,369.79489866346785,2.4379809752040273,0.7164593266416546,backdrop,0,1.0,E0026596
N0039184,junction,lateral,360.5873718261719,357.4825296800849,3.1048421460869804,0.7157332312416997,backdrop,0,1.0,E0039041
N0041610,junction,main,424.2408447265625,421.529068994205,2.7117757323575233,0.7146734054930448,backdrop,0,1.0,E0041527
N0037820,junction,main,405.0907897949219,399.3526468600643,5.738142934857592,0.7146044660375424,backdrop,0,1.0,E0037833
N0035637,junction,lateral,339.0281066894531,336.3920732120362,2.636033477416902,0.7138560157335405,backdrop,0,1.0,E0035810
N0014773,junction,lateral,325.9298400878906,321.9126801396071,4.017159948283506,0.7135383891425136,backdrop,0,1.0,E0014850
N0021390,junction,sub main,379.0416259765625,375.7364035977982,3.305222378764313,0.7126518518007288,backdrop,0,1.0,E0021319
N0023580,junction,lateral,379.32952880859375,374.3651325353271,4.96439627326663,0.7120721620312906,backdrop,0,1.0,E0023822
N0011596,junction,main,403.84429931640625,401.3408739687847,2.503425347621544,0.7117431223620656,backdrop,0,1.0,E0011790
N0048711,junction,main,498.4010925292969,495.4796285823098,2.921463946987103,0.709791597543358,backdrop,0,1.0,E0048600
N0032586,junction,main,368.9834899902344,366.26340700642845,2.7200829838059235,0.7094299392948642,backdrop,0,1.0,E0032822
N0041865,junction,lateral,424.232666015625,421.9291127378076,2.3035532778174,0.7083755409350943,backdrop,0,1.0,E0041791
N0006630,junction,main,328.40679931640625,324.91352741022536,3.493271906180894,0.7080375254650448,backdrop,0,1.0,E0006874
N0014129,junction,lateral,330.57550048828125,328.30214540432803,2.27335508395322,0.7070797631273535,backdrop,0,1.0,E0014173
N0027835,junction,lateral,378.90289306640625,375.81087091449115,3.0920221519151028,0.7070671908313102,backdrop,0,1.0,E0028138
N0039256,junction,sub main,402.7066955566406,400.2589771655853,2.447718391055332,0.7053076044533668,backdrop,0,1.0,E0039171
N0025356,junction,main,377.7485656738281,375.4583074267952,2.2902582470329094,0.7043508370093718,backdrop,0,1.0,E0025653
N0006050,junction,sub main,339.8819274902344,330.68820362586445,9.193723864369929,0.7038578585692221,backdrop,0,1.0,E0006286
N0035057,junction,lateral,369.2980041503906,366.18082569620213,3.1171784541884904,0.702823132418871,backdrop,0,1.0,E0035208
N0000153,junction,lateral,411.4919738769531,409.2347629905631,2.2572108863899984,0.7016381178971187,backdrop,0,1.0,E0002227
N0008560,junction,lateral,423.77642822265625,421.425587037245,2.350841185411241,0.7006805634754301,backdrop,0,1.0,E0008809
N0032489,junction,lateral,380.3540954589844,378.07608103491674,2.278014424067635,0.6998973393596088,backdrop,0,1.0,E0032747
N0041990,junction,main,403.37884521484375,400.96847465862896,2.4103705562147866,0.69879990179885,backdrop,0,1.0,E0041856
N0008232,junction,main,342.56549072265625,339.8061326689002,2.7593580537560456,0.6987511245331461,backdrop,0,1.0,E0008416
N0013239,junction,lateral,410.12115478515625,407.87073385926993,2.250420925886317,0.698375027448833,backdrop,0,1.0,E0013422
N0024761,junction,main,380.6919860839844,378.1832342053193,2.508751878665066,0.6981061714253087,backdrop,0,1.0,E0025061
N0037447,junction,main,339.4967346191406,337.1207553010158,2.3759793181248483,0.6978396194651282,backdrop,0,1.0,E0037501
N0011905,junction,lateral,347.4767761230469,345.21213216930147,2.2646439537454057,0.6976572004693367,backdrop,0,1.0,E0012254
N0013093,junction,main,342.5382995605469,339.83761321904547,2.7006863415014095,0.6966276549407553,backdrop,0,1.0,E0013289
N0013199,junction,main,338.0932922363281,333.8573207442693,4.235971492058809,0.6964002105096938,backdrop,0,1.0,E0013387
N0005986,junction,sub main,328.3782958984375,324.574791724256,3.803504174181512,0.6957012363426998,backdrop,0,1.0,E0006268
N0011085,junction,main,433.8839416503906,429.9666522452414,3.9172894051492335,0.6952672229008954,backdrop,0,1.0,E0011313
N0032037,junction,main,376.5386657714844,371.44078301297156,5.09788275851281,0.6943927088435657,backdrop,0,1.0,E0032426
N0023875,junction,lateral,384.2444152832031,381.27457602656943,2.9698392566336906,0.6932322623352434,backdrop,0,1.0,E0024151
N0004469,junction,main,319.8995666503906,314.92426297403307,4.975303676357555,0.6917109730171092,backdrop,0,1.0,E0004802
N0037694,junction,lateral,392.3450622558594,390.07102596593984,2.274036289919536,0.6914934884292734,backdrop,0,1.0,E0037690
N0018066,junction,sub main,358.7640686035156,347.6292046438219,11.134863959693746,0.6914713045694612,backdrop,0,1.0,E0017969
N0028317,junction,main,392.2102355957031,388.9040278832918,3.3062077124113216,0.6913808708816305,backdrop,0,1.0,E0028606
N0010733,junction,lateral,343.24725341796875,340.54723429747565,2.7000191204930957,0.6912955925828328,backdrop,0,1.0,E0010960
N0014345,junction,main,335.127685546875,328.650907911064,6.476777635811004,0.6905204585939941,backdrop,0,1.0,E0014447
N0003898,junction,lateral,331.3500061035156,327.89485809511825,3.455148008397373,0.690505965010118,backdrop,0,1.0,E0004314
N0000370,junction,lateral,348.79669189453125,345.85458992644334,2.9421019680879112,0.689267293568264,backdrop,0,1.0,E0002310
N0027189,junction,main,378.86090087890625,375.5246937749181,3.3362071039881585,0.6886934080031892,backdrop,0,1.0,E0027619
N0034580,junction,lateral,369.59503173828125,367.29314266614057,2.301889072140682,0.6886166440627335,backdrop,0,1.0,E0034832
N0033658,junction,lateral,369.2716369628906,367.0027475826689,2.268889380221708,0.6881948628028454,backdrop,0,1.0,E0033845
N0032479,junction,lateral,375.5185546875,373.2759287064643,2.242625981035701,0.6880393376488314,backdrop,0,1.0,E0032738
N0044364,junction,main,431.4537658691406,428.85302113788134,2.600744731259283,0.6877850290636616,backdrop,0,1.0,E0044447
N0041536,junction,lateral,411.5103759765625,409.0564645952495,2.4539113813129916,0.6871086183075477,backdrop,0,1.0,E0041448
N0027258,junction,main,391.15753173828125,383.848057702192,7.309474036089227,0.6866827051462678,backdrop,0,1.0,E0027696
N0029592,junction,main,378.7103576660156,374.7281319843131,3.9822256817025163,0.6858888081879968,backdrop,0,1.0,E0029953
N0019968,junction,main,363.2269287109375,360.9888895067078,2.2380392042297217,0.6846579424209835,backdrop,0,1.0,E0019891
N0025896,junction,lateral,372.4316101074219,369.6326378589689,2.7989722484529693,0.6837796463284462,backdrop,0,1.0,E0026092
N0045915,junction,lateral,438.3252868652344,435.8811414628089,2.4441454024254767,0.6829470289490018,backdrop,0,1.0,E0045907
N0019699,junction,sub main,371.9498596191406,368.77914530971987,3.1707143094207595,0.6826888684149139,backdrop,0,1.0,E0019659
N0011321,junction,lateral,340.71038818359375,338.05781572621095,2.652572457382803,0.6820163452536576,backdrop,0,1.0,E0011495
N0021064,junction,main,363.5017395019531,361.2549370654159,2.246802436537223,0.6818979067793975,backdrop,0,1.0,E0021006
N0016778,junction,main,353.44696044921875,350.56482355582705,2.882136893391703,0.6817802170273808,backdrop,0,1.0,E0016584
N0037015,junction,lateral,367.3426513671875,364.89401002360313,2.44864134358437,0.6807602702809845,backdrop,0,1.0,E0037140
N0001610,outfall,lateral,359.4750061035156,357.1491076635187,2.3258984399969336,0.6796491561036078,backdrop,0,1.0,E0001458
N0014259,junction,lateral,348.9491882324219,346.01944454778356,2.9297436846383107,0.679309810604309,backdrop,0,1.0,E0014385
N0048887,junction,lateral,480.5880126953125,478.3563626956431,2.2316499996694006,0.6792001095455475,backdrop,0,1.0,E0048739
N0020596,junction,lateral,362.87982177734375,360.380902050486,2.498919726857764,0.6774632624268406,backdrop,0,1.0,E0020604
N0011382,junction,main,330.9700622558594,328.60431923206465,2.365743023794721,0.6762490518851223,backdrop,0,1.0,E0011591
N0027042,junction,lateral,341.51568603515625,338.03414291384075,3.4815431213154966,0.6762178994185888,backdrop,0,1.0,E0027392
N0002990,junction,main,395.0367736816406,392.4987464155586,2.538027266081997,0.6745716385617584,backdrop,0,1.0,E0003848
N0030168,junction,lateral,377.7958679199219,375.5566531029324,2.239214816989488,0.6740057086999514,backdrop,0,1.0,E0030475
N0045167,junction,main,424.572509765625,422.27545297252794,2.297056793097056,0.6740031678040168,backdrop,0,1.0,E0045180
N0032929,junction,sub main,395.81219482421875,387.85157135806855,7.960623466150196,0.6730716129518441,backdrop,0,1.0,E0033229
N0008661,junction,main,343.1646423339844,340.8965571433648,2.2680851906195585,0.6727864388220723,backdrop,0,1.0,E0008882
N0034097,junction,lateral,374.30023193359375,372.0353411821703,2.2648907514234224,0.6720188206041939,backdrop,0,1.0,E0034297
N0030242,junction,lateral,375.50909423828125,373.1568700802173,2.3522241580639616,0.671915075341019,backdrop,0,1.0,E0030545
N0008185,junction,trunk main,345.80914306640625,342.7687740263671,3.0403690400391383,0.6717827735093351,backdrop,0,1.0,E0008367
N0025842,junction,main,371.6376953125,367.2137500195094,4.423945292990595,0.6707320934273753,backdrop,0,1.0,E0026078
N0004805,junction,lateral,329.92218017578125,327.4119203316956,2.510259844085624,0.6696727117713976,backdrop,0,1.0,E0005062
N0023468,junction,lateral,379.0390319824219,376.735671768231,2.3033602141908887,0.669027162220857,backdrop,0,1.0,E0023733
N0024722,junction,lateral,375.5063171386719,372.13251823162426,3.3737989070476146,0.6687985390140625,backdrop,0,1.0,E0024995
N0037430,junction,lateral,378.3076477050781,375.961664034319,2.3459836707590966,0.6666505347782277,backdrop,0,1.0,E0037484
N0016441,junction,lateral,350.86468505859375,348.39839845435415,2.466286604239599,0.6657085989712073,backdrop,0,1.0,E0016285
N0025105,junction,sub main,389.86163330078125,387.50837669561076,2.353256605170486,0.665446892983482,backdrop,0,1.0,E0025500
N0042188,junction,main,424.05169677734375,421.4454570399512,2.6062397373925705,0.6651353016935673,backdrop,0,1.0,E0042045
N0037064,junction,main,377.8941955566406,375.60209271697266,2.2921028396679617,0.664570202881464,backdrop,0,1.0,E0037182
N0035225,junction,main,347.9489440917969,345.7299219271343,2.21902216466259,0.6622351897275394,backdrop,0,1.0,E0035417
N0046703,junction,main,441.81170654296875,438.43020999081807,3.3814965521506792,0.661647960606274,backdrop,0,1.0,E0046601
N0028773,junction,main,377.9856872558594,373.39651002286195,4.589177232997429,0.6608189271867104,backdrop,0,1.0,E0029090
N0017063,junction,main,444.5234680175781,442.29284230531727,2.23062571226086,0.6603183999110911,backdrop,0,1.0,E0016955
N0040529,junction,lateral,351.7200012207031,349.4266852421776,2.293315978525527,0.6600648539284748,backdrop,0,1.0,E0040460
N0043276,junction,lateral,430.0681457519531,427.83403810641,2.2341076455431335,0.6594093361737237,backdrop,0,1.0,E0043199
N0028751,junction,main,375.32806396484375,372.46871100539295,2.8593529594508027,0.6590793032719944,backdrop,0,1.0,E0029078
N0006132,junction,lateral,331.884521484375,329.6678538118267,2.216667672548283,0.6578247311404084,backdrop,0,1.0,E0006317
N0037076,junction,main,338.96478271484375,336.7099888640137,2.2547938508300263,0.6576269330501532,backdrop,0,1.0,E0037199
N0031216,junction,lateral,387.9097900390625,385.477636408113,2.432153630949472,0.6573252876304423,backdrop,0,1.0,E0031546
N0035326,junction,lateral,388.1692810058594,385.7785966068005,2.390684399058898,0.6568585955736808,backdrop,0,1.0,E0035567
N0022585,junction,sub main,381.66253662109375,372.1116290488111,9.550907572282654,0.6568334553580257,backdrop,0,1.0,E0022708
N0021901,junction,main,377.9977722167969,370.408831250296,7.5889409665009,0.6566293123263449,backdrop,0,1.0,E0021941
N0033168,junction,lateral,347.1293029785156,344.9225256728403,2.2067773056753026,0.6553781623255759,backdrop,0,1.0,E0033486
N0010804,junction,main,410.29486083984375,407.55117360351886,2.743687236324888,0.6538210375842368,backdrop,0,1.0,E0011001
N0026314,junction,lateral,370.5854187011719,368.3679330605415,2.2174856406304,0.6522689851681776,backdrop,0,1.0,E0026522
N0010772,junction,sub main,335.1713562011719,326.2001324304221,8.97122377074976,0.6515177570050241,backdrop,0,1.0,E0010996
N0027951,junction,lateral,379.63714599609375,377.42420891957227,2.2129370765214844,0.6510465677375237,backdrop,0,1.0,E0028227
N0010370,junction,lateral,333.837158203125,331.52568432482985,2.3114738782951463,0.6507998400624047,backdrop,0,1.0,E0010637
N0046215,junction,lateral,434.1841735839844,431.6678032617629,2.516370322221462,0.6504498582360725,backdrop,0,1.0,E0046111
N0005293,junction,lateral,326.5173034667969,324.28217727550475,2.2351261912921245,0.6504128280114401,backdrop,0,1.0,E0005448
N0016225,junction,lateral,351.2060852050781,348.4746327827365,2.731452422341647,0.6498428806415291,backdrop,0,1.0,E0016130
N0017369,junction,main,358.1365051269531,350.8816065988772,7.254898528075898,0.6492240639378792,backdrop,0,1.0,E0017222
N0048620,junction,lateral,484.4220886230469,482.1991825180685,2.2229061049783922,0.6490530017672995,backdrop,0,1.0,E0048502
N0034409,junction,lateral,394.6799621582031,390.6008169413001,4.0791452169030435,0.6475797519780144,backdrop,0,1.0,E0034572
N0014689,junction,lateral,340.9278259277344,338.6527652046266,2.2750607231077993,0.6473192649013981,backdrop,0,1.0,E0014771
N0017966,junction,sub main,356.6532897949219,354.17921970372555,2.4740700911963245,0.6464423586548946,backdrop,0,1.0,E0017849
N0039015,junction,main,358.87261962890625,355.6710313645802,3.2015882643260625,0.6456029397708676,backdrop,0,1.0,E0038936
N0036830,junction,trunk main,419.8413391113281,408.7542596132752,11.087079498052901,0.6452175154339557,backdrop,0,1.0,E0036920
N0049458,junction,main,502.6015319824219,498.994691901462,3.6068400809598984,0.6451504989168484,backdrop,0,1.0,E0049271
N0030698,junction,main,380.34649658203125,378.1262004462333,2.2202961357979234,0.6451110931025141,backdrop,0,1.0,E0031012
N0040292,junction,lateral,420.3319396972656,417.9453925376787,2.3865471595869394,0.6448129385697143,backdrop,0,1.0,E0040179
N0042493,junction,lateral,418.7884216308594,416.51799293539466,2.270428695464716,0.6446639260582856,backdrop,0,1.0,E0042293
N0042699,junction,lateral,426.4922790527344,424.2637514699271,2.22852758280726,0.644654179902659,backdrop,0,1.0,E0042475
N0039576,junction,lateral,422.6723937988281,420.4351287325954,2.2372650662327374,0.6445428939352951,backdrop,0,1.0,E0039458
N0040283,junction,main,426.2093811035156,423.80093859725537,2.4084425062602577,0.6433272916286796,backdrop,0,1.0,E0040170
N0043665,junction,lateral,426.6616516113281,424.4315242163184,2.230127395009731,0.6429770230251393,backdrop,0,1.0,E0043634
N0005326,junction,main,331.6623840332031,325.5929652888685,6.069418744334598,0.6422327527450875,backdrop,0,1.0,E0005500
N0039041,junction,lateral,350.09515380859375,347.6031067879755,2.4920470206182586,0.6419315713255855,backdrop,0,1.0,E0038971
N0020099,junction,main,358.20330810546875,353.90874906543877,4.294559040029981,0.6419171891907922,backdrop,0,1.0,E0020056
N0026770,junction,main,375.0273742675781,371.1581671652991,3.869207102279006,0.6416911612154195,backdrop,0,1.0,E0027192
N0025368,junction,main,371.75543212890625,369.2527071467777,2.502724982128541,0.6412255816138099,backdrop,0,1.0,E0025648
N0025960,junction,main,345.62750244140625,338.52001956233954,7.107482879066708,0.6408401637128804,backdrop,0,1.0,E0026197
N0032848,junction,lateral,385.3271484375,383.0947331197918,2.2324153177082167,0.6400541968405378,backdrop,0,1.0,E0033084
N0018878,junction,lateral,365.9745788574219,363.4200692213823,2.5545096360395974,0.6392974017340407,backdrop,0,1.0,E0018833
N0028725,junction,main,373.6585388183594,368.66886869943806,4.98967011892131,0.6381091899928606,backdrop,0,1.0,E0029008
N0049593,junction,main,504.036376953125,501.76152794330164,2.274849009823356,0.6376884841940864,backdrop,0,1.0,E0049357
N0039181,junction,lateral,358.9884338378906,356.79839116638703,2.1900426715035906,0.6370579628627411,backdrop,0,1.0,E0039038
N0036059,junction,lateral,341.84747314453125,339.4815725264826,2.36590061804867,0.6367014134973488,backdrop,0,1.0,E0036156
N0031312,junction,main,379.5275573730469,377.0744245070354,2.453132866011458,0.6365965096373998,backdrop,0,1.0,E0031649
N0042714,junction,main,428.1183776855469,425.117126511307,3.001251174239883,0.6357419593475697,backdrop,0,1.0,E0042543
N0017774,junction,main,363.259521484375,360.07643205585043,3.1830894285245677,0.634233287551865,backdrop,0,1.0,E0017638
N0022594,junction,main,385.52252197265625,381.6946529237727,3.8278690488835423,0.6329158819270333,backdrop,0,1.0,E0022711
N0025276,junction,main,370.1910705566406,367.6469895150464,2.544081041594211,0.6325368521410724,backdrop,0,1.0,E0025571
N0046761,junction,lateral,431.9284362792969,428.4685938119374,3.459842467359465,0.6317500945510233,backdrop,0,1.0,E0046658
N0001135,junction,lateral,488.6800231933594,486.4734967273378,2.2065264660215576,0.6314957879115468,backdrop,0,1.0,E0002787
N0040129,junction,main,426.4037170410156,423.0649672916101,3.3387497494055083,0.6314142929580839,backdrop,0,1.0,E0040035
N0008554,junction,main,431.4138488769531,426.73312399054413,4.680724886408996,0.630468732668021,backdrop,0,1.0,E0008807
N0019089,junction,lateral,361.918701171875,359.733791603224,2.184909568650994,0.6299111001106894,backdrop,0,1.0,E0019044
N0003570,junction,trunk main,335.82415771484375,332.5166807474563,3.3074769673874584,0.6298511163789726,backdrop,0,1.0,E0003945
N0049047,junction,main,499.6716003417969,496.5366878717829,3.134912470014001,0.6289673170990113,backdrop,0,1.0,E0048904
N0017264,junction,lateral,322.64990234375,320.36246440540253,2.287437938347466,0.6287790977473833,backdrop,0,1.0,E0017093
N0049107,junction,lateral,491.6175231933594,489.20106464757805,2.4164585457813246,0.6285443906371029,backdrop,0,1.0,E0048984
N0025851,junction,main,372.3109130859375,368.6954783838537,3.615434702083803,0.6269980925761729,backdrop,0,1.0,E0026048
N0038293,junction,lateral,424.2036437988281,421.6260145573419,2.5776292414862496,0.6266036870053426,backdrop,0,1.0,E0038298
N0015617,junction,lateral,334.12408447265625,331.4280477775526,2.6960366951036576,0.6260581385674868,backdrop,0,1.0,E0015568
N0039544,junction,main,343.67913818359375,341.4973816146284,2.1817565689653406,0.6251899518233017,backdrop,0,1.0,E0039433
N0003677,junction,main,416.1888427734375,410.82220247574116,5.366640297696335,0.6246161754384048,backdrop,0,1.0,E0004073
N0032563,junction,lateral,381.8334045410156,379.6252614466029,2.208143094412719,0.6242044472287489,backdrop,0,1.0,E0032802
N0032354,junction,main,388.97796630859375,386.21080947420154,2.7671568343922104,0.6236770320180085,backdrop,0,1.0,E0032700
N0021175,junction,main,364.43902587890625,362.2402107422271,2.1988151366791726,0.6234831997984998,backdrop,0,1.0,E0021182
N0048231,junction,main,491.8487243652344,489.67182076330937,2.176903601925005,0.6227059460661621,backdrop,0,1.0,E0048098
N0012995,junction,lateral,354.7025451660156,351.1664218342876,3.5361233317280494,0.6222518548386802,backdrop,0,1.0,E0013236
N0038979,junction,lateral,390.54974365234375,388.3101210639487,2.2396225883950365,0.6222179304671158,backdrop,0,1.0,E0038897
N0044908,junction,lateral,423.833740234375,421.50113111739586,2.3326091169791425,0.6220215904971838,backdrop,0,1.0,E0044950
N0007146,junction,main,325.857421875,322.8887797356364,2.9686421393636238,0.6216550278725776,backdrop,0,1.0,E0007478
N0000855,junction,main,399.2588195800781,396.889854481478,2.3689650986001425,0.6214316424624826,backdrop,0,1.0,E0002615
N0035626,junction,lateral,344.9529113769531,342.75037549788266,2.202535879070467,0.6214278294261248,backdrop,0,1.0,E0035787
N0000637,junction,lateral,451.85870361328125,449.66266340133535,2.196040211945899,0.6186937137777022,backdrop,0,1.0,E0002470
N0031065,junction,main,342.3898010253906,340.04639163912015,2.34340938627048,0.6183281823181233,backdrop,0,1.0,E0031407
N0041796,junction,main,420.9031982421875,418.1252306594308,2.7779675827566734,0.6176347590777027,backdrop,0,1.0,E0041642
N0001690,outfall,lateral,433.5006408691406,431.31130607839447,2.189334790746159,0.6170767632409024,backdrop,0,1.0,E0001530
N0011937,junction,main,350.4894714355469,348.30855540530484,2.180916030242031,0.6169631557408479,backdrop,0,1.0,E0012248
N0029101,junction,lateral,373.23028564453125,370.94111672998656,2.289168914544689,0.6169365295606326,backdrop,0,1.0,E0029458
N0016356,junction,lateral,350.6252746582031,347.45993362441135,3.1653410337917762,0.6167051907198697,backdrop,0,1.0,E0016208
N0044709,junction,main,442.1459655761719,439.0587868487036,3.087178727468256,0.6146312077430593,backdrop,0,1.0,E0044852
N0044836,junction,main,431.0790100097656,428.38572942414334,2.69328058562229,0.6137748722296124,backdrop,0,1.0,E0044901
N0014580,junction,lateral,436.5514221191406,434.3757092629236,2.1757128562170465,0.6122118796555469,backdrop,0,1.0,E0014653
N0030005,junction,main,394.2442932128906,392.03340417014897,2.2108890427416554,0.612116702637195,backdrop,0,1.0,E0030314
N0010034,junction,lateral,425.198974609375,422.9627282309985,2.2362463783765065,0.6114353548775284,backdrop,0,1.0,E0010405
N0010600,junction,main,442.8272705078125,439.08064631020756,3.7466241976049446,0.6113936545335719,backdrop,0,1.0,E0010842
N0004675,junction,lateral,345.18890380859375,343.02505680013775,2.1638470084560026,0.6111030190778024,backdrop,0,1.0,E0004968
N0019083,junction,lateral,369.21142578125,367.0123625510464,2.199063230203592,0.6108132023792336,backdrop,0,1.0,E0019038
N0019157,junction,lateral,375.02313232421875,372.7997472702498,2.2233850539689684,0.6103759755420128,backdrop,0,1.0,E0019091
N0022067,junction,lateral,366.79376220703125,364.55472592808457,2.239036278946685,0.609399611250808,backdrop,0,1.0,E0022166
N0001584,outfall,lateral,481.8582458496094,479.5650554281859,2.2931904214235033,0.6093124181831513,backdrop,0,1.0,E0001438
N0017312,junction,main,357.6151123046875,355.3752776192232,2.2398346854643023,0.6092249243922652,backdrop,0,1.0,E0017131
N0030802,junction,main,374.710693359375,372.5513236550674,2.1593697043076077,0.6080254538105123,backdrop,0,1.0,E0031126
N0005165,junction,lateral,386.2640380859375,383.674600826442,2.5894372594955257,0.6079978875603729,backdrop,0,1.0,E0005375
N0014654,junction,sub main,344.77520751953125,334.2438959138,10.531311605731275,0.6075934308653927,backdrop,0,1.0,E0014724
N0001885,junction,lateral,407.0784912109375,404.9128753640895,2.165615846848027,0.6073505780021264,backdrop,0,1.0,E0003213
N0011668,junction,main,336.8562927246094,334.6909117770591,2.1653809475502612,0.6065402376096927,backdrop,0,1.0,E0011916
N0031471,junction,main,381.4527587890625,378.7004127366041,2.7523460524583925,0.6065139881556547,backdrop,0,1.0,E0031805
N0017932,junction,main,370.86248779296875,368.58846035897477,2.2740274339939788,0.6061384037786866,backdrop,0,1.0,E0017830
N0003674,junction,lateral,349.9334716796875,347.51111030890513,2.422361370782369,0.6059155693134244,backdrop,0,1.0,E0004020
N0025816,junction,lateral,370.10595703125,367.8262248867455,2.2797321445045213,0.6058092444196177,backdrop,0,1.0,E0026022
N0013248,junction,lateral,332.3424377441406,329.7929955153947,2.5494422287459315,0.6038878604163642,backdrop,0,1.0,E0013437
N0035269,junction,sub main,397.3202819824219,394.07219349241575,3.2480884900061255,0.6037536365712981,backdrop,0,1.0,E0035508
N0036373,junction,main,357.7304992675781,353.3600548931151,4.370444374463034,0.6021556686293366,backdrop,0,1.0,E0036555
N0043144,junction,lateral,432.00103759765625,428.9567392330485,3.044298364607755,0.6015674643893476,backdrop,0,1.0,E0043036
N0043883,junction,lateral,425.880126953125,423.4476281402416,2.4324988128834093,0.6010410933222374,backdrop,0,1.0,E0043950
N0030677,junction,lateral,386.2392883300781,383.9253938267295,2.3138945033486493,0.6007957226941585,backdrop,0,1.0,E0031008
N0027484,junction,lateral,380.4755859375,377.82743200058644,2.648153936913559,0.6007695350425024,backdrop,0,1.0,E0027874
