PIPE_ID,CATCH,TIER,ROLE,DN_MM,LEN_M,SLOPE_PCT,Q_LOW_LS,V_LOW_MS,S_MARA_PCT,CONNECTED_2030,WHY
P00001,C43,secondary header,sub main,200,372.4,0.9,0.0,0.0,,0.0,no flow in 2030
P00002,C43,secondary main sewer,lateral,200,163.7,0.5,0.0,0.0,,0.0,no flow in 2030
P00003,C43,secondary main sewer,lateral,200,163.7,0.5,0.0,0.0,,0.0,no flow in 2030
P00004,C43,secondary header,sub main,200,525.7,0.5,0.013,0.087,4.156,0.0,below Mara's slope
P00005,C43,secondary header,sub main,200,228.6,0.75,0.049,0.159,2.265,0.3,below Mara's slope
P00006,C43,secondary main sewer,lateral,200,172.3,0.5,0.044,0.133,2.387,0.2,below Mara's slope
P00007,C43,secondary main sewer,lateral,200,68.9,0.5,0.018,0.097,3.61,0.0,below Mara's slope
P00008,C43,secondary header,sub main,200,90.4,0.5,0.074,0.159,1.872,0.6,below Mara's slope
P00009,C43,secondary header,sub main,200,99.0,0.5,0.043,0.132,2.41,0.2,below Mara's slope
P00010,C43,secondary header,sub main,200,86.7,0.5,0.079,0.163,1.814,0.6,below Mara's slope
P00011,C43,secondary header,sub main,200,86.4,0.5,0.094,0.173,1.67,1.0,below Mara's slope
P00012,C43,secondary header,sub main,200,82.6,0.6,0.084,0.177,1.763,0.7,below Mara's slope
P00013,C43,secondary header,sub main,200,83.1,0.5,0.105,0.179,1.59,1.2,below Mara's slope
P00014,C43,secondary main sewer,lateral,200,84.3,0.5,0.1,0.176,1.626,1.1,below Mara's slope
P00015,C43,secondary header,sub main,200,87.1,1.4,0.089,0.241,1.719,0.8,below Mara's slope
P00016,C43,secondary header,sub main,200,165.2,0.5,0.178,0.214,1.246,3.0,below Mara's slope
P00017,C43,secondary main sewer,lateral,200,167.2,0.5,0.091,0.171,1.697,0.9,below Mara's slope
P00018,C43,secondary main sewer,lateral,200,29.0,0.5,0.018,0.097,3.612,0.0,below Mara's slope
P00019,C43,secondary header,sub main,200,699.8,0.95,0.025,0.135,3.11,0.1,below Mara's slope
P00020,C43,secondary header,sub main,200,197.4,0.5,0.214,0.227,1.147,4.0,below Mara's slope
P00021,C72,secondary main sewer,lateral,200,25.8,0.5,0.018,0.097,3.612,0.0,below Mara's slope
P00022,C43,secondary main sewer,lateral,200,152.0,0.5,0.081,0.164,1.794,0.8,below Mara's slope
P00023,C110,secondary main sewer,lateral,200,49.0,1.65,0.018,0.145,3.62,0.0,below Mara's slope
P00024,C72,secondary header,sub main,200,82.8,0.85,0.044,0.161,2.364,0.2,below Mara's slope
P00025,C72,secondary main sewer,lateral,200,105.0,0.7,0.073,0.178,1.878,0.7,below Mara's slope
P00026,C72,secondary header,sub main,200,90.4,0.95,0.041,0.162,2.465,0.2,below Mara's slope
P00027,C72,secondary header,sub main,200,84.4,0.5,0.068,0.155,1.939,0.5,below Mara's slope
P00028,C72,secondary header,sub main,200,81.3,0.75,0.09,0.196,1.704,0.9,below Mara's slope
P00029,C72,secondary header,sub main,200,83.2,1.05,0.095,0.223,1.666,1.0,below Mara's slope
P00030,C72,secondary header,sub main,200,123.6,0.5,0.084,0.166,1.767,0.7,below Mara's slope
P00031,C72,secondary header,sub main,200,108.8,0.5,0.087,0.168,1.736,0.8,below Mara's slope
P00032,C72,secondary header,sub main,200,89.1,0.8,0.099,0.207,1.632,1.1,below Mara's slope
P00033,C72,secondary header,sub main,200,118.4,0.5,0.09,0.171,1.704,0.8,below Mara's slope
P00034,C24,secondary header,sub main,200,376.6,0.5,0.045,0.134,2.359,0.1,below Mara's slope
P00035,C24,secondary main sewer,lateral,200,94.1,0.5,0.095,0.173,1.668,0.6,below Mara's slope
P00036,C24,secondary header,sub main,200,737.7,0.5,0.104,0.179,1.596,0.7,below Mara's slope
P00037,C72,secondary header,sub main,200,144.0,0.5,0.144,0.199,1.373,2.0,below Mara's slope
P00038,C72,secondary main sewer,lateral,200,81.3,0.5,0.048,0.138,2.282,0.3,below Mara's slope
P00039,C24,secondary header,sub main,200,1400.1,0.6,0.0,0.0,,0.0,no flow in 2030
P00040,C24,secondary header,sub main,200,149.2,0.5,0.116,0.185,1.519,0.8,below Mara's slope
P00041,C24,secondary header,sub main,200,114.4,0.5,0.118,0.187,1.506,0.9,below Mara's slope
P00042,C24,secondary header,sub main,200,293.4,0.5,0.12,0.187,1.497,0.9,below Mara's slope
P00043,C24,secondary header,sub main,200,74.6,0.5,0.12,0.187,1.497,0.9,below Mara's slope
P00044,C72,secondary header,sub main,200,82.7,0.5,0.168,0.21,1.28,2.7,below Mara's slope
P00045,C72,secondary main sewer,lateral,200,87.4,0.5,0.092,0.171,1.694,1.0,below Mara's slope
P00046,C72,secondary main sewer,lateral,200,15.0,0.5,0.008,0.071,5.337,0.0,below Mara's slope
P00047,C24,secondary header,sub main,200,825.7,0.5,0.12,0.187,1.497,0.9,below Mara's slope
P00048,C72,secondary header,sub main,200,85.0,0.5,0.171,0.211,1.27,2.7,below Mara's slope
P00049,C72,secondary main sewer,lateral,200,122.8,0.5,0.122,0.189,1.482,1.6,below Mara's slope
P00050,C72,secondary header,sub main,200,131.3,0.55,0.226,0.239,1.117,4.5,below Mara's slope
P00051,C110,secondary header,sub main,200,1280.5,0.95,0.018,0.121,3.602,0.0,below Mara's slope
P00052,C110,secondary header,sub main,200,367.2,0.8,0.023,0.125,3.211,0.1,below Mara's slope
P00053,C24,secondary main sewer,lateral,200,100.6,1.0,0.087,0.213,1.738,0.6,below Mara's slope
P00054,C24,secondary header,sub main,200,1439.0,0.5,0.131,0.193,1.438,1.0,below Mara's slope
P00055,C24,secondary main sewer,lateral,200,16.1,1.0,0.0,0.0,,0.0,no flow in 2030
P00056,C267,secondary header,sub main,200,252.3,0.8,0.0,0.0,,0.0,no flow in 2030
P00057,C24,secondary main sewer,lateral,200,252.7,0.5,0.128,0.191,1.453,1.2,below Mara's slope
P00058,C24,secondary main sewer,lateral,200,116.0,0.5,0.232,0.233,1.103,2.5,below Mara's slope
P00059,C179,secondary header,sub main,200,228.7,0.5,0.014,0.09,3.981,0.0,below Mara's slope
P00060,C24,secondary main sewer,lateral,200,173.1,0.5,0.281,0.248,1.011,3.7,below Mara's slope
P00061,C24,secondary header,sub main,200,429.8,0.5,0.281,0.248,1.011,3.7,below Mara's slope
P00062,C67,secondary header,sub main,200,1054.2,1.0,0.197,0.28,1.191,3.9,below Mara's slope
P00063,C67,secondary main sewer,lateral,200,89.3,0.5,0.088,0.169,1.724,0.9,below Mara's slope
P00065,C24,secondary header,sub main,200,397.3,0.5,0.389,0.275,0.869,6.6,below Mara's slope
P00066,C67,secondary main sewer,lateral,200,71.8,0.5,0.028,0.114,2.949,0.1,below Mara's slope
P00067,C127,secondary main sewer,lateral,200,108.8,1.0,0.027,0.143,2.975,0.1,below Mara's slope
P00068,C127,secondary main sewer,lateral,200,109.6,0.9,0.027,0.137,2.986,0.1,below Mara's slope
P00069,C127,secondary main sewer,lateral,200,69.7,0.5,0.049,0.138,2.27,0.3,below Mara's slope
P00071,C127,secondary main sewer,lateral,200,101.2,0.5,0.063,0.151,2.01,0.4,below Mara's slope
P00072,C24,secondary main sewer,lateral,200,159.6,0.5,0.145,0.199,1.372,1.2,below Mara's slope
P00073,C103,secondary header,sub main,200,1031.5,0.5,0.113,0.184,1.535,0.1,below Mara's slope
P00074,C67,secondary header,sub main,200,560.2,1.3,0.115,0.256,1.524,1.5,below Mara's slope
P00075,C67,secondary header,sub main,200,388.8,0.5,0.421,0.282,0.838,10.8,below Mara's slope
P00076,C24,secondary header,sub main,200,158.5,0.9,0.065,0.186,1.988,0.3,below Mara's slope
P00077,C60,secondary main sewer,lateral,200,305.4,0.5,0.162,0.207,1.301,1.8,below Mara's slope
P00078,C103,secondary header,sub main,200,63.1,0.5,1.019,0.372,0.558,18.8,below Mara's slope
P00079,C103,secondary header,sub main,200,110.7,0.5,0.56,0.309,0.735,10.6,below Mara's slope
P00080,C67,secondary header,sub main,200,54.6,0.5,0.388,0.275,0.871,9.3,below Mara's slope
P00081,C67,secondary header,sub main,200,44.7,0.5,0.388,0.275,0.871,9.3,below Mara's slope
P00082,C67,secondary header,sub main,200,379.6,0.5,0.282,0.248,1.009,6.9,below Mara's slope
P00083,C60,secondary main sewer,lateral,200,285.0,0.5,0.453,0.289,0.811,7.5,below Mara's slope
P00084,C60,secondary main sewer,lateral,200,47.9,0.5,0.204,0.223,1.171,1.8,below Mara's slope
P00085,C127,secondary main sewer,lateral,200,118.0,0.5,0.035,0.123,2.646,0.1,below Mara's slope
P00086,C103,secondary main sewer,lateral,200,177.3,0.5,0.166,0.209,1.286,0.1,below Mara's slope
P00087,C103,secondary main sewer,lateral,200,51.1,0.5,0.373,0.271,0.887,4.4,below Mara's slope
P00088,C67,secondary header,sub main,200,74.6,0.5,0.218,0.228,1.136,2.5,below Mara's slope
P00089,C67,secondary header,sub main,200,288.5,0.5,0.181,0.215,1.237,1.2,below Mara's slope
P00090,C67,secondary header,sub main,200,49.6,1.6,0.069,0.231,1.935,0.6,below Mara's slope
P00091,C127,secondary header,sub main,200,363.6,0.5,0.098,0.175,1.646,1.1,below Mara's slope
P00092,C127,secondary main sewer,lateral,200,136.0,1.3,0.072,0.219,1.891,0.7,below Mara's slope
P00093,C127,secondary main sewer,lateral,200,88.8,0.5,0.107,0.18,1.579,1.3,below Mara's slope
P00094,C127,secondary main sewer,lateral,200,98.6,0.6,0.021,0.109,3.372,0.1,below Mara's slope
P00095,C127,secondary main sewer,lateral,200,124.5,0.5,0.11,0.182,1.556,1.4,below Mara's slope
P00096,C251,secondary main sewer,lateral,200,69.8,0.5,0.174,0.212,1.261,3.1,below Mara's slope
P00097,C251,secondary main sewer,lateral,200,193.3,0.5,0.153,0.203,1.338,2.5,below Mara's slope
P00099,C231,secondary main sewer,lateral,200,34.9,0.5,0.475,0.293,0.793,8.8,below Mara's slope
P00100,C231,secondary main sewer,lateral,200,74.7,0.5,0.404,0.278,0.855,5.8,below Mara's slope
P00103,C86,secondary main sewer,lateral,200,69.7,2.8,0.011,0.146,4.463,0.0,below Mara's slope
P00104,C86,secondary main sewer,lateral,200,64.7,0.5,0.016,0.094,3.764,0.0,below Mara's slope
P00106,C86,secondary main sewer,lateral,200,448.5,0.75,0.16,0.237,1.309,2.7,below Mara's slope
P00107,C86,secondary main sewer,lateral,200,89.9,0.5,0.158,0.205,1.316,2.7,below Mara's slope
P00108,C86,secondary main sewer,lateral,200,80.7,0.5,0.241,0.236,1.085,5.4,below Mara's slope
P00109,C86,secondary main sewer,lateral,200,149.4,0.5,0.13,0.192,1.442,1.9,below Mara's slope
P00110,C60,secondary main sewer,lateral,200,64.8,0.5,0.62,0.319,0.701,12.5,below Mara's slope
P00111,C60,secondary main sewer,lateral,200,1112.2,0.5,1.007,0.371,0.561,26.8,below Mara's slope
P00112,C60,secondary main sewer,lateral,200,61.6,0.5,0.191,0.219,1.206,2.4,below Mara's slope
P00113,C186,secondary main sewer,lateral,200,20.5,0.5,0.0,0.0,,0.0,no flow in 2030
P00114,C186,secondary main sewer,lateral,200,34.4,0.5,0.139,0.197,1.399,0.7,below Mara's slope
P00115,C186,secondary main sewer,lateral,200,132.8,0.5,0.094,0.173,1.674,0.7,below Mara's slope
P00116,C186,secondary main sewer,lateral,200,88.5,6.05,0.0,0.0,,0.0,no flow in 2030
P00117,C86,secondary main sewer,lateral,200,167.9,0.5,0.291,0.25,0.994,7.3,below Mara's slope
P00118,C186,secondary main sewer,lateral,200,16.3,5.75,0.0,0.0,,0.0,no flow in 2030
P00119,C10,secondary main sewer,lateral,200,776.1,0.5,0.0,0.0,,0.0,no flow in 2030
P00120,C94,secondary main sewer,lateral,200,76.4,0.5,0.09,0.17,1.712,0.5,below Mara's slope
P00121,C10,secondary main sewer,lateral,200,177.6,0.5,0.038,0.127,2.54,0.1,below Mara's slope
P00123,C60,secondary main sewer,lateral,200,13.2,0.5,0.0,0.0,,0.0,no flow in 2030
P00124,C86,secondary main sewer,lateral,200,112.5,0.5,0.354,0.267,0.909,9.9,below Mara's slope
P00125,C86,secondary main sewer,lateral,200,193.4,0.5,0.338,0.263,0.928,9.3,below Mara's slope
P00126,C60,secondary main sewer,lateral,200,41.4,0.5,1.119,0.383,0.534,29.9,below Mara's slope
P00127,C10,secondary main sewer,lateral,200,539.4,0.5,0.067,0.154,1.952,0.4,below Mara's slope
P00128,C86,secondary main sewer,lateral,200,33.1,0.5,0.011,0.083,4.41,0.0,below Mara's slope
P00132,C60,secondary main sewer,lateral,200,105.0,0.5,1.25,0.396,0.508,35.4,below Mara's slope
P00133,C60,secondary main sewer,lateral,200,102.8,0.5,0.22,0.229,1.13,3.0,below Mara's slope
P00134,C94,secondary header,sub main,200,80.3,0.7,0.432,0.32,0.828,8.5,below Mara's slope
P00135,C10,secondary main sewer,lateral,200,381.7,0.5,0.111,0.183,1.551,0.9,below Mara's slope
P00136,C10,secondary main sewer,lateral,200,39.7,0.5,0.111,0.183,1.551,0.9,below Mara's slope
P00137,C10,secondary main sewer,lateral,200,150.1,0.5,0.111,0.183,1.551,0.9,below Mara's slope
P00138,C94,secondary header,sub main,200,80.7,0.5,0.694,0.33,0.666,17.6,below Mara's slope
P00139,C255,secondary main sewer,lateral,200,108.0,1.5,0.072,0.23,1.889,0.4,below Mara's slope
P00140,C10,secondary main sewer,lateral,200,160.5,0.5,0.0,0.0,,0.0,no flow in 2030
P00141,C37,secondary main sewer,lateral,200,83.7,0.5,0.024,0.107,3.168,0.1,below Mara's slope
P00142,C37,secondary main sewer,lateral,200,53.9,0.5,0.11,0.182,1.56,1.4,below Mara's slope
P00143,C37,secondary main sewer,lateral,200,74.9,0.5,0.072,0.158,1.89,0.7,below Mara's slope
P00144,C24,secondary header,sub main,200,60.0,0.5,0.449,0.288,0.814,8.1,below Mara's slope
P00145,C24,secondary header,sub main,200,1633.7,0.5,0.486,0.295,0.785,9.3,below Mara's slope
P00146,C24,secondary header,sub main,200,254.8,0.5,0.511,0.3,0.767,9.4,below Mara's slope
P00147,C94,secondary main sewer,lateral,200,318.2,0.5,0.375,0.272,0.885,7.1,below Mara's slope
P00148,C94,secondary main sewer,lateral,200,120.4,0.6,0.222,0.244,1.126,3.1,below Mara's slope
P00149,C94,secondary header,sub main,200,258.4,0.5,0.913,0.36,0.587,25.3,below Mara's slope
P00150,C94,secondary header,sub main,200,176.3,0.5,0.161,0.207,1.306,1.7,below Mara's slope
P00151,C37,secondary main sewer,lateral,200,167.8,0.55,0.25,0.246,1.066,3.7,below Mara's slope
P00152,C37,secondary main sewer,lateral,200,48.9,0.5,0.158,0.205,1.317,2.7,below Mara's slope
P00153,C37,secondary main sewer,lateral,200,83.2,0.5,0.162,0.207,1.303,2.7,below Mara's slope
P00154,C37,secondary main sewer,lateral,200,78.3,0.5,0.239,0.235,1.088,2.8,below Mara's slope
P00156,C94,secondary header,sub main,200,320.1,0.5,1.082,0.379,0.543,32.1,below Mara's slope
P00157,C227,secondary main sewer,lateral,200,34.9,0.5,0.054,0.144,2.153,0.2,below Mara's slope
P00158,C37,secondary main sewer,lateral,200,469.7,0.5,0.262,0.242,1.044,3.9,below Mara's slope
P00159,C227,secondary header,sub main,200,72.2,0.5,0.13,0.193,1.44,1.1,below Mara's slope
P00160,C37,secondary main sewer,lateral,200,367.9,0.5,0.426,0.283,0.834,10.8,below Mara's slope
P00161,C167,secondary header,sub main,200,128.1,1.05,0.153,0.262,1.338,2.2,below Mara's slope
P00162,C37,secondary main sewer,lateral,200,63.5,0.85,0.27,0.294,1.028,4.1,below Mara's slope
P00163,C37,secondary main sewer,lateral,200,26.6,0.5,0.056,0.145,2.127,0.2,below Mara's slope
P00164,C227,secondary header,sub main,200,137.2,0.55,0.13,0.199,1.44,1.1,below Mara's slope
P00165,C37,secondary main sewer,lateral,200,92.0,0.5,0.33,0.261,0.938,5.6,below Mara's slope
P00166,C167,secondary header,sub main,200,137.9,0.5,0.252,0.239,1.062,5.2,below Mara's slope
P00167,C37,secondary main sewer,lateral,200,93.2,0.5,0.461,0.29,0.804,9.5,below Mara's slope
P00168,C37,secondary main sewer,lateral,200,78.9,0.5,0.089,0.17,1.719,0.5,below Mara's slope
P00169,C37,secondary main sewer,lateral,200,82.1,0.5,0.327,0.26,0.943,5.6,below Mara's slope
P00170,C37,secondary main sewer,lateral,200,120.2,0.5,0.699,0.331,0.664,16.7,below Mara's slope
P00171,C37,secondary main sewer,lateral,200,276.3,0.5,0.49,0.296,0.782,14.0,below Mara's slope
P00172,C167,secondary main sewer,lateral,200,91.1,0.5,0.148,0.201,1.359,2.0,below Mara's slope
P00173,C37,secondary main sewer,lateral,200,139.4,0.5,0.158,0.205,1.317,1.7,below Mara's slope
P00174,C37,secondary main sewer,lateral,200,122.5,0.5,0.654,0.324,0.684,20.8,below Mara's slope
P00175,C37,secondary main sewer,lateral,200,226.0,0.5,0.237,0.235,1.092,3.4,below Mara's slope
P00176,C37,secondary main sewer,lateral,200,137.0,0.5,0.072,0.158,1.891,0.7,below Mara's slope
P00177,C37,secondary main sewer,lateral,200,227.8,0.5,0.834,0.35,0.612,21.6,below Mara's slope
P00178,C37,secondary header,sub main,200,126.6,0.5,0.654,0.324,0.684,20.8,below Mara's slope
P00182,C37,secondary header,sub main,200,34.9,0.5,0.215,0.227,1.142,3.0,below Mara's slope
P00183,C37,secondary main sewer,lateral,200,79.5,0.5,1.121,0.383,0.534,32.7,below Mara's slope
P00184,C37,secondary main sewer,lateral,200,189.3,0.5,1.008,0.371,0.561,28.4,below Mara's slope
P00185,C37,secondary main sewer,lateral,200,76.8,0.5,0.249,0.238,1.069,3.4,below Mara's slope
P00186,C37,secondary main sewer,lateral,200,167.8,0.5,0.159,0.206,1.312,1.6,below Mara's slope
P00187,C299,secondary main sewer,lateral,200,80.8,0.5,0.0,0.0,,0.0,no flow in 2030
P00188,C37,secondary main sewer,lateral,200,80.9,1.0,0.102,0.225,1.609,0.8,below Mara's slope
P00189,C37,secondary header,sub main,200,253.9,0.5,0.215,0.227,1.144,2.9,below Mara's slope
P00190,C37,secondary header,sub main,200,184.2,0.8,0.168,0.246,1.28,1.8,below Mara's slope
P00191,C37,secondary main sewer,lateral,200,44.8,0.5,0.14,0.197,1.392,1.4,below Mara's slope
P00192,C37,secondary main sewer,lateral,200,55.6,0.5,0.006,0.066,5.874,0.0,below Mara's slope
P00193,C23,secondary main sewer,lateral,200,122.0,0.55,0.042,0.135,2.44,0.1,below Mara's slope
P00194,C23,secondary header,sub main,200,342.2,0.6,0.152,0.216,1.342,1.6,below Mara's slope
P00195,C23,secondary header,sub main,200,223.1,0.5,0.174,0.212,1.261,2.0,below Mara's slope
P00196,C23,secondary main sewer,lateral,200,101.2,0.5,0.05,0.14,2.23,0.2,below Mara's slope
P00197,C23,secondary main sewer,lateral,200,125.0,0.5,0.075,0.16,1.853,0.5,below Mara's slope
P00198,C23,secondary header,sub main,200,86.5,0.5,0.115,0.185,1.524,1.0,below Mara's slope
P00199,C23,secondary main sewer,lateral,200,121.7,0.5,0.052,0.141,2.206,0.2,below Mara's slope
P00200,C23,secondary header,sub main,200,112.1,0.75,0.087,0.193,1.739,0.6,below Mara's slope
P00201,C10,secondary main sewer,lateral,200,2244.0,0.5,0.224,0.23,1.122,1.5,below Mara's slope
P00202,C23,secondary header,sub main,200,220.6,0.5,0.215,0.227,1.144,2.8,below Mara's slope
P00203,C162,secondary main sewer,lateral,200,84.3,27.6,0.0,0.0,,0.0,no flow in 2030
P00204,C162,secondary main sewer,lateral,200,94.3,0.5,0.0,0.0,,0.0,no flow in 2030
P00205,C23,secondary header,sub main,200,194.5,0.6,0.072,0.168,1.893,0.4,below Mara's slope
P00206,C23,secondary header,sub main,200,181.3,0.5,0.231,0.233,1.106,3.2,below Mara's slope
P00207,C23,secondary header,sub main,200,709.2,0.5,0.317,0.258,0.955,5.4,below Mara's slope
P00208,C173,secondary header,sub main,200,458.8,0.65,0.0,0.0,,0.0,no flow in 2030
P00209,C23,secondary header,sub main,200,765.1,0.5,0.332,0.261,0.936,5.8,below Mara's slope
P00211,C23,secondary header,sub main,200,504.5,1.0,0.069,0.197,1.93,0.4,below Mara's slope
P00212,C40,secondary header,sub main,200,108.6,0.5,0.0,0.0,,0.0,no flow in 2030
P00213,C40,secondary header,sub main,200,40.2,0.5,0.098,0.175,1.644,0.7,below Mara's slope
P00214,C40,secondary main sewer,lateral,200,306.4,0.5,0.078,0.163,1.822,0.5,below Mara's slope
P00215,C23,secondary header,sub main,200,353.3,0.6,0.146,0.213,1.366,1.5,below Mara's slope
P00216,C23,secondary main sewer,lateral,200,207.2,0.5,0.079,0.163,1.809,0.5,below Mara's slope
P00217,C23,secondary header,sub main,200,268.0,0.5,0.385,0.274,0.874,4.4,below Mara's slope
P00218,C23,secondary main sewer,lateral,200,40.3,1.7,0.0,0.0,,0.0,no flow in 2030
P00219,C23,secondary header,sub main,200,89.8,0.5,0.092,0.172,1.687,0.7,below Mara's slope
P00220,C23,secondary main sewer,lateral,200,124.6,0.5,0.066,0.154,1.968,0.4,below Mara's slope
P00221,C23,secondary header,sub main,200,302.5,0.8,0.005,0.073,6.308,0.0,below Mara's slope
P00222,C23,secondary main sewer,lateral,200,23.6,5.3,0.0,0.0,,0.0,no flow in 2030
P00223,C23,secondary header,sub main,200,121.5,0.75,0.052,0.163,2.197,0.2,below Mara's slope
P00224,C23,secondary header,sub main,200,154.2,1.85,0.049,0.216,2.252,0.2,below Mara's slope
P00225,C23,secondary header,sub main,200,22.3,2.3,0.02,0.169,3.41,0.0,below Mara's slope
P00226,C23,secondary header,sub main,200,80.3,0.5,0.13,0.192,1.442,1.2,below Mara's slope
P00227,C23,secondary main sewer,lateral,200,154.2,1.6,0.055,0.214,2.14,0.3,below Mara's slope
P00228,C23,secondary main sewer,lateral,200,44.5,2.05,0.017,0.154,3.671,0.0,below Mara's slope
P00229,C23,secondary header,sub main,200,83.5,0.5,0.28,0.247,1.012,4.4,below Mara's slope
P00230,C23,secondary header,sub main,200,157.2,0.6,0.28,0.263,1.012,4.4,below Mara's slope
P00231,C23,secondary header,sub main,200,93.6,0.75,0.151,0.233,1.343,1.6,below Mara's slope
P00232,C23,secondary header,sub main,200,87.6,0.85,0.105,0.215,1.592,0.8,below Mara's slope
P00233,C23,secondary main sewer,lateral,200,154.1,0.85,0.058,0.176,2.097,0.3,below Mara's slope
P00234,C23,secondary header,sub main,200,48.4,0.5,0.137,0.196,1.405,1.3,below Mara's slope
P00235,C23,secondary header,sub main,200,53.3,0.5,0.137,0.196,1.405,1.3,below Mara's slope
P00236,C23,secondary header,sub main,200,88.7,0.5,0.147,0.201,1.362,1.5,below Mara's slope
P00237,C23,secondary main sewer,lateral,200,154.1,1.35,0.058,0.205,2.098,0.3,below Mara's slope
P00238,C23,secondary header,sub main,200,84.5,0.75,0.07,0.18,1.918,0.4,below Mara's slope
P00239,C23,secondary header,sub main,200,82.8,0.5,0.178,0.213,1.249,2.1,below Mara's slope
P00240,C23,secondary main sewer,lateral,200,145.1,1.2,0.064,0.205,1.996,0.3,below Mara's slope
P00241,C23,secondary header,sub main,200,251.5,0.8,0.21,0.265,1.155,2.7,below Mara's slope
P00242,C23,secondary header,sub main,200,183.8,0.9,0.075,0.196,1.856,0.5,below Mara's slope
P00243,C23,secondary header,sub main,200,87.7,0.5,0.193,0.219,1.203,2.4,below Mara's slope
P00244,C23,secondary header,sub main,200,71.8,0.85,0.189,0.261,1.212,2.3,below Mara's slope
P00245,C23,secondary header,sub main,200,60.0,0.75,0.03,0.135,2.821,0.1,below Mara's slope
P00246,C23,secondary header,sub main,200,804.2,0.8,0.111,0.214,1.553,0.9,below Mara's slope
P00247,C23,secondary main sewer,lateral,200,44.6,0.7,0.035,0.139,2.627,0.1,below Mara's slope
P00248,C23,secondary header,sub main,200,187.1,0.65,0.021,0.112,3.364,0.0,below Mara's slope
P00249,C23,secondary main sewer,lateral,200,69.9,0.8,0.017,0.112,3.682,0.0,below Mara's slope
P00250,C40,secondary header,sub main,200,3297.2,0.5,0.023,0.107,3.19,0.0,below Mara's slope
P00251,C40,secondary header,sub main,200,772.7,0.5,0.132,0.194,1.43,1.4,below Mara's slope
P00252,C40,secondary header,sub main,200,249.3,0.5,0.161,0.206,1.308,2.0,below Mara's slope
P00253,C10,secondary main sewer,lateral,200,844.0,0.5,0.226,0.231,1.118,1.6,below Mara's slope
P00254,C23,secondary header,sub main,200,29.5,0.5,0.003,0.052,7.873,0.0,below Mara's slope
P00255,C23,secondary header,sub main,200,98.2,0.9,0.041,0.159,2.459,0.1,below Mara's slope
P00256,C23,secondary main sewer,lateral,200,61.4,0.5,0.037,0.126,2.579,0.1,below Mara's slope
P00258,C10,secondary main sewer,lateral,200,184.3,0.5,0.0,0.0,,0.0,no flow in 2030
P00259,C10,secondary main sewer,lateral,200,476.6,0.5,0.198,0.221,1.187,3.1,below Mara's slope
P00260,C10,secondary main sewer,lateral,200,158.9,0.5,0.198,0.221,1.187,3.1,below Mara's slope
P00261,C10,secondary main sewer,lateral,200,258.3,0.5,0.079,0.163,1.81,0.6,below Mara's slope
P00262,C91,secondary header,sub main,200,177.5,0.5,0.073,0.159,1.88,0.4,below Mara's slope
P00263,C183,secondary header,sub main,200,503.1,1.25,0.048,0.188,2.281,0.2,below Mara's slope
P00264,C91,secondary header,sub main,200,111.2,0.65,0.05,0.152,2.243,0.2,below Mara's slope
P00266,C10,secondary main sewer,lateral,200,153.4,0.5,0.173,0.212,1.262,2.4,below Mara's slope
P00267,C10,secondary main sewer,lateral,200,94.0,0.5,0.079,0.163,1.813,0.6,below Mara's slope
P00268,C10,secondary main sewer,lateral,200,113.0,0.5,0.0,0.0,,0.0,no flow in 2030
P00269,C91,secondary header,sub main,200,183.7,0.5,0.201,0.222,1.179,2.7,below Mara's slope
P00270,C91,secondary header,sub main,200,101.3,0.5,0.078,0.162,1.824,0.5,below Mara's slope
P00271,C91,secondary header,sub main,200,469.6,0.5,0.172,0.211,1.266,2.1,below Mara's slope
P00272,C49,secondary main sewer,lateral,200,72.4,0.5,0.0,0.0,,0.0,no flow in 2030
P00273,C224,secondary main sewer,lateral,200,40.4,0.5,0.0,0.0,,0.0,no flow in 2030
P00274,C224,secondary main sewer,lateral,200,127.2,0.5,0.29,0.25,0.996,3.1,below Mara's slope
P00275,C49,secondary header,sub main,200,341.2,0.5,0.388,0.275,0.87,4.3,below Mara's slope
P00276,C49,secondary header,sub main,200,655.5,0.5,0.075,0.16,1.86,0.6,below Mara's slope
P00277,C91,secondary header,sub main,200,624.9,0.5,0.205,0.224,1.168,2.8,below Mara's slope
P00278,C211,secondary main sewer,lateral,200,168.3,1.25,0.0,0.0,,0.0,no flow in 2030
P00279,C51,secondary header,sub main,200,413.4,0.7,0.121,0.211,1.49,1.3,below Mara's slope
P00280,C211,secondary main sewer,lateral,200,145.9,0.5,0.195,0.22,1.196,3.2,below Mara's slope
P00281,C49,secondary header,sub main,200,162.9,0.5,0.403,0.278,0.855,4.9,below Mara's slope
P00282,C51,secondary main sewer,lateral,200,44.9,0.5,0.0,0.0,,0.0,no flow in 2030
P00283,C51,secondary header,sub main,200,464.0,0.5,0.079,0.163,1.813,0.6,below Mara's slope
P00284,C51,secondary header,sub main,200,166.9,0.5,0.121,0.188,1.49,1.3,below Mara's slope
P00285,C106,secondary header,sub main,200,155.9,2.15,0.0,0.0,,0.0,no flow in 2030
P00287,C10,secondary main sewer,lateral,200,326.3,0.5,0.014,0.088,4.077,0.0,below Mara's slope
P00288,C10,secondary main sewer,lateral,200,82.6,0.5,0.013,0.088,4.104,0.0,below Mara's slope
P00289,C10,secondary main sewer,lateral,200,945.7,0.5,0.325,0.26,0.945,4.6,below Mara's slope
P00290,C49,secondary main sewer,lateral,200,40.3,0.5,0.064,0.152,1.994,0.0,below Mara's slope
P00291,C49,secondary header,sub main,200,137.5,0.5,0.575,0.311,0.727,10.5,below Mara's slope
P00292,C49,secondary header,sub main,200,29.3,0.5,0.158,0.205,1.319,1.8,below Mara's slope
P00293,C10,secondary main sewer,lateral,200,228.5,0.5,0.029,0.116,2.877,0.1,below Mara's slope
P00294,C10,secondary main sewer,lateral,200,94.4,0.5,0.029,0.116,2.877,0.1,below Mara's slope
P00295,C10,secondary main sewer,lateral,200,550.5,0.5,0.019,0.099,3.512,0.0,below Mara's slope
P00296,C49,secondary header,sub main,200,322.1,0.5,0.304,0.254,0.974,4.9,below Mara's slope
P00297,C10,secondary main sewer,lateral,200,183.0,0.5,0.013,0.086,4.199,0.0,below Mara's slope
P00298,C106,secondary header,sub main,200,238.7,0.5,0.0,0.0,,0.0,no flow in 2030
P00300,C106,secondary main sewer,lateral,200,203.8,1.75,0.0,0.0,,0.0,no flow in 2030
P00301,C51,secondary main sewer,lateral,200,257.8,0.6,0.214,0.241,1.146,3.4,below Mara's slope
P00302,C51,secondary main sewer,lateral,200,22.0,0.5,0.02,0.102,3.4,0.0,below Mara's slope
P00303,C49,secondary header,sub main,200,105.0,0.5,1.01,0.371,0.56,28.5,below Mara's slope
P00304,C49,secondary header,sub main,200,148.7,0.5,0.138,0.196,1.401,1.8,below Mara's slope
P00305,C49,secondary main sewer,lateral,200,80.9,0.5,0.075,0.16,1.86,0.6,below Mara's slope
P00307,C51,secondary main sewer,lateral,200,148.4,1.0,0.279,0.314,1.015,5.3,below Mara's slope
P00308,C51,secondary main sewer,lateral,200,89.0,0.5,0.279,0.247,1.015,5.3,below Mara's slope
P00309,C51,secondary header,sub main,200,551.4,0.5,0.151,0.202,1.347,1.9,below Mara's slope
P00310,C49,secondary header,sub main,200,160.0,0.5,1.072,0.378,0.545,29.1,below Mara's slope
P00311,C49,secondary header,sub main,200,344.4,0.5,0.666,0.326,0.679,14.4,below Mara's slope
P00312,C49,secondary header,sub main,200,79.9,0.5,0.703,0.332,0.662,16.2,below Mara's slope
P00313,C49,secondary header,sub main,200,184.0,0.5,0.877,0.355,0.598,23.0,below Mara's slope
P00314,C49,secondary main sewer,lateral,200,69.2,0.5,0.111,0.183,1.552,1.2,below Mara's slope
P00315,C49,secondary header,sub main,200,49.2,0.5,0.278,0.247,1.015,3.7,below Mara's slope
P00317,C49,secondary main sewer,lateral,200,86.1,0.5,0.11,0.182,1.557,1.2,below Mara's slope
P00318,C49,secondary header,sub main,200,185.8,0.5,0.186,0.217,1.221,3.1,below Mara's slope
P00319,C49,secondary main sewer,lateral,200,65.8,0.5,0.143,0.199,1.381,1.9,below Mara's slope
P00320,C49,secondary main sewer,lateral,200,116.9,0.5,0.142,0.198,1.384,1.9,below Mara's slope
P00321,C49,secondary header,sub main,200,64.2,0.5,0.317,0.257,0.956,6.8,below Mara's slope
P00322,C49,secondary header,sub main,200,87.2,0.5,1.142,0.385,0.529,33.0,below Mara's slope
P00323,C49,secondary header,sub main,200,53.3,0.5,1.142,0.385,0.529,33.0,below Mara's slope
P00324,C10,secondary main sewer,lateral,200,575.8,0.5,0.328,0.26,0.941,4.7,below Mara's slope
P00325,C10,secondary main sewer,lateral,200,79.9,0.5,0.022,0.104,3.294,0.0,below Mara's slope
P00326,C10,secondary main sewer,lateral,200,514.7,0.5,0.018,0.097,3.624,0.0,below Mara's slope
P00327,C89,secondary main sewer,lateral,200,65.2,0.5,0.075,0.16,1.86,0.6,below Mara's slope
P00328,C51,secondary main sewer,lateral,200,45.0,0.5,0.0,0.0,,0.0,no flow in 2030
P00329,C51,secondary header,sub main,200,504.5,0.5,0.001,0.038,11.423,0.0,below Mara's slope
P00330,C51,secondary header,sub main,200,307.4,0.5,0.338,0.263,0.928,7.2,below Mara's slope
P00331,C106,secondary main sewer,lateral,200,93.0,0.5,0.163,0.208,1.297,2.4,below Mara's slope
P00332,C89,secondary main sewer,lateral,200,224.8,1.5,0.075,0.232,1.86,0.6,below Mara's slope
P00333,C89,secondary header,sub main,200,373.3,1.0,0.11,0.231,1.558,1.2,below Mara's slope
P00334,C106,secondary header,sub main,200,214.8,0.5,0.421,0.282,0.839,7.3,below Mara's slope
P00335,C28,secondary header,sub main,200,102.0,0.5,0.11,0.182,1.558,1.2,below Mara's slope
P00337,C106,secondary header,sub main,200,567.6,0.55,0.191,0.226,1.207,3.2,below Mara's slope
P00338,C106,secondary header,sub main,200,39.8,0.5,0.191,0.219,1.207,3.2,below Mara's slope
P00339,C106,secondary main sewer,lateral,200,53.8,0.5,0.208,0.225,1.161,3.7,below Mara's slope
P00340,C89,secondary header,sub main,200,105.6,0.7,0.138,0.221,1.401,1.8,below Mara's slope
P00341,C89,secondary main sewer,lateral,200,24.9,4.0,0.0,0.0,,0.0,no flow in 2030
P00342,C89,secondary header,sub main,200,52.3,0.5,0.138,0.196,1.401,1.8,below Mara's slope
P00343,C28,secondary header,sub main,200,159.4,0.5,0.11,0.182,1.558,1.2,below Mara's slope
P00344,C28,secondary header,sub main,200,51.7,0.5,0.21,0.225,1.155,3.7,below Mara's slope
P00345,C28,secondary header,sub main,200,43.7,0.5,0.23,0.232,1.108,4.3,below Mara's slope
P00346,C28,secondary main sewer,lateral,200,147.2,0.5,0.113,0.184,1.535,1.3,below Mara's slope
P00347,C89,secondary header,sub main,200,154.4,0.5,0.138,0.196,1.401,1.8,below Mara's slope
P00348,C10,secondary main sewer,lateral,200,515.6,0.5,0.382,0.273,0.877,5.3,below Mara's slope
P00349,C51,secondary header,sub main,200,54.7,0.5,0.338,0.263,0.928,7.2,below Mara's slope
P00350,C51,secondary header,sub main,200,547.3,0.5,0.338,0.263,0.928,7.2,below Mara's slope
P00351,C89,secondary header,sub main,200,111.6,0.5,0.351,0.266,0.912,8.5,below Mara's slope
P00352,C89,secondary main sewer,lateral,200,66.2,0.5,0.247,0.238,1.072,4.9,below Mara's slope
P00354,C28,secondary main sewer,lateral,200,124.0,0.5,0.078,0.162,1.822,0.7,below Mara's slope
P00355,C28,secondary header,sub main,200,25.0,0.5,0.268,0.244,1.033,5.6,below Mara's slope
P00356,C28,secondary header,sub main,200,206.2,0.65,0.0,0.0,,0.0,no flow in 2030
P00357,C28,secondary header,sub main,200,58.9,0.5,0.023,0.107,3.181,0.1,below Mara's slope
P00358,C28,secondary header,sub main,200,184.7,0.5,0.352,0.266,0.911,8.5,below Mara's slope
P00359,C176,secondary main sewer,lateral,200,51.3,0.5,0.115,0.185,1.528,1.3,below Mara's slope
P00360,C28,secondary header,sub main,200,76.3,0.5,0.356,0.267,0.906,8.6,below Mara's slope
P00361,C28,secondary header,sub main,200,347.9,0.5,0.268,0.244,1.033,5.6,below Mara's slope
P00362,C28,secondary header,sub main,200,349.0,0.5,0.23,0.232,1.108,4.3,below Mara's slope
P00363,C176,secondary main sewer,lateral,200,177.4,0.6,0.0,0.0,,0.0,no flow in 2030
P00364,C176,secondary header,sub main,200,144.8,0.5,0.239,0.235,1.088,2.0,below Mara's slope
P00365,C10,secondary main sewer,lateral,200,118.8,0.5,0.003,0.05,8.138,0.0,below Mara's slope
P00366,C10,secondary main sewer,lateral,200,236.6,0.5,0.382,0.273,0.877,5.3,below Mara's slope
P00367,C28,secondary header,sub main,200,340.2,0.5,0.415,0.281,0.844,10.8,below Mara's slope
P00368,C264,secondary main sewer,lateral,200,77.7,1.4,0.034,0.174,2.665,0.1,below Mara's slope
P00369,C118,secondary header,sub main,200,356.8,0.5,0.0,0.0,,0.0,no flow in 2030
P00370,C28,secondary header,sub main,200,64.1,0.8,0.0,0.0,,0.0,no flow in 2030
P00371,C160,secondary header,sub main,200,88.8,0.5,0.163,0.208,1.297,2.4,below Mara's slope
P00372,C160,secondary header,sub main,200,134.0,0.5,0.186,0.217,1.221,3.0,below Mara's slope
P00373,C89,secondary header,sub main,200,339.8,0.5,0.163,0.208,1.297,2.4,below Mara's slope
P00374,C89,secondary main sewer,lateral,200,180.9,0.5,0.138,0.196,1.401,1.8,below Mara's slope
P00376,C28,secondary main sewer,lateral,200,49.0,0.5,0.163,0.208,1.297,2.4,below Mara's slope
P00377,C96,secondary main sewer,lateral,200,83.8,1.65,0.062,0.225,2.025,0.4,below Mara's slope
P00378,C96,secondary header,sub main,200,163.2,0.5,0.056,0.145,2.131,0.3,below Mara's slope
P00379,C160,secondary header,sub main,200,82.5,1.0,0.243,0.3,1.081,4.3,below Mara's slope
P00380,C160,secondary header,sub main,200,48.5,0.5,0.243,0.236,1.081,4.3,below Mara's slope
P00381,C160,secondary main sewer,lateral,200,39.5,0.5,0.149,0.201,1.354,2.0,below Mara's slope
P00383,C28,secondary header,sub main,200,322.7,0.5,0.449,0.288,0.814,12.2,below Mara's slope
P00384,C28,secondary header,sub main,200,325.1,0.5,0.142,0.198,1.384,1.9,below Mara's slope
P00385,C96,secondary header,sub main,200,119.7,0.5,0.095,0.173,1.667,0.8,below Mara's slope
P00386,C96,secondary main sewer,lateral,200,89.3,1.05,0.059,0.19,2.082,0.3,below Mara's slope
P00387,C118,secondary header,sub main,200,373.1,0.5,0.0,0.0,,0.0,no flow in 2030
P00388,C10,secondary main sewer,lateral,200,493.3,0.5,0.382,0.273,0.877,5.3,below Mara's slope
P00389,C10,secondary main sewer,lateral,200,309.0,0.5,0.221,0.229,1.129,3.7,below Mara's slope
P00390,C96,secondary header,sub main,200,60.7,0.55,0.115,0.191,1.524,1.1,below Mara's slope
P00391,C96,secondary main sewer,lateral,200,105.9,0.9,0.068,0.189,1.948,0.4,below Mara's slope
P00392,C118,secondary header,sub main,200,20.7,0.5,0.0,0.0,,0.0,no flow in 2030
P00393,C96,secondary header,sub main,200,82.9,0.5,0.148,0.201,1.359,1.7,below Mara's slope
P00395,C28,secondary header,sub main,200,428.4,0.8,0.363,0.316,0.898,7.3,below Mara's slope
P00396,C96,secondary header,sub main,200,82.5,0.5,0.169,0.21,1.278,2.1,below Mara's slope
P00398,C118,secondary header,sub main,200,68.7,0.5,0.0,0.0,,0.0,no flow in 2030
P00399,C118,secondary header,sub main,200,186.6,0.5,0.116,0.185,1.518,1.2,below Mara's slope
P00400,C81,secondary main sewer,lateral,200,157.8,0.5,0.046,0.136,2.327,0.2,below Mara's slope
P00401,C123,secondary header,sub main,200,204.7,0.65,0.222,0.251,1.126,2.4,below Mara's slope
P00402,C123,secondary main sewer,lateral,200,129.2,0.5,0.002,0.043,9.732,0.0,below Mara's slope
P00404,C81,secondary main sewer,lateral,200,101.4,0.5,0.143,0.199,1.38,1.7,below Mara's slope
P00405,C96,secondary header,sub main,200,341.9,0.5,0.381,0.273,0.878,2.5,below Mara's slope
P00406,C96,secondary header,sub main,200,229.0,0.65,0.197,0.242,1.19,2.8,below Mara's slope
P00407,C96,secondary header,sub main,200,253.9,0.5,0.24,0.235,1.087,4.1,below Mara's slope
P00408,C28,secondary header,sub main,200,356.4,0.5,0.494,0.297,0.779,14.1,below Mara's slope
P00409,C28,secondary main sewer,lateral,200,458.6,0.5,0.075,0.16,1.86,0.6,below Mara's slope
P00410,C28,secondary header,sub main,200,207.2,0.5,0.396,0.277,0.862,8.6,below Mara's slope
P00411,C28,secondary main sewer,lateral,200,79.3,1.1,0.0,0.0,,0.0,no flow in 2030
P00412,C81,secondary header,sub main,200,71.7,0.5,0.274,0.246,1.023,5.0,below Mara's slope
P00413,C123,secondary header,sub main,200,96.2,0.5,0.222,0.229,1.126,2.4,below Mara's slope
P00414,C28,secondary header,sub main,200,109.4,0.5,0.411,0.28,0.848,9.2,below Mara's slope
P00415,C81,secondary main sewer,lateral,200,176.8,0.5,0.091,0.171,1.695,0.8,below Mara's slope
P00416,C221,secondary main sewer,lateral,200,155.9,0.5,0.0,0.0,,0.0,no flow in 2030
P00417,C28,secondary main sewer,lateral,200,138.1,0.5,0.0,0.0,,0.0,no flow in 2030
P00418,C235,secondary main sewer,lateral,200,59.5,1.75,0.075,0.245,1.86,0.6,below Mara's slope
P00419,C28,secondary header,sub main,200,288.2,0.5,0.548,0.307,0.743,16.5,below Mara's slope
P00420,C28,secondary main sewer,lateral,200,35.2,2.05,0.048,0.221,2.285,0.2,below Mara's slope
P00421,C28,secondary main sewer,lateral,200,188.6,0.5,0.1,0.176,1.627,0.8,below Mara's slope
P00422,C221,secondary main sewer,lateral,200,147.9,0.5,0.11,0.182,1.558,1.2,below Mara's slope
P00423,C235,secondary main sewer,lateral,200,95.9,0.5,0.075,0.16,1.86,0.6,below Mara's slope
P00424,C28,secondary header,sub main,200,61.1,0.5,0.0,0.0,,0.0,no flow in 2030
P00425,C28,secondary header,sub main,200,97.8,0.5,0.573,0.311,0.728,17.4,below Mara's slope
P00426,C28,secondary header,sub main,200,240.5,0.7,0.099,0.197,1.638,0.9,below Mara's slope
P00427,C123,secondary header,sub main,200,652.4,0.5,0.222,0.229,1.126,2.4,below Mara's slope
P00428,C235,secondary main sewer,lateral,200,119.5,0.5,0.138,0.196,1.401,1.8,below Mara's slope
P00430,C28,secondary header,sub main,200,247.8,0.5,0.594,0.314,0.715,18.3,below Mara's slope
P00431,C28,secondary header,sub main,200,431.7,0.5,0.526,0.303,0.757,14.1,below Mara's slope
P00432,C10,secondary main sewer,lateral,200,906.8,0.5,0.479,0.294,0.79,9.0,below Mara's slope
P00433,C28,secondary header,sub main,200,253.6,0.5,0.908,0.359,0.588,32.5,below Mara's slope
P00434,C28,secondary main sewer,lateral,200,90.6,0.5,0.323,0.259,0.948,1.4,below Mara's slope
P00435,C181,secondary header,sub main,200,294.9,0.5,0.0,0.0,,0.0,no flow in 2030
P00436,C181,secondary main sewer,lateral,200,144.9,0.5,0.0,0.0,,0.0,no flow in 2030
P00437,C10,secondary main sewer,lateral,200,392.9,0.5,0.0,0.0,,0.0,no flow in 2030
P00438,C06,secondary main sewer,lateral,200,99.6,0.5,0.091,0.171,1.701,0.8,below Mara's slope
P00439,C245,secondary main sewer,lateral,200,92.1,0.55,0.166,0.215,1.29,2.5,below Mara's slope
P00440,C138,secondary main sewer,lateral,200,103.7,0.55,0.189,0.225,1.214,3.1,below Mara's slope
P00441,C06,secondary main sewer,lateral,200,87.2,0.5,0.138,0.196,1.402,1.7,below Mara's slope
P00442,C81,secondary header,sub main,200,967.1,0.5,0.386,0.274,0.873,8.8,below Mara's slope
P00443,C10,secondary main sewer,lateral,200,695.6,0.5,0.669,0.326,0.677,11.4,below Mara's slope
P00444,C81,secondary header,sub main,200,317.0,0.5,0.386,0.274,0.873,8.8,below Mara's slope
P00445,C168,secondary header,sub main,200,583.6,0.5,0.075,0.16,1.86,0.6,below Mara's slope
P00447,C155,secondary header,sub main,200,51.4,0.5,0.041,0.13,2.462,0.2,below Mara's slope
P00449,C155,secondary main sewer,lateral,200,220.5,0.5,0.066,0.153,1.969,0.4,below Mara's slope
P00450,C155,secondary header,sub main,200,89.3,0.5,0.099,0.176,1.635,0.8,below Mara's slope
P00451,C10,secondary main sewer,lateral,200,64.6,0.5,0.079,0.163,1.814,0.6,below Mara's slope
P00452,C10,secondary main sewer,lateral,200,96.6,0.75,0.079,0.187,1.818,0.6,below Mara's slope
P00453,C81,secondary header,sub main,200,277.7,0.5,0.386,0.274,0.873,8.8,below Mara's slope
P00454,C81,secondary header,sub main,200,49.6,0.5,0.386,0.274,0.873,8.8,below Mara's slope
P00455,C92,secondary header,sub main,200,156.8,0.5,0.0,0.0,,0.0,no flow in 2030
P00456,C17,secondary header,sub main,200,327.9,0.5,0.0,0.0,,0.0,no flow in 2030
P00457,C138,secondary header,sub main,200,1011.5,0.5,0.365,0.269,0.896,7.4,below Mara's slope
P00458,C92,secondary header,sub main,200,229.0,0.6,0.079,0.174,1.813,0.6,below Mara's slope
P00459,C146,secondary main sewer,lateral,200,51.9,1.1,0.079,0.213,1.813,0.7,below Mara's slope
P00460,C146,secondary main sewer,lateral,200,80.5,0.5,0.146,0.2,1.366,2.0,below Mara's slope
P00461,C146,secondary main sewer,lateral,200,75.9,0.5,0.086,0.168,1.744,0.8,below Mara's slope
P00462,C146,secondary main sewer,lateral,200,77.3,0.5,0.132,0.194,1.43,1.6,below Mara's slope
P00463,C146,secondary main sewer,lateral,200,36.7,0.5,0.034,0.123,2.657,0.1,below Mara's slope
P00464,C146,secondary main sewer,lateral,200,69.1,0.5,0.219,0.228,1.134,3.8,below Mara's slope
P00465,C146,secondary main sewer,lateral,200,111.0,0.5,0.3,0.253,0.981,6.3,below Mara's slope
P00466,C92,secondary header,sub main,200,392.5,0.5,0.173,0.212,1.262,2.4,below Mara's slope
P00467,C114,secondary main sewer,lateral,200,109.8,0.5,0.149,0.201,1.355,1.9,below Mara's slope
P00468,C146,secondary main sewer,lateral,200,95.2,0.5,0.133,0.194,1.425,1.6,below Mara's slope
P00469,C114,secondary header,sub main,200,119.9,0.5,0.202,0.222,1.178,3.1,below Mara's slope
P00470,C146,secondary header,sub main,200,225.5,0.5,0.305,0.254,0.973,6.5,below Mara's slope
P00471,C116,secondary main sewer,lateral,200,106.6,0.5,0.118,0.186,1.508,0.9,below Mara's slope
P00472,C116,secondary header,sub main,200,459.4,0.5,0.079,0.163,1.812,0.7,below Mara's slope
P00473,C06,secondary main sewer,lateral,200,1281.8,0.5,0.203,0.223,1.173,3.3,below Mara's slope
P00474,C92,secondary header,sub main,200,245.7,0.5,0.342,0.264,0.923,7.4,below Mara's slope
P00475,C116,secondary header,sub main,200,206.8,0.5,0.179,0.214,1.243,2.3,below Mara's slope
P00476,C33,secondary main sewer,lateral,200,77.6,0.5,0.031,0.118,2.799,0.1,below Mara's slope
P00477,C92,secondary header,sub main,200,218.9,0.5,0.478,0.294,0.791,11.1,below Mara's slope
P00478,C92,secondary header,sub main,200,99.5,0.5,0.478,0.294,0.791,11.1,below Mara's slope
P00479,C17,secondary header,sub main,200,179.4,0.5,0.1,0.176,1.626,1.0,below Mara's slope
P00480,C17,secondary main sewer,lateral,200,58.6,0.65,0.047,0.149,2.304,0.2,below Mara's slope
P00481,C06,secondary main sewer,lateral,200,64.3,0.5,0.126,0.19,1.465,1.3,below Mara's slope
P00482,C06,secondary main sewer,lateral,200,314.2,0.5,0.218,0.228,1.136,3.7,below Mara's slope
P00483,C06,secondary main sewer,lateral,200,65.0,0.5,0.075,0.16,1.863,0.5,below Mara's slope
P00484,C06,secondary main sewer,lateral,200,199.4,0.5,0.324,0.259,0.946,7.0,below Mara's slope
P00485,C17,secondary header,sub main,200,161.6,0.5,0.042,0.131,2.436,0.2,below Mara's slope
P00486,C33,secondary main sewer,lateral,200,60.5,4.1,0.006,0.132,5.874,0.0,below Mara's slope
P00487,C142,secondary main sewer,lateral,200,74.2,0.5,0.067,0.154,1.962,0.4,below Mara's slope
P00488,C114,secondary header,sub main,200,542.5,0.5,0.418,0.281,0.841,10.1,below Mara's slope
P00489,C17,secondary header,sub main,200,958.4,0.5,0.044,0.134,2.365,0.2,below Mara's slope
P00490,C17,secondary header,sub main,200,108.3,0.5,0.131,0.193,1.437,1.5,below Mara's slope
P00491,C114,secondary main sewer,lateral,200,20.2,1.35,0.017,0.133,3.721,0.0,below Mara's slope
P00492,C33,secondary main sewer,lateral,200,232.8,0.5,0.029,0.116,2.859,0.1,below Mara's slope
P00493,C33,secondary main sewer,lateral,200,84.1,0.5,0.023,0.107,3.199,0.1,below Mara's slope
P00494,C33,secondary main sewer,lateral,200,82.3,0.5,0.016,0.095,3.737,0.0,below Mara's slope
P00495,C17,secondary main sewer,lateral,200,74.4,0.5,0.046,0.136,2.317,0.2,below Mara's slope
P00497,C114,secondary main sewer,lateral,200,99.5,0.95,0.029,0.144,2.877,0.1,below Mara's slope
P00498,C114,secondary main sewer,lateral,200,40.7,0.5,0.263,0.242,1.042,3.9,below Mara's slope
P00499,C114,secondary header,sub main,200,123.1,0.5,0.543,0.306,0.746,14.0,below Mara's slope
P00500,C33,secondary main sewer,lateral,200,229.5,0.5,0.024,0.108,3.15,0.1,below Mara's slope
P00501,C33,secondary main sewer,lateral,200,26.0,0.5,0.005,0.063,6.235,0.0,below Mara's slope
P00502,C17,secondary header,sub main,200,268.9,0.5,0.188,0.217,1.215,3.0,below Mara's slope
P00503,C06,secondary main sewer,lateral,200,147.4,0.5,0.075,0.16,1.863,0.5,below Mara's slope
P00504,C17,secondary header,sub main,200,77.4,0.5,0.168,0.21,1.279,2.3,below Mara's slope
P00505,C33,secondary main sewer,lateral,200,79.5,0.5,0.014,0.09,3.994,0.0,below Mara's slope
P00506,C06,secondary main sewer,lateral,200,184.7,0.5,0.095,0.173,1.668,0.8,below Mara's slope
P00507,C142,secondary header,sub main,200,80.2,0.5,0.087,0.168,1.734,0.7,below Mara's slope
P00508,C142,secondary main sewer,lateral,200,228.2,0.5,0.1,0.176,1.627,1.0,below Mara's slope
P00509,C142,secondary main sewer,lateral,200,180.4,0.5,0.111,0.183,1.552,1.0,below Mara's slope
P00510,C17,secondary header,sub main,200,34.3,0.5,0.168,0.21,1.279,2.3,below Mara's slope
P00511,C06,secondary main sewer,lateral,200,173.9,0.5,0.326,0.26,0.944,7.1,below Mara's slope
P00512,C06,secondary main sewer,lateral,200,156.6,0.55,0.076,0.166,1.846,0.5,below Mara's slope
P00513,C33,secondary main sewer,lateral,200,79.4,0.5,0.011,0.082,4.463,0.0,below Mara's slope
P00514,C33,secondary header,sub main,200,358.0,0.5,0.04,0.129,2.488,0.2,below Mara's slope
P00515,C17,secondary main sewer,lateral,200,89.3,0.5,0.194,0.22,1.199,2.6,below Mara's slope
P00516,C17,secondary main sewer,lateral,200,136.8,0.5,0.283,0.248,1.008,5.4,below Mara's slope
P00517,C215,secondary main sewer,lateral,200,188.9,0.5,0.0,0.0,,0.0,no flow in 2030
P00518,C114,secondary main sewer,lateral,200,24.0,0.5,0.081,0.165,1.79,0.6,below Mara's slope
P00519,C17,secondary header,sub main,200,107.4,0.5,0.384,0.274,0.875,9.0,below Mara's slope
P00520,C114,secondary main sewer,lateral,200,62.7,0.5,0.238,0.235,1.091,3.2,below Mara's slope
P00521,C114,secondary main sewer,lateral,200,67.5,0.5,0.206,0.224,1.166,3.1,below Mara's slope
P00522,C114,secondary main sewer,lateral,200,52.3,0.5,0.132,0.194,1.43,1.5,below Mara's slope
P00523,C17,secondary main sewer,lateral,200,126.2,0.5,0.132,0.194,1.431,1.6,below Mara's slope
P00524,C33,secondary main sewer,lateral,200,107.9,0.5,0.011,0.083,4.416,0.0,below Mara's slope
P00525,C33,secondary header,sub main,200,72.9,0.5,0.051,0.14,2.224,0.3,below Mara's slope
P00526,C180,secondary header,sub main,200,336.6,0.6,0.088,0.18,1.727,0.7,below Mara's slope
P00527,C180,secondary main sewer,lateral,200,79.2,1.35,0.079,0.229,1.812,0.6,below Mara's slope
P00528,C180,secondary main sewer,lateral,200,217.1,1.3,0.076,0.223,1.843,0.5,below Mara's slope
P00529,C17,secondary main sewer,lateral,200,123.4,0.5,0.036,0.125,2.605,0.1,below Mara's slope
P00530,C114,secondary main sewer,lateral,200,78.8,0.5,0.131,0.193,1.436,1.5,below Mara's slope
P00532,C114,secondary main sewer,lateral,200,23.8,0.5,0.082,0.165,1.786,0.6,below Mara's slope
P00533,C202,secondary header,sub main,200,223.2,0.6,0.018,0.103,3.624,0.0,below Mara's slope
P00534,C202,secondary main sewer,lateral,200,89.3,0.5,0.02,0.101,3.447,0.0,below Mara's slope
P00535,C202,secondary main sewer,lateral,200,41.9,0.5,0.009,0.077,4.827,0.0,below Mara's slope
P00536,C17,secondary header,sub main,200,178.7,0.5,0.252,0.239,1.063,4.8,below Mara's slope
P00537,C17,secondary main sewer,lateral,200,99.4,0.5,0.215,0.227,1.142,3.7,below Mara's slope
P00538,C230,secondary main sewer,lateral,200,194.9,0.5,0.253,0.239,1.06,4.8,below Mara's slope
P00539,C33,secondary main sewer,lateral,200,119.9,0.85,0.015,0.11,3.881,0.0,below Mara's slope
P00540,C33,secondary header,sub main,200,291.8,0.5,0.03,0.117,2.848,0.1,below Mara's slope
P00541,C205,secondary main sewer,lateral,200,186.8,0.5,0.076,0.161,1.845,0.5,below Mara's slope
P00542,C17,secondary header,sub main,200,340.9,0.5,0.416,0.281,0.844,10.1,below Mara's slope
P00543,C17,secondary header,sub main,200,417.7,0.5,0.219,0.229,1.133,3.6,below Mara's slope
P00544,C205,secondary main sewer,lateral,200,115.5,0.5,0.08,0.163,1.808,0.6,below Mara's slope
P00545,C205,secondary main sewer,lateral,200,120.2,0.75,0.071,0.181,1.905,0.5,below Mara's slope
P00546,C109,secondary header,sub main,200,57.1,4.9,0.0,0.0,,0.0,no flow in 2030
P00547,C17,secondary header,sub main,200,89.9,0.5,0.358,0.268,0.904,8.1,below Mara's slope
P00548,C17,secondary header,sub main,200,340.1,0.5,0.309,0.255,0.967,6.5,below Mara's slope
P00550,C109,secondary header,sub main,200,79.0,0.6,0.011,0.088,4.427,0.0,below Mara's slope
P00551,C17,secondary header,sub main,200,236.1,0.5,0.128,0.191,1.453,1.4,below Mara's slope
P00552,C17,secondary main sewer,lateral,200,113.5,1.25,0.051,0.192,2.216,0.2,below Mara's slope
P00553,C109,secondary header,sub main,200,84.9,0.5,0.117,0.186,1.513,1.2,below Mara's slope
P00554,C109,secondary main sewer,lateral,200,79.6,0.5,0.129,0.192,1.449,1.5,below Mara's slope
P00555,C109,secondary header,sub main,200,77.8,1.5,0.011,0.12,4.427,0.0,below Mara's slope
P00556,C17,secondary header,sub main,200,86.8,0.5,0.106,0.18,1.584,1.0,below Mara's slope
P00557,C17,secondary main sewer,lateral,200,90.9,1.25,0.097,0.239,1.651,0.9,below Mara's slope
P00558,C06,secondary main sewer,lateral,200,65.5,0.75,0.051,0.161,2.217,0.2,below Mara's slope
P00559,C17,secondary header,sub main,200,268.3,0.5,0.652,0.324,0.686,19.9,below Mara's slope
P00560,C06,secondary main sewer,lateral,200,101.5,0.5,0.062,0.15,2.033,0.3,below Mara's slope
P00561,C109,secondary main sewer,lateral,200,79.3,0.5,0.139,0.197,1.399,1.7,below Mara's slope
P00562,C06,secondary main sewer,lateral,200,138.2,0.5,0.097,0.175,1.65,0.8,below Mara's slope
P00563,C109,secondary header,sub main,200,144.4,0.5,0.195,0.22,1.194,3.0,below Mara's slope
P00564,C109,secondary header,sub main,200,262.8,0.5,0.114,0.184,1.531,1.2,below Mara's slope
P00565,C109,secondary header,sub main,200,312.4,0.5,0.314,0.257,0.96,6.6,below Mara's slope
P00566,C109,secondary main sewer,lateral,200,88.8,0.5,0.192,0.219,1.203,3.1,below Mara's slope
P00567,C17,secondary header,sub main,200,70.3,0.5,0.668,0.326,0.678,20.7,below Mara's slope
P00568,C17,secondary header,sub main,200,102.2,0.5,0.263,0.242,1.041,5.2,below Mara's slope
P00569,C17,secondary header,sub main,200,49.8,0.95,0.055,0.179,2.144,0.3,below Mara's slope
P00570,C06,secondary main sewer,lateral,200,42.4,0.5,0.041,0.13,2.458,0.2,below Mara's slope
P00571,C06,secondary main sewer,lateral,200,656.9,0.5,0.386,0.274,0.873,7.6,below Mara's slope
P00572,C17,secondary main sewer,lateral,200,131.7,0.5,0.101,0.177,1.62,1.0,below Mara's slope
P00573,C17,secondary header,sub main,200,80.3,0.5,0.693,0.33,0.666,21.8,below Mara's slope
P00574,C06,secondary main sewer,lateral,200,147.3,0.5,0.139,0.197,1.396,1.5,below Mara's slope
P00575,C06,secondary main sewer,lateral,200,91.5,0.5,0.117,0.186,1.512,1.1,below Mara's slope
P00576,C259,secondary main sewer,lateral,200,153.9,0.75,0.143,0.228,1.379,0.2,below Mara's slope
P00577,C06,secondary main sewer,lateral,200,335.2,0.5,0.135,0.195,1.418,1.5,below Mara's slope
P00578,C06,secondary main sewer,lateral,200,43.9,0.9,0.039,0.157,2.509,0.1,below Mara's slope
P00579,C17,secondary header,sub main,200,96.7,0.5,0.283,0.248,1.007,5.7,below Mara's slope
P00581,C259,secondary main sewer,lateral,200,85.9,0.6,0.056,0.155,2.118,0.3,below Mara's slope
P00583,C17,secondary main sewer,lateral,200,85.0,0.5,0.106,0.18,1.582,0.9,below Mara's slope
P00584,C17,secondary header,sub main,200,293.7,0.5,0.25,0.239,1.066,4.8,below Mara's slope
P00585,C06,secondary main sewer,lateral,200,181.6,0.5,0.069,0.155,1.935,0.4,below Mara's slope
P00586,C17,secondary header,sub main,200,54.9,0.5,0.318,0.258,0.954,6.8,below Mara's slope
P00587,C17,secondary main sewer,lateral,200,79.6,0.5,0.133,0.194,1.426,1.6,below Mara's slope
P00588,C17,secondary main sewer,lateral,200,24.3,0.5,0.043,0.133,2.396,0.2,below Mara's slope
P00589,C259,secondary main sewer,lateral,200,26.1,0.5,0.035,0.124,2.632,0.1,below Mara's slope
P00590,C06,secondary main sewer,lateral,200,76.4,0.5,0.164,0.208,1.296,2.1,below Mara's slope
P00591,C17,secondary main sewer,lateral,200,79.5,0.5,0.113,0.184,1.538,1.3,below Mara's slope
P00592,C06,secondary main sewer,lateral,200,143.2,0.5,0.226,0.231,1.117,3.8,below Mara's slope
P00593,C17,secondary header,sub main,200,52.5,0.5,0.367,0.27,0.893,8.5,below Mara's slope
P00594,C17,secondary header,sub main,200,144.0,0.5,0.708,0.332,0.66,22.4,below Mara's slope
P00595,C17,secondary header,sub main,200,662.2,0.5,0.282,0.248,1.009,5.2,below Mara's slope
P00596,C17,secondary header,sub main,200,244.0,0.5,0.302,0.253,0.978,5.8,below Mara's slope
P00597,C06,secondary main sewer,lateral,200,728.2,0.5,0.294,0.251,0.989,4.7,below Mara's slope
P00598,C06,secondary main sewer,lateral,200,84.0,0.5,0.278,0.247,1.015,5.4,below Mara's slope
P00599,C06,secondary main sewer,lateral,200,33.4,0.5,0.113,0.184,1.538,1.3,below Mara's slope
P00600,C06,secondary main sewer,lateral,200,1140.3,0.5,0.295,0.252,0.987,6.1,below Mara's slope
P00601,C17,secondary main sewer,lateral,200,77.3,0.5,0.159,0.206,1.312,2.2,below Mara's slope
P00602,C17,secondary main sewer,lateral,200,50.2,1.25,0.047,0.186,2.309,0.2,below Mara's slope
P00603,C171,secondary main sewer,lateral,200,91.0,0.5,0.156,0.204,1.326,0.8,below Mara's slope
P00604,C17,secondary header,sub main,200,119.7,0.5,0.846,0.351,0.608,28.5,below Mara's slope
P00605,C17,secondary main sewer,lateral,200,71.8,0.5,0.116,0.185,1.519,1.3,below Mara's slope
P00606,C06,secondary main sewer,lateral,200,63.1,0.5,0.121,0.188,1.492,1.4,below Mara's slope
P00607,C17,secondary header,sub main,200,64.9,0.5,0.848,0.352,0.607,28.6,below Mara's slope
P00608,C17,secondary header,sub main,200,90.5,0.5,0.445,0.287,0.818,11.5,below Mara's slope
P00609,C33,secondary header,sub main,200,49.9,0.5,0.051,0.14,2.224,0.3,below Mara's slope
P00610,C33,secondary header,sub main,200,778.2,0.5,0.051,0.141,2.217,0.3,below Mara's slope
P00611,C06,secondary main sewer,lateral,200,281.0,0.5,0.446,0.287,0.817,9.7,below Mara's slope
P00612,C06,secondary main sewer,lateral,200,39.1,0.5,0.446,0.287,0.817,9.7,below Mara's slope
P00613,C06,secondary main sewer,lateral,200,102.7,0.5,0.446,0.287,0.817,9.7,below Mara's slope
P00614,C17,secondary header,sub main,200,76.1,0.5,1.079,0.379,0.544,40.3,below Mara's slope
P00615,C17,secondary header,sub main,200,79.8,0.5,1.088,0.38,0.541,40.7,below Mara's slope
P00616,C10,secondary main sewer,lateral,200,1442.1,0.5,0.029,0.115,2.894,0.1,below Mara's slope
P00617,C17,secondary main sewer,lateral,200,105.3,0.5,0.053,0.142,2.184,0.3,below Mara's slope
P00618,C06,secondary main sewer,lateral,200,238.9,0.5,0.461,0.29,0.804,10.7,below Mara's slope
P00619,C17,secondary header,sub main,200,129.1,0.5,1.139,0.385,0.53,43.5,below Mara's slope
P00621,C10,secondary main sewer,lateral,200,247.1,0.95,0.0,0.0,,0.0,no flow in 2030
P00622,C17,secondary main sewer,lateral,200,85.7,0.5,0.159,0.206,1.314,2.1,below Mara's slope
P00623,C17,secondary main sewer,lateral,200,84.3,0.5,0.116,0.185,1.521,1.2,below Mara's slope
P00624,C171,secondary main sewer,lateral,200,100.9,0.5,0.043,0.132,2.41,0.2,below Mara's slope
P00625,C171,secondary header,sub main,200,301.1,0.5,0.161,0.207,1.306,0.9,below Mara's slope
P00626,C06,secondary main sewer,lateral,200,79.8,0.5,0.522,0.302,0.76,13.3,below Mara's slope
P00627,C06,secondary main sewer,lateral,200,428.4,0.5,0.593,0.314,0.716,15.8,below Mara's slope
P00628,C59,secondary header,sub main,200,124.1,0.5,0.075,0.16,1.861,0.6,below Mara's slope
P00630,C17,secondary header,sub main,200,88.7,0.5,1.185,0.39,0.52,45.9,below Mara's slope
P00632,C06,secondary main sewer,lateral,200,113.7,0.5,0.075,0.16,1.86,0.6,below Mara's slope
P00633,C06,secondary main sewer,lateral,200,29.2,0.5,0.188,0.217,1.217,3.1,below Mara's slope
P00634,C06,secondary main sewer,lateral,200,45.6,0.5,0.194,0.22,1.197,2.8,below Mara's slope
P00635,C06,secondary main sewer,lateral,200,181.0,0.65,0.163,0.227,1.298,2.3,below Mara's slope
P00636,C06,secondary main sewer,lateral,200,149.5,0.95,0.052,0.176,2.2,0.3,below Mara's slope
P00637,C06,secondary main sewer,lateral,200,123.2,0.5,1.009,0.371,0.56,29.3,below Mara's slope
P00638,C17,secondary main sewer,lateral,200,48.7,0.5,0.114,0.184,1.53,1.2,below Mara's slope
P00640,C10,secondary main sewer,lateral,200,359.3,0.5,0.029,0.115,2.894,0.1,below Mara's slope
P00641,C10,secondary main sewer,lateral,200,362.7,0.9,0.0,0.0,,0.0,no flow in 2030
P00642,C121,secondary main sewer,lateral,200,144.6,2.25,0.0,0.0,,0.0,no flow in 2030
P00644,C17,secondary header,sub main,200,148.5,0.5,1.263,0.397,0.505,46.9,below Mara's slope
P00645,C17,secondary header,sub main,200,59.4,0.5,1.264,0.398,0.505,46.9,below Mara's slope
P00646,C06,secondary main sewer,lateral,200,279.4,0.5,0.026,0.111,3.021,0.1,below Mara's slope
P00647,C06,secondary main sewer,lateral,200,563.3,0.5,0.114,0.184,1.532,1.3,below Mara's slope
P00648,C06,secondary main sewer,lateral,200,183.8,0.5,0.265,0.243,1.038,2.7,below Mara's slope
P00649,C06,secondary main sewer,lateral,200,86.3,0.5,0.184,0.216,1.228,2.9,below Mara's slope
P00650,C147,secondary header,sub main,200,212.0,0.9,0.192,0.268,1.205,3.1,below Mara's slope
P00652,C06,secondary main sewer,lateral,200,141.8,0.5,0.194,0.22,1.197,2.8,below Mara's slope
P00653,C06,secondary main sewer,lateral,200,84.9,0.5,0.189,0.218,1.212,3.0,below Mara's slope
P00654,C06,secondary main sewer,lateral,200,105.8,0.5,1.011,0.371,0.56,29.4,below Mara's slope
P00655,C06,secondary main sewer,lateral,200,39.6,0.5,0.138,0.197,1.4,1.7,below Mara's slope
P00656,C17,secondary main sewer,lateral,200,85.6,1.55,0.102,0.261,1.613,1.0,below Mara's slope
P00657,C06,secondary main sewer,lateral,200,45.2,0.5,0.116,0.185,1.519,1.3,below Mara's slope
P00658,C33,secondary header,sub main,200,39.9,0.5,0.0,0.0,,0.0,no flow in 2030
P00659,C33,secondary header,sub main,200,358.8,0.5,0.0,0.0,,0.0,no flow in 2030
P00660,C33,secondary header,sub main,200,259.1,0.65,0.0,0.0,,0.0,no flow in 2030
P00661,C33,secondary main sewer,lateral,200,149.5,0.5,0.0,0.0,,0.0,no flow in 2030
P00663,C147,secondary main sewer,lateral,200,53.3,1.25,0.091,0.233,1.703,0.8,below Mara's slope
P00664,C147,secondary header,sub main,200,84.9,0.5,0.245,0.237,1.076,4.6,below Mara's slope
P00665,C06,secondary main sewer,lateral,200,109.8,0.5,0.075,0.16,1.86,0.6,below Mara's slope
P00666,C06,secondary main sewer,lateral,200,226.4,0.5,0.281,0.248,1.011,5.5,below Mara's slope
P00667,C06,secondary main sewer,lateral,200,21.4,1.3,0.025,0.152,3.071,0.1,below Mara's slope
P00668,C06,secondary main sewer,lateral,200,87.1,0.6,0.086,0.179,1.744,0.6,below Mara's slope
P00669,C17,secondary main sewer,lateral,200,93.7,1.6,0.04,0.191,2.485,0.2,below Mara's slope
P00671,C06,secondary main sewer,lateral,200,158.3,0.5,0.281,0.248,1.011,5.5,below Mara's slope
P00672,C147,secondary header,sub main,200,280.4,0.55,0.16,0.213,1.312,2.2,below Mara's slope
P00673,C147,secondary header,sub main,200,39.3,0.5,0.291,0.251,0.994,6.1,below Mara's slope
P00674,C147,secondary header,sub main,200,73.6,0.5,0.312,0.256,0.963,6.8,below Mara's slope
P00675,C06,secondary main sewer,lateral,200,259.2,0.5,0.359,0.268,0.902,5.1,below Mara's slope
P00676,C06,secondary main sewer,lateral,200,127.1,0.5,0.079,0.163,1.811,0.5,below Mara's slope
P00678,C17,secondary header,sub main,200,439.9,0.5,0.249,0.238,1.069,4.6,below Mara's slope
P00679,C06,secondary main sewer,lateral,200,205.8,0.5,0.394,0.276,0.865,6.8,below Mara's slope
P00680,C06,secondary main sewer,lateral,200,196.5,0.5,0.303,0.254,0.976,4.0,below Mara's slope
P00681,C17,secondary main sewer,lateral,200,61.0,0.5,0.145,0.2,1.369,1.8,below Mara's slope
P00684,C06,secondary main sewer,lateral,200,133.0,0.5,0.161,0.206,1.308,1.9,below Mara's slope
P00686,C17,secondary main sewer,lateral,200,46.9,1.55,0.084,0.245,1.76,0.7,below Mara's slope
P00687,C06,secondary main sewer,lateral,200,66.8,0.5,0.382,0.273,0.877,5.8,below Mara's slope
P00688,C06,secondary main sewer,lateral,200,43.8,0.5,0.189,0.218,1.214,2.8,below Mara's slope
P00690,C17,secondary main sewer,lateral,200,82.4,0.5,0.135,0.195,1.416,1.5,below Mara's slope
P00691,C17,secondary main sewer,lateral,200,155.0,0.5,0.14,0.197,1.394,1.7,below Mara's slope
P00692,C06,secondary main sewer,lateral,200,137.7,0.5,0.076,0.161,1.846,0.5,below Mara's slope
P00693,C06,secondary main sewer,lateral,200,75.9,1.0,0.053,0.18,2.189,0.3,below Mara's slope
P00694,C17,secondary main sewer,lateral,200,81.5,0.5,0.222,0.23,1.125,3.9,below Mara's slope
P00695,C22,secondary header,sub main,200,86.7,0.5,0.083,0.165,1.777,0.5,below Mara's slope
P00696,C22,secondary header,sub main,200,252.8,0.5,0.044,0.134,2.376,0.2,below Mara's slope
P00697,C33,secondary header,sub main,200,735.9,0.5,0.13,0.192,1.443,1.5,below Mara's slope
P00698,C33,secondary header,sub main,200,388.1,0.85,0.079,0.195,1.818,0.6,below Mara's slope
P00699,C17,secondary header,sub main,200,80.4,0.5,0.087,0.168,1.737,0.8,below Mara's slope
P00700,C06,secondary main sewer,lateral,200,169.4,0.5,0.554,0.308,0.739,13.0,below Mara's slope
P00702,C17,secondary main sewer,lateral,200,93.9,0.5,0.051,0.14,2.22,0.2,below Mara's slope
P00703,C17,secondary header,sub main,200,26.9,0.5,0.199,0.221,1.185,2.8,below Mara's slope
P00704,C17,secondary main sewer,lateral,200,15.9,0.5,0.029,0.115,2.892,0.1,below Mara's slope
P00705,C22,secondary main sewer,lateral,200,101.8,0.5,0.059,0.148,2.074,0.3,below Mara's slope
P00706,C06,secondary main sewer,lateral,200,101.2,0.5,0.092,0.172,1.687,0.7,below Mara's slope
P00707,C06,secondary main sewer,lateral,200,536.6,0.5,0.156,0.205,1.323,1.8,below Mara's slope
P00709,C17,secondary header,sub main,200,69.9,0.5,0.228,0.231,1.114,3.6,below Mara's slope
P00710,C06,secondary main sewer,lateral,200,78.2,0.5,0.112,0.183,1.547,1.0,below Mara's slope
P00711,C06,secondary main sewer,lateral,200,87.4,0.5,0.109,0.182,1.564,1.0,below Mara's slope
P00712,C22,secondary header,sub main,200,110.4,0.5,0.012,0.084,4.382,0.0,below Mara's slope
P00713,C22,secondary header,sub main,200,84.2,0.5,0.063,0.151,2.014,0.3,below Mara's slope
P00714,C17,secondary main sewer,lateral,200,77.2,1.1,0.06,0.194,2.059,0.3,below Mara's slope
P00715,C17,secondary main sewer,lateral,200,101.6,0.5,0.257,0.241,1.052,4.9,below Mara's slope
P00716,C17,secondary main sewer,lateral,200,126.0,0.9,0.152,0.248,1.34,2.1,below Mara's slope
P00717,C22,secondary main sewer,lateral,200,89.3,0.5,0.081,0.164,1.797,0.5,below Mara's slope
P00718,C17,secondary header,sub main,200,80.3,0.5,0.188,0.217,1.216,2.5,below Mara's slope
P00719,C17,secondary main sewer,lateral,200,70.5,0.5,0.068,0.155,1.94,0.4,below Mara's slope
P00720,C06,secondary main sewer,lateral,200,200.5,0.5,0.484,0.295,0.787,9.5,below Mara's slope
P00721,C06,secondary main sewer,lateral,200,84.4,0.5,0.13,0.192,1.444,1.4,below Mara's slope
P00722,C06,secondary main sewer,lateral,200,58.3,0.85,0.052,0.169,2.207,0.2,below Mara's slope
P00723,C06,secondary main sewer,lateral,200,93.7,0.5,0.554,0.308,0.739,13.0,below Mara's slope
P00724,C06,secondary main sewer,lateral,200,172.9,0.5,0.115,0.185,1.525,1.0,below Mara's slope
P00725,C17,secondary main sewer,lateral,200,44.1,0.5,0.042,0.132,2.417,0.2,below Mara's slope
P00726,C17,secondary main sewer,lateral,200,78.4,0.5,0.356,0.267,0.906,8.3,below Mara's slope
P00727,C17,secondary main sewer,lateral,200,112.9,0.5,0.171,0.211,1.272,2.4,below Mara's slope
P00728,C06,secondary main sewer,lateral,200,62.4,0.5,0.096,0.174,1.661,0.9,below Mara's slope
P00729,C22,secondary header,sub main,200,90.1,0.5,0.011,0.082,4.457,0.0,below Mara's slope
P00730,C22,secondary header,sub main,200,85.4,0.5,0.312,0.256,0.963,5.3,below Mara's slope
P00731,C10,secondary main sewer,lateral,200,588.8,0.9,0.015,0.112,3.886,0.0,below Mara's slope
P00732,C10,secondary main sewer,lateral,200,441.6,0.5,0.029,0.115,2.888,0.1,below Mara's slope
P00733,C10,secondary main sewer,lateral,200,114.1,0.5,0.029,0.115,2.888,0.1,below Mara's slope
P00734,C17,secondary main sewer,lateral,200,76.9,0.5,0.086,0.168,1.747,0.6,below Mara's slope
P00735,C17,secondary header,sub main,250,239.3,0.375,1.562,0.373,0.458,63.1,below Mara's slope
P00736,C22,secondary main sewer,lateral,200,106.6,0.5,0.043,0.132,2.411,0.2,below Mara's slope
P00737,C06,secondary main sewer,lateral,200,74.8,0.5,0.521,0.302,0.76,10.9,below Mara's slope
P00738,C06,secondary main sewer,lateral,200,67.4,0.5,0.582,0.312,0.722,14.0,below Mara's slope
P00739,C22,secondary header,sub main,200,653.1,0.5,0.111,0.183,1.55,0.9,below Mara's slope
P00740,C22,secondary header,sub main,200,85.9,0.5,0.335,0.262,0.932,5.9,below Mara's slope
P00741,C06,secondary main sewer,lateral,200,435.3,0.5,1.079,0.379,0.543,33.0,below Mara's slope
P00742,C06,secondary main sewer,lateral,200,159.2,0.5,0.209,0.225,1.159,3.5,below Mara's slope
P00743,C33,secondary header,sub main,200,300.6,1.75,0.011,0.126,4.445,0.0,below Mara's slope
P00744,C33,secondary header,sub main,200,220.3,0.5,0.158,0.205,1.317,2.1,below Mara's slope
P00745,C06,secondary main sewer,lateral,200,125.6,0.5,0.115,0.185,1.525,1.2,below Mara's slope
P00746,C22,secondary header,sub main,200,86.6,0.5,0.011,0.082,4.5,0.0,below Mara's slope
P00747,C17,secondary header,sub main,200,129.3,0.5,0.163,0.208,1.298,2.0,below Mara's slope
P00748,C17,secondary main sewer,lateral,200,74.4,0.5,0.113,0.184,1.537,1.0,below Mara's slope
P00749,C06,secondary main sewer,lateral,200,38.4,0.5,0.55,0.307,0.742,12.1,below Mara's slope
P00750,C22,secondary header,sub main,200,99.3,0.5,0.066,0.153,1.972,0.4,below Mara's slope
P00751,C17,secondary header,sub main,250,89.6,0.375,1.614,0.376,0.451,66.1,below Mara's slope
P00752,C17,secondary main sewer,lateral,200,108.6,0.5,0.459,0.29,0.806,12.2,below Mara's slope
P00753,C22,secondary header,sub main,200,169.0,0.5,0.287,0.249,1.0,4.6,below Mara's slope
P00754,C22,secondary main sewer,lateral,200,93.4,0.5,0.057,0.146,2.107,0.3,below Mara's slope
P00755,C38,secondary header,sub main,200,69.0,0.5,0.274,0.246,1.023,3.9,below Mara's slope
P00756,C22,secondary header,sub main,200,90.1,0.5,0.056,0.145,2.13,0.3,below Mara's slope
P00757,C22,secondary header,sub main,200,88.2,0.5,0.108,0.181,1.569,0.9,below Mara's slope
P00758,C17,secondary header,sub main,250,100.5,0.375,1.828,0.391,0.426,78.5,below Mara's slope
P00759,C17,secondary header,sub main,200,84.4,0.5,0.093,0.172,1.685,0.7,below Mara's slope
P00760,C17,secondary main sewer,lateral,200,182.1,0.5,0.082,0.165,1.778,0.6,below Mara's slope
P00761,C22,secondary header,sub main,200,84.1,0.5,0.044,0.133,2.385,0.2,below Mara's slope
P00762,C22,secondary header,sub main,200,99.5,0.5,0.012,0.085,4.293,0.0,below Mara's slope
P00763,C22,secondary header,sub main,200,84.1,0.5,0.259,0.241,1.049,3.9,below Mara's slope
P00764,C22,secondary header,sub main,200,106.2,0.5,0.265,0.243,1.038,4.1,below Mara's slope
P00766,C17,secondary main sewer,lateral,200,174.6,1.15,0.163,0.276,1.298,2.3,below Mara's slope
P00767,C22,secondary header,sub main,200,94.9,0.5,0.22,0.229,1.132,3.0,below Mara's slope
P00768,C38,secondary header,sub main,200,259.6,0.5,0.171,0.211,1.27,2.5,below Mara's slope
P00769,C22,secondary header,sub main,200,273.9,0.5,0.084,0.167,1.759,0.6,below Mara's slope
P00770,C22,secondary header,sub main,200,85.5,0.5,0.026,0.111,3.024,0.1,below Mara's slope
P00771,C06,secondary main sewer,lateral,200,227.6,0.5,1.218,0.393,0.514,38.9,below Mara's slope
P00772,C06,secondary main sewer,lateral,200,198.3,0.5,0.0,0.0,,0.0,no flow in 2030
P00773,C22,secondary main sewer,lateral,200,272.6,0.5,0.09,0.17,1.71,0.6,below Mara's slope
P00774,C22,secondary header,sub main,200,255.1,0.55,0.011,0.084,4.546,0.0,below Mara's slope
P00775,C22,secondary header,sub main,200,84.8,0.5,0.185,0.216,1.225,2.3,below Mara's slope
P00776,C22,secondary header,sub main,200,258.0,0.5,0.079,0.163,1.815,0.5,below Mara's slope
P00777,C22,secondary header,sub main,200,87.6,0.5,0.013,0.087,4.136,0.0,below Mara's slope
P00778,C22,secondary header,sub main,200,256.1,0.5,0.01,0.08,4.63,0.0,below Mara's slope
P00779,C06,secondary main sewer,lateral,200,309.3,0.5,0.076,0.161,1.843,0.6,below Mara's slope
P00780,C22,secondary header,sub main,200,76.9,0.5,0.115,0.185,1.528,1.0,below Mara's slope
P00781,C22,secondary header,sub main,200,81.5,0.6,0.005,0.067,6.235,0.0,below Mara's slope
P00782,C06,secondary main sewer,lateral,200,323.3,0.5,0.609,0.317,0.707,15.2,below Mara's slope
P00783,C57,secondary main sewer,lateral,200,19.3,28.85,0.0,0.0,,0.0,no flow in 2030
P00784,C22,secondary header,sub main,200,84.1,0.5,0.012,0.085,4.273,0.0,below Mara's slope
P00785,C242,secondary header,sub main,200,203.8,0.5,0.13,0.192,1.444,1.3,below Mara's slope
P00786,C57,secondary main sewer,lateral,200,15.4,0.5,0.0,0.0,,0.0,no flow in 2030
P00788,C22,secondary header,sub main,200,92.1,0.5,0.103,0.178,1.604,0.8,below Mara's slope
P00789,C22,secondary header,sub main,200,88.6,0.5,0.038,0.127,2.543,0.1,below Mara's slope
P00790,C22,secondary header,sub main,200,251.6,0.5,0.124,0.19,1.472,1.1,below Mara's slope
P00791,C06,secondary main sewer,lateral,200,49.8,0.5,0.191,0.219,1.207,3.1,below Mara's slope
P00792,C06,secondary main sewer,lateral,200,174.3,0.5,0.168,0.209,1.282,2.5,below Mara's slope
P00793,C06,secondary main sewer,lateral,200,110.3,0.5,0.113,0.184,1.537,1.2,below Mara's slope
P00794,C22,secondary header,sub main,200,93.9,0.55,0.004,0.06,6.931,0.0,below Mara's slope
P00795,C22,secondary header,sub main,200,30.2,0.55,0.001,0.031,14.721,0.0,below Mara's slope
P00796,C06,secondary main sewer,lateral,200,143.0,0.5,0.178,0.213,1.248,2.3,below Mara's slope
P00797,C06,secondary main sewer,lateral,200,117.2,0.55,0.083,0.172,1.769,0.6,below Mara's slope
P00798,C57,secondary main sewer,lateral,200,83.4,0.5,0.11,0.182,1.559,1.0,below Mara's slope
P00799,C38,secondary header,sub main,200,355.1,0.5,0.314,0.257,0.959,5.1,below Mara's slope
P00800,C22,secondary header,sub main,200,82.2,0.5,0.011,0.081,4.594,0.0,below Mara's slope
P00801,C33,secondary header,sub main,200,394.5,0.5,0.271,0.245,1.027,5.2,below Mara's slope
P00802,C33,secondary header,sub main,200,157.5,1.05,0.229,0.299,1.111,2.5,below Mara's slope
P00803,C57,secondary main sewer,lateral,200,159.3,0.5,0.105,0.18,1.588,0.9,below Mara's slope
P00804,C06,secondary main sewer,lateral,200,91.4,0.5,0.12,0.188,1.494,1.1,below Mara's slope
P00805,C06,secondary main sewer,lateral,200,118.8,0.65,0.086,0.184,1.742,0.6,below Mara's slope
P00806,C57,secondary main sewer,lateral,200,79.3,0.5,0.153,0.203,1.338,1.7,below Mara's slope
P00807,C57,secondary main sewer,lateral,200,143.7,0.5,0.163,0.208,1.298,1.9,below Mara's slope
P00808,C10,secondary main sewer,lateral,200,647.9,0.5,0.033,0.121,2.718,0.1,below Mara's slope
P00809,C10,secondary main sewer,lateral,200,289.1,0.5,0.033,0.121,2.718,0.1,below Mara's slope
P00810,C10,secondary main sewer,lateral,200,591.5,0.5,0.003,0.053,7.756,0.0,below Mara's slope
P00811,C22,secondary header,sub main,200,92.0,0.5,0.045,0.135,2.348,0.2,below Mara's slope
P00813,C06,secondary main sewer,lateral,200,74.7,0.5,0.077,0.162,1.834,0.5,below Mara's slope
P00814,C06,secondary main sewer,lateral,200,111.2,0.5,0.077,0.162,1.834,0.5,below Mara's slope
P00815,C22,secondary header,sub main,200,81.5,0.5,0.092,0.171,1.694,0.7,below Mara's slope
P00816,C06,secondary main sewer,lateral,200,33.2,7.35,0.0,0.0,,0.0,no flow in 2030
P00817,C10,secondary main sewer,lateral,200,4026.4,0.5,0.798,0.345,0.624,15.9,below Mara's slope
P00818,C57,secondary header,sub main,200,96.0,0.5,0.184,0.216,1.228,2.3,below Mara's slope
P00819,C57,secondary main sewer,lateral,200,149.4,0.5,0.096,0.174,1.659,0.8,below Mara's slope
P00820,C22,secondary header,sub main,200,95.3,0.5,0.006,0.065,5.982,0.0,below Mara's slope
P00821,C10,secondary main sewer,lateral,200,117.5,0.5,0.033,0.121,2.711,0.1,below Mara's slope
P00822,C22,secondary header,sub main,200,87.1,0.5,0.091,0.171,1.697,0.7,below Mara's slope
P00823,C57,secondary header,sub main,200,265.7,0.95,0.124,0.236,1.471,1.2,below Mara's slope
P00824,C59,secondary header,sub main,200,106.5,0.75,0.21,0.259,1.155,3.2,below Mara's slope
P00825,C57,secondary header,sub main,200,85.9,0.5,0.22,0.229,1.13,3.2,below Mara's slope
P00826,C22,secondary header,sub main,200,261.7,0.5,0.01,0.079,4.74,0.0,below Mara's slope
P00827,C33,secondary header,sub main,200,148.0,0.5,0.404,0.278,0.855,8.3,below Mara's slope
P00828,C57,secondary main sewer,lateral,200,77.9,0.5,0.074,0.159,1.871,0.5,below Mara's slope
P00829,C57,secondary main sewer,lateral,200,30.7,0.5,0.05,0.14,2.236,0.2,below Mara's slope
P00830,C33,secondary main sewer,lateral,200,84.0,1.95,0.0,0.0,,0.0,no flow in 2030
P00831,C33,secondary main sewer,lateral,200,113.6,0.5,0.0,0.0,,0.0,no flow in 2030
P00832,C57,secondary header,sub main,200,91.1,0.5,0.345,0.264,0.92,6.5,below Mara's slope
P00833,C57,secondary header,sub main,200,508.8,0.5,0.345,0.264,0.92,6.5,below Mara's slope
P00834,C22,secondary header,sub main,200,254.6,0.5,0.084,0.166,1.765,0.6,below Mara's slope
P00835,C38,secondary header,sub main,200,192.4,0.5,0.323,0.259,0.948,5.3,below Mara's slope
P00836,C22,secondary header,sub main,200,93.1,0.5,0.025,0.11,3.079,0.1,below Mara's slope
P00837,C57,secondary header,sub main,200,85.6,0.5,0.25,0.238,1.066,3.9,below Mara's slope
P00838,C57,secondary header,sub main,200,98.5,0.5,0.291,0.25,0.995,5.0,below Mara's slope
P00839,C22,secondary header,sub main,200,94.7,9.35,0.0,0.0,,0.0,no flow in 2030
P00840,C57,secondary main sewer,lateral,200,128.1,0.5,0.084,0.166,1.767,0.6,below Mara's slope
P00841,C38,secondary header,sub main,200,81.4,0.5,0.323,0.259,0.948,5.3,below Mara's slope
P00842,C59,secondary header,sub main,200,163.0,0.5,0.26,0.241,1.048,4.4,below Mara's slope
P00843,C59,secondary header,sub main,200,1570.0,0.5,0.205,0.224,1.169,3.1,below Mara's slope
P00844,C59,secondary header,sub main,200,150.0,0.5,0.205,0.224,1.169,3.1,below Mara's slope
P00846,C57,secondary header,sub main,200,148.8,0.5,0.102,0.178,1.61,0.8,below Mara's slope
P00848,C22,secondary header,sub main,200,338.2,0.5,0.085,0.167,1.757,0.6,below Mara's slope
P00849,C06,secondary main sewer,lateral,200,516.2,0.5,1.221,0.393,0.513,39.1,below Mara's slope
P00850,C06,secondary main sewer,lateral,200,126.4,0.7,0.144,0.224,1.373,1.9,below Mara's slope
P00851,C59,secondary header,sub main,200,199.7,0.5,0.138,0.197,1.401,1.5,below Mara's slope
P00852,C59,secondary header,sub main,200,102.1,0.5,0.316,0.257,0.957,6.1,below Mara's slope
P00853,C22,secondary main sewer,lateral,200,162.0,0.5,0.0,0.0,,0.0,no flow in 2030
P00854,C02,secondary main sewer,lateral,200,139.9,0.5,0.0,0.0,,0.0,no flow in 2030
P00855,C06,secondary main sewer,lateral,200,38.2,0.8,0.041,0.152,2.467,0.2,below Mara's slope
P00856,C06,secondary main sewer,lateral,200,708.9,0.5,0.628,0.32,0.697,14.0,below Mara's slope
P00857,C06,secondary main sewer,lateral,200,174.8,0.5,0.125,0.19,1.469,1.2,below Mara's slope
P00858,C38,secondary header,sub main,200,178.7,0.5,0.163,0.208,1.297,2.1,below Mara's slope
P00859,C06,secondary main sewer,lateral,200,247.7,0.6,0.122,0.201,1.483,1.4,below Mara's slope
P00860,C06,secondary main sewer,lateral,200,82.2,0.5,0.137,0.196,1.409,1.6,below Mara's slope
P00861,C06,secondary main sewer,lateral,200,421.1,0.5,0.2,0.222,1.181,2.9,below Mara's slope
P00862,C22,secondary main sewer,lateral,200,158.4,0.5,0.024,0.109,3.114,0.1,below Mara's slope
P00864,C22,secondary main sewer,lateral,200,92.3,0.5,0.036,0.125,2.601,0.1,below Mara's slope
P00865,C59,secondary header,sub main,200,207.2,0.5,0.297,0.252,0.985,5.9,below Mara's slope
P00866,C59,secondary header,sub main,200,81.3,0.5,0.37,0.271,0.89,7.8,below Mara's slope
P00867,C06,secondary main sewer,lateral,200,510.5,0.5,0.676,0.328,0.674,18.3,below Mara's slope
P00868,C06,secondary main sewer,lateral,200,74.6,0.5,0.157,0.205,1.323,2.0,below Mara's slope
P00869,C06,secondary main sewer,lateral,200,73.6,0.5,0.041,0.13,2.467,0.2,below Mara's slope
P00870,C33,secondary main sewer,lateral,200,87.2,0.5,0.0,0.0,,0.0,no flow in 2030
P00871,C33,secondary header,sub main,200,279.4,0.5,0.42,0.282,0.839,8.9,below Mara's slope
P00872,C38,secondary header,sub main,200,188.8,0.5,0.377,0.272,0.882,7.3,below Mara's slope
P00873,C06,secondary main sewer,lateral,200,54.8,0.5,0.161,0.206,1.308,2.1,below Mara's slope
P00874,C06,secondary main sewer,lateral,200,70.0,0.5,0.161,0.206,1.308,2.1,below Mara's slope
P00875,C06,secondary main sewer,lateral,200,70.0,0.5,0.161,0.206,1.308,2.1,below Mara's slope
P00876,C33,secondary header,sub main,200,75.8,0.5,0.485,0.295,0.786,9.5,below Mara's slope
P00877,C06,secondary main sewer,lateral,200,53.0,0.5,0.196,0.22,1.192,2.6,below Mara's slope
P00878,C22,secondary main sewer,lateral,200,63.4,0.5,0.023,0.106,3.215,0.0,below Mara's slope
P00879,C38,secondary header,sub main,200,107.7,0.5,0.201,0.222,1.179,3.1,below Mara's slope
P00880,C06,secondary main sewer,lateral,200,141.2,0.5,1.255,0.397,0.507,41.0,below Mara's slope
P00881,C06,secondary main sewer,lateral,200,337.1,0.5,0.737,0.336,0.648,21.0,below Mara's slope
P00882,C06,secondary main sewer,lateral,200,47.8,0.5,0.362,0.269,0.899,7.0,below Mara's slope
P00883,C02,secondary main sewer,lateral,200,176.9,0.5,0.004,0.057,7.06,0.0,below Mara's slope
P00884,C06,secondary main sewer,lateral,200,28.3,0.5,0.112,0.183,1.543,1.2,below Mara's slope
P00885,C06,secondary main sewer,lateral,200,74.0,0.5,0.067,0.154,1.96,0.4,below Mara's slope
P00887,C06,secondary main sewer,lateral,200,109.6,0.5,0.112,0.183,1.543,1.2,below Mara's slope
P00888,C38,secondary header,sub main,200,62.2,0.5,0.251,0.239,1.063,4.5,below Mara's slope
P00889,C38,secondary main sewer,lateral,200,53.7,0.5,0.091,0.171,1.701,0.8,below Mara's slope
P00890,C38,secondary main sewer,lateral,200,49.6,0.5,0.138,0.196,1.403,1.7,below Mara's slope
P00891,C02,secondary main sewer,lateral,200,87.5,0.5,0.007,0.069,5.622,0.0,below Mara's slope
P00892,C06,secondary main sewer,lateral,200,86.9,0.5,0.08,0.164,1.8,0.5,below Mara's slope
P00893,C06,secondary main sewer,lateral,200,56.7,0.5,0.058,0.147,2.089,0.3,below Mara's slope
P00894,C06,secondary main sewer,lateral,200,69.9,0.5,0.077,0.162,1.836,0.5,below Mara's slope
P00895,C48,secondary header,sub main,200,146.3,0.5,0.07,0.156,1.918,0.4,below Mara's slope
P00896,C38,secondary header,sub main,200,164.2,0.5,0.436,0.285,0.825,9.5,below Mara's slope
P00897,C32,secondary header,sub main,200,56.5,0.5,0.0,0.0,,0.0,no flow in 2030
P00898,C06,secondary main sewer,lateral,200,399.6,0.5,0.164,0.208,1.295,1.9,below Mara's slope
P00899,C06,secondary main sewer,lateral,200,23.2,0.5,0.0,0.0,,0.0,no flow in 2030
P00900,C06,secondary main sewer,lateral,200,154.7,0.5,0.444,0.287,0.818,9.6,below Mara's slope
P00901,C06,secondary main sewer,lateral,200,229.6,0.5,0.444,0.287,0.818,9.6,below Mara's slope
P00902,C06,secondary main sewer,lateral,200,284.5,0.5,0.532,0.304,0.753,11.5,below Mara's slope
P00903,C38,secondary header,sub main,200,108.3,0.5,0.347,0.265,0.917,7.6,below Mara's slope
P00904,C06,secondary main sewer,lateral,200,146.1,0.5,0.13,0.193,1.44,1.4,below Mara's slope
P00905,C06,secondary main sewer,lateral,200,111.2,0.5,0.233,0.233,1.101,4.1,below Mara's slope
P00906,C06,secondary main sewer,lateral,200,228.4,0.5,0.229,0.232,1.111,3.6,below Mara's slope
P00907,C06,secondary main sewer,lateral,200,52.2,0.5,0.286,0.249,1.003,5.5,below Mara's slope
P00908,C02,secondary main sewer,lateral,200,62.7,0.95,0.005,0.074,6.653,0.0,below Mara's slope
P00909,C06,secondary main sewer,lateral,200,135.6,0.5,0.09,0.17,1.709,0.8,below Mara's slope
P00910,C02,secondary main sewer,lateral,200,165.5,0.5,0.01,0.078,4.765,0.0,below Mara's slope
P00911,C02,secondary main sewer,lateral,200,84.6,0.5,0.008,0.073,5.22,0.0,below Mara's slope
P00912,C38,secondary header,sub main,200,66.6,0.5,0.356,0.267,0.906,7.9,below Mara's slope
P00913,C06,secondary main sewer,lateral,200,376.0,0.5,0.17,0.21,1.275,2.0,below Mara's slope
P00914,C38,secondary header,sub main,200,109.9,0.5,0.454,0.289,0.81,10.2,below Mara's slope
P00915,C02,secondary main sewer,lateral,200,86.8,0.5,0.007,0.068,5.685,0.0,below Mara's slope
P00916,C06,secondary main sewer,lateral,200,143.8,0.5,0.537,0.305,0.75,11.6,below Mara's slope
P00917,C06,secondary main sewer,lateral,200,127.1,0.5,0.127,0.191,1.459,1.2,below Mara's slope
P00918,C06,secondary main sewer,lateral,200,25.4,0.75,0.0,0.0,,0.0,no flow in 2030
P00919,C02,secondary main sewer,lateral,200,84.2,0.5,0.008,0.074,5.14,0.0,below Mara's slope
P00920,C38,secondary main sewer,lateral,200,74.0,0.5,0.088,0.169,1.729,0.8,below Mara's slope
P00921,C06,secondary main sewer,lateral,200,23.7,0.5,0.0,0.0,,0.0,no flow in 2030
P00922,C02,secondary main sewer,lateral,200,83.5,0.5,0.013,0.087,4.14,0.0,below Mara's slope
P00923,C38,secondary header,sub main,200,81.2,0.5,0.383,0.273,0.876,8.8,below Mara's slope
P00924,C06,secondary main sewer,lateral,200,109.3,0.5,0.418,0.281,0.842,9.8,below Mara's slope
P00925,C06,secondary main sewer,lateral,200,149.0,0.5,0.153,0.203,1.335,2.1,below Mara's slope
P00926,C06,secondary main sewer,lateral,200,192.2,0.5,0.589,0.314,0.718,13.6,below Mara's slope
P00927,C06,secondary main sewer,lateral,200,258.5,0.5,0.292,0.251,0.993,5.0,below Mara's slope
P00928,C48,secondary header,sub main,200,410.9,0.55,0.15,0.209,1.349,1.7,below Mara's slope
P00929,C06,secondary main sewer,lateral,200,107.6,0.5,0.096,0.174,1.661,0.9,below Mara's slope
P00930,C02,secondary main sewer,lateral,200,168.7,0.65,0.009,0.084,4.865,0.0,below Mara's slope
P00931,C241,secondary header,sub main,200,366.0,0.55,0.182,0.222,1.233,1.2,below Mara's slope
P00932,C06,secondary main sewer,lateral,200,142.9,0.5,0.097,0.175,1.651,0.8,below Mara's slope
P00933,C06,secondary main sewer,lateral,200,82.1,0.5,0.102,0.177,1.614,0.8,below Mara's slope
P00934,C02,secondary main sewer,lateral,200,84.6,0.5,0.009,0.077,4.865,0.0,below Mara's slope
P00935,C02,secondary main sewer,lateral,200,89.0,0.5,0.013,0.088,4.112,0.0,below Mara's slope
P00936,C48,secondary header,sub main,200,70.4,0.5,0.294,0.251,0.99,5.1,below Mara's slope
P00937,C02,secondary main sewer,lateral,200,173.6,0.5,0.01,0.08,4.668,0.0,below Mara's slope
P00938,C06,secondary main sewer,lateral,200,20.1,0.5,0.076,0.161,1.843,0.6,below Mara's slope
P00939,C06,secondary main sewer,lateral,200,424.6,0.5,0.754,0.339,0.641,19.7,below Mara's slope
P00940,C32,secondary header,sub main,200,62.0,0.55,0.036,0.129,2.601,0.1,below Mara's slope
P00941,C32,secondary header,sub main,200,355.6,0.5,0.064,0.152,1.995,0.3,below Mara's slope
P00942,C02,secondary main sewer,lateral,200,401.9,0.5,0.004,0.057,7.06,0.0,below Mara's slope
P00943,C10,secondary main sewer,lateral,200,617.1,0.5,0.156,0.205,1.324,2.0,below Mara's slope
P00944,C10,secondary main sewer,lateral,200,164.2,0.5,0.214,0.227,1.146,2.0,below Mara's slope
P00945,C02,secondary main sewer,lateral,200,164.8,0.5,0.019,0.099,3.541,0.0,below Mara's slope
P00946,C06,secondary main sewer,lateral,200,89.5,0.5,0.263,0.242,1.042,4.2,below Mara's slope
P00947,C38,secondary header,sub main,200,151.2,0.5,0.513,0.3,0.766,12.6,below Mara's slope
P00948,C38,secondary header,sub main,200,84.5,0.5,0.398,0.277,0.86,9.4,below Mara's slope
P00949,C38,secondary header,sub main,200,107.1,0.5,0.933,0.362,0.581,31.3,below Mara's slope
P00950,C10,secondary main sewer,lateral,200,721.0,0.5,0.8,0.345,0.624,16.0,below Mara's slope
P00951,C10,secondary main sewer,lateral,200,166.0,0.5,0.257,0.241,1.054,3.3,below Mara's slope
P00952,C02,secondary main sewer,lateral,200,77.8,0.5,0.017,0.095,3.7,0.0,below Mara's slope
P00953,C06,secondary main sewer,lateral,200,131.3,0.5,0.061,0.149,2.046,0.3,below Mara's slope
P00954,C06,secondary main sewer,lateral,200,51.2,0.5,0.924,0.361,0.584,28.9,below Mara's slope
P00955,C48,secondary main sewer,lateral,200,96.1,0.5,0.227,0.231,1.115,3.3,below Mara's slope
P00956,C02,secondary main sewer,lateral,200,89.0,0.5,0.011,0.083,4.451,0.0,below Mara's slope
P00957,C02,secondary main sewer,lateral,200,82.8,0.5,0.011,0.082,4.494,0.0,below Mara's slope
P00958,C06,secondary main sewer,lateral,200,163.7,0.5,0.938,0.363,0.58,29.6,below Mara's slope
P00959,C06,secondary main sewer,lateral,200,21.5,3.1,0.0,0.0,,0.0,no flow in 2030
P00960,C06,secondary main sewer,lateral,200,102.0,0.5,0.881,0.356,0.597,26.7,below Mara's slope
P00961,C06,secondary main sewer,lateral,200,139.9,0.5,0.886,0.356,0.595,26.9,below Mara's slope
P00962,C32,secondary header,sub main,200,85.5,0.5,0.183,0.216,1.231,2.2,below Mara's slope
P00963,C38,secondary header,sub main,200,63.7,0.5,0.727,0.335,0.652,21.6,below Mara's slope
P00964,C38,secondary header,sub main,200,91.3,0.5,0.998,0.37,0.563,32.5,below Mara's slope
P00965,C02,secondary main sewer,lateral,200,172.1,0.5,0.01,0.078,4.757,0.0,below Mara's slope
P00966,C10,secondary main sewer,lateral,200,1677.1,0.55,0.0,0.0,,0.0,no flow in 2030
P00967,C10,secondary main sewer,lateral,200,42.3,0.5,0.899,0.358,0.591,19.2,below Mara's slope
P00968,C10,secondary main sewer,lateral,200,76.8,0.5,0.9,0.358,0.591,19.2,below Mara's slope
P00969,C152,secondary header,sub main,200,148.1,0.5,0.046,0.136,2.32,0.2,below Mara's slope
P00970,C152,secondary main sewer,lateral,200,88.7,0.5,0.047,0.137,2.293,0.2,below Mara's slope
P00971,C06,secondary main sewer,lateral,200,168.4,0.5,0.097,0.175,1.648,0.8,below Mara's slope
P00972,C32,secondary header,sub main,200,354.7,0.5,0.092,0.171,1.694,0.7,below Mara's slope
P00973,C32,secondary header,sub main,200,85.6,0.5,0.165,0.208,1.293,1.8,below Mara's slope
P00974,C06,secondary main sewer,lateral,200,129.3,0.5,0.167,0.209,1.285,2.0,below Mara's slope
P00975,C02,secondary main sewer,lateral,200,122.0,0.5,0.005,0.063,6.2,0.0,below Mara's slope
P00976,C06,secondary main sewer,lateral,200,6.6,0.5,0.154,0.204,1.332,1.7,below Mara's slope
P00977,C06,secondary main sewer,lateral,200,115.7,0.5,0.144,0.199,1.375,1.5,below Mara's slope
P00978,C06,secondary main sewer,lateral,200,45.0,0.5,0.938,0.363,0.58,29.6,below Mara's slope
P00979,C48,secondary header,sub main,200,216.6,0.5,0.32,0.258,0.952,5.8,below Mara's slope
P00980,C38,secondary header,sub main,200,74.0,0.5,0.177,0.213,1.249,2.3,below Mara's slope
P00981,C38,secondary header,sub main,200,71.8,0.5,0.713,0.333,0.658,20.9,below Mara's slope
P00982,C38,secondary header,sub main,200,86.2,0.5,0.531,0.304,0.753,13.3,below Mara's slope
P00983,C32,secondary header,sub main,200,85.6,0.5,0.185,0.216,1.225,2.2,below Mara's slope
P00984,C06,secondary main sewer,lateral,200,43.9,0.5,0.046,0.136,2.321,0.2,below Mara's slope
P00985,C06,secondary main sewer,lateral,200,167.8,1.3,0.082,0.228,1.787,0.6,below Mara's slope
P00986,C06,secondary main sewer,lateral,200,74.5,0.5,0.043,0.133,2.4,0.2,below Mara's slope
P00987,C06,secondary main sewer,lateral,200,51.7,0.5,0.042,0.131,2.437,0.2,below Mara's slope
P00988,C48,secondary main sewer,lateral,200,105.1,0.5,0.151,0.202,1.346,1.7,below Mara's slope
P00989,C06,secondary main sewer,lateral,200,161.3,0.5,0.172,0.211,1.268,2.1,below Mara's slope
P00990,C38,secondary main sewer,lateral,200,85.7,0.5,0.089,0.17,1.719,0.7,below Mara's slope
P00991,C02,secondary main sewer,lateral,200,180.6,0.5,0.019,0.099,3.526,0.0,below Mara's slope
P00992,C02,secondary main sewer,lateral,200,85.4,0.5,0.01,0.08,4.66,0.0,below Mara's slope
P00993,C32,secondary header,sub main,200,91.3,0.5,0.122,0.188,1.486,1.1,below Mara's slope
P00994,C32,secondary header,sub main,200,257.7,0.5,0.114,0.184,1.53,1.0,below Mara's slope
P00995,C152,secondary header,sub main,200,80.3,0.5,0.075,0.16,1.853,0.5,below Mara's slope
P00996,C152,secondary main sewer,lateral,200,106.8,0.5,0.032,0.12,2.752,0.1,below Mara's slope
P00997,C02,secondary main sewer,lateral,200,95.5,0.5,0.006,0.067,5.799,0.0,below Mara's slope
P00998,C32,secondary main sewer,lateral,200,39.7,0.5,0.045,0.135,2.342,0.2,below Mara's slope
P00999,C48,secondary main sewer,lateral,200,79.5,0.5,0.054,0.144,2.153,0.3,below Mara's slope
P01000,C48,secondary main sewer,lateral,200,344.2,1.2,0.147,0.271,1.362,1.6,below Mara's slope
P01001,C48,secondary main sewer,lateral,200,146.5,0.5,0.177,0.213,1.25,2.2,below Mara's slope
P01002,C02,secondary main sewer,lateral,200,259.0,0.5,0.051,0.14,2.227,0.3,below Mara's slope
P01003,C10,secondary main sewer,lateral,200,26.1,0.5,0.116,0.185,1.522,1.2,below Mara's slope
P01004,C06,secondary main sewer,lateral,200,91.8,0.5,0.941,0.363,0.579,29.7,below Mara's slope
P01005,C02,secondary main sewer,lateral,200,166.3,0.5,0.008,0.073,5.192,0.0,below Mara's slope
P01006,C02,secondary main sewer,lateral,200,99.7,0.5,0.003,0.05,8.29,0.0,below Mara's slope
P01007,C06,secondary main sewer,lateral,200,320.9,0.5,0.151,0.202,1.346,1.9,below Mara's slope
P01008,C06,secondary main sewer,lateral,200,64.7,0.5,0.2,0.222,1.183,3.0,below Mara's slope
P01009,C02,secondary main sewer,lateral,200,81.6,0.5,0.022,0.105,3.279,0.1,below Mara's slope
P01010,C02,secondary main sewer,lateral,200,167.8,0.5,0.028,0.115,2.903,0.1,below Mara's slope
P01011,C02,secondary main sewer,lateral,200,82.9,0.5,0.032,0.12,2.753,0.1,below Mara's slope
P01012,C38,secondary header,sub main,200,182.1,0.5,0.334,0.262,0.933,7.0,below Mara's slope
P01013,C38,secondary header,sub main,200,8.6,1.8,0.0,0.0,,0.0,no flow in 2030
P01014,C152,secondary header,sub main,200,360.4,0.75,0.009,0.085,5.066,0.0,below Mara's slope
P01015,C152,secondary header,sub main,200,60.4,0.5,0.083,0.166,1.77,0.6,below Mara's slope
P01016,C32,secondary header,sub main,200,206.4,0.5,0.072,0.158,1.894,0.4,below Mara's slope
P01017,C32,secondary header,sub main,200,44.2,1.75,0.04,0.198,2.475,0.1,below Mara's slope
P01018,C02,secondary main sewer,lateral,200,66.4,0.5,0.009,0.077,4.846,0.0,below Mara's slope
P01019,C06,secondary main sewer,lateral,200,177.9,0.5,0.148,0.201,1.36,1.6,below Mara's slope
P01020,C02,secondary main sewer,lateral,200,83.7,0.5,0.041,0.13,2.464,0.2,below Mara's slope
P01021,C02,secondary main sewer,lateral,200,161.4,0.5,0.031,0.118,2.811,0.1,below Mara's slope
P01022,C32,secondary header,sub main,200,86.5,0.5,0.049,0.138,2.269,0.2,below Mara's slope
P01023,C02,secondary main sewer,lateral,200,85.9,0.5,0.051,0.141,2.21,0.3,below Mara's slope
P01024,C06,secondary main sewer,lateral,200,93.8,0.5,0.942,0.363,0.578,29.8,below Mara's slope
P01025,C06,secondary main sewer,lateral,200,220.6,0.5,0.156,0.205,1.324,2.0,below Mara's slope
P01026,C38,secondary main sewer,lateral,200,106.2,0.5,0.275,0.246,1.021,5.1,below Mara's slope
P01027,C38,secondary main sewer,lateral,200,136.6,0.5,0.14,0.197,1.392,1.7,below Mara's slope
P01028,C02,secondary main sewer,lateral,200,81.5,0.5,0.01,0.079,4.691,0.0,below Mara's slope
P01029,C02,secondary main sewer,lateral,200,34.7,0.5,0.056,0.145,2.131,0.3,below Mara's slope
P01030,C32,secondary main sewer,lateral,200,83.2,0.5,0.034,0.122,2.686,0.1,below Mara's slope
P01031,C02,secondary main sewer,lateral,200,81.5,0.5,0.057,0.146,2.114,0.3,below Mara's slope
P01033,C02,secondary main sewer,lateral,200,257.2,0.5,0.012,0.084,4.388,0.0,below Mara's slope
P01034,C32,secondary header,sub main,200,281.4,0.5,0.194,0.22,1.199,2.4,below Mara's slope
P01035,C06,secondary main sewer,lateral,200,204.0,0.5,0.184,0.216,1.227,2.8,below Mara's slope
P01036,C32,secondary main sewer,lateral,200,89.8,0.5,0.089,0.17,1.717,0.6,below Mara's slope
P01037,C32,secondary main sewer,lateral,200,64.5,0.5,0.047,0.137,2.304,0.2,below Mara's slope
P01038,C48,secondary main sewer,lateral,200,120.9,0.5,0.183,0.215,1.233,2.3,below Mara's slope
P01039,C48,secondary main sewer,lateral,200,233.3,0.5,0.249,0.238,1.068,3.9,below Mara's slope
P01040,C02,secondary main sewer,lateral,200,99.7,0.5,0.031,0.118,2.795,0.1,below Mara's slope
P01042,C06,secondary main sewer,lateral,200,293.0,0.5,0.282,0.248,1.009,5.5,below Mara's slope
P01043,C06,secondary main sewer,lateral,200,169.7,0.5,0.289,0.25,0.998,5.6,below Mara's slope
P01044,C02,secondary main sewer,lateral,200,87.3,0.5,0.006,0.067,5.824,0.0,below Mara's slope
P01046,C02,secondary main sewer,lateral,200,100.1,0.5,0.011,0.083,4.433,0.0,below Mara's slope
P01047,C02,secondary main sewer,lateral,200,178.5,0.5,0.035,0.124,2.629,0.1,below Mara's slope
P01048,C32,secondary main sewer,lateral,200,76.0,0.5,0.045,0.134,2.362,0.2,below Mara's slope
P01049,C02,secondary main sewer,lateral,200,93.7,0.5,0.005,0.062,6.346,0.0,below Mara's slope
P01050,C32,secondary header,sub main,200,82.3,0.5,0.206,0.224,1.167,2.7,below Mara's slope
P01051,C02,secondary main sewer,lateral,200,85.9,0.5,0.014,0.088,4.077,0.0,below Mara's slope
P01052,C02,secondary main sewer,lateral,200,256.5,0.5,0.01,0.08,4.616,0.0,below Mara's slope
P01053,C06,secondary main sewer,lateral,200,44.3,0.5,0.201,0.222,1.18,2.7,below Mara's slope
P01054,C06,secondary main sewer,lateral,200,66.5,0.5,0.248,0.238,1.071,4.6,below Mara's slope
P01055,C02,secondary main sewer,lateral,200,138.1,0.5,0.06,0.149,2.055,0.4,below Mara's slope
P01056,C02,secondary main sewer,lateral,200,165.3,0.5,0.035,0.124,2.626,0.1,below Mara's slope
P01057,C02,secondary main sewer,lateral,200,85.4,0.5,0.038,0.127,2.532,0.2,below Mara's slope
P01058,C02,secondary main sewer,lateral,200,99.7,0.5,0.061,0.149,2.05,0.4,below Mara's slope
P01059,C02,secondary main sewer,lateral,200,234.4,0.65,0.007,0.075,5.642,0.0,below Mara's slope
P01060,C32,secondary main sewer,lateral,200,84.6,0.5,0.105,0.179,1.589,0.8,below Mara's slope
P01061,C02,secondary main sewer,lateral,200,82.1,0.5,0.045,0.134,2.357,0.2,below Mara's slope
P01062,C02,secondary main sewer,lateral,200,74.7,0.5,0.037,0.126,2.579,0.2,below Mara's slope
P01063,C02,secondary main sewer,lateral,200,179.4,0.5,0.052,0.141,2.199,0.3,below Mara's slope
P01064,C02,secondary main sewer,lateral,200,82.6,0.5,0.007,0.069,5.543,0.0,below Mara's slope
P01065,C02,secondary main sewer,lateral,200,56.5,0.5,0.075,0.16,1.863,0.6,below Mara's slope
P01066,C48,secondary main sewer,lateral,200,139.9,0.5,0.149,0.201,1.355,1.6,below Mara's slope
P01067,C48,secondary main sewer,lateral,200,129.9,0.5,0.135,0.195,1.414,1.4,below Mara's slope
P01068,C02,secondary main sewer,lateral,200,87.2,0.5,0.012,0.085,4.273,0.0,below Mara's slope
P01069,C06,secondary main sewer,lateral,200,56.8,0.5,0.305,0.254,0.972,5.9,below Mara's slope
P01070,C06,secondary main sewer,lateral,200,198.4,0.5,0.38,0.273,0.88,8.6,below Mara's slope
P01071,C02,secondary main sewer,lateral,200,86.2,0.5,0.067,0.154,1.958,0.5,below Mara's slope
P01073,C32,secondary main sewer,lateral,200,96.5,0.5,0.083,0.165,1.777,0.5,below Mara's slope
P01074,C38,secondary header,sub main,200,364.9,0.5,0.137,0.196,1.408,1.5,below Mara's slope
P01075,C32,secondary header,sub main,200,231.4,0.5,0.045,0.135,2.34,0.2,below Mara's slope
P01076,C48,secondary main sewer,lateral,200,84.2,0.5,0.083,0.165,1.777,0.6,below Mara's slope
P01077,C02,secondary main sewer,lateral,200,168.5,0.5,0.01,0.079,4.676,0.0,below Mara's slope
P01078,C02,secondary main sewer,lateral,200,84.4,0.5,0.018,0.097,3.604,0.0,below Mara's slope
P01079,C02,secondary main sewer,lateral,200,87.3,0.5,0.073,0.159,1.88,0.6,below Mara's slope
P01080,C32,secondary header,sub main,200,96.4,0.5,0.23,0.232,1.108,3.2,below Mara's slope
P01081,C02,secondary main sewer,lateral,200,87.6,0.7,0.011,0.092,4.494,0.0,below Mara's slope
P01082,C02,secondary main sewer,lateral,200,91.4,0.5,0.009,0.074,5.066,0.0,below Mara's slope
P01083,C02,secondary main sewer,lateral,200,89.1,0.5,0.078,0.162,1.828,0.6,below Mara's slope
P01084,C02,secondary main sewer,lateral,200,84.9,0.5,0.013,0.087,4.161,0.0,below Mara's slope
P01085,C06,secondary main sewer,lateral,200,45.1,0.5,0.177,0.213,1.25,2.7,below Mara's slope
P01086,C02,secondary main sewer,lateral,200,139.7,0.5,0.037,0.126,2.558,0.2,below Mara's slope
P01087,C06,secondary main sewer,lateral,200,224.7,0.5,0.177,0.213,1.25,2.7,below Mara's slope
P01088,C02,secondary main sewer,lateral,200,83.3,0.5,0.021,0.103,3.334,0.1,below Mara's slope
P01089,C02,secondary main sewer,lateral,200,92.3,0.5,0.007,0.068,5.663,0.0,below Mara's slope
P01090,C02,secondary main sewer,lateral,200,81.5,0.5,0.069,0.156,1.931,0.5,below Mara's slope
P01091,C02,secondary main sewer,lateral,200,39.4,0.5,0.033,0.121,2.697,0.1,below Mara's slope
P01092,C02,secondary main sewer,lateral,200,137.2,0.5,0.054,0.143,2.167,0.3,below Mara's slope
P01093,C02,secondary main sewer,lateral,200,39.2,0.5,0.055,0.144,2.142,0.3,below Mara's slope
P01094,C32,secondary main sewer,lateral,200,88.1,0.5,0.13,0.193,1.44,1.2,below Mara's slope
P01095,C32,secondary header,sub main,200,441.6,0.5,0.068,0.155,1.941,0.4,below Mara's slope
P01096,C06,secondary main sewer,lateral,200,242.0,0.5,0.142,0.198,1.383,1.7,below Mara's slope
P01097,C32,secondary header,sub main,200,312.6,0.5,0.079,0.163,1.81,0.5,below Mara's slope
P01098,C02,secondary main sewer,lateral,200,170.5,0.5,0.077,0.162,1.834,0.6,below Mara's slope
P01099,C02,secondary main sewer,lateral,200,85.8,0.5,0.046,0.135,2.337,0.2,below Mara's slope
P01100,C02,secondary main sewer,lateral,200,109.4,0.5,0.081,0.165,1.79,0.7,below Mara's slope
P01101,C02,secondary main sewer,lateral,200,99.7,0.5,0.076,0.161,1.843,0.6,below Mara's slope
P01103,C02,secondary main sewer,lateral,200,82.7,0.5,0.005,0.061,6.426,0.0,below Mara's slope
P01104,C02,secondary main sewer,lateral,200,84.8,0.5,0.016,0.094,3.764,0.0,below Mara's slope
P01105,C06,secondary main sewer,lateral,200,114.5,0.5,0.397,0.277,0.861,9.9,below Mara's slope
P01106,C48,secondary main sewer,lateral,200,70.3,0.5,0.039,0.129,2.499,0.1,below Mara's slope
P01107,C02,secondary main sewer,lateral,200,82.9,0.5,0.011,0.082,4.488,0.0,below Mara's slope
P01108,C06,secondary main sewer,lateral,200,637.2,0.5,0.198,0.221,1.188,2.6,below Mara's slope
P01109,C32,secondary header,sub main,200,85.8,0.5,0.154,0.203,1.335,1.6,below Mara's slope
P01110,C32,secondary main sewer,lateral,200,261.5,0.5,0.083,0.166,1.776,0.5,below Mara's slope
P01111,C06,secondary main sewer,lateral,200,67.1,0.5,0.205,0.224,1.168,1.9,below Mara's slope
P01112,C02,secondary main sewer,lateral,200,84.0,0.5,0.022,0.105,3.249,0.1,below Mara's slope
P01113,C02,secondary main sewer,lateral,200,81.4,0.5,0.077,0.162,1.832,0.6,below Mara's slope
P01114,C02,secondary main sewer,lateral,200,93.4,0.95,0.006,0.079,6.134,0.0,below Mara's slope
P01115,C16,secondary main sewer,lateral,200,83.5,0.5,0.0,0.0,,0.0,no flow in 2030
P01116,C06,secondary main sewer,lateral,200,280.7,0.55,0.296,0.26,0.986,6.3,below Mara's slope
P01117,C06,secondary main sewer,lateral,200,240.1,0.5,0.505,0.299,0.771,13.7,below Mara's slope
P01118,C02,secondary main sewer,lateral,200,85.2,0.5,0.044,0.134,2.369,0.2,below Mara's slope
P01119,C02,secondary main sewer,lateral,200,68.3,0.5,0.032,0.119,2.758,0.1,below Mara's slope
P01120,C06,secondary main sewer,lateral,200,28.7,0.5,0.483,0.295,0.787,11.9,below Mara's slope
P01122,C02,secondary main sewer,lateral,200,85.2,0.5,0.049,0.139,2.255,0.3,below Mara's slope
P01123,C02,secondary main sewer,lateral,200,86.5,0.5,0.059,0.148,2.075,0.4,below Mara's slope
P01124,C16,secondary main sewer,lateral,200,124.5,0.5,0.0,0.0,,0.0,no flow in 2030
P01125,C02,secondary main sewer,lateral,200,86.2,0.5,0.118,0.187,1.506,1.3,below Mara's slope
P01126,C02,secondary main sewer,lateral,200,87.0,0.5,0.005,0.063,6.2,0.0,below Mara's slope
P01127,C06,secondary main sewer,lateral,200,25.2,0.5,0.044,0.133,2.379,0.2,below Mara's slope
P01128,C32,secondary header,sub main,200,323.6,0.5,0.06,0.148,2.065,0.3,below Mara's slope
P01129,C10,secondary main sewer,lateral,200,516.8,0.5,0.017,0.096,3.686,0.0,below Mara's slope
P01130,C02,secondary main sewer,lateral,200,171.4,0.5,0.016,0.093,3.832,0.0,below Mara's slope
P01131,C02,secondary main sewer,lateral,200,96.0,0.5,0.014,0.09,3.994,0.0,below Mara's slope
P01132,C10,secondary main sewer,lateral,200,63.2,0.5,0.0,0.0,,0.0,no flow in 2030
P01133,C06,secondary main sewer,lateral,200,371.8,0.5,0.986,0.368,0.566,31.9,below Mara's slope
P01134,C32,secondary main sewer,lateral,200,262.4,0.5,0.134,0.195,1.42,1.3,below Mara's slope
P01135,C32,secondary header,sub main,200,99.9,0.5,0.184,0.216,1.227,2.2,below Mara's slope
P01136,C06,secondary main sewer,lateral,200,160.7,0.5,0.097,0.175,1.65,0.8,below Mara's slope
P01137,C02,secondary main sewer,lateral,200,87.3,0.5,0.007,0.07,5.435,0.0,below Mara's slope
P01138,C02,secondary main sewer,lateral,200,87.8,1.4,0.023,0.151,3.204,0.1,below Mara's slope
P01139,C16,secondary main sewer,lateral,200,80.5,0.5,0.1,0.177,1.625,0.8,below Mara's slope
P01140,C06,secondary main sewer,lateral,200,24.6,0.5,0.989,0.369,0.566,32.0,below Mara's slope
P01141,C02,secondary main sewer,lateral,200,94.5,0.5,0.122,0.189,1.483,1.4,below Mara's slope
P01142,C02,secondary main sewer,lateral,200,170.0,0.5,0.079,0.163,1.816,0.7,below Mara's slope
P01143,C02,secondary main sewer,lateral,200,84.9,0.5,0.059,0.147,2.079,0.4,below Mara's slope
P01144,C02,secondary main sewer,lateral,200,89.7,0.5,0.015,0.091,3.951,0.0,below Mara's slope
P01145,C02,secondary main sewer,lateral,200,116.0,0.5,0.083,0.165,1.777,0.7,below Mara's slope
P01146,C02,secondary main sewer,lateral,200,254.7,0.5,0.082,0.165,1.783,0.7,below Mara's slope
P01147,C16,secondary header,sub main,200,124.7,0.5,0.115,0.185,1.524,1.0,below Mara's slope
P01148,C06,secondary main sewer,lateral,200,666.8,0.5,1.023,0.372,0.557,31.0,below Mara's slope
P01149,C32,secondary header,sub main,200,261.6,0.5,0.255,0.24,1.057,3.8,below Mara's slope
P01150,C32,secondary header,sub main,200,96.6,0.5,0.245,0.237,1.077,3.6,below Mara's slope
P01151,C02,secondary main sewer,lateral,200,84.2,0.5,0.022,0.105,3.28,0.1,below Mara's slope
P01152,C02,secondary main sewer,lateral,200,92.2,0.5,0.018,0.097,3.602,0.0,below Mara's slope
P01153,C02,secondary main sewer,lateral,200,82.7,0.5,0.033,0.121,2.708,0.1,below Mara's slope
P01154,C02,secondary main sewer,lateral,200,90.9,0.5,0.104,0.179,1.597,1.2,below Mara's slope
P01155,C16,secondary header,sub main,200,71.7,0.5,0.139,0.197,1.399,1.4,below Mara's slope
P01156,C02,secondary main sewer,lateral,200,81.5,0.5,0.084,0.167,1.761,0.7,below Mara's slope
P01157,C02,secondary main sewer,lateral,200,115.7,0.5,0.087,0.169,1.732,0.8,below Mara's slope
P01158,C16,secondary main sewer,lateral,200,124.2,0.5,0.091,0.171,1.696,0.7,below Mara's slope
P01159,C02,secondary main sewer,lateral,200,74.6,4.45,0.003,0.101,8.29,0.0,below Mara's slope
P01160,C02,secondary main sewer,lateral,200,168.1,0.5,0.078,0.162,1.828,0.6,below Mara's slope
P01161,C06,secondary main sewer,lateral,200,156.2,0.5,0.115,0.185,1.523,1.2,below Mara's slope
P01162,C02,secondary main sewer,lateral,200,165.2,0.5,0.126,0.19,1.464,1.5,below Mara's slope
P01163,C06,secondary main sewer,lateral,200,368.9,0.5,0.637,0.321,0.693,18.7,below Mara's slope
P01164,C02,secondary main sewer,lateral,200,86.1,0.5,0.029,0.116,2.881,0.1,below Mara's slope
P01165,C02,secondary main sewer,lateral,200,87.9,0.65,0.009,0.082,4.998,0.0,below Mara's slope
P01166,C02,secondary main sewer,lateral,200,64.2,0.7,0.017,0.108,3.641,0.0,below Mara's slope
P01167,C16,secondary header,sub main,200,97.8,0.5,0.193,0.219,1.202,2.5,below Mara's slope
P01168,C16,secondary header,sub main,200,271.9,0.5,0.109,0.182,1.561,1.1,below Mara's slope
P01169,C07,secondary header,sub main,200,160.2,0.5,0.022,0.105,3.263,0.1,below Mara's slope
P01170,C02,secondary main sewer,lateral,200,85.7,0.5,0.111,0.183,1.548,1.3,below Mara's slope
P01171,C02,secondary main sewer,lateral,200,260.7,0.5,0.034,0.123,2.666,0.1,below Mara's slope
P01172,C02,secondary main sewer,lateral,200,83.0,0.5,0.01,0.08,4.616,0.0,below Mara's slope
P01173,C02,secondary main sewer,lateral,200,255.1,0.5,0.082,0.165,1.782,0.7,below Mara's slope
P01174,C02,secondary main sewer,lateral,200,83.8,0.5,0.078,0.162,1.825,0.6,below Mara's slope
P01175,C02,secondary main sewer,lateral,200,87.1,0.5,0.045,0.135,2.351,0.2,below Mara's slope
P01176,C02,secondary main sewer,lateral,200,81.5,0.5,0.005,0.063,6.2,0.0,below Mara's slope
P01177,C02,secondary main sewer,lateral,200,86.5,0.5,0.015,0.092,3.889,0.0,below Mara's slope
P01178,C02,secondary main sewer,lateral,200,86.9,0.5,0.029,0.116,2.865,0.1,below Mara's slope
P01179,C02,secondary main sewer,lateral,200,99.7,0.5,0.127,0.191,1.46,1.5,below Mara's slope
P01180,C02,secondary main sewer,lateral,200,112.2,0.5,0.127,0.191,1.457,1.5,below Mara's slope
P01182,C163,secondary header,sub main,200,348.4,0.5,0.0,0.0,,0.0,no flow in 2030
P01183,C02,secondary main sewer,lateral,200,86.6,0.5,0.025,0.11,3.092,0.1,below Mara's slope
P01184,C06,secondary main sewer,lateral,200,445.6,0.5,0.698,0.331,0.664,22.4,below Mara's slope
P01185,C16,secondary header,sub main,200,102.8,0.5,0.233,0.233,1.101,3.5,below Mara's slope
P01186,C16,secondary header,sub main,200,87.8,0.5,0.25,0.238,1.067,3.9,below Mara's slope
P01187,C02,secondary main sewer,lateral,200,84.1,0.5,0.012,0.084,4.382,0.0,below Mara's slope
P01188,C02,secondary main sewer,lateral,200,256.1,0.5,0.015,0.092,3.852,0.0,below Mara's slope
P01189,C16,secondary header,sub main,200,197.5,0.5,0.068,0.155,1.94,0.4,below Mara's slope
P01190,C02,secondary main sewer,lateral,200,85.1,0.5,0.118,0.187,1.505,1.4,below Mara's slope
P01191,C16,secondary header,sub main,200,113.3,0.5,0.286,0.249,1.003,5.0,below Mara's slope
P01192,C02,secondary main sewer,lateral,200,85.6,0.5,0.034,0.122,2.685,0.1,below Mara's slope
P01193,C16,secondary main sewer,lateral,200,94.6,0.95,0.084,0.207,1.762,0.6,below Mara's slope
P01194,C02,secondary main sewer,lateral,200,85.9,0.5,0.118,0.186,1.508,1.3,below Mara's slope
P01195,C02,secondary main sewer,lateral,200,168.0,0.5,0.012,0.086,4.25,0.0,below Mara's slope
P01196,C02,secondary main sewer,lateral,200,25.8,0.5,0.002,0.043,9.732,0.0,below Mara's slope
P01197,C02,secondary main sewer,lateral,200,80.3,0.5,0.057,0.146,2.108,0.4,below Mara's slope
P01198,C07,secondary header,sub main,200,77.0,0.5,0.003,0.053,7.648,0.0,below Mara's slope
P01199,C02,secondary main sewer,lateral,200,84.7,0.5,0.026,0.112,3.001,0.1,below Mara's slope
P01200,C02,secondary main sewer,lateral,200,86.6,0.6,0.005,0.067,6.2,0.0,below Mara's slope
P01202,C16,secondary header,sub main,200,85.9,0.5,0.082,0.165,1.78,0.6,below Mara's slope
P01203,C02,secondary main sewer,lateral,200,86.7,0.5,0.034,0.122,2.669,0.1,below Mara's slope
P01204,C07,secondary header,sub main,200,342.4,0.5,0.04,0.129,2.482,0.2,below Mara's slope
P01205,C16,secondary header,sub main,200,98.0,0.5,0.307,0.255,0.97,5.5,below Mara's slope
P01206,C02,secondary main sewer,lateral,200,84.8,0.5,0.118,0.187,1.505,1.4,below Mara's slope
P01207,C27,secondary main sewer,lateral,200,320.2,0.75,0.309,0.294,0.967,6.5,below Mara's slope
P01209,C02,secondary main sewer,lateral,200,32.5,0.5,0.006,0.065,5.982,0.0,below Mara's slope
P01210,C02,secondary main sewer,lateral,200,252.1,0.5,0.015,0.091,3.923,0.0,below Mara's slope
P01211,C02,secondary main sewer,lateral,200,82.5,0.5,0.119,0.187,1.502,1.3,below Mara's slope
P01212,C32,secondary header,sub main,200,441.1,0.5,0.4,0.277,0.858,7.8,below Mara's slope
P01213,C07,secondary header,sub main,200,240.2,0.5,0.026,0.111,3.025,0.1,below Mara's slope
P01214,C27,secondary main sewer,lateral,200,101.9,0.5,0.39,0.275,0.869,9.4,below Mara's slope
P01215,C07,secondary header,sub main,200,169.0,0.5,0.013,0.087,4.178,0.0,below Mara's slope
P01216,C06,secondary main sewer,lateral,200,212.4,0.5,0.213,0.226,1.148,3.7,below Mara's slope
P01217,C06,secondary main sewer,lateral,200,264.2,0.5,0.68,0.328,0.672,18.8,below Mara's slope
P01219,C06,secondary main sewer,lateral,200,294.1,0.5,1.068,0.378,0.546,33.4,below Mara's slope
P01220,C02,secondary main sewer,lateral,200,84.6,0.5,0.038,0.127,2.546,0.2,below Mara's slope
P01221,C02,secondary main sewer,lateral,200,167.0,0.5,0.067,0.154,1.963,0.5,below Mara's slope
P01222,C16,secondary header,sub main,200,111.8,0.5,0.088,0.169,1.729,0.6,below Mara's slope
P01223,C06,secondary main sewer,lateral,200,166.8,0.5,0.199,0.221,1.184,3.2,below Mara's slope
P01224,C02,secondary main sewer,lateral,200,52.8,0.5,0.007,0.067,5.729,0.0,below Mara's slope
P01225,C02,secondary main sewer,lateral,200,235.9,0.5,0.011,0.081,4.573,0.0,below Mara's slope
P01226,C02,secondary main sewer,lateral,200,44.2,0.5,0.011,0.081,4.573,0.0,below Mara's slope
P01227,C06,secondary main sewer,lateral,200,303.6,0.5,0.158,0.205,1.316,2.0,below Mara's slope
P01228,C06,secondary main sewer,lateral,200,287.5,0.5,0.091,0.171,1.698,0.8,below Mara's slope
P01229,C06,secondary main sewer,lateral,200,233.5,0.5,0.091,0.171,1.698,0.8,below Mara's slope
P01230,C06,secondary main sewer,lateral,200,59.5,0.5,0.196,0.22,1.194,2.9,below Mara's slope
P01231,C06,secondary main sewer,lateral,200,52.9,0.5,0.191,0.219,1.207,2.8,below Mara's slope
P01232,C16,secondary header,sub main,200,111.3,0.5,0.17,0.21,1.273,2.3,below Mara's slope
P01233,C02,secondary main sewer,lateral,200,89.2,0.5,0.12,0.188,1.493,1.4,below Mara's slope
P01234,C16,secondary header,sub main,200,98.1,0.5,0.357,0.268,0.905,7.2,below Mara's slope
P01235,C02,secondary main sewer,lateral,200,105.0,0.5,0.121,0.188,1.492,1.5,below Mara's slope
P01236,C16,secondary main sewer,lateral,200,81.7,0.65,0.107,0.197,1.579,1.0,below Mara's slope
P01237,C27,secondary main sewer,lateral,200,22.2,0.6,0.088,0.18,1.727,0.8,below Mara's slope
P01238,C02,secondary main sewer,lateral,200,171.5,0.5,0.035,0.124,2.633,0.1,below Mara's slope
P01239,C02,secondary main sewer,lateral,200,84.0,0.5,0.045,0.135,2.348,0.2,below Mara's slope
P01240,C07,secondary header,sub main,200,108.4,0.5,0.049,0.138,2.27,0.3,below Mara's slope
P01241,C02,secondary main sewer,lateral,200,118.0,0.5,0.008,0.074,5.078,0.0,below Mara's slope
P01242,C02,secondary main sewer,lateral,200,84.4,0.5,0.006,0.064,6.167,0.0,below Mara's slope
P01243,C27,secondary main sewer,lateral,200,148.2,0.5,0.317,0.257,0.956,4.6,below Mara's slope
P01244,C27,secondary main sewer,lateral,200,83.4,0.5,0.471,0.292,0.796,12.5,below Mara's slope
P01245,C16,secondary header,sub main,200,95.2,0.55,0.115,0.191,1.528,1.0,below Mara's slope
P01246,C02,secondary main sewer,lateral,200,84.7,0.5,0.013,0.086,4.24,0.0,below Mara's slope
P01247,C02,secondary main sewer,lateral,200,90.0,0.5,0.067,0.154,1.953,0.5,below Mara's slope
P01248,C02,secondary main sewer,lateral,200,257.3,0.5,0.086,0.168,1.743,0.9,below Mara's slope
P01249,C16,secondary header,sub main,200,97.5,0.5,0.228,0.231,1.113,3.8,below Mara's slope
P01250,C06,secondary main sewer,lateral,200,96.4,0.5,0.323,0.259,0.947,6.9,below Mara's slope
P01251,C06,secondary main sewer,lateral,200,237.4,0.5,0.297,0.252,0.985,6.0,below Mara's slope
P01252,C02,secondary main sewer,lateral,200,80.6,0.5,0.128,0.192,1.451,1.6,below Mara's slope
P01253,C02,secondary main sewer,lateral,200,87.6,0.5,0.121,0.188,1.492,1.4,below Mara's slope
P01254,C02,secondary main sewer,lateral,200,84.0,0.5,0.036,0.124,2.62,0.1,below Mara's slope
P01255,C07,secondary header,sub main,200,196.3,0.5,0.032,0.119,2.76,0.1,below Mara's slope
P01256,C02,secondary main sewer,lateral,200,85.1,0.5,0.05,0.139,2.247,0.3,below Mara's slope
P01257,C16,secondary header,sub main,200,101.4,0.75,0.117,0.213,1.514,1.2,below Mara's slope
P01258,C02,secondary main sewer,lateral,200,259.9,0.5,0.02,0.101,3.449,0.0,below Mara's slope
P01259,C06,secondary main sewer,lateral,200,297.4,0.5,0.774,0.342,0.633,24.2,below Mara's slope
P01260,C02,secondary main sewer,lateral,200,319.5,0.5,0.19,0.218,1.211,3.0,below Mara's slope
P01261,C16,secondary header,sub main,200,154.3,0.5,0.395,0.276,0.863,8.5,below Mara's slope
P01262,C06,secondary main sewer,lateral,200,118.2,0.5,0.26,0.242,1.046,5.1,below Mara's slope
P01263,C06,secondary main sewer,lateral,200,69.2,0.5,0.774,0.342,0.633,24.2,below Mara's slope
P01264,C07,secondary header,sub main,200,84.0,0.5,0.037,0.125,2.586,0.2,below Mara's slope
P01265,C07,secondary header,sub main,200,148.5,0.5,0.021,0.102,3.375,0.0,below Mara's slope
P01266,C27,secondary main sewer,lateral,200,84.7,0.5,0.117,0.186,1.512,1.3,below Mara's slope
P01267,C16,secondary header,sub main,200,101.6,0.5,0.16,0.206,1.311,1.8,below Mara's slope
P01268,C07,secondary main sewer,lateral,200,164.7,0.5,0.031,0.118,2.809,0.1,below Mara's slope
P01269,C02,secondary main sewer,lateral,200,84.2,0.5,0.114,0.184,1.533,1.3,below Mara's slope
P01270,C02,secondary main sewer,lateral,200,88.4,0.5,0.054,0.143,2.162,0.3,below Mara's slope
P01271,C16,secondary header,sub main,200,109.5,0.5,0.274,0.246,1.022,5.1,below Mara's slope
P01272,C07,secondary main sewer,lateral,200,89.0,0.5,0.0,0.0,,0.0,no flow in 2030
P01273,C02,secondary main sewer,lateral,200,157.3,0.5,0.014,0.089,4.069,0.0,below Mara's slope
P01274,C02,secondary main sewer,lateral,200,138.2,0.5,0.01,0.08,4.608,0.0,below Mara's slope
P01275,C02,secondary main sewer,lateral,200,69.9,0.5,0.02,0.101,3.432,0.0,below Mara's slope
P01276,C16,secondary header,sub main,200,108.2,0.7,0.315,0.289,0.959,6.6,below Mara's slope
P01277,C27,secondary main sewer,lateral,200,48.9,0.5,0.122,0.188,1.487,1.4,below Mara's slope
P01278,C02,secondary main sewer,lateral,200,88.5,0.5,0.038,0.127,2.543,0.2,below Mara's slope
P01279,C02,secondary main sewer,lateral,200,84.4,1.3,0.025,0.151,3.088,0.1,below Mara's slope
P01280,C07,secondary header,sub main,200,63.9,0.5,0.015,0.092,3.863,0.0,below Mara's slope
P01281,C02,secondary main sewer,lateral,200,84.9,0.5,0.008,0.074,5.127,0.0,below Mara's slope
P01282,C16,secondary header,sub main,200,83.1,1.0,0.194,0.279,1.198,2.7,below Mara's slope
P01283,C16,secondary header,sub main,200,178.1,0.7,0.293,0.282,0.991,5.5,below Mara's slope
P01284,C27,secondary main sewer,lateral,200,100.4,0.5,0.385,0.274,0.874,9.1,below Mara's slope
P01285,C27,secondary main sewer,lateral,200,131.4,0.5,0.63,0.32,0.696,17.0,below Mara's slope
P01286,C07,secondary header,sub main,200,90.0,0.5,0.047,0.137,2.306,0.2,below Mara's slope
P01287,C02,secondary main sewer,lateral,200,89.0,0.5,0.046,0.136,2.325,0.2,below Mara's slope
P01288,C16,secondary main sewer,lateral,200,23.2,0.5,0.035,0.124,2.635,0.1,below Mara's slope
P01289,C16,secondary header,sub main,200,103.5,0.5,0.546,0.306,0.744,14.1,below Mara's slope
P01290,C07,secondary header,sub main,200,75.0,0.5,0.022,0.106,3.241,0.1,below Mara's slope
P01291,C16,secondary header,sub main,200,422.8,0.8,0.032,0.141,2.739,0.1,below Mara's slope
P01292,C16,secondary main sewer,lateral,200,165.2,0.5,0.131,0.193,1.436,1.4,below Mara's slope
P01293,C07,secondary main sewer,lateral,200,138.5,0.5,0.019,0.1,3.483,0.0,below Mara's slope
P01294,C07,secondary header,sub main,200,88.5,0.5,0.037,0.126,2.578,0.2,below Mara's slope
P01295,C02,secondary main sewer,lateral,200,96.6,0.5,0.018,0.098,3.563,0.0,below Mara's slope
P01296,C16,secondary header,sub main,200,115.5,0.5,0.295,0.252,0.988,5.7,below Mara's slope
P01297,C02,secondary main sewer,lateral,200,174.7,0.5,0.134,0.194,1.423,1.7,below Mara's slope
P01298,C02,secondary main sewer,lateral,200,104.9,0.5,0.03,0.117,2.85,0.1,below Mara's slope
P01299,C07,secondary main sewer,lateral,200,78.2,0.5,0.044,0.133,2.38,0.2,below Mara's slope
P01300,C07,secondary main sewer,lateral,200,97.1,0.5,0.035,0.123,2.645,0.1,below Mara's slope
P01301,C16,secondary header,sub main,200,142.2,0.8,0.397,0.326,0.862,9.5,below Mara's slope
P01302,C07,secondary header,sub main,200,52.5,0.5,0.043,0.133,2.39,0.2,below Mara's slope
P01303,C07,secondary header,sub main,200,236.9,0.5,0.05,0.14,2.236,0.3,below Mara's slope
P01304,C27,secondary main sewer,lateral,200,22.4,1.1,0.024,0.142,3.115,0.1,below Mara's slope
P01305,C16,secondary header,sub main,200,69.1,0.5,0.672,0.327,0.676,18.4,below Mara's slope
P01306,C27,secondary main sewer,lateral,200,87.2,0.5,0.308,0.255,0.968,6.4,below Mara's slope
P01307,C27,secondary main sewer,lateral,200,20.5,0.5,0.112,0.183,1.543,1.2,below Mara's slope
P01308,C02,secondary main sewer,lateral,200,86.4,0.5,0.021,0.104,3.316,0.1,below Mara's slope
P01309,C02,secondary main sewer,lateral,200,258.3,0.5,0.011,0.082,4.494,0.0,below Mara's slope
P01310,C16,secondary main sewer,lateral,200,79.8,0.5,0.068,0.155,1.939,0.4,below Mara's slope
P01311,C02,secondary main sewer,lateral,200,86.6,0.5,0.14,0.197,1.391,1.9,below Mara's slope
P01312,C02,secondary main sewer,lateral,200,84.9,0.5,0.05,0.139,2.244,0.3,below Mara's slope
P01313,C07,secondary header,sub main,200,84.0,0.5,0.052,0.142,2.195,0.3,below Mara's slope
P01314,C07,secondary main sewer,lateral,200,86.5,0.5,0.089,0.17,1.718,0.9,below Mara's slope
P01315,C16,secondary header,sub main,200,99.3,0.5,0.143,0.199,1.379,1.6,below Mara's slope
P01316,C02,secondary main sewer,lateral,200,105.3,0.5,0.072,0.158,1.897,0.6,below Mara's slope
P01317,C07,secondary header,sub main,200,92.8,0.5,0.029,0.115,2.892,0.1,below Mara's slope
P01318,C02,secondary main sewer,lateral,200,84.7,1.4,0.037,0.178,2.584,0.2,below Mara's slope
P01319,C06,secondary main sewer,lateral,200,186.1,0.5,0.096,0.174,1.656,0.9,below Mara's slope
P01320,C27,secondary main sewer,lateral,200,38.2,0.5,0.051,0.14,2.228,0.2,below Mara's slope
P01321,C16,secondary header,sub main,200,118.3,0.5,0.489,0.296,0.782,12.7,below Mara's slope
P01322,C16,secondary header,sub main,200,79.8,0.5,0.466,0.291,0.8,11.8,below Mara's slope
P01323,C27,secondary main sewer,lateral,200,81.8,0.5,0.084,0.166,1.765,0.6,below Mara's slope
P01324,C07,secondary header,sub main,200,87.1,0.5,0.024,0.109,3.127,0.1,below Mara's slope
P01325,C02,secondary main sewer,lateral,200,82.5,0.5,0.025,0.109,3.101,0.1,below Mara's slope
P01326,C02,secondary main sewer,lateral,200,258.7,0.5,0.011,0.083,4.422,0.0,below Mara's slope
P01327,C16,secondary main sewer,lateral,200,79.1,0.5,0.165,0.208,1.291,2.0,below Mara's slope
P01328,C16,secondary header,sub main,200,80.0,0.5,0.674,0.327,0.675,18.4,below Mara's slope
P01329,C07,secondary header,sub main,200,159.4,0.5,0.057,0.146,2.115,0.3,below Mara's slope
P01330,C02,secondary main sewer,lateral,200,169.0,0.5,0.011,0.083,4.439,0.0,below Mara's slope
P01331,C02,secondary main sewer,lateral,200,43.6,0.95,0.002,0.054,9.732,0.0,below Mara's slope
P01332,C02,secondary main sewer,lateral,200,86.5,0.5,0.155,0.204,1.33,2.2,below Mara's slope
P01334,C16,secondary main sewer,lateral,200,77.8,0.5,0.126,0.191,1.461,1.5,below Mara's slope
P01335,C16,secondary header,sub main,200,80.5,0.5,0.206,0.224,1.165,1.6,below Mara's slope
P01336,C16,secondary main sewer,lateral,200,82.7,0.5,0.161,0.207,1.305,2.1,below Mara's slope
P01337,C06,secondary main sewer,lateral,200,1009.0,0.5,1.267,0.398,0.505,45.2,below Mara's slope
P01338,C06,secondary main sewer,lateral,200,83.4,0.5,0.146,0.2,1.367,1.9,below Mara's slope
P01339,C02,secondary main sewer,lateral,200,86.0,0.5,0.075,0.16,1.86,0.7,below Mara's slope
P01340,C16,secondary main sewer,lateral,200,21.6,0.5,0.119,0.187,1.499,1.3,below Mara's slope
P01341,C306,secondary main sewer,lateral,200,42.6,0.8,0.167,0.246,1.284,2.4,below Mara's slope
P01342,C16,secondary header,sub main,200,147.5,0.5,0.629,0.32,0.697,17.5,below Mara's slope
P01343,C02,secondary main sewer,lateral,200,253.2,0.5,0.155,0.204,1.33,2.3,below Mara's slope
P01344,C02,secondary main sewer,lateral,200,86.9,0.5,0.054,0.143,2.165,0.3,below Mara's slope
P01345,C07,secondary header,sub main,200,93.7,0.5,0.044,0.133,2.388,0.2,below Mara's slope
P01346,C07,secondary header,sub main,200,86.6,0.5,0.057,0.146,2.101,0.4,below Mara's slope
P01348,C07,secondary header,sub main,200,86.5,0.5,0.109,0.181,1.567,1.2,below Mara's slope
P01349,C02,secondary main sewer,lateral,200,89.8,0.5,0.028,0.114,2.93,0.1,below Mara's slope
P01350,C02,secondary main sewer,lateral,200,341.9,0.5,0.128,0.192,1.452,1.5,below Mara's slope
P01351,C02,secondary main sewer,lateral,200,86.6,0.5,0.157,0.205,1.321,2.3,below Mara's slope
P01352,C07,secondary header,sub main,200,82.4,0.5,0.035,0.124,2.637,0.1,below Mara's slope
P01353,C07,secondary main sewer,lateral,200,77.8,0.5,0.041,0.13,2.452,0.2,below Mara's slope
P01354,C02,secondary main sewer,lateral,200,68.0,0.5,0.012,0.085,4.303,0.0,below Mara's slope
P01356,C07,secondary header,sub main,200,84.6,0.5,0.0,0.0,,0.0,no flow in 2030
P01357,C27,secondary main sewer,lateral,200,110.4,0.8,0.2,0.261,1.181,3.3,below Mara's slope
P01358,C27,secondary main sewer,lateral,200,201.4,0.5,0.864,0.353,0.602,28.0,below Mara's slope
P01359,C27,secondary main sewer,lateral,200,99.6,0.5,0.063,0.151,2.014,0.3,below Mara's slope
P01360,C16,secondary main sewer,lateral,200,79.2,0.5,0.062,0.15,2.031,0.3,below Mara's slope
P01361,C16,secondary header,sub main,200,94.2,0.55,0.716,0.345,0.656,20.3,below Mara's slope
P01362,C16,secondary header,sub main,200,87.7,0.5,0.692,0.33,0.667,20.3,below Mara's slope
P01363,C06,secondary main sewer,lateral,200,122.7,0.5,0.18,0.214,1.24,2.7,below Mara's slope
P01364,C16,secondary main sewer,lateral,200,84.7,0.5,0.07,0.157,1.916,0.4,below Mara's slope
P01365,C06,secondary main sewer,lateral,200,43.7,0.5,0.112,0.183,1.543,1.2,below Mara's slope
P01366,C02,secondary main sewer,lateral,200,88.8,0.5,0.168,0.21,1.28,2.7,below Mara's slope
P01367,C07,secondary main sewer,lateral,200,182.6,0.5,0.046,0.136,2.327,0.2,below Mara's slope
P01369,C06,secondary main sewer,lateral,200,273.8,0.5,0.076,0.161,1.843,0.6,below Mara's slope
P01370,C02,secondary main sewer,lateral,200,81.2,0.5,0.005,0.061,6.469,0.0,below Mara's slope
P01371,C07,secondary header,sub main,200,85.6,0.5,0.113,0.184,1.536,1.3,below Mara's slope
P01372,C16,secondary main sewer,lateral,200,121.5,0.5,0.187,0.217,1.219,2.9,below Mara's slope
P01373,C07,secondary header,sub main,200,87.1,0.5,0.06,0.148,2.062,0.4,below Mara's slope
P01374,C02,secondary main sewer,lateral,200,164.9,0.5,0.133,0.194,1.427,1.6,below Mara's slope
P01375,C07,secondary main sewer,lateral,200,158.8,0.5,0.027,0.112,2.998,0.1,below Mara's slope
P01376,C02,secondary main sewer,lateral,200,97.6,0.5,0.013,0.086,4.222,0.0,below Mara's slope
P01377,C07,secondary header,sub main,200,170.5,0.5,0.041,0.13,2.465,0.2,below Mara's slope
P01378,C16,secondary header,sub main,200,84.4,0.5,1.184,0.39,0.521,42.1,below Mara's slope
P01379,C07,secondary header,sub main,200,131.5,0.5,0.08,0.164,1.802,0.7,below Mara's slope
P01380,C27,secondary main sewer,lateral,200,16.0,0.5,0.038,0.127,2.547,0.1,below Mara's slope
P01381,C02,secondary main sewer,lateral,200,79.9,0.5,0.003,0.053,7.756,0.0,below Mara's slope
P01382,C02,secondary main sewer,lateral,200,168.9,0.5,0.079,0.163,1.812,0.8,below Mara's slope
P01383,C02,secondary main sewer,lateral,200,95.2,0.5,0.007,0.07,5.47,0.0,below Mara's slope
P01384,C06,secondary main sewer,lateral,200,539.6,0.5,0.914,0.36,0.587,30.1,below Mara's slope
P01385,C229,secondary header,sub main,200,254.2,0.7,0.116,0.208,1.522,1.2,below Mara's slope
P01386,C229,secondary main sewer,lateral,200,174.9,0.5,0.002,0.042,10.151,0.0,below Mara's slope
P01387,C16,secondary header,sub main,200,247.3,0.5,0.298,0.252,0.983,4.2,below Mara's slope
P01388,C07,secondary header,sub main,200,80.9,0.5,0.044,0.133,2.381,0.2,below Mara's slope
P01389,C07,secondary header,sub main,200,169.7,0.5,0.037,0.125,2.584,0.2,below Mara's slope
P01391,C06,secondary main sewer,lateral,200,60.8,0.5,0.143,0.199,1.38,0.0,below Mara's slope
P01392,C16,secondary main sewer,lateral,200,78.8,0.5,0.212,0.226,1.15,3.5,below Mara's slope
P01393,C02,secondary main sewer,lateral,250,93.6,0.375,0.136,0.171,1.414,1.7,below Mara's slope
P01394,C07,secondary header,sub main,200,84.2,0.5,0.115,0.185,1.525,1.4,below Mara's slope
P01395,C27,secondary main sewer,lateral,200,128.1,0.5,0.131,0.193,1.435,1.3,below Mara's slope
P01396,C27,secondary main sewer,lateral,200,172.5,0.5,0.135,0.195,1.419,1.4,below Mara's slope
P01397,C02,secondary main sewer,lateral,200,168.6,0.5,0.034,0.123,2.659,0.1,below Mara's slope
P01398,C02,secondary main sewer,lateral,200,78.3,0.5,0.004,0.059,6.812,0.0,below Mara's slope
P01400,C07,secondary header,sub main,200,83.9,0.5,0.066,0.153,1.975,0.5,below Mara's slope
P01401,C16,secondary main sewer,lateral,200,86.5,0.7,0.238,0.264,1.091,4.3,below Mara's slope
P01402,C16,secondary main sewer,lateral,200,82.3,0.5,0.261,0.242,1.046,4.9,below Mara's slope
P01403,C07,secondary header,sub main,200,170.6,0.5,0.038,0.127,2.551,0.2,below Mara's slope
P01404,C02,secondary main sewer,lateral,200,85.5,0.5,0.008,0.074,5.102,0.0,below Mara's slope
P01405,C02,secondary main sewer,lateral,200,90.8,0.5,0.02,0.101,3.447,0.0,below Mara's slope
P01406,C07,secondary main sewer,lateral,200,400.3,0.5,0.099,0.176,1.634,0.8,below Mara's slope
P01407,C07,secondary main sewer,lateral,200,120.7,0.5,0.053,0.143,2.171,0.3,below Mara's slope
P01408,C07,secondary main sewer,lateral,200,81.8,0.75,0.023,0.122,3.199,0.1,below Mara's slope
P01409,C06,secondary main sewer,lateral,200,52.1,0.5,0.076,0.161,1.843,0.6,below Mara's slope
P01411,C02,secondary main sewer,lateral,200,78.7,0.5,0.007,0.069,5.524,0.0,below Mara's slope
P01412,C07,secondary header,sub main,200,81.0,0.5,0.083,0.166,1.773,0.7,below Mara's slope
P01413,C07,secondary main sewer,lateral,200,130.0,0.5,0.066,0.153,1.975,0.4,below Mara's slope
P01414,C07,secondary main sewer,lateral,200,85.0,0.5,0.061,0.149,2.05,0.4,below Mara's slope
P01415,C02,secondary main sewer,lateral,200,82.5,0.5,0.081,0.164,1.793,0.8,below Mara's slope
P01417,C07,secondary header,sub main,200,254.3,0.5,0.045,0.135,2.353,0.2,below Mara's slope
P01418,C07,secondary main sewer,lateral,200,170.3,0.5,0.042,0.132,2.424,0.2,below Mara's slope
P01419,C16,secondary main sewer,lateral,200,89.4,0.85,0.18,0.257,1.242,2.7,below Mara's slope
P01420,C02,secondary main sewer,lateral,200,83.8,0.5,0.046,0.136,2.33,0.2,below Mara's slope
P01421,C27,secondary main sewer,lateral,200,84.3,0.5,0.135,0.195,1.418,1.4,below Mara's slope
P01422,C27,secondary main sewer,lateral,200,91.3,0.5,0.051,0.141,2.218,0.2,below Mara's slope
P01423,C27,secondary main sewer,lateral,200,49.5,0.5,0.051,0.141,2.214,0.2,below Mara's slope
P01424,C16,secondary main sewer,lateral,200,13.2,0.5,0.081,0.165,1.789,0.7,below Mara's slope
P01426,C06,secondary main sewer,lateral,200,92.4,0.5,0.95,0.364,0.576,30.1,below Mara's slope
P01427,C16,secondary header,sub main,200,124.3,0.5,0.302,0.253,0.978,4.3,below Mara's slope
P01428,C16,secondary main sewer,lateral,200,85.9,0.5,0.429,0.284,0.831,5.5,below Mara's slope
P01429,C07,secondary header,sub main,200,85.8,0.5,0.061,0.149,2.049,0.4,below Mara's slope
P01430,C02,secondary main sewer,lateral,200,89.4,0.5,0.044,0.134,2.375,0.2,below Mara's slope
P01431,C02,secondary main sewer,lateral,200,256.2,0.5,0.164,0.208,1.295,2.4,below Mara's slope
P01432,C06,secondary main sewer,lateral,200,20.7,0.5,0.297,0.252,0.985,6.3,below Mara's slope
P01433,C07,secondary header,sub main,200,85.3,0.5,0.118,0.186,1.508,1.4,below Mara's slope
P01434,C07,secondary header,sub main,200,82.6,0.5,0.052,0.142,2.196,0.3,below Mara's slope
P01435,C07,secondary header,sub main,200,54.4,0.5,0.084,0.166,1.767,0.7,below Mara's slope
P01436,C07,secondary main sewer,lateral,200,87.3,0.5,0.05,0.139,2.246,0.3,below Mara's slope
P01438,C27,secondary main sewer,lateral,200,151.1,0.5,0.12,0.187,1.496,1.2,below Mara's slope
P01439,C06,secondary main sewer,lateral,200,46.3,0.5,0.112,0.183,1.543,1.2,below Mara's slope
P01440,C27,secondary main sewer,lateral,200,34.7,0.5,0.076,0.161,1.843,0.6,below Mara's slope
P01441,C07,secondary header,sub main,200,84.0,0.5,0.069,0.155,1.936,0.5,below Mara's slope
P01442,C07,secondary header,sub main,200,87.3,0.5,0.067,0.154,1.956,0.5,below Mara's slope
P01443,C07,secondary header,sub main,200,85.0,0.5,0.042,0.131,2.428,0.2,below Mara's slope
P01444,C07,secondary main sewer,lateral,200,80.4,0.5,0.102,0.177,1.614,0.8,below Mara's slope
P01445,C06,secondary main sewer,lateral,200,46.8,0.85,0.191,0.262,1.208,3.1,below Mara's slope
P01446,C02,secondary main sewer,lateral,200,91.0,0.5,0.008,0.074,5.078,0.0,below Mara's slope
P01447,C07,secondary header,sub main,200,255.7,0.6,0.004,0.057,7.547,0.0,below Mara's slope
P01449,C16,secondary header,sub main,200,10.0,0.5,0.082,0.165,1.784,0.7,below Mara's slope
P01450,C16,secondary main sewer,lateral,200,78.1,0.5,0.232,0.233,1.104,4.1,below Mara's slope
P01451,C07,secondary header,sub main,200,84.4,0.5,0.02,0.101,3.444,0.0,below Mara's slope
P01452,C02,secondary main sewer,lateral,200,256.2,0.5,0.173,0.212,1.263,2.8,below Mara's slope
P01453,C02,secondary main sewer,lateral,200,88.3,0.5,0.174,0.212,1.26,2.7,below Mara's slope
P01454,C07,secondary main sewer,lateral,200,102.9,0.5,0.104,0.179,1.599,0.9,below Mara's slope
P01456,C27,secondary main sewer,lateral,200,39.1,0.5,0.027,0.113,2.951,0.1,below Mara's slope
P01457,C27,secondary main sewer,lateral,200,130.2,0.5,0.148,0.201,1.358,1.6,below Mara's slope
P01458,C27,secondary main sewer,lateral,200,192.6,0.5,0.229,0.232,1.109,3.8,below Mara's slope
P01459,C07,secondary main sewer,lateral,200,144.5,0.5,0.093,0.172,1.68,0.8,below Mara's slope
P01460,C07,secondary main sewer,lateral,200,32.9,0.5,0.093,0.172,1.679,0.8,below Mara's slope
P01462,C06,secondary main sewer,lateral,200,568.8,0.5,1.009,0.371,0.56,33.0,below Mara's slope
P01463,C02,secondary main sewer,lateral,200,88.8,0.5,0.05,0.14,2.231,0.3,below Mara's slope
P01464,C07,secondary main sewer,lateral,200,83.6,0.55,0.027,0.117,2.959,0.1,below Mara's slope
P01465,C07,secondary header,sub main,200,84.5,0.5,0.085,0.167,1.757,0.7,below Mara's slope
P01467,C06,secondary main sewer,lateral,200,62.5,0.5,0.453,0.289,0.811,11.2,below Mara's slope
P01468,C02,secondary main sewer,lateral,200,211.6,0.5,0.079,0.163,1.813,0.6,below Mara's slope
P01469,C02,secondary main sewer,lateral,200,35.9,0.5,0.009,0.075,5.032,0.0,below Mara's slope
P01470,C02,secondary main sewer,lateral,200,168.0,0.5,0.092,0.171,1.693,1.0,below Mara's slope
P01472,C06,secondary main sewer,lateral,200,237.2,0.5,0.661,0.325,0.681,18.9,below Mara's slope
P01473,C06,secondary main sewer,lateral,200,323.0,0.6,0.212,0.241,1.15,3.7,below Mara's slope
P01476,C07,secondary header,sub main,200,88.2,0.5,0.027,0.112,2.998,0.1,below Mara's slope
P01478,C27,secondary main sewer,lateral,200,41.0,0.5,0.083,0.166,1.775,0.7,below Mara's slope
P01479,C27,secondary header,sub main,200,11.5,0.5,0.734,0.336,0.649,21.5,below Mara's slope
P01480,C07,secondary header,sub main,200,86.8,0.5,0.134,0.195,1.421,1.8,below Mara's slope
P01481,C07,secondary header,sub main,200,85.6,0.5,0.103,0.178,1.608,1.0,below Mara's slope
P01482,C27,secondary main sewer,lateral,200,323.9,0.5,1.022,0.372,0.557,31.7,below Mara's slope
P01483,C27,secondary main sewer,lateral,200,104.6,0.5,1.033,0.374,0.554,32.3,below Mara's slope
P01486,C16,secondary main sewer,lateral,200,89.2,0.5,0.349,0.266,0.914,7.9,below Mara's slope
P01487,C07,secondary header,sub main,200,192.9,0.5,0.026,0.111,3.039,0.1,below Mara's slope
P01488,C07,secondary header,sub main,200,88.1,0.5,0.07,0.157,1.914,0.5,below Mara's slope
P01490,C06,secondary main sewer,lateral,200,78.3,0.5,0.198,0.221,1.186,1.2,below Mara's slope
P01491,C02,secondary main sewer,lateral,200,89.4,0.5,0.012,0.083,4.404,0.0,below Mara's slope
P01492,C06,secondary main sewer,lateral,200,44.3,0.5,0.076,0.161,1.843,0.6,below Mara's slope
P01493,C02,secondary main sewer,lateral,200,81.4,0.5,0.264,0.243,1.04,5.5,below Mara's slope
P01494,C02,secondary main sewer,lateral,200,86.3,0.5,0.094,0.173,1.675,1.0,below Mara's slope
P01495,C27,secondary main sewer,lateral,200,63.5,0.5,0.2,0.222,1.181,3.1,below Mara's slope
P01496,C27,secondary main sewer,lateral,200,93.0,0.5,0.292,0.251,0.993,5.5,below Mara's slope
P01497,C27,secondary main sewer,lateral,200,250.3,0.5,0.592,0.314,0.717,12.8,below Mara's slope
P01498,C27,secondary header,sub main,200,44.4,0.5,0.93,0.362,0.582,24.1,below Mara's slope
P01499,C07,secondary header,sub main,200,84.7,0.5,0.141,0.198,1.388,1.9,below Mara's slope
P01501,C06,secondary main sewer,lateral,200,73.6,0.6,0.261,0.258,1.045,4.9,below Mara's slope
P01503,C06,secondary main sewer,lateral,200,46.4,0.5,0.175,0.212,1.258,2.6,below Mara's slope
P01504,C06,secondary main sewer,lateral,200,93.4,0.5,0.338,0.263,0.928,7.5,below Mara's slope
P01505,C07,secondary header,sub main,200,169.3,0.5,0.042,0.132,2.424,0.2,below Mara's slope
P01506,C07,secondary header,sub main,200,81.2,0.5,0.087,0.168,1.735,0.8,below Mara's slope
P01508,C07,secondary header,sub main,200,87.2,0.5,0.079,0.163,1.814,0.6,below Mara's slope
P01509,C27,secondary header,sub main,200,32.6,0.5,0.907,0.359,0.589,22.9,below Mara's slope
P01510,C02,secondary main sewer,lateral,200,164.5,0.5,0.056,0.145,2.123,0.3,below Mara's slope
P01511,C06,secondary main sewer,lateral,200,74.4,0.5,0.262,0.242,1.044,4.9,below Mara's slope
P01512,C27,secondary header,sub main,200,75.1,0.5,0.808,0.346,0.621,16.8,below Mara's slope
P01513,C27,secondary main sewer,lateral,200,86.7,0.5,0.592,0.314,0.717,12.8,below Mara's slope
P01514,C27,secondary main sewer,lateral,200,87.7,0.65,0.335,0.287,0.932,4.3,below Mara's slope
P01515,C07,secondary header,sub main,200,172.2,0.5,0.038,0.127,2.546,0.2,below Mara's slope
P01517,C16,secondary main sewer,lateral,200,134.7,0.7,0.215,0.255,1.143,3.7,below Mara's slope
P01518,C02,secondary main sewer,lateral,200,118.6,0.5,0.08,0.164,1.805,0.7,below Mara's slope
P01519,C27,secondary header,sub main,200,34.7,0.5,0.905,0.359,0.589,22.8,below Mara's slope
P01520,C07,secondary header,sub main,200,107.0,0.5,0.022,0.104,3.299,0.1,below Mara's slope
P01521,C02,secondary main sewer,lateral,200,87.9,0.5,0.016,0.093,3.827,0.0,below Mara's slope
P01522,C27,secondary main sewer,lateral,200,99.5,3.3,0.006,0.12,6.071,0.0,below Mara's slope
P01523,C27,secondary header,sub main,200,90.9,0.5,0.664,0.326,0.68,18.4,below Mara's slope
P01524,C16,secondary header,sub main,200,261.7,0.5,0.595,0.315,0.715,10.3,below Mara's slope
P01525,C16,secondary main sewer,lateral,200,89.6,0.5,0.368,0.27,0.893,8.6,below Mara's slope
P01526,C07,secondary header,sub main,200,84.9,0.5,0.082,0.165,1.784,0.7,below Mara's slope
P01527,C27,secondary main sewer,lateral,200,43.2,0.5,0.517,0.301,0.763,14.1,below Mara's slope
P01528,C06,secondary main sewer,lateral,200,118.1,0.5,0.35,0.266,0.914,7.9,below Mara's slope
P01529,C07,secondary header,sub main,200,114.1,0.5,0.109,0.182,1.564,1.1,below Mara's slope
P01533,C02,secondary main sewer,lateral,200,82.0,0.5,0.049,0.138,2.271,0.3,below Mara's slope
P01534,C02,secondary main sewer,lateral,200,51.7,0.5,0.11,0.182,1.558,1.2,below Mara's slope
P01535,C02,secondary main sewer,lateral,200,97.4,0.5,0.009,0.076,4.976,0.0,below Mara's slope
P01536,C07,secondary header,sub main,200,85.1,0.5,0.084,0.167,1.761,0.7,below Mara's slope
P01537,C07,secondary header,sub main,200,87.8,0.5,0.146,0.2,1.368,2.0,below Mara's slope
P01538,C16,secondary header,sub main,200,59.9,0.5,0.795,0.344,0.626,19.5,below Mara's slope
P01539,C02,secondary main sewer,lateral,250,338.1,0.375,0.145,0.174,1.373,1.9,below Mara's slope
P01540,C27,secondary main sewer,lateral,200,44.3,0.5,0.141,0.198,1.387,1.8,below Mara's slope
P01541,C27,secondary main sewer,lateral,200,31.3,0.5,0.412,0.28,0.847,9.8,below Mara's slope
P01542,C02,secondary main sewer,lateral,200,83.7,0.5,0.07,0.156,1.924,0.5,below Mara's slope
P01543,C07,secondary header,sub main,200,85.8,0.5,0.101,0.177,1.617,1.0,below Mara's slope
P01544,C07,secondary main sewer,lateral,200,84.6,0.5,0.04,0.129,2.479,0.2,below Mara's slope
P01545,C07,secondary header,sub main,200,171.0,0.5,0.037,0.126,2.573,0.2,below Mara's slope
P01546,C27,secondary header,sub main,200,85.9,0.5,0.807,0.346,0.621,16.7,below Mara's slope
P01547,C27,secondary header,sub main,200,53.2,0.5,0.396,0.276,0.863,2.5,below Mara's slope
P01548,C06,secondary main sewer,lateral,200,428.4,0.5,0.384,0.274,0.875,7.8,below Mara's slope
P01549,C06,secondary main sewer,lateral,200,353.3,0.5,0.54,0.305,0.747,13.4,below Mara's slope
P01550,C06,secondary main sewer,lateral,200,20.7,2.75,0.0,0.0,,0.0,no flow in 2030
P01551,C06,secondary main sewer,lateral,200,52.0,0.5,0.719,0.334,0.655,20.8,below Mara's slope
P01552,C27,secondary header,sub main,200,4.3,0.5,0.289,0.25,0.997,4.3,below Mara's slope
P01553,C27,secondary header,sub main,200,115.5,0.5,0.893,0.357,0.593,22.2,below Mara's slope
P01556,C16,secondary main sewer,lateral,200,135.5,0.65,0.282,0.271,1.009,5.5,below Mara's slope
P01558,C27,secondary header,sub main,200,43.3,0.65,0.442,0.314,0.82,4.4,below Mara's slope
P01559,C27,secondary header,sub main,200,83.8,0.5,0.346,0.265,0.918,2.5,below Mara's slope
P01560,C27,secondary main sewer,lateral,200,70.3,0.5,0.819,0.348,0.617,18.5,below Mara's slope
P01561,C27,secondary main sewer,lateral,200,75.9,0.5,0.806,0.346,0.622,17.9,below Mara's slope
P01562,C02,secondary main sewer,lateral,200,86.1,0.5,0.036,0.124,2.62,0.1,below Mara's slope
P01563,C07,secondary header,sub main,200,82.4,0.5,0.042,0.132,2.424,0.2,below Mara's slope
P01564,C27,secondary header,sub main,200,23.9,0.5,0.578,0.312,0.724,9.9,below Mara's slope
P01565,C27,secondary header,sub main,200,39.6,0.5,0.643,0.322,0.69,11.8,below Mara's slope
P01566,C07,secondary header,sub main,200,83.6,0.5,0.177,0.213,1.249,2.8,below Mara's slope
P01567,C07,secondary main sewer,lateral,200,89.0,0.6,0.027,0.119,2.999,0.1,below Mara's slope
P01568,C27,secondary main sewer,lateral,200,34.6,0.8,0.0,0.0,,0.0,no flow in 2030
P01569,C06,secondary main sewer,lateral,200,157.1,0.5,0.445,0.287,0.818,11.6,below Mara's slope
P01570,C06,secondary main sewer,lateral,200,46.2,0.5,0.666,0.326,0.679,19.6,below Mara's slope
P01571,C02,secondary main sewer,lateral,200,56.5,0.5,0.11,0.182,1.554,1.2,below Mara's slope
P01572,C27,secondary header,sub main,200,102.3,0.8,0.238,0.276,1.091,3.7,below Mara's slope
P01573,C06,secondary main sewer,lateral,200,21.5,0.5,0.279,0.247,1.015,4.9,below Mara's slope
P01574,C16,secondary header,sub main,200,142.3,1.1,0.182,0.282,1.234,2.8,below Mara's slope
P01575,C07,secondary header,sub main,200,84.2,0.5,0.052,0.142,2.194,0.3,below Mara's slope
P01576,C02,secondary main sewer,lateral,250,105.6,0.375,0.152,0.177,1.341,2.1,below Mara's slope
P01577,C27,secondary header,sub main,200,48.8,0.5,0.289,0.25,0.997,4.3,below Mara's slope
P01578,C07,secondary header,sub main,200,85.7,0.5,0.182,0.215,1.235,2.9,below Mara's slope
P01579,C02,secondary main sewer,lateral,200,30.9,0.5,0.112,0.183,1.541,1.2,below Mara's slope
P01580,C02,secondary main sewer,lateral,200,127.7,0.5,0.017,0.096,3.688,0.0,below Mara's slope
P01581,C27,secondary main sewer,lateral,200,81.0,0.5,0.236,0.234,1.096,4.3,below Mara's slope
P01583,C07,secondary header,sub main,200,84.9,0.5,0.111,0.183,1.549,1.2,below Mara's slope
P01584,C06,secondary main sewer,lateral,200,36.1,1.0,0.198,0.28,1.188,2.5,below Mara's slope
P01587,C27,secondary main sewer,lateral,200,191.6,0.65,0.256,0.263,1.054,3.1,below Mara's slope
P01588,C27,secondary main sewer,lateral,200,50.9,0.5,0.112,0.183,1.547,0.7,below Mara's slope
P01589,C27,secondary main sewer,lateral,200,91.5,0.5,0.278,0.247,1.016,4.9,below Mara's slope
P01590,C06,secondary main sewer,lateral,200,24.3,1.4,0.076,0.229,1.843,0.6,below Mara's slope
P01591,C27,secondary header,sub main,200,18.6,0.5,0.0,0.0,,0.0,no flow in 2030
P01592,C07,secondary header,sub main,200,84.8,0.5,0.059,0.148,2.076,0.4,below Mara's slope
P01593,C16,secondary header,sub main,200,136.6,0.5,0.875,0.355,0.599,22.0,below Mara's slope
P01595,C07,secondary header,sub main,200,85.8,0.5,0.183,0.215,1.233,2.9,below Mara's slope
P01596,C07,secondary header,sub main,200,92.6,0.5,0.11,0.182,1.558,1.2,below Mara's slope
P01597,C06,secondary main sewer,lateral,200,88.6,0.5,0.224,0.23,1.122,3.7,below Mara's slope
P01598,C07,secondary main sewer,lateral,200,88.8,0.5,0.035,0.123,2.656,0.1,below Mara's slope
P01599,C02,secondary main sewer,lateral,200,101.4,0.5,0.018,0.097,3.62,0.0,below Mara's slope
P01600,C06,secondary header,sub main,200,153.9,0.65,0.495,0.325,0.778,13.5,below Mara's slope
P01601,C02,secondary main sewer,lateral,250,82.9,0.375,0.156,0.179,1.325,2.2,below Mara's slope
P01603,C07,secondary header,sub main,200,166.5,0.5,0.037,0.125,2.584,0.2,below Mara's slope
P01606,C06,secondary main sewer,lateral,200,118.8,0.5,0.013,0.086,4.195,0.0,below Mara's slope
P01607,C06,secondary header,sub main,200,65.0,0.5,0.209,0.225,1.159,3.0,below Mara's slope
P01608,C07,secondary header,sub main,200,60.5,0.5,0.112,0.183,1.542,1.2,below Mara's slope
P01609,C07,secondary header,sub main,200,89.0,0.5,0.225,0.23,1.12,4.1,below Mara's slope
P01610,C16,secondary header,sub main,200,77.9,0.5,0.231,0.232,1.106,2.6,below Mara's slope
P01611,C16,secondary main sewer,lateral,200,83.1,0.5,0.088,0.169,1.728,0.8,below Mara's slope
P01612,C02,secondary main sewer,lateral,200,62.9,0.5,0.02,0.101,3.446,0.0,below Mara's slope
P01613,C07,secondary header,sub main,200,84.8,0.5,0.039,0.128,2.508,0.2,below Mara's slope
P01615,C02,secondary main sewer,lateral,200,79.5,0.5,0.116,0.185,1.52,1.3,below Mara's slope
P01616,C02,secondary main sewer,lateral,200,159.7,0.5,0.049,0.139,2.254,0.3,below Mara's slope
P01617,C07,secondary main sewer,lateral,200,83.9,0.5,0.027,0.112,2.999,0.1,below Mara's slope
P01618,C07,secondary header,sub main,200,82.7,0.5,0.056,0.145,2.133,0.3,below Mara's slope
P01622,C16,secondary main sewer,lateral,200,73.8,0.5,0.345,0.265,0.919,2.4,below Mara's slope
P01623,C27,secondary header,sub main,200,174.4,0.8,0.211,0.265,1.153,1.3,below Mara's slope
P01624,C02,secondary main sewer,lateral,250,83.1,0.375,0.157,0.179,1.321,2.2,below Mara's slope
P01625,C02,secondary main sewer,lateral,200,255.4,0.5,0.064,0.152,2.001,0.4,below Mara's slope
P01626,C16,secondary header,sub main,200,283.7,0.6,0.151,0.215,1.346,2.0,below Mara's slope
P01628,C16,secondary header,sub main,200,30.0,0.5,0.459,0.29,0.806,10.0,below Mara's slope
P01629,C07,secondary header,sub main,200,86.8,0.5,0.064,0.152,1.996,0.4,below Mara's slope
P01631,C02,secondary main sewer,lateral,200,86.7,0.5,0.027,0.112,2.999,0.1,below Mara's slope
P01632,C16,secondary main sewer,lateral,200,44.4,0.8,0.321,0.304,0.951,3.7,below Mara's slope
P01635,C16,secondary main sewer,lateral,200,39.8,1.25,0.141,0.271,1.387,1.8,below Mara's slope
P01636,C07,secondary header,sub main,200,253.4,0.5,0.045,0.135,2.353,0.2,below Mara's slope
P01637,C07,secondary header,sub main,200,107.7,0.5,0.02,0.101,3.446,0.0,below Mara's slope
P01638,C07,secondary header,sub main,200,167.6,0.5,0.055,0.144,2.148,0.3,below Mara's slope
P01639,C07,secondary header,sub main,200,86.3,0.5,0.042,0.132,2.424,0.2,below Mara's slope
P01640,C06,secondary main sewer,lateral,200,106.5,0.5,0.179,0.214,1.243,2.5,below Mara's slope
P01641,C02,secondary main sewer,lateral,250,85.0,0.375,0.177,0.186,1.252,2.7,below Mara's slope
P01642,C02,secondary main sewer,lateral,200,256.7,0.5,0.068,0.155,1.945,0.5,below Mara's slope
P01643,C02,secondary main sewer,lateral,200,214.9,0.5,0.015,0.091,3.907,0.0,below Mara's slope
P01644,C02,secondary main sewer,lateral,200,456.6,0.5,0.067,0.154,1.952,0.5,below Mara's slope
P01646,C16,secondary main sewer,lateral,200,68.4,1.0,0.209,0.285,1.159,3.0,below Mara's slope
P01647,C07,secondary header,sub main,200,84.9,0.5,0.026,0.112,3.012,0.1,below Mara's slope
P01649,C16,secondary header,sub main,200,237.5,0.5,0.302,0.253,0.978,6.2,below Mara's slope
P01650,C16,secondary header,sub main,200,319.6,0.55,0.352,0.275,0.911,6.4,below Mara's slope
P01651,C16,secondary main sewer,lateral,200,34.1,0.5,0.828,0.349,0.614,19.4,below Mara's slope
P01652,C07,secondary header,sub main,200,378.4,0.5,0.154,0.203,1.335,1.9,below Mara's slope
P01653,C07,secondary header,sub main,200,84.2,0.5,0.053,0.142,2.181,0.3,below Mara's slope
P01654,C07,secondary header,sub main,200,253.9,0.5,0.045,0.134,2.356,0.2,below Mara's slope
P01655,C16,secondary main sewer,lateral,200,55.0,0.7,0.49,0.333,0.782,9.8,below Mara's slope
P01657,C07,secondary header,sub main,200,112.0,0.5,0.281,0.248,1.01,5.9,below Mara's slope
P01659,C07,secondary main sewer,lateral,200,82.3,0.5,0.018,0.097,3.622,0.0,below Mara's slope
P01660,C02,secondary main sewer,lateral,200,103.4,0.5,0.036,0.124,2.62,0.1,below Mara's slope
P01662,C02,secondary main sewer,lateral,200,133.9,0.5,0.132,0.194,1.431,1.6,below Mara's slope
P01663,C80,secondary header,sub main,200,268.6,0.5,0.0,0.0,,0.0,no flow in 2030
P01664,C06,secondary main sewer,lateral,200,131.4,0.5,0.144,0.199,1.376,1.9,below Mara's slope
P01665,C02,secondary main sewer,lateral,200,81.8,0.5,0.05,0.14,2.24,0.3,below Mara's slope
P01666,C80,secondary header,sub main,200,7.5,0.5,0.0,0.0,,0.0,no flow in 2030
P01667,C80,secondary header,sub main,200,1812.9,0.5,0.0,0.0,,0.0,no flow in 2030
P01668,C07,secondary header,sub main,200,83.9,0.5,0.074,0.159,1.872,0.6,below Mara's slope
P01669,C16,secondary header,sub main,200,46.4,0.5,1.193,0.391,0.519,17.0,below Mara's slope
P01670,C02,secondary main sewer,lateral,200,426.3,0.5,0.295,0.252,0.988,6.6,below Mara's slope
P01671,C02,secondary main sewer,lateral,250,89.9,0.375,0.196,0.193,1.192,3.2,below Mara's slope
P01673,C16,secondary main sewer,lateral,200,78.3,0.5,0.043,0.132,2.403,0.2,below Mara's slope
P01674,C16,secondary main sewer,lateral,200,50.7,0.5,0.827,0.349,0.614,19.4,below Mara's slope
P01676,C16,secondary header,sub main,200,197.6,0.5,0.727,0.335,0.652,17.0,below Mara's slope
P01677,C07,secondary header,sub main,200,85.0,0.5,0.074,0.159,1.869,0.6,below Mara's slope
P01678,C07,secondary header,sub main,200,168.5,0.5,0.082,0.165,1.782,0.8,below Mara's slope
P01680,C07,secondary main sewer,lateral,200,84.9,0.5,0.041,0.13,2.453,0.2,below Mara's slope
P01681,C07,secondary header,sub main,200,174.6,0.5,0.071,0.158,1.899,0.5,below Mara's slope
P01682,C02,secondary main sewer,lateral,200,65.5,0.5,0.133,0.194,1.425,1.6,below Mara's slope
P01683,C07,secondary header,sub main,200,190.0,0.5,0.025,0.11,3.079,0.1,below Mara's slope
P01684,C07,secondary main sewer,lateral,200,169.4,0.5,0.036,0.124,2.612,0.1,below Mara's slope
P01685,C16,secondary main sewer,lateral,200,78.0,0.5,0.604,0.316,0.71,14.4,below Mara's slope
P01686,C16,secondary header,sub main,200,49.6,0.5,0.317,0.258,0.955,6.9,below Mara's slope
P01687,C07,secondary header,sub main,200,82.5,0.5,0.282,0.248,1.008,6.0,below Mara's slope
P01688,C16,secondary header,sub main,200,246.2,0.5,1.064,0.377,0.547,10.1,below Mara's slope
P01689,C07,secondary main sewer,lateral,200,83.7,0.5,0.023,0.107,3.19,0.1,below Mara's slope
P01691,C16,secondary header,sub main,200,123.7,0.5,0.518,0.301,0.762,12.8,below Mara's slope
P01692,C07,secondary header,sub main,200,170.4,0.5,0.074,0.159,1.875,0.6,below Mara's slope
P01693,C07,secondary header,sub main,200,84.6,0.5,0.087,0.168,1.737,0.8,below Mara's slope
P01695,C07,secondary header,sub main,200,85.7,0.5,0.081,0.164,1.797,0.7,below Mara's slope
P01696,C07,secondary header,sub main,200,84.6,0.5,0.031,0.118,2.797,0.1,below Mara's slope
P01697,C16,secondary main sewer,lateral,200,80.2,0.5,0.195,0.22,1.195,1.3,below Mara's slope
P01701,C16,secondary header,sub main,200,2130.1,0.9,0.19,0.267,1.21,2.5,below Mara's slope
P01702,C02,secondary main sewer,lateral,200,209.4,0.5,0.05,0.139,2.25,0.3,below Mara's slope
P01703,C07,secondary header,sub main,200,85.8,0.5,0.117,0.186,1.513,1.4,below Mara's slope
P01704,C07,secondary main sewer,lateral,200,84.9,0.5,0.029,0.116,2.863,0.1,below Mara's slope
P01705,C16,secondary main sewer,lateral,200,38.9,0.5,0.993,0.369,0.565,9.8,below Mara's slope
P01706,C02,secondary main sewer,lateral,200,100.8,0.5,0.135,0.195,1.418,1.7,below Mara's slope
P01707,C02,secondary main sewer,lateral,200,187.6,0.5,0.042,0.131,2.435,0.2,below Mara's slope
P01708,C07,secondary header,sub main,200,61.3,0.5,0.283,0.248,1.007,6.0,below Mara's slope
P01709,C07,secondary main sewer,lateral,200,175.6,0.5,0.044,0.133,2.38,0.2,below Mara's slope
P01710,C16,secondary header,sub main,200,62.0,0.5,0.315,0.257,0.959,6.8,below Mara's slope
P01711,C16,secondary main sewer,lateral,200,18.0,0.55,0.031,0.122,2.805,0.1,below Mara's slope
P01712,C16,secondary header,sub main,200,217.4,0.5,0.41,0.28,0.849,8.8,below Mara's slope
P01713,C07,secondary header,sub main,200,165.7,0.5,0.032,0.119,2.769,0.1,below Mara's slope
P01714,C16,secondary main sewer,lateral,200,97.6,0.5,0.227,0.231,1.115,4.0,below Mara's slope
P01715,C02,secondary main sewer,lateral,200,87.6,0.5,0.088,0.169,1.726,0.9,below Mara's slope
P01716,C07,secondary header,sub main,200,83.7,0.5,0.12,0.188,1.493,1.4,below Mara's slope
P01717,C02,secondary main sewer,lateral,200,185.8,0.5,0.048,0.138,2.284,0.3,below Mara's slope
P01718,C07,secondary header,sub main,200,86.4,0.5,0.091,0.171,1.699,0.8,below Mara's slope
P01719,C07,secondary main sewer,lateral,200,85.7,0.5,0.074,0.16,1.868,0.7,below Mara's slope
P01720,C02,secondary main sewer,lateral,200,50.7,0.95,0.02,0.126,3.413,0.0,below Mara's slope
P01721,C02,secondary main sewer,lateral,200,192.7,0.65,0.012,0.093,4.254,0.0,below Mara's slope
P01722,C02,secondary main sewer,lateral,200,55.1,1.55,0.017,0.14,3.684,0.0,below Mara's slope
P01723,C02,secondary main sewer,lateral,200,84.8,0.5,0.022,0.104,3.299,0.1,below Mara's slope
P01724,C02,secondary main sewer,lateral,200,66.2,0.5,0.035,0.124,2.633,0.1,below Mara's slope
P01726,C07,secondary header,sub main,200,87.5,0.5,0.291,0.25,0.995,6.2,below Mara's slope
P01727,C02,secondary main sewer,lateral,200,78.1,0.5,0.09,0.17,1.712,0.9,below Mara's slope
P01728,C16,secondary header,sub main,200,83.5,0.5,0.286,0.249,1.002,5.9,below Mara's slope
P01729,C16,secondary main sewer,lateral,200,53.8,0.5,0.148,0.201,1.359,1.9,below Mara's slope
P01730,C04,secondary header,sub main,200,120.5,0.7,0.063,0.17,2.009,0.1,below Mara's slope
P01731,C07,secondary main sewer,lateral,200,159.8,0.5,0.029,0.116,2.86,0.1,below Mara's slope
P01732,C16,secondary main sewer,lateral,200,167.7,0.5,0.217,0.228,1.139,3.8,below Mara's slope
P01733,C16,secondary header,sub main,200,92.1,0.5,0.332,0.261,0.935,7.5,below Mara's slope
P01734,C02,secondary main sewer,lateral,200,1402.8,0.5,0.19,0.218,1.211,3.0,below Mara's slope
P01736,C16,secondary main sewer,lateral,200,70.0,0.5,0.726,0.335,0.652,4.4,below Mara's slope
P01737,C16,secondary main sewer,lateral,200,48.1,0.5,0.101,0.177,1.621,0.9,below Mara's slope
P01738,C16,secondary main sewer,lateral,200,195.1,0.5,0.824,0.348,0.615,9.0,below Mara's slope
P01739,C02,secondary main sewer,lateral,200,164.0,0.5,0.146,0.2,1.367,1.9,below Mara's slope
P01740,C07,secondary main sewer,lateral,200,82.3,0.5,0.036,0.124,2.622,0.1,below Mara's slope
P01741,C07,secondary header,sub main,200,85.3,0.5,0.125,0.19,1.468,1.5,below Mara's slope
P01742,C02,secondary main sewer,lateral,200,44.7,2.0,0.0,0.0,,0.0,no flow in 2030
P01743,C02,secondary main sewer,lateral,200,100.9,0.5,0.027,0.113,2.973,0.1,below Mara's slope
P01744,C07,secondary header,sub main,200,88.7,0.5,0.094,0.173,1.677,0.9,below Mara's slope
P01745,C07,secondary header,sub main,200,170.3,0.5,0.037,0.125,2.585,0.2,below Mara's slope
P01746,C02,secondary main sewer,lateral,315,300.5,0.27,0.386,0.207,0.873,9.9,below Mara's slope
P01747,C02,secondary main sewer,lateral,200,92.2,0.5,0.092,0.172,1.688,1.0,below Mara's slope
P01748,C07,secondary header,sub main,200,101.9,0.5,0.032,0.12,2.744,0.1,below Mara's slope
P01749,C02,secondary main sewer,lateral,200,82.7,0.5,0.015,0.092,3.878,0.0,below Mara's slope
P01750,C07,secondary header,sub main,200,169.7,0.5,0.127,0.191,1.455,1.6,below Mara's slope
P01751,C07,secondary main sewer,lateral,200,86.6,0.5,0.047,0.137,2.305,0.2,below Mara's slope
P01752,C07,secondary main sewer,lateral,200,85.6,0.5,0.088,0.169,1.729,0.9,below Mara's slope
P01753,C16,secondary header,sub main,200,77.8,0.5,0.238,0.235,1.09,4.4,below Mara's slope
P01754,C16,secondary main sewer,lateral,200,52.1,0.5,0.167,0.209,1.284,2.4,below Mara's slope
P01755,C07,secondary header,sub main,200,88.1,0.5,0.042,0.131,2.43,0.2,below Mara's slope
P01756,C07,secondary header,sub main,200,105.8,0.5,0.294,0.251,0.99,6.3,below Mara's slope
P01757,C16,secondary header,sub main,200,82.3,0.5,0.217,0.228,1.139,3.8,below Mara's slope
P01758,C02,secondary main sewer,lateral,200,95.9,0.5,0.19,0.218,1.211,3.0,below Mara's slope
P01759,C16,secondary main sewer,lateral,200,183.2,0.5,0.141,0.198,1.387,1.8,below Mara's slope
P01760,C07,secondary header,sub main,200,351.4,0.5,0.161,0.207,1.306,2.0,below Mara's slope
P01761,C06,secondary main sewer,lateral,200,48.8,0.5,0.952,0.364,0.576,31.3,below Mara's slope
P01762,C06,secondary main sewer,lateral,200,48.8,0.5,0.952,0.364,0.576,31.3,below Mara's slope
P01763,C02,secondary main sewer,lateral,200,112.6,0.5,0.153,0.203,1.337,2.1,below Mara's slope
P01764,C16,secondary header,sub main,200,17.0,0.5,0.146,0.2,1.364,1.9,below Mara's slope
P01765,C16,secondary main sewer,lateral,200,86.2,0.5,0.146,0.2,1.364,1.9,below Mara's slope
P01766,C07,secondary header,sub main,200,81.4,0.5,0.058,0.147,2.096,0.4,below Mara's slope
P01767,C07,secondary header,sub main,200,88.5,0.5,0.162,0.207,1.304,2.4,below Mara's slope
P01768,C133,secondary header,sub main,200,127.4,0.6,0.043,0.141,2.391,0.2,below Mara's slope
P01769,C133,secondary main sewer,lateral,200,292.9,0.5,0.067,0.154,1.955,0.4,below Mara's slope
P01770,C07,secondary header,sub main,200,255.1,0.5,0.049,0.138,2.271,0.3,below Mara's slope
P01771,C87,secondary main sewer,lateral,200,114.5,1.05,0.205,0.288,1.169,1.8,below Mara's slope
P01772,C02,secondary main sewer,lateral,200,93.1,0.5,0.02,0.101,3.439,0.0,below Mara's slope
P01773,C02,secondary main sewer,lateral,200,60.9,0.5,0.02,0.101,3.439,0.0,below Mara's slope
P01774,C07,secondary header,sub main,200,85.5,0.5,0.141,0.198,1.389,1.9,below Mara's slope
P01775,C07,secondary header,sub main,200,257.7,0.5,0.104,0.179,1.598,1.0,below Mara's slope
P01776,C02,secondary main sewer,lateral,200,62.5,1.1,0.016,0.121,3.816,0.0,below Mara's slope
P01777,C07,secondary header,sub main,200,87.0,0.5,0.098,0.175,1.646,1.0,below Mara's slope
P01778,C87,secondary header,sub main,200,48.9,0.5,0.215,0.227,1.143,3.7,below Mara's slope
P01779,C87,secondary main sewer,lateral,200,111.6,0.6,0.31,0.272,0.966,6.4,below Mara's slope
P01780,C07,secondary header,sub main,200,86.2,0.5,0.057,0.146,2.11,0.3,below Mara's slope
P01781,C07,secondary header,sub main,200,230.5,0.65,0.081,0.18,1.795,0.8,below Mara's slope
P01782,C02,secondary main sewer,lateral,200,87.0,0.5,0.155,0.204,1.331,2.1,below Mara's slope
P01783,C04,secondary main sewer,lateral,200,75.0,0.5,0.106,0.18,1.586,1.0,below Mara's slope
P01784,C04,secondary header,sub main,200,380.6,0.5,0.112,0.183,1.542,0.8,below Mara's slope
P01785,C07,secondary header,sub main,200,88.6,0.5,0.295,0.252,0.988,6.4,below Mara's slope
P01786,C02,secondary main sewer,lateral,200,84.4,0.5,0.041,0.13,2.454,0.2,below Mara's slope
P01787,C07,secondary header,sub main,200,85.0,0.5,0.1,0.176,1.626,1.1,below Mara's slope
P01788,C07,secondary main sewer,lateral,200,90.6,1.2,0.042,0.177,2.428,0.2,below Mara's slope
P01789,C07,secondary header,sub main,200,82.3,0.5,0.163,0.208,1.297,2.4,below Mara's slope
P01790,C07,secondary header,sub main,200,84.9,0.5,0.104,0.179,1.597,1.2,below Mara's slope
P01791,C04,secondary main sewer,lateral,200,77.9,0.5,0.189,0.218,1.214,2.7,below Mara's slope
P01792,C02,secondary main sewer,lateral,200,81.9,0.5,0.163,0.208,1.297,2.3,below Mara's slope
P01793,C04,secondary main sewer,lateral,200,69.4,0.5,0.291,0.25,0.995,5.1,below Mara's slope
P01794,C04,secondary main sewer,lateral,200,43.4,0.5,0.231,0.232,1.106,3.8,below Mara's slope
P01795,C04,secondary main sewer,lateral,200,81.9,0.5,0.269,0.244,1.03,4.4,below Mara's slope
P01796,C07,secondary main sewer,lateral,200,79.0,0.5,0.047,0.137,2.296,0.2,below Mara's slope
P01797,C07,secondary header,sub main,200,177.5,0.5,0.05,0.14,2.235,0.3,below Mara's slope
P01798,C02,secondary main sewer,lateral,200,88.3,0.5,0.043,0.132,2.413,0.2,below Mara's slope
P01799,C02,secondary main sewer,lateral,200,122.5,0.55,0.025,0.114,3.056,0.1,below Mara's slope
P01800,C07,secondary header,sub main,200,86.7,0.5,0.103,0.178,1.604,1.1,below Mara's slope
P01801,C07,secondary header,sub main,200,82.9,0.5,0.186,0.216,1.223,3.0,below Mara's slope
P01802,C02,secondary main sewer,lateral,315,202.0,0.27,0.41,0.211,0.849,10.9,below Mara's slope
P01803,C02,secondary main sewer,lateral,200,81.5,0.5,0.023,0.107,3.189,0.1,below Mara's slope
P01804,C02,secondary main sewer,lateral,200,79.9,0.5,0.108,0.181,1.571,1.3,below Mara's slope
P01805,C06,secondary main sewer,lateral,200,114.4,0.5,0.25,0.238,1.067,3.1,below Mara's slope
P01806,C02,secondary main sewer,lateral,200,214.7,0.5,0.043,0.133,2.4,0.2,below Mara's slope
P01807,C87,secondary main sewer,lateral,200,95.2,0.5,0.205,0.224,1.169,1.8,below Mara's slope
P01808,C87,secondary header,sub main,200,226.7,0.5,0.473,0.293,0.795,12.7,below Mara's slope
P01809,C02,secondary main sewer,lateral,200,171.9,0.85,0.028,0.136,2.949,0.1,below Mara's slope
P01810,C07,secondary header,sub main,200,230.5,0.5,0.04,0.129,2.487,0.2,below Mara's slope
P01811,C87,secondary header,sub main,200,104.2,0.5,0.838,0.35,0.611,27.5,below Mara's slope
P01812,C04,secondary header,sub main,200,239.1,0.5,0.343,0.264,0.922,6.2,below Mara's slope
P01813,C07,secondary header,sub main,200,82.9,0.5,0.225,0.23,1.12,4.2,below Mara's slope
P01814,C87,secondary header,sub main,200,27.3,0.5,0.554,0.308,0.739,14.5,below Mara's slope
P01815,C133,secondary header,sub main,200,452.6,0.5,0.093,0.172,1.679,0.7,below Mara's slope
P01816,C04,secondary main sewer,lateral,200,23.5,0.5,0.05,0.139,2.242,0.2,below Mara's slope
P01817,C87,secondary header,sub main,200,82.4,0.65,0.213,0.248,1.148,3.7,below Mara's slope
P01818,C07,secondary header,sub main,200,87.6,0.5,0.296,0.252,0.986,6.4,below Mara's slope
P01819,C04,secondary main sewer,lateral,200,147.0,0.5,0.111,0.183,1.548,1.1,below Mara's slope
P01820,C02,secondary main sewer,lateral,200,85.8,0.5,0.05,0.14,2.23,0.3,below Mara's slope
P01821,C02,secondary main sewer,lateral,200,88.6,0.5,0.172,0.211,1.268,2.5,below Mara's slope
P01822,C87,secondary header,sub main,200,97.7,0.5,0.557,0.308,0.737,14.6,below Mara's slope
P01823,C87,secondary header,sub main,200,53.6,0.5,0.557,0.308,0.737,14.6,below Mara's slope
P01824,C07,secondary header,sub main,200,83.1,0.5,0.206,0.224,1.167,3.6,below Mara's slope
P01825,C87,secondary header,sub main,200,215.9,0.5,0.826,0.349,0.615,26.9,below Mara's slope
P01826,C87,secondary header,sub main,200,78.7,0.5,0.703,0.332,0.662,20.9,below Mara's slope
P01827,C90,secondary header,sub main,200,282.8,0.7,0.0,0.0,,0.0,no flow in 2030
P01828,C02,secondary main sewer,lateral,200,65.6,0.5,0.053,0.143,2.171,0.3,below Mara's slope
P01829,C02,secondary main sewer,lateral,200,101.4,0.5,0.053,0.142,2.187,0.3,below Mara's slope
P01830,C07,secondary header,sub main,200,82.4,0.5,0.266,0.243,1.037,5.7,below Mara's slope
P01831,C07,secondary header,sub main,200,340.1,0.5,0.091,0.171,1.703,0.9,below Mara's slope
P01832,C02,secondary main sewer,lateral,200,171.4,0.5,0.035,0.123,2.649,0.1,below Mara's slope
P01833,C07,secondary header,sub main,200,82.2,0.5,0.073,0.159,1.881,0.6,below Mara's slope
P01834,C65,secondary header,sub main,200,1048.0,0.5,0.573,0.311,0.727,14.0,below Mara's slope
P01835,C02,secondary main sewer,lateral,200,97.5,0.5,0.025,0.11,3.081,0.1,below Mara's slope
P01837,C07,secondary header,sub main,200,83.8,0.5,0.049,0.138,2.271,0.3,below Mara's slope
P01838,C07,secondary header,sub main,200,256.2,0.5,0.045,0.134,2.356,0.2,below Mara's slope
P01839,C07,secondary header,sub main,200,58.7,0.5,0.297,0.252,0.985,6.4,below Mara's slope
P01840,C07,secondary header,sub main,200,94.6,0.5,0.292,0.251,0.992,6.6,below Mara's slope
P01841,C04,secondary header,sub main,200,99.9,0.5,0.474,0.293,0.794,11.1,below Mara's slope
P01842,C06,secondary main sewer,lateral,200,210.7,0.5,0.905,0.359,0.589,28.9,below Mara's slope
P01844,C07,secondary header,sub main,200,88.8,0.55,0.083,0.171,1.776,0.8,below Mara's slope
P01845,C07,secondary header,sub main,200,259.5,0.55,0.041,0.135,2.455,0.2,below Mara's slope
P01846,C02,secondary main sewer,lateral,200,184.7,0.5,0.07,0.157,1.913,0.5,below Mara's slope
P01847,C04,secondary main sewer,lateral,200,82.7,0.5,0.111,0.183,1.548,1.1,below Mara's slope
P01848,C04,secondary main sewer,lateral,200,89.2,0.5,0.13,0.192,1.442,1.4,below Mara's slope
P01849,C02,secondary main sewer,lateral,200,82.7,0.5,0.173,0.212,1.262,2.6,below Mara's slope
P01850,C02,secondary main sewer,lateral,200,86.1,0.5,0.039,0.128,2.503,0.2,below Mara's slope
P01851,C02,secondary main sewer,lateral,200,89.6,0.5,0.061,0.149,2.044,0.4,below Mara's slope
P01852,C02,secondary main sewer,lateral,200,288.3,0.5,0.192,0.219,1.206,3.0,below Mara's slope
P01853,C02,secondary main sewer,lateral,315,155.0,0.27,0.41,0.211,0.849,10.9,below Mara's slope
P01854,C02,secondary main sewer,lateral,200,169.6,0.5,0.032,0.12,2.752,0.1,below Mara's slope
P01855,C07,secondary header,sub main,200,259.4,0.5,0.169,0.21,1.278,2.2,below Mara's slope
P01856,C04,secondary main sewer,lateral,200,114.1,0.5,0.08,0.163,1.808,0.5,below Mara's slope
P01857,C04,secondary main sewer,lateral,200,169.6,0.5,0.259,0.241,1.05,4.8,below Mara's slope
P01858,C07,secondary header,sub main,200,92.3,0.5,0.214,0.227,1.147,3.9,below Mara's slope
P01859,C07,secondary header,sub main,200,258.5,0.5,0.045,0.134,2.356,0.2,below Mara's slope
P01860,C02,secondary main sewer,lateral,200,80.3,0.5,0.073,0.159,1.881,0.6,below Mara's slope
P01861,C06,secondary main sewer,lateral,200,58.3,0.5,0.778,0.342,0.632,22.5,below Mara's slope
P01862,C87,secondary main sewer,lateral,200,117.6,0.5,0.27,0.245,1.029,5.0,below Mara's slope
P01863,C07,secondary header,sub main,200,86.2,0.5,0.217,0.228,1.139,4.0,below Mara's slope
P01864,C07,secondary header,sub main,200,257.8,0.5,0.034,0.123,2.661,0.1,below Mara's slope
P01865,C07,secondary header,sub main,250,83.6,0.375,0.46,0.254,0.805,13.1,below Mara's slope
P01866,C07,secondary header,sub main,200,89.7,0.5,0.049,0.139,2.251,0.3,below Mara's slope
P01867,C07,secondary header,sub main,200,85.4,0.5,0.028,0.114,2.941,0.1,below Mara's slope
P01868,C07,secondary header,sub main,200,93.4,0.5,0.071,0.157,1.904,0.5,below Mara's slope
P01869,C04,secondary header,sub main,200,116.9,0.5,0.302,0.253,0.978,6.3,below Mara's slope
P01870,C263,secondary main sewer,lateral,200,133.7,0.7,0.118,0.209,1.506,1.3,below Mara's slope
P01871,C07,secondary header,sub main,200,271.1,0.5,0.104,0.179,1.599,1.1,below Mara's slope
P01872,C06,secondary main sewer,lateral,200,57.0,0.5,0.144,0.199,1.374,1.9,below Mara's slope
P01873,C02,secondary main sewer,lateral,200,87.7,0.5,0.036,0.125,2.598,0.1,below Mara's slope
P01874,C02,secondary main sewer,lateral,200,274.9,0.5,0.047,0.137,2.305,0.2,below Mara's slope
P01875,C02,secondary main sewer,lateral,200,86.0,0.5,0.075,0.16,1.86,0.7,below Mara's slope
P01876,C14,secondary header,sub main,200,37.2,1.45,0.025,0.156,3.111,0.1,below Mara's slope
P01877,C119,secondary header,sub main,200,913.3,0.5,0.358,0.268,0.904,6.8,below Mara's slope
P01878,C02,secondary main sewer,lateral,200,87.3,0.5,0.076,0.161,1.844,0.6,below Mara's slope
P01879,C02,secondary main sewer,lateral,200,92.6,0.5,0.042,0.132,2.421,0.2,below Mara's slope
P01880,C07,secondary header,sub main,200,82.9,0.5,0.08,0.164,1.799,0.7,below Mara's slope
P01881,C07,secondary header,sub main,200,96.5,0.5,0.222,0.229,1.127,4.1,below Mara's slope
P01882,C87,secondary main sewer,lateral,200,26.3,0.5,0.084,0.167,1.762,0.7,below Mara's slope
P01883,C87,secondary main sewer,lateral,200,155.4,0.5,0.222,0.23,1.125,3.9,below Mara's slope
P01884,C02,secondary main sewer,lateral,200,116.0,0.5,0.027,0.113,2.957,0.1,below Mara's slope
P01885,C07,secondary header,sub main,200,259.8,0.5,0.045,0.134,2.356,0.2,below Mara's slope
P01886,C06,secondary main sewer,lateral,200,341.9,0.5,0.306,0.255,0.972,5.0,below Mara's slope
P01887,C06,secondary main sewer,lateral,200,93.8,0.5,0.436,0.285,0.826,8.2,below Mara's slope
P01888,C07,secondary header,sub main,200,83.0,1.0,0.115,0.234,1.528,1.4,below Mara's slope
P01889,C07,secondary header,sub main,200,92.8,0.5,0.115,0.185,1.528,1.4,below Mara's slope
P01890,C02,secondary main sewer,lateral,200,68.6,0.5,0.064,0.151,2.005,0.4,below Mara's slope
P01891,C07,secondary header,sub main,200,90.4,0.5,0.114,0.184,1.531,1.4,below Mara's slope
P01892,C02,secondary main sewer,lateral,200,268.5,0.5,0.144,0.199,1.375,2.2,below Mara's slope
P01893,C02,secondary main sewer,lateral,200,84.6,0.5,0.039,0.128,2.518,0.2,below Mara's slope
P01895,C02,secondary main sewer,lateral,200,15.0,0.5,0.012,0.086,4.245,0.0,below Mara's slope
P01896,C02,secondary main sewer,lateral,200,89.8,0.5,0.092,0.172,1.691,0.8,below Mara's slope
P01897,C02,secondary main sewer,lateral,200,179.6,0.5,0.183,0.216,1.23,2.8,below Mara's slope
P01898,C04,secondary header,sub main,200,265.5,0.5,0.603,0.316,0.71,17.7,below Mara's slope
P01899,C04,secondary header,sub main,200,103.7,0.5,0.327,0.26,0.942,7.1,below Mara's slope
P01900,C02,secondary main sewer,lateral,200,87.0,0.5,0.081,0.164,1.793,0.8,below Mara's slope
P01901,C07,secondary header,sub main,200,85.1,0.5,0.116,0.186,1.517,1.4,below Mara's slope
P01902,C02,secondary main sewer,lateral,200,100.5,0.5,0.032,0.119,2.759,0.1,below Mara's slope
P01903,C02,secondary main sewer,lateral,200,175.7,0.5,0.067,0.154,1.952,0.5,below Mara's slope
P01904,C02,secondary main sewer,lateral,200,104.1,0.5,0.153,0.203,1.339,2.4,below Mara's slope
P01906,C144,secondary main sewer,lateral,200,117.9,0.6,0.142,0.211,1.383,1.8,below Mara's slope
P01907,C07,secondary header,sub main,200,174.4,0.5,0.115,0.185,1.527,1.4,below Mara's slope
P01908,C07,secondary header,sub main,200,179.0,0.5,0.171,0.211,1.269,2.3,below Mara's slope
P01909,C02,secondary main sewer,lateral,200,102.2,0.5,0.1,0.176,1.63,1.1,below Mara's slope
P01910,C07,secondary header,sub main,200,85.6,0.5,0.118,0.186,1.507,1.4,below Mara's slope
P01911,C07,secondary header,sub main,200,92.1,0.5,0.053,0.142,2.182,0.3,below Mara's slope
P01912,C02,secondary main sewer,lateral,200,89.7,0.5,0.033,0.121,2.707,0.1,below Mara's slope
P01913,C02,secondary main sewer,lateral,200,135.1,0.5,0.042,0.131,2.437,0.2,below Mara's slope
P01914,C02,secondary main sewer,lateral,200,64.3,1.25,0.014,0.121,4.04,0.0,below Mara's slope
P01915,C04,secondary header,sub main,200,34.8,0.5,0.362,0.269,0.9,7.9,below Mara's slope
P01916,C04,secondary header,sub main,200,49.6,0.5,0.359,0.268,0.902,7.9,below Mara's slope
P01917,C04,secondary header,sub main,200,304.6,0.5,0.315,0.257,0.959,6.4,below Mara's slope
P01918,C07,secondary header,sub main,200,260.1,0.5,0.044,0.133,2.378,0.2,below Mara's slope
P01919,C02,secondary main sewer,lateral,200,165.8,0.5,0.117,0.186,1.514,1.5,below Mara's slope
P01920,C02,secondary main sewer,lateral,200,96.1,0.5,0.148,0.201,1.358,2.3,below Mara's slope
P01921,C02,secondary main sewer,lateral,200,173.5,0.5,0.037,0.126,2.575,0.2,below Mara's slope
P01922,C190,secondary main sewer,lateral,200,96.0,0.85,0.03,0.14,2.839,0.1,below Mara's slope
P01923,C07,secondary header,sub main,200,93.9,0.55,0.073,0.164,1.875,0.7,below Mara's slope
P01924,C07,secondary header,sub main,200,97.8,0.5,0.218,0.228,1.135,3.7,below Mara's slope
P01925,C07,secondary header,sub main,250,181.6,0.375,0.467,0.255,0.799,13.4,below Mara's slope
P01926,C07,secondary header,sub main,200,90.4,0.5,0.133,0.194,1.425,1.7,below Mara's slope
P01927,C07,secondary header,sub main,200,172.7,0.5,0.107,0.181,1.575,1.2,below Mara's slope
P01928,C65,secondary header,sub main,200,309.6,0.5,0.656,0.324,0.684,17.8,below Mara's slope
P01929,C190,secondary main sewer,lateral,200,76.4,0.5,0.042,0.132,2.424,0.2,below Mara's slope
P01930,C02,secondary main sewer,lateral,200,97.1,0.5,0.105,0.179,1.59,1.2,below Mara's slope
P01931,C06,secondary main sewer,lateral,200,241.9,0.5,0.458,0.29,0.807,11.2,below Mara's slope
P01932,C62,secondary header,sub main,200,144.3,0.5,0.0,0.0,,0.0,no flow in 2030
P01933,C02,secondary main sewer,lateral,200,115.8,0.5,0.243,0.236,1.08,5.2,below Mara's slope
P01934,C90,secondary header,sub main,200,410.7,0.5,0.009,0.076,4.944,0.0,below Mara's slope
P01935,C14,secondary header,sub main,200,417.1,0.55,0.219,0.236,1.133,3.8,below Mara's slope
P01936,C04,secondary header,sub main,200,372.3,0.5,0.928,0.361,0.583,28.8,below Mara's slope
P01937,C06,secondary main sewer,lateral,200,22.2,0.5,0.076,0.161,1.841,0.5,below Mara's slope
P01938,C62,secondary header,sub main,200,174.9,0.75,0.213,0.26,1.148,2.0,below Mara's slope
P01939,C144,secondary main sewer,lateral,200,159.5,0.5,0.112,0.183,1.543,1.2,below Mara's slope
P01940,C07,secondary header,sub main,200,91.4,0.5,0.111,0.183,1.552,1.2,below Mara's slope
P01941,C65,secondary main sewer,lateral,200,32.4,0.5,0.084,0.167,1.762,0.7,below Mara's slope
P01942,C02,secondary main sewer,lateral,200,305.6,0.5,0.082,0.165,1.783,0.8,below Mara's slope
P01943,C02,secondary main sewer,lateral,200,250.8,0.5,0.089,0.17,1.716,0.9,below Mara's slope
P01944,C04,secondary main sewer,lateral,200,89.5,0.5,0.093,0.172,1.683,0.1,below Mara's slope
P01945,C07,secondary header,sub main,200,264.5,0.5,0.044,0.133,2.385,0.2,below Mara's slope
P01946,C07,secondary header,sub main,200,84.8,0.5,0.079,0.163,1.818,0.6,below Mara's slope
P01947,C02,secondary main sewer,lateral,200,249.6,0.5,0.217,0.228,1.139,3.7,below Mara's slope
P01948,C02,secondary main sewer,lateral,200,94.7,0.5,0.127,0.191,1.457,1.7,below Mara's slope
P01949,C04,secondary header,sub main,200,62.6,0.5,0.945,0.363,0.578,28.9,below Mara's slope
P01950,C02,secondary main sewer,lateral,200,88.2,0.5,0.243,0.236,1.08,5.2,below Mara's slope
P01951,C07,secondary header,sub main,200,161.9,0.5,0.239,0.235,1.088,4.4,below Mara's slope
P01952,C07,secondary header,sub main,200,88.1,0.5,0.062,0.15,2.025,0.4,below Mara's slope
P01953,C07,secondary header,sub main,200,318.7,0.75,0.032,0.138,2.74,0.1,below Mara's slope
P01954,C07,secondary header,sub main,200,265.0,0.5,0.051,0.14,2.221,0.3,below Mara's slope
P01955,C144,secondary header,sub main,200,200.9,0.5,0.296,0.252,0.986,6.3,below Mara's slope
P01956,C144,secondary header,sub main,200,138.2,0.5,0.236,0.234,1.095,2.7,below Mara's slope
P01957,C144,secondary header,sub main,200,187.5,0.5,0.333,0.262,0.935,5.9,below Mara's slope
P01958,C190,secondary main sewer,lateral,200,45.0,0.5,0.029,0.116,2.872,0.1,below Mara's slope
P01959,C190,secondary main sewer,lateral,200,119.9,0.5,0.027,0.113,2.975,0.1,below Mara's slope
P01960,C190,secondary main sewer,lateral,200,40.9,1.75,0.018,0.147,3.632,0.0,below Mara's slope
P01961,C04,secondary main sewer,lateral,200,106.1,0.5,0.03,0.117,2.827,0.1,below Mara's slope
P01962,C65,secondary header,sub main,200,86.7,0.5,0.088,0.169,1.724,0.8,below Mara's slope
P01963,C74,secondary header,sub main,200,274.6,0.5,0.074,0.159,1.872,0.4,below Mara's slope
P01964,C06,secondary main sewer,lateral,200,265.5,0.5,0.264,0.243,1.04,5.2,below Mara's slope
P01966,C06,secondary main sewer,lateral,200,124.5,0.5,0.203,0.223,1.173,3.3,below Mara's slope
P01967,C04,secondary main sewer,lateral,200,673.3,0.5,0.0,0.0,,0.0,no flow in 2030
P01968,C65,secondary main sewer,lateral,200,41.3,0.9,0.024,0.133,3.116,0.1,below Mara's slope
P01969,C07,secondary header,sub main,200,258.2,0.5,0.084,0.167,1.761,0.8,below Mara's slope
P01970,C14,secondary header,sub main,200,407.7,0.7,0.181,0.241,1.238,2.7,below Mara's slope
P01971,C04,secondary main sewer,lateral,200,24.6,0.5,0.0,0.0,,0.0,no flow in 2030
P01972,C02,secondary main sewer,lateral,200,66.1,0.75,0.011,0.092,4.594,0.0,below Mara's slope
P01973,C190,secondary main sewer,lateral,200,205.7,0.5,0.029,0.115,2.895,0.1,below Mara's slope
P01974,C02,secondary main sewer,lateral,200,103.2,0.5,0.113,0.184,1.537,1.4,below Mara's slope
P01975,C14,secondary header,sub main,200,200.3,0.5,0.322,0.259,0.949,7.1,below Mara's slope
P01976,C07,secondary header,sub main,200,246.3,0.5,0.144,0.199,1.374,2.2,below Mara's slope
P01977,C07,secondary header,sub main,200,89.4,0.5,0.149,0.202,1.352,2.3,below Mara's slope
P01978,C74,secondary main sewer,lateral,200,52.2,0.5,0.028,0.114,2.937,0.1,below Mara's slope
P01979,C74,secondary main sewer,lateral,200,83.6,0.5,0.069,0.156,1.926,0.4,below Mara's slope
P01980,C07,secondary header,sub main,200,86.4,0.5,0.09,0.17,1.708,0.9,below Mara's slope
P01981,C07,secondary header,sub main,200,230.6,0.75,0.081,0.189,1.789,0.8,below Mara's slope
P01982,C07,secondary header,sub main,200,83.5,0.5,0.239,0.235,1.088,4.4,below Mara's slope
P01983,C07,secondary header,sub main,250,237.3,0.375,0.507,0.262,0.77,15.1,below Mara's slope
P01984,C07,secondary header,sub main,200,207.0,0.5,0.158,0.205,1.319,2.5,below Mara's slope
P01985,C14,secondary main sewer,lateral,200,212.0,0.5,0.229,0.232,1.109,4.1,below Mara's slope
P01986,C02,secondary main sewer,lateral,400,490.2,0.205,0.486,0.193,0.785,13.9,below Mara's slope
P01987,C74,secondary main sewer,lateral,200,79.6,0.5,0.047,0.137,2.294,0.2,below Mara's slope
P01988,C74,secondary main sewer,lateral,200,74.3,0.85,0.037,0.15,2.587,0.1,below Mara's slope
P01989,C02,secondary main sewer,lateral,200,214.3,0.5,0.107,0.181,1.575,1.2,below Mara's slope
P01990,C14,secondary header,sub main,200,97.2,0.5,0.718,0.334,0.656,21.3,below Mara's slope
P01991,C62,secondary main sewer,lateral,200,109.1,0.9,0.076,0.197,1.843,0.6,below Mara's slope
P01992,C62,secondary main sewer,lateral,200,43.7,0.5,0.113,0.184,1.539,1.2,below Mara's slope
P01993,C62,secondary header,sub main,200,198.8,0.5,0.273,0.245,1.025,3.9,below Mara's slope
P01994,C74,secondary main sewer,lateral,200,21.8,0.5,0.017,0.096,3.684,0.0,below Mara's slope
P01995,C02,secondary main sewer,lateral,200,172.3,0.5,0.03,0.118,2.814,0.1,below Mara's slope
P01996,C07,secondary header,sub main,200,82.6,0.5,0.128,0.192,1.451,1.7,below Mara's slope
P01997,C02,secondary main sewer,lateral,200,297.5,0.5,0.035,0.124,2.628,0.1,below Mara's slope
P01998,C02,secondary main sewer,lateral,200,181.7,0.5,0.13,0.193,1.44,1.7,below Mara's slope
P01999,C02,secondary main sewer,lateral,200,98.9,0.5,0.071,0.157,1.906,0.6,below Mara's slope
P02000,C02,secondary main sewer,lateral,200,95.5,0.5,0.071,0.157,1.906,0.6,below Mara's slope
P02001,C02,secondary main sewer,lateral,200,106.4,0.5,0.018,0.097,3.604,0.0,below Mara's slope
P02002,C14,secondary header,sub main,200,89.1,0.5,0.667,0.326,0.679,18.9,below Mara's slope
P02003,C14,secondary main sewer,lateral,200,88.0,0.5,0.29,0.25,0.996,6.0,below Mara's slope
P02004,C04,secondary main sewer,lateral,200,132.2,0.5,0.217,0.228,1.138,3.5,below Mara's slope
P02005,C04,secondary main sewer,lateral,200,192.2,0.5,0.241,0.236,1.084,4.2,below Mara's slope
P02006,C02,secondary main sewer,lateral,200,193.1,0.5,0.268,0.244,1.033,5.5,below Mara's slope
P02007,C02,secondary main sewer,lateral,200,115.0,0.5,0.026,0.111,3.028,0.1,below Mara's slope
P02008,C02,secondary main sewer,lateral,200,84.5,0.5,0.139,0.197,1.398,1.9,below Mara's slope
P02009,C02,secondary main sewer,lateral,200,108.7,0.5,0.124,0.189,1.474,1.7,below Mara's slope
P02010,C02,secondary main sewer,lateral,200,183.4,0.5,0.079,0.163,1.815,0.8,below Mara's slope
P02011,C07,secondary header,sub main,200,253.1,0.5,0.146,0.2,1.367,1.9,below Mara's slope
P02012,C07,secondary header,sub main,200,81.7,0.5,0.135,0.195,1.417,1.9,below Mara's slope
P02013,C07,secondary header,sub main,200,109.3,0.5,0.24,0.235,1.087,4.4,below Mara's slope
P02014,C62,secondary header,sub main,200,174.0,0.5,0.309,0.255,0.967,5.1,below Mara's slope
P02015,C62,secondary header,sub main,200,289.8,0.5,0.112,0.183,1.543,1.2,below Mara's slope
P02016,C90,secondary header,sub main,200,322.7,0.5,0.009,0.076,4.944,0.0,below Mara's slope
P02017,C90,secondary main sewer,lateral,200,142.8,0.5,0.19,0.218,1.209,3.0,below Mara's slope
P02018,C14,secondary header,sub main,200,79.1,0.5,0.516,0.301,0.763,12.2,below Mara's slope
P02019,C02,secondary main sewer,lateral,200,90.4,0.5,0.06,0.149,2.053,0.4,below Mara's slope
P02020,C62,secondary header,sub main,200,30.4,0.5,0.344,0.264,0.921,6.3,below Mara's slope
P02021,C02,secondary main sewer,lateral,200,37.9,0.5,0.0,0.0,,0.0,no flow in 2030
P02022,C07,secondary header,sub main,200,184.5,0.5,0.172,0.211,1.267,0.7,below Mara's slope
P02023,C02,secondary main sewer,lateral,200,92.0,0.5,0.0,0.0,,0.0,no flow in 2030
P02024,C14,secondary header,sub main,200,43.2,0.5,0.5,0.298,0.775,11.5,below Mara's slope
P02025,C14,secondary header,sub main,200,189.2,0.5,0.349,0.266,0.914,8.0,below Mara's slope
P02026,C07,secondary header,sub main,200,129.9,0.5,0.173,0.211,1.264,0.7,below Mara's slope
P02027,C07,secondary header,sub main,315,155.3,0.27,0.558,0.233,0.736,17.7,below Mara's slope
P02028,C02,secondary main sewer,lateral,200,149.4,0.5,0.257,0.241,1.052,3.2,below Mara's slope
P02029,C02,secondary main sewer,lateral,200,65.3,0.5,0.153,0.203,1.337,2.4,below Mara's slope
P02030,C07,secondary header,sub main,315,79.2,0.27,0.633,0.242,0.695,19.3,below Mara's slope
P02031,C14,secondary header,sub main,200,38.7,0.5,0.287,0.249,1.0,3.5,below Mara's slope
P02032,C165,secondary main sewer,lateral,200,69.6,0.5,0.028,0.115,2.909,0.1,below Mara's slope
P02033,C02,secondary main sewer,lateral,200,395.7,0.5,0.155,0.204,1.33,2.2,below Mara's slope
P02034,C02,secondary main sewer,lateral,200,89.1,0.5,0.27,0.245,1.029,5.6,below Mara's slope
P02035,C07,secondary main sewer,lateral,200,90.2,0.5,0.03,0.117,2.847,0.1,below Mara's slope
P02036,C04,secondary header,sub main,200,318.0,0.5,1.176,0.389,0.522,37.5,below Mara's slope
P02037,C07,secondary main sewer,lateral,200,40.6,0.5,0.015,0.092,3.895,0.0,below Mara's slope
P02038,C02,secondary main sewer,lateral,200,92.4,0.5,0.041,0.131,2.442,0.2,below Mara's slope
P02039,C02,secondary main sewer,lateral,400,177.0,0.205,0.486,0.193,0.785,13.9,below Mara's slope
P02040,C02,secondary main sewer,lateral,250,42.3,0.375,0.335,0.23,0.931,7.9,below Mara's slope
P02041,C14,secondary main sewer,lateral,200,179.3,0.5,0.205,0.224,1.167,1.3,below Mara's slope
P02042,C07,secondary main sewer,lateral,200,37.1,0.5,0.09,0.17,1.71,0.9,below Mara's slope
P02043,C14,secondary main sewer,lateral,200,46.0,0.5,0.284,0.248,1.006,3.4,below Mara's slope
P02044,C14,secondary header,sub main,200,79.3,0.5,0.284,0.248,1.006,3.4,below Mara's slope
P02045,C07,secondary header,sub main,200,113.5,0.5,0.212,0.226,1.15,3.8,below Mara's slope
P02046,C07,secondary main sewer,lateral,200,79.9,0.5,0.037,0.125,2.585,0.2,below Mara's slope
P02047,C02,secondary main sewer,lateral,200,124.2,0.5,0.32,0.258,0.952,5.7,below Mara's slope
P02048,C02,secondary main sewer,lateral,200,321.0,0.5,0.265,0.243,1.039,6.0,below Mara's slope
P02049,C02,secondary main sewer,lateral,200,186.2,0.5,0.058,0.147,2.085,0.4,below Mara's slope
P02050,C02,secondary main sewer,lateral,200,178.3,0.5,0.025,0.11,3.076,0.1,below Mara's slope
P02051,C07,secondary header,sub main,315,324.3,0.27,0.633,0.242,0.695,19.3,below Mara's slope
P02052,C07,secondary header,sub main,200,625.5,0.5,0.223,0.23,1.125,4.1,below Mara's slope
P02053,C14,secondary header,sub main,200,274.1,0.5,0.753,0.339,0.642,22.9,below Mara's slope
P02054,C07,secondary header,sub main,200,138.6,0.5,0.241,0.236,1.085,4.4,below Mara's slope
P02055,C14,secondary header,sub main,200,17.9,0.5,0.882,0.356,0.596,30.6,below Mara's slope
P02056,C14,secondary main sewer,lateral,200,84.4,0.5,0.275,0.246,1.021,5.2,below Mara's slope
P02057,C65,secondary header,sub main,200,551.6,0.5,0.767,0.341,0.636,21.5,below Mara's slope
P02058,C02,secondary main sewer,lateral,200,69.7,0.5,0.015,0.092,3.869,0.0,below Mara's slope
P02059,C206,secondary main sewer,lateral,200,105.9,0.5,0.129,0.192,1.446,1.5,below Mara's slope
P02060,C07,secondary main sewer,lateral,200,80.2,0.5,0.015,0.092,3.895,0.0,below Mara's slope
P02061,C07,secondary header,sub main,200,56.4,0.5,0.218,0.228,1.136,4.0,below Mara's slope
P02062,C65,secondary header,sub main,200,78.5,0.5,0.835,0.35,0.612,24.7,below Mara's slope
P02063,C65,secondary header,sub main,200,312.6,0.5,0.152,0.203,1.34,2.0,below Mara's slope
P02064,C02,secondary main sewer,lateral,200,79.8,0.5,0.02,0.101,3.455,0.0,below Mara's slope
P02065,C02,secondary main sewer,lateral,200,92.1,0.5,0.027,0.113,2.958,0.1,below Mara's slope
P02066,C07,secondary main sewer,lateral,200,75.4,0.5,0.088,0.169,1.728,0.9,below Mara's slope
P02067,C209,secondary main sewer,lateral,200,99.3,0.7,0.076,0.181,1.843,0.6,below Mara's slope
P02068,C209,secondary main sewer,lateral,200,109.3,0.5,0.226,0.231,1.117,2.4,below Mara's slope
P02069,C14,secondary header,sub main,200,76.3,0.5,0.882,0.356,0.596,30.6,below Mara's slope
P02070,C14,secondary main sewer,lateral,200,82.7,0.5,0.389,0.275,0.869,9.1,below Mara's slope
P02071,C07,secondary header,sub main,315,189.2,0.27,0.717,0.252,0.656,23.4,below Mara's slope
P02072,C14,secondary main sewer,lateral,200,116.6,0.5,0.216,0.227,1.142,3.7,below Mara's slope
P02073,C04,secondary main sewer,lateral,200,23.5,0.5,0.028,0.114,2.949,0.1,below Mara's slope
P02074,C206,secondary header,sub main,200,287.6,0.5,0.243,0.236,1.081,4.3,below Mara's slope
P02075,C07,secondary main sewer,lateral,200,88.2,0.5,0.033,0.121,2.712,0.1,below Mara's slope
P02076,C14,secondary main sewer,lateral,200,212.2,0.85,0.163,0.249,1.297,2.0,below Mara's slope
P02077,C90,secondary header,sub main,200,217.2,0.5,0.191,0.218,1.208,3.1,below Mara's slope
P02078,C07,secondary header,sub main,200,94.3,0.5,0.027,0.113,2.978,0.1,below Mara's slope
P02079,C14,secondary header,sub main,200,72.9,0.5,0.684,0.329,0.671,21.4,below Mara's slope
P02080,C14,secondary header,sub main,200,77.8,0.5,0.244,0.237,1.079,4.4,below Mara's slope
P02081,C07,secondary header,sub main,200,123.2,0.5,0.032,0.12,2.735,0.1,below Mara's slope
P02082,C165,secondary main sewer,lateral,200,109.8,0.5,0.126,0.19,1.463,1.4,below Mara's slope
P02083,C165,secondary main sewer,lateral,200,94.5,0.65,0.063,0.165,2.018,0.3,below Mara's slope
P02084,C165,secondary main sewer,lateral,200,129.4,0.5,0.192,0.219,1.205,2.8,below Mara's slope
P02085,C07,secondary header,sub main,200,166.9,0.5,0.027,0.113,2.978,0.1,below Mara's slope
P02086,C02,secondary main sewer,lateral,200,150.2,0.5,0.048,0.138,2.282,0.3,below Mara's slope
P02087,C02,secondary main sewer,lateral,200,167.6,0.5,0.457,0.289,0.808,11.6,below Mara's slope
P02088,C07,secondary header,sub main,200,80.6,0.5,0.223,0.23,1.125,4.1,below Mara's slope
P02089,C07,secondary main sewer,lateral,200,84.7,0.5,0.044,0.134,2.37,0.2,below Mara's slope
P02090,C07,secondary main sewer,lateral,200,76.7,0.5,0.0,0.0,,0.0,no flow in 2030
P02091,C14,secondary header,sub main,200,161.9,0.95,0.176,0.265,1.253,2.5,below Mara's slope
P02092,C07,secondary header,sub main,315,166.5,0.27,0.904,0.271,0.59,28.3,below Mara's slope
P02093,C07,secondary header,sub main,200,116.4,0.5,0.242,0.236,1.082,4.5,below Mara's slope
P02094,C07,secondary header,sub main,200,82.2,0.5,0.036,0.124,2.617,0.1,below Mara's slope
P02095,C07,secondary main sewer,lateral,200,78.5,0.5,0.08,0.164,1.799,0.8,below Mara's slope
P02096,C07,secondary main sewer,lateral,200,60.6,0.5,0.02,0.102,3.384,0.0,below Mara's slope
P02097,C14,secondary header,sub main,200,98.1,0.5,0.669,0.326,0.677,20.7,below Mara's slope
P02098,C14,secondary main sewer,lateral,200,84.1,0.75,0.245,0.273,1.076,4.6,below Mara's slope
P02099,C07,secondary header,sub main,400,45.4,0.205,0.991,0.243,0.565,32.8,below Mara's slope
P02100,C02,secondary main sewer,lateral,200,221.6,0.5,0.257,0.241,1.052,3.2,below Mara's slope
P02101,C14,secondary header,sub main,200,61.3,0.5,0.282,0.248,1.009,5.5,below Mara's slope
P02102,C07,secondary header,sub main,200,89.5,0.5,0.04,0.129,2.481,0.2,below Mara's slope
P02103,C02,secondary main sewer,lateral,200,67.6,0.5,0.014,0.089,4.036,0.0,below Mara's slope
P02104,C02,secondary main sewer,lateral,200,78.0,0.5,0.023,0.106,3.234,0.1,below Mara's slope
P02105,C07,secondary header,sub main,200,229.1,0.5,0.172,0.211,1.267,0.7,below Mara's slope
P02106,C07,secondary main sewer,lateral,200,122.6,0.5,0.38,0.273,0.88,4.9,below Mara's slope
P02107,C01,secondary header,sub main,200,96.6,0.5,0.154,0.203,1.335,2.0,below Mara's slope
P02108,C14,secondary header,sub main,200,81.2,0.5,0.564,0.309,0.733,16.0,below Mara's slope
P02109,C62,secondary header,sub main,200,84.3,1.05,0.0,0.0,,0.0,no flow in 2030
P02110,C62,secondary header,sub main,200,516.0,0.5,0.392,0.276,0.866,8.1,below Mara's slope
P02111,C07,secondary header,sub main,200,237.6,0.5,0.025,0.11,3.057,0.1,below Mara's slope
P02112,C07,secondary main sewer,lateral,200,55.8,0.5,0.0,0.0,,0.0,no flow in 2030
P02114,C07,secondary header,sub main,400,174.2,0.205,1.128,0.253,0.532,41.1,below Mara's slope
P02115,C07,secondary header,sub main,200,80.3,0.5,0.327,0.26,0.942,8.3,below Mara's slope
P02116,C02,secondary main sewer,lateral,200,75.0,0.5,0.022,0.104,3.288,0.1,below Mara's slope
P02117,C90,secondary main sewer,lateral,200,67.8,1.0,0.232,0.296,1.103,4.1,below Mara's slope
P02118,C14,secondary header,sub main,200,79.5,0.8,0.323,0.305,0.948,6.8,below Mara's slope
P02119,C14,secondary header,sub main,200,82.3,0.5,0.444,0.287,0.818,11.0,below Mara's slope
P02120,C01,secondary main sewer,lateral,200,89.4,0.5,0.089,0.169,1.721,0.7,below Mara's slope
P02121,C261,secondary main sewer,lateral,200,67.0,4.95,0.002,0.083,10.689,0.0,below Mara's slope
P02122,C14,secondary main sewer,lateral,200,83.0,0.5,0.173,0.211,1.264,2.4,below Mara's slope
P02123,C14,secondary main sewer,lateral,200,79.8,0.55,0.1,0.182,1.629,0.9,below Mara's slope
P02124,C02,secondary main sewer,lateral,200,45.1,0.5,0.015,0.092,3.878,0.0,below Mara's slope
P02125,C04,secondary header,sub main,200,108.1,0.7,0.0,0.0,,0.0,no flow in 2030
P02126,C04,secondary header,sub main,200,253.0,0.5,0.29,0.25,0.996,2.4,below Mara's slope
P02127,C14,secondary main sewer,lateral,200,55.9,1.0,0.071,0.2,1.9,0.4,below Mara's slope
P02128,C07,secondary header,sub main,400,49.9,0.205,1.136,0.254,0.531,41.5,below Mara's slope
P02129,C07,secondary header,sub main,200,129.3,0.5,0.231,0.233,1.105,4.4,below Mara's slope
P02130,C04,secondary header,sub main,200,341.0,0.5,1.232,0.394,0.511,39.0,below Mara's slope
P02131,C07,secondary header,sub main,500,55.0,0.155,1.213,0.227,0.515,45.9,below Mara's slope
P02132,C02,secondary main sewer,lateral,200,165.7,0.5,0.505,0.299,0.771,14.1,below Mara's slope
P02133,C02,secondary main sewer,lateral,200,69.2,0.5,0.028,0.114,2.945,0.1,below Mara's slope
P02134,C02,secondary main sewer,lateral,200,183.1,0.5,0.025,0.11,3.075,0.1,below Mara's slope
P02135,C90,secondary main sewer,lateral,200,229.4,0.65,0.269,0.268,1.03,5.3,below Mara's slope
P02136,C90,secondary header,sub main,200,93.5,0.5,0.562,0.309,0.734,13.5,below Mara's slope
P02137,C04,secondary header,sub main,200,79.5,0.5,0.066,0.153,1.972,0.5,below Mara's slope
P02138,C07,secondary main sewer,lateral,200,92.8,0.5,0.03,0.116,2.854,0.1,below Mara's slope
P02139,C04,secondary main sewer,lateral,200,161.2,0.5,0.049,0.138,2.265,0.2,below Mara's slope
P02140,C04,secondary header,sub main,200,288.3,0.5,0.105,0.179,1.591,1.1,below Mara's slope
P02141,C04,secondary main sewer,lateral,200,65.4,0.5,0.076,0.161,1.852,0.7,below Mara's slope
P02142,C07,secondary main sewer,lateral,200,78.1,0.5,0.021,0.102,3.375,0.0,below Mara's slope
P02143,C07,secondary main sewer,lateral,200,334.5,0.5,0.045,0.135,2.341,0.2,below Mara's slope
P02144,C04,secondary header,sub main,200,258.1,0.5,0.231,0.232,1.106,4.0,below Mara's slope
P02145,C04,secondary header,sub main,200,86.0,0.5,0.315,0.257,0.959,3.2,below Mara's slope
P02147,C01,secondary header,sub main,200,86.3,0.5,1.081,0.379,0.543,19.1,below Mara's slope
P02148,C04,secondary main sewer,lateral,200,157.1,0.7,0.047,0.154,2.293,0.2,below Mara's slope
P02149,C04,secondary main sewer,lateral,200,56.6,0.5,0.066,0.153,1.972,0.5,below Mara's slope
P02150,C07,secondary main sewer,lateral,200,137.2,0.5,0.054,0.143,2.157,0.3,below Mara's slope
P02151,C07,secondary main sewer,lateral,200,77.3,0.5,0.159,0.206,1.315,2.7,below Mara's slope
P02152,C07,secondary header,sub main,200,82.4,0.5,0.064,0.152,2.001,0.4,below Mara's slope
P02153,C07,secondary header,sub main,200,81.5,0.5,0.327,0.26,0.942,8.3,below Mara's slope
P02154,C02,secondary main sewer,lateral,200,72.4,0.5,0.012,0.085,4.283,0.0,below Mara's slope
P02155,C14,secondary header,sub main,200,568.3,0.5,0.203,0.223,1.173,3.3,below Mara's slope
P02156,C14,secondary header,sub main,200,528.8,0.5,0.076,0.161,1.843,0.6,below Mara's slope
P02157,C14,secondary header,sub main,200,181.7,0.5,0.239,0.235,1.088,4.1,below Mara's slope
P02158,C14,secondary main sewer,lateral,200,80.8,0.5,0.089,0.17,1.715,0.7,below Mara's slope
P02159,C04,secondary header,sub main,200,62.3,0.5,0.135,0.195,1.418,1.8,below Mara's slope
P02160,C04,secondary header,sub main,200,32.2,1.55,0.025,0.161,3.082,0.1,below Mara's slope
P02161,C90,secondary header,sub main,200,262.2,0.5,0.26,0.242,1.047,5.1,below Mara's slope
P02162,C90,secondary header,sub main,200,91.5,0.5,0.386,0.274,0.873,6.4,below Mara's slope
P02163,C04,secondary main sewer,lateral,200,113.3,0.5,0.149,0.202,1.352,1.9,below Mara's slope
P02164,C248,secondary header,sub main,200,102.0,1.3,0.0,0.0,,0.0,no flow in 2030
P02165,C04,secondary main sewer,lateral,200,5.7,0.5,0.0,0.0,,0.0,no flow in 2030
P02166,C07,secondary header,sub main,500,117.7,0.155,1.326,0.233,0.494,47.2,below Mara's slope
P02167,C07,secondary main sewer,lateral,200,137.3,0.5,0.041,0.13,2.454,0.2,below Mara's slope
P02169,C04,secondary header,sub main,200,83.9,0.5,0.449,0.288,0.814,8.1,below Mara's slope
P02170,C04,secondary main sewer,lateral,200,163.4,0.7,0.127,0.214,1.456,1.4,below Mara's slope
P02171,C07,secondary header,sub main,500,17.8,0.155,1.329,0.234,0.494,47.4,below Mara's slope
P02172,C14,secondary main sewer,lateral,200,17.2,0.5,0.593,0.314,0.716,17.5,below Mara's slope
P02173,C14,secondary main sewer,lateral,200,167.8,0.5,0.306,0.255,0.971,6.4,below Mara's slope
P02174,C02,secondary main sewer,lateral,200,85.0,0.5,0.074,0.159,1.874,0.7,below Mara's slope
P02175,C04,secondary header,sub main,200,153.5,0.5,0.068,0.155,1.946,0.5,below Mara's slope
P02176,C07,secondary main sewer,lateral,200,81.4,0.5,0.036,0.125,2.609,0.1,below Mara's slope
P02177,C14,secondary header,sub main,200,83.3,0.5,0.195,0.22,1.195,3.0,below Mara's slope
P02178,C07,secondary main sewer,lateral,200,82.3,0.5,0.046,0.135,2.339,0.2,below Mara's slope
P02179,C07,secondary header,sub main,200,197.3,0.5,0.051,0.141,2.211,0.3,below Mara's slope
P02180,C07,secondary header,sub main,200,76.4,0.5,0.054,0.144,2.153,0.3,below Mara's slope
P02181,C07,secondary header,sub main,200,85.7,0.5,0.074,0.159,1.874,0.6,below Mara's slope
P02182,C07,secondary header,sub main,200,209.5,0.5,0.055,0.145,2.134,0.3,below Mara's slope
P02183,C04,secondary header,sub main,200,151.4,0.65,0.047,0.15,2.299,0.2,below Mara's slope
P02184,C14,secondary main sewer,lateral,200,80.8,0.5,0.28,0.247,1.013,5.5,below Mara's slope
P02185,C14,secondary main sewer,lateral,200,106.3,0.65,0.067,0.168,1.96,0.4,below Mara's slope
P02186,C04,secondary header,sub main,200,118.1,0.5,0.054,0.143,2.158,0.3,below Mara's slope
P02187,C04,secondary header,sub main,200,103.6,0.5,0.497,0.297,0.777,9.8,below Mara's slope
P02188,C04,secondary main sewer,lateral,200,102.3,0.5,0.054,0.143,2.159,0.3,below Mara's slope
P02189,C02,secondary main sewer,lateral,200,254.9,0.5,0.073,0.159,1.882,0.7,below Mara's slope
P02190,C01,secondary header,sub main,200,103.6,0.5,1.029,0.373,0.556,16.4,below Mara's slope
P02192,C02,secondary main sewer,lateral,200,362.4,0.5,0.15,0.202,1.349,2.5,below Mara's slope
P02193,C01,secondary main sewer,lateral,200,62.2,0.75,0.081,0.188,1.798,0.6,below Mara's slope
P02194,C04,secondary header,sub main,200,158.1,0.5,1.269,0.398,0.504,40.9,below Mara's slope
P02195,C14,secondary main sewer,lateral,200,163.5,0.5,0.16,0.206,1.309,2.2,below Mara's slope
P02196,C14,secondary main sewer,lateral,200,71.3,0.5,0.24,0.235,1.087,4.3,below Mara's slope
P02197,C04,secondary header,sub main,200,87.6,0.7,0.056,0.163,2.121,0.3,below Mara's slope
P02198,C04,secondary header,sub main,200,134.2,0.5,0.083,0.166,1.77,0.7,below Mara's slope
P02199,C04,secondary header,sub main,200,154.1,0.5,0.083,0.166,1.77,0.7,below Mara's slope
P02200,C14,secondary header,sub main,200,106.6,0.9,0.126,0.233,1.461,1.5,below Mara's slope
P02201,C07,secondary main sewer,lateral,200,135.4,0.5,0.297,0.252,0.985,1.3,below Mara's slope
P02202,C07,secondary header,sub main,500,211.1,0.155,1.331,0.234,0.493,47.5,below Mara's slope
P02203,C07,secondary main sewer,lateral,200,160.1,0.65,0.03,0.128,2.819,0.1,below Mara's slope
P02204,C07,secondary main sewer,lateral,200,224.5,0.5,0.174,0.212,1.261,3.0,below Mara's slope
P02205,C01,secondary header,sub main,200,498.1,0.5,1.153,0.387,0.527,21.3,below Mara's slope
P02206,C02,secondary main sewer,lateral,200,184.4,0.5,0.078,0.162,1.822,0.7,below Mara's slope
P02207,C07,secondary main sewer,lateral,200,141.4,0.5,0.177,0.213,1.251,3.1,below Mara's slope
P02208,C04,secondary header,sub main,200,89.3,0.5,0.51,0.3,0.768,10.2,below Mara's slope
P02209,C01,secondary main sewer,lateral,200,111.6,0.65,0.036,0.136,2.604,0.1,below Mara's slope
P02210,C07,secondary header,sub main,200,105.0,0.5,0.04,0.129,2.496,0.2,below Mara's slope
P02211,C07,secondary header,sub main,200,138.2,0.5,0.279,0.247,1.014,6.5,below Mara's slope
P02212,C07,secondary header,sub main,200,95.9,0.5,0.098,0.175,1.644,0.9,below Mara's slope
P02213,C07,secondary header,sub main,500,75.7,0.155,1.333,0.234,0.493,47.6,below Mara's slope
P02214,C02,secondary main sewer,lateral,200,66.5,0.5,0.105,0.179,1.589,1.2,below Mara's slope
P02215,C02,secondary main sewer,lateral,200,55.9,0.5,0.011,0.082,4.507,0.0,below Mara's slope
P02216,C07,secondary main sewer,lateral,200,155.0,0.5,0.03,0.116,2.85,0.1,below Mara's slope
P02217,C01,secondary header,sub main,200,81.9,0.5,0.971,0.367,0.57,13.6,below Mara's slope
P02218,C07,secondary header,sub main,200,91.2,0.5,0.322,0.259,0.948,8.1,below Mara's slope
P02219,C02,secondary main sewer,lateral,500,513.0,0.155,0.658,0.187,0.683,21.8,below Mara's slope
P02220,C02,secondary main sewer,lateral,200,34.1,0.5,0.108,0.181,1.573,1.2,below Mara's slope
P02221,C07,secondary header,sub main,200,116.0,0.5,0.327,0.26,0.943,8.3,below Mara's slope
P02222,C07,secondary header,sub main,200,201.0,0.5,0.327,0.26,0.943,8.3,below Mara's slope
P02223,C14,secondary main sewer,lateral,200,85.2,0.5,0.126,0.191,1.462,1.4,below Mara's slope
P02224,C14,secondary main sewer,lateral,200,49.9,0.5,0.094,0.173,1.673,0.8,below Mara's slope
P02226,C01,secondary header,sub main,200,76.8,0.5,0.714,0.333,0.657,4.4,below Mara's slope
P02227,C105,secondary header,sub main,200,180.7,0.5,0.177,0.213,1.251,2.5,below Mara's slope
P02228,C01,secondary main sewer,lateral,200,53.4,0.5,0.027,0.113,2.965,0.1,below Mara's slope
P02229,C01,secondary main sewer,lateral,200,57.6,0.8,0.016,0.109,3.835,0.0,below Mara's slope
P02230,C07,secondary main sewer,lateral,200,99.4,0.5,0.026,0.112,3.019,0.1,below Mara's slope
P02231,C01,secondary main sewer,lateral,200,44.1,0.5,0.042,0.132,2.415,0.2,below Mara's slope
P02232,C01,secondary main sewer,lateral,200,64.8,0.5,0.027,0.113,2.963,0.1,below Mara's slope
P02233,C01,secondary main sewer,lateral,200,79.4,0.5,0.134,0.194,1.422,1.5,below Mara's slope
P02234,C105,secondary header,sub main,200,83.7,0.5,0.108,0.181,1.567,1.0,below Mara's slope
P02235,C01,secondary header,sub main,200,44.2,0.5,0.951,0.364,0.576,12.7,below Mara's slope
P02236,C01,secondary header,sub main,200,30.6,0.5,0.171,0.211,1.27,2.3,below Mara's slope
P02237,C04,secondary main sewer,lateral,200,76.6,0.5,0.084,0.166,1.767,0.6,below Mara's slope
P02238,C04,secondary main sewer,lateral,200,231.3,0.5,0.286,0.249,1.002,1.9,below Mara's slope
P02239,C04,secondary header,sub main,200,85.8,0.5,0.571,0.31,0.729,12.8,below Mara's slope
P02240,C04,secondary main sewer,lateral,200,23.8,0.5,0.0,0.0,,0.0,no flow in 2030
P02241,C02,secondary main sewer,lateral,200,74.1,0.5,0.064,0.152,1.997,0.4,below Mara's slope
P02242,C02,secondary main sewer,lateral,200,81.3,0.5,0.056,0.145,2.129,0.3,below Mara's slope
P02243,C01,secondary header,sub main,200,103.0,0.5,0.744,0.337,0.645,5.8,below Mara's slope
P02244,C01,secondary header,sub main,200,126.1,0.5,1.153,0.387,0.527,21.3,below Mara's slope
P02245,C01,secondary main sewer,lateral,200,193.9,0.5,0.0,0.0,,0.0,no flow in 2030
P02246,C01,secondary main sewer,lateral,200,184.0,0.5,0.018,0.097,3.612,0.0,below Mara's slope
P02247,C07,secondary header,sub main,200,90.8,0.5,0.167,0.209,1.285,2.7,below Mara's slope
P02248,C07,secondary header,sub main,200,96.2,0.5,0.024,0.109,3.115,0.1,below Mara's slope
P02249,C01,secondary header,sub main,200,39.7,0.5,0.889,0.357,0.594,9.8,below Mara's slope
P02250,C01,secondary header,sub main,200,77.7,0.5,0.833,0.35,0.612,7.1,below Mara's slope
P02251,C07,secondary header,sub main,200,85.4,0.5,0.145,0.2,1.37,2.2,below Mara's slope
P02252,C04,secondary header,sub main,200,349.0,0.5,0.226,0.231,1.118,4.4,below Mara's slope
P02253,C04,secondary header,sub main,200,385.5,0.5,0.226,0.231,1.118,4.3,below Mara's slope
P02254,C55,secondary main sewer,lateral,200,114.1,0.55,0.016,0.098,3.735,0.0,below Mara's slope
P02255,C01,secondary header,sub main,200,242.9,0.5,0.093,0.172,1.679,0.8,below Mara's slope
P02256,C156,secondary main sewer,lateral,200,80.3,0.5,0.023,0.107,3.195,0.1,below Mara's slope
P02257,C04,secondary header,sub main,200,62.7,0.5,0.391,0.275,0.868,10.6,below Mara's slope
P02258,C04,secondary header,sub main,200,514.1,0.5,0.131,0.193,1.434,0.0,below Mara's slope
P02259,C04,secondary header,sub main,200,114.8,0.5,0.207,0.224,1.163,0.0,below Mara's slope
P02260,C04,secondary main sewer,lateral,200,172.9,0.5,0.161,0.207,1.305,2.1,below Mara's slope
P02261,C04,secondary main sewer,lateral,200,59.3,1.0,0.055,0.182,2.149,0.3,below Mara's slope
P02262,C105,secondary header,sub main,200,125.4,0.5,0.231,0.233,1.105,4.0,below Mara's slope
P02263,C04,secondary main sewer,lateral,200,4.7,1.55,0.0,0.0,,0.0,no flow in 2030
P02264,C02,secondary main sewer,lateral,200,84.8,0.5,0.025,0.11,3.09,0.1,below Mara's slope
P02265,C02,secondary main sewer,lateral,200,132.7,0.5,0.021,0.104,3.322,0.1,below Mara's slope
P02266,C14,secondary header,sub main,200,439.3,0.5,0.245,0.237,1.077,4.6,below Mara's slope
P02267,C02,secondary main sewer,lateral,200,58.5,0.5,0.016,0.093,3.83,0.0,below Mara's slope
P02268,C02,secondary main sewer,lateral,200,97.5,0.5,0.011,0.082,4.507,0.0,below Mara's slope
P02270,C14,secondary main sewer,lateral,200,299.5,0.5,0.284,0.249,1.005,5.6,below Mara's slope
P02271,C07,secondary header,sub main,200,81.1,0.5,0.144,0.199,1.376,2.2,below Mara's slope
P02272,C55,secondary main sewer,lateral,200,78.3,0.55,0.026,0.115,3.037,0.1,below Mara's slope
P02273,C02,secondary main sewer,lateral,200,465.9,0.5,0.505,0.299,0.771,14.1,below Mara's slope
P02274,C105,secondary main sewer,lateral,200,124.5,0.55,0.209,0.233,1.157,3.5,below Mara's slope
P02275,C04,secondary header,sub main,200,164.4,0.5,0.618,0.318,0.703,14.8,below Mara's slope
P02276,C04,secondary main sewer,lateral,200,21.3,0.5,0.103,0.178,1.607,1.0,below Mara's slope
P02277,C77,secondary main sewer,lateral,200,78.7,0.5,0.017,0.096,3.66,0.0,below Mara's slope
P02279,C14,secondary header,sub main,200,293.1,0.5,0.245,0.237,1.076,4.6,below Mara's slope
P02280,C156,secondary main sewer,lateral,200,89.4,0.5,0.054,0.144,2.157,0.3,below Mara's slope
P02281,C01,secondary main sewer,lateral,200,102.3,0.5,0.215,0.227,1.143,0.7,below Mara's slope
P02282,C04,secondary main sewer,lateral,200,211.1,0.5,0.116,0.185,1.52,1.1,below Mara's slope
P02283,C04,secondary main sewer,lateral,200,83.0,0.6,0.093,0.183,1.681,0.8,below Mara's slope
P02284,C04,secondary header,sub main,200,328.9,0.5,0.312,0.256,0.963,6.7,below Mara's slope
P02285,C02,secondary main sewer,lateral,200,33.8,0.5,0.0,0.0,,0.0,no flow in 2030
P02286,C02,secondary main sewer,lateral,200,48.3,0.5,0.0,0.0,,0.0,no flow in 2030
P02287,C55,secondary header,sub main,200,267.5,0.5,0.04,0.13,2.471,0.2,below Mara's slope
P02288,C105,secondary header,sub main,200,179.9,0.5,0.355,0.267,0.907,8.1,below Mara's slope
P02289,C105,secondary main sewer,lateral,200,79.7,0.5,0.217,0.228,1.139,3.7,below Mara's slope
P02290,C01,secondary main sewer,lateral,200,33.4,0.5,0.079,0.163,1.818,0.6,below Mara's slope
P02291,C01,secondary main sewer,lateral,200,52.5,1.3,0.081,0.227,1.796,0.6,below Mara's slope
P02292,C01,secondary main sewer,lateral,200,69.1,0.5,0.181,0.215,1.238,2.6,below Mara's slope
P02293,C55,secondary header,sub main,200,79.4,0.5,0.069,0.156,1.933,0.5,below Mara's slope
P02294,C105,secondary header,sub main,200,77.5,0.5,0.482,0.294,0.788,12.7,below Mara's slope
P02295,C04,secondary header,sub main,200,399.0,0.5,0.579,0.312,0.724,15.5,below Mara's slope
P02296,C04,secondary header,sub main,200,144.7,0.5,0.579,0.312,0.724,15.5,below Mara's slope
P02298,C01,secondary main sewer,lateral,200,97.4,0.5,0.096,0.174,1.661,0.8,below Mara's slope
P02299,C04,secondary header,sub main,200,101.6,0.5,0.952,0.364,0.576,33.2,below Mara's slope
P02300,C04,secondary header,sub main,200,250.7,0.5,0.735,0.336,0.649,22.5,below Mara's slope
P02301,C105,secondary header,sub main,200,68.6,0.5,0.462,0.29,0.803,12.1,below Mara's slope
P02302,C105,secondary header,sub main,200,81.6,0.5,0.457,0.289,0.808,11.9,below Mara's slope
P02303,C04,secondary main sewer,lateral,200,78.6,0.55,0.165,0.215,1.292,2.1,below Mara's slope
P02304,C55,secondary header,sub main,200,79.7,0.5,0.043,0.133,2.39,0.2,below Mara's slope
P02305,C55,secondary header,sub main,200,188.2,0.5,0.108,0.181,1.57,1.1,below Mara's slope
P02306,C04,secondary header,sub main,200,162.7,0.5,0.646,0.323,0.688,16.0,below Mara's slope
P02307,C04,secondary main sewer,lateral,200,48.5,0.5,0.383,0.274,0.876,6.6,below Mara's slope
P02308,C105,secondary main sewer,lateral,200,23.7,0.5,0.03,0.117,2.837,0.1,below Mara's slope
P02309,C02,secondary main sewer,lateral,200,216.4,0.5,0.594,0.314,0.716,16.3,below Mara's slope
P02310,C02,secondary main sewer,lateral,500,356.2,0.155,0.682,0.189,0.671,23.1,below Mara's slope
P02311,C55,secondary main sewer,lateral,200,80.3,0.5,0.071,0.157,1.901,0.5,below Mara's slope
P02312,C01,secondary main sewer,lateral,200,75.3,0.5,0.244,0.237,1.079,2.8,below Mara's slope
P02313,C01,secondary main sewer,lateral,200,97.6,0.5,0.048,0.137,2.285,0.2,below Mara's slope
P02314,C04,secondary header,sub main,200,95.1,0.5,0.372,0.271,0.888,8.8,below Mara's slope
P02316,C07,secondary main sewer,lateral,200,118.8,0.5,0.022,0.105,3.283,0.1,below Mara's slope
P02317,C07,secondary header,sub main,200,415.4,0.5,0.069,0.156,1.93,0.5,below Mara's slope
P02318,C77,secondary header,sub main,200,205.2,0.5,0.031,0.119,2.778,0.1,below Mara's slope
P02319,C55,secondary header,sub main,200,79.7,0.5,0.088,0.169,1.729,0.8,below Mara's slope
P02320,C77,secondary main sewer,lateral,200,96.8,0.5,0.04,0.129,2.495,0.2,below Mara's slope
P02321,C01,secondary header,sub main,200,36.3,1.2,0.0,0.0,,0.0,no flow in 2030
P02322,C193,secondary header,sub main,200,221.5,0.5,0.07,0.156,1.922,0.2,below Mara's slope
P02323,C02,secondary main sewer,lateral,200,249.6,0.5,0.096,0.174,1.661,1.0,below Mara's slope
P02324,C02,secondary main sewer,lateral,200,315.0,0.5,0.22,0.229,1.13,2.2,below Mara's slope
P02325,C187,secondary main sewer,lateral,200,113.6,0.5,0.072,0.158,1.887,0.5,below Mara's slope
P02326,C07,secondary header,sub main,200,271.7,0.5,0.116,0.186,1.516,1.5,below Mara's slope
P02327,C55,secondary main sewer,lateral,200,80.1,0.5,0.064,0.152,2.003,0.4,below Mara's slope
P02328,C02,secondary main sewer,lateral,200,139.2,0.5,0.021,0.103,3.331,0.1,below Mara's slope
P02329,C02,secondary main sewer,lateral,200,90.8,0.5,0.021,0.103,3.347,0.1,below Mara's slope
P02330,C07,secondary main sewer,lateral,200,73.2,0.5,0.048,0.138,2.281,0.3,below Mara's slope
P02332,C77,secondary header,sub main,200,82.9,0.5,0.053,0.143,2.171,0.3,below Mara's slope
P02333,C77,secondary header,sub main,200,19.1,0.5,0.056,0.145,2.119,0.3,below Mara's slope
P02334,C01,secondary main sewer,lateral,200,314.7,0.5,0.31,0.256,0.965,4.9,below Mara's slope
P02335,C55,secondary header,sub main,200,81.8,0.5,0.085,0.167,1.749,0.7,below Mara's slope
P02336,C04,secondary main sewer,lateral,200,194.9,0.5,0.216,0.227,1.141,1.1,below Mara's slope
P02337,C01,secondary header,sub main,200,462.4,0.5,1.167,0.388,0.524,22.0,below Mara's slope
P02338,C02,secondary main sewer,lateral,200,87.3,0.5,0.033,0.122,2.694,0.1,below Mara's slope
P02339,C02,secondary main sewer,lateral,200,397.3,0.5,0.096,0.174,1.662,1.0,below Mara's slope
P02341,C77,secondary header,sub main,200,181.1,0.5,0.062,0.15,2.031,0.4,below Mara's slope
P02342,C55,secondary main sewer,lateral,200,82.4,0.75,0.049,0.159,2.261,0.3,below Mara's slope
P02343,C07,secondary header,sub main,200,114.2,0.5,0.024,0.109,3.115,0.1,below Mara's slope
P02344,C07,secondary header,sub main,200,125.4,2.75,0.016,0.164,3.813,0.0,below Mara's slope
P02345,C77,secondary header,sub main,200,89.8,0.5,0.069,0.156,1.929,0.5,below Mara's slope
P02346,C193,secondary header,sub main,200,128.4,0.5,0.076,0.161,1.847,0.3,below Mara's slope
P02347,C04,secondary header,sub main,200,267.6,0.5,0.885,0.356,0.595,24.7,below Mara's slope
P02348,C01,secondary main sewer,lateral,200,194.1,0.5,0.089,0.169,1.721,0.7,below Mara's slope
P02349,C55,secondary header,sub main,200,78.8,0.5,0.083,0.165,1.777,0.7,below Mara's slope
P02350,C55,secondary main sewer,lateral,200,110.1,0.5,0.048,0.137,2.292,0.2,below Mara's slope
P02351,C04,secondary main sewer,lateral,200,194.1,0.5,0.273,0.245,1.024,1.5,below Mara's slope
P02352,C07,secondary main sewer,lateral,200,153.0,0.5,0.036,0.125,2.59,0.2,below Mara's slope
P02353,C04,secondary header,sub main,200,244.1,0.5,0.315,0.257,0.958,6.8,below Mara's slope
P02354,C07,secondary main sewer,lateral,200,287.8,0.5,0.107,0.18,1.577,1.3,below Mara's slope
P02355,C02,secondary main sewer,lateral,200,173.1,0.5,0.074,0.16,1.867,0.7,below Mara's slope
P02356,C02,secondary main sewer,lateral,200,54.9,0.5,0.076,0.161,1.844,0.7,below Mara's slope
P02357,C193,secondary header,sub main,200,77.9,0.5,0.08,0.163,1.808,0.3,below Mara's slope
P02358,C77,secondary header,sub main,200,82.1,0.5,0.074,0.16,1.867,0.6,below Mara's slope
P02359,C14,secondary main sewer,lateral,200,317.3,0.5,0.0,0.0,,0.0,no flow in 2030
P02360,C01,secondary main sewer,lateral,200,128.9,0.5,0.229,0.232,1.109,2.5,below Mara's slope
P02361,C01,secondary main sewer,lateral,200,200.4,0.5,0.229,0.232,1.109,2.5,below Mara's slope
P02362,C193,secondary header,sub main,200,37.8,0.5,0.086,0.168,1.74,0.4,below Mara's slope
P02363,C07,secondary main sewer,lateral,200,70.4,0.5,0.069,0.156,1.924,0.6,below Mara's slope
P02365,C01,secondary header,sub main,200,354.6,0.5,0.112,0.183,1.543,1.1,below Mara's slope
P02366,C04,secondary header,sub main,200,237.2,0.5,0.959,0.365,0.574,28.4,below Mara's slope
P02367,C197,secondary header,sub main,200,577.7,0.55,0.0,0.0,,0.0,no flow in 2030
P02368,C01,secondary main sewer,lateral,200,121.4,1.05,0.122,0.243,1.484,1.3,below Mara's slope
P02369,C01,secondary main sewer,lateral,200,89.2,0.5,0.221,0.229,1.128,3.6,below Mara's slope
P02370,C187,secondary header,sub main,200,425.3,0.65,0.415,0.307,0.844,10.3,below Mara's slope
P02371,C02,secondary main sewer,lateral,200,20.7,0.5,0.011,0.082,4.507,0.0,below Mara's slope
P02372,C04,secondary main sewer,lateral,200,93.5,0.5,0.31,0.256,0.965,6.3,below Mara's slope
P02373,C04,secondary main sewer,lateral,200,240.4,0.5,0.229,0.232,1.111,3.9,below Mara's slope
P02374,C01,secondary main sewer,lateral,200,369.7,0.5,0.412,0.28,0.847,8.0,below Mara's slope
P02376,C04,secondary main sewer,lateral,200,21.6,0.5,0.165,0.208,1.291,2.2,below Mara's slope
P02377,C04,secondary header,sub main,200,82.1,0.5,0.999,0.37,0.563,30.5,below Mara's slope
P02378,C01,secondary header,sub main,200,94.2,0.5,0.143,0.199,1.38,1.7,below Mara's slope
P02379,C55,secondary header,sub main,200,321.4,0.5,0.062,0.15,2.029,0.4,below Mara's slope
P02380,C77,secondary main sewer,lateral,200,194.6,0.5,0.017,0.096,3.668,0.0,below Mara's slope
P02381,C77,secondary main sewer,lateral,200,60.6,0.7,0.016,0.105,3.769,0.0,below Mara's slope
P02382,C01,secondary main sewer,lateral,200,44.0,1.1,0.23,0.304,1.109,3.8,below Mara's slope
P02383,C01,secondary main sewer,lateral,200,122.2,0.5,0.277,0.247,1.017,5.2,below Mara's slope
P02385,C01,secondary header,sub main,200,432.8,0.5,0.564,0.309,0.733,15.5,below Mara's slope
P02386,C01,secondary main sewer,lateral,200,124.4,0.5,0.519,0.301,0.762,13.6,below Mara's slope
P02387,C55,secondary header,sub main,200,132.1,0.5,0.037,0.126,2.569,0.2,below Mara's slope
P02388,C55,secondary header,sub main,200,79.2,0.5,0.026,0.111,3.02,0.1,below Mara's slope
P02389,C04,secondary main sewer,lateral,200,69.8,0.5,0.165,0.208,1.291,2.2,below Mara's slope
P02390,C77,secondary main sewer,lateral,200,88.1,0.5,0.027,0.113,2.958,0.1,below Mara's slope
P02391,C77,secondary header,sub main,200,377.1,0.5,0.082,0.165,1.786,0.7,below Mara's slope
P02392,C77,secondary main sewer,lateral,200,126.2,0.5,0.084,0.166,1.766,0.8,below Mara's slope
P02393,C01,secondary header,sub main,200,388.2,0.5,1.242,0.395,0.509,24.5,below Mara's slope
P02395,C01,secondary header,sub main,200,75.1,0.5,0.167,0.209,1.286,1.7,below Mara's slope
P02396,C04,secondary header,sub main,200,109.8,0.5,1.016,0.372,0.559,31.3,below Mara's slope
P02397,C04,secondary main sewer,lateral,200,24.2,0.5,0.076,0.161,1.843,0.6,below Mara's slope
P02399,C01,secondary main sewer,lateral,200,83.6,0.5,0.161,0.207,1.304,2.1,below Mara's slope
P02400,C01,secondary main sewer,lateral,200,92.5,0.5,0.323,0.259,0.947,6.5,below Mara's slope
P02401,C04,secondary header,sub main,200,50.3,0.5,1.017,0.372,0.558,31.4,below Mara's slope
P02402,C01,secondary main sewer,lateral,200,57.8,0.5,0.039,0.128,2.509,0.1,below Mara's slope
P02403,C14,secondary main sewer,lateral,200,553.2,0.5,0.181,0.215,1.237,2.7,below Mara's slope
P02404,C14,secondary main sewer,lateral,200,498.4,0.5,0.0,0.0,,0.0,no flow in 2030
P02405,C02,secondary main sewer,lateral,200,43.9,0.5,0.023,0.106,3.213,0.1,below Mara's slope
P02408,C04,secondary header,sub main,200,35.2,0.5,1.03,0.373,0.555,32.0,below Mara's slope
P02409,C04,secondary main sewer,lateral,200,87.3,0.5,0.242,0.236,1.083,4.3,below Mara's slope
P02410,C01,secondary header,sub main,200,200.6,0.5,0.814,0.347,0.619,24.7,below Mara's slope
P02413,C01,secondary main sewer,lateral,200,43.7,0.5,0.095,0.173,1.666,0.8,below Mara's slope
P02414,C01,secondary main sewer,lateral,200,84.2,0.5,0.251,0.239,1.065,4.3,below Mara's slope
P02416,C04,secondary header,sub main,200,49.2,0.5,1.116,0.383,0.535,36.3,below Mara's slope
P02417,C02,secondary main sewer,lateral,200,143.7,0.5,0.001,0.03,14.721,0.0,below Mara's slope
P02418,C02,secondary main sewer,lateral,200,83.8,0.5,0.016,0.093,3.797,0.0,below Mara's slope
P02419,C02,secondary main sewer,lateral,200,80.8,0.5,0.047,0.137,2.305,0.2,below Mara's slope
P02420,C02,secondary main sewer,lateral,200,65.6,0.5,0.212,0.226,1.152,4.4,below Mara's slope
P02421,C02,secondary main sewer,lateral,200,538.5,0.5,0.212,0.226,1.152,4.4,below Mara's slope
P02425,C04,secondary main sewer,lateral,200,154.2,0.8,0.251,0.281,1.064,4.7,below Mara's slope
P02426,C02,secondary main sewer,lateral,500,736.8,0.155,1.043,0.216,0.552,39.4,below Mara's slope
P02427,C04,secondary main sewer,lateral,200,42.5,0.5,0.117,0.186,1.511,0.0,below Mara's slope
P02428,C14,secondary header,sub main,200,39.7,0.5,0.175,0.212,1.257,2.4,below Mara's slope
P02429,C01,secondary header,sub main,200,172.4,0.5,0.176,0.213,1.254,1.9,below Mara's slope
P02430,C04,secondary header,sub main,200,79.9,0.5,1.121,0.383,0.534,36.6,below Mara's slope
P02431,C04,secondary main sewer,lateral,200,190.6,0.5,0.18,0.214,1.24,2.6,below Mara's slope
P02432,C14,secondary header,sub main,200,76.1,0.5,0.157,0.205,1.321,2.0,below Mara's slope
P02434,C01,secondary main sewer,lateral,200,74.5,0.5,0.119,0.187,1.5,1.3,below Mara's slope
P02435,C01,secondary main sewer,lateral,200,113.9,0.5,0.152,0.203,1.341,1.9,below Mara's slope
P02436,C04,secondary main sewer,lateral,200,86.4,0.5,0.246,0.237,1.075,4.6,below Mara's slope
P02437,C02,secondary main sewer,lateral,200,128.5,0.5,0.057,0.146,2.108,0.4,below Mara's slope
P02438,C01,secondary header,sub main,200,91.2,0.5,0.25,0.239,1.066,3.9,below Mara's slope
P02439,C04,secondary header,sub main,200,100.6,0.5,1.221,0.393,0.513,42.0,below Mara's slope
P02440,C14,secondary header,sub main,200,148.2,0.5,0.157,0.205,1.321,2.0,below Mara's slope
P02441,C01,secondary main sewer,lateral,200,164.5,0.5,0.216,0.227,1.141,3.4,below Mara's slope
P02443,C14,secondary main sewer,lateral,200,124.2,0.5,0.064,0.152,1.993,0.4,below Mara's slope
P02444,C04,secondary main sewer,lateral,200,95.6,0.7,0.136,0.22,1.41,1.6,below Mara's slope
P02445,C02,secondary main sewer,lateral,200,261.4,0.5,0.044,0.133,2.378,0.2,below Mara's slope
P02446,C02,secondary main sewer,lateral,200,77.7,0.5,0.067,0.154,1.962,0.5,below Mara's slope
P02449,C62,secondary header,sub main,200,1519.1,0.5,0.454,0.289,0.81,10.6,below Mara's slope
P02450,C02,secondary main sewer,lateral,200,59.9,0.5,0.0,0.0,,0.0,no flow in 2030
P02451,C04,secondary main sewer,lateral,200,95.6,0.5,0.375,0.272,0.884,1.7,below Mara's slope
P02452,C04,secondary main sewer,lateral,200,54.0,0.5,0.376,0.272,0.883,1.8,below Mara's slope
P02454,C02,secondary main sewer,lateral,200,71.0,0.5,0.013,0.087,4.148,0.0,below Mara's slope
P02455,C02,secondary main sewer,lateral,200,206.1,0.5,0.212,0.226,1.152,4.4,below Mara's slope
P02456,C14,secondary main sewer,lateral,200,81.7,0.5,0.246,0.237,1.075,4.5,below Mara's slope
P02457,C01,secondary header,sub main,200,255.0,0.5,0.814,0.347,0.619,24.7,below Mara's slope
P02458,C04,secondary main sewer,lateral,200,87.6,0.5,0.162,0.207,1.304,2.1,below Mara's slope
P02459,C01,secondary main sewer,lateral,200,99.7,0.5,0.193,0.219,1.2,2.9,below Mara's slope
P02460,C01,secondary main sewer,lateral,200,139.5,0.5,0.163,0.207,1.299,2.1,below Mara's slope
P02463,C01,secondary header,sub main,200,85.0,0.5,0.129,0.192,1.449,1.4,below Mara's slope
P02464,C02,secondary main sewer,lateral,200,34.7,0.5,0.044,0.134,2.376,0.2,below Mara's slope
P02465,C02,secondary main sewer,lateral,200,249.7,0.5,0.044,0.134,2.376,0.2,below Mara's slope
P02466,C04,secondary main sewer,lateral,200,168.0,0.5,0.175,0.212,1.256,2.6,below Mara's slope
P02467,C14,secondary main sewer,lateral,200,58.2,0.5,0.281,0.248,1.011,5.5,below Mara's slope
P02468,C04,secondary header,sub main,200,158.2,0.5,1.249,0.396,0.508,43.4,below Mara's slope
P02469,C02,secondary main sewer,lateral,200,245.6,0.5,0.023,0.106,3.222,0.1,below Mara's slope
P02470,C02,secondary main sewer,lateral,200,158.4,0.5,0.035,0.123,2.653,0.1,below Mara's slope
P02471,C02,secondary main sewer,lateral,500,258.5,0.155,1.043,0.216,0.552,39.4,below Mara's slope
P02473,C04,secondary main sewer,lateral,200,62.7,0.5,0.168,0.21,1.281,2.2,below Mara's slope
P02474,C01,secondary main sewer,lateral,200,81.6,0.5,0.046,0.135,2.335,0.2,below Mara's slope
P02475,C14,secondary header,sub main,200,273.2,0.5,0.089,0.169,1.721,0.7,below Mara's slope
P02476,C14,secondary main sewer,lateral,200,82.7,0.55,0.164,0.215,1.296,2.3,below Mara's slope
P02477,C02,secondary main sewer,lateral,200,180.0,0.5,0.03,0.117,2.844,0.1,below Mara's slope
P02478,C01,secondary main sewer,lateral,200,59.3,0.5,0.196,0.22,1.192,2.9,below Mara's slope
P02479,C01,secondary main sewer,lateral,200,158.1,0.8,0.202,0.261,1.177,3.0,below Mara's slope
P02480,C14,secondary main sewer,lateral,200,73.5,0.5,0.308,0.255,0.968,6.4,below Mara's slope
P02481,C04,secondary header,sub main,200,81.0,0.5,1.264,0.398,0.505,44.1,below Mara's slope
P02483,C14,secondary main sewer,lateral,200,55.6,0.5,0.171,0.211,1.271,2.4,below Mara's slope
P02484,C02,secondary main sewer,lateral,200,130.8,0.5,0.213,0.227,1.147,4.4,below Mara's slope
P02485,C02,secondary main sewer,lateral,200,82.2,0.5,0.041,0.131,2.45,0.2,below Mara's slope
P02489,C02,secondary main sewer,lateral,200,82.3,0.5,0.044,0.134,2.369,0.2,below Mara's slope
P02490,C02,secondary main sewer,lateral,200,160.3,0.5,0.036,0.125,2.6,0.1,below Mara's slope
P02493,C01,secondary main sewer,lateral,200,11.4,0.75,0.025,0.126,3.094,0.1,below Mara's slope
P02494,C01,secondary main sewer,lateral,200,67.7,0.5,0.139,0.197,1.4,1.5,below Mara's slope
P02495,C14,secondary header,sub main,200,126.2,0.5,0.451,0.288,0.812,11.6,below Mara's slope
P02496,C14,secondary main sewer,lateral,200,71.9,0.5,0.35,0.266,0.913,7.8,below Mara's slope
P02497,C14,secondary main sewer,lateral,200,76.5,0.5,0.222,0.229,1.127,3.8,below Mara's slope
P02498,C01,secondary main sewer,lateral,200,85.3,0.5,0.123,0.189,1.477,1.2,below Mara's slope
P02499,C02,secondary main sewer,lateral,200,86.1,0.5,0.221,0.229,1.129,4.6,below Mara's slope
P02501,C02,secondary main sewer,lateral,200,24.7,0.5,0.017,0.096,3.664,0.0,below Mara's slope
P02502,C02,secondary main sewer,lateral,200,97.5,0.5,0.081,0.165,1.789,0.7,below Mara's slope
P02503,C02,secondary main sewer,lateral,200,94.0,0.5,0.06,0.149,2.056,0.4,below Mara's slope
P02504,C02,secondary main sewer,lateral,200,162.6,0.5,0.051,0.141,2.215,0.3,below Mara's slope
P02505,C02,secondary main sewer,lateral,200,244.3,0.5,0.026,0.111,3.041,0.1,below Mara's slope
P02506,C02,secondary main sewer,lateral,200,87.2,0.5,0.042,0.132,2.418,0.2,below Mara's slope
P02507,C02,secondary main sewer,lateral,200,127.1,0.5,0.033,0.121,2.722,0.1,below Mara's slope
P02508,C07,secondary header,sub main,500,1544.7,0.155,1.333,0.234,0.493,47.6,below Mara's slope
P02509,C14,secondary header,sub main,200,147.6,0.5,0.222,0.229,1.127,3.8,below Mara's slope
P02510,C14,secondary main sewer,lateral,200,76.4,0.7,0.222,0.258,1.127,3.8,below Mara's slope
P02511,C01,secondary main sewer,lateral,200,35.3,0.5,0.016,0.093,3.832,0.0,below Mara's slope
P02512,C01,secondary main sewer,lateral,200,121.8,0.5,0.044,0.133,2.381,0.2,below Mara's slope
P02513,C14,secondary header,sub main,200,270.4,0.5,0.083,0.166,1.77,0.6,below Mara's slope
P02515,C02,secondary main sewer,lateral,500,261.4,0.155,1.044,0.217,0.552,39.4,below Mara's slope
P02516,C02,secondary main sewer,lateral,200,261.9,0.5,0.042,0.132,2.424,0.2,below Mara's slope
P02517,C02,secondary main sewer,lateral,200,101.8,0.5,0.047,0.137,2.3,0.2,below Mara's slope
P02518,C14,secondary main sewer,lateral,200,97.6,0.5,0.055,0.144,2.144,0.3,below Mara's slope
P02520,C02,secondary main sewer,lateral,200,262.3,0.5,0.043,0.133,2.397,0.2,below Mara's slope
P02521,C02,secondary main sewer,lateral,500,43.6,0.155,1.048,0.217,0.551,39.7,below Mara's slope
P02522,C01,secondary main sewer,lateral,200,110.9,0.5,0.05,0.14,2.24,0.2,below Mara's slope
P02523,C01,secondary main sewer,lateral,200,89.9,0.5,0.071,0.157,1.908,0.4,below Mara's slope
P02524,C02,secondary main sewer,lateral,200,139.7,0.5,0.084,0.167,1.761,0.7,below Mara's slope
P02525,C02,secondary main sewer,lateral,200,164.7,0.5,0.221,0.229,1.129,4.6,below Mara's slope
P02526,C02,secondary main sewer,lateral,200,227.6,0.5,0.088,0.169,1.723,0.8,below Mara's slope
P02527,C14,secondary header,sub main,200,480.0,0.5,0.405,0.279,0.853,9.9,below Mara's slope
P02528,C14,secondary main sewer,lateral,200,66.2,0.7,0.052,0.159,2.194,0.2,below Mara's slope
P02529,C14,secondary main sewer,lateral,200,82.0,0.5,0.076,0.161,1.85,0.5,below Mara's slope
P02530,C02,secondary main sewer,lateral,200,72.2,0.5,0.024,0.108,3.159,0.1,below Mara's slope
P02531,C02,secondary main sewer,lateral,200,304.3,1.5,0.088,0.246,1.722,0.8,below Mara's slope
P02532,C02,secondary main sewer,lateral,200,174.6,0.5,0.097,0.175,1.65,0.9,below Mara's slope
P02533,C02,secondary main sewer,lateral,200,74.8,0.5,0.126,0.19,1.464,1.6,below Mara's slope
P02534,C01,secondary header,sub main,200,485.8,0.5,1.082,0.379,0.543,37.2,below Mara's slope
P02535,C14,secondary header,sub main,200,372.8,0.5,0.0,0.0,,0.0,no flow in 2030
P02536,C02,secondary main sewer,lateral,200,86.7,0.5,0.015,0.092,3.878,0.0,below Mara's slope
P02537,C02,secondary main sewer,lateral,200,140.0,0.5,0.032,0.12,2.753,0.1,below Mara's slope
P02538,C02,secondary main sewer,lateral,200,81.3,0.5,0.248,0.238,1.071,5.4,below Mara's slope
P02539,C01,secondary main sewer,lateral,200,236.6,0.5,0.223,0.23,1.124,3.5,below Mara's slope
P02540,C01,secondary main sewer,lateral,200,73.9,0.5,0.225,0.231,1.118,3.6,below Mara's slope
P02541,C01,secondary header,sub main,200,244.1,0.5,1.082,0.379,0.543,37.2,below Mara's slope
P02542,C01,secondary header,sub main,200,880.5,0.5,1.255,0.397,0.507,25.1,below Mara's slope
P02543,C02,secondary main sewer,lateral,200,258.5,0.5,0.084,0.166,1.766,0.8,below Mara's slope
P02544,C02,secondary main sewer,lateral,200,84.7,0.5,0.137,0.196,1.406,1.9,below Mara's slope
P02545,C02,secondary main sewer,lateral,500,119.6,0.155,1.052,0.217,0.55,39.9,below Mara's slope
P02546,C02,secondary main sewer,lateral,200,83.4,0.5,0.202,0.223,1.175,3.6,below Mara's slope
P02547,C02,secondary main sewer,lateral,200,183.5,0.5,0.278,0.247,1.015,6.4,below Mara's slope
P02548,C02,secondary main sewer,lateral,200,151.6,0.5,0.05,0.139,2.241,0.3,below Mara's slope
P02549,C128,secondary main sewer,lateral,200,114.9,0.5,0.102,0.177,1.614,1.2,below Mara's slope
P02550,C02,secondary main sewer,lateral,200,87.5,0.5,0.269,0.244,1.03,6.1,below Mara's slope
P02551,C02,secondary main sewer,lateral,200,199.4,0.5,0.051,0.141,2.213,0.3,below Mara's slope
P02552,C14,secondary main sewer,lateral,200,156.4,0.5,0.179,0.214,1.244,2.5,below Mara's slope
P02553,C02,secondary main sewer,lateral,200,132.2,0.5,0.11,0.182,1.557,1.4,below Mara's slope
P02554,C02,secondary main sewer,lateral,200,63.4,0.5,0.019,0.1,3.462,0.0,below Mara's slope
P02555,C02,secondary main sewer,lateral,200,117.0,0.5,0.01,0.078,4.757,0.0,below Mara's slope
P02556,C02,secondary main sewer,lateral,200,84.9,0.5,0.26,0.242,1.047,5.8,below Mara's slope
P02557,C128,secondary main sewer,lateral,200,116.0,0.5,0.029,0.116,2.875,0.1,below Mara's slope
P02558,C14,secondary main sewer,lateral,200,61.6,0.5,0.052,0.142,2.192,0.2,below Mara's slope
P02559,C01,secondary main sewer,lateral,200,138.5,0.5,0.055,0.144,2.15,0.3,below Mara's slope
P02560,C01,secondary main sewer,lateral,200,198.3,0.5,0.108,0.181,1.573,1.0,below Mara's slope
P02561,C01,secondary main sewer,lateral,200,188.4,0.5,0.181,0.215,1.238,2.5,below Mara's slope
P02562,C02,secondary main sewer,lateral,200,82.9,0.5,0.326,0.26,0.944,7.6,below Mara's slope
P02563,C01,secondary main sewer,lateral,200,174.4,0.5,0.089,0.17,1.715,0.6,below Mara's slope
P02564,C01,secondary header,sub main,200,512.4,0.5,0.193,0.219,1.2,2.6,below Mara's slope
P02565,C01,secondary main sewer,lateral,200,83.6,0.5,0.197,0.221,1.19,2.8,below Mara's slope
P02566,C02,secondary main sewer,lateral,200,159.2,0.5,0.255,0.24,1.056,5.7,below Mara's slope
P02567,C02,secondary main sewer,lateral,200,94.4,0.5,0.252,0.239,1.062,5.6,below Mara's slope
P02568,C01,secondary main sewer,lateral,200,638.4,0.5,0.479,0.294,0.79,12.0,below Mara's slope
P02569,C01,secondary main sewer,lateral,200,63.0,0.5,0.238,0.235,1.091,3.9,below Mara's slope
P02570,C01,secondary main sewer,lateral,200,88.9,0.5,0.232,0.233,1.104,3.7,below Mara's slope
P02571,C128,secondary main sewer,lateral,200,40.8,0.5,0.107,0.181,1.576,1.3,below Mara's slope
P02572,C01,secondary main sewer,lateral,200,473.3,0.5,0.271,0.245,1.028,5.0,below Mara's slope
P02573,C01,secondary main sewer,lateral,200,240.8,0.5,0.264,0.243,1.04,4.5,below Mara's slope
P02574,C01,secondary main sewer,lateral,200,246.5,0.5,0.415,0.281,0.844,9.5,below Mara's slope
P02575,C14,secondary main sewer,lateral,200,85.1,0.5,0.279,0.247,1.014,5.2,below Mara's slope
P02576,C14,secondary main sewer,lateral,200,80.1,0.5,0.172,0.211,1.269,2.3,below Mara's slope
P02577,C02,secondary main sewer,lateral,200,137.0,0.5,0.028,0.114,2.916,0.1,below Mara's slope
P02578,C02,secondary main sewer,lateral,200,95.2,0.5,0.122,0.188,1.486,1.6,below Mara's slope
P02579,C02,secondary main sewer,lateral,200,197.9,0.5,0.109,0.182,1.561,1.4,below Mara's slope
P02580,C14,secondary main sewer,lateral,200,86.8,0.5,0.381,0.273,0.878,8.5,below Mara's slope
P02581,C02,secondary main sewer,lateral,200,80.9,0.5,0.414,0.28,0.845,11.1,below Mara's slope
P02582,C01,secondary main sewer,lateral,200,171.4,0.5,0.132,0.194,1.43,1.5,below Mara's slope
P02583,C01,secondary main sewer,lateral,200,78.7,0.5,0.141,0.198,1.39,1.6,below Mara's slope
P02584,C01,secondary header,sub main,200,38.8,0.5,0.301,0.253,0.978,5.6,below Mara's slope
P02585,C01,secondary header,sub main,200,43.6,0.5,0.304,0.254,0.975,5.6,below Mara's slope
P02586,C02,secondary main sewer,lateral,200,82.9,0.5,0.132,0.194,1.429,1.8,below Mara's slope
P02587,C14,secondary header,sub main,200,83.0,0.5,0.453,0.289,0.811,11.1,below Mara's slope
P02588,C01,secondary header,sub main,200,680.5,0.5,0.277,0.246,1.018,4.5,below Mara's slope
P02589,C01,secondary header,sub main,200,49.7,0.5,0.277,0.246,1.018,4.5,below Mara's slope
P02590,C01,secondary header,sub main,200,57.2,0.5,0.356,0.267,0.906,7.3,below Mara's slope
P02591,C01,secondary header,sub main,200,38.1,0.5,0.356,0.267,0.906,7.3,below Mara's slope
P02592,C02,secondary main sewer,lateral,200,20.6,7.95,0.0,0.0,,0.0,no flow in 2030
P02593,C02,secondary main sewer,lateral,200,57.9,0.5,0.441,0.286,0.821,12.2,below Mara's slope
P02594,C02,secondary main sewer,lateral,200,78.8,0.5,0.139,0.197,1.396,2.1,below Mara's slope
P02595,C02,secondary main sewer,lateral,200,123.0,0.5,0.077,0.162,1.836,0.7,below Mara's slope
P02596,C02,secondary main sewer,lateral,200,26.0,0.5,0.172,0.211,1.268,3.0,below Mara's slope
P02597,C14,secondary header,sub main,200,85.9,0.5,0.625,0.319,0.699,17.9,below Mara's slope
P02599,C02,secondary main sewer,lateral,200,81.7,0.9,0.166,0.255,1.288,2.5,below Mara's slope
P02601,C02,secondary main sewer,lateral,200,82.7,0.5,0.123,0.189,1.481,1.4,below Mara's slope
P02602,C02,secondary main sewer,lateral,200,76.7,0.5,0.074,0.159,1.872,0.7,below Mara's slope
P02603,C02,secondary main sewer,lateral,200,65.6,0.5,0.172,0.211,1.268,3.0,below Mara's slope
P02604,C01,secondary main sewer,lateral,200,108.9,1.4,0.06,0.21,2.065,0.3,below Mara's slope
P02605,C01,secondary main sewer,lateral,200,89.1,0.5,0.074,0.16,1.867,0.4,below Mara's slope
P02606,C01,secondary main sewer,lateral,200,83.4,0.5,0.084,0.166,1.766,0.6,below Mara's slope
P02607,C01,secondary main sewer,lateral,200,12.3,0.5,0.025,0.109,3.099,0.1,below Mara's slope
P02608,C01,secondary header,sub main,200,90.5,0.5,0.498,0.297,0.776,11.8,below Mara's slope
P02609,C01,secondary main sewer,lateral,200,94.2,0.5,0.092,0.172,1.688,0.7,below Mara's slope
P02610,C02,secondary main sewer,lateral,200,484.3,0.5,0.04,0.129,2.488,0.2,below Mara's slope
P02611,C02,secondary main sewer,lateral,200,101.5,0.5,0.021,0.104,3.319,0.1,below Mara's slope
P02612,C02,secondary main sewer,lateral,200,109.4,0.5,0.019,0.099,3.509,0.0,below Mara's slope
P02613,C02,secondary main sewer,lateral,200,57.4,0.5,0.204,0.223,1.17,3.6,below Mara's slope
P02614,C02,secondary main sewer,lateral,200,180.9,0.5,0.501,0.298,0.774,14.8,below Mara's slope
P02615,C02,secondary main sewer,lateral,200,71.4,0.5,0.083,0.166,1.775,0.8,below Mara's slope
P02616,C02,secondary main sewer,lateral,500,296.4,0.155,1.159,0.224,0.526,46.4,below Mara's slope
P02617,C02,secondary main sewer,lateral,200,24.9,0.5,0.086,0.168,1.742,0.9,below Mara's slope
P02618,C34,secondary main sewer,lateral,200,91.4,0.5,0.247,0.238,1.071,4.2,below Mara's slope
P02619,C14,secondary header,sub main,200,169.3,0.5,0.319,0.258,0.953,6.4,below Mara's slope
P02621,C14,secondary header,sub main,200,221.3,0.5,0.639,0.322,0.692,18.4,below Mara's slope
P02622,C02,secondary main sewer,lateral,200,123.3,0.5,0.077,0.162,1.836,0.7,below Mara's slope
P02623,C34,secondary header,sub main,200,88.2,0.5,0.304,0.254,0.974,5.8,below Mara's slope
P02624,C199,secondary main sewer,lateral,200,39.9,3.75,0.0,0.0,,0.0,no flow in 2030
P02625,C14,secondary main sewer,lateral,200,244.0,0.5,0.171,0.211,1.27,2.3,below Mara's slope
P02626,C02,secondary main sewer,lateral,200,100.6,0.5,0.027,0.113,2.964,0.1,below Mara's slope
P02627,C02,secondary main sewer,lateral,200,82.2,0.5,0.079,0.163,1.811,0.8,below Mara's slope
P02628,C02,secondary main sewer,lateral,200,181.2,0.5,0.237,0.234,1.093,4.6,below Mara's slope
P02629,C02,secondary main sewer,lateral,200,84.6,0.5,0.63,0.32,0.697,20.9,below Mara's slope
P02630,C14,secondary header,sub main,200,85.8,0.5,0.241,0.236,1.085,4.2,below Mara's slope
P02631,C02,secondary main sewer,lateral,200,19.4,0.5,0.0,0.0,,0.0,no flow in 2030
P02632,C02,secondary main sewer,lateral,200,20.2,0.5,0.01,0.079,4.723,0.0,below Mara's slope
P02633,C02,secondary main sewer,lateral,200,159.4,0.5,0.055,0.145,2.136,0.3,below Mara's slope
P02634,C14,secondary header,sub main,200,83.3,0.5,0.136,0.195,1.414,1.5,below Mara's slope
P02635,C02,secondary main sewer,lateral,200,100.2,0.5,0.021,0.103,3.335,0.1,below Mara's slope
P02636,C02,secondary main sewer,lateral,200,81.7,0.5,0.346,0.265,0.918,7.9,below Mara's slope
P02637,C02,secondary main sewer,lateral,200,81.3,0.5,0.722,0.334,0.654,25.5,below Mara's slope
P02638,C02,secondary main sewer,lateral,200,302.2,0.5,0.226,0.231,1.118,4.3,below Mara's slope
P02639,C02,secondary main sewer,lateral,200,98.0,0.5,0.073,0.159,1.882,0.7,below Mara's slope
P02640,C34,secondary header,sub main,200,94.0,0.5,0.413,0.28,0.846,9.2,below Mara's slope
P02641,C34,secondary header,sub main,200,171.8,0.5,0.223,0.23,1.124,3.3,below Mara's slope
P02642,C02,secondary main sewer,lateral,200,52.5,0.5,0.805,0.346,0.622,29.8,below Mara's slope
P02643,C02,secondary main sewer,lateral,200,236.0,0.5,0.195,0.22,1.196,3.7,below Mara's slope
P02644,C02,secondary main sewer,lateral,200,76.1,0.5,0.152,0.203,1.341,2.2,below Mara's slope
P02645,C34,secondary header,sub main,200,84.8,0.5,0.157,0.205,1.321,1.8,below Mara's slope
P02646,C34,secondary header,sub main,200,95.3,0.5,0.294,0.251,0.989,5.9,below Mara's slope
P02647,C14,secondary header,sub main,200,147.2,0.5,0.166,0.209,1.289,2.3,below Mara's slope
P02648,C02,secondary main sewer,lateral,200,50.1,0.5,0.868,0.354,0.601,33.5,below Mara's slope
P02649,C02,secondary main sewer,lateral,200,44.8,0.5,0.086,0.168,1.74,0.8,below Mara's slope
P02650,C02,secondary main sewer,lateral,200,180.3,0.5,0.432,0.284,0.829,11.5,below Mara's slope
P02651,C01,secondary main sewer,lateral,200,184.8,0.5,0.075,0.16,1.862,0.5,below Mara's slope
P02652,C02,secondary main sewer,lateral,200,214.5,0.5,0.331,0.261,0.937,7.4,below Mara's slope
P02653,C01,secondary main sewer,lateral,200,77.8,0.5,0.112,0.183,1.544,0.9,below Mara's slope
P02655,C01,secondary header,sub main,200,296.4,0.95,0.08,0.204,1.801,0.6,below Mara's slope
P02656,C02,secondary main sewer,lateral,200,44.2,0.5,0.102,0.177,1.616,1.2,below Mara's slope
P02657,C02,secondary main sewer,lateral,200,75.5,0.5,0.023,0.106,3.228,0.1,below Mara's slope
P02659,C34,secondary header,sub main,200,170.3,0.5,0.125,0.19,1.47,1.2,below Mara's slope
P02660,C02,secondary main sewer,lateral,200,87.9,0.5,0.647,0.323,0.688,21.2,below Mara's slope
P02661,C02,secondary main sewer,lateral,200,136.5,0.5,0.756,0.339,0.64,26.5,below Mara's slope
P02662,C02,secondary main sewer,lateral,200,43.9,0.5,0.756,0.339,0.64,26.5,below Mara's slope
P02663,C02,secondary main sewer,lateral,200,83.2,0.5,0.273,0.245,1.023,5.4,below Mara's slope
P02664,C14,secondary main sewer,lateral,200,90.0,0.5,0.167,0.209,1.286,1.7,below Mara's slope
P02665,C14,secondary header,sub main,200,105.9,0.8,0.134,0.228,1.423,1.6,below Mara's slope
P02666,C01,secondary main sewer,lateral,200,68.4,0.5,0.173,0.212,1.262,2.1,below Mara's slope
P02667,C01,secondary main sewer,lateral,200,82.7,0.5,0.025,0.109,3.099,0.1,below Mara's slope
P02668,C02,secondary main sewer,lateral,500,302.9,0.155,1.173,0.225,0.523,47.2,below Mara's slope
P02669,C02,secondary main sewer,lateral,200,84.9,0.5,0.184,0.216,1.229,3.1,below Mara's slope
P02672,C02,secondary main sewer,lateral,200,91.5,0.5,0.154,0.204,1.332,2.5,below Mara's slope
P02673,C02,secondary main sewer,lateral,500,57.8,0.155,1.194,0.226,0.519,48.6,below Mara's slope
P02674,C02,secondary main sewer,lateral,200,63.8,0.9,0.011,0.1,4.507,0.0,below Mara's slope
P02675,C02,secondary main sewer,lateral,200,117.8,0.5,0.011,0.082,4.507,0.0,below Mara's slope
P02676,C02,secondary main sewer,lateral,200,88.5,0.5,0.18,0.214,1.241,2.6,below Mara's slope
P02677,C01,secondary main sewer,lateral,200,84.5,1.55,0.095,0.255,1.667,0.8,below Mara's slope
P02678,C01,secondary main sewer,lateral,200,213.4,0.5,0.089,0.17,1.712,0.6,below Mara's slope
P02680,C02,secondary main sewer,lateral,200,143.0,0.5,0.131,0.193,1.437,1.9,below Mara's slope
P02681,C02,secondary main sewer,lateral,200,76.5,0.5,0.267,0.244,1.034,5.5,below Mara's slope
P02682,C02,secondary main sewer,lateral,200,217.9,0.5,0.376,0.272,0.883,9.5,below Mara's slope
P02683,C02,secondary main sewer,lateral,200,80.5,0.5,0.162,0.207,1.301,2.5,below Mara's slope
P02685,C02,secondary main sewer,lateral,200,81.9,0.5,0.1,0.176,1.627,0.9,below Mara's slope
P02686,C02,secondary main sewer,lateral,200,256.5,0.5,0.109,0.182,1.563,1.4,below Mara's slope
P02687,C34,secondary main sewer,lateral,200,74.5,0.5,0.141,0.198,1.389,1.9,below Mara's slope
P02688,C34,secondary main sewer,lateral,200,199.1,0.5,0.136,0.196,1.41,1.8,below Mara's slope
P02689,C01,secondary header,sub main,200,184.3,0.5,0.052,0.141,2.199,0.2,below Mara's slope
P02691,C02,secondary main sewer,lateral,200,78.6,1.0,0.133,0.246,1.426,1.7,below Mara's slope
P02692,C01,secondary main sewer,lateral,200,34.4,0.5,0.139,0.197,1.396,1.5,below Mara's slope
P02693,C01,secondary main sewer,lateral,200,68.8,0.5,0.141,0.198,1.388,1.5,below Mara's slope
P02694,C01,secondary main sewer,lateral,200,76.9,0.5,0.037,0.126,2.575,0.1,below Mara's slope
P02696,C01,secondary main sewer,lateral,200,69.5,0.5,0.101,0.177,1.621,0.9,below Mara's slope
P02697,C02,secondary main sewer,lateral,200,75.6,0.5,0.383,0.274,0.876,11.0,below Mara's slope
P02699,C01,secondary main sewer,lateral,200,21.1,0.5,0.101,0.177,1.621,0.9,below Mara's slope
P02700,C02,secondary main sewer,lateral,200,73.2,0.5,0.102,0.178,1.611,1.2,below Mara's slope
P02702,C188,secondary main sewer,lateral,200,74.7,0.5,0.019,0.1,3.48,0.0,below Mara's slope
P02703,C188,secondary main sewer,lateral,200,59.7,0.5,0.015,0.091,3.926,0.0,below Mara's slope
P02704,C01,secondary header,sub main,200,253.1,0.5,0.168,0.209,1.282,0.9,below Mara's slope
P02705,C01,secondary main sewer,lateral,200,215.4,0.5,0.238,0.235,1.091,3.7,below Mara's slope
P02706,C01,secondary main sewer,lateral,200,18.4,0.5,0.238,0.235,1.091,3.7,below Mara's slope
P02707,C01,secondary header,sub main,200,84.5,0.5,0.196,0.22,1.194,2.8,below Mara's slope
P02708,C01,secondary header,sub main,200,191.4,0.5,0.081,0.164,1.795,0.5,below Mara's slope
P02709,C01,secondary main sewer,lateral,200,204.5,0.5,0.072,0.158,1.887,0.4,below Mara's slope
P02710,C02,secondary main sewer,lateral,500,155.7,0.155,1.204,0.226,0.517,49.2,below Mara's slope
P02711,C02,secondary main sewer,lateral,200,53.4,0.5,0.111,0.183,1.548,1.3,below Mara's slope
P02712,C02,secondary main sewer,lateral,200,92.6,0.5,0.123,0.189,1.481,1.5,below Mara's slope
P02713,C02,secondary main sewer,lateral,315,96.8,0.27,4.816,0.452,0.273,180.4,below Mara's slope
P02714,C02,secondary main sewer,lateral,315,91.4,0.27,4.803,0.452,0.273,179.8,below Mara's slope
P02715,C02,secondary main sewer,lateral,315,210.8,0.27,4.803,0.452,0.273,179.8,below Mara's slope
P02716,C02,secondary main sewer,lateral,200,235.1,0.5,0.311,0.256,0.965,7.8,below Mara's slope
P02717,C02,secondary main sewer,lateral,200,115.1,0.5,0.193,0.219,1.202,3.7,below Mara's slope
P02718,C02,secondary main sewer,lateral,200,84.3,0.5,0.192,0.219,1.205,3.4,below Mara's slope
P02719,C34,secondary header,sub main,200,663.4,0.5,0.212,0.226,1.15,3.2,below Mara's slope
P02720,C01,secondary header,sub main,200,411.8,0.5,0.529,0.303,0.755,12.9,below Mara's slope
P02721,C01,secondary header,sub main,200,178.6,0.5,0.533,0.304,0.752,13.0,below Mara's slope
P02722,C01,secondary main sewer,lateral,200,73.3,0.5,0.239,0.235,1.089,3.8,below Mara's slope
P02724,C02,secondary main sewer,lateral,200,248.0,0.75,0.128,0.22,1.45,1.5,below Mara's slope
P02725,C34,secondary header,sub main,200,514.1,0.5,0.59,0.314,0.718,16.2,below Mara's slope
P02726,C02,secondary main sewer,lateral,200,281.4,0.5,0.263,0.242,1.043,5.3,below Mara's slope
P02727,C02,secondary main sewer,lateral,200,108.6,0.5,0.216,0.227,1.141,3.9,below Mara's slope
P02728,C34,secondary main sewer,lateral,200,61.2,0.5,0.119,0.187,1.499,1.5,below Mara's slope
P02729,C34,secondary header,sub main,200,91.6,0.5,0.168,0.21,1.28,2.4,below Mara's slope
P02734,C02,secondary main sewer,lateral,200,75.8,0.5,0.188,0.217,1.215,3.1,below Mara's slope
P02735,C02,secondary main sewer,lateral,200,142.3,0.5,0.184,0.216,1.228,3.0,below Mara's slope
P02736,C01,secondary header,sub main,200,207.0,0.5,0.0,0.0,,0.0,no flow in 2030
P02737,C01,secondary header,sub main,200,83.8,1.35,0.0,0.0,,0.0,no flow in 2030
P02738,C34,secondary header,sub main,200,84.1,0.5,0.66,0.325,0.681,19.5,below Mara's slope
P02739,C02,secondary main sewer,lateral,200,50.2,0.5,0.1,0.176,1.628,1.0,below Mara's slope
P02740,C95,secondary header,sub main,200,216.8,0.5,0.028,0.114,2.926,0.1,below Mara's slope
P02741,C95,secondary header,sub main,200,102.3,0.5,0.067,0.154,1.955,0.5,below Mara's slope
P02742,C02,secondary main sewer,lateral,200,91.7,0.5,0.031,0.118,2.806,0.1,below Mara's slope
P02743,C02,secondary main sewer,lateral,200,69.7,1.4,0.031,0.167,2.806,0.1,below Mara's slope
P02744,C02,secondary main sewer,lateral,600,204.2,0.125,5.976,0.336,0.247,230.3,below Mara's slope
P02745,C01,secondary header,sub main,200,262.2,0.5,0.178,0.214,1.247,1.9,below Mara's slope
P02746,C01,secondary header,sub main,200,104.9,0.5,0.147,0.2,1.364,1.6,below Mara's slope
P02747,C01,secondary header,sub main,200,254.8,0.5,0.211,0.226,1.153,3.1,below Mara's slope
P02748,C01,secondary header,sub main,200,93.7,0.5,0.032,0.119,2.761,0.1,below Mara's slope
P02749,C02,secondary main sewer,lateral,200,98.6,0.5,0.617,0.318,0.703,21.5,below Mara's slope
P02750,C02,secondary main sewer,lateral,200,121.7,0.5,0.11,0.182,1.554,1.4,below Mara's slope
P02751,C02,secondary main sewer,lateral,200,201.2,0.5,0.236,0.234,1.096,5.1,below Mara's slope
P02752,C01,secondary header,sub main,200,79.8,0.5,0.299,0.253,0.983,5.1,below Mara's slope
P02753,C01,secondary main sewer,lateral,200,120.0,0.5,0.075,0.161,1.852,0.5,below Mara's slope
P02754,C01,secondary header,sub main,200,237.9,0.5,0.632,0.321,0.696,16.8,below Mara's slope
P02755,C01,secondary header,sub main,200,73.2,0.5,0.316,0.257,0.957,5.6,below Mara's slope
P02756,C14,secondary main sewer,lateral,200,80.7,0.5,0.207,0.224,1.164,3.5,below Mara's slope
P02757,C02,secondary main sewer,lateral,200,74.1,0.7,0.071,0.176,1.911,0.6,below Mara's slope
P02758,C191,secondary main sewer,lateral,200,206.8,0.55,0.026,0.115,3.013,0.1,below Mara's slope
P02759,C191,secondary main sewer,lateral,200,49.4,0.5,0.033,0.121,2.712,0.1,below Mara's slope
P02761,C02,secondary main sewer,lateral,200,65.8,0.5,0.072,0.158,1.887,0.7,below Mara's slope
P02762,C02,secondary main sewer,lateral,200,92.3,0.5,0.07,0.157,1.912,0.6,below Mara's slope
P02763,C02,secondary main sewer,lateral,200,268.3,0.5,0.228,0.232,1.112,4.2,below Mara's slope
P02764,C14,secondary header,sub main,200,187.0,0.5,0.293,0.251,0.991,6.2,below Mara's slope
P02765,C95,secondary header,sub main,200,81.9,0.5,0.058,0.147,2.087,0.4,below Mara's slope
P02766,C95,secondary main sewer,lateral,200,215.7,0.5,0.039,0.128,2.508,0.2,below Mara's slope
P02767,C01,secondary header,sub main,200,79.2,0.5,0.087,0.168,1.737,0.6,below Mara's slope
P02770,C14,secondary header,sub main,200,119.8,0.5,0.588,0.313,0.719,18.0,below Mara's slope
P02771,C14,secondary main sewer,lateral,200,223.4,0.5,0.271,0.245,1.028,1.6,below Mara's slope
P02772,C02,secondary main sewer,lateral,200,159.8,0.5,0.045,0.134,2.356,0.2,below Mara's slope
P02773,C02,secondary main sewer,lateral,200,229.7,0.5,0.041,0.131,2.444,0.2,below Mara's slope
P02774,C136,secondary main sewer,lateral,200,78.3,0.5,0.02,0.101,3.438,0.0,below Mara's slope
P02775,C14,secondary main sewer,lateral,200,56.7,0.5,0.092,0.172,1.69,0.8,below Mara's slope
P02776,C14,secondary header,sub main,200,86.6,0.5,0.357,0.268,0.904,8.5,below Mara's slope
P02777,C14,secondary header,sub main,200,94.2,0.5,0.573,0.311,0.727,17.4,below Mara's slope
P02778,C01,secondary main sewer,lateral,200,101.9,0.7,0.048,0.155,2.277,0.2,below Mara's slope
P02779,C01,secondary main sewer,lateral,200,153.2,0.5,0.075,0.16,1.855,0.5,below Mara's slope
P02780,C34,secondary header,sub main,200,222.7,0.5,0.724,0.335,0.653,22.6,below Mara's slope
P02781,C02,secondary main sewer,lateral,200,86.1,0.5,0.122,0.188,1.486,1.3,below Mara's slope
P02782,C02,secondary main sewer,lateral,200,86.7,0.5,0.229,0.232,1.11,4.2,below Mara's slope
P02783,C02,secondary main sewer,lateral,200,348.7,0.5,0.246,0.237,1.074,4.3,below Mara's slope
P02785,C14,secondary header,sub main,200,104.1,0.5,0.705,0.332,0.661,19.6,below Mara's slope
P02786,C01,secondary main sewer,lateral,200,42.8,0.5,0.027,0.113,2.952,0.1,below Mara's slope
P02787,C14,secondary main sewer,lateral,200,62.0,0.5,0.088,0.169,1.729,0.8,below Mara's slope
P02789,C136,secondary main sewer,lateral,200,63.2,0.5,0.02,0.101,3.43,0.0,below Mara's slope
P02790,C136,secondary main sewer,lateral,200,100.1,0.5,0.099,0.176,1.631,0.8,below Mara's slope
P02791,C01,secondary header,sub main,200,501.1,0.5,0.402,0.278,0.857,7.9,below Mara's slope
P02792,C01,secondary header,sub main,200,105.5,0.5,0.192,0.219,1.206,2.7,below Mara's slope
P02793,C02,secondary main sewer,lateral,600,144.3,0.125,6.421,0.343,0.239,252.0,below Mara's slope
P02794,C76,secondary main sewer,lateral,200,59.6,2.75,0.0,0.0,,0.0,no flow in 2030
P02796,C02,secondary main sewer,lateral,200,66.0,0.5,0.367,0.27,0.894,8.6,below Mara's slope
P02797,C01,secondary main sewer,lateral,200,165.7,0.5,0.13,0.192,1.443,1.4,below Mara's slope
P02798,C02,secondary main sewer,lateral,200,59.5,0.5,0.072,0.158,1.887,0.5,below Mara's slope
P02799,C02,secondary main sewer,lateral,200,114.1,0.8,0.074,0.187,1.875,0.5,below Mara's slope
P02800,C136,secondary header,sub main,200,89.6,0.5,0.103,0.178,1.604,0.8,below Mara's slope
P02801,C02,secondary main sewer,lateral,200,79.8,0.5,0.122,0.188,1.486,1.3,below Mara's slope
P02802,C34,secondary header,sub main,200,86.9,0.5,0.744,0.337,0.645,23.6,below Mara's slope
P02803,C76,secondary main sewer,lateral,200,114.4,1.3,0.015,0.125,3.958,0.0,below Mara's slope
P02804,C76,secondary main sewer,lateral,200,134.1,0.65,0.091,0.187,1.703,0.1,below Mara's slope
P02805,C76,secondary header,sub main,200,88.5,1.05,0.091,0.22,1.703,0.1,below Mara's slope
P02806,C02,secondary main sewer,lateral,200,278.5,0.5,0.114,0.184,1.532,1.3,below Mara's slope
P02807,C39,secondary header,sub main,200,58.9,0.5,0.056,0.145,2.12,0.3,below Mara's slope
P02808,C136,secondary main sewer,lateral,200,116.7,0.5,0.074,0.16,1.866,0.7,below Mara's slope
P02809,C136,secondary main sewer,lateral,200,67.3,0.5,0.098,0.175,1.643,0.7,below Mara's slope
P02810,C02,secondary main sewer,lateral,200,83.5,0.5,0.307,0.255,0.97,6.2,below Mara's slope
P02811,C34,secondary header,sub main,200,53.9,0.5,0.755,0.339,0.641,24.1,below Mara's slope
P02812,C34,secondary header,sub main,200,459.6,0.5,0.228,0.232,1.112,4.1,below Mara's slope
P02814,C01,secondary header,sub main,200,170.9,0.5,0.478,0.294,0.791,10.6,below Mara's slope
P02815,C14,secondary header,sub main,200,186.5,0.5,0.19,0.218,1.211,3.0,below Mara's slope
P02816,C14,secondary main sewer,lateral,200,83.3,0.55,0.133,0.201,1.425,1.7,below Mara's slope
P02817,C02,secondary main sewer,lateral,200,84.9,0.5,0.362,0.269,0.9,9.4,below Mara's slope
P02818,C02,secondary main sewer,lateral,200,91.2,0.5,0.096,0.174,1.657,1.0,below Mara's slope
P02819,C95,secondary header,sub main,200,193.2,0.5,0.038,0.127,2.548,0.2,below Mara's slope
P02820,C02,secondary main sewer,lateral,200,249.2,0.5,0.579,0.312,0.724,19.5,below Mara's slope
P02821,C02,secondary main sewer,lateral,200,129.6,0.5,0.577,0.312,0.725,19.4,below Mara's slope
P02822,C02,secondary main sewer,lateral,200,101.0,0.5,0.123,0.189,1.478,1.4,below Mara's slope
P02823,C76,secondary header,sub main,200,116.2,0.5,0.085,0.167,1.753,0.7,below Mara's slope
P02824,C136,secondary header,sub main,200,205.1,0.5,0.131,0.193,1.438,1.5,below Mara's slope
P02825,C02,secondary main sewer,lateral,200,38.4,0.5,0.386,0.274,0.873,10.4,below Mara's slope
P02827,C14,secondary header,sub main,200,222.3,0.5,0.36,0.268,0.901,8.6,below Mara's slope
P02828,C14,secondary header,sub main,200,89.7,0.5,0.273,0.245,1.025,5.6,below Mara's slope
P02829,C02,secondary main sewer,lateral,200,97.7,0.5,0.189,0.218,1.213,3.4,below Mara's slope
P02830,C34,secondary header,sub main,200,82.2,0.5,0.238,0.235,1.09,4.6,below Mara's slope
P02831,C01,secondary header,sub main,200,276.6,0.7,0.079,0.183,1.818,0.6,below Mara's slope
P02832,C01,secondary main sewer,lateral,200,206.9,0.5,0.198,0.221,1.186,3.1,below Mara's slope
P02833,C02,secondary main sewer,lateral,200,85.7,0.5,0.123,0.189,1.478,1.4,below Mara's slope
P02834,C02,secondary main sewer,lateral,200,75.1,0.5,0.027,0.112,2.993,0.1,below Mara's slope
P02835,C02,secondary main sewer,lateral,200,82.3,0.5,0.563,0.309,0.733,18.7,below Mara's slope
P02836,C76,secondary header,sub main,200,81.7,0.5,0.072,0.158,1.895,0.5,below Mara's slope
P02838,C02,secondary main sewer,lateral,200,34.5,0.5,0.371,0.271,0.889,8.4,below Mara's slope
P02839,C02,secondary main sewer,lateral,200,128.0,0.5,0.395,0.276,0.864,8.6,below Mara's slope
P02840,C34,secondary main sewer,lateral,200,61.8,1.1,0.089,0.222,1.714,0.9,below Mara's slope
P02841,C02,secondary main sewer,lateral,200,80.3,0.5,0.21,0.226,1.154,4.1,below Mara's slope
P02842,C02,secondary main sewer,lateral,200,86.0,0.5,0.209,0.225,1.158,4.0,below Mara's slope
P02843,C01,secondary header,sub main,200,166.9,0.5,0.51,0.3,0.768,11.3,below Mara's slope
P02845,C02,secondary main sewer,lateral,200,86.4,0.5,0.031,0.118,2.798,0.1,below Mara's slope
P02848,C01,secondary header,sub main,200,108.6,1.15,0.0,0.0,,0.0,no flow in 2030
P02849,C01,secondary header,sub main,200,227.2,0.5,0.079,0.163,1.818,0.6,below Mara's slope
P02850,C02,secondary main sewer,lateral,200,82.8,0.5,0.075,0.16,1.863,0.7,below Mara's slope
P02851,C76,secondary header,sub main,200,79.0,0.5,0.045,0.135,2.343,0.2,below Mara's slope
P02852,C01,secondary main sewer,lateral,200,176.4,0.5,0.148,0.201,1.358,1.9,below Mara's slope
P02853,C02,secondary main sewer,lateral,200,53.7,0.5,0.078,0.162,1.822,0.7,below Mara's slope
P02854,C02,secondary main sewer,lateral,200,109.6,0.5,0.55,0.307,0.741,18.0,below Mara's slope
P02855,C02,secondary main sewer,lateral,200,39.7,0.5,0.477,0.293,0.792,14.5,below Mara's slope
P02856,C02,secondary main sewer,lateral,200,158.6,0.5,0.478,0.294,0.791,14.6,below Mara's slope
P02857,C01,secondary header,sub main,200,80.0,0.5,0.521,0.302,0.76,11.7,below Mara's slope
P02858,C76,secondary main sewer,lateral,200,90.7,1.95,0.016,0.147,3.803,0.0,below Mara's slope
P02859,C39,secondary header,sub main,200,192.6,0.5,0.075,0.16,1.858,0.6,below Mara's slope
P02861,C01,secondary main sewer,lateral,200,59.1,0.5,0.067,0.154,1.963,0.4,below Mara's slope
P02862,C34,secondary header,sub main,200,100.7,1.3,0.033,0.167,2.706,0.1,below Mara's slope
P02863,C02,secondary main sewer,lateral,200,26.0,0.5,0.079,0.163,1.814,0.8,below Mara's slope
P02864,C02,secondary main sewer,lateral,200,184.3,0.5,0.148,0.201,1.358,2.1,below Mara's slope
P02865,C34,secondary header,sub main,200,149.7,0.5,0.307,0.255,0.97,6.9,below Mara's slope
P02866,C01,secondary header,sub main,200,109.4,0.5,0.777,0.342,0.632,22.3,below Mara's slope
P02867,C01,secondary header,sub main,200,323.3,0.5,0.777,0.342,0.632,22.3,below Mara's slope
P02868,C01,secondary header,sub main,200,44.8,0.5,0.777,0.342,0.632,22.3,below Mara's slope
P02869,C01,secondary header,sub main,200,57.3,0.5,0.527,0.303,0.756,11.9,below Mara's slope
P02870,C136,secondary main sewer,lateral,200,65.6,0.5,0.019,0.1,3.459,0.0,below Mara's slope
P02871,C136,secondary header,sub main,200,143.7,0.5,0.131,0.193,1.435,1.5,below Mara's slope
P02872,C136,secondary header,sub main,200,173.4,0.5,0.026,0.112,3.015,0.1,below Mara's slope
P02873,C13,secondary main sewer,lateral,200,48.8,0.5,0.094,0.173,1.678,0.9,below Mara's slope
P02874,C13,secondary header,sub main,200,386.6,1.25,0.133,0.265,1.426,1.6,below Mara's slope
P02875,C76,secondary header,sub main,200,133.8,0.5,0.051,0.14,2.227,0.3,below Mara's slope
P02876,C13,secondary header,sub main,200,23.3,83.3,0.0,0.0,,0.0,no flow in 2030
P02877,C13,secondary main sewer,lateral,200,89.6,0.5,0.073,0.158,1.887,0.5,below Mara's slope
P02878,C13,secondary header,sub main,200,49.8,0.5,0.073,0.158,1.887,0.5,below Mara's slope
P02879,C02,secondary main sewer,lateral,200,80.9,0.5,0.035,0.123,2.643,0.1,below Mara's slope
P02880,C02,secondary main sewer,lateral,200,25.5,0.65,0.013,0.095,4.165,0.0,below Mara's slope
P02881,C76,secondary header,sub main,200,106.1,0.5,0.042,0.132,2.421,0.2,below Mara's slope
P02882,C13,secondary main sewer,lateral,200,59.2,0.5,0.2,0.222,1.181,3.2,below Mara's slope
P02883,C34,secondary main sewer,lateral,200,83.1,0.5,0.141,0.198,1.39,1.8,below Mara's slope
P02884,C257,secondary main sewer,lateral,200,90.5,3.05,0.0,0.0,,0.0,no flow in 2030
P02885,C02,secondary main sewer,lateral,200,70.7,0.5,0.085,0.167,1.752,0.8,below Mara's slope
P02886,C02,secondary main sewer,lateral,200,77.8,0.5,0.041,0.131,2.449,0.2,below Mara's slope
P02887,C76,secondary main sewer,lateral,200,77.2,0.5,0.025,0.11,3.075,0.1,below Mara's slope
P02888,C76,secondary header,sub main,200,204.6,0.5,0.039,0.128,2.517,0.2,below Mara's slope
P02889,C76,secondary header,sub main,200,64.9,2.45,0.017,0.161,3.732,0.0,below Mara's slope
P02890,C34,secondary header,sub main,200,172.5,0.5,0.109,0.182,1.561,1.2,below Mara's slope
P02891,C34,secondary header,sub main,200,348.8,0.5,0.894,0.357,0.593,31.1,below Mara's slope
P02892,C34,secondary header,sub main,200,81.4,0.5,0.367,0.27,0.893,9.0,below Mara's slope
P02893,C34,secondary header,sub main,200,173.9,0.5,0.136,0.195,1.412,1.7,below Mara's slope
P02894,C76,secondary header,sub main,200,80.5,0.5,0.037,0.126,2.572,0.2,below Mara's slope
P02896,C01,secondary main sewer,lateral,200,39.3,0.5,0.058,0.147,2.094,0.3,below Mara's slope
P02898,C02,secondary main sewer,lateral,200,152.0,1.0,0.13,0.244,1.442,1.9,below Mara's slope
P02899,C02,secondary main sewer,lateral,600,371.9,0.125,6.434,0.344,0.239,252.7,below Mara's slope
P02900,C02,secondary main sewer,lateral,200,96.0,0.5,0.252,0.239,1.062,5.8,below Mara's slope
P02901,C76,secondary header,sub main,200,87.5,0.5,0.03,0.117,2.827,0.1,below Mara's slope
P02903,C01,secondary header,sub main,200,258.1,0.5,0.221,0.229,1.129,3.7,below Mara's slope
P02904,C02,secondary main sewer,lateral,200,199.0,0.5,0.15,0.202,1.348,2.1,below Mara's slope
P02905,C02,secondary main sewer,lateral,200,174.6,0.5,0.192,0.219,1.204,3.4,below Mara's slope
P02906,C76,secondary main sewer,lateral,200,108.2,0.5,0.024,0.108,3.139,0.1,below Mara's slope
P02907,C39,secondary header,sub main,200,173.8,0.5,0.088,0.169,1.725,0.8,below Mara's slope
P02908,C39,secondary header,sub main,200,399.9,0.5,0.035,0.123,2.651,0.1,below Mara's slope
P02909,C02,secondary main sewer,lateral,200,88.6,0.5,0.099,0.176,1.636,1.1,below Mara's slope
P02910,C02,secondary main sewer,lateral,200,43.3,0.85,0.019,0.119,3.485,0.0,below Mara's slope
P02911,C02,secondary main sewer,lateral,200,100.4,0.5,0.062,0.15,2.033,0.4,below Mara's slope
P02913,C76,secondary header,sub main,200,70.3,0.5,0.032,0.12,2.751,0.1,below Mara's slope
P02914,C95,secondary header,sub main,200,620.2,0.5,0.07,0.157,1.915,0.5,below Mara's slope
P02916,C01,secondary header,sub main,200,64.2,0.5,0.073,0.159,1.882,0.4,below Mara's slope
P02918,C01,secondary main sewer,lateral,200,34.4,0.5,0.095,0.174,1.662,0.8,below Mara's slope
P02919,C02,secondary main sewer,lateral,200,58.3,1.9,0.022,0.163,3.294,0.1,below Mara's slope
P02920,C02,secondary main sewer,lateral,200,74.9,0.5,0.089,0.17,1.716,0.7,below Mara's slope
P02921,C02,secondary main sewer,lateral,200,54.9,0.5,0.107,0.181,1.574,1.0,below Mara's slope
P02922,C02,secondary main sewer,lateral,200,524.7,0.5,0.286,0.249,1.001,5.6,below Mara's slope
P02923,C76,secondary main sewer,lateral,200,108.4,0.5,0.026,0.111,3.039,0.1,below Mara's slope
P02925,C02,secondary main sewer,lateral,600,97.7,0.125,6.544,0.345,0.237,258.5,below Mara's slope
P02926,C02,secondary main sewer,lateral,200,37.0,0.5,0.149,0.202,1.352,1.9,below Mara's slope
P02927,C02,secondary main sewer,lateral,200,114.6,0.5,0.163,0.207,1.301,2.2,below Mara's slope
P02928,C02,secondary main sewer,lateral,200,64.8,0.5,0.151,0.202,1.346,2.0,below Mara's slope
P02930,C01,secondary header,sub main,200,77.7,0.95,0.128,0.239,1.453,1.3,below Mara's slope
P02931,C01,secondary main sewer,lateral,200,138.7,1.6,0.053,0.212,2.174,0.2,below Mara's slope
P02932,C01,secondary main sewer,lateral,200,118.2,0.5,0.199,0.221,1.185,3.1,below Mara's slope
P02933,C02,secondary main sewer,lateral,200,162.9,0.5,0.398,0.277,0.861,10.0,below Mara's slope
P02935,C02,secondary main sewer,lateral,200,33.5,2.2,0.014,0.146,4.058,0.0,below Mara's slope
P02937,C76,secondary main sewer,lateral,200,81.0,0.5,0.018,0.098,3.578,0.0,below Mara's slope
P02939,C76,secondary header,sub main,200,79.5,0.5,0.023,0.107,3.181,0.1,below Mara's slope
P02941,C45,secondary main sewer,lateral,200,79.6,0.5,0.034,0.123,2.666,0.1,below Mara's slope
P02942,C02,secondary main sewer,lateral,200,63.2,0.75,0.061,0.171,2.046,0.4,below Mara's slope
P02943,C02,secondary main sewer,lateral,200,82.0,0.5,0.144,0.199,1.374,1.8,below Mara's slope
P02944,C01,secondary header,sub main,250,313.1,0.375,1.078,0.332,0.544,34.4,below Mara's slope
P02945,C01,secondary header,sub main,200,92.2,0.7,0.145,0.224,1.372,1.6,below Mara's slope
P02946,C02,secondary main sewer,lateral,200,127.4,0.5,0.101,0.177,1.616,1.1,below Mara's slope
P02947,C02,secondary main sewer,lateral,200,181.1,0.7,0.081,0.185,1.79,0.8,below Mara's slope
P02949,C02,secondary main sewer,lateral,200,205.9,0.5,0.103,0.178,1.603,1.3,below Mara's slope
P02950,C13,secondary main sewer,lateral,200,71.7,0.5,0.086,0.168,1.74,0.8,below Mara's slope
P02953,C14,secondary main sewer,lateral,200,59.6,0.5,0.059,0.148,2.07,0.3,below Mara's slope
P02954,C45,secondary main sewer,lateral,200,85.0,0.5,0.043,0.132,2.411,0.2,below Mara's slope
P02956,C02,secondary main sewer,lateral,200,144.4,0.5,0.108,0.181,1.573,1.3,below Mara's slope
P02957,C02,secondary main sewer,lateral,200,39.7,2.25,0.017,0.158,3.688,0.0,below Mara's slope
P02958,C02,secondary main sewer,lateral,200,59.6,0.5,0.074,0.159,1.871,0.7,below Mara's slope
P02959,C01,secondary header,sub main,200,262.3,0.5,0.34,0.263,0.925,7.4,below Mara's slope
P02960,C01,secondary header,sub main,250,341.7,0.375,1.29,0.351,0.5,45.3,below Mara's slope
P02961,C02,secondary main sewer,lateral,200,79.3,0.55,0.083,0.171,1.774,0.8,below Mara's slope
P02962,C141,secondary header,sub main,200,129.1,0.5,0.026,0.111,3.024,0.1,below Mara's slope
P02963,C02,secondary main sewer,lateral,200,177.2,0.5,0.072,0.158,1.893,0.7,below Mara's slope
P02964,C13,secondary main sewer,lateral,200,88.9,0.5,0.073,0.159,1.881,0.5,below Mara's slope
P02965,C02,secondary main sewer,lateral,600,157.9,0.125,6.602,0.346,0.236,261.6,below Mara's slope
P02966,C02,secondary main sewer,lateral,200,133.2,0.5,0.422,0.282,0.838,11.0,below Mara's slope
P02967,C13,secondary main sewer,lateral,200,20.5,1.4,0.031,0.167,2.806,0.1,below Mara's slope
P02968,C04,secondary header,sub main,200,803.0,0.5,0.382,0.273,0.877,8.4,below Mara's slope
P02969,C47,secondary main sewer,lateral,200,70.5,0.5,0.016,0.094,3.769,0.0,below Mara's slope
P02970,C02,secondary main sewer,lateral,200,136.4,1.25,0.151,0.277,1.344,2.5,below Mara's slope
P02971,C02,secondary main sewer,lateral,200,204.1,0.5,0.13,0.192,1.442,1.9,below Mara's slope
P02972,C47,secondary main sewer,lateral,200,127.2,3.3,0.017,0.181,3.634,0.0,below Mara's slope
P02973,C47,secondary main sewer,lateral,200,89.6,0.5,0.023,0.107,3.194,0.1,below Mara's slope
P02974,C02,secondary main sewer,lateral,600,23.4,0.125,6.602,0.346,0.236,261.6,below Mara's slope
P02975,C02,secondary main sewer,lateral,200,93.0,0.5,0.213,0.226,1.149,4.4,below Mara's slope
P02976,C02,secondary main sewer,lateral,200,83.6,0.5,0.078,0.162,1.825,0.7,below Mara's slope
P02977,C02,secondary main sewer,lateral,200,46.9,0.5,0.422,0.282,0.838,11.0,below Mara's slope
P02978,C04,secondary main sewer,lateral,200,103.4,0.5,0.36,0.268,0.901,7.6,below Mara's slope
P02979,C02,secondary main sewer,lateral,200,175.2,0.5,0.0,0.0,,0.0,no flow in 2030
P02980,C02,secondary main sewer,lateral,200,596.8,0.5,0.108,0.181,1.568,1.2,below Mara's slope
P02981,C02,secondary main sewer,lateral,200,100.4,0.5,0.12,0.187,1.499,1.6,below Mara's slope
P02984,C47,secondary main sewer,lateral,200,163.2,0.5,0.033,0.121,2.72,0.1,below Mara's slope
P02985,C47,secondary main sewer,lateral,200,94.0,0.5,0.036,0.124,2.613,0.1,below Mara's slope
P02986,C47,secondary main sewer,lateral,200,66.0,0.5,0.056,0.145,2.12,0.3,below Mara's slope
P02987,C39,secondary header,sub main,200,411.4,0.5,0.096,0.174,1.656,0.9,below Mara's slope
P02988,C02,secondary main sewer,lateral,200,145.6,0.5,0.109,0.182,1.561,1.4,below Mara's slope
P02989,C45,secondary header,sub main,200,105.7,0.5,0.03,0.117,2.849,0.1,below Mara's slope
P02991,C02,secondary main sewer,lateral,200,115.6,0.5,0.082,0.165,1.78,0.8,below Mara's slope
P02992,C45,secondary header,sub main,200,198.0,0.65,0.028,0.125,2.92,0.1,below Mara's slope
P02993,C04,secondary header,sub main,200,163.4,0.5,0.97,0.366,0.571,32.6,below Mara's slope
P02994,C47,secondary main sewer,lateral,200,103.7,0.5,0.064,0.152,2.002,0.4,below Mara's slope
P02995,C04,secondary main sewer,lateral,200,181.2,0.5,0.786,0.343,0.629,24.2,below Mara's slope
P02996,C02,secondary main sewer,lateral,200,83.4,0.5,0.169,0.21,1.279,2.9,below Mara's slope
P02997,C13,secondary main sewer,lateral,200,87.2,0.5,0.396,0.276,0.863,10.1,below Mara's slope
P02999,C47,secondary main sewer,lateral,200,85.4,0.5,0.042,0.131,2.428,0.2,below Mara's slope
P03000,C47,secondary main sewer,lateral,200,280.4,0.5,0.038,0.127,2.531,0.2,below Mara's slope
P03001,C39,secondary header,sub main,200,96.9,0.5,0.098,0.175,1.645,0.9,below Mara's slope
P03002,C02,secondary main sewer,lateral,200,222.5,0.5,0.346,0.265,0.918,8.2,below Mara's slope
P03003,C02,secondary main sewer,lateral,200,153.3,0.5,0.25,0.238,1.067,4.7,below Mara's slope
P03004,C45,secondary header,sub main,200,296.1,0.5,0.062,0.15,2.03,0.4,below Mara's slope
P03005,C02,secondary main sewer,lateral,200,180.0,0.5,0.54,0.305,0.748,16.2,below Mara's slope
P03007,C45,secondary header,sub main,200,87.0,0.5,0.034,0.122,2.671,0.1,below Mara's slope
P03008,C02,secondary main sewer,lateral,600,122.1,0.125,6.685,0.348,0.234,266.1,below Mara's slope
P03009,C13,secondary header,sub main,200,281.0,0.7,0.22,0.257,1.131,3.8,below Mara's slope
P03010,C02,secondary main sewer,lateral,200,97.9,0.5,0.02,0.102,3.381,0.0,below Mara's slope
P03011,C39,secondary main sewer,lateral,200,69.2,0.5,0.0,0.0,,0.0,no flow in 2030
P03013,C02,secondary main sewer,lateral,200,83.7,0.5,0.137,0.196,1.405,2.1,below Mara's slope
P03014,C04,secondary main sewer,lateral,200,185.7,0.5,0.268,0.244,1.034,4.8,below Mara's slope
P03015,C04,secondary main sewer,lateral,200,25.6,0.5,0.054,0.143,2.164,0.2,below Mara's slope
P03016,C02,secondary main sewer,lateral,200,119.0,0.5,0.163,0.207,1.3,2.8,below Mara's slope
P03017,C02,secondary main sewer,lateral,200,76.1,0.5,0.19,0.218,1.211,3.6,below Mara's slope
P03018,C02,secondary main sewer,lateral,200,43.7,0.5,0.169,0.21,1.277,2.4,below Mara's slope
P03019,C02,secondary main sewer,lateral,200,27.2,15.85,0.0,0.0,,0.0,no flow in 2030
P03020,C02,secondary main sewer,lateral,200,68.4,0.5,0.0,0.0,,0.0,no flow in 2030
P03021,C02,secondary main sewer,lateral,200,173.0,0.5,0.129,0.192,1.444,1.8,below Mara's slope
P03022,C02,secondary main sewer,lateral,200,295.9,0.5,0.129,0.192,1.445,1.8,below Mara's slope
P03023,C02,secondary main sewer,lateral,200,36.7,0.85,0.086,0.201,1.746,0.8,below Mara's slope
P03024,C13,secondary main sewer,lateral,200,87.9,0.65,0.211,0.247,1.153,3.6,below Mara's slope
P03025,C39,secondary header,sub main,200,96.3,0.5,0.099,0.176,1.631,1.0,below Mara's slope
P03026,C14,secondary main sewer,lateral,200,64.6,0.5,0.059,0.148,2.07,0.3,below Mara's slope
P03028,C04,secondary main sewer,lateral,200,142.5,0.5,0.786,0.343,0.629,24.2,below Mara's slope
P03029,C45,secondary header,sub main,200,103.9,0.5,0.039,0.128,2.517,0.2,below Mara's slope
P03030,C45,secondary header,sub main,200,83.8,0.5,0.064,0.152,1.996,0.4,below Mara's slope
P03031,C13,secondary main sewer,lateral,200,23.9,1.55,0.055,0.212,2.14,0.3,below Mara's slope
P03032,C02,secondary main sewer,lateral,200,83.5,1.8,0.031,0.181,2.807,0.1,below Mara's slope
P03033,C02,secondary main sewer,lateral,200,49.1,0.5,0.031,0.118,2.807,0.1,below Mara's slope
P03034,C02,secondary main sewer,lateral,200,50.1,0.5,0.132,0.194,1.43,1.5,below Mara's slope
P03035,C02,secondary main sewer,lateral,200,48.4,0.5,0.07,0.157,1.912,0.6,below Mara's slope
P03036,C108,secondary header,sub main,200,222.7,0.65,0.403,0.305,0.856,8.9,below Mara's slope
P03037,C45,secondary main sewer,lateral,200,176.2,0.5,0.03,0.116,2.851,0.1,below Mara's slope
P03038,C45,secondary header,sub main,200,193.5,0.5,0.028,0.114,2.92,0.1,below Mara's slope
P03039,C02,secondary main sewer,lateral,200,393.8,0.5,0.078,0.162,1.83,0.7,below Mara's slope
P03040,C02,secondary main sewer,lateral,200,81.5,0.5,0.268,0.244,1.032,6.3,below Mara's slope
P03041,C02,secondary main sewer,lateral,200,112.5,0.5,0.218,0.228,1.137,4.5,below Mara's slope
P03043,C04,secondary main sewer,lateral,200,180.1,0.5,0.18,0.214,1.241,2.5,below Mara's slope
P03044,C01,secondary header,sub main,250,133.6,0.375,1.113,0.336,0.536,36.0,below Mara's slope
P03045,C01,secondary header,sub main,250,252.4,0.375,1.113,0.336,0.536,36.0,below Mara's slope
P03046,C01,secondary header,sub main,250,54.4,0.375,1.113,0.336,0.536,36.0,below Mara's slope
P03047,C01,secondary header,sub main,250,398.1,0.375,1.113,0.336,0.536,36.0,below Mara's slope
P03048,C01,secondary header,sub main,250,74.6,0.375,1.113,0.336,0.536,36.0,below Mara's slope
P03049,C01,secondary header,sub main,250,79.6,0.375,1.113,0.336,0.536,36.0,below Mara's slope
P03050,C141,secondary header,sub main,200,384.3,0.5,0.0,0.0,,0.0,no flow in 2030
P03051,C04,secondary main sewer,lateral,200,35.3,0.5,0.083,0.166,1.769,0.7,below Mara's slope
P03052,C04,secondary main sewer,lateral,200,22.3,0.5,0.101,0.177,1.619,0.9,below Mara's slope
P03053,C14,secondary main sewer,lateral,200,77.1,3.8,0.0,0.0,,0.0,no flow in 2030
P03054,C02,secondary main sewer,lateral,200,70.5,1.65,0.081,0.247,1.789,0.6,below Mara's slope
P03055,C39,secondary main sewer,lateral,200,84.7,0.5,0.039,0.128,2.505,0.2,below Mara's slope
P03056,C04,secondary main sewer,lateral,200,139.7,0.5,0.0,0.0,,0.0,no flow in 2030
P03057,C04,secondary main sewer,lateral,200,75.0,0.5,0.0,0.0,,0.0,no flow in 2030
P03058,C04,secondary header,sub main,200,173.8,0.75,0.157,0.236,1.32,2.0,below Mara's slope
P03059,C47,secondary main sewer,lateral,200,87.6,0.5,0.024,0.108,3.136,0.1,below Mara's slope
P03060,C47,secondary main sewer,lateral,200,107.9,0.5,0.017,0.096,3.651,0.0,below Mara's slope
P03061,C257,secondary main sewer,lateral,200,39.9,2.85,0.008,0.13,5.206,0.0,below Mara's slope
P03062,C47,secondary header,sub main,200,323.1,0.95,0.009,0.095,4.874,0.0,below Mara's slope
P03063,C04,secondary main sewer,lateral,200,89.9,0.5,0.498,0.297,0.776,12.4,below Mara's slope
P03064,C04,secondary main sewer,lateral,200,159.0,0.5,0.477,0.293,0.792,11.8,below Mara's slope
P03065,C04,secondary main sewer,lateral,200,35.1,0.5,0.036,0.124,2.61,0.1,below Mara's slope
P03066,C02,secondary main sewer,lateral,200,93.5,0.5,0.031,0.118,2.807,0.1,below Mara's slope
P03067,C02,secondary main sewer,lateral,200,59.7,0.5,0.034,0.122,2.677,0.1,below Mara's slope
P03068,C45,secondary header,sub main,200,106.0,0.5,0.048,0.138,2.272,0.3,below Mara's slope
P03069,C02,secondary main sewer,lateral,200,76.1,0.75,0.083,0.19,1.774,0.6,below Mara's slope
P03071,C04,secondary main sewer,lateral,200,94.8,0.5,0.15,0.202,1.348,1.8,below Mara's slope
P03072,C04,secondary main sewer,lateral,200,26.9,1.1,0.181,0.281,1.237,2.6,below Mara's slope
P03073,C256,secondary header,sub main,200,299.9,0.7,0.048,0.154,2.284,0.3,below Mara's slope
P03074,C04,secondary header,sub main,200,316.2,0.5,0.995,0.369,0.564,33.9,below Mara's slope
P03075,C01,secondary header,sub main,315,464.6,0.27,4.37,0.44,0.285,115.2,below Mara's slope
P03076,C02,secondary main sewer,lateral,200,221.5,0.5,1.27,0.398,0.504,51.1,below Mara's slope
P03077,C13,secondary header,sub main,200,82.8,0.8,0.424,0.333,0.835,11.0,below Mara's slope
P03078,C04,secondary main sewer,lateral,200,82.2,0.5,0.315,0.257,0.958,6.5,below Mara's slope
P03079,C04,secondary main sewer,lateral,200,89.1,0.85,0.187,0.26,1.221,2.7,below Mara's slope
P03082,C04,secondary main sewer,lateral,200,85.1,0.9,0.229,0.284,1.11,3.8,below Mara's slope
P03083,C04,secondary main sewer,lateral,200,83.2,0.5,0.417,0.281,0.842,9.6,below Mara's slope
P03084,C04,secondary main sewer,lateral,200,41.8,0.5,0.231,0.232,1.107,3.9,below Mara's slope
P03085,C04,secondary main sewer,lateral,200,17.1,0.5,0.121,0.188,1.492,1.3,below Mara's slope
P03087,C01,secondary main sewer,lateral,200,32.4,0.6,0.026,0.118,3.028,0.1,below Mara's slope
P03088,C01,secondary main sewer,lateral,200,172.2,0.5,0.234,0.233,1.1,4.0,below Mara's slope
P03089,C04,secondary main sewer,lateral,200,81.8,0.5,0.407,0.279,0.852,9.1,below Mara's slope
P03090,C13,secondary header,sub main,200,80.9,0.5,0.262,0.242,1.043,4.9,below Mara's slope
P03091,C13,secondary main sewer,lateral,200,174.5,0.65,0.185,0.236,1.226,3.0,below Mara's slope
P03092,C45,secondary header,sub main,200,86.0,0.5,0.065,0.153,1.983,0.4,below Mara's slope
P03093,C04,secondary main sewer,lateral,200,27.5,0.5,0.049,0.139,2.255,0.2,below Mara's slope
P03094,C01,secondary main sewer,lateral,200,39.3,0.5,0.088,0.169,1.722,0.7,below Mara's slope
P03095,C04,secondary main sewer,lateral,200,151.4,0.5,0.212,0.226,1.15,3.2,below Mara's slope
P03098,C13,secondary header,sub main,200,79.6,0.5,0.367,0.27,0.893,8.7,below Mara's slope
P03099,C01,secondary header,sub main,315,59.0,0.27,4.472,0.443,0.282,119.2,below Mara's slope
P03100,C01,secondary main sewer,lateral,200,64.0,0.5,0.015,0.092,3.852,0.0,below Mara's slope
P03101,C02,secondary main sewer,lateral,600,216.3,0.125,6.72,0.348,0.234,267.8,below Mara's slope
P03102,C305,secondary main sewer,lateral,200,49.1,0.7,0.0,0.0,,0.0,no flow in 2030
P03103,C04,secondary main sewer,lateral,200,77.9,0.5,0.323,0.259,0.948,4.3,below Mara's slope
P03104,C47,secondary main sewer,lateral,200,130.2,0.5,0.174,0.212,1.262,1.1,below Mara's slope
P03105,C47,secondary main sewer,lateral,200,218.7,0.5,0.149,0.201,1.354,0.5,below Mara's slope
P03106,C47,secondary main sewer,lateral,200,49.7,0.5,0.15,0.202,1.347,0.6,below Mara's slope
P03107,C47,secondary main sewer,lateral,200,69.6,0.5,0.151,0.202,1.345,0.6,below Mara's slope
P03109,C04,secondary main sewer,lateral,200,55.8,0.5,0.152,0.203,1.34,1.9,below Mara's slope
P03110,C04,secondary header,sub main,200,126.4,0.5,0.397,0.277,0.862,9.3,below Mara's slope
P03111,C02,secondary main sewer,lateral,200,199.0,1.8,0.0,0.0,,0.0,no flow in 2030
P03112,C02,secondary main sewer,lateral,200,64.7,0.5,0.0,0.0,,0.0,no flow in 2030
P03113,C01,secondary header,sub main,315,26.7,0.27,4.473,0.443,0.282,119.2,below Mara's slope
P03114,C04,secondary main sewer,lateral,200,95.2,0.5,0.157,0.205,1.322,1.9,below Mara's slope
P03115,C45,secondary header,sub main,200,58.3,0.5,0.078,0.163,1.82,0.6,below Mara's slope
P03116,C02,secondary main sewer,lateral,200,176.1,0.5,0.04,0.13,2.471,0.2,below Mara's slope
P03117,C39,secondary main sewer,lateral,200,85.6,0.5,0.022,0.104,3.304,0.1,below Mara's slope
P03118,C13,secondary header,sub main,200,72.6,0.5,0.111,0.183,1.549,1.3,below Mara's slope
P03120,C237,secondary main sewer,lateral,200,104.7,0.55,0.123,0.195,1.478,1.5,below Mara's slope
P03121,C02,secondary main sewer,lateral,600,167.9,0.125,6.743,0.348,0.233,269.0,below Mara's slope
P03122,C04,secondary main sewer,lateral,200,90.1,0.5,0.292,0.251,0.993,5.4,below Mara's slope
P03123,C04,secondary main sewer,lateral,200,83.5,0.5,0.124,0.19,1.471,1.2,below Mara's slope
P03124,C39,secondary header,sub main,200,159.5,0.5,0.034,0.123,2.664,0.1,below Mara's slope
P03125,C108,secondary header,sub main,200,84.2,1.35,0.146,0.281,1.365,2.0,below Mara's slope
P03126,C04,secondary main sewer,lateral,200,89.9,0.5,0.454,0.289,0.81,8.9,below Mara's slope
P03127,C04,secondary main sewer,lateral,200,122.0,0.5,0.32,0.258,0.952,6.6,below Mara's slope
P03128,C13,secondary header,sub main,200,43.1,25.8,0.0,0.0,,0.0,no flow in 2030
P03129,C13,secondary header,sub main,200,49.7,0.5,0.072,0.158,1.896,0.6,below Mara's slope
P03130,C39,secondary header,sub main,200,262.1,0.5,0.114,0.184,1.533,1.2,below Mara's slope
P03131,C47,secondary main sewer,lateral,200,37.9,0.5,0.07,0.157,1.917,0.5,below Mara's slope
P03132,C47,secondary main sewer,lateral,200,52.2,0.5,0.068,0.155,1.941,0.5,below Mara's slope
P03133,C47,secondary main sewer,lateral,200,32.8,0.5,0.014,0.089,4.069,0.0,below Mara's slope
P03134,C47,secondary main sewer,lateral,200,47.6,0.5,0.016,0.094,3.785,0.0,below Mara's slope
P03135,C02,secondary main sewer,lateral,200,283.7,0.5,0.379,0.273,0.88,11.0,below Mara's slope
P03137,C02,secondary main sewer,lateral,200,239.4,0.5,0.207,0.224,1.163,3.1,below Mara's slope
P03139,C01,secondary header,sub main,200,255.6,0.5,0.119,0.187,1.503,1.2,below Mara's slope
P03140,C02,secondary main sewer,lateral,200,78.5,0.5,0.075,0.16,1.854,0.7,below Mara's slope
P03141,C02,secondary main sewer,lateral,200,105.3,0.5,0.039,0.129,2.497,0.2,below Mara's slope
P03142,C02,secondary main sewer,lateral,600,76.6,0.125,6.756,0.349,0.233,269.7,below Mara's slope
P03143,C45,secondary header,sub main,200,324.3,0.5,0.084,0.166,1.763,0.7,below Mara's slope
P03144,C45,secondary header,sub main,200,103.1,0.5,0.082,0.165,1.784,0.7,below Mara's slope
P03145,C02,secondary main sewer,lateral,200,223.2,0.5,1.267,0.398,0.505,51.0,below Mara's slope
P03146,C02,secondary main sewer,lateral,200,559.8,0.5,0.082,0.165,1.779,0.8,below Mara's slope
P03147,C01,secondary header,sub main,315,86.7,0.27,4.505,0.444,0.281,120.4,below Mara's slope
P03148,C39,secondary main sewer,lateral,200,85.2,0.5,0.027,0.113,2.979,0.1,below Mara's slope
P03149,C39,secondary header,sub main,200,51.1,0.5,0.147,0.2,1.364,1.9,below Mara's slope
P03150,C04,secondary main sewer,lateral,200,83.7,0.5,0.634,0.321,0.694,16.2,below Mara's slope
P03151,C04,secondary main sewer,lateral,200,220.4,0.5,0.837,0.35,0.611,25.3,below Mara's slope
P03152,C47,secondary main sewer,lateral,200,54.2,0.5,0.03,0.118,2.814,0.1,below Mara's slope
P03153,C47,secondary main sewer,lateral,200,280.9,0.5,0.046,0.136,2.324,0.2,below Mara's slope
P03154,C47,secondary main sewer,lateral,200,55.2,0.5,0.065,0.153,1.982,0.5,below Mara's slope
P03155,C04,secondary main sewer,lateral,200,196.3,0.5,0.349,0.266,0.914,7.2,below Mara's slope
P03156,C39,secondary header,sub main,200,68.8,0.5,0.082,0.165,1.779,0.7,below Mara's slope
P03157,C39,secondary main sewer,lateral,200,221.9,0.5,0.042,0.132,2.417,0.2,below Mara's slope
P03158,C04,secondary main sewer,lateral,200,130.4,0.55,0.509,0.31,0.768,8.2,below Mara's slope
P03159,C04,secondary main sewer,lateral,200,44.7,0.5,0.031,0.119,2.772,0.1,below Mara's slope
P03161,C13,secondary header,sub main,200,184.5,0.5,0.162,0.207,1.301,2.6,below Mara's slope
P03162,C13,secondary header,sub main,200,64.8,0.5,0.162,0.207,1.301,2.6,below Mara's slope
P03163,C13,secondary header,sub main,200,59.8,0.5,0.162,0.207,1.301,2.6,below Mara's slope
P03164,C02,secondary main sewer,lateral,200,96.5,0.5,0.072,0.158,1.887,0.6,below Mara's slope
P03165,C04,secondary main sewer,lateral,200,94.2,0.5,0.148,0.201,1.359,1.4,below Mara's slope
P03166,C04,secondary main sewer,lateral,200,121.5,0.5,0.108,0.181,1.571,1.0,below Mara's slope
P03167,C04,secondary header,sub main,200,170.3,0.5,0.823,0.348,0.616,17.8,below Mara's slope
P03168,C04,secondary main sewer,lateral,200,97.1,0.5,0.169,0.21,1.276,2.2,below Mara's slope
P03169,C04,secondary main sewer,lateral,200,126.2,0.5,0.301,0.253,0.98,5.7,below Mara's slope
P03170,C04,secondary main sewer,lateral,200,206.9,0.5,0.301,0.253,0.98,5.7,below Mara's slope
P03171,C04,secondary main sewer,lateral,200,101.0,0.5,0.098,0.175,1.64,0.9,below Mara's slope
P03172,C02,secondary main sewer,lateral,200,123.2,0.5,0.074,0.16,1.864,0.7,below Mara's slope
P03173,C47,secondary main sewer,lateral,200,133.4,0.5,0.0,0.0,,0.0,no flow in 2030
P03174,C93,secondary main sewer,lateral,200,49.4,2.6,0.0,0.0,,0.0,no flow in 2030
P03175,C02,secondary main sewer,lateral,200,94.6,0.5,0.047,0.136,2.313,0.2,below Mara's slope
P03176,C02,secondary main sewer,lateral,200,214.1,0.5,0.047,0.136,2.313,0.2,below Mara's slope
P03177,C02,secondary main sewer,lateral,200,128.2,0.5,0.069,0.156,1.932,0.5,below Mara's slope
P03178,C01,secondary header,sub main,200,243.0,0.5,0.171,0.211,1.271,2.3,below Mara's slope
P03180,C13,secondary header,sub main,200,198.0,0.5,0.246,0.237,1.074,5.1,below Mara's slope
P03181,C02,secondary main sewer,lateral,200,114.1,0.5,0.515,0.301,0.764,15.4,below Mara's slope
P03182,C39,secondary header,sub main,200,79.2,0.5,0.068,0.155,1.94,0.5,below Mara's slope
P03183,C39,secondary header,sub main,200,212.1,0.5,0.054,0.143,2.16,0.3,below Mara's slope
P03184,C108,secondary header,sub main,200,406.6,0.5,0.542,0.305,0.747,15.2,below Mara's slope
P03185,C108,secondary header,sub main,200,136.0,0.7,0.232,0.261,1.104,4.3,below Mara's slope
P03186,C02,secondary main sewer,lateral,200,237.1,0.5,0.021,0.104,3.312,0.1,below Mara's slope
P03187,C02,secondary main sewer,lateral,200,71.2,0.5,0.038,0.127,2.552,0.2,below Mara's slope
P03189,C04,secondary main sewer,lateral,200,70.5,0.5,0.515,0.301,0.764,8.4,below Mara's slope
P03190,C04,secondary main sewer,lateral,200,133.0,0.5,0.315,0.257,0.959,6.4,below Mara's slope
P03192,C01,secondary header,sub main,315,89.7,0.27,4.566,0.445,0.279,122.7,below Mara's slope
P03193,C04,secondary main sewer,lateral,200,82.8,0.5,0.455,0.289,0.809,11.5,below Mara's slope
P03194,C13,secondary header,sub main,200,222.3,0.65,0.443,0.314,0.819,11.9,below Mara's slope
P03195,C13,secondary header,sub main,200,79.0,0.5,0.459,0.29,0.806,12.6,below Mara's slope
P03196,C02,secondary main sewer,lateral,200,186.7,0.5,0.481,0.294,0.789,14.7,below Mara's slope
P03197,C02,secondary main sewer,lateral,200,186.6,0.5,0.995,0.369,0.564,35.5,below Mara's slope
P03198,C45,secondary header,sub main,200,200.2,0.5,0.128,0.191,1.452,1.5,below Mara's slope
P03199,C47,secondary main sewer,lateral,200,185.7,0.75,0.018,0.113,3.544,0.0,below Mara's slope
P03200,C47,secondary main sewer,lateral,200,87.7,0.5,0.043,0.132,2.402,0.2,below Mara's slope
P03201,C47,secondary main sewer,lateral,200,48.7,0.5,0.04,0.13,2.473,0.2,below Mara's slope
P03203,C02,secondary main sewer,lateral,200,149.5,0.5,0.077,0.162,1.834,0.7,below Mara's slope
P03204,C02,secondary main sewer,lateral,200,112.5,0.5,0.046,0.136,2.325,0.2,below Mara's slope
P03205,C108,secondary main sewer,lateral,200,134.8,0.9,0.048,0.168,2.291,0.2,below Mara's slope
P03206,C108,secondary header,sub main,200,119.8,0.5,0.652,0.324,0.685,20.3,below Mara's slope
P03207,C93,secondary header,sub main,200,119.0,0.5,0.263,0.242,1.042,4.4,below Mara's slope
P03208,C04,secondary main sewer,lateral,200,76.3,0.5,0.305,0.254,0.973,6.2,below Mara's slope
P03209,C04,secondary main sewer,lateral,200,9.0,2.85,0.028,0.205,2.923,0.1,below Mara's slope
P03210,C04,secondary main sewer,lateral,200,83.3,0.5,0.189,0.218,1.212,2.7,below Mara's slope
P03211,C04,secondary main sewer,lateral,200,104.4,0.5,0.217,0.228,1.138,3.3,below Mara's slope
P03212,C13,secondary main sewer,lateral,200,195.1,0.65,0.113,0.201,1.538,1.4,below Mara's slope
P03213,C02,secondary main sewer,lateral,200,265.5,0.6,0.036,0.132,2.61,0.1,below Mara's slope
P03214,C13,secondary header,sub main,200,88.7,0.5,0.491,0.296,0.781,12.8,below Mara's slope
P03215,C13,secondary header,sub main,200,59.0,0.5,0.483,0.295,0.787,12.5,below Mara's slope
P03216,C02,secondary main sewer,lateral,600,192.5,0.125,6.769,0.349,0.233,270.4,below Mara's slope
P03217,C13,secondary header,sub main,200,83.8,0.5,0.872,0.355,0.599,32.2,below Mara's slope
P03218,C13,secondary header,sub main,200,106.3,0.5,0.765,0.34,0.637,25.5,below Mara's slope
P03219,C01,secondary main sewer,lateral,200,227.1,0.5,0.103,0.178,1.607,0.9,below Mara's slope
P03220,C13,secondary main sewer,lateral,200,68.2,0.5,0.18,0.214,1.241,2.8,below Mara's slope
P03221,C02,secondary main sewer,lateral,200,123.4,0.5,0.231,0.232,1.107,4.4,below Mara's slope
P03222,C04,secondary main sewer,lateral,200,84.4,0.5,0.243,0.236,1.081,4.2,below Mara's slope
P03223,C04,secondary main sewer,lateral,200,249.1,0.5,0.216,0.227,1.141,3.5,below Mara's slope
P03224,C02,secondary main sewer,lateral,200,135.2,0.6,0.209,0.24,1.158,4.3,below Mara's slope
P03225,C04,secondary main sewer,lateral,200,92.5,0.5,0.097,0.175,1.646,0.8,below Mara's slope
P03226,C02,secondary main sewer,lateral,200,59.6,0.5,0.995,0.369,0.564,35.5,below Mara's slope
P03227,C02,secondary main sewer,lateral,200,59.2,0.5,0.563,0.309,0.733,19.0,below Mara's slope
P03228,C02,secondary main sewer,lateral,200,75.3,0.5,0.009,0.075,4.987,0.0,below Mara's slope
P03230,C02,secondary main sewer,lateral,200,233.3,0.5,0.201,0.222,1.179,0.0,below Mara's slope
P03231,C13,secondary main sewer,lateral,200,76.0,0.5,0.0,0.0,,0.0,no flow in 2030
P03232,C45,secondary header,sub main,200,90.6,0.5,0.131,0.193,1.437,1.6,below Mara's slope
P03233,C02,secondary main sewer,lateral,200,37.4,0.5,0.219,0.229,1.133,4.1,below Mara's slope
P03234,C02,secondary main sewer,lateral,200,164.1,0.5,0.602,0.316,0.711,11.3,below Mara's slope
P03235,C39,secondary main sewer,lateral,200,224.1,0.5,0.04,0.129,2.488,0.2,below Mara's slope
P03236,C02,secondary main sewer,lateral,200,72.7,0.5,0.287,0.25,1.0,5.5,below Mara's slope
P03237,C02,secondary main sewer,lateral,200,8.9,0.5,0.163,0.207,1.301,2.1,below Mara's slope
P03239,C13,secondary main sewer,lateral,200,41.3,0.5,0.065,0.152,1.989,0.4,below Mara's slope
P03240,C02,secondary main sewer,lateral,200,53.0,0.5,0.878,0.355,0.598,29.9,below Mara's slope
P03241,C04,secondary main sewer,lateral,200,157.8,0.5,0.165,0.208,1.29,2.1,below Mara's slope
P03242,C02,secondary main sewer,lateral,200,35.2,0.5,0.028,0.114,2.934,0.1,below Mara's slope
P03243,C120,secondary header,sub main,200,350.2,0.5,0.028,0.114,2.922,0.1,below Mara's slope
P03244,C02,secondary main sewer,lateral,600,77.7,0.125,6.793,0.349,0.233,271.7,below Mara's slope
P03245,C04,secondary main sewer,lateral,200,83.0,0.5,0.191,0.219,1.206,2.7,below Mara's slope
P03247,C02,secondary main sewer,lateral,200,221.4,0.5,0.414,0.28,0.845,11.1,below Mara's slope
P03249,C02,secondary main sewer,lateral,200,292.9,0.5,0.052,0.141,2.204,0.3,below Mara's slope
P03250,C120,secondary header,sub main,200,265.3,0.5,0.036,0.125,2.601,0.1,below Mara's slope
P03252,C02,secondary main sewer,lateral,200,25.7,0.5,0.0,0.0,,0.0,no flow in 2030
P03253,C02,secondary main sewer,lateral,200,257.1,0.5,0.158,0.205,1.317,2.4,below Mara's slope
P03255,C04,secondary main sewer,lateral,200,34.0,2.35,0.0,0.0,,0.0,no flow in 2030
P03256,C02,secondary main sewer,lateral,200,125.5,0.5,0.092,0.172,1.689,1.0,below Mara's slope
P03257,C04,secondary main sewer,lateral,200,113.7,0.5,0.153,0.203,1.338,1.8,below Mara's slope
P03258,C04,secondary main sewer,lateral,200,70.6,0.5,0.07,0.157,1.917,0.4,below Mara's slope
P03259,C04,secondary main sewer,lateral,200,19.1,0.9,0.123,0.231,1.479,1.3,below Mara's slope
P03260,C04,secondary main sewer,lateral,200,173.5,0.5,0.253,0.24,1.06,4.6,below Mara's slope
P03261,C04,secondary main sewer,lateral,200,77.3,0.5,0.139,0.197,1.398,1.6,below Mara's slope
P03262,C39,secondary main sewer,lateral,200,77.9,0.5,0.044,0.133,2.38,0.2,below Mara's slope
P03263,C39,secondary header,sub main,200,326.6,0.5,0.154,0.203,1.334,2.1,below Mara's slope
P03264,C02,secondary main sewer,lateral,200,200.6,0.5,0.566,0.31,0.731,19.1,below Mara's slope
P03265,C02,secondary main sewer,lateral,200,1028.0,0.55,0.236,0.242,1.094,4.6,below Mara's slope
P03266,C04,secondary main sewer,lateral,200,121.1,0.5,0.222,0.23,1.125,3.7,below Mara's slope
P03267,C04,secondary main sewer,lateral,200,12.0,0.95,0.079,0.203,1.818,0.6,below Mara's slope
P03270,C93,secondary header,sub main,200,49.2,0.5,0.263,0.242,1.042,4.4,below Mara's slope
P03271,C93,secondary main sewer,lateral,200,211.4,0.95,0.0,0.0,,0.0,no flow in 2030
P03272,C02,secondary main sewer,lateral,200,113.6,0.5,0.213,0.226,1.149,3.9,below Mara's slope
P03273,C93,secondary header,sub main,200,181.9,0.5,0.039,0.129,2.499,0.2,below Mara's slope
P03274,C47,secondary main sewer,lateral,200,214.9,0.5,0.034,0.123,2.66,0.1,below Mara's slope
P03275,C120,secondary header,sub main,200,81.0,0.5,0.042,0.132,2.416,0.2,below Mara's slope
P03276,C120,secondary header,sub main,200,84.8,0.5,0.033,0.12,2.73,0.1,below Mara's slope
P03277,C02,secondary main sewer,lateral,600,100.7,0.125,8.848,0.378,0.206,298.9,below Mara's slope
P03278,C02,secondary main sewer,lateral,600,161.9,0.125,8.551,0.374,0.209,293.9,below Mara's slope
P03279,C04,secondary header,sub main,200,264.6,0.5,1.182,0.39,0.521,35.6,below Mara's slope
P03281,C45,secondary header,sub main,200,161.5,0.5,0.133,0.194,1.427,1.6,below Mara's slope
P03282,C02,secondary main sewer,lateral,200,14.6,0.5,0.03,0.117,2.847,0.1,below Mara's slope
P03283,C02,secondary main sewer,lateral,200,98.6,0.5,0.867,0.354,0.601,29.3,below Mara's slope
P03284,C39,secondary header,sub main,200,50.4,0.5,0.164,0.208,1.296,2.3,below Mara's slope
P03285,C04,secondary main sewer,lateral,200,41.2,0.75,0.191,0.251,1.208,2.8,below Mara's slope
P03286,C04,secondary main sewer,lateral,200,81.5,0.5,0.291,0.251,0.994,5.5,below Mara's slope
P03287,C04,secondary main sewer,lateral,200,30.2,0.5,0.127,0.191,1.456,1.4,below Mara's slope
P03288,C02,secondary main sewer,lateral,200,128.0,0.5,0.08,0.164,1.8,0.6,below Mara's slope
P03290,C02,secondary main sewer,lateral,200,101.8,0.5,0.464,0.291,0.802,3.8,below Mara's slope
P03291,C01,secondary header,sub main,315,222.7,0.27,4.607,0.447,0.278,124.3,below Mara's slope
P03294,C02,secondary main sewer,lateral,200,121.9,0.5,0.174,0.212,1.26,2.4,below Mara's slope
P03295,C93,secondary main sewer,lateral,200,63.7,0.5,0.016,0.094,3.779,0.0,below Mara's slope
P03296,C02,secondary main sewer,lateral,200,15.1,5.5,0.0,0.0,,0.0,no flow in 2030
P03297,C04,secondary main sewer,lateral,200,190.8,0.5,0.461,0.29,0.804,11.4,below Mara's slope
P03298,C04,secondary main sewer,lateral,200,168.9,0.5,0.209,0.225,1.159,2.9,below Mara's slope
P03299,C02,secondary main sewer,lateral,200,56.0,0.5,0.164,0.208,1.296,2.6,below Mara's slope
P03301,C02,secondary main sewer,lateral,200,168.7,0.5,0.333,0.262,0.934,7.7,below Mara's slope
P03302,C04,secondary main sewer,lateral,200,55.2,0.5,0.213,0.227,1.147,3.4,below Mara's slope
P03303,C13,secondary header,sub main,200,290.4,0.5,0.244,0.237,1.078,4.9,below Mara's slope
P03304,C02,secondary main sewer,lateral,200,66.2,0.5,0.847,0.351,0.607,28.3,below Mara's slope
P03305,C13,secondary header,sub main,200,23.7,0.5,0.048,0.138,2.285,0.2,below Mara's slope
P03307,C01,secondary header,sub main,200,493.0,0.5,0.331,0.261,0.937,3.8,below Mara's slope
P03308,C45,secondary header,sub main,200,275.1,0.5,0.136,0.195,1.413,1.7,below Mara's slope
P03309,C45,secondary main sewer,lateral,200,133.6,0.5,0.024,0.108,3.164,0.1,below Mara's slope
P03310,C02,secondary main sewer,lateral,200,307.1,0.5,0.405,0.279,0.853,1.8,below Mara's slope
P03311,C04,secondary header,sub main,200,91.5,0.5,0.102,0.177,1.614,0.9,below Mara's slope
P03313,C04,secondary main sewer,lateral,200,57.7,0.5,0.127,0.191,1.456,1.4,below Mara's slope
P03316,C02,secondary main sewer,lateral,200,64.6,0.5,0.184,0.216,1.227,3.1,below Mara's slope
P03317,C93,secondary main sewer,lateral,200,149.2,0.5,0.023,0.107,3.193,0.1,below Mara's slope
P03318,C93,secondary header,sub main,200,367.9,0.5,0.257,0.241,1.052,4.2,below Mara's slope
P03319,C04,secondary main sewer,lateral,200,86.7,0.5,0.307,0.255,0.97,6.2,below Mara's slope
P03320,C04,secondary main sewer,lateral,200,97.4,0.5,0.364,0.269,0.896,8.1,below Mara's slope
P03321,C04,secondary main sewer,lateral,200,59.9,0.5,0.093,0.172,1.68,0.8,below Mara's slope
P03322,C02,secondary main sewer,lateral,600,148.5,0.125,9.24,0.383,0.202,319.3,below Mara's slope
P03323,C02,secondary main sewer,lateral,200,527.2,0.5,0.526,0.303,0.757,11.3,below Mara's slope
P03324,C02,secondary main sewer,lateral,200,403.8,0.5,0.085,0.167,1.749,0.7,below Mara's slope
P03325,C93,secondary header,sub main,200,83.6,0.5,0.181,0.215,1.238,3.3,below Mara's slope
P03326,C93,secondary main sewer,lateral,200,23.4,0.5,0.012,0.086,4.254,0.0,below Mara's slope
P03327,C04,secondary header,sub main,200,90.8,0.5,0.267,0.244,1.034,4.9,below Mara's slope
P03328,C04,secondary main sewer,lateral,200,210.3,0.5,0.718,0.334,0.655,21.6,below Mara's slope
P03329,C04,secondary main sewer,lateral,200,85.9,0.5,0.578,0.312,0.725,15.6,below Mara's slope
P03330,C13,secondary main sewer,lateral,200,56.5,0.5,0.138,0.196,1.405,1.9,below Mara's slope
P03331,C02,secondary main sewer,lateral,200,139.5,0.5,0.248,0.238,1.071,4.6,below Mara's slope
P03332,C01,secondary main sewer,lateral,200,113.3,0.5,0.039,0.128,2.514,0.1,below Mara's slope
P03333,C04,secondary main sewer,lateral,200,136.2,0.5,0.111,0.183,1.552,1.0,below Mara's slope
P03334,C04,secondary main sewer,lateral,200,85.1,0.5,0.253,0.239,1.06,4.5,below Mara's slope
P03335,C04,secondary main sewer,lateral,200,193.4,1.1,0.232,0.305,1.103,3.8,below Mara's slope
P03336,C04,secondary main sewer,lateral,200,171.9,0.5,0.25,0.239,1.066,4.4,below Mara's slope
P03337,C01,secondary header,sub main,315,114.7,0.27,4.785,0.452,0.273,128.1,below Mara's slope
P03338,C01,secondary main sewer,lateral,200,103.6,0.5,0.044,0.133,2.382,0.2,below Mara's slope
P03339,C47,secondary main sewer,lateral,200,274.7,0.5,0.032,0.12,2.733,0.1,below Mara's slope
P03340,C120,secondary header,sub main,200,237.4,0.5,0.065,0.153,1.979,0.5,below Mara's slope
P03341,C120,secondary main sewer,lateral,200,188.6,0.5,0.021,0.103,3.345,0.1,below Mara's slope
P03342,C289,secondary main sewer,lateral,200,88.7,1.95,0.0,0.0,,0.0,no flow in 2030
P03343,C04,secondary header,sub main,200,49.9,0.5,0.506,0.299,0.77,5.4,below Mara's slope
P03344,C04,secondary header,sub main,200,124.8,0.5,0.415,0.281,0.845,4.8,below Mara's slope
P03345,C04,secondary main sewer,lateral,200,82.4,0.5,0.243,0.236,1.08,1.3,below Mara's slope
P03346,C02,secondary main sewer,lateral,200,250.7,0.5,0.167,0.209,1.284,2.6,below Mara's slope
P03347,C02,secondary main sewer,lateral,200,250.5,1.0,0.153,0.257,1.339,2.1,below Mara's slope
P03348,C02,secondary main sewer,lateral,200,86.1,0.5,0.032,0.119,2.76,0.1,below Mara's slope
P03349,C93,secondary main sewer,lateral,200,77.7,0.5,0.137,0.196,1.408,2.0,below Mara's slope
P03350,C93,secondary main sewer,lateral,200,95.8,0.6,0.03,0.124,2.835,0.1,below Mara's slope
P03351,C02,secondary main sewer,lateral,200,147.2,0.5,0.845,0.351,0.608,28.2,below Mara's slope
P03352,C02,secondary main sewer,lateral,200,178.5,0.5,0.333,0.262,0.934,9.1,below Mara's slope
P03353,C02,secondary main sewer,lateral,200,156.8,0.5,1.098,0.381,0.539,4.9,below Mara's slope
P03355,C04,secondary main sewer,lateral,200,183.7,0.5,0.351,0.266,0.912,7.7,below Mara's slope
P03356,C04,secondary main sewer,lateral,200,81.8,0.5,0.424,0.283,0.836,10.3,below Mara's slope
P03357,C02,secondary main sewer,lateral,200,134.8,0.5,0.509,0.299,0.768,10.6,below Mara's slope
P03358,C13,secondary header,sub main,200,262.3,0.5,0.143,0.199,1.38,1.9,below Mara's slope
P03359,C04,secondary main sewer,lateral,200,96.9,0.5,0.844,0.351,0.609,27.3,below Mara's slope
P03360,C04,secondary main sewer,lateral,200,93.5,0.5,0.179,0.214,1.244,2.6,below Mara's slope
P03361,C04,secondary main sewer,lateral,200,81.9,0.5,0.937,0.363,0.58,31.7,below Mara's slope
P03362,C01,secondary main sewer,lateral,200,45.8,0.5,0.033,0.121,2.699,0.1,below Mara's slope
P03363,C164,secondary main sewer,lateral,200,77.7,1.2,0.049,0.187,2.259,0.2,below Mara's slope
P03364,C02,secondary main sewer,lateral,200,167.4,0.5,0.082,0.165,1.783,0.8,below Mara's slope
P03365,C04,secondary header,sub main,200,138.1,0.5,0.612,0.317,0.706,17.8,below Mara's slope
P03366,C02,secondary main sewer,lateral,600,105.2,0.125,9.251,0.383,0.202,319.9,below Mara's slope
P03367,C02,secondary main sewer,lateral,200,154.9,0.5,0.201,0.222,1.18,3.4,below Mara's slope
P03368,C01,secondary main sewer,lateral,200,81.5,0.5,0.048,0.137,2.286,0.2,below Mara's slope
P03369,C02,secondary main sewer,lateral,200,78.1,0.5,0.128,0.191,1.453,1.5,below Mara's slope
P03371,C13,secondary header,sub main,200,84.4,0.55,0.05,0.145,2.232,0.3,below Mara's slope
P03372,C02,secondary main sewer,lateral,200,220.6,0.5,0.319,0.258,0.952,0.6,below Mara's slope
P03373,C02,secondary main sewer,lateral,200,87.4,0.5,0.083,0.166,1.771,0.8,below Mara's slope
P03374,C13,secondary main sewer,lateral,200,24.5,0.5,0.0,0.0,,0.0,no flow in 2030
P03375,C02,secondary main sewer,lateral,200,84.2,0.5,0.142,0.198,1.384,2.2,below Mara's slope
P03376,C247,secondary main sewer,lateral,200,44.2,0.5,0.013,0.087,4.182,0.0,below Mara's slope
P03377,C93,secondary main sewer,lateral,200,89.1,0.65,0.023,0.116,3.233,0.1,below Mara's slope
P03378,C93,secondary main sewer,lateral,200,27.4,0.5,0.011,0.081,4.58,0.0,below Mara's slope
P03379,C04,secondary header,sub main,200,139.7,0.5,0.127,0.191,1.459,1.4,below Mara's slope
P03381,C04,secondary main sewer,lateral,200,233.5,0.5,0.15,0.202,1.349,1.8,below Mara's slope
P03382,C04,secondary main sewer,lateral,200,64.6,0.5,0.136,0.196,1.41,1.6,below Mara's slope
P03383,C02,secondary main sewer,lateral,200,47.5,0.5,0.772,0.341,0.634,3.7,below Mara's slope
P03384,C02,secondary main sewer,lateral,200,121.7,0.5,0.588,0.313,0.719,2.4,below Mara's slope
P03385,C02,secondary main sewer,lateral,200,165.0,0.5,0.019,0.1,3.465,0.0,below Mara's slope
P03387,C02,secondary main sewer,lateral,200,153.3,0.5,0.184,0.216,1.227,3.1,below Mara's slope
P03389,C04,secondary main sewer,lateral,200,64.9,0.5,0.721,0.334,0.654,21.7,below Mara's slope
P03390,C04,secondary main sewer,lateral,200,364.4,0.5,0.74,0.337,0.647,22.5,below Mara's slope
P03391,C04,secondary main sewer,lateral,200,75.2,0.5,0.757,0.339,0.64,23.3,below Mara's slope
P03392,C04,secondary main sewer,lateral,200,75.7,0.5,0.127,0.191,1.456,1.4,below Mara's slope
P03393,C02,secondary main sewer,lateral,200,83.8,0.5,0.114,0.185,1.529,1.5,below Mara's slope
P03394,C02,secondary main sewer,lateral,200,85.6,0.5,0.12,0.188,1.494,1.6,below Mara's slope
P03395,C02,secondary main sewer,lateral,600,1065.6,0.125,12.443,0.419,0.176,421.5,below Mara's slope
P03396,C13,secondary main sewer,lateral,200,17.5,0.5,0.0,0.0,,0.0,no flow in 2030
P03398,C02,secondary main sewer,lateral,200,82.0,0.5,0.78,0.343,0.631,24.8,below Mara's slope
P03400,C247,secondary main sewer,lateral,200,138.7,0.5,0.013,0.087,4.178,0.0,below Mara's slope
P03401,C02,secondary main sewer,lateral,200,29.7,0.5,0.29,0.25,0.995,5.3,below Mara's slope
P03402,C02,secondary main sewer,lateral,200,85.5,0.5,0.226,0.231,1.116,4.8,below Mara's slope
P03406,C04,secondary header,sub main,200,90.9,0.5,0.731,0.336,0.65,23.1,below Mara's slope
P03407,C02,secondary main sewer,lateral,200,374.7,0.5,1.199,0.391,0.518,49.8,below Mara's slope
P03408,C02,secondary main sewer,lateral,200,253.1,0.5,0.221,0.229,1.129,0.0,below Mara's slope
P03409,C02,secondary main sewer,lateral,200,216.0,0.5,0.437,0.285,0.824,0.6,below Mara's slope
P03410,C02,secondary main sewer,lateral,200,143.6,0.5,0.509,0.299,0.768,10.6,below Mara's slope
P03411,C02,secondary main sewer,lateral,200,137.9,0.5,0.167,0.209,1.284,2.6,below Mara's slope
P03412,C02,secondary main sewer,lateral,200,158.6,0.5,0.182,0.215,1.234,2.9,below Mara's slope
P03413,C02,secondary main sewer,lateral,700,89.9,0.1,13.813,0.391,0.168,490.3,below Mara's slope
P03414,C13,secondary main sewer,lateral,200,48.4,0.5,0.082,0.165,1.78,0.6,below Mara's slope
P03415,C13,secondary main sewer,lateral,200,127.1,0.5,0.062,0.151,2.021,0.4,below Mara's slope
P03416,C93,secondary main sewer,lateral,200,68.9,0.5,0.131,0.193,1.438,1.9,below Mara's slope
P03417,C93,secondary main sewer,lateral,200,68.9,0.5,0.129,0.192,1.446,1.9,below Mara's slope
P03418,C93,secondary main sewer,lateral,200,198.9,0.5,0.102,0.178,1.612,1.2,below Mara's slope
P03419,C02,secondary main sewer,lateral,200,64.9,0.5,0.146,0.2,1.366,2.1,below Mara's slope
P03421,C164,secondary header,sub main,200,161.2,0.5,0.128,0.192,1.45,1.5,below Mara's slope
P03422,C13,secondary header,sub main,200,107.8,0.5,0.076,0.161,1.846,0.6,below Mara's slope
P03423,C13,secondary main sewer,lateral,200,51.8,0.5,0.079,0.163,1.813,0.7,below Mara's slope
P03424,C04,secondary main sewer,lateral,200,173.3,0.5,1.028,0.373,0.556,36.2,below Mara's slope
P03425,C13,secondary main sewer,lateral,200,35.4,1.05,0.027,0.145,2.961,0.1,below Mara's slope
P03426,C02,secondary main sewer,lateral,200,86.3,0.5,1.131,0.384,0.532,45.3,below Mara's slope
P03427,C04,secondary main sewer,lateral,200,185.7,0.5,0.25,0.238,1.066,4.5,below Mara's slope
P03428,C02,secondary main sewer,lateral,200,88.1,0.5,0.342,0.264,0.923,1.2,below Mara's slope
P03430,C04,secondary main sewer,lateral,200,37.0,0.5,1.114,0.383,0.535,40.4,below Mara's slope
P03431,C04,secondary main sewer,lateral,200,129.8,0.5,1.128,0.384,0.532,41.1,below Mara's slope
P03432,C02,secondary main sewer,lateral,200,85.0,0.5,0.124,0.189,1.475,1.5,below Mara's slope
P03434,C02,secondary main sewer,lateral,200,88.2,0.5,1.085,0.379,0.542,44.7,below Mara's slope
P03435,C01,secondary main sewer,lateral,200,93.8,0.5,0.043,0.133,2.395,0.2,below Mara's slope
P03436,C01,secondary main sewer,lateral,200,125.7,0.5,0.075,0.16,1.853,0.5,below Mara's slope
P03437,C02,secondary main sewer,lateral,200,95.0,0.5,0.653,0.324,0.685,19.5,below Mara's slope
P03438,C04,secondary main sewer,lateral,200,80.1,0.5,0.089,0.17,1.716,0.7,below Mara's slope
P03439,C04,secondary main sewer,lateral,200,108.6,0.5,0.101,0.177,1.623,0.9,below Mara's slope
P03440,C13,secondary header,sub main,200,50.3,0.5,0.14,0.197,1.393,1.9,below Mara's slope
P03441,C02,secondary main sewer,lateral,700,128.9,0.1,13.815,0.391,0.168,490.4,below Mara's slope
P03442,C02,secondary main sewer,lateral,200,237.4,0.5,0.419,0.282,0.84,12.9,below Mara's slope
P03443,C02,secondary main sewer,lateral,200,153.1,0.5,0.213,0.226,1.148,4.4,below Mara's slope
P03446,C04,secondary header,sub main,200,272.3,0.6,0.296,0.268,0.986,5.8,below Mara's slope
P03447,C02,secondary main sewer,lateral,200,183.0,0.5,0.541,0.305,0.747,2.4,below Mara's slope
P03448,C02,secondary main sewer,lateral,200,146.3,0.5,0.229,0.232,1.109,3.2,below Mara's slope
P03449,C02,secondary main sewer,lateral,200,87.0,0.5,0.298,0.253,0.983,7.6,below Mara's slope
P03450,C02,secondary main sewer,lateral,200,97.0,0.5,0.298,0.252,0.984,7.6,below Mara's slope
P03451,C02,secondary main sewer,lateral,200,108.0,0.5,0.014,0.089,4.025,0.0,below Mara's slope
P03452,C02,secondary main sewer,lateral,200,69.4,0.5,0.247,0.237,1.073,3.7,below Mara's slope
P03453,C13,secondary header,sub main,200,141.0,0.5,0.033,0.121,2.709,0.1,below Mara's slope
P03454,C02,secondary main sewer,lateral,200,84.2,0.5,0.105,0.179,1.59,1.3,below Mara's slope
P03455,C02,secondary main sewer,lateral,200,101.5,0.5,0.229,0.232,1.111,0.0,below Mara's slope
P03456,C02,secondary main sewer,lateral,200,152.4,0.5,0.077,0.162,1.836,0.7,below Mara's slope
P03457,C02,secondary main sewer,lateral,200,80.8,0.5,0.024,0.107,3.169,0.1,below Mara's slope
P03458,C02,secondary main sewer,lateral,200,77.8,0.5,0.031,0.118,2.792,0.1,below Mara's slope
P03459,C01,secondary header,sub main,200,119.4,0.5,0.089,0.17,1.715,0.6,below Mara's slope
P03460,C01,secondary header,sub main,315,228.2,0.27,4.79,0.452,0.273,128.2,below Mara's slope
P03463,C13,secondary header,sub main,200,64.3,0.5,0.369,0.27,0.891,8.2,below Mara's slope
P03465,C04,secondary main sewer,lateral,200,82.8,0.5,0.179,0.214,1.245,2.6,below Mara's slope
P03467,C02,secondary main sewer,lateral,200,169.5,0.5,0.18,0.214,1.241,3.2,below Mara's slope
P03468,C13,secondary main sewer,lateral,200,79.2,0.55,0.113,0.19,1.536,1.4,below Mara's slope
P03469,C13,secondary header,sub main,200,37.9,1.1,0.008,0.095,5.206,0.0,below Mara's slope
P03470,C02,secondary main sewer,lateral,200,85.5,0.5,0.63,0.32,0.696,18.3,below Mara's slope
P03471,C13,secondary header,sub main,200,18.4,0.5,0.327,0.26,0.942,6.6,below Mara's slope
P03472,C02,secondary main sewer,lateral,700,113.0,0.1,14.036,0.393,0.167,503.4,below Mara's slope
P03473,C13,secondary header,sub main,200,77.9,0.5,0.42,0.282,0.84,10.2,below Mara's slope
P03474,C13,secondary main sewer,lateral,200,49.8,1.15,0.023,0.142,3.178,0.1,below Mara's slope
P03475,C02,secondary main sewer,lateral,200,88.2,0.5,0.029,0.116,2.875,0.1,below Mara's slope
P03476,C02,secondary main sewer,lateral,200,83.9,0.5,1.056,0.376,0.549,42.8,below Mara's slope
P03477,C04,secondary header,sub main,200,275.5,0.5,0.382,0.273,0.877,8.7,below Mara's slope
P03478,C04,secondary header,sub main,200,84.8,0.5,0.419,0.282,0.84,10.1,below Mara's slope
P03479,C02,secondary main sewer,lateral,200,22.5,0.5,0.427,0.283,0.834,8.7,below Mara's slope
P03480,C13,secondary main sewer,lateral,200,59.6,0.5,0.403,0.278,0.855,11.3,below Mara's slope
P03482,C02,secondary main sewer,lateral,200,78.8,0.5,0.008,0.073,5.22,0.0,below Mara's slope
P03483,C13,secondary header,sub main,200,96.1,0.5,0.033,0.121,2.709,0.1,below Mara's slope
P03484,C02,secondary main sewer,lateral,200,95.3,0.5,0.073,0.159,1.876,0.7,below Mara's slope
P03485,C13,secondary header,sub main,200,32.2,0.5,0.421,0.282,0.838,10.3,below Mara's slope
P03486,C31,secondary main sewer,lateral,200,218.8,0.6,0.246,0.253,1.074,4.1,below Mara's slope
P03487,C02,secondary main sewer,lateral,200,90.9,0.5,0.911,0.359,0.588,33.7,below Mara's slope
P03488,C13,secondary main sewer,lateral,200,40.8,0.5,0.307,0.255,0.97,7.3,below Mara's slope
P03489,C13,secondary main sewer,lateral,200,62.1,0.5,0.133,0.194,1.427,1.7,below Mara's slope
P03490,C13,secondary header,sub main,200,164.0,0.5,0.061,0.15,2.038,0.4,below Mara's slope
P03491,C02,secondary main sewer,lateral,200,59.2,0.5,0.366,0.27,0.894,3.0,below Mara's slope
P03492,C02,secondary main sewer,lateral,700,90.0,0.1,14.456,0.396,0.164,525.7,below Mara's slope
P03493,C02,secondary main sewer,lateral,200,106.3,0.5,0.078,0.162,1.822,0.7,below Mara's slope
P03494,C02,secondary main sewer,lateral,200,88.6,0.5,0.074,0.159,1.869,0.7,below Mara's slope
P03495,C02,secondary main sewer,lateral,200,61.4,0.5,0.071,0.157,1.907,0.6,below Mara's slope
P03496,C02,secondary main sewer,lateral,200,115.6,0.5,0.154,0.204,1.333,2.5,below Mara's slope
P03497,C166,secondary main sewer,lateral,200,209.5,1.45,0.0,0.0,,0.0,no flow in 2030
P03498,C166,secondary header,sub main,200,183.4,0.5,0.207,0.224,1.163,3.1,below Mara's slope
P03499,C166,secondary header,sub main,200,99.1,0.5,0.241,0.236,1.084,4.3,below Mara's slope
P03500,C166,secondary header,sub main,200,34.7,0.5,0.241,0.236,1.084,4.3,below Mara's slope
P03501,C166,secondary header,sub main,200,49.6,0.5,0.241,0.236,1.084,4.3,below Mara's slope
P03502,C04,secondary main sewer,lateral,200,90.6,0.5,0.192,0.219,1.204,2.8,below Mara's slope
P03503,C04,secondary main sewer,lateral,200,230.7,0.5,0.245,0.237,1.076,4.3,below Mara's slope
P03505,C13,secondary main sewer,lateral,200,76.9,0.8,0.029,0.136,2.877,0.1,below Mara's slope
P03506,C13,secondary main sewer,lateral,200,55.4,0.5,0.276,0.246,1.019,4.5,below Mara's slope
P03507,C31,secondary main sewer,lateral,200,96.8,0.5,0.257,0.241,1.053,4.3,below Mara's slope
P03508,C13,secondary main sewer,lateral,200,35.8,0.5,0.236,0.234,1.095,4.9,below Mara's slope
P03509,C02,secondary main sewer,lateral,200,130.1,0.5,0.638,0.322,0.692,1.8,below Mara's slope
P03510,C02,secondary main sewer,lateral,200,164.0,0.5,0.025,0.109,3.106,0.1,below Mara's slope
P03511,C02,secondary main sewer,lateral,200,101.0,0.5,0.182,0.215,1.233,3.2,below Mara's slope
P03512,C02,secondary main sewer,lateral,200,185.1,0.5,0.079,0.163,1.813,0.8,below Mara's slope
P03513,C02,secondary main sewer,lateral,200,183.5,0.5,0.407,0.279,0.852,5.7,below Mara's slope
P03514,C13,secondary header,sub main,200,78.8,0.5,0.327,0.26,0.942,6.6,below Mara's slope
P03516,C01,secondary header,sub main,200,79.9,0.5,0.068,0.155,1.946,0.0,below Mara's slope
P03517,C01,secondary header,sub main,315,192.9,0.27,4.809,0.452,0.273,128.9,below Mara's slope
P03518,C01,secondary header,sub main,315,64.3,0.27,4.809,0.452,0.273,128.9,below Mara's slope
P03519,C13,secondary main sewer,lateral,200,64.2,0.65,0.123,0.207,1.479,1.5,below Mara's slope
P03520,C13,secondary header,sub main,200,57.9,0.5,0.572,0.311,0.728,15.5,below Mara's slope
P03521,C02,secondary main sewer,lateral,200,271.1,0.5,0.366,0.27,0.894,9.6,below Mara's slope
P03522,C02,secondary main sewer,lateral,200,145.6,0.5,0.21,0.225,1.155,4.0,below Mara's slope
P03523,C166,secondary main sewer,lateral,200,77.5,0.5,0.126,0.191,1.46,1.8,below Mara's slope
P03524,C166,secondary main sewer,lateral,200,33.9,2.45,0.0,0.0,,0.0,no flow in 2030
P03525,C225,secondary main sewer,lateral,200,94.0,1.35,0.06,0.208,2.056,0.4,below Mara's slope
P03527,C02,secondary main sewer,lateral,200,198.6,0.5,0.189,0.218,1.214,3.5,below Mara's slope
P03528,C02,secondary main sewer,lateral,200,184.9,0.5,0.0,0.0,,0.0,no flow in 2030
P03529,C02,secondary main sewer,lateral,200,109.5,0.5,0.101,0.177,1.621,1.2,below Mara's slope
P03530,C02,secondary main sewer,lateral,200,82.0,0.5,0.077,0.162,1.834,0.7,below Mara's slope
P03531,C02,secondary main sewer,lateral,200,270.3,0.5,0.233,0.233,1.101,5.0,below Mara's slope
P03533,C04,secondary main sewer,lateral,200,105.6,0.5,0.193,0.219,1.203,2.9,below Mara's slope
P03534,C13,secondary header,sub main,200,27.0,0.5,0.66,0.325,0.681,20.0,below Mara's slope
P03535,C02,secondary main sewer,lateral,200,140.6,0.5,0.556,0.308,0.738,0.6,below Mara's slope
P03536,C260,secondary main sewer,lateral,200,63.5,1.05,0.072,0.203,1.899,0.5,below Mara's slope
P03537,C260,secondary main sewer,lateral,200,125.3,1.7,0.091,0.259,1.702,0.8,below Mara's slope
P03538,C13,secondary header,sub main,200,136.4,0.5,0.145,0.199,1.372,2.1,below Mara's slope
P03539,C02,secondary main sewer,lateral,200,137.0,0.5,0.646,0.323,0.688,22.4,below Mara's slope
P03540,C04,secondary main sewer,lateral,200,100.6,0.5,0.116,0.185,1.521,1.2,below Mara's slope
P03541,C31,secondary main sewer,lateral,200,89.2,0.5,0.393,0.276,0.866,8.5,below Mara's slope
P03542,C02,secondary main sewer,lateral,200,89.6,0.5,0.703,0.331,0.662,28.0,below Mara's slope
P03543,C31,secondary main sewer,lateral,200,189.3,0.5,0.174,0.212,1.262,2.4,below Mara's slope
P03544,C13,secondary header,sub main,200,29.5,0.5,0.86,0.353,0.603,30.5,below Mara's slope
P03545,C13,secondary main sewer,lateral,200,64.5,0.5,0.267,0.244,1.035,5.9,below Mara's slope
P03546,C02,secondary main sewer,lateral,200,52.7,0.5,0.072,0.158,1.887,0.7,below Mara's slope
P03547,C04,secondary main sewer,lateral,200,119.8,0.55,0.227,0.239,1.114,3.8,below Mara's slope
P03548,C04,secondary header,sub main,200,270.6,0.5,0.639,0.322,0.692,18.8,below Mara's slope
P03549,C13,secondary header,sub main,200,61.8,0.85,0.294,0.302,0.99,5.3,below Mara's slope
P03550,C13,secondary header,sub main,200,138.2,0.5,0.172,0.211,1.266,2.7,below Mara's slope
P03551,C02,secondary main sewer,lateral,200,92.2,0.5,0.393,0.276,0.866,4.3,below Mara's slope
P03552,C02,secondary main sewer,lateral,200,218.8,0.55,0.39,0.284,0.869,1.2,below Mara's slope
P03553,C02,secondary main sewer,lateral,200,411.1,0.5,0.309,0.255,0.967,8.1,below Mara's slope
P03554,C04,secondary main sewer,lateral,200,44.8,0.5,0.093,0.172,1.686,0.8,below Mara's slope
P03556,C02,secondary main sewer,lateral,200,82.5,0.5,0.208,0.225,1.161,4.0,below Mara's slope
P03557,C02,secondary main sewer,lateral,200,86.8,0.5,0.254,0.24,1.058,5.8,below Mara's slope
P03558,C31,secondary main sewer,lateral,200,84.1,0.5,0.4,0.277,0.858,8.7,below Mara's slope
P03559,C13,secondary main sewer,lateral,200,92.3,0.5,0.218,0.228,1.137,4.3,below Mara's slope
P03560,C02,secondary main sewer,lateral,200,196.8,0.5,0.162,0.207,1.302,2.7,below Mara's slope
P03563,C260,secondary main sewer,lateral,200,72.1,0.5,0.124,0.19,1.472,1.3,below Mara's slope
P03564,C02,secondary main sewer,lateral,200,73.2,0.5,0.108,0.181,1.568,1.4,below Mara's slope
P03565,C02,secondary main sewer,lateral,200,74.4,0.5,0.028,0.114,2.929,0.1,below Mara's slope
P03569,C31,secondary main sewer,lateral,200,112.3,0.5,0.571,0.311,0.729,14.4,below Mara's slope
P03570,C31,secondary main sewer,lateral,200,75.6,1.65,0.0,0.0,,0.0,no flow in 2030
P03571,C02,secondary main sewer,lateral,200,106.4,0.5,0.618,0.318,0.703,21.1,below Mara's slope
P03573,C02,secondary main sewer,lateral,200,89.6,0.5,0.017,0.097,3.638,0.0,below Mara's slope
P03574,C02,secondary main sewer,lateral,200,87.7,0.5,0.544,0.306,0.745,19.2,below Mara's slope
P03575,C02,secondary main sewer,lateral,200,125.0,0.5,0.351,0.266,0.912,0.6,below Mara's slope
P03578,C02,secondary main sewer,lateral,200,54.1,0.5,0.107,0.18,1.578,1.1,below Mara's slope
P03579,C02,secondary main sewer,lateral,200,136.0,0.5,0.064,0.152,2.002,0.4,below Mara's slope
P03581,C04,secondary header,sub main,200,102.9,0.5,0.801,0.345,0.623,23.9,below Mara's slope
P03582,C44,secondary main sewer,lateral,200,64.2,0.5,0.0,0.0,,0.0,no flow in 2030
P03583,C02,secondary main sewer,lateral,200,215.3,0.5,0.028,0.115,2.913,0.1,below Mara's slope
P03584,C13,secondary header,sub main,200,37.9,0.5,1.253,0.397,0.507,51.5,below Mara's slope
P03585,C13,secondary header,sub main,200,96.1,0.55,0.221,0.237,1.128,2.7,below Mara's slope
P03586,C13,secondary main sewer,lateral,200,79.7,1.05,0.199,0.286,1.184,2.1,below Mara's slope
P03587,C02,secondary main sewer,lateral,200,76.3,0.5,0.608,0.317,0.708,20.6,below Mara's slope
P03588,C02,secondary main sewer,lateral,200,85.1,0.5,0.295,0.251,0.989,7.1,below Mara's slope
P03589,C13,secondary header,sub main,200,143.1,0.5,0.29,0.25,0.996,6.5,below Mara's slope
P03590,C02,secondary main sewer,lateral,200,89.5,0.5,0.417,0.281,0.842,12.9,below Mara's slope
P03591,C02,secondary main sewer,lateral,700,342.3,0.1,14.543,0.397,0.164,526.5,below Mara's slope
P03592,C02,secondary main sewer,lateral,200,109.3,0.5,0.357,0.268,0.905,9.8,below Mara's slope
P03593,C44,secondary main sewer,lateral,200,132.7,0.5,0.128,0.191,1.452,1.9,below Mara's slope
P03594,C02,secondary main sewer,lateral,200,140.6,0.5,0.646,0.323,0.689,22.4,below Mara's slope
P03595,C02,secondary main sewer,lateral,200,85.8,0.5,0.644,0.323,0.689,22.3,below Mara's slope
P03596,C296,secondary main sewer,lateral,200,71.7,0.5,0.194,0.22,1.197,1.9,below Mara's slope
P03597,C02,secondary main sewer,lateral,200,319.1,0.5,0.618,0.318,0.703,21.1,below Mara's slope
P03598,C02,secondary main sewer,lateral,200,84.6,0.5,0.041,0.13,2.465,0.2,below Mara's slope
P03599,C99,secondary header,sub main,200,73.2,0.5,0.436,0.285,0.826,11.4,below Mara's slope
P03600,C02,secondary main sewer,lateral,200,158.0,0.5,0.069,0.156,1.933,0.6,below Mara's slope
P03601,C04,secondary main sewer,lateral,200,108.2,0.5,0.4,0.277,0.859,9.4,below Mara's slope
P03602,C02,secondary main sewer,lateral,200,213.5,0.5,0.174,0.212,1.259,3.2,below Mara's slope
P03603,C13,secondary header,sub main,200,207.9,0.5,0.151,0.202,1.345,2.2,below Mara's slope
P03604,C31,secondary header,sub main,200,277.7,0.5,0.143,0.199,1.38,1.6,below Mara's slope
P03605,C02,secondary main sewer,lateral,200,137.6,0.5,0.632,0.321,0.696,6.1,below Mara's slope
P03606,C02,secondary main sewer,lateral,200,360.4,0.5,1.122,0.383,0.534,7.3,below Mara's slope
P03607,C44,secondary header,sub main,200,112.0,0.5,0.491,0.296,0.781,15.6,below Mara's slope
P03608,C44,secondary main sewer,lateral,200,44.5,0.5,0.274,0.246,1.022,6.8,below Mara's slope
P03609,C44,secondary main sewer,lateral,200,79.1,0.5,0.289,0.25,0.997,7.4,below Mara's slope
P03610,C13,secondary main sewer,lateral,200,179.5,0.5,0.391,0.275,0.868,10.5,below Mara's slope
P03611,C13,secondary header,sub main,200,119.0,0.5,1.11,0.382,0.536,42.8,below Mara's slope
P03612,C13,secondary header,sub main,200,171.6,0.5,1.06,0.377,0.548,40.3,below Mara's slope
P03613,C13,secondary header,sub main,200,56.5,0.5,0.332,0.261,0.936,8.0,below Mara's slope
P03615,C02,secondary main sewer,lateral,200,92.7,0.7,0.049,0.155,2.26,0.3,below Mara's slope
P03617,C13,secondary header,sub main,200,31.1,0.5,0.0,0.0,,0.0,no flow in 2030
P03619,C04,secondary main sewer,lateral,200,197.7,0.5,0.294,0.251,0.989,5.6,below Mara's slope
P03620,C02,secondary main sewer,lateral,200,801.9,0.5,0.408,0.279,0.85,10.6,below Mara's slope
P03621,C02,secondary main sewer,lateral,200,164.7,0.5,0.394,0.276,0.865,11.7,below Mara's slope
P03622,C02,secondary main sewer,lateral,200,59.9,0.5,0.161,0.207,1.306,2.7,below Mara's slope
P03623,C02,secondary main sewer,lateral,200,89.0,0.5,0.031,0.118,2.803,0.1,below Mara's slope
P03624,C02,secondary main sewer,lateral,200,87.0,0.5,0.609,0.317,0.708,20.7,below Mara's slope
P03625,C02,secondary main sewer,lateral,200,122.3,0.5,0.61,0.317,0.707,20.8,below Mara's slope
P03627,C13,secondary main sewer,lateral,200,45.6,0.5,0.072,0.158,1.896,0.6,below Mara's slope
P03628,C02,secondary main sewer,lateral,200,84.7,0.5,0.11,0.182,1.559,1.2,below Mara's slope
P03629,C13,secondary main sewer,lateral,200,83.0,0.5,0.352,0.266,0.911,9.0,below Mara's slope
P03630,C13,secondary main sewer,lateral,200,98.6,0.5,0.178,0.214,1.247,3.1,below Mara's slope
P03631,C13,secondary main sewer,lateral,200,73.4,0.5,0.204,0.223,1.17,3.8,below Mara's slope
P03632,C13,secondary header,sub main,200,51.9,0.5,0.151,0.202,1.345,2.2,below Mara's slope
P03633,C02,secondary main sewer,lateral,200,122.0,0.8,0.167,0.246,1.283,0.0,below Mara's slope
P03634,C44,secondary header,sub main,200,51.5,0.5,0.322,0.259,0.948,7.6,below Mara's slope
P03635,C02,secondary main sewer,lateral,200,33.6,0.5,0.031,0.119,2.778,0.1,below Mara's slope
P03636,C02,secondary main sewer,lateral,200,62.4,0.5,0.036,0.125,2.607,0.1,below Mara's slope
P03637,C02,secondary main sewer,lateral,200,128.8,0.5,0.027,0.112,2.984,0.1,below Mara's slope
P03638,C02,secondary main sewer,lateral,200,96.2,0.5,0.038,0.127,2.54,0.2,below Mara's slope
P03639,C02,secondary main sewer,lateral,700,144.0,0.1,14.714,0.399,0.163,536.3,below Mara's slope
P03640,C31,secondary main sewer,lateral,200,137.5,0.6,0.125,0.202,1.469,1.3,below Mara's slope
P03641,C31,secondary header,sub main,200,176.1,0.5,0.467,0.291,0.8,11.0,below Mara's slope
P03642,C02,secondary main sewer,lateral,200,86.0,0.5,0.319,0.258,0.953,8.5,below Mara's slope
P03643,C13,secondary main sewer,lateral,200,91.2,0.5,0.341,0.263,0.925,8.6,below Mara's slope
P03644,C04,secondary main sewer,lateral,200,83.3,0.5,0.134,0.195,1.42,1.5,below Mara's slope
P03647,C02,secondary main sewer,lateral,200,85.7,0.5,0.059,0.148,2.068,0.4,below Mara's slope
P03648,C13,secondary main sewer,lateral,200,74.2,1.85,0.051,0.218,2.223,0.3,below Mara's slope
P03649,C13,secondary main sewer,lateral,200,81.3,0.5,0.125,0.19,1.47,1.5,below Mara's slope
P03650,C13,secondary header,sub main,200,47.8,0.5,0.151,0.202,1.345,2.2,below Mara's slope
P03651,C13,secondary main sewer,lateral,200,36.0,0.5,0.245,0.237,1.076,5.0,below Mara's slope
P03653,C02,secondary main sewer,lateral,200,34.5,0.5,0.012,0.085,4.318,0.0,below Mara's slope
P03654,C02,secondary main sewer,lateral,200,58.5,0.5,0.012,0.086,4.25,0.0,below Mara's slope
P03655,C02,secondary main sewer,lateral,200,158.0,0.5,0.194,0.22,1.199,3.8,below Mara's slope
P03656,C99,secondary main sewer,lateral,200,108.7,0.5,0.224,0.23,1.121,4.4,below Mara's slope
P03657,C04,secondary main sewer,lateral,200,79.1,0.5,0.243,0.236,1.08,4.1,below Mara's slope
P03658,C02,secondary main sewer,lateral,200,83.4,0.5,0.29,0.25,0.996,6.7,below Mara's slope
P03659,C02,secondary main sewer,lateral,200,59.9,0.5,0.017,0.095,3.716,0.0,below Mara's slope
P03661,C02,secondary main sewer,lateral,200,85.8,0.5,0.331,0.261,0.937,9.0,below Mara's slope
P03662,C99,secondary header,sub main,200,262.8,0.5,0.516,0.301,0.764,13.6,below Mara's slope
P03663,C44,secondary main sewer,lateral,200,84.4,0.5,0.277,0.247,1.017,5.7,below Mara's slope
P03664,C44,secondary main sewer,lateral,200,61.6,0.5,0.018,0.098,3.596,0.0,below Mara's slope
P03665,C02,secondary main sewer,lateral,200,89.9,0.5,0.026,0.112,3.012,0.1,below Mara's slope
P03666,C02,secondary main sewer,lateral,200,125.0,0.5,0.318,0.258,0.955,3.0,below Mara's slope
P03667,C02,secondary main sewer,lateral,200,372.2,0.5,0.663,0.326,0.68,5.5,below Mara's slope
P03668,C02,secondary main sewer,lateral,200,85.1,0.5,0.07,0.157,1.917,0.5,below Mara's slope
P03669,C02,secondary main sewer,lateral,700,104.0,0.1,14.827,0.399,0.162,540.8,below Mara's slope
P03670,C02,secondary main sewer,lateral,200,451.3,0.5,0.17,0.21,1.275,1.4,below Mara's slope
P03671,C02,secondary main sewer,lateral,200,72.5,0.5,0.275,0.246,1.02,4.4,below Mara's slope
P03672,C31,secondary main sewer,lateral,200,349.5,0.5,0.654,0.324,0.685,17.7,below Mara's slope
P03673,C13,secondary header,sub main,200,77.0,0.5,0.194,0.22,1.199,3.4,below Mara's slope
P03674,C13,secondary main sewer,lateral,200,149.0,0.5,0.135,0.195,1.419,1.9,below Mara's slope
P03675,C04,secondary main sewer,lateral,200,224.1,0.5,0.168,0.21,1.28,2.2,below Mara's slope
P03676,C249,secondary header,sub main,200,55.2,0.65,0.564,0.339,0.733,15.3,below Mara's slope
P03677,C02,secondary main sewer,lateral,200,49.2,0.5,0.112,0.183,1.544,1.2,below Mara's slope
P03678,C02,secondary main sewer,lateral,200,182.1,0.5,0.112,0.183,1.544,1.2,below Mara's slope
P03679,C13,secondary header,sub main,200,79.0,0.5,0.163,0.207,1.299,2.1,below Mara's slope
P03680,C13,secondary header,sub main,200,142.1,1.2,0.077,0.218,1.835,0.6,below Mara's slope
P03681,C13,secondary header,sub main,200,17.6,0.5,0.251,0.239,1.064,5.3,below Mara's slope
P03682,C99,secondary header,sub main,200,48.2,0.5,0.726,0.335,0.652,22.5,below Mara's slope
P03683,C99,secondary main sewer,lateral,200,141.6,0.9,0.166,0.255,1.288,2.7,below Mara's slope
P03684,C44,secondary header,sub main,200,111.0,0.5,0.128,0.191,1.454,1.9,below Mara's slope
P03685,C02,secondary main sewer,lateral,700,47.9,0.1,14.83,0.399,0.162,540.9,below Mara's slope
P03686,C31,secondary main sewer,lateral,200,49.9,0.5,0.665,0.326,0.679,18.1,below Mara's slope
P03687,C31,secondary main sewer,lateral,200,93.1,0.5,0.723,0.334,0.654,20.5,below Mara's slope
P03688,C02,secondary main sewer,lateral,200,105.4,0.5,0.084,0.166,1.764,0.8,below Mara's slope
P03689,C02,secondary main sewer,lateral,200,88.2,0.5,0.075,0.16,1.862,0.6,below Mara's slope
P03690,C01,secondary header,sub main,200,63.5,0.5,0.004,0.058,6.931,0.0,below Mara's slope
P03691,C02,secondary main sewer,lateral,200,128.8,0.5,0.026,0.111,3.034,0.1,below Mara's slope
P03692,C02,secondary main sewer,lateral,200,148.1,0.5,0.081,0.165,1.789,0.7,below Mara's slope
P03693,C02,secondary main sewer,lateral,200,86.8,0.5,0.081,0.164,1.792,0.7,below Mara's slope
P03694,C249,secondary header,sub main,200,120.5,0.55,0.695,0.341,0.666,20.2,below Mara's slope
P03696,C13,secondary main sewer,lateral,200,125.3,0.5,0.27,0.244,1.03,6.0,below Mara's slope
P03697,C44,secondary header,sub main,200,135.1,0.5,0.016,0.095,3.745,0.0,below Mara's slope
P03698,C02,secondary main sewer,lateral,200,61.2,0.5,0.191,0.219,1.207,3.0,below Mara's slope
P03699,C02,secondary main sewer,lateral,200,256.5,0.5,0.121,0.188,1.489,1.4,below Mara's slope
P03700,C02,secondary main sewer,lateral,200,133.8,0.5,0.003,0.051,8.0,0.0,below Mara's slope
P03702,C99,secondary header,sub main,200,257.1,0.5,0.181,0.215,1.237,2.9,below Mara's slope
P03703,C99,secondary header,sub main,200,50.4,0.5,0.798,0.345,0.625,26.4,below Mara's slope
P03705,C13,secondary header,sub main,200,201.7,0.5,0.332,0.261,0.936,8.0,below Mara's slope
P03707,C02,secondary main sewer,lateral,200,102.7,0.5,0.103,0.178,1.606,1.3,below Mara's slope
P03708,C44,secondary main sewer,lateral,200,105.4,0.5,0.26,0.242,1.047,5.0,below Mara's slope
P03709,C44,secondary main sewer,lateral,200,63.4,0.8,0.019,0.116,3.519,0.0,below Mara's slope
P03710,C44,secondary main sewer,lateral,200,104.5,0.5,0.208,0.225,1.162,4.3,below Mara's slope
P03712,C44,secondary main sewer,lateral,200,258.7,0.5,0.21,0.225,1.155,4.4,below Mara's slope
P03713,C04,secondary main sewer,lateral,200,154.8,0.65,0.215,0.249,1.142,3.5,below Mara's slope
P03714,C02,secondary main sewer,lateral,200,273.6,0.5,0.225,0.23,1.121,3.6,below Mara's slope
P03715,C02,secondary main sewer,lateral,200,88.6,0.5,0.093,0.172,1.68,1.0,below Mara's slope
P03716,C02,secondary main sewer,lateral,200,81.2,0.5,0.029,0.116,2.859,0.1,below Mara's slope
P03717,C02,secondary main sewer,lateral,700,120.4,0.1,14.853,0.4,0.162,542.3,below Mara's slope
P03718,C02,secondary main sewer,lateral,200,83.0,0.5,0.084,0.167,1.76,0.7,below Mara's slope
P03719,C02,secondary main sewer,lateral,200,255.5,0.5,0.098,0.175,1.643,0.9,below Mara's slope
P03724,C02,secondary main sewer,lateral,200,205.0,0.5,0.29,0.25,0.996,6.7,below Mara's slope
P03725,C13,secondary header,sub main,200,68.3,0.5,0.113,0.184,1.539,1.4,below Mara's slope
P03728,C04,secondary main sewer,lateral,200,23.2,0.5,0.072,0.158,1.896,0.6,below Mara's slope
P03729,C04,secondary main sewer,lateral,200,213.1,0.5,0.12,0.188,1.495,1.2,below Mara's slope
P03730,C02,secondary main sewer,lateral,200,49.3,0.5,0.029,0.116,2.87,0.1,below Mara's slope
P03731,C01,secondary main sewer,lateral,200,55.5,0.5,0.005,0.062,6.308,0.0,below Mara's slope
P03732,C02,secondary main sewer,lateral,200,91.3,0.5,0.133,0.194,1.428,1.6,below Mara's slope
P03733,C02,secondary main sewer,lateral,200,240.1,0.5,0.0,0.0,,0.0,no flow in 2030
P03735,C04,secondary header,sub main,200,105.8,0.65,0.164,0.227,1.296,2.6,below Mara's slope
P03736,C02,secondary main sewer,lateral,200,123.7,0.5,0.018,0.098,3.567,0.0,below Mara's slope
P03737,C02,secondary main sewer,lateral,200,198.2,0.5,0.048,0.138,2.279,0.3,below Mara's slope
P03738,C02,secondary main sewer,lateral,200,168.7,0.5,0.114,0.185,1.529,1.5,below Mara's slope
P03739,C02,secondary main sewer,lateral,200,63.8,1.05,0.017,0.124,3.641,0.0,below Mara's slope
P03740,C02,secondary main sewer,lateral,200,117.1,0.5,0.028,0.114,2.931,0.1,below Mara's slope
P03741,C02,secondary main sewer,lateral,200,245.6,0.5,0.074,0.16,1.865,0.6,below Mara's slope
P03742,C02,secondary main sewer,lateral,200,69.8,0.5,0.094,0.173,1.676,1.0,below Mara's slope
P03743,C31,secondary main sewer,lateral,200,82.3,0.5,0.126,0.19,1.463,1.2,below Mara's slope
P03746,C02,secondary main sewer,lateral,200,81.3,0.55,0.123,0.195,1.481,1.5,below Mara's slope
P03748,C31,secondary main sewer,lateral,200,99.4,0.7,0.071,0.177,1.902,0.4,below Mara's slope
P03749,C31,secondary main sewer,lateral,200,51.3,0.5,0.053,0.143,2.172,0.2,below Mara's slope
P03750,C04,secondary header,sub main,200,172.9,0.55,0.458,0.299,0.807,8.5,below Mara's slope
P03751,C04,secondary main sewer,lateral,200,18.9,1.7,0.084,0.252,1.761,0.6,below Mara's slope
P03752,C04,secondary main sewer,lateral,200,163.5,0.55,0.263,0.25,1.042,4.9,below Mara's slope
P03755,C02,secondary main sewer,lateral,200,84.1,0.5,0.031,0.118,2.793,0.1,below Mara's slope
P03757,C02,secondary main sewer,lateral,200,88.8,0.55,0.021,0.106,3.349,0.1,below Mara's slope
P03758,C02,secondary main sewer,lateral,700,149.7,0.1,14.855,0.4,0.162,542.4,below Mara's slope
P03759,C02,secondary main sewer,lateral,200,99.4,0.5,0.036,0.124,2.61,0.1,below Mara's slope
P03760,C04,secondary main sewer,lateral,200,258.9,0.5,0.0,0.0,,0.0,no flow in 2030
P03763,C13,secondary header,sub main,200,110.4,0.5,0.241,0.236,1.085,4.9,below Mara's slope
P03764,C13,secondary header,sub main,200,236.9,0.5,0.356,0.267,0.906,9.3,below Mara's slope
P03765,C02,secondary main sewer,lateral,200,73.7,0.5,0.07,0.157,1.912,0.6,below Mara's slope
P03766,C02,secondary main sewer,lateral,200,113.7,0.5,0.204,0.223,1.172,4.0,below Mara's slope
P03767,C02,secondary main sewer,lateral,200,202.7,0.5,0.183,0.215,1.232,3.4,below Mara's slope
P03768,C02,secondary main sewer,lateral,200,84.3,0.5,0.083,0.166,1.768,0.7,below Mara's slope
P03769,C02,secondary main sewer,lateral,200,337.9,0.5,0.097,0.175,1.648,0.9,below Mara's slope
P03770,C02,secondary main sewer,lateral,200,83.3,0.5,0.097,0.174,1.654,1.0,below Mara's slope
P03772,C04,secondary main sewer,lateral,200,105.0,0.85,0.304,0.305,0.974,6.2,below Mara's slope
P03773,C13,secondary main sewer,lateral,200,98.1,0.5,0.09,0.17,1.712,0.9,below Mara's slope
P03774,C13,secondary main sewer,lateral,200,81.8,0.5,0.11,0.182,1.557,1.3,below Mara's slope
P03775,C01,secondary header,sub main,200,237.9,0.5,0.01,0.08,4.638,0.0,below Mara's slope
P03776,C01,secondary header,sub main,200,39.4,0.5,0.006,0.065,6.04,0.0,below Mara's slope
P03778,C04,secondary main sewer,lateral,200,74.0,0.5,0.088,0.169,1.722,0.7,below Mara's slope
P03779,C02,secondary main sewer,lateral,200,82.9,0.5,0.122,0.188,1.485,1.4,below Mara's slope
P03780,C02,secondary main sewer,lateral,200,254.3,0.5,0.044,0.133,2.378,0.2,below Mara's slope
P03781,C13,secondary main sewer,lateral,200,130.3,0.5,0.528,0.303,0.755,12.0,below Mara's slope
P03785,C02,secondary main sewer,lateral,200,86.3,0.5,0.055,0.144,2.144,0.3,below Mara's slope
P03788,C02,secondary main sewer,lateral,200,81.7,0.5,0.175,0.212,1.257,3.2,below Mara's slope
P03791,C02,secondary main sewer,lateral,200,86.8,0.5,0.028,0.114,2.92,0.1,below Mara's slope
P03792,C99,secondary header,sub main,200,63.6,0.5,0.857,0.353,0.604,29.4,below Mara's slope
P03793,C99,secondary header,sub main,200,117.3,0.5,0.916,0.36,0.586,31.5,below Mara's slope
P03794,C04,secondary header,sub main,200,26.1,0.5,0.725,0.335,0.653,22.8,below Mara's slope
P03795,C02,secondary main sewer,lateral,700,94.7,0.1,14.859,0.4,0.162,542.6,below Mara's slope
P03796,C02,secondary main sewer,lateral,200,99.7,0.5,0.116,0.185,1.519,1.5,below Mara's slope
P03801,C04,secondary main sewer,lateral,200,28.1,0.5,0.331,0.261,0.937,8.2,below Mara's slope
P03802,C02,secondary main sewer,lateral,200,105.8,0.5,0.033,0.122,2.695,0.1,below Mara's slope
P03804,C13,secondary header,sub main,200,93.7,0.5,0.675,0.327,0.675,16.9,below Mara's slope
P03805,C04,secondary main sewer,lateral,200,15.6,0.5,1.259,0.397,0.506,45.8,below Mara's slope
P03807,C13,secondary main sewer,lateral,200,78.0,0.5,0.61,0.317,0.707,15.0,below Mara's slope
P03808,C13,secondary main sewer,lateral,200,90.2,0.5,0.551,0.307,0.741,13.0,below Mara's slope
P03809,C02,secondary main sewer,lateral,200,85.1,0.5,0.065,0.153,1.978,0.5,below Mara's slope
P03810,C01,secondary header,sub main,200,91.7,0.5,0.013,0.086,4.199,0.0,below Mara's slope
P03811,C01,secondary main sewer,lateral,200,179.9,0.8,0.013,0.102,4.14,0.0,below Mara's slope
P03815,C04,secondary header,sub main,200,189.1,0.5,0.386,0.274,0.873,10.6,below Mara's slope
P03816,C02,secondary main sewer,lateral,200,83.9,0.5,0.033,0.121,2.713,0.1,below Mara's slope
P03817,C44,secondary header,sub main,200,238.4,0.5,0.131,0.193,1.438,1.9,below Mara's slope
P03820,C04,secondary main sewer,lateral,200,55.7,0.5,1.259,0.397,0.506,45.8,below Mara's slope
P03821,C04,secondary main sewer,lateral,200,61.7,0.95,0.147,0.25,1.362,1.9,below Mara's slope
P03822,C02,secondary main sewer,lateral,200,83.4,0.5,0.108,0.181,1.567,1.1,below Mara's slope
P03823,C13,secondary main sewer,lateral,200,101.5,0.5,0.175,0.212,1.258,2.9,below Mara's slope
P03824,C04,secondary header,sub main,200,119.3,0.5,0.483,0.294,0.787,14.6,below Mara's slope
P03825,C04,secondary main sewer,lateral,200,141.8,0.5,0.188,0.217,1.215,3.1,below Mara's slope
P03826,C02,secondary main sewer,lateral,200,86.5,0.5,0.09,0.17,1.711,0.9,below Mara's slope
P03827,C02,secondary main sewer,lateral,700,109.7,0.1,14.886,0.4,0.162,544.1,below Mara's slope
P03828,C04,secondary main sewer,lateral,200,97.1,0.5,0.826,0.349,0.615,24.4,below Mara's slope
P03829,C04,secondary main sewer,lateral,200,108.7,0.5,0.103,0.178,1.602,0.9,below Mara's slope
P03830,C04,secondary main sewer,lateral,200,149.1,0.5,0.213,0.226,1.148,3.3,below Mara's slope
P03831,C13,secondary header,sub main,200,88.4,0.5,0.705,0.332,0.661,18.4,below Mara's slope
P03832,C04,secondary main sewer,lateral,200,31.2,0.5,0.262,0.242,1.043,4.9,below Mara's slope
P03834,C13,secondary header,sub main,200,144.7,0.5,0.449,0.288,0.814,13.3,below Mara's slope
P03837,C04,secondary main sewer,lateral,200,62.4,0.5,0.241,0.236,1.084,5.0,below Mara's slope
P03838,C04,secondary main sewer,lateral,200,12.3,1.55,0.022,0.153,3.27,0.1,below Mara's slope
P03839,C04,secondary main sewer,lateral,200,68.3,0.5,1.253,0.397,0.507,37.1,below Mara's slope
P03840,C44,secondary header,sub main,200,61.1,0.5,0.177,0.213,1.251,3.2,below Mara's slope
P03841,C04,secondary main sewer,lateral,200,44.3,0.5,0.615,0.318,0.704,17.7,below Mara's slope
P03842,C02,secondary main sewer,lateral,200,203.4,0.5,0.1,0.176,1.629,1.1,below Mara's slope
P03843,C04,secondary header,sub main,200,125.4,0.5,0.572,0.311,0.728,17.1,below Mara's slope
P03844,C02,secondary main sewer,lateral,200,393.2,0.5,0.059,0.148,2.071,0.4,below Mara's slope
P03845,C02,secondary main sewer,lateral,200,94.0,0.5,0.069,0.155,1.936,0.5,below Mara's slope
P03846,C02,secondary main sewer,lateral,200,187.9,0.5,0.065,0.153,1.985,0.4,below Mara's slope
P03847,C02,secondary main sewer,lateral,200,64.3,0.5,0.053,0.142,2.184,0.3,below Mara's slope
P03848,C02,secondary main sewer,lateral,200,79.1,1.05,0.048,0.177,2.289,0.3,below Mara's slope
P03849,C04,secondary main sewer,lateral,200,28.4,0.5,0.2,0.222,1.181,3.7,below Mara's slope
P03850,C04,secondary main sewer,lateral,200,65.6,0.5,0.185,0.216,1.226,1.3,below Mara's slope
P03851,C01,secondary header,sub main,200,86.5,0.5,0.02,0.101,3.441,0.0,below Mara's slope
P03852,C01,secondary main sewer,lateral,200,142.8,0.5,0.011,0.082,4.494,0.0,below Mara's slope
P03853,C04,secondary main sewer,lateral,200,89.9,0.5,0.739,0.337,0.647,20.4,below Mara's slope
P03854,C04,secondary main sewer,lateral,200,16.4,0.5,0.158,0.206,1.316,2.5,below Mara's slope
P03855,C04,secondary main sewer,lateral,200,12.5,0.5,0.156,0.205,1.324,2.4,below Mara's slope
P03856,C01,secondary header,sub main,200,245.4,0.5,0.071,0.157,1.911,0.6,below Mara's slope
P03857,C13,secondary main sewer,lateral,200,95.4,0.5,0.075,0.16,1.857,0.5,below Mara's slope
P03858,C13,secondary header,sub main,200,76.6,0.5,0.251,0.239,1.065,5.2,below Mara's slope
P03859,C04,secondary main sewer,lateral,200,37.0,0.5,0.429,0.284,0.832,10.2,below Mara's slope
P03860,C04,secondary main sewer,lateral,200,132.9,0.5,0.403,0.278,0.856,9.2,below Mara's slope
P03861,C04,secondary main sewer,lateral,200,47.8,0.5,1.205,0.392,0.517,35.3,below Mara's slope
P03862,C02,secondary main sewer,lateral,200,56.6,0.5,0.101,0.177,1.622,1.1,below Mara's slope
P03863,C02,secondary main sewer,lateral,200,84.3,0.5,0.036,0.125,2.599,0.1,below Mara's slope
P03864,C113,secondary main sewer,lateral,200,94.9,0.5,0.012,0.085,4.298,0.0,below Mara's slope
P03865,C04,secondary main sewer,lateral,200,54.6,1.15,0.117,0.247,1.515,1.2,below Mara's slope
P03867,C04,secondary main sewer,lateral,200,9.4,0.5,0.303,0.254,0.975,6.7,below Mara's slope
P03868,C04,secondary main sewer,lateral,200,68.5,0.5,0.303,0.254,0.975,6.7,below Mara's slope
P03870,C02,secondary main sewer,lateral,200,88.2,0.5,0.095,0.174,1.663,0.9,below Mara's slope
P03871,C02,secondary main sewer,lateral,200,83.3,0.5,0.079,0.163,1.814,0.6,below Mara's slope
P03872,C02,secondary main sewer,lateral,200,125.2,0.5,0.002,0.045,9.392,0.0,below Mara's slope
P03873,C01,secondary header,sub main,200,250.9,0.5,0.128,0.192,1.449,1.9,below Mara's slope
P03874,C02,secondary main sewer,lateral,200,85.3,0.5,0.051,0.141,2.212,0.3,below Mara's slope
P03875,C02,secondary main sewer,lateral,200,189.5,1.1,0.071,0.206,1.9,0.5,below Mara's slope
P03876,C02,secondary main sewer,lateral,200,44.9,0.5,0.062,0.15,2.023,0.4,below Mara's slope
P03877,C02,secondary main sewer,lateral,200,134.7,1.95,0.059,0.235,2.069,0.4,below Mara's slope
P03878,C04,secondary main sewer,lateral,200,38.0,0.5,0.021,0.103,3.36,0.0,below Mara's slope
P03879,C02,secondary main sewer,lateral,200,58.3,0.5,0.069,0.155,1.936,0.5,below Mara's slope
P03880,C01,secondary header,sub main,200,633.7,0.5,0.181,0.215,1.238,3.3,below Mara's slope
P03881,C04,secondary main sewer,lateral,200,30.0,0.6,0.356,0.285,0.906,9.2,below Mara's slope
P03882,C02,secondary main sewer,lateral,200,159.7,0.5,0.111,0.182,1.553,1.3,below Mara's slope
P03883,C04,secondary header,sub main,200,174.4,0.5,0.725,0.335,0.653,22.8,below Mara's slope
P03884,C04,secondary main sewer,lateral,200,57.0,0.5,0.412,0.28,0.847,9.6,below Mara's slope
P03885,C04,secondary main sewer,lateral,200,34.1,0.5,0.241,0.236,1.084,3.8,below Mara's slope
P03886,C04,secondary main sewer,lateral,200,7.1,0.5,0.116,0.185,1.522,1.2,below Mara's slope
P03887,C02,secondary main sewer,lateral,200,85.3,0.5,0.11,0.182,1.558,1.3,below Mara's slope
P03888,C02,secondary main sewer,lateral,200,74.1,0.5,0.014,0.089,4.022,0.0,below Mara's slope
P03889,C31,secondary main sewer,lateral,200,232.3,0.5,0.111,0.183,1.552,0.9,below Mara's slope
P03890,C02,secondary main sewer,lateral,200,27.6,0.5,0.069,0.155,1.936,0.5,below Mara's slope
P03891,C02,secondary main sewer,lateral,200,362.6,0.5,0.086,0.168,1.74,0.9,below Mara's slope
P03892,C13,secondary header,sub main,200,218.3,0.5,0.332,0.261,0.936,8.2,below Mara's slope
P03893,C13,secondary main sewer,lateral,200,115.7,0.85,0.108,0.217,1.572,1.1,below Mara's slope
P03894,C02,secondary main sewer,lateral,200,36.7,0.9,0.043,0.162,2.401,0.2,below Mara's slope
P03896,C02,secondary main sewer,lateral,200,544.4,0.5,0.32,0.258,0.952,8.5,below Mara's slope
P03899,C04,secondary main sewer,lateral,200,75.7,0.7,0.0,0.0,,0.0,no flow in 2030
P03900,C04,secondary main sewer,lateral,200,21.1,0.5,0.356,0.267,0.906,9.2,below Mara's slope
P03901,C44,secondary header,sub main,200,196.2,0.5,0.271,0.245,1.027,4.5,below Mara's slope
P03902,C04,secondary main sewer,lateral,200,104.4,0.5,0.726,0.335,0.652,19.8,below Mara's slope
P03903,C04,secondary main sewer,lateral,200,167.3,0.5,0.324,0.259,0.947,6.2,below Mara's slope
P03904,C01,secondary header,sub main,200,86.1,0.5,0.073,0.159,1.876,0.7,below Mara's slope
P03905,C01,secondary main sewer,lateral,200,115.6,0.5,0.07,0.156,1.924,0.6,below Mara's slope
P03906,C04,secondary main sewer,lateral,200,106.2,0.9,0.212,0.277,1.152,1.2,below Mara's slope
P03907,C04,secondary main sewer,lateral,200,161.0,0.5,0.233,0.233,1.101,4.0,below Mara's slope
P03908,C04,secondary main sewer,lateral,200,32.5,0.5,0.362,0.269,0.899,7.7,below Mara's slope
P03909,C44,secondary header,sub main,200,26.9,0.5,0.346,0.265,0.918,7.7,below Mara's slope
P03910,C44,secondary main sewer,lateral,200,96.8,0.5,0.02,0.102,3.382,0.0,below Mara's slope
P03911,C04,secondary main sewer,lateral,200,27.9,0.5,0.271,0.245,1.027,6.1,below Mara's slope
P03912,C04,secondary header,sub main,200,125.0,0.5,0.141,0.198,1.387,1.8,below Mara's slope
P03913,C04,secondary header,sub main,200,176.6,0.5,0.385,0.274,0.873,8.0,below Mara's slope
P03915,C02,secondary main sewer,lateral,200,89.5,0.5,0.025,0.11,3.081,0.1,below Mara's slope
P03918,C01,secondary header,sub main,200,386.1,0.5,0.018,0.097,3.626,0.0,below Mara's slope
P03920,C04,secondary main sewer,lateral,200,144.7,0.5,0.246,0.237,1.074,1.3,below Mara's slope
P03921,C01,secondary header,sub main,200,92.1,0.5,0.071,0.157,1.905,0.6,below Mara's slope
P03922,C02,secondary main sewer,lateral,200,278.8,0.5,0.09,0.17,1.708,0.9,below Mara's slope
P03923,C04,secondary main sewer,lateral,200,91.9,0.65,0.398,0.303,0.861,9.2,below Mara's slope
P03924,C01,secondary header,sub main,200,104.9,0.5,0.071,0.158,1.899,0.6,below Mara's slope
P03925,C01,secondary header,sub main,200,125.6,0.6,0.008,0.077,5.234,0.0,below Mara's slope
P03926,C03,secondary main sewer,lateral,200,17.9,0.5,0.025,0.11,3.083,0.1,below Mara's slope
P03927,C44,secondary header,sub main,200,102.5,0.5,0.361,0.268,0.901,8.3,below Mara's slope
P03928,C113,secondary header,sub main,200,94.0,0.5,0.013,0.087,4.161,0.0,below Mara's slope
P03929,C01,secondary main sewer,lateral,200,179.4,0.55,0.07,0.161,1.923,0.6,below Mara's slope
P03930,C04,secondary header,sub main,200,179.5,0.5,0.359,0.268,0.902,9.2,below Mara's slope
P03932,C01,secondary main sewer,lateral,200,67.4,0.5,0.07,0.156,1.92,0.6,below Mara's slope
P03933,C01,secondary header,sub main,200,80.6,0.5,0.071,0.157,1.905,0.6,below Mara's slope
P03934,C04,secondary main sewer,lateral,200,105.4,0.5,0.214,0.227,1.144,3.1,below Mara's slope
P03935,C02,secondary main sewer,lateral,200,46.2,0.5,0.168,0.21,1.28,0.6,below Mara's slope
P03937,C04,secondary main sewer,lateral,200,126.6,0.5,1.138,0.385,0.53,34.0,below Mara's slope
P03938,C04,secondary main sewer,lateral,200,39.7,0.5,0.418,0.281,0.842,9.8,below Mara's slope
P03939,C02,secondary main sewer,lateral,200,143.8,0.5,0.116,0.185,1.519,1.4,below Mara's slope
P03940,C01,secondary header,sub main,200,82.8,0.5,0.114,0.184,1.53,1.5,below Mara's slope
P03941,C01,secondary header,sub main,200,77.4,0.5,0.026,0.111,3.027,0.1,below Mara's slope
P03943,C04,secondary header,sub main,200,143.3,0.5,0.4,0.278,0.858,11.1,below Mara's slope
P03944,C04,secondary main sewer,lateral,200,46.3,0.55,0.092,0.177,1.694,0.7,below Mara's slope
P03945,C04,secondary header,sub main,200,106.8,0.5,0.453,0.289,0.811,11.8,below Mara's slope
P03946,C13,secondary header,sub main,200,83.1,0.5,0.384,0.274,0.875,10.2,below Mara's slope
P03947,C13,secondary header,sub main,200,183.3,0.5,0.336,0.262,0.931,7.9,below Mara's slope
P03948,C02,secondary main sewer,lateral,200,55.2,0.5,0.0,0.0,,0.0,no flow in 2030
P03949,C02,secondary main sewer,lateral,200,122.9,0.5,0.048,0.138,2.278,0.3,below Mara's slope
P03950,C44,secondary main sewer,lateral,200,31.4,0.85,0.069,0.186,1.935,0.6,below Mara's slope
P03951,C02,secondary main sewer,lateral,200,23.7,0.5,0.015,0.092,3.901,0.0,below Mara's slope
P03952,C04,secondary header,sub main,200,185.8,0.5,0.448,0.288,0.815,11.6,below Mara's slope
P03953,C04,secondary main sewer,lateral,200,130.6,0.5,0.496,0.297,0.777,10.5,below Mara's slope
P03954,C02,secondary main sewer,lateral,700,340.2,0.1,14.898,0.4,0.162,544.8,below Mara's slope
P03955,C02,secondary main sewer,lateral,200,99.1,0.5,0.115,0.185,1.523,1.4,below Mara's slope
P03956,C04,secondary main sewer,lateral,200,70.6,0.5,0.116,0.185,1.522,1.2,below Mara's slope
P03958,C01,secondary header,sub main,200,85.0,0.5,0.105,0.179,1.589,1.3,below Mara's slope
P03959,C01,secondary main sewer,lateral,200,100.7,0.5,0.101,0.177,1.62,1.2,below Mara's slope
P03960,C04,secondary main sewer,lateral,200,37.9,0.5,0.029,0.115,2.9,0.1,below Mara's slope
P03961,C04,secondary main sewer,lateral,200,259.2,0.5,0.345,0.265,0.92,7.5,below Mara's slope
P03962,C04,secondary main sewer,lateral,200,20.7,0.5,0.481,0.294,0.789,9.9,below Mara's slope
P03963,C04,secondary main sewer,lateral,200,1154.5,0.5,0.372,0.271,0.888,8.0,below Mara's slope
P03964,C04,secondary main sewer,lateral,200,55.4,0.5,0.477,0.293,0.792,12.3,below Mara's slope
P03965,C04,secondary main sewer,lateral,200,37.4,0.5,0.072,0.158,1.896,0.6,below Mara's slope
P03966,C01,secondary header,sub main,200,41.4,0.5,0.11,0.182,1.558,1.4,below Mara's slope
P03968,C02,secondary main sewer,lateral,200,54.7,0.5,0.019,0.1,3.467,0.0,below Mara's slope
P03969,C02,secondary main sewer,lateral,200,108.7,0.5,0.039,0.128,2.511,0.2,below Mara's slope
P03970,C02,secondary main sewer,lateral,200,394.3,0.5,0.25,0.238,1.066,5.7,below Mara's slope
P03972,C02,secondary main sewer,lateral,200,208.2,0.5,0.113,0.184,1.537,1.3,below Mara's slope
P03973,C02,secondary main sewer,lateral,200,83.9,0.5,0.097,0.174,1.653,1.0,below Mara's slope
P03974,C04,secondary main sewer,lateral,200,91.4,0.5,1.115,0.383,0.535,32.8,below Mara's slope
P03975,C04,secondary main sewer,lateral,200,27.1,0.5,0.137,0.196,1.407,1.3,below Mara's slope
P03976,C04,secondary header,sub main,200,174.8,0.5,0.584,0.313,0.721,18.4,below Mara's slope
P03977,C44,secondary main sewer,lateral,200,135.6,0.5,0.172,0.211,1.266,3.1,below Mara's slope
P03978,C01,secondary header,sub main,200,89.3,0.5,0.106,0.18,1.584,1.3,below Mara's slope
P03979,C01,secondary header,sub main,200,83.3,0.5,0.071,0.158,1.899,0.6,below Mara's slope
P03980,C02,secondary main sewer,lateral,200,75.6,0.5,0.02,0.102,3.407,0.0,below Mara's slope
P03981,C02,secondary main sewer,lateral,200,106.0,0.5,0.076,0.161,1.844,0.7,below Mara's slope
P03983,C44,secondary main sewer,lateral,200,108.3,0.55,0.072,0.163,1.896,0.7,below Mara's slope
P03984,C44,secondary main sewer,lateral,200,104.0,0.5,0.073,0.158,1.885,0.7,below Mara's slope
P03985,C02,secondary main sewer,lateral,200,31.1,0.5,0.009,0.075,4.998,0.0,below Mara's slope
P03986,C31,secondary main sewer,lateral,200,509.8,0.5,0.571,0.311,0.729,14.4,below Mara's slope
P03987,C31,secondary main sewer,lateral,200,194.9,0.5,0.571,0.311,0.729,14.4,below Mara's slope
P03988,C02,secondary main sewer,lateral,700,69.7,0.1,14.924,0.4,0.162,546.2,below Mara's slope
P03989,C02,secondary main sewer,lateral,200,26.4,0.85,0.012,0.101,4.303,0.0,below Mara's slope
P03990,C01,secondary header,sub main,200,80.3,0.5,0.011,0.083,4.445,0.0,below Mara's slope
P03991,C01,secondary header,sub main,200,82.8,0.5,0.072,0.158,1.896,0.7,below Mara's slope
P03992,C01,secondary header,sub main,200,182.7,0.5,0.073,0.158,1.886,0.7,below Mara's slope
P03993,C03,secondary main sewer,lateral,200,84.2,0.5,0.149,0.201,1.355,1.7,below Mara's slope
P03994,C04,secondary main sewer,lateral,200,26.2,0.5,0.889,0.357,0.594,22.7,below Mara's slope
P03995,C13,secondary header,sub main,200,386.3,0.5,0.888,0.357,0.594,28.5,below Mara's slope
P03996,C04,secondary main sewer,lateral,200,49.7,0.5,0.566,0.31,0.731,16.6,below Mara's slope
P03997,C04,secondary main sewer,lateral,200,85.1,0.5,0.638,0.322,0.692,20.3,below Mara's slope
P03998,C04,secondary main sewer,lateral,200,39.6,0.5,0.18,0.214,1.24,3.1,below Mara's slope
P03999,C02,secondary main sewer,lateral,200,84.6,0.5,0.066,0.153,1.973,0.5,below Mara's slope
P04000,C02,secondary main sewer,lateral,200,85.3,0.5,0.173,0.211,1.264,3.0,below Mara's slope
P04001,C02,secondary main sewer,lateral,200,117.1,0.5,0.028,0.114,2.919,0.1,below Mara's slope
P04002,C02,secondary main sewer,lateral,200,83.1,0.5,0.111,0.183,1.551,1.4,below Mara's slope
P04003,C03,secondary main sewer,lateral,200,42.7,0.5,0.093,0.172,1.68,0.8,below Mara's slope
P04004,C03,secondary main sewer,lateral,200,103.3,0.5,0.0,0.0,,0.0,no flow in 2030
P04005,C04,secondary main sewer,lateral,200,135.5,0.5,0.189,0.218,1.214,2.8,below Mara's slope
P04006,C01,secondary main sewer,lateral,200,160.8,0.5,0.008,0.072,5.277,0.0,below Mara's slope
P04007,C01,secondary header,sub main,200,81.0,0.5,0.025,0.11,3.065,0.1,below Mara's slope
P04008,C04,secondary header,sub main,200,72.2,0.5,1.282,0.399,0.502,44.2,below Mara's slope
P04009,C04,secondary main sewer,lateral,200,46.0,0.5,0.254,0.24,1.058,4.3,below Mara's slope
P04010,C04,secondary main sewer,lateral,200,60.7,1.0,0.224,0.292,1.121,3.7,below Mara's slope
P04011,C31,secondary main sewer,lateral,200,91.0,0.5,0.48,0.294,0.789,11.1,below Mara's slope
P04014,C02,secondary main sewer,lateral,200,236.5,0.5,0.19,0.218,1.21,3.7,below Mara's slope
P04015,C04,secondary main sewer,lateral,200,106.4,0.9,0.134,0.238,1.42,1.9,below Mara's slope
P04018,C02,secondary main sewer,lateral,200,176.9,0.5,0.222,0.23,1.126,4.5,below Mara's slope
P04019,C02,secondary main sewer,lateral,200,598.6,0.5,0.185,0.216,1.226,3.3,below Mara's slope
P04020,C02,secondary main sewer,lateral,200,94.7,0.5,0.157,0.205,1.322,2.4,below Mara's slope
P04021,C44,secondary header,sub main,200,183.4,0.5,0.387,0.275,0.871,9.5,below Mara's slope
P04022,C44,secondary header,sub main,200,94.2,0.5,0.387,0.275,0.871,9.5,below Mara's slope
P04023,C44,secondary header,sub main,200,656.8,0.5,0.491,0.296,0.781,15.6,below Mara's slope
P04024,C44,secondary header,sub main,200,84.6,0.5,0.491,0.296,0.781,15.6,below Mara's slope
P04025,C01,secondary header,sub main,200,90.1,0.5,0.174,0.212,1.261,3.1,below Mara's slope
P04026,C01,secondary main sewer,lateral,200,93.6,0.5,0.007,0.071,5.418,0.0,below Mara's slope
P04027,C02,secondary main sewer,lateral,200,114.7,0.5,0.168,0.21,1.28,0.6,below Mara's slope
P04029,C04,secondary main sewer,lateral,200,55.3,0.5,0.856,0.352,0.605,20.8,below Mara's slope
P04030,C31,secondary main sewer,lateral,200,337.9,0.5,0.349,0.266,0.914,6.8,below Mara's slope
P04031,C31,secondary main sewer,lateral,200,223.6,0.5,0.375,0.272,0.884,7.5,below Mara's slope
P04032,C31,secondary main sewer,lateral,200,84.9,0.5,0.477,0.293,0.792,11.0,below Mara's slope
P04033,C04,secondary main sewer,lateral,200,46.9,0.5,0.37,0.27,0.891,7.9,below Mara's slope
P04036,C02,secondary main sewer,lateral,200,125.8,0.5,0.043,0.133,2.399,0.2,below Mara's slope
P04037,C02,secondary main sewer,lateral,200,86.0,0.5,0.04,0.13,2.47,0.2,below Mara's slope
P04038,C04,secondary main sewer,lateral,200,37.4,0.5,0.132,0.194,1.43,1.8,below Mara's slope
P04039,C02,secondary main sewer,lateral,200,103.1,0.5,0.41,0.28,0.849,8.7,below Mara's slope
P04040,C02,secondary main sewer,lateral,200,91.0,0.5,0.147,0.201,1.361,0.0,below Mara's slope
P04041,C04,secondary main sewer,lateral,200,98.7,0.5,1.057,0.376,0.549,32.1,below Mara's slope
P04042,C02,secondary main sewer,lateral,200,58.1,0.5,0.116,0.185,1.518,1.5,below Mara's slope
P04043,C01,secondary header,sub main,200,84.1,0.5,0.024,0.109,3.127,0.1,below Mara's slope
P04046,C02,secondary main sewer,lateral,200,28.6,0.5,0.459,0.29,0.806,8.7,below Mara's slope
P04047,C02,secondary main sewer,lateral,200,75.5,0.65,0.154,0.223,1.335,2.5,below Mara's slope
P04048,C02,secondary main sewer,lateral,200,98.6,0.5,0.229,0.232,1.11,5.0,below Mara's slope
P04049,C04,secondary main sewer,lateral,200,586.8,0.5,0.236,0.234,1.094,1.9,below Mara's slope
P04050,C02,secondary main sewer,lateral,200,87.9,0.5,0.247,0.237,1.073,5.3,below Mara's slope
P04051,C02,secondary main sewer,lateral,200,103.1,0.5,0.26,0.242,1.047,5.7,below Mara's slope
P04052,C03,secondary main sewer,lateral,200,77.0,0.5,0.046,0.135,2.336,0.2,below Mara's slope
P04053,C03,secondary main sewer,lateral,200,79.9,0.5,0.085,0.167,1.751,0.6,below Mara's slope
P04054,C04,secondary main sewer,lateral,200,49.5,0.5,0.501,0.298,0.774,12.8,below Mara's slope
P04055,C02,secondary main sewer,lateral,200,87.8,0.5,0.037,0.125,2.589,0.2,below Mara's slope
P04056,C02,secondary main sewer,lateral,200,96.2,0.5,0.032,0.12,2.746,0.1,below Mara's slope
P04057,C02,secondary main sewer,lateral,200,99.3,0.5,0.822,0.348,0.616,28.6,below Mara's slope
P04058,C13,secondary main sewer,lateral,200,35.2,0.5,0.158,0.205,1.317,2.4,below Mara's slope
P04059,C13,secondary main sewer,lateral,200,178.1,0.55,0.128,0.198,1.453,1.6,below Mara's slope
P04060,C13,secondary header,sub main,200,177.4,0.5,0.596,0.315,0.715,19.4,below Mara's slope
P04062,C01,secondary header,sub main,200,103.7,0.5,0.018,0.097,3.61,0.0,below Mara's slope
P04063,C01,secondary header,sub main,200,162.9,0.5,0.016,0.093,3.841,0.0,below Mara's slope
P04064,C03,secondary main sewer,lateral,200,860.4,0.5,0.156,0.205,1.324,1.8,below Mara's slope
P04065,C04,secondary main sewer,lateral,200,53.5,0.5,0.56,0.309,0.735,15.3,below Mara's slope
P04066,C02,secondary main sewer,lateral,700,212.7,0.1,15.027,0.401,0.161,551.9,below Mara's slope
P04067,C02,secondary main sewer,lateral,200,127.7,0.5,0.026,0.111,3.043,0.1,below Mara's slope
P04069,C02,secondary main sewer,lateral,200,123.8,0.5,0.895,0.357,0.592,33.0,below Mara's slope
P04070,C04,secondary main sewer,lateral,200,37.5,0.5,0.556,0.308,0.738,14.0,below Mara's slope
P04071,C04,secondary main sewer,lateral,200,73.2,0.5,0.783,0.343,0.63,19.6,below Mara's slope
P04072,C145,secondary main sewer,lateral,200,101.9,0.5,0.069,0.156,1.925,0.6,below Mara's slope
P04073,C01,secondary header,sub main,200,852.4,0.5,0.284,0.248,1.006,7.1,below Mara's slope
P04074,C01,secondary header,sub main,200,271.7,0.5,0.0,0.0,,0.0,no flow in 2030
P04075,C04,secondary main sewer,lateral,200,65.8,0.5,1.054,0.376,0.549,32.0,below Mara's slope
P04076,C02,secondary main sewer,lateral,200,28.4,0.5,0.014,0.09,4.004,0.0,below Mara's slope
P04077,C13,secondary header,sub main,200,213.8,0.55,0.888,0.369,0.594,28.5,below Mara's slope
P04078,C13,secondary main sewer,lateral,200,43.4,0.5,0.238,0.235,1.091,4.7,below Mara's slope
P04079,C31,secondary main sewer,lateral,200,303.2,0.5,0.248,0.238,1.07,3.9,below Mara's slope
P04080,C31,secondary main sewer,lateral,200,228.7,0.5,0.19,0.218,1.211,2.6,below Mara's slope
P04081,C31,secondary main sewer,lateral,200,64.1,0.5,0.052,0.142,2.194,0.2,below Mara's slope
P04082,C31,secondary main sewer,lateral,200,93.2,0.5,0.066,0.153,1.976,0.4,below Mara's slope
P04083,C04,secondary main sewer,lateral,200,19.5,1.1,0.072,0.206,1.896,0.6,below Mara's slope
P04084,C04,secondary main sewer,lateral,200,3.9,0.5,0.072,0.158,1.896,0.6,below Mara's slope
P04085,C13,secondary main sewer,lateral,200,81.6,0.5,0.119,0.187,1.501,1.5,below Mara's slope
P04086,C44,secondary main sewer,lateral,200,155.9,0.5,0.069,0.155,1.935,0.6,below Mara's slope
P04087,C03,secondary main sewer,lateral,200,48.7,0.5,0.037,0.125,2.586,0.1,below Mara's slope
P04088,C01,secondary header,sub main,200,81.8,0.5,0.015,0.092,3.895,0.0,below Mara's slope
P04090,C02,secondary main sewer,lateral,200,121.3,0.5,0.212,0.226,1.151,4.4,below Mara's slope
P04092,C02,secondary main sewer,lateral,200,20.7,0.5,0.008,0.073,5.192,0.0,below Mara's slope
P04093,C02,secondary main sewer,lateral,200,89.7,0.5,0.548,0.307,0.742,19.3,below Mara's slope
P04094,C01,secondary main sewer,lateral,200,52.5,1.55,0.005,0.087,6.605,0.0,below Mara's slope
P04095,C04,secondary main sewer,lateral,200,70.3,0.5,0.251,0.239,1.064,3.1,below Mara's slope
P04096,C04,secondary main sewer,lateral,200,12.5,0.5,0.075,0.16,1.854,0.7,below Mara's slope
P04097,C02,secondary main sewer,lateral,200,161.1,0.55,0.083,0.171,1.776,0.8,below Mara's slope
P04098,C02,secondary main sewer,lateral,200,85.2,0.5,0.04,0.13,2.472,0.2,below Mara's slope
P04099,C02,secondary main sewer,lateral,200,248.6,0.9,0.057,0.178,2.107,0.4,below Mara's slope
P04100,C02,secondary main sewer,lateral,200,62.0,0.5,0.152,0.203,1.341,2.5,below Mara's slope
P04101,C02,secondary main sewer,lateral,200,199.0,0.5,0.152,0.203,1.343,2.5,below Mara's slope
P04102,C04,secondary main sewer,lateral,200,31.2,0.5,0.214,0.227,1.146,3.1,below Mara's slope
P04103,C01,secondary main sewer,lateral,200,33.8,0.5,0.006,0.064,6.167,0.0,below Mara's slope
P04104,C01,secondary header,sub main,200,165.6,0.5,0.211,0.226,1.152,4.4,below Mara's slope
P04105,C31,secondary main sewer,lateral,200,47.3,0.8,0.093,0.202,1.681,0.8,below Mara's slope
P04106,C02,secondary main sewer,lateral,200,32.0,0.5,0.0,0.0,,0.0,no flow in 2030
P04107,C04,secondary main sewer,lateral,200,65.9,0.5,0.934,0.362,0.581,26.5,below Mara's slope
P04108,C02,secondary main sewer,lateral,200,184.7,0.5,0.26,0.241,1.048,5.7,below Mara's slope
P04109,C02,secondary main sewer,lateral,200,54.5,0.6,0.126,0.203,1.46,1.8,below Mara's slope
P04110,C04,secondary main sewer,lateral,200,14.4,3.75,0.0,0.0,,0.0,no flow in 2030
P04111,C04,secondary main sewer,lateral,200,35.9,0.85,0.149,0.242,1.353,1.9,below Mara's slope
P04112,C04,secondary main sewer,lateral,200,51.8,0.5,0.202,0.223,1.176,3.2,below Mara's slope
P04114,C02,secondary main sewer,lateral,200,217.5,0.5,0.285,0.249,1.005,7.1,below Mara's slope
P04116,C04,secondary main sewer,lateral,200,256.0,0.75,0.272,0.282,1.027,6.0,below Mara's slope
P04117,C04,secondary main sewer,lateral,200,17.1,1.0,0.074,0.202,1.871,0.6,below Mara's slope
P04118,C04,secondary main sewer,lateral,200,54.8,0.5,0.523,0.302,0.759,13.4,below Mara's slope
P04119,C04,secondary main sewer,lateral,200,94.7,0.5,0.493,0.296,0.78,12.2,below Mara's slope
P04120,C04,secondary main sewer,lateral,200,20.0,0.5,0.081,0.165,1.79,0.6,below Mara's slope
P04122,C02,secondary main sewer,lateral,200,83.2,0.5,0.053,0.142,2.186,0.3,below Mara's slope
P04123,C02,secondary main sewer,lateral,200,80.2,0.5,0.104,0.178,1.601,1.3,below Mara's slope
P04125,C02,secondary main sewer,lateral,700,222.4,0.1,15.029,0.401,0.161,552.0,below Mara's slope
P04126,C04,secondary main sewer,lateral,200,68.9,0.5,0.358,0.268,0.903,8.0,below Mara's slope
P04127,C04,secondary main sewer,lateral,200,159.9,0.5,0.905,0.359,0.589,26.5,below Mara's slope
P04128,C01,secondary header,sub main,200,323.1,0.5,0.014,0.09,3.981,0.0,below Mara's slope
P04129,C113,secondary header,sub main,200,345.5,0.5,0.018,0.097,3.614,0.0,below Mara's slope
P04130,C113,secondary main sewer,lateral,200,97.5,0.9,0.013,0.105,4.226,0.0,below Mara's slope
P04131,C04,secondary main sewer,lateral,200,23.5,0.5,0.466,0.291,0.8,11.0,below Mara's slope
P04133,C02,secondary main sewer,lateral,200,33.8,0.5,0.07,0.157,1.914,0.6,below Mara's slope
P04134,C04,secondary main sewer,lateral,200,66.7,0.5,0.497,0.297,0.777,10.1,below Mara's slope
P04135,C04,secondary main sewer,lateral,200,34.4,0.5,0.163,0.207,1.3,1.2,below Mara's slope
P04136,C01,secondary header,sub main,200,85.4,0.5,0.013,0.086,4.226,0.0,below Mara's slope
P04137,C02,secondary main sewer,lateral,200,24.0,1.2,0.0,0.0,,0.0,no flow in 2030
P04138,C04,secondary main sewer,lateral,200,27.5,1.1,0.156,0.268,1.324,2.4,below Mara's slope
P04139,C04,secondary main sewer,lateral,200,3.8,0.5,0.551,0.307,0.741,11.3,below Mara's slope
P04140,C01,secondary header,sub main,200,132.1,0.5,0.299,0.253,0.982,7.7,below Mara's slope
P04141,C01,secondary header,sub main,200,105.6,0.5,0.245,0.237,1.076,5.6,below Mara's slope
P04142,C02,secondary main sewer,lateral,200,127.8,0.5,0.95,0.364,0.576,38.6,below Mara's slope
P04143,C02,secondary main sewer,lateral,200,86.2,0.5,0.523,0.302,0.759,18.0,below Mara's slope
P04144,C02,secondary main sewer,lateral,200,193.8,0.5,0.194,0.219,1.2,3.8,below Mara's slope
P04146,C13,secondary header,sub main,200,162.7,0.5,0.979,0.368,0.568,33.5,below Mara's slope
P04147,C02,secondary main sewer,lateral,200,86.0,1.0,0.078,0.205,1.828,0.7,below Mara's slope
P04148,C44,secondary main sewer,lateral,200,215.9,0.5,0.014,0.089,4.073,0.0,below Mara's slope
P04149,C02,secondary main sewer,lateral,200,93.5,0.5,0.128,0.192,1.451,1.9,below Mara's slope
P04150,C04,secondary main sewer,lateral,200,61.7,0.5,0.143,0.199,1.379,1.3,below Mara's slope
P04151,C04,secondary main sewer,lateral,200,47.2,0.5,0.139,0.197,1.397,2.0,below Mara's slope
P04152,C02,secondary main sewer,lateral,200,197.0,0.8,0.061,0.176,2.038,0.4,below Mara's slope
P04153,C02,secondary main sewer,lateral,200,49.9,0.5,0.037,0.126,2.568,0.2,below Mara's slope
P04154,C02,secondary main sewer,lateral,200,87.8,0.5,0.042,0.131,2.429,0.2,below Mara's slope
P04155,C04,secondary main sewer,lateral,200,28.0,0.5,0.218,0.228,1.135,3.0,below Mara's slope
P04156,C04,secondary main sewer,lateral,200,31.7,6.45,0.0,0.0,,0.0,no flow in 2030
P04157,C13,secondary main sewer,lateral,200,73.8,0.5,0.186,0.217,1.223,2.9,below Mara's slope
P04158,C13,secondary main sewer,lateral,200,150.9,0.5,0.12,0.187,1.497,1.4,below Mara's slope
P04159,C02,secondary main sewer,lateral,200,83.9,0.5,0.334,0.262,0.933,8.8,below Mara's slope
P04160,C02,secondary main sewer,lateral,200,154.2,0.5,0.105,0.179,1.591,1.3,below Mara's slope
P04161,C02,secondary main sewer,lateral,200,88.7,0.5,0.068,0.155,1.941,0.5,below Mara's slope
P04163,C02,secondary main sewer,lateral,200,10.7,1.1,0.008,0.095,5.22,0.0,below Mara's slope
P04164,C04,secondary main sewer,lateral,200,151.8,0.5,0.625,0.319,0.699,17.0,below Mara's slope
P04166,C02,secondary main sewer,lateral,200,204.0,0.5,0.359,0.268,0.902,10.2,below Mara's slope
P04167,C02,secondary main sewer,lateral,200,87.4,0.5,0.33,0.261,0.938,8.9,below Mara's slope
P04168,C04,secondary main sewer,lateral,200,97.3,0.5,0.682,0.328,0.672,16.0,below Mara's slope
P04169,C04,secondary main sewer,lateral,200,115.8,0.85,0.263,0.291,1.042,4.9,below Mara's slope
P04170,C113,secondary header,sub main,200,84.8,0.5,0.022,0.105,3.275,0.1,below Mara's slope
P04171,C01,secondary main sewer,lateral,200,25.9,2.9,0.003,0.092,7.873,0.0,below Mara's slope
P04172,C02,secondary main sewer,lateral,200,200.2,0.7,0.034,0.137,2.666,0.1,below Mara's slope
P04174,C13,secondary main sewer,lateral,200,70.5,0.5,0.117,0.186,1.513,1.3,below Mara's slope
P04175,C13,secondary main sewer,lateral,200,189.9,0.5,0.099,0.176,1.636,1.0,below Mara's slope
P04176,C01,secondary header,sub main,200,78.0,0.5,0.423,0.282,0.836,13.3,below Mara's slope
P04177,C01,secondary main sewer,lateral,200,131.5,0.85,0.148,0.241,1.357,1.7,below Mara's slope
P04178,C04,secondary main sewer,lateral,200,47.8,0.5,0.526,0.303,0.756,13.6,below Mara's slope
P04179,C04,secondary main sewer,lateral,200,60.9,0.5,0.205,0.224,1.167,3.8,below Mara's slope
P04181,C02,secondary main sewer,lateral,200,90.7,0.5,0.103,0.178,1.607,1.3,below Mara's slope
P04182,C02,secondary main sewer,lateral,200,106.7,0.5,0.131,0.193,1.439,1.7,below Mara's slope
P04183,C02,secondary main sewer,lateral,200,86.1,0.5,0.08,0.164,1.802,0.7,below Mara's slope
P04184,C02,secondary main sewer,lateral,200,114.6,0.5,0.071,0.157,1.905,0.6,below Mara's slope
P04185,C04,secondary main sewer,lateral,200,47.4,0.5,0.191,0.218,1.208,3.4,below Mara's slope
P04186,C02,secondary main sewer,lateral,200,83.6,1.2,0.053,0.192,2.177,0.3,below Mara's slope
P04187,C01,secondary main sewer,lateral,200,63.9,2.0,0.005,0.093,6.757,0.0,below Mara's slope
P04188,C01,secondary main sewer,lateral,200,209.4,0.5,0.007,0.07,5.47,0.0,below Mara's slope
P04189,C01,secondary header,sub main,200,163.1,0.5,0.017,0.097,3.643,0.0,below Mara's slope
P04190,C01,secondary header,sub main,200,324.9,0.5,0.023,0.107,3.187,0.1,below Mara's slope
P04191,C04,secondary main sewer,lateral,200,49.1,0.5,0.52,0.302,0.761,9.8,below Mara's slope
P04193,C02,secondary main sewer,lateral,200,191.5,0.5,0.384,0.274,0.875,11.1,below Mara's slope
P04194,C02,secondary main sewer,lateral,200,84.4,0.5,0.385,0.274,0.874,11.2,below Mara's slope
P04197,C02,secondary main sewer,lateral,200,76.8,0.5,0.008,0.073,5.22,0.0,below Mara's slope
P04198,C02,secondary main sewer,lateral,200,125.6,1.95,0.026,0.175,3.035,0.1,below Mara's slope
P04199,C02,secondary main sewer,lateral,700,232.0,0.1,15.072,0.401,0.161,554.4,below Mara's slope
P04200,C02,secondary main sewer,lateral,200,90.6,0.5,0.403,0.278,0.855,11.9,below Mara's slope
P04201,C02,secondary main sewer,lateral,200,45.7,0.5,0.07,0.156,1.92,0.6,below Mara's slope
P04202,C02,secondary main sewer,lateral,200,44.6,0.5,0.104,0.179,1.596,1.3,below Mara's slope
P04203,C13,secondary main sewer,lateral,200,44.7,0.5,0.045,0.135,2.341,0.2,below Mara's slope
P04204,C04,secondary main sewer,lateral,200,25.6,0.75,0.079,0.187,1.818,0.6,below Mara's slope
P04205,C02,secondary main sewer,lateral,200,48.9,1.0,0.051,0.178,2.22,0.3,below Mara's slope
P04206,C02,secondary main sewer,lateral,200,347.1,1.0,0.038,0.161,2.532,0.2,below Mara's slope
P04207,C02,secondary main sewer,lateral,200,90.1,0.55,0.03,0.121,2.843,0.1,below Mara's slope
P04208,C04,secondary main sewer,lateral,200,165.4,0.5,0.4,0.278,0.858,8.5,below Mara's slope
P04209,C04,secondary main sewer,lateral,200,477.5,0.5,0.358,0.268,0.904,6.7,below Mara's slope
P04210,C02,secondary main sewer,lateral,200,126.5,0.5,0.772,0.341,0.634,27.7,below Mara's slope
P04211,C02,secondary main sewer,lateral,200,78.8,0.5,0.526,0.303,0.757,14.0,below Mara's slope
P04212,C04,secondary main sewer,lateral,200,110.6,0.5,0.482,0.294,0.788,11.7,below Mara's slope
P04213,C04,secondary main sewer,lateral,200,76.1,0.5,0.256,0.24,1.054,5.6,below Mara's slope
P04214,C02,secondary main sewer,lateral,200,104.9,0.5,0.027,0.113,2.959,0.1,below Mara's slope
P04215,C02,secondary main sewer,lateral,200,264.8,0.5,0.025,0.109,3.106,0.1,below Mara's slope
P04217,C31,secondary main sewer,lateral,200,363.2,0.5,0.216,0.227,1.141,3.1,below Mara's slope
P04218,C31,secondary main sewer,lateral,200,84.6,0.5,0.173,0.211,1.264,2.1,below Mara's slope
P04219,C31,secondary main sewer,lateral,200,20.1,2.75,0.025,0.194,3.083,0.1,below Mara's slope
P04220,C01,secondary header,sub main,200,120.8,0.5,0.009,0.077,4.874,0.0,below Mara's slope
P04222,C02,secondary main sewer,lateral,200,35.9,0.5,0.102,0.178,1.61,1.3,below Mara's slope
P04223,C02,secondary main sewer,lateral,200,212.2,0.5,0.128,0.192,1.451,1.9,below Mara's slope
P04225,C13,secondary main sewer,lateral,200,58.6,4.8,0.0,0.0,,0.0,no flow in 2030
P04226,C04,secondary main sewer,lateral,200,29.2,0.5,0.0,0.0,,0.0,no flow in 2030
P04227,C02,secondary main sewer,lateral,200,96.6,0.5,0.282,0.248,1.009,6.7,below Mara's slope
P04228,C145,secondary header,sub main,200,72.0,0.5,0.131,0.193,1.437,1.9,below Mara's slope
P04229,C02,secondary main sewer,lateral,700,94.3,0.1,15.278,0.403,0.16,566.3,below Mara's slope
P04230,C02,secondary main sewer,lateral,200,89.6,0.5,0.173,0.212,1.264,3.1,below Mara's slope
P04231,C02,secondary main sewer,lateral,200,84.5,0.55,0.024,0.111,3.152,0.1,below Mara's slope
P04232,C02,secondary main sewer,lateral,200,200.8,0.5,0.036,0.124,2.617,0.1,below Mara's slope
P04233,C04,secondary main sewer,lateral,200,99.1,0.5,0.459,0.29,0.805,7.4,below Mara's slope
P04234,C04,secondary main sewer,lateral,200,43.9,0.5,0.079,0.163,1.818,0.6,below Mara's slope
P04235,C04,secondary main sewer,lateral,200,258.0,0.5,0.947,0.364,0.577,28.7,below Mara's slope
P04238,C04,secondary main sewer,lateral,200,86.9,0.5,0.156,0.205,1.325,0.1,below Mara's slope
P04239,C04,secondary main sewer,lateral,200,205.5,0.5,0.146,0.2,1.368,2.1,below Mara's slope
P04240,C04,secondary main sewer,lateral,200,34.9,0.5,0.801,0.345,0.623,25.1,below Mara's slope
P04241,C04,secondary main sewer,lateral,200,52.5,0.5,0.139,0.197,1.397,2.0,below Mara's slope
P04242,C145,secondary header,sub main,200,298.8,0.5,0.069,0.156,1.925,0.6,below Mara's slope
P04243,C145,secondary header,sub main,200,110.2,0.5,0.211,0.226,1.152,4.4,below Mara's slope
P04244,C04,secondary main sewer,lateral,200,76.3,0.5,0.88,0.356,0.597,29.5,below Mara's slope
P04245,C02,secondary main sewer,lateral,200,201.1,0.5,0.034,0.123,2.661,0.1,below Mara's slope
P04246,C02,secondary main sewer,lateral,200,167.2,0.5,0.463,0.291,0.802,10.8,below Mara's slope
P04247,C03,secondary main sewer,lateral,200,65.6,1.0,0.04,0.164,2.481,0.1,below Mara's slope
P04248,C03,secondary main sewer,lateral,200,73.4,0.8,0.052,0.166,2.201,0.2,below Mara's slope
P04249,C02,secondary main sewer,lateral,200,64.4,0.5,0.476,0.293,0.793,11.4,below Mara's slope
P04250,C02,secondary main sewer,lateral,200,102.4,0.5,0.488,0.296,0.783,12.1,below Mara's slope
P04251,C04,secondary main sewer,lateral,200,420.1,0.5,0.722,0.334,0.654,20.7,below Mara's slope
P04252,C04,secondary main sewer,lateral,200,84.9,0.5,0.768,0.341,0.636,23.2,below Mara's slope
P04253,C04,secondary main sewer,lateral,200,3.6,0.5,0.132,0.194,1.43,1.8,below Mara's slope
P04254,C04,secondary main sewer,lateral,200,94.0,0.5,0.284,0.248,1.006,3.7,below Mara's slope
P04255,C04,secondary main sewer,lateral,200,61.5,0.5,0.072,0.158,1.896,0.6,below Mara's slope
P04256,C02,secondary main sewer,lateral,200,104.1,0.5,0.434,0.285,0.827,13.8,below Mara's slope
P04257,C02,secondary main sewer,lateral,200,123.4,0.5,0.173,0.211,1.265,3.1,below Mara's slope
P04258,C02,secondary main sewer,lateral,200,173.0,1.1,0.02,0.132,3.419,0.0,below Mara's slope
P04259,C04,secondary main sewer,lateral,200,115.6,0.5,0.933,0.362,0.581,32.5,below Mara's slope
P04261,C13,secondary main sewer,lateral,200,90.0,0.5,0.928,0.362,0.582,21.6,below Mara's slope
P04264,C02,secondary main sewer,lateral,700,203.3,0.1,15.35,0.404,0.16,570.7,below Mara's slope
P04265,C02,secondary main sewer,lateral,200,68.4,0.5,0.073,0.159,1.878,0.7,below Mara's slope
P04266,C02,secondary main sewer,lateral,200,201.4,0.5,0.096,0.174,1.66,1.0,below Mara's slope
P04267,C02,secondary main sewer,lateral,200,185.1,0.5,0.25,0.238,1.067,5.5,below Mara's slope
P04268,C03,secondary main sewer,lateral,200,55.4,0.5,0.084,0.167,1.76,0.6,below Mara's slope
P04269,C02,secondary main sewer,lateral,200,92.3,0.5,0.332,0.261,0.936,4.6,below Mara's slope
P04270,C04,secondary main sewer,lateral,200,139.7,0.5,0.444,0.287,0.819,6.8,below Mara's slope
P04271,C04,secondary main sewer,lateral,200,329.3,0.5,0.375,0.272,0.885,4.9,below Mara's slope
P04273,C02,secondary main sewer,lateral,200,116.4,0.5,0.155,0.204,1.327,2.6,below Mara's slope
P04274,C03,secondary main sewer,lateral,200,77.0,0.5,0.178,0.214,1.247,3.0,below Mara's slope
P04275,C02,secondary main sewer,lateral,200,60.9,0.5,0.175,0.212,1.257,3.2,below Mara's slope
P04276,C02,secondary main sewer,lateral,200,262.5,0.75,0.129,0.221,1.446,1.9,below Mara's slope
P04277,C02,secondary main sewer,lateral,200,143.9,0.5,0.154,0.203,1.334,2.5,below Mara's slope
P04278,C31,secondary main sewer,lateral,200,153.6,0.5,0.093,0.172,1.681,0.7,below Mara's slope
P04279,C03,secondary main sewer,lateral,200,86.8,0.5,0.14,0.197,1.392,1.4,below Mara's slope
P04280,C04,secondary main sewer,lateral,200,12.2,0.5,0.105,0.179,1.589,1.2,below Mara's slope
P04281,C02,secondary main sewer,lateral,200,187.4,0.5,0.075,0.16,1.854,0.7,below Mara's slope
P04282,C02,secondary main sewer,lateral,200,83.6,0.5,0.091,0.171,1.695,1.0,below Mara's slope
P04283,C02,secondary main sewer,lateral,200,339.3,0.8,0.086,0.197,1.743,0.9,below Mara's slope
P04284,C31,secondary main sewer,lateral,200,284.9,0.5,0.216,0.227,1.141,3.2,below Mara's slope
P04285,C31,secondary main sewer,lateral,200,234.6,0.5,0.089,0.17,1.717,0.6,below Mara's slope
P04286,C01,secondary header,sub main,315,1465.2,0.27,4.838,0.453,0.272,128.9,below Mara's slope
P04287,C04,secondary main sewer,lateral,200,106.7,0.5,0.0,0.0,,0.0,no flow in 2030
P04288,C02,secondary main sewer,lateral,700,177.1,0.1,15.362,0.404,0.16,571.3,below Mara's slope
P04289,C02,secondary main sewer,lateral,200,81.4,0.5,0.249,0.238,1.068,5.7,below Mara's slope
P04290,C310,secondary main sewer,lateral,200,11.8,1.8,0.0,0.0,,0.0,no flow in 2030
P04291,C04,secondary main sewer,lateral,200,45.9,0.5,0.757,0.339,0.64,27.0,below Mara's slope
P04294,C04,secondary main sewer,lateral,200,31.2,0.5,0.578,0.312,0.724,18.1,below Mara's slope
P04295,C03,secondary main sewer,lateral,200,541.7,0.5,0.412,0.28,0.847,7.9,below Mara's slope
P04296,C02,secondary main sewer,lateral,200,198.8,0.5,0.156,0.205,1.324,2.4,below Mara's slope
P04297,C03,secondary main sewer,lateral,200,141.0,0.5,0.435,0.285,0.826,11.3,below Mara's slope
P04299,C02,secondary main sewer,lateral,200,141.7,0.5,0.3,0.253,0.98,3.3,below Mara's slope
P04300,C03,secondary main sewer,lateral,200,63.1,0.9,0.178,0.261,1.247,3.0,below Mara's slope
P04301,C03,secondary main sewer,lateral,200,9.8,0.5,0.224,0.23,1.122,4.3,below Mara's slope
P04302,C04,secondary main sewer,lateral,200,74.8,0.5,0.735,0.336,0.649,26.2,below Mara's slope
P04303,C04,secondary main sewer,lateral,200,64.5,0.5,0.643,0.322,0.69,21.4,below Mara's slope
P04304,C03,secondary main sewer,lateral,200,167.5,0.7,0.378,0.306,0.881,10.4,below Mara's slope
P04305,C03,secondary main sewer,lateral,200,160.4,0.5,0.105,0.179,1.589,1.2,below Mara's slope
P04306,C03,secondary main sewer,lateral,200,33.0,0.5,0.531,0.303,0.754,15.6,below Mara's slope
P04307,C03,secondary header,sub main,200,128.8,0.5,0.164,0.208,1.294,1.8,below Mara's slope
P04308,C03,secondary header,sub main,200,128.8,0.5,0.237,0.234,1.093,3.0,below Mara's slope
P04309,C02,secondary main sewer,lateral,200,89.0,0.5,0.027,0.113,2.96,0.1,below Mara's slope
P04310,C02,secondary main sewer,lateral,200,44.1,3.95,0.011,0.164,4.427,0.0,below Mara's slope
P04311,C02,secondary main sewer,lateral,200,48.5,0.5,0.016,0.094,3.767,0.0,below Mara's slope
P04312,C02,secondary main sewer,lateral,200,33.9,0.5,0.016,0.094,3.767,0.0,below Mara's slope
P04313,C03,secondary main sewer,lateral,200,63.0,1.05,0.115,0.238,1.526,1.2,below Mara's slope
P04314,C03,secondary main sewer,lateral,200,21.7,0.5,0.115,0.185,1.526,1.2,below Mara's slope
P04316,C04,secondary main sewer,lateral,200,3.6,5.1,0.0,0.0,,0.0,no flow in 2030
P04317,C04,secondary main sewer,lateral,200,59.3,0.5,0.541,0.305,0.747,16.3,below Mara's slope
P04318,C04,secondary main sewer,lateral,200,218.4,0.5,0.361,0.268,0.901,8.1,below Mara's slope
P04319,C04,secondary main sewer,lateral,200,320.0,0.5,0.323,0.259,0.948,8.1,below Mara's slope
P04320,C03,secondary main sewer,lateral,200,82.4,0.5,0.311,0.256,0.964,7.4,below Mara's slope
P04321,C02,secondary main sewer,lateral,200,180.5,0.5,0.379,0.273,0.881,11.2,below Mara's slope
P04322,C03,secondary main sewer,lateral,200,60.8,0.5,0.178,0.214,1.247,3.0,below Mara's slope
P04323,C03,secondary header,sub main,200,36.1,0.5,0.428,0.283,0.832,10.5,below Mara's slope
P04324,C02,secondary main sewer,lateral,200,164.2,0.5,0.336,0.262,0.93,9.3,below Mara's slope
P04325,C02,secondary main sewer,lateral,200,143.0,0.5,0.106,0.18,1.582,1.3,below Mara's slope
P04326,C04,secondary main sewer,lateral,200,71.6,0.5,0.167,0.209,1.286,2.7,below Mara's slope
P04327,C03,secondary main sewer,lateral,200,24.1,0.5,0.254,0.24,1.059,5.5,below Mara's slope
P04328,C03,secondary main sewer,lateral,200,51.8,0.5,0.334,0.262,0.933,8.5,below Mara's slope
P04329,C03,secondary main sewer,lateral,200,123.7,0.5,0.095,0.173,1.665,0.7,below Mara's slope
P04330,C03,secondary main sewer,lateral,200,208.8,0.5,0.203,0.223,1.173,2.7,below Mara's slope
P04331,C25,secondary main sewer,lateral,200,191.0,0.5,0.077,0.161,1.84,0.6,below Mara's slope
P04332,C04,secondary main sewer,lateral,200,44.5,0.5,0.178,0.214,1.247,3.1,below Mara's slope
P04333,C04,secondary main sewer,lateral,200,41.3,0.5,0.538,0.305,0.749,16.1,below Mara's slope
P04334,C04,secondary main sewer,lateral,200,42.3,0.5,0.538,0.305,0.749,16.1,below Mara's slope
P04335,C03,secondary main sewer,lateral,200,14.1,0.5,0.072,0.158,1.896,0.6,below Mara's slope
P04336,C03,secondary main sewer,lateral,200,110.0,0.5,0.749,0.338,0.643,25.5,below Mara's slope
P04337,C03,secondary main sewer,lateral,200,21.8,0.5,0.072,0.158,1.896,0.6,below Mara's slope
P04338,C03,secondary main sewer,lateral,200,16.9,0.5,0.156,0.205,1.324,2.4,below Mara's slope
P04339,C03,secondary main sewer,lateral,200,106.0,0.5,0.574,0.311,0.727,13.4,below Mara's slope
P04340,C01,secondary header,sub main,315,94.5,0.27,4.838,0.453,0.272,128.9,below Mara's slope
P04341,C01,secondary header,sub main,315,328.1,0.27,4.838,0.453,0.272,128.9,below Mara's slope
P04342,C01,secondary header,sub main,200,183.4,0.5,0.476,0.293,0.793,15.1,below Mara's slope
P04343,C01,secondary header,sub main,200,228.0,0.5,0.482,0.294,0.788,15.1,below Mara's slope
P04345,C03,secondary main sewer,lateral,200,8.4,0.5,0.76,0.34,0.639,26.1,below Mara's slope
P04346,C02,secondary main sewer,lateral,200,74.9,0.5,0.011,0.083,4.439,0.0,below Mara's slope
P04347,C02,secondary main sewer,lateral,200,171.9,0.5,0.02,0.101,3.419,0.0,below Mara's slope
P04348,C03,secondary header,sub main,200,63.9,0.5,0.539,0.305,0.748,14.8,below Mara's slope
P04350,C02,secondary main sewer,lateral,200,94.7,0.5,0.072,0.158,1.896,0.6,below Mara's slope
P04352,C200,secondary header,sub main,200,284.2,0.5,0.165,0.208,1.29,0.6,below Mara's slope
P04353,C04,secondary main sewer,lateral,200,61.3,0.7,0.14,0.221,1.395,2.0,below Mara's slope
P04354,C178,secondary main sewer,lateral,200,156.3,0.5,0.085,0.167,1.757,0.0,below Mara's slope
P04355,C124,secondary header,sub main,200,172.0,0.5,0.055,0.144,2.152,0.3,below Mara's slope
P04356,C124,secondary header,sub main,200,84.6,0.5,0.067,0.154,1.958,0.5,below Mara's slope
P04357,C25,secondary main sewer,lateral,200,105.9,0.5,0.122,0.189,1.483,1.4,below Mara's slope
P04358,C02,secondary main sewer,lateral,200,91.1,0.5,0.103,0.178,1.604,1.3,below Mara's slope
P04359,C124,secondary header,sub main,200,233.1,1.1,0.036,0.163,2.595,0.2,below Mara's slope
P04360,C03,secondary header,sub main,200,42.2,0.5,0.0,0.0,,0.0,no flow in 2030
P04361,C03,secondary main sewer,lateral,200,64.3,0.5,0.771,0.341,0.634,26.7,below Mara's slope
P04363,C04,secondary main sewer,lateral,200,20.7,5.15,0.0,0.0,,0.0,no flow in 2030
P04364,C03,secondary main sewer,lateral,200,102.4,0.5,0.0,0.0,,0.0,no flow in 2030
P04367,C03,secondary header,sub main,200,144.3,0.5,0.795,0.344,0.626,28.0,below Mara's slope
P04369,C03,secondary header,sub main,200,50.7,0.5,0.941,0.363,0.579,34.9,below Mara's slope
P04370,C02,secondary main sewer,lateral,200,208.7,1.85,0.072,0.246,1.896,0.6,below Mara's slope
P04371,C04,secondary main sewer,lateral,200,132.2,0.5,0.185,0.216,1.225,3.2,below Mara's slope
P04372,C04,secondary main sewer,lateral,200,68.0,0.5,0.11,0.182,1.558,1.3,below Mara's slope
P04373,C03,secondary main sewer,lateral,200,34.4,0.5,0.105,0.179,1.589,1.2,below Mara's slope
P04375,C03,secondary header,sub main,200,43.5,0.5,1.018,0.372,0.558,38.6,below Mara's slope
P04376,C03,secondary main sewer,lateral,200,112.9,0.5,0.072,0.158,1.896,0.6,below Mara's slope
P04377,C03,secondary main sewer,lateral,200,41.8,0.5,0.857,0.353,0.604,32.4,below Mara's slope
P04378,C01,secondary header,sub main,400,101.4,0.205,5.152,0.404,0.264,143.9,below Mara's slope
P04379,C03,secondary main sewer,lateral,200,133.1,0.5,0.065,0.152,1.99,0.3,below Mara's slope
P04380,C03,secondary main sewer,lateral,200,287.8,0.5,0.104,0.179,1.598,0.8,below Mara's slope
P04381,C03,secondary main sewer,lateral,200,324.3,0.5,0.312,0.256,0.963,5.5,below Mara's slope
P04382,C03,secondary main sewer,lateral,200,74.8,0.5,0.291,0.251,0.994,4.8,below Mara's slope
P04383,C03,secondary main sewer,lateral,200,247.0,0.5,0.259,0.241,1.049,4.0,below Mara's slope
P04384,C03,secondary main sewer,lateral,200,17.1,0.5,0.847,0.351,0.608,31.7,below Mara's slope
P04386,C04,secondary main sewer,lateral,200,127.6,0.95,0.132,0.241,1.43,1.8,below Mara's slope
P04387,C03,secondary main sewer,lateral,200,58.3,0.5,0.879,0.355,0.597,33.6,below Mara's slope
P04388,C03,secondary header,sub main,200,78.8,0.5,1.049,0.375,0.55,39.3,below Mara's slope
P04389,C03,secondary main sewer,lateral,200,50.5,0.85,0.0,0.0,,0.0,no flow in 2030
P04391,C04,secondary main sewer,lateral,200,103.3,0.5,0.204,0.223,1.171,2.4,below Mara's slope
P04392,C04,secondary main sewer,lateral,200,54.1,0.5,0.241,0.236,1.084,3.7,below Mara's slope
P04393,C03,secondary main sewer,lateral,200,196.8,0.5,0.461,0.29,0.805,14.0,below Mara's slope
P04394,C25,secondary main sewer,lateral,200,117.3,0.5,0.146,0.2,1.365,2.0,below Mara's slope
P04395,C03,secondary header,sub main,200,12.7,0.5,1.049,0.375,0.55,39.3,below Mara's slope
P04396,C04,secondary main sewer,lateral,200,120.0,0.5,0.275,0.246,1.02,4.9,below Mara's slope
P04398,C01,secondary main sewer,lateral,200,72.6,0.5,0.0,0.0,,0.0,no flow in 2030
P04399,C01,secondary main sewer,lateral,200,134.2,0.5,0.218,0.228,1.137,3.0,below Mara's slope
P04400,C03,secondary main sewer,lateral,200,15.1,0.5,0.461,0.29,0.805,14.0,below Mara's slope
P04401,C03,secondary main sewer,lateral,200,61.8,0.5,0.578,0.312,0.725,19.7,below Mara's slope
P04402,C02,secondary header,sub main,200,413.4,0.5,0.184,0.216,1.23,1.5,below Mara's slope
P04403,C02,secondary header,sub main,200,353.8,0.5,0.032,0.12,2.746,0.1,below Mara's slope
P04404,C02,secondary header,sub main,200,87.6,0.5,0.136,0.195,1.413,1.3,below Mara's slope
P04405,C03,secondary main sewer,lateral,200,163.5,0.5,0.932,0.362,0.581,36.7,below Mara's slope
P04406,C03,secondary main sewer,lateral,200,163.0,0.5,0.363,0.269,0.898,8.1,below Mara's slope
P04407,C02,secondary header,sub main,200,34.0,0.5,0.188,0.217,1.216,1.6,below Mara's slope
P04408,C02,secondary header,sub main,200,87.4,0.5,0.188,0.217,1.216,1.6,below Mara's slope
P04409,C03,secondary header,sub main,200,84.9,0.5,0.539,0.305,0.748,14.8,below Mara's slope
P04410,C03,secondary header,sub main,200,109.8,0.5,0.539,0.305,0.748,14.8,below Mara's slope
P04411,C03,secondary header,sub main,200,84.2,0.5,1.135,0.385,0.531,44.2,below Mara's slope
P04412,C01,secondary main sewer,lateral,200,62.2,0.5,0.086,0.168,1.742,0.6,below Mara's slope
P04413,C04,secondary main sewer,lateral,200,116.4,0.5,0.105,0.179,1.589,1.2,below Mara's slope
P04414,C02,secondary main sewer,lateral,700,378.6,0.1,15.498,0.405,0.159,579.5,below Mara's slope
P04415,C02,secondary main sewer,lateral,700,134.5,0.1,15.498,0.405,0.159,579.5,below Mara's slope
P04416,C124,secondary header,sub main,200,279.3,2.6,0.035,0.215,2.634,0.1,below Mara's slope
P04419,C03,secondary main sewer,lateral,200,116.4,0.5,0.169,0.21,1.276,1.4,below Mara's slope
P04420,C25,secondary main sewer,lateral,200,77.4,0.5,0.23,0.232,1.109,4.9,below Mara's slope
P04423,C04,secondary main sewer,lateral,200,210.7,0.5,0.493,0.297,0.779,14.3,below Mara's slope
P04426,C03,secondary main sewer,lateral,200,114.6,0.5,0.29,0.25,0.996,6.8,below Mara's slope
P04427,C03,secondary main sewer,lateral,200,259.3,0.5,0.469,0.292,0.798,12.1,below Mara's slope
P04430,C25,secondary main sewer,lateral,200,189.3,0.5,0.146,0.2,1.365,2.0,below Mara's slope
P04431,C03,secondary main sewer,lateral,200,225.7,0.5,1.192,0.39,0.519,50.2,below Mara's slope
P04432,C03,secondary main sewer,lateral,200,22.8,0.5,1.251,0.396,0.508,53.9,below Mara's slope
P04433,C04,secondary main sewer,lateral,200,42.5,0.5,0.86,0.353,0.603,29.3,below Mara's slope
P04434,C25,secondary header,sub main,200,211.2,0.5,0.002,0.045,9.392,0.0,below Mara's slope
P04435,C03,secondary main sewer,lateral,200,21.6,0.5,0.076,0.161,1.848,0.7,below Mara's slope
P04436,C03,secondary main sewer,lateral,200,68.0,0.5,0.278,0.247,1.016,6.1,below Mara's slope
P04437,C04,secondary main sewer,lateral,200,125.9,0.5,1.254,0.397,0.507,43.8,below Mara's slope
P04438,C25,secondary main sewer,lateral,200,64.3,0.5,0.506,0.299,0.77,13.6,below Mara's slope
P04439,C25,secondary header,sub main,200,78.3,0.5,0.465,0.291,0.801,14.9,below Mara's slope
P04440,C25,secondary main sewer,lateral,200,231.7,0.5,0.278,0.247,1.016,6.8,below Mara's slope
P04441,C03,secondary main sewer,lateral,200,88.2,0.5,0.178,0.214,1.247,3.0,below Mara's slope
P04442,C124,secondary header,sub main,200,279.1,1.85,0.033,0.188,2.706,0.1,below Mara's slope
P04443,C02,secondary header,sub main,200,168.6,0.5,0.193,0.219,1.201,1.7,below Mara's slope
P04444,C25,secondary header,sub main,200,31.7,0.5,0.303,0.254,0.976,7.5,below Mara's slope
P04445,C02,secondary main sewer,lateral,200,137.9,0.9,0.027,0.138,2.952,0.1,below Mara's slope
P04446,C25,secondary main sewer,lateral,200,69.4,0.5,0.303,0.254,0.976,7.5,below Mara's slope
P04447,C25,secondary main sewer,lateral,200,233.9,0.5,0.272,0.245,1.025,6.2,below Mara's slope
P04448,C03,secondary main sewer,lateral,200,167.7,0.5,0.259,0.241,1.049,5.6,below Mara's slope
P04449,C25,secondary main sewer,lateral,200,170.8,0.7,0.154,0.228,1.335,2.5,below Mara's slope
P04451,C03,secondary main sewer,lateral,200,3.8,0.5,0.0,0.0,,0.0,no flow in 2030
P04452,C52,secondary main sewer,lateral,200,31.9,0.6,0.105,0.191,1.589,1.2,below Mara's slope
P04453,C04,secondary main sewer,lateral,200,17.0,0.5,1.119,0.383,0.534,37.7,below Mara's slope
P04454,C02,secondary header,sub main,200,325.0,0.5,0.102,0.178,1.612,0.7,below Mara's slope
P04455,C25,secondary main sewer,lateral,200,61.4,0.5,0.054,0.144,2.157,0.3,below Mara's slope
P04457,C272,secondary main sewer,lateral,200,33.8,8.25,0.0,0.0,,0.0,no flow in 2030
P04458,C03,secondary main sewer,lateral,200,65.6,0.5,0.105,0.179,1.589,1.2,below Mara's slope
P04459,C02,secondary header,sub main,200,46.5,0.5,0.265,0.243,1.039,3.1,below Mara's slope
P04460,C02,secondary main sewer,lateral,700,39.9,0.1,15.498,0.405,0.159,579.5,below Mara's slope
P04461,C02,secondary header,sub main,200,84.8,0.5,0.404,0.278,0.855,6.4,below Mara's slope
P04463,C03,secondary main sewer,lateral,200,67.1,0.5,0.198,0.221,1.186,3.7,below Mara's slope
P04464,C03,secondary main sewer,lateral,200,96.5,0.5,0.287,0.249,1.001,4.6,below Mara's slope
P04465,C25,secondary header,sub main,200,76.6,0.5,0.212,0.226,1.152,4.4,below Mara's slope
P04466,C25,secondary main sewer,lateral,200,162.1,0.5,0.286,0.249,1.003,6.9,below Mara's slope
P04467,C52,secondary main sewer,lateral,200,33.1,0.5,0.0,0.0,,0.0,no flow in 2030
P04468,C03,secondary main sewer,lateral,200,120.6,0.5,0.278,0.247,1.016,6.1,below Mara's slope
P04470,C52,secondary main sewer,lateral,200,18.8,0.5,0.076,0.161,1.848,0.7,below Mara's slope
P04471,C04,secondary main sewer,lateral,200,49.0,0.5,0.443,0.287,0.819,9.3,below Mara's slope
P04472,C04,secondary main sewer,lateral,200,21.3,0.5,0.575,0.311,0.726,14.3,below Mara's slope
P04473,C04,secondary main sewer,lateral,200,105.5,0.5,0.715,0.333,0.657,20.4,below Mara's slope
P04474,C52,secondary main sewer,lateral,200,92.0,0.5,0.105,0.179,1.589,1.2,below Mara's slope
P04475,C52,secondary main sewer,lateral,200,32.2,0.7,0.162,0.232,1.302,2.6,below Mara's slope
P04476,C25,secondary header,sub main,200,78.1,0.5,0.008,0.072,5.306,0.0,below Mara's slope
P04477,C52,secondary main sewer,lateral,200,13.0,0.5,0.204,0.223,1.172,3.8,below Mara's slope
P04478,C02,secondary header,sub main,200,61.6,0.5,0.257,0.24,1.054,3.3,below Mara's slope
P04479,C02,secondary header,sub main,200,299.1,1.3,0.071,0.217,1.909,0.4,below Mara's slope
P04481,C02,secondary main sewer,lateral,200,199.0,1.1,0.03,0.152,2.843,0.1,below Mara's slope
P04483,C04,secondary main sewer,lateral,200,63.7,0.5,0.485,0.295,0.786,11.0,below Mara's slope
P04484,C04,secondary main sewer,lateral,200,83.3,0.5,0.455,0.289,0.809,11.0,below Mara's slope
P04485,C25,secondary header,sub main,200,79.6,0.5,0.404,0.278,0.854,12.0,below Mara's slope
P04486,C25,secondary main sewer,lateral,200,158.2,0.5,0.561,0.309,0.735,16.1,below Mara's slope
P04487,C04,secondary main sewer,lateral,200,235.6,0.5,0.36,0.268,0.901,6.3,below Mara's slope
P04488,C52,secondary header,sub main,200,48.3,0.5,0.149,0.201,1.354,1.8,below Mara's slope
P04489,C02,secondary main sewer,lateral,200,148.8,0.5,0.154,0.204,1.333,1.4,below Mara's slope
P04490,C52,secondary main sewer,lateral,200,67.3,0.5,0.222,0.229,1.127,4.4,below Mara's slope
P04491,C52,secondary main sewer,lateral,200,50.1,0.65,0.108,0.198,1.568,1.3,below Mara's slope
P04492,C04,secondary main sewer,lateral,200,21.2,0.5,0.288,0.25,0.999,3.8,below Mara's slope
P04493,C04,secondary main sewer,lateral,200,321.1,0.5,0.288,0.25,0.999,3.8,below Mara's slope
P04494,C04,secondary main sewer,lateral,200,77.0,0.5,0.277,0.247,1.017,5.0,below Mara's slope
P04495,C25,secondary main sewer,lateral,200,179.4,0.5,0.008,0.072,5.306,0.0,below Mara's slope
P04496,C52,secondary header,sub main,200,35.5,0.5,0.273,0.245,1.024,3.7,below Mara's slope
P04497,C52,secondary main sewer,lateral,200,80.4,0.5,0.185,0.216,1.225,3.0,below Mara's slope
P04498,C03,secondary main sewer,lateral,200,663.7,0.5,0.336,0.262,0.931,4.3,below Mara's slope
P04499,C04,secondary main sewer,lateral,200,189.1,0.5,0.65,0.323,0.687,17.3,below Mara's slope
P04500,C04,secondary main sewer,lateral,200,95.9,1.05,0.163,0.267,1.3,1.2,below Mara's slope
P04501,C03,secondary main sewer,lateral,200,216.7,0.5,0.353,0.267,0.909,4.9,below Mara's slope
P04502,C04,secondary main sewer,lateral,200,228.2,0.5,0.464,0.291,0.802,12.8,below Mara's slope
P04503,C04,secondary main sewer,lateral,200,108.5,0.5,0.553,0.308,0.739,17.1,below Mara's slope
P04504,C04,secondary main sewer,lateral,200,88.7,0.5,0.553,0.308,0.739,17.1,below Mara's slope
P04505,C25,secondary main sewer,lateral,200,148.7,0.5,0.458,0.29,0.807,11.5,below Mara's slope
P04506,C25,secondary main sewer,lateral,200,193.3,0.55,0.458,0.299,0.807,11.5,below Mara's slope
P04507,C25,secondary main sewer,lateral,200,164.2,0.5,0.328,0.26,0.942,8.0,below Mara's slope
P04508,C03,secondary main sewer,lateral,200,571.0,0.5,0.631,0.32,0.696,15.9,below Mara's slope
P04510,C04,secondary main sewer,lateral,200,69.3,0.5,0.245,0.237,1.077,4.4,below Mara's slope
P04511,C25,secondary header,sub main,200,177.8,0.5,0.465,0.291,0.801,14.9,below Mara's slope
P04512,C52,secondary main sewer,lateral,200,164.3,0.5,0.318,0.258,0.955,7.5,below Mara's slope
P04513,C52,secondary main sewer,lateral,200,73.7,0.5,0.259,0.241,1.049,5.7,below Mara's slope
P04514,C04,secondary main sewer,lateral,200,95.9,1.0,0.0,0.0,,0.0,no flow in 2030
P04515,C52,secondary header,sub main,200,35.4,0.5,0.405,0.279,0.854,9.2,below Mara's slope
P04516,C52,secondary header,sub main,200,168.2,1.1,0.18,0.281,1.239,3.0,below Mara's slope
P04517,C04,secondary main sewer,lateral,200,113.8,0.5,0.198,0.221,1.186,3.1,below Mara's slope
P04518,C04,secondary main sewer,lateral,200,57.7,0.5,0.516,0.301,0.764,12.4,below Mara's slope
P04519,C25,secondary header,sub main,200,116.3,0.5,0.243,0.236,1.08,5.5,below Mara's slope
P04520,C25,secondary header,sub main,200,397.3,0.5,0.226,0.231,1.116,4.9,below Mara's slope
P04521,C52,secondary header,sub main,200,77.6,0.5,0.33,0.261,0.938,4.3,below Mara's slope
P04522,C03,secondary main sewer,lateral,200,58.5,0.5,0.833,0.35,0.612,24.1,below Mara's slope
P04523,C25,secondary header,sub main,200,127.4,0.5,0.0,0.0,,0.0,no flow in 2030
P04524,C52,secondary main sewer,lateral,200,24.8,0.5,0.0,0.0,,0.0,no flow in 2030
P04525,C25,secondary main sewer,lateral,200,80.1,0.5,0.0,0.0,,0.0,no flow in 2030
P04526,C03,secondary main sewer,lateral,200,164.2,0.5,0.391,0.275,0.867,8.2,below Mara's slope
P04527,C25,secondary main sewer,lateral,200,88.4,0.5,0.222,0.229,1.127,2.3,below Mara's slope
P04528,C52,secondary main sewer,lateral,200,104.1,0.5,0.49,0.296,0.782,14.9,below Mara's slope
P04529,C52,secondary main sewer,lateral,200,54.1,0.5,0.091,0.171,1.7,0.9,below Mara's slope
P04530,C52,secondary main sewer,lateral,200,64.8,0.5,0.12,0.188,1.494,1.5,below Mara's slope
P04531,C25,secondary main sewer,lateral,200,29.0,0.5,0.142,0.198,1.384,2.0,below Mara's slope
P04532,C02,secondary header,sub main,200,5.6,0.8,0.0,0.0,,0.0,no flow in 2030
P04533,C25,secondary header,sub main,200,72.0,0.5,0.069,0.156,1.932,0.6,below Mara's slope
P04534,C03,secondary main sewer,lateral,200,119.2,0.5,0.284,0.249,1.005,4.6,below Mara's slope
P04535,C25,secondary main sewer,lateral,200,28.9,0.5,0.082,0.165,1.785,0.7,below Mara's slope
P04536,C52,secondary header,sub main,200,78.5,0.5,0.449,0.288,0.814,11.1,below Mara's slope
P04537,C03,secondary main sewer,lateral,200,82.3,0.5,0.252,0.239,1.063,3.7,below Mara's slope
P04538,C52,secondary main sewer,lateral,200,91.8,0.5,0.178,0.214,1.247,3.0,below Mara's slope
P04539,C52,secondary main sewer,lateral,200,77.9,0.5,0.178,0.214,1.247,3.0,below Mara's slope
P04540,C52,secondary main sewer,lateral,200,113.1,0.5,0.523,0.302,0.759,16.4,below Mara's slope
P04541,C03,secondary main sewer,lateral,200,48.6,0.5,0.219,0.229,1.133,3.7,below Mara's slope
P04542,C03,secondary main sewer,lateral,200,86.0,0.5,0.176,0.213,1.253,2.1,below Mara's slope
P04543,C03,secondary main sewer,lateral,200,118.5,0.5,0.0,0.0,,0.0,no flow in 2030
P04544,C03,secondary main sewer,lateral,200,162.9,0.5,0.0,0.0,,0.0,no flow in 2030
P04545,C04,secondary main sewer,lateral,200,449.6,0.5,1.05,0.376,0.55,39.9,below Mara's slope
P04546,C04,secondary main sewer,lateral,200,229.0,0.5,0.141,0.198,1.387,2.0,below Mara's slope
P04547,C02,secondary header,sub main,200,84.8,1.35,0.055,0.203,2.135,0.2,below Mara's slope
P04548,C02,secondary main sewer,lateral,200,99.5,0.5,0.153,0.203,1.337,1.4,below Mara's slope
P04549,C03,secondary main sewer,lateral,200,79.9,0.75,0.0,0.0,,0.0,no flow in 2030
P04550,C03,secondary main sewer,lateral,200,29.5,0.5,0.176,0.213,1.253,2.1,below Mara's slope
P04551,C52,secondary main sewer,lateral,200,113.5,0.5,0.156,0.205,1.324,2.4,below Mara's slope
P04552,C25,secondary main sewer,lateral,200,111.7,1.35,0.109,0.255,1.565,1.3,below Mara's slope
P04553,C03,secondary main sewer,lateral,200,18.5,0.5,0.219,0.229,1.133,3.7,below Mara's slope
P04555,C02,secondary main sewer,lateral,200,105.4,0.5,0.102,0.178,1.613,0.7,below Mara's slope
P04556,C02,secondary header,sub main,200,258.6,0.5,0.185,0.216,1.226,1.9,below Mara's slope
P04557,C02,secondary header,sub main,200,193.9,0.5,0.151,0.202,1.347,1.3,below Mara's slope
P04558,C03,secondary main sewer,lateral,200,109.2,1.2,0.056,0.195,2.134,0.3,below Mara's slope
P04559,C04,secondary main sewer,lateral,200,84.3,0.5,0.933,0.362,0.581,33.0,below Mara's slope
P04560,C52,secondary main sewer,lateral,200,31.2,0.5,0.0,0.0,,0.0,no flow in 2030
P04561,C25,secondary header,sub main,200,89.8,0.5,0.0,0.0,,0.0,no flow in 2030
P04562,C52,secondary header,sub main,200,142.6,0.5,0.595,0.315,0.715,16.6,below Mara's slope
P04563,C04,secondary main sewer,lateral,200,230.1,0.5,0.218,0.228,1.137,4.3,below Mara's slope
P04564,C04,secondary main sewer,lateral,200,47.6,0.5,0.323,0.259,0.947,6.7,below Mara's slope
P04565,C04,secondary main sewer,lateral,200,22.7,0.5,0.236,0.234,1.095,4.9,below Mara's slope
P04566,C194,secondary main sewer,lateral,200,64.4,1.15,0.092,0.228,1.693,0.9,below Mara's slope
P04567,C194,secondary main sewer,lateral,200,48.9,1.1,0.088,0.221,1.724,0.8,below Mara's slope
P04568,C297,secondary main sewer,lateral,200,87.2,0.5,0.132,0.194,1.43,1.8,below Mara's slope
P04569,C25,secondary main sewer,lateral,200,54.3,0.5,0.045,0.135,2.354,0.2,below Mara's slope
P04570,C04,secondary main sewer,lateral,200,54.6,0.5,0.488,0.295,0.784,11.1,below Mara's slope
P04571,C04,secondary main sewer,lateral,200,153.8,0.5,0.488,0.295,0.784,11.1,below Mara's slope
P04572,C04,secondary main sewer,lateral,200,27.5,0.5,0.323,0.259,0.947,6.7,below Mara's slope
P04573,C194,secondary main sewer,lateral,200,40.3,0.5,0.163,0.207,1.299,2.5,below Mara's slope
P04574,C194,secondary main sewer,lateral,200,43.6,0.5,0.137,0.196,1.405,1.9,below Mara's slope
P04575,C194,secondary main sewer,lateral,200,128.4,0.5,0.182,0.215,1.236,3.0,below Mara's slope
P04576,C04,secondary main sewer,lateral,200,12.2,0.5,0.072,0.158,1.896,0.6,below Mara's slope
P04577,C04,secondary main sewer,lateral,200,80.5,0.5,0.284,0.248,1.006,3.8,below Mara's slope
P04578,C01,secondary header,sub main,400,659.2,0.205,5.241,0.406,0.262,147.0,below Mara's slope
P04579,C01,secondary header,sub main,200,230.0,1.4,0.0,0.0,,0.0,no flow in 2030
P04580,C25,secondary header,sub main,200,275.4,0.5,0.572,0.311,0.728,20.4,below Mara's slope
P04581,C52,secondary main sewer,lateral,200,156.9,0.5,0.591,0.314,0.717,18.4,below Mara's slope
P04582,C52,secondary header,sub main,200,88.2,0.5,0.946,0.364,0.577,31.1,below Mara's slope
P04583,C52,secondary header,sub main,200,354.6,0.7,0.522,0.339,0.759,12.3,below Mara's slope
P04584,C25,secondary main sewer,lateral,200,169.3,0.5,0.154,0.204,1.334,2.5,below Mara's slope
P04585,C03,secondary main sewer,lateral,200,409.2,0.5,0.875,0.355,0.598,26.1,below Mara's slope
P04586,C03,secondary main sewer,lateral,200,374.9,0.5,0.353,0.267,0.909,4.9,below Mara's slope
P04587,C03,secondary main sewer,lateral,200,175.5,0.5,0.163,0.207,1.3,1.8,below Mara's slope
P04588,C03,secondary main sewer,lateral,200,218.5,0.5,0.103,0.178,1.603,0.8,below Mara's slope
P04590,C03,secondary main sewer,lateral,200,64.6,0.5,0.122,0.189,1.484,1.1,below Mara's slope
P04591,C04,secondary main sewer,lateral,200,66.8,0.5,0.308,0.255,0.969,6.1,below Mara's slope
P04592,C04,secondary main sewer,lateral,200,82.1,0.5,0.072,0.158,1.896,0.6,below Mara's slope
P04593,C194,secondary main sewer,lateral,200,117.9,0.5,0.319,0.258,0.954,7.6,below Mara's slope
P04594,C04,secondary main sewer,lateral,200,220.2,0.5,0.848,0.351,0.607,28.2,below Mara's slope
P04595,C03,secondary main sewer,lateral,200,25.1,0.5,0.0,0.0,,0.0,no flow in 2030
P04596,C03,secondary main sewer,lateral,200,65.6,0.5,0.046,0.136,2.321,0.2,below Mara's slope
P04598,C04,secondary main sewer,lateral,200,382.9,0.5,0.172,0.211,1.266,2.4,below Mara's slope
P04599,C25,secondary main sewer,lateral,200,128.1,0.5,0.304,0.254,0.974,7.0,below Mara's slope
P04600,C04,secondary main sewer,lateral,200,488.3,0.5,0.442,0.286,0.82,10.4,below Mara's slope
P04601,C04,secondary main sewer,lateral,200,187.1,0.5,0.339,0.263,0.927,7.3,below Mara's slope
P04602,C04,secondary main sewer,lateral,200,221.3,0.5,0.398,0.277,0.861,8.3,below Mara's slope
P04603,C25,secondary header,sub main,200,92.4,0.5,0.619,0.319,0.702,23.0,below Mara's slope
P04604,C25,secondary main sewer,lateral,200,126.8,0.5,0.171,0.211,1.27,3.1,below Mara's slope
P04605,C25,secondary main sewer,lateral,200,55.8,0.5,0.373,0.271,0.886,9.6,below Mara's slope
P04606,C01,secondary main sewer,lateral,200,190.8,0.5,0.194,0.22,1.199,2.3,below Mara's slope
P04607,C01,secondary main sewer,lateral,200,82.7,1.6,0.09,0.253,1.704,0.5,below Mara's slope
P04608,C03,secondary main sewer,lateral,200,230.9,0.5,1.035,0.374,0.554,31.0,below Mara's slope
P04609,C03,secondary main sewer,lateral,200,258.8,0.5,0.153,0.203,1.339,1.6,below Mara's slope
P04610,C03,secondary main sewer,lateral,200,73.1,1.3,0.076,0.222,1.85,0.5,below Mara's slope
P04611,C01,secondary header,sub main,200,363.6,0.5,0.0,0.0,,0.0,no flow in 2030
P04612,C52,secondary header,sub main,200,198.9,0.5,0.638,0.322,0.693,18.7,below Mara's slope
P04613,C52,secondary header,sub main,200,314.9,0.5,0.638,0.322,0.693,18.7,below Mara's slope
P04614,C03,secondary main sewer,lateral,200,156.6,0.55,0.0,0.0,,0.0,no flow in 2030
P04615,C25,secondary header,sub main,200,102.6,0.5,0.319,0.258,0.952,6.0,below Mara's slope
P04616,C04,secondary main sewer,lateral,200,193.4,0.5,0.063,0.151,2.007,0.4,below Mara's slope
P04617,C04,secondary main sewer,lateral,200,190.9,0.5,0.563,0.309,0.733,17.2,below Mara's slope
P04618,C25,secondary header,sub main,200,73.9,0.5,0.673,0.327,0.675,26.1,below Mara's slope
P04619,C01,secondary header,sub main,200,259.2,0.8,0.0,0.0,,0.0,no flow in 2030
P04620,C01,secondary header,sub main,400,162.5,0.205,5.241,0.406,0.262,147.0,below Mara's slope
P04621,C01,secondary main sewer,lateral,200,111.4,0.95,0.008,0.091,5.166,0.0,below Mara's slope
P04622,C04,secondary main sewer,lateral,200,114.8,0.5,0.292,0.251,0.993,5.5,below Mara's slope
P04623,C04,secondary main sewer,lateral,200,394.2,0.5,0.218,0.228,1.137,4.3,below Mara's slope
P04624,C25,secondary header,sub main,200,43.7,0.5,0.673,0.327,0.675,26.1,below Mara's slope
P04625,C25,secondary header,sub main,200,749.9,0.5,0.821,0.348,0.616,30.1,below Mara's slope
P04626,C25,secondary main sewer,lateral,200,190.1,0.5,0.139,0.197,1.398,1.8,below Mara's slope
P04627,C01,secondary main sewer,lateral,200,78.1,0.9,0.239,0.288,1.088,3.1,below Mara's slope
P04628,C01,secondary main sewer,lateral,200,172.9,0.55,0.194,0.227,1.199,2.3,below Mara's slope
P04629,C52,secondary header,sub main,200,75.6,0.5,0.0,0.0,,0.0,no flow in 2030
P04630,C01,secondary main sewer,lateral,200,31.1,0.5,0.0,0.0,,0.0,no flow in 2030
P04632,C02,secondary main sewer,lateral,200,1024.8,0.5,0.0,0.0,,0.0,no flow in 2030
P04633,C02,secondary main sewer,lateral,200,1134.8,0.85,0.0,0.0,,0.0,no flow in 2030
P04637,C25,secondary main sewer,lateral,200,106.3,0.5,0.241,0.236,1.084,3.2,below Mara's slope
P04638,C159,secondary header,sub main,200,26.6,2.0,0.008,0.114,5.277,0.0,below Mara's slope
P04639,C159,secondary main sewer,lateral,200,73.4,0.5,0.0,0.0,,0.0,no flow in 2030
P04640,C25,secondary header,sub main,200,180.9,0.5,0.611,0.317,0.706,18.9,below Mara's slope
P04642,C01,secondary main sewer,lateral,200,222.3,0.5,0.251,0.239,1.064,3.6,below Mara's slope
P04643,C03,secondary main sewer,lateral,200,196.8,0.5,0.002,0.042,10.151,0.0,below Mara's slope
P04644,C01,secondary main sewer,lateral,200,103.1,0.5,0.039,0.128,2.524,0.1,below Mara's slope
P04645,C11,secondary header,sub main,200,24.0,3.15,0.023,0.199,3.172,0.0,below Mara's slope
P04646,C01,secondary main sewer,lateral,200,56.7,0.5,0.474,0.293,0.794,9.4,below Mara's slope
P04647,C01,secondary header,sub main,200,297.7,0.5,0.302,0.253,0.978,4.9,below Mara's slope
P04648,C01,secondary header,sub main,200,39.6,0.5,0.302,0.253,0.978,4.9,below Mara's slope
P04650,C01,secondary main sewer,lateral,200,64.5,0.5,0.061,0.15,2.04,0.3,below Mara's slope
P04651,C01,secondary main sewer,lateral,200,31.1,6.65,0.0,0.0,,0.0,no flow in 2030
P04652,C01,secondary main sewer,lateral,200,34.6,4.1,0.011,0.162,4.573,0.0,below Mara's slope
P04653,C01,secondary main sewer,lateral,200,93.9,0.5,0.011,0.081,4.573,0.0,below Mara's slope
P04654,C01,secondary main sewer,lateral,200,89.0,0.5,0.014,0.09,3.998,0.0,below Mara's slope
P04655,C11,secondary header,sub main,200,22.2,2.35,0.0,0.0,,0.0,no flow in 2030
P04657,C11,secondary main sewer,lateral,200,49.6,0.5,0.524,0.302,0.758,11.7,below Mara's slope
P04659,C11,secondary main sewer,lateral,200,59.4,0.5,0.342,0.264,0.924,6.0,below Mara's slope
P04660,C11,secondary main sewer,lateral,200,85.7,0.85,0.223,0.276,1.125,3.0,below Mara's slope
P04661,C11,secondary main sewer,lateral,200,30.2,0.5,0.447,0.287,0.815,9.2,below Mara's slope
P04662,C159,secondary header,sub main,200,162.3,1.45,0.008,0.103,5.277,0.0,below Mara's slope
P04663,C159,secondary header,sub main,200,169.5,0.85,0.008,0.086,5.277,0.0,below Mara's slope
P04664,C01,secondary main sewer,lateral,200,17.5,0.5,0.044,0.134,2.373,0.1,below Mara's slope
P04665,C04,secondary main sewer,lateral,200,201.0,0.5,0.551,0.307,0.74,16.8,below Mara's slope
P04666,C11,secondary main sewer,lateral,200,41.0,0.5,0.166,0.209,1.288,1.9,below Mara's slope
P04670,C01,secondary main sewer,lateral,200,90.9,0.5,0.275,0.246,1.02,4.0,below Mara's slope
P04671,C01,secondary main sewer,lateral,200,180.9,0.5,0.2,0.222,1.182,2.4,below Mara's slope
P04672,C01,secondary main sewer,lateral,200,108.4,0.5,0.228,0.232,1.112,2.9,below Mara's slope
P04675,C01,secondary header,sub main,200,48.6,0.5,0.455,0.289,0.809,8.3,below Mara's slope
P04676,C01,secondary main sewer,lateral,200,270.5,0.5,0.64,0.322,0.691,14.7,below Mara's slope
P04677,C01,secondary header,sub main,200,42.1,0.5,0.566,0.31,0.732,12.0,below Mara's slope
P04679,C01,secondary header,sub main,200,150.8,0.5,0.374,0.271,0.886,5.7,below Mara's slope
P04681,C01,secondary main sewer,lateral,200,84.3,0.5,0.019,0.099,3.532,0.0,below Mara's slope
P04682,C01,secondary main sewer,lateral,200,44.3,0.5,0.0,0.0,,0.0,no flow in 2030
P04683,C25,secondary header,sub main,200,159.3,0.5,0.864,0.354,0.602,31.0,below Mara's slope
P04684,C25,secondary header,sub main,200,555.9,0.5,1.238,0.395,0.51,56.1,below Mara's slope
P04685,C01,secondary header,sub main,200,285.0,0.5,0.302,0.253,0.977,4.9,below Mara's slope
P04687,C11,secondary header,sub main,200,87.6,0.5,0.526,0.303,0.757,11.8,below Mara's slope
P04688,C03,secondary main sewer,lateral,200,187.4,0.6,0.0,0.0,,0.0,no flow in 2030
P04689,C01,secondary main sewer,lateral,200,42.6,1.2,0.163,0.28,1.297,1.9,below Mara's slope
P04691,C11,secondary main sewer,lateral,200,40.2,0.5,0.374,0.272,0.886,7.2,below Mara's slope
P04692,C11,secondary header,sub main,200,45.2,1.05,0.172,0.272,1.268,2.0,below Mara's slope
P04693,C01,secondary main sewer,lateral,200,114.3,0.5,0.683,0.329,0.671,16.2,below Mara's slope
P04694,C01,secondary main sewer,lateral,200,80.9,0.5,0.102,0.178,1.61,0.7,below Mara's slope
P04695,C01,secondary main sewer,lateral,200,107.7,0.5,0.144,0.199,1.376,1.2,below Mara's slope
P04696,C11,secondary main sewer,lateral,200,20.7,1.55,0.063,0.221,2.019,0.3,below Mara's slope
P04698,C01,secondary main sewer,lateral,200,59.6,0.5,0.699,0.331,0.664,16.8,below Mara's slope
P04699,C131,secondary header,sub main,200,78.4,0.5,0.102,0.178,1.609,1.1,below Mara's slope
P04701,C01,secondary main sewer,lateral,200,31.4,0.5,0.079,0.163,1.813,0.4,below Mara's slope
P04702,C01,secondary main sewer,lateral,200,89.0,0.5,0.124,0.19,1.472,1.0,below Mara's slope
P04703,C01,secondary main sewer,lateral,200,207.6,0.5,0.268,0.244,1.033,3.9,below Mara's slope
P04704,C11,secondary main sewer,lateral,200,47.7,0.5,0.115,0.185,1.527,0.8,below Mara's slope
P04708,C11,secondary main sewer,lateral,200,49.3,0.5,0.086,0.168,1.742,0.6,below Mara's slope
P04711,C01,secondary main sewer,lateral,200,62.4,0.5,0.171,0.211,1.27,2.0,below Mara's slope
P04713,C25,secondary main sewer,lateral,200,105.3,0.5,0.238,0.235,1.092,4.8,below Mara's slope
P04714,C01,secondary main sewer,lateral,200,57.0,0.5,0.101,0.177,1.619,0.7,below Mara's slope
P04716,C11,secondary main sewer,lateral,200,11.7,0.5,0.0,0.0,,0.0,no flow in 2030
P04718,C01,secondary main sewer,lateral,200,60.7,0.5,0.09,0.17,1.707,0.5,below Mara's slope
P04719,C01,secondary main sewer,lateral,200,87.5,0.5,0.263,0.243,1.041,3.6,below Mara's slope
P04721,C139,secondary header,sub main,200,94.9,0.5,0.264,0.243,1.041,3.4,below Mara's slope
P04722,C139,secondary main sewer,lateral,200,128.5,0.5,0.079,0.163,1.818,0.4,below Mara's slope
P04723,C11,secondary main sewer,lateral,200,40.5,0.5,0.348,0.265,0.916,6.4,below Mara's slope
P04724,C11,secondary main sewer,lateral,200,101.9,0.5,0.231,0.232,1.106,3.3,below Mara's slope
P04727,C11,secondary main sewer,lateral,200,93.9,0.5,0.374,0.272,0.886,7.2,below Mara's slope
P04728,C11,secondary main sewer,lateral,200,42.7,0.5,0.551,0.307,0.741,12.9,below Mara's slope
P04729,C11,secondary header,sub main,200,77.5,0.5,0.527,0.303,0.756,11.8,below Mara's slope
P04730,C01,secondary main sewer,lateral,200,231.9,0.5,0.068,0.155,1.947,0.3,below Mara's slope
P04731,C01,secondary main sewer,lateral,200,133.2,0.5,0.068,0.155,1.942,0.3,below Mara's slope
P04732,C01,secondary main sewer,lateral,200,33.3,0.5,0.019,0.099,3.532,0.0,below Mara's slope
P04733,C01,secondary main sewer,lateral,200,61.8,0.5,0.02,0.101,3.432,0.0,below Mara's slope
P04734,C11,secondary header,sub main,200,48.8,0.5,0.18,0.214,1.241,2.1,below Mara's slope
P04735,C11,secondary header,sub main,200,51.3,0.5,0.22,0.229,1.131,2.9,below Mara's slope
P04736,C01,secondary main sewer,lateral,200,78.2,0.5,0.624,0.319,0.699,13.9,below Mara's slope
P04738,C11,secondary header,sub main,200,93.2,0.5,0.172,0.211,1.268,2.0,below Mara's slope
P04739,C11,secondary header,sub main,200,36.5,0.5,0.172,0.211,1.268,2.0,below Mara's slope
P04740,C11,secondary header,sub main,200,112.5,1.7,0.057,0.221,2.103,0.2,below Mara's slope
P04741,C11,secondary main sewer,lateral,200,21.7,0.5,0.134,0.194,1.423,1.3,below Mara's slope
P04742,C139,secondary header,sub main,200,91.1,0.5,0.198,0.221,1.188,2.1,below Mara's slope
P04743,C139,secondary main sewer,lateral,200,121.8,0.5,0.135,0.195,1.415,1.1,below Mara's slope
P04744,C139,secondary main sewer,lateral,200,35.0,0.5,0.141,0.198,1.388,1.2,below Mara's slope
P04745,C11,secondary main sewer,lateral,200,74.8,0.5,0.315,0.257,0.959,5.4,below Mara's slope
P04747,C01,secondary main sewer,lateral,200,60.4,0.5,0.301,0.253,0.979,4.8,below Mara's slope
P04749,C11,secondary main sewer,lateral,200,39.3,0.5,0.747,0.338,0.644,20.1,below Mara's slope
P04750,C01,secondary header,sub main,200,236.6,0.85,0.132,0.232,1.433,1.3,below Mara's slope
P04751,C131,secondary header,sub main,200,78.5,0.5,0.157,0.205,1.321,2.1,below Mara's slope
P04753,C11,secondary main sewer,lateral,200,77.4,0.5,0.108,0.181,1.568,0.7,below Mara's slope
P04757,C11,secondary main sewer,lateral,200,92.1,0.95,0.0,0.0,,0.0,no flow in 2030
P04758,C01,secondary main sewer,lateral,200,89.1,0.5,1.008,0.371,0.561,28.6,below Mara's slope
P04759,C01,secondary main sewer,lateral,200,92.0,0.5,0.943,0.363,0.578,25.9,below Mara's slope
P04760,C01,secondary main sewer,lateral,200,103.2,0.5,0.205,0.224,1.168,2.2,below Mara's slope
P04761,C01,secondary main sewer,lateral,200,93.4,0.5,0.125,0.19,1.469,1.0,below Mara's slope
P04762,C01,secondary main sewer,lateral,200,172.0,0.5,0.205,0.223,1.169,2.2,below Mara's slope
P04763,C11,secondary main sewer,lateral,200,34.1,0.5,0.243,0.236,1.08,3.7,below Mara's slope
P04766,C11,secondary header,sub main,200,53.9,0.5,0.59,0.314,0.718,14.0,below Mara's slope
P04767,C11,secondary main sewer,lateral,200,56.1,0.5,0.453,0.289,0.811,9.5,below Mara's slope
P04768,C11,secondary main sewer,lateral,200,42.0,0.5,0.585,0.313,0.72,14.1,below Mara's slope
P04770,C01,secondary main sewer,lateral,200,57.8,0.5,0.328,0.26,0.942,5.5,below Mara's slope
P04771,C01,secondary main sewer,lateral,200,57.8,0.5,0.353,0.267,0.91,6.2,below Mara's slope
P04772,C01,secondary main sewer,lateral,200,145.2,0.5,1.243,0.396,0.509,35.2,below Mara's slope
P04773,C01,secondary main sewer,lateral,200,34.0,0.5,0.161,0.207,1.307,1.8,below Mara's slope
P04775,C01,secondary main sewer,lateral,200,38.7,0.5,0.362,0.269,0.899,6.9,below Mara's slope
P04777,C01,secondary main sewer,lateral,200,30.2,0.5,0.314,0.257,0.96,5.5,below Mara's slope
P04778,C11,secondary main sewer,lateral,200,26.3,0.5,0.243,0.236,1.08,3.7,below Mara's slope
P04779,C11,secondary main sewer,lateral,200,97.0,0.5,0.436,0.285,0.825,9.2,below Mara's slope
P04780,C11,secondary main sewer,lateral,200,78.7,0.5,1.094,0.38,0.54,34.2,below Mara's slope
P04781,C01,secondary main sewer,lateral,200,82.0,0.5,0.444,0.287,0.818,8.7,below Mara's slope
P04782,C01,secondary main sewer,lateral,200,106.3,0.5,0.583,0.313,0.721,12.4,below Mara's slope
P04783,C01,secondary main sewer,lateral,200,109.0,0.5,0.442,0.286,0.82,7.6,below Mara's slope
P04785,C11,secondary main sewer,lateral,200,14.7,0.5,1.14,0.385,0.53,34.9,below Mara's slope
P04786,C11,secondary main sewer,lateral,200,27.6,0.5,0.132,0.193,1.432,1.3,below Mara's slope
P04788,C01,secondary main sewer,lateral,200,59.6,0.5,0.185,0.216,1.224,1.9,below Mara's slope
P04789,C01,secondary main sewer,lateral,200,44.7,0.5,0.179,0.214,1.244,1.8,below Mara's slope
P04790,C11,secondary main sewer,lateral,200,11.2,0.5,0.029,0.115,2.895,0.1,below Mara's slope
P04791,C11,secondary main sewer,lateral,200,62.7,0.5,0.251,0.239,1.064,3.8,below Mara's slope
P04792,C01,secondary main sewer,lateral,200,116.8,0.5,0.159,0.206,1.313,1.6,below Mara's slope
P04793,C01,secondary main sewer,lateral,200,40.0,0.5,0.242,0.236,1.083,3.4,below Mara's slope
P04795,C131,secondary header,sub main,200,77.7,1.0,0.216,0.289,1.14,3.7,below Mara's slope
P04796,C131,secondary header,sub main,200,107.7,0.5,0.195,0.22,1.197,2.7,below Mara's slope
P04798,C11,secondary header,sub main,200,61.1,0.5,0.623,0.319,0.7,15.2,below Mara's slope
P04799,C04,secondary main sewer,lateral,200,311.7,0.5,0.319,0.258,0.952,6.5,below Mara's slope
P04800,C01,secondary main sewer,lateral,200,149.1,0.5,0.153,0.203,1.337,1.6,below Mara's slope
P04801,C11,secondary header,sub main,200,81.1,0.65,0.354,0.292,0.908,6.2,below Mara's slope
P04802,C11,secondary main sewer,lateral,200,79.5,0.5,0.145,0.2,1.369,1.4,below Mara's slope
P04803,C11,secondary main sewer,lateral,200,47.8,0.5,0.244,0.237,1.078,3.6,below Mara's slope
P04805,C01,secondary main sewer,lateral,200,206.3,0.5,0.359,0.268,0.903,6.5,below Mara's slope
P04806,C11,secondary main sewer,lateral,200,73.2,0.5,0.133,0.194,1.425,1.3,below Mara's slope
P04808,C01,secondary main sewer,lateral,200,32.0,0.5,0.095,0.174,1.663,0.7,below Mara's slope
P04810,C01,secondary header,sub main,400,452.0,0.205,5.241,0.406,0.262,147.0,below Mara's slope
P04811,C18,secondary main sewer,lateral,200,73.6,0.5,0.098,0.175,1.64,0.6,below Mara's slope
P04812,C18,secondary main sewer,lateral,200,94.1,0.5,0.124,0.189,1.474,0.9,below Mara's slope
P04813,C01,secondary main sewer,lateral,200,64.8,0.5,0.383,0.274,0.876,7.5,below Mara's slope
P04814,C01,secondary main sewer,lateral,200,44.9,0.5,0.402,0.278,0.856,8.1,below Mara's slope
P04815,C01,secondary main sewer,lateral,200,37.2,1.5,0.097,0.254,1.648,0.7,below Mara's slope
P04818,C01,secondary main sewer,lateral,200,70.2,0.5,0.247,0.238,1.072,3.5,below Mara's slope
P04819,C01,secondary main sewer,lateral,200,83.6,0.5,0.057,0.146,2.109,0.2,below Mara's slope
P04821,C01,secondary main sewer,lateral,200,68.1,0.5,0.23,0.232,1.107,2.4,below Mara's slope
P04822,C11,secondary main sewer,lateral,200,129.3,0.5,0.276,0.246,1.019,4.5,below Mara's slope
P04823,C11,secondary main sewer,lateral,200,63.5,0.5,1.185,0.39,0.52,36.8,below Mara's slope
P04824,C01,secondary header,sub main,200,136.8,0.5,0.511,0.3,0.767,10.1,below Mara's slope
P04825,C01,secondary header,sub main,200,132.2,0.5,0.626,0.32,0.699,12.9,below Mara's slope
P04826,C01,secondary main sewer,lateral,200,108.4,0.65,0.17,0.23,1.275,2.0,below Mara's slope
P04827,C01,secondary main sewer,lateral,200,68.9,1.15,0.044,0.176,2.387,0.1,below Mara's slope
P04828,C01,secondary main sewer,lateral,200,64.4,0.5,0.0,0.0,,0.0,no flow in 2030
P04829,C11,secondary header,sub main,200,42.2,0.5,0.424,0.283,0.836,8.2,below Mara's slope
P04831,C11,secondary header,sub main,200,152.6,1.75,0.057,0.224,2.103,0.2,below Mara's slope
P04832,C11,secondary header,sub main,200,47.7,0.7,0.536,0.342,0.751,9.5,below Mara's slope
P04833,C18,secondary main sewer,lateral,200,51.3,0.5,0.187,0.217,1.22,2.3,below Mara's slope
P04834,C01,secondary main sewer,lateral,200,97.2,0.5,0.208,0.225,1.16,2.0,below Mara's slope
P04836,C11,secondary header,sub main,200,36.3,0.6,0.524,0.322,0.758,9.2,below Mara's slope
P04837,C18,secondary main sewer,lateral,200,48.1,0.5,0.244,0.237,1.077,2.3,below Mara's slope
P04838,C18,secondary main sewer,lateral,200,43.3,0.5,0.251,0.239,1.065,2.4,below Mara's slope
P04839,C01,secondary main sewer,lateral,200,90.4,0.5,0.119,0.187,1.5,0.9,below Mara's slope
P04840,C01,secondary main sewer,lateral,200,86.3,0.5,0.168,0.21,1.279,1.6,below Mara's slope
P04841,C18,secondary main sewer,lateral,200,35.7,0.5,0.143,0.199,1.38,1.4,below Mara's slope
P04842,C01,secondary main sewer,lateral,200,203.1,1.45,0.117,0.267,1.515,0.9,below Mara's slope
P04843,C11,secondary header,sub main,200,72.5,0.5,0.721,0.334,0.654,18.7,below Mara's slope
P04844,C01,secondary main sewer,lateral,200,122.8,0.5,0.534,0.304,0.751,10.2,below Mara's slope
P04845,C01,secondary main sewer,lateral,200,152.2,0.5,0.562,0.309,0.734,11.0,below Mara's slope
P04846,C139,secondary header,sub main,200,193.9,0.5,0.272,0.245,1.025,3.6,below Mara's slope
P04848,C18,secondary main sewer,lateral,200,26.1,0.5,0.018,0.097,3.616,0.0,below Mara's slope
P04849,C01,secondary main sewer,lateral,200,53.8,2.7,0.0,0.0,,0.0,no flow in 2030
P04853,C11,secondary header,sub main,200,156.1,0.7,0.306,0.286,0.972,5.2,below Mara's slope
P04854,C11,secondary header,sub main,200,92.8,1.05,0.134,0.25,1.423,1.3,below Mara's slope
P04855,C11,secondary main sewer,lateral,200,55.3,0.5,0.139,0.197,1.4,1.4,below Mara's slope
P04856,C11,secondary main sewer,lateral,200,90.6,0.5,0.092,0.172,1.69,0.6,below Mara's slope
P04857,C11,secondary main sewer,lateral,200,43.0,0.5,0.379,0.273,0.88,6.5,below Mara's slope
P04858,C11,secondary main sewer,lateral,200,62.2,0.5,0.379,0.273,0.88,6.5,below Mara's slope
P04859,C01,secondary main sewer,lateral,200,72.0,0.5,0.26,0.242,1.047,2.7,below Mara's slope
P04863,C01,secondary main sewer,lateral,200,96.1,0.5,0.553,0.307,0.74,11.5,below Mara's slope
P04864,C01,secondary main sewer,lateral,200,30.7,0.5,0.165,0.208,1.291,1.9,below Mara's slope
P04865,C01,secondary main sewer,lateral,200,63.2,0.5,0.174,0.212,1.262,2.0,below Mara's slope
P04867,C01,secondary main sewer,lateral,200,44.9,0.5,0.3,0.253,0.98,4.4,below Mara's slope
P04868,C01,secondary main sewer,lateral,200,214.5,0.5,0.37,0.27,0.891,6.0,below Mara's slope
P04870,C11,secondary main sewer,lateral,200,67.2,0.5,0.345,0.265,0.919,5.7,below Mara's slope
P04872,C01,secondary header,sub main,400,118.1,0.205,5.698,0.416,0.252,159.8,below Mara's slope
P04874,C01,secondary main sewer,lateral,200,122.0,0.5,0.364,0.269,0.896,5.5,below Mara's slope
P04875,C11,secondary main sewer,lateral,200,272.4,0.85,0.292,0.301,0.993,4.8,below Mara's slope
P04877,C01,secondary main sewer,lateral,200,69.9,0.5,0.467,0.291,0.8,7.5,below Mara's slope
P04879,C11,secondary main sewer,lateral,200,51.3,0.5,0.652,0.324,0.685,16.6,below Mara's slope
P04880,C11,secondary header,sub main,200,20.8,0.55,0.306,0.263,0.972,5.2,below Mara's slope
P04882,C01,secondary main sewer,lateral,200,101.1,0.5,0.572,0.311,0.728,11.3,below Mara's slope
P04883,C01,secondary header,sub main,400,44.4,0.205,5.878,0.42,0.249,163.0,below Mara's slope
P04884,C01,secondary main sewer,lateral,200,38.8,0.5,0.194,0.22,1.198,2.5,below Mara's slope
P04886,C11,secondary header,sub main,200,65.9,0.5,0.721,0.334,0.654,18.7,below Mara's slope
P04887,C11,secondary main sewer,lateral,200,45.1,0.5,0.335,0.262,0.932,6.0,below Mara's slope
P04890,C01,secondary main sewer,lateral,200,272.9,0.5,0.479,0.294,0.79,10.1,below Mara's slope
P04891,C11,secondary main sewer,lateral,200,76.5,0.5,0.864,0.354,0.602,22.3,below Mara's slope
P04892,C11,secondary main sewer,lateral,200,48.0,0.5,0.831,0.349,0.613,21.0,below Mara's slope
P04893,C18,secondary main sewer,lateral,200,117.0,0.65,0.276,0.27,1.018,3.1,below Mara's slope
P04895,C11,secondary main sewer,lateral,200,42.2,0.5,0.735,0.336,0.649,17.2,below Mara's slope
P04896,C01,secondary main sewer,lateral,200,154.6,0.5,0.543,0.306,0.746,11.4,below Mara's slope
P04899,C01,secondary main sewer,lateral,200,84.5,0.5,0.65,0.323,0.687,13.6,below Mara's slope
P04900,C154,secondary header,sub main,200,91.1,0.5,0.142,0.198,1.382,1.2,below Mara's slope
P04902,C11,secondary main sewer,lateral,200,80.8,0.5,0.107,0.18,1.58,0.7,below Mara's slope
P04903,C11,secondary main sewer,lateral,200,45.4,0.5,0.237,0.234,1.093,3.0,below Mara's slope
P04904,C04,secondary main sewer,lateral,200,174.1,0.5,0.151,0.202,1.347,2.2,below Mara's slope
P04905,C01,secondary main sewer,lateral,200,98.3,0.5,0.467,0.291,0.8,7.5,below Mara's slope
P04906,C01,secondary main sewer,lateral,200,30.2,0.5,0.127,0.191,1.456,1.2,below Mara's slope
P04908,C01,secondary header,sub main,400,68.9,0.205,7.951,0.459,0.216,225.3,below Mara's slope
P04912,C18,secondary main sewer,lateral,200,102.8,0.5,0.354,0.267,0.908,5.6,below Mara's slope
P04914,C01,secondary main sewer,lateral,200,127.4,0.5,0.506,0.299,0.77,8.8,below Mara's slope
P04915,C01,secondary main sewer,lateral,200,61.9,0.5,0.413,0.28,0.846,8.1,below Mara's slope
P04917,C01,secondary main sewer,lateral,200,29.7,0.5,0.601,0.316,0.711,12.1,below Mara's slope
P04920,C01,secondary main sewer,lateral,200,73.3,0.5,0.231,0.232,1.107,3.3,below Mara's slope
P04921,C18,secondary header,sub main,200,13.9,0.5,0.526,0.303,0.757,11.0,below Mara's slope
P04922,C154,secondary header,sub main,200,86.3,0.8,0.226,0.272,1.116,2.6,below Mara's slope
P04923,C01,secondary header,sub main,400,54.6,0.205,8.144,0.463,0.214,232.1,below Mara's slope
P04925,C11,secondary main sewer,lateral,200,41.6,0.5,0.095,0.174,1.663,0.7,below Mara's slope
P04926,C11,secondary main sewer,lateral,200,41.5,0.5,0.248,0.238,1.07,3.8,below Mara's slope
P04928,C11,secondary main sewer,lateral,200,41.3,0.5,0.431,0.284,0.829,7.9,below Mara's slope
P04929,C11,secondary main sewer,lateral,200,22.1,0.5,0.127,0.191,1.456,1.2,below Mara's slope
P04931,C01,secondary main sewer,lateral,200,92.4,0.5,0.29,0.25,0.995,4.9,below Mara's slope
P04932,C11,secondary main sewer,lateral,200,40.4,0.5,0.184,0.216,1.228,2.0,below Mara's slope
P04933,C01,secondary main sewer,lateral,200,76.6,0.5,0.226,0.231,1.117,3.1,below Mara's slope
P04935,C01,secondary main sewer,lateral,200,39.2,0.5,0.209,0.225,1.159,2.8,below Mara's slope
P04936,C11,secondary main sewer,lateral,200,56.8,0.95,0.008,0.089,5.337,0.0,below Mara's slope
P04937,C18,secondary header,sub main,200,26.6,0.5,0.526,0.303,0.757,11.0,below Mara's slope
P04938,C18,secondary main sewer,lateral,200,27.7,0.6,0.0,0.0,,0.0,no flow in 2030
P04939,C11,secondary header,sub main,200,84.2,0.5,0.868,0.354,0.601,25.0,below Mara's slope
P04940,C11,secondary header,sub main,200,105.1,0.5,0.303,0.254,0.975,5.2,below Mara's slope
P04945,C11,secondary main sewer,lateral,200,7.1,0.5,0.094,0.173,1.67,0.7,below Mara's slope
P04946,C01,secondary main sewer,lateral,200,74.6,0.5,0.734,0.336,0.649,16.3,below Mara's slope
P04947,C01,secondary main sewer,lateral,200,74.6,0.5,0.745,0.338,0.645,16.7,below Mara's slope
P04948,C01,secondary main sewer,lateral,200,110.5,0.5,0.453,0.289,0.811,8.3,below Mara's slope
P04949,C18,secondary main sewer,lateral,200,48.9,1.1,0.145,0.261,1.371,1.5,below Mara's slope
P04952,C11,secondary main sewer,lateral,200,19.6,0.5,0.036,0.125,2.603,0.1,below Mara's slope
P04953,C01,secondary header,sub main,200,73.0,0.5,0.279,0.247,1.014,4.5,below Mara's slope
P04954,C01,secondary main sewer,lateral,200,22.5,0.5,0.133,0.194,1.425,1.3,below Mara's slope
P04955,C01,secondary main sewer,lateral,200,99.4,0.5,0.305,0.254,0.972,4.9,below Mara's slope
P04956,C11,secondary main sewer,lateral,200,21.0,0.5,0.086,0.168,1.742,0.6,below Mara's slope
P04957,C11,secondary main sewer,lateral,200,34.1,0.5,0.167,0.209,1.283,1.9,below Mara's slope
P04958,C01,secondary main sewer,lateral,200,120.5,0.5,0.192,0.219,1.204,2.4,below Mara's slope
P04960,C11,secondary main sewer,lateral,200,77.2,0.5,0.12,0.187,1.498,1.0,below Mara's slope
P04961,C11,secondary main sewer,lateral,200,46.1,0.5,0.102,0.177,1.615,0.8,below Mara's slope
P04962,C01,secondary main sewer,lateral,200,95.3,0.5,0.198,0.221,1.187,2.2,below Mara's slope
P04963,C131,secondary header,sub main,200,261.9,0.5,0.162,0.207,1.301,2.0,below Mara's slope
P04966,C01,secondary main sewer,lateral,200,39.9,0.5,0.99,0.369,0.565,25.1,below Mara's slope
P04967,C01,secondary main sewer,lateral,200,44.9,0.5,0.996,0.369,0.564,25.3,below Mara's slope
P04968,C01,secondary main sewer,lateral,200,163.7,0.5,1.215,0.393,0.515,34.1,below Mara's slope
P04969,C01,secondary main sewer,lateral,200,178.6,0.5,1.203,0.392,0.517,33.6,below Mara's slope
P04970,C01,secondary main sewer,lateral,200,133.9,0.5,1.157,0.387,0.526,31.9,below Mara's slope
P04972,C11,secondary header,sub main,200,120.3,0.5,1.119,0.383,0.534,35.3,below Mara's slope
P04973,C18,secondary header,sub main,200,60.4,0.5,0.533,0.304,0.752,11.2,below Mara's slope
P04974,C216,secondary header,sub main,200,438.5,1.2,0.005,0.079,6.757,0.0,below Mara's slope
P04977,C11,secondary main sewer,lateral,200,15.0,0.5,0.044,0.133,2.387,0.1,below Mara's slope
P04979,C11,secondary main sewer,lateral,200,266.1,0.5,0.429,0.284,0.832,8.0,below Mara's slope
P04980,C131,secondary header,sub main,200,272.4,0.5,0.349,0.266,0.914,7.5,below Mara's slope
P04981,C01,secondary main sewer,lateral,200,61.0,0.5,0.241,0.236,1.086,3.5,below Mara's slope
P04982,C01,secondary main sewer,lateral,200,45.7,0.5,0.115,0.185,1.528,0.9,below Mara's slope
P04983,C01,secondary header,sub main,500,193.5,0.155,8.876,0.418,0.206,257.3,below Mara's slope
P04986,C03,secondary header,sub main,200,235.8,0.5,0.719,0.334,0.655,15.5,below Mara's slope
P04987,C03,secondary header,sub main,200,34.9,0.5,0.719,0.334,0.655,15.5,below Mara's slope
P04988,C11,secondary main sewer,lateral,200,63.9,0.5,0.117,0.186,1.511,0.9,below Mara's slope
P04989,C18,secondary main sewer,lateral,200,67.9,0.5,0.091,0.171,1.701,0.5,below Mara's slope
P04991,C11,secondary header,sub main,200,146.5,0.5,0.879,0.355,0.597,24.9,below Mara's slope
P04992,C01,secondary header,sub main,200,218.4,0.5,1.104,0.381,0.538,31.6,below Mara's slope
P04994,C11,secondary main sewer,lateral,200,44.9,0.5,0.164,0.208,1.297,1.9,below Mara's slope
P04995,C01,secondary main sewer,lateral,200,134.7,0.5,0.167,0.209,1.285,1.9,below Mara's slope
P04996,C78,secondary main sewer,lateral,200,43.4,0.5,0.224,0.23,1.123,3.2,below Mara's slope
P05000,C252,secondary main sewer,lateral,200,26.3,0.7,0.348,0.298,0.916,6.1,below Mara's slope
P05001,C18,secondary header,sub main,200,74.0,0.5,0.536,0.304,0.75,11.3,below Mara's slope
P05002,C01,secondary main sewer,lateral,200,74.8,0.5,0.408,0.279,0.851,7.9,below Mara's slope
P05004,C01,secondary main sewer,lateral,200,84.4,0.5,0.259,0.241,1.049,3.8,below Mara's slope
P05005,C01,secondary main sewer,lateral,200,44.7,0.5,0.282,0.248,1.008,4.4,below Mara's slope
P05006,C01,secondary header,sub main,500,117.9,0.155,9.308,0.424,0.201,271.9,below Mara's slope
P05009,C03,secondary main sewer,lateral,200,1135.6,0.5,1.047,0.375,0.551,31.6,below Mara's slope
P05010,C01,secondary main sewer,lateral,200,199.2,0.5,0.332,0.261,0.936,5.8,below Mara's slope
P05013,C11,secondary main sewer,lateral,200,16.8,0.5,0.057,0.146,2.108,0.2,below Mara's slope
P05015,C01,secondary main sewer,lateral,200,141.9,0.5,0.667,0.326,0.678,16.4,below Mara's slope
P05016,C01,secondary main sewer,lateral,200,44.1,0.5,0.61,0.317,0.707,14.4,below Mara's slope
P05017,C01,secondary main sewer,lateral,200,78.1,0.5,0.572,0.311,0.728,13.1,below Mara's slope
P05021,C11,secondary header,sub main,200,85.1,0.5,1.127,0.384,0.533,31.3,below Mara's slope
P05022,C11,secondary main sewer,lateral,200,46.1,0.5,0.187,0.217,1.22,2.1,below Mara's slope
P05023,C18,secondary main sewer,lateral,200,93.5,0.5,0.181,0.215,1.238,1.8,below Mara's slope
P05024,C18,secondary main sewer,lateral,200,42.2,1.25,0.151,0.277,1.346,1.4,below Mara's slope
P05026,C252,secondary main sewer,lateral,200,26.6,0.5,0.19,0.218,1.209,2.4,below Mara's slope
P05027,C252,secondary main sewer,lateral,200,75.5,0.65,0.354,0.292,0.909,6.2,below Mara's slope
P05028,C18,secondary header,sub main,200,42.9,0.5,0.736,0.336,0.648,18.4,below Mara's slope
P05029,C18,secondary header,sub main,200,70.5,0.5,0.624,0.319,0.7,14.4,below Mara's slope
P05031,C01,secondary main sewer,lateral,200,75.2,0.5,0.605,0.316,0.71,12.1,below Mara's slope
P05032,C18,secondary main sewer,lateral,200,85.5,0.5,0.195,0.22,1.197,2.5,below Mara's slope
P05033,C154,secondary header,sub main,200,44.4,0.5,0.271,0.245,1.027,3.6,below Mara's slope
P05035,C01,secondary main sewer,lateral,200,60.0,0.5,0.1,0.176,1.63,0.6,below Mara's slope
P05037,C01,secondary main sewer,lateral,200,40.0,0.5,0.08,0.164,1.806,0.4,below Mara's slope
P05040,C01,secondary main sewer,lateral,200,49.9,0.5,0.185,0.216,1.227,1.9,below Mara's slope
P05041,C01,secondary main sewer,lateral,200,59.8,0.5,0.174,0.212,1.261,1.7,below Mara's slope
P05042,C01,secondary main sewer,lateral,200,134.8,0.5,0.142,0.198,1.385,1.2,below Mara's slope
P05044,C01,secondary main sewer,lateral,200,82.0,0.5,0.472,0.292,0.795,10.1,below Mara's slope
P05045,C01,secondary main sewer,lateral,200,48.9,0.5,0.568,0.31,0.731,10.8,below Mara's slope
P05046,C207,secondary main sewer,lateral,200,182.0,0.6,0.111,0.194,1.553,0.9,below Mara's slope
P05047,C18,secondary main sewer,lateral,200,96.6,0.5,0.057,0.146,2.112,0.0,below Mara's slope
P05049,C03,secondary header,sub main,200,144.5,0.5,0.481,0.294,0.788,7.3,below Mara's slope
P05050,C78,secondary main sewer,lateral,200,24.7,0.5,0.682,0.328,0.671,14.5,below Mara's slope
P05051,C01,secondary header,sub main,200,68.6,0.5,0.389,0.275,0.87,7.7,below Mara's slope
P05052,C01,secondary header,sub main,200,117.7,0.5,0.428,0.283,0.833,8.9,below Mara's slope
P05056,C01,secondary header,sub main,500,196.5,0.155,9.443,0.426,0.2,275.5,below Mara's slope
P05058,C01,secondary main sewer,lateral,200,90.4,0.5,0.08,0.164,1.806,0.4,below Mara's slope
P05059,C01,secondary main sewer,lateral,200,35.0,0.5,0.092,0.171,1.692,0.6,below Mara's slope
P05062,C01,secondary main sewer,lateral,200,80.9,0.5,0.789,0.344,0.628,19.0,below Mara's slope
P05064,C78,secondary header,sub main,200,30.3,0.5,0.275,0.246,1.02,4.4,below Mara's slope
P05065,C01,secondary main sewer,lateral,200,68.7,0.5,0.227,0.231,1.116,3.2,below Mara's slope
P05066,C78,secondary main sewer,lateral,200,39.5,0.5,0.219,0.228,1.134,0.7,below Mara's slope
P05069,C01,secondary main sewer,lateral,200,101.3,0.5,1.027,0.373,0.556,27.8,below Mara's slope
P05070,C11,secondary main sewer,lateral,200,58.1,0.9,0.246,0.29,1.075,1.8,below Mara's slope
P05071,C11,secondary main sewer,lateral,200,84.0,0.5,0.177,0.213,1.251,2.1,below Mara's slope
P05073,C18,secondary main sewer,lateral,200,88.5,0.5,0.086,0.168,1.741,0.5,below Mara's slope
P05074,C18,secondary main sewer,lateral,200,19.5,9.2,0.0,0.0,,0.0,no flow in 2030
P05075,C18,secondary header,sub main,200,81.1,0.5,1.177,0.389,0.522,35.4,below Mara's slope
P05076,C11,secondary main sewer,lateral,200,155.1,0.5,0.172,0.211,1.268,1.8,below Mara's slope
P05077,C11,secondary main sewer,lateral,200,49.1,0.5,0.187,0.217,1.219,1.9,below Mara's slope
P05082,C11,secondary main sewer,lateral,200,79.9,0.5,0.168,0.209,1.282,1.9,below Mara's slope
P05083,C11,secondary main sewer,lateral,200,87.1,0.5,0.255,0.24,1.057,3.9,below Mara's slope
P05085,C79,secondary main sewer,lateral,200,136.9,0.9,0.064,0.185,2.003,0.4,below Mara's slope
P05086,C79,secondary main sewer,lateral,200,73.1,0.5,0.058,0.146,2.098,0.3,below Mara's slope
P05087,C11,secondary main sewer,lateral,200,87.1,0.5,0.16,0.206,1.309,1.7,below Mara's slope
P05088,C01,secondary main sewer,lateral,200,64.1,0.5,0.098,0.175,1.645,0.6,below Mara's slope
P05089,C01,secondary main sewer,lateral,200,39.5,0.5,0.098,0.175,1.645,0.6,below Mara's slope
P05090,C01,secondary main sewer,lateral,200,362.6,0.5,0.239,0.235,1.088,2.9,below Mara's slope
P05091,C01,secondary main sewer,lateral,200,114.3,0.5,0.148,0.201,1.357,1.3,below Mara's slope
P05092,C01,secondary main sewer,lateral,200,59.6,0.5,0.098,0.175,1.645,0.6,below Mara's slope
P05095,C01,secondary header,sub main,500,85.5,0.155,11.94,0.457,0.179,359.4,below Mara's slope
P05097,C03,secondary main sewer,lateral,200,144.0,0.5,1.052,0.376,0.55,31.8,below Mara's slope
P05099,C03,secondary main sewer,lateral,200,107.8,0.5,0.442,0.286,0.82,7.3,below Mara's slope
P05100,C01,secondary main sewer,lateral,200,26.2,0.5,0.251,0.239,1.064,3.7,below Mara's slope
P05101,C01,secondary main sewer,lateral,200,70.8,0.5,0.225,0.23,1.12,0.6,below Mara's slope
P05102,C18,secondary main sewer,lateral,200,31.2,0.5,0.374,0.271,0.886,6.9,below Mara's slope
P05103,C18,secondary main sewer,lateral,200,168.9,0.55,0.223,0.237,1.124,2.9,below Mara's slope
P05104,C01,secondary main sewer,lateral,200,179.1,0.5,0.174,0.212,1.261,1.7,below Mara's slope
P05105,C01,secondary main sewer,lateral,200,353.3,0.5,0.13,0.192,1.443,1.0,below Mara's slope
P05106,C207,secondary main sewer,lateral,200,110.2,0.5,0.296,0.252,0.986,3.6,below Mara's slope
P05107,C78,secondary header,sub main,200,82.4,0.5,0.558,0.308,0.736,13.0,below Mara's slope
P05108,C78,secondary main sewer,lateral,200,125.8,0.5,0.682,0.328,0.671,14.5,below Mara's slope
P05109,C11,secondary main sewer,lateral,200,81.7,0.5,0.414,0.28,0.845,6.5,below Mara's slope
P05110,C79,secondary main sewer,lateral,200,90.9,0.5,0.122,0.188,1.487,1.3,below Mara's slope
P05111,C79,secondary main sewer,lateral,200,22.4,0.5,0.039,0.128,2.512,0.1,below Mara's slope
P05112,C79,secondary main sewer,lateral,200,97.5,1.35,0.087,0.236,1.734,0.7,below Mara's slope
P05114,C03,secondary main sewer,lateral,200,85.0,0.5,0.1,0.177,1.625,0.8,below Mara's slope
P05115,C85,secondary header,sub main,200,32.4,0.5,0.222,0.229,1.127,1.8,below Mara's slope
P05117,C78,secondary header,sub main,200,72.0,0.8,0.337,0.309,0.93,6.2,below Mara's slope
P05118,C79,secondary main sewer,lateral,200,33.1,0.5,0.161,0.206,1.307,2.0,below Mara's slope
P05119,C18,secondary main sewer,lateral,200,43.4,0.5,0.196,0.22,1.194,2.5,below Mara's slope
P05120,C18,secondary main sewer,lateral,200,211.5,0.55,0.556,0.318,0.738,12.6,below Mara's slope
P05121,C207,secondary main sewer,lateral,200,68.8,0.5,0.236,0.234,1.096,2.1,below Mara's slope
P05122,C207,secondary main sewer,lateral,200,165.0,0.5,0.236,0.234,1.096,2.1,below Mara's slope
P05123,C11,secondary main sewer,lateral,200,118.7,0.5,0.351,0.266,0.912,6.0,below Mara's slope
P05124,C03,secondary main sewer,lateral,200,27.7,0.75,0.039,0.148,2.497,0.1,below Mara's slope
P05125,C79,secondary main sewer,lateral,200,121.9,0.5,0.098,0.175,1.644,0.9,below Mara's slope
P05126,C18,secondary main sewer,lateral,200,87.3,0.5,0.5,0.298,0.775,10.7,below Mara's slope
P05127,C18,secondary main sewer,lateral,200,168.9,0.5,0.192,0.219,1.204,2.2,below Mara's slope
P05128,C85,secondary main sewer,lateral,200,57.0,0.7,0.086,0.188,1.742,0.6,below Mara's slope
P05133,C11,secondary main sewer,lateral,200,92.9,0.5,0.356,0.267,0.906,6.6,below Mara's slope
P05135,C11,secondary header,sub main,200,389.9,0.55,0.817,0.359,0.618,20.8,below Mara's slope
P05140,C148,secondary main sewer,lateral,200,95.1,0.7,0.507,0.336,0.77,13.8,below Mara's slope
P05141,C148,secondary main sewer,lateral,200,104.8,0.5,0.64,0.322,0.691,19.5,below Mara's slope
P05143,C85,secondary main sewer,lateral,200,29.4,0.5,0.127,0.191,1.456,1.2,below Mara's slope
P05144,C03,secondary main sewer,lateral,200,91.7,0.5,1.075,0.378,0.544,32.8,below Mara's slope
P05146,C11,secondary header,sub main,200,185.1,0.5,1.187,0.39,0.52,33.7,below Mara's slope
P05147,C03,secondary main sewer,lateral,200,290.2,0.6,0.094,0.184,1.675,0.7,below Mara's slope
P05148,C01,secondary main sewer,lateral,200,54.7,11.05,0.0,0.0,,0.0,no flow in 2030
P05149,C11,secondary main sewer,lateral,200,32.3,0.5,0.048,0.138,2.283,0.2,below Mara's slope
P05150,C11,secondary main sewer,lateral,200,142.2,0.95,0.224,0.287,1.122,3.1,below Mara's slope
P05152,C03,secondary main sewer,lateral,200,69.5,1.45,0.101,0.254,1.62,0.6,below Mara's slope
P05154,C85,secondary main sewer,lateral,200,29.5,0.5,0.164,0.208,1.294,1.9,below Mara's slope
P05156,C85,secondary main sewer,lateral,200,52.8,0.5,0.268,0.244,1.034,4.3,below Mara's slope
P05157,C01,secondary header,sub main,500,183.6,0.155,12.849,0.466,0.173,391.0,below Mara's slope
P05158,C11,secondary header,sub main,200,232.5,0.9,0.039,0.156,2.521,0.1,below Mara's slope
P05159,C11,secondary header,sub main,200,82.4,0.5,0.361,0.269,0.9,6.2,below Mara's slope
P05161,C85,secondary main sewer,lateral,200,49.4,0.5,0.275,0.246,1.02,4.4,below Mara's slope
P05162,C85,secondary main sewer,lateral,200,44.2,0.5,0.268,0.244,1.034,4.3,below Mara's slope
P05163,C79,secondary header,sub main,200,81.9,0.5,0.168,0.21,1.28,2.2,below Mara's slope
P05164,C03,secondary main sewer,lateral,200,78.9,0.5,0.263,0.243,1.041,4.0,below Mara's slope
P05165,C18,secondary main sewer,lateral,200,106.1,0.5,0.646,0.323,0.689,15.8,below Mara's slope
P05167,C79,secondary main sewer,lateral,200,124.5,0.5,0.15,0.202,1.348,1.9,below Mara's slope
P05168,C79,secondary main sewer,lateral,200,110.3,0.5,0.095,0.174,1.665,0.8,below Mara's slope
P05171,C85,secondary main sewer,lateral,200,23.8,0.5,0.421,0.282,0.838,8.7,below Mara's slope
P05172,C20,secondary main sewer,lateral,200,85.6,0.5,0.083,0.166,1.769,0.5,below Mara's slope
P05174,C03,secondary main sewer,lateral,200,97.5,0.5,0.099,0.176,1.635,0.8,below Mara's slope
P05175,C85,secondary header,sub main,200,24.9,0.5,1.06,0.377,0.548,31.7,below Mara's slope
P05177,C01,secondary header,sub main,200,183.5,0.5,0.504,0.299,0.772,8.1,below Mara's slope
P05178,C11,secondary header,sub main,200,259.0,0.5,0.52,0.302,0.761,11.2,below Mara's slope
P05179,C11,secondary header,sub main,200,88.4,0.5,1.022,0.372,0.557,29.3,below Mara's slope
P05181,C85,secondary main sewer,lateral,200,16.5,0.5,0.403,0.278,0.855,8.1,below Mara's slope
P05182,C11,secondary header,sub main,200,84.8,0.5,1.128,0.384,0.532,33.7,below Mara's slope
P05183,C11,secondary header,sub main,200,91.4,0.5,1.277,0.399,0.503,40.2,below Mara's slope
P05185,C85,secondary main sewer,lateral,200,48.4,0.7,0.532,0.341,0.753,12.4,below Mara's slope
P05187,C11,secondary main sewer,lateral,200,37.8,0.5,0.0,0.0,,0.0,no flow in 2030
P05190,C85,secondary main sewer,lateral,200,25.0,0.5,0.101,0.177,1.617,0.6,below Mara's slope
P05191,C85,secondary header,sub main,200,35.4,0.5,1.109,0.382,0.537,33.5,below Mara's slope
P05193,C11,secondary main sewer,lateral,200,80.4,1.1,0.188,0.285,1.215,2.1,below Mara's slope
P05194,C85,secondary main sewer,lateral,200,25.5,0.5,0.101,0.177,1.62,0.6,below Mara's slope
P05195,C85,secondary main sewer,lateral,200,22.4,0.5,0.142,0.198,1.384,1.3,below Mara's slope
P05196,C85,secondary main sewer,lateral,200,48.0,0.5,0.086,0.168,1.742,0.6,below Mara's slope
P05197,C01,secondary main sewer,lateral,200,27.8,0.5,0.199,0.221,1.186,1.3,below Mara's slope
P05198,C85,secondary main sewer,lateral,200,92.1,1.45,0.0,0.0,,0.0,no flow in 2030
P05199,C11,secondary main sewer,lateral,200,51.5,0.5,0.0,0.0,,0.0,no flow in 2030
P05200,C11,secondary header,sub main,200,70.5,1.7,0.0,0.0,,0.0,no flow in 2030
P05204,C11,secondary main sewer,lateral,200,123.0,1.3,0.086,0.233,1.742,0.6,below Mara's slope
P05205,C85,secondary main sewer,lateral,200,22.3,0.5,0.047,0.137,2.304,0.0,below Mara's slope
P05206,C01,secondary header,sub main,200,540.9,0.6,0.576,0.332,0.726,11.1,below Mara's slope
P05207,C01,secondary header,sub main,200,110.6,0.5,1.279,0.399,0.502,31.8,below Mara's slope
P05208,C79,secondary main sewer,lateral,200,58.3,0.5,0.198,0.221,1.188,3.0,below Mara's slope
P05209,C79,secondary header,sub main,200,195.9,0.5,0.191,0.218,1.208,2.7,below Mara's slope
P05210,C03,secondary main sewer,lateral,200,82.7,0.5,0.216,0.227,1.142,2.9,below Mara's slope
P05211,C85,secondary main sewer,lateral,200,21.7,0.5,0.091,0.171,1.701,0.7,below Mara's slope
P05212,C11,secondary main sewer,lateral,200,147.1,0.5,0.66,0.325,0.682,15.6,below Mara's slope
P05213,C11,secondary main sewer,lateral,200,43.6,0.65,0.481,0.322,0.789,10.6,below Mara's slope
P05214,C11,secondary header,sub main,200,8.6,1.2,0.127,0.258,1.456,1.2,below Mara's slope
P05215,C85,secondary main sewer,lateral,200,77.4,1.15,0.2,0.295,1.183,2.4,below Mara's slope
P05216,C85,secondary main sewer,lateral,200,53.7,1.55,0.0,0.0,,0.0,no flow in 2030
P05217,C85,secondary main sewer,lateral,200,30.6,0.5,0.2,0.222,1.183,2.4,below Mara's slope
P05218,C01,secondary main sewer,lateral,200,598.7,0.5,0.5,0.298,0.775,9.9,below Mara's slope
P05220,C03,secondary main sewer,lateral,200,159.9,0.5,1.188,0.39,0.52,37.5,below Mara's slope
P05221,C03,secondary main sewer,lateral,200,84.8,0.5,0.165,0.208,1.292,2.0,below Mara's slope
P05223,C11,secondary main sewer,lateral,200,92.8,0.5,0.086,0.168,1.742,0.6,below Mara's slope
P05225,C85,secondary main sewer,lateral,200,15.2,0.7,0.352,0.299,0.911,4.9,below Mara's slope
P05226,C11,secondary main sewer,lateral,200,56.7,1.15,0.197,0.294,1.191,2.5,below Mara's slope
P05227,C11,secondary main sewer,lateral,200,44.8,0.5,0.275,0.246,1.021,4.4,below Mara's slope
P05228,C11,secondary main sewer,lateral,200,152.5,0.65,0.645,0.354,0.689,16.4,below Mara's slope
P05229,C79,secondary main sewer,lateral,200,134.0,0.5,0.098,0.175,1.641,0.9,below Mara's slope
P05230,C79,secondary header,sub main,200,90.7,0.5,0.31,0.256,0.966,6.1,below Mara's slope
P05231,C11,secondary main sewer,lateral,200,20.4,0.5,0.132,0.193,1.431,0.0,below Mara's slope
P05232,C20,secondary main sewer,lateral,200,76.8,0.5,0.192,0.219,1.205,2.0,below Mara's slope
P05235,C11,secondary main sewer,lateral,200,99.6,0.6,0.318,0.275,0.955,4.3,below Mara's slope
P05236,C01,secondary main sewer,lateral,200,210.0,0.5,0.094,0.173,1.671,0.6,below Mara's slope
P05240,C85,secondary header,sub main,200,63.4,0.5,0.493,0.297,0.78,9.2,below Mara's slope
P05241,C85,secondary main sewer,lateral,200,31.8,0.5,0.392,0.276,0.866,6.1,below Mara's slope
P05242,C18,secondary main sewer,lateral,200,212.7,0.5,0.332,0.261,0.935,5.8,below Mara's slope
P05243,C11,secondary header,sub main,200,102.0,0.55,0.264,0.251,1.039,4.1,below Mara's slope
P05246,C11,secondary main sewer,lateral,200,39.1,0.5,0.508,0.299,0.769,10.2,below Mara's slope
P05248,C11,secondary main sewer,lateral,200,23.7,0.5,0.164,0.208,1.296,1.9,below Mara's slope
P05249,C11,secondary main sewer,lateral,200,14.2,0.5,0.0,0.0,,0.0,no flow in 2030
P05250,C11,secondary main sewer,lateral,200,78.8,0.5,0.614,0.318,0.705,10.3,below Mara's slope
P05252,C11,secondary main sewer,lateral,200,109.0,0.5,0.297,0.252,0.984,2.4,below Mara's slope
P05254,C11,secondary main sewer,lateral,200,37.3,0.75,0.267,0.28,1.034,4.3,below Mara's slope
P05257,C79,secondary header,sub main,200,82.1,0.5,0.352,0.266,0.911,7.5,below Mara's slope
P05258,C79,secondary main sewer,lateral,200,108.4,0.65,0.088,0.185,1.728,0.7,below Mara's slope
P05259,C18,secondary main sewer,lateral,200,59.9,0.5,0.576,0.311,0.726,13.0,below Mara's slope
P05262,C11,secondary header,sub main,200,331.1,0.5,0.099,0.176,1.637,0.7,below Mara's slope
P05263,C01,secondary main sewer,lateral,200,39.3,0.5,0.445,0.287,0.818,8.7,below Mara's slope
P05265,C11,secondary main sewer,lateral,200,35.8,0.5,0.127,0.191,1.456,1.2,below Mara's slope
P05266,C11,secondary main sewer,lateral,200,47.7,0.5,0.132,0.193,1.431,0.0,below Mara's slope
P05267,C11,secondary main sewer,lateral,200,36.7,0.85,0.399,0.333,0.86,8.0,below Mara's slope
P05271,C85,secondary main sewer,lateral,200,15.3,1.3,0.0,0.0,,0.0,no flow in 2030
P05273,C18,secondary header,sub main,200,291.2,0.5,0.883,0.356,0.596,23.4,below Mara's slope
P05274,C18,secondary main sewer,lateral,200,173.1,0.5,0.709,0.332,0.659,16.6,below Mara's slope
P05275,C18,secondary header,sub main,200,41.6,0.5,0.851,0.352,0.606,22.1,below Mara's slope
P05276,C18,secondary header,sub main,200,99.9,0.65,0.295,0.275,0.989,4.9,below Mara's slope
P05280,C18,secondary header,sub main,200,97.3,0.7,0.134,0.218,1.422,1.2,below Mara's slope
P05281,C11,secondary main sewer,lateral,200,16.1,0.5,0.34,0.263,0.925,6.0,below Mara's slope
P05286,C20,secondary header,sub main,200,309.2,0.5,0.227,0.231,1.116,2.8,below Mara's slope
P05287,C20,secondary main sewer,lateral,200,252.2,0.5,0.229,0.232,1.11,2.8,below Mara's slope
P05288,C11,secondary main sewer,lateral,200,37.4,0.5,0.046,0.136,2.327,0.2,below Mara's slope
P05293,C11,secondary main sewer,lateral,200,68.4,0.5,0.137,0.196,1.406,1.4,below Mara's slope
P05299,C01,secondary header,sub main,200,102.9,0.5,0.807,0.346,0.621,14.6,below Mara's slope
P05300,C01,secondary header,sub main,200,69.7,0.5,0.942,0.363,0.579,20.0,below Mara's slope
P05301,C01,secondary header,sub main,200,179.3,0.5,0.912,0.36,0.587,18.8,below Mara's slope
P05302,C01,secondary header,sub main,200,174.3,0.5,0.908,0.359,0.588,18.7,below Mara's slope
P05303,C03,secondary header,sub main,200,258.8,0.5,0.591,0.314,0.717,13.2,below Mara's slope
P05304,C79,secondary header,sub main,200,161.2,0.5,0.397,0.277,0.862,9.0,below Mara's slope
P05305,C12,secondary main sewer,lateral,200,22.5,0.5,0.094,0.173,1.671,0.7,below Mara's slope
P05306,C12,secondary main sewer,lateral,200,50.9,0.7,0.195,0.247,1.195,2.5,below Mara's slope
P05307,C12,secondary main sewer,lateral,200,22.4,0.6,0.222,0.244,1.126,3.1,below Mara's slope
P05308,C12,secondary main sewer,lateral,200,27.4,0.5,0.255,0.24,1.056,3.7,below Mara's slope
P05310,C03,secondary main sewer,lateral,200,333.1,1.5,0.111,0.266,1.547,0.9,below Mara's slope
P05312,C12,secondary main sewer,lateral,200,70.6,2.35,0.028,0.192,2.926,0.1,below Mara's slope
P05317,C11,secondary main sewer,lateral,200,62.9,0.5,0.779,0.342,0.631,21.2,below Mara's slope
P05318,C11,secondary main sewer,lateral,200,58.6,0.5,0.845,0.351,0.608,23.8,below Mara's slope
P05319,C11,secondary main sewer,lateral,200,53.7,0.5,1.126,0.384,0.533,35.6,below Mara's slope
P05322,C12,secondary main sewer,lateral,200,49.0,1.05,0.255,0.31,1.056,3.7,below Mara's slope
P05323,C11,secondary main sewer,lateral,200,37.7,4.4,0.0,0.0,,0.0,no flow in 2030
P05324,C03,secondary main sewer,lateral,200,192.7,0.5,1.253,0.397,0.507,40.5,below Mara's slope
P05325,C11,secondary main sewer,lateral,200,50.8,0.85,0.337,0.315,0.929,5.9,below Mara's slope
P05327,C20,secondary header,sub main,200,798.5,0.5,0.167,0.209,1.283,1.9,below Mara's slope
P05328,C11,secondary header,sub main,200,29.2,0.5,1.042,0.375,0.552,32.2,below Mara's slope
P05330,C18,secondary main sewer,lateral,200,191.5,0.5,0.25,0.238,1.066,3.7,below Mara's slope
P05333,C20,secondary header,sub main,200,57.5,0.5,0.276,0.246,1.018,4.2,below Mara's slope
P05334,C01,secondary main sewer,lateral,200,64.7,0.5,0.759,0.34,0.639,18.6,below Mara's slope
P05335,C01,secondary main sewer,lateral,200,134.3,0.5,0.759,0.34,0.639,18.6,below Mara's slope
P05336,C01,secondary main sewer,lateral,200,49.8,0.5,0.436,0.285,0.825,9.2,below Mara's slope
P05338,C11,secondary main sewer,lateral,200,38.3,0.5,0.344,0.264,0.921,6.3,below Mara's slope
P05339,C18,secondary main sewer,lateral,200,79.2,0.5,0.166,0.209,1.287,1.9,below Mara's slope
P05340,C20,secondary main sewer,lateral,200,157.9,0.55,0.131,0.2,1.436,1.0,below Mara's slope
P05341,C20,secondary header,sub main,200,29.3,0.5,0.314,0.257,0.96,5.1,below Mara's slope
P05343,C18,secondary header,sub main,200,25.3,0.5,0.25,0.238,1.066,3.7,below Mara's slope
P05344,C79,secondary header,sub main,200,66.3,0.5,0.466,0.291,0.801,12.0,below Mara's slope
P05346,C03,secondary main sewer,lateral,200,300.2,0.5,0.109,0.182,1.562,1.0,below Mara's slope
P05349,C11,secondary header,sub main,200,224.2,1.55,0.047,0.2,2.304,0.0,below Mara's slope
P05351,C11,secondary main sewer,lateral,200,47.2,0.5,0.198,0.221,1.187,2.6,below Mara's slope
P05352,C11,secondary main sewer,lateral,200,27.9,0.5,0.091,0.171,1.702,0.7,below Mara's slope
P05354,C18,secondary header,sub main,200,114.2,0.5,0.778,0.342,0.632,20.2,below Mara's slope
P05356,C20,secondary main sewer,lateral,200,96.6,0.5,0.151,0.202,1.347,1.6,below Mara's slope
P05357,C20,secondary header,sub main,200,80.0,0.5,0.367,0.27,0.894,6.3,below Mara's slope
P05359,C03,secondary main sewer,lateral,200,74.8,0.5,0.086,0.168,1.742,0.6,below Mara's slope
P05362,C12,secondary main sewer,lateral,200,207.2,0.5,0.503,0.298,0.773,11.0,below Mara's slope
P05363,C18,secondary header,sub main,200,77.1,0.5,0.525,0.302,0.757,12.1,below Mara's slope
P05364,C18,secondary main sewer,lateral,200,42.6,0.5,0.441,0.286,0.821,9.3,below Mara's slope
P05365,C11,secondary main sewer,lateral,200,28.9,0.5,0.229,0.232,1.11,3.3,below Mara's slope
P05368,C11,secondary main sewer,lateral,200,24.7,0.5,0.169,0.21,1.276,2.0,below Mara's slope
P05372,C11,secondary main sewer,lateral,200,22.6,0.5,0.131,0.193,1.438,1.3,below Mara's slope
P05373,C11,secondary main sewer,lateral,200,100.7,0.65,0.218,0.25,1.137,3.0,below Mara's slope
P05374,C12,secondary main sewer,lateral,200,22.3,0.5,0.247,0.238,1.072,3.7,below Mara's slope
P05377,C12,secondary main sewer,lateral,200,92.3,0.5,0.298,0.252,0.983,3.8,below Mara's slope
P05379,C11,secondary main sewer,lateral,200,62.1,0.5,0.909,0.359,0.588,21.7,below Mara's slope
P05380,C01,secondary main sewer,lateral,200,48.0,0.5,0.243,0.236,1.08,3.7,below Mara's slope
P05381,C11,secondary main sewer,lateral,200,32.3,1.2,0.088,0.227,1.729,0.6,below Mara's slope
P05382,C12,secondary main sewer,lateral,200,19.9,0.5,0.134,0.195,1.42,1.3,below Mara's slope
P05383,C12,secondary main sewer,lateral,200,36.8,0.5,0.134,0.195,1.42,1.3,below Mara's slope
P05386,C03,secondary header,sub main,200,5.4,1.95,0.0,0.0,,0.0,no flow in 2030
P05387,C03,secondary header,sub main,200,514.0,0.5,0.0,0.0,,0.0,no flow in 2030
P05388,C12,secondary main sewer,lateral,200,19.0,0.5,0.0,0.0,,0.0,no flow in 2030
P05389,C11,secondary main sewer,lateral,200,53.3,1.4,0.128,0.272,1.452,1.2,below Mara's slope
P05390,C18,secondary header,sub main,200,94.5,0.5,0.262,0.242,1.043,3.9,below Mara's slope
P05391,C18,secondary main sewer,lateral,200,44.0,0.5,0.338,0.263,0.928,6.2,below Mara's slope
P05392,C18,secondary main sewer,lateral,200,48.1,0.8,0.364,0.317,0.897,5.6,below Mara's slope
P05393,C11,secondary main sewer,lateral,200,31.7,1.6,0.0,0.0,,0.0,no flow in 2030
P05394,C18,secondary header,sub main,200,39.7,1.35,0.127,0.268,1.456,1.2,below Mara's slope
P05395,C12,secondary main sewer,lateral,200,24.9,1.35,0.0,0.0,,0.0,no flow in 2030
P05396,C11,secondary main sewer,lateral,200,110.5,0.9,0.337,0.322,0.929,5.9,below Mara's slope
P05400,C12,secondary main sewer,lateral,200,44.2,0.55,0.578,0.322,0.725,12.3,below Mara's slope
P05401,C12,secondary main sewer,lateral,200,26.8,0.5,0.461,0.29,0.804,8.7,below Mara's slope
P05402,C12,secondary main sewer,lateral,200,17.5,0.5,0.679,0.328,0.673,15.1,below Mara's slope
P05404,C03,secondary main sewer,lateral,200,69.0,0.5,0.058,0.147,2.086,0.3,below Mara's slope
P05405,C11,secondary main sewer,lateral,200,115.4,0.65,0.335,0.287,0.932,3.1,below Mara's slope
P05406,C11,secondary main sewer,lateral,200,20.7,0.5,0.127,0.191,1.456,1.2,below Mara's slope
P05407,C11,secondary main sewer,lateral,200,98.3,0.85,0.197,0.265,1.191,2.5,below Mara's slope
P05408,C11,secondary main sewer,lateral,200,29.5,0.5,0.801,0.345,0.624,17.3,below Mara's slope
P05409,C20,secondary header,sub main,200,207.8,0.5,0.42,0.282,0.84,7.9,below Mara's slope
P05410,C20,secondary header,sub main,200,183.1,0.5,0.35,0.266,0.913,5.6,below Mara's slope
P05412,C11,secondary main sewer,lateral,200,41.1,0.5,0.663,0.326,0.68,12.8,below Mara's slope
P05413,C11,secondary main sewer,lateral,200,14.9,0.5,0.0,0.0,,0.0,no flow in 2030
P05414,C11,secondary header,sub main,200,60.4,0.5,1.282,0.399,0.502,41.4,below Mara's slope
P05415,C12,secondary main sewer,lateral,200,16.3,0.5,0.552,0.307,0.74,13.1,below Mara's slope
P05416,C12,secondary main sewer,lateral,200,24.4,0.5,0.552,0.307,0.74,13.1,below Mara's slope
P05417,C11,secondary main sewer,lateral,200,52.4,0.5,0.191,0.218,1.208,2.4,below Mara's slope
P05418,C11,secondary main sewer,lateral,200,37.8,0.5,0.266,0.243,1.035,4.0,below Mara's slope
P05420,C12,secondary main sewer,lateral,200,11.0,0.5,0.0,0.0,,0.0,no flow in 2030
P05421,C12,secondary main sewer,lateral,200,23.5,0.5,0.0,0.0,,0.0,no flow in 2030
P05422,C01,secondary header,sub main,200,666.8,0.5,0.853,0.352,0.605,18.5,below Mara's slope
P05425,C12,secondary main sewer,lateral,200,48.4,0.5,0.218,0.228,1.137,3.0,below Mara's slope
P05426,C11,secondary main sewer,lateral,200,13.8,7.85,0.0,0.0,,0.0,no flow in 2030
P05430,C01,secondary header,sub main,200,79.2,1.4,0.133,0.276,1.425,1.3,below Mara's slope
P05434,C12,secondary main sewer,lateral,200,28.0,0.8,0.0,0.0,,0.0,no flow in 2030
P05435,C12,secondary main sewer,lateral,200,35.8,0.5,0.194,0.22,1.198,1.2,below Mara's slope
P05436,C12,secondary main sewer,lateral,200,25.8,0.5,1.167,0.388,0.524,36.5,below Mara's slope
P05438,C12,secondary main sewer,lateral,200,24.1,0.5,0.639,0.322,0.692,16.2,below Mara's slope
P05439,C12,secondary main sewer,lateral,200,27.2,0.5,0.834,0.35,0.612,22.4,below Mara's slope
P05440,C12,secondary main sewer,lateral,200,42.0,1.5,0.0,0.0,,0.0,no flow in 2030
P05441,C12,secondary main sewer,lateral,200,33.4,0.5,0.165,0.208,1.292,1.9,below Mara's slope
P05442,C12,secondary main sewer,lateral,200,23.8,0.5,0.362,0.269,0.899,5.6,below Mara's slope
P05443,C12,secondary main sewer,lateral,200,65.1,1.2,0.167,0.282,1.284,1.9,below Mara's slope
P05446,C12,secondary main sewer,lateral,200,46.8,0.5,0.825,0.348,0.615,21.5,below Mara's slope
P05453,C12,secondary main sewer,lateral,200,77.1,0.5,0.298,0.252,0.983,3.8,below Mara's slope
P05454,C12,secondary main sewer,lateral,200,11.7,0.5,0.341,0.264,0.924,5.0,below Mara's slope
P05458,C11,secondary main sewer,lateral,200,48.0,0.5,0.093,0.172,1.683,0.7,below Mara's slope
P05460,C11,secondary header,sub main,200,41.6,0.5,1.1,0.381,0.539,26.4,below Mara's slope
P05461,C11,secondary header,sub main,200,33.9,0.5,1.208,0.392,0.516,28.2,below Mara's slope
P05462,C11,secondary header,sub main,200,77.4,0.5,1.208,0.392,0.516,28.2,below Mara's slope
P05463,C01,secondary main sewer,lateral,200,54.5,0.5,0.985,0.368,0.567,27.8,below Mara's slope
P05464,C01,secondary main sewer,lateral,200,99.2,0.5,0.985,0.368,0.567,27.8,below Mara's slope
P05466,C11,secondary main sewer,lateral,200,46.7,0.85,0.26,0.29,1.047,3.1,below Mara's slope
P05467,C11,secondary header,sub main,200,68.4,0.5,0.284,0.248,1.006,4.6,below Mara's slope
P05468,C01,secondary main sewer,lateral,200,97.8,0.5,0.379,0.273,0.881,7.4,below Mara's slope
P05469,C01,secondary main sewer,lateral,200,83.1,0.5,0.483,0.295,0.787,9.2,below Mara's slope
P05470,C01,secondary main sewer,lateral,200,112.7,0.5,0.213,0.226,1.148,2.8,below Mara's slope
P05472,C18,secondary header,sub main,200,156.7,0.5,0.545,0.306,0.745,12.6,below Mara's slope
P05473,C18,secondary header,sub main,200,49.0,0.5,0.579,0.312,0.724,13.9,below Mara's slope
P05474,C18,secondary header,sub main,200,19.9,1.6,0.086,0.249,1.742,0.6,below Mara's slope
P05476,C12,secondary main sewer,lateral,200,74.1,1.35,0.086,0.236,1.742,0.6,below Mara's slope
P05478,C11,secondary main sewer,lateral,200,31.5,0.5,0.175,0.212,1.258,0.6,below Mara's slope
P05479,C11,secondary main sewer,lateral,200,63.5,0.5,0.21,0.225,1.157,1.3,below Mara's slope
P05480,C01,secondary main sewer,lateral,200,48.0,0.5,0.985,0.368,0.567,27.8,below Mara's slope
P05482,C01,secondary main sewer,lateral,200,24.9,0.5,1.079,0.379,0.543,30.9,below Mara's slope
P05483,C12,secondary main sewer,lateral,200,113.1,0.5,0.132,0.193,1.432,1.3,below Mara's slope
P05484,C11,secondary main sewer,lateral,200,25.7,0.5,0.316,0.257,0.957,2.5,below Mara's slope
P05487,C11,secondary main sewer,lateral,200,31.5,0.5,0.0,0.0,,0.0,no flow in 2030
P05488,C11,secondary main sewer,lateral,200,12.0,0.5,0.288,0.25,1.0,3.8,below Mara's slope
P05494,C12,secondary main sewer,lateral,200,22.9,0.9,0.127,0.234,1.456,1.2,below Mara's slope
P05496,C12,secondary main sewer,lateral,200,95.0,0.5,0.635,0.321,0.694,14.8,below Mara's slope
P05497,C12,secondary main sewer,lateral,200,23.2,0.5,0.0,0.0,,0.0,no flow in 2030
P05500,C01,secondary main sewer,lateral,200,28.0,0.5,0.0,0.0,,0.0,no flow in 2030
P05501,C12,secondary main sewer,lateral,200,34.8,1.65,0.086,0.252,1.742,0.6,below Mara's slope
P05505,C12,secondary main sewer,lateral,200,37.3,0.5,0.248,0.238,1.071,3.8,below Mara's slope
P05506,C11,secondary header,sub main,200,30.2,0.5,0.423,0.282,0.837,7.7,below Mara's slope
P05507,C11,secondary main sewer,lateral,200,86.1,0.5,0.198,0.221,1.188,2.6,below Mara's slope
P05508,C11,secondary header,sub main,200,71.7,0.5,0.813,0.347,0.619,15.8,below Mara's slope
P05509,C11,secondary header,sub main,200,40.9,0.5,0.813,0.347,0.619,15.8,below Mara's slope
P05510,C11,secondary header,sub main,200,34.7,0.5,0.813,0.347,0.619,15.8,below Mara's slope
P05511,C11,secondary header,sub main,200,36.6,0.5,0.877,0.355,0.598,18.4,below Mara's slope
P05512,C11,secondary header,sub main,200,35.5,0.5,0.877,0.355,0.598,18.4,below Mara's slope
P05513,C12,secondary main sewer,lateral,200,98.0,0.5,0.164,0.208,1.295,1.9,below Mara's slope
P05515,C11,secondary header,sub main,200,49.6,0.5,0.577,0.312,0.725,8.1,below Mara's slope
P05516,C01,secondary main sewer,lateral,200,91.3,0.5,1.165,0.388,0.525,34.6,below Mara's slope
P05519,C12,secondary main sewer,lateral,200,16.0,0.5,0.165,0.208,1.292,0.6,below Mara's slope
P05523,C11,secondary header,sub main,200,28.0,0.5,0.577,0.312,0.725,8.1,below Mara's slope
P05526,C01,secondary header,sub main,500,506.8,0.155,13.003,0.468,0.172,396.9,below Mara's slope
P05527,C12,secondary main sewer,lateral,200,15.2,0.5,0.244,0.237,1.078,3.7,below Mara's slope
P05528,C12,secondary main sewer,lateral,200,25.0,0.5,0.436,0.285,0.825,9.2,below Mara's slope
P05531,C12,secondary main sewer,lateral,200,123.0,0.5,0.244,0.237,1.078,3.7,below Mara's slope
P05532,C12,secondary main sewer,lateral,200,53.4,0.85,0.096,0.209,1.659,0.7,below Mara's slope
P05534,C12,secondary main sewer,lateral,200,20.2,1.45,0.127,0.275,1.456,1.2,below Mara's slope
P05535,C11,secondary main sewer,lateral,200,35.9,0.5,0.576,0.311,0.726,8.1,below Mara's slope
P05536,C11,secondary header,sub main,200,59.1,0.5,0.577,0.312,0.725,8.1,below Mara's slope
P05537,C12,secondary main sewer,lateral,200,33.1,0.5,0.349,0.265,0.915,6.4,below Mara's slope
P05538,C12,secondary main sewer,lateral,200,13.5,0.5,0.314,0.257,0.96,5.5,below Mara's slope
P05539,C03,secondary header,sub main,200,155.4,1.1,0.165,0.273,1.291,2.2,below Mara's slope
P05540,C12,secondary main sewer,lateral,200,37.3,0.9,0.349,0.325,0.915,6.4,below Mara's slope
P05541,C12,secondary main sewer,lateral,200,29.9,0.5,0.268,0.244,1.032,4.3,below Mara's slope
P05542,C12,secondary main sewer,lateral,200,33.4,0.5,1.168,0.388,0.524,32.5,below Mara's slope
P05543,C18,secondary header,sub main,200,56.3,0.5,0.696,0.33,0.665,18.2,below Mara's slope
P05544,C18,secondary main sewer,lateral,200,19.9,0.5,0.127,0.191,1.456,1.2,below Mara's slope
P05546,C18,secondary header,sub main,200,33.3,0.5,0.759,0.34,0.639,20.6,below Mara's slope
P05548,C12,secondary main sewer,lateral,200,61.8,0.5,0.832,0.349,0.613,19.1,below Mara's slope
P05549,C01,secondary main sewer,lateral,200,105.0,0.5,0.7,0.331,0.664,17.0,below Mara's slope
P05551,C12,secondary main sewer,lateral,200,96.0,0.6,0.675,0.349,0.674,16.0,below Mara's slope
P05552,C18,secondary main sewer,lateral,200,39.3,1.7,0.0,0.0,,0.0,no flow in 2030
P05553,C12,secondary main sewer,lateral,200,42.4,0.5,0.129,0.192,1.446,1.2,below Mara's slope
P05554,C12,secondary main sewer,lateral,200,74.3,0.65,0.27,0.268,1.028,4.3,below Mara's slope
P05556,C12,secondary main sewer,lateral,200,32.2,0.9,0.0,0.0,,0.0,no flow in 2030
P05558,C01,secondary main sewer,lateral,200,8.7,0.5,0.7,0.331,0.664,17.0,below Mara's slope
P05562,C01,secondary header,sub main,200,788.9,1.2,0.0,0.0,,0.0,no flow in 2030
P05563,C01,secondary header,sub main,200,299.6,0.5,0.0,0.0,,0.0,no flow in 2030
P05568,C12,secondary main sewer,lateral,200,56.4,0.5,0.349,0.265,0.915,6.4,below Mara's slope
P05569,C12,secondary main sewer,lateral,200,36.7,0.5,0.167,0.209,1.284,1.9,below Mara's slope
P05570,C12,secondary main sewer,lateral,200,108.2,0.5,0.142,0.198,1.385,1.3,below Mara's slope
P05571,C01,secondary main sewer,lateral,200,33.0,0.5,0.276,0.246,1.019,2.0,below Mara's slope
P05573,C12,secondary main sewer,lateral,200,137.3,0.5,0.314,0.257,0.96,5.5,below Mara's slope
P05574,C01,secondary header,sub main,200,78.7,0.5,0.461,0.29,0.804,7.1,below Mara's slope
P05575,C01,secondary header,sub main,200,226.3,0.5,0.452,0.288,0.812,6.8,below Mara's slope
P05577,C01,secondary header,sub main,200,257.9,0.5,0.405,0.278,0.854,5.4,below Mara's slope
P05580,C12,secondary main sewer,lateral,200,48.6,0.5,0.204,0.223,1.172,2.7,below Mara's slope
P05581,C01,secondary main sewer,lateral,200,25.2,0.5,0.389,0.275,0.87,4.4,below Mara's slope
P05583,C12,secondary main sewer,lateral,200,36.0,0.5,0.832,0.349,0.613,19.1,below Mara's slope
P05585,C12,secondary main sewer,lateral,200,29.9,0.95,0.161,0.257,1.307,1.8,below Mara's slope
P05586,C18,secondary header,sub main,200,28.2,0.5,0.837,0.35,0.611,23.7,below Mara's slope
P05590,C01,secondary main sewer,lateral,200,38.5,0.5,0.427,0.283,0.833,5.6,below Mara's slope
P05592,C18,secondary main sewer,lateral,200,19.2,0.5,0.086,0.168,1.742,0.6,below Mara's slope
P05599,C12,secondary main sewer,lateral,200,33.5,0.5,0.992,0.369,0.565,28.3,below Mara's slope
P05601,C12,secondary main sewer,lateral,200,47.3,0.5,0.786,0.343,0.629,19.9,below Mara's slope
P05602,C12,secondary main sewer,lateral,200,48.9,1.3,0.161,0.286,1.307,1.8,below Mara's slope
P05604,C18,secondary main sewer,lateral,200,53.8,0.5,0.578,0.312,0.724,13.8,below Mara's slope
P05605,C12,secondary main sewer,lateral,200,23.4,0.5,0.336,0.262,0.93,6.1,below Mara's slope
P05606,C12,secondary main sewer,lateral,200,49.6,0.5,0.729,0.335,0.651,15.9,below Mara's slope
P05607,C12,secondary main sewer,lateral,200,25.6,0.5,0.798,0.345,0.625,20.3,below Mara's slope
P05608,C03,secondary header,sub main,200,89.5,0.5,0.118,0.186,1.507,1.2,below Mara's slope
P05611,C18,secondary header,sub main,200,39.5,0.5,1.2,0.391,0.517,30.6,below Mara's slope
P05612,C12,secondary main sewer,lateral,200,49.9,0.5,0.534,0.304,0.752,11.1,below Mara's slope
P05613,C12,secondary main sewer,lateral,200,66.4,0.5,0.796,0.345,0.625,20.2,below Mara's slope
P05614,C12,secondary main sewer,lateral,200,22.8,1.15,0.086,0.223,1.742,0.6,below Mara's slope
P05615,C12,secondary main sewer,lateral,200,43.4,0.5,0.764,0.34,0.637,19.0,below Mara's slope
P05616,C12,secondary main sewer,lateral,200,31.9,1.05,0.086,0.216,1.742,0.6,below Mara's slope
P05617,C12,secondary main sewer,lateral,200,51.5,0.5,0.322,0.259,0.949,5.7,below Mara's slope
P05618,C12,secondary main sewer,lateral,200,25.3,0.5,0.748,0.338,0.643,18.3,below Mara's slope
P05620,C01,secondary main sewer,lateral,200,77.5,0.5,0.885,0.356,0.595,24.2,below Mara's slope
P05621,C12,secondary main sewer,lateral,200,4.6,0.5,0.2,0.222,1.181,2.6,below Mara's slope
P05622,C12,secondary main sewer,lateral,200,42.1,0.5,0.468,0.292,0.798,7.5,below Mara's slope
P05624,C12,secondary main sewer,lateral,200,20.9,1.05,0.0,0.0,,0.0,no flow in 2030
P05625,C03,secondary main sewer,lateral,200,155.1,0.85,0.132,0.232,1.434,1.5,below Mara's slope
P05626,C12,secondary main sewer,lateral,200,46.4,0.5,0.2,0.222,1.181,2.6,below Mara's slope
P05627,C12,secondary main sewer,lateral,200,23.3,0.5,0.315,0.257,0.959,5.5,below Mara's slope
P05628,C12,secondary main sewer,lateral,200,16.0,0.5,0.047,0.137,2.302,0.2,below Mara's slope
P05630,C01,secondary header,sub main,500,510.1,0.155,15.918,0.497,0.157,498.6,below Mara's slope
P05631,C12,secondary main sewer,lateral,200,24.7,0.55,0.315,0.265,0.959,5.5,below Mara's slope
P05632,C12,secondary main sewer,lateral,200,167.8,0.5,0.377,0.272,0.883,6.8,below Mara's slope
P05633,C12,secondary main sewer,lateral,200,45.0,0.5,0.657,0.325,0.683,11.3,below Mara's slope
P05635,C01,secondary header,sub main,200,174.2,0.5,0.868,0.354,0.601,19.1,below Mara's slope
P05637,C12,secondary main sewer,lateral,200,66.2,0.5,0.269,0.244,1.03,4.3,below Mara's slope
P05638,C12,secondary main sewer,lateral,200,29.2,0.5,0.267,0.244,1.034,4.3,below Mara's slope
P05639,C12,secondary main sewer,lateral,200,15.2,0.5,0.0,0.0,,0.0,no flow in 2030
P05640,C12,secondary main sewer,lateral,200,33.6,0.5,0.024,0.109,3.127,0.0,below Mara's slope
P05641,C12,secondary main sewer,lateral,200,26.5,0.5,0.516,0.301,0.763,10.5,below Mara's slope
P05642,C12,secondary main sewer,lateral,200,31.3,0.5,0.528,0.303,0.755,8.5,below Mara's slope
P05643,C12,secondary main sewer,lateral,200,22.1,0.5,0.533,0.304,0.752,11.0,below Mara's slope
P05644,C12,secondary main sewer,lateral,200,22.2,0.5,0.304,0.254,0.974,4.3,below Mara's slope
P05647,C12,secondary main sewer,lateral,200,57.1,0.5,0.786,0.343,0.629,17.3,below Mara's slope
P05649,C01,secondary main sewer,lateral,200,51.7,0.5,0.838,0.35,0.611,18.6,below Mara's slope
P05653,C12,secondary main sewer,lateral,200,36.8,0.5,0.192,0.219,1.203,2.5,below Mara's slope
P05654,C12,secondary main sewer,lateral,200,34.6,0.55,0.093,0.178,1.682,0.7,below Mara's slope
P05655,C12,secondary main sewer,lateral,200,50.4,0.5,0.054,0.143,2.161,0.2,below Mara's slope
P05656,C18,secondary main sewer,lateral,200,42.9,1.35,0.109,0.255,1.561,0.7,below Mara's slope
P05657,C18,secondary main sewer,lateral,200,55.5,0.5,0.523,0.302,0.759,6.3,below Mara's slope
P05658,C18,secondary header,sub main,200,52.9,0.5,1.009,0.371,0.56,30.8,below Mara's slope
P05660,C12,secondary main sewer,lateral,200,47.3,0.5,0.725,0.335,0.653,11.6,below Mara's slope
P05661,C01,secondary main sewer,lateral,200,55.9,0.5,0.086,0.168,1.742,0.6,below Mara's slope
P05662,C12,secondary main sewer,lateral,200,26.2,0.5,0.172,0.211,1.269,2.0,below Mara's slope
P05663,C12,secondary main sewer,lateral,200,41.8,0.5,0.042,0.131,2.437,0.1,below Mara's slope
P05666,C12,secondary main sewer,lateral,200,47.6,0.65,0.566,0.339,0.732,11.6,below Mara's slope
P05668,C12,secondary main sewer,lateral,200,32.5,0.5,0.72,0.334,0.655,11.6,below Mara's slope
P05669,C12,secondary main sewer,lateral,200,22.9,0.5,0.519,0.301,0.762,6.7,below Mara's slope
P05672,C12,secondary main sewer,lateral,200,28.7,0.5,0.0,0.0,,0.0,no flow in 2030
P05673,C18,secondary header,sub main,200,24.4,0.5,1.04,0.374,0.553,32.1,below Mara's slope
P05674,C12,secondary main sewer,lateral,200,18.9,0.5,0.042,0.131,2.438,0.1,below Mara's slope
P05676,C12,secondary main sewer,lateral,200,207.0,0.5,0.515,0.301,0.764,10.4,below Mara's slope
P05678,C12,secondary main sewer,lateral,200,44.7,0.5,0.262,0.242,1.044,2.8,below Mara's slope
P05679,C12,secondary main sewer,lateral,200,39.7,0.5,0.329,0.261,0.94,4.6,below Mara's slope
P05681,C12,secondary main sewer,lateral,200,29.3,1.5,0.0,0.0,,0.0,no flow in 2030
P05682,C12,secondary main sewer,lateral,200,24.3,0.5,0.282,0.248,1.009,3.7,below Mara's slope
P05683,C12,secondary main sewer,lateral,200,26.4,0.5,0.332,0.261,0.936,5.6,below Mara's slope
P05685,C12,secondary main sewer,lateral,200,13.9,0.5,0.086,0.168,1.742,0.6,below Mara's slope
P05688,C12,secondary main sewer,lateral,200,26.5,0.5,0.223,0.23,1.123,3.2,below Mara's slope
P05689,C12,secondary main sewer,lateral,200,25.8,0.5,0.26,0.242,1.047,2.7,below Mara's slope
P05690,C12,secondary main sewer,lateral,200,35.4,0.5,0.19,0.218,1.209,2.4,below Mara's slope
P05692,C18,secondary header,sub main,200,190.2,0.5,1.183,0.39,0.521,36.5,below Mara's slope
P05693,C12,secondary main sewer,lateral,200,26.2,0.55,0.131,0.199,1.439,1.3,below Mara's slope
P05694,C12,secondary main sewer,lateral,200,30.1,0.5,0.329,0.261,0.94,4.6,below Mara's slope
P05695,C12,secondary main sewer,lateral,200,26.8,2.15,0.047,0.224,2.304,0.0,below Mara's slope
P05697,C12,secondary main sewer,lateral,200,25.6,0.6,0.242,0.251,1.083,2.4,below Mara's slope
P05698,C12,secondary main sewer,lateral,200,24.9,0.5,0.501,0.298,0.774,6.1,below Mara's slope
P05700,C12,secondary main sewer,lateral,200,34.2,0.5,0.37,0.27,0.891,4.3,below Mara's slope
P05701,C12,secondary main sewer,lateral,200,67.9,0.5,0.431,0.284,0.829,5.5,below Mara's slope
P05702,C12,secondary main sewer,lateral,200,26.8,0.5,0.169,0.21,1.278,2.0,below Mara's slope
P05703,C12,secondary main sewer,lateral,200,27.3,0.6,0.318,0.275,0.954,3.7,below Mara's slope
P05704,C12,secondary main sewer,lateral,200,47.7,0.7,0.474,0.329,0.794,6.7,below Mara's slope
P05705,C12,secondary main sewer,lateral,200,43.8,0.5,0.304,0.254,0.975,3.7,below Mara's slope
P05706,C12,secondary main sewer,lateral,200,48.9,1.0,0.284,0.316,1.005,3.7,below Mara's slope
P05708,C18,secondary main sewer,lateral,200,98.4,0.5,0.496,0.297,0.778,5.6,below Mara's slope
P05709,C12,secondary main sewer,lateral,200,24.9,0.5,0.126,0.191,1.46,0.6,below Mara's slope
P05712,C12,secondary main sewer,lateral,200,34.2,0.5,0.249,0.238,1.067,3.8,below Mara's slope
P05715,C12,secondary main sewer,lateral,200,24.8,0.5,0.317,0.258,0.955,5.6,below Mara's slope
P05716,C12,secondary main sewer,lateral,200,27.9,0.7,0.039,0.144,2.506,0.1,below Mara's slope
P05717,C12,secondary main sewer,lateral,200,51.2,0.5,0.258,0.241,1.051,2.4,below Mara's slope
P05718,C12,secondary main sewer,lateral,200,36.1,0.5,0.256,0.24,1.054,3.8,below Mara's slope
P05719,C18,secondary main sewer,lateral,200,8.4,0.5,0.44,0.286,0.821,3.7,below Mara's slope
P05722,C12,secondary main sewer,lateral,200,21.6,0.9,0.039,0.157,2.506,0.1,below Mara's slope
P05723,C12,secondary main sewer,lateral,200,37.0,0.5,0.178,0.213,1.248,1.9,below Mara's slope
P05724,C12,secondary main sewer,lateral,200,29.0,0.5,0.283,0.248,1.006,3.3,below Mara's slope
P05725,C12,secondary main sewer,lateral,200,89.9,0.5,0.229,0.232,1.11,3.1,below Mara's slope
P05726,C12,secondary main sewer,lateral,200,5.9,0.5,0.448,0.288,0.815,9.4,below Mara's slope
P05727,C01,secondary header,sub main,200,57.5,1.2,0.127,0.258,1.456,1.2,below Mara's slope
P05728,C01,secondary header,sub main,200,422.6,0.5,0.414,0.28,0.845,8.4,below Mara's slope
P05730,C12,secondary main sewer,lateral,200,22.5,0.5,0.149,0.201,1.354,0.6,below Mara's slope
P05731,C01,secondary main sewer,lateral,200,42.8,0.5,0.175,0.212,1.257,2.1,below Mara's slope
P05736,C84,secondary header,sub main,200,69.1,1.2,0.0,0.0,,0.0,no flow in 2030
P05738,C12,secondary main sewer,lateral,200,25.4,0.5,0.254,0.24,1.059,3.9,below Mara's slope
P05739,C12,secondary main sewer,lateral,200,34.9,0.5,0.149,0.201,1.354,0.6,below Mara's slope
P05740,C01,secondary header,sub main,200,442.1,0.5,0.726,0.335,0.652,16.1,below Mara's slope
P05742,C12,secondary main sewer,lateral,200,23.8,0.5,0.0,0.0,,0.0,no flow in 2030
P05743,C12,secondary main sewer,lateral,200,35.0,0.5,0.77,0.341,0.635,11.7,below Mara's slope
P05744,C12,secondary main sewer,lateral,200,64.1,0.5,0.0,0.0,,0.0,no flow in 2030
P05745,C84,secondary header,sub main,200,55.9,1.15,0.141,0.263,1.387,1.4,below Mara's slope
P05746,C58,secondary main sewer,lateral,200,56.6,0.75,0.0,0.0,,0.0,no flow in 2030
P05748,C12,secondary main sewer,lateral,200,80.8,0.5,0.243,0.236,1.08,3.7,below Mara's slope
P05749,C12,secondary main sewer,lateral,200,37.1,0.5,0.27,0.244,1.03,4.3,below Mara's slope
P05752,C12,secondary main sewer,lateral,200,30.1,0.5,0.283,0.248,1.006,3.3,below Mara's slope
P05753,C12,secondary main sewer,lateral,200,38.7,0.5,0.349,0.266,0.914,5.1,below Mara's slope
P05754,C58,secondary main sewer,lateral,200,16.2,0.5,0.0,0.0,,0.0,no flow in 2030
P05756,C18,secondary main sewer,lateral,200,34.7,0.5,0.402,0.278,0.857,2.5,below Mara's slope
P05757,C12,secondary main sewer,lateral,200,44.7,0.5,0.561,0.309,0.735,13.4,below Mara's slope
P05758,C18,secondary main sewer,lateral,200,84.6,0.5,0.188,0.218,1.215,0.6,below Mara's slope
P05759,C03,secondary header,sub main,200,255.9,0.5,0.28,0.247,1.012,5.2,below Mara's slope
P05761,C03,secondary main sewer,lateral,200,109.6,0.5,0.087,0.168,1.734,0.7,below Mara's slope
P05762,C03,secondary main sewer,lateral,200,23.4,0.5,0.051,0.141,2.213,0.3,below Mara's slope
P05764,C84,secondary header,sub main,200,65.5,0.65,0.714,0.365,0.657,16.5,below Mara's slope
P05766,C84,secondary header,sub main,200,20.9,0.5,0.972,0.367,0.57,26.4,below Mara's slope
P05767,C112,secondary main sewer,lateral,200,38.9,2.0,0.014,0.143,3.998,0.0,below Mara's slope
P05768,C12,secondary main sewer,lateral,200,99.9,0.5,0.0,0.0,,0.0,no flow in 2030
P05769,C84,secondary header,sub main,200,23.3,0.5,1.143,0.386,0.529,33.8,below Mara's slope
P05770,C12,secondary main sewer,lateral,200,67.2,0.5,0.0,0.0,,0.0,no flow in 2030
P05771,C12,secondary main sewer,lateral,200,254.1,0.5,0.766,0.341,0.636,11.6,below Mara's slope
P05773,C01,secondary main sewer,lateral,200,48.1,0.5,0.248,0.238,1.07,3.8,below Mara's slope
P05774,C12,secondary main sewer,lateral,200,83.4,0.5,0.866,0.354,0.602,22.0,below Mara's slope
P05775,C12,secondary main sewer,lateral,200,27.8,0.5,0.27,0.244,1.03,4.3,below Mara's slope
P05777,C84,secondary header,sub main,200,27.0,0.5,1.289,0.4,0.501,39.3,below Mara's slope
P05778,C12,secondary main sewer,lateral,200,88.8,0.5,0.329,0.261,0.939,4.6,below Mara's slope
P05779,C12,secondary main sewer,lateral,200,33.0,0.5,0.177,0.213,1.252,2.1,below Mara's slope
P05781,C12,secondary main sewer,lateral,200,30.5,0.5,0.401,0.278,0.858,6.7,below Mara's slope
P05782,C01,secondary main sewer,lateral,200,41.8,1.0,0.206,0.284,1.167,2.7,below Mara's slope
P05783,C01,secondary main sewer,lateral,200,80.3,0.5,0.643,0.322,0.69,13.7,below Mara's slope
P05784,C12,secondary main sewer,lateral,200,8.0,0.5,0.762,0.34,0.638,15.5,below Mara's slope
P05788,C03,secondary header,sub main,200,1468.9,0.5,0.225,0.23,1.12,3.2,below Mara's slope
P05795,C01,secondary main sewer,lateral,200,121.6,0.5,0.226,0.231,1.116,3.2,below Mara's slope
P05796,C204,secondary header,sub main,200,279.5,0.95,0.154,0.254,1.332,0.0,below Mara's slope
P05797,C12,secondary main sewer,lateral,200,90.3,0.5,0.471,0.292,0.796,6.1,below Mara's slope
P05799,C58,secondary main sewer,lateral,200,74.1,0.5,0.0,0.0,,0.0,no flow in 2030
P05805,C112,secondary main sewer,lateral,200,62.4,1.35,0.101,0.248,1.62,0.6,below Mara's slope
P05806,C112,secondary main sewer,lateral,200,26.2,0.5,0.139,0.197,1.399,1.2,below Mara's slope
P05808,C58,secondary main sewer,lateral,200,51.2,0.5,0.493,0.297,0.779,8.5,below Mara's slope
P05810,C12,secondary main sewer,lateral,200,43.6,0.5,0.526,0.303,0.757,9.0,below Mara's slope
P05812,C58,secondary main sewer,lateral,200,15.3,0.5,0.127,0.191,1.456,1.2,below Mara's slope
P05813,C84,secondary main sewer,lateral,200,39.7,0.5,0.479,0.294,0.79,8.1,below Mara's slope
P05815,C143,secondary main sewer,lateral,200,77.2,0.5,0.487,0.295,0.784,5.5,below Mara's slope
P05816,C58,secondary header,sub main,200,29.4,0.5,0.33,0.261,0.938,4.3,below Mara's slope
P05817,C58,secondary main sewer,lateral,200,38.3,0.5,0.174,0.212,1.261,1.9,below Mara's slope
P05818,C58,secondary main sewer,lateral,200,27.7,0.5,0.457,0.289,0.808,8.7,below Mara's slope
P05819,C58,secondary main sewer,lateral,200,24.2,0.5,0.416,0.281,0.844,7.4,below Mara's slope
P05820,C12,secondary main sewer,lateral,200,106.8,0.5,0.514,0.3,0.765,11.3,below Mara's slope
P05822,C58,secondary header,sub main,200,24.2,0.5,0.33,0.261,0.938,4.3,below Mara's slope
P05823,C84,secondary main sewer,lateral,200,39.8,0.5,0.472,0.292,0.796,10.0,below Mara's slope
P05825,C12,secondary main sewer,lateral,200,52.3,0.5,0.161,0.206,1.307,1.8,below Mara's slope
P05826,C12,secondary main sewer,lateral,200,31.3,0.5,0.353,0.266,0.91,4.9,below Mara's slope
P05827,C12,secondary main sewer,lateral,200,34.9,0.5,1.272,0.398,0.504,33.0,below Mara's slope
P05828,C12,secondary main sewer,lateral,200,125.3,0.5,0.477,0.293,0.791,6.1,below Mara's slope
P05829,C12,secondary main sewer,lateral,200,32.7,0.5,0.87,0.354,0.6,22.0,below Mara's slope
P05830,C12,secondary main sewer,lateral,200,39.3,0.5,1.121,0.383,0.534,28.1,below Mara's slope
P05831,C12,secondary main sewer,lateral,200,87.2,0.5,0.0,0.0,,0.0,no flow in 2030
P05832,C12,secondary main sewer,lateral,200,130.0,0.5,0.198,0.221,1.188,0.0,below Mara's slope
P05834,C03,secondary main sewer,lateral,200,127.4,0.5,0.092,0.172,1.691,0.8,below Mara's slope
P05835,C03,secondary main sewer,lateral,200,92.5,0.7,0.069,0.175,1.933,0.5,below Mara's slope
P05836,C84,secondary main sewer,lateral,200,77.3,1.35,0.141,0.278,1.387,1.4,below Mara's slope
P05838,C58,secondary header,sub main,200,26.7,0.5,0.578,0.312,0.724,10.4,below Mara's slope
P05841,C58,secondary main sewer,lateral,200,34.4,0.5,0.0,0.0,,0.0,no flow in 2030
P05842,C58,secondary main sewer,lateral,200,26.3,0.5,0.519,0.301,0.761,7.9,below Mara's slope
P05843,C12,secondary main sewer,lateral,200,19.4,2.0,0.0,0.0,,0.0,no flow in 2030
P05844,C84,secondary main sewer,lateral,200,33.2,0.5,0.424,0.283,0.836,7.5,below Mara's slope
P05845,C58,secondary main sewer,lateral,200,14.9,0.5,0.133,0.194,1.426,1.3,below Mara's slope
P05846,C58,secondary main sewer,lateral,200,19.7,0.5,0.519,0.301,0.761,7.9,below Mara's slope
P05849,C12,secondary main sewer,lateral,200,35.4,0.5,0.127,0.191,1.456,1.2,below Mara's slope
P05852,C112,secondary main sewer,lateral,200,25.7,0.5,0.19,0.218,1.209,2.4,below Mara's slope
P05853,C84,secondary main sewer,lateral,200,11.3,0.5,0.297,0.252,0.985,3.7,below Mara's slope
P05854,C58,secondary main sewer,lateral,200,24.2,0.5,0.519,0.301,0.761,7.9,below Mara's slope
P05855,C01,secondary main sewer,lateral,200,63.9,0.5,0.167,0.209,1.284,1.9,below Mara's slope
P05856,C84,secondary main sewer,lateral,200,42.6,0.9,0.211,0.276,1.154,2.5,below Mara's slope
P05857,C12,secondary main sewer,lateral,200,47.4,0.5,0.354,0.267,0.908,5.5,below Mara's slope
P05858,C12,secondary main sewer,lateral,200,94.3,0.5,0.3,0.253,0.981,4.8,below Mara's slope
P05859,C84,secondary main sewer,lateral,200,44.0,0.5,0.22,0.229,1.132,3.1,below Mara's slope
P05860,C18,secondary header,sub main,200,259.5,0.55,0.91,0.371,0.588,25.5,below Mara's slope
P05861,C84,secondary main sewer,lateral,200,84.1,0.5,0.377,0.272,0.882,7.4,below Mara's slope
P05862,C01,secondary main sewer,lateral,200,44.7,0.5,0.131,0.193,1.437,1.3,below Mara's slope
P05864,C03,secondary header,sub main,200,49.4,0.5,0.165,0.208,1.291,0.6,below Mara's slope
P05865,C58,secondary main sewer,lateral,200,13.4,0.5,0.086,0.168,1.742,0.6,below Mara's slope
P05866,C58,secondary header,sub main,200,35.7,0.5,0.58,0.312,0.724,10.4,below Mara's slope
P05867,C12,secondary main sewer,lateral,200,36.8,0.5,0.086,0.168,1.742,0.6,below Mara's slope
P05868,C84,secondary main sewer,lateral,200,84.4,0.5,0.347,0.265,0.916,5.5,below Mara's slope
P05869,C63,secondary main sewer,lateral,200,21.2,0.5,0.0,0.0,,0.0,no flow in 2030
P05870,C58,secondary header,sub main,200,23.9,0.5,0.292,0.251,0.992,2.4,below Mara's slope
P05871,C84,secondary main sewer,lateral,200,36.0,0.95,0.223,0.287,1.123,3.2,below Mara's slope
P05872,C84,secondary main sewer,lateral,200,84.3,0.6,0.278,0.263,1.016,3.0,below Mara's slope
P05873,C12,secondary main sewer,lateral,200,110.8,0.5,0.221,0.229,1.128,2.8,below Mara's slope
P05874,C12,secondary main sewer,lateral,200,28.3,0.5,0.293,0.251,0.99,4.7,below Mara's slope
P05877,C84,secondary main sewer,lateral,200,20.7,0.5,0.297,0.252,0.985,3.7,below Mara's slope
P05879,C112,secondary main sewer,lateral,200,61.5,0.9,0.228,0.283,1.113,3.2,below Mara's slope
P05880,C112,secondary main sewer,lateral,200,28.7,0.65,0.571,0.34,0.729,10.5,below Mara's slope
P05881,C58,secondary main sewer,lateral,200,24.0,0.5,0.127,0.191,1.456,1.2,below Mara's slope
P05882,C58,secondary main sewer,lateral,200,24.8,0.5,0.537,0.305,0.75,8.5,below Mara's slope
P05883,C84,secondary main sewer,lateral,200,21.7,0.5,0.101,0.177,1.62,0.6,below Mara's slope
P05884,C58,secondary header,sub main,200,22.8,1.3,0.0,0.0,,0.0,no flow in 2030
P05885,C58,secondary main sewer,lateral,200,12.4,0.5,0.0,0.0,,0.0,no flow in 2030
P05886,C12,secondary main sewer,lateral,200,35.9,0.5,0.127,0.191,1.456,1.2,below Mara's slope
P05889,C84,secondary main sewer,lateral,200,21.8,0.5,0.13,0.193,1.442,1.3,below Mara's slope
P05892,C12,secondary main sewer,lateral,200,25.1,0.5,0.374,0.272,0.885,6.1,below Mara's slope
P05894,C84,secondary main sewer,lateral,200,22.2,0.5,0.336,0.262,0.93,6.1,below Mara's slope
P05895,C58,secondary main sewer,lateral,200,20.4,1.05,0.101,0.228,1.62,0.6,below Mara's slope
P05896,C58,secondary header,sub main,200,24.3,0.5,0.728,0.335,0.651,13.5,below Mara's slope
P05897,C84,secondary main sewer,lateral,200,22.0,0.5,0.086,0.168,1.742,0.6,below Mara's slope
P05899,C84,secondary main sewer,lateral,200,17.0,0.5,0.297,0.252,0.985,3.7,below Mara's slope
P05900,C12,secondary main sewer,lateral,200,44.8,0.5,0.231,0.233,1.106,3.3,below Mara's slope
P05901,C63,secondary main sewer,lateral,200,39.6,1.65,0.033,0.181,2.705,0.1,below Mara's slope
P05902,C84,secondary main sewer,lateral,200,22.0,0.5,0.139,0.197,1.399,1.2,below Mara's slope
P05904,C63,secondary main sewer,lateral,200,30.6,1.5,0.033,0.176,2.705,0.1,below Mara's slope
P05906,C12,secondary main sewer,lateral,200,28.2,0.5,0.279,0.247,1.013,4.5,below Mara's slope
P05907,C12,secondary main sewer,lateral,200,62.0,2.55,0.0,0.0,,0.0,no flow in 2030
P05908,C12,secondary main sewer,lateral,200,7.5,0.5,0.279,0.247,1.013,4.5,below Mara's slope
P05910,C58,secondary main sewer,lateral,200,23.6,0.5,0.243,0.236,1.08,3.7,below Mara's slope
P05913,C84,secondary main sewer,lateral,200,22.4,0.5,0.09,0.17,1.709,0.6,below Mara's slope
P05915,C58,secondary main sewer,lateral,200,19.4,0.5,0.74,0.337,0.647,15.9,below Mara's slope
P05916,C84,secondary main sewer,lateral,200,14.9,0.5,0.086,0.168,1.742,0.6,below Mara's slope
P05917,C84,secondary main sewer,lateral,200,22.9,0.5,0.292,0.251,0.992,4.9,below Mara's slope
P05918,C63,secondary main sewer,lateral,200,34.6,0.5,0.149,0.201,1.354,0.6,below Mara's slope
P05921,C18,secondary main sewer,lateral,200,46.3,0.5,0.882,0.356,0.596,25.2,below Mara's slope
P05922,C18,secondary main sewer,lateral,200,100.6,0.5,0.693,0.33,0.666,17.7,below Mara's slope
P05923,C58,secondary main sewer,lateral,200,25.6,0.5,0.771,0.341,0.634,17.1,below Mara's slope
P05925,C12,secondary main sewer,lateral,200,31.2,0.5,0.414,0.28,0.845,7.3,below Mara's slope
P05926,C12,secondary main sewer,lateral,200,48.0,0.5,0.324,0.259,0.946,5.7,below Mara's slope
P05930,C12,secondary main sewer,lateral,200,42.9,0.9,0.131,0.236,1.436,1.3,below Mara's slope
P05931,C12,secondary main sewer,lateral,200,56.9,0.5,0.629,0.32,0.697,15.8,below Mara's slope
P05932,C84,secondary main sewer,lateral,200,19.6,0.5,0.133,0.194,1.425,1.3,below Mara's slope
P05933,C12,secondary main sewer,lateral,200,11.8,0.5,0.455,0.289,0.809,9.8,below Mara's slope
P05940,C58,secondary main sewer,lateral,200,20.0,0.5,0.086,0.168,1.742,0.6,below Mara's slope
P05941,C58,secondary main sewer,lateral,200,19.7,0.5,0.127,0.191,1.456,1.2,below Mara's slope
P05944,C84,secondary main sewer,lateral,200,22.0,0.5,0.09,0.17,1.709,0.6,below Mara's slope
P05945,C58,secondary main sewer,lateral,200,27.8,0.5,0.193,0.219,1.201,2.5,below Mara's slope
P05950,C20,secondary header,sub main,200,2493.2,0.5,0.631,0.321,0.696,14.2,below Mara's slope
P05951,C58,secondary main sewer,lateral,200,37.6,0.5,0.161,0.206,1.307,1.8,below Mara's slope
P05953,C12,secondary main sewer,lateral,200,79.5,0.5,0.334,0.262,0.933,6.1,below Mara's slope
P05954,C12,secondary main sewer,lateral,200,101.8,0.5,0.455,0.289,0.809,9.8,below Mara's slope
P05956,C01,secondary header,sub main,200,168.4,0.65,0.643,0.353,0.69,13.7,below Mara's slope
P05957,C12,secondary main sewer,lateral,200,24.2,0.5,0.222,0.23,1.126,3.1,below Mara's slope
P05958,C58,secondary main sewer,lateral,200,13.9,0.5,0.086,0.168,1.742,0.6,below Mara's slope
P05960,C03,secondary header,sub main,250,301.4,0.375,2.007,0.402,0.408,78.0,below Mara's slope
P05962,C12,secondary main sewer,lateral,200,24.9,0.5,0.221,0.229,1.13,3.1,below Mara's slope
P05965,C63,secondary main sewer,lateral,200,20.0,0.5,0.0,0.0,,0.0,no flow in 2030
P05966,C58,secondary main sewer,lateral,200,13.8,0.5,0.127,0.191,1.456,1.2,below Mara's slope
P05968,C01,secondary main sewer,lateral,200,112.8,0.5,1.038,0.374,0.553,28.5,below Mara's slope
P05970,C03,secondary main sewer,lateral,200,120.2,0.7,0.512,0.337,0.766,2.6,below Mara's slope
P05974,C01,secondary main sewer,lateral,200,109.2,0.5,0.252,0.239,1.062,3.7,below Mara's slope
P05975,C01,secondary header,sub main,200,72.4,0.5,0.659,0.325,0.682,13.0,below Mara's slope
P05978,C12,secondary main sewer,lateral,200,53.2,0.5,0.271,0.245,1.027,4.4,below Mara's slope
P05981,C84,secondary main sewer,lateral,200,97.8,0.85,0.387,0.33,0.871,4.9,below Mara's slope
P05982,C12,secondary main sewer,lateral,200,23.8,0.5,0.091,0.171,1.702,0.7,below Mara's slope
P05984,C63,secondary main sewer,lateral,200,23.5,1.25,0.086,0.229,1.742,0.6,below Mara's slope
P05985,C63,secondary main sewer,lateral,200,22.4,2.35,0.036,0.209,2.622,0.1,below Mara's slope
P05986,C63,secondary main sewer,lateral,200,30.7,0.5,0.127,0.191,1.456,1.2,below Mara's slope
P05987,C18,secondary main sewer,lateral,200,98.5,0.5,0.183,0.216,1.23,2.2,below Mara's slope
P05988,C63,secondary main sewer,lateral,200,22.2,0.5,0.19,0.218,1.209,2.4,below Mara's slope
P05990,C58,secondary header,sub main,200,151.3,0.5,0.0,0.0,,0.0,no flow in 2030
P05992,C58,secondary header,sub main,200,147.3,0.5,0.038,0.127,2.549,0.1,below Mara's slope
P05994,C12,secondary main sewer,lateral,200,26.8,0.5,0.734,0.336,0.649,18.6,below Mara's slope
P05995,C03,secondary header,sub main,250,80.6,0.375,2.128,0.409,0.397,83.3,below Mara's slope
P05996,C63,secondary main sewer,lateral,200,23.0,0.5,0.095,0.173,1.665,0.7,below Mara's slope
P05998,C63,secondary main sewer,lateral,200,68.1,0.5,0.086,0.168,1.742,0.6,below Mara's slope
P05999,C01,secondary main sewer,lateral,200,53.4,0.5,0.209,0.225,1.157,2.6,below Mara's slope
P06001,C63,secondary main sewer,lateral,200,25.1,0.5,0.127,0.191,1.456,1.2,below Mara's slope
P06002,C63,secondary main sewer,lateral,200,23.4,0.5,0.2,0.222,1.183,2.4,below Mara's slope
P06004,C63,secondary main sewer,lateral,200,39.3,0.5,0.264,0.243,1.041,2.5,below Mara's slope
P06005,C63,secondary main sewer,lateral,200,12.7,0.5,0.0,0.0,,0.0,no flow in 2030
P06006,C58,secondary header,sub main,200,231.2,0.5,0.231,0.232,1.106,2.0,below Mara's slope
P06008,C12,secondary main sewer,lateral,200,37.6,0.5,0.283,0.248,1.007,4.4,below Mara's slope
P06009,C12,secondary main sewer,lateral,200,55.3,0.5,0.383,0.274,0.876,7.5,below Mara's slope
P06010,C12,secondary main sewer,lateral,200,91.7,0.5,0.29,0.25,0.996,4.8,below Mara's slope
P06011,C63,secondary main sewer,lateral,200,38.8,0.5,0.397,0.277,0.862,6.2,below Mara's slope
P06012,C63,secondary main sewer,lateral,200,15.3,0.5,0.032,0.12,2.747,0.1,below Mara's slope
P06015,C12,secondary main sewer,lateral,200,27.2,0.5,0.127,0.191,1.456,1.2,below Mara's slope
P06016,C12,secondary main sewer,lateral,200,29.3,0.5,0.411,0.28,0.848,8.2,below Mara's slope
P06017,C01,secondary main sewer,lateral,200,56.0,0.5,0.118,0.187,1.506,0.9,below Mara's slope
P06018,C63,secondary main sewer,lateral,200,13.3,0.5,0.0,0.0,,0.0,no flow in 2030
P06020,C03,secondary header,sub main,800,289.8,0.085,43.045,0.506,0.099,1403.2,below Mara's slope
P06021,C03,secondary header,sub main,800,149.6,0.085,42.131,0.503,0.1,1378.5,below Mara's slope
P06022,C63,secondary main sewer,lateral,200,16.9,0.5,0.251,0.239,1.064,3.7,below Mara's slope
P06023,C01,secondary main sewer,lateral,200,18.9,0.5,0.036,0.125,2.605,0.1,below Mara's slope
P06024,C12,secondary main sewer,lateral,200,28.4,0.5,0.872,0.355,0.599,23.7,below Mara's slope
P06026,C03,secondary header,sub main,200,80.8,0.5,0.324,0.259,0.946,5.2,below Mara's slope
P06028,C12,secondary main sewer,lateral,200,25.9,0.5,0.402,0.278,0.857,4.9,below Mara's slope
P06029,C63,secondary main sewer,lateral,200,21.7,0.8,0.161,0.243,1.307,1.8,below Mara's slope
P06030,C12,secondary main sewer,lateral,200,18.8,0.5,0.617,0.318,0.703,11.1,below Mara's slope
P06031,C12,secondary main sewer,lateral,200,26.2,0.5,0.617,0.318,0.703,11.1,below Mara's slope
P06032,C12,secondary main sewer,lateral,200,162.6,0.5,0.234,0.233,1.099,3.1,below Mara's slope
P06033,C12,secondary main sewer,lateral,200,74.1,0.75,0.141,0.228,1.387,1.3,below Mara's slope
P06036,C03,secondary header,sub main,250,64.6,0.375,2.273,0.418,0.385,88.0,below Mara's slope
P06037,C03,secondary main sewer,lateral,200,269.7,0.5,0.0,0.0,,0.0,no flow in 2030
P06038,C03,secondary main sewer,lateral,200,246.6,0.5,0.145,0.199,1.372,1.5,below Mara's slope
P06039,C12,secondary main sewer,lateral,200,160.7,0.5,0.319,0.258,0.952,5.3,below Mara's slope
P06040,C01,secondary main sewer,lateral,200,34.8,0.5,0.271,0.245,1.027,2.6,below Mara's slope
P06042,C18,secondary main sewer,lateral,200,59.5,0.5,0.183,0.216,1.23,2.2,below Mara's slope
P06043,C18,secondary header,sub main,200,357.7,0.5,0.932,0.362,0.581,21.8,below Mara's slope
P06044,C01,secondary main sewer,lateral,200,12.2,0.5,0.055,0.144,2.152,0.2,below Mara's slope
P06045,C63,secondary main sewer,lateral,200,26.5,0.5,0.191,0.218,1.208,2.4,below Mara's slope
P06046,C63,secondary main sewer,lateral,200,25.0,0.5,0.251,0.239,1.064,3.7,below Mara's slope
P06047,C12,secondary main sewer,lateral,200,60.2,0.5,0.601,0.316,0.712,9.4,below Mara's slope
P06048,C12,secondary header,sub main,200,120.8,0.85,0.258,0.289,1.052,1.0,below Mara's slope
P06050,C63,secondary main sewer,lateral,200,24.7,0.5,0.381,0.273,0.878,7.5,below Mara's slope
P06051,C58,secondary header,sub main,200,183.1,0.5,1.1,0.381,0.539,29.6,below Mara's slope
P06053,C63,secondary main sewer,lateral,200,48.9,0.5,0.382,0.273,0.877,7.3,below Mara's slope
P06055,C63,secondary main sewer,lateral,200,47.6,0.5,0.403,0.278,0.856,6.4,below Mara's slope
P06056,C63,secondary main sewer,lateral,200,11.2,0.5,0.086,0.168,1.742,0.6,below Mara's slope
P06057,C18,secondary header,sub main,200,29.0,0.5,0.658,0.325,0.683,11.2,below Mara's slope
P06058,C12,secondary main sewer,lateral,200,98.9,0.95,0.184,0.269,1.228,2.2,below Mara's slope
P06059,C63,secondary main sewer,lateral,200,22.4,0.5,0.166,0.209,1.289,1.9,below Mara's slope
P06060,C03,secondary header,sub main,315,151.3,0.27,2.537,0.373,0.366,99.0,below Mara's slope
P06061,C12,secondary main sewer,lateral,200,25.3,0.5,0.0,0.0,,0.0,no flow in 2030
P06062,C12,secondary main sewer,lateral,200,34.3,0.5,0.655,0.324,0.684,12.3,below Mara's slope
P06063,C01,secondary main sewer,lateral,200,92.8,0.5,0.118,0.186,1.507,0.9,below Mara's slope
P06065,C63,secondary main sewer,lateral,200,60.7,0.5,0.585,0.313,0.721,14.3,below Mara's slope
P06066,C12,secondary main sewer,lateral,200,10.2,0.5,0.0,0.0,,0.0,no flow in 2030
P06067,C12,secondary main sewer,lateral,200,36.7,0.5,0.719,0.334,0.655,14.7,below Mara's slope
P06068,C12,secondary main sewer,lateral,200,43.1,0.6,0.086,0.179,1.742,0.6,below Mara's slope
P06069,C01,secondary main sewer,lateral,200,27.6,1.1,0.072,0.206,1.898,0.4,below Mara's slope
P06070,C03,secondary header,sub main,800,220.1,0.085,41.789,0.502,0.101,1366.8,below Mara's slope
P06071,C01,secondary main sewer,lateral,200,100.8,0.5,0.245,0.237,1.075,3.4,below Mara's slope
P06072,C12,secondary main sewer,lateral,200,41.1,0.5,0.196,0.22,1.193,2.5,below Mara's slope
P06073,C01,secondary main sewer,lateral,200,31.3,0.5,0.166,0.209,1.286,1.7,below Mara's slope
P06074,C03,secondary header,sub main,200,239.8,0.5,0.33,0.261,0.938,6.8,below Mara's slope
P06075,C03,secondary header,sub main,200,144.9,0.5,0.36,0.268,0.902,7.8,below Mara's slope
P06076,C63,secondary main sewer,lateral,200,24.0,0.5,0.495,0.297,0.778,11.0,below Mara's slope
P06078,C01,secondary main sewer,lateral,200,99.4,0.5,0.206,0.224,1.166,2.4,below Mara's slope
P06079,C12,secondary main sewer,lateral,200,39.0,0.5,0.101,0.177,1.62,0.6,below Mara's slope
P06080,C18,secondary main sewer,lateral,200,123.0,0.95,0.294,0.314,0.99,3.7,below Mara's slope
P06081,C18,secondary header,sub main,200,58.7,0.5,0.567,0.31,0.731,9.3,below Mara's slope
P06083,C63,secondary main sewer,lateral,200,45.0,0.5,0.694,0.33,0.666,18.2,below Mara's slope
P06084,C63,secondary main sewer,lateral,200,30.6,0.5,0.649,0.323,0.687,15.9,below Mara's slope
P06086,C63,secondary main sewer,lateral,200,136.2,0.55,0.982,0.38,0.567,26.1,below Mara's slope
P06087,C12,secondary main sewer,lateral,200,18.1,0.5,0.127,0.191,1.456,1.2,below Mara's slope
P06088,C03,secondary header,sub main,250,220.8,0.375,1.983,0.401,0.41,76.7,below Mara's slope
P06089,C03,secondary header,sub main,200,334.7,0.5,0.3,0.253,0.981,3.8,below Mara's slope
P06091,C01,secondary main sewer,lateral,200,74.2,0.5,0.174,0.212,1.261,2.0,below Mara's slope
P06092,C63,secondary main sewer,lateral,200,25.8,0.5,0.044,0.133,2.387,0.1,below Mara's slope
P06094,C03,secondary main sewer,lateral,200,61.7,1.6,0.079,0.242,1.817,0.5,below Mara's slope
P06095,C01,secondary main sewer,lateral,200,12.7,0.5,0.096,0.174,1.658,0.7,below Mara's slope
P06097,C01,secondary main sewer,lateral,200,32.2,0.5,0.044,0.133,2.387,0.1,below Mara's slope
P06098,C03,secondary header,sub main,200,100.9,0.5,0.247,0.238,1.073,3.2,below Mara's slope
P06099,C03,secondary main sewer,lateral,200,121.8,0.55,0.143,0.205,1.381,1.4,below Mara's slope
P06101,C12,secondary main sewer,lateral,200,94.0,0.5,0.146,0.2,1.368,1.3,below Mara's slope
P06102,C12,secondary main sewer,lateral,200,59.3,0.5,0.205,0.224,1.168,2.5,below Mara's slope
P06103,C03,secondary header,sub main,200,40.4,0.5,0.322,0.259,0.949,4.4,below Mara's slope
P06106,C01,secondary main sewer,lateral,200,30.4,0.5,0.056,0.145,2.128,0.2,below Mara's slope
P06111,C12,secondary main sewer,lateral,200,111.0,0.5,1.119,0.383,0.534,32.6,below Mara's slope
P06113,C03,secondary header,sub main,200,299.0,0.5,0.176,0.213,1.254,2.4,below Mara's slope
P06114,C03,secondary header,sub main,200,84.7,0.5,0.194,0.22,1.199,2.9,below Mara's slope
P06115,C03,secondary header,sub main,200,84.9,0.5,0.314,0.257,0.96,6.3,below Mara's slope
P06116,C03,secondary header,sub main,200,32.2,0.5,0.843,0.351,0.609,25.0,below Mara's slope
P06119,C03,secondary header,sub main,315,767.1,0.27,4.128,0.432,0.293,113.3,below Mara's slope
P06121,C12,secondary header,sub main,200,64.7,0.5,0.735,0.336,0.648,15.4,below Mara's slope
P06122,C01,secondary main sewer,lateral,200,110.3,0.5,0.707,0.332,0.66,8.5,below Mara's slope
P06126,C03,secondary header,sub main,200,67.1,0.5,0.463,0.291,0.803,7.5,below Mara's slope
P06130,C12,secondary header,sub main,200,106.4,0.5,0.716,0.333,0.656,10.4,below Mara's slope
P06132,C01,secondary main sewer,lateral,200,271.6,0.5,0.288,0.25,0.999,4.2,below Mara's slope
P06133,C01,secondary main sewer,lateral,200,92.4,0.5,0.333,0.262,0.934,5.3,below Mara's slope
P06134,C01,secondary main sewer,lateral,200,86.0,0.5,0.273,0.245,1.024,3.8,below Mara's slope
P06135,C03,secondary header,sub main,200,49.2,0.5,0.626,0.32,0.699,13.0,below Mara's slope
P06136,C03,secondary main sewer,lateral,200,51.0,0.5,0.003,0.053,7.756,0.0,below Mara's slope
P06137,C03,secondary main sewer,lateral,200,162.2,0.5,1.227,0.394,0.512,29.5,below Mara's slope
P06138,C03,secondary header,sub main,200,85.7,0.5,0.213,0.226,1.148,3.4,below Mara's slope
P06139,C03,secondary header,sub main,200,298.4,0.5,0.181,0.215,1.238,2.5,below Mara's slope
P06140,C03,secondary header,sub main,200,84.5,0.5,0.2,0.222,1.183,3.0,below Mara's slope
P06141,C20,secondary header,sub main,200,251.3,1.05,0.015,0.119,3.857,0.0,below Mara's slope
P06142,C03,secondary header,sub main,200,139.2,0.5,0.542,0.306,0.746,14.6,below Mara's slope
P06143,C01,secondary main sewer,lateral,200,352.1,0.5,0.475,0.293,0.793,9.1,below Mara's slope
P06144,C01,secondary main sewer,lateral,200,264.4,0.5,0.181,0.215,1.238,0.7,below Mara's slope
P06145,C03,secondary main sewer,lateral,200,80.8,0.5,0.165,0.208,1.29,1.8,below Mara's slope
P06146,C03,secondary main sewer,lateral,200,86.5,0.5,0.107,0.18,1.58,0.7,below Mara's slope
P06147,C03,secondary header,sub main,700,416.2,0.1,31.285,0.497,0.115,1050.8,below Mara's slope
P06148,C01,secondary header,sub main,200,390.0,0.5,0.0,0.0,,0.0,no flow in 2030
P06149,C03,secondary main sewer,lateral,200,223.9,0.5,1.229,0.394,0.512,23.5,below Mara's slope
P06150,C03,secondary main sewer,lateral,200,140.2,0.5,0.165,0.208,1.291,1.9,below Mara's slope
P06151,C03,secondary header,sub main,200,51.9,0.5,0.544,0.306,0.745,14.6,below Mara's slope
P06152,C03,secondary header,sub main,200,162.6,0.5,0.694,0.33,0.666,14.2,below Mara's slope
P06153,C03,secondary header,sub main,200,362.6,0.5,0.122,0.188,1.485,1.3,below Mara's slope
P06155,C03,secondary header,sub main,200,31.7,0.5,0.574,0.311,0.727,15.9,below Mara's slope
P06156,C03,secondary header,sub main,200,148.8,0.5,0.805,0.346,0.622,18.5,below Mara's slope
P06157,C03,secondary header,sub main,200,165.8,0.5,0.151,0.202,1.346,1.3,below Mara's slope
P06158,C03,secondary main sewer,lateral,200,122.5,0.5,1.181,0.389,0.521,27.7,below Mara's slope
P06159,C03,secondary main sewer,lateral,200,35.2,0.5,0.369,0.27,0.891,5.8,below Mara's slope
P06160,C03,secondary main sewer,lateral,200,74.0,0.5,0.268,0.244,1.032,4.3,below Mara's slope
P06161,C03,secondary main sewer,lateral,200,74.6,0.5,0.088,0.169,1.723,0.6,below Mara's slope
P06162,C03,secondary header,sub main,200,167.4,0.5,0.843,0.351,0.609,25.0,below Mara's slope
P06163,C03,secondary main sewer,lateral,200,115.0,0.5,0.296,0.252,0.987,5.0,below Mara's slope
P06164,C03,secondary main sewer,lateral,200,41.8,0.5,0.559,0.308,0.736,13.0,below Mara's slope
P06165,C03,secondary header,sub main,200,55.4,0.5,0.579,0.312,0.724,16.0,below Mara's slope
P06166,C03,secondary main sewer,lateral,200,83.6,0.6,0.269,0.26,1.031,4.3,below Mara's slope
P06167,C03,secondary header,sub main,200,155.7,0.5,1.183,0.39,0.521,32.7,below Mara's slope
P06168,C03,secondary header,sub main,700,222.4,0.1,31.052,0.496,0.115,1044.3,below Mara's slope
P06170,C129,secondary header,sub main,200,436.5,0.5,0.551,0.307,0.741,13.1,below Mara's slope
P06172,C03,secondary main sewer,lateral,200,85.5,0.5,0.27,0.245,1.029,3.0,below Mara's slope
P06173,C03,secondary header,sub main,200,324.6,0.5,0.622,0.319,0.701,11.7,below Mara's slope
P06174,C03,secondary header,sub main,200,273.4,0.5,0.65,0.323,0.687,14.4,below Mara's slope
P06175,C03,secondary header,sub main,315,513.6,0.27,4.772,0.451,0.274,130.9,below Mara's slope
P06176,C01,secondary main sewer,lateral,200,133.3,0.5,0.181,0.215,1.238,2.2,below Mara's slope
P06177,C01,secondary main sewer,lateral,200,144.9,0.5,0.167,0.209,1.285,1.5,below Mara's slope
P06178,C01,secondary main sewer,lateral,200,42.6,0.5,0.264,0.243,1.04,3.7,below Mara's slope
P06179,C03,secondary main sewer,lateral,200,106.9,0.5,0.252,0.239,1.062,3.7,below Mara's slope
P06180,C01,secondary header,sub main,600,1198.7,0.125,23.345,0.503,0.132,748.2,below Mara's slope
P06181,C03,secondary header,sub main,700,34.3,0.1,26.31,0.473,0.125,848.9,below Mara's slope
P06183,C03,secondary header,sub main,200,47.9,0.5,0.819,0.348,0.617,24.2,below Mara's slope
P06184,C01,secondary main sewer,lateral,200,16.7,0.5,0.264,0.243,1.04,3.7,below Mara's slope
P06185,C03,secondary header,sub main,200,89.1,0.5,0.469,0.292,0.798,9.1,below Mara's slope
P06186,C03,secondary main sewer,lateral,200,138.8,0.5,1.089,0.38,0.541,17.3,below Mara's slope
P06187,C03,secondary header,sub main,200,131.6,0.5,0.617,0.318,0.703,17.4,below Mara's slope
P06188,C03,secondary header,sub main,200,97.2,0.5,0.62,0.319,0.702,17.5,below Mara's slope
P06189,C03,secondary main sewer,lateral,200,50.9,0.5,0.112,0.183,1.547,0.9,below Mara's slope
P06190,C03,secondary main sewer,lateral,200,164.4,0.7,0.19,0.245,1.209,2.4,below Mara's slope
P06191,C03,secondary main sewer,lateral,200,101.5,1.1,0.097,0.228,1.653,0.8,below Mara's slope
P06192,C03,secondary main sewer,lateral,200,47.2,0.8,0.13,0.226,1.443,1.3,below Mara's slope
P06194,C03,secondary header,sub main,200,86.8,0.5,0.348,0.265,0.915,5.8,below Mara's slope
P06196,C03,secondary header,sub main,200,55.9,0.5,0.446,0.287,0.817,6.9,below Mara's slope
P06197,C09,secondary main sewer,lateral,200,211.2,0.5,0.044,0.133,2.387,0.1,below Mara's slope
P06198,C03,secondary main sewer,lateral,200,95.8,0.5,0.478,0.294,0.791,9.2,below Mara's slope
P06199,C03,secondary header,sub main,200,191.9,0.5,0.133,0.194,1.428,1.5,below Mara's slope
P06200,C09,secondary header,sub main,200,296.1,0.5,0.154,0.204,1.333,1.6,below Mara's slope
P06201,C01,secondary header,sub main,200,96.3,0.5,0.33,0.261,0.938,5.4,below Mara's slope
P06202,C01,secondary header,sub main,200,282.3,0.5,0.14,0.197,1.395,1.2,below Mara's slope
P06204,C01,secondary header,sub main,200,637.7,0.5,0.587,0.313,0.72,11.3,below Mara's slope
P06205,C01,secondary main sewer,lateral,200,268.2,0.5,0.561,0.309,0.735,10.6,below Mara's slope
P06206,C03,secondary main sewer,lateral,200,107.8,0.5,0.283,0.248,1.007,4.5,below Mara's slope
P06207,C03,secondary main sewer,lateral,200,49.9,0.5,0.93,0.362,0.582,10.6,below Mara's slope
P06208,C03,secondary header,sub main,200,376.7,0.5,0.22,0.229,1.131,3.1,below Mara's slope
P06210,C09,secondary main sewer,lateral,200,60.7,0.5,0.099,0.176,1.635,0.7,below Mara's slope
P06211,C09,secondary main sewer,lateral,200,169.6,0.5,0.298,0.252,0.984,5.0,below Mara's slope
P06212,C03,secondary main sewer,lateral,200,81.3,1.25,0.069,0.213,1.932,0.5,below Mara's slope
P06213,C09,secondary header,sub main,200,109.9,0.5,0.266,0.243,1.037,2.8,below Mara's slope
P06214,C03,secondary main sewer,lateral,200,164.7,0.5,0.968,0.366,0.571,21.2,below Mara's slope
P06216,C03,secondary main sewer,lateral,200,174.1,0.5,0.298,0.252,0.983,5.0,below Mara's slope
P06217,C03,secondary main sewer,lateral,200,48.0,0.5,0.427,0.283,0.833,6.3,below Mara's slope
P06218,C03,secondary main sewer,lateral,200,63.2,0.5,0.278,0.247,1.016,4.3,below Mara's slope
P06220,C01,secondary main sewer,lateral,200,59.3,0.5,0.0,0.0,,0.0,no flow in 2030
P06221,C01,secondary header,sub main,200,79.1,0.8,0.0,0.0,,0.0,no flow in 2030
P06222,C03,secondary main sewer,lateral,200,87.6,0.55,0.165,0.215,1.29,1.9,below Mara's slope
P06223,C03,secondary main sewer,lateral,200,40.7,0.5,0.301,0.253,0.98,4.5,below Mara's slope
P06224,C03,secondary header,sub main,700,99.5,0.1,25.26,0.467,0.127,810.1,below Mara's slope
P06226,C01,secondary header,sub main,200,80.9,0.5,0.255,0.24,1.057,3.7,below Mara's slope
P06227,C01,secondary main sewer,lateral,200,108.7,0.5,0.162,0.207,1.302,1.7,below Mara's slope
P06228,C01,secondary header,sub main,200,179.8,0.5,0.166,0.209,1.289,1.8,below Mara's slope
P06231,C03,secondary main sewer,lateral,200,214.9,0.5,0.306,0.255,0.972,3.9,below Mara's slope
P06232,C01,secondary header,sub main,200,705.3,0.5,0.457,0.289,0.808,7.5,below Mara's slope
P06233,C03,secondary header,sub main,200,86.2,0.5,0.139,0.197,1.396,1.6,below Mara's slope
P06234,C09,secondary header,sub main,200,263.6,0.5,0.418,0.281,0.841,7.1,below Mara's slope
P06235,C09,secondary main sewer,lateral,200,31.5,0.5,0.086,0.168,1.742,0.6,below Mara's slope
P06236,C03,secondary main sewer,lateral,200,100.3,0.5,0.931,0.362,0.582,19.7,below Mara's slope
P06237,C03,secondary main sewer,lateral,200,92.1,0.5,0.745,0.338,0.645,16.2,below Mara's slope
P06238,C03,secondary header,sub main,200,137.3,0.5,0.383,0.274,0.876,6.6,below Mara's slope
P06239,C03,secondary main sewer,lateral,200,213.7,0.5,0.451,0.288,0.812,7.0,below Mara's slope
P06240,C189,secondary main sewer,lateral,200,138.4,0.5,0.382,0.273,0.877,6.2,below Mara's slope
P06241,C03,secondary header,sub main,200,197.5,0.5,0.344,0.264,0.92,5.7,below Mara's slope
P06242,C03,secondary header,sub main,200,87.8,0.5,0.304,0.254,0.975,4.7,below Mara's slope
P06243,C01,secondary header,sub main,200,569.7,0.5,1.019,0.372,0.558,25.5,below Mara's slope
P06244,C01,secondary header,sub main,600,195.6,0.125,23.53,0.504,0.131,755.4,below Mara's slope
P06245,C01,secondary header,sub main,200,165.9,0.5,0.946,0.364,0.577,22.4,below Mara's slope
P06246,C01,secondary header,sub main,200,457.6,0.5,0.975,0.367,0.569,23.6,below Mara's slope
P06249,C03,secondary header,sub main,700,99.3,0.1,25.129,0.466,0.127,807.5,below Mara's slope
P06250,C09,secondary main sewer,lateral,200,142.5,0.5,0.371,0.271,0.889,7.1,below Mara's slope
P06251,C03,secondary main sewer,lateral,200,138.8,0.8,0.341,0.31,0.924,6.1,below Mara's slope
P06252,C03,secondary header,sub main,500,176.5,0.155,12.098,0.458,0.178,375.0,below Mara's slope
P06253,C03,secondary main sewer,lateral,200,89.4,0.5,0.769,0.341,0.635,4.3,below Mara's slope
P06256,C03,secondary main sewer,lateral,200,191.8,0.5,0.815,0.347,0.618,16.5,below Mara's slope
P06257,C03,secondary main sewer,lateral,200,3.3,0.5,0.431,0.284,0.83,4.0,below Mara's slope
P06258,C09,secondary main sewer,lateral,200,24.2,0.5,0.544,0.306,0.745,11.5,below Mara's slope
P06260,C03,secondary main sewer,lateral,200,114.6,0.5,0.385,0.274,0.874,5.0,below Mara's slope
P06261,C03,secondary main sewer,lateral,200,82.4,0.9,0.095,0.212,1.664,0.7,below Mara's slope
P06262,C03,secondary header,sub main,500,96.9,0.155,11.519,0.452,0.182,355.8,below Mara's slope
P06263,C03,secondary header,sub main,200,307.1,0.5,0.5,0.298,0.775,11.1,below Mara's slope
P06264,C03,secondary header,sub main,200,84.9,0.5,0.139,0.197,1.396,1.6,below Mara's slope
P06265,C03,secondary header,sub main,200,59.9,0.5,0.139,0.197,1.396,1.6,below Mara's slope
P06266,C03,secondary header,sub main,200,49.1,0.5,0.259,0.241,1.048,3.8,below Mara's slope
P06268,C09,secondary main sewer,lateral,200,59.3,0.5,0.355,0.267,0.907,6.7,below Mara's slope
P06269,C09,secondary main sewer,lateral,200,31.7,0.5,1.019,0.372,0.558,29.3,below Mara's slope
P06270,C03,secondary main sewer,lateral,200,80.3,0.95,0.255,0.3,1.056,1.9,below Mara's slope
P06272,C03,secondary header,sub main,500,234.3,0.155,12.082,0.458,0.178,374.4,below Mara's slope
P06273,C03,secondary header,sub main,500,36.0,0.155,11.848,0.455,0.18,366.9,below Mara's slope
P06274,C01,secondary header,sub main,200,421.5,0.5,0.463,0.291,0.803,7.5,below Mara's slope
P06275,C01,secondary header,sub main,200,231.8,0.5,0.466,0.291,0.801,7.6,below Mara's slope
P06276,C03,secondary main sewer,lateral,200,115.7,0.5,0.079,0.163,1.818,0.4,below Mara's slope
P06277,C135,secondary header,sub main,200,89.2,0.5,0.217,0.228,1.139,2.9,below Mara's slope
P06279,C03,secondary header,sub main,200,513.7,0.5,0.77,0.341,0.635,17.3,below Mara's slope
P06280,C03,secondary main sewer,lateral,200,119.1,0.5,0.088,0.169,1.729,0.5,below Mara's slope
P06281,C189,secondary main sewer,lateral,200,133.8,0.5,0.485,0.295,0.786,9.5,below Mara's slope
P06282,C09,secondary main sewer,lateral,200,69.1,0.5,1.174,0.389,0.523,36.1,below Mara's slope
P06283,C09,secondary main sewer,lateral,200,74.7,0.5,0.177,0.213,1.252,2.1,below Mara's slope
P06285,C135,secondary header,sub main,200,70.4,0.5,0.29,0.25,0.997,4.7,below Mara's slope
P06286,C09,secondary main sewer,lateral,200,65.7,0.5,0.699,0.331,0.664,17.8,below Mara's slope
P06287,C09,secondary main sewer,lateral,200,19.7,0.5,0.607,0.317,0.709,14.4,below Mara's slope
P06288,C03,secondary main sewer,lateral,200,195.5,0.5,0.226,0.231,1.118,2.6,below Mara's slope
P06289,C03,secondary main sewer,lateral,200,22.7,0.75,0.061,0.171,2.051,0.3,below Mara's slope
P06290,C03,secondary main sewer,lateral,200,254.3,0.5,0.135,0.195,1.417,1.1,below Mara's slope
P06292,C09,secondary main sewer,lateral,200,192.2,0.5,0.319,0.258,0.952,4.4,below Mara's slope
P06295,C03,secondary main sewer,lateral,200,192.0,0.5,0.79,0.344,0.627,18.7,below Mara's slope
P06296,C03,secondary main sewer,lateral,200,64.0,0.5,0.662,0.325,0.681,15.2,below Mara's slope
P06297,C01,secondary main sewer,lateral,200,269.4,0.5,0.0,0.0,,0.0,no flow in 2030
P06298,C03,secondary main sewer,lateral,200,98.8,0.5,0.187,0.217,1.218,1.9,below Mara's slope
P06299,C135,secondary main sewer,lateral,200,62.7,0.5,0.277,0.246,1.018,4.4,below Mara's slope
P06300,C189,secondary main sewer,lateral,200,93.1,0.5,0.267,0.244,1.034,4.3,below Mara's slope
P06301,C189,secondary main sewer,lateral,200,198.9,0.5,0.375,0.272,0.884,7.3,below Mara's slope
P06302,C03,secondary main sewer,lateral,200,53.8,0.5,0.432,0.284,0.828,9.0,below Mara's slope
P06305,C09,secondary main sewer,lateral,200,5.8,5.6,0.0,0.0,,0.0,no flow in 2030
P06306,C03,secondary header,sub main,200,84.7,0.5,0.221,0.229,1.129,2.5,below Mara's slope
P06307,C03,secondary main sewer,lateral,200,146.8,0.5,0.153,0.203,1.336,1.4,below Mara's slope
P06308,C03,secondary header,sub main,200,346.6,0.5,0.498,0.297,0.776,9.3,below Mara's slope
P06309,C09,secondary header,sub main,200,333.4,0.5,0.476,0.293,0.792,9.0,below Mara's slope
P06311,C09,secondary main sewer,lateral,200,120.4,0.55,0.172,0.218,1.267,2.0,below Mara's slope
P06312,C03,secondary main sewer,lateral,200,134.1,0.5,0.43,0.284,0.831,3.9,below Mara's slope
P06313,C169,secondary header,sub main,200,77.6,0.5,0.348,0.265,0.915,6.4,below Mara's slope
P06314,C169,secondary main sewer,lateral,200,107.8,0.9,0.068,0.19,1.938,0.3,below Mara's slope
P06317,C135,secondary main sewer,lateral,200,72.1,0.5,0.069,0.156,1.93,0.3,below Mara's slope
P06318,C135,secondary main sewer,lateral,200,145.2,0.5,0.114,0.184,1.534,0.9,below Mara's slope
P06319,C03,secondary header,sub main,500,180.1,0.155,14.941,0.487,0.162,422.0,below Mara's slope
P06320,C09,secondary header,sub main,200,69.1,0.5,0.972,0.367,0.57,26.5,below Mara's slope
P06322,C03,secondary header,sub main,200,153.7,0.5,0.231,0.233,1.105,3.0,below Mara's slope
P06323,C03,secondary header,sub main,200,307.3,0.5,0.17,0.21,1.273,1.6,below Mara's slope
P06324,C169,secondary header,sub main,200,48.0,0.5,0.362,0.269,0.899,6.8,below Mara's slope
P06325,C169,secondary main sewer,lateral,200,123.3,0.7,0.166,0.234,1.288,1.8,below Mara's slope
P06326,C09,secondary header,sub main,200,54.8,0.5,0.338,0.263,0.928,5.6,below Mara's slope
P06328,C09,secondary header,sub main,200,123.7,0.5,0.103,0.178,1.605,0.8,below Mara's slope
P06329,C09,secondary header,sub main,200,90.3,2.7,0.0,0.0,,0.0,no flow in 2030
P06330,C09,secondary header,sub main,200,182.8,0.5,0.694,0.33,0.666,16.8,below Mara's slope
P06331,C03,secondary header,sub main,200,80.5,0.7,0.107,0.202,1.578,0.7,below Mara's slope
P06332,C03,secondary main sewer,lateral,200,101.6,0.5,0.491,0.296,0.781,9.3,below Mara's slope
P06334,C135,secondary main sewer,lateral,200,94.9,0.5,0.183,0.215,1.232,2.2,below Mara's slope
P06335,C09,secondary main sewer,lateral,200,112.6,0.6,0.287,0.266,1.001,4.7,below Mara's slope
P06336,C09,secondary main sewer,lateral,200,61.4,0.5,0.433,0.284,0.828,8.1,below Mara's slope
P06337,C09,secondary header,sub main,200,227.0,0.5,0.122,0.188,1.485,1.0,below Mara's slope
P06338,C09,secondary header,sub main,200,36.4,0.5,0.413,0.28,0.846,8.3,below Mara's slope
P06339,C169,secondary header,sub main,200,86.4,0.5,0.424,0.283,0.836,8.6,below Mara's slope
P06340,C169,secondary main sewer,lateral,200,156.8,0.8,0.21,0.265,1.155,2.8,below Mara's slope
P06343,C03,secondary header,sub main,200,286.6,1.4,0.111,0.259,1.552,0.8,below Mara's slope
P06344,C03,secondary header,sub main,200,129.7,1.25,0.0,0.0,,0.0,no flow in 2030
P06345,C03,secondary main sewer,lateral,200,104.8,0.5,0.151,0.202,1.345,1.3,below Mara's slope
P06346,C09,secondary header,sub main,200,122.4,0.5,1.001,0.37,0.563,27.7,below Mara's slope
P06347,C09,secondary main sewer,lateral,200,15.5,0.5,0.0,0.0,,0.0,no flow in 2030
P06348,C03,secondary main sewer,lateral,200,180.3,0.5,0.267,0.244,1.035,4.0,below Mara's slope
P06349,C03,secondary header,sub main,200,104.7,0.5,0.415,0.281,0.844,7.0,below Mara's slope
P06350,C220,secondary main sewer,lateral,200,186.7,0.7,0.36,0.301,0.901,4.0,below Mara's slope
P06351,C03,secondary header,sub main,200,268.0,0.5,0.246,0.237,1.073,3.0,below Mara's slope
P06353,C03,secondary main sewer,lateral,200,162.8,0.5,0.379,0.273,0.88,7.4,below Mara's slope
P06355,C135,secondary main sewer,lateral,200,76.9,0.5,0.099,0.176,1.635,0.7,below Mara's slope
P06356,C03,secondary header,sub main,200,148.6,0.5,0.978,0.367,0.569,22.0,below Mara's slope
P06357,C03,secondary header,sub main,200,178.4,0.5,0.821,0.348,0.616,16.9,below Mara's slope
P06358,C03,secondary main sewer,lateral,200,112.8,0.5,0.189,0.218,1.213,2.3,below Mara's slope
P06359,C03,secondary header,sub main,200,61.2,1.1,0.089,0.222,1.72,0.5,below Mara's slope
P06360,C09,secondary header,sub main,200,103.5,0.5,0.558,0.308,0.736,10.1,below Mara's slope
P06362,C03,secondary header,sub main,200,506.1,0.5,0.31,0.256,0.966,4.5,below Mara's slope
P06363,C135,secondary header,sub main,200,357.4,0.5,0.564,0.309,0.733,11.9,below Mara's slope
P06364,C03,secondary header,sub main,200,817.1,0.5,0.556,0.308,0.738,10.9,below Mara's slope
P06365,C03,secondary main sewer,lateral,200,182.9,0.5,0.234,0.233,1.1,3.4,below Mara's slope
P06366,C03,secondary header,sub main,200,221.2,0.5,0.53,0.303,0.754,12.3,below Mara's slope
P06367,C03,secondary header,sub main,200,21.6,0.5,0.527,0.303,0.756,10.1,below Mara's slope
P06368,C03,secondary header,sub main,200,86.7,0.5,0.287,0.249,1.0,3.9,below Mara's slope
P06369,C03,secondary header,sub main,200,266.1,0.65,0.195,0.241,1.194,2.1,below Mara's slope
P06370,C09,secondary header,sub main,200,160.7,0.5,1.048,0.375,0.551,29.6,below Mara's slope
P06371,C09,secondary main sewer,lateral,200,79.0,0.5,0.197,0.221,1.191,2.6,below Mara's slope
P06372,C03,secondary main sewer,lateral,200,127.6,0.5,0.357,0.268,0.905,5.2,below Mara's slope
P06373,C09,secondary main sewer,lateral,200,58.0,0.5,0.066,0.154,1.964,0.3,below Mara's slope
P06374,C03,secondary header,sub main,200,305.3,1.0,0.115,0.234,1.524,0.8,below Mara's slope
P06375,C09,secondary header,sub main,200,110.6,0.5,0.295,0.252,0.987,2.8,below Mara's slope
P06378,C01,secondary main sewer,lateral,200,214.0,0.5,0.033,0.121,2.702,0.1,below Mara's slope
P06379,C09,secondary header,sub main,200,259.6,0.5,0.076,0.161,1.845,0.4,below Mara's slope
P06380,C09,secondary main sewer,lateral,200,73.2,0.5,0.534,0.304,0.751,9.2,below Mara's slope
P06381,C03,secondary header,sub main,500,229.8,0.155,14.698,0.485,0.163,413.9,below Mara's slope
P06384,C09,secondary main sewer,lateral,200,50.2,0.5,0.19,0.218,1.209,2.4,below Mara's slope
P06385,C09,secondary main sewer,lateral,200,82.2,0.5,0.366,0.27,0.894,5.6,below Mara's slope
P06386,C03,secondary header,sub main,200,352.2,0.6,0.159,0.219,1.314,1.5,below Mara's slope
P06387,C03,secondary header,sub main,200,65.1,1.2,0.05,0.188,2.244,0.2,below Mara's slope
P06388,C09,secondary header,sub main,200,42.5,0.5,0.548,0.307,0.743,9.5,below Mara's slope
P06389,C03,secondary main sewer,lateral,200,153.1,0.5,0.374,0.271,0.886,5.6,below Mara's slope
P06390,C09,secondary header,sub main,200,63.0,0.5,0.419,0.282,0.84,6.5,below Mara's slope
P06392,C09,secondary header,sub main,200,132.8,0.5,1.186,0.39,0.52,34.1,below Mara's slope
P06393,C03,secondary main sewer,lateral,200,179.7,0.5,0.123,0.189,1.477,0.9,below Mara's slope
P06394,C03,secondary main sewer,lateral,200,90.3,0.5,0.174,0.212,1.26,1.7,below Mara's slope
P06395,C08,secondary main sewer,lateral,200,27.1,1.25,0.054,0.196,2.155,0.2,below Mara's slope
P06396,C15,secondary main sewer,lateral,200,131.8,0.5,0.183,0.215,1.231,2.2,below Mara's slope
P06397,C08,secondary main sewer,lateral,200,54.2,0.5,0.073,0.159,1.883,0.4,below Mara's slope
P06398,C09,secondary main sewer,lateral,200,149.9,0.5,0.478,0.294,0.791,10.5,below Mara's slope
P06401,C03,secondary main sewer,lateral,200,79.7,0.5,0.206,0.224,1.166,1.4,below Mara's slope
P06402,C03,secondary main sewer,lateral,200,64.7,0.5,0.202,0.223,1.177,1.4,below Mara's slope
P06403,C03,secondary main sewer,lateral,200,32.8,0.5,0.202,0.223,1.177,1.4,below Mara's slope
P06404,C03,secondary main sewer,lateral,200,72.3,0.5,0.184,0.216,1.228,2.2,below Mara's slope
P06406,C03,secondary header,sub main,200,153.4,0.5,0.527,0.303,0.756,10.1,below Mara's slope
P06407,C08,secondary main sewer,lateral,200,47.5,0.5,0.102,0.178,1.61,0.7,below Mara's slope
P06408,C08,secondary main sewer,lateral,200,29.5,0.5,0.084,0.166,1.764,0.5,below Mara's slope
P06409,C08,secondary main sewer,lateral,200,38.4,0.5,0.093,0.172,1.68,0.6,below Mara's slope
P06410,C15,secondary header,sub main,200,100.1,0.5,0.989,0.369,0.566,24.4,below Mara's slope
P06412,C03,secondary header,sub main,500,131.4,0.155,14.523,0.483,0.164,407.4,below Mara's slope
P06413,C03,secondary header,sub main,200,223.9,0.5,0.397,0.277,0.861,6.5,below Mara's slope
P06414,C09,secondary main sewer,lateral,200,83.4,0.65,0.294,0.275,0.99,5.0,below Mara's slope
P06416,C08,secondary main sewer,lateral,200,48.1,0.5,0.089,0.17,1.718,0.5,below Mara's slope
P06417,C08,secondary main sewer,lateral,200,87.9,0.5,0.148,0.201,1.358,1.3,below Mara's slope
P06418,C09,secondary header,sub main,200,261.6,0.5,0.592,0.314,0.717,10.7,below Mara's slope
P06422,C09,secondary header,sub main,200,133.0,0.5,0.807,0.346,0.621,20.0,below Mara's slope
P06423,C03,secondary header,sub main,200,81.3,0.5,0.2,0.222,1.182,2.2,below Mara's slope
P06425,C09,secondary main sewer,lateral,200,77.6,0.5,0.087,0.168,1.735,0.6,below Mara's slope
P06426,C09,secondary header,sub main,200,138.0,0.5,0.549,0.307,0.742,9.6,below Mara's slope
P06428,C03,secondary main sewer,lateral,200,25.8,0.5,0.062,0.15,2.026,0.3,below Mara's slope
P06429,C08,secondary main sewer,lateral,200,84.6,0.5,0.177,0.213,1.249,1.8,below Mara's slope
P06430,C08,secondary main sewer,lateral,200,134.4,0.5,0.2,0.222,1.183,2.1,below Mara's slope
P06431,C03,secondary main sewer,lateral,200,124.9,0.5,0.142,0.198,1.383,1.3,below Mara's slope
P06432,C03,secondary main sewer,lateral,200,17.5,0.5,0.061,0.149,2.046,0.3,below Mara's slope
P06436,C03,secondary main sewer,lateral,200,142.8,0.5,0.093,0.172,1.681,0.6,below Mara's slope
P06437,C15,secondary main sewer,lateral,200,113.9,0.5,0.581,0.312,0.723,10.3,below Mara's slope
P06438,C03,secondary header,sub main,200,44.4,0.5,0.065,0.153,1.978,0.3,below Mara's slope
P06439,C03,secondary header,sub main,200,185.5,0.5,0.431,0.284,0.829,7.6,below Mara's slope
P06440,C03,secondary main sewer,lateral,200,166.5,0.5,0.236,0.234,1.096,2.8,below Mara's slope
P06441,C03,secondary main sewer,lateral,200,167.1,0.5,0.198,0.221,1.188,2.3,below Mara's slope
P06442,C03,secondary header,sub main,200,88.6,0.5,0.271,0.245,1.027,3.8,below Mara's slope
P06445,C08,secondary main sewer,lateral,200,36.2,1.65,0.067,0.231,1.954,0.3,below Mara's slope
P06446,C08,secondary main sewer,lateral,200,166.3,0.5,0.175,0.212,1.256,2.0,below Mara's slope
P06447,C09,secondary header,sub main,200,480.9,0.5,0.604,0.316,0.71,14.7,below Mara's slope
P06448,C09,secondary main sewer,lateral,200,21.9,0.5,0.161,0.206,1.307,1.8,below Mara's slope
P06450,C03,secondary header,sub main,200,371.4,0.85,0.308,0.306,0.969,4.9,below Mara's slope
P06452,C09,secondary main sewer,lateral,200,117.1,0.5,0.418,0.281,0.842,8.6,below Mara's slope
P06455,C03,secondary main sewer,lateral,200,80.2,0.5,0.184,0.216,1.227,2.0,below Mara's slope
P06456,C03,secondary header,sub main,500,137.0,0.155,14.362,0.482,0.165,402.4,below Mara's slope
P06458,C09,secondary main sewer,lateral,200,117.4,0.5,0.99,0.369,0.565,27.2,below Mara's slope
P06459,C09,secondary main sewer,lateral,200,34.8,0.5,0.355,0.267,0.907,6.7,below Mara's slope
P06461,C01,secondary main sewer,lateral,200,16.6,0.5,0.0,0.0,,0.0,no flow in 2030
P06462,C03,secondary main sewer,lateral,200,152.4,0.5,0.132,0.193,1.434,1.1,below Mara's slope
P06463,C03,secondary header,sub main,200,260.1,0.5,0.185,0.216,1.224,1.9,below Mara's slope
P06464,C09,secondary header,sub main,200,23.2,0.5,1.291,0.4,0.5,38.5,below Mara's slope
P06465,C08,secondary main sewer,lateral,200,123.2,0.5,0.188,0.217,1.217,2.2,below Mara's slope
P06466,C08,secondary main sewer,lateral,200,93.4,0.5,0.307,0.255,0.97,4.3,below Mara's slope
P06467,C08,secondary main sewer,lateral,200,207.3,0.5,0.228,0.231,1.113,3.1,below Mara's slope
P06468,C09,secondary main sewer,lateral,200,50.3,0.95,0.29,0.312,0.995,4.9,below Mara's slope
P06470,C09,secondary main sewer,lateral,200,41.4,0.8,0.086,0.197,1.742,0.6,below Mara's slope
P06473,C09,secondary header,sub main,200,28.0,0.5,1.237,0.395,0.51,36.0,below Mara's slope
P06475,C03,secondary main sewer,lateral,200,185.9,0.5,0.129,0.192,1.446,1.1,below Mara's slope
P06477,C03,secondary header,sub main,500,80.3,0.155,14.251,0.481,0.165,399.4,below Mara's slope
P06478,C03,secondary main sewer,lateral,200,126.4,0.5,0.128,0.191,1.453,1.2,below Mara's slope
P06479,C03,secondary main sewer,lateral,200,119.6,0.5,0.191,0.218,1.208,2.4,below Mara's slope
P06480,C15,secondary main sewer,lateral,200,115.8,0.5,0.27,0.245,1.029,4.3,below Mara's slope
P06483,C15,secondary header,sub main,200,358.8,0.5,0.231,0.233,1.105,3.3,below Mara's slope
P06484,C09,secondary header,sub main,200,166.3,0.5,0.658,0.325,0.682,16.6,below Mara's slope
P06486,C08,secondary main sewer,lateral,200,84.1,0.5,0.317,0.258,0.955,5.1,below Mara's slope
P06490,C15,secondary main sewer,lateral,200,248.3,0.5,0.339,0.263,0.927,3.7,below Mara's slope
P06491,C09,secondary header,sub main,200,119.4,0.5,0.243,0.236,1.08,3.7,below Mara's slope
P06492,C03,secondary main sewer,lateral,200,68.8,0.5,0.229,0.232,1.109,2.8,below Mara's slope
P06493,C15,secondary header,sub main,200,106.0,1.2,0.133,0.262,1.426,1.2,below Mara's slope
P06494,C03,secondary header,sub main,200,781.1,0.5,0.349,0.266,0.914,6.3,below Mara's slope
P06496,C276,secondary main sewer,lateral,200,194.2,1.2,0.181,0.29,1.236,2.1,below Mara's slope
P06497,C15,secondary main sewer,lateral,200,81.9,0.5,0.173,0.211,1.264,1.7,below Mara's slope
P06498,C01,secondary main sewer,lateral,200,84.9,0.5,0.15,0.202,1.35,2.5,below Mara's slope
P06499,C03,secondary main sewer,lateral,200,104.1,0.5,0.097,0.175,1.646,0.6,below Mara's slope
P06500,C03,secondary header,sub main,200,201.5,0.5,0.264,0.243,1.04,3.4,below Mara's slope
P06501,C08,secondary main sewer,lateral,200,71.3,0.5,0.432,0.284,0.829,7.9,below Mara's slope
P06502,C03,secondary main sewer,lateral,200,85.2,0.5,0.133,0.194,1.425,1.1,below Mara's slope
P06503,C03,secondary header,sub main,200,285.7,0.5,1.265,0.398,0.505,35.3,below Mara's slope
P06504,C03,secondary header,sub main,200,83.3,0.5,0.256,0.24,1.055,3.2,below Mara's slope
P06505,C03,secondary header,sub main,200,24.0,0.5,1.124,0.384,0.533,30.1,below Mara's slope
P06506,C03,secondary header,sub main,200,56.7,0.5,0.087,0.168,1.733,0.6,below Mara's slope
P06507,C15,secondary main sewer,lateral,200,69.1,0.9,0.095,0.212,1.662,0.6,below Mara's slope
P06508,C15,secondary main sewer,lateral,200,141.2,0.8,0.125,0.223,1.47,1.0,below Mara's slope
P06509,C03,secondary header,sub main,200,456.9,0.5,0.355,0.267,0.907,6.7,below Mara's slope
P06511,C03,secondary header,sub main,200,62.3,0.5,1.053,0.376,0.55,27.2,below Mara's slope
P06512,C03,secondary main sewer,lateral,200,44.0,0.5,0.268,0.244,1.032,3.7,below Mara's slope
P06513,C03,secondary main sewer,lateral,200,89.7,0.6,0.127,0.204,1.456,1.2,below Mara's slope
P06514,C09,secondary header,sub main,200,104.0,0.5,0.688,0.329,0.669,11.3,below Mara's slope
P06515,C09,secondary header,sub main,200,54.5,0.5,0.688,0.329,0.669,11.3,below Mara's slope
P06516,C88,secondary main sewer,lateral,200,169.5,0.5,1.103,0.381,0.538,21.0,below Mara's slope
P06517,C03,secondary main sewer,lateral,200,51.6,0.75,0.039,0.147,2.517,0.1,below Mara's slope
P06518,C01,secondary header,sub main,200,49.4,2.15,0.001,0.06,11.423,0.0,below Mara's slope
P06519,C01,secondary main sewer,lateral,200,74.1,0.5,0.02,0.101,3.435,0.0,below Mara's slope
P06521,C09,secondary header,sub main,200,79.9,0.5,1.125,0.384,0.533,31.1,below Mara's slope
P06523,C03,secondary main sewer,lateral,200,119.0,0.5,0.114,0.184,1.529,0.8,below Mara's slope
P06524,C03,secondary main sewer,lateral,200,58.8,0.5,0.151,0.202,1.347,1.4,below Mara's slope
P06525,C03,secondary main sewer,lateral,200,22.4,0.5,0.011,0.081,4.559,0.0,below Mara's slope
P06526,C03,secondary header,sub main,200,64.9,0.5,0.948,0.364,0.577,23.4,below Mara's slope
P06527,C01,secondary header,sub main,200,166.2,0.5,0.171,0.211,1.272,3.1,below Mara's slope
P06528,C15,secondary main sewer,lateral,200,69.8,0.5,0.2,0.222,1.183,2.1,below Mara's slope
P06529,C15,secondary main sewer,lateral,200,251.0,0.5,0.213,0.226,1.149,2.5,below Mara's slope
P06530,C15,secondary main sewer,lateral,200,212.2,0.5,0.366,0.27,0.894,5.8,below Mara's slope
P06531,C03,secondary header,sub main,200,24.8,0.5,0.935,0.362,0.58,23.0,below Mara's slope
P06532,C03,secondary main sewer,lateral,200,41.8,0.5,0.147,0.2,1.364,1.3,below Mara's slope
P06533,C09,secondary main sewer,lateral,200,133.3,0.5,0.795,0.345,0.626,19.2,below Mara's slope
P06535,C03,secondary header,sub main,200,306.0,0.5,0.267,0.244,1.035,3.6,below Mara's slope
P06536,C09,secondary main sewer,lateral,200,127.8,0.5,0.161,0.207,1.306,1.7,below Mara's slope
P06537,C09,secondary header,sub main,200,83.6,0.5,0.355,0.267,0.907,6.7,below Mara's slope
P06539,C88,secondary main sewer,lateral,200,67.0,0.5,0.739,0.337,0.647,14.1,below Mara's slope
P06540,C03,secondary header,sub main,200,59.5,0.5,0.898,0.358,0.592,21.7,below Mara's slope
P06541,C01,secondary main sewer,lateral,200,129.8,0.5,0.031,0.118,2.81,0.1,below Mara's slope
P06542,C01,secondary header,sub main,200,229.6,0.5,0.041,0.131,2.45,0.2,below Mara's slope
P06544,C03,secondary header,sub main,200,25.5,0.5,0.846,0.351,0.608,19.9,below Mara's slope
P06545,C03,secondary header,sub main,200,192.1,0.5,0.488,0.296,0.783,9.1,below Mara's slope
P06546,C03,secondary main sewer,lateral,200,333.2,0.8,0.156,0.24,1.326,1.4,below Mara's slope
P06547,C88,secondary main sewer,lateral,200,21.5,0.5,0.597,0.315,0.714,10.4,below Mara's slope
P06548,C09,secondary header,sub main,200,335.9,0.5,0.856,0.353,0.605,22.7,below Mara's slope
P06549,C09,secondary header,sub main,200,297.4,0.5,0.362,0.269,0.899,6.7,below Mara's slope
P06550,C09,secondary header,sub main,200,37.6,0.5,0.981,0.368,0.568,27.5,below Mara's slope
P06551,C03,secondary main sewer,lateral,200,27.4,0.5,0.56,0.309,0.735,11.1,below Mara's slope
P06554,C08,secondary header,sub main,200,163.0,0.5,0.545,0.306,0.744,11.5,below Mara's slope
P06555,C08,secondary header,sub main,200,182.7,0.5,0.634,0.321,0.694,14.6,below Mara's slope
P06556,C08,secondary main sewer,lateral,200,114.4,0.5,0.099,0.176,1.633,0.6,below Mara's slope
P06557,C08,secondary header,sub main,200,164.9,0.5,0.306,0.255,0.971,5.1,below Mara's slope
P06558,C09,secondary header,sub main,200,59.4,0.5,0.688,0.329,0.669,11.3,below Mara's slope
P06559,C03,secondary header,sub main,200,302.7,0.5,0.271,0.245,1.028,3.1,below Mara's slope
P06560,C03,secondary header,sub main,200,97.5,0.5,0.51,0.3,0.768,9.4,below Mara's slope
P06561,C01,secondary header,sub main,200,64.2,0.5,0.328,0.26,0.94,7.6,below Mara's slope
P06562,C01,secondary main sewer,lateral,200,171.1,0.5,0.0,0.0,,0.0,no flow in 2030
P06563,C03,secondary main sewer,lateral,200,40.7,0.5,0.983,0.368,0.567,21.5,below Mara's slope
P06564,C09,secondary header,sub main,200,61.0,0.5,0.983,0.368,0.567,25.0,below Mara's slope
P06565,C09,secondary header,sub main,200,43.8,0.5,0.453,0.289,0.811,9.7,below Mara's slope
P06568,C03,secondary header,sub main,200,80.2,0.5,0.462,0.29,0.804,8.0,below Mara's slope
P06572,C09,secondary main sewer,lateral,200,37.6,0.5,0.246,0.237,1.075,3.7,below Mara's slope
P06575,C09,secondary main sewer,lateral,200,46.5,0.5,0.044,0.133,2.387,0.1,below Mara's slope
P06576,C09,secondary main sewer,lateral,200,109.8,0.5,0.104,0.179,1.597,0.8,below Mara's slope
P06577,C03,secondary header,sub main,500,279.7,0.155,14.189,0.48,0.166,396.9,below Mara's slope
P06578,C08,secondary header,sub main,200,83.5,0.5,0.355,0.267,0.907,6.4,below Mara's slope
P06579,C09,secondary header,sub main,200,29.0,0.5,0.86,0.353,0.603,20.1,below Mara's slope
P06580,C295,secondary main sewer,lateral,200,99.6,0.5,0.114,0.184,1.53,0.8,below Mara's slope
P06581,C09,secondary main sewer,lateral,200,15.9,0.5,0.775,0.342,0.633,11.3,below Mara's slope
P06583,C01,secondary header,sub main,200,130.2,0.5,0.171,0.211,1.271,3.1,below Mara's slope
P06584,C03,secondary header,sub main,200,107.4,0.75,0.299,0.291,0.982,3.6,below Mara's slope
P06585,C09,secondary main sewer,lateral,200,131.2,0.5,0.536,0.304,0.75,9.8,below Mara's slope
P06587,C09,secondary main sewer,lateral,200,127.1,0.5,0.19,0.218,1.209,2.4,below Mara's slope
P06588,C09,secondary header,sub main,200,36.8,0.5,0.453,0.289,0.811,9.7,below Mara's slope
P06589,C15,secondary header,sub main,200,10.4,0.5,0.039,0.128,2.514,0.1,below Mara's slope
P06590,C03,secondary main sewer,lateral,200,83.8,0.5,0.069,0.156,1.925,0.3,below Mara's slope
P06592,C03,secondary header,sub main,200,175.8,0.5,0.197,0.221,1.19,2.3,below Mara's slope
P06593,C01,secondary header,sub main,600,1675.2,0.125,24.288,0.509,0.129,781.4,below Mara's slope
P06594,C09,secondary main sewer,lateral,200,154.7,0.5,0.453,0.289,0.811,8.2,below Mara's slope
P06595,C88,secondary header,sub main,200,244.9,0.5,1.012,0.371,0.56,24.0,below Mara's slope
P06596,C09,secondary main sewer,lateral,200,63.8,0.5,0.667,0.326,0.678,14.3,below Mara's slope
P06597,C09,secondary header,sub main,200,190.4,0.5,0.866,0.354,0.601,13.6,below Mara's slope
P06599,C01,secondary main sewer,lateral,200,70.3,0.5,0.071,0.158,1.901,0.6,below Mara's slope
P06600,C15,secondary main sewer,lateral,200,169.6,0.5,0.155,0.204,1.328,1.6,below Mara's slope
P06601,C15,secondary header,sub main,200,345.7,0.5,0.775,0.342,0.633,15.4,below Mara's slope
P06602,C09,secondary main sewer,lateral,200,44.2,0.5,0.161,0.207,1.306,1.8,below Mara's slope
P06603,C09,secondary main sewer,lateral,200,136.4,0.5,0.38,0.273,0.879,6.0,below Mara's slope
P06604,C09,secondary main sewer,lateral,200,93.6,0.55,0.182,0.222,1.234,2.2,below Mara's slope
P06605,C09,secondary main sewer,lateral,200,174.7,0.65,0.156,0.224,1.326,1.6,below Mara's slope
P06606,C09,secondary main sewer,lateral,200,92.1,0.5,0.301,0.253,0.979,4.8,below Mara's slope
P06607,C15,secondary header,sub main,200,25.8,0.5,0.526,0.303,0.757,9.3,below Mara's slope
P06608,C01,secondary main sewer,lateral,200,55.0,0.5,0.081,0.164,1.794,0.8,below Mara's slope
P06609,C01,secondary main sewer,lateral,200,83.7,0.5,0.109,0.181,1.566,1.4,below Mara's slope
P06611,C08,secondary main sewer,lateral,200,152.3,0.5,0.302,0.254,0.977,5.2,below Mara's slope
P06613,C09,secondary header,sub main,200,39.0,0.5,0.8,0.345,0.624,17.7,below Mara's slope
P06615,C09,secondary main sewer,lateral,200,43.7,0.5,0.263,0.242,1.042,3.7,below Mara's slope
P06616,C03,secondary header,sub main,500,67.9,0.155,14.118,0.479,0.166,394.2,below Mara's slope
P06617,C09,secondary main sewer,lateral,200,98.7,0.5,0.199,0.221,1.185,1.0,below Mara's slope
P06618,C09,secondary header,sub main,200,104.1,0.5,0.589,0.314,0.718,10.0,below Mara's slope
P06619,C09,secondary main sewer,lateral,200,21.8,0.5,0.485,0.295,0.786,8.8,below Mara's slope
P06620,C15,secondary main sewer,lateral,200,34.6,0.5,0.104,0.179,1.596,0.7,below Mara's slope
P06621,C15,secondary main sewer,lateral,200,128.5,0.9,0.186,0.265,1.223,2.2,below Mara's slope
P06622,C15,secondary header,sub main,200,197.6,0.5,0.331,0.261,0.937,5.5,below Mara's slope
P06625,C15,secondary header,sub main,200,49.9,0.5,0.267,0.244,1.034,4.3,below Mara's slope
P06626,C01,secondary header,sub main,200,126.8,0.5,0.323,0.259,0.948,7.4,below Mara's slope
P06627,C01,secondary main sewer,lateral,200,90.5,0.5,0.167,0.209,1.283,2.9,below Mara's slope
P06628,C09,secondary header,sub main,200,24.4,0.5,0.685,0.329,0.67,13.4,below Mara's slope
P06629,C03,secondary main sewer,lateral,200,101.7,0.5,0.144,0.199,1.373,1.2,below Mara's slope
P06630,C03,secondary main sewer,lateral,200,54.9,0.5,0.083,0.165,1.777,0.5,below Mara's slope
P06633,C15,secondary main sewer,lateral,200,66.5,0.5,0.086,0.168,1.742,0.6,below Mara's slope
P06634,C09,secondary header,sub main,200,25.0,0.8,0.127,0.225,1.456,1.2,below Mara's slope
P06635,C09,secondary header,sub main,200,65.6,0.5,0.56,0.309,0.735,13.3,below Mara's slope
P06636,C09,secondary header,sub main,200,202.9,0.5,1.201,0.391,0.517,36.8,below Mara's slope
P06638,C88,secondary header,sub main,200,62.6,0.5,0.45,0.288,0.813,9.3,below Mara's slope
P06639,C08,secondary main sewer,lateral,200,143.2,0.5,0.405,0.279,0.853,7.6,below Mara's slope
P06640,C08,secondary main sewer,lateral,200,88.9,0.5,0.47,0.292,0.797,9.7,below Mara's slope
P06642,C15,secondary header,sub main,200,50.4,0.5,0.947,0.364,0.577,20.3,below Mara's slope
P06643,C15,secondary header,sub main,200,187.7,0.5,0.833,0.35,0.612,19.4,below Mara's slope
P06644,C212,secondary header,sub main,200,499.6,0.5,0.0,0.0,,0.0,no flow in 2030
P06646,C03,secondary header,sub main,200,160.8,0.5,0.267,0.244,1.035,3.6,below Mara's slope
P06647,C03,secondary header,sub main,200,108.6,0.5,0.293,0.251,0.992,4.5,below Mara's slope
P06648,C03,secondary main sewer,lateral,200,50.6,0.6,0.424,0.301,0.835,5.6,below Mara's slope
P06649,C01,secondary header,sub main,200,277.1,0.5,0.343,0.264,0.922,8.2,below Mara's slope
P06650,C09,secondary main sewer,lateral,200,31.0,9.1,0.0,0.0,,0.0,no flow in 2030
P06651,C09,secondary header,sub main,200,33.5,0.5,0.614,0.318,0.705,11.0,below Mara's slope
P06656,C03,secondary header,sub main,200,263.6,0.5,0.707,0.332,0.661,17.8,below Mara's slope
P06657,C01,secondary header,sub main,200,71.3,0.5,0.37,0.271,0.89,9.4,below Mara's slope
P06658,C01,secondary header,sub main,200,127.9,0.5,0.004,0.057,6.994,0.0,below Mara's slope
P06661,C03,secondary main sewer,lateral,200,43.7,0.5,0.341,0.264,0.924,4.9,below Mara's slope
P06663,C09,secondary main sewer,lateral,200,80.3,0.5,0.353,0.267,0.909,5.0,below Mara's slope
P06664,C03,secondary main sewer,lateral,200,35.0,0.5,0.116,0.185,1.52,1.0,below Mara's slope
P06665,C03,secondary main sewer,lateral,200,120.9,0.5,0.116,0.185,1.52,1.0,below Mara's slope
P06667,C03,secondary header,sub main,200,26.4,0.5,0.267,0.244,1.035,3.6,below Mara's slope
P06668,C88,secondary header,sub main,200,46.7,0.9,0.229,0.284,1.111,3.2,below Mara's slope
P06671,C08,secondary main sewer,lateral,200,86.9,0.5,0.337,0.263,0.929,6.6,below Mara's slope
P06673,C03,secondary main sewer,lateral,200,149.2,0.7,0.173,0.237,1.263,1.9,below Mara's slope
P06674,C03,secondary main sewer,lateral,200,141.2,0.5,0.097,0.175,1.649,0.6,below Mara's slope
P06675,C09,secondary header,sub main,200,26.2,0.5,0.563,0.309,0.733,9.2,below Mara's slope
P06676,C09,secondary main sewer,lateral,200,97.9,0.5,0.234,0.233,1.1,3.1,below Mara's slope
P06678,C03,secondary header,sub main,500,137.4,0.155,14.055,0.479,0.166,391.7,below Mara's slope
P06679,C03,secondary main sewer,lateral,200,191.9,0.5,0.169,0.21,1.279,1.7,below Mara's slope
P06680,C01,secondary header,sub main,200,76.9,0.5,0.245,0.237,1.076,4.4,below Mara's slope
P06681,C01,secondary main sewer,lateral,200,144.6,0.9,0.225,0.282,1.119,3.7,below Mara's slope
P06683,C03,secondary header,sub main,200,252.2,0.5,0.22,0.229,1.132,2.9,below Mara's slope
P06684,C08,secondary header,sub main,200,86.3,0.95,0.219,0.285,1.133,3.0,below Mara's slope
P06685,C03,secondary header,sub main,200,234.0,0.5,0.32,0.258,0.952,5.4,below Mara's slope
P06686,C09,secondary main sewer,lateral,200,60.2,0.5,0.285,0.249,1.003,3.7,below Mara's slope
P06687,C03,secondary header,sub main,200,249.4,0.8,0.172,0.248,1.267,1.7,below Mara's slope
P06688,C03,secondary header,sub main,200,49.0,0.5,0.267,0.244,1.035,3.6,below Mara's slope
P06690,C15,secondary header,sub main,200,96.7,0.5,0.447,0.287,0.816,8.9,below Mara's slope
P06691,C15,secondary header,sub main,200,140.4,0.5,0.579,0.312,0.724,13.1,below Mara's slope
P06692,C03,secondary header,sub main,200,210.7,0.5,0.409,0.279,0.85,7.9,below Mara's slope
P06693,C03,secondary header,sub main,200,297.4,0.5,0.714,0.333,0.657,18.1,below Mara's slope
P06695,C03,secondary main sewer,lateral,200,12.4,0.5,0.382,0.273,0.877,7.3,below Mara's slope
P06697,C15,secondary main sewer,lateral,200,105.5,0.5,0.373,0.271,0.887,7.1,below Mara's slope
P06698,C08,secondary main sewer,lateral,200,82.7,0.5,0.518,0.301,0.762,11.2,below Mara's slope
P06699,C03,secondary main sewer,lateral,200,212.2,0.5,0.557,0.308,0.737,11.0,below Mara's slope
P06700,C03,secondary main sewer,lateral,200,162.9,0.5,0.131,0.193,1.437,1.3,below Mara's slope
P06701,C08,secondary header,sub main,200,230.1,0.5,0.6,0.315,0.712,14.2,below Mara's slope
P06702,C08,secondary header,sub main,200,83.2,0.5,0.255,0.24,1.057,3.8,below Mara's slope
P06705,C09,secondary main sewer,lateral,200,30.7,0.5,0.2,0.222,1.183,2.4,below Mara's slope
P06706,C09,secondary header,sub main,200,43.3,0.5,0.487,0.295,0.784,6.7,below Mara's slope
P06707,C88,secondary header,sub main,200,55.1,0.7,0.229,0.26,1.111,3.2,below Mara's slope
P06709,C88,secondary header,sub main,200,154.2,0.55,0.504,0.309,0.772,9.8,below Mara's slope
P06711,C09,secondary main sewer,lateral,200,68.7,0.6,0.817,0.37,0.618,21.0,below Mara's slope
P06712,C03,secondary header,sub main,200,88.7,0.5,0.244,0.237,1.079,3.3,below Mara's slope
P06713,C03,secondary main sewer,lateral,200,112.4,0.85,0.356,0.321,0.906,5.0,below Mara's slope
P06714,C03,secondary main sewer,lateral,200,222.8,0.65,0.554,0.337,0.739,10.4,below Mara's slope
P06716,C03,secondary main sewer,lateral,200,25.3,0.5,0.087,0.168,1.737,0.6,below Mara's slope
P06719,C09,secondary header,sub main,200,225.5,0.5,0.776,0.342,0.632,11.4,below Mara's slope
P06720,C01,secondary main sewer,lateral,200,90.2,0.5,0.163,0.208,1.298,1.7,below Mara's slope
P06721,C01,secondary header,sub main,200,85.1,0.5,0.398,0.277,0.86,10.7,below Mara's slope
P06722,C09,secondary header,sub main,200,163.0,0.5,0.241,0.236,1.085,1.2,below Mara's slope
P06725,C15,secondary main sewer,lateral,200,169.4,0.5,0.166,0.209,1.289,1.8,below Mara's slope
P06728,C03,secondary header,sub main,500,108.2,0.155,13.972,0.478,0.167,388.6,below Mara's slope
P06730,C09,secondary main sewer,lateral,200,36.5,0.5,0.0,0.0,,0.0,no flow in 2030
P06732,C09,secondary header,sub main,200,127.6,0.5,0.767,0.341,0.636,18.5,below Mara's slope
P06733,C08,secondary header,sub main,200,156.0,1.0,0.04,0.164,2.474,0.2,below Mara's slope
P06734,C08,secondary header,sub main,200,133.2,0.5,0.175,0.212,1.258,2.9,below Mara's slope
P06735,C08,secondary main sewer,lateral,200,160.6,0.5,0.24,0.235,1.086,3.5,below Mara's slope
P06739,C03,secondary main sewer,lateral,200,89.4,1.0,0.17,0.267,1.274,1.9,below Mara's slope
P06742,C15,secondary main sewer,lateral,200,105.5,0.5,0.127,0.191,1.456,1.2,below Mara's slope
P06743,C03,secondary main sewer,lateral,200,89.5,0.5,0.24,0.235,1.086,3.3,below Mara's slope
P06745,C01,secondary main sewer,lateral,200,90.0,0.5,0.123,0.189,1.479,0.7,below Mara's slope
P06749,C09,secondary header,sub main,200,44.3,0.5,0.36,0.268,0.902,3.1,below Mara's slope
P06750,C03,secondary header,sub main,500,21.9,0.155,13.941,0.478,0.167,387.4,below Mara's slope
P06752,C08,secondary header,sub main,200,168.9,0.5,0.39,0.275,0.868,7.5,below Mara's slope
P06753,C08,secondary header,sub main,200,243.4,0.5,0.644,0.323,0.689,16.0,below Mara's slope
P06755,C09,secondary main sewer,lateral,200,6.6,1.6,0.0,0.0,,0.0,no flow in 2030
P06757,C09,secondary main sewer,lateral,200,52.4,0.5,0.586,0.313,0.72,12.3,below Mara's slope
P06761,C03,secondary header,sub main,200,124.9,0.5,0.61,0.317,0.707,14.5,below Mara's slope
P06762,C03,secondary main sewer,lateral,200,42.1,0.5,0.354,0.267,0.909,6.2,below Mara's slope
P06765,C08,secondary header,sub main,200,166.1,0.6,0.263,0.258,1.042,2.5,below Mara's slope
P06768,C15,secondary main sewer,lateral,200,69.1,0.5,0.0,0.0,,0.0,no flow in 2030
P06769,C15,secondary main sewer,lateral,200,241.8,0.5,0.0,0.0,,0.0,no flow in 2030
P06770,C03,secondary header,sub main,200,58.3,0.5,0.053,0.143,2.172,0.2,below Mara's slope
P06773,C03,secondary main sewer,lateral,200,30.3,0.5,0.416,0.281,0.843,8.2,below Mara's slope
P06774,C08,secondary main sewer,lateral,200,79.5,0.5,0.646,0.323,0.688,15.6,below Mara's slope
P06775,C08,secondary main sewer,lateral,200,84.2,0.5,0.723,0.334,0.654,18.3,below Mara's slope
P06778,C09,secondary main sewer,lateral,200,53.8,0.5,0.074,0.159,1.869,0.4,below Mara's slope
P06779,C03,secondary main sewer,lateral,200,91.1,0.5,0.382,0.273,0.877,7.3,below Mara's slope
P06780,C03,secondary header,sub main,200,135.0,0.5,0.0,0.0,,0.0,no flow in 2030
P06781,C03,secondary main sewer,lateral,200,197.6,0.5,0.147,0.2,1.363,1.5,below Mara's slope
P06782,C09,secondary main sewer,lateral,200,49.4,0.5,1.135,0.385,0.531,16.8,below Mara's slope
P06783,C08,secondary header,sub main,200,93.6,0.5,0.318,0.258,0.955,3.9,below Mara's slope
P06784,C08,secondary header,sub main,200,91.1,0.5,0.735,0.336,0.649,19.1,below Mara's slope
P06785,C01,secondary main sewer,lateral,200,64.4,0.5,0.0,0.0,,0.0,no flow in 2030
P06786,C01,secondary header,sub main,200,301.7,0.5,0.398,0.277,0.86,10.7,below Mara's slope
P06788,C09,secondary main sewer,lateral,200,60.1,0.6,0.128,0.204,1.452,1.1,below Mara's slope
P06789,C03,secondary main sewer,lateral,200,54.9,0.5,0.343,0.264,0.921,5.0,below Mara's slope
P06790,C03,secondary main sewer,lateral,200,239.7,0.5,0.513,0.3,0.766,6.3,below Mara's slope
P06791,C15,secondary main sewer,lateral,200,44.3,0.5,0.088,0.169,1.721,0.5,below Mara's slope
P06793,C15,secondary main sewer,lateral,200,20.3,0.5,0.0,0.0,,0.0,no flow in 2030
P06794,C15,secondary header,sub main,200,279.2,0.5,0.0,0.0,,0.0,no flow in 2030
P06797,C15,secondary header,sub main,200,59.0,0.5,0.085,0.167,1.751,0.5,below Mara's slope
P06798,C15,secondary main sewer,lateral,200,74.2,0.5,0.044,0.133,2.387,0.1,below Mara's slope
P06799,C15,secondary header,sub main,200,306.3,0.5,0.071,0.157,1.907,0.3,below Mara's slope
P06800,C03,secondary header,sub main,200,169.5,0.5,0.178,0.214,1.247,1.8,below Mara's slope
P06801,C03,secondary header,sub main,200,54.8,0.5,0.103,0.178,1.606,0.7,below Mara's slope
P06802,C03,secondary header,sub main,200,79.7,0.5,0.103,0.178,1.606,0.7,below Mara's slope
P06803,C03,secondary header,sub main,200,215.0,1.35,0.09,0.239,1.704,0.5,below Mara's slope
P06804,C03,secondary header,sub main,200,41.4,0.5,0.203,0.223,1.175,2.5,below Mara's slope
P06805,C09,secondary header,sub main,200,74.6,0.5,0.757,0.339,0.64,18.2,below Mara's slope
P06806,C09,secondary header,sub main,200,101.6,0.5,0.454,0.289,0.81,8.0,below Mara's slope
P06807,C09,secondary main sewer,lateral,200,36.0,0.5,0.168,0.209,1.282,1.8,below Mara's slope
P06808,C03,secondary header,sub main,200,191.6,0.55,0.13,0.199,1.443,1.1,below Mara's slope
P06809,C09,secondary main sewer,lateral,200,53.0,0.5,0.529,0.303,0.755,10.4,below Mara's slope
P06810,C15,secondary main sewer,lateral,200,58.6,0.5,0.077,0.162,1.835,0.4,below Mara's slope
P06811,C08,secondary header,sub main,200,148.8,0.5,0.863,0.353,0.602,23.2,below Mara's slope
P06812,C08,secondary header,sub main,200,178.6,0.5,1.022,0.372,0.557,29.7,below Mara's slope
P06813,C08,secondary header,sub main,200,89.6,0.5,0.927,0.361,0.583,25.0,below Mara's slope
P06814,C08,secondary main sewer,lateral,200,162.1,0.5,0.543,0.306,0.746,13.0,below Mara's slope
P06817,C03,secondary main sewer,lateral,200,51.5,0.5,0.535,0.304,0.751,12.2,below Mara's slope
P06818,C15,secondary main sewer,lateral,200,17.1,0.5,0.087,0.168,1.737,0.6,below Mara's slope
P06819,C15,secondary main sewer,lateral,200,115.4,0.5,0.075,0.16,1.859,0.4,below Mara's slope
P06820,C09,secondary main sewer,lateral,200,47.6,0.5,0.616,0.318,0.704,5.5,below Mara's slope
P06821,C01,secondary header,sub main,200,88.1,0.5,0.398,0.277,0.86,10.7,below Mara's slope
P06822,C01,secondary main sewer,lateral,200,44.3,0.5,0.091,0.171,1.699,0.9,below Mara's slope
P06824,C09,secondary main sewer,lateral,200,48.3,0.5,0.631,0.321,0.696,12.3,below Mara's slope
P06825,C09,secondary header,sub main,200,27.8,0.5,0.691,0.33,0.667,15.8,below Mara's slope
P06826,C09,secondary header,sub main,200,172.0,0.5,0.576,0.311,0.726,13.0,below Mara's slope
P06827,C09,secondary main sewer,lateral,200,13.9,0.5,0.386,0.274,0.873,3.7,below Mara's slope
P06830,C09,secondary main sewer,lateral,200,103.6,0.5,0.102,0.178,1.612,0.8,below Mara's slope
P06831,C08,secondary main sewer,lateral,200,43.0,2.1,0.016,0.15,3.832,0.0,below Mara's slope
P06832,C09,secondary main sewer,lateral,200,65.6,0.5,0.084,0.167,1.762,0.5,below Mara's slope
P06834,C03,secondary main sewer,lateral,200,25.9,0.5,0.09,0.17,1.711,0.6,below Mara's slope
P06836,C03,secondary main sewer,lateral,200,22.3,0.5,0.021,0.104,3.316,0.0,below Mara's slope
P06837,C08,secondary main sewer,lateral,200,105.2,0.5,0.167,0.209,1.283,2.7,below Mara's slope
P06838,C08,secondary main sewer,lateral,200,134.1,0.5,0.143,0.199,1.378,2.0,below Mara's slope
P06840,C08,secondary header,sub main,200,95.9,0.5,1.156,0.387,0.527,35.8,below Mara's slope
P06841,C15,secondary main sewer,lateral,200,89.3,0.5,0.178,0.213,1.248,2.1,below Mara's slope
P06843,C01,secondary header,sub main,600,467.8,0.125,24.288,0.509,0.129,781.4,below Mara's slope
P06845,C09,secondary main sewer,lateral,200,158.6,0.5,0.58,0.312,0.723,8.6,below Mara's slope
P06846,C01,secondary header,sub main,200,402.2,0.5,0.206,0.224,1.165,4.1,below Mara's slope
P06847,C03,secondary main sewer,lateral,200,62.5,0.5,0.044,0.133,2.388,0.1,below Mara's slope
P06848,C03,secondary main sewer,lateral,200,89.8,0.5,0.416,0.281,0.843,8.2,below Mara's slope
P06849,C01,secondary main sewer,lateral,200,26.8,0.9,0.028,0.139,2.927,0.1,below Mara's slope
P06850,C01,secondary main sewer,lateral,200,52.9,0.5,0.153,0.203,1.337,2.5,below Mara's slope
P06851,C09,secondary main sewer,lateral,200,27.1,0.5,0.249,0.238,1.069,1.2,below Mara's slope
P06853,C09,secondary main sewer,lateral,200,30.3,0.5,0.688,0.329,0.669,15.3,below Mara's slope
P06855,C15,secondary header,sub main,200,194.9,0.5,0.285,0.249,1.004,4.4,below Mara's slope
P06857,C09,secondary main sewer,lateral,200,16.2,0.5,0.83,0.349,0.613,19.5,below Mara's slope
P06860,C03,secondary main sewer,lateral,200,347.0,0.5,0.893,0.357,0.593,23.0,below Mara's slope
P06862,C08,secondary header,sub main,200,88.6,0.5,0.377,0.272,0.883,7.2,below Mara's slope
P06864,C15,secondary main sewer,lateral,200,88.8,0.5,0.121,0.188,1.493,0.9,below Mara's slope
P06865,C15,secondary header,sub main,200,19.5,0.5,0.773,0.342,0.634,17.0,below Mara's slope
P06866,C09,secondary main sewer,lateral,200,236.1,0.5,0.759,0.34,0.639,11.3,below Mara's slope
P06868,C09,secondary main sewer,lateral,200,84.8,0.5,0.094,0.173,1.674,0.4,below Mara's slope
P06870,C03,secondary main sewer,lateral,200,125.9,0.5,0.523,0.302,0.759,6.4,below Mara's slope
P06871,C15,secondary main sewer,lateral,200,185.7,0.5,0.65,0.323,0.687,12.7,below Mara's slope
P06872,C08,secondary main sewer,lateral,200,21.3,0.5,0.015,0.092,3.895,0.0,below Mara's slope
P06873,C08,secondary main sewer,lateral,200,28.7,0.5,0.015,0.092,3.855,0.0,below Mara's slope
P06874,C09,secondary header,sub main,200,78.3,0.5,0.261,0.242,1.045,2.6,below Mara's slope
P06875,C09,secondary main sewer,lateral,200,122.4,0.5,0.256,0.24,1.054,2.5,below Mara's slope
P06876,C09,secondary main sewer,lateral,200,61.2,0.5,0.228,0.232,1.112,2.0,below Mara's slope
P06877,C09,secondary main sewer,lateral,200,23.4,0.5,1.24,0.395,0.51,36.2,below Mara's slope
P06878,C15,secondary main sewer,lateral,200,8.4,0.5,0.516,0.301,0.764,8.1,below Mara's slope
P06879,C09,secondary header,sub main,200,124.5,0.5,0.399,0.277,0.86,6.3,below Mara's slope
P06880,C09,secondary header,sub main,200,79.1,0.5,0.241,0.236,1.084,1.8,below Mara's slope
P06881,C09,secondary header,sub main,200,17.1,0.5,0.509,0.3,0.768,8.2,below Mara's slope
P06883,C08,secondary header,sub main,200,87.1,0.5,0.69,0.33,0.668,17.1,below Mara's slope
P06885,C09,secondary main sewer,lateral,200,72.1,0.5,0.205,0.224,1.169,2.7,below Mara's slope
P06888,C15,secondary main sewer,lateral,200,115.4,0.5,0.203,0.223,1.174,2.3,below Mara's slope
P06889,C15,secondary main sewer,lateral,200,88.2,0.5,0.232,0.233,1.103,3.2,below Mara's slope
P06891,C09,secondary main sewer,lateral,200,14.5,0.5,0.0,0.0,,0.0,no flow in 2030
P06893,C03,secondary main sewer,lateral,200,60.2,0.5,0.066,0.154,1.966,0.3,below Mara's slope
P06894,C01,secondary header,sub main,200,294.6,0.5,0.304,0.254,0.975,7.9,below Mara's slope
P06895,C09,secondary main sewer,lateral,200,89.2,0.5,0.137,0.196,1.406,1.4,below Mara's slope
P06896,C03,secondary header,sub main,200,105.7,0.5,0.283,0.248,1.008,4.4,below Mara's slope
P06897,C03,secondary header,sub main,200,93.2,0.5,0.358,0.268,0.903,6.3,below Mara's slope
P06898,C09,secondary main sewer,lateral,200,43.2,0.5,0.162,0.207,1.304,0.6,below Mara's slope
P06899,C08,secondary main sewer,lateral,200,99.4,0.5,0.622,0.319,0.7,15.7,below Mara's slope
P06901,C15,secondary main sewer,lateral,200,94.0,0.5,0.516,0.301,0.764,8.1,below Mara's slope
P06902,C03,secondary header,sub main,500,210.9,0.155,12.877,0.467,0.173,353.2,below Mara's slope
P06903,C03,secondary main sewer,lateral,200,138.3,0.5,0.407,0.279,0.852,7.8,below Mara's slope
P06904,C03,secondary main sewer,lateral,200,122.4,0.5,0.248,0.238,1.07,3.7,below Mara's slope
P06906,C03,secondary main sewer,lateral,200,90.6,0.5,0.075,0.16,1.856,0.4,below Mara's slope
P06907,C03,secondary header,sub main,200,335.2,0.5,1.25,0.396,0.508,34.2,below Mara's slope
P06913,C03,secondary main sewer,lateral,200,91.3,0.5,0.336,0.262,0.931,5.8,below Mara's slope
P06914,C15,secondary main sewer,lateral,200,87.3,0.5,0.4,0.277,0.859,7.5,below Mara's slope
P06915,C15,secondary header,sub main,200,82.2,0.5,0.822,0.348,0.616,19.0,below Mara's slope
P06916,C03,secondary main sewer,lateral,200,79.3,0.5,0.568,0.31,0.731,7.7,below Mara's slope
P06917,C03,secondary main sewer,lateral,200,44.0,0.5,0.851,0.352,0.606,9.6,below Mara's slope
P06918,C08,secondary header,sub main,200,87.1,0.5,1.117,0.383,0.535,33.6,below Mara's slope
P06919,C08,secondary header,sub main,200,139.1,0.5,0.739,0.337,0.647,18.8,below Mara's slope
P06920,C01,secondary header,sub main,200,306.4,0.5,0.429,0.284,0.831,12.2,below Mara's slope
P06921,C15,secondary header,sub main,200,453.9,0.5,0.352,0.266,0.911,6.4,below Mara's slope
P06922,C03,secondary header,sub main,200,22.7,0.5,1.114,0.382,0.536,28.7,below Mara's slope
P06924,C01,secondary header,sub main,200,65.6,0.5,0.36,0.268,0.901,10.4,below Mara's slope
P06925,C01,secondary header,sub main,200,131.9,0.5,0.83,0.349,0.613,34.3,below Mara's slope
P06928,C08,secondary header,sub main,200,232.5,0.5,0.175,0.212,1.258,2.9,below Mara's slope
P06929,C15,secondary main sewer,lateral,200,106.3,0.55,0.0,0.0,,0.0,no flow in 2030
P06932,C246,secondary header,sub main,200,218.6,0.5,0.132,0.194,1.43,0.0,below Mara's slope
P06933,C01,secondary main sewer,lateral,200,131.2,0.5,0.177,0.213,1.25,3.2,below Mara's slope
P06934,C09,secondary main sewer,lateral,200,37.4,0.5,0.0,0.0,,0.0,no flow in 2030
P06936,C15,secondary main sewer,lateral,200,225.4,0.5,0.791,0.344,0.627,14.8,below Mara's slope
P06937,C15,secondary main sewer,lateral,200,29.8,0.5,0.106,0.18,1.582,0.8,below Mara's slope
P06942,C09,secondary main sewer,lateral,200,69.1,0.5,0.161,0.206,1.307,1.8,below Mara's slope
P06943,C09,secondary main sewer,lateral,200,69.4,0.5,1.178,0.389,0.522,33.5,below Mara's slope
P06944,C03,secondary main sewer,lateral,200,113.9,0.5,0.103,0.178,1.608,0.7,below Mara's slope
P06945,C03,secondary header,sub main,200,47.7,0.5,1.097,0.381,0.539,28.1,below Mara's slope
P06946,C161,secondary header,sub main,200,31.1,0.5,0.139,0.197,1.399,1.4,below Mara's slope
P06948,C03,secondary header,sub main,200,51.6,0.5,0.522,0.302,0.76,11.3,below Mara's slope
P06949,C03,secondary main sewer,lateral,200,20.8,0.5,0.369,0.27,0.891,5.8,below Mara's slope
P06950,C03,secondary main sewer,lateral,200,99.1,0.5,0.54,0.305,0.747,11.3,below Mara's slope
P06951,C09,secondary main sewer,lateral,200,70.8,0.5,0.439,0.286,0.822,9.3,below Mara's slope
P06952,C03,secondary main sewer,lateral,200,49.5,0.5,0.0,0.0,,0.0,no flow in 2030
P06953,C03,secondary main sewer,lateral,200,57.7,0.5,1.224,0.394,0.513,21.9,below Mara's slope
P06954,C03,secondary header,sub main,200,108.9,0.5,0.13,0.192,1.444,1.0,below Mara's slope
P06955,C03,secondary header,sub main,200,28.7,0.5,1.073,0.378,0.545,27.3,below Mara's slope
P06956,C08,secondary header,sub main,200,89.3,0.5,0.793,0.344,0.626,21.3,below Mara's slope
P06957,C15,secondary header,sub main,200,363.2,0.5,0.189,0.218,1.214,2.1,below Mara's slope
P06958,C15,secondary header,sub main,200,153.9,0.5,0.344,0.264,0.921,5.9,below Mara's slope
P06959,C15,secondary main sewer,lateral,200,28.2,0.5,0.133,0.194,1.425,1.3,below Mara's slope
P06961,C03,secondary main sewer,lateral,200,89.6,0.5,0.258,0.241,1.051,3.6,below Mara's slope
P06962,C01,secondary header,sub main,200,103.7,0.5,0.442,0.286,0.82,12.8,below Mara's slope
P06965,C03,secondary main sewer,lateral,200,13.3,0.5,0.086,0.168,1.742,0.6,below Mara's slope
P06966,C03,secondary header,sub main,200,342.9,0.5,0.517,0.301,0.763,10.2,below Mara's slope
P06967,C03,secondary main sewer,lateral,200,23.0,0.5,1.224,0.394,0.513,21.9,below Mara's slope
P06968,C03,secondary header,sub main,200,63.8,0.5,0.591,0.314,0.717,12.4,below Mara's slope
P06969,C03,secondary header,sub main,200,131.5,0.5,0.138,0.196,1.401,1.3,below Mara's slope
P06970,C03,secondary header,sub main,200,59.0,0.5,0.538,0.305,0.749,10.7,below Mara's slope
P06971,C01,secondary main sewer,lateral,200,89.0,1.0,0.15,0.256,1.348,2.5,below Mara's slope
P06972,C03,secondary main sewer,lateral,200,44.5,0.5,0.358,0.268,0.904,6.0,below Mara's slope
P06973,C161,secondary main sewer,lateral,200,38.1,0.5,0.242,0.236,1.082,3.5,below Mara's slope
P06975,C15,secondary header,sub main,200,99.7,0.5,0.363,0.269,0.898,6.7,below Mara's slope
P06976,C03,secondary main sewer,lateral,200,9.6,0.5,0.033,0.121,2.725,0.1,below Mara's slope
P06977,C03,secondary main sewer,lateral,200,64.1,0.5,0.096,0.174,1.654,0.6,below Mara's slope
P06978,C15,secondary main sewer,lateral,200,79.2,0.5,0.428,0.283,0.833,8.3,below Mara's slope
P06980,C03,secondary header,sub main,200,144.7,0.5,1.174,0.389,0.523,35.2,below Mara's slope
P06982,C09,secondary main sewer,lateral,200,16.8,0.5,0.0,0.0,,0.0,no flow in 2030
P06985,C09,secondary main sewer,lateral,200,17.1,0.5,0.035,0.123,2.641,0.1,below Mara's slope
P06986,C03,secondary header,sub main,200,321.0,0.55,0.176,0.22,1.253,1.7,below Mara's slope
P06987,C09,secondary main sewer,lateral,200,27.0,0.5,0.035,0.123,2.641,0.1,below Mara's slope
P06989,C09,secondary main sewer,lateral,200,20.6,0.5,0.165,0.208,1.292,0.1,below Mara's slope
P06990,C03,secondary main sewer,lateral,200,50.9,0.5,0.688,0.329,0.669,9.9,below Mara's slope
P06991,C08,secondary main sewer,lateral,200,96.2,0.5,0.518,0.301,0.762,10.8,below Mara's slope
P06993,C03,secondary main sewer,lateral,200,66.2,0.5,0.624,0.319,0.7,8.7,below Mara's slope
P06996,C08,secondary header,sub main,200,85.3,0.5,0.595,0.315,0.715,13.9,below Mara's slope
P06997,C08,secondary main sewer,lateral,200,140.0,0.65,0.211,0.247,1.153,2.6,below Mara's slope
P06998,C03,secondary main sewer,lateral,200,57.4,0.5,0.369,0.27,0.891,5.8,below Mara's slope
P06999,C03,secondary main sewer,lateral,200,26.3,0.5,0.025,0.11,3.058,0.1,below Mara's slope
P07000,C15,secondary header,sub main,200,67.6,0.5,0.414,0.28,0.845,8.0,below Mara's slope
P07002,C03,secondary main sewer,lateral,200,61.0,0.5,0.622,0.319,0.7,12.5,below Mara's slope
P07003,C03,secondary header,sub main,200,86.0,0.5,1.016,0.372,0.559,28.7,below Mara's slope
P07004,C161,secondary main sewer,lateral,200,25.6,0.5,0.131,0.193,1.438,1.3,below Mara's slope
P07008,C09,secondary main sewer,lateral,200,71.6,0.5,0.231,0.232,1.107,3.3,below Mara's slope
P07010,C15,secondary main sewer,lateral,200,83.3,0.5,0.594,0.314,0.716,7.5,below Mara's slope
P07012,C03,secondary header,sub main,500,147.2,0.155,12.614,0.464,0.175,344.8,below Mara's slope
P07013,C03,secondary main sewer,lateral,200,117.3,0.5,0.378,0.272,0.881,6.5,below Mara's slope
P07016,C15,secondary main sewer,lateral,200,115.3,0.55,0.423,0.292,0.837,6.1,below Mara's slope
P07017,C15,secondary main sewer,lateral,200,55.3,0.5,0.59,0.314,0.718,7.4,below Mara's slope
P07018,C09,secondary main sewer,lateral,200,6.0,0.5,0.0,0.0,,0.0,no flow in 2030
P07020,C03,secondary main sewer,lateral,200,58.3,0.5,0.008,0.072,5.291,0.0,below Mara's slope
P07023,C03,secondary main sewer,lateral,200,50.3,0.5,0.156,0.205,1.325,1.6,below Mara's slope
P07024,C03,secondary header,sub main,200,97.8,0.6,0.293,0.267,0.991,4.6,below Mara's slope
P07025,C03,secondary header,sub main,200,95.0,0.5,0.577,0.312,0.725,13.2,below Mara's slope
P07026,C15,secondary main sewer,lateral,200,78.8,0.85,0.294,0.302,0.99,0.6,below Mara's slope
P07029,C09,secondary main sewer,lateral,200,301.9,0.5,0.802,0.345,0.623,19.3,below Mara's slope
P07030,C09,secondary main sewer,lateral,200,150.3,0.65,0.222,0.251,1.126,3.0,below Mara's slope
P07031,C03,secondary main sewer,lateral,200,52.3,0.6,0.19,0.232,1.212,0.9,below Mara's slope
P07032,C03,secondary main sewer,lateral,200,64.8,0.5,0.584,0.313,0.721,8.5,below Mara's slope
P07034,C161,secondary header,sub main,200,148.5,0.5,0.596,0.315,0.714,11.8,below Mara's slope
P07037,C03,secondary main sewer,lateral,200,44.6,0.5,0.164,0.208,1.295,1.9,below Mara's slope
P07038,C01,secondary header,sub main,200,325.9,0.5,0.226,0.231,1.117,4.8,below Mara's slope
P07039,C01,secondary header,sub main,200,232.9,0.5,0.442,0.286,0.82,12.8,below Mara's slope
P07041,C15,secondary main sewer,lateral,200,130.0,0.6,0.198,0.235,1.187,1.2,below Mara's slope
P07043,C08,secondary main sewer,lateral,200,87.0,0.5,0.034,0.122,2.672,0.1,below Mara's slope
P07044,C08,secondary main sewer,lateral,200,48.8,0.5,0.078,0.162,1.823,0.7,below Mara's slope
P07047,C03,secondary header,sub main,200,207.7,0.5,0.278,0.247,1.015,4.3,below Mara's slope
P07048,C03,secondary main sewer,lateral,200,81.2,0.5,0.513,0.3,0.766,9.2,below Mara's slope
P07049,C03,secondary main sewer,lateral,200,95.1,0.5,0.108,0.181,1.568,0.9,below Mara's slope
P07050,C08,secondary main sewer,lateral,200,98.4,0.5,0.309,0.256,0.966,4.8,below Mara's slope
P07052,C08,secondary header,sub main,200,86.2,0.5,0.446,0.287,0.816,9.1,below Mara's slope
P07053,C08,secondary main sewer,lateral,200,140.8,0.7,0.261,0.272,1.046,3.9,below Mara's slope
P07054,C03,secondary header,sub main,200,88.5,0.5,0.955,0.365,0.575,26.2,below Mara's slope
P07055,C15,secondary main sewer,lateral,200,44.6,0.5,0.198,0.221,1.187,1.2,below Mara's slope
P07056,C08,secondary main sewer,lateral,200,88.7,0.5,0.187,0.217,1.22,3.5,below Mara's slope
P07057,C03,secondary header,sub main,200,197.7,0.5,0.377,0.272,0.883,6.9,below Mara's slope
P07058,C03,secondary header,sub main,200,227.7,0.5,0.239,0.235,1.088,3.5,below Mara's slope
P07059,C09,secondary main sewer,lateral,200,35.7,0.5,0.435,0.285,0.826,8.3,below Mara's slope
P07060,C03,secondary main sewer,lateral,200,32.3,0.5,0.442,0.286,0.82,6.9,below Mara's slope
P07063,C09,secondary main sewer,lateral,200,80.0,0.5,0.813,0.347,0.619,15.7,below Mara's slope
P07065,C03,secondary header,sub main,200,70.8,0.5,0.731,0.336,0.65,18.6,below Mara's slope
P07066,C09,secondary main sewer,lateral,200,59.2,0.5,0.562,0.309,0.734,12.3,below Mara's slope
P07067,C08,secondary main sewer,lateral,200,228.7,0.5,0.116,0.185,1.519,1.5,below Mara's slope
P07071,C03,secondary main sewer,lateral,200,179.5,0.5,0.58,0.312,0.723,6.7,below Mara's slope
P07072,C03,secondary main sewer,lateral,200,74.2,0.5,0.1,0.176,1.629,0.6,below Mara's slope
P07073,C09,secondary main sewer,lateral,200,76.6,0.5,0.336,0.262,0.93,5.7,below Mara's slope
P07074,C08,secondary header,sub main,200,84.5,0.5,0.542,0.305,0.747,12.1,below Mara's slope
P07075,C09,secondary main sewer,lateral,200,94.6,0.5,0.21,0.225,1.155,2.0,below Mara's slope
P07076,C09,secondary main sewer,lateral,200,31.1,0.5,0.482,0.294,0.788,9.8,below Mara's slope
P07077,C09,secondary main sewer,lateral,200,188.5,0.5,0.562,0.309,0.734,12.3,below Mara's slope
P07078,C03,secondary main sewer,lateral,200,47.4,0.5,0.225,0.23,1.12,1.4,below Mara's slope
P07079,C15,secondary main sewer,lateral,200,19.8,1.3,0.108,0.251,1.567,0.9,below Mara's slope
P07081,C03,secondary header,sub main,500,113.0,0.155,12.423,0.462,0.176,338.3,below Mara's slope
P07082,C03,secondary header,sub main,200,80.5,0.5,0.494,0.297,0.779,10.5,below Mara's slope
P07083,C03,secondary header,sub main,200,241.8,0.5,0.896,0.358,0.592,23.8,below Mara's slope
P07087,C03,secondary main sewer,lateral,200,107.2,0.5,0.314,0.257,0.96,4.7,below Mara's slope
P07088,C09,secondary main sewer,lateral,200,343.9,0.5,0.142,0.198,1.385,1.4,below Mara's slope
P07089,C15,secondary main sewer,lateral,200,39.2,0.5,0.051,0.14,2.223,0.2,below Mara's slope
P07090,C15,secondary header,sub main,200,29.4,0.5,0.094,0.173,1.673,0.7,below Mara's slope
P07091,C08,secondary main sewer,lateral,200,148.6,0.5,0.161,0.207,1.306,2.7,below Mara's slope
P07092,C03,secondary main sewer,lateral,200,117.9,0.5,0.081,0.164,1.794,0.4,below Mara's slope
P07093,C08,secondary main sewer,lateral,200,92.4,1.05,0.218,0.294,1.137,2.7,below Mara's slope
P07095,C15,secondary header,sub main,200,420.7,0.5,0.811,0.347,0.62,21.4,below Mara's slope
P07096,C03,secondary header,sub main,200,115.1,0.6,0.0,0.0,,0.0,no flow in 2030
P07097,C03,secondary main sewer,lateral,200,105.0,0.5,0.246,0.237,1.074,3.5,below Mara's slope
P07100,C09,secondary main sewer,lateral,200,40.0,0.5,0.186,0.216,1.223,2.0,below Mara's slope
P07101,C03,secondary main sewer,lateral,200,76.1,0.5,0.196,0.22,1.194,2.2,below Mara's slope
P07102,C09,secondary main sewer,lateral,200,42.2,0.5,0.141,0.198,1.386,1.4,below Mara's slope
P07104,C15,secondary main sewer,lateral,200,77.1,0.5,0.22,0.229,1.132,2.9,below Mara's slope
P07105,C03,secondary main sewer,lateral,200,70.9,0.5,0.185,0.216,1.226,2.0,below Mara's slope
P07106,C03,secondary main sewer,lateral,200,118.6,0.5,0.118,0.186,1.509,0.9,below Mara's slope
P07107,C03,secondary header,sub main,200,204.5,0.5,0.46,0.29,0.805,8.6,below Mara's slope
P07108,C01,secondary header,sub main,200,96.1,0.5,0.538,0.305,0.749,17.6,below Mara's slope
P07109,C08,secondary main sewer,lateral,200,84.5,0.5,0.284,0.249,1.005,4.2,below Mara's slope
P07110,C15,secondary header,sub main,200,195.5,0.5,0.514,0.3,0.765,11.1,below Mara's slope
P07111,C09,secondary main sewer,lateral,200,138.3,0.5,0.903,0.358,0.59,21.8,below Mara's slope
P07112,C09,secondary main sewer,lateral,200,88.9,0.5,0.785,0.343,0.629,18.5,below Mara's slope
P07113,C09,secondary main sewer,lateral,200,104.9,0.5,0.756,0.339,0.64,17.5,below Mara's slope
P07115,C09,secondary main sewer,lateral,200,64.9,0.5,0.76,0.34,0.639,17.6,below Mara's slope
P07117,C03,secondary main sewer,lateral,200,85.2,0.5,0.311,0.256,0.964,5.2,below Mara's slope
P07118,C09,secondary main sewer,lateral,200,55.7,0.5,0.967,0.366,0.571,23.9,below Mara's slope
P07120,C15,secondary header,sub main,200,76.0,0.5,0.173,0.212,1.262,1.9,below Mara's slope
P07121,C15,secondary main sewer,lateral,200,39.1,0.5,0.048,0.138,2.274,0.2,below Mara's slope
P07122,C15,secondary main sewer,lateral,200,32.4,0.5,0.318,0.258,0.955,4.2,below Mara's slope
P07123,C15,secondary main sewer,lateral,200,39.7,0.5,0.299,0.253,0.982,3.8,below Mara's slope
P07125,C03,secondary main sewer,lateral,200,22.9,0.5,0.038,0.127,2.537,0.1,below Mara's slope
P07126,C03,secondary header,sub main,200,123.1,0.5,0.131,0.193,1.437,1.0,below Mara's slope
P07127,C03,secondary header,sub main,200,62.0,0.5,0.424,0.283,0.836,7.5,below Mara's slope
P07128,C01,secondary header,sub main,200,104.8,0.5,0.538,0.305,0.749,17.6,below Mara's slope
P07130,C01,secondary header,sub main,200,21.9,0.5,0.538,0.305,0.749,17.6,below Mara's slope
P07131,C01,secondary header,sub main,200,279.9,0.5,0.177,0.213,1.25,3.2,below Mara's slope
P07133,C03,secondary main sewer,lateral,200,136.0,0.6,0.255,0.256,1.057,2.6,below Mara's slope
P07136,C03,secondary main sewer,lateral,200,47.3,0.5,0.186,0.217,1.222,2.2,below Mara's slope
P07137,C15,secondary main sewer,lateral,200,131.8,0.5,0.605,0.316,0.71,2.0,below Mara's slope
P07138,C15,secondary main sewer,lateral,200,63.4,0.5,0.605,0.316,0.71,2.0,below Mara's slope
P07139,C15,secondary header,sub main,200,223.5,0.5,0.634,0.321,0.694,2.6,below Mara's slope
P07140,C15,secondary header,sub main,200,80.1,0.5,0.207,0.224,1.163,2.5,below Mara's slope
P07141,C15,secondary main sewer,lateral,200,20.7,0.6,0.033,0.129,2.701,0.1,below Mara's slope
P07142,C09,secondary main sewer,lateral,200,39.4,0.5,0.643,0.322,0.69,16.0,below Mara's slope
P07143,C03,secondary main sewer,lateral,200,84.3,0.5,0.498,0.297,0.776,10.9,below Mara's slope
P07144,C03,secondary main sewer,lateral,200,88.5,0.5,0.54,0.305,0.748,12.3,below Mara's slope
P07145,C15,secondary main sewer,lateral,200,87.8,0.5,0.152,0.203,1.341,1.6,below Mara's slope
P07146,C03,secondary header,sub main,200,79.9,0.5,0.353,0.267,0.909,5.5,below Mara's slope
P07147,C03,secondary main sewer,lateral,200,76.5,0.5,0.225,0.231,1.119,2.7,below Mara's slope
P07149,C05,secondary header,sub main,200,107.5,0.5,0.262,0.242,1.043,3.9,below Mara's slope
P07150,C03,secondary header,sub main,200,178.6,0.5,0.246,0.237,1.074,3.5,below Mara's slope
P07151,C03,secondary main sewer,lateral,200,105.8,0.5,0.311,0.256,0.965,5.2,below Mara's slope
P07152,C03,secondary main sewer,lateral,200,74.2,0.5,0.129,0.192,1.449,1.0,below Mara's slope
P07153,C15,secondary main sewer,lateral,200,115.1,0.5,0.09,0.17,1.71,0.5,below Mara's slope
P07154,C08,secondary main sewer,lateral,200,101.6,0.55,0.099,0.182,1.632,0.6,below Mara's slope
P07155,C03,secondary header,sub main,200,41.7,0.8,0.222,0.27,1.127,2.6,below Mara's slope
P07156,C03,secondary header,sub main,200,177.1,0.65,0.175,0.233,1.256,1.7,below Mara's slope
P07158,C03,secondary main sewer,lateral,200,57.5,0.5,0.28,0.247,1.012,4.4,below Mara's slope
P07159,C15,secondary header,sub main,200,75.0,0.5,0.246,0.237,1.075,3.4,below Mara's slope
P07160,C03,secondary main sewer,lateral,200,32.0,0.7,0.094,0.194,1.674,0.7,below Mara's slope
P07161,C01,secondary header,sub main,200,209.1,0.5,0.61,0.317,0.707,21.4,below Mara's slope
P07162,C15,secondary header,sub main,200,150.5,0.5,0.494,0.297,0.779,9.7,below Mara's slope
P07164,C15,secondary main sewer,lateral,200,33.7,2.95,0.0,0.0,,0.0,no flow in 2030
P07167,C01,secondary header,sub main,200,61.1,0.5,0.632,0.321,0.696,22.6,below Mara's slope
P07168,C01,secondary header,sub main,200,352.5,0.5,0.653,0.324,0.685,23.9,below Mara's slope
P07169,C09,secondary main sewer,lateral,200,47.6,0.5,0.163,0.207,1.301,1.6,below Mara's slope
P07170,C09,secondary main sewer,lateral,200,42.8,0.5,0.156,0.204,1.326,1.5,below Mara's slope
P07171,C09,secondary main sewer,lateral,200,103.7,0.5,0.143,0.199,1.379,1.3,below Mara's slope
P07172,C15,secondary main sewer,lateral,200,80.0,0.5,0.165,0.208,1.292,0.9,below Mara's slope
P07173,C03,secondary main sewer,lateral,200,149.4,0.5,0.483,0.295,0.787,5.9,below Mara's slope
P07174,C03,secondary main sewer,lateral,200,62.6,0.5,0.069,0.156,1.934,0.0,below Mara's slope
P07175,C03,secondary header,sub main,200,96.5,0.5,0.435,0.285,0.826,8.7,below Mara's slope
P07176,C03,secondary header,sub main,200,161.9,0.5,0.807,0.346,0.621,21.5,below Mara's slope
P07177,C01,secondary header,sub main,600,602.1,0.125,24.845,0.512,0.128,815.7,below Mara's slope
P07178,C09,secondary main sewer,lateral,200,97.0,0.5,0.137,0.196,1.406,1.4,below Mara's slope
P07179,C08,secondary header,sub main,200,144.8,0.5,0.366,0.27,0.894,6.8,below Mara's slope
P07180,C240,secondary main sewer,lateral,200,224.7,0.5,0.516,0.301,0.764,7.3,below Mara's slope
P07181,C240,secondary main sewer,lateral,200,64.9,1.45,0.0,0.0,,0.0,no flow in 2030
P07182,C03,secondary main sewer,lateral,200,172.0,0.5,0.248,0.238,1.07,2.1,below Mara's slope
P07183,C03,secondary main sewer,lateral,200,130.6,0.5,0.082,0.165,1.785,0.5,below Mara's slope
P07184,C03,secondary main sewer,lateral,200,107.1,1.4,0.036,0.177,2.597,0.1,below Mara's slope
P07185,C03,secondary main sewer,lateral,200,74.1,0.5,0.228,0.232,1.112,3.3,below Mara's slope
P07186,C03,secondary main sewer,lateral,200,153.4,0.5,0.384,0.274,0.875,3.6,below Mara's slope
P07187,C03,secondary main sewer,lateral,200,230.6,0.5,0.319,0.258,0.953,3.5,below Mara's slope
P07188,C08,secondary main sewer,lateral,200,106.4,0.9,0.083,0.203,1.772,0.8,below Mara's slope
P07189,C08,secondary main sewer,lateral,200,48.6,0.95,0.031,0.148,2.775,0.1,below Mara's slope
P07190,C08,secondary main sewer,lateral,200,3.9,0.5,0.086,0.168,1.742,0.6,below Mara's slope
P07192,C09,secondary main sewer,lateral,200,102.1,0.5,0.234,0.233,1.1,3.2,below Mara's slope
P07193,C03,secondary main sewer,lateral,200,83.4,0.5,0.291,0.251,0.994,4.7,below Mara's slope
P07194,C05,secondary main sewer,lateral,200,74.9,0.5,0.168,0.21,1.279,1.8,below Mara's slope
P07195,C03,secondary header,sub main,200,67.7,0.5,1.029,0.373,0.555,30.2,below Mara's slope
P07196,C15,secondary main sewer,lateral,200,92.5,0.5,0.195,0.22,1.195,2.5,below Mara's slope
P07197,C03,secondary header,sub main,200,95.7,0.5,0.097,0.175,1.65,0.6,below Mara's slope
P07198,C03,secondary header,sub main,500,180.8,0.155,10.989,0.446,0.186,323.6,below Mara's slope
P07199,C03,secondary main sewer,lateral,200,167.9,0.5,0.17,0.21,1.274,1.6,below Mara's slope
P07200,C03,secondary main sewer,lateral,200,36.3,0.5,0.339,0.263,0.926,5.9,below Mara's slope
P07201,C03,secondary main sewer,lateral,200,88.5,0.5,0.154,0.203,1.335,1.6,below Mara's slope
P07202,C03,secondary main sewer,lateral,200,25.7,1.8,0.0,0.0,,0.0,no flow in 2030
P07204,C05,secondary main sewer,lateral,200,71.4,0.5,0.115,0.185,1.528,0.9,below Mara's slope
P07205,C01,secondary header,sub main,600,61.5,0.125,24.936,0.513,0.128,819.4,below Mara's slope
P07206,C01,secondary header,sub main,200,134.4,0.5,0.02,0.101,3.43,0.0,below Mara's slope
P07207,C01,secondary header,sub main,200,343.5,0.5,0.02,0.101,3.43,0.0,below Mara's slope
P07208,C01,secondary header,sub main,200,114.5,0.5,0.02,0.101,3.43,0.0,below Mara's slope
P07209,C01,secondary header,sub main,200,333.5,0.5,0.02,0.101,3.43,0.0,below Mara's slope
P07210,C03,secondary main sewer,lateral,200,186.2,0.5,0.158,0.205,1.317,1.4,below Mara's slope
P07211,C03,secondary main sewer,lateral,200,96.4,0.8,0.069,0.183,1.934,0.0,below Mara's slope
P07212,C15,secondary main sewer,lateral,200,50.1,0.5,0.307,0.255,0.97,3.9,below Mara's slope
P07213,C15,secondary main sewer,lateral,200,95.8,0.5,0.239,0.235,1.088,3.5,below Mara's slope
P07214,C03,secondary header,sub main,200,86.7,0.5,1.221,0.393,0.513,37.1,below Mara's slope
P07215,C08,secondary main sewer,lateral,200,151.1,0.5,0.361,0.268,0.9,6.5,below Mara's slope
P07216,C08,secondary main sewer,lateral,200,52.7,0.5,0.046,0.136,2.319,0.2,below Mara's slope
P07218,C08,secondary main sewer,lateral,200,64.6,0.5,0.098,0.175,1.644,1.1,below Mara's slope
P07221,C03,secondary main sewer,lateral,200,88.3,0.5,0.427,0.283,0.833,8.4,below Mara's slope
P07222,C03,secondary main sewer,lateral,200,175.0,0.55,0.154,0.21,1.335,1.4,below Mara's slope
P07223,C15,secondary header,sub main,200,171.1,0.5,1.081,0.379,0.543,29.3,below Mara's slope
P07224,C15,secondary header,sub main,200,154.3,0.5,1.245,0.396,0.509,33.5,below Mara's slope
P07225,C15,secondary main sewer,lateral,200,27.9,0.5,0.799,0.345,0.624,18.9,below Mara's slope
P07226,C15,secondary main sewer,lateral,200,120.8,0.5,0.799,0.345,0.624,18.9,below Mara's slope
P07227,C03,secondary header,sub main,200,30.8,0.5,1.275,0.399,0.503,39.1,below Mara's slope
P07228,C09,secondary main sewer,lateral,200,151.0,0.5,0.643,0.322,0.69,16.0,below Mara's slope
P07229,C09,secondary main sewer,lateral,200,167.1,0.5,0.557,0.308,0.737,12.9,below Mara's slope
P07230,C08,secondary main sewer,lateral,200,55.2,0.5,0.218,0.228,1.136,2.8,below Mara's slope
P07231,C08,secondary main sewer,lateral,200,177.3,0.5,0.165,0.208,1.29,1.7,below Mara's slope
P07233,C08,secondary main sewer,lateral,200,180.5,0.5,0.29,0.25,0.996,7.0,below Mara's slope
P07235,C08,secondary main sewer,lateral,200,33.9,0.5,0.19,0.218,1.21,3.3,below Mara's slope
P07236,C08,secondary main sewer,lateral,200,88.3,0.5,0.224,0.23,1.122,4.6,below Mara's slope
P07237,C08,secondary header,sub main,200,486.6,0.5,0.466,0.291,0.8,9.3,below Mara's slope
P07239,C03,secondary main sewer,lateral,200,156.9,0.55,0.172,0.218,1.267,1.9,below Mara's slope
P07240,C03,secondary header,sub main,200,51.3,0.5,1.275,0.399,0.503,39.1,below Mara's slope
P07241,C01,secondary header,sub main,200,177.1,0.5,0.252,0.239,1.063,3.7,below Mara's slope
P07242,C08,secondary main sewer,lateral,200,75.6,0.5,0.127,0.191,1.458,1.7,below Mara's slope
P07244,C09,secondary main sewer,lateral,200,43.8,0.5,0.195,0.22,1.197,2.4,below Mara's slope
P07245,C03,secondary main sewer,lateral,200,66.3,0.5,0.118,0.187,1.505,1.0,below Mara's slope
P07246,C08,secondary main sewer,lateral,200,98.3,0.5,0.673,0.327,0.676,16.6,below Mara's slope
P07250,C05,secondary header,sub main,200,242.1,0.5,0.217,0.228,1.138,2.8,below Mara's slope
P07251,C05,secondary header,sub main,200,56.8,0.5,0.325,0.26,0.944,4.1,below Mara's slope
P07252,C03,secondary header,sub main,500,97.9,0.155,10.935,0.445,0.187,321.9,below Mara's slope
P07253,C03,secondary main sewer,lateral,200,240.9,0.5,0.168,0.209,1.282,1.6,below Mara's slope
P07254,C15,secondary main sewer,lateral,200,81.5,0.5,0.071,0.157,1.911,0.3,below Mara's slope
P07255,C03,secondary main sewer,lateral,200,101.7,1.35,0.06,0.208,2.065,0.3,below Mara's slope
P07256,C09,secondary main sewer,lateral,200,198.7,0.5,0.234,0.233,1.1,3.2,below Mara's slope
P07258,C03,secondary header,sub main,200,52.6,0.5,0.115,0.185,1.523,0.9,below Mara's slope
P07259,C09,secondary main sewer,lateral,200,265.7,0.5,0.0,0.0,,0.0,no flow in 2030
P07260,C08,secondary main sewer,lateral,200,81.5,0.5,0.152,0.203,1.342,2.3,below Mara's slope
P07261,C08,secondary main sewer,lateral,200,38.7,0.5,0.138,0.196,1.402,2.0,below Mara's slope
P07262,C08,secondary main sewer,lateral,200,82.2,0.5,0.398,0.277,0.861,7.5,below Mara's slope
P07263,C03,secondary header,sub main,200,258.3,0.5,0.232,0.233,1.103,2.8,below Mara's slope
P07264,C03,secondary header,sub main,200,112.5,0.5,0.408,0.279,0.851,6.9,below Mara's slope
P07265,C08,secondary main sewer,lateral,200,73.6,0.9,0.043,0.162,2.392,0.2,below Mara's slope
P07266,C03,secondary main sewer,lateral,200,164.4,0.5,0.109,0.181,1.566,0.8,below Mara's slope
P07267,C08,secondary main sewer,lateral,200,65.8,0.5,0.0,0.0,,0.0,no flow in 2030
P07268,C01,secondary main sewer,lateral,200,65.7,0.5,0.149,0.201,1.353,2.4,below Mara's slope
P07270,C08,secondary main sewer,lateral,200,61.2,0.5,0.167,0.209,1.283,1.9,below Mara's slope
P07271,C15,secondary main sewer,lateral,200,169.2,0.5,0.184,0.216,1.228,2.0,below Mara's slope
P07272,C09,secondary main sewer,lateral,200,67.0,0.5,0.086,0.168,1.742,0.6,below Mara's slope
P07273,C08,secondary main sewer,lateral,200,33.9,0.5,0.123,0.189,1.477,1.7,below Mara's slope
P07274,C08,secondary main sewer,lateral,200,48.4,1.3,0.12,0.26,1.497,1.6,below Mara's slope
P07275,C01,secondary main sewer,lateral,200,73.6,0.5,0.15,0.202,1.348,2.5,below Mara's slope
P07276,C01,secondary main sewer,lateral,200,55.2,0.5,0.031,0.118,2.803,0.1,below Mara's slope
P07277,C08,secondary main sewer,lateral,200,49.6,0.5,0.105,0.179,1.592,1.3,below Mara's slope
P07278,C09,secondary main sewer,lateral,200,43.0,0.5,0.008,0.074,5.09,0.0,below Mara's slope
P07279,C08,secondary main sewer,lateral,200,79.5,0.5,0.306,0.254,0.972,4.9,below Mara's slope
P07280,C05,secondary header,sub main,200,130.6,0.5,1.215,0.393,0.514,36.0,below Mara's slope
P07281,C05,secondary main sewer,lateral,200,246.1,0.5,0.617,0.318,0.703,13.6,below Mara's slope
P07283,C15,secondary header,sub main,200,220.5,0.5,0.348,0.265,0.916,6.1,below Mara's slope
P07285,C15,secondary header,sub main,200,250.0,0.5,0.408,0.279,0.851,7.8,below Mara's slope
P07288,C15,secondary header,sub main,200,119.0,0.5,0.35,0.266,0.913,3.6,below Mara's slope
P07291,C08,secondary main sewer,lateral,200,44.5,0.5,0.096,0.174,1.658,0.7,below Mara's slope
P07293,C09,secondary main sewer,lateral,200,25.7,0.5,0.262,0.242,1.044,4.0,below Mara's slope
P07294,C09,secondary main sewer,lateral,200,197.0,0.5,0.419,0.281,0.841,8.5,below Mara's slope
P07295,C01,secondary main sewer,lateral,200,66.2,0.5,0.322,0.259,0.95,4.3,below Mara's slope
P07297,C08,secondary main sewer,lateral,200,115.5,0.5,0.673,0.327,0.676,16.6,below Mara's slope
P07299,C08,secondary main sewer,lateral,200,64.1,0.7,0.039,0.143,2.526,0.2,below Mara's slope
P07300,C03,secondary header,sub main,200,110.6,0.5,0.302,0.253,0.978,4.2,below Mara's slope
P07301,C05,secondary main sewer,lateral,200,192.2,0.5,0.545,0.306,0.744,12.8,below Mara's slope
P07302,C05,secondary main sewer,lateral,200,34.4,0.5,0.545,0.306,0.744,12.8,below Mara's slope
P07303,C09,secondary main sewer,lateral,200,30.0,0.5,0.008,0.074,5.09,0.0,below Mara's slope
P07305,C21,secondary header,sub main,200,216.8,0.5,0.459,0.29,0.806,8.6,below Mara's slope
P07306,C21,secondary main sewer,lateral,200,94.1,0.5,1.059,0.377,0.548,18.7,below Mara's slope
P07307,C08,secondary main sewer,lateral,200,100.0,0.5,0.112,0.183,1.542,1.4,below Mara's slope
P07308,C09,secondary main sewer,lateral,200,36.8,0.5,0.105,0.18,1.588,0.8,below Mara's slope
P07309,C03,secondary header,sub main,200,84.6,0.5,0.268,0.244,1.033,3.6,below Mara's slope
P07310,C03,secondary header,sub main,200,205.7,0.5,0.213,0.226,1.149,2.5,below Mara's slope
P07311,C03,secondary main sewer,lateral,200,237.5,0.65,0.047,0.149,2.304,0.0,below Mara's slope
P07312,C01,secondary main sewer,lateral,200,132.7,0.5,0.217,0.228,1.138,2.4,below Mara's slope
P07313,C03,secondary main sewer,lateral,200,91.1,0.5,0.0,0.0,,0.0,no flow in 2030
P07316,C08,secondary main sewer,lateral,200,38.1,0.5,0.074,0.159,1.869,0.7,below Mara's slope
P07317,C09,secondary main sewer,lateral,200,159.6,0.5,0.165,0.208,1.29,1.8,below Mara's slope
P07318,C15,secondary header,sub main,200,88.5,0.5,0.369,0.27,0.891,5.5,below Mara's slope
P07319,C15,secondary main sewer,lateral,200,97.9,0.85,0.1,0.212,1.625,0.7,below Mara's slope
P07320,C01,secondary main sewer,lateral,200,21.3,0.5,0.0,0.0,,0.0,no flow in 2030
P07321,C08,secondary header,sub main,200,161.6,0.5,0.385,0.274,0.874,11.1,below Mara's slope
P07322,C09,secondary main sewer,lateral,200,85.7,0.5,0.212,0.226,1.152,2.8,below Mara's slope
P07323,C08,secondary main sewer,lateral,200,169.1,1.2,0.135,0.263,1.416,1.9,below Mara's slope
P07324,C15,secondary main sewer,lateral,200,41.5,0.5,0.09,0.17,1.708,0.5,below Mara's slope
P07327,C08,secondary main sewer,lateral,200,64.2,1.6,0.023,0.158,3.198,0.1,below Mara's slope
P07328,C21,secondary main sewer,lateral,200,105.2,0.5,0.853,0.352,0.606,13.2,below Mara's slope
P07329,C21,secondary main sewer,lateral,200,60.2,2.6,0.0,0.0,,0.0,no flow in 2030
P07330,C01,secondary main sewer,lateral,200,48.4,0.5,0.0,0.0,,0.0,no flow in 2030
P07331,C09,secondary main sewer,lateral,200,79.8,0.5,0.147,0.201,1.361,1.3,below Mara's slope
P07332,C09,secondary main sewer,lateral,200,64.3,0.5,0.216,0.228,1.14,2.6,below Mara's slope
P07333,C09,secondary main sewer,lateral,200,49.5,0.5,0.216,0.228,1.14,2.6,below Mara's slope
P07334,C09,secondary main sewer,lateral,200,237.5,0.5,0.211,0.226,1.153,2.5,below Mara's slope
P07335,C09,secondary main sewer,lateral,200,74.2,0.5,0.147,0.201,1.361,1.3,below Mara's slope
P07336,C05,secondary main sewer,lateral,200,160.2,0.5,0.105,0.179,1.59,0.8,below Mara's slope
P07339,C01,secondary main sewer,lateral,200,99.0,0.5,0.69,0.33,0.668,12.6,below Mara's slope
P07340,C08,secondary header,sub main,200,97.2,0.5,0.393,0.276,0.866,11.6,below Mara's slope
P07342,C15,secondary main sewer,lateral,200,74.6,0.5,0.18,0.214,1.24,1.9,below Mara's slope
P07343,C08,secondary header,sub main,200,518.6,0.5,0.029,0.116,2.881,0.1,below Mara's slope
P07345,C15,secondary header,sub main,200,76.3,0.5,0.424,0.283,0.836,7.0,below Mara's slope
P07346,C15,secondary header,sub main,200,137.9,0.5,0.977,0.367,0.569,26.0,below Mara's slope
P07347,C09,secondary main sewer,lateral,200,67.6,0.5,0.105,0.18,1.588,0.8,below Mara's slope
P07348,C08,secondary main sewer,lateral,200,98.1,0.5,0.685,0.329,0.67,17.2,below Mara's slope
P07352,C08,secondary header,sub main,200,376.0,0.5,0.137,0.196,1.409,1.9,below Mara's slope
P07353,C15,secondary main sewer,lateral,200,167.4,0.5,0.75,0.338,0.643,18.6,below Mara's slope
P07354,C15,secondary main sewer,lateral,200,27.1,0.5,0.451,0.288,0.812,7.9,below Mara's slope
P07355,C08,secondary header,sub main,200,81.4,0.5,0.26,0.242,1.047,6.1,below Mara's slope
P07356,C08,secondary main sewer,lateral,200,34.7,0.5,0.08,0.163,1.807,0.8,below Mara's slope
P07358,C01,secondary main sewer,lateral,200,55.4,0.5,0.078,0.162,1.828,0.4,below Mara's slope
P07360,C03,secondary main sewer,lateral,200,108.8,0.85,0.0,0.0,,0.0,no flow in 2030
P07361,C05,secondary main sewer,lateral,200,74.6,0.5,0.107,0.181,1.575,0.8,below Mara's slope
P07362,C01,secondary main sewer,lateral,200,18.0,0.5,0.067,0.154,1.952,0.3,below Mara's slope
P07363,C03,secondary main sewer,lateral,200,84.0,0.8,0.0,0.0,,0.0,no flow in 2030
P07365,C15,secondary main sewer,lateral,200,126.6,0.7,0.236,0.263,1.095,2.0,below Mara's slope
P07366,C01,secondary header,sub main,200,310.4,0.5,0.103,0.178,1.604,1.3,below Mara's slope
P07367,C21,secondary main sewer,lateral,200,55.1,0.5,0.693,0.33,0.666,7.1,below Mara's slope
P07368,C21,secondary main sewer,lateral,200,25.5,0.5,0.0,0.0,,0.0,no flow in 2030
P07369,C01,secondary header,sub main,200,255.3,0.5,1.06,0.377,0.548,21.4,below Mara's slope
P07370,C21,secondary main sewer,lateral,200,22.4,0.5,0.643,0.322,0.69,5.2,below Mara's slope
P07371,C08,secondary header,sub main,200,79.1,0.5,0.622,0.319,0.7,22.8,below Mara's slope
P07372,C03,secondary header,sub main,200,102.0,0.5,0.101,0.177,1.619,0.7,below Mara's slope
P07373,C05,secondary main sewer,lateral,200,37.8,0.5,0.167,0.209,1.284,1.9,below Mara's slope
P07374,C03,secondary main sewer,lateral,200,190.1,0.8,0.102,0.209,1.611,0.7,below Mara's slope
P07375,C03,secondary header,sub main,200,267.9,0.5,0.19,0.218,1.211,2.0,below Mara's slope
P07376,C03,secondary main sewer,lateral,200,129.1,0.85,0.124,0.227,1.473,1.0,below Mara's slope
P07377,C15,secondary main sewer,lateral,200,67.1,0.5,0.123,0.189,1.48,1.0,below Mara's slope
P07380,C09,secondary main sewer,lateral,200,35.0,0.5,0.0,0.0,,0.0,no flow in 2030
P07381,C08,secondary main sewer,lateral,200,97.8,0.5,0.085,0.167,1.752,0.8,below Mara's slope
P07382,C08,secondary main sewer,lateral,200,114.6,1.2,0.135,0.263,1.418,2.0,below Mara's slope
P07383,C08,secondary main sewer,lateral,200,65.1,1.1,0.096,0.228,1.655,0.7,below Mara's slope
P07384,C08,secondary main sewer,lateral,200,112.2,0.5,0.206,0.224,1.166,4.0,below Mara's slope
P07385,C15,secondary header,sub main,200,261.2,0.8,0.086,0.197,1.742,0.6,below Mara's slope
P07387,C15,secondary header,sub main,200,64.5,0.5,0.298,0.252,0.983,4.6,below Mara's slope
P07388,C15,secondary header,sub main,200,143.8,0.5,0.402,0.278,0.857,7.6,below Mara's slope
P07389,C03,secondary header,sub main,200,397.0,0.5,0.236,0.234,1.095,2.8,below Mara's slope
P07390,C05,secondary header,sub main,200,118.4,0.5,0.199,0.222,1.184,2.3,below Mara's slope
P07392,C08,secondary main sewer,lateral,200,87.6,0.5,0.21,0.225,1.156,4.2,below Mara's slope
P07393,C08,secondary header,sub main,200,91.5,0.5,0.726,0.335,0.652,19.2,below Mara's slope
P07394,C08,secondary main sewer,lateral,200,110.3,0.5,0.416,0.281,0.844,6.3,below Mara's slope
P07395,C05,secondary main sewer,lateral,200,118.3,0.65,0.235,0.256,1.098,3.4,below Mara's slope
P07396,C05,secondary header,sub main,200,85.0,0.5,0.224,0.23,1.122,2.9,below Mara's slope
P07397,C08,secondary main sewer,lateral,200,95.4,0.5,0.169,0.21,1.276,2.9,below Mara's slope
P07399,C01,secondary main sewer,lateral,200,85.9,0.5,0.426,0.283,0.834,5.3,below Mara's slope
P07400,C08,secondary main sewer,lateral,200,53.5,0.5,0.29,0.25,0.996,2.8,below Mara's slope
P07401,C08,secondary main sewer,lateral,200,215.9,0.5,0.237,0.234,1.093,1.5,below Mara's slope
P07402,C01,secondary main sewer,lateral,200,86.2,0.5,0.339,0.263,0.926,2.7,below Mara's slope
P07403,C69,secondary main sewer,lateral,200,68.5,1.35,0.0,0.0,,0.0,no flow in 2030
P07404,C15,secondary main sewer,lateral,200,120.0,0.5,0.266,0.243,1.036,3.8,below Mara's slope
P07405,C15,secondary header,sub main,200,215.0,0.5,0.275,0.246,1.02,4.0,below Mara's slope
P07406,C03,secondary main sewer,lateral,200,386.0,0.5,0.0,0.0,,0.0,no flow in 2030
P07407,C223,secondary header,sub main,200,96.7,0.5,0.228,0.231,1.113,3.1,below Mara's slope
P07408,C15,secondary main sewer,lateral,200,165.3,0.5,0.218,0.228,1.137,2.7,below Mara's slope
P07409,C01,secondary main sewer,lateral,200,55.6,0.65,0.313,0.281,0.962,5.5,below Mara's slope
P07411,C01,secondary main sewer,lateral,200,92.2,0.5,0.508,0.299,0.769,7.8,below Mara's slope
P07412,C01,secondary main sewer,lateral,200,142.6,0.5,0.598,0.315,0.713,10.9,below Mara's slope
P07413,C01,secondary header,sub main,200,161.2,0.5,1.133,0.384,0.531,24.6,below Mara's slope
P07414,C08,secondary main sewer,lateral,200,113.6,0.5,0.127,0.191,1.459,1.1,below Mara's slope
P07416,C05,secondary header,sub main,200,284.6,0.5,0.465,0.291,0.801,7.0,below Mara's slope
P07417,C09,secondary main sewer,lateral,200,283.1,0.5,0.0,0.0,,0.0,no flow in 2030
P07419,C05,secondary main sewer,lateral,200,139.5,0.5,0.338,0.263,0.928,2.4,below Mara's slope
P07420,C05,secondary main sewer,lateral,200,121.3,0.5,0.448,0.288,0.815,8.3,below Mara's slope
P07421,C01,secondary main sewer,lateral,200,126.2,0.5,0.124,0.19,1.471,1.0,below Mara's slope
P07422,C01,secondary main sewer,lateral,200,50.7,0.5,0.185,0.216,1.225,2.2,below Mara's slope
P07423,C01,secondary main sewer,lateral,200,50.4,0.5,0.613,0.318,0.705,15.3,below Mara's slope
P07425,C03,secondary header,sub main,200,108.7,0.5,0.138,0.196,1.403,1.1,below Mara's slope
P07426,C05,secondary header,sub main,200,47.9,0.5,0.382,0.273,0.877,7.1,below Mara's slope
P07427,C01,secondary main sewer,lateral,200,27.8,0.5,0.086,0.168,1.742,0.6,below Mara's slope
P07428,C05,secondary main sewer,lateral,200,91.2,0.5,0.312,0.256,0.963,5.2,below Mara's slope
P07429,C08,secondary main sewer,lateral,200,86.7,0.5,0.453,0.289,0.811,7.3,below Mara's slope
P07431,C08,secondary header,sub main,200,115.0,0.5,0.719,0.334,0.655,28.1,below Mara's slope
P07432,C03,secondary header,sub main,500,336.0,0.155,10.88,0.444,0.187,320.2,below Mara's slope
P07433,C15,secondary main sewer,lateral,200,32.0,0.5,0.14,0.197,1.391,1.4,below Mara's slope
P07434,C01,secondary main sewer,lateral,200,133.6,0.5,0.417,0.281,0.842,8.6,below Mara's slope
P07436,C213,secondary main sewer,lateral,200,60.0,0.5,0.391,0.275,0.868,5.6,below Mara's slope
P07437,C08,secondary main sewer,lateral,200,80.6,0.5,0.325,0.26,0.945,8.7,below Mara's slope
P07439,C01,secondary main sewer,lateral,200,52.6,0.5,0.684,0.329,0.671,17.8,below Mara's slope
P07441,C01,secondary main sewer,lateral,200,24.0,0.5,0.079,0.163,1.818,0.4,below Mara's slope
P07442,C132,secondary main sewer,lateral,200,270.4,0.5,0.106,0.18,1.583,0.8,below Mara's slope
P07443,C08,secondary header,sub main,200,97.6,0.5,0.783,0.343,0.63,21.9,below Mara's slope
P07444,C125,secondary header,sub main,200,234.5,0.5,0.126,0.19,1.465,1.2,below Mara's slope
P07445,C05,secondary main sewer,lateral,200,53.3,0.5,0.769,0.341,0.635,16.0,below Mara's slope
P07446,C08,secondary main sewer,lateral,200,114.8,0.5,0.087,0.168,1.737,0.9,below Mara's slope
P07447,C01,secondary main sewer,lateral,200,83.4,0.5,0.364,0.269,0.896,5.5,below Mara's slope
P07451,C15,secondary main sewer,lateral,200,165.7,0.5,0.143,0.199,1.381,1.2,below Mara's slope
P07452,C75,secondary main sewer,lateral,200,113.8,0.5,0.191,0.218,1.208,2.2,below Mara's slope
P07453,C75,secondary main sewer,lateral,200,49.9,1.2,0.122,0.254,1.484,1.0,below Mara's slope
P07454,C05,secondary main sewer,lateral,200,83.2,0.5,0.785,0.343,0.629,16.6,below Mara's slope
P07455,C132,secondary header,sub main,200,88.6,0.5,0.074,0.159,1.874,0.4,below Mara's slope
P07456,C132,secondary header,sub main,200,84.8,0.5,0.139,0.197,1.4,1.3,below Mara's slope
P07459,C05,secondary main sewer,lateral,200,92.1,0.5,0.792,0.344,0.627,16.9,below Mara's slope
P07461,C125,secondary main sewer,lateral,200,75.0,0.5,0.041,0.131,2.45,0.1,below Mara's slope
P07462,C125,secondary header,sub main,200,78.1,0.5,0.136,0.195,1.413,1.4,below Mara's slope
P07464,C03,secondary header,sub main,200,98.4,0.5,0.246,0.237,1.075,3.0,below Mara's slope
P07465,C01,secondary main sewer,lateral,200,108.9,0.5,0.338,0.263,0.928,5.0,below Mara's slope
P07466,C01,secondary header,sub main,200,371.4,0.5,0.408,0.279,0.851,8.2,below Mara's slope
P07467,C08,secondary header,sub main,200,92.1,0.5,0.721,0.334,0.655,28.2,below Mara's slope
P07469,C08,secondary main sewer,lateral,200,97.6,0.5,0.553,0.307,0.74,10.4,below Mara's slope
P07470,C08,secondary main sewer,lateral,200,204.5,0.5,0.73,0.335,0.651,16.8,below Mara's slope
P07472,C08,secondary main sewer,lateral,200,82.6,0.5,0.348,0.265,0.916,9.6,below Mara's slope
P07473,C08,secondary main sewer,lateral,200,31.0,0.5,0.032,0.119,2.762,0.1,below Mara's slope
P07474,C08,secondary main sewer,lateral,200,54.4,0.9,0.107,0.221,1.577,1.3,below Mara's slope
P07475,C01,secondary header,sub main,200,687.0,0.5,0.175,0.212,1.256,3.2,below Mara's slope
P07477,C03,secondary main sewer,lateral,200,144.4,0.5,0.235,0.234,1.098,3.3,below Mara's slope
P07478,C08,secondary main sewer,lateral,200,175.0,0.85,0.143,0.238,1.381,2.2,below Mara's slope
P07479,C69,secondary header,sub main,200,175.2,0.5,0.135,0.195,1.415,1.3,below Mara's slope
P07480,C05,secondary main sewer,lateral,200,169.2,0.5,0.241,0.236,1.084,3.5,below Mara's slope
P07481,C05,secondary main sewer,lateral,200,10.5,0.5,0.145,0.199,1.373,1.5,below Mara's slope
P07483,C05,secondary header,sub main,200,120.0,0.5,0.468,0.292,0.799,9.8,below Mara's slope
P07484,C05,secondary main sewer,lateral,200,106.9,0.5,0.188,0.217,1.218,2.3,below Mara's slope
P07486,C01,secondary main sewer,lateral,200,64.4,0.5,0.401,0.278,0.858,8.0,below Mara's slope
P07487,C01,secondary main sewer,lateral,200,85.0,0.5,0.86,0.353,0.603,23.3,below Mara's slope
P07488,C01,secondary main sewer,lateral,200,190.9,0.5,0.15,0.202,1.351,2.5,below Mara's slope
P07489,C01,secondary main sewer,lateral,200,87.7,0.5,0.61,0.317,0.707,13.8,below Mara's slope
P07490,C01,secondary main sewer,lateral,200,81.9,0.5,0.734,0.336,0.649,18.4,below Mara's slope
P07491,C01,secondary main sewer,lateral,200,87.3,0.5,1.053,0.376,0.549,31.3,below Mara's slope
P07492,C01,secondary main sewer,lateral,200,140.6,0.5,0.19,0.218,1.211,2.0,below Mara's slope
P07493,C01,secondary main sewer,lateral,200,72.9,0.5,1.113,0.382,0.536,33.4,below Mara's slope
P07494,C01,secondary main sewer,lateral,200,116.1,0.5,1.127,0.384,0.533,34.0,below Mara's slope
P07495,C125,secondary header,sub main,200,136.0,0.5,0.106,0.18,1.582,0.9,below Mara's slope
P07496,C20,secondary header,sub main,200,3258.0,0.5,0.632,0.321,0.695,14.2,below Mara's slope
P07497,C01,secondary main sewer,lateral,200,25.8,0.5,1.127,0.384,0.533,34.0,below Mara's slope
P07498,C01,secondary main sewer,lateral,200,81.9,0.5,0.275,0.246,1.021,4.3,below Mara's slope
P07500,C75,secondary header,sub main,200,86.4,0.5,0.264,0.243,1.039,3.9,below Mara's slope
P07501,C01,secondary main sewer,lateral,200,59.9,0.5,0.614,0.318,0.705,15.3,below Mara's slope
P07502,C05,secondary header,sub main,200,70.2,0.5,0.612,0.317,0.706,14.5,below Mara's slope
P07503,C03,secondary main sewer,lateral,200,30.2,0.95,0.0,0.0,,0.0,no flow in 2030
P07505,C01,secondary main sewer,lateral,200,50.5,0.5,1.238,0.395,0.51,38.9,below Mara's slope
P07508,C08,secondary header,sub main,200,97.4,0.5,1.251,0.396,0.508,38.8,below Mara's slope
P07509,C15,secondary main sewer,lateral,200,62.3,0.5,0.219,0.229,1.133,2.0,below Mara's slope
P07510,C05,secondary header,sub main,200,87.1,0.5,0.456,0.289,0.809,9.2,below Mara's slope
P07511,C05,secondary header,sub main,200,195.3,0.7,0.359,0.301,0.902,6.3,below Mara's slope
P07512,C115,secondary main sewer,lateral,200,95.6,1.3,0.039,0.178,2.499,0.1,below Mara's slope
P07513,C01,secondary main sewer,lateral,200,18.8,0.5,0.63,0.32,0.696,16.0,below Mara's slope
P07515,C08,secondary main sewer,lateral,200,87.7,0.5,0.227,0.231,1.114,4.8,below Mara's slope
P07517,C69,secondary main sewer,lateral,200,49.8,0.5,0.175,0.213,1.255,2.0,below Mara's slope
P07519,C15,secondary header,sub main,200,26.3,0.5,0.294,0.251,0.989,2.3,below Mara's slope
P07520,C15,secondary main sewer,lateral,200,62.1,0.5,0.154,0.203,1.335,0.1,below Mara's slope
P07524,C115,secondary header,sub main,200,164.6,0.5,0.333,0.261,0.935,6.8,below Mara's slope
P07525,C05,secondary header,sub main,200,189.1,0.5,0.485,0.295,0.786,7.6,below Mara's slope
P07526,C01,secondary header,sub main,200,42.7,0.5,0.647,0.323,0.688,16.6,below Mara's slope
P07527,C01,secondary main sewer,lateral,200,81.3,0.5,0.416,0.281,0.843,8.6,below Mara's slope
P07528,C03,secondary header,sub main,200,88.9,0.5,0.335,0.262,0.932,5.0,below Mara's slope
P07529,C05,secondary main sewer,lateral,200,22.9,0.5,0.096,0.174,1.658,0.3,below Mara's slope
P07530,C196,secondary header,sub main,200,80.8,0.5,0.068,0.155,1.948,0.3,below Mara's slope
P07531,C01,secondary header,sub main,200,82.1,0.5,0.047,0.137,2.298,0.2,below Mara's slope
P07532,C125,secondary main sewer,lateral,200,126.0,1.2,0.047,0.184,2.299,0.2,below Mara's slope
P07534,C15,secondary header,sub main,200,48.3,0.5,0.354,0.267,0.908,2.4,below Mara's slope
P07537,C03,secondary main sewer,lateral,200,202.1,0.5,0.228,0.231,1.113,3.0,below Mara's slope
P07538,C03,secondary main sewer,lateral,200,189.9,0.5,0.231,0.232,1.107,3.2,below Mara's slope
P07541,C21,secondary main sewer,lateral,200,36.2,0.5,0.0,0.0,,0.0,no flow in 2030
P07543,C53,secondary header,sub main,200,29.7,1.85,0.017,0.147,3.714,0.0,below Mara's slope
P07545,C03,secondary main sewer,lateral,200,113.0,0.5,0.255,0.24,1.058,3.7,below Mara's slope
P07546,C174,secondary header,sub main,200,297.6,0.5,0.0,0.0,,0.0,no flow in 2030
P07549,C08,secondary header,sub main,200,86.1,0.5,0.309,0.255,0.968,7.8,below Mara's slope
P07551,C05,secondary header,sub main,200,88.5,0.5,0.952,0.364,0.576,27.2,below Mara's slope
P07553,C03,secondary main sewer,lateral,200,131.3,0.5,0.374,0.272,0.885,6.7,below Mara's slope
P07555,C05,secondary main sewer,lateral,200,92.0,0.5,0.473,0.293,0.795,6.2,below Mara's slope
P07556,C08,secondary main sewer,lateral,200,116.4,0.5,0.419,0.282,0.84,12.9,below Mara's slope
P07557,C01,secondary header,sub main,200,149.7,0.5,0.272,0.245,1.025,6.6,below Mara's slope
P07558,C03,secondary main sewer,lateral,200,190.6,1.15,0.128,0.255,1.449,1.2,below Mara's slope
P07559,C53,secondary header,sub main,200,556.0,0.5,0.229,0.232,1.111,3.7,below Mara's slope
P07560,C53,secondary header,sub main,200,171.5,0.5,0.24,0.235,1.088,3.9,below Mara's slope
P07562,C08,secondary main sewer,lateral,200,38.8,1.15,0.087,0.224,1.734,0.6,below Mara's slope
P07563,C08,secondary main sewer,lateral,200,116.4,0.5,0.155,0.204,1.331,1.9,below Mara's slope
P07565,C03,secondary header,sub main,200,87.3,0.5,1.031,0.373,0.555,28.9,below Mara's slope
P07566,C69,secondary main sewer,lateral,200,79.0,0.5,0.252,0.239,1.063,3.6,below Mara's slope
P07568,C132,secondary header,sub main,200,166.2,0.75,0.061,0.171,2.044,0.3,below Mara's slope
P07570,C05,secondary header,sub main,200,61.0,1.2,0.049,0.186,2.261,0.2,below Mara's slope
P07572,C05,secondary main sewer,lateral,200,67.8,0.5,0.377,0.272,0.882,5.8,below Mara's slope
P07573,C01,secondary main sewer,lateral,200,55.1,0.5,0.395,0.276,0.863,7.9,below Mara's slope
P07574,C01,secondary main sewer,lateral,200,37.8,0.5,0.492,0.296,0.781,11.0,below Mara's slope
P07575,C03,secondary main sewer,lateral,200,93.6,0.5,1.138,0.385,0.53,9.2,below Mara's slope
P07576,C01,secondary header,sub main,200,59.6,0.55,0.585,0.324,0.721,12.5,below Mara's slope
P07577,C08,secondary main sewer,lateral,200,87.0,0.5,0.194,0.22,1.198,3.7,below Mara's slope
P07579,C196,secondary main sewer,lateral,200,140.6,0.5,0.126,0.191,1.461,1.1,below Mara's slope
P07582,C115,secondary header,sub main,200,145.0,0.5,0.328,0.26,0.941,6.7,below Mara's slope
P07583,C05,secondary header,sub main,200,51.5,0.5,1.017,0.372,0.558,29.9,below Mara's slope
P07584,C01,secondary header,sub main,200,161.6,0.5,0.853,0.352,0.605,24.3,below Mara's slope
P07585,C69,secondary header,sub main,200,85.4,1.1,0.132,0.253,1.433,1.2,below Mara's slope
P07586,C69,secondary header,sub main,200,139.2,0.5,0.542,0.306,0.746,11.4,below Mara's slope
P07587,C69,secondary header,sub main,200,98.9,0.5,0.788,0.344,0.628,18.9,below Mara's slope
P07590,C01,secondary main sewer,lateral,200,70.3,0.5,0.087,0.168,1.733,0.9,below Mara's slope
P07591,C01,secondary main sewer,lateral,200,80.6,0.5,0.129,0.192,1.446,1.8,below Mara's slope
P07595,C21,secondary main sewer,lateral,200,125.9,0.5,0.0,0.0,,0.0,no flow in 2030
P07596,C21,secondary main sewer,lateral,200,23.6,0.5,0.0,0.0,,0.0,no flow in 2030
P07597,C21,secondary main sewer,lateral,200,278.8,0.5,0.0,0.0,,0.0,no flow in 2030
P07598,C21,secondary main sewer,lateral,200,26.5,0.5,0.0,0.0,,0.0,no flow in 2030
P07599,C174,secondary header,sub main,200,166.9,0.5,0.0,0.0,,0.0,no flow in 2030
P07600,C21,secondary main sewer,lateral,200,160.2,0.5,0.0,0.0,,0.0,no flow in 2030
P07601,C01,secondary header,sub main,200,38.7,0.5,0.853,0.352,0.605,24.3,below Mara's slope
P07603,C03,secondary main sewer,lateral,200,88.1,0.5,0.187,0.217,1.218,2.2,below Mara's slope
P07605,C08,secondary main sewer,lateral,200,86.3,0.5,0.423,0.282,0.837,13.0,below Mara's slope
P07608,C03,secondary header,sub main,200,83.0,0.5,0.981,0.368,0.568,27.1,below Mara's slope
P07609,C03,secondary main sewer,lateral,200,244.8,0.5,0.27,0.245,1.029,4.1,below Mara's slope
P07610,C08,secondary main sewer,lateral,200,89.3,0.5,0.162,0.207,1.304,2.7,below Mara's slope
P07611,C03,secondary main sewer,lateral,200,35.9,0.5,0.143,0.199,1.379,0.0,below Mara's slope
P07612,C01,secondary header,sub main,200,208.6,0.55,0.086,0.173,1.742,0.6,below Mara's slope
P07613,C01,secondary main sewer,lateral,200,86.3,0.8,0.268,0.287,1.034,4.3,below Mara's slope
P07616,C21,secondary main sewer,lateral,200,33.7,0.5,0.0,0.0,,0.0,no flow in 2030
P07617,C01,secondary main sewer,lateral,200,96.2,0.5,0.039,0.128,2.509,0.2,below Mara's slope
P07619,C21,secondary main sewer,lateral,200,131.8,0.5,0.0,0.0,,0.0,no flow in 2030
P07620,C53,secondary header,sub main,200,337.7,0.5,0.25,0.239,1.066,4.2,below Mara's slope
P07624,C01,secondary header,sub main,200,204.8,0.5,0.318,0.258,0.954,8.3,below Mara's slope
P07625,C01,secondary header,sub main,600,725.9,0.125,24.937,0.513,0.128,819.4,below Mara's slope
P07626,C01,secondary header,sub main,200,135.7,0.5,0.721,0.334,0.654,17.4,below Mara's slope
P07628,C03,secondary main sewer,lateral,200,10.3,1.5,0.035,0.179,2.64,0.1,below Mara's slope
P07629,C03,secondary main sewer,lateral,200,138.6,0.5,0.19,0.218,1.211,1.9,below Mara's slope
P07630,C53,secondary header,sub main,200,392.6,0.55,0.0,0.0,,0.0,no flow in 2030
P07631,C01,secondary main sewer,lateral,200,51.4,0.5,0.044,0.134,2.364,0.2,below Mara's slope
P07632,C195,secondary header,sub main,200,578.2,0.5,0.103,0.178,1.608,0.8,below Mara's slope
P07633,C01,secondary main sewer,lateral,200,144.0,0.5,0.92,0.36,0.585,1.3,below Mara's slope
P07636,C03,secondary header,sub main,200,60.2,0.5,0.768,0.341,0.636,16.5,below Mara's slope
P07637,C03,secondary header,sub main,200,473.9,0.5,0.894,0.357,0.593,21.1,below Mara's slope
P07639,C01,secondary main sewer,lateral,200,94.8,0.5,0.15,0.202,1.348,2.5,below Mara's slope
P07640,C01,secondary header,sub main,200,260.3,0.5,0.486,0.295,0.785,12.1,below Mara's slope
P07641,C01,secondary header,sub main,200,45.4,0.5,0.211,0.226,1.152,4.4,below Mara's slope
P07642,C03,secondary header,sub main,200,196.6,0.5,0.456,0.289,0.808,8.5,below Mara's slope
P07643,C53,secondary header,sub main,200,32.2,0.5,0.147,0.2,1.363,1.7,below Mara's slope
P07644,C69,secondary header,sub main,200,132.4,0.5,0.852,0.352,0.606,21.2,below Mara's slope
P07645,C01,secondary header,sub main,200,184.0,0.5,0.603,0.316,0.71,18.3,below Mara's slope
P07646,C03,secondary main sewer,lateral,200,82.1,0.5,0.159,0.206,1.313,1.7,below Mara's slope
P07647,C01,secondary main sewer,lateral,200,31.5,1.45,0.089,0.244,1.712,0.5,below Mara's slope
P07649,C03,secondary header,sub main,200,30.4,0.5,0.522,0.302,0.759,10.3,below Mara's slope
P07652,C03,secondary header,sub main,200,85.0,0.5,0.953,0.364,0.575,26.1,below Mara's slope
P07653,C53,secondary header,sub main,200,636.5,0.5,0.147,0.2,1.363,1.7,below Mara's slope
P07654,C01,secondary header,sub main,200,145.8,0.5,0.473,0.293,0.795,7.9,below Mara's slope
P07655,C03,secondary header,sub main,200,191.7,0.5,0.969,0.366,0.571,23.8,below Mara's slope
P07656,C03,secondary header,sub main,200,485.9,0.5,0.299,0.253,0.982,4.7,below Mara's slope
P07657,C08,secondary header,sub main,200,183.7,0.5,0.252,0.239,1.063,5.8,below Mara's slope
P07658,C08,secondary main sewer,lateral,200,202.4,0.5,0.097,0.174,1.652,1.0,below Mara's slope
P07660,C01,secondary header,sub main,200,111.0,0.5,0.809,0.346,0.621,20.8,below Mara's slope
P07662,C01,secondary header,sub main,200,87.3,0.5,0.13,0.193,1.44,1.9,below Mara's slope
P07663,C01,secondary main sewer,lateral,200,34.4,0.5,0.0,0.0,,0.0,no flow in 2030
P07665,C03,secondary header,sub main,200,55.5,0.5,0.795,0.345,0.626,17.3,below Mara's slope
P07666,C03,secondary header,sub main,200,170.3,0.5,0.287,0.249,1.001,4.3,below Mara's slope
P07668,C05,secondary main sewer,lateral,200,68.8,0.5,0.423,0.283,0.836,7.6,below Mara's slope
P07669,C69,secondary header,sub main,200,87.5,0.5,0.949,0.364,0.576,27.6,below Mara's slope
P07670,C69,secondary header,sub main,200,317.5,0.65,0.343,0.289,0.922,5.7,below Mara's slope
P07671,C05,secondary header,sub main,200,256.7,0.5,0.319,0.258,0.953,5.3,below Mara's slope
P07672,C125,secondary header,sub main,200,302.1,0.5,0.104,0.179,1.595,0.9,below Mara's slope
P07673,C01,secondary main sewer,lateral,200,60.5,0.5,0.236,0.234,1.095,2.0,below Mara's slope
P07675,C03,secondary main sewer,lateral,200,97.8,0.5,0.408,0.279,0.851,8.2,below Mara's slope
P07676,C05,secondary main sewer,lateral,200,253.2,0.5,0.096,0.174,1.658,0.3,below Mara's slope
P07677,C03,secondary header,sub main,200,133.2,0.5,0.698,0.331,0.664,14.3,below Mara's slope
P07678,C03,secondary main sewer,lateral,200,219.4,0.5,0.374,0.272,0.885,6.7,below Mara's slope
P07679,C03,secondary header,sub main,200,51.4,0.5,1.098,0.381,0.539,32.3,below Mara's slope
P07680,C01,secondary main sewer,lateral,200,115.0,0.5,0.012,0.084,4.323,0.0,below Mara's slope
P07681,C05,secondary header,sub main,200,215.8,0.5,0.273,0.245,1.025,3.0,below Mara's slope
P07683,C03,secondary header,sub main,200,87.6,0.5,0.228,0.231,1.113,2.9,below Mara's slope
P07684,C03,secondary main sewer,lateral,200,134.1,0.5,0.288,0.25,0.998,2.2,below Mara's slope
P07685,C03,secondary header,sub main,200,50.7,0.5,0.288,0.25,0.998,2.2,below Mara's slope
P07686,C01,secondary header,sub main,200,224.3,0.5,0.028,0.115,2.911,0.1,below Mara's slope
P07687,C01,secondary header,sub main,200,339.0,1.4,0.0,0.0,,0.0,no flow in 2030
P07688,C01,secondary header,sub main,200,240.9,0.5,0.615,0.318,0.704,18.9,below Mara's slope
P07689,C03,secondary main sewer,lateral,200,108.5,0.5,0.164,0.208,1.294,1.7,below Mara's slope
P07691,C196,secondary header,sub main,200,273.1,0.5,0.291,0.251,0.994,2.4,below Mara's slope
P07694,C69,secondary main sewer,lateral,200,84.2,0.5,0.752,0.339,0.642,20.3,below Mara's slope
P07696,C03,secondary header,sub main,200,537.1,0.5,0.243,0.236,1.08,2.8,below Mara's slope
P07697,C08,secondary main sewer,lateral,200,88.4,0.5,0.032,0.12,2.74,0.1,below Mara's slope
P07698,C08,secondary main sewer,lateral,200,212.5,0.5,0.145,0.199,1.372,2.2,below Mara's slope
P07699,C01,secondary main sewer,lateral,200,220.0,0.5,0.378,0.272,0.882,6.7,below Mara's slope
P07700,C01,secondary header,sub main,200,85.8,0.5,1.08,0.379,0.543,30.3,below Mara's slope
P07702,C03,secondary header,sub main,200,84.8,0.5,0.789,0.344,0.628,20.9,below Mara's slope
P07705,C08,secondary main sewer,lateral,200,88.7,0.5,0.152,0.203,1.343,2.4,below Mara's slope
P07706,C08,secondary main sewer,lateral,200,153.5,0.5,0.262,0.242,1.044,6.1,below Mara's slope
P07707,C08,secondary main sewer,lateral,200,84.0,0.5,0.324,0.259,0.947,8.5,below Mara's slope
P07708,C69,secondary main sewer,lateral,200,202.9,0.5,0.0,0.0,,0.0,no flow in 2030
P07709,C69,secondary main sewer,lateral,200,16.4,0.5,0.0,0.0,,0.0,no flow in 2030
P07710,C03,secondary header,sub main,200,84.7,0.5,0.867,0.354,0.601,22.9,below Mara's slope
P07711,C69,secondary main sewer,lateral,200,44.6,1.75,0.053,0.218,2.171,0.2,below Mara's slope
P07714,C01,secondary main sewer,lateral,200,82.9,0.5,0.663,0.325,0.68,13.7,below Mara's slope
P07715,C01,secondary main sewer,lateral,200,92.2,0.5,0.593,0.314,0.716,12.8,below Mara's slope
P07716,C05,secondary main sewer,lateral,200,131.1,0.5,0.096,0.174,1.658,0.3,below Mara's slope
P07719,C03,secondary main sewer,lateral,200,44.6,1.75,0.018,0.149,3.571,0.0,below Mara's slope
P07720,C01,secondary main sewer,lateral,200,56.8,0.5,0.391,0.276,0.867,7.7,below Mara's slope
P07722,C01,secondary main sewer,lateral,200,103.1,0.5,0.326,0.26,0.944,5.7,below Mara's slope
P07723,C05,secondary header,sub main,200,44.6,0.5,0.348,0.265,0.916,5.0,below Mara's slope
P07724,C75,secondary header,sub main,200,363.1,0.5,0.354,0.267,0.909,6.0,below Mara's slope
P07725,C05,secondary header,sub main,200,237.5,0.5,0.133,0.194,1.425,1.1,below Mara's slope
P07726,C115,secondary header,sub main,200,310.6,0.5,0.321,0.259,0.95,6.5,below Mara's slope
P07727,C03,secondary header,sub main,200,84.2,0.5,0.227,0.231,1.115,3.1,below Mara's slope
P07728,C08,secondary main sewer,lateral,200,97.4,0.5,0.132,0.193,1.432,1.8,below Mara's slope
P07730,C05,secondary header,sub main,200,258.4,0.5,0.441,0.286,0.821,7.8,below Mara's slope
P07731,C05,secondary main sewer,lateral,200,67.9,0.5,0.043,0.133,2.392,0.1,below Mara's slope
P07732,C75,secondary main sewer,lateral,200,68.4,0.8,0.215,0.267,1.142,2.8,below Mara's slope
P07733,C01,secondary main sewer,lateral,200,19.4,0.5,0.052,0.142,2.195,0.2,below Mara's slope
P07734,C01,secondary header,sub main,200,209.0,0.5,0.702,0.331,0.662,15.8,below Mara's slope
P07736,C01,secondary main sewer,lateral,200,38.8,0.5,0.274,0.246,1.022,4.4,below Mara's slope
P07737,C03,secondary header,sub main,200,168.4,0.5,0.402,0.278,0.856,7.5,below Mara's slope
P07738,C03,secondary header,sub main,200,84.9,0.5,0.527,0.303,0.756,11.2,below Mara's slope
P07739,C01,secondary main sewer,lateral,200,66.6,0.5,0.223,0.23,1.124,3.2,below Mara's slope
P07740,C05,secondary header,sub main,200,19.3,0.5,0.614,0.318,0.705,10.4,below Mara's slope
P07741,C03,secondary main sewer,lateral,200,90.0,0.5,0.236,0.234,1.094,3.3,below Mara's slope
P07743,C03,secondary main sewer,lateral,200,83.3,0.75,0.182,0.247,1.234,2.2,below Mara's slope
P07744,C01,secondary header,sub main,200,40.5,0.5,0.778,0.342,0.632,18.6,below Mara's slope
P07745,C01,secondary header,sub main,200,96.0,0.5,0.856,0.353,0.605,21.6,below Mara's slope
P07746,C05,secondary header,sub main,200,292.8,0.5,0.394,0.276,0.865,7.6,below Mara's slope
P07748,C01,secondary main sewer,lateral,200,76.6,0.5,0.411,0.28,0.848,4.7,below Mara's slope
P07750,C21,secondary main sewer,lateral,200,144.7,0.5,0.0,0.0,,0.0,no flow in 2030
P07751,C21,secondary main sewer,lateral,200,35.2,0.5,0.0,0.0,,0.0,no flow in 2030
P07752,C21,secondary main sewer,lateral,200,246.0,0.5,0.0,0.0,,0.0,no flow in 2030
P07753,C21,secondary main sewer,lateral,200,148.8,0.5,0.0,0.0,,0.0,no flow in 2030
P07754,C03,secondary main sewer,lateral,200,82.3,0.85,0.211,0.271,1.154,2.8,below Mara's slope
P07755,C03,secondary header,sub main,200,84.8,0.5,0.786,0.343,0.629,19.9,below Mara's slope
P07756,C03,secondary header,sub main,200,84.5,0.5,0.487,0.295,0.784,10.2,below Mara's slope
P07758,C01,secondary main sewer,lateral,200,21.8,0.5,0.208,0.225,1.161,1.8,below Mara's slope
P07760,C111,secondary header,sub main,200,184.3,0.5,0.077,0.162,1.831,0.5,below Mara's slope
P07761,C111,secondary main sewer,lateral,200,143.8,0.5,0.058,0.147,2.085,0.3,below Mara's slope
P07762,C53,secondary header,sub main,200,492.2,0.5,0.147,0.2,1.363,1.7,below Mara's slope
P07764,C03,secondary main sewer,lateral,200,33.4,0.5,0.04,0.13,2.473,0.1,below Mara's slope
P07765,C05,secondary header,sub main,200,77.1,0.5,0.348,0.265,0.916,5.0,below Mara's slope
P07767,C01,secondary main sewer,lateral,200,33.6,2.15,0.0,0.0,,0.0,no flow in 2030
P07769,C05,secondary header,sub main,200,77.2,0.5,0.457,0.289,0.808,9.4,below Mara's slope
P07770,C05,secondary header,sub main,200,296.2,0.5,1.127,0.384,0.533,34.3,below Mara's slope
P07771,C115,secondary main sewer,lateral,200,82.5,0.5,0.215,0.227,1.142,3.4,below Mara's slope
P07772,C115,secondary main sewer,lateral,200,156.2,0.5,0.182,0.215,1.233,2.6,below Mara's slope
P07773,C03,secondary header,sub main,200,85.4,0.5,0.158,0.205,1.318,1.7,below Mara's slope
P07774,C75,secondary header,sub main,200,85.9,0.5,0.418,0.281,0.842,7.9,below Mara's slope
P07775,C03,secondary main sewer,lateral,200,114.0,0.5,0.08,0.164,1.8,0.4,below Mara's slope
P07776,C03,secondary header,sub main,200,153.3,0.5,0.696,0.33,0.665,16.7,below Mara's slope
P07778,C03,secondary main sewer,lateral,200,88.5,0.5,0.779,0.342,0.631,19.7,below Mara's slope
P07779,C08,secondary header,sub main,200,93.4,0.5,0.205,0.224,1.169,4.0,below Mara's slope
P07780,C05,secondary header,sub main,200,95.3,0.5,0.163,0.207,1.299,1.5,below Mara's slope
P07781,C111,secondary header,sub main,200,1106.1,0.5,0.077,0.162,1.831,0.5,below Mara's slope
P07782,C01,secondary main sewer,lateral,200,92.7,0.5,0.06,0.148,2.066,0.3,below Mara's slope
P07783,C03,secondary main sewer,lateral,200,82.3,0.5,0.239,0.235,1.088,3.2,below Mara's slope
P07784,C03,secondary main sewer,lateral,200,86.0,0.5,0.383,0.274,0.876,6.9,below Mara's slope
P07785,C01,secondary main sewer,lateral,200,32.3,0.5,0.094,0.173,1.674,0.7,below Mara's slope
P07786,C01,secondary main sewer,lateral,200,27.9,0.5,0.013,0.087,4.136,0.0,below Mara's slope
P07787,C01,secondary main sewer,lateral,200,15.2,0.5,0.276,0.246,1.019,4.5,below Mara's slope
P07788,C01,secondary main sewer,lateral,200,74.5,0.5,0.342,0.264,0.923,6.3,below Mara's slope
P07789,C01,secondary main sewer,lateral,200,32.3,0.65,0.218,0.25,1.137,3.0,below Mara's slope
P07790,C01,secondary main sewer,lateral,200,22.8,0.5,0.441,0.286,0.821,9.3,below Mara's slope
P07791,C03,secondary header,sub main,200,89.8,0.5,0.323,0.259,0.948,5.5,below Mara's slope
P07792,C03,secondary header,sub main,200,156.4,0.5,0.0,0.0,,0.0,no flow in 2030
P07793,C75,secondary main sewer,lateral,200,49.0,0.5,0.33,0.261,0.938,5.6,below Mara's slope
P07794,C75,secondary main sewer,lateral,200,127.4,0.6,0.386,0.292,0.873,7.1,below Mara's slope
P07795,C75,secondary header,sub main,200,38.6,0.5,0.83,0.349,0.613,22.1,below Mara's slope
P07799,C111,secondary header,sub main,200,217.0,0.5,0.048,0.137,2.291,0.2,below Mara's slope
P07800,C111,secondary header,sub main,200,37.6,2.45,0.024,0.185,3.12,0.1,below Mara's slope
P07801,C05,secondary header,sub main,200,104.3,0.5,0.766,0.341,0.636,16.1,below Mara's slope
P07802,C75,secondary header,sub main,200,93.6,0.5,0.601,0.316,0.712,14.0,below Mara's slope
P07803,C05,secondary header,sub main,200,49.5,0.5,0.392,0.276,0.867,6.3,below Mara's slope
P07804,C05,secondary main sewer,lateral,200,51.0,0.5,0.042,0.131,2.436,0.1,below Mara's slope
P07806,C05,secondary header,sub main,200,331.3,0.5,0.356,0.267,0.906,6.2,below Mara's slope
P07807,C08,secondary main sewer,lateral,200,176.9,0.5,0.311,0.256,0.964,6.1,below Mara's slope
P07808,C53,secondary header,sub main,200,101.9,0.5,0.111,0.183,1.55,1.0,below Mara's slope
P07809,C08,secondary main sewer,lateral,200,62.0,0.5,0.069,0.155,1.935,0.6,below Mara's slope
P07810,C03,secondary main sewer,lateral,200,84.2,0.5,0.737,0.336,0.648,18.2,below Mara's slope
P07811,C03,secondary main sewer,lateral,200,262.6,0.5,0.183,0.215,1.232,2.0,below Mara's slope
P07812,C05,secondary main sewer,lateral,200,110.6,0.5,0.083,0.166,1.773,0.1,below Mara's slope
P07814,C125,secondary main sewer,lateral,200,177.7,0.5,0.104,0.179,1.595,0.9,below Mara's slope
P07815,C125,secondary main sewer,lateral,200,106.1,0.5,0.047,0.136,2.315,0.2,below Mara's slope
P07816,C03,secondary header,sub main,200,85.1,0.5,0.393,0.276,0.866,7.4,below Mara's slope
P07817,C03,secondary header,sub main,200,87.5,0.5,0.394,0.276,0.864,7.5,below Mara's slope
P07818,C05,secondary header,sub main,200,465.4,0.5,0.378,0.273,0.881,7.1,below Mara's slope
P07819,C05,secondary header,sub main,200,548.4,0.5,0.764,0.34,0.637,17.1,below Mara's slope
P07820,C05,secondary header,sub main,200,25.2,0.5,0.397,0.277,0.862,6.5,below Mara's slope
P07821,C01,secondary main sewer,lateral,200,81.7,0.5,0.297,0.252,0.986,3.7,below Mara's slope
P07822,C01,secondary main sewer,lateral,200,83.6,0.5,0.393,0.276,0.865,6.4,below Mara's slope
P07823,C01,secondary main sewer,lateral,200,75.0,0.5,0.469,0.292,0.798,8.8,below Mara's slope
P07824,C115,secondary main sewer,lateral,200,85.0,0.5,0.089,0.17,1.718,0.7,below Mara's slope
P07825,C115,secondary main sewer,lateral,200,139.9,0.5,0.089,0.17,1.718,0.7,below Mara's slope
P07826,C01,secondary main sewer,lateral,200,127.1,0.5,0.527,0.303,0.756,10.8,below Mara's slope
P07827,C01,secondary main sewer,lateral,200,42.3,0.5,0.573,0.311,0.728,13.8,below Mara's slope
P07828,C75,secondary header,sub main,200,119.2,0.5,0.547,0.306,0.743,12.2,below Mara's slope
P07829,C03,secondary main sewer,lateral,200,80.0,0.5,0.487,0.295,0.784,10.2,below Mara's slope
P07830,C75,secondary header,sub main,200,37.6,0.5,0.437,0.285,0.825,8.6,below Mara's slope
P07831,C75,secondary header,sub main,200,84.2,0.5,0.328,0.26,0.941,5.3,below Mara's slope
P07832,C03,secondary header,sub main,200,304.9,0.5,0.8,0.345,0.624,18.0,below Mara's slope
P07833,C05,secondary header,sub main,200,77.4,0.5,0.95,0.364,0.576,24.3,below Mara's slope
P07834,C05,secondary header,sub main,200,79.6,0.5,0.254,0.24,1.058,3.4,below Mara's slope
P07835,C05,secondary header,sub main,200,236.0,0.5,0.432,0.284,0.829,8.4,below Mara's slope
P07836,C03,secondary header,sub main,200,83.2,0.5,0.634,0.321,0.694,14.6,below Mara's slope
P07838,C01,secondary main sewer,lateral,200,95.1,0.5,0.307,0.255,0.97,5.2,below Mara's slope
P07839,C08,secondary main sewer,lateral,200,44.9,0.5,0.069,0.155,1.935,0.6,below Mara's slope
P07840,C03,secondary header,sub main,200,464.8,0.5,0.749,0.338,0.643,15.8,below Mara's slope
P07841,C03,secondary header,sub main,200,80.6,0.5,0.431,0.284,0.83,8.5,below Mara's slope
P07842,C75,secondary main sewer,lateral,200,49.1,0.5,0.057,0.146,2.103,0.2,below Mara's slope
P07843,C115,secondary main sewer,lateral,200,43.0,0.5,0.0,0.0,,0.0,no flow in 2030
P07844,C53,secondary main sewer,lateral,200,106.1,0.5,0.111,0.183,1.55,1.0,below Mara's slope
P07845,C53,secondary main sewer,lateral,200,157.1,0.5,0.097,0.174,1.652,0.8,below Mara's slope
P07846,C05,secondary header,sub main,200,84.1,0.5,0.848,0.352,0.607,17.8,below Mara's slope
P07847,C03,secondary main sewer,lateral,200,98.8,0.8,0.263,0.285,1.042,3.8,below Mara's slope
P07852,C05,secondary header,sub main,200,58.7,0.5,0.402,0.278,0.857,6.6,below Mara's slope
P07853,C75,secondary header,sub main,200,100.4,0.5,1.039,0.374,0.553,30.2,below Mara's slope
P07855,C03,secondary main sewer,lateral,200,108.5,0.5,0.278,0.247,1.016,3.8,below Mara's slope
P07856,C03,secondary main sewer,lateral,200,81.9,0.5,0.2,0.222,1.182,2.3,below Mara's slope
P07857,C53,secondary main sewer,lateral,200,97.0,0.5,0.037,0.126,2.558,0.1,below Mara's slope
P07858,C03,secondary header,sub main,200,85.2,0.5,0.449,0.288,0.814,9.0,below Mara's slope
P07860,C01,secondary main sewer,lateral,200,71.3,0.5,0.2,0.222,1.181,2.6,below Mara's slope
P07861,C03,secondary header,sub main,200,46.4,0.5,0.608,0.317,0.708,13.7,below Mara's slope
P07863,C01,secondary main sewer,lateral,200,84.9,1.5,0.0,0.0,,0.0,no flow in 2030
P07864,C03,secondary main sewer,lateral,200,83.1,0.65,0.061,0.163,2.05,0.3,below Mara's slope
P07865,C01,secondary main sewer,lateral,200,114.1,0.5,0.149,0.201,1.356,1.5,below Mara's slope
P07866,C03,secondary header,sub main,200,77.8,0.5,0.598,0.315,0.713,13.3,below Mara's slope
P07867,C01,secondary main sewer,lateral,200,102.2,0.5,0.437,0.285,0.825,4.9,below Mara's slope
P07868,C75,secondary main sewer,lateral,200,57.3,0.5,0.176,0.213,1.254,2.1,below Mara's slope
P07869,C01,secondary header,sub main,200,55.2,0.5,0.198,0.221,1.188,2.3,below Mara's slope
P07872,C01,secondary main sewer,lateral,200,53.8,0.5,0.19,0.218,1.211,2.3,below Mara's slope
P07873,C03,secondary header,sub main,200,107.2,0.5,0.242,0.236,1.082,3.4,below Mara's slope
P07874,C01,secondary main sewer,lateral,200,48.4,2.25,0.037,0.209,2.568,0.1,below Mara's slope
P07875,C01,secondary header,sub main,200,42.0,0.5,0.083,0.166,1.772,0.5,below Mara's slope
P07877,C03,secondary main sewer,lateral,200,71.0,0.5,0.013,0.087,4.136,0.0,below Mara's slope
P07878,C08,secondary main sewer,lateral,200,77.1,0.5,0.199,0.221,1.184,3.9,below Mara's slope
P07879,C08,secondary main sewer,lateral,200,68.7,0.5,0.075,0.16,1.86,0.7,below Mara's slope
P07880,C08,secondary main sewer,lateral,200,67.8,0.5,0.108,0.181,1.572,1.3,below Mara's slope
P07881,C08,secondary main sewer,lateral,200,108.4,0.5,0.131,0.193,1.434,1.9,below Mara's slope
P07883,C08,secondary main sewer,lateral,200,79.7,0.5,0.087,0.169,1.732,0.9,below Mara's slope
P07884,C08,secondary header,sub main,200,73.3,1.55,0.074,0.234,1.874,0.7,below Mara's slope
P07885,C08,secondary header,sub main,200,274.4,0.95,0.204,0.278,1.172,4.1,below Mara's slope
P07886,C03,secondary header,sub main,200,132.2,0.5,0.309,0.255,0.967,4.6,below Mara's slope
P07887,C03,secondary header,sub main,200,82.6,0.5,0.135,0.195,1.417,1.1,below Mara's slope
P07889,C05,secondary header,sub main,200,124.2,0.5,0.193,0.219,1.202,2.4,below Mara's slope
P07890,C03,secondary header,sub main,200,52.5,0.5,0.578,0.312,0.725,12.7,below Mara's slope
P07891,C08,secondary header,sub main,200,167.3,0.5,0.415,0.281,0.844,8.1,below Mara's slope
P07892,C08,secondary main sewer,lateral,200,97.8,0.5,0.168,0.209,1.281,2.9,below Mara's slope
P07893,C01,secondary main sewer,lateral,200,136.4,0.5,0.563,0.309,0.734,13.4,below Mara's slope
P07894,C01,secondary main sewer,lateral,200,121.3,0.5,0.675,0.327,0.675,14.7,below Mara's slope
P07895,C05,secondary header,sub main,200,203.6,0.5,1.126,0.384,0.533,31.1,below Mara's slope
P07897,C03,secondary header,sub main,200,327.4,0.5,0.323,0.259,0.948,4.8,below Mara's slope
P07898,C01,secondary header,sub main,200,35.5,0.5,0.06,0.148,2.065,0.3,below Mara's slope
P07900,C03,secondary main sewer,lateral,200,88.1,0.5,0.158,0.205,1.316,1.7,below Mara's slope
P07901,C01,secondary main sewer,lateral,200,131.7,0.5,1.09,0.38,0.541,31.6,below Mara's slope
P07902,C05,secondary header,sub main,200,79.6,0.5,0.479,0.294,0.79,9.0,below Mara's slope
P07903,C01,secondary main sewer,lateral,200,47.7,1.1,0.133,0.254,1.425,1.3,below Mara's slope
P07904,C01,secondary main sewer,lateral,200,116.5,0.5,1.174,0.389,0.523,35.3,below Mara's slope
P07906,C03,secondary header,sub main,200,83.7,0.5,0.12,0.187,1.499,0.9,below Mara's slope
P07909,C08,secondary main sewer,lateral,200,81.9,0.5,0.276,0.246,1.019,6.7,below Mara's slope
P07910,C03,secondary header,sub main,200,145.1,0.5,0.429,0.284,0.832,8.3,below Mara's slope
P07911,C192,secondary header,sub main,200,179.3,0.5,0.0,0.0,,0.0,no flow in 2030
P07912,C05,secondary header,sub main,200,103.0,0.5,1.03,0.373,0.555,23.8,below Mara's slope
P07913,C01,secondary main sewer,lateral,200,70.8,0.5,0.17,0.21,1.275,2.0,below Mara's slope
P07914,C01,secondary main sewer,lateral,200,86.4,0.5,0.196,0.22,1.194,2.5,below Mara's slope
P07915,C01,secondary main sewer,lateral,200,79.2,0.5,0.356,0.267,0.906,6.6,below Mara's slope
P07916,C03,secondary main sewer,lateral,200,203.4,0.65,0.137,0.214,1.407,1.2,below Mara's slope
P07917,C03,secondary header,sub main,200,84.7,0.5,0.204,0.223,1.172,2.6,below Mara's slope
P07918,C05,secondary main sewer,lateral,200,46.8,0.5,0.05,0.14,2.238,0.2,below Mara's slope
P07919,C08,secondary main sewer,lateral,200,95.0,0.5,0.103,0.178,1.607,1.3,below Mara's slope
P07920,C08,secondary main sewer,lateral,200,287.6,0.5,0.286,0.249,1.002,4.3,below Mara's slope
P07921,C05,secondary header,sub main,200,22.2,0.5,0.482,0.294,0.788,9.1,below Mara's slope
P07922,C05,secondary main sewer,lateral,200,36.9,0.5,0.102,0.178,1.611,0.7,below Mara's slope
P07923,C03,secondary header,sub main,200,51.2,0.5,0.57,0.31,0.729,12.5,below Mara's slope
P07924,C08,secondary header,sub main,200,47.7,0.5,0.477,0.293,0.792,11.0,below Mara's slope
P07925,C08,secondary main sewer,lateral,200,37.1,0.5,0.126,0.191,1.46,1.8,below Mara's slope
P07926,C01,secondary header,sub main,200,359.4,0.5,0.616,0.318,0.704,18.9,below Mara's slope
P07927,C01,secondary main sewer,lateral,200,84.2,0.6,0.358,0.285,0.904,6.7,below Mara's slope
P07928,C01,secondary main sewer,lateral,200,74.8,0.5,0.326,0.26,0.944,5.7,below Mara's slope
P07929,C01,secondary main sewer,lateral,200,68.2,0.5,0.157,0.205,1.321,1.7,below Mara's slope
P07930,C08,secondary header,sub main,200,132.7,0.5,0.43,0.284,0.83,13.4,below Mara's slope
P07931,C08,secondary header,sub main,200,146.6,0.5,0.486,0.295,0.785,16.1,below Mara's slope
P07933,C05,secondary header,sub main,200,179.1,0.5,0.456,0.289,0.808,9.1,below Mara's slope
P07934,C01,secondary header,sub main,200,134.1,0.5,0.767,0.341,0.636,17.4,below Mara's slope
P07935,C03,secondary header,sub main,200,81.7,0.5,0.337,0.262,0.93,5.7,below Mara's slope
P07936,C71,secondary main sewer,lateral,200,44.7,0.5,0.142,0.198,1.382,0.6,below Mara's slope
P07937,C71,secondary header,sub main,200,23.1,0.5,0.173,0.212,1.263,0.6,below Mara's slope
P07940,C05,secondary main sewer,lateral,200,31.7,0.5,0.0,0.0,,0.0,no flow in 2030
P07941,C03,secondary header,sub main,200,45.3,0.5,0.418,0.281,0.842,7.8,below Mara's slope
P07942,C08,secondary header,sub main,200,45.3,0.5,0.784,0.343,0.63,27.8,below Mara's slope
P07943,C08,secondary main sewer,lateral,200,96.6,0.5,0.087,0.168,1.735,0.9,below Mara's slope
P07944,C03,secondary header,sub main,200,90.5,0.5,0.141,0.198,1.387,1.4,below Mara's slope
P07945,C01,secondary main sewer,lateral,200,41.8,0.5,0.095,0.173,1.668,0.7,below Mara's slope
P07946,C03,secondary header,sub main,200,166.4,0.5,0.288,0.25,0.998,4.5,below Mara's slope
P07948,C05,secondary header,sub main,200,62.2,0.5,0.524,0.302,0.758,10.3,below Mara's slope
P07949,C01,secondary main sewer,lateral,200,89.7,0.5,0.579,0.312,0.724,13.7,below Mara's slope
P07951,C157,secondary header,sub main,200,205.4,0.85,0.237,0.281,1.093,1.8,below Mara's slope
P07952,C157,secondary header,sub main,200,129.1,0.5,0.391,0.275,0.868,4.7,below Mara's slope
P07953,C05,secondary main sewer,lateral,200,61.2,0.5,0.086,0.168,1.747,0.5,below Mara's slope
P07954,C08,secondary main sewer,lateral,200,128.3,0.5,0.319,0.258,0.953,5.7,below Mara's slope
P07956,C01,secondary main sewer,lateral,200,74.9,0.5,0.326,0.26,0.944,5.8,below Mara's slope
P07957,C01,secondary main sewer,lateral,200,15.8,0.65,0.095,0.19,1.667,0.7,below Mara's slope
P07958,C71,secondary header,sub main,200,138.3,0.5,0.584,0.313,0.721,14.1,below Mara's slope
P07959,C192,secondary main sewer,lateral,200,64.7,0.5,0.0,0.0,,0.0,no flow in 2030
P07960,C05,secondary header,sub main,200,90.3,0.5,1.134,0.385,0.531,28.1,below Mara's slope
P07961,C01,secondary header,sub main,200,78.3,0.5,0.112,0.183,1.542,0.9,below Mara's slope
P07962,C01,secondary main sewer,lateral,200,185.6,0.55,0.416,0.29,0.843,8.5,below Mara's slope
P07964,C71,secondary header,sub main,200,75.2,0.5,0.629,0.32,0.697,15.9,below Mara's slope
P07966,C71,secondary main sewer,lateral,200,73.3,0.5,0.479,0.294,0.79,11.6,below Mara's slope
P07967,C01,secondary header,sub main,200,98.4,0.5,0.638,0.322,0.693,19.9,below Mara's slope
P07968,C03,secondary main sewer,lateral,200,80.0,0.5,0.115,0.185,1.527,0.9,below Mara's slope
P07969,C03,secondary header,sub main,200,159.6,0.5,0.27,0.244,1.03,3.7,below Mara's slope
P07970,C08,secondary main sewer,lateral,200,115.9,0.75,0.032,0.137,2.755,0.1,below Mara's slope
P07971,C08,secondary main sewer,lateral,200,77.7,0.5,0.4,0.277,0.858,9.3,below Mara's slope
P07972,C03,secondary main sewer,lateral,200,129.6,0.6,0.149,0.214,1.354,1.5,below Mara's slope
P07973,C01,secondary main sewer,lateral,200,45.2,0.5,0.326,0.26,0.944,5.8,below Mara's slope
P07974,C08,secondary main sewer,lateral,200,140.4,0.5,0.403,0.278,0.855,9.4,below Mara's slope
P07977,C71,secondary header,sub main,200,88.4,0.5,0.647,0.323,0.688,16.6,below Mara's slope
P07979,C71,secondary main sewer,lateral,200,49.7,0.5,0.43,0.284,0.83,9.8,below Mara's slope
P07981,C01,secondary main sewer,lateral,200,56.8,0.5,0.218,0.228,1.136,3.1,below Mara's slope
P07982,C01,secondary main sewer,lateral,200,148.8,0.5,0.595,0.315,0.715,14.5,below Mara's slope
P07988,C08,secondary header,sub main,200,88.1,0.5,1.276,0.399,0.503,53.7,below Mara's slope
P07989,C21,secondary main sewer,lateral,200,379.7,0.5,0.282,0.248,1.009,4.5,below Mara's slope
P07993,C03,secondary header,sub main,200,251.1,0.5,0.244,0.237,1.079,3.2,below Mara's slope
P07996,C05,secondary main sewer,lateral,200,69.6,0.5,0.191,0.219,1.207,3.2,below Mara's slope
P07997,C01,secondary main sewer,lateral,200,82.0,0.5,0.414,0.28,0.845,6.3,below Mara's slope
P07998,C71,secondary header,sub main,200,111.9,0.5,0.648,0.323,0.687,16.6,below Mara's slope
P07999,C01,secondary main sewer,lateral,200,37.3,0.5,0.0,0.0,,0.0,no flow in 2030
P08000,C01,secondary header,sub main,200,102.2,0.5,0.156,0.204,1.327,1.6,below Mara's slope
P08002,C05,secondary header,sub main,200,99.1,0.5,0.707,0.332,0.66,16.9,below Mara's slope
P08003,C03,secondary header,sub main,200,90.1,0.5,0.531,0.304,0.753,11.5,below Mara's slope
P08004,C29,secondary header,sub main,200,288.9,0.5,0.427,0.283,0.833,7.7,below Mara's slope
P08006,C05,secondary main sewer,lateral,200,229.7,0.5,0.0,0.0,,0.0,no flow in 2030
P08007,C01,secondary main sewer,lateral,200,45.8,0.5,0.165,0.208,1.293,1.8,below Mara's slope
P08008,C01,secondary main sewer,lateral,200,89.0,0.5,1.279,0.399,0.502,38.7,below Mara's slope
P08010,C71,secondary main sewer,lateral,200,55.2,0.5,0.119,0.187,1.503,1.2,below Mara's slope
P08011,C01,secondary header,sub main,200,350.1,0.5,0.54,0.305,0.748,8.1,below Mara's slope
P08013,C08,secondary header,sub main,200,91.0,0.85,0.151,0.243,1.345,2.4,below Mara's slope
P08014,C08,secondary main sewer,lateral,200,142.9,0.5,0.137,0.196,1.409,2.0,below Mara's slope
P08015,C29,secondary header,sub main,200,305.7,0.5,0.427,0.283,0.833,7.7,below Mara's slope
P08017,C29,secondary main sewer,lateral,200,111.5,0.5,0.117,0.186,1.513,0.7,below Mara's slope
P08018,C29,secondary header,sub main,200,27.6,0.5,0.427,0.283,0.833,7.7,below Mara's slope
P08019,C08,secondary header,sub main,200,162.9,0.5,1.209,0.392,0.516,49.3,below Mara's slope
P08020,C08,secondary header,sub main,200,131.8,0.5,0.826,0.349,0.615,28.8,below Mara's slope
P08021,C08,secondary main sewer,lateral,200,209.0,0.5,0.126,0.191,1.46,1.8,below Mara's slope
P08022,C08,secondary main sewer,lateral,200,181.3,0.5,0.189,0.218,1.213,3.7,below Mara's slope
P08023,C05,secondary main sewer,lateral,200,71.9,0.5,0.098,0.175,1.641,1.1,below Mara's slope
P08024,C05,secondary header,sub main,200,82.9,0.5,0.354,0.267,0.908,9.6,below Mara's slope
P08025,C217,secondary header,sub main,200,18.8,15.65,0.0,0.0,,0.0,no flow in 2030
P08026,C217,secondary header,sub main,200,24.3,0.5,0.602,0.316,0.711,9.3,below Mara's slope
P08027,C21,secondary main sewer,lateral,200,58.2,0.5,0.304,0.254,0.974,5.1,below Mara's slope
P08028,C01,secondary main sewer,lateral,200,331.4,0.5,1.289,0.4,0.501,39.2,below Mara's slope
P08029,C01,secondary main sewer,lateral,200,228.2,0.5,1.249,0.396,0.508,38.6,below Mara's slope
P08030,C01,secondary main sewer,lateral,200,51.0,0.5,0.394,0.276,0.864,5.7,below Mara's slope
P08031,C08,secondary main sewer,lateral,200,72.2,0.5,0.069,0.155,1.935,0.6,below Mara's slope
P08032,C01,secondary header,sub main,600,650.5,0.125,25.07,0.514,0.127,827.8,below Mara's slope
P08033,C01,secondary main sewer,lateral,200,109.9,2.3,0.021,0.173,3.309,0.1,below Mara's slope
P08034,C01,secondary header,sub main,200,54.1,0.5,0.245,0.237,1.076,3.6,below Mara's slope
P08035,C71,secondary main sewer,lateral,200,93.2,0.5,0.307,0.255,0.97,5.5,below Mara's slope
P08036,C03,secondary main sewer,lateral,200,82.4,0.65,0.293,0.275,0.991,4.7,below Mara's slope
P08037,C01,secondary main sewer,lateral,200,47.3,0.5,0.166,0.209,1.288,1.9,below Mara's slope
P08038,C71,secondary main sewer,lateral,200,81.9,0.5,0.2,0.222,1.183,3.0,below Mara's slope
P08039,C03,secondary header,sub main,200,172.4,0.5,0.414,0.28,0.845,7.7,below Mara's slope
P08040,C08,secondary header,sub main,200,45.6,1.1,0.217,0.298,1.139,4.4,below Mara's slope
P08041,C08,secondary header,sub main,200,82.6,0.5,0.59,0.314,0.718,17.8,below Mara's slope
P08042,C03,secondary header,sub main,200,93.7,0.5,0.96,0.365,0.574,26.1,below Mara's slope
P08043,C05,secondary header,sub main,200,75.1,0.5,0.165,0.208,1.293,2.7,below Mara's slope
P08044,C05,secondary header,sub main,200,83.0,0.5,0.457,0.289,0.807,13.9,below Mara's slope
P08045,C01,secondary main sewer,lateral,200,86.5,0.5,0.875,0.355,0.598,21.7,below Mara's slope
P08046,C01,secondary main sewer,lateral,200,114.6,0.5,0.659,0.325,0.682,14.7,below Mara's slope
P08048,C05,secondary main sewer,lateral,200,131.7,0.55,0.188,0.225,1.215,2.3,below Mara's slope
P08049,C29,secondary header,sub main,200,357.4,0.5,0.427,0.283,0.833,7.7,below Mara's slope
P08050,C05,secondary header,sub main,200,434.6,0.5,0.37,0.271,0.89,6.6,below Mara's slope
P08051,C05,secondary header,sub main,200,293.8,0.5,0.0,0.0,,0.0,no flow in 2030
P08052,C01,secondary header,sub main,200,52.9,0.5,0.568,0.31,0.731,9.0,below Mara's slope
P08053,C01,secondary main sewer,lateral,200,69.1,0.5,0.305,0.254,0.973,3.1,below Mara's slope
P08054,C03,secondary header,sub main,200,29.4,0.5,0.342,0.264,0.923,5.8,below Mara's slope
P08056,C01,secondary header,sub main,200,215.4,0.9,0.17,0.257,1.273,1.9,below Mara's slope
P08058,C05,secondary header,sub main,200,92.8,0.5,0.37,0.271,0.89,6.6,below Mara's slope
P08059,C03,secondary main sewer,lateral,200,452.2,0.5,0.411,0.28,0.848,7.4,below Mara's slope
P08060,C01,secondary main sewer,lateral,200,105.8,0.5,0.177,0.213,1.251,2.0,below Mara's slope
P08062,C01,secondary main sewer,lateral,200,102.4,0.5,0.066,0.153,1.969,0.4,below Mara's slope
P08063,C01,secondary main sewer,lateral,200,103.6,0.5,0.586,0.313,0.72,14.1,below Mara's slope
P08064,C01,secondary main sewer,lateral,200,93.2,0.5,0.653,0.324,0.685,16.5,below Mara's slope
P08065,C01,secondary main sewer,lateral,200,49.3,0.5,0.169,0.21,1.276,2.0,below Mara's slope
P08066,C05,secondary header,sub main,200,210.1,0.5,0.29,0.25,0.996,7.0,below Mara's slope
P08068,C05,secondary header,sub main,200,176.5,0.5,1.269,0.398,0.504,34.0,below Mara's slope
P08069,C01,secondary main sewer,lateral,200,20.6,0.5,0.167,0.209,1.283,1.9,below Mara's slope
P08070,C21,secondary header,sub main,200,87.7,0.5,0.443,0.287,0.819,8.1,below Mara's slope
P08073,C01,secondary main sewer,lateral,200,51.3,1.3,0.096,0.241,1.654,0.7,below Mara's slope
P08075,C01,secondary main sewer,lateral,200,82.6,0.5,0.056,0.145,2.13,0.3,below Mara's slope
P08077,C01,secondary header,sub main,200,39.7,0.5,0.593,0.314,0.716,9.9,below Mara's slope
P08078,C21,secondary header,sub main,200,58.0,0.5,0.394,0.276,0.864,6.6,below Mara's slope
P08079,C21,secondary main sewer,lateral,200,78.9,0.5,0.312,0.256,0.963,5.2,below Mara's slope
P08082,C03,secondary header,sub main,200,162.5,0.5,0.499,0.298,0.775,10.2,below Mara's slope
P08083,C05,secondary main sewer,lateral,200,120.4,0.5,0.103,0.178,1.601,1.2,below Mara's slope
P08084,C03,secondary header,sub main,200,307.2,0.5,0.323,0.259,0.948,4.8,below Mara's slope
P08085,C01,secondary main sewer,lateral,200,64.7,0.5,0.112,0.183,1.542,0.9,below Mara's slope
P08086,C01,secondary main sewer,lateral,200,102.8,1.05,0.104,0.23,1.597,0.8,below Mara's slope
P08088,C01,secondary main sewer,lateral,200,21.5,0.5,0.094,0.173,1.674,0.7,below Mara's slope
P08089,C03,secondary header,sub main,200,51.8,0.5,0.342,0.264,0.923,5.8,below Mara's slope
P08090,C01,secondary main sewer,lateral,200,79.3,0.5,0.381,0.273,0.878,5.9,below Mara's slope
P08091,C01,secondary main sewer,lateral,200,203.2,0.5,0.287,0.249,1.001,4.7,below Mara's slope
P08092,C01,secondary main sewer,lateral,200,50.0,0.5,0.242,0.236,1.083,3.4,below Mara's slope
P08093,C01,secondary header,sub main,200,103.4,0.5,0.852,0.352,0.606,19.6,below Mara's slope
P08094,C36,secondary main sewer,lateral,200,174.5,0.5,0.11,0.182,1.558,0.8,below Mara's slope
P08095,C03,secondary header,sub main,200,82.3,0.5,0.647,0.323,0.688,14.9,below Mara's slope
P08096,C03,secondary main sewer,lateral,200,159.6,0.5,0.19,0.218,1.209,2.0,below Mara's slope
P08097,C03,secondary main sewer,lateral,200,380.3,0.5,0.138,0.196,1.403,1.1,below Mara's slope
P08098,C08,secondary header,sub main,200,123.0,0.5,0.501,0.298,0.774,13.3,below Mara's slope
P08099,C05,secondary header,sub main,200,115.6,0.5,0.54,0.305,0.747,18.0,below Mara's slope
P08101,C03,secondary header,sub main,200,80.1,0.5,0.096,0.174,1.659,0.6,below Mara's slope
P08102,C03,secondary main sewer,lateral,200,63.1,0.5,0.176,0.213,1.255,2.1,below Mara's slope
P08103,C03,secondary header,sub main,200,192.0,0.5,1.208,0.392,0.516,34.5,below Mara's slope
P08104,C01,secondary main sewer,lateral,200,51.8,0.5,0.094,0.173,1.674,0.7,below Mara's slope
P08105,C01,secondary main sewer,lateral,200,111.6,0.5,0.037,0.126,2.581,0.1,below Mara's slope
P08106,C29,secondary header,sub main,200,127.8,0.5,0.394,0.276,0.865,7.1,below Mara's slope
P08108,C03,secondary header,sub main,200,73.1,0.5,0.267,0.244,1.034,3.8,below Mara's slope
P08109,C01,secondary header,sub main,200,55.2,0.5,0.94,0.363,0.579,23.0,below Mara's slope
P08110,C01,secondary main sewer,lateral,200,133.2,0.5,0.437,0.285,0.824,9.0,below Mara's slope
P08111,C01,secondary header,sub main,200,163.0,0.5,0.25,0.238,1.067,3.7,below Mara's slope
P08112,C126,secondary header,sub main,200,223.7,0.5,0.184,0.216,1.227,2.5,below Mara's slope
P08113,C126,secondary header,sub main,200,74.4,0.5,0.082,0.165,1.782,0.6,below Mara's slope
P08114,C21,secondary header,sub main,200,99.2,0.5,0.598,0.315,0.713,13.4,below Mara's slope
P08115,C03,secondary header,sub main,200,201.1,0.55,0.192,0.226,1.203,2.1,below Mara's slope
P08116,C130,secondary header,sub main,200,204.3,0.5,0.086,0.168,1.747,0.6,below Mara's slope
P08118,C01,secondary main sewer,lateral,200,110.3,0.5,0.74,0.337,0.647,19.4,below Mara's slope
P08119,C01,secondary main sewer,lateral,200,77.6,0.5,0.029,0.116,2.867,0.1,below Mara's slope
P08120,C01,secondary main sewer,lateral,200,21.2,0.5,0.166,0.209,1.288,1.9,below Mara's slope
P08121,C01,secondary main sewer,lateral,200,12.8,0.95,0.127,0.238,1.456,1.2,below Mara's slope
P08123,C01,secondary main sewer,lateral,200,41.7,1.65,0.03,0.175,2.831,0.1,below Mara's slope
P08124,C01,secondary main sewer,lateral,200,59.2,0.5,0.047,0.137,2.307,0.2,below Mara's slope
P08125,C01,secondary main sewer,lateral,200,74.0,1.15,0.056,0.193,2.117,0.3,below Mara's slope
P08126,C01,secondary header,sub main,600,141.4,0.125,25.071,0.514,0.127,827.8,below Mara's slope
P08127,C36,secondary header,sub main,200,506.8,0.5,0.27,0.244,1.03,3.7,below Mara's slope
P08128,C01,secondary header,sub main,200,78.6,0.5,0.262,0.242,1.043,3.8,below Mara's slope
P08130,C05,secondary header,sub main,200,105.1,0.5,0.396,0.277,0.862,7.7,below Mara's slope
P08131,C03,secondary header,sub main,200,193.2,0.6,0.371,0.289,0.888,6.5,below Mara's slope
P08132,C08,secondary main sewer,lateral,200,133.5,0.5,0.055,0.145,2.135,0.3,below Mara's slope
P08133,C08,secondary header,sub main,200,112.4,0.5,0.497,0.297,0.777,13.1,below Mara's slope
P08134,C36,secondary main sewer,lateral,200,186.3,0.5,0.095,0.173,1.667,0.6,below Mara's slope
P08135,C71,secondary main sewer,lateral,200,55.5,3.0,0.015,0.166,3.898,0.0,below Mara's slope
P08136,C71,secondary main sewer,lateral,200,200.9,0.5,0.089,0.169,1.721,0.6,below Mara's slope
P08138,C36,secondary header,sub main,200,313.7,0.5,0.452,0.289,0.811,8.0,below Mara's slope
P08139,C36,secondary main sewer,lateral,200,149.4,0.5,0.385,0.274,0.874,6.5,below Mara's slope
P08140,C01,secondary main sewer,lateral,200,72.6,0.5,0.03,0.117,2.847,0.1,below Mara's slope
P08141,C03,secondary header,sub main,200,86.3,0.5,0.405,0.278,0.854,7.5,below Mara's slope
P08145,C126,secondary header,sub main,200,90.6,0.5,0.193,0.219,1.201,2.7,below Mara's slope
P08146,C126,secondary header,sub main,200,93.7,0.5,0.245,0.237,1.077,4.0,below Mara's slope
P08147,C130,secondary main sewer,lateral,200,189.6,0.5,0.061,0.15,2.038,0.3,below Mara's slope
P08148,C01,secondary main sewer,lateral,200,61.1,0.5,0.042,0.131,2.439,0.2,below Mara's slope
P08149,C01,secondary main sewer,lateral,200,18.9,0.5,0.094,0.173,1.674,0.7,below Mara's slope
P08150,C36,secondary main sewer,lateral,200,29.2,0.5,0.171,0.211,1.269,0.6,below Mara's slope
P08151,C01,secondary main sewer,lateral,200,164.6,0.5,0.362,0.269,0.899,5.5,below Mara's slope
P08152,C03,secondary main sewer,lateral,200,82.8,0.65,0.128,0.21,1.452,1.0,below Mara's slope
P08153,C130,secondary header,sub main,200,85.6,0.5,0.118,0.186,1.507,1.0,below Mara's slope
P08154,C05,secondary main sewer,lateral,200,112.3,0.5,0.466,0.291,0.8,7.0,below Mara's slope
P08155,C01,secondary header,sub main,200,328.7,0.5,0.099,0.176,1.633,1.0,below Mara's slope
P08156,C01,secondary main sewer,lateral,200,101.3,0.5,0.048,0.137,2.288,0.3,below Mara's slope
P08157,C08,secondary header,sub main,200,78.6,0.5,0.485,0.295,0.786,12.6,below Mara's slope
P08158,C08,secondary main sewer,lateral,200,72.5,0.5,0.106,0.18,1.585,1.3,below Mara's slope
P08159,C01,secondary main sewer,lateral,200,95.1,0.5,0.681,0.328,0.672,17.2,below Mara's slope
P08161,C01,secondary main sewer,lateral,200,18.2,5.0,0.0,0.0,,0.0,no flow in 2030
P08162,C05,secondary header,sub main,200,84.7,0.5,0.57,0.31,0.729,19.5,below Mara's slope
P08163,C05,secondary main sewer,lateral,200,58.1,0.5,0.292,0.251,0.993,7.3,below Mara's slope
P08164,C03,secondary header,sub main,200,374.5,0.7,0.27,0.275,1.029,4.0,below Mara's slope
P08166,C03,secondary header,sub main,200,88.5,0.5,1.114,0.382,0.536,30.6,below Mara's slope
P08167,C03,secondary main sewer,lateral,200,74.5,0.5,0.3,0.253,0.98,4.4,below Mara's slope
P08168,C03,secondary header,sub main,200,28.3,0.5,0.984,0.368,0.567,25.9,below Mara's slope
P08169,C21,secondary header,sub main,200,80.1,0.5,0.675,0.327,0.675,15.1,below Mara's slope
P08170,C21,secondary header,sub main,200,71.9,0.5,0.919,0.36,0.585,22.8,below Mara's slope
P08171,C21,secondary header,sub main,200,40.3,0.5,0.351,0.266,0.912,6.4,below Mara's slope
P08172,C03,secondary header,sub main,200,141.6,0.5,0.254,0.24,1.059,3.7,below Mara's slope
P08174,C01,secondary main sewer,lateral,200,93.3,0.5,0.278,0.247,1.015,4.5,below Mara's slope
P08175,C01,secondary header,sub main,200,315.9,0.5,0.084,0.166,1.765,0.7,below Mara's slope
P08176,C21,secondary main sewer,lateral,200,81.1,0.5,0.26,0.242,1.046,4.0,below Mara's slope
P08177,C21,secondary header,sub main,200,67.0,0.5,0.33,0.261,0.939,5.8,below Mara's slope
P08178,C05,secondary header,sub main,200,174.0,0.5,0.512,0.3,0.766,13.2,below Mara's slope
P08179,C01,secondary main sewer,lateral,200,79.6,0.5,0.309,0.255,0.967,5.2,below Mara's slope
P08181,C01,secondary main sewer,lateral,200,61.9,1.0,0.116,0.235,1.52,1.0,below Mara's slope
P08182,C01,secondary main sewer,lateral,200,98.3,0.5,0.092,0.172,1.688,1.0,below Mara's slope
P08183,C01,secondary header,sub main,600,85.2,0.125,25.078,0.514,0.127,828.2,below Mara's slope
P08184,C03,secondary header,sub main,200,86.7,0.5,0.199,0.221,1.184,2.4,below Mara's slope
P08185,C01,secondary main sewer,lateral,200,80.7,0.5,0.599,0.315,0.713,14.2,below Mara's slope
P08186,C01,secondary main sewer,lateral,200,86.7,0.5,0.476,0.293,0.792,10.3,below Mara's slope
P08187,C05,secondary main sewer,lateral,200,92.6,0.5,0.18,0.214,1.242,3.2,below Mara's slope
P08188,C21,secondary header,sub main,200,58.7,0.5,0.068,0.155,1.94,0.3,below Mara's slope
P08189,C36,secondary header,sub main,200,186.3,0.5,0.579,0.312,0.724,11.7,below Mara's slope
P08190,C03,secondary main sewer,lateral,200,43.1,0.5,0.253,0.239,1.06,3.4,below Mara's slope
P08191,C03,secondary main sewer,lateral,200,86.5,0.5,0.295,0.252,0.989,4.3,below Mara's slope
P08192,C08,secondary header,sub main,200,129.4,0.5,0.216,0.228,1.14,2.1,below Mara's slope
P08193,C130,secondary header,sub main,200,92.2,0.5,0.077,0.162,1.834,0.5,below Mara's slope
P08194,C05,secondary main sewer,lateral,200,85.5,0.5,0.165,0.208,1.291,2.8,below Mara's slope
P08195,C05,secondary header,sub main,200,93.2,0.5,0.195,0.22,1.196,3.7,below Mara's slope
P08196,C29,secondary header,sub main,200,137.6,0.5,0.093,0.172,1.68,0.8,below Mara's slope
P08198,C126,secondary main sewer,lateral,200,106.8,0.85,0.126,0.228,1.463,1.4,below Mara's slope
P08199,C01,secondary header,sub main,200,150.0,0.5,0.302,0.253,0.978,5.0,below Mara's slope
P08200,C01,secondary header,sub main,200,257.7,0.5,0.963,0.366,0.573,23.7,below Mara's slope
P08201,C29,secondary main sewer,lateral,200,212.4,0.5,0.093,0.172,1.682,0.8,below Mara's slope
P08202,C36,secondary header,sub main,200,71.4,0.5,0.587,0.313,0.719,12.1,below Mara's slope
P08203,C184,secondary main sewer,lateral,200,66.1,0.5,0.035,0.123,2.656,0.1,below Mara's slope
P08204,C36,secondary main sewer,lateral,200,48.6,0.5,0.057,0.146,2.112,0.3,below Mara's slope
P08205,C36,secondary main sewer,lateral,200,54.9,0.5,0.035,0.124,2.624,0.1,below Mara's slope
P08206,C149,secondary main sewer,lateral,200,77.1,0.7,0.034,0.137,2.668,0.1,below Mara's slope
P08207,C149,secondary header,sub main,200,406.1,0.55,0.192,0.226,1.205,2.8,below Mara's slope
P08208,C172,secondary header,sub main,200,617.6,0.5,0.102,0.177,1.616,0.8,below Mara's slope
P08210,C01,secondary header,sub main,200,34.8,0.5,1.085,0.379,0.542,28.8,below Mara's slope
P08211,C05,secondary header,sub main,200,37.9,0.5,0.319,0.258,0.954,8.4,below Mara's slope
P08212,C03,secondary header,sub main,200,86.6,1.1,0.201,0.291,1.178,2.5,below Mara's slope
P08213,C05,secondary header,sub main,200,75.5,0.5,0.718,0.334,0.656,24.5,below Mara's slope
P08215,C05,secondary main sewer,lateral,200,25.7,0.5,0.154,0.204,1.331,2.6,below Mara's slope
P08216,C01,secondary main sewer,lateral,200,123.5,0.5,0.464,0.291,0.802,10.0,below Mara's slope
P08217,C01,secondary main sewer,lateral,200,200.5,0.7,0.351,0.299,0.912,6.5,below Mara's slope
P08218,C01,secondary main sewer,lateral,200,104.8,0.5,0.44,0.286,0.822,9.2,below Mara's slope
P08219,C01,secondary main sewer,lateral,200,147.3,0.5,0.49,0.296,0.782,10.9,below Mara's slope
P08220,C21,secondary main sewer,lateral,200,86.8,0.5,0.191,0.218,1.207,2.3,below Mara's slope
P08221,C36,secondary main sewer,lateral,200,159.9,0.7,0.04,0.145,2.491,0.2,below Mara's slope
P08222,C05,secondary main sewer,lateral,200,166.5,0.5,0.128,0.192,1.451,1.9,below Mara's slope
P08224,C01,secondary header,sub main,200,65.4,0.5,1.085,0.379,0.542,28.8,below Mara's slope
P08226,C01,secondary header,sub main,200,179.6,0.8,0.292,0.295,0.993,4.5,below Mara's slope
P08227,C01,secondary main sewer,lateral,200,99.3,0.5,0.435,0.285,0.826,8.8,below Mara's slope
P08230,C36,secondary header,sub main,200,110.3,0.5,0.662,0.325,0.681,12.8,below Mara's slope
P08231,C126,secondary header,sub main,200,207.8,0.5,0.115,0.185,1.527,1.1,below Mara's slope
P08233,C01,secondary main sewer,lateral,200,111.1,0.5,0.29,0.25,0.996,4.6,below Mara's slope
P08234,C149,secondary header,sub main,200,86.8,0.5,0.199,0.221,1.186,2.9,below Mara's slope
P08235,C01,secondary header,sub main,200,675.2,0.5,0.719,0.334,0.655,24.1,below Mara's slope
P08236,C05,secondary main sewer,lateral,200,29.5,0.5,0.036,0.125,2.599,0.1,below Mara's slope
P08237,C01,secondary main sewer,lateral,200,197.8,0.5,0.168,0.209,1.281,1.8,below Mara's slope
P08238,C130,secondary header,sub main,200,281.1,0.5,0.176,0.213,1.254,2.0,below Mara's slope
P08239,C05,secondary header,sub main,200,164.1,0.5,0.746,0.338,0.644,29.3,below Mara's slope
P08240,C05,secondary main sewer,lateral,200,30.5,1.05,0.228,0.299,1.114,4.8,below Mara's slope
P08241,C126,secondary main sewer,lateral,200,116.7,0.5,0.05,0.14,2.239,0.2,below Mara's slope
P08242,C05,secondary main sewer,lateral,200,160.7,0.5,0.261,0.242,1.045,6.1,below Mara's slope
P08243,C01,secondary main sewer,lateral,200,104.5,0.5,0.415,0.281,0.844,8.3,below Mara's slope
P08244,C03,secondary main sewer,lateral,200,240.1,0.55,0.176,0.22,1.254,2.0,below Mara's slope
P08245,C01,secondary header,sub main,200,753.5,0.5,0.066,0.153,1.969,0.4,below Mara's slope
P08246,C36,secondary main sewer,lateral,200,97.3,0.55,0.204,0.231,1.17,0.7,below Mara's slope
P08248,C36,secondary header,sub main,200,50.7,0.5,0.218,0.228,1.136,4.3,below Mara's slope
P08249,C01,secondary main sewer,lateral,200,85.8,0.5,0.799,0.345,0.624,22.1,below Mara's slope
P08250,C184,secondary main sewer,lateral,200,84.8,0.5,0.068,0.155,1.949,0.4,below Mara's slope
P08251,C184,secondary main sewer,lateral,200,236.2,0.5,0.073,0.158,1.886,0.4,below Mara's slope
P08252,C03,secondary main sewer,lateral,200,27.4,0.5,0.064,0.152,1.999,0.3,below Mara's slope
P08254,C01,secondary main sewer,lateral,200,123.2,0.5,0.177,0.213,1.251,0.2,below Mara's slope
P08255,C01,secondary main sewer,lateral,200,11.7,0.5,0.758,0.339,0.64,18.5,below Mara's slope
P08256,C29,secondary header,sub main,200,671.9,0.5,0.532,0.304,0.753,9.6,below Mara's slope
P08258,C03,secondary main sewer,lateral,200,175.8,0.75,0.152,0.233,1.341,1.4,below Mara's slope
P08259,C21,secondary main sewer,lateral,200,87.7,0.5,0.437,0.285,0.824,9.1,below Mara's slope
P08260,C03,secondary main sewer,lateral,200,335.5,0.5,0.516,0.301,0.764,10.7,below Mara's slope
P08261,C05,secondary main sewer,lateral,200,176.1,0.5,0.17,0.21,1.274,3.0,below Mara's slope
P08262,C01,secondary main sewer,lateral,200,143.8,0.5,0.543,0.306,0.746,10.9,below Mara's slope
P08263,C01,secondary main sewer,lateral,200,128.9,0.5,0.708,0.332,0.66,16.7,below Mara's slope
P08264,C01,secondary main sewer,lateral,200,154.4,0.5,0.979,0.368,0.568,27.3,below Mara's slope
P08265,C01,secondary main sewer,lateral,200,39.8,0.5,0.9,0.358,0.591,24.2,below Mara's slope
P08266,C21,secondary header,sub main,200,106.6,0.5,1.174,0.389,0.523,33.4,below Mara's slope
P08267,C21,secondary main sewer,lateral,200,121.5,0.5,0.552,0.307,0.74,10.0,below Mara's slope
P08268,C01,secondary main sewer,lateral,200,93.7,0.5,0.099,0.176,1.638,1.1,below Mara's slope
P08269,C01,secondary main sewer,lateral,200,24.8,0.9,0.028,0.14,2.913,0.1,below Mara's slope
P08270,C36,secondary header,sub main,200,151.0,0.5,0.742,0.337,0.646,17.1,below Mara's slope
P08271,C01,secondary header,sub main,200,59.3,0.5,0.099,0.176,1.633,0.7,below Mara's slope
P08272,C01,secondary header,sub main,200,59.3,0.5,0.099,0.176,1.633,0.7,below Mara's slope
P08273,C36,secondary main sewer,lateral,200,47.1,1.35,0.043,0.185,2.412,0.2,below Mara's slope
P08274,C36,secondary header,sub main,200,46.1,0.5,0.217,0.228,1.138,4.3,below Mara's slope
P08275,C126,secondary main sewer,lateral,200,32.3,0.5,0.028,0.115,2.908,0.1,below Mara's slope
P08276,C126,secondary header,sub main,200,83.2,0.5,0.098,0.175,1.641,0.8,below Mara's slope
P08277,C36,secondary main sewer,lateral,200,36.7,2.0,0.02,0.16,3.452,0.0,below Mara's slope
P08278,C130,secondary header,sub main,200,261.5,0.5,0.062,0.15,2.025,0.3,below Mara's slope
P08279,C01,secondary main sewer,lateral,200,55.6,0.5,0.802,0.345,0.623,22.2,below Mara's slope
P08280,C01,secondary main sewer,lateral,200,144.6,0.5,0.496,0.297,0.777,10.9,below Mara's slope
P08281,C01,secondary main sewer,lateral,200,129.2,0.5,0.026,0.111,3.042,0.1,below Mara's slope
P08282,C01,secondary header,sub main,200,333.7,0.6,0.185,0.23,1.226,3.3,below Mara's slope
P08283,C126,secondary main sewer,lateral,200,79.6,0.5,0.088,0.169,1.725,0.7,below Mara's slope
P08284,C03,secondary header,sub main,200,341.5,0.5,0.253,0.239,1.061,3.5,below Mara's slope
P08285,C01,secondary main sewer,lateral,200,82.1,0.5,0.702,0.331,0.662,18.3,below Mara's slope
P08286,C01,secondary main sewer,lateral,200,81.6,1.0,0.106,0.228,1.586,1.3,below Mara's slope
P08287,C01,secondary header,sub main,200,108.6,0.5,0.741,0.337,0.646,25.3,below Mara's slope
P08288,C21,secondary header,sub main,200,102.0,0.5,0.61,0.317,0.707,14.8,below Mara's slope
P08289,C21,secondary header,sub main,200,60.5,0.5,0.721,0.334,0.654,18.9,below Mara's slope
P08290,C01,secondary main sewer,lateral,200,134.4,0.9,0.239,0.288,1.088,3.5,below Mara's slope
P08291,C05,secondary header,sub main,200,170.5,0.5,0.475,0.293,0.793,15.2,below Mara's slope
P08294,C01,secondary main sewer,lateral,200,84.2,0.5,0.362,0.269,0.899,6.8,below Mara's slope
P08295,C03,secondary main sewer,lateral,200,227.0,0.5,0.104,0.179,1.595,0.7,below Mara's slope
P08296,C36,secondary main sewer,lateral,200,48.3,0.5,0.295,0.251,0.989,4.8,below Mara's slope
P08297,C36,secondary main sewer,lateral,200,69.7,0.65,0.277,0.27,1.018,4.1,below Mara's slope
P08298,C36,secondary main sewer,lateral,200,64.6,2.15,0.039,0.209,2.526,0.2,below Mara's slope
P08299,C05,secondary main sewer,lateral,200,44.3,0.5,0.466,0.291,0.8,13.8,below Mara's slope
P08300,C05,secondary main sewer,lateral,200,79.6,0.5,0.375,0.272,0.884,10.0,below Mara's slope
P08301,C05,secondary main sewer,lateral,200,10.7,0.5,0.173,0.211,1.265,2.6,below Mara's slope
P08302,C05,secondary main sewer,lateral,200,106.6,0.5,0.167,0.209,1.284,2.9,below Mara's slope
P08303,C149,secondary main sewer,lateral,200,31.4,3.5,0.015,0.175,3.904,0.0,below Mara's slope
P08304,C149,secondary header,sub main,200,250.4,0.5,0.212,0.226,1.15,3.2,below Mara's slope
P08305,C01,secondary header,sub main,200,96.8,0.5,0.809,0.346,0.62,20.5,below Mara's slope
P08306,C01,secondary main sewer,lateral,200,98.7,1.4,0.044,0.189,2.374,0.2,below Mara's slope
P08307,C01,secondary main sewer,lateral,200,22.3,0.5,0.0,0.0,,0.0,no flow in 2030
P08308,C05,secondary main sewer,lateral,200,23.6,0.5,0.126,0.191,1.46,1.8,below Mara's slope
P08309,C149,secondary header,sub main,200,10.2,0.5,0.213,0.226,1.148,3.2,below Mara's slope
P08310,C03,secondary main sewer,lateral,200,84.3,0.5,0.367,0.27,0.894,6.2,below Mara's slope
P08311,C03,secondary header,sub main,200,349.7,0.5,0.306,0.254,0.972,4.7,below Mara's slope
P08312,C01,secondary main sewer,lateral,200,92.8,0.5,0.086,0.168,1.746,0.9,below Mara's slope
P08314,C05,secondary header,sub main,200,292.3,0.5,0.189,0.218,1.214,3.4,below Mara's slope
P08315,C05,secondary header,sub main,200,182.0,0.5,0.931,0.362,0.582,37.3,below Mara's slope
P08316,C05,secondary header,sub main,200,130.3,0.5,0.868,0.354,0.601,36.6,below Mara's slope
P08317,C05,secondary header,sub main,200,49.2,0.5,0.754,0.339,0.641,29.0,below Mara's slope
P08318,C01,secondary main sewer,lateral,200,113.9,0.5,0.576,0.311,0.726,13.7,below Mara's slope
P08319,C01,secondary main sewer,lateral,200,102.4,0.5,0.694,0.33,0.666,18.0,below Mara's slope
P08321,C03,secondary header,sub main,200,300.0,0.5,0.978,0.367,0.569,25.7,below Mara's slope
P08322,C36,secondary header,sub main,200,43.5,0.5,0.909,0.359,0.588,24.3,below Mara's slope
P08323,C36,secondary header,sub main,200,155.9,0.5,0.868,0.354,0.601,21.9,below Mara's slope
P08324,C01,secondary main sewer,lateral,200,39.3,1.85,0.058,0.228,2.094,0.4,below Mara's slope
P08325,C01,secondary main sewer,lateral,200,63.8,0.5,0.073,0.159,1.881,0.6,below Mara's slope
P08326,C01,secondary main sewer,lateral,200,68.7,0.5,0.08,0.163,1.808,0.6,below Mara's slope
P08327,C01,secondary header,sub main,200,288.2,1.65,0.06,0.223,2.052,0.4,below Mara's slope
P08328,C01,secondary main sewer,lateral,200,101.3,0.5,1.148,0.386,0.528,35.7,below Mara's slope
P08329,C01,secondary main sewer,lateral,200,76.8,0.5,0.187,0.217,1.219,2.3,below Mara's slope
P08330,C03,secondary header,sub main,200,57.0,0.5,0.436,0.285,0.825,7.9,below Mara's slope
P08331,C03,secondary header,sub main,200,84.1,0.5,0.094,0.173,1.678,0.6,below Mara's slope
P08332,C01,secondary main sewer,lateral,200,92.4,0.5,0.637,0.321,0.693,16.0,below Mara's slope
P08333,C36,secondary main sewer,lateral,200,127.2,0.5,0.045,0.135,2.346,0.2,below Mara's slope
P08335,C03,secondary main sewer,lateral,200,116.5,0.5,0.311,0.256,0.964,4.8,below Mara's slope
P08336,C01,secondary main sewer,lateral,200,154.2,0.5,0.457,0.289,0.808,9.6,below Mara's slope
P08337,C01,secondary main sewer,lateral,200,124.4,0.5,0.248,0.238,1.07,3.6,below Mara's slope
P08339,C01,secondary main sewer,lateral,200,80.2,0.5,0.049,0.138,2.267,0.3,below Mara's slope
P08341,C01,secondary main sewer,lateral,200,83.6,0.5,0.049,0.139,2.256,0.2,below Mara's slope
P08342,C01,secondary main sewer,lateral,200,100.5,0.5,0.029,0.116,2.857,0.1,below Mara's slope
P08343,C01,secondary header,sub main,200,88.8,0.5,1.236,0.395,0.51,38.2,below Mara's slope
P08344,C01,secondary header,sub main,200,145.1,0.5,0.774,0.342,0.633,27.2,below Mara's slope
P08345,C01,secondary main sewer,lateral,200,90.0,1.0,0.101,0.224,1.623,1.2,below Mara's slope
P08347,C05,secondary header,sub main,200,584.8,0.5,0.045,0.134,2.357,0.2,below Mara's slope
P08348,C05,secondary main sewer,lateral,200,65.0,0.5,0.286,0.249,1.002,2.5,below Mara's slope
P08349,C01,secondary header,sub main,200,141.3,0.8,0.173,0.248,1.265,2.0,below Mara's slope
P08350,C01,secondary main sewer,lateral,200,108.5,0.5,0.087,0.168,1.737,0.6,below Mara's slope
P08351,C01,secondary header,sub main,200,311.8,0.5,0.516,0.301,0.764,11.5,below Mara's slope
P08352,C36,secondary main sewer,lateral,200,101.4,0.6,0.074,0.169,1.874,0.7,below Mara's slope
P08353,C102,secondary header,sub main,200,54.3,0.85,0.035,0.147,2.649,0.1,below Mara's slope
P08354,C01,secondary main sewer,lateral,200,192.2,0.5,0.63,0.32,0.696,15.6,below Mara's slope
P08356,C03,secondary header,sub main,200,95.7,0.5,0.404,0.278,0.855,7.1,below Mara's slope
P08357,C01,secondary main sewer,lateral,200,71.3,0.5,0.283,0.248,1.007,4.6,below Mara's slope
P08358,C01,secondary header,sub main,200,379.6,1.1,0.0,0.0,,0.0,no flow in 2030
P08360,C03,secondary main sewer,lateral,200,85.5,0.5,0.199,0.221,1.184,2.3,below Mara's slope
P08361,C03,secondary header,sub main,200,497.6,0.5,0.23,0.232,1.108,2.8,below Mara's slope
P08362,C03,secondary header,sub main,200,651.7,0.5,0.865,0.354,0.602,22.7,below Mara's slope
P08363,C21,secondary header,sub main,200,241.7,0.5,0.257,0.241,1.053,3.9,below Mara's slope
P08365,C01,secondary main sewer,lateral,200,74.7,0.5,0.046,0.136,2.318,0.2,below Mara's slope
P08366,C01,secondary main sewer,lateral,200,84.7,0.85,0.061,0.179,2.042,0.4,below Mara's slope
P08367,C08,secondary header,sub main,200,53.7,0.5,0.033,0.121,2.697,0.1,below Mara's slope
P08369,C01,secondary header,sub main,200,337.9,0.5,0.069,0.156,1.926,0.4,below Mara's slope
P08370,C01,secondary main sewer,lateral,200,59.7,0.5,0.058,0.147,2.085,0.3,below Mara's slope
P08371,C03,secondary main sewer,lateral,200,30.1,0.5,0.103,0.178,1.607,0.8,below Mara's slope
P08372,C29,secondary header,sub main,200,289.0,0.5,0.117,0.186,1.512,1.2,below Mara's slope
P08373,C29,secondary header,sub main,200,224.2,0.5,0.08,0.163,1.807,0.6,below Mara's slope
P08374,C29,secondary main sewer,lateral,200,154.5,0.5,0.0,0.0,,0.0,no flow in 2030
P08375,C01,secondary main sewer,lateral,200,96.8,0.5,0.546,0.306,0.744,11.1,below Mara's slope
P08377,C01,secondary header,sub main,200,87.0,0.5,0.565,0.31,0.732,13.1,below Mara's slope
P08378,C01,secondary main sewer,lateral,200,108.7,0.5,1.23,0.394,0.512,38.9,below Mara's slope
P08380,C03,secondary header,sub main,200,91.0,0.5,0.375,0.272,0.884,6.4,below Mara's slope
P08381,C03,secondary header,sub main,200,162.1,1.35,0.112,0.257,1.543,0.8,below Mara's slope
P08382,C03,secondary header,sub main,200,250.7,0.5,0.308,0.255,0.968,4.7,below Mara's slope
P08383,C26,secondary main sewer,lateral,200,64.5,0.5,0.112,0.183,1.544,0.8,below Mara's slope
P08384,C26,secondary main sewer,lateral,200,49.6,0.5,0.09,0.17,1.711,0.7,below Mara's slope
P08386,C26,secondary header,sub main,200,134.0,0.5,0.092,0.171,1.694,0.8,below Mara's slope
P08388,C36,secondary header,sub main,200,151.5,0.5,0.154,0.204,1.333,2.4,below Mara's slope
P08389,C36,secondary main sewer,lateral,200,103.0,1.15,0.074,0.212,1.871,0.7,below Mara's slope
P08390,C05,secondary header,sub main,200,80.7,1.1,0.207,0.294,1.162,4.3,below Mara's slope
P08391,C03,secondary header,sub main,200,93.2,0.5,0.698,0.331,0.664,16.5,below Mara's slope
P08392,C03,secondary main sewer,lateral,200,122.9,0.5,0.108,0.181,1.571,0.7,below Mara's slope
P08393,C05,secondary header,sub main,200,148.0,0.5,1.139,0.385,0.53,45.6,below Mara's slope
P08394,C01,secondary header,sub main,200,103.8,0.5,1.259,0.397,0.506,39.1,below Mara's slope
P08397,C01,secondary header,sub main,200,63.1,0.5,0.169,0.21,1.276,2.7,below Mara's slope
P08398,C01,secondary main sewer,lateral,200,61.2,1.05,0.039,0.165,2.497,0.2,below Mara's slope
P08399,C01,secondary main sewer,lateral,200,58.7,0.5,0.043,0.132,2.411,0.2,below Mara's slope
P08401,C102,secondary main sewer,lateral,200,204.3,0.5,0.019,0.099,3.514,0.0,below Mara's slope
P08402,C102,secondary main sewer,lateral,200,109.5,0.5,0.069,0.155,1.935,0.6,below Mara's slope
P08403,C01,secondary main sewer,lateral,200,132.7,0.5,0.035,0.123,2.657,0.1,below Mara's slope
P08404,C102,secondary main sewer,lateral,200,125.1,0.5,0.051,0.141,2.218,0.3,below Mara's slope
P08405,C01,secondary main sewer,lateral,200,122.0,0.5,0.225,0.23,1.12,3.1,below Mara's slope
P08406,C01,secondary main sewer,lateral,200,92.5,0.5,0.362,0.269,0.899,6.6,below Mara's slope
P08407,C08,secondary main sewer,lateral,200,88.0,0.5,0.104,0.179,1.598,1.3,below Mara's slope
P08409,C01,secondary main sewer,lateral,200,72.2,0.5,0.12,0.188,1.495,1.0,below Mara's slope
P08410,C03,secondary header,sub main,200,197.3,0.5,0.749,0.338,0.643,17.7,below Mara's slope
P08412,C08,secondary main sewer,lateral,200,37.7,1.2,0.0,0.0,,0.0,no flow in 2030
P08413,C01,secondary header,sub main,200,24.0,0.5,0.177,0.213,1.249,2.9,below Mara's slope
P08415,C01,secondary header,sub main,200,74.2,0.5,0.213,0.227,1.147,4.1,below Mara's slope
P08416,C01,secondary header,sub main,200,84.1,0.5,0.218,0.228,1.137,4.2,below Mara's slope
P08417,C03,secondary header,sub main,200,80.0,0.5,0.694,0.33,0.666,16.4,below Mara's slope
P08418,C01,secondary header,sub main,200,193.7,0.5,0.803,0.346,0.623,28.4,below Mara's slope
P08419,C01,secondary header,sub main,600,469.7,0.125,25.113,0.514,0.127,830.4,below Mara's slope
P08420,C36,secondary header,sub main,200,302.1,0.5,0.209,0.225,1.159,4.1,below Mara's slope
P08421,C01,secondary main sewer,lateral,200,83.3,0.5,0.152,0.203,1.34,1.6,below Mara's slope
P08422,C03,secondary header,sub main,200,10.5,0.5,0.621,0.319,0.701,14.0,below Mara's slope
P08423,C01,secondary main sewer,lateral,200,173.7,0.5,0.429,0.284,0.832,8.9,below Mara's slope
P08424,C01,secondary main sewer,lateral,200,25.1,1.15,0.19,0.291,1.209,2.4,below Mara's slope
P08427,C26,secondary main sewer,lateral,200,94.4,0.5,0.184,0.216,1.228,2.3,below Mara's slope
P08428,C26,secondary header,sub main,200,105.6,0.5,0.108,0.181,1.571,1.0,below Mara's slope
P08429,C08,secondary main sewer,lateral,200,40.0,0.5,0.18,0.214,1.242,0.9,below Mara's slope
P08430,C08,secondary main sewer,lateral,200,48.0,0.5,0.085,0.167,1.756,0.8,below Mara's slope
P08431,C01,secondary header,sub main,200,165.4,0.5,0.035,0.123,2.657,0.1,below Mara's slope
P08432,C01,secondary main sewer,lateral,200,49.4,0.5,0.035,0.123,2.657,0.1,below Mara's slope
P08433,C21,secondary main sewer,lateral,200,49.1,0.5,0.086,0.168,1.742,0.6,below Mara's slope
P08434,C21,secondary header,sub main,200,84.2,0.5,0.484,0.295,0.787,2.7,below Mara's slope
P08435,C26,secondary main sewer,lateral,200,65.2,0.5,0.036,0.125,2.597,0.1,below Mara's slope
P08436,C01,secondary main sewer,lateral,200,22.9,0.7,0.087,0.189,1.737,0.6,below Mara's slope
P08437,C08,secondary main sewer,lateral,200,47.3,0.5,0.083,0.166,1.774,0.8,below Mara's slope
P08438,C08,secondary main sewer,lateral,200,57.3,0.5,0.036,0.125,2.596,0.2,below Mara's slope
P08439,C01,secondary main sewer,lateral,200,56.4,0.5,0.151,0.202,1.346,1.6,below Mara's slope
P08440,C03,secondary header,sub main,200,84.5,0.5,0.602,0.316,0.711,13.0,below Mara's slope
P08441,C08,secondary main sewer,lateral,200,28.3,0.5,0.15,0.202,1.351,0.0,below Mara's slope
P08443,C05,secondary header,sub main,200,75.7,0.5,0.207,0.224,1.162,4.3,below Mara's slope
P08445,C05,secondary header,sub main,200,69.3,0.5,1.28,0.399,0.502,54.7,below Mara's slope
P08446,C05,secondary header,sub main,200,74.1,0.5,1.164,0.388,0.525,47.1,below Mara's slope
P08447,C05,secondary main sewer,lateral,200,130.4,0.5,0.259,0.241,1.049,6.0,below Mara's slope
P08448,C36,secondary header,sub main,200,87.7,0.5,0.128,0.192,1.449,1.7,below Mara's slope
P08449,C36,secondary main sewer,lateral,200,80.4,0.9,0.113,0.225,1.539,1.4,below Mara's slope
P08450,C26,secondary header,sub main,200,54.1,0.5,0.227,0.231,1.115,3.3,below Mara's slope
P08451,C36,secondary header,sub main,200,42.9,0.5,0.196,0.22,1.193,3.7,below Mara's slope
P08453,C03,secondary header,sub main,200,86.8,0.5,0.621,0.319,0.701,14.0,below Mara's slope
P08454,C46,secondary header,sub main,200,111.8,0.5,0.663,0.326,0.68,15.9,below Mara's slope
P08455,C102,secondary header,sub main,200,127.7,0.5,0.075,0.16,1.859,0.7,below Mara's slope
P08456,C102,secondary header,sub main,200,533.1,0.5,0.177,0.213,1.25,3.0,below Mara's slope
P08458,C01,secondary main sewer,lateral,200,147.5,0.5,0.577,0.312,0.725,12.1,below Mara's slope
P08459,C36,secondary main sewer,lateral,200,84.2,0.5,0.145,0.2,1.371,2.2,below Mara's slope
P08460,C01,secondary header,sub main,200,205.4,0.5,0.416,0.281,0.844,8.4,below Mara's slope
P08463,C29,secondary header,sub main,200,513.7,0.5,0.667,0.326,0.679,14.5,below Mara's slope
P08464,C29,secondary header,sub main,200,303.9,0.5,0.535,0.304,0.751,11.0,below Mara's slope
P08465,C36,secondary main sewer,lateral,200,53.7,0.5,0.077,0.162,1.837,0.7,below Mara's slope
P08466,C03,secondary main sewer,lateral,200,599.7,0.6,0.099,0.187,1.636,0.6,below Mara's slope
P08467,C03,secondary main sewer,lateral,200,37.9,0.5,0.054,0.143,2.161,0.2,below Mara's slope
P08468,C01,secondary header,sub main,200,487.6,0.5,0.227,0.231,1.114,3.3,below Mara's slope
P08469,C01,secondary header,sub main,200,114.0,0.5,0.39,0.275,0.869,7.8,below Mara's slope
P08471,C01,secondary main sewer,lateral,200,131.6,0.85,0.072,0.189,1.893,0.4,below Mara's slope
P08473,C03,secondary main sewer,lateral,200,109.2,0.5,0.205,0.224,1.168,2.5,below Mara's slope
P08474,C01,secondary main sewer,lateral,200,40.4,1.65,0.086,0.252,1.742,0.6,below Mara's slope
P08475,C03,secondary main sewer,lateral,200,210.5,0.5,0.135,0.195,1.418,1.1,below Mara's slope
P08476,C46,secondary header,sub main,200,98.5,0.5,0.395,0.276,0.864,9.2,below Mara's slope
P08477,C03,secondary header,sub main,200,89.7,0.5,0.621,0.319,0.701,14.0,below Mara's slope
P08479,C03,secondary header,sub main,200,88.8,0.55,0.484,0.305,0.787,9.5,below Mara's slope
P08483,C102,secondary header,sub main,200,51.7,0.5,0.199,0.222,1.184,3.7,below Mara's slope
P08484,C102,secondary main sewer,lateral,200,204.4,0.55,0.053,0.147,2.181,0.3,below Mara's slope
P08485,C210,secondary header,sub main,200,396.4,0.5,0.175,0.212,1.258,2.4,below Mara's slope
P08488,C01,secondary header,sub main,200,122.8,0.5,0.491,0.296,0.781,11.1,below Mara's slope
P08491,C05,secondary main sewer,lateral,200,73.2,0.5,0.289,0.25,0.998,6.8,below Mara's slope
P08492,C117,secondary header,sub main,200,115.6,0.5,0.0,0.0,,0.0,no flow in 2030
P08493,C01,secondary main sewer,lateral,200,149.9,0.5,0.682,0.328,0.672,15.7,below Mara's slope
P08495,C29,secondary header,sub main,200,305.0,0.5,1.005,0.37,0.562,26.8,below Mara's slope
P08497,C05,secondary main sewer,lateral,200,88.5,0.5,0.22,0.229,1.131,4.6,below Mara's slope
P08498,C26,secondary header,sub main,200,217.5,0.6,0.0,0.0,,0.0,no flow in 2030
P08499,C03,secondary header,sub main,200,86.6,0.5,0.456,0.289,0.809,8.6,below Mara's slope
P08502,C36,secondary header,sub main,200,242.2,0.5,0.048,0.137,2.293,0.3,below Mara's slope
P08503,C01,secondary main sewer,lateral,200,111.0,0.5,0.111,0.182,1.553,1.4,below Mara's slope
P08504,C01,secondary main sewer,lateral,200,97.6,0.5,0.181,0.215,1.236,1.9,below Mara's slope
P08505,C01,secondary main sewer,lateral,200,98.9,0.5,0.159,0.206,1.313,1.5,below Mara's slope
P08506,C46,secondary main sewer,lateral,200,117.1,0.95,0.151,0.252,1.345,0.6,below Mara's slope
P08508,C21,secondary header,sub main,200,185.4,0.5,0.111,0.183,1.55,0.9,below Mara's slope
P08509,C36,secondary main sewer,lateral,200,88.3,0.5,0.081,0.165,1.791,0.8,below Mara's slope
P08510,C03,secondary header,sub main,200,109.5,0.6,0.287,0.266,1.0,4.2,below Mara's slope
P08512,C36,secondary header,sub main,200,115.9,0.5,0.113,0.184,1.54,1.4,below Mara's slope
P08515,C01,secondary main sewer,lateral,200,74.7,0.5,0.294,0.251,0.99,4.6,below Mara's slope
P08517,C03,secondary header,sub main,200,57.8,0.5,0.391,0.275,0.868,6.7,below Mara's slope
P08518,C102,secondary header,sub main,200,72.2,0.5,0.211,0.226,1.152,4.0,below Mara's slope
P08519,C26,secondary header,sub main,200,104.2,0.5,0.034,0.122,2.676,0.1,below Mara's slope
P08520,C01,secondary main sewer,lateral,200,107.9,0.5,0.406,0.279,0.853,8.1,below Mara's slope
P08523,C03,secondary main sewer,lateral,200,106.5,0.5,0.295,0.252,0.988,4.6,below Mara's slope
P08524,C03,secondary main sewer,lateral,200,107.7,0.95,0.073,0.198,1.878,0.4,below Mara's slope
P08526,C01,secondary header,sub main,200,302.8,0.5,0.0,0.0,,0.0,no flow in 2030
P08527,C26,secondary header,sub main,200,284.3,0.5,0.244,0.237,1.078,3.7,below Mara's slope
P08528,C26,secondary header,sub main,200,101.0,1.25,0.119,0.256,1.502,1.2,below Mara's slope
P08529,C26,secondary header,sub main,200,174.4,0.5,0.124,0.19,1.473,1.3,below Mara's slope
P08530,C210,secondary header,sub main,200,107.9,0.5,0.175,0.212,1.258,2.4,below Mara's slope
P08532,C01,secondary main sewer,lateral,200,174.3,0.5,0.342,0.264,0.923,6.2,below Mara's slope
P08534,C01,secondary header,sub main,200,306.8,0.5,0.491,0.296,0.781,11.1,below Mara's slope
P08535,C01,secondary header,sub main,600,209.3,0.125,25.653,0.517,0.126,859.5,below Mara's slope
P08537,C03,secondary header,sub main,200,282.3,0.5,0.311,0.256,0.965,4.6,below Mara's slope
P08538,C03,secondary main sewer,lateral,200,224.0,0.5,0.233,0.233,1.102,2.9,below Mara's slope
P08539,C03,secondary header,sub main,200,73.1,0.5,0.39,0.275,0.869,6.7,below Mara's slope
P08540,C117,secondary header,sub main,200,154.5,0.6,0.08,0.174,1.807,0.6,below Mara's slope
P08541,C01,secondary main sewer,lateral,200,70.2,0.5,0.241,0.236,1.085,3.9,below Mara's slope
P08542,C01,secondary main sewer,lateral,200,216.5,0.5,0.358,0.268,0.904,3.9,below Mara's slope
P08545,C05,secondary header,sub main,200,66.8,0.6,0.077,0.172,1.838,0.6,below Mara's slope
P08546,C03,secondary main sewer,lateral,200,68.1,0.65,0.067,0.168,1.963,0.3,below Mara's slope
P08548,C01,secondary main sewer,lateral,200,125.6,0.5,0.157,0.205,1.321,1.5,below Mara's slope
P08551,C05,secondary main sewer,lateral,200,118.6,0.5,0.078,0.163,1.82,0.6,below Mara's slope
P08552,C26,secondary header,sub main,200,83.6,0.5,0.053,0.142,2.188,0.2,below Mara's slope
P08554,C46,secondary header,sub main,200,129.6,0.5,0.809,0.346,0.621,16.5,below Mara's slope
P08556,C03,secondary main sewer,lateral,200,83.1,0.5,0.253,0.239,1.06,3.6,below Mara's slope
P08557,C03,secondary main sewer,lateral,200,114.8,0.5,0.202,0.223,1.176,2.5,below Mara's slope
P08558,C236,secondary main sewer,lateral,200,227.3,0.5,0.069,0.155,1.935,0.6,below Mara's slope
P08559,C03,secondary main sewer,lateral,200,87.7,0.85,0.283,0.298,1.008,4.1,below Mara's slope
P08560,C01,secondary main sewer,lateral,200,74.4,1.0,0.135,0.247,1.415,1.2,below Mara's slope
P08561,C01,secondary header,sub main,200,73.7,0.5,0.511,0.3,0.767,11.3,below Mara's slope
P08562,C01,secondary header,sub main,200,122.9,0.5,0.48,0.294,0.79,10.4,below Mara's slope
P08563,C26,secondary header,sub main,200,207.7,0.5,0.0,0.0,,0.0,no flow in 2030
P08564,C104,secondary header,sub main,200,51.0,0.65,0.0,0.0,,0.0,no flow in 2030
P08566,C01,secondary main sewer,lateral,200,115.0,0.5,0.395,0.276,0.864,7.2,below Mara's slope
P08567,C01,secondary header,sub main,200,79.5,0.5,0.578,0.312,0.725,12.9,below Mara's slope
P08568,C46,secondary header,sub main,200,72.4,0.5,0.14,0.197,1.391,0.0,below Mara's slope
P08569,C104,secondary main sewer,lateral,200,162.2,0.5,0.018,0.097,3.606,0.0,below Mara's slope
P08570,C03,secondary main sewer,lateral,200,19.0,0.95,0.053,0.177,2.185,0.2,below Mara's slope
P08574,C05,secondary main sewer,lateral,200,34.5,0.5,0.108,0.181,1.568,1.2,below Mara's slope
P08575,C26,secondary header,sub main,200,99.8,0.5,0.294,0.251,0.99,5.1,below Mara's slope
P08576,C26,secondary header,sub main,200,286.7,0.5,0.142,0.198,1.386,1.6,below Mara's slope
P08577,C03,secondary header,sub main,200,60.3,1.75,0.063,0.232,2.006,0.3,below Mara's slope
P08582,C01,secondary main sewer,lateral,200,224.7,0.5,0.432,0.284,0.829,8.9,below Mara's slope
P08583,C117,secondary main sewer,lateral,200,94.4,0.75,0.148,0.231,1.359,1.8,below Mara's slope
P08584,C46,secondary header,sub main,200,90.9,0.5,0.878,0.355,0.598,17.1,below Mara's slope
P08585,C46,secondary header,sub main,200,121.8,0.5,0.631,0.32,0.696,12.8,below Mara's slope
P08586,C03,secondary main sewer,lateral,200,107.8,0.9,0.22,0.28,1.13,2.5,below Mara's slope
P08587,C117,secondary header,sub main,200,153.9,0.5,0.175,0.212,1.258,2.4,below Mara's slope
P08588,C05,secondary header,sub main,200,75.6,0.5,0.289,0.25,0.998,7.1,below Mara's slope
P08589,C26,secondary header,sub main,200,80.0,0.5,0.0,0.0,,0.0,no flow in 2030
P08590,C26,secondary header,sub main,200,39.9,0.5,0.56,0.309,0.735,14.6,below Mara's slope
P08591,C46,secondary header,sub main,200,52.5,0.5,0.14,0.197,1.391,0.0,below Mara's slope
P08592,C01,secondary main sewer,lateral,200,73.9,0.5,0.235,0.234,1.097,3.4,below Mara's slope
P08593,C01,secondary main sewer,lateral,200,43.2,0.5,0.876,0.355,0.598,23.6,below Mara's slope
P08594,C03,secondary header,sub main,200,192.9,0.5,0.273,0.245,1.024,3.9,below Mara's slope
P08595,C104,secondary header,sub main,200,50.4,0.5,0.366,0.27,0.895,6.9,below Mara's slope
P08596,C08,secondary main sewer,lateral,200,314.7,0.5,0.069,0.155,1.935,0.6,below Mara's slope
P08597,C01,secondary main sewer,lateral,200,93.0,0.5,0.219,0.228,1.134,3.0,below Mara's slope
P08598,C26,secondary header,sub main,200,81.2,0.5,0.364,0.269,0.896,7.8,below Mara's slope
P08599,C26,secondary header,sub main,200,98.9,0.5,0.364,0.269,0.897,7.8,below Mara's slope
P08600,C01,secondary header,sub main,200,159.9,0.5,0.283,0.248,1.007,4.3,below Mara's slope
P08601,C03,secondary main sewer,lateral,200,215.1,0.75,0.141,0.227,1.388,1.3,below Mara's slope
P08602,C01,secondary main sewer,lateral,200,70.8,1.05,0.14,0.254,1.395,1.3,below Mara's slope
P08603,C01,secondary main sewer,lateral,200,134.2,0.5,0.278,0.247,1.015,4.3,below Mara's slope
P08604,C05,secondary header,sub main,200,193.6,0.5,0.421,0.282,0.839,10.4,below Mara's slope
P08605,C05,secondary main sewer,lateral,200,158.7,0.5,0.154,0.203,1.334,2.1,below Mara's slope
P08607,C03,secondary header,sub main,200,40.5,1.3,0.115,0.256,1.526,0.8,below Mara's slope
P08608,C05,secondary main sewer,lateral,200,67.5,0.5,0.058,0.147,2.087,0.4,below Mara's slope
P08609,C01,secondary header,sub main,200,99.6,0.75,0.26,0.278,1.047,4.0,below Mara's slope
P08610,C104,secondary header,sub main,200,34.1,0.5,0.417,0.281,0.843,9.1,below Mara's slope
P08611,C104,secondary header,sub main,200,151.8,0.5,0.438,0.285,0.824,10.0,below Mara's slope
P08612,C01,secondary main sewer,lateral,200,99.7,0.5,0.298,0.252,0.983,4.8,below Mara's slope
P08613,C03,secondary header,sub main,200,477.5,0.5,0.23,0.232,1.108,2.8,below Mara's slope
P08614,C01,secondary main sewer,lateral,200,28.7,0.5,0.076,0.161,1.85,0.4,below Mara's slope
P08615,C01,secondary main sewer,lateral,200,81.0,0.5,0.699,0.331,0.664,16.9,below Mara's slope
P08616,C03,secondary main sewer,lateral,200,240.3,0.85,0.189,0.261,1.215,2.1,below Mara's slope
P08617,C01,secondary main sewer,lateral,200,232.2,0.5,0.357,0.268,0.905,6.5,below Mara's slope
P08619,C05,secondary header,sub main,200,96.2,0.5,0.386,0.274,0.873,11.4,below Mara's slope
P08620,C117,secondary header,sub main,200,155.9,0.5,0.223,0.23,1.125,3.7,below Mara's slope
P08621,C01,secondary main sewer,lateral,200,59.1,1.3,0.146,0.278,1.366,1.5,below Mara's slope
P08622,C03,secondary main sewer,lateral,200,102.6,0.5,0.114,0.184,1.532,0.8,below Mara's slope
P08623,C05,secondary main sewer,lateral,200,73.3,0.5,0.058,0.147,2.087,0.4,below Mara's slope
P08625,C05,secondary main sewer,lateral,200,96.9,0.5,1.01,0.371,0.56,42.1,below Mara's slope
P08626,C46,secondary header,sub main,200,204.9,0.5,1.282,0.399,0.502,29.9,below Mara's slope
P08628,C05,secondary header,sub main,200,114.8,0.5,0.366,0.27,0.895,8.3,below Mara's slope
P08629,C05,secondary main sewer,lateral,200,145.0,0.5,0.208,0.224,1.162,3.7,below Mara's slope
P08630,C01,secondary main sewer,lateral,200,196.5,0.5,0.49,0.296,0.782,9.7,below Mara's slope
P08631,C01,secondary main sewer,lateral,200,147.4,0.5,0.828,0.349,0.614,21.7,below Mara's slope
P08632,C05,secondary main sewer,lateral,200,84.4,0.5,0.197,0.221,1.191,3.4,below Mara's slope
P08633,C05,secondary main sewer,lateral,200,85.9,0.5,0.168,0.21,1.28,2.6,below Mara's slope
P08634,C26,secondary header,sub main,200,323.5,0.5,0.277,0.247,1.017,5.1,below Mara's slope
P08635,C01,secondary main sewer,lateral,200,138.4,0.5,0.659,0.325,0.682,15.5,below Mara's slope
P08636,C01,secondary main sewer,lateral,200,138.2,0.5,0.272,0.245,1.026,4.3,below Mara's slope
P08637,C01,secondary main sewer,lateral,200,64.5,0.5,0.281,0.248,1.01,4.4,below Mara's slope
P08638,C26,secondary header,sub main,200,222.6,0.5,0.56,0.309,0.735,14.6,below Mara's slope
P08639,C05,secondary main sewer,lateral,200,159.3,0.5,0.275,0.246,1.02,6.6,below Mara's slope
P08640,C05,secondary header,sub main,200,222.8,0.5,0.401,0.278,0.858,11.8,below Mara's slope
P08642,C01,secondary main sewer,lateral,200,115.3,0.5,0.959,0.365,0.574,26.7,below Mara's slope
P08643,C03,secondary main sewer,lateral,200,204.6,0.9,0.138,0.24,1.402,1.1,below Mara's slope
P08645,C01,secondary main sewer,lateral,200,38.2,0.5,0.07,0.156,1.922,0.3,below Mara's slope
P08647,C01,secondary main sewer,lateral,200,84.5,0.5,0.213,0.226,1.148,2.7,below Mara's slope
P08648,C03,secondary header,sub main,200,236.7,1.05,0.115,0.238,1.526,0.8,below Mara's slope
P08649,C05,secondary main sewer,lateral,200,144.0,0.5,0.106,0.18,1.582,1.1,below Mara's slope
P08650,C05,secondary main sewer,lateral,200,231.5,0.5,0.097,0.174,1.652,1.0,below Mara's slope
P08651,C01,secondary main sewer,lateral,200,108.0,0.5,0.365,0.27,0.895,6.3,below Mara's slope
P08652,C01,secondary main sewer,lateral,200,101.5,0.5,0.407,0.279,0.852,7.7,below Mara's slope
P08653,C46,secondary header,sub main,200,119.1,0.5,0.161,0.207,1.305,0.6,below Mara's slope
P08654,C117,secondary header,sub main,200,147.1,0.5,0.357,0.268,0.905,6.1,below Mara's slope
P08655,C01,secondary main sewer,lateral,200,56.2,0.5,0.158,0.205,1.317,1.7,below Mara's slope
P08656,C01,secondary main sewer,lateral,200,190.2,0.5,0.468,0.292,0.798,9.7,below Mara's slope
P08657,C104,secondary header,sub main,200,106.9,0.5,0.084,0.166,1.765,0.8,below Mara's slope
P08658,C46,secondary header,sub main,200,63.4,0.5,0.709,0.332,0.659,3.7,below Mara's slope
P08660,C03,secondary main sewer,lateral,200,213.2,1.45,0.112,0.263,1.545,0.8,below Mara's slope
P08661,C01,secondary main sewer,lateral,200,104.2,0.5,0.949,0.364,0.577,27.1,below Mara's slope
P08662,C104,secondary header,sub main,200,29.4,0.5,0.104,0.179,1.597,1.2,below Mara's slope
P08663,C01,secondary main sewer,lateral,200,120.3,1.25,0.116,0.253,1.52,1.0,below Mara's slope
P08665,C01,secondary main sewer,lateral,200,65.0,0.5,0.123,0.189,1.478,1.1,below Mara's slope
P08666,C01,secondary main sewer,lateral,200,84.9,0.5,0.145,0.2,1.371,1.4,below Mara's slope
P08667,C01,secondary main sewer,lateral,200,80.7,0.5,0.52,0.301,0.761,10.9,below Mara's slope
P08668,C01,secondary main sewer,lateral,200,44.1,0.5,0.37,0.271,0.89,6.4,below Mara's slope
P08669,C36,secondary header,sub main,200,596.4,1.2,0.05,0.188,2.241,0.2,below Mara's slope
P08671,C26,secondary header,sub main,200,149.4,0.5,0.56,0.309,0.735,14.6,below Mara's slope
P08673,C01,secondary main sewer,lateral,200,140.0,0.5,0.108,0.181,1.572,0.7,below Mara's slope
P08674,C01,secondary header,sub main,200,52.1,0.5,0.739,0.337,0.647,17.5,below Mara's slope
P08675,C01,secondary header,sub main,600,332.9,0.125,26.086,0.52,0.125,875.1,below Mara's slope
P08676,C01,secondary header,sub main,200,76.3,0.5,0.148,0.201,1.358,2.3,below Mara's slope
P08678,C104,secondary main sewer,lateral,200,71.9,0.5,0.056,0.145,2.125,0.3,below Mara's slope
P08679,C05,secondary header,sub main,200,106.9,0.5,0.552,0.307,0.74,19.1,below Mara's slope
P08680,C05,secondary header,sub main,200,157.1,0.5,0.459,0.29,0.806,14.8,below Mara's slope
P08681,C05,secondary header,sub main,200,79.7,0.5,0.747,0.338,0.644,24.0,below Mara's slope
P08682,C05,secondary main sewer,lateral,200,13.4,0.5,0.35,0.266,0.913,3.9,below Mara's slope
P08683,C05,secondary main sewer,lateral,200,169.9,0.7,0.333,0.294,0.934,3.3,below Mara's slope
P08684,C104,secondary header,sub main,200,333.0,0.5,0.145,0.2,1.371,2.1,below Mara's slope
P08685,C104,secondary header,sub main,200,79.5,0.5,0.109,0.182,1.564,1.3,below Mara's slope
P08686,C104,secondary header,sub main,200,95.1,0.5,0.104,0.179,1.597,1.2,below Mara's slope
P08687,C46,secondary main sewer,lateral,200,154.1,0.5,0.0,0.0,,0.0,no flow in 2030
P08688,C05,secondary header,sub main,200,255.4,0.5,0.262,0.242,1.043,4.5,below Mara's slope
P08689,C46,secondary header,sub main,200,155.9,0.5,0.479,0.294,0.79,1.2,below Mara's slope
P08690,C46,secondary header,sub main,200,116.7,0.7,0.255,0.269,1.057,0.6,below Mara's slope
P08691,C01,secondary main sewer,lateral,200,67.1,0.5,0.381,0.273,0.878,6.6,below Mara's slope
P08692,C01,secondary main sewer,lateral,200,109.6,0.5,0.616,0.318,0.704,13.1,below Mara's slope
P08693,C01,secondary main sewer,lateral,200,146.1,0.5,0.855,0.352,0.605,23.4,below Mara's slope
P08694,C01,secondary main sewer,lateral,200,83.0,0.5,0.633,0.321,0.695,15.2,below Mara's slope
P08696,C01,secondary main sewer,lateral,200,209.9,0.5,0.443,0.287,0.819,9.2,below Mara's slope
P08698,C05,secondary header,sub main,200,503.1,0.5,0.427,0.283,0.833,10.4,below Mara's slope
P08699,C288,secondary main sewer,lateral,200,87.1,0.5,0.028,0.114,2.923,0.1,below Mara's slope
P08700,C46,secondary main sewer,lateral,200,14.4,0.5,0.333,0.262,0.934,0.6,below Mara's slope
P08703,C104,secondary main sewer,lateral,200,18.0,0.5,0.0,0.0,,0.0,no flow in 2030
P08704,C01,secondary main sewer,lateral,200,151.6,0.5,0.408,0.279,0.851,7.8,below Mara's slope
P08705,C01,secondary main sewer,lateral,200,86.2,0.5,0.461,0.29,0.805,9.1,below Mara's slope
P08706,C01,secondary main sewer,lateral,200,135.0,0.5,0.602,0.316,0.711,14.2,below Mara's slope
P08707,C01,secondary header,sub main,200,80.0,0.5,0.159,0.206,1.315,1.6,below Mara's slope
P08708,C104,secondary main sewer,lateral,200,77.0,0.5,0.036,0.124,2.62,0.1,below Mara's slope
P08709,C29,secondary header,sub main,200,333.6,0.5,0.178,0.213,1.248,2.5,below Mara's slope
P08710,C05,secondary header,sub main,200,51.6,0.5,0.431,0.284,0.829,10.6,below Mara's slope
P08711,C01,secondary main sewer,lateral,200,71.0,0.5,0.162,0.207,1.304,1.7,below Mara's slope
P08712,C01,secondary header,sub main,200,165.7,1.0,0.095,0.22,1.666,0.6,below Mara's slope
P08715,C01,secondary header,sub main,200,158.6,0.5,0.041,0.131,2.441,0.2,below Mara's slope
P08716,C01,secondary main sewer,lateral,200,111.5,0.5,0.587,0.313,0.719,13.9,below Mara's slope
P08717,C05,secondary header,sub main,200,91.2,0.5,0.444,0.287,0.819,11.2,below Mara's slope
P08718,C01,secondary main sewer,lateral,200,83.7,0.5,0.346,0.265,0.918,6.1,below Mara's slope
P08719,C05,secondary header,sub main,200,23.0,0.5,0.444,0.287,0.819,11.2,below Mara's slope
P08720,C05,secondary header,sub main,200,48.0,0.5,0.444,0.287,0.819,11.2,below Mara's slope
P08721,C01,secondary main sewer,lateral,200,103.1,0.5,0.623,0.319,0.7,13.3,below Mara's slope
P08723,C05,secondary main sewer,lateral,200,119.6,0.5,0.197,0.221,1.19,2.4,below Mara's slope
P08724,C05,secondary header,sub main,200,118.9,0.5,0.992,0.369,0.565,38.8,below Mara's slope
P08725,C05,secondary header,sub main,200,57.4,0.5,0.444,0.287,0.819,11.2,below Mara's slope
P08727,C01,secondary main sewer,lateral,200,114.5,0.5,0.459,0.29,0.806,9.0,below Mara's slope
P08728,C01,secondary main sewer,lateral,200,109.6,0.5,0.594,0.314,0.716,13.6,below Mara's slope
P08729,C46,secondary main sewer,lateral,200,152.8,0.5,0.244,0.237,1.079,0.0,below Mara's slope
P08731,C01,secondary main sewer,lateral,200,131.2,0.5,0.138,0.196,1.402,2.1,below Mara's slope
P08733,C36,secondary main sewer,lateral,200,51.7,2.65,0.018,0.17,3.59,0.0,below Mara's slope
P08734,C01,secondary main sewer,lateral,200,84.0,0.5,0.043,0.132,2.412,0.2,below Mara's slope
P08735,C46,secondary main sewer,lateral,200,96.7,0.5,0.188,0.217,1.215,0.6,below Mara's slope
P08738,C29,secondary main sewer,lateral,200,75.2,1.4,0.084,0.236,1.763,0.7,below Mara's slope
P08739,C29,secondary main sewer,lateral,200,119.0,0.5,0.086,0.168,1.743,0.7,below Mara's slope
P08740,C01,secondary header,sub main,200,85.5,0.5,0.34,0.263,0.926,5.5,below Mara's slope
P08741,C01,secondary main sewer,lateral,200,63.2,0.95,0.177,0.266,1.249,2.1,below Mara's slope
P08743,C01,secondary main sewer,lateral,200,141.9,0.85,0.0,0.0,,0.0,no flow in 2030
P08744,C01,secondary main sewer,lateral,200,170.8,0.7,0.2,0.249,1.182,2.5,below Mara's slope
P08745,C01,secondary main sewer,lateral,200,41.2,0.5,0.379,0.273,0.88,6.9,below Mara's slope
P08747,C01,secondary header,sub main,200,48.4,0.5,0.209,0.225,1.157,2.3,below Mara's slope
P08748,C01,secondary header,sub main,200,197.3,0.5,0.162,0.207,1.301,1.5,below Mara's slope
P08749,C01,secondary main sewer,lateral,200,26.8,0.5,0.49,0.296,0.782,10.3,below Mara's slope
P08750,C01,secondary main sewer,lateral,200,86.4,0.5,0.97,0.366,0.571,27.3,below Mara's slope
P08751,C26,secondary header,sub main,200,334.5,0.5,0.56,0.309,0.735,14.6,below Mara's slope
P08752,C29,secondary header,sub main,200,1001.0,0.5,0.469,0.292,0.798,11.6,below Mara's slope
P08753,C05,secondary header,sub main,200,250.7,0.5,0.115,0.185,1.526,1.3,below Mara's slope
P08754,C01,secondary main sewer,lateral,200,84.3,0.5,0.55,0.307,0.741,12.1,below Mara's slope
P08755,C01,secondary main sewer,lateral,200,52.1,0.55,0.21,0.233,1.155,2.7,below Mara's slope
P08756,C01,secondary main sewer,lateral,200,59.5,0.5,0.118,0.186,1.509,1.0,below Mara's slope
P08761,C03,secondary header,sub main,200,423.6,0.5,0.169,0.21,1.279,1.7,below Mara's slope
P08762,C03,secondary header,sub main,200,317.8,1.5,0.087,0.245,1.732,0.5,below Mara's slope
P08763,C01,secondary main sewer,lateral,200,78.6,0.5,0.397,0.277,0.862,7.4,below Mara's slope
P08764,C01,secondary main sewer,lateral,200,161.0,0.5,0.522,0.302,0.759,11.4,below Mara's slope
P08765,C01,secondary main sewer,lateral,200,175.0,0.5,0.326,0.26,0.944,5.4,below Mara's slope
P08769,C01,secondary main sewer,lateral,200,45.0,0.5,0.24,0.235,1.087,3.4,below Mara's slope
P08770,C01,secondary header,sub main,200,293.1,0.65,0.246,0.26,1.074,3.3,below Mara's slope
P08772,C03,secondary main sewer,lateral,200,106.0,0.5,0.099,0.176,1.635,0.6,below Mara's slope
P08773,C03,secondary main sewer,lateral,200,79.5,0.5,0.106,0.18,1.582,0.7,below Mara's slope
P08774,C03,secondary header,sub main,200,417.7,0.5,0.135,0.195,1.416,1.1,below Mara's slope
P08775,C03,secondary header,sub main,200,124.3,0.5,0.135,0.195,1.416,1.1,below Mara's slope
P08776,C03,secondary header,sub main,200,209.0,0.5,0.075,0.16,1.862,0.4,below Mara's slope
P08778,C46,secondary main sewer,lateral,200,90.8,0.5,0.166,0.209,1.288,0.0,below Mara's slope
P08779,C01,secondary main sewer,lateral,200,49.3,0.5,0.188,0.217,1.216,2.2,below Mara's slope
P08780,C01,secondary main sewer,lateral,200,77.4,0.5,1.269,0.398,0.504,40.6,below Mara's slope
P08781,C01,secondary header,sub main,200,89.7,0.5,0.732,0.336,0.65,17.3,below Mara's slope
P08782,C01,secondary header,sub main,200,159.5,0.5,0.725,0.335,0.653,17.1,below Mara's slope
P08783,C01,secondary header,sub main,200,84.6,0.5,0.49,0.296,0.782,9.6,below Mara's slope
P08784,C01,secondary header,sub main,200,82.4,0.5,0.57,0.31,0.729,11.9,below Mara's slope
P08785,C01,secondary main sewer,lateral,200,85.9,0.5,0.905,0.359,0.589,24.7,below Mara's slope
P08786,C05,secondary main sewer,lateral,200,67.7,0.5,0.107,0.181,1.576,1.1,below Mara's slope
P08787,C01,secondary main sewer,lateral,200,107.3,0.5,0.048,0.138,2.28,0.3,below Mara's slope
P08788,C01,secondary main sewer,lateral,200,34.1,0.5,0.048,0.138,2.28,0.3,below Mara's slope
P08789,C01,secondary main sewer,lateral,200,192.7,0.5,0.338,0.263,0.928,5.8,below Mara's slope
P08790,C05,secondary main sewer,lateral,200,111.2,0.5,0.121,0.188,1.49,1.4,below Mara's slope
P08791,C01,secondary main sewer,lateral,200,86.5,0.5,0.226,0.231,1.118,3.1,below Mara's slope
P08792,C01,secondary main sewer,lateral,200,35.0,0.5,1.091,0.38,0.541,33.0,below Mara's slope
P08793,C01,secondary main sewer,lateral,200,35.0,0.5,1.077,0.378,0.544,32.4,below Mara's slope
P08794,C05,secondary main sewer,lateral,200,59.7,0.5,0.101,0.177,1.623,1.2,below Mara's slope
P08795,C05,secondary header,sub main,200,97.0,0.5,0.256,0.24,1.055,5.6,below Mara's slope
P08796,C01,secondary main sewer,lateral,200,93.8,0.5,0.182,0.215,1.234,2.1,below Mara's slope
P08797,C01,secondary main sewer,lateral,200,132.8,0.5,0.149,0.201,1.354,1.5,below Mara's slope
P08798,C29,secondary header,sub main,200,125.4,0.5,0.026,0.111,3.047,0.1,below Mara's slope
P08799,C29,secondary header,sub main,200,368.0,0.5,0.243,0.236,1.08,4.1,below Mara's slope
P08800,C01,secondary main sewer,lateral,200,52.6,0.5,0.636,0.321,0.693,15.0,below Mara's slope
P08801,C01,secondary main sewer,lateral,200,57.4,0.5,0.639,0.322,0.692,15.0,below Mara's slope
P08803,C01,secondary main sewer,lateral,200,88.4,0.5,0.137,0.196,1.408,1.2,below Mara's slope
P08804,C01,secondary main sewer,lateral,200,64.2,0.5,0.983,0.368,0.567,28.6,below Mara's slope
P08805,C01,secondary main sewer,lateral,200,47.9,0.5,0.091,0.171,1.701,0.5,below Mara's slope
P08806,C29,secondary main sewer,lateral,200,94.3,1.15,0.0,0.0,,0.0,no flow in 2030
P08807,C01,secondary header,sub main,200,93.4,0.5,0.183,0.216,1.231,1.9,below Mara's slope
P08808,C01,secondary header,sub main,200,147.8,0.7,0.145,0.224,1.372,1.2,below Mara's slope
P08809,C01,secondary main sewer,lateral,200,74.4,0.5,0.045,0.135,2.353,0.2,below Mara's slope
P08810,C01,secondary main sewer,lateral,200,59.9,0.5,0.172,0.211,1.268,2.8,below Mara's slope
P08811,C01,secondary main sewer,lateral,200,134.7,0.5,0.169,0.21,1.277,2.7,below Mara's slope
P08812,C01,secondary main sewer,lateral,200,87.6,0.5,0.358,0.268,0.904,6.5,below Mara's slope
P08813,C01,secondary main sewer,lateral,200,78.8,0.5,0.192,0.219,1.204,2.4,below Mara's slope
P08816,C01,secondary main sewer,lateral,200,94.9,0.5,0.184,0.216,1.228,3.1,below Mara's slope
P08817,C01,secondary main sewer,lateral,200,82.2,0.5,0.362,0.269,0.899,6.4,below Mara's slope
P08818,C01,secondary main sewer,lateral,200,83.0,0.5,0.466,0.291,0.8,9.5,below Mara's slope
P08819,C01,secondary main sewer,lateral,200,43.6,0.5,0.79,0.344,0.627,21.2,below Mara's slope
P08820,C01,secondary header,sub main,200,64.7,0.5,0.281,0.248,1.01,4.2,below Mara's slope
P08821,C01,secondary header,sub main,200,124.5,0.5,0.272,0.245,1.026,4.0,below Mara's slope
P08822,C01,secondary main sewer,lateral,200,174.1,0.5,0.0,0.0,,0.0,no flow in 2030
P08823,C01,secondary main sewer,lateral,200,24.0,0.5,0.033,0.122,2.695,0.1,below Mara's slope
P08824,C01,secondary main sewer,lateral,200,192.0,0.5,0.725,0.335,0.653,18.2,below Mara's slope
P08825,C05,secondary header,sub main,200,94.8,0.5,0.127,0.191,1.456,1.5,below Mara's slope
P08826,C01,secondary main sewer,lateral,200,43.7,0.5,0.114,0.185,1.529,0.9,below Mara's slope
P08827,C01,secondary main sewer,lateral,200,92.7,0.5,0.165,0.208,1.292,1.8,below Mara's slope
P08828,C01,secondary main sewer,lateral,200,137.1,0.5,0.184,0.216,1.227,2.1,below Mara's slope
P08829,C01,secondary main sewer,lateral,200,46.2,0.5,0.463,0.291,0.803,9.8,below Mara's slope
P08830,C26,secondary header,sub main,200,310.4,0.5,0.56,0.309,0.735,14.6,below Mara's slope
P08831,C05,secondary main sewer,lateral,200,122.4,0.5,0.208,0.225,1.16,4.2,below Mara's slope
P08832,C29,secondary header,sub main,200,91.8,0.5,0.247,0.238,1.072,4.2,below Mara's slope
P08833,C29,secondary header,sub main,200,364.0,0.5,0.172,0.211,1.268,2.3,below Mara's slope
P08834,C21,secondary header,sub main,200,646.1,0.5,0.0,0.0,,0.0,no flow in 2030
P08835,C21,secondary main sewer,lateral,200,202.1,0.5,0.0,0.0,,0.0,no flow in 2030
P08837,C01,secondary main sewer,lateral,200,82.9,0.5,0.707,0.332,0.66,17.5,below Mara's slope
P08838,C01,secondary main sewer,lateral,200,77.2,0.9,0.15,0.247,1.35,1.5,below Mara's slope
P08839,C01,secondary main sewer,lateral,200,54.8,0.5,0.152,0.203,1.34,2.3,below Mara's slope
P08840,C01,secondary main sewer,lateral,200,34.9,0.5,0.146,0.2,1.367,2.1,below Mara's slope
P08842,C01,secondary main sewer,lateral,200,88.1,0.5,0.345,0.264,0.92,6.0,below Mara's slope
P08843,C05,secondary header,sub main,200,149.8,0.6,0.042,0.14,2.425,0.2,below Mara's slope
P08844,C01,secondary main sewer,lateral,200,82.2,0.5,0.634,0.321,0.694,14.8,below Mara's slope
P08845,C83,secondary header,sub main,200,108.4,0.85,0.0,0.0,,0.0,no flow in 2030
P08846,C29,secondary header,sub main,200,32.5,0.5,0.324,0.259,0.947,6.5,below Mara's slope
P08847,C182,secondary header,sub main,200,450.3,1.45,0.051,0.201,2.229,0.0,below Mara's slope
P08848,C01,secondary main sewer,lateral,200,189.5,0.5,0.25,0.238,1.067,3.4,below Mara's slope
P08849,C05,secondary header,sub main,200,119.6,0.85,0.0,0.0,,0.0,no flow in 2030
P08850,C05,secondary main sewer,lateral,200,161.5,0.5,0.12,0.188,1.495,1.6,below Mara's slope
P08851,C29,secondary header,sub main,200,417.6,0.5,0.33,0.261,0.938,6.7,below Mara's slope
P08852,C29,secondary header,sub main,200,48.7,0.5,0.324,0.259,0.947,6.5,below Mara's slope
P08855,C01,secondary main sewer,lateral,200,58.9,0.5,0.305,0.254,0.973,5.0,below Mara's slope
P08856,C01,secondary main sewer,lateral,200,61.9,0.5,0.563,0.309,0.733,12.2,below Mara's slope
P08857,C01,secondary header,sub main,200,279.8,0.5,0.201,0.222,1.178,2.6,below Mara's slope
P08858,C01,secondary main sewer,lateral,200,122.2,0.5,0.128,0.192,1.451,1.8,below Mara's slope
P08859,C01,secondary main sewer,lateral,200,102.0,0.5,0.144,0.199,1.374,2.1,below Mara's slope
P08860,C83,secondary header,sub main,200,105.5,1.7,0.049,0.209,2.264,0.2,below Mara's slope
P08861,C05,secondary main sewer,lateral,200,171.7,0.5,0.067,0.155,1.95,0.5,below Mara's slope
P08862,C05,secondary header,sub main,200,137.1,0.5,0.029,0.116,2.864,0.1,below Mara's slope
P08863,C01,secondary header,sub main,200,149.7,0.5,0.352,0.266,0.911,6.3,below Mara's slope
P08864,C01,secondary header,sub main,200,74.8,0.5,0.39,0.275,0.869,7.3,below Mara's slope
P08866,C01,secondary header,sub main,200,89.4,0.5,0.44,0.286,0.822,8.6,below Mara's slope
P08868,C01,secondary main sewer,lateral,200,89.3,0.5,0.764,0.34,0.637,19.6,below Mara's slope
P08869,C01,secondary main sewer,lateral,200,219.3,0.5,0.0,0.0,,0.0,no flow in 2030
P08870,C01,secondary main sewer,lateral,200,233.5,0.5,0.386,0.274,0.873,7.4,below Mara's slope
P08871,C05,secondary header,sub main,200,133.8,0.5,0.174,0.212,1.259,2.7,below Mara's slope
P08872,C05,secondary header,sub main,200,144.9,0.5,0.13,0.193,1.44,1.8,below Mara's slope
P08873,C26,secondary header,sub main,200,147.5,0.5,0.583,0.313,0.722,14.6,below Mara's slope
P08874,C05,secondary header,sub main,200,88.2,0.5,0.682,0.328,0.671,23.7,below Mara's slope
P08875,C05,secondary main sewer,lateral,200,19.5,0.5,0.073,0.159,1.879,0.6,below Mara's slope
P08876,C01,secondary main sewer,lateral,200,73.2,0.5,0.103,0.178,1.602,0.5,below Mara's slope
P08878,C05,secondary header,sub main,200,163.8,0.5,0.752,0.339,0.642,27.6,below Mara's slope
P08879,C83,secondary main sewer,lateral,200,44.4,0.5,0.0,0.0,,0.0,no flow in 2030
P08880,C83,secondary main sewer,lateral,200,167.9,2.35,0.0,0.0,,0.0,no flow in 2030
P08881,C05,secondary header,sub main,200,275.8,0.5,0.345,0.264,0.92,9.0,below Mara's slope
P08882,C05,secondary header,sub main,200,49.2,0.5,0.24,0.235,1.086,4.2,below Mara's slope
P08885,C30,secondary header,sub main,200,83.4,0.6,0.2,0.236,1.182,2.5,below Mara's slope
P08886,C01,secondary main sewer,lateral,200,84.7,0.5,0.231,0.232,1.107,3.2,below Mara's slope
P08887,C01,secondary main sewer,lateral,200,179.7,0.5,0.133,0.194,1.426,1.1,below Mara's slope
P08888,C01,secondary main sewer,lateral,200,84.8,0.5,0.556,0.308,0.738,12.0,below Mara's slope
P08889,C05,secondary main sewer,lateral,200,41.7,0.5,0.149,0.201,1.353,2.4,below Mara's slope
P08890,C83,secondary header,sub main,200,82.9,0.75,0.113,0.211,1.535,1.2,below Mara's slope
P08892,C01,secondary main sewer,lateral,200,59.7,0.5,0.148,0.201,1.359,1.2,below Mara's slope
P08893,C01,secondary main sewer,lateral,200,39.8,0.5,0.219,0.228,1.134,2.7,below Mara's slope
P08894,C01,secondary main sewer,lateral,200,94.2,0.5,0.266,0.243,1.036,3.7,below Mara's slope
P08896,C05,secondary header,sub main,200,145.9,0.5,0.529,0.303,0.755,15.8,below Mara's slope
P08897,C05,secondary header,sub main,200,68.6,0.5,0.602,0.316,0.711,19.6,below Mara's slope
P08898,C05,secondary header,sub main,200,59.7,0.5,0.083,0.166,1.772,0.7,below Mara's slope
P08899,C05,secondary main sewer,lateral,200,193.5,0.5,0.077,0.162,1.83,0.6,below Mara's slope
P08900,C01,secondary main sewer,lateral,200,85.1,0.5,0.292,0.251,0.993,4.8,below Mara's slope
P08901,C01,secondary main sewer,lateral,200,162.5,0.5,0.219,0.229,1.133,3.0,below Mara's slope
P08902,C01,secondary main sewer,lateral,200,62.8,0.5,0.135,0.195,1.418,1.3,below Mara's slope
P08903,C30,secondary header,sub main,200,61.8,0.5,0.268,0.244,1.033,4.1,below Mara's slope
P08904,C01,secondary main sewer,lateral,200,56.3,0.5,0.303,0.254,0.976,4.9,below Mara's slope
P08905,C01,secondary main sewer,lateral,200,66.6,0.65,0.074,0.174,1.875,0.2,below Mara's slope
P08906,C83,secondary header,sub main,200,253.6,1.15,0.045,0.179,2.342,0.2,below Mara's slope
P08907,C83,secondary main sewer,lateral,200,107.9,0.5,0.017,0.096,3.66,0.0,below Mara's slope
P08909,C05,secondary header,sub main,200,43.0,0.5,0.118,0.187,1.506,1.3,below Mara's slope
P08910,C05,secondary main sewer,lateral,200,27.7,0.5,0.027,0.113,2.959,0.1,below Mara's slope
P08911,C05,secondary header,sub main,200,251.4,0.5,0.036,0.124,2.617,0.1,below Mara's slope
P08912,C83,secondary header,sub main,200,91.5,0.5,0.14,0.197,1.395,1.6,below Mara's slope
P08913,C01,secondary main sewer,lateral,200,110.2,0.5,0.161,0.207,1.305,1.6,below Mara's slope
P08914,C01,secondary main sewer,lateral,200,65.1,0.75,0.107,0.207,1.576,0.7,below Mara's slope
P08915,C01,secondary main sewer,lateral,200,60.7,1.7,0.04,0.195,2.483,0.2,below Mara's slope
P08916,C01,secondary main sewer,lateral,200,87.9,0.5,0.092,0.172,1.689,1.0,below Mara's slope
P08917,C01,secondary main sewer,lateral,200,83.4,0.5,0.061,0.149,2.041,0.4,below Mara's slope
P08919,C01,secondary header,sub main,200,254.9,1.2,0.078,0.219,1.822,0.6,below Mara's slope
P08920,C05,secondary main sewer,lateral,200,54.2,0.5,0.189,0.218,1.212,3.7,below Mara's slope
P08922,C01,secondary main sewer,lateral,200,92.0,0.5,0.167,0.209,1.286,1.7,below Mara's slope
P08925,C01,secondary main sewer,lateral,200,81.2,0.5,0.23,0.232,1.109,2.8,below Mara's slope
P08927,C05,secondary main sewer,lateral,200,21.3,0.5,0.022,0.105,3.257,0.1,below Mara's slope
P08928,C185,secondary main sewer,lateral,200,39.3,0.5,0.008,0.073,5.166,0.0,below Mara's slope
P08929,C30,secondary header,sub main,200,84.7,0.5,0.439,0.286,0.822,9.0,below Mara's slope
P08930,C01,secondary main sewer,lateral,200,27.7,0.5,0.024,0.109,3.121,0.1,below Mara's slope
P08931,C21,secondary main sewer,lateral,200,214.4,0.5,0.0,0.0,,0.0,no flow in 2030
P08932,C01,secondary main sewer,lateral,200,179.6,0.5,0.348,0.265,0.915,5.5,below Mara's slope
P08933,C83,secondary main sewer,lateral,200,34.1,0.5,0.014,0.09,3.987,0.0,below Mara's slope
P08934,C83,secondary header,sub main,200,250.7,1.6,0.099,0.261,1.634,1.0,below Mara's slope
P08937,C01,secondary main sewer,lateral,200,106.7,0.5,0.11,0.182,1.557,0.8,below Mara's slope
P08938,C30,secondary main sewer,lateral,200,51.9,0.55,0.105,0.185,1.588,0.8,below Mara's slope
P08939,C30,secondary main sewer,lateral,200,85.2,0.5,0.35,0.266,0.914,6.4,below Mara's slope
P08941,C05,secondary main sewer,lateral,200,171.3,0.55,0.182,0.222,1.233,3.4,below Mara's slope
P08943,C26,secondary header,sub main,200,292.1,0.5,0.634,0.321,0.695,15.3,below Mara's slope
P08944,C01,secondary main sewer,lateral,200,57.8,0.5,0.233,0.233,1.101,2.9,below Mara's slope
P08945,C01,secondary main sewer,lateral,200,67.4,0.5,0.217,0.228,1.139,2.6,below Mara's slope
P08946,C01,secondary main sewer,lateral,200,286.7,0.5,0.2,0.222,1.182,3.5,below Mara's slope
P08947,C01,secondary main sewer,lateral,200,118.6,0.5,0.205,0.224,1.169,3.6,below Mara's slope
P08948,C01,secondary header,sub main,200,88.1,0.5,0.119,0.187,1.502,1.3,below Mara's slope
P08949,C01,secondary header,sub main,200,98.3,0.5,0.129,0.192,1.447,1.5,below Mara's slope
P08950,C01,secondary header,sub main,200,54.1,0.5,0.132,0.194,1.431,1.6,below Mara's slope
P08952,C01,secondary header,sub main,200,110.6,0.5,0.14,0.197,1.393,1.8,below Mara's slope
P08953,C01,secondary main sewer,lateral,200,105.0,1.25,0.049,0.19,2.251,0.2,below Mara's slope
P08954,C01,secondary header,sub main,200,174.4,0.5,0.174,0.212,1.259,2.6,below Mara's slope
P08955,C01,secondary header,sub main,200,69.6,0.5,0.191,0.219,1.207,2.9,below Mara's slope
P08956,C01,secondary header,sub main,200,96.0,0.5,0.197,0.221,1.19,3.0,below Mara's slope
P08958,C83,secondary main sewer,lateral,200,72.8,2.15,0.034,0.2,2.669,0.1,below Mara's slope
P08959,C01,secondary main sewer,lateral,200,96.2,0.5,0.164,0.208,1.295,1.5,below Mara's slope
P08960,C01,secondary main sewer,lateral,200,47.5,0.5,0.148,0.201,1.357,1.3,below Mara's slope
P08961,C01,secondary main sewer,lateral,200,60.0,0.5,0.041,0.13,2.467,0.1,below Mara's slope
P08962,C01,secondary main sewer,lateral,200,68.2,0.5,0.121,0.188,1.489,0.9,below Mara's slope
P08963,C30,secondary main sewer,lateral,200,50.6,0.7,0.142,0.223,1.382,1.4,below Mara's slope
P08964,C30,secondary main sewer,lateral,200,63.0,0.5,0.393,0.276,0.866,7.5,below Mara's slope
P08967,C30,secondary header,sub main,200,87.7,0.5,0.474,0.293,0.794,10.0,below Mara's slope
P08968,C01,secondary main sewer,lateral,200,98.6,0.5,0.435,0.285,0.826,8.2,below Mara's slope
P08969,C01,secondary main sewer,lateral,200,69.0,0.5,0.447,0.287,0.816,8.5,below Mara's slope
P08970,C01,secondary main sewer,lateral,200,83.4,0.5,0.654,0.324,0.685,15.1,below Mara's slope
P08971,C01,secondary main sewer,lateral,200,61.9,0.5,0.163,0.208,1.298,1.8,below Mara's slope
P08972,C01,secondary main sewer,lateral,200,67.7,0.5,0.059,0.148,2.07,0.2,below Mara's slope
P08973,C01,secondary header,sub main,200,163.4,0.5,0.235,0.234,1.098,3.3,below Mara's slope
P08974,C26,secondary header,sub main,200,87.8,0.5,0.634,0.321,0.694,15.3,below Mara's slope
P08975,C26,secondary header,sub main,200,284.8,0.5,0.175,0.212,1.256,3.2,below Mara's slope
P08976,C05,secondary header,sub main,200,632.5,0.85,0.131,0.231,1.437,1.7,below Mara's slope
P08977,C01,secondary header,sub main,200,89.7,0.5,0.292,0.251,0.993,4.6,below Mara's slope
P08979,C30,secondary header,sub main,200,58.7,1.05,0.096,0.224,1.658,0.7,below Mara's slope
P08980,C185,secondary main sewer,lateral,200,85.4,0.5,0.028,0.115,2.907,0.1,below Mara's slope
P08981,C01,secondary main sewer,lateral,200,57.3,0.5,0.091,0.171,1.701,0.5,below Mara's slope
P08982,C83,secondary header,sub main,200,85.3,1.75,0.026,0.169,3.045,0.1,below Mara's slope
P08983,C83,secondary main sewer,lateral,200,222.7,0.75,0.019,0.115,3.459,0.0,below Mara's slope
P08984,C30,secondary main sewer,lateral,200,83.8,0.5,0.452,0.288,0.811,9.3,below Mara's slope
P08985,C30,secondary header,sub main,200,128.6,0.5,0.547,0.306,0.743,12.4,below Mara's slope
P08986,C01,secondary main sewer,lateral,200,108.4,0.5,0.11,0.182,1.555,1.4,below Mara's slope
P08987,C01,secondary main sewer,lateral,200,94.4,0.5,0.054,0.143,2.166,0.3,below Mara's slope
P08988,C01,secondary main sewer,lateral,200,59.1,0.5,0.06,0.148,2.064,0.4,below Mara's slope
P08989,C01,secondary main sewer,lateral,200,90.3,0.5,0.21,0.225,1.156,3.8,below Mara's slope
P08990,C01,secondary main sewer,lateral,200,77.2,0.5,0.071,0.157,1.908,0.5,below Mara's slope
P08991,C01,secondary main sewer,lateral,200,80.2,0.5,0.144,0.199,1.373,2.2,below Mara's slope
P08992,C01,secondary main sewer,lateral,200,23.8,0.85,0.025,0.131,3.108,0.1,below Mara's slope
P08994,C83,secondary header,sub main,200,119.0,1.05,0.173,0.273,1.264,2.4,below Mara's slope
P08997,C05,secondary header,sub main,200,278.3,0.8,0.465,0.342,0.801,12.3,below Mara's slope
P08998,C05,secondary header,sub main,200,283.6,0.5,0.198,0.221,1.189,3.5,below Mara's slope
P08999,C05,secondary header,sub main,200,94.5,0.5,0.218,0.228,1.136,4.2,below Mara's slope
P09000,C26,secondary header,sub main,200,92.9,0.5,0.691,0.33,0.667,18.5,below Mara's slope
P09001,C26,secondary main sewer,lateral,200,69.3,0.5,0.02,0.102,3.396,0.0,below Mara's slope
P09002,C26,secondary main sewer,lateral,200,168.2,0.5,0.078,0.162,1.823,0.7,below Mara's slope
P09004,C01,secondary main sewer,lateral,200,39.8,0.5,0.055,0.144,2.146,0.2,below Mara's slope
P09005,C01,secondary main sewer,lateral,200,195.3,0.5,0.196,0.22,1.194,2.2,below Mara's slope
P09007,C01,secondary main sewer,lateral,200,63.8,0.5,0.158,0.205,1.316,1.6,below Mara's slope
P09008,C30,secondary header,sub main,200,230.6,0.5,0.104,0.179,1.598,0.7,below Mara's slope
P09009,C30,secondary header,sub main,200,98.6,0.5,0.831,0.349,0.613,22.6,below Mara's slope
P09010,C185,secondary main sewer,lateral,200,148.8,0.5,0.035,0.124,2.632,0.1,below Mara's slope
P09011,C05,secondary header,sub main,200,83.7,0.5,0.567,0.31,0.731,17.2,below Mara's slope
P09014,C30,secondary header,sub main,200,88.1,0.85,0.13,0.231,1.441,1.1,below Mara's slope
P09015,C54,secondary main sewer,lateral,200,61.0,2.25,0.014,0.148,4.015,0.0,below Mara's slope
P09016,C01,secondary header,sub main,200,94.5,0.5,0.176,0.213,1.254,1.8,below Mara's slope
P09017,C05,secondary header,sub main,200,55.6,0.5,0.579,0.312,0.724,17.8,below Mara's slope
P09019,C05,secondary header,sub main,200,208.1,0.6,0.184,0.23,1.227,3.2,below Mara's slope
P09020,C01,secondary main sewer,lateral,200,71.2,0.75,0.074,0.183,1.873,0.7,below Mara's slope
P09022,C26,secondary main sewer,lateral,200,89.6,1.5,0.013,0.125,4.182,0.0,below Mara's slope
P09023,C26,secondary header,sub main,200,77.7,0.5,0.705,0.332,0.661,19.2,below Mara's slope
P09024,C185,secondary main sewer,lateral,200,138.3,0.5,0.02,0.101,3.451,0.0,below Mara's slope
P09025,C01,secondary header,sub main,200,130.4,0.5,0.113,0.184,1.535,0.9,below Mara's slope
P09027,C54,secondary main sewer,lateral,200,42.6,0.5,0.188,0.218,1.215,1.7,below Mara's slope
P09028,C54,secondary main sewer,lateral,200,208.1,0.8,0.157,0.241,1.321,1.0,below Mara's slope
P09029,C54,secondary main sewer,lateral,200,69.4,0.5,0.161,0.207,1.305,1.1,below Mara's slope
P09030,C05,secondary main sewer,lateral,200,169.0,0.5,0.069,0.155,1.935,0.6,below Mara's slope
P09032,C01,secondary main sewer,lateral,200,44.4,0.5,0.216,0.228,1.14,2.7,below Mara's slope
P09033,C01,secondary main sewer,lateral,200,92.7,0.5,0.233,0.233,1.101,3.0,below Mara's slope
P09034,C01,secondary main sewer,lateral,200,74.7,0.5,0.365,0.269,0.895,6.4,below Mara's slope
P09035,C01,secondary main sewer,lateral,200,109.6,0.5,0.31,0.256,0.966,4.9,below Mara's slope
P09036,C30,secondary header,sub main,200,84.4,0.5,0.853,0.352,0.606,23.3,below Mara's slope
P09037,C30,secondary header,sub main,200,82.7,0.5,0.24,0.235,1.087,3.1,below Mara's slope
P09038,C01,secondary main sewer,lateral,200,87.8,0.5,0.106,0.18,1.586,0.7,below Mara's slope
P09039,C01,secondary main sewer,lateral,200,48.0,0.5,0.106,0.18,1.586,0.7,below Mara's slope
P09041,C151,secondary header,sub main,200,505.9,0.55,0.0,0.0,,0.0,no flow in 2030
P09042,C01,secondary main sewer,lateral,200,84.9,0.5,0.184,0.216,1.229,2.0,below Mara's slope
P09044,C21,secondary header,sub main,200,627.8,0.5,0.0,0.0,,0.0,no flow in 2030
P09046,C01,secondary main sewer,lateral,200,97.6,0.55,0.074,0.165,1.867,0.4,below Mara's slope
P09047,C01,secondary main sewer,lateral,200,44.9,0.5,0.074,0.16,1.867,0.4,below Mara's slope
P09048,C01,secondary header,sub main,200,208.0,0.5,0.743,0.337,0.646,18.2,below Mara's slope
P09050,C01,secondary main sewer,lateral,200,114.9,0.5,0.066,0.153,1.975,0.1,below Mara's slope
P09051,C01,secondary header,sub main,200,123.6,0.5,0.786,0.343,0.629,19.6,below Mara's slope
P09052,C30,secondary header,sub main,200,83.9,0.5,0.206,0.224,1.167,2.5,below Mara's slope
P09053,C83,secondary main sewer,lateral,200,71.7,1.55,0.082,0.242,1.785,0.6,below Mara's slope
P09054,C01,secondary main sewer,lateral,200,165.1,0.5,0.233,0.233,1.102,4.4,below Mara's slope
P09055,C01,secondary main sewer,lateral,200,78.4,0.5,0.082,0.165,1.781,0.7,below Mara's slope
P09056,C01,secondary main sewer,lateral,200,59.5,0.5,0.061,0.149,2.044,0.4,below Mara's slope
P09057,C01,secondary main sewer,lateral,200,92.6,0.5,0.053,0.143,2.176,0.3,below Mara's slope
P09058,C54,secondary main sewer,lateral,200,125.8,0.5,0.222,0.229,1.127,2.5,below Mara's slope
P09059,C01,secondary main sewer,lateral,200,169.0,0.5,0.169,0.21,1.279,1.7,below Mara's slope
P09060,C01,secondary main sewer,lateral,200,68.3,0.5,0.12,0.188,1.495,1.2,below Mara's slope
P09061,C01,secondary main sewer,lateral,200,89.8,0.85,0.053,0.171,2.171,0.3,below Mara's slope
P09062,C01,secondary main sewer,lateral,200,119.0,0.75,0.07,0.18,1.92,0.5,below Mara's slope
P09063,C01,secondary main sewer,lateral,200,57.2,0.5,0.03,0.117,2.823,0.1,below Mara's slope
P09064,C54,secondary main sewer,lateral,200,79.3,0.5,0.105,0.179,1.59,1.3,below Mara's slope
P09065,C05,secondary main sewer,lateral,200,189.4,0.5,0.225,0.231,1.119,4.6,below Mara's slope
P09066,C30,secondary header,sub main,200,84.4,0.5,0.24,0.235,1.087,3.1,below Mara's slope
P09067,C01,secondary main sewer,lateral,200,76.8,0.5,0.18,0.214,1.242,1.8,below Mara's slope
P09068,C233,secondary main sewer,lateral,200,18.3,0.5,0.013,0.088,4.112,0.0,below Mara's slope
P09069,C233,secondary main sewer,lateral,200,44.2,2.8,0.017,0.17,3.682,0.0,below Mara's slope
P09070,C233,secondary main sewer,lateral,200,78.5,0.5,0.023,0.106,3.219,0.1,below Mara's slope
P09071,C01,secondary main sewer,lateral,200,75.3,0.5,0.216,0.228,1.14,2.5,below Mara's slope
P09072,C01,secondary main sewer,lateral,200,67.2,0.5,0.232,0.233,1.103,2.8,below Mara's slope
P09074,C01,secondary header,sub main,200,81.5,0.5,0.281,0.248,1.01,3.9,below Mara's slope
P09075,C01,secondary header,sub main,200,296.4,0.5,0.297,0.252,0.985,5.0,below Mara's slope
P09076,C05,secondary header,sub main,200,245.2,0.5,0.65,0.323,0.686,21.7,below Mara's slope
P09077,C30,secondary header,sub main,200,86.1,0.5,0.229,0.232,1.11,2.9,below Mara's slope
P09079,C01,secondary header,sub main,200,182.1,0.5,0.822,0.348,0.616,20.6,below Mara's slope
P09080,C01,secondary header,sub main,200,89.1,0.5,1.093,0.38,0.54,31.0,below Mara's slope
P09081,C01,secondary header,sub main,200,220.4,0.5,0.469,0.292,0.798,9.4,below Mara's slope
P09082,C151,secondary header,sub main,200,149.2,2.2,0.018,0.161,3.561,0.0,below Mara's slope
P09083,C54,secondary main sewer,lateral,200,96.9,0.5,0.156,0.205,1.324,2.0,below Mara's slope
P09084,C54,secondary main sewer,lateral,200,93.3,0.5,0.229,0.232,1.11,2.7,below Mara's slope
P09085,C54,secondary header,sub main,200,173.4,0.65,0.074,0.174,1.87,0.7,below Mara's slope
P09086,C54,secondary header,sub main,200,54.5,0.5,0.075,0.16,1.857,0.7,below Mara's slope
P09087,C54,secondary header,sub main,200,49.5,0.5,0.076,0.161,1.851,0.7,below Mara's slope
P09088,C54,secondary main sewer,lateral,200,78.1,0.5,0.107,0.181,1.575,1.3,below Mara's slope
P09089,C01,secondary main sewer,lateral,200,85.2,0.5,0.257,0.241,1.052,5.2,below Mara's slope
P09090,C01,secondary main sewer,lateral,200,44.0,2.35,0.024,0.181,3.151,0.1,below Mara's slope
P09091,C01,secondary main sewer,lateral,200,85.2,0.5,0.065,0.153,1.985,0.4,below Mara's slope
P09093,C01,secondary main sewer,lateral,200,89.6,0.5,0.793,0.344,0.626,21.4,below Mara's slope
P09094,C01,secondary main sewer,lateral,200,84.2,0.5,0.241,0.236,1.085,3.3,below Mara's slope
P09095,C01,secondary main sewer,lateral,200,87.2,0.5,0.286,0.249,1.002,4.3,below Mara's slope
P09096,C01,secondary main sewer,lateral,200,75.4,1.45,0.03,0.168,2.816,0.1,below Mara's slope
P09097,C01,secondary main sewer,lateral,200,99.2,0.5,0.156,0.205,1.324,2.5,below Mara's slope
P09098,C01,secondary main sewer,lateral,200,153.7,0.5,0.169,0.21,1.276,2.8,below Mara's slope
P09099,C30,secondary header,sub main,200,78.3,0.5,0.24,0.235,1.087,3.1,below Mara's slope
P09100,C233,secondary main sewer,lateral,200,85.1,1.8,0.023,0.163,3.219,0.1,below Mara's slope
P09101,C233,secondary main sewer,lateral,200,67.8,0.5,0.012,0.085,4.283,0.0,below Mara's slope
P09102,C05,secondary header,sub main,200,97.8,0.5,0.653,0.324,0.685,21.9,below Mara's slope
P09103,C05,secondary header,sub main,200,92.8,0.5,0.405,0.278,0.854,12.1,below Mara's slope
P09104,C30,secondary header,sub main,200,82.2,0.5,0.395,0.276,0.864,7.2,below Mara's slope
P09105,C01,secondary header,sub main,200,79.4,0.5,0.137,0.196,1.407,1.2,below Mara's slope
P09106,C01,secondary header,sub main,200,80.5,0.5,0.364,0.269,0.897,6.0,below Mara's slope
P09107,C21,secondary main sewer,lateral,200,225.3,0.5,0.0,0.0,,0.0,no flow in 2030
P09108,C54,secondary main sewer,lateral,200,105.5,0.5,0.331,0.261,0.936,5.9,below Mara's slope
P09110,C82,secondary header,sub main,200,240.9,1.1,0.02,0.132,3.429,0.0,below Mara's slope
P09111,C01,secondary main sewer,lateral,200,61.5,0.5,0.879,0.356,0.597,24.7,below Mara's slope
P09112,C01,secondary main sewer,lateral,200,92.8,0.5,0.336,0.262,0.931,5.6,below Mara's slope
P09115,C01,secondary main sewer,lateral,200,85.4,0.5,0.271,0.245,1.027,4.0,below Mara's slope
P09116,C01,secondary header,sub main,200,93.6,0.5,1.138,0.385,0.53,32.9,below Mara's slope
P09118,C01,secondary header,sub main,200,54.8,0.5,1.141,0.385,0.53,33.0,below Mara's slope
P09119,C01,secondary main sewer,lateral,200,120.4,0.6,0.095,0.185,1.663,0.7,below Mara's slope
P09120,C01,secondary main sewer,lateral,200,72.0,0.5,0.165,0.208,1.293,1.7,below Mara's slope
P09121,C01,secondary main sewer,lateral,200,78.2,0.9,0.1,0.216,1.627,0.6,below Mara's slope
P09123,C01,secondary header,sub main,200,145.5,0.5,0.098,0.175,1.64,0.6,below Mara's slope
P09124,C54,secondary header,sub main,200,129.1,0.5,0.138,0.196,1.403,2.1,below Mara's slope
P09125,C26,secondary header,sub main,200,369.7,0.5,0.709,0.332,0.66,19.5,below Mara's slope
P09126,C01,secondary main sewer,lateral,200,82.7,0.5,0.262,0.242,1.044,5.3,below Mara's slope
P09127,C01,secondary main sewer,lateral,200,82.5,0.55,0.068,0.16,1.946,0.5,below Mara's slope
P09128,C233,secondary main sewer,lateral,200,123.6,1.25,0.034,0.167,2.658,0.1,below Mara's slope
P09129,C01,secondary main sewer,lateral,200,91.3,0.5,0.302,0.253,0.978,4.7,below Mara's slope
P09130,C30,secondary header,sub main,200,116.6,0.5,0.554,0.308,0.739,12.1,below Mara's slope
P09131,C30,secondary header,sub main,200,82.1,0.5,0.526,0.303,0.757,11.3,below Mara's slope
P09132,C05,secondary header,sub main,200,196.7,0.5,0.868,0.354,0.601,34.2,below Mara's slope
P09133,C30,secondary header,sub main,200,88.6,0.5,0.623,0.319,0.7,14.5,below Mara's slope
P09134,C54,secondary main sewer,lateral,200,194.3,0.5,0.198,0.221,1.188,3.1,below Mara's slope
P09135,C54,secondary header,sub main,200,101.4,0.5,0.333,0.262,0.934,6.0,below Mara's slope
P09136,C54,secondary header,sub main,200,92.5,0.5,0.138,0.196,1.403,2.1,below Mara's slope
P09137,C05,secondary header,sub main,200,77.4,0.5,0.868,0.354,0.601,34.2,below Mara's slope
P09138,C05,secondary main sewer,lateral,200,59.5,0.5,0.026,0.111,3.049,0.1,below Mara's slope
P09139,C05,secondary header,sub main,200,31.6,0.5,0.948,0.364,0.577,39.1,below Mara's slope
P09140,C05,secondary main sewer,lateral,200,127.5,0.5,0.199,0.221,1.186,1.2,below Mara's slope
P09141,C30,secondary header,sub main,200,334.6,0.5,0.902,0.358,0.59,25.0,below Mara's slope
P09142,C01,secondary header,sub main,200,92.3,1.2,0.176,0.287,1.254,2.0,below Mara's slope
P09143,C01,secondary main sewer,lateral,200,92.0,0.5,0.895,0.357,0.592,25.2,below Mara's slope
P09144,C01,secondary main sewer,lateral,200,89.3,0.5,0.996,0.37,0.564,29.0,below Mara's slope
P09145,C01,secondary main sewer,lateral,200,202.3,0.5,0.942,0.363,0.578,26.9,below Mara's slope
P09146,C01,secondary main sewer,lateral,200,74.0,0.5,0.969,0.366,0.571,27.9,below Mara's slope
P09147,C01,secondary header,sub main,200,93.3,0.5,1.188,0.39,0.52,34.8,below Mara's slope
P09148,C01,secondary main sewer,lateral,200,27.2,2.05,0.055,0.232,2.151,0.2,below Mara's slope
P09150,C05,secondary header,sub main,200,64.6,0.5,1.01,0.371,0.56,40.4,below Mara's slope
P09151,C01,secondary main sewer,lateral,200,174.7,0.5,0.188,0.218,1.215,3.3,below Mara's slope
P09152,C01,secondary main sewer,lateral,200,86.4,0.5,0.335,0.262,0.932,5.7,below Mara's slope
P09153,C01,secondary main sewer,lateral,200,83.8,1.25,0.05,0.191,2.237,0.3,below Mara's slope
P09154,C01,secondary main sewer,lateral,200,94.1,0.5,0.325,0.259,0.945,5.3,below Mara's slope
P09155,C01,secondary main sewer,lateral,200,84.2,0.5,0.324,0.259,0.947,5.3,below Mara's slope
P09156,C05,secondary header,sub main,200,75.3,0.5,1.01,0.371,0.56,40.4,below Mara's slope
P09157,C54,secondary header,sub main,200,95.8,0.5,0.42,0.282,0.839,9.2,below Mara's slope
P09158,C05,secondary main sewer,lateral,200,276.0,0.5,0.085,0.167,1.756,0.7,below Mara's slope
P09159,C30,secondary header,sub main,200,83.0,0.5,0.944,0.363,0.578,26.6,below Mara's slope
P09161,C05,secondary header,sub main,200,96.8,0.5,1.247,0.396,0.508,54.2,below Mara's slope
P09162,C05,secondary main sewer,lateral,200,87.7,0.5,0.228,0.231,1.113,5.0,below Mara's slope
P09163,C01,secondary main sewer,lateral,200,238.8,0.6,0.122,0.201,1.483,1.5,below Mara's slope
P09164,C01,secondary main sewer,lateral,200,157.5,0.85,0.084,0.199,1.768,0.7,below Mara's slope
P09165,C01,secondary main sewer,lateral,200,92.6,0.5,0.131,0.193,1.437,1.7,below Mara's slope
P09166,C01,secondary main sewer,lateral,200,137.8,1.3,0.037,0.173,2.588,0.2,below Mara's slope
P09167,C01,secondary main sewer,lateral,200,60.1,0.5,0.202,0.223,1.176,3.7,below Mara's slope
P09168,C01,secondary main sewer,lateral,200,143.0,0.8,0.13,0.226,1.442,1.0,below Mara's slope
P09169,C01,secondary main sewer,lateral,200,38.9,0.5,0.144,0.199,1.374,1.2,below Mara's slope
P09170,C01,secondary main sewer,lateral,200,48.7,0.5,0.164,0.208,1.295,1.5,below Mara's slope
P09171,C01,secondary main sewer,lateral,200,180.5,0.5,0.183,0.215,1.233,1.9,below Mara's slope
P09172,C01,secondary main sewer,lateral,200,63.7,0.5,0.416,0.281,0.843,9.0,below Mara's slope
P09173,C01,secondary main sewer,lateral,200,159.2,0.5,0.271,0.245,1.028,5.6,below Mara's slope
P09174,C01,secondary main sewer,lateral,200,77.5,0.5,0.21,0.225,1.156,3.9,below Mara's slope
P09175,C01,secondary header,sub main,200,92.9,0.5,1.052,0.376,0.55,31.1,below Mara's slope
P09176,C01,secondary header,sub main,200,91.3,0.5,1.205,0.392,0.516,35.6,below Mara's slope
P09177,C100,secondary header,sub main,200,148.9,0.5,0.013,0.088,4.132,0.0,below Mara's slope
P09182,C26,secondary main sewer,lateral,200,509.7,0.5,0.023,0.106,3.227,0.1,below Mara's slope
P09183,C01,secondary header,sub main,600,1194.0,0.125,26.136,0.52,0.125,878.2,below Mara's slope
P09184,C01,secondary header,sub main,700,314.7,0.1,36.082,0.518,0.108,1263.5,below Mara's slope
P09185,C05,secondary main sewer,lateral,200,64.7,0.5,0.036,0.125,2.608,0.1,below Mara's slope
P09186,C05,secondary header,sub main,200,88.4,0.5,0.126,0.19,1.463,1.7,below Mara's slope
P09187,C01,secondary main sewer,lateral,200,81.7,0.5,0.374,0.272,0.885,9.6,below Mara's slope
P09188,C01,secondary main sewer,lateral,200,54.7,0.5,0.559,0.308,0.736,13.4,below Mara's slope
P09189,C01,secondary main sewer,lateral,200,84.5,0.5,0.557,0.308,0.737,13.3,below Mara's slope
P09190,C01,secondary header,sub main,200,288.7,0.5,0.252,0.239,1.063,3.3,below Mara's slope
P09191,C01,secondary header,sub main,200,288.4,0.5,0.209,0.225,1.158,2.5,below Mara's slope
P09192,C01,secondary header,sub main,200,86.5,0.5,0.665,0.326,0.679,15.3,below Mara's slope
P09193,C01,secondary header,sub main,200,289.0,0.5,0.421,0.282,0.839,7.6,below Mara's slope
P09194,C01,secondary header,sub main,200,48.8,0.5,0.746,0.338,0.644,18.0,below Mara's slope
P09195,C01,secondary main sewer,lateral,200,91.0,0.5,0.553,0.308,0.739,13.1,below Mara's slope
P09196,C01,secondary header,sub main,200,260.2,0.5,0.211,0.226,1.153,2.6,below Mara's slope
P09197,C01,secondary header,sub main,200,85.6,0.5,0.978,0.367,0.569,26.1,below Mara's slope
P09198,C01,secondary header,sub main,200,30.8,0.5,1.046,0.375,0.551,28.7,below Mara's slope
P09200,C01,secondary main sewer,lateral,200,84.1,0.5,0.489,0.296,0.783,11.1,below Mara's slope
P09201,C01,secondary main sewer,lateral,200,87.5,0.5,0.548,0.307,0.743,12.9,below Mara's slope
P09202,C01,secondary main sewer,lateral,200,109.3,0.5,0.163,0.207,1.298,1.6,below Mara's slope
P09203,C01,secondary main sewer,lateral,200,79.5,0.5,0.154,0.204,1.331,1.4,below Mara's slope
P09204,C01,secondary main sewer,lateral,200,79.5,1.1,0.116,0.243,1.521,0.8,below Mara's slope
P09205,C01,secondary header,sub main,200,370.6,0.5,0.421,0.282,0.838,8.2,below Mara's slope
P09207,C54,secondary main sewer,lateral,200,242.0,0.5,0.232,0.233,1.104,4.5,below Mara's slope
P09208,C05,secondary header,sub main,200,80.0,0.5,0.14,0.197,1.392,2.0,below Mara's slope
P09209,C05,secondary main sewer,lateral,200,19.6,0.5,0.023,0.107,3.202,0.1,below Mara's slope
P09210,C54,secondary header,sub main,200,86.5,0.5,0.504,0.299,0.772,13.3,below Mara's slope
P09211,C54,secondary header,sub main,200,110.0,0.5,0.434,0.285,0.827,9.9,below Mara's slope
P09212,C54,secondary header,sub main,200,70.0,0.5,0.435,0.285,0.826,9.9,below Mara's slope
P09213,C01,secondary main sewer,lateral,200,89.3,0.5,0.326,0.26,0.943,5.5,below Mara's slope
P09214,C01,secondary header,sub main,200,107.1,0.5,1.073,0.378,0.545,31.9,below Mara's slope
P09215,C54,secondary header,sub main,200,93.1,0.5,0.183,0.215,1.232,3.4,below Mara's slope
P09216,C54,secondary header,sub main,200,113.5,0.5,0.16,0.206,1.309,2.7,below Mara's slope
P09217,C54,secondary header,sub main,200,192.4,0.5,0.162,0.207,1.301,2.8,below Mara's slope
P09218,C05,secondary main sewer,lateral,200,76.6,0.5,0.118,0.187,1.506,1.6,below Mara's slope
P09219,C66,secondary header,sub main,200,273.8,0.5,0.0,0.0,,0.0,no flow in 2030
P09220,C05,secondary header,sub main,200,76.4,1.7,0.045,0.204,2.343,0.2,below Mara's slope
P09221,C05,secondary main sewer,lateral,200,268.7,0.5,0.168,0.21,1.28,2.8,below Mara's slope
P09222,C05,secondary header,sub main,200,76.1,0.65,0.106,0.197,1.585,1.2,below Mara's slope
P09224,C01,secondary header,sub main,200,32.4,17.95,0.0,0.0,,0.0,no flow in 2030
P09225,C01,secondary main sewer,lateral,200,94.4,0.5,0.755,0.339,0.64,23.0,below Mara's slope
P09226,C01,secondary main sewer,lateral,200,89.4,0.5,0.056,0.145,2.118,0.3,below Mara's slope
P09227,C01,secondary main sewer,lateral,200,49.7,1.65,0.05,0.209,2.237,0.3,below Mara's slope
P09228,C01,secondary header,sub main,200,419.0,0.8,0.134,0.228,1.422,1.2,below Mara's slope
P09229,C01,secondary header,sub main,200,91.3,0.5,0.454,0.289,0.81,9.0,below Mara's slope
P09230,C01,secondary header,sub main,200,34.4,0.5,0.498,0.297,0.776,10.3,below Mara's slope
P09231,C01,secondary header,sub main,200,59.0,0.5,0.498,0.297,0.776,10.3,below Mara's slope
P09232,C01,secondary header,sub main,200,94.1,0.5,0.544,0.306,0.745,11.6,below Mara's slope
P09233,C01,secondary header,sub main,200,94.0,0.5,0.109,0.181,1.564,0.8,below Mara's slope
P09235,C05,secondary main sewer,lateral,200,73.1,0.5,0.403,0.278,0.855,12.1,below Mara's slope
P09236,C05,secondary header,sub main,200,131.6,1.65,0.0,0.0,,0.0,no flow in 2030
P09237,C05,secondary main sewer,lateral,200,177.6,0.5,0.118,0.187,1.506,1.6,below Mara's slope
P09238,C01,secondary header,sub main,200,272.4,0.5,0.256,0.24,1.055,3.4,below Mara's slope
P09239,C01,secondary header,sub main,200,272.4,0.5,0.291,0.251,0.993,4.5,below Mara's slope
P09240,C01,secondary header,sub main,200,272.4,0.5,0.225,0.23,1.12,2.7,below Mara's slope
P09241,C01,secondary header,sub main,200,80.6,0.5,0.306,0.254,0.972,4.8,below Mara's slope
P09242,C01,secondary header,sub main,200,79.2,0.5,0.422,0.282,0.838,7.7,below Mara's slope
P09244,C01,secondary main sewer,lateral,200,12.9,0.75,0.0,0.0,,0.0,no flow in 2030
P09245,C175,secondary header,sub main,200,74.3,2.55,0.024,0.187,3.145,0.1,below Mara's slope
P09246,C05,secondary main sewer,lateral,200,105.7,1.55,0.045,0.198,2.343,0.2,below Mara's slope
P09247,C175,secondary main sewer,lateral,200,91.1,0.5,0.082,0.165,1.787,0.8,below Mara's slope
P09248,C01,secondary header,sub main,200,1014.6,0.5,0.0,0.0,,0.0,no flow in 2030
P09249,C01,secondary main sewer,lateral,200,28.9,0.5,0.763,0.34,0.638,23.3,below Mara's slope
P09250,C01,secondary header,sub main,200,99.9,0.5,0.0,0.0,,0.0,no flow in 2030
P09251,C01,secondary header,sub main,200,329.7,0.5,0.0,0.0,,0.0,no flow in 2030
P09252,C01,secondary header,sub main,200,364.7,0.5,0.0,0.0,,0.0,no flow in 2030
P09253,C01,secondary header,sub main,700,439.5,0.1,36.082,0.518,0.108,1263.5,below Mara's slope
P09255,C05,secondary main sewer,lateral,200,19.8,0.5,0.019,0.1,3.492,0.0,below Mara's slope
P09257,C01,secondary header,sub main,200,838.5,0.5,0.763,0.34,0.638,23.3,below Mara's slope
P09258,C01,secondary header,sub main,200,11.1,0.5,0.763,0.34,0.638,23.3,below Mara's slope
P09259,C01,secondary header,sub main,200,164.4,0.5,0.0,0.0,,0.0,no flow in 2030
P09260,C01,secondary header,sub main,200,433.4,0.9,0.0,0.0,,0.0,no flow in 2030
P09261,C01,secondary main sewer,lateral,200,99.6,0.5,0.0,0.0,,0.0,no flow in 2030
P09263,C05,secondary main sewer,lateral,200,95.0,0.5,0.409,0.279,0.849,12.2,below Mara's slope
P09264,C05,secondary main sewer,lateral,200,105.3,1.3,0.093,0.238,1.685,1.0,below Mara's slope
P09265,C05,secondary header,sub main,200,425.0,0.5,0.155,0.204,1.329,2.4,below Mara's slope
P09266,C05,secondary header,sub main,200,35.1,0.85,0.019,0.119,3.492,0.0,below Mara's slope
P09267,C01,secondary header,sub main,200,86.5,0.5,0.301,0.253,0.98,4.3,below Mara's slope
P09269,C05,secondary main sewer,lateral,200,77.2,1.8,0.038,0.196,2.54,0.2,below Mara's slope
P09270,C05,secondary header,sub main,200,262.0,0.5,0.124,0.19,1.471,1.6,below Mara's slope
P09271,C05,secondary main sewer,lateral,200,115.8,0.5,0.0,0.0,,0.0,no flow in 2030
P09273,C05,secondary main sewer,lateral,200,57.0,1.4,0.042,0.186,2.424,0.2,below Mara's slope
P09274,C97,secondary header,sub main,200,223.5,0.5,0.493,0.296,0.78,10.5,below Mara's slope
P09275,C01,secondary header,sub main,200,86.3,0.5,0.376,0.272,0.883,6.1,below Mara's slope
P09277,C05,secondary main sewer,lateral,200,24.6,2.25,0.0,0.0,,0.0,no flow in 2030
P09278,C05,secondary main sewer,lateral,200,114.9,0.5,0.111,0.183,1.551,1.4,below Mara's slope
P09279,C01,secondary header,sub main,200,337.1,0.5,0.144,0.199,1.376,1.2,below Mara's slope
P09280,C01,secondary header,sub main,200,88.9,0.5,0.23,0.232,1.108,2.7,below Mara's slope
P09281,C01,secondary header,sub main,200,256.9,0.5,1.248,0.396,0.508,38.8,below Mara's slope
P09282,C97,secondary header,sub main,200,47.5,0.5,0.222,0.229,1.127,4.6,below Mara's slope
P09283,C175,secondary header,sub main,200,203.3,0.5,0.089,0.17,1.712,0.9,below Mara's slope
P09285,C253,secondary header,sub main,200,178.5,2.25,0.013,0.145,4.112,0.0,below Mara's slope
P09286,C253,secondary main sewer,lateral,200,44.6,9.75,0.0,0.0,,0.0,no flow in 2030
P09287,C175,secondary main sewer,lateral,200,34.2,1.65,0.069,0.234,1.926,0.6,below Mara's slope
P09288,C05,secondary header,sub main,200,105.3,0.5,0.147,0.201,1.361,2.2,below Mara's slope
P09289,C05,secondary main sewer,lateral,200,109.5,1.35,0.122,0.264,1.487,1.6,below Mara's slope
P09290,C05,secondary header,sub main,200,24.5,0.5,0.199,0.221,1.185,3.7,below Mara's slope
P09291,C97,secondary header,sub main,200,91.4,0.5,0.175,0.212,1.258,3.1,below Mara's slope
P09293,C01,secondary header,sub main,200,394.7,0.65,0.279,0.27,1.014,3.9,below Mara's slope
P09296,C01,secondary header,sub main,200,64.6,0.5,0.405,0.279,0.853,6.8,below Mara's slope
P09298,C05,secondary main sewer,lateral,200,72.7,0.6,0.227,0.246,1.116,4.8,below Mara's slope
P09299,C97,secondary header,sub main,200,68.4,0.5,0.117,0.186,1.516,1.5,below Mara's slope
P09300,C05,secondary header,sub main,200,148.2,0.5,0.278,0.247,1.015,6.2,below Mara's slope
P09301,C05,secondary main sewer,lateral,200,112.5,0.5,0.116,0.185,1.519,1.5,below Mara's slope
P09302,C05,secondary header,sub main,200,62.9,0.5,0.3,0.253,0.981,6.9,below Mara's slope
P09303,C05,secondary main sewer,lateral,200,84.0,0.5,0.243,0.236,1.08,5.5,below Mara's slope
P09304,C26,secondary header,sub main,200,598.7,0.5,0.709,0.332,0.66,19.5,below Mara's slope
P09305,C26,secondary main sewer,lateral,200,164.6,0.5,0.0,0.0,,0.0,no flow in 2030
P09306,C97,secondary main sewer,lateral,200,134.8,0.6,0.051,0.15,2.215,0.3,below Mara's slope
P09307,C05,secondary header,sub main,200,261.4,0.5,0.166,0.209,1.288,2.6,below Mara's slope
P09308,C05,secondary main sewer,lateral,200,81.4,0.5,0.172,0.211,1.267,3.0,below Mara's slope
P09309,C05,secondary main sewer,lateral,200,87.7,0.5,0.232,0.233,1.103,5.0,below Mara's slope
P09310,C05,secondary header,sub main,200,75.2,0.5,0.677,0.328,0.674,25.9,below Mara's slope
P09311,C05,secondary main sewer,lateral,200,89.3,0.5,0.132,0.193,1.431,1.9,below Mara's slope
P09312,C05,secondary header,sub main,200,87.7,0.5,0.392,0.276,0.866,10.9,below Mara's slope
P09313,C05,secondary header,sub main,200,26.8,0.5,0.424,0.283,0.836,12.4,below Mara's slope
P09316,C05,secondary main sewer,lateral,200,125.4,0.5,0.173,0.211,1.264,3.1,below Mara's slope
P09317,C97,secondary main sewer,lateral,200,118.4,0.5,0.089,0.169,1.719,0.9,below Mara's slope
P09318,C97,secondary main sewer,lateral,200,26.4,0.5,0.021,0.103,3.343,0.1,below Mara's slope
P09319,C05,secondary header,sub main,200,82.3,0.5,0.722,0.334,0.654,28.5,below Mara's slope
P09320,C97,secondary main sewer,lateral,200,95.3,0.5,0.049,0.138,2.267,0.3,below Mara's slope
P09321,C97,secondary main sewer,lateral,200,13.6,0.5,0.019,0.1,3.468,0.0,below Mara's slope
P09322,C97,secondary header,sub main,200,252.9,0.5,0.319,0.258,0.953,2.5,below Mara's slope
P09323,C97,secondary header,sub main,200,207.2,0.5,0.325,0.259,0.945,2.7,below Mara's slope
P09325,C05,secondary main sewer,lateral,200,113.7,0.5,0.079,0.163,1.809,0.6,below Mara's slope
P09326,C05,secondary header,sub main,200,68.8,0.5,0.257,0.241,1.052,5.6,below Mara's slope
P09327,C05,secondary header,sub main,200,177.4,0.5,1.01,0.371,0.56,43.2,below Mara's slope
P09328,C05,secondary header,sub main,200,45.0,0.5,0.796,0.345,0.625,31.9,below Mara's slope
P09329,C05,secondary header,sub main,200,105.3,0.5,0.724,0.335,0.653,28.5,below Mara's slope
P09330,C05,secondary main sewer,lateral,200,72.1,0.5,0.234,0.234,1.099,5.0,below Mara's slope
P09333,C30,secondary header,sub main,200,638.6,0.5,0.958,0.365,0.574,27.1,below Mara's slope
P09334,C30,secondary header,sub main,200,683.9,0.5,0.219,0.229,1.133,2.6,below Mara's slope
P09335,C30,secondary header,sub main,200,736.4,0.5,0.767,0.341,0.636,19.2,below Mara's slope
P09336,C30,secondary header,sub main,200,82.8,0.5,0.219,0.229,1.133,2.6,below Mara's slope
P09337,C05,secondary main sewer,lateral,200,57.6,0.5,0.206,0.224,1.166,3.3,below Mara's slope
P09338,C05,secondary header,sub main,200,79.9,0.5,0.255,0.24,1.056,5.8,below Mara's slope
P09339,C05,secondary main sewer,lateral,200,234.9,1.25,0.024,0.148,3.116,0.1,below Mara's slope
P09340,C05,secondary main sewer,lateral,200,83.1,0.5,0.044,0.134,2.366,0.2,below Mara's slope
P09341,C177,secondary main sewer,lateral,200,48.7,0.5,0.0,0.0,,0.0,no flow in 2030
P09342,C05,secondary main sewer,lateral,200,152.0,0.5,0.076,0.161,1.844,0.7,below Mara's slope
P09343,C05,secondary main sewer,lateral,200,168.9,0.5,0.113,0.184,1.538,1.4,below Mara's slope
P09344,C05,secondary main sewer,lateral,200,209.5,0.5,0.162,0.207,1.302,2.8,below Mara's slope
P09350,C30,secondary header,sub main,200,1042.5,0.5,0.342,0.264,0.923,5.4,below Mara's slope
P09351,C30,secondary header,sub main,200,250.3,0.5,0.958,0.365,0.574,27.1,below Mara's slope
P09352,C30,secondary header,sub main,200,81.5,0.5,0.845,0.351,0.608,21.8,below Mara's slope
P09353,C97,secondary header,sub main,200,38.5,0.5,0.002,0.042,10.151,0.0,below Mara's slope
P09354,C66,secondary header,sub main,200,632.2,1.6,0.0,0.0,,0.0,no flow in 2030
P09355,C05,secondary main sewer,lateral,200,123.0,0.5,0.184,0.216,1.228,3.1,below Mara's slope
P09357,C05,secondary main sewer,lateral,200,186.8,0.6,0.451,0.307,0.812,3.2,below Mara's slope
P09358,C05,secondary header,sub main,200,221.1,0.5,0.26,0.241,1.048,5.9,below Mara's slope
P09360,C05,secondary header,sub main,200,232.8,0.8,0.05,0.164,2.231,0.3,below Mara's slope
P09361,C05,secondary header,sub main,200,82.3,0.5,0.306,0.255,0.971,7.7,below Mara's slope
P09362,C05,secondary header,sub main,200,50.8,0.5,0.176,0.213,1.255,2.9,below Mara's slope
P09363,C05,secondary header,sub main,200,80.9,0.7,0.054,0.16,2.167,0.3,below Mara's slope
P09364,C05,secondary header,sub main,200,56.7,0.5,0.082,0.165,1.784,0.7,below Mara's slope
P09365,C05,secondary main sewer,lateral,200,210.7,0.5,0.128,0.192,1.451,1.8,below Mara's slope
P09366,C05,secondary main sewer,lateral,200,64.4,0.5,0.431,0.284,0.83,10.6,below Mara's slope
P09367,C05,secondary main sewer,lateral,200,131.7,0.5,0.43,0.284,0.83,10.6,below Mara's slope
P09368,C05,secondary header,sub main,200,86.3,0.5,0.38,0.273,0.879,10.6,below Mara's slope
P09370,C66,secondary header,sub main,200,359.0,0.5,0.0,0.0,,0.0,no flow in 2030
P09371,C05,secondary header,sub main,200,102.1,0.5,0.142,0.198,1.384,2.2,below Mara's slope
P09372,C177,secondary header,sub main,200,558.1,0.5,0.196,0.22,1.193,1.4,below Mara's slope
P09373,C100,secondary header,sub main,200,564.1,1.55,0.013,0.128,4.112,0.0,below Mara's slope
P09374,C100,secondary header,sub main,200,119.8,0.5,0.306,0.255,0.971,6.8,below Mara's slope
P09375,C100,secondary header,sub main,200,604.1,0.5,0.261,0.242,1.046,5.0,below Mara's slope
P09376,C100,secondary header,sub main,200,99.8,0.5,0.127,0.191,1.458,1.8,below Mara's slope
P09377,C100,secondary main sewer,lateral,200,24.3,0.5,0.101,0.177,1.623,1.2,below Mara's slope
P09378,C56,secondary header,sub main,200,133.7,0.95,0.061,0.186,2.043,0.4,below Mara's slope
P09379,C56,secondary main sewer,lateral,200,103.4,0.5,0.078,0.162,1.828,0.6,below Mara's slope
P09380,C05,secondary header,sub main,200,79.9,0.5,0.178,0.214,1.246,3.1,below Mara's slope
P09381,C05,secondary header,sub main,200,47.4,0.5,0.029,0.115,2.887,0.1,below Mara's slope
P09382,C05,secondary header,sub main,200,61.8,0.5,0.188,0.217,1.216,3.4,below Mara's slope
P09383,C56,secondary header,sub main,200,96.4,0.5,0.113,0.184,1.539,1.2,below Mara's slope
P09384,C56,secondary main sewer,lateral,200,218.2,0.5,0.085,0.167,1.755,0.7,below Mara's slope
P09385,C01,secondary header,sub main,700,478.9,0.1,35.612,0.516,0.108,1240.2,below Mara's slope
P09386,C01,secondary header,sub main,700,958.9,0.1,35.612,0.516,0.108,1240.2,below Mara's slope
P09387,C01,secondary header,sub main,700,1253.5,0.1,35.612,0.516,0.108,1240.2,below Mara's slope
P09388,C05,secondary main sewer,lateral,200,128.4,0.5,0.092,0.172,1.689,1.0,below Mara's slope
P09389,C05,secondary main sewer,lateral,200,87.8,0.5,0.048,0.138,2.281,0.3,below Mara's slope
P09390,C56,secondary header,sub main,200,63.9,0.5,0.15,0.202,1.348,2.0,below Mara's slope
P09391,C66,secondary main sewer,lateral,200,42.7,0.5,0.008,0.072,5.306,0.0,below Mara's slope
P09392,C05,secondary header,sub main,200,99.4,0.5,0.264,0.243,1.039,6.1,below Mara's slope
P09394,C05,secondary header,sub main,200,201.4,0.5,0.394,0.276,0.865,11.5,below Mara's slope
P09395,C56,secondary header,sub main,200,109.4,0.5,0.075,0.16,1.863,0.6,below Mara's slope
P09396,C05,secondary header,sub main,200,21.6,0.5,0.249,0.238,1.069,5.5,below Mara's slope
P09397,C56,secondary header,sub main,200,104.0,0.5,0.156,0.205,1.324,2.2,below Mara's slope
P09398,C56,secondary main sewer,lateral,200,39.4,0.5,0.017,0.096,3.684,0.0,below Mara's slope
P09399,C56,secondary header,sub main,200,197.2,0.75,0.04,0.148,2.485,0.2,below Mara's slope
P09400,C05,secondary header,sub main,200,77.6,0.5,0.045,0.134,2.361,0.2,below Mara's slope
P09401,C05,secondary header,sub main,200,260.1,0.75,0.179,0.246,1.244,3.2,below Mara's slope
P09402,C05,secondary header,sub main,200,252.3,0.5,0.213,0.226,1.148,4.2,below Mara's slope
P09403,C56,secondary header,sub main,200,293.1,0.8,0.082,0.194,1.782,0.7,below Mara's slope
P09404,C01,secondary header,sub main,200,476.1,0.5,0.0,0.0,,0.0,no flow in 2030
P09406,C66,secondary header,sub main,200,393.8,0.5,0.041,0.131,2.447,0.2,below Mara's slope
P09407,C66,secondary main sewer,lateral,200,226.9,0.5,0.033,0.12,2.726,0.1,below Mara's slope
P09408,C134,secondary header,sub main,200,286.6,0.5,0.079,0.163,1.812,0.6,below Mara's slope
P09409,C56,secondary header,sub main,200,292.1,0.6,0.101,0.189,1.617,1.0,below Mara's slope
P09410,C56,secondary header,sub main,200,123.9,0.5,0.102,0.178,1.609,1.0,below Mara's slope
P09411,C70,secondary header,sub main,200,92.8,0.5,0.065,0.153,1.978,0.5,below Mara's slope
P09412,C56,secondary header,sub main,200,103.0,0.5,0.155,0.204,1.328,2.1,below Mara's slope
P09413,C56,secondary header,sub main,200,238.1,0.5,0.172,0.211,1.267,2.5,below Mara's slope
P09414,C66,secondary header,sub main,200,436.3,0.5,0.0,0.0,,0.0,no flow in 2030
P09415,C66,secondary header,sub main,200,133.7,0.5,0.0,0.0,,0.0,no flow in 2030
P09416,C56,secondary header,sub main,200,82.0,0.5,0.249,0.238,1.068,4.7,below Mara's slope
P09417,C01,secondary main sewer,lateral,200,195.6,0.5,0.0,0.0,,0.0,no flow in 2030
P09418,C70,secondary header,sub main,200,98.1,0.5,0.052,0.141,2.199,0.3,below Mara's slope
P09419,C70,secondary header,sub main,200,100.0,0.5,0.094,0.173,1.678,0.9,below Mara's slope
P09420,C134,secondary header,sub main,200,264.0,0.5,0.049,0.138,2.27,0.3,below Mara's slope
P09421,C56,secondary header,sub main,200,113.9,0.5,0.262,0.242,1.044,4.9,below Mara's slope
P09422,C70,secondary header,sub main,200,165.2,0.5,0.023,0.107,3.198,0.1,below Mara's slope
P09423,C05,secondary header,sub main,200,621.9,0.5,0.384,0.274,0.875,10.7,below Mara's slope
P09424,C70,secondary header,sub main,200,409.1,0.5,0.06,0.148,2.06,0.4,below Mara's slope
P09426,C70,secondary header,sub main,200,311.7,0.5,0.034,0.123,2.661,0.1,below Mara's slope
P09427,C134,secondary header,sub main,200,250.0,0.5,0.06,0.148,2.062,0.4,below Mara's slope
P09428,C134,secondary header,sub main,200,60.0,0.5,0.06,0.148,2.062,0.4,below Mara's slope
P09429,C153,secondary header,sub main,200,247.1,0.6,0.071,0.167,1.904,0.4,below Mara's slope
P09430,C153,secondary header,sub main,200,133.1,0.5,0.067,0.154,1.953,0.3,below Mara's slope
P09431,C05,secondary main sewer,lateral,200,141.6,0.55,0.043,0.137,2.406,0.2,below Mara's slope
P09433,C134,secondary main sewer,lateral,200,78.2,0.5,0.024,0.109,3.118,0.1,below Mara's slope
P09434,C70,secondary header,sub main,200,118.1,0.5,0.021,0.103,3.345,0.1,below Mara's slope
P09435,C70,secondary main sewer,lateral,200,80.4,0.5,0.018,0.098,3.574,0.0,below Mara's slope
P09436,C05,secondary header,sub main,200,97.2,0.5,0.384,0.274,0.875,10.7,below Mara's slope
P09437,C66,secondary header,sub main,200,281.0,1.65,0.0,0.0,,0.0,no flow in 2030
P09438,C05,secondary main sewer,lateral,200,77.3,0.5,0.042,0.131,2.438,0.2,below Mara's slope
P09439,C05,secondary header,sub main,200,445.0,1.15,0.203,0.297,1.175,3.9,below Mara's slope
P09440,C05,secondary header,sub main,200,141.8,0.5,0.537,0.305,0.75,18.5,below Mara's slope
P09441,C05,secondary header,sub main,200,132.6,0.5,0.384,0.274,0.875,10.7,below Mara's slope
P09442,C70,secondary header,sub main,200,397.3,0.65,0.048,0.151,2.281,0.3,below Mara's slope
P09443,C05,secondary header,sub main,200,94.5,0.5,0.742,0.337,0.646,29.3,below Mara's slope
P09444,C05,secondary header,sub main,200,208.3,0.5,0.413,0.28,0.846,10.6,below Mara's slope
P09445,C05,secondary header,sub main,200,0.1,0.5,0.862,0.353,0.603,30.1,below Mara's slope
P09447,C70,secondary header,sub main,200,53.3,2.55,0.0,0.0,,0.0,no flow in 2030
P09448,C05,secondary main sewer,lateral,200,105.2,0.5,0.321,0.259,0.95,8.6,below Mara's slope
P09449,C05,secondary header,sub main,200,82.1,0.5,0.836,0.35,0.611,34.8,below Mara's slope
P09450,C134,secondary header,sub main,200,243.0,0.5,0.054,0.143,2.167,0.3,below Mara's slope
P09452,C122,secondary header,sub main,200,196.4,0.5,0.351,0.266,0.912,6.7,below Mara's slope
P09453,C05,secondary header,sub main,200,54.6,0.5,1.088,0.38,0.541,49.2,below Mara's slope
P09454,C05,secondary main sewer,lateral,200,30.6,0.5,0.394,0.276,0.864,11.8,below Mara's slope
P09455,C158,secondary header,sub main,200,102.5,0.5,0.037,0.125,2.584,0.2,below Mara's slope
P09456,C05,secondary main sewer,lateral,200,126.8,0.5,0.457,0.289,0.807,14.6,below Mara's slope
P09457,C122,secondary header,sub main,200,100.0,0.5,0.354,0.267,0.908,6.8,below Mara's slope
P09459,C05,secondary header,sub main,200,417.8,0.5,0.477,0.293,0.792,14.4,below Mara's slope
P09460,C158,secondary header,sub main,200,114.2,0.5,0.066,0.153,1.969,0.5,below Mara's slope
P09461,C70,secondary main sewer,lateral,200,142.7,0.5,0.0,0.0,,0.0,no flow in 2030
P09462,C05,secondary main sewer,lateral,200,137.8,0.5,0.246,0.237,1.073,5.5,below Mara's slope
P09463,C05,secondary header,sub main,200,165.4,0.5,1.268,0.398,0.505,61.0,below Mara's slope
P09464,C05,secondary main sewer,lateral,200,231.2,0.5,0.124,0.19,1.472,1.4,below Mara's slope
P09465,C05,secondary main sewer,lateral,200,77.0,0.5,0.431,0.284,0.83,13.3,below Mara's slope
P09466,C122,secondary header,sub main,200,85.4,0.5,0.365,0.269,0.896,7.2,below Mara's slope
P09467,C158,secondary main sewer,lateral,200,99.3,0.5,0.049,0.139,2.254,0.3,below Mara's slope
P09470,C158,secondary header,sub main,200,125.9,0.5,0.037,0.125,2.584,0.2,below Mara's slope
P09471,C05,secondary main sewer,lateral,200,26.5,1.4,0.03,0.165,2.84,0.1,below Mara's slope
P09472,C238,secondary main sewer,lateral,200,192.6,0.55,0.015,0.095,3.869,0.0,below Mara's slope
P09473,C05,secondary main sewer,lateral,200,40.0,0.5,0.399,0.277,0.86,11.9,below Mara's slope
P09474,C05,secondary main sewer,lateral,200,352.5,0.95,0.311,0.319,0.964,8.1,below Mara's slope
P09475,C05,secondary main sewer,lateral,200,97.6,0.5,0.108,0.181,1.572,1.4,below Mara's slope
P09476,C158,secondary header,sub main,200,109.8,0.5,0.097,0.175,1.647,0.9,below Mara's slope
P09477,C122,secondary header,sub main,200,80.1,0.5,0.372,0.271,0.888,7.5,below Mara's slope
P09478,C05,secondary main sewer,lateral,200,33.8,0.5,0.198,0.221,1.189,3.8,below Mara's slope
P09479,C158,secondary main sewer,lateral,200,98.2,0.5,0.049,0.139,2.254,0.3,below Mara's slope
P09480,C122,secondary main sewer,lateral,200,81.4,0.5,0.039,0.128,2.526,0.2,below Mara's slope
P09481,C05,secondary header,sub main,200,571.5,0.7,0.203,0.25,1.175,3.9,below Mara's slope
P09482,C05,secondary main sewer,lateral,200,76.2,0.5,0.164,0.208,1.296,2.8,below Mara's slope
P09483,C68,secondary main sewer,lateral,200,236.1,0.55,0.222,0.237,1.126,4.7,below Mara's slope
P09484,C05,secondary header,sub main,200,46.4,0.5,0.203,0.223,1.175,3.9,below Mara's slope
P09485,C05,secondary main sewer,lateral,200,60.6,1.75,0.028,0.174,2.926,0.1,below Mara's slope
P09486,C05,secondary main sewer,lateral,200,60.3,0.5,0.152,0.203,1.342,2.5,below Mara's slope
P09487,C05,secondary main sewer,lateral,200,166.3,0.6,0.22,0.244,1.132,4.6,below Mara's slope
P09488,C05,secondary main sewer,lateral,200,43.1,0.5,0.161,0.207,1.306,2.7,below Mara's slope
P09489,C05,secondary main sewer,lateral,200,43.1,0.5,0.159,0.206,1.315,2.7,below Mara's slope
P09490,C68,secondary main sewer,lateral,200,82.7,0.5,0.241,0.236,1.085,5.2,below Mara's slope
P09491,C68,secondary header,sub main,200,365.4,0.5,0.069,0.155,1.936,0.5,below Mara's slope
P09492,C05,secondary header,sub main,200,63.4,0.5,0.105,0.179,1.589,1.2,below Mara's slope
P09493,C05,secondary header,sub main,200,43.9,0.5,0.104,0.178,1.601,1.2,below Mara's slope
P09494,C68,secondary main sewer,lateral,200,125.7,0.7,0.224,0.258,1.121,4.7,below Mara's slope
P09495,C68,secondary main sewer,lateral,200,76.0,0.5,0.231,0.232,1.106,5.0,below Mara's slope
P09496,C05,secondary header,sub main,200,143.3,0.5,0.806,0.346,0.622,32.1,below Mara's slope
P09497,C05,secondary main sewer,lateral,200,97.7,0.5,0.051,0.14,2.221,0.3,below Mara's slope
P09498,C05,secondary main sewer,lateral,200,26.0,0.5,0.023,0.106,3.218,0.1,below Mara's slope
P09499,C05,secondary main sewer,lateral,200,53.7,0.5,0.029,0.116,2.875,0.1,below Mara's slope
P09500,C05,secondary header,sub main,200,106.3,0.5,0.725,0.335,0.653,27.3,below Mara's slope
P09501,C05,secondary main sewer,lateral,200,49.4,0.5,0.045,0.134,2.359,0.2,below Mara's slope
P09502,C68,secondary main sewer,lateral,200,46.3,0.5,0.023,0.107,3.174,0.1,below Mara's slope
P09504,C05,secondary main sewer,lateral,200,89.9,0.5,0.318,0.258,0.954,7.0,below Mara's slope
P09506,C05,secondary header,sub main,200,96.2,0.5,0.401,0.278,0.857,10.6,below Mara's slope
P09509,C05,secondary header,sub main,200,96.8,0.5,0.813,0.347,0.619,32.4,below Mara's slope
P09510,C05,secondary header,sub main,200,171.3,0.5,0.458,0.29,0.807,13.3,below Mara's slope
P09511,C05,secondary header,sub main,200,137.5,0.5,0.674,0.327,0.675,24.5,below Mara's slope
P09512,C68,secondary main sewer,lateral,200,70.6,0.9,0.018,0.119,3.584,0.0,below Mara's slope
P09513,C05,secondary main sewer,lateral,200,97.7,0.5,0.22,0.229,1.131,4.6,below Mara's slope
P09514,C73,secondary header,sub main,200,92.8,0.5,0.057,0.146,2.107,0.4,below Mara's slope
P09515,C05,secondary main sewer,lateral,200,133.1,0.8,0.134,0.228,1.423,2.0,below Mara's slope
P09516,C05,secondary main sewer,lateral,200,70.9,0.5,0.106,0.18,1.582,1.3,below Mara's slope
P09517,C73,secondary header,sub main,200,80.9,0.6,0.073,0.169,1.878,0.6,below Mara's slope
P09518,C68,secondary header,sub main,200,206.7,0.5,0.037,0.125,2.584,0.2,below Mara's slope
P09519,C68,secondary header,sub main,200,33.4,0.5,0.021,0.103,3.365,0.1,below Mara's slope
P09520,C73,secondary main sewer,lateral,200,75.9,0.85,0.039,0.154,2.498,0.2,below Mara's slope
P09521,C05,secondary header,sub main,200,59.4,0.5,0.102,0.178,1.613,1.1,below Mara's slope
P09522,C05,secondary header,sub main,200,34.7,0.5,0.096,0.174,1.656,1.0,below Mara's slope
P09523,C05,secondary header,sub main,200,123.8,1.5,0.094,0.252,1.671,1.0,below Mara's slope
P09524,C73,secondary header,sub main,200,163.4,1.2,0.141,0.267,1.389,2.0,below Mara's slope
P09525,C64,secondary header,sub main,200,363.5,0.5,1.017,0.372,0.559,38.7,below Mara's slope
P09526,C68,secondary main sewer,lateral,200,34.0,4.15,0.0,0.0,,0.0,no flow in 2030
P09527,C05,secondary main sewer,lateral,200,49.6,0.5,0.289,0.25,0.997,7.2,below Mara's slope
P09529,C05,secondary main sewer,lateral,200,144.9,0.55,0.182,0.222,1.235,3.4,below Mara's slope
P09530,C68,secondary header,sub main,200,118.2,0.55,0.033,0.125,2.704,0.1,below Mara's slope
P09531,C68,secondary main sewer,lateral,200,54.8,0.5,0.119,0.187,1.503,1.6,below Mara's slope
P09533,C73,secondary header,sub main,200,80.6,0.5,0.474,0.293,0.794,15.4,below Mara's slope
P09534,C68,secondary header,sub main,200,333.1,0.5,0.162,0.207,1.301,2.5,below Mara's slope
P09535,C68,secondary main sewer,lateral,200,88.6,2.05,0.019,0.16,3.482,0.0,below Mara's slope
P09538,C68,secondary header,sub main,200,81.4,0.5,0.127,0.191,1.457,1.7,below Mara's slope
P09539,C68,secondary header,sub main,200,144.1,0.5,0.05,0.14,2.236,0.3,below Mara's slope
P09540,C05,secondary main sewer,lateral,200,65.7,0.75,0.108,0.208,1.573,1.3,below Mara's slope
P09541,C05,secondary header,sub main,200,323.3,0.85,0.161,0.248,1.306,2.7,below Mara's slope
P09542,C05,secondary header,sub main,200,117.2,1.3,0.087,0.233,1.735,0.9,below Mara's slope
P09543,C05,secondary main sewer,lateral,200,173.8,0.5,0.437,0.285,0.824,13.9,below Mara's slope
P09544,C05,secondary main sewer,lateral,200,28.4,1.55,0.03,0.171,2.843,0.1,below Mara's slope
P09545,C68,secondary header,sub main,200,126.4,0.5,0.14,0.197,1.394,2.0,below Mara's slope
P09546,C68,secondary header,sub main,200,73.4,0.5,0.153,0.203,1.335,2.3,below Mara's slope
P09547,C68,secondary header,sub main,200,44.0,0.5,0.15,0.202,1.351,2.2,below Mara's slope
P09548,C68,secondary header,sub main,200,107.6,0.5,0.146,0.2,1.368,2.1,below Mara's slope
P09549,C68,secondary main sewer,lateral,200,30.0,1.75,0.019,0.152,3.482,0.0,below Mara's slope
P09551,C05,secondary main sewer,lateral,200,83.8,0.5,0.196,0.22,1.192,3.9,below Mara's slope
P09552,C05,secondary header,sub main,200,348.1,0.5,1.152,0.386,0.527,50.3,below Mara's slope
P09553,C05,secondary main sewer,lateral,200,103.2,0.5,0.446,0.287,0.816,14.1,below Mara's slope
P09558,C244,secondary header,sub main,200,357.9,0.9,0.165,0.255,1.293,2.8,below Mara's slope
P09559,C05,secondary header,sub main,200,71.4,0.5,0.648,0.323,0.688,21.4,below Mara's slope
P09560,C05,secondary main sewer,lateral,200,192.9,0.5,0.648,0.323,0.688,21.4,below Mara's slope
P09561,C64,secondary header,sub main,200,292.8,0.5,0.539,0.305,0.748,16.7,below Mara's slope
P09562,C64,secondary main sewer,lateral,200,15.5,0.5,0.0,0.0,,0.0,no flow in 2030
P09563,C64,secondary header,sub main,200,489.4,0.5,0.138,0.196,1.403,0.6,below Mara's slope
P09564,C64,secondary main sewer,lateral,200,116.0,0.5,0.138,0.196,1.403,0.6,below Mara's slope
P09565,C64,secondary header,sub main,200,181.0,0.5,0.0,0.0,,0.0,no flow in 2030
P09566,C35,secondary header,sub main,200,1299.5,0.5,0.002,0.042,10.151,0.0,below Mara's slope
P09567,C64,secondary header,sub main,200,156.6,0.5,0.539,0.305,0.748,16.7,below Mara's slope
P09568,C05,secondary header,sub main,200,242.4,0.5,0.0,0.0,,0.0,no flow in 2030
P09569,C05,secondary main sewer,lateral,200,38.5,0.5,0.0,0.0,,0.0,no flow in 2030
P09570,C64,secondary header,sub main,200,253.8,0.5,0.003,0.052,7.873,0.0,below Mara's slope
P09571,C64,secondary main sewer,lateral,200,239.5,0.5,0.539,0.305,0.748,16.7,below Mara's slope
P09572,C05,secondary header,sub main,200,190.0,1.3,0.0,0.0,,0.0,no flow in 2030
P09573,C05,secondary header,sub main,200,1119.1,0.5,0.0,0.0,,0.0,no flow in 2030
P09574,C05,secondary main sewer,lateral,200,46.7,1.35,0.0,0.0,,0.0,no flow in 2030
P09575,C35,secondary header,sub main,200,1711.7,0.5,0.002,0.042,10.151,0.0,below Mara's slope
P09576,C35,secondary main sewer,lateral,200,184.6,0.6,0.0,0.0,,0.0,no flow in 2030
P09577,C05,secondary main sewer,lateral,200,330.4,0.5,0.0,0.0,,0.0,no flow in 2030
P09578,C05,secondary header,sub main,200,192.3,0.5,0.0,0.0,,0.0,no flow in 2030
P09579,C05,secondary header,sub main,200,337.3,1.45,0.0,0.0,,0.0,no flow in 2030
P09580,C101,secondary main sewer,lateral,200,177.6,0.5,0.019,0.1,3.492,0.0,below Mara's slope
P09581,C05,secondary header,sub main,200,329.3,0.5,0.0,0.0,,0.0,no flow in 2030
P09582,C05,secondary header,sub main,200,115.9,0.5,0.0,0.0,,0.0,no flow in 2030
P09583,C19,secondary main sewer,lateral,200,23.8,0.5,0.004,0.056,7.13,0.0,below Mara's slope
P09584,C19,secondary header,sub main,200,139.6,0.5,0.237,0.234,1.092,5.3,below Mara's slope
P09585,C19,secondary header,sub main,200,135.5,1.15,0.023,0.141,3.196,0.1,below Mara's slope
P09586,C300,secondary main sewer,lateral,200,79.5,2.45,0.0,0.0,,0.0,no flow in 2030
P09587,C64,secondary header,sub main,200,915.6,0.65,0.003,0.057,7.873,0.0,below Mara's slope
P09588,C19,secondary main sewer,lateral,200,81.5,0.5,0.141,0.198,1.389,2.1,below Mara's slope
P09590,C19,secondary header,sub main,200,80.5,0.5,0.299,0.253,0.983,7.6,below Mara's slope
P09592,C19,secondary main sewer,lateral,200,79.6,0.5,0.048,0.138,2.28,0.3,below Mara's slope
P09593,C19,secondary header,sub main,200,77.6,0.5,0.144,0.199,1.377,2.1,below Mara's slope
P09594,C19,secondary header,sub main,200,179.9,0.5,0.482,0.294,0.788,16.0,below Mara's slope
P09595,C19,secondary main sewer,lateral,200,61.8,0.5,0.107,0.181,1.575,1.3,below Mara's slope
P09596,C19,secondary main sewer,lateral,200,97.8,0.5,0.126,0.191,1.462,1.7,below Mara's slope
P09597,C19,secondary main sewer,lateral,200,37.3,0.5,0.035,0.123,2.644,0.1,below Mara's slope
P09598,C19,secondary main sewer,lateral,200,84.8,0.5,0.258,0.241,1.051,6.0,below Mara's slope
P09600,C19,secondary main sewer,lateral,200,19.2,0.5,0.069,0.155,1.935,0.6,below Mara's slope
P09601,C19,secondary header,sub main,200,157.5,0.5,0.197,0.221,1.191,3.6,below Mara's slope
P09602,C19,secondary header,sub main,200,249.7,0.55,0.043,0.136,2.41,0.0,below Mara's slope
P09603,C19,secondary header,sub main,200,155.6,0.5,0.598,0.315,0.714,22.0,below Mara's slope
P09604,C19,secondary main sewer,lateral,200,78.5,0.5,0.048,0.137,2.287,0.3,below Mara's slope
P09605,C19,secondary header,sub main,200,154.7,1.45,0.084,0.239,1.766,0.7,below Mara's slope
P09606,C19,secondary header,sub main,200,164.7,0.5,0.11,0.182,1.555,1.2,below Mara's slope
P09607,C19,secondary main sewer,lateral,200,81.8,0.5,0.077,0.161,1.839,0.6,below Mara's slope
P09608,C19,secondary header,sub main,200,59.8,0.5,0.602,0.316,0.711,22.0,below Mara's slope
P09609,C19,secondary main sewer,lateral,200,82.9,0.65,0.131,0.211,1.438,0.1,below Mara's slope
P09610,C19,secondary header,sub main,200,157.0,0.5,0.209,0.225,1.159,3.9,below Mara's slope
P09611,C19,secondary header,sub main,200,214.2,0.5,0.211,0.226,1.154,4.0,below Mara's slope
P09612,C19,secondary header,sub main,200,154.1,0.5,0.218,0.228,1.135,4.1,below Mara's slope
P09613,C101,secondary header,sub main,200,943.9,0.5,0.019,0.1,3.492,0.0,below Mara's slope
P09614,C19,secondary header,sub main,200,122.1,0.5,0.227,0.231,1.115,4.4,below Mara's slope
P09615,C19,secondary header,sub main,200,39.1,0.5,0.228,0.231,1.113,4.4,below Mara's slope
P09616,C19,secondary header,sub main,200,245.9,0.5,0.266,0.243,1.036,6.0,below Mara's slope
P09617,C19,secondary header,sub main,200,291.8,0.8,0.384,0.322,0.875,10.5,below Mara's slope
P09618,C19,secondary header,sub main,200,830.0,0.5,0.637,0.321,0.693,22.1,below Mara's slope
P09619,C19,secondary header,sub main,200,171.6,1.1,0.059,0.193,2.072,0.4,below Mara's slope
P09620,C19,secondary header,sub main,200,85.0,1.5,0.071,0.229,1.902,0.5,below Mara's slope
P09621,C19,secondary header,sub main,200,350.2,1.35,0.122,0.265,1.483,1.5,below Mara's slope
P09622,C19,secondary header,sub main,200,159.2,0.6,0.1,0.188,1.63,1.0,below Mara's slope
P09623,C19,secondary main sewer,lateral,200,145.9,1.05,0.064,0.195,2.004,0.4,below Mara's slope
P09624,C19,secondary header,sub main,200,162.7,1.25,0.141,0.271,1.387,1.9,below Mara's slope
P09625,C19,secondary main sewer,lateral,200,132.7,0.75,0.074,0.184,1.864,0.6,below Mara's slope
P09626,C19,secondary header,sub main,200,88.4,1.05,0.125,0.245,1.467,1.5,below Mara's slope
P09627,C19,secondary header,sub main,200,454.9,0.5,0.832,0.349,0.612,32.6,below Mara's slope
P09628,C19,secondary main sewer,lateral,200,164.1,1.45,0.063,0.217,2.015,0.4,below Mara's slope
P09631,C19,secondary header,sub main,200,83.8,0.5,0.172,0.211,1.268,2.5,below Mara's slope
P09632,C19,secondary main sewer,lateral,200,90.1,0.75,0.064,0.175,1.992,0.4,below Mara's slope
P09633,C19,secondary header,sub main,200,84.1,0.5,0.208,0.225,1.161,3.8,below Mara's slope
P09635,C19,secondary header,sub main,200,80.7,0.5,0.21,0.225,1.155,3.9,below Mara's slope
P09636,C19,secondary main sewer,lateral,200,86.7,0.5,0.065,0.152,1.991,0.4,below Mara's slope
P09637,C19,secondary header,sub main,200,170.4,0.55,0.193,0.227,1.201,3.1,below Mara's slope
P09638,C19,secondary header,sub main,200,85.0,0.5,0.211,0.226,1.154,3.6,below Mara's slope
P09639,C19,secondary header,sub main,200,419.7,0.5,0.832,0.349,0.612,32.6,below Mara's slope
P09640,C19,secondary header,sub main,200,23.5,0.5,0.251,0.239,1.064,5.0,below Mara's slope
P09642,C19,secondary header,sub main,200,278.8,0.55,0.292,0.259,0.993,6.5,below Mara's slope
P09643,C19,secondary header,sub main,200,196.5,0.55,1.043,0.388,0.552,44.1,below Mara's slope
P09644,C61,secondary header,sub main,200,1159.4,0.5,0.0,0.0,,0.0,no flow in 2030
P09645,C42,secondary main sewer,lateral,200,35.0,0.5,0.0,0.0,,0.0,no flow in 2030
P09646,C42,secondary main sewer,lateral,200,294.3,0.5,0.0,0.0,,0.0,no flow in 2030
P09647,C42,secondary main sewer,lateral,200,443.9,0.5,0.0,0.0,,0.0,no flow in 2030
P09648,C42,secondary main sewer,lateral,200,119.8,0.5,0.0,0.0,,0.0,no flow in 2030
P09649,C42,secondary main sewer,lateral,200,142.7,0.5,0.0,0.0,,0.0,no flow in 2030
P09650,C42,secondary main sewer,lateral,200,39.4,3.8,0.0,0.0,,0.0,no flow in 2030
P09651,C42,secondary main sewer,lateral,200,522.7,0.5,0.0,0.0,,0.0,no flow in 2030
P09652,C42,secondary main sewer,lateral,200,181.7,0.5,0.0,0.0,,0.0,no flow in 2030
P09653,C42,secondary main sewer,lateral,200,179.4,0.9,0.0,0.0,,0.0,no flow in 2030
P09654,C42,secondary header,sub main,200,1167.7,0.5,0.0,0.0,,0.0,no flow in 2030
P09655,C42,secondary main sewer,lateral,200,802.3,0.5,0.0,0.0,,0.0,no flow in 2030
P09656,C41,secondary main sewer,lateral,200,74.7,1.7,0.0,0.0,,0.0,no flow in 2030
P09657,C41,secondary header,sub main,200,857.5,0.6,0.0,0.0,,0.0,no flow in 2030
P09658,C50,secondary header,sub main,200,1196.3,0.5,0.0,0.0,,0.0,no flow in 2030
P09659,C50,secondary header,sub main,200,279.6,0.5,0.02,0.102,3.381,0.0,below Mara's slope
P09660,C41,secondary header,sub main,200,389.6,0.5,0.0,0.0,,0.0,no flow in 2030
P09661,C50,secondary header,sub main,200,220.4,2.35,0.01,0.132,4.715,0.0,below Mara's slope
P09662,C50,secondary header,sub main,200,309.7,0.5,0.023,0.106,3.211,0.1,below Mara's slope
P09663,C50,secondary header,sub main,200,333.3,0.5,0.01,0.079,4.715,0.0,below Mara's slope
P09664,C50,secondary header,sub main,200,193.9,0.5,0.014,0.09,4.008,0.0,below Mara's slope
P09665,C50,secondary header,sub main,200,84.5,0.5,0.015,0.09,3.961,0.0,below Mara's slope
P09666,C50,secondary header,sub main,200,218.5,0.5,0.02,0.102,3.381,0.0,below Mara's slope
P09667,C50,secondary header,sub main,200,205.0,2.4,0.02,0.173,3.381,0.0,below Mara's slope
P09668,C50,secondary header,sub main,200,972.7,0.5,0.027,0.113,2.957,0.1,below Mara's slope
P09669,C50,secondary header,sub main,200,254.4,0.5,0.0,0.0,,0.0,no flow in 2030
P09670,C50,secondary main sewer,lateral,200,79.8,0.5,0.0,0.0,,0.0,no flow in 2030
P09671,C50,secondary main sewer,lateral,200,44.9,3.0,0.0,0.0,,0.0,no flow in 2030
P09672,C41,secondary header,sub main,200,3238.8,0.5,0.01,0.08,4.653,0.0,below Mara's slope
P09673,C41,secondary main sewer,lateral,200,90.0,1.1,0.0,0.0,,0.0,no flow in 2030
P09674,C43,secondary main sewer,branch,200,103.7,0.8,0.02,0.118,3.444,0.0,below Mara's slope
P09675,C43,secondary main sewer,branch,200,163.6,0.95,0.022,0.13,3.294,0.1,below Mara's slope
P09676,C43,secondary main sewer,branch,200,60.2,1.25,0.01,0.108,4.653,0.0,below Mara's slope
P09677,C43,secondary main sewer,branch,200,142.6,0.5,0.033,0.122,2.695,0.1,below Mara's slope
P09678,C43,secondary main sewer,branch,200,141.1,0.5,0.077,0.161,1.838,0.7,below Mara's slope
P09679,C43,secondary main sewer,branch,200,166.8,0.85,0.027,0.136,2.958,0.1,below Mara's slope
P09680,C43,secondary main sewer,branch,200,143.0,0.5,0.033,0.121,2.718,0.1,below Mara's slope
P09681,C72,secondary main sewer,branch,200,80.0,0.75,0.026,0.127,3.042,0.1,below Mara's slope
P09682,C110,secondary main sewer,branch,200,58.1,0.5,0.0,0.0,,0.0,no flow in 2030
P09683,C72,secondary main sewer,branch,200,42.4,1.0,0.021,0.129,3.375,0.1,below Mara's slope
P09684,C72,secondary main sewer,branch,200,135.7,0.5,0.034,0.122,2.673,0.1,below Mara's slope
P09685,C72,secondary main sewer,branch,200,240.1,0.5,0.048,0.137,2.285,0.3,below Mara's slope
P09686,C72,secondary main sewer,branch,200,241.8,0.5,0.044,0.134,2.365,0.2,below Mara's slope
P09687,C72,secondary main sewer,branch,200,126.7,1.3,0.029,0.16,2.858,0.1,below Mara's slope
P09688,C72,secondary main sewer,branch,200,102.2,0.5,0.026,0.111,3.03,0.1,below Mara's slope
P09689,C72,secondary main sewer,branch,200,103.1,0.5,0.073,0.159,1.878,0.7,below Mara's slope
P09690,C24,secondary main sewer,branch,200,139.7,0.55,0.0,0.0,,0.0,no flow in 2030
P09691,C24,secondary main sewer,branch,200,35.8,1.0,0.23,0.295,1.109,2.4,below Mara's slope
P09692,C179,secondary main sewer,branch,200,408.0,0.85,0.0,0.0,,0.0,no flow in 2030
P09693,C60,secondary main sewer,branch,200,62.6,0.5,0.088,0.169,1.727,0.6,below Mara's slope
P09694,C67,secondary main sewer,branch,200,73.4,0.7,0.021,0.115,3.365,0.1,below Mara's slope
P09695,C127,secondary main sewer,branch,200,48.9,0.8,0.012,0.099,4.339,0.0,below Mara's slope
P09696,C103,secondary main sewer,branch,200,422.2,0.55,0.222,0.237,1.125,3.1,below Mara's slope
P09697,C103,secondary main sewer,branch,200,16.1,0.5,0.106,0.18,1.586,0.0,below Mara's slope
P09698,C60,secondary main sewer,branch,200,118.9,0.5,0.106,0.18,1.586,0.0,below Mara's slope
P09699,C251,secondary main sewer,branch,200,54.8,0.95,0.001,0.043,12.545,0.0,below Mara's slope
P09700,C86,secondary main sewer,branch,200,165.2,1.1,0.023,0.14,3.179,0.1,below Mara's slope
P09703,C186,secondary main sewer,branch,200,71.2,1.1,0.045,0.175,2.359,0.1,below Mara's slope
P09704,C86,secondary main sewer,branch,200,449.7,1.1,0.155,0.268,1.328,2.6,below Mara's slope
P09705,C226,secondary main sewer,branch,200,434.5,0.85,0.069,0.186,1.935,0.6,below Mara's slope
P09706,C86,secondary main sewer,branch,200,71.5,0.7,0.025,0.123,3.08,0.1,below Mara's slope
P09707,C86,secondary main sewer,branch,200,90.8,0.7,0.07,0.175,1.92,0.6,below Mara's slope
P09708,C255,secondary main sewer,branch,200,93.8,1.05,0.131,0.249,1.436,1.2,below Mara's slope
P09709,C10,secondary main sewer,branch,200,586.9,0.5,0.083,0.166,1.771,0.5,below Mara's slope
P09710,C94,secondary main sewer,branch,200,183.1,0.5,0.221,0.229,1.129,2.9,below Mara's slope
P09711,C86,secondary main sewer,branch,200,205.4,0.5,0.007,0.071,5.385,0.0,below Mara's slope
P09712,C94,secondary main sewer,branch,200,70.5,0.5,0.174,0.212,1.261,2.0,below Mara's slope
P09713,C304,secondary main sewer,branch,200,61.5,0.5,0.096,0.174,1.66,0.7,below Mara's slope
P09714,C37,secondary main sewer,branch,200,93.9,1.6,0.103,0.265,1.602,1.3,below Mara's slope
P09715,C24,secondary main sewer,branch,200,216.0,0.65,0.138,0.215,1.401,1.4,below Mara's slope
P09716,C37,secondary main sewer,branch,200,65.8,0.8,0.0,0.0,,0.0,no flow in 2030
P09717,C94,secondary main sewer,branch,200,171.0,0.65,0.18,0.235,1.241,2.5,below Mara's slope
P09718,C37,secondary main sewer,branch,200,63.6,1.45,0.07,0.225,1.919,0.6,below Mara's slope
P09719,C167,secondary main sewer,branch,200,53.3,1.3,0.101,0.245,1.623,1.2,below Mara's slope
P09720,C227,secondary main sewer,branch,200,90.8,0.95,0.096,0.217,1.656,0.7,below Mara's slope
P09721,C167,secondary main sewer,branch,200,78.0,0.5,0.102,0.178,1.609,1.3,below Mara's slope
P09722,C227,secondary main sewer,branch,200,96.4,0.5,0.0,0.0,,0.0,no flow in 2030
P09723,C167,secondary main sewer,branch,200,227.8,0.5,0.176,0.213,1.254,1.9,below Mara's slope
P09724,C281,secondary main sewer,branch,200,172.5,0.5,0.0,0.0,,0.0,no flow in 2030
P09725,C37,secondary main sewer,branch,200,29.5,0.55,0.051,0.145,2.225,0.2,below Mara's slope
P09726,C37,secondary main sewer,branch,200,230.9,0.5,0.006,0.064,6.134,0.0,below Mara's slope
P09727,C37,secondary main sewer,branch,200,270.7,0.5,0.519,0.301,0.761,6.6,below Mara's slope
P09728,C37,secondary main sewer,branch,200,255.1,0.5,0.264,0.243,1.04,3.9,below Mara's slope
P09729,C37,secondary main sewer,branch,200,63.2,0.85,0.124,0.227,1.474,1.1,below Mara's slope
P09730,C23,secondary main sewer,branch,200,72.8,1.05,0.04,0.167,2.471,0.1,below Mara's slope
P09731,C162,secondary main sewer,branch,200,508.8,0.8,0.0,0.0,,0.0,no flow in 2030
P09733,C173,secondary main sewer,branch,200,229.4,1.4,0.0,0.0,,0.0,no flow in 2030
P09734,C23,secondary main sewer,branch,200,94.7,0.85,0.0,0.0,,0.0,no flow in 2030
P09735,C23,secondary main sewer,branch,200,80.3,0.95,0.045,0.167,2.361,0.2,below Mara's slope
P09736,C23,secondary main sewer,branch,200,58.8,0.6,0.04,0.137,2.489,0.1,below Mara's slope
P09737,C40,secondary main sewer,branch,200,318.4,0.5,0.051,0.14,2.227,0.2,below Mara's slope
P09738,C23,secondary main sewer,branch,200,28.3,3.45,0.017,0.181,3.716,0.0,below Mara's slope
P09739,C23,secondary main sewer,branch,200,78.6,0.95,0.046,0.169,2.329,0.2,below Mara's slope
P09740,C23,secondary main sewer,branch,200,26.8,1.75,0.0,0.0,,0.0,no flow in 2030
P09741,C23,secondary main sewer,branch,200,57.2,1.75,0.017,0.145,3.716,0.0,below Mara's slope
P09742,C23,secondary main sewer,branch,200,19.3,1.65,0.0,0.0,,0.0,no flow in 2030
P09743,C23,secondary main sewer,branch,200,66.3,0.5,0.037,0.126,2.581,0.1,below Mara's slope
P09744,C23,secondary main sewer,branch,200,161.7,0.5,0.046,0.135,2.337,0.2,below Mara's slope
P09745,C23,secondary main sewer,branch,200,65.1,1.25,0.017,0.13,3.682,0.0,below Mara's slope
P09746,C23,secondary main sewer,branch,200,99.7,0.65,0.116,0.203,1.518,1.2,below Mara's slope
P09747,C162,secondary main sewer,branch,200,89.8,0.9,0.0,0.0,,0.0,no flow in 2030
P09748,C91,secondary main sewer,branch,200,231.4,1.0,0.057,0.185,2.108,0.3,below Mara's slope
P09749,C183,secondary main sewer,branch,200,123.7,0.5,0.0,0.0,,0.0,no flow in 2030
P09750,C10,secondary main sewer,branch,200,422.7,0.5,0.079,0.163,1.813,0.6,below Mara's slope
P09751,C91,secondary main sewer,branch,200,266.5,0.65,0.063,0.166,2.006,0.3,below Mara's slope
P09752,C49,secondary main sewer,branch,200,201.5,0.5,0.323,0.259,0.947,1.8,below Mara's slope
P09753,C224,secondary main sewer,branch,200,53.9,0.5,0.075,0.16,1.86,0.6,below Mara's slope
P09754,C91,secondary main sewer,branch,200,94.2,1.4,0.0,0.0,,0.0,no flow in 2030
P09755,C224,secondary main sewer,branch,200,222.6,0.5,0.078,0.162,1.823,0.7,below Mara's slope
P09756,C219,secondary main sewer,branch,200,54.7,0.95,0.136,0.243,1.413,0.1,below Mara's slope
P09757,C150,secondary main sewer,branch,200,923.9,0.5,0.0,0.0,,0.0,no flow in 2030
P09758,C51,secondary main sewer,branch,200,210.4,0.55,0.0,0.0,,0.0,no flow in 2030
P09759,C49,secondary main sewer,branch,200,210.9,0.85,0.304,0.305,0.974,4.9,below Mara's slope
P09760,C219,secondary main sewer,branch,200,160.5,0.5,0.113,0.184,1.539,1.3,below Mara's slope
P09761,C49,secondary main sewer,branch,200,24.7,1.25,0.0,0.0,,0.0,no flow in 2030
P09762,C49,secondary main sewer,branch,200,45.9,0.75,0.138,0.226,1.401,1.8,below Mara's slope
P09763,C49,secondary main sewer,branch,200,27.6,0.95,0.0,0.0,,0.0,no flow in 2030
P09764,C49,secondary main sewer,branch,200,155.8,0.5,0.144,0.199,1.377,1.9,below Mara's slope
P09765,C203,secondary main sewer,branch,200,555.9,0.5,0.0,0.0,,0.0,no flow in 2030
P09766,C10,secondary main sewer,branch,200,67.9,0.6,0.0,0.0,,0.0,no flow in 2030
P09767,C49,secondary main sewer,branch,200,66.0,0.5,0.181,0.215,1.238,2.4,below Mara's slope
P09768,C28,secondary main sewer,branch,200,124.5,0.5,0.0,0.0,,0.0,no flow in 2030
P09769,C89,secondary main sewer,branch,200,100.7,0.85,0.0,0.0,,0.0,no flow in 2030
P09770,C218,secondary main sewer,branch,200,481.6,0.5,0.0,0.0,,0.0,no flow in 2030
P09771,C51,secondary main sewer,branch,200,530.8,0.5,0.0,0.0,,0.0,no flow in 2030
P09772,C176,secondary main sewer,branch,200,278.2,0.6,0.08,0.174,1.801,0.7,below Mara's slope
P09773,C28,secondary main sewer,branch,200,143.2,0.65,0.102,0.194,1.615,1.0,below Mara's slope
P09774,C89,secondary main sewer,branch,200,49.1,1.2,0.0,0.0,,0.0,no flow in 2030
P09775,C10,secondary main sewer,branch,200,127.9,0.6,0.002,0.049,9.106,0.0,below Mara's slope
P09776,C264,secondary main sewer,branch,200,184.0,0.5,0.161,0.207,1.307,1.9,below Mara's slope
P09777,C160,secondary main sewer,branch,200,145.4,0.7,0.11,0.204,1.558,1.2,below Mara's slope
P09778,C201,secondary main sewer,branch,200,433.2,0.5,0.0,0.0,,0.0,no flow in 2030
P09779,C201,secondary main sewer,branch,200,125.0,0.5,0.0,0.0,,0.0,no flow in 2030
P09780,C28,secondary main sewer,branch,200,252.4,0.7,0.0,0.0,,0.0,no flow in 2030
P09781,C28,secondary main sewer,branch,200,49.3,0.5,0.138,0.196,1.401,1.8,below Mara's slope
P09782,C160,secondary main sewer,branch,200,106.1,0.55,0.114,0.19,1.532,1.3,below Mara's slope
P09783,C160,secondary main sewer,branch,200,152.0,0.5,0.08,0.164,1.801,0.7,below Mara's slope
P09784,C96,secondary main sewer,branch,200,73.8,0.75,0.29,0.288,0.996,1.2,below Mara's slope
P09785,C96,secondary main sewer,branch,200,45.8,1.2,0.11,0.245,1.558,1.2,below Mara's slope
P09786,C118,secondary main sewer,branch,200,411.0,0.5,0.0,0.0,,0.0,no flow in 2030
P09787,C118,secondary main sewer,branch,200,179.6,0.5,0.0,0.0,,0.0,no flow in 2030
P09788,C123,secondary main sewer,branch,200,402.6,0.5,0.0,0.0,,0.0,no flow in 2030
P09789,C28,secondary main sewer,branch,200,88.4,0.5,0.026,0.111,3.021,0.1,below Mara's slope
P09790,C96,secondary main sewer,branch,200,28.3,0.5,0.0,0.0,,0.0,no flow in 2030
P09791,C221,secondary main sewer,branch,200,153.7,0.5,0.0,0.0,,0.0,no flow in 2030
P09792,C81,secondary main sewer,branch,200,29.4,2.05,0.0,0.0,,0.0,no flow in 2030
P09793,C235,secondary main sewer,branch,200,72.4,0.5,0.0,0.0,,0.0,no flow in 2030
P09794,C28,secondary main sewer,branch,200,123.2,1.15,0.0,0.0,,0.0,no flow in 2030
P09795,C181,secondary main sewer,branch,200,191.1,0.65,0.105,0.196,1.588,0.7,below Mara's slope
P09796,C28,secondary main sewer,branch,200,151.0,0.5,0.0,0.0,,0.0,no flow in 2030
P09797,C28,secondary main sewer,branch,200,101.0,0.5,0.122,0.189,1.484,1.4,below Mara's slope
P09798,C245,secondary main sewer,branch,200,187.8,0.5,0.041,0.131,2.441,0.2,below Mara's slope
P09799,C06,secondary main sewer,branch,200,166.8,0.5,0.049,0.138,2.265,0.2,below Mara's slope
P09800,C138,secondary main sewer,branch,200,23.5,0.5,0.0,0.0,,0.0,no flow in 2030
P09801,C245,secondary main sewer,branch,200,77.9,0.5,0.113,0.184,1.541,1.3,below Mara's slope
P09802,C06,secondary main sewer,branch,200,128.8,0.5,0.083,0.166,1.77,0.7,below Mara's slope
P09803,C107,secondary main sewer,branch,200,1366.8,0.5,0.0,0.0,,0.0,no flow in 2030
P09804,C107,secondary main sewer,branch,200,431.0,0.5,0.116,0.186,1.518,1.2,below Mara's slope
P09805,C168,secondary main sewer,branch,200,129.7,11.95,0.0,0.0,,0.0,no flow in 2030
P09806,C155,secondary main sewer,branch,200,281.9,0.5,0.055,0.144,2.15,0.3,below Mara's slope
P09807,C81,secondary main sewer,branch,200,329.3,0.5,0.0,0.0,,0.0,no flow in 2030
P09808,C92,secondary main sewer,branch,200,65.5,0.5,0.079,0.163,1.813,0.6,below Mara's slope
P09809,C116,secondary main sewer,branch,200,267.6,0.5,0.0,0.0,,0.0,no flow in 2030
P09810,C138,secondary main sewer,branch,200,59.1,0.5,0.22,0.229,1.13,1.3,below Mara's slope
P09811,C146,secondary main sewer,branch,200,138.0,0.55,0.027,0.117,2.954,0.1,below Mara's slope
P09812,C208,secondary main sewer,branch,200,474.6,0.5,0.0,0.0,,0.0,no flow in 2030
P09813,C208,secondary main sewer,branch,200,43.6,0.5,0.389,0.275,0.87,0.0,below Mara's slope
P09814,C92,secondary main sewer,branch,200,175.5,0.5,0.201,0.222,1.178,3.1,below Mara's slope
P09815,C116,secondary main sewer,branch,200,561.1,0.5,0.075,0.16,1.86,0.6,below Mara's slope
P09816,C92,secondary main sewer,branch,200,147.7,0.5,0.148,0.201,1.357,0.6,below Mara's slope
P09817,C293,secondary main sewer,branch,200,105.6,0.5,0.0,0.0,,0.0,no flow in 2030
P09818,C06,secondary main sewer,branch,200,82.6,0.5,0.11,0.182,1.558,1.2,below Mara's slope
P09819,C92,secondary main sewer,branch,200,502.6,0.5,0.0,0.0,,0.0,no flow in 2030
P09820,C142,secondary main sewer,branch,200,56.2,1.55,0.043,0.194,2.402,0.2,below Mara's slope
P09821,C06,secondary main sewer,branch,200,12.8,0.5,0.0,0.0,,0.0,no flow in 2030
P09822,C33,secondary main sewer,branch,200,214.2,0.75,0.013,0.099,4.213,0.0,below Mara's slope
P09823,C17,secondary main sewer,branch,200,75.3,0.55,0.0,0.0,,0.0,no flow in 2030
P09824,C142,secondary main sewer,branch,200,180.5,0.5,0.081,0.164,1.794,0.6,below Mara's slope
P09826,C114,secondary main sewer,branch,200,147.5,0.65,0.0,0.0,,0.0,no flow in 2030
P09827,C17,secondary main sewer,branch,200,152.1,0.5,0.159,0.206,1.312,2.2,below Mara's slope
P09828,C17,secondary main sewer,branch,200,100.0,0.5,0.053,0.142,2.188,0.3,below Mara's slope
P09829,C17,secondary main sewer,branch,200,78.2,0.5,0.043,0.133,2.394,0.2,below Mara's slope
P09830,C142,secondary main sewer,branch,200,47.7,0.5,0.032,0.119,2.764,0.1,below Mara's slope
P09831,C33,secondary main sewer,branch,200,65.0,0.65,0.01,0.087,4.638,0.0,below Mara's slope
P09832,C142,secondary main sewer,branch,200,42.8,1.45,0.079,0.234,1.817,0.7,below Mara's slope
P09833,C202,secondary main sewer,branch,200,67.0,0.5,0.01,0.08,4.653,0.0,below Mara's slope
P09834,C215,secondary main sewer,branch,200,300.7,0.7,0.088,0.19,1.723,0.8,below Mara's slope
P09835,C114,secondary main sewer,branch,200,118.8,0.8,0.049,0.162,2.266,0.2,below Mara's slope
P09836,C17,secondary main sewer,branch,200,69.3,0.5,0.052,0.141,2.209,0.2,below Mara's slope
P09837,C17,secondary main sewer,branch,200,67.2,0.6,0.078,0.173,1.826,0.6,below Mara's slope
P09838,C17,secondary main sewer,branch,200,18.7,1.15,0.02,0.135,3.388,0.0,below Mara's slope
P09839,C230,secondary main sewer,branch,200,208.1,0.5,0.211,0.226,1.152,3.6,below Mara's slope
P09840,C202,secondary main sewer,branch,200,134.8,0.65,0.013,0.096,4.128,0.0,below Mara's slope
P09841,C06,secondary main sewer,branch,200,154.8,0.5,0.0,0.0,,0.0,no flow in 2030
P09842,C17,secondary main sewer,branch,200,62.8,0.5,0.031,0.119,2.78,0.1,below Mara's slope
P09843,C205,secondary main sewer,branch,200,66.2,0.85,0.043,0.159,2.396,0.2,below Mara's slope
P09844,C230,secondary main sewer,branch,200,22.9,0.5,0.0,0.0,,0.0,no flow in 2030
P09845,C33,secondary main sewer,branch,200,171.6,1.2,0.014,0.12,4.011,0.0,below Mara's slope
P09846,C205,secondary main sewer,branch,200,55.3,0.55,0.0,0.0,,0.0,no flow in 2030
P09847,C109,secondary main sewer,branch,200,45.8,1.05,0.031,0.152,2.783,0.1,below Mara's slope
P09848,C109,secondary main sewer,branch,200,71.4,1.15,0.12,0.249,1.494,1.4,below Mara's slope
P09849,C06,secondary main sewer,branch,200,76.2,0.5,0.0,0.0,,0.0,no flow in 2030
P09850,C109,secondary main sewer,branch,200,84.8,0.55,0.118,0.192,1.509,1.3,below Mara's slope
P09851,C109,secondary main sewer,branch,200,59.5,0.5,0.045,0.135,2.342,0.2,below Mara's slope
P09852,C06,secondary main sewer,branch,200,55.5,0.5,0.038,0.127,2.542,0.1,below Mara's slope
P09853,C17,secondary main sewer,branch,200,70.3,0.8,0.021,0.121,3.331,0.0,below Mara's slope
P09854,C109,secondary main sewer,branch,200,105.3,0.5,0.061,0.149,2.046,0.3,below Mara's slope
P09855,C17,secondary main sewer,branch,200,52.7,0.5,0.04,0.13,2.476,0.2,below Mara's slope
P09856,C17,secondary main sewer,branch,200,58.1,1.4,0.047,0.193,2.311,0.2,below Mara's slope
P09857,C17,secondary main sewer,branch,200,232.3,0.6,0.082,0.175,1.787,0.6,below Mara's slope
P09858,C171,secondary main sewer,branch,200,119.1,0.5,0.033,0.121,2.708,0.1,below Mara's slope
P09859,C171,secondary main sewer,branch,200,18.2,3.2,0.0,0.0,,0.0,no flow in 2030
P09860,C17,secondary main sewer,branch,200,179.8,0.5,0.074,0.16,1.866,0.5,below Mara's slope
P09862,C171,secondary main sewer,branch,200,58.6,1.0,0.034,0.154,2.679,0.1,below Mara's slope
P09864,C06,secondary main sewer,branch,200,207.5,0.6,0.165,0.222,1.291,2.5,below Mara's slope
P09865,C147,secondary main sewer,branch,200,52.9,0.5,0.08,0.164,1.806,0.7,below Mara's slope
P09866,C06,secondary main sewer,branch,200,19.8,0.55,0.0,0.0,,0.0,no flow in 2030
P09867,C06,secondary main sewer,branch,200,155.7,0.5,0.054,0.143,2.166,0.3,below Mara's slope
P09868,C06,secondary main sewer,branch,200,62.9,0.75,0.118,0.214,1.508,1.4,below Mara's slope
P09869,C06,secondary main sewer,branch,200,59.7,1.2,0.115,0.249,1.524,1.3,below Mara's slope
P09870,C121,secondary main sewer,branch,200,1430.9,0.5,0.0,0.0,,0.0,no flow in 2030
P09871,C286,secondary main sewer,branch,200,29.9,1.7,0.0,0.0,,0.0,no flow in 2030
P09872,C06,secondary main sewer,branch,200,395.4,0.5,0.078,0.162,1.823,0.7,below Mara's slope
P09873,C17,secondary main sewer,branch,200,30.6,1.6,0.075,0.238,1.86,0.6,below Mara's slope
P09874,C06,secondary main sewer,branch,200,229.6,0.5,0.0,0.0,,0.0,no flow in 2030
P09875,C147,secondary main sewer,branch,200,51.0,2.55,0.033,0.208,2.726,0.1,below Mara's slope
P09876,C06,secondary main sewer,branch,200,187.8,0.5,0.065,0.152,1.99,0.4,below Mara's slope
P09877,C22,secondary main sewer,branch,200,92.5,0.5,0.029,0.115,2.887,0.1,below Mara's slope
P09878,C17,secondary main sewer,branch,200,71.0,0.5,0.092,0.172,1.69,0.8,below Mara's slope
P09879,C06,secondary main sewer,branch,200,269.0,0.5,0.144,0.199,1.375,1.8,below Mara's slope
P09880,C06,secondary main sewer,branch,200,80.5,0.5,0.1,0.176,1.629,0.9,below Mara's slope
P09881,C22,secondary main sewer,branch,200,144.6,0.5,0.053,0.142,2.185,0.2,below Mara's slope
P09882,C274,secondary main sewer,branch,200,203.4,0.5,0.0,0.0,,0.0,no flow in 2030
P09883,C17,secondary main sewer,branch,200,59.0,0.5,0.127,0.191,1.459,1.5,below Mara's slope
P09884,C22,secondary main sewer,branch,200,65.9,0.5,0.023,0.106,3.232,0.0,below Mara's slope
P09885,C22,secondary main sewer,branch,200,144.9,0.5,0.04,0.129,2.482,0.1,below Mara's slope
P09886,C17,secondary main sewer,branch,200,87.8,2.1,0.048,0.223,2.288,0.2,below Mara's slope
P09887,C22,secondary main sewer,branch,200,159.5,0.5,0.016,0.095,3.735,0.0,below Mara's slope
P09888,C17,secondary main sewer,branch,200,113.1,0.5,0.056,0.145,2.131,0.3,below Mara's slope
P09889,C38,secondary main sewer,branch,200,96.2,0.5,0.082,0.165,1.779,0.7,below Mara's slope
P09890,C22,secondary main sewer,branch,200,142.3,0.5,0.032,0.119,2.77,0.1,below Mara's slope
P09891,C06,secondary main sewer,branch,200,272.1,0.75,0.187,0.249,1.22,2.9,below Mara's slope
P09892,C22,secondary main sewer,branch,200,159.9,0.5,0.017,0.096,3.653,0.0,below Mara's slope
P09893,C22,secondary main sewer,branch,200,64.6,0.5,0.004,0.057,6.994,0.0,below Mara's slope
P09894,C17,secondary main sewer,branch,200,38.2,0.75,0.0,0.0,,0.0,no flow in 2030
P09895,C242,secondary main sewer,branch,200,63.8,0.65,0.0,0.0,,0.0,no flow in 2030
P09896,C22,secondary main sewer,branch,200,77.4,0.5,0.032,0.119,2.77,0.1,below Mara's slope
P09897,C06,secondary main sewer,branch,200,302.0,0.55,0.0,0.0,,0.0,no flow in 2030
P09898,C22,secondary main sewer,branch,200,75.4,0.5,0.032,0.119,2.77,0.1,below Mara's slope
P09899,C22,secondary main sewer,branch,200,63.0,0.5,0.023,0.106,3.212,0.0,below Mara's slope
P09900,C06,secondary main sewer,branch,200,418.4,0.5,0.078,0.162,1.828,0.6,below Mara's slope
P09901,C22,secondary main sewer,branch,200,65.0,0.5,0.004,0.058,6.87,0.0,below Mara's slope
P09902,C06,secondary main sewer,branch,200,553.1,0.5,0.0,0.0,,0.0,no flow in 2030
P09903,C22,secondary main sewer,branch,200,78.6,0.5,0.036,0.125,2.601,0.1,below Mara's slope
P09904,C22,secondary main sewer,branch,200,63.5,0.5,0.005,0.06,6.653,0.0,below Mara's slope
P09905,C22,secondary main sewer,branch,200,89.5,0.5,0.005,0.06,6.653,0.0,below Mara's slope
P09906,C06,secondary main sewer,branch,200,15.5,0.5,0.0,0.0,,0.0,no flow in 2030
P09908,C38,secondary main sewer,branch,200,113.8,0.5,0.05,0.14,2.233,0.2,below Mara's slope
P09909,C22,secondary main sewer,branch,200,159.5,0.5,0.007,0.07,5.47,0.0,below Mara's slope
P09910,C57,secondary main sewer,branch,200,74.4,2.8,0.028,0.204,2.926,0.1,below Mara's slope
P09913,C22,secondary main sewer,branch,200,158.8,0.5,0.005,0.059,6.704,0.0,below Mara's slope
P09914,C282,secondary main sewer,branch,200,168.2,0.85,0.07,0.188,1.916,0.4,below Mara's slope
P09915,C59,secondary main sewer,branch,200,59.3,0.5,0.057,0.146,2.102,0.3,below Mara's slope
P09916,C10,secondary main sewer,branch,200,453.3,0.5,0.02,0.102,3.413,0.0,below Mara's slope
P09917,C22,secondary main sewer,branch,200,62.5,0.5,0.003,0.05,8.138,0.0,below Mara's slope
P09918,C59,secondary main sewer,branch,200,50.3,0.5,0.039,0.129,2.499,0.1,below Mara's slope
P09919,C06,secondary main sewer,branch,200,113.7,0.5,0.112,0.183,1.543,1.2,below Mara's slope
P09920,C57,secondary main sewer,branch,200,1385.7,0.55,0.103,0.184,1.603,1.0,below Mara's slope
P09921,C22,secondary main sewer,branch,200,236.1,0.5,0.052,0.142,2.196,0.2,below Mara's slope
P09922,C22,secondary main sewer,branch,200,68.0,0.5,0.002,0.045,9.392,0.0,below Mara's slope
P09923,C38,secondary main sewer,branch,200,64.0,0.5,0.082,0.165,1.78,0.7,below Mara's slope
P09926,C22,secondary main sewer,branch,200,50.0,3.75,0.015,0.181,3.852,0.0,below Mara's slope
P09927,C38,secondary main sewer,branch,200,98.1,0.5,0.041,0.13,2.464,0.2,below Mara's slope
P09929,C06,secondary main sewer,branch,200,184.8,0.5,0.0,0.0,,0.0,no flow in 2030
P09930,C22,secondary main sewer,branch,200,44.5,9.6,0.0,0.0,,0.0,no flow in 2030
P09931,C06,secondary main sewer,branch,200,242.1,0.5,0.086,0.168,1.74,0.6,below Mara's slope
P09932,C06,secondary main sewer,branch,200,182.5,0.5,0.08,0.164,1.803,0.5,below Mara's slope
P09933,C38,secondary main sewer,branch,200,107.4,0.5,0.127,0.191,1.456,1.5,below Mara's slope
P09934,C38,secondary main sewer,branch,200,59.4,0.5,0.093,0.172,1.679,0.8,below Mara's slope
P09935,C02,secondary main sewer,branch,200,151.1,0.5,0.005,0.06,6.605,0.0,below Mara's slope
P09936,C06,secondary main sewer,branch,200,142.6,0.5,0.171,0.211,1.27,2.4,below Mara's slope
P09937,C06,secondary main sewer,branch,200,53.7,0.75,0.007,0.079,5.562,0.0,below Mara's slope
P09938,C06,secondary main sewer,branch,200,106.3,0.5,0.09,0.17,1.709,0.8,below Mara's slope
P09939,C02,secondary main sewer,branch,200,65.1,0.5,0.003,0.05,8.138,0.0,below Mara's slope
P09940,C06,secondary main sewer,branch,200,429.8,0.5,0.081,0.164,1.798,0.7,below Mara's slope
P09941,C02,secondary main sewer,branch,200,143.2,0.7,0.007,0.076,5.642,0.0,below Mara's slope
P09942,C38,secondary main sewer,branch,200,54.3,0.5,0.053,0.142,2.187,0.2,below Mara's slope
P09943,C02,secondary main sewer,branch,200,71.7,0.8,0.004,0.067,6.994,0.0,below Mara's slope
P09944,C02,secondary main sewer,branch,200,82.7,1.5,0.005,0.088,6.426,0.0,below Mara's slope
P09945,C02,secondary main sewer,branch,200,75.0,0.5,0.005,0.062,6.346,0.0,below Mara's slope
P09946,C32,secondary main sewer,branch,200,69.2,0.5,0.016,0.094,3.767,0.0,below Mara's slope
P09947,C06,secondary main sewer,branch,200,58.2,0.5,0.0,0.0,,0.0,no flow in 2030
P09948,C38,secondary main sewer,branch,200,103.0,0.5,0.157,0.205,1.321,2.1,below Mara's slope
P09949,C02,secondary main sewer,branch,200,236.6,0.5,0.009,0.076,4.955,0.0,below Mara's slope
P09950,C06,secondary main sewer,branch,200,96.7,0.5,0.029,0.115,2.899,0.1,below Mara's slope
P09951,C32,secondary main sewer,branch,200,63.2,0.5,0.016,0.094,3.767,0.0,below Mara's slope
P09952,C02,secondary main sewer,branch,200,75.5,0.5,0.004,0.057,6.994,0.0,below Mara's slope
P09953,C02,secondary main sewer,branch,200,66.2,0.7,0.004,0.064,6.994,0.0,below Mara's slope
P09954,C02,secondary main sewer,branch,200,62.9,0.5,0.004,0.057,6.994,0.0,below Mara's slope
P09955,C38,secondary main sewer,branch,200,395.9,0.5,0.202,0.222,1.178,1.2,below Mara's slope
P09956,C38,secondary main sewer,branch,200,106.4,0.5,0.084,0.166,1.764,0.6,below Mara's slope
P09957,C06,secondary main sewer,branch,200,66.7,1.2,0.043,0.179,2.394,0.2,below Mara's slope
P09958,C48,secondary main sewer,branch,200,380.9,0.5,0.109,0.182,1.563,0.9,below Mara's slope
P09959,C02,secondary main sewer,branch,200,64.1,0.5,0.002,0.043,9.732,0.0,below Mara's slope
P09960,C286,secondary main sewer,branch,200,69.9,0.95,0.0,0.0,,0.0,no flow in 2030
P09961,C02,secondary main sewer,branch,200,94.2,0.65,0.0,0.0,,0.0,no flow in 2030
P09962,C02,secondary main sewer,branch,200,76.6,1.25,0.019,0.136,3.472,0.0,below Mara's slope
P09963,C06,secondary main sewer,branch,200,99.8,0.5,0.041,0.13,2.459,0.2,below Mara's slope
P09964,C02,secondary main sewer,branch,200,60.7,0.5,0.002,0.043,9.732,0.0,below Mara's slope
P09965,C02,secondary main sewer,branch,200,63.4,0.85,0.004,0.068,7.06,0.0,below Mara's slope
P09967,C06,secondary main sewer,branch,200,65.4,0.55,0.038,0.131,2.543,0.1,below Mara's slope
P09968,C06,secondary main sewer,branch,200,63.3,0.5,0.076,0.161,1.843,0.6,below Mara's slope
P09969,C06,secondary main sewer,branch,200,150.8,0.5,0.057,0.146,2.109,0.3,below Mara's slope
P09970,C48,secondary main sewer,branch,200,450.4,0.5,0.109,0.182,1.564,0.9,below Mara's slope
P09971,C06,secondary main sewer,branch,200,74.4,0.5,0.051,0.14,2.227,0.2,below Mara's slope
P09972,C38,secondary main sewer,branch,200,58.2,0.5,0.064,0.152,1.996,0.4,below Mara's slope
P09973,C02,secondary main sewer,branch,200,66.1,0.95,0.017,0.12,3.641,0.0,below Mara's slope
P09974,C32,secondary main sewer,branch,200,189.6,0.5,0.045,0.135,2.342,0.2,below Mara's slope
P09975,C48,secondary main sewer,branch,200,109.8,1.2,0.054,0.193,2.153,0.3,below Mara's slope
P09976,C06,secondary main sewer,branch,200,98.8,0.5,0.104,0.179,1.6,1.0,below Mara's slope
P09977,C06,secondary main sewer,branch,200,458.3,0.55,0.2,0.229,1.183,3.0,below Mara's slope
P09978,C10,secondary main sewer,branch,200,112.1,0.5,0.0,0.0,,0.0,no flow in 2030
P09979,C152,secondary main sewer,branch,200,61.3,2.95,0.0,0.0,,0.0,no flow in 2030
P09980,C32,secondary main sewer,branch,200,68.5,0.5,0.04,0.129,2.488,0.1,below Mara's slope
P09981,C32,secondary main sewer,branch,200,77.8,0.5,0.029,0.115,2.898,0.1,below Mara's slope
P09982,C06,secondary main sewer,branch,200,187.3,0.6,0.085,0.178,1.75,0.6,below Mara's slope
P09983,C06,secondary main sewer,branch,200,136.8,0.5,0.092,0.172,1.687,0.7,below Mara's slope
P09984,C02,secondary main sewer,branch,200,62.6,0.75,0.004,0.066,6.994,0.0,below Mara's slope
P09985,C02,secondary main sewer,branch,200,78.0,1.45,0.017,0.138,3.641,0.0,below Mara's slope
P09986,C02,secondary main sewer,branch,200,72.9,0.5,0.017,0.096,3.658,0.0,below Mara's slope
P09987,C02,secondary main sewer,branch,200,230.0,0.5,0.015,0.093,3.846,0.0,below Mara's slope
P09988,C38,secondary main sewer,branch,200,455.5,0.5,0.191,0.219,1.207,2.7,below Mara's slope
P09989,C02,secondary main sewer,branch,200,150.4,0.8,0.024,0.128,3.112,0.1,below Mara's slope
P09990,C32,secondary main sewer,branch,200,66.3,1.25,0.032,0.163,2.746,0.1,below Mara's slope
P09991,C32,secondary main sewer,branch,200,231.5,0.5,0.072,0.158,1.892,0.4,below Mara's slope
P09992,C48,secondary main sewer,branch,200,218.4,0.5,0.074,0.159,1.869,0.5,below Mara's slope
P09993,C02,secondary main sewer,branch,200,74.8,0.9,0.005,0.072,6.704,0.0,below Mara's slope
P09994,C02,secondary main sewer,branch,200,63.3,0.7,0.005,0.069,6.346,0.0,below Mara's slope
P09995,C32,secondary main sewer,branch,200,164.1,0.5,0.044,0.134,2.375,0.2,below Mara's slope
P09996,C02,secondary main sewer,branch,200,93.8,0.5,0.01,0.078,4.774,0.0,below Mara's slope
P09997,C06,secondary main sewer,branch,200,123.8,0.55,0.0,0.0,,0.0,no flow in 2030
P09998,C32,secondary main sewer,branch,200,66.0,0.5,0.032,0.12,2.746,0.1,below Mara's slope
P10000,C02,secondary main sewer,branch,200,55.8,1.0,0.017,0.122,3.634,0.0,below Mara's slope
P10001,C02,secondary main sewer,branch,200,64.6,0.5,0.017,0.097,3.641,0.0,below Mara's slope
P10002,C32,secondary main sewer,branch,200,245.4,0.55,0.052,0.146,2.196,0.2,below Mara's slope
P10003,C02,secondary main sewer,branch,200,134.9,1.05,0.024,0.14,3.117,0.1,below Mara's slope
P10004,C02,secondary main sewer,branch,200,93.7,0.5,0.019,0.1,3.467,0.0,below Mara's slope
P10005,C06,secondary main sewer,branch,200,171.6,0.5,0.199,0.221,1.184,3.2,below Mara's slope
P10006,C02,secondary main sewer,branch,200,311.6,0.8,0.007,0.082,5.435,0.0,below Mara's slope
P10007,C02,secondary main sewer,branch,200,66.2,1.95,0.002,0.068,9.732,0.0,below Mara's slope
P10008,C32,secondary main sewer,branch,200,84.0,0.5,0.036,0.125,2.601,0.1,below Mara's slope
P10009,C02,secondary main sewer,branch,200,63.1,0.85,0.004,0.068,6.994,0.0,below Mara's slope
P10010,C06,secondary main sewer,branch,200,565.9,0.5,0.314,0.257,0.959,6.9,below Mara's slope
P10011,C06,secondary main sewer,branch,200,60.3,0.5,0.076,0.161,1.843,0.6,below Mara's slope
P10012,C32,secondary main sewer,branch,200,314.6,0.5,0.084,0.167,1.759,0.6,below Mara's slope
P10014,C02,secondary main sewer,branch,200,155.5,0.75,0.004,0.065,7.06,0.0,below Mara's slope
P10015,C02,secondary main sewer,branch,200,72.2,0.5,0.021,0.104,3.312,0.1,below Mara's slope
P10016,C02,secondary main sewer,branch,200,59.2,0.5,0.015,0.092,3.901,0.0,below Mara's slope
P10017,C02,secondary main sewer,branch,200,75.0,0.6,0.005,0.063,6.704,0.0,below Mara's slope
P10018,C02,secondary main sewer,branch,200,75.0,0.5,0.005,0.062,6.346,0.0,below Mara's slope
P10019,C06,secondary main sewer,branch,200,325.1,0.5,0.212,0.226,1.15,3.7,below Mara's slope
P10020,C02,secondary main sewer,branch,200,145.6,0.8,0.007,0.083,5.401,0.0,below Mara's slope
P10021,C02,secondary main sewer,branch,200,63.6,0.5,0.02,0.101,3.446,0.0,below Mara's slope
P10022,C02,secondary main sewer,branch,200,191.4,0.5,0.031,0.118,2.803,0.1,below Mara's slope
P10023,C163,secondary main sewer,branch,200,416.3,0.5,0.0,0.0,,0.0,no flow in 2030
P10024,C02,secondary main sewer,branch,200,64.3,0.5,0.002,0.043,9.732,0.0,below Mara's slope
P10025,C02,secondary main sewer,branch,200,148.4,0.9,0.032,0.146,2.758,0.1,below Mara's slope
P10026,C02,secondary main sewer,branch,200,146.1,0.8,0.007,0.083,5.401,0.0,below Mara's slope
P10027,C02,secondary main sewer,branch,200,59.7,0.5,0.015,0.092,3.901,0.0,below Mara's slope
P10028,C02,secondary main sewer,branch,200,91.9,0.75,0.026,0.128,3.02,0.1,below Mara's slope
P10029,C02,secondary main sewer,branch,200,88.8,0.5,0.02,0.101,3.446,0.0,below Mara's slope
P10030,C02,secondary main sewer,branch,200,71.0,0.6,0.004,0.061,6.994,0.0,below Mara's slope
P10031,C06,secondary main sewer,branch,200,34.4,0.65,0.032,0.131,2.757,0.1,below Mara's slope
P10032,C02,secondary main sewer,branch,200,80.0,0.55,0.013,0.09,4.148,0.0,below Mara's slope
P10033,C02,secondary main sewer,branch,200,93.4,2.0,0.015,0.144,3.951,0.0,below Mara's slope
P10034,C02,secondary main sewer,branch,200,75.3,0.5,0.015,0.092,3.886,0.0,below Mara's slope
P10036,C06,secondary main sewer,branch,200,34.3,0.6,0.083,0.177,1.769,0.7,below Mara's slope
P10037,C02,secondary main sewer,branch,200,143.1,0.7,0.008,0.08,5.322,0.0,below Mara's slope
P10038,C02,secondary main sewer,branch,200,99.5,0.5,0.02,0.101,3.446,0.0,below Mara's slope
P10039,C02,secondary main sewer,branch,200,246.1,0.75,0.009,0.089,4.818,0.0,below Mara's slope
P10040,C16,secondary main sewer,branch,200,65.3,0.8,0.027,0.132,2.994,0.1,below Mara's slope
P10041,C02,secondary main sewer,branch,200,239.1,0.5,0.042,0.131,2.428,0.2,below Mara's slope
P10042,C02,secondary main sewer,branch,200,64.3,0.5,0.012,0.086,4.254,0.0,below Mara's slope
P10043,C02,secondary main sewer,branch,200,499.7,0.7,0.014,0.101,3.967,0.0,below Mara's slope
P10044,C02,secondary main sewer,branch,200,142.8,3.6,0.005,0.117,6.426,0.0,below Mara's slope
P10045,C02,secondary main sewer,branch,200,64.7,0.5,0.004,0.057,6.994,0.0,below Mara's slope
P10046,C02,secondary main sewer,branch,200,65.3,0.5,0.004,0.057,6.994,0.0,below Mara's slope
P10047,C02,secondary main sewer,branch,200,66.2,0.5,0.004,0.057,6.994,0.0,below Mara's slope
P10048,C02,secondary main sewer,branch,200,67.2,0.5,0.005,0.06,6.605,0.0,below Mara's slope
P10049,C02,secondary main sewer,branch,200,232.6,0.65,0.009,0.085,4.818,0.0,below Mara's slope
P10050,C06,secondary main sewer,branch,200,184.4,0.6,0.112,0.195,1.543,1.2,below Mara's slope
P10051,C02,secondary main sewer,branch,200,168.3,0.55,0.032,0.123,2.758,0.1,below Mara's slope
P10052,C02,secondary main sewer,branch,200,74.6,0.6,0.005,0.063,6.704,0.0,below Mara's slope
P10053,C06,secondary main sewer,branch,200,89.8,0.5,0.112,0.183,1.543,1.2,below Mara's slope
P10054,C07,secondary main sewer,branch,200,48.5,0.5,0.0,0.0,,0.0,no flow in 2030
P10055,C16,secondary main sewer,branch,200,147.2,0.9,0.092,0.21,1.692,0.7,below Mara's slope
P10056,C16,secondary main sewer,branch,200,172.3,2.7,0.024,0.192,3.115,0.1,below Mara's slope
P10057,C02,secondary main sewer,branch,200,82.4,0.6,0.021,0.111,3.312,0.1,below Mara's slope
P10058,C07,secondary main sewer,branch,200,93.7,0.5,0.012,0.086,4.254,0.0,below Mara's slope
P10059,C16,secondary main sewer,branch,200,53.2,0.75,0.042,0.15,2.44,0.2,below Mara's slope
P10060,C02,secondary main sewer,branch,200,40.0,8.05,0.003,0.122,8.29,0.0,below Mara's slope
P10061,C02,secondary main sewer,branch,200,161.1,0.75,0.023,0.123,3.192,0.1,below Mara's slope
P10062,C02,secondary main sewer,branch,200,66.1,0.5,0.022,0.104,3.299,0.1,below Mara's slope
P10063,C02,secondary main sewer,branch,200,343.5,0.55,0.014,0.092,4.047,0.0,below Mara's slope
P10064,C02,secondary main sewer,branch,200,144.8,0.5,0.005,0.062,6.346,0.0,below Mara's slope
P10065,C02,secondary main sewer,branch,200,62.9,0.6,0.004,0.061,6.994,0.0,below Mara's slope
P10066,C06,secondary main sewer,branch,200,199.7,0.65,0.19,0.239,1.209,3.0,below Mara's slope
P10067,C27,secondary main sewer,branch,200,359.7,0.5,0.197,0.221,1.189,3.1,below Mara's slope
P10068,C06,secondary main sewer,branch,200,153.0,0.5,0.0,0.0,,0.0,no flow in 2030
P10069,C02,secondary main sewer,branch,200,64.6,0.65,0.009,0.083,4.944,0.0,below Mara's slope
P10070,C02,secondary main sewer,branch,200,235.8,0.5,0.0,0.0,,0.0,no flow in 2030
P10071,C16,secondary main sewer,branch,200,132.3,0.75,0.074,0.183,1.872,0.5,below Mara's slope
P10072,C06,secondary main sewer,branch,200,218.6,0.5,0.112,0.183,1.543,1.2,below Mara's slope
P10073,C02,secondary main sewer,branch,200,62.0,0.65,0.004,0.059,7.547,0.0,below Mara's slope
P10074,C16,secondary main sewer,branch,200,79.4,0.8,0.069,0.183,1.934,0.4,below Mara's slope
P10075,C02,secondary main sewer,branch,200,55.6,0.7,0.002,0.048,9.732,0.0,below Mara's slope
P10076,C07,secondary main sewer,branch,200,129.1,0.5,0.002,0.04,10.689,0.0,below Mara's slope
P10077,C16,secondary main sewer,branch,200,101.0,0.75,0.112,0.211,1.543,1.2,below Mara's slope
P10078,C07,secondary main sewer,branch,200,106.6,1.15,0.004,0.071,7.547,0.0,below Mara's slope
P10079,C02,secondary main sewer,branch,200,131.0,0.5,0.004,0.058,6.87,0.0,below Mara's slope
P10080,C07,secondary main sewer,branch,200,80.3,0.5,0.006,0.067,5.752,0.0,below Mara's slope
P10081,C07,secondary main sewer,branch,200,86.2,0.7,0.021,0.117,3.305,0.1,below Mara's slope
P10082,C07,secondary main sewer,branch,200,63.3,0.6,0.0,0.0,,0.0,no flow in 2030
P10083,C16,secondary main sewer,branch,200,71.1,0.55,0.044,0.138,2.385,0.2,below Mara's slope
P10084,C16,secondary main sewer,branch,200,260.6,1.45,0.051,0.202,2.21,0.2,below Mara's slope
P10085,C02,secondary main sewer,branch,200,79.6,0.5,0.004,0.057,6.994,0.0,below Mara's slope
P10086,C02,secondary main sewer,branch,200,61.1,0.6,0.004,0.061,6.994,0.0,below Mara's slope
P10087,C02,secondary main sewer,branch,200,159.6,0.5,0.003,0.049,8.459,0.0,below Mara's slope
P10088,C02,secondary main sewer,branch,200,148.1,0.5,0.032,0.119,2.758,0.1,below Mara's slope
P10089,C02,secondary main sewer,branch,200,62.7,0.7,0.017,0.108,3.641,0.0,below Mara's slope
P10090,C16,secondary main sewer,branch,200,135.9,0.65,0.115,0.202,1.528,1.1,below Mara's slope
P10091,C02,secondary main sewer,branch,200,61.6,0.5,0.017,0.097,3.641,0.0,below Mara's slope
P10092,C02,secondary main sewer,branch,200,96.3,0.5,0.004,0.057,7.06,0.0,below Mara's slope
P10093,C16,secondary main sewer,branch,200,80.5,0.65,0.064,0.166,2.003,0.4,below Mara's slope
P10094,C07,secondary main sewer,branch,200,51.8,0.5,0.0,0.0,,0.0,no flow in 2030
P10095,C16,secondary main sewer,branch,200,100.6,0.5,0.096,0.174,1.657,0.9,below Mara's slope
P10096,C07,secondary main sewer,branch,200,78.4,0.6,0.023,0.114,3.181,0.1,below Mara's slope
P10097,C07,secondary main sewer,branch,200,188.2,0.5,0.035,0.124,2.632,0.1,below Mara's slope
P10098,C07,secondary main sewer,branch,200,67.6,0.5,0.017,0.097,3.641,0.0,below Mara's slope
P10099,C07,secondary main sewer,branch,200,33.7,0.5,0.016,0.095,3.737,0.0,below Mara's slope
P10100,C07,secondary main sewer,branch,200,395.2,0.5,0.071,0.157,1.911,0.4,below Mara's slope
P10101,C02,secondary main sewer,branch,200,246.0,0.5,0.01,0.078,4.774,0.0,below Mara's slope
P10102,C02,secondary main sewer,branch,200,144.6,0.5,0.032,0.119,2.758,0.1,below Mara's slope
P10103,C02,secondary main sewer,branch,200,61.8,0.65,0.017,0.106,3.641,0.0,below Mara's slope
P10104,C07,secondary main sewer,branch,200,73.2,0.6,0.014,0.095,4.051,0.0,below Mara's slope
P10105,C02,secondary main sewer,branch,200,14.1,0.7,0.003,0.059,7.648,0.0,below Mara's slope
P10106,C07,secondary main sewer,branch,200,74.7,0.5,0.072,0.158,1.891,0.7,below Mara's slope
P10107,C07,secondary main sewer,branch,200,71.5,0.65,0.015,0.1,3.926,0.0,below Mara's slope
P10108,C16,secondary main sewer,branch,200,81.5,0.5,0.154,0.203,1.335,2.1,below Mara's slope
P10109,C16,secondary main sewer,branch,200,220.9,0.65,0.223,0.252,1.124,3.8,below Mara's slope
P10110,C06,secondary main sewer,branch,200,128.9,0.5,0.046,0.135,2.33,0.2,below Mara's slope
P10111,C02,secondary main sewer,branch,200,148.0,0.55,0.032,0.123,2.758,0.1,below Mara's slope
P10112,C07,secondary main sewer,branch,200,199.2,0.55,0.0,0.0,,0.0,no flow in 2030
P10113,C16,secondary main sewer,branch,200,146.5,1.0,0.071,0.199,1.901,0.4,below Mara's slope
P10114,C16,secondary main sewer,branch,200,202.2,0.55,0.187,0.224,1.22,2.7,below Mara's slope
P10115,C07,secondary main sewer,branch,200,63.4,0.55,0.02,0.104,3.446,0.0,below Mara's slope
P10116,C06,secondary main sewer,branch,200,272.1,0.5,0.167,0.209,1.284,2.4,below Mara's slope
P10117,C07,secondary main sewer,branch,200,62.7,0.5,0.017,0.097,3.641,0.0,below Mara's slope
P10118,C07,secondary main sewer,branch,200,64.9,0.5,0.022,0.104,3.299,0.1,below Mara's slope
P10119,C07,secondary main sewer,branch,200,157.8,0.5,0.029,0.116,2.874,0.1,below Mara's slope
P10120,C07,secondary main sewer,branch,200,75.1,0.5,0.017,0.097,3.641,0.0,below Mara's slope
P10121,C16,secondary main sewer,branch,200,61.6,0.5,0.081,0.164,1.792,0.7,below Mara's slope
P10122,C07,secondary main sewer,branch,200,75.3,1.0,0.019,0.127,3.472,0.0,below Mara's slope
P10123,C02,secondary main sewer,branch,200,142.9,1.75,0.005,0.095,6.271,0.0,below Mara's slope
P10124,C02,secondary main sewer,branch,200,75.0,0.5,0.017,0.096,3.649,0.0,below Mara's slope
P10125,C02,secondary main sewer,branch,200,67.2,0.5,0.017,0.097,3.641,0.0,below Mara's slope
P10126,C07,secondary main sewer,branch,200,75.7,0.5,0.017,0.097,3.641,0.0,below Mara's slope
P10127,C07,secondary main sewer,branch,200,65.0,0.5,0.02,0.101,3.446,0.0,below Mara's slope
P10128,C02,secondary main sewer,branch,200,79.4,0.65,0.02,0.11,3.446,0.0,below Mara's slope
P10129,C07,secondary main sewer,branch,200,158.1,0.8,0.014,0.104,4.036,0.0,below Mara's slope
P10130,C07,secondary main sewer,branch,200,140.0,0.5,0.02,0.101,3.449,0.0,below Mara's slope
P10131,C07,secondary main sewer,branch,200,231.5,0.5,0.05,0.14,2.24,0.2,below Mara's slope
P10132,C02,secondary main sewer,branch,200,361.4,0.5,0.078,0.162,1.829,0.6,below Mara's slope
P10133,C07,secondary main sewer,branch,200,67.0,0.55,0.012,0.088,4.254,0.0,below Mara's slope
P10134,C16,secondary main sewer,branch,200,71.5,0.55,0.125,0.196,1.469,1.4,below Mara's slope
P10136,C02,secondary main sewer,branch,200,229.7,0.55,0.041,0.135,2.453,0.2,below Mara's slope
P10137,C16,secondary main sewer,branch,200,62.4,0.5,0.116,0.185,1.521,1.3,below Mara's slope
P10138,C16,secondary main sewer,branch,200,96.9,0.85,0.043,0.159,2.391,0.2,below Mara's slope
P10139,C07,secondary main sewer,branch,200,63.4,0.5,0.016,0.093,3.816,0.0,below Mara's slope
P10140,C07,secondary main sewer,branch,200,69.5,0.5,0.017,0.097,3.641,0.0,below Mara's slope
P10141,C02,secondary main sewer,branch,200,316.2,0.55,0.023,0.11,3.191,0.1,below Mara's slope
P10142,C02,secondary main sewer,branch,200,67.7,0.5,0.017,0.096,3.649,0.0,below Mara's slope
P10143,C07,secondary main sewer,branch,200,61.3,0.5,0.009,0.076,4.976,0.0,below Mara's slope
P10144,C07,secondary main sewer,branch,200,89.8,1.0,0.02,0.127,3.446,0.0,below Mara's slope
P10145,C02,secondary main sewer,branch,200,68.6,0.5,0.02,0.101,3.446,0.0,below Mara's slope
P10146,C06,secondary main sewer,branch,200,1588.0,0.5,0.412,0.28,0.847,8.8,below Mara's slope
P10147,C07,secondary main sewer,branch,200,65.9,0.5,0.017,0.097,3.641,0.0,below Mara's slope
P10148,C07,secondary main sewer,branch,200,64.6,0.75,0.017,0.111,3.641,0.0,below Mara's slope
P10149,C16,secondary main sewer,branch,200,105.6,0.5,0.125,0.19,1.468,1.4,below Mara's slope
P10150,C06,secondary main sewer,branch,200,248.5,0.5,0.26,0.242,1.047,5.1,below Mara's slope
P10151,C07,secondary main sewer,branch,200,62.0,0.5,0.017,0.097,3.634,0.0,below Mara's slope
P10152,C07,secondary main sewer,branch,200,64.0,0.5,0.02,0.101,3.446,0.0,below Mara's slope
P10153,C07,secondary main sewer,branch,200,75.5,0.55,0.019,0.103,3.472,0.0,below Mara's slope
P10154,C291,secondary main sewer,branch,200,122.9,0.5,0.076,0.161,1.843,0.6,below Mara's slope
P10155,C16,secondary main sewer,branch,200,152.1,0.75,0.147,0.23,1.364,1.8,below Mara's slope
P10156,C02,secondary main sewer,branch,200,227.5,0.5,0.007,0.069,5.622,0.0,below Mara's slope
P10157,C02,secondary main sewer,branch,200,142.5,0.5,0.008,0.072,5.322,0.0,below Mara's slope
P10158,C07,secondary main sewer,branch,200,34.5,0.75,0.002,0.051,9.392,0.0,below Mara's slope
P10159,C27,secondary main sewer,branch,200,262.6,0.55,0.351,0.275,0.912,3.7,below Mara's slope
P10160,C06,secondary main sewer,branch,200,235.7,0.5,0.112,0.183,1.543,1.2,below Mara's slope
P10161,C07,secondary main sewer,branch,200,144.9,0.5,0.032,0.119,2.758,0.1,below Mara's slope
P10162,C07,secondary main sewer,branch,200,78.5,0.7,0.02,0.113,3.446,0.0,below Mara's slope
P10163,C16,secondary main sewer,branch,200,202.5,0.7,0.136,0.219,1.411,1.5,below Mara's slope
P10164,C16,secondary main sewer,branch,200,185.5,0.55,0.072,0.163,1.897,0.4,below Mara's slope
P10165,C27,secondary main sewer,branch,200,84.4,0.5,0.026,0.111,3.026,0.1,below Mara's slope
P10166,C06,secondary main sewer,branch,200,38.6,1.45,0.0,0.0,,0.0,no flow in 2030
P10167,C02,secondary main sewer,branch,200,229.5,0.65,0.009,0.085,4.818,0.0,below Mara's slope
P10168,C27,secondary main sewer,branch,200,68.6,0.5,0.04,0.13,2.469,0.2,below Mara's slope
P10169,C07,secondary main sewer,branch,200,77.8,0.7,0.021,0.116,3.312,0.1,below Mara's slope
P10170,C07,secondary main sewer,branch,200,84.8,0.5,0.0,0.0,,0.0,no flow in 2030
P10171,C02,secondary main sewer,branch,200,153.5,0.5,0.008,0.071,5.337,0.0,below Mara's slope
P10172,C02,secondary main sewer,branch,200,232.6,0.5,0.04,0.129,2.487,0.2,below Mara's slope
P10173,C02,secondary main sewer,branch,200,65.5,0.6,0.017,0.103,3.641,0.0,below Mara's slope
P10174,C27,secondary main sewer,branch,200,69.7,0.5,0.167,0.209,1.284,2.4,below Mara's slope
P10175,C16,secondary main sewer,branch,200,73.1,0.5,0.167,0.209,1.284,2.4,below Mara's slope
P10176,C27,secondary main sewer,branch,200,16.2,0.5,0.113,0.184,1.54,1.2,below Mara's slope
P10177,C07,secondary main sewer,branch,200,65.9,0.5,0.017,0.097,3.641,0.0,below Mara's slope
P10178,C02,secondary main sewer,branch,200,245.4,0.5,0.026,0.111,3.027,0.1,below Mara's slope
P10179,C27,secondary main sewer,branch,200,17.7,0.5,0.0,0.0,,0.0,no flow in 2030
P10180,C02,secondary main sewer,branch,200,74.9,0.5,0.005,0.062,6.386,0.0,below Mara's slope
P10181,C07,secondary main sewer,branch,200,63.1,0.5,0.017,0.097,3.641,0.0,below Mara's slope
P10182,C07,secondary main sewer,branch,200,145.8,0.5,0.031,0.118,2.807,0.1,below Mara's slope
P10183,C07,secondary main sewer,branch,200,72.3,0.5,0.019,0.1,3.472,0.0,below Mara's slope
P10184,C02,secondary main sewer,branch,200,75.9,0.5,0.017,0.097,3.641,0.0,below Mara's slope
P10185,C16,secondary main sewer,branch,200,60.2,0.5,0.19,0.218,1.209,3.0,below Mara's slope
P10186,C27,secondary main sewer,branch,200,45.8,1.2,0.048,0.185,2.291,0.0,below Mara's slope
P10187,C07,secondary main sewer,branch,200,146.4,0.5,0.031,0.118,2.807,0.1,below Mara's slope
P10188,C27,secondary main sewer,branch,200,94.6,0.6,0.141,0.211,1.387,1.8,below Mara's slope
P10189,C06,secondary main sewer,branch,200,73.1,0.9,0.233,0.285,1.101,4.3,below Mara's slope
P10190,C07,secondary main sewer,branch,200,74.6,0.5,0.017,0.097,3.641,0.0,below Mara's slope
P10191,C07,secondary main sewer,branch,200,62.0,0.5,0.02,0.101,3.446,0.0,below Mara's slope
P10192,C27,secondary main sewer,branch,200,26.6,0.5,0.112,0.183,1.543,1.2,below Mara's slope
P10193,C27,secondary main sewer,branch,200,127.4,0.55,0.281,0.256,1.011,5.5,below Mara's slope
P10194,C27,secondary main sewer,branch,200,58.1,0.65,0.197,0.242,1.19,0.0,below Mara's slope
P10195,C02,secondary main sewer,branch,200,79.9,0.5,0.01,0.078,4.774,0.0,below Mara's slope
P10196,C07,secondary main sewer,branch,200,65.7,0.8,0.02,0.118,3.446,0.0,below Mara's slope
P10197,C07,secondary main sewer,branch,200,63.6,0.65,0.02,0.11,3.446,0.0,below Mara's slope
P10198,C16,secondary main sewer,branch,200,252.9,0.6,0.17,0.224,1.273,2.4,below Mara's slope
P10199,C02,secondary main sewer,branch,200,222.1,0.55,0.024,0.112,3.137,0.1,below Mara's slope
P10200,C27,secondary main sewer,branch,200,34.0,0.5,0.137,0.196,1.409,1.2,below Mara's slope
P10201,C65,secondary main sewer,branch,200,236.2,0.5,0.465,0.291,0.801,11.1,below Mara's slope
P10202,C06,secondary main sewer,branch,200,88.3,0.65,0.233,0.255,1.101,4.3,below Mara's slope
P10203,C16,secondary main sewer,branch,200,342.7,0.5,0.401,0.278,0.858,9.5,below Mara's slope
P10204,C16,secondary main sewer,branch,200,112.4,0.5,0.229,0.232,1.11,2.5,below Mara's slope
P10205,C27,secondary main sewer,branch,200,35.5,0.5,0.238,0.235,1.09,3.7,below Mara's slope
P10206,C06,secondary main sewer,branch,200,21.5,2.4,0.0,0.0,,0.0,no flow in 2030
P10207,C27,secondary main sewer,branch,200,29.3,0.5,0.138,0.196,1.402,1.2,below Mara's slope
P10208,C07,secondary main sewer,branch,200,74.3,0.5,0.017,0.097,3.641,0.0,below Mara's slope
P10210,C07,secondary main sewer,branch,200,65.9,0.6,0.02,0.107,3.446,0.0,below Mara's slope
P10212,C06,secondary main sewer,branch,200,34.4,0.95,0.0,0.0,,0.0,no flow in 2030
P10213,C07,secondary main sewer,branch,200,76.4,0.5,0.017,0.097,3.641,0.0,below Mara's slope
P10214,C16,secondary main sewer,branch,200,18.5,1.55,0.0,0.0,,0.0,no flow in 2030
P10215,C16,secondary main sewer,branch,200,60.1,1.5,0.006,0.093,6.071,0.0,below Mara's slope
P10216,C07,secondary main sewer,branch,200,74.5,0.5,0.017,0.097,3.641,0.0,below Mara's slope
P10217,C07,secondary main sewer,branch,200,62.9,0.55,0.012,0.088,4.254,0.0,below Mara's slope
P10218,C06,secondary main sewer,branch,200,10.0,0.5,0.0,0.0,,0.0,no flow in 2030
P10219,C16,secondary main sewer,branch,200,33.5,0.95,0.076,0.201,1.843,0.6,below Mara's slope
P10220,C16,secondary main sewer,branch,200,29.8,0.75,0.0,0.0,,0.0,no flow in 2030
P10221,C07,secondary main sewer,branch,200,230.4,0.5,0.0,0.0,,0.0,no flow in 2030
P10222,C27,secondary main sewer,branch,200,115.1,0.5,0.0,0.0,,0.0,no flow in 2030
P10223,C27,secondary main sewer,branch,200,80.3,0.5,0.112,0.183,1.543,1.2,below Mara's slope
P10224,C16,secondary main sewer,branch,200,67.6,0.5,0.179,0.214,1.244,1.2,below Mara's slope
P10225,C16,secondary main sewer,branch,200,28.0,0.5,0.112,0.183,1.543,1.2,below Mara's slope
P10226,C16,secondary main sewer,branch,200,32.6,0.5,0.197,0.221,1.19,0.0,below Mara's slope
P10227,C27,secondary main sewer,branch,200,81.2,0.5,0.082,0.165,1.778,0.7,below Mara's slope
P10228,C07,secondary main sewer,branch,200,77.5,0.65,0.019,0.11,3.472,0.0,below Mara's slope
P10229,C02,secondary main sewer,branch,200,64.5,0.5,0.017,0.097,3.641,0.0,below Mara's slope
P10230,C16,secondary main sewer,branch,200,47.6,1.0,0.112,0.232,1.542,1.2,below Mara's slope
P10231,C07,secondary main sewer,branch,200,63.2,0.6,0.009,0.08,5.02,0.0,below Mara's slope
P10232,C07,secondary main sewer,branch,200,73.2,0.7,0.0,0.0,,0.0,no flow in 2030
P10233,C16,secondary main sewer,branch,200,53.3,0.5,0.003,0.051,8.0,0.0,below Mara's slope
P10234,C07,secondary main sewer,branch,200,21.0,0.5,0.002,0.045,9.392,0.0,below Mara's slope
P10236,C80,secondary main sewer,branch,200,557.9,0.5,0.0,0.0,,0.0,no flow in 2030
P10237,C07,secondary main sewer,branch,200,72.7,0.6,0.021,0.111,3.312,0.1,below Mara's slope
P10238,C16,secondary main sewer,branch,200,127.2,0.55,0.02,0.106,3.378,0.0,below Mara's slope
P10239,C07,secondary main sewer,branch,200,146.9,0.5,0.031,0.118,2.807,0.1,below Mara's slope
P10240,C07,secondary main sewer,branch,200,63.7,0.5,0.017,0.097,3.641,0.0,below Mara's slope
P10241,C07,secondary main sewer,branch,200,65.5,0.65,0.017,0.106,3.641,0.0,below Mara's slope
P10242,C16,secondary main sewer,branch,200,69.5,0.65,0.394,0.302,0.865,7.3,below Mara's slope
P10243,C16,secondary main sewer,branch,200,31.6,0.5,0.0,0.0,,0.0,no flow in 2030
P10244,C07,secondary main sewer,branch,200,62.1,0.6,0.002,0.047,9.392,0.0,below Mara's slope
P10245,C16,secondary main sewer,branch,200,163.9,0.5,0.0,0.0,,0.0,no flow in 2030
P10246,C07,secondary main sewer,branch,200,62.4,0.65,0.017,0.106,3.641,0.0,below Mara's slope
P10248,C02,secondary main sewer,branch,200,252.3,0.5,0.042,0.132,2.422,0.2,below Mara's slope
P10249,C07,secondary main sewer,branch,200,76.1,0.5,0.019,0.1,3.472,0.0,below Mara's slope
P10250,C16,secondary main sewer,branch,200,141.4,0.5,0.116,0.185,1.521,1.3,below Mara's slope
P10251,C07,secondary main sewer,branch,200,75.2,0.9,0.071,0.193,1.899,0.6,below Mara's slope
P10252,C07,secondary main sewer,branch,200,74.6,0.65,0.017,0.106,3.641,0.0,below Mara's slope
P10253,C02,secondary main sewer,branch,200,65.6,0.5,0.017,0.097,3.641,0.0,below Mara's slope
P10254,C16,secondary main sewer,branch,200,55.1,0.5,0.032,0.119,2.757,0.1,below Mara's slope
P10255,C16,secondary main sewer,branch,200,69.3,0.5,0.172,0.211,1.268,0.7,below Mara's slope
P10256,C07,secondary main sewer,branch,200,149.9,0.5,0.02,0.101,3.429,0.0,below Mara's slope
P10257,C02,secondary main sewer,branch,200,122.4,0.95,0.018,0.12,3.626,0.0,below Mara's slope
P10258,C02,secondary main sewer,branch,200,240.0,0.5,0.022,0.105,3.257,0.1,below Mara's slope
P10259,C07,secondary main sewer,branch,200,65.6,0.55,0.017,0.1,3.641,0.0,below Mara's slope
P10260,C07,secondary main sewer,branch,200,160.5,0.55,0.025,0.113,3.094,0.1,below Mara's slope
P10261,C07,secondary main sewer,branch,200,80.7,0.5,0.02,0.101,3.446,0.0,below Mara's slope
P10262,C16,secondary main sewer,branch,200,80.4,0.5,0.12,0.187,1.498,1.3,below Mara's slope
P10263,C16,secondary main sewer,branch,200,103.0,0.9,0.278,0.302,1.015,0.8,below Mara's slope
P10264,C06,secondary main sewer,branch,200,254.6,0.5,0.272,0.245,1.025,5.0,below Mara's slope
P10266,C02,secondary main sewer,branch,200,131.1,0.5,0.03,0.117,2.848,0.1,below Mara's slope
P10267,C07,secondary main sewer,branch,200,145.6,0.55,0.023,0.111,3.183,0.1,below Mara's slope
P10268,C02,secondary main sewer,branch,200,133.2,2.75,0.018,0.171,3.628,0.0,below Mara's slope
P10269,C02,secondary main sewer,branch,200,52.1,0.5,0.0,0.0,,0.0,no flow in 2030
P10270,C07,secondary main sewer,branch,200,315.1,0.5,0.085,0.167,1.75,0.8,below Mara's slope
P10271,C07,secondary main sewer,branch,200,63.6,0.5,0.009,0.076,4.944,0.0,below Mara's slope
P10272,C07,secondary main sewer,branch,200,227.3,0.55,0.032,0.124,2.75,0.1,below Mara's slope
P10273,C07,secondary main sewer,branch,200,159.9,0.9,0.033,0.148,2.714,0.1,below Mara's slope
P10274,C07,secondary main sewer,branch,200,77.4,1.1,0.017,0.126,3.641,0.0,below Mara's slope
P10275,C02,secondary main sewer,branch,200,75.2,0.65,0.017,0.105,3.668,0.0,below Mara's slope
P10276,C02,secondary main sewer,branch,200,227.7,0.5,0.031,0.118,2.8,0.1,below Mara's slope
P10277,C87,secondary main sewer,branch,200,87.2,0.5,0.17,0.21,1.274,2.5,below Mara's slope
P10278,C07,secondary main sewer,branch,200,78.5,0.5,0.009,0.076,4.944,0.0,below Mara's slope
P10279,C07,secondary main sewer,branch,200,73.1,0.5,0.017,0.097,3.641,0.0,below Mara's slope
P10280,C133,secondary main sewer,branch,200,289.9,0.5,0.061,0.149,2.051,0.3,below Mara's slope
P10281,C07,secondary main sewer,branch,200,62.6,0.5,0.02,0.101,3.446,0.0,below Mara's slope
P10282,C87,secondary main sewer,branch,200,10.0,0.5,0.0,0.0,,0.0,no flow in 2030
P10283,C87,secondary main sewer,branch,200,29.3,0.95,0.076,0.201,1.843,0.6,below Mara's slope
P10284,C04,secondary main sewer,branch,200,144.1,0.7,0.053,0.16,2.175,0.3,below Mara's slope
P10285,C07,secondary main sewer,branch,200,77.9,0.5,0.017,0.097,3.641,0.0,below Mara's slope
P10286,C02,secondary main sewer,branch,200,169.0,0.5,0.033,0.121,2.705,0.1,below Mara's slope
P10287,C02,secondary main sewer,branch,200,146.2,0.5,0.077,0.161,1.838,0.7,below Mara's slope
P10288,C87,secondary main sewer,branch,200,53.8,0.5,0.156,0.204,1.325,1.9,below Mara's slope
P10289,C07,secondary main sewer,branch,200,67.8,0.5,0.022,0.104,3.295,0.1,below Mara's slope
P10290,C02,secondary main sewer,branch,200,242.4,0.5,0.038,0.127,2.535,0.2,below Mara's slope
P10291,C87,secondary main sewer,branch,200,286.4,0.5,0.19,0.218,1.209,3.0,below Mara's slope
P10292,C02,secondary main sewer,branch,200,88.5,0.5,0.022,0.104,3.295,0.1,below Mara's slope
P10293,C02,secondary main sewer,branch,200,64.8,0.65,0.013,0.096,4.132,0.0,below Mara's slope
P10294,C07,secondary main sewer,branch,200,78.9,1.75,0.015,0.139,3.901,0.0,below Mara's slope
P10295,C02,secondary main sewer,branch,200,93.3,0.5,0.015,0.091,3.926,0.0,below Mara's slope
P10296,C04,secondary main sewer,branch,200,212.7,0.6,0.16,0.219,1.311,2.1,below Mara's slope
P10297,C02,secondary main sewer,branch,200,243.6,0.5,0.039,0.128,2.525,0.2,below Mara's slope
P10298,C07,secondary main sewer,branch,200,74.9,0.65,0.019,0.11,3.472,0.0,below Mara's slope
P10299,C07,secondary main sewer,branch,200,64.0,0.5,0.017,0.097,3.641,0.0,below Mara's slope
P10300,C04,secondary main sewer,branch,200,20.2,8.9,0.0,0.0,,0.0,no flow in 2030
P10301,C07,secondary main sewer,branch,200,329.8,0.5,0.112,0.183,1.543,1.4,below Mara's slope
P10302,C133,secondary main sewer,branch,200,143.1,0.5,0.001,0.03,14.721,0.0,below Mara's slope
P10303,C02,secondary main sewer,branch,200,66.6,0.5,0.009,0.075,5.02,0.0,below Mara's slope
P10304,C87,secondary main sewer,branch,200,70.5,0.7,0.191,0.245,1.206,3.1,below Mara's slope
P10305,C04,secondary main sewer,branch,200,59.4,0.5,0.066,0.153,1.971,0.4,below Mara's slope
P10306,C02,secondary main sewer,branch,200,39.3,0.5,0.009,0.077,4.874,0.0,below Mara's slope
P10307,C07,secondary main sewer,branch,200,63.8,0.6,0.017,0.103,3.641,0.0,below Mara's slope
P10308,C07,secondary main sewer,branch,200,230.1,0.5,0.04,0.129,2.487,0.2,below Mara's slope
P10309,C87,secondary main sewer,branch,200,92.0,0.5,0.174,0.212,1.259,2.6,below Mara's slope
P10311,C65,secondary main sewer,branch,200,212.5,0.5,0.146,0.2,1.364,1.9,below Mara's slope
P10312,C02,secondary main sewer,branch,200,80.6,0.5,0.017,0.097,3.641,0.0,below Mara's slope
P10313,C07,secondary main sewer,branch,200,904.4,0.5,0.1,0.176,1.63,1.0,below Mara's slope
P10314,C04,secondary main sewer,branch,200,78.5,0.5,0.242,0.236,1.082,4.5,below Mara's slope
P10315,C06,secondary main sewer,branch,200,131.1,0.75,0.148,0.231,1.358,2.0,below Mara's slope
P10316,C02,secondary main sewer,branch,200,70.0,0.6,0.012,0.091,4.254,0.0,below Mara's slope
P10317,C02,secondary main sewer,branch,200,75.4,0.5,0.021,0.104,3.312,0.1,below Mara's slope
P10318,C02,secondary main sewer,branch,200,167.5,0.5,0.03,0.117,2.828,0.1,below Mara's slope
P10319,C02,secondary main sewer,branch,200,69.7,0.5,0.0,0.0,,0.0,no flow in 2030
P10320,C02,secondary main sewer,branch,200,153.6,0.5,0.02,0.101,3.435,0.0,below Mara's slope
P10321,C07,secondary main sewer,branch,200,77.3,0.5,0.019,0.1,3.472,0.0,below Mara's slope
P10322,C02,secondary main sewer,branch,200,63.4,0.5,0.017,0.097,3.641,0.0,below Mara's slope
P10323,C07,secondary main sewer,branch,200,68.3,0.55,0.069,0.161,1.933,0.6,below Mara's slope
P10324,C07,secondary main sewer,branch,200,229.6,0.5,0.026,0.112,3.004,0.1,below Mara's slope
P10325,C07,secondary main sewer,branch,200,73.5,0.5,0.019,0.1,3.472,0.0,below Mara's slope
P10326,C02,secondary main sewer,branch,200,64.1,0.5,0.02,0.101,3.433,0.0,below Mara's slope
P10327,C87,secondary main sewer,branch,200,159.6,0.5,0.194,0.219,1.2,2.8,below Mara's slope
P10328,C04,secondary main sewer,branch,200,56.9,0.5,0.146,0.2,1.368,1.9,below Mara's slope
P10329,C263,secondary main sewer,branch,200,130.7,0.5,0.112,0.183,1.543,1.2,below Mara's slope
P10330,C02,secondary main sewer,branch,200,73.5,0.5,0.017,0.097,3.641,0.0,below Mara's slope
P10331,C65,secondary main sewer,branch,200,34.5,1.85,0.0,0.0,,0.0,no flow in 2030
P10332,C119,secondary main sewer,branch,200,668.0,0.6,0.162,0.221,1.301,0.7,below Mara's slope
P10333,C07,secondary main sewer,branch,200,82.9,0.55,0.072,0.163,1.899,0.6,below Mara's slope
P10334,C02,secondary main sewer,branch,200,367.9,0.5,0.02,0.101,3.415,0.0,below Mara's slope
P10335,C02,secondary main sewer,branch,200,235.4,0.6,0.031,0.126,2.777,0.1,below Mara's slope
P10336,C07,secondary main sewer,branch,200,61.1,0.5,0.01,0.079,4.699,0.0,below Mara's slope
P10337,C07,secondary main sewer,branch,200,67.0,0.55,0.017,0.1,3.641,0.0,below Mara's slope
P10338,C07,secondary main sewer,branch,200,64.2,0.65,0.017,0.106,3.641,0.0,below Mara's slope
P10339,C02,secondary main sewer,branch,200,66.3,0.8,0.07,0.183,1.924,0.6,below Mara's slope
P10340,C07,secondary main sewer,branch,200,55.2,0.5,0.0,0.0,,0.0,no flow in 2030
P10341,C07,secondary main sewer,branch,200,61.9,0.5,0.017,0.095,3.728,0.0,below Mara's slope
P10342,C07,secondary main sewer,branch,200,102.8,0.7,0.019,0.112,3.48,0.0,below Mara's slope
P10343,C02,secondary main sewer,branch,200,159.4,0.5,0.073,0.159,1.875,0.7,below Mara's slope
P10344,C07,secondary main sewer,branch,200,65.8,1.35,0.016,0.13,3.816,0.0,below Mara's slope
P10345,C07,secondary main sewer,branch,200,66.5,0.5,0.013,0.086,4.236,0.0,below Mara's slope
P10346,C02,secondary main sewer,branch,200,22.8,3.6,0.0,0.0,,0.0,no flow in 2030
P10347,C144,secondary main sewer,branch,200,92.2,0.5,0.141,0.198,1.386,1.8,below Mara's slope
P10348,C190,secondary main sewer,branch,200,17.1,0.5,0.0,0.0,,0.0,no flow in 2030
P10349,C02,secondary main sewer,branch,200,98.1,0.5,0.021,0.103,3.333,0.1,below Mara's slope
P10350,C144,secondary main sewer,branch,200,80.6,0.5,0.117,0.186,1.515,1.3,below Mara's slope
P10351,C04,secondary main sewer,branch,200,365.7,0.6,0.126,0.203,1.461,1.3,below Mara's slope
P10352,C07,secondary main sewer,branch,200,77.9,0.5,0.017,0.095,3.714,0.0,below Mara's slope
P10353,C07,secondary main sewer,branch,200,62.5,0.55,0.017,0.1,3.641,0.0,below Mara's slope
P10354,C07,secondary main sewer,branch,200,62.7,0.65,0.009,0.082,5.02,0.0,below Mara's slope
P10355,C06,secondary main sewer,branch,200,291.1,0.5,0.175,0.212,1.256,2.6,below Mara's slope
P10356,C271,secondary main sewer,branch,200,174.6,0.5,0.0,0.0,,0.0,no flow in 2030
P10357,C271,secondary main sewer,branch,200,57.7,0.95,0.013,0.107,4.204,0.0,below Mara's slope
P10358,C87,secondary main sewer,branch,200,35.2,0.5,0.018,0.098,3.567,0.0,below Mara's slope
P10359,C02,secondary main sewer,branch,200,62.4,0.5,0.013,0.086,4.236,0.0,below Mara's slope
P10360,C02,secondary main sewer,branch,200,138.1,0.5,0.025,0.109,3.102,0.1,below Mara's slope
P10361,C06,secondary main sewer,branch,200,175.7,0.5,0.076,0.161,1.841,0.5,below Mara's slope
P10362,C62,secondary main sewer,branch,200,127.5,0.5,0.112,0.183,1.543,1.2,below Mara's slope
P10363,C65,secondary main sewer,branch,200,10.4,0.5,0.0,0.0,,0.0,no flow in 2030
P10364,C02,secondary main sewer,branch,200,86.5,0.5,0.025,0.11,3.068,0.1,below Mara's slope
P10365,C14,secondary main sewer,branch,200,76.2,0.5,0.112,0.183,1.543,1.2,below Mara's slope
P10366,C02,secondary main sewer,branch,200,176.8,0.5,0.032,0.119,2.765,0.1,below Mara's slope
P10367,C74,secondary main sewer,branch,200,2133.8,0.5,0.02,0.102,3.413,0.0,below Mara's slope
P10368,C07,secondary main sewer,branch,200,63.8,0.5,0.022,0.104,3.299,0.1,below Mara's slope
P10369,C14,secondary main sewer,branch,200,62.0,0.5,0.0,0.0,,0.0,no flow in 2030
P10370,C02,secondary main sewer,branch,200,98.7,0.5,0.069,0.156,1.933,0.6,below Mara's slope
P10371,C02,secondary main sewer,branch,200,162.6,0.5,0.035,0.124,2.624,0.1,below Mara's slope
P10372,C07,secondary main sewer,branch,200,100.2,0.5,0.023,0.107,3.204,0.1,below Mara's slope
P10373,C14,secondary main sewer,branch,200,17.5,0.85,0.0,0.0,,0.0,no flow in 2030
P10374,C07,secondary main sewer,branch,200,289.7,0.5,0.032,0.12,2.75,0.1,below Mara's slope
P10375,C14,secondary main sewer,branch,200,12.4,1.05,0.0,0.0,,0.0,no flow in 2030
P10376,C04,secondary main sewer,branch,200,162.7,0.5,0.116,0.185,1.519,1.2,below Mara's slope
P10377,C04,secondary main sewer,branch,200,57.7,0.75,0.123,0.217,1.481,1.4,below Mara's slope
P10378,C62,secondary main sewer,branch,200,70.4,0.5,0.076,0.161,1.843,0.6,below Mara's slope
P10379,C07,secondary main sewer,branch,200,147.1,0.5,0.032,0.119,2.769,0.1,below Mara's slope
P10380,C07,secondary main sewer,branch,200,38.6,0.5,0.0,0.0,,0.0,no flow in 2030
P10381,C02,secondary main sewer,branch,200,46.6,0.7,0.0,0.0,,0.0,no flow in 2030
P10382,C07,secondary main sewer,branch,200,58.8,0.5,0.021,0.103,3.352,0.1,below Mara's slope
P10383,C14,secondary main sewer,branch,200,191.6,0.5,0.183,0.215,1.231,0.7,below Mara's slope
P10384,C206,secondary main sewer,branch,200,10.0,0.5,0.0,0.0,,0.0,no flow in 2030
P10385,C165,secondary main sewer,branch,200,128.7,1.3,0.023,0.147,3.208,0.0,below Mara's slope
P10386,C14,secondary main sewer,branch,200,36.5,0.5,0.082,0.165,1.778,0.7,below Mara's slope
P10387,C02,secondary main sewer,branch,200,228.6,0.5,0.036,0.124,2.612,0.1,below Mara's slope
P10388,C07,secondary main sewer,branch,200,104.7,0.5,0.016,0.094,3.764,0.0,below Mara's slope
P10389,C14,secondary main sewer,branch,200,156.5,0.5,0.173,0.212,1.263,2.5,below Mara's slope
P10390,C04,secondary main sewer,branch,200,70.4,1.0,0.203,0.283,1.174,0.0,below Mara's slope
P10391,C14,secondary main sewer,branch,200,186.2,0.5,0.197,0.221,1.189,3.2,below Mara's slope
P10392,C14,secondary main sewer,branch,200,22.3,0.5,0.076,0.161,1.843,0.6,below Mara's slope
P10393,C65,secondary main sewer,branch,200,285.1,0.5,0.202,0.223,1.176,3.2,below Mara's slope
P10394,C07,secondary main sewer,branch,200,106.4,0.5,0.023,0.107,3.177,0.1,below Mara's slope
P10395,C04,secondary main sewer,branch,200,66.1,0.5,0.027,0.112,2.99,0.1,below Mara's slope
P10396,C07,secondary main sewer,branch,200,116.5,0.5,0.024,0.109,3.112,0.1,below Mara's slope
P10397,C07,secondary main sewer,branch,200,88.7,0.5,0.019,0.099,3.507,0.0,below Mara's slope
P10398,C65,secondary main sewer,branch,200,149.2,0.5,0.0,0.0,,0.0,no flow in 2030
P10399,C209,secondary main sewer,branch,200,307.3,0.5,0.205,0.224,1.169,1.8,below Mara's slope
P10400,C206,secondary main sewer,branch,200,75.6,0.9,0.129,0.235,1.446,1.5,below Mara's slope
P10401,C14,secondary main sewer,branch,200,61.9,0.5,0.129,0.192,1.446,1.3,below Mara's slope
P10402,C90,secondary main sewer,branch,200,29.0,0.5,0.084,0.166,1.764,0.7,below Mara's slope
P10403,C07,secondary main sewer,branch,200,75.9,0.5,0.021,0.103,3.352,0.1,below Mara's slope
P10404,C07,secondary main sewer,branch,200,121.7,0.5,0.023,0.106,3.214,0.1,below Mara's slope
P10405,C206,secondary main sewer,branch,200,27.6,0.65,0.0,0.0,,0.0,no flow in 2030
P10406,C206,secondary main sewer,branch,200,27.0,1.2,0.082,0.223,1.78,0.7,below Mara's slope
P10407,C07,secondary main sewer,branch,200,105.1,0.5,0.027,0.113,2.956,0.1,below Mara's slope
P10408,C165,secondary main sewer,branch,200,162.3,1.25,0.046,0.185,2.33,0.2,below Mara's slope
P10409,C02,secondary main sewer,branch,200,261.6,0.5,0.175,0.212,1.256,3.2,below Mara's slope
P10410,C90,secondary main sewer,branch,200,77.3,0.5,0.094,0.173,1.677,0.8,below Mara's slope
P10411,C90,secondary main sewer,branch,200,59.5,0.5,0.148,0.201,1.359,1.9,below Mara's slope
P10412,C07,secondary main sewer,branch,200,71.8,0.5,0.292,0.251,0.993,3.1,below Mara's slope
P10413,C165,secondary main sewer,branch,200,57.4,1.75,0.032,0.183,2.737,0.1,below Mara's slope
P10414,C14,secondary main sewer,branch,200,236.6,0.55,0.257,0.249,1.053,4.9,below Mara's slope
P10415,C14,secondary main sewer,branch,200,136.8,0.5,0.15,0.202,1.351,2.0,below Mara's slope
P10416,C04,secondary main sewer,branch,200,297.5,0.5,0.131,0.193,1.434,0.0,below Mara's slope
P10417,C07,secondary main sewer,branch,200,58.8,0.5,0.012,0.085,4.259,0.0,below Mara's slope
P10418,C14,secondary main sewer,branch,200,160.4,0.55,0.069,0.161,1.93,0.4,below Mara's slope
P10419,C14,secondary main sewer,branch,200,59.0,1.25,0.058,0.2,2.098,0.3,below Mara's slope
P10420,C07,secondary main sewer,branch,200,188.1,0.5,0.109,0.181,1.566,1.4,below Mara's slope
P10421,C07,secondary main sewer,branch,200,116.6,0.65,0.072,0.173,1.894,0.7,below Mara's slope
P10422,C261,secondary main sewer,branch,200,219.0,0.7,0.0,0.0,,0.0,no flow in 2030
P10423,C248,secondary main sewer,branch,200,25.9,0.9,0.0,0.0,,0.0,no flow in 2030
P10424,C07,secondary main sewer,branch,200,32.7,1.65,0.002,0.059,10.689,0.0,below Mara's slope
P10425,C14,secondary main sewer,branch,200,157.7,0.5,0.102,0.177,1.615,0.9,below Mara's slope
P10426,C01,secondary main sewer,branch,200,68.8,0.6,0.083,0.176,1.776,0.7,below Mara's slope
P10427,C07,secondary main sewer,branch,200,145.7,0.5,0.023,0.107,3.195,0.1,below Mara's slope
P10428,C14,secondary main sewer,branch,200,138.0,0.5,0.093,0.172,1.681,0.8,below Mara's slope
P10429,C14,secondary main sewer,branch,200,43.3,0.5,0.083,0.165,1.777,0.7,below Mara's slope
P10430,C02,secondary main sewer,branch,200,588.2,0.5,0.0,0.0,,0.0,no flow in 2030
P10431,C07,secondary main sewer,branch,200,135.2,0.5,0.02,0.101,3.427,0.0,below Mara's slope
P10432,C07,secondary main sewer,branch,200,99.7,0.5,0.016,0.094,3.754,0.0,below Mara's slope
P10433,C07,secondary main sewer,branch,200,53.8,0.5,0.0,0.0,,0.0,no flow in 2030
P10434,C07,secondary main sewer,branch,200,126.1,0.55,0.029,0.119,2.879,0.1,below Mara's slope
P10435,C07,secondary main sewer,branch,200,59.5,0.5,0.021,0.103,3.35,0.1,below Mara's slope
P10436,C07,secondary main sewer,branch,200,214.8,0.5,0.036,0.125,2.595,0.1,below Mara's slope
P10437,C07,secondary main sewer,branch,200,351.8,0.55,0.032,0.124,2.746,0.1,below Mara's slope
P10438,C04,secondary main sewer,branch,200,12.8,0.75,0.0,0.0,,0.0,no flow in 2030
P10439,C07,secondary main sewer,branch,200,159.4,0.5,0.028,0.114,2.917,0.1,below Mara's slope
P10440,C04,secondary main sewer,branch,200,75.7,0.5,0.093,0.172,1.682,0.8,below Mara's slope
P10442,C01,secondary main sewer,branch,200,114.0,0.5,0.036,0.125,2.604,0.1,below Mara's slope
P10443,C248,secondary main sewer,branch,200,69.0,1.1,0.0,0.0,,0.0,no flow in 2030
P10444,C14,secondary main sewer,branch,200,123.7,0.5,0.13,0.193,1.441,1.5,below Mara's slope
P10445,C07,secondary main sewer,branch,200,150.0,0.5,0.031,0.119,2.786,0.1,below Mara's slope
P10446,C04,secondary main sewer,branch,200,62.5,0.5,0.031,0.119,2.782,0.1,below Mara's slope
P10447,C04,secondary main sewer,branch,200,120.1,0.5,0.045,0.134,2.356,0.2,below Mara's slope
P10448,C07,secondary main sewer,branch,200,68.8,0.6,0.018,0.105,3.55,0.0,below Mara's slope
P10449,C292,secondary main sewer,branch,200,118.3,0.5,0.0,0.0,,0.0,no flow in 2030
P10450,C14,secondary main sewer,branch,200,28.9,0.9,0.076,0.197,1.843,0.6,below Mara's slope
P10451,C04,secondary main sewer,branch,200,56.8,0.7,0.036,0.14,2.599,0.1,below Mara's slope
P10452,C04,secondary main sewer,branch,200,136.3,0.5,0.113,0.184,1.539,1.1,below Mara's slope
P10453,C248,secondary main sewer,branch,200,140.8,0.65,0.0,0.0,,0.0,no flow in 2030
P10454,C07,secondary main sewer,branch,200,115.1,0.5,0.02,0.102,3.381,0.0,below Mara's slope
P10456,C07,secondary main sewer,branch,200,265.5,0.6,0.03,0.124,2.849,0.1,below Mara's slope
P10457,C04,secondary main sewer,branch,200,194.2,0.5,0.0,0.0,,0.0,no flow in 2030
P10458,C01,secondary main sewer,branch,200,65.3,0.75,0.016,0.108,3.767,0.0,below Mara's slope
P10459,C04,secondary main sewer,branch,200,66.1,0.5,0.051,0.141,2.218,0.2,below Mara's slope
P10460,C07,secondary main sewer,branch,200,202.1,0.5,0.021,0.103,3.345,0.1,below Mara's slope
P10461,C07,secondary main sewer,branch,200,74.7,0.5,0.021,0.104,3.316,0.1,below Mara's slope
P10462,C02,secondary main sewer,branch,200,252.7,0.5,0.041,0.131,2.443,0.2,below Mara's slope
P10463,C02,secondary main sewer,branch,200,146.5,0.55,0.031,0.122,2.807,0.1,below Mara's slope
P10464,C105,secondary main sewer,branch,200,57.7,0.65,0.09,0.186,1.709,0.8,below Mara's slope
P10465,C156,secondary main sewer,branch,200,58.0,0.5,0.011,0.081,4.594,0.0,below Mara's slope
P10466,C01,secondary main sewer,branch,200,116.1,0.5,0.0,0.0,,0.0,no flow in 2030
P10467,C105,secondary main sewer,branch,200,77.2,0.8,0.083,0.195,1.772,0.7,below Mara's slope
P10468,C105,secondary main sewer,branch,200,57.9,0.5,0.096,0.174,1.66,0.9,below Mara's slope
P10469,C156,secondary main sewer,branch,200,67.1,0.5,0.009,0.076,4.976,0.0,below Mara's slope
P10470,C156,secondary main sewer,branch,200,277.1,0.5,0.043,0.132,2.408,0.2,below Mara's slope
P10471,C04,secondary main sewer,branch,200,63.8,0.9,0.092,0.209,1.695,0.8,below Mara's slope
P10472,C01,secondary main sewer,branch,200,127.1,0.5,0.573,0.311,0.728,4.3,below Mara's slope
P10473,C02,secondary main sewer,branch,200,35.4,1.65,0.0,0.0,,0.0,no flow in 2030
P10474,C04,secondary main sewer,branch,200,28.5,0.85,0.081,0.197,1.788,0.7,below Mara's slope
P10475,C14,secondary main sewer,branch,200,237.7,0.55,0.135,0.202,1.416,1.6,below Mara's slope
P10476,C04,secondary main sewer,branch,200,32.0,2.7,0.0,0.0,,0.0,no flow in 2030
P10477,C04,secondary main sewer,branch,200,139.5,0.8,0.103,0.209,1.607,1.0,below Mara's slope
P10478,C07,secondary main sewer,branch,200,83.1,0.5,0.07,0.157,1.912,0.6,below Mara's slope
P10479,C105,secondary main sewer,branch,200,75.5,0.5,0.117,0.186,1.511,1.3,below Mara's slope
P10480,C156,secondary main sewer,branch,200,78.3,0.5,0.022,0.105,3.28,0.1,below Mara's slope
P10481,C01,secondary main sewer,branch,200,42.6,2.15,0.028,0.186,2.944,0.1,below Mara's slope
P10482,C01,secondary main sewer,branch,200,163.5,1.3,0.079,0.225,1.818,0.6,below Mara's slope
P10483,C55,secondary main sewer,branch,200,331.8,0.5,0.012,0.085,4.318,0.0,below Mara's slope
P10484,C105,secondary main sewer,branch,200,191.8,0.5,0.083,0.166,1.773,0.6,below Mara's slope
P10485,C55,secondary main sewer,branch,200,60.8,0.5,0.02,0.101,3.438,0.0,below Mara's slope
P10487,C105,secondary main sewer,branch,200,322.2,0.5,0.0,0.0,,0.0,no flow in 2030
P10488,C04,secondary main sewer,branch,200,241.8,0.5,0.18,0.214,1.242,2.7,below Mara's slope
P10489,C04,secondary main sewer,branch,200,245.6,0.5,0.315,0.257,0.958,4.5,below Mara's slope
P10490,C55,secondary main sewer,branch,200,166.1,0.5,0.025,0.11,3.073,0.1,below Mara's slope
P10491,C77,secondary main sewer,branch,200,201.1,0.5,0.028,0.114,2.932,0.1,below Mara's slope
P10492,C187,secondary main sewer,branch,200,74.8,0.5,0.09,0.17,1.706,0.8,below Mara's slope
P10493,C156,secondary main sewer,branch,200,211.3,1.4,0.036,0.177,2.601,0.1,below Mara's slope
P10495,C07,secondary main sewer,branch,200,100.0,0.5,0.021,0.104,3.321,0.1,below Mara's slope
P10496,C77,secondary main sewer,branch,200,65.2,0.5,0.016,0.094,3.757,0.0,below Mara's slope
P10497,C01,secondary main sewer,branch,200,403.9,0.5,0.216,0.227,1.14,3.1,below Mara's slope
P10498,C55,secondary main sewer,branch,200,165.9,0.5,0.031,0.119,2.784,0.1,below Mara's slope
P10499,C02,secondary main sewer,branch,200,378.2,0.5,0.036,0.125,2.594,0.1,below Mara's slope
P10500,C55,secondary main sewer,branch,200,59.6,0.5,0.019,0.099,3.519,0.0,below Mara's slope
P10501,C77,secondary main sewer,branch,200,195.6,2.05,0.024,0.174,3.126,0.1,below Mara's slope
P10502,C04,secondary main sewer,branch,200,74.9,0.5,0.04,0.129,2.487,0.1,below Mara's slope
P10503,C04,secondary main sewer,branch,200,66.4,0.65,0.052,0.154,2.209,0.2,below Mara's slope
P10504,C02,secondary main sewer,branch,200,183.2,0.5,0.002,0.04,10.689,0.0,below Mara's slope
P10505,C07,secondary main sewer,branch,200,56.4,0.5,0.015,0.091,3.926,0.0,below Mara's slope
P10506,C07,secondary main sewer,branch,200,57.5,0.5,0.015,0.091,3.926,0.0,below Mara's slope
P10507,C193,secondary main sewer,branch,200,118.5,0.5,0.026,0.111,3.026,0.1,below Mara's slope
P10508,C77,secondary main sewer,branch,200,41.0,0.5,0.008,0.074,5.078,0.0,below Mara's slope
P10509,C04,secondary main sewer,branch,200,167.9,0.55,0.136,0.202,1.411,1.6,below Mara's slope
P10510,C77,secondary main sewer,branch,200,130.9,0.5,0.02,0.102,3.385,0.0,below Mara's slope
P10511,C77,secondary main sewer,branch,200,213.6,0.5,0.075,0.16,1.855,0.7,below Mara's slope
P10512,C01,secondary main sewer,branch,200,145.4,0.7,0.092,0.192,1.691,0.8,below Mara's slope
P10513,C01,secondary main sewer,branch,200,284.9,0.85,0.135,0.234,1.417,1.5,below Mara's slope
P10514,C01,secondary main sewer,branch,200,76.8,2.15,0.039,0.209,2.516,0.1,below Mara's slope
P10515,C04,secondary main sewer,branch,200,71.5,0.5,0.117,0.186,1.515,1.3,below Mara's slope
P10516,C55,secondary main sewer,branch,200,557.2,0.55,0.062,0.155,2.029,0.4,below Mara's slope
P10517,C55,secondary main sewer,branch,200,293.3,0.6,0.035,0.132,2.629,0.1,below Mara's slope
P10518,C55,secondary main sewer,branch,200,310.2,0.65,0.044,0.146,2.37,0.2,below Mara's slope
P10519,C04,secondary main sewer,branch,200,151.2,0.5,0.121,0.188,1.491,1.2,below Mara's slope
P10520,C04,secondary main sewer,branch,200,53.6,0.5,0.047,0.137,2.306,0.2,below Mara's slope
P10521,C55,secondary main sewer,branch,200,63.4,0.75,0.019,0.115,3.473,0.0,below Mara's slope
P10522,C04,secondary main sewer,branch,200,115.5,0.5,0.091,0.171,1.699,0.8,below Mara's slope
P10523,C01,secondary main sewer,branch,200,60.2,0.9,0.025,0.133,3.099,0.1,below Mara's slope
P10524,C02,secondary main sewer,branch,200,57.3,0.85,0.018,0.117,3.598,0.0,below Mara's slope
P10525,C01,secondary main sewer,branch,200,53.3,2.6,0.028,0.198,2.931,0.1,below Mara's slope
P10526,C04,secondary main sewer,branch,200,234.3,0.65,0.278,0.27,1.016,5.5,below Mara's slope
P10527,C01,secondary main sewer,branch,200,116.0,0.5,0.027,0.113,2.969,0.1,below Mara's slope
P10528,C04,secondary main sewer,branch,200,233.4,0.5,0.259,0.241,1.049,4.7,below Mara's slope
P10530,C04,secondary main sewer,branch,200,63.1,1.0,0.112,0.232,1.543,1.2,below Mara's slope
P10531,C04,secondary main sewer,branch,200,85.1,0.75,0.249,0.274,1.069,1.5,below Mara's slope
P10532,C14,secondary main sewer,branch,200,59.2,0.5,0.126,0.19,1.464,1.4,below Mara's slope
P10533,C04,secondary main sewer,branch,200,77.2,1.05,0.037,0.162,2.578,0.1,below Mara's slope
P10534,C01,secondary main sewer,branch,200,132.3,1.5,0.055,0.21,2.136,0.3,below Mara's slope
P10535,C04,secondary main sewer,branch,200,232.5,0.5,0.277,0.247,1.016,5.5,below Mara's slope
P10536,C04,secondary main sewer,branch,200,58.4,1.15,0.026,0.148,3.003,0.1,below Mara's slope
P10537,C01,secondary main sewer,branch,200,24.7,2.75,0.0,0.0,,0.0,no flow in 2030
P10538,C14,secondary main sewer,branch,200,66.2,0.5,0.093,0.172,1.68,0.8,below Mara's slope
P10539,C14,secondary main sewer,branch,200,126.5,0.5,0.177,0.213,1.249,2.7,below Mara's slope
P10540,C04,secondary main sewer,branch,200,39.6,1.5,0.0,0.0,,0.0,no flow in 2030
P10541,C04,secondary main sewer,branch,200,139.8,0.6,0.123,0.201,1.481,1.4,below Mara's slope
P10542,C02,secondary main sewer,branch,200,60.1,0.5,0.02,0.101,3.455,0.0,below Mara's slope
P10543,C14,secondary main sewer,branch,200,134.0,0.5,0.091,0.171,1.703,0.8,below Mara's slope
P10545,C02,secondary main sewer,branch,200,62.0,0.5,0.013,0.086,4.208,0.0,below Mara's slope
P10546,C02,secondary main sewer,branch,200,65.4,0.5,0.009,0.076,4.976,0.0,below Mara's slope
P10547,C02,secondary main sewer,branch,200,14.7,0.5,0.009,0.077,4.894,0.0,below Mara's slope
P10548,C01,secondary main sewer,branch,200,453.5,1.2,0.038,0.172,2.527,0.1,below Mara's slope
P10549,C02,secondary main sewer,branch,200,104.0,0.5,0.007,0.069,5.622,0.0,below Mara's slope
P10550,C02,secondary main sewer,branch,200,116.4,0.5,0.023,0.107,3.177,0.1,below Mara's slope
P10551,C137,secondary main sewer,branch,200,1201.8,0.5,0.0,0.0,,0.0,no flow in 2030
P10552,C14,secondary main sewer,branch,200,59.6,1.1,0.024,0.141,3.141,0.1,below Mara's slope
P10553,C14,secondary main sewer,branch,200,135.1,0.5,0.096,0.174,1.657,0.9,below Mara's slope
P10554,C02,secondary main sewer,branch,200,110.5,0.5,0.025,0.109,3.108,0.1,below Mara's slope
P10555,C02,secondary main sewer,branch,200,305.8,0.5,0.026,0.112,3.012,0.1,below Mara's slope
P10556,C01,secondary main sewer,branch,200,148.4,1.9,0.051,0.221,2.217,0.2,below Mara's slope
P10557,C02,secondary main sewer,branch,200,69.4,0.5,0.021,0.104,3.317,0.1,below Mara's slope
P10558,C04,secondary main sewer,branch,200,122.8,0.5,0.07,0.157,1.911,0.4,below Mara's slope
P10559,C01,secondary main sewer,branch,200,71.5,0.65,0.033,0.132,2.729,0.1,below Mara's slope
P10560,C01,secondary main sewer,branch,200,64.8,0.85,0.032,0.143,2.763,0.1,below Mara's slope
P10561,C14,secondary main sewer,branch,200,126.4,0.5,0.125,0.19,1.466,1.4,below Mara's slope
P10562,C01,secondary main sewer,branch,200,118.3,2.35,0.036,0.209,2.613,0.1,below Mara's slope
P10563,C02,secondary main sewer,branch,200,295.9,0.5,0.003,0.047,8.861,0.0,below Mara's slope
P10564,C02,secondary main sewer,branch,200,210.8,0.5,0.017,0.096,3.684,0.0,below Mara's slope
P10565,C02,secondary main sewer,branch,200,86.3,0.5,0.019,0.1,3.488,0.0,below Mara's slope
P10566,C14,secondary main sewer,branch,200,57.9,0.5,0.0,0.0,,0.0,no flow in 2030
P10567,C02,secondary main sewer,branch,200,268.9,0.5,0.037,0.125,2.587,0.2,below Mara's slope
P10568,C02,secondary main sewer,branch,200,63.5,0.5,0.009,0.075,5.02,0.0,below Mara's slope
P10569,C01,secondary main sewer,branch,200,246.4,0.5,0.043,0.132,2.408,0.2,below Mara's slope
P10570,C01,secondary main sewer,branch,200,108.0,0.6,0.038,0.135,2.546,0.1,below Mara's slope
P10571,C14,secondary main sewer,branch,200,58.6,0.5,0.094,0.173,1.672,0.8,below Mara's slope
P10572,C128,secondary main sewer,branch,200,734.8,0.5,0.002,0.046,9.106,0.0,below Mara's slope
P10573,C128,secondary main sewer,branch,200,352.4,0.5,0.011,0.082,4.507,0.0,below Mara's slope
P10574,C02,secondary main sewer,branch,200,712.6,0.5,0.0,0.0,,0.0,no flow in 2030
P10575,C02,secondary main sewer,branch,200,72.4,0.5,0.0,0.0,,0.0,no flow in 2030
P10576,C14,secondary main sewer,branch,200,139.2,0.55,0.144,0.206,1.377,1.8,below Mara's slope
P10577,C01,secondary main sewer,branch,200,269.8,0.5,0.11,0.182,1.555,1.0,below Mara's slope
P10578,C01,secondary main sewer,branch,200,92.5,2.35,0.041,0.22,2.451,0.1,below Mara's slope
P10579,C02,secondary main sewer,branch,200,65.1,1.2,0.087,0.227,1.734,0.8,below Mara's slope
P10580,C02,secondary main sewer,branch,200,254.1,0.5,0.036,0.124,2.622,0.1,below Mara's slope
P10581,C02,secondary main sewer,branch,200,198.7,0.5,0.016,0.093,3.838,0.0,below Mara's slope
P10582,C02,secondary main sewer,branch,200,94.4,0.5,0.021,0.104,3.309,0.1,below Mara's slope
P10583,C01,secondary main sewer,branch,200,80.2,1.95,0.04,0.205,2.479,0.1,below Mara's slope
P10586,C02,secondary main sewer,branch,200,299.3,0.5,0.109,0.182,1.561,1.4,below Mara's slope
P10587,C01,secondary main sewer,branch,200,63.6,0.9,0.036,0.152,2.603,0.1,below Mara's slope
P10588,C02,secondary main sewer,branch,200,196.3,0.5,0.187,0.217,1.219,3.0,below Mara's slope
P10589,C02,secondary main sewer,branch,200,48.3,7.7,0.0,0.0,,0.0,no flow in 2030
P10590,C14,secondary main sewer,branch,200,277.1,0.5,0.159,0.206,1.312,2.1,below Mara's slope
P10591,C02,secondary main sewer,branch,200,90.7,1.15,0.061,0.199,2.038,0.4,below Mara's slope
P10592,C02,secondary main sewer,branch,200,58.0,0.75,0.138,0.225,1.405,1.9,below Mara's slope
P10593,C34,secondary main sewer,branch,200,478.1,0.6,0.139,0.21,1.396,1.6,below Mara's slope
P10594,C34,secondary main sewer,branch,200,483.1,0.5,0.228,0.231,1.113,3.7,below Mara's slope
P10595,C02,secondary main sewer,branch,200,424.4,0.5,0.087,0.168,1.738,0.9,below Mara's slope
P10596,C02,secondary main sewer,branch,200,60.7,0.5,0.019,0.1,3.502,0.0,below Mara's slope
P10597,C199,secondary main sewer,branch,200,523.8,0.5,0.0,0.0,,0.0,no flow in 2030
P10598,C34,secondary main sewer,branch,200,59.7,0.5,0.04,0.129,2.482,0.1,below Mara's slope
P10599,C02,secondary main sewer,branch,200,97.8,0.5,0.1,0.176,1.63,1.0,below Mara's slope
P10600,C14,secondary main sewer,branch,200,149.6,0.55,0.14,0.204,1.392,1.7,below Mara's slope
P10601,C34,secondary main sewer,branch,200,80.8,0.75,0.057,0.168,2.1,0.3,below Mara's slope
P10602,C34,secondary main sewer,branch,200,80.4,0.5,0.058,0.147,2.085,0.3,below Mara's slope
P10603,C14,secondary main sewer,branch,200,149.7,0.5,0.084,0.166,1.762,0.6,below Mara's slope
P10604,C01,secondary main sewer,branch,200,207.6,1.8,0.056,0.224,2.128,0.3,below Mara's slope
P10605,C01,secondary main sewer,branch,200,242.5,1.8,0.072,0.244,1.895,0.4,below Mara's slope
P10606,C01,secondary main sewer,branch,200,256.2,1.2,0.112,0.247,1.541,1.1,below Mara's slope
P10607,C01,secondary main sewer,branch,200,40.8,0.55,0.0,0.0,,0.0,no flow in 2030
P10608,C01,secondary main sewer,branch,200,154.5,0.5,0.0,0.0,,0.0,no flow in 2030
P10609,C34,secondary main sewer,branch,200,85.5,0.55,0.063,0.156,2.009,0.3,below Mara's slope
P10610,C01,secondary main sewer,branch,200,107.1,1.1,0.033,0.158,2.702,0.1,below Mara's slope
P10611,C14,secondary main sewer,branch,200,623.0,0.55,0.091,0.177,1.698,0.7,below Mara's slope
P10612,C34,secondary main sewer,branch,200,54.1,0.5,0.044,0.134,2.366,0.2,below Mara's slope
P10613,C02,secondary main sewer,branch,200,217.8,0.5,0.123,0.189,1.481,1.4,below Mara's slope
P10614,C02,secondary main sewer,branch,200,160.3,0.5,0.172,0.211,1.268,2.7,below Mara's slope
P10615,C140,secondary main sewer,branch,200,1150.9,0.55,0.006,0.068,5.874,0.0,below Mara's slope
P10616,C14,secondary main sewer,branch,200,77.7,1.2,0.083,0.223,1.774,0.2,below Mara's slope
P10617,C01,secondary main sewer,branch,200,219.7,1.15,0.056,0.192,2.131,0.3,below Mara's slope
P10618,C02,secondary main sewer,branch,200,158.5,0.5,0.154,0.203,1.335,2.5,below Mara's slope
P10619,C02,secondary main sewer,branch,200,58.5,0.5,0.103,0.178,1.606,1.3,below Mara's slope
P10620,C14,secondary main sewer,branch,200,77.6,0.7,0.0,0.0,,0.0,no flow in 2030
P10621,C02,secondary main sewer,branch,200,238.1,0.7,0.149,0.226,1.355,1.9,below Mara's slope
P10622,C188,secondary main sewer,branch,200,407.4,0.5,0.0,0.0,,0.0,no flow in 2030
P10623,C01,secondary main sewer,branch,200,31.6,2.95,0.0,0.0,,0.0,no flow in 2030
P10625,C02,secondary main sewer,branch,200,98.5,0.5,0.101,0.177,1.62,1.0,below Mara's slope
P10627,C01,secondary main sewer,branch,200,57.1,0.5,0.0,0.0,,0.0,no flow in 2030
P10628,C02,secondary main sewer,branch,200,304.9,0.5,0.0,0.0,,0.0,no flow in 2030
P10629,C02,secondary main sewer,branch,200,52.0,0.5,0.033,0.121,2.704,0.1,below Mara's slope
P10630,C02,secondary main sewer,branch,200,63.9,0.5,0.166,0.208,1.29,2.6,below Mara's slope
P10631,C02,secondary main sewer,branch,200,77.3,1.15,0.087,0.223,1.739,0.8,below Mara's slope
P10632,C02,secondary main sewer,branch,200,58.8,0.5,0.072,0.158,1.891,0.7,below Mara's slope
P10633,C02,secondary main sewer,branch,200,151.7,0.5,0.073,0.159,1.881,0.7,below Mara's slope
P10634,C02,secondary main sewer,branch,200,56.6,0.65,0.064,0.166,1.994,0.4,below Mara's slope
P10636,C02,secondary main sewer,branch,200,62.7,0.85,0.087,0.202,1.733,0.8,below Mara's slope
P10637,C34,secondary main sewer,branch,200,61.6,0.5,0.064,0.152,1.992,0.4,below Mara's slope
P10638,C14,secondary main sewer,branch,200,61.4,0.5,0.124,0.189,1.474,1.6,below Mara's slope
P10639,C95,secondary main sewer,branch,200,739.5,0.6,0.013,0.092,4.178,0.0,below Mara's slope
P10640,C191,secondary main sewer,branch,200,256.4,0.5,0.0,0.0,,0.0,no flow in 2030
P10641,C02,secondary main sewer,branch,200,139.7,0.75,0.1,0.203,1.625,1.0,below Mara's slope
P10642,C34,secondary main sewer,branch,200,261.7,0.5,0.164,0.208,1.293,2.4,below Mara's slope
P10643,C01,secondary main sewer,branch,200,104.1,2.15,0.055,0.236,2.151,0.3,below Mara's slope
P10644,C188,secondary main sewer,branch,200,67.5,1.7,0.012,0.127,4.318,0.0,below Mara's slope
P10645,C02,secondary main sewer,branch,200,39.1,0.5,0.0,0.0,,0.0,no flow in 2030
P10647,C02,secondary main sewer,branch,200,207.3,1.8,0.055,0.222,2.148,0.3,below Mara's slope
P10648,C02,secondary main sewer,branch,200,276.8,0.5,0.029,0.115,2.893,0.1,below Mara's slope
P10649,C76,secondary main sewer,branch,200,22.7,1.2,0.007,0.094,5.487,0.0,below Mara's slope
P10650,C76,secondary main sewer,branch,200,134.9,1.15,0.0,0.0,,0.0,no flow in 2030
P10651,C02,secondary main sewer,branch,200,146.8,1.0,0.153,0.257,1.339,2.5,below Mara's slope
P10652,C14,secondary main sewer,branch,200,167.7,0.5,0.084,0.167,1.759,0.7,below Mara's slope
P10653,C136,secondary main sewer,branch,200,22.0,0.9,0.0,0.0,,0.0,no flow in 2030
P10654,C39,secondary main sewer,branch,200,385.8,0.75,0.048,0.158,2.276,0.3,below Mara's slope
P10655,C39,secondary main sewer,branch,200,155.1,2.45,0.025,0.187,3.087,0.1,below Mara's slope
P10656,C14,secondary main sewer,branch,200,63.2,0.85,0.058,0.176,2.09,0.3,below Mara's slope
P10657,C14,secondary main sewer,branch,200,66.3,0.5,0.065,0.152,1.991,0.4,below Mara's slope
P10658,C14,secondary main sewer,branch,200,49.6,0.5,0.062,0.15,2.024,0.4,below Mara's slope
P10659,C14,secondary main sewer,branch,200,167.5,0.5,0.074,0.159,1.869,0.5,below Mara's slope
P10660,C02,secondary main sewer,branch,200,58.1,0.5,0.024,0.108,3.151,0.1,below Mara's slope
P10661,C34,secondary main sewer,branch,200,64.1,0.5,0.057,0.146,2.11,0.3,below Mara's slope
P10662,C02,secondary main sewer,branch,200,144.2,0.5,0.055,0.144,2.147,0.3,below Mara's slope
P10663,C02,secondary main sewer,branch,200,448.3,0.5,0.322,0.259,0.949,8.1,below Mara's slope
P10664,C02,secondary main sewer,branch,200,86.4,0.5,0.021,0.104,3.325,0.1,below Mara's slope
P10665,C02,secondary main sewer,branch,200,98.7,0.5,0.071,0.158,1.9,0.6,below Mara's slope
P10666,C02,secondary main sewer,branch,200,57.9,0.5,0.148,0.201,1.357,2.2,below Mara's slope
P10667,C02,secondary main sewer,branch,200,148.9,0.55,0.026,0.114,3.053,0.1,below Mara's slope
P10668,C02,secondary main sewer,branch,200,55.7,0.5,0.072,0.158,1.892,0.7,below Mara's slope
P10669,C34,secondary main sewer,branch,200,60.3,0.55,0.0,0.0,,0.0,no flow in 2030
P10670,C34,secondary main sewer,branch,200,251.3,0.5,0.208,0.225,1.162,3.7,below Mara's slope
P10671,C76,secondary main sewer,branch,200,243.7,0.5,0.0,0.0,,0.0,no flow in 2030
P10672,C39,secondary main sewer,branch,200,245.6,1.95,0.03,0.185,2.824,0.1,below Mara's slope
P10675,C34,secondary main sewer,branch,200,119.3,0.55,0.102,0.184,1.611,1.1,below Mara's slope
P10676,C02,secondary main sewer,branch,200,104.9,0.6,0.022,0.111,3.285,0.1,below Mara's slope
P10677,C02,secondary main sewer,branch,200,67.4,0.5,0.0,0.0,,0.0,no flow in 2030
P10678,C136,secondary main sewer,branch,200,58.2,0.7,0.014,0.1,4.04,0.0,below Mara's slope
P10682,C34,secondary main sewer,branch,200,125.2,1.05,0.114,0.237,1.533,1.3,below Mara's slope
P10683,C76,secondary main sewer,branch,200,80.2,1.75,0.019,0.151,3.516,0.0,below Mara's slope
P10684,C76,secondary main sewer,branch,200,51.6,0.9,0.009,0.094,4.874,0.0,below Mara's slope
P10685,C34,secondary main sewer,branch,200,22.2,0.5,0.043,0.132,2.402,0.2,below Mara's slope
P10687,C01,secondary main sewer,branch,200,109.4,1.25,0.058,0.2,2.094,0.3,below Mara's slope
P10688,C76,secondary main sewer,branch,200,83.3,0.5,0.017,0.095,3.709,0.0,below Mara's slope
P10689,C39,secondary main sewer,branch,200,25.4,0.5,0.0,0.0,,0.0,no flow in 2030
P10691,C76,secondary main sewer,branch,200,75.6,0.85,0.017,0.115,3.682,0.0,below Mara's slope
P10693,C257,secondary main sewer,branch,200,115.5,1.1,0.008,0.095,5.206,0.0,below Mara's slope
P10694,C45,secondary main sewer,branch,200,68.5,0.5,0.016,0.094,3.754,0.0,below Mara's slope
P10695,C45,secondary main sewer,branch,200,158.2,0.5,0.026,0.112,3.013,0.1,below Mara's slope
P10696,C02,secondary main sewer,branch,200,368.9,0.5,0.142,0.198,1.384,1.8,below Mara's slope
P10697,C01,secondary main sewer,branch,200,164.2,1.65,0.048,0.206,2.287,0.2,below Mara's slope
P10698,C02,secondary main sewer,branch,200,94.9,0.5,0.062,0.15,2.024,0.4,below Mara's slope
P10699,C02,secondary main sewer,branch,200,23.1,1.6,0.069,0.231,1.933,0.6,below Mara's slope
P10700,C13,secondary main sewer,branch,200,55.8,0.5,0.079,0.163,1.808,0.7,below Mara's slope
P10702,C47,secondary main sewer,branch,200,93.3,1.85,0.018,0.153,3.552,0.0,below Mara's slope
P10703,C02,secondary main sewer,branch,200,257.2,0.5,0.0,0.0,,0.0,no flow in 2030
P10704,C13,secondary main sewer,branch,200,58.7,0.5,0.058,0.147,2.088,0.3,below Mara's slope
P10705,C45,secondary main sewer,branch,200,121.1,0.5,0.023,0.107,3.194,0.1,below Mara's slope
P10706,C47,secondary main sewer,branch,200,78.3,2.4,0.02,0.171,3.436,0.0,below Mara's slope
P10707,C02,secondary main sewer,branch,200,53.4,0.8,0.01,0.091,4.774,0.0,below Mara's slope
P10708,C02,secondary main sewer,branch,200,376.3,0.9,0.106,0.22,1.581,1.3,below Mara's slope
P10709,C45,secondary main sewer,branch,200,82.4,0.55,0.023,0.11,3.215,0.1,below Mara's slope
P10710,C02,secondary main sewer,branch,200,155.5,0.9,0.032,0.145,2.764,0.1,below Mara's slope
P10711,C141,secondary main sewer,branch,200,112.6,1.2,0.02,0.135,3.446,0.0,below Mara's slope
P10712,C02,secondary main sewer,branch,200,102.8,0.5,0.102,0.178,1.613,1.1,below Mara's slope
P10713,C45,secondary main sewer,branch,200,139.3,0.55,0.02,0.105,3.398,0.0,below Mara's slope
P10714,C02,secondary main sewer,branch,200,311.3,0.5,0.178,0.214,1.247,3.2,below Mara's slope
P10715,C141,secondary main sewer,branch,200,79.5,0.5,0.019,0.1,3.462,0.0,below Mara's slope
P10716,C02,secondary main sewer,branch,200,152.0,0.5,0.105,0.179,1.593,1.3,below Mara's slope
P10717,C45,secondary main sewer,branch,200,145.3,0.5,0.014,0.089,4.051,0.0,below Mara's slope
P10718,C45,secondary main sewer,branch,200,61.6,0.5,0.011,0.082,4.457,0.0,below Mara's slope
P10719,C04,secondary main sewer,branch,200,69.2,1.3,0.025,0.152,3.065,0.1,below Mara's slope
P10720,C02,secondary main sewer,branch,200,48.4,0.85,0.07,0.187,1.922,0.6,below Mara's slope
P10721,C39,secondary main sewer,branch,200,36.1,0.5,0.0,0.0,,0.0,no flow in 2030
P10722,C02,secondary main sewer,branch,200,52.4,0.5,0.122,0.188,1.487,1.5,below Mara's slope
P10724,C13,secondary main sewer,branch,200,58.9,2.1,0.045,0.218,2.36,0.2,below Mara's slope
P10725,C13,secondary main sewer,branch,200,93.4,1.45,0.122,0.271,1.484,1.5,below Mara's slope
P10727,C108,secondary main sewer,branch,200,342.8,0.5,0.276,0.246,1.019,5.9,below Mara's slope
P10728,C45,secondary main sewer,branch,200,69.8,0.5,0.013,0.088,4.108,0.0,below Mara's slope
P10729,C47,secondary main sewer,branch,200,65.1,0.5,0.013,0.088,4.104,0.0,below Mara's slope
P10730,C47,secondary main sewer,branch,200,97.9,0.5,0.016,0.094,3.772,0.0,below Mara's slope
P10731,C02,secondary main sewer,branch,200,315.8,0.95,0.0,0.0,,0.0,no flow in 2030
P10732,C04,secondary main sewer,branch,200,155.8,0.9,0.147,0.245,1.361,1.7,below Mara's slope
P10733,C141,secondary main sewer,branch,200,178.2,0.5,0.0,0.0,,0.0,no flow in 2030
P10734,C270,secondary main sewer,branch,200,234.7,1.0,0.136,0.248,1.41,1.8,below Mara's slope
P10735,C108,secondary main sewer,branch,200,56.5,0.5,0.096,0.174,1.655,1.0,below Mara's slope
P10736,C108,secondary main sewer,branch,200,66.2,1.75,0.059,0.225,2.083,0.3,below Mara's slope
P10737,C39,secondary main sewer,branch,200,143.8,0.5,0.034,0.122,2.692,0.1,below Mara's slope
P10738,C257,secondary main sewer,branch,200,51.0,0.9,0.009,0.094,4.874,0.0,below Mara's slope
P10739,C02,secondary main sewer,branch,200,142.9,2.6,0.034,0.213,2.677,0.1,below Mara's slope
P10740,C45,secondary main sewer,branch,200,238.8,0.5,0.037,0.126,2.558,0.2,below Mara's slope
P10741,C04,secondary main sewer,branch,200,194.3,0.5,0.235,0.234,1.098,1.7,below Mara's slope
P10742,C04,secondary main sewer,branch,200,206.5,0.65,0.079,0.178,1.814,0.5,below Mara's slope
P10743,C04,secondary main sewer,branch,200,77.8,0.65,0.154,0.223,1.334,2.0,below Mara's slope
P10744,C237,secondary main sewer,branch,200,73.3,1.15,0.0,0.0,,0.0,no flow in 2030
P10745,C237,secondary main sewer,branch,200,113.0,0.5,0.094,0.173,1.671,0.9,below Mara's slope
P10746,C39,secondary main sewer,branch,200,150.4,0.5,0.017,0.095,3.707,0.0,below Mara's slope
P10747,C13,secondary main sewer,branch,200,83.8,1.15,0.079,0.217,1.81,0.7,below Mara's slope
P10748,C45,secondary main sewer,branch,200,238.9,0.5,0.037,0.125,2.587,0.2,below Mara's slope
P10749,C04,secondary main sewer,branch,200,57.3,0.5,0.056,0.145,2.129,0.3,below Mara's slope
P10750,C39,secondary main sewer,branch,200,96.4,0.5,0.024,0.108,3.161,0.1,below Mara's slope
P10751,C04,secondary main sewer,branch,200,390.9,0.5,0.251,0.239,1.064,4.4,below Mara's slope
P10752,C39,secondary main sewer,branch,200,17.4,0.5,0.0,0.0,,0.0,no flow in 2030
P10754,C237,secondary main sewer,branch,200,96.7,0.5,0.1,0.177,1.623,1.0,below Mara's slope
P10755,C02,secondary main sewer,branch,200,254.3,0.5,0.073,0.159,1.881,0.7,below Mara's slope
P10756,C04,secondary main sewer,branch,200,46.9,0.75,0.041,0.149,2.459,0.1,below Mara's slope
P10757,C39,secondary main sewer,branch,200,70.6,0.5,0.019,0.1,3.495,0.0,below Mara's slope
P10758,C13,secondary main sewer,branch,200,182.4,1.2,0.159,0.278,1.315,2.3,below Mara's slope
P10759,C02,secondary main sewer,branch,200,76.8,0.5,0.0,0.0,,0.0,no flow in 2030
P10760,C120,secondary main sewer,branch,200,227.7,0.5,0.0,0.0,,0.0,no flow in 2030
P10761,C141,secondary main sewer,branch,200,243.6,0.5,0.0,0.0,,0.0,no flow in 2030
P10762,C02,secondary main sewer,branch,200,51.2,0.5,0.013,0.088,4.104,0.0,below Mara's slope
P10763,C02,secondary main sewer,branch,200,179.6,0.5,0.034,0.122,2.691,0.1,below Mara's slope
P10764,C108,secondary main sewer,branch,200,59.4,1.0,0.0,0.0,,0.0,no flow in 2030
P10765,C108,secondary main sewer,branch,200,85.5,0.5,0.072,0.158,1.887,0.5,below Mara's slope
P10766,C120,secondary main sewer,branch,200,64.4,0.5,0.008,0.072,5.306,0.0,below Mara's slope
P10767,C04,secondary main sewer,branch,200,171.0,0.6,0.22,0.244,1.131,3.6,below Mara's slope
P10768,C04,secondary main sewer,branch,200,192.2,0.8,0.0,0.0,,0.0,no flow in 2030
P10769,C04,secondary main sewer,branch,200,90.1,0.75,0.079,0.187,1.815,0.6,below Mara's slope
P10770,C04,secondary main sewer,branch,200,95.9,0.8,0.029,0.135,2.887,0.1,below Mara's slope
P10771,C47,secondary main sewer,branch,200,128.4,1.5,0.0,0.0,,0.0,no flow in 2030
P10772,C39,secondary main sewer,branch,200,486.3,0.5,0.036,0.125,2.595,0.1,below Mara's slope
P10773,C02,secondary main sewer,branch,200,243.6,0.5,0.04,0.129,2.49,0.2,below Mara's slope
P10774,C45,secondary main sewer,branch,200,68.6,0.55,0.011,0.085,4.445,0.0,below Mara's slope
P10776,C04,secondary main sewer,branch,200,398.1,0.5,0.211,0.226,1.153,3.1,below Mara's slope
P10780,C02,secondary main sewer,branch,200,59.1,0.5,0.045,0.134,2.361,0.2,below Mara's slope
P10781,C02,secondary main sewer,branch,200,242.2,0.5,0.0,0.0,,0.0,no flow in 2030
P10782,C04,secondary main sewer,branch,200,116.1,0.55,0.0,0.0,,0.0,no flow in 2030
P10783,C45,secondary main sewer,branch,200,62.5,0.5,0.011,0.082,4.5,0.0,below Mara's slope
P10784,C45,secondary main sewer,branch,200,74.7,0.5,0.011,0.081,4.566,0.0,below Mara's slope
P10785,C02,secondary main sewer,branch,200,179.8,0.5,0.104,0.179,1.6,1.3,below Mara's slope
P10786,C47,secondary main sewer,branch,200,71.7,0.5,0.011,0.081,4.526,0.0,below Mara's slope
P10787,C120,secondary main sewer,branch,200,81.6,0.5,0.016,0.094,3.79,0.0,below Mara's slope
P10789,C04,secondary main sewer,branch,200,162.4,0.5,0.127,0.191,1.457,1.4,below Mara's slope
P10790,C02,secondary main sewer,branch,200,72.2,0.5,0.043,0.132,2.411,0.2,below Mara's slope
P10791,C02,secondary main sewer,branch,200,46.7,0.5,0.0,0.0,,0.0,no flow in 2030
P10792,C02,secondary main sewer,branch,200,232.4,0.5,0.122,0.189,1.482,1.4,below Mara's slope
P10793,C93,secondary main sewer,branch,200,59.2,1.4,0.02,0.142,3.444,0.0,below Mara's slope
P10794,C04,secondary main sewer,branch,200,186.1,0.5,0.184,0.216,1.229,2.7,below Mara's slope
P10796,C04,secondary main sewer,branch,200,58.2,0.5,0.15,0.202,1.35,1.9,below Mara's slope
P10798,C02,secondary main sewer,branch,200,163.9,0.5,0.068,0.155,1.949,0.4,below Mara's slope
P10799,C02,secondary main sewer,branch,200,1042.1,0.5,0.33,0.261,0.939,8.9,below Mara's slope
P10800,C02,secondary main sewer,branch,200,167.2,0.65,0.027,0.122,3.0,0.1,below Mara's slope
P10801,C250,secondary main sewer,branch,200,318.1,0.5,0.0,0.0,,0.0,no flow in 2030
P10802,C164,secondary main sewer,branch,200,247.0,0.7,0.096,0.195,1.657,1.0,below Mara's slope
P10803,C45,secondary main sewer,branch,200,76.0,0.5,0.0,0.0,,0.0,no flow in 2030
P10804,C47,secondary main sewer,branch,200,412.6,0.5,0.022,0.104,3.295,0.1,below Mara's slope
P10805,C289,secondary main sewer,branch,200,49.1,1.95,0.0,0.0,,0.0,no flow in 2030
P10806,C247,secondary main sewer,branch,200,49.1,2.6,0.0,0.0,,0.0,no flow in 2030
P10807,C02,secondary main sewer,branch,200,317.0,0.5,0.078,0.162,1.826,0.7,below Mara's slope
P10808,C02,secondary main sewer,branch,200,24.8,3.0,0.0,0.0,,0.0,no flow in 2030
P10809,C04,secondary main sewer,branch,200,85.7,0.5,0.134,0.194,1.422,1.5,below Mara's slope
P10810,C02,secondary main sewer,branch,200,114.8,0.5,0.118,0.187,1.506,0.0,below Mara's slope
P10811,C02,secondary main sewer,branch,200,187.4,0.5,0.105,0.179,1.589,1.2,below Mara's slope
P10812,C02,secondary main sewer,branch,200,332.7,0.5,0.175,0.212,1.257,3.2,below Mara's slope
P10813,C02,secondary main sewer,branch,200,158.9,0.5,0.0,0.0,,0.0,no flow in 2030
P10814,C04,secondary main sewer,branch,200,114.9,0.5,0.162,0.207,1.304,2.1,below Mara's slope
P10815,C01,secondary main sewer,branch,200,58.8,0.55,0.033,0.125,2.698,0.1,below Mara's slope
P10816,C02,secondary main sewer,branch,200,118.8,0.5,0.184,0.216,1.228,0.0,below Mara's slope
P10817,C247,secondary main sewer,branch,200,44.6,1.8,0.013,0.133,4.182,0.0,below Mara's slope
P10818,C02,secondary main sewer,branch,200,299.7,0.5,0.463,0.291,0.803,3.7,below Mara's slope
P10819,C31,secondary main sewer,branch,200,19.7,0.5,0.0,0.0,,0.0,no flow in 2030
P10821,C02,secondary main sewer,branch,200,112.9,0.6,0.026,0.119,3.02,0.1,below Mara's slope
P10822,C13,secondary main sewer,branch,200,16.3,0.5,0.033,0.121,2.709,0.1,below Mara's slope
P10823,C04,secondary main sewer,branch,200,74.9,0.65,0.127,0.209,1.46,1.4,below Mara's slope
P10824,C02,secondary main sewer,branch,200,73.3,0.7,0.071,0.176,1.907,0.6,below Mara's slope
P10825,C02,secondary main sewer,branch,200,240.8,0.5,0.011,0.082,4.463,0.0,below Mara's slope
P10827,C164,secondary main sewer,branch,200,277.1,0.6,0.109,0.193,1.566,1.2,below Mara's slope
P10828,C04,secondary main sewer,branch,200,57.2,0.5,0.084,0.167,1.759,0.7,below Mara's slope
P10829,C13,secondary main sewer,branch,200,19.2,1.6,0.0,0.0,,0.0,no flow in 2030
P10830,C04,secondary main sewer,branch,200,101.5,0.5,0.222,0.23,1.126,3.7,below Mara's slope
P10831,C02,secondary main sewer,branch,200,63.7,0.5,0.07,0.156,1.923,0.6,below Mara's slope
P10832,C01,secondary main sewer,branch,200,95.7,1.15,0.043,0.176,2.395,0.2,below Mara's slope
P10833,C02,secondary main sewer,branch,200,137.9,0.5,0.105,0.179,1.589,1.2,below Mara's slope
P10834,C02,secondary main sewer,branch,200,138.5,0.65,0.075,0.175,1.862,0.7,below Mara's slope
P10835,C02,secondary main sewer,branch,200,285.7,0.5,0.032,0.119,2.758,0.1,below Mara's slope
P10836,C13,secondary main sewer,branch,200,117.4,0.5,0.035,0.123,2.643,0.1,below Mara's slope
P10837,C02,secondary main sewer,branch,200,190.0,0.5,0.323,0.259,0.948,1.2,below Mara's slope
P10838,C02,secondary main sewer,branch,200,60.7,0.5,0.103,0.178,1.606,1.3,below Mara's slope
P10839,C02,secondary main sewer,branch,200,47.9,0.6,0.007,0.074,5.506,0.0,below Mara's slope
P10840,C13,secondary main sewer,branch,200,43.1,0.5,0.077,0.162,1.834,0.7,below Mara's slope
P10841,C04,secondary main sewer,branch,200,68.0,0.5,0.038,0.128,2.527,0.1,below Mara's slope
P10842,C247,secondary main sewer,branch,200,53.7,2.3,0.0,0.0,,0.0,no flow in 2030
P10843,C02,secondary main sewer,branch,200,263.5,0.5,0.15,0.202,1.348,0.0,below Mara's slope
P10844,C13,secondary main sewer,branch,200,100.0,0.5,0.0,0.0,,0.0,no flow in 2030
P10845,C02,secondary main sewer,branch,200,95.2,0.5,0.144,0.199,1.376,0.6,below Mara's slope
P10846,C02,secondary main sewer,branch,200,194.6,0.5,0.348,0.265,0.916,3.0,below Mara's slope
P10847,C02,secondary main sewer,branch,200,59.3,0.5,0.071,0.157,1.907,0.6,below Mara's slope
P10848,C02,secondary main sewer,branch,200,243.5,0.55,0.135,0.201,1.418,2.0,below Mara's slope
P10849,C02,secondary main sewer,branch,200,158.0,0.5,0.197,0.221,1.19,3.5,below Mara's slope
P10850,C13,secondary main sewer,branch,200,118.5,0.5,0.189,0.218,1.212,3.3,below Mara's slope
P10851,C02,secondary main sewer,branch,200,120.0,0.5,0.231,0.233,1.106,0.6,below Mara's slope
P10852,C02,secondary main sewer,branch,200,88.7,0.5,0.28,0.247,1.013,1.2,below Mara's slope
P10853,C02,secondary main sewer,branch,200,166.3,0.5,0.0,0.0,,0.0,no flow in 2030
P10854,C13,secondary main sewer,branch,200,93.2,0.5,0.105,0.179,1.589,1.2,below Mara's slope
P10855,C02,secondary main sewer,branch,200,64.6,0.6,0.015,0.098,3.892,0.0,below Mara's slope
P10856,C13,secondary main sewer,branch,200,50.0,0.5,0.049,0.138,2.269,0.2,below Mara's slope
P10857,C13,secondary main sewer,branch,200,73.3,0.85,0.085,0.2,1.753,0.8,below Mara's slope
P10858,C13,secondary main sewer,branch,200,225.6,0.5,0.149,0.202,1.352,2.2,below Mara's slope
P10859,C02,secondary main sewer,branch,200,244.7,0.6,0.135,0.207,1.418,2.0,below Mara's slope
P10860,C247,secondary main sewer,branch,200,24.9,4.1,0.0,0.0,,0.0,no flow in 2030
P10861,C13,secondary main sewer,branch,200,68.4,0.5,0.183,0.215,1.233,1.3,below Mara's slope
P10863,C02,secondary main sewer,branch,200,83.2,0.5,0.014,0.09,3.991,0.0,below Mara's slope
P10864,C02,secondary main sewer,branch,200,261.3,0.5,0.225,0.231,1.119,0.1,below Mara's slope
P10865,C02,secondary main sewer,branch,200,214.9,0.55,0.266,0.251,1.037,4.4,below Mara's slope
P10866,C13,secondary main sewer,branch,200,67.8,0.5,0.109,0.181,1.567,1.3,below Mara's slope
P10867,C01,secondary main sewer,branch,200,209.7,2.65,0.0,0.0,,0.0,no flow in 2030
P10868,C13,secondary main sewer,branch,200,19.9,0.5,0.0,0.0,,0.0,no flow in 2030
P10869,C225,secondary main sewer,branch,200,148.3,1.85,0.0,0.0,,0.0,no flow in 2030
P10870,C02,secondary main sewer,branch,200,82.3,0.65,0.015,0.1,3.91,0.0,below Mara's slope
P10871,C04,secondary main sewer,branch,200,90.1,0.5,0.106,0.18,1.582,1.0,below Mara's slope
P10872,C02,secondary main sewer,branch,200,222.5,0.7,0.316,0.289,0.957,0.0,below Mara's slope
P10873,C02,secondary main sewer,branch,200,116.9,0.5,0.342,0.264,0.923,5.1,below Mara's slope
P10874,C02,secondary main sewer,branch,200,226.3,0.5,0.024,0.109,3.118,0.1,below Mara's slope
P10875,C02,secondary main sewer,branch,200,141.0,0.5,0.016,0.093,3.819,0.0,below Mara's slope
P10876,C04,secondary main sewer,branch,200,248.3,0.5,0.116,0.185,1.521,1.2,below Mara's slope
P10878,C02,secondary main sewer,branch,200,244.6,0.5,0.029,0.115,2.884,0.1,below Mara's slope
P10879,C13,secondary main sewer,branch,200,179.7,0.65,0.206,0.245,1.165,3.9,below Mara's slope
P10880,C13,secondary main sewer,branch,200,205.4,0.5,0.154,0.204,1.333,2.3,below Mara's slope
P10881,C02,secondary main sewer,branch,200,52.6,0.5,0.0,0.0,,0.0,no flow in 2030
P10882,C04,secondary main sewer,branch,200,158.5,0.5,0.093,0.172,1.686,0.8,below Mara's slope
P10883,C02,secondary main sewer,branch,200,195.4,0.5,0.033,0.12,2.728,0.1,below Mara's slope
P10884,C02,secondary main sewer,branch,200,408.1,0.5,0.29,0.25,0.995,6.9,below Mara's slope
P10885,C31,secondary main sewer,branch,200,71.2,0.85,0.052,0.17,2.198,0.2,below Mara's slope
P10887,C02,secondary main sewer,branch,200,67.6,0.5,0.013,0.088,4.112,0.0,below Mara's slope
P10888,C13,secondary main sewer,branch,200,155.0,0.5,0.0,0.0,,0.0,no flow in 2030
P10889,C225,secondary main sewer,branch,200,98.7,1.0,0.014,0.113,3.994,0.0,below Mara's slope
P10890,C99,secondary main sewer,branch,200,32.4,0.5,0.113,0.184,1.535,0.0,below Mara's slope
P10891,C260,secondary main sewer,branch,200,26.2,0.5,0.0,0.0,,0.0,no flow in 2030
P10892,C02,secondary main sewer,branch,200,25.5,1.45,0.012,0.121,4.288,0.0,below Mara's slope
P10893,C02,secondary main sewer,branch,200,59.3,0.6,0.07,0.167,1.917,0.6,below Mara's slope
P10895,C44,secondary main sewer,branch,200,118.4,1.75,0.0,0.0,,0.0,no flow in 2030
P10896,C02,secondary main sewer,branch,200,61.1,1.2,0.011,0.111,4.41,0.0,below Mara's slope
P10897,C296,secondary main sewer,branch,200,17.0,0.5,0.034,0.122,2.687,0.1,below Mara's slope
P10898,C04,secondary main sewer,branch,200,213.7,0.55,0.311,0.265,0.964,6.4,below Mara's slope
P10899,C02,secondary main sewer,branch,200,149.3,0.5,0.101,0.177,1.617,1.2,below Mara's slope
P10900,C13,secondary main sewer,branch,200,144.7,0.5,0.0,0.0,,0.0,no flow in 2030
P10901,C99,secondary main sewer,branch,200,49.4,0.75,0.042,0.151,2.414,0.2,below Mara's slope
P10902,C02,secondary main sewer,branch,200,70.2,1.1,0.017,0.124,3.695,0.0,below Mara's slope
P10903,C02,secondary main sewer,branch,200,349.9,0.5,0.138,0.196,1.402,2.1,below Mara's slope
P10904,C02,secondary main sewer,branch,200,184.1,0.55,0.025,0.113,3.091,0.1,below Mara's slope
P10905,C02,secondary main sewer,branch,200,71.5,0.5,0.082,0.165,1.788,0.0,below Mara's slope
P10906,C13,secondary main sewer,branch,200,110.0,0.5,0.278,0.247,1.016,6.1,below Mara's slope
P10907,C04,secondary main sewer,branch,200,215.0,0.55,0.088,0.175,1.725,0.7,below Mara's slope
P10908,C13,secondary main sewer,branch,200,141.2,0.5,0.139,0.197,1.397,2.0,below Mara's slope
P10909,C13,secondary main sewer,branch,200,89.8,0.5,0.111,0.183,1.552,1.3,below Mara's slope
P10910,C268,secondary main sewer,branch,200,251.0,0.75,0.268,0.281,1.033,4.5,below Mara's slope
P10911,C13,secondary main sewer,branch,200,22.6,0.5,0.0,0.0,,0.0,no flow in 2030
P10913,C02,secondary main sewer,branch,200,73.7,1.5,0.016,0.136,3.762,0.0,below Mara's slope
P10914,C02,secondary main sewer,branch,200,65.6,1.5,0.008,0.107,5.078,0.0,below Mara's slope
P10915,C02,secondary main sewer,branch,200,62.0,0.75,0.102,0.204,1.613,1.2,below Mara's slope
P10916,C02,secondary main sewer,branch,200,540.1,0.5,0.328,0.26,0.941,8.9,below Mara's slope
P10917,C02,secondary main sewer,branch,200,375.3,0.6,0.031,0.126,2.778,0.1,below Mara's slope
P10918,C249,secondary main sewer,branch,200,111.2,0.6,0.475,0.312,0.793,11.6,below Mara's slope
P10919,C249,secondary main sewer,branch,200,38.7,0.5,0.106,0.18,1.584,1.2,below Mara's slope
P10920,C04,secondary main sewer,branch,200,75.1,0.5,0.028,0.114,2.923,0.1,below Mara's slope
P10921,C13,secondary main sewer,branch,200,45.9,0.95,0.03,0.145,2.853,0.1,below Mara's slope
P10922,C13,secondary main sewer,branch,200,54.7,1.65,0.051,0.21,2.227,0.3,below Mara's slope
P10923,C99,secondary main sewer,branch,200,100.8,0.5,0.061,0.15,2.036,0.4,below Mara's slope
P10924,C31,secondary main sewer,branch,200,398.2,0.5,0.164,0.208,1.297,2.0,below Mara's slope
P10925,C02,secondary main sewer,branch,200,271.9,0.5,0.106,0.18,1.581,1.3,below Mara's slope
P10926,C02,secondary main sewer,branch,200,235.8,0.5,0.033,0.121,2.706,0.1,below Mara's slope
P10927,C99,secondary main sewer,branch,200,144.5,0.5,0.313,0.256,0.962,6.2,below Mara's slope
P10928,C02,secondary main sewer,branch,200,62.4,0.5,0.0,0.0,,0.0,no flow in 2030
P10929,C99,secondary main sewer,branch,200,29.9,0.5,0.0,0.0,,0.0,no flow in 2030
P10930,C02,secondary main sewer,branch,200,72.1,0.9,0.019,0.122,3.472,0.0,below Mara's slope
P10931,C44,secondary main sewer,branch,200,146.7,2.35,0.021,0.173,3.35,0.1,below Mara's slope
P10932,C02,secondary main sewer,branch,200,149.6,1.05,0.02,0.131,3.401,0.0,below Mara's slope
P10933,C02,secondary main sewer,branch,200,254.1,0.5,0.11,0.182,1.557,1.4,below Mara's slope
P10934,C04,secondary main sewer,branch,200,336.3,0.5,0.122,0.188,1.486,1.3,below Mara's slope
P10935,C04,secondary main sewer,branch,200,21.4,0.9,0.0,0.0,,0.0,no flow in 2030
P10936,C01,secondary main sewer,branch,200,56.1,0.65,0.005,0.068,6.271,0.0,below Mara's slope
P10937,C02,secondary main sewer,branch,200,67.5,0.5,0.022,0.104,3.295,0.1,below Mara's slope
P10938,C13,secondary main sewer,branch,200,185.2,0.5,0.29,0.25,0.995,6.7,below Mara's slope
P10939,C294,secondary main sewer,branch,200,103.3,0.65,0.424,0.31,0.836,7.3,below Mara's slope
P10940,C99,secondary main sewer,branch,200,98.9,1.1,0.166,0.274,1.287,2.7,below Mara's slope
P10941,C02,secondary main sewer,branch,200,297.0,0.7,0.039,0.143,2.525,0.2,below Mara's slope
P10942,C13,secondary main sewer,branch,200,179.1,0.5,0.122,0.188,1.487,1.5,below Mara's slope
P10943,C02,secondary main sewer,branch,200,79.1,0.5,0.018,0.098,3.559,0.0,below Mara's slope
P10944,C02,secondary main sewer,branch,200,249.8,1.05,0.032,0.153,2.771,0.1,below Mara's slope
P10945,C02,secondary main sewer,branch,200,192.1,0.55,0.029,0.12,2.87,0.1,below Mara's slope
P10946,C02,secondary main sewer,branch,200,230.5,0.5,0.04,0.129,2.487,0.2,below Mara's slope
P10947,C04,secondary main sewer,branch,200,14.3,0.55,0.105,0.185,1.589,1.2,below Mara's slope
P10948,C13,secondary main sewer,branch,200,102.0,0.5,0.0,0.0,,0.0,no flow in 2030
P10949,C02,secondary main sewer,branch,200,76.6,0.5,0.019,0.1,3.472,0.0,below Mara's slope
P10951,C02,secondary main sewer,branch,200,50.6,0.5,0.072,0.158,1.896,0.6,below Mara's slope
P10952,C13,secondary main sewer,branch,200,152.7,0.5,0.171,0.211,1.271,2.8,below Mara's slope
P10953,C13,secondary main sewer,branch,200,269.7,0.5,0.139,0.197,1.398,1.8,below Mara's slope
P10954,C02,secondary main sewer,branch,200,232.7,0.8,0.033,0.142,2.705,0.1,below Mara's slope
P10955,C04,secondary main sewer,branch,200,256.3,0.5,0.171,0.211,1.271,2.3,below Mara's slope
P10956,C02,secondary main sewer,branch,200,90.9,0.5,0.0,0.0,,0.0,no flow in 2030
P10957,C02,secondary main sewer,branch,200,77.4,0.65,0.156,0.224,1.324,2.4,below Mara's slope
P10958,C13,secondary main sewer,branch,200,51.4,0.5,0.11,0.182,1.557,1.3,below Mara's slope
P10959,C02,secondary main sewer,branch,200,61.5,0.5,0.018,0.098,3.567,0.0,below Mara's slope
P10960,C02,secondary main sewer,branch,200,206.0,0.5,0.032,0.12,2.751,0.1,below Mara's slope
P10961,C02,secondary main sewer,branch,200,59.5,0.95,0.009,0.095,4.874,0.0,below Mara's slope
P10962,C13,secondary main sewer,branch,200,91.1,0.5,0.107,0.181,1.575,1.1,below Mara's slope
P10963,C04,secondary main sewer,branch,200,141.6,0.5,0.255,0.24,1.057,4.3,below Mara's slope
P10964,C13,secondary main sewer,branch,200,200.3,0.5,0.119,0.187,1.502,1.2,below Mara's slope
P10965,C04,secondary main sewer,branch,200,77.1,0.7,0.156,0.23,1.324,2.4,below Mara's slope
P10966,C02,secondary main sewer,branch,200,158.7,0.5,0.027,0.113,2.962,0.1,below Mara's slope
P10967,C04,secondary main sewer,branch,200,204.1,0.5,0.059,0.147,2.08,0.3,below Mara's slope
P10968,C04,secondary main sewer,branch,200,86.7,0.5,0.094,0.173,1.676,0.8,below Mara's slope
P10969,C02,secondary main sewer,branch,200,133.2,0.6,0.104,0.19,1.595,1.3,below Mara's slope
P10970,C02,secondary main sewer,branch,200,348.6,0.5,0.129,0.192,1.447,1.9,below Mara's slope
P10971,C02,secondary main sewer,branch,200,231.6,0.8,0.033,0.142,2.705,0.1,below Mara's slope
P10972,C99,secondary main sewer,branch,200,207.1,0.7,0.52,0.339,0.761,10.4,below Mara's slope
P10973,C13,secondary main sewer,branch,200,22.7,0.5,0.247,0.237,1.073,1.2,below Mara's slope
P10974,C04,secondary main sewer,branch,200,87.2,0.9,0.254,0.293,1.059,5.5,below Mara's slope
P10975,C04,secondary main sewer,branch,200,163.7,0.5,0.261,0.242,1.045,5.5,below Mara's slope
P10976,C04,secondary main sewer,branch,200,40.2,1.0,0.116,0.235,1.522,1.2,below Mara's slope
P10978,C13,secondary main sewer,branch,200,135.2,0.5,0.124,0.189,1.475,1.5,below Mara's slope
P10979,C04,secondary main sewer,branch,200,87.1,0.7,0.116,0.208,1.522,1.2,below Mara's slope
P10980,C04,secondary main sewer,branch,200,41.5,0.5,0.0,0.0,,0.0,no flow in 2030
P10981,C13,secondary main sewer,branch,200,56.3,0.5,0.035,0.123,2.639,0.1,below Mara's slope
P10982,C02,secondary main sewer,branch,200,234.9,0.75,0.032,0.137,2.747,0.1,below Mara's slope
P10983,C02,secondary main sewer,branch,200,150.8,0.95,0.026,0.138,3.035,0.1,below Mara's slope
P10984,C44,secondary main sewer,branch,200,271.9,0.5,0.075,0.16,1.856,0.7,below Mara's slope
P10985,C04,secondary main sewer,branch,200,14.7,0.5,0.04,0.129,2.477,0.0,below Mara's slope
P10986,C02,secondary main sewer,branch,200,245.3,0.5,0.041,0.13,2.453,0.2,below Mara's slope
P10987,C04,secondary main sewer,branch,200,34.5,0.5,0.132,0.194,1.43,1.8,below Mara's slope
P10988,C13,secondary main sewer,branch,200,132.4,0.5,0.172,0.211,1.268,2.8,below Mara's slope
P10989,C04,secondary main sewer,branch,200,32.3,0.5,0.072,0.158,1.896,0.6,below Mara's slope
P10990,C02,secondary main sewer,branch,200,164.5,0.5,0.02,0.101,3.427,0.0,below Mara's slope
P10992,C02,secondary main sewer,branch,200,150.1,0.6,0.025,0.116,3.099,0.1,below Mara's slope
P10994,C113,secondary main sewer,branch,200,68.8,0.5,0.006,0.067,5.752,0.0,below Mara's slope
P10995,C113,secondary main sewer,branch,200,178.2,0.5,0.008,0.074,5.115,0.0,below Mara's slope
P10996,C04,secondary main sewer,branch,200,39.1,0.5,0.146,0.2,1.368,1.8,below Mara's slope
P10997,C04,secondary main sewer,branch,200,11.1,0.95,0.0,0.0,,0.0,no flow in 2030
P10999,C113,secondary main sewer,branch,200,235.7,0.65,0.0,0.0,,0.0,no flow in 2030
P11001,C04,secondary main sewer,branch,200,83.5,0.75,0.0,0.0,,0.0,no flow in 2030
P11002,C13,secondary main sewer,branch,200,59.8,0.5,0.144,0.199,1.373,2.1,below Mara's slope
P11003,C13,secondary main sewer,branch,200,100.6,0.5,0.073,0.158,1.887,0.0,below Mara's slope
P11004,C275,secondary main sewer,branch,200,199.2,0.6,0.367,0.287,0.894,6.8,below Mara's slope
P11006,C01,secondary main sewer,branch,200,190.8,0.5,0.009,0.076,4.944,0.0,below Mara's slope
P11007,C02,secondary main sewer,branch,200,61.3,0.5,0.017,0.095,3.732,0.0,below Mara's slope
P11008,C04,secondary main sewer,branch,200,31.5,0.5,0.0,0.0,,0.0,no flow in 2030
P11009,C04,secondary main sewer,branch,200,78.9,0.9,0.178,0.261,1.246,3.1,below Mara's slope
P11010,C04,secondary main sewer,branch,200,13.3,0.5,0.0,0.0,,0.0,no flow in 2030
P11011,C04,secondary main sewer,branch,200,46.9,0.7,0.116,0.208,1.522,1.2,below Mara's slope
P11012,C13,secondary main sewer,branch,200,28.2,1.75,0.028,0.174,2.918,0.1,below Mara's slope
P11013,C02,secondary main sewer,branch,200,34.5,3.65,0.008,0.143,5.078,0.0,below Mara's slope
P11015,C04,secondary main sewer,branch,200,140.1,0.5,0.271,0.245,1.027,6.1,below Mara's slope
P11016,C04,secondary main sewer,branch,200,48.4,1.05,0.096,0.224,1.659,0.0,below Mara's slope
P11017,C04,secondary main sewer,branch,200,33.5,1.05,0.079,0.21,1.818,0.6,below Mara's slope
P11018,C04,secondary main sewer,branch,200,65.7,0.5,0.175,0.212,1.256,2.5,below Mara's slope
P11019,C04,secondary main sewer,branch,200,39.5,0.7,0.0,0.0,,0.0,no flow in 2030
P11020,C02,secondary main sewer,branch,200,75.7,2.65,0.017,0.168,3.651,0.0,below Mara's slope
P11022,C01,secondary main sewer,branch,200,55.3,0.5,0.004,0.058,6.87,0.0,below Mara's slope
P11023,C04,secondary main sewer,branch,200,90.0,0.5,0.303,0.254,0.975,6.7,below Mara's slope
P11024,C04,secondary main sewer,branch,200,14.0,0.5,0.032,0.12,2.744,0.1,below Mara's slope
P11025,C02,secondary main sewer,branch,200,184.0,0.5,0.026,0.111,3.032,0.1,below Mara's slope
P11026,C04,secondary main sewer,branch,200,38.7,2.0,0.0,0.0,,0.0,no flow in 2030
P11027,C113,secondary main sewer,branch,200,70.9,0.5,0.006,0.064,6.167,0.0,below Mara's slope
P11028,C01,secondary main sewer,branch,200,71.6,0.5,0.006,0.067,5.752,0.0,below Mara's slope
P11029,C04,secondary main sewer,branch,200,36.8,0.65,0.0,0.0,,0.0,no flow in 2030
P11030,C02,secondary main sewer,branch,200,73.7,3.45,0.019,0.191,3.472,0.0,below Mara's slope
P11031,C01,secondary main sewer,branch,200,128.8,0.5,0.01,0.079,4.74,0.0,below Mara's slope
P11032,C04,secondary main sewer,branch,200,54.0,0.6,0.029,0.122,2.9,0.1,below Mara's slope
P11033,C04,secondary main sewer,branch,200,62.7,0.5,0.043,0.133,2.399,0.2,below Mara's slope
P11034,C04,secondary main sewer,branch,200,36.8,0.9,0.0,0.0,,0.0,no flow in 2030
P11035,C04,secondary main sewer,branch,200,39.8,0.5,0.019,0.099,3.514,0.0,below Mara's slope
P11036,C02,secondary main sewer,branch,200,196.5,0.5,0.025,0.11,3.081,0.1,below Mara's slope
P11037,C13,secondary main sewer,branch,200,80.4,0.5,0.0,0.0,,0.0,no flow in 2030
P11038,C04,secondary main sewer,branch,200,22.5,0.5,0.137,0.196,1.407,1.3,below Mara's slope
P11041,C04,secondary main sewer,branch,200,114.3,0.5,0.193,0.219,1.202,0.7,below Mara's slope
P11042,C04,secondary main sewer,branch,200,34.8,0.7,0.006,0.073,6.011,0.0,below Mara's slope
P11043,C04,secondary main sewer,branch,200,91.7,0.8,0.254,0.282,1.058,4.3,below Mara's slope
P11044,C44,secondary main sewer,branch,200,65.9,0.7,0.07,0.176,1.915,0.6,below Mara's slope
P11045,C02,secondary main sewer,branch,200,243.6,0.8,0.024,0.127,3.121,0.1,below Mara's slope
P11046,C02,secondary main sewer,branch,200,231.5,0.5,0.0,0.0,,0.0,no flow in 2030
P11047,C01,secondary main sewer,branch,200,97.2,0.5,0.009,0.075,5.009,0.0,below Mara's slope
P11048,C13,secondary main sewer,branch,200,54.6,0.5,0.006,0.066,5.848,0.0,below Mara's slope
P11049,C04,secondary main sewer,branch,200,44.9,0.5,0.159,0.206,1.315,2.5,below Mara's slope
P11050,C02,secondary main sewer,branch,200,320.9,0.9,0.079,0.199,1.816,0.8,below Mara's slope
P11051,C04,secondary main sewer,branch,200,204.2,0.65,0.059,0.161,2.083,0.3,below Mara's slope
P11053,C04,secondary main sewer,branch,200,14.6,0.5,0.105,0.179,1.589,1.2,below Mara's slope
P11054,C02,secondary main sewer,branch,200,397.8,1.1,0.026,0.145,3.033,0.1,below Mara's slope
P11056,C04,secondary main sewer,branch,200,75.0,0.9,0.265,0.298,1.037,4.9,below Mara's slope
P11057,C04,secondary main sewer,branch,200,50.1,0.85,0.132,0.232,1.43,1.8,below Mara's slope
P11058,C04,secondary main sewer,branch,200,83.1,0.5,0.039,0.128,2.515,0.1,below Mara's slope
P11059,C04,secondary main sewer,branch,200,115.6,0.5,0.163,0.207,1.3,1.2,below Mara's slope
P11060,C13,secondary main sewer,branch,200,28.3,0.5,0.043,0.132,2.402,0.2,below Mara's slope
P11061,C03,secondary main sewer,branch,200,169.6,1.0,0.07,0.198,1.923,0.4,below Mara's slope
P11062,C04,secondary main sewer,branch,200,35.6,0.5,0.149,0.202,1.352,1.2,below Mara's slope
P11063,C01,secondary main sewer,branch,200,101.9,0.75,0.009,0.087,4.965,0.0,below Mara's slope
P11064,C03,secondary main sewer,branch,200,396.7,0.5,0.355,0.267,0.907,6.1,below Mara's slope
P11065,C44,secondary main sewer,branch,200,68.3,0.5,0.0,0.0,,0.0,no flow in 2030
P11066,C04,secondary main sewer,branch,200,16.3,0.6,0.0,0.0,,0.0,no flow in 2030
P11067,C04,secondary main sewer,branch,200,63.4,0.65,0.073,0.173,1.886,0.6,below Mara's slope
P11068,C02,secondary main sewer,branch,200,195.2,0.5,0.073,0.159,1.876,0.7,below Mara's slope
P11069,C04,secondary main sewer,branch,200,173.9,0.5,0.072,0.158,1.896,0.6,below Mara's slope
P11070,C04,secondary main sewer,branch,200,56.0,0.5,0.021,0.102,3.377,0.0,below Mara's slope
P11071,C113,secondary main sewer,branch,200,131.0,0.95,0.01,0.099,4.668,0.0,below Mara's slope
P11072,C01,secondary main sewer,branch,200,60.7,0.65,0.006,0.071,6.011,0.0,below Mara's slope
P11073,C02,secondary main sewer,branch,200,151.7,0.5,0.018,0.097,3.618,0.0,below Mara's slope
P11074,C04,secondary main sewer,branch,200,97.8,0.5,0.146,0.2,1.368,1.8,below Mara's slope
P11075,C02,secondary main sewer,branch,200,205.5,0.6,0.026,0.119,3.003,0.1,below Mara's slope
P11076,C04,secondary main sewer,branch,200,501.8,0.7,0.444,0.322,0.818,7.7,below Mara's slope
P11077,C04,secondary main sewer,branch,200,12.0,1.75,0.0,0.0,,0.0,no flow in 2030
P11079,C02,secondary main sewer,branch,200,81.0,0.5,0.101,0.177,1.617,1.2,below Mara's slope
P11080,C02,secondary main sewer,branch,200,155.9,0.5,0.209,0.225,1.159,4.3,below Mara's slope
P11081,C01,secondary main sewer,branch,200,214.3,0.5,0.01,0.078,4.783,0.0,below Mara's slope
P11083,C02,secondary main sewer,branch,200,150.7,0.5,0.023,0.107,3.201,0.1,below Mara's slope
P11085,C02,secondary main sewer,branch,200,242.8,0.95,0.035,0.154,2.634,0.1,below Mara's slope
P11087,C04,secondary main sewer,branch,200,192.0,0.5,0.297,0.252,0.985,5.5,below Mara's slope
P11089,C113,secondary main sewer,branch,200,174.4,0.8,0.012,0.099,4.293,0.0,below Mara's slope
P11090,C02,secondary main sewer,branch,200,64.1,0.5,0.07,0.157,1.913,0.6,below Mara's slope
P11091,C02,secondary main sewer,branch,200,58.4,1.0,0.008,0.092,5.22,0.0,below Mara's slope
P11093,C02,secondary main sewer,branch,200,62.6,0.8,0.018,0.115,3.567,0.0,below Mara's slope
P11095,C02,secondary main sewer,branch,200,149.2,0.5,0.024,0.109,3.112,0.1,below Mara's slope
P11096,C02,secondary main sewer,branch,200,61.4,1.75,0.016,0.143,3.772,0.0,below Mara's slope
P11097,C04,secondary main sewer,branch,200,61.5,0.5,0.167,0.209,1.284,2.7,below Mara's slope
P11098,C113,secondary main sewer,branch,200,99.5,1.05,0.005,0.076,6.704,0.0,below Mara's slope
P11099,C145,secondary main sewer,branch,200,222.2,0.95,0.128,0.239,1.45,1.9,below Mara's slope
P11100,C02,secondary main sewer,branch,200,91.1,0.5,0.073,0.159,1.884,0.7,below Mara's slope
P11101,C02,secondary main sewer,branch,200,233.3,0.5,0.175,0.212,1.256,3.2,below Mara's slope
P11102,C02,secondary main sewer,branch,200,72.5,1.25,0.018,0.134,3.555,0.0,below Mara's slope
P11103,C02,secondary main sewer,branch,200,24.7,3.15,0.008,0.136,5.102,0.0,below Mara's slope
P11104,C04,secondary main sewer,branch,200,155.7,0.5,0.212,0.226,1.152,3.7,below Mara's slope
P11106,C02,secondary main sewer,branch,200,67.4,0.95,0.016,0.117,3.764,0.0,below Mara's slope
P11107,C31,secondary main sewer,branch,200,248.0,0.7,0.132,0.217,1.429,1.4,below Mara's slope
P11109,C02,secondary main sewer,branch,200,98.9,0.65,0.19,0.239,1.209,3.7,below Mara's slope
P11110,C02,secondary main sewer,branch,200,208.8,0.5,0.073,0.159,1.878,0.7,below Mara's slope
P11111,C02,secondary main sewer,branch,200,124.8,0.5,0.102,0.178,1.613,1.2,below Mara's slope
P11112,C02,secondary main sewer,branch,200,63.1,0.5,0.018,0.098,3.555,0.0,below Mara's slope
P11113,C04,secondary main sewer,branch,200,172.3,0.5,0.198,0.221,1.189,2.2,below Mara's slope
P11114,C02,secondary main sewer,branch,200,56.6,0.5,0.011,0.082,4.507,0.0,below Mara's slope
P11115,C145,secondary main sewer,branch,200,95.0,1.1,0.021,0.134,3.354,0.1,below Mara's slope
P11117,C02,secondary main sewer,branch,200,76.7,1.05,0.016,0.121,3.745,0.0,below Mara's slope
P11119,C04,secondary main sewer,branch,200,503.3,0.5,0.221,0.229,1.128,3.7,below Mara's slope
P11120,C145,secondary main sewer,branch,200,74.7,1.15,0.15,0.268,1.35,2.5,below Mara's slope
P11121,C04,secondary main sewer,branch,200,116.3,0.5,0.14,0.197,1.393,2.0,below Mara's slope
P11122,C02,secondary main sewer,branch,200,66.1,0.5,0.019,0.1,3.459,0.0,below Mara's slope
P11123,C04,secondary main sewer,branch,200,130.5,0.5,0.103,0.178,1.602,0.7,below Mara's slope
P11124,C04,secondary main sewer,branch,200,38.5,1.65,0.0,0.0,,0.0,no flow in 2030
P11125,C04,secondary main sewer,branch,200,108.7,0.95,0.132,0.241,1.43,1.8,below Mara's slope
P11126,C03,secondary main sewer,branch,200,211.8,0.5,0.0,0.0,,0.0,no flow in 2030
P11127,C03,secondary main sewer,branch,200,73.8,0.5,0.053,0.142,2.185,0.2,below Mara's slope
P11128,C02,secondary main sewer,branch,200,80.8,0.5,0.162,0.207,1.303,0.0,below Mara's slope
P11129,C03,secondary main sewer,branch,200,130.4,1.6,0.0,0.0,,0.0,no flow in 2030
P11130,C03,secondary main sewer,branch,200,16.3,2.6,0.0,0.0,,0.0,no flow in 2030
P11131,C03,secondary main sewer,branch,200,150.8,0.5,0.294,0.251,0.989,6.8,below Mara's slope
P11132,C03,secondary main sewer,branch,200,66.6,0.55,0.0,0.0,,0.0,no flow in 2030
P11133,C02,secondary main sewer,branch,200,195.6,0.5,0.002,0.045,9.392,0.0,below Mara's slope
P11134,C04,secondary main sewer,branch,200,28.7,0.5,0.0,0.0,,0.0,no flow in 2030
P11135,C25,secondary main sewer,branch,200,100.8,0.5,0.035,0.124,2.633,0.1,below Mara's slope
P11136,C03,secondary main sewer,branch,200,15.1,0.5,0.072,0.158,1.896,0.6,below Mara's slope
P11137,C03,secondary main sewer,branch,200,91.2,0.5,0.246,0.237,1.074,4.4,below Mara's slope
P11138,C03,secondary main sewer,branch,200,283.2,0.5,0.146,0.2,1.368,1.8,below Mara's slope
P11139,C03,secondary main sewer,branch,200,231.1,0.5,0.081,0.165,1.788,0.5,below Mara's slope
P11140,C03,secondary main sewer,branch,200,62.3,0.5,0.053,0.142,2.185,0.2,below Mara's slope
P11141,C03,secondary main sewer,branch,200,91.7,0.5,0.263,0.242,1.042,4.4,below Mara's slope
P11142,C02,secondary main sewer,branch,200,207.2,0.5,0.008,0.073,5.22,0.0,below Mara's slope
P11143,C13,secondary main sewer,branch,200,60.1,0.85,0.132,0.232,1.43,1.8,below Mara's slope
P11144,C02,secondary main sewer,branch,200,130.7,1.35,0.072,0.221,1.896,0.6,below Mara's slope
P11145,C04,secondary main sewer,branch,200,43.0,0.8,0.025,0.128,3.094,0.1,below Mara's slope
P11146,C178,secondary main sewer,branch,200,285.9,0.65,0.0,0.0,,0.0,no flow in 2030
P11147,C02,secondary main sewer,branch,200,165.9,0.5,0.139,0.197,1.399,2.1,below Mara's slope
P11148,C124,secondary main sewer,branch,200,59.8,1.4,0.016,0.133,3.757,0.0,below Mara's slope
P11149,C02,secondary main sewer,branch,200,81.9,0.7,0.102,0.199,1.614,1.2,below Mara's slope
P11150,C04,secondary main sewer,branch,200,80.5,1.8,0.033,0.186,2.718,0.1,below Mara's slope
P11151,C25,secondary main sewer,branch,200,101.4,0.5,0.103,0.178,1.606,1.3,below Mara's slope
P11152,C25,secondary main sewer,branch,200,10.0,0.5,0.0,0.0,,0.0,no flow in 2030
P11153,C03,secondary main sewer,branch,200,44.3,2.8,0.0,0.0,,0.0,no flow in 2030
P11154,C03,secondary main sewer,branch,200,58.0,2.35,0.0,0.0,,0.0,no flow in 2030
P11155,C04,secondary main sewer,branch,200,96.9,0.75,0.242,0.272,1.081,5.1,below Mara's slope
P11156,C03,secondary main sewer,branch,200,107.0,1.1,0.207,0.294,1.163,3.1,below Mara's slope
P11157,C25,secondary main sewer,branch,200,135.3,0.5,0.004,0.054,7.547,0.0,below Mara's slope
P11159,C02,secondary main sewer,branch,200,58.3,0.8,0.0,0.0,,0.0,no flow in 2030
P11160,C03,secondary main sewer,branch,200,28.5,0.5,0.133,0.194,1.426,0.6,below Mara's slope
P11163,C25,secondary main sewer,branch,200,116.6,0.5,0.12,0.188,1.493,1.3,below Mara's slope
P11164,C02,secondary main sewer,branch,200,322.2,0.5,0.277,0.247,1.016,6.8,below Mara's slope
P11165,C03,secondary main sewer,branch,200,10.0,1.35,0.0,0.0,,0.0,no flow in 2030
P11166,C25,secondary main sewer,branch,200,60.5,0.5,0.069,0.156,1.933,0.6,below Mara's slope
P11167,C25,secondary main sewer,branch,200,86.7,0.5,0.128,0.192,1.452,1.9,below Mara's slope
P11169,C124,secondary main sewer,branch,200,62.5,0.8,0.008,0.085,5.192,0.0,below Mara's slope
P11170,C02,secondary main sewer,branch,200,42.2,2.2,0.0,0.0,,0.0,no flow in 2030
P11171,C178,secondary main sewer,branch,200,201.9,0.65,0.0,0.0,,0.0,no flow in 2030
P11172,C272,secondary main sewer,branch,200,80.7,0.5,0.125,0.19,1.468,0.2,below Mara's slope
P11173,C52,secondary main sewer,branch,200,15.5,0.8,0.0,0.0,,0.0,no flow in 2030
P11174,C04,secondary main sewer,branch,200,539.1,0.5,0.328,0.26,0.941,6.1,below Mara's slope
P11176,C124,secondary main sewer,branch,200,148.3,1.35,0.014,0.125,4.015,0.0,below Mara's slope
P11177,C25,secondary main sewer,branch,200,76.8,0.5,0.07,0.156,1.924,0.6,below Mara's slope
P11178,C02,secondary main sewer,branch,200,83.8,2.0,0.014,0.142,4.008,0.0,below Mara's slope
P11179,C03,secondary main sewer,branch,200,28.6,6.0,0.0,0.0,,0.0,no flow in 2030
P11180,C124,secondary main sewer,branch,200,53.7,0.95,0.0,0.0,,0.0,no flow in 2030
P11181,C03,secondary main sewer,branch,200,130.2,0.6,0.223,0.245,1.123,2.6,below Mara's slope
P11182,C52,secondary main sewer,branch,200,75.2,0.8,0.162,0.243,1.302,2.6,below Mara's slope
P11183,C04,secondary main sewer,branch,200,713.8,0.5,0.121,0.188,1.489,1.3,below Mara's slope
P11184,C03,secondary main sewer,branch,200,14.5,0.5,0.0,0.0,,0.0,no flow in 2030
P11185,C52,secondary main sewer,branch,200,68.3,0.5,0.149,0.201,1.354,1.8,below Mara's slope
P11187,C02,secondary main sewer,branch,200,100.9,0.65,0.058,0.16,2.095,0.3,below Mara's slope
P11188,C272,secondary main sewer,branch,200,102.3,0.7,0.147,0.225,1.361,0.8,below Mara's slope
P11189,C02,secondary main sewer,branch,200,144.8,1.0,0.064,0.192,1.995,0.3,below Mara's slope
P11190,C04,secondary main sewer,branch,200,114.8,0.5,0.236,0.234,1.095,4.9,below Mara's slope
P11191,C04,secondary main sewer,branch,200,73.1,0.7,0.197,0.248,1.191,3.0,below Mara's slope
P11192,C03,secondary main sewer,branch,200,100.6,0.5,0.242,0.236,1.082,4.9,below Mara's slope
P11193,C03,secondary main sewer,branch,200,111.3,0.5,0.0,0.0,,0.0,no flow in 2030
P11194,C52,secondary main sewer,branch,200,182.9,0.5,0.181,0.215,1.237,3.1,below Mara's slope
P11195,C04,secondary main sewer,branch,200,61.2,1.5,0.112,0.266,1.547,1.3,below Mara's slope
P11196,C52,secondary main sewer,branch,200,80.0,0.5,0.072,0.158,1.896,0.6,below Mara's slope
P11197,C03,secondary main sewer,branch,200,242.0,0.5,0.155,0.204,1.329,2.0,below Mara's slope
P11198,C52,secondary main sewer,branch,200,84.0,0.5,0.106,0.18,1.586,0.6,below Mara's slope
P11200,C52,secondary main sewer,branch,200,62.0,0.5,0.105,0.179,1.589,1.2,below Mara's slope
P11201,C285,secondary main sewer,branch,200,155.2,0.5,0.027,0.113,2.96,0.1,below Mara's slope
P11204,C52,secondary main sewer,branch,200,318.0,0.55,0.156,0.211,1.324,2.4,below Mara's slope
P11205,C25,secondary main sewer,branch,200,39.5,0.7,0.0,0.0,,0.0,no flow in 2030
P11206,C52,secondary main sewer,branch,200,32.3,1.0,0.0,0.0,,0.0,no flow in 2030
P11207,C52,secondary main sewer,branch,200,88.7,0.5,0.0,0.0,,0.0,no flow in 2030
P11208,C04,secondary main sewer,branch,200,182.2,0.75,0.178,0.246,1.247,3.0,below Mara's slope
P11210,C04,secondary main sewer,branch,200,349.0,0.75,0.218,0.262,1.137,4.3,below Mara's slope
P11212,C25,secondary main sewer,branch,200,286.4,0.5,0.218,0.228,1.136,4.0,below Mara's slope
P11213,C194,secondary main sewer,branch,200,100.1,0.5,0.058,0.147,2.09,0.0,below Mara's slope
P11214,C04,secondary main sewer,branch,200,332.5,0.5,0.218,0.228,1.137,4.3,below Mara's slope
P11215,C01,secondary main sewer,branch,200,627.5,0.7,0.0,0.0,,0.0,no flow in 2030
P11216,C04,secondary main sewer,branch,200,64.3,0.5,0.139,0.197,1.396,0.6,below Mara's slope
P11218,C287,secondary main sewer,branch,200,147.2,0.5,0.0,0.0,,0.0,no flow in 2030
P11219,C159,secondary main sewer,branch,200,17.3,0.55,0.0,0.0,,0.0,no flow in 2030
P11220,C03,secondary main sewer,branch,200,237.9,0.5,0.0,0.0,,0.0,no flow in 2030
P11221,C11,secondary main sewer,branch,200,26.0,0.9,0.0,0.0,,0.0,no flow in 2030
P11222,C01,secondary main sewer,branch,200,10.1,3.2,0.008,0.136,5.127,0.0,below Mara's slope
P11223,C11,secondary main sewer,branch,200,36.0,1.7,0.064,0.23,2.0,0.3,below Mara's slope
P11224,C159,secondary main sewer,branch,200,353.9,0.7,0.0,0.0,,0.0,no flow in 2030
P11225,C04,secondary main sewer,branch,200,529.7,0.5,0.335,0.262,0.931,8.5,below Mara's slope
P11226,C308,secondary main sewer,branch,200,22.5,0.5,0.0,0.0,,0.0,no flow in 2030
P11228,C159,secondary main sewer,branch,200,21.8,0.5,0.0,0.0,,0.0,no flow in 2030
P11230,C11,secondary main sewer,branch,200,16.3,1.0,0.207,0.285,1.164,0.0,below Mara's slope
P11231,C11,secondary main sewer,branch,200,23.4,0.75,0.0,0.0,,0.0,no flow in 2030
P11232,C11,secondary main sewer,branch,200,31.1,1.2,0.023,0.143,3.221,0.0,below Mara's slope
P11233,C01,secondary main sewer,branch,200,21.6,0.5,0.086,0.168,1.742,0.6,below Mara's slope
P11234,C01,secondary main sewer,branch,200,132.2,2.25,0.0,0.0,,0.0,no flow in 2030
P11237,C11,secondary main sewer,branch,200,20.4,1.3,0.0,0.0,,0.0,no flow in 2030
P11238,C11,secondary main sewer,branch,200,97.8,2.05,0.0,0.0,,0.0,no flow in 2030
P11240,C11,secondary main sewer,branch,200,77.7,0.85,0.274,0.295,1.022,4.4,below Mara's slope
P11242,C11,secondary main sewer,branch,200,21.7,1.25,0.127,0.261,1.456,1.2,below Mara's slope
P11244,C25,secondary main sewer,branch,200,153.0,0.5,0.002,0.043,9.732,0.0,below Mara's slope
P11247,C11,secondary main sewer,branch,200,30.5,1.25,0.127,0.261,1.456,1.2,below Mara's slope
P11248,C01,secondary main sewer,branch,200,36.7,1.4,0.127,0.272,1.455,1.2,below Mara's slope
P11250,C11,secondary main sewer,branch,200,109.0,0.5,0.134,0.194,1.423,1.3,below Mara's slope
P11251,C11,secondary main sewer,branch,200,26.6,1.15,0.035,0.164,2.624,0.1,below Mara's slope
P11252,C11,secondary main sewer,branch,200,25.8,0.65,0.033,0.133,2.702,0.1,below Mara's slope
P11253,C11,secondary main sewer,branch,200,64.2,1.6,0.055,0.213,2.149,0.2,below Mara's slope
P11254,C228,secondary main sewer,branch,200,325.6,1.2,0.131,0.261,1.434,1.1,below Mara's slope
P11255,C11,secondary main sewer,branch,200,150.0,0.85,0.0,0.0,,0.0,no flow in 2030
P11256,C01,secondary main sewer,branch,200,46.7,2.45,0.037,0.216,2.56,0.1,below Mara's slope
P11257,C01,secondary main sewer,branch,200,249.2,0.5,0.111,0.182,1.553,0.9,below Mara's slope
P11258,C11,secondary main sewer,branch,200,94.6,1.1,0.214,0.297,1.145,2.9,below Mara's slope
P11259,C11,secondary main sewer,branch,200,47.1,0.55,0.143,0.205,1.379,0.2,below Mara's slope
P11260,C01,secondary main sewer,branch,200,246.7,0.5,0.193,0.219,1.203,2.5,below Mara's slope
P11261,C01,secondary main sewer,branch,200,139.6,1.15,0.057,0.194,2.109,0.2,below Mara's slope
P11262,C01,secondary main sewer,branch,200,49.1,2.35,0.0,0.0,,0.0,no flow in 2030
P11264,C01,secondary main sewer,branch,200,143.9,0.8,0.191,0.257,1.209,2.4,below Mara's slope
P11265,C01,secondary main sewer,branch,200,228.2,0.8,0.155,0.24,1.328,1.5,below Mara's slope
P11266,C11,secondary main sewer,branch,200,32.5,0.5,0.0,0.0,,0.0,no flow in 2030
P11267,C01,secondary main sewer,branch,200,32.1,1.85,0.044,0.207,2.381,0.1,below Mara's slope
P11268,C01,secondary main sewer,branch,200,63.5,0.65,0.135,0.213,1.419,1.3,below Mara's slope
P11269,C11,secondary main sewer,branch,200,143.7,0.6,0.0,0.0,,0.0,no flow in 2030
P11270,C269,secondary main sewer,branch,200,86.8,0.65,0.0,0.0,,0.0,no flow in 2030
P11272,C01,secondary main sewer,branch,200,55.4,1.6,0.0,0.0,,0.0,no flow in 2030
P11274,C11,secondary main sewer,branch,200,121.2,0.5,0.281,0.248,1.01,4.6,below Mara's slope
P11275,C11,secondary main sewer,branch,200,99.2,0.85,0.0,0.0,,0.0,no flow in 2030
P11276,C01,secondary main sewer,branch,200,87.1,3.2,0.0,0.0,,0.0,no flow in 2030
P11277,C01,secondary main sewer,branch,200,16.1,1.3,0.0,0.0,,0.0,no flow in 2030
P11282,C154,secondary main sewer,branch,200,32.5,4.0,0.0,0.0,,0.0,no flow in 2030
P11285,C11,secondary main sewer,branch,200,248.8,1.2,0.095,0.234,1.668,0.7,below Mara's slope
P11286,C11,secondary main sewer,branch,200,23.5,1.2,0.0,0.0,,0.0,no flow in 2030
P11287,C11,secondary main sewer,branch,200,64.5,0.95,0.0,0.0,,0.0,no flow in 2030
P11289,C01,secondary main sewer,branch,200,170.4,0.5,0.512,0.3,0.766,11.7,below Mara's slope
P11290,C01,secondary main sewer,branch,200,21.5,0.5,0.086,0.168,1.742,0.6,below Mara's slope
P11291,C01,secondary main sewer,branch,200,88.4,0.85,0.165,0.25,1.293,1.9,below Mara's slope
P11292,C01,secondary main sewer,branch,200,56.5,1.45,0.037,0.18,2.585,0.1,below Mara's slope
P11295,C01,secondary main sewer,branch,200,61.5,0.6,0.19,0.232,1.209,2.4,below Mara's slope
P11296,C18,secondary main sewer,branch,200,145.2,0.5,0.315,0.257,0.958,5.4,below Mara's slope
P11297,C18,secondary main sewer,branch,200,23.9,0.5,0.127,0.191,1.456,1.2,below Mara's slope
P11298,C154,secondary main sewer,branch,200,245.9,1.15,0.098,0.233,1.645,0.6,below Mara's slope
P11300,C11,secondary main sewer,branch,200,35.0,0.85,0.094,0.207,1.674,0.7,below Mara's slope
P11305,C239,secondary main sewer,branch,200,254.8,0.95,0.013,0.107,4.199,0.0,below Mara's slope
P11308,C18,secondary main sewer,branch,200,122.2,1.45,0.115,0.266,1.524,0.8,below Mara's slope
P11309,C252,secondary main sewer,branch,200,18.9,0.9,0.0,0.0,,0.0,no flow in 2030
P11310,C11,secondary main sewer,branch,200,63.0,0.5,0.127,0.191,1.456,1.2,below Mara's slope
P11311,C01,secondary main sewer,branch,200,103.9,0.95,0.321,0.323,0.95,4.4,below Mara's slope
P11312,C252,secondary main sewer,branch,200,60.0,1.05,0.044,0.171,2.387,0.1,below Mara's slope
P11315,C18,secondary main sewer,branch,200,67.7,1.1,0.14,0.258,1.393,1.4,below Mara's slope
P11316,C01,secondary main sewer,branch,200,97.5,1.55,0.061,0.219,2.046,0.3,below Mara's slope
P11317,C01,secondary main sewer,branch,200,46.5,1.55,0.055,0.212,2.135,0.2,below Mara's slope
P11321,C18,secondary main sewer,branch,200,52.6,0.7,0.031,0.133,2.771,0.1,below Mara's slope
P11322,C154,secondary main sewer,branch,200,63.8,2.0,0.007,0.107,5.707,0.0,below Mara's slope
P11324,C78,secondary main sewer,branch,200,18.9,0.95,0.0,0.0,,0.0,no flow in 2030
P11326,C78,secondary main sewer,branch,200,19.2,1.05,0.0,0.0,,0.0,no flow in 2030
P11327,C78,secondary main sewer,branch,200,173.9,0.7,0.299,0.284,0.981,5.1,below Mara's slope
P11328,C01,secondary main sewer,branch,200,82.2,0.6,0.171,0.224,1.27,1.8,below Mara's slope
P11329,C01,secondary main sewer,branch,200,99.1,0.95,0.316,0.321,0.957,5.6,below Mara's slope
P11330,C01,secondary main sewer,branch,200,124.0,2.0,0.051,0.225,2.212,0.2,below Mara's slope
P11331,C78,secondary main sewer,branch,200,35.1,0.5,0.131,0.193,1.435,1.3,below Mara's slope
P11333,C11,secondary main sewer,branch,200,89.5,1.2,0.134,0.262,1.423,1.3,below Mara's slope
P11334,C11,secondary main sewer,branch,200,89.9,2.15,0.0,0.0,,0.0,no flow in 2030
P11335,C20,secondary main sewer,branch,200,36.1,4.75,0.0,0.0,,0.0,no flow in 2030
P11336,C20,secondary main sewer,branch,200,75.6,1.25,0.086,0.229,1.742,0.6,below Mara's slope
P11338,C78,secondary main sewer,branch,200,43.0,0.55,0.161,0.213,1.307,1.8,below Mara's slope
P11339,C01,secondary main sewer,branch,200,98.6,5.2,0.0,0.0,,0.0,no flow in 2030
P11340,C78,secondary main sewer,branch,200,67.8,0.5,0.218,0.228,1.137,3.0,below Mara's slope
P11341,C18,secondary main sewer,branch,200,64.2,0.75,0.127,0.22,1.456,1.2,below Mara's slope
P11342,C18,secondary main sewer,branch,200,130.9,1.2,0.134,0.262,1.422,1.3,below Mara's slope
P11343,C85,secondary main sewer,branch,200,103.3,0.5,0.195,0.22,1.196,1.2,below Mara's slope
P11344,C78,secondary main sewer,branch,200,43.5,1.2,0.127,0.258,1.456,1.2,below Mara's slope
P11345,C03,secondary main sewer,branch,200,203.9,0.5,0.066,0.153,1.977,0.4,below Mara's slope
P11346,C85,secondary main sewer,branch,200,13.2,0.5,0.086,0.168,1.742,0.6,below Mara's slope
P11347,C78,secondary main sewer,branch,200,104.9,0.5,0.171,0.211,1.27,2.0,below Mara's slope
P11348,C11,secondary main sewer,branch,200,37.5,0.5,0.137,0.196,1.406,1.4,below Mara's slope
P11350,C85,secondary main sewer,branch,200,37.6,1.8,0.0,0.0,,0.0,no flow in 2030
P11351,C85,secondary main sewer,branch,200,96.7,1.25,0.091,0.234,1.695,0.7,below Mara's slope
P11352,C148,secondary main sewer,branch,200,745.6,0.65,0.059,0.161,2.082,0.0,below Mara's slope
P11354,C85,secondary main sewer,branch,200,16.2,0.9,0.027,0.137,2.987,0.1,below Mara's slope
P11355,C78,secondary main sewer,branch,200,34.4,1.0,0.127,0.242,1.456,1.2,below Mara's slope
P11356,C03,secondary main sewer,branch,200,28.2,0.6,0.027,0.12,2.961,0.1,below Mara's slope
P11359,C85,secondary main sewer,branch,200,80.5,0.5,0.168,0.209,1.282,1.9,below Mara's slope
P11361,C85,secondary main sewer,branch,200,32.8,0.5,0.127,0.191,1.456,1.2,below Mara's slope
P11362,C85,secondary main sewer,branch,200,15.3,0.5,0.027,0.113,2.978,0.1,below Mara's slope
P11363,C79,secondary main sewer,branch,200,67.3,0.5,0.066,0.153,1.972,0.4,below Mara's slope
P11364,C18,secondary main sewer,branch,200,25.3,1.25,0.086,0.229,1.742,0.6,below Mara's slope
P11365,C85,secondary main sewer,branch,200,36.4,0.5,0.142,0.198,1.383,1.3,below Mara's slope
P11366,C85,secondary main sewer,branch,200,64.2,0.5,0.008,0.074,5.078,0.0,below Mara's slope
P11367,C85,secondary main sewer,branch,200,48.5,1.1,0.101,0.232,1.62,0.6,below Mara's slope
P11369,C85,secondary main sewer,branch,200,23.0,0.6,0.0,0.0,,0.0,no flow in 2030
P11370,C11,secondary main sewer,branch,200,80.2,1.6,0.0,0.0,,0.0,no flow in 2030
P11371,C85,secondary main sewer,branch,200,11.0,0.5,0.0,0.0,,0.0,no flow in 2030
P11374,C01,secondary main sewer,branch,200,218.4,0.5,0.133,0.194,1.427,1.3,below Mara's slope
P11375,C11,secondary main sewer,branch,200,30.7,0.8,0.127,0.225,1.456,1.2,below Mara's slope
P11376,C85,secondary main sewer,branch,200,12.9,0.85,0.025,0.131,3.08,0.0,below Mara's slope
P11377,C11,secondary main sewer,branch,200,85.8,1.0,0.054,0.182,2.157,0.2,below Mara's slope
P11378,C85,secondary main sewer,branch,200,11.0,0.5,0.0,0.0,,0.0,no flow in 2030
P11380,C85,secondary main sewer,branch,200,17.4,0.5,0.0,0.0,,0.0,no flow in 2030
P11381,C85,secondary main sewer,branch,200,13.9,0.5,0.086,0.168,1.742,0.6,below Mara's slope
P11382,C11,secondary main sewer,branch,200,67.8,1.0,0.218,0.289,1.137,3.0,below Mara's slope
P11384,C11,secondary main sewer,branch,200,20.0,0.5,0.19,0.218,1.209,2.4,below Mara's slope
P11385,C20,secondary main sewer,branch,200,70.3,0.8,0.104,0.21,1.601,0.8,below Mara's slope
P11388,C11,secondary main sewer,branch,200,199.1,0.5,0.429,0.284,0.831,8.9,below Mara's slope
P11389,C85,secondary main sewer,branch,200,21.0,0.5,0.0,0.0,,0.0,no flow in 2030
P11391,C01,secondary main sewer,branch,200,58.8,1.5,0.0,0.0,,0.0,no flow in 2030
P11392,C11,secondary main sewer,branch,200,73.5,0.5,0.243,0.236,1.08,3.7,below Mara's slope
P11395,C01,secondary main sewer,branch,200,166.6,0.5,0.235,0.234,1.097,2.1,below Mara's slope
P11397,C11,secondary main sewer,branch,200,18.1,1.1,0.0,0.0,,0.0,no flow in 2030
P11398,C12,secondary main sewer,branch,200,35.4,0.5,0.0,0.0,,0.0,no flow in 2030
P11399,C11,secondary main sewer,branch,200,133.1,0.5,0.34,0.263,0.925,6.0,below Mara's slope
P11400,C01,secondary main sewer,branch,200,12.3,0.5,0.0,0.0,,0.0,no flow in 2030
P11401,C01,secondary main sewer,branch,200,77.5,0.5,0.086,0.168,1.742,0.6,below Mara's slope
P11402,C11,secondary main sewer,branch,200,21.5,0.8,0.199,0.26,1.184,1.3,below Mara's slope
P11403,C11,secondary main sewer,branch,200,56.9,0.65,0.087,0.184,1.737,0.6,below Mara's slope
P11404,C11,secondary main sewer,branch,200,28.8,0.5,0.094,0.173,1.674,0.7,below Mara's slope
P11405,C11,secondary main sewer,branch,200,32.9,0.5,0.093,0.172,1.682,0.7,below Mara's slope
P11406,C11,secondary main sewer,branch,200,44.6,1.35,0.127,0.268,1.456,1.2,below Mara's slope
P11407,C11,secondary main sewer,branch,200,19.7,1.05,0.0,0.0,,0.0,no flow in 2030
P11408,C11,secondary main sewer,branch,200,92.4,0.65,0.19,0.239,1.209,2.4,below Mara's slope
P11409,C85,secondary main sewer,branch,200,21.0,0.5,0.161,0.206,1.307,1.8,below Mara's slope
P11413,C11,secondary main sewer,branch,200,28.7,0.5,0.0,0.0,,0.0,no flow in 2030
P11414,C79,secondary main sewer,branch,200,794.9,0.5,0.18,0.214,1.242,3.0,below Mara's slope
P11415,C12,secondary main sewer,branch,200,28.4,1.45,0.033,0.173,2.716,0.1,below Mara's slope
P11417,C11,secondary main sewer,branch,200,49.9,0.5,0.091,0.171,1.695,0.7,below Mara's slope
P11420,C12,secondary main sewer,branch,200,128.6,0.6,0.487,0.315,0.784,8.7,below Mara's slope
P11421,C11,secondary main sewer,branch,200,59.5,1.85,0.03,0.182,2.83,0.1,below Mara's slope
P11422,C20,secondary main sewer,branch,200,206.9,0.5,0.195,0.22,1.196,2.3,below Mara's slope
P11424,C18,secondary main sewer,branch,200,61.7,0.5,0.058,0.147,2.087,0.2,below Mara's slope
P11426,C11,secondary main sewer,branch,200,66.6,1.6,0.0,0.0,,0.0,no flow in 2030
P11428,C18,secondary main sewer,branch,200,101.6,0.5,0.359,0.268,0.903,6.8,below Mara's slope
P11429,C12,secondary main sewer,branch,200,192.7,0.5,0.4,0.277,0.859,7.7,below Mara's slope
P11432,C11,secondary main sewer,branch,200,206.2,1.75,0.0,0.0,,0.0,no flow in 2030
P11433,C03,secondary main sewer,branch,200,252.3,0.5,0.101,0.177,1.619,0.8,below Mara's slope
P11434,C11,secondary main sewer,branch,200,27.9,1.2,0.127,0.258,1.456,1.2,below Mara's slope
P11435,C12,secondary main sewer,branch,200,22.4,1.45,0.127,0.275,1.456,1.2,below Mara's slope
P11436,C11,secondary main sewer,branch,200,37.3,0.75,0.086,0.193,1.742,0.6,below Mara's slope
P11437,C11,secondary main sewer,branch,200,12.0,3.8,0.0,0.0,,0.0,no flow in 2030
P11438,C12,secondary main sewer,branch,200,32.4,0.65,0.19,0.239,1.209,2.4,below Mara's slope
P11439,C11,secondary main sewer,branch,200,15.0,2.1,0.0,0.0,,0.0,no flow in 2030
P11440,C12,secondary main sewer,branch,200,24.4,1.7,0.0,0.0,,0.0,no flow in 2030
P11442,C12,secondary main sewer,branch,200,24.3,0.5,0.0,0.0,,0.0,no flow in 2030
P11443,C12,secondary main sewer,branch,200,120.2,0.75,0.247,0.273,1.072,3.7,below Mara's slope
P11445,C01,secondary main sewer,branch,200,41.3,0.5,0.127,0.191,1.456,1.2,below Mara's slope
P11446,C12,secondary main sewer,branch,200,39.4,0.75,0.127,0.22,1.456,1.2,below Mara's slope
P11447,C03,secondary main sewer,branch,200,229.5,0.5,0.0,0.0,,0.0,no flow in 2030
P11449,C12,secondary main sewer,branch,200,11.4,0.95,0.0,0.0,,0.0,no flow in 2030
P11450,C18,secondary main sewer,branch,200,41.1,2.0,0.0,0.0,,0.0,no flow in 2030
P11451,C12,secondary main sewer,branch,200,32.9,0.5,0.086,0.168,1.742,0.6,below Mara's slope
P11452,C12,secondary main sewer,branch,200,12.5,1.35,0.086,0.236,1.742,0.6,below Mara's slope
P11455,C12,secondary main sewer,branch,200,22.2,0.8,0.0,0.0,,0.0,no flow in 2030
P11456,C01,secondary main sewer,branch,200,174.2,2.3,0.0,0.0,,0.0,no flow in 2030
P11457,C11,secondary main sewer,branch,200,15.7,0.5,0.0,0.0,,0.0,no flow in 2030
P11459,C11,secondary main sewer,branch,200,43.6,1.25,0.0,0.0,,0.0,no flow in 2030
P11463,C01,secondary main sewer,branch,200,140.2,0.6,0.086,0.179,1.742,0.6,below Mara's slope
P11464,C11,secondary main sewer,branch,200,16.9,2.0,0.0,0.0,,0.0,no flow in 2030
P11465,C01,secondary main sewer,branch,200,144.3,1.55,0.033,0.178,2.702,0.1,below Mara's slope
P11469,C18,secondary main sewer,branch,200,53.9,0.65,0.0,0.0,,0.0,no flow in 2030
P11470,C18,secondary main sewer,branch,200,14.9,1.85,0.0,0.0,,0.0,no flow in 2030
P11472,C12,secondary main sewer,branch,200,12.1,0.5,0.086,0.168,1.742,0.6,below Mara's slope
P11473,C12,secondary main sewer,branch,200,81.2,0.5,0.139,0.197,1.397,1.4,below Mara's slope
P11474,C11,secondary main sewer,branch,200,16.9,0.5,0.086,0.168,1.742,0.6,below Mara's slope
P11475,C03,secondary main sewer,branch,200,252.6,0.9,0.128,0.234,1.45,1.2,below Mara's slope
P11478,C12,secondary main sewer,branch,200,17.9,0.5,0.086,0.168,1.742,0.6,below Mara's slope
P11479,C18,secondary main sewer,branch,200,19.1,2.65,0.0,0.0,,0.0,no flow in 2030
P11480,C18,secondary main sewer,branch,200,51.0,1.4,0.025,0.154,3.106,0.0,below Mara's slope
P11481,C12,secondary main sewer,branch,200,39.4,3.35,0.0,0.0,,0.0,no flow in 2030
P11482,C12,secondary main sewer,branch,200,60.3,0.8,0.0,0.0,,0.0,no flow in 2030
P11483,C12,secondary main sewer,branch,200,102.4,0.5,0.0,0.0,,0.0,no flow in 2030
P11484,C12,secondary main sewer,branch,200,56.0,0.5,0.135,0.195,1.418,1.3,below Mara's slope
P11485,C12,secondary main sewer,branch,200,18.5,0.5,0.127,0.191,1.456,1.2,below Mara's slope
P11486,C12,secondary main sewer,branch,200,37.1,0.5,0.131,0.193,1.437,1.3,below Mara's slope
P11487,C12,secondary main sewer,branch,200,44.3,0.5,0.101,0.177,1.62,0.6,below Mara's slope
P11489,C12,secondary main sewer,branch,200,11.1,0.5,0.0,0.0,,0.0,no flow in 2030
P11490,C12,secondary main sewer,branch,200,42.1,0.5,0.127,0.191,1.456,1.2,below Mara's slope
P11497,C258,secondary main sewer,branch,200,34.8,1.0,0.0,0.0,,0.0,no flow in 2030
P11501,C11,secondary main sewer,branch,200,53.7,5.3,0.0,0.0,,0.0,no flow in 2030
P11502,C01,secondary main sewer,branch,200,19.0,0.5,0.0,0.0,,0.0,no flow in 2030
P11503,C12,secondary main sewer,branch,200,24.8,1.95,0.015,0.145,3.863,0.0,below Mara's slope
P11504,C12,secondary main sewer,branch,200,25.5,0.5,0.043,0.132,2.407,0.1,below Mara's slope
P11505,C01,secondary main sewer,branch,200,12.8,0.5,0.0,0.0,,0.0,no flow in 2030
P11507,C18,secondary main sewer,branch,200,44.5,0.7,0.161,0.232,1.307,1.8,below Mara's slope
P11508,C12,secondary main sewer,branch,200,19.2,2.4,0.0,0.0,,0.0,no flow in 2030
P11510,C18,secondary main sewer,branch,200,37.5,1.65,0.0,0.0,,0.0,no flow in 2030
P11513,C12,secondary main sewer,branch,200,18.0,0.5,0.0,0.0,,0.0,no flow in 2030
P11515,C12,secondary main sewer,branch,200,10.0,0.5,0.0,0.0,,0.0,no flow in 2030
P11517,C12,secondary main sewer,branch,200,64.3,0.65,0.0,0.0,,0.0,no flow in 2030
P11518,C01,secondary main sewer,branch,200,26.8,0.6,0.199,0.236,1.185,1.8,below Mara's slope
P11521,C12,secondary main sewer,branch,200,27.6,1.55,0.023,0.155,3.228,0.0,below Mara's slope
P11522,C12,secondary main sewer,branch,200,11.8,1.35,0.0,0.0,,0.0,no flow in 2030
P11523,C01,secondary main sewer,branch,200,59.6,0.5,0.164,0.208,1.296,1.9,below Mara's slope
P11524,C18,secondary main sewer,branch,200,37.4,1.35,0.025,0.154,3.072,0.0,below Mara's slope
P11525,C12,secondary main sewer,branch,200,52.0,0.5,0.091,0.171,1.702,0.7,below Mara's slope
P11526,C18,secondary main sewer,branch,200,44.8,0.5,0.127,0.191,1.456,1.2,below Mara's slope
P11528,C12,secondary main sewer,branch,200,60.9,0.5,0.161,0.206,1.307,1.8,below Mara's slope
P11530,C12,secondary main sewer,branch,200,14.1,0.75,0.086,0.193,1.742,0.6,below Mara's slope
P11532,C12,secondary main sewer,branch,200,25.3,1.5,0.0,0.0,,0.0,no flow in 2030
P11533,C12,secondary main sewer,branch,200,57.5,1.15,0.197,0.294,1.192,2.5,below Mara's slope
P11534,C12,secondary main sewer,branch,200,12.7,1.15,0.0,0.0,,0.0,no flow in 2030
P11535,C12,secondary main sewer,branch,200,13.2,0.9,0.086,0.205,1.742,0.6,below Mara's slope
P11536,C03,secondary main sewer,branch,200,204.0,1.1,0.008,0.096,5.14,0.0,below Mara's slope
P11538,C12,secondary main sewer,branch,200,57.4,1.25,0.164,0.284,1.296,1.9,below Mara's slope
P11539,C12,secondary main sewer,branch,200,13.4,1.05,0.127,0.246,1.456,1.2,below Mara's slope
P11541,C12,secondary main sewer,branch,200,42.1,1.05,0.128,0.247,1.454,1.2,below Mara's slope
P11542,C12,secondary main sewer,branch,200,41.5,1.45,0.0,0.0,,0.0,no flow in 2030
P11543,C12,secondary main sewer,branch,200,38.8,1.0,0.161,0.262,1.307,1.8,below Mara's slope
P11544,C12,secondary main sewer,branch,200,33.0,1.1,0.127,0.25,1.456,1.2,below Mara's slope
P11547,C12,secondary main sewer,branch,200,28.9,3.9,0.0,0.0,,0.0,no flow in 2030
P11551,C12,secondary main sewer,branch,200,13.6,0.5,0.024,0.108,3.136,0.0,below Mara's slope
P11552,C12,secondary main sewer,branch,200,12.7,0.5,0.086,0.168,1.742,0.6,below Mara's slope
P11553,C204,secondary main sewer,branch,200,72.7,3.2,0.0,0.0,,0.0,no flow in 2030
P11554,C12,secondary main sewer,branch,200,13.4,0.5,0.0,0.0,,0.0,no flow in 2030
P11557,C12,secondary main sewer,branch,200,23.7,1.45,0.086,0.241,1.742,0.6,below Mara's slope
P11558,C12,secondary main sewer,branch,200,15.3,0.5,0.0,0.0,,0.0,no flow in 2030
P11559,C12,secondary main sewer,branch,200,14.2,1.95,0.0,0.0,,0.0,no flow in 2030
P11562,C12,secondary main sewer,branch,200,84.0,0.5,0.097,0.175,1.649,0.7,below Mara's slope
P11564,C01,secondary main sewer,branch,200,84.1,0.5,0.19,0.218,1.209,2.4,below Mara's slope
P11565,C12,secondary main sewer,branch,200,53.3,1.55,0.0,0.0,,0.0,no flow in 2030
P11566,C12,secondary main sewer,branch,200,55.9,0.5,0.089,0.17,1.717,0.6,below Mara's slope
P11568,C12,secondary main sewer,branch,200,14.5,0.8,0.0,0.0,,0.0,no flow in 2030
P11569,C12,secondary main sewer,branch,200,12.3,0.5,0.086,0.168,1.742,0.6,below Mara's slope
P11571,C12,secondary main sewer,branch,200,16.5,0.55,0.0,0.0,,0.0,no flow in 2030
P11572,C12,secondary main sewer,branch,200,16.9,3.5,0.0,0.0,,0.0,no flow in 2030
P11573,C12,secondary main sewer,branch,200,14.2,1.75,0.0,0.0,,0.0,no flow in 2030
P11576,C12,secondary main sewer,branch,200,62.7,1.15,0.161,0.275,1.307,1.8,below Mara's slope
P11578,C12,secondary main sewer,branch,200,39.1,1.9,0.024,0.17,3.123,0.0,below Mara's slope
P11579,C12,secondary main sewer,branch,200,79.2,0.7,0.161,0.232,1.307,1.8,below Mara's slope
P11580,C12,secondary main sewer,branch,200,32.2,4.35,0.0,0.0,,0.0,no flow in 2030
P11581,C12,secondary main sewer,branch,200,17.6,0.5,0.047,0.137,2.304,0.0,below Mara's slope
P11582,C12,secondary main sewer,branch,200,11.9,0.5,0.0,0.0,,0.0,no flow in 2030
P11583,C12,secondary main sewer,branch,200,39.4,0.5,0.086,0.168,1.742,0.6,below Mara's slope
P11584,C12,secondary main sewer,branch,200,37.1,1.6,0.101,0.263,1.62,0.6,below Mara's slope
P11586,C12,secondary main sewer,branch,200,15.9,1.4,0.0,0.0,,0.0,no flow in 2030
P11588,C18,secondary main sewer,branch,200,58.8,0.5,0.086,0.168,1.742,0.6,below Mara's slope
P11590,C12,secondary main sewer,branch,200,193.5,0.6,0.039,0.137,2.506,0.1,below Mara's slope
P11591,C12,secondary main sewer,branch,200,13.3,0.95,0.0,0.0,,0.0,no flow in 2030
P11592,C12,secondary main sewer,branch,200,38.7,0.5,0.289,0.25,0.997,3.7,below Mara's slope
P11593,C12,secondary main sewer,branch,200,21.5,0.5,0.18,0.214,1.242,1.2,below Mara's slope
P11594,C12,secondary main sewer,branch,200,14.2,3.45,0.0,0.0,,0.0,no flow in 2030
P11596,C12,secondary main sewer,branch,200,18.3,1.85,0.035,0.192,2.645,0.1,below Mara's slope
P11597,C12,secondary main sewer,branch,200,22.6,0.6,0.0,0.0,,0.0,no flow in 2030
P11599,C12,secondary main sewer,branch,200,44.7,0.5,0.331,0.261,0.937,4.4,below Mara's slope
P11600,C12,secondary main sewer,branch,200,11.9,3.15,0.0,0.0,,0.0,no flow in 2030
P11601,C112,secondary main sewer,branch,200,10.1,0.55,0.0,0.0,,0.0,no flow in 2030
P11602,C112,secondary main sewer,branch,200,12.4,0.85,0.0,0.0,,0.0,no flow in 2030
P11603,C112,secondary main sewer,branch,200,11.5,0.5,0.014,0.09,3.998,0.0,below Mara's slope
P11604,C84,secondary main sewer,branch,200,40.3,0.85,0.0,0.0,,0.0,no flow in 2030
P11605,C112,secondary main sewer,branch,200,45.4,0.6,0.0,0.0,,0.0,no flow in 2030
P11606,C12,secondary main sewer,branch,200,55.9,0.5,0.18,0.214,1.242,1.2,below Mara's slope
P11608,C12,secondary main sewer,branch,200,16.2,0.5,0.0,0.0,,0.0,no flow in 2030
P11610,C58,secondary main sewer,branch,200,36.5,1.0,0.0,0.0,,0.0,no flow in 2030
P11611,C12,secondary main sewer,branch,200,22.5,1.45,0.0,0.0,,0.0,no flow in 2030
P11613,C12,secondary main sewer,branch,200,241.7,0.8,0.006,0.077,5.954,0.0,below Mara's slope
P11614,C12,secondary main sewer,branch,200,12.2,5.9,0.0,0.0,,0.0,no flow in 2030
P11617,C01,secondary main sewer,branch,200,43.6,0.75,0.127,0.22,1.456,1.2,below Mara's slope
P11618,C12,secondary main sewer,branch,200,194.3,0.5,0.561,0.309,0.735,13.4,below Mara's slope
P11619,C112,secondary main sewer,branch,200,36.8,0.5,0.086,0.168,1.742,0.6,below Mara's slope
P11624,C112,secondary main sewer,branch,200,10.0,1.95,0.0,0.0,,0.0,no flow in 2030
P11625,C58,secondary main sewer,branch,200,86.0,0.5,0.0,0.0,,0.0,no flow in 2030
P11627,C12,secondary main sewer,branch,200,49.6,0.5,0.122,0.188,1.485,0.9,below Mara's slope
P11633,C01,secondary main sewer,branch,200,39.9,0.5,0.086,0.168,1.742,0.6,below Mara's slope
P11634,C01,secondary main sewer,branch,200,56.5,0.5,0.173,0.211,1.265,2.0,below Mara's slope
P11635,C12,secondary main sewer,branch,200,23.7,2.5,0.0,0.0,,0.0,no flow in 2030
P11638,C112,secondary main sewer,branch,200,14.5,0.75,0.086,0.193,1.742,0.6,below Mara's slope
P11639,C112,secondary main sewer,branch,200,12.8,2.05,0.0,0.0,,0.0,no flow in 2030
P11640,C143,secondary main sewer,branch,200,913.9,0.5,0.314,0.257,0.959,4.3,below Mara's slope
P11644,C58,secondary main sewer,branch,200,12.2,0.5,0.068,0.155,1.941,0.0,below Mara's slope
P11646,C03,secondary main sewer,branch,200,60.1,0.85,0.044,0.16,2.382,0.2,below Mara's slope
P11648,C12,secondary main sewer,branch,200,17.1,6.9,0.0,0.0,,0.0,no flow in 2030
P11649,C12,secondary main sewer,branch,200,47.7,0.5,0.198,0.221,1.188,0.0,below Mara's slope
P11650,C58,secondary main sewer,branch,200,34.5,0.6,0.0,0.0,,0.0,no flow in 2030
P11651,C58,secondary main sewer,branch,200,70.0,0.75,0.453,0.332,0.81,6.1,below Mara's slope
P11653,C12,secondary main sewer,branch,200,18.7,2.65,0.0,0.0,,0.0,no flow in 2030
P11654,C12,secondary main sewer,branch,200,13.9,1.25,0.0,0.0,,0.0,no flow in 2030
P11655,C84,secondary main sewer,branch,200,36.6,0.5,0.243,0.236,1.08,3.7,below Mara's slope
P11656,C58,secondary main sewer,branch,200,47.3,4.4,0.0,0.0,,0.0,no flow in 2030
P11657,C12,secondary main sewer,branch,200,16.8,2.05,0.0,0.0,,0.0,no flow in 2030
P11659,C84,secondary main sewer,branch,200,55.5,0.5,0.223,0.23,1.125,3.1,below Mara's slope
P11660,C12,secondary main sewer,branch,200,12.3,2.05,0.0,0.0,,0.0,no flow in 2030
P11662,C112,secondary main sewer,branch,200,17.6,0.7,0.127,0.215,1.456,1.2,below Mara's slope
P11663,C112,secondary main sewer,branch,200,11.3,2.95,0.0,0.0,,0.0,no flow in 2030
P11664,C12,secondary main sewer,branch,200,41.7,6.15,0.0,0.0,,0.0,no flow in 2030
P11666,C12,secondary main sewer,branch,200,10.2,1.2,0.0,0.0,,0.0,no flow in 2030
P11667,C63,secondary main sewer,branch,200,19.0,1.8,0.0,0.0,,0.0,no flow in 2030
P11668,C63,secondary main sewer,branch,200,14.5,2.15,0.0,0.0,,0.0,no flow in 2030
P11669,C63,secondary main sewer,branch,200,136.5,0.5,0.687,0.329,0.669,13.5,below Mara's slope
P11670,C63,secondary main sewer,branch,200,10.1,1.35,0.0,0.0,,0.0,no flow in 2030
P11672,C58,secondary main sewer,branch,200,14.9,0.5,0.086,0.168,1.742,0.6,below Mara's slope
P11675,C18,secondary main sewer,branch,200,95.7,0.55,0.328,0.269,0.941,0.7,below Mara's slope
P11676,C84,secondary main sewer,branch,200,12.4,2.15,0.0,0.0,,0.0,no flow in 2030
P11677,C01,secondary main sewer,branch,200,220.0,1.35,0.128,0.269,1.45,1.2,below Mara's slope
P11678,C03,secondary main sewer,branch,200,69.6,0.7,0.0,0.0,,0.0,no flow in 2030
P11679,C112,secondary main sewer,branch,200,107.6,0.6,0.423,0.301,0.837,6.7,below Mara's slope
P11680,C84,secondary main sewer,branch,200,12.9,0.8,0.086,0.197,1.742,0.6,below Mara's slope
P11681,C58,secondary main sewer,branch,200,54.5,0.5,0.101,0.177,1.62,0.6,below Mara's slope
P11683,C84,secondary main sewer,branch,200,34.5,1.15,0.086,0.223,1.742,0.6,below Mara's slope
P11685,C84,secondary main sewer,branch,200,37.9,0.5,0.223,0.23,1.123,3.2,below Mara's slope
P11687,C84,secondary main sewer,branch,200,109.2,0.8,0.227,0.272,1.116,3.1,below Mara's slope
P11688,C84,secondary main sewer,branch,200,13.0,0.7,0.086,0.188,1.742,0.6,below Mara's slope
P11689,C03,secondary main sewer,branch,200,78.6,1.4,0.057,0.207,2.107,0.3,below Mara's slope
P11690,C112,secondary main sewer,branch,200,12.8,1.7,0.027,0.169,2.992,0.1,below Mara's slope
P11691,C204,secondary main sewer,branch,200,116.3,0.5,0.008,0.072,5.248,0.0,below Mara's slope
P11692,C58,secondary main sewer,branch,200,49.1,0.5,0.329,0.261,0.939,4.3,below Mara's slope
P11695,C84,secondary main sewer,branch,200,17.2,3.9,0.0,0.0,,0.0,no flow in 2030
P11696,C58,secondary main sewer,branch,200,12.9,0.5,0.0,0.0,,0.0,no flow in 2030
P11698,C112,secondary main sewer,branch,200,31.0,3.4,0.0,0.0,,0.0,no flow in 2030
P11699,C84,secondary main sewer,branch,200,14.3,2.75,0.0,0.0,,0.0,no flow in 2030
P11701,C84,secondary main sewer,branch,200,17.7,1.35,0.127,0.268,1.456,1.2,below Mara's slope
P11703,C84,secondary main sewer,branch,200,56.6,0.5,0.246,0.237,1.074,2.4,below Mara's slope
P11705,C84,secondary main sewer,branch,200,12.9,1.7,0.086,0.255,1.742,0.6,below Mara's slope
P11706,C12,secondary main sewer,branch,200,57.8,0.5,0.289,0.25,0.997,3.7,below Mara's slope
P11710,C84,secondary main sewer,branch,200,15.8,3.2,0.0,0.0,,0.0,no flow in 2030
P11711,C63,secondary main sewer,branch,200,49.5,0.5,0.468,0.292,0.798,6.7,below Mara's slope
P11715,C58,secondary main sewer,branch,200,14.8,0.5,0.0,0.0,,0.0,no flow in 2030
P11716,C12,secondary main sewer,branch,200,93.3,0.6,0.198,0.236,1.186,2.6,below Mara's slope
P11717,C58,secondary main sewer,branch,200,10.0,5.45,0.0,0.0,,0.0,no flow in 2030
P11720,C58,secondary main sewer,branch,200,16.4,7.8,0.0,0.0,,0.0,no flow in 2030
P11723,C63,secondary main sewer,branch,200,31.6,3.1,0.0,0.0,,0.0,no flow in 2030
P11725,C63,secondary main sewer,branch,200,11.2,1.9,0.0,0.0,,0.0,no flow in 2030
P11728,C63,secondary main sewer,branch,200,13.4,4.75,0.0,0.0,,0.0,no flow in 2030
P11729,C12,secondary main sewer,branch,200,41.0,4.85,0.0,0.0,,0.0,no flow in 2030
P11730,C58,secondary main sewer,branch,200,16.1,1.65,0.086,0.252,1.742,0.6,below Mara's slope
P11731,C58,secondary main sewer,branch,200,15.1,0.75,0.086,0.193,1.742,0.6,below Mara's slope
P11732,C63,secondary main sewer,branch,200,37.3,0.8,0.086,0.197,1.742,0.6,below Mara's slope
P11733,C63,secondary main sewer,branch,200,10.4,3.85,0.0,0.0,,0.0,no flow in 2030
P11734,C63,secondary main sewer,branch,200,16.2,4.95,0.0,0.0,,0.0,no flow in 2030
P11736,C12,secondary main sewer,branch,200,32.8,0.5,0.0,0.0,,0.0,no flow in 2030
P11738,C58,secondary main sewer,branch,200,12.6,2.45,0.0,0.0,,0.0,no flow in 2030
P11741,C58,secondary main sewer,branch,200,125.5,0.85,0.0,0.0,,0.0,no flow in 2030
P11742,C63,secondary main sewer,branch,200,33.8,0.75,0.127,0.22,1.456,1.2,below Mara's slope
P11743,C18,secondary main sewer,branch,200,65.6,0.5,0.163,0.208,1.297,1.9,below Mara's slope
P11745,C63,secondary main sewer,branch,200,15.8,0.9,0.086,0.205,1.742,0.6,below Mara's slope
P11749,C58,secondary main sewer,branch,200,10.0,3.35,0.0,0.0,,0.0,no flow in 2030
P11750,C12,secondary main sewer,branch,200,22.9,1.4,0.0,0.0,,0.0,no flow in 2030
P11751,C58,secondary main sewer,branch,200,29.1,1.5,0.0,0.0,,0.0,no flow in 2030
P11752,C84,secondary main sewer,branch,200,40.1,0.5,0.0,0.0,,0.0,no flow in 2030
P11753,C63,secondary main sewer,branch,200,34.5,2.95,0.0,0.0,,0.0,no flow in 2030
P11756,C12,secondary main sewer,branch,200,24.3,0.5,0.0,0.0,,0.0,no flow in 2030
P11758,C01,secondary main sewer,branch,200,94.0,0.5,0.07,0.157,1.917,0.3,below Mara's slope
P11759,C03,secondary main sewer,branch,200,519.4,0.55,0.0,0.0,,0.0,no flow in 2030
P11760,C03,secondary main sewer,branch,200,75.6,0.5,0.069,0.156,1.925,0.5,below Mara's slope
P11761,C63,secondary main sewer,branch,200,16.8,0.5,0.161,0.206,1.307,1.8,below Mara's slope
P11765,C12,secondary main sewer,branch,200,24.2,1.1,0.0,0.0,,0.0,no flow in 2030
P11767,C01,secondary main sewer,branch,200,56.5,0.5,0.145,0.2,1.369,1.5,below Mara's slope
P11769,C01,secondary main sewer,branch,200,74.0,0.5,0.095,0.173,1.666,0.6,below Mara's slope
P11770,C03,secondary main sewer,branch,200,58.1,0.85,0.057,0.174,2.117,0.3,below Mara's slope
P11771,C12,secondary main sewer,branch,200,87.1,1.45,0.104,0.257,1.596,0.7,below Mara's slope
P11772,C284,secondary main sewer,branch,200,48.8,0.5,0.0,0.0,,0.0,no flow in 2030
P11773,C03,secondary main sewer,branch,200,63.0,0.5,0.059,0.148,2.07,0.3,below Mara's slope
P11776,C18,secondary main sewer,branch,200,162.6,1.2,0.003,0.068,8.0,0.0,below Mara's slope
P11777,C18,secondary main sewer,branch,200,83.8,0.85,0.044,0.161,2.365,0.1,below Mara's slope
P11778,C63,secondary main sewer,branch,200,228.4,0.5,0.047,0.137,2.304,0.0,below Mara's slope
P11779,C12,secondary main sewer,branch,200,182.8,0.55,0.0,0.0,,0.0,no flow in 2030
P11780,C129,secondary main sewer,branch,200,493.5,0.5,0.268,0.244,1.033,4.3,below Mara's slope
P11781,C284,secondary main sewer,branch,200,48.7,1.15,0.0,0.0,,0.0,no flow in 2030
P11782,C03,secondary main sewer,branch,200,66.1,1.0,0.06,0.188,2.058,0.4,below Mara's slope
P11783,C01,secondary main sewer,branch,200,217.2,0.5,0.008,0.074,5.127,0.0,below Mara's slope
P11784,C03,secondary main sewer,branch,200,58.7,1.7,0.066,0.233,1.966,0.4,below Mara's slope
P11785,C03,secondary main sewer,branch,200,70.9,1.2,0.0,0.0,,0.0,no flow in 2030
P11786,C03,secondary main sewer,branch,200,101.6,1.05,0.082,0.212,1.786,0.6,below Mara's slope
P11787,C09,secondary main sewer,branch,200,16.1,1.5,0.0,0.0,,0.0,no flow in 2030
P11788,C03,secondary main sewer,branch,200,167.0,0.5,0.161,0.207,1.306,1.8,below Mara's slope
P11789,C03,secondary main sewer,branch,200,377.4,0.5,0.373,0.271,0.886,4.6,below Mara's slope
P11790,C03,secondary main sewer,branch,200,171.9,0.8,0.113,0.216,1.539,0.8,below Mara's slope
P11791,C129,secondary main sewer,branch,200,190.3,0.55,0.0,0.0,,0.0,no flow in 2030
P11792,C01,secondary main sewer,branch,200,145.2,0.5,0.108,0.181,1.568,0.9,below Mara's slope
P11793,C09,secondary main sewer,branch,200,72.6,0.75,0.132,0.222,1.431,0.0,below Mara's slope
P11794,C03,secondary main sewer,branch,200,136.5,0.5,0.121,0.188,1.488,0.9,below Mara's slope
P11795,C03,secondary main sewer,branch,200,58.8,0.5,0.0,0.0,,0.0,no flow in 2030
P11796,C03,secondary main sewer,branch,200,183.6,0.85,0.37,0.325,0.89,5.8,below Mara's slope
P11797,C03,secondary main sewer,branch,200,19.9,0.5,0.0,0.0,,0.0,no flow in 2030
P11798,C03,secondary main sewer,branch,200,20.3,0.5,0.0,0.0,,0.0,no flow in 2030
P11799,C03,secondary main sewer,branch,200,232.9,1.2,0.113,0.248,1.54,1.1,below Mara's slope
P11800,C03,secondary main sewer,branch,200,272.5,0.5,0.218,0.228,1.137,3.0,below Mara's slope
P11801,C09,secondary main sewer,branch,200,160.0,0.5,0.298,0.252,0.984,5.0,below Mara's slope
P11802,C03,secondary main sewer,branch,200,102.0,0.95,0.099,0.219,1.635,0.7,below Mara's slope
P11803,C03,secondary main sewer,branch,200,74.6,1.4,0.086,0.238,1.742,0.6,below Mara's slope
P11804,C01,secondary main sewer,branch,200,148.1,0.9,0.0,0.0,,0.0,no flow in 2030
P11806,C03,secondary main sewer,branch,200,74.4,1.05,0.228,0.299,1.112,2.0,below Mara's slope
P11807,C01,secondary main sewer,branch,200,460.1,0.55,0.047,0.141,2.304,0.0,below Mara's slope
P11808,C03,secondary main sewer,branch,200,35.7,0.95,0.042,0.164,2.422,0.2,below Mara's slope
P11809,C129,secondary main sewer,branch,200,131.6,0.5,0.092,0.171,1.695,0.7,below Mara's slope
P11810,C03,secondary main sewer,branch,200,32.1,0.5,0.17,0.21,1.272,0.7,below Mara's slope
P11811,C03,secondary main sewer,branch,200,145.8,0.8,0.083,0.195,1.769,0.5,below Mara's slope
P11812,C03,secondary main sewer,branch,200,105.1,0.6,0.092,0.182,1.694,0.6,below Mara's slope
P11813,C03,secondary main sewer,branch,200,83.4,0.5,0.086,0.168,1.742,0.6,below Mara's slope
P11814,C03,secondary main sewer,branch,200,15.5,1.15,0.017,0.127,3.662,0.0,below Mara's slope
P11816,C09,secondary main sewer,branch,200,26.0,1.7,0.086,0.255,1.742,0.6,below Mara's slope
P11819,C169,secondary main sewer,branch,200,43.3,0.5,0.0,0.0,,0.0,no flow in 2030
P11820,C09,secondary main sewer,branch,200,34.3,1.1,0.087,0.221,1.733,0.6,below Mara's slope
P11822,C03,secondary main sewer,branch,200,233.9,0.5,0.127,0.191,1.459,1.0,below Mara's slope
P11823,C09,secondary main sewer,branch,200,102.1,1.4,0.01,0.112,4.676,0.0,below Mara's slope
P11825,C03,secondary main sewer,branch,200,236.0,0.5,0.349,0.265,0.915,6.3,below Mara's slope
P11827,C189,secondary main sewer,branch,200,38.1,0.5,0.0,0.0,,0.0,no flow in 2030
P11828,C03,secondary main sewer,branch,200,242.4,0.5,0.315,0.257,0.959,5.3,below Mara's slope
P11829,C09,secondary main sewer,branch,200,14.8,2.95,0.0,0.0,,0.0,no flow in 2030
P11830,C03,secondary main sewer,branch,200,306.4,0.5,0.216,0.227,1.141,2.7,below Mara's slope
P11831,C09,secondary main sewer,branch,200,168.4,0.5,0.369,0.27,0.891,4.5,below Mara's slope
P11832,C09,secondary main sewer,branch,200,52.3,2.8,0.02,0.179,3.449,0.0,below Mara's slope
P11833,C09,secondary main sewer,branch,200,96.8,1.45,0.113,0.264,1.537,0.9,below Mara's slope
P11835,C03,secondary main sewer,branch,200,354.4,0.5,0.243,0.236,1.081,3.2,below Mara's slope
P11837,C09,secondary main sewer,branch,200,122.3,0.8,0.204,0.262,1.172,2.7,below Mara's slope
P11838,C03,secondary main sewer,branch,200,82.1,0.5,0.581,0.312,0.723,1.3,below Mara's slope
P11839,C135,secondary main sewer,branch,200,94.1,0.6,0.163,0.221,1.3,1.9,below Mara's slope
P11840,C09,secondary main sewer,branch,200,232.0,0.5,0.357,0.267,0.905,6.6,below Mara's slope
P11841,C03,secondary main sewer,branch,200,151.1,1.05,0.087,0.217,1.736,0.5,below Mara's slope
P11842,C03,secondary main sewer,branch,200,150.9,1.1,0.116,0.243,1.518,0.8,below Mara's slope
P11843,C135,secondary main sewer,branch,200,21.4,0.5,0.0,0.0,,0.0,no flow in 2030
P11846,C03,secondary main sewer,branch,200,54.2,0.7,0.044,0.149,2.387,0.1,below Mara's slope
P11847,C220,secondary main sewer,branch,200,154.7,0.5,0.0,0.0,,0.0,no flow in 2030
P11848,C09,secondary main sewer,branch,200,25.8,0.7,0.085,0.188,1.752,0.0,below Mara's slope
P11849,C03,secondary main sewer,branch,200,67.4,0.5,0.052,0.142,2.196,0.2,below Mara's slope
P11850,C12,secondary main sewer,branch,200,667.9,0.5,0.0,0.0,,0.0,no flow in 2030
P11851,C220,secondary main sewer,branch,200,74.6,0.5,0.0,0.0,,0.0,no flow in 2030
P11853,C09,secondary main sewer,branch,200,106.9,0.7,0.166,0.234,1.288,1.9,below Mara's slope
P11854,C03,secondary main sewer,branch,200,76.0,0.5,0.082,0.165,1.782,0.5,below Mara's slope
P11855,C03,secondary main sewer,branch,200,114.7,0.5,0.19,0.218,1.209,2.3,below Mara's slope
P11857,C09,secondary main sewer,branch,200,159.7,0.5,0.119,0.187,1.5,1.0,below Mara's slope
P11858,C03,secondary main sewer,branch,200,299.1,0.5,0.25,0.239,1.066,3.8,below Mara's slope
P11859,C01,secondary main sewer,branch,200,259.6,0.5,0.033,0.121,2.702,0.1,below Mara's slope
P11860,C03,secondary main sewer,branch,200,380.6,0.5,0.178,0.214,1.247,1.8,below Mara's slope
P11861,C03,secondary main sewer,branch,200,65.3,0.55,0.071,0.162,1.906,0.3,below Mara's slope
P11862,C135,secondary main sewer,branch,200,103.5,0.5,0.132,0.193,1.431,0.0,below Mara's slope
P11863,C03,secondary main sewer,branch,200,102.4,1.4,0.067,0.219,1.955,0.3,below Mara's slope
P11864,C03,secondary main sewer,branch,200,67.6,0.8,0.036,0.146,2.613,0.1,below Mara's slope
P11865,C15,secondary main sewer,branch,200,106.0,0.5,0.933,0.362,0.581,22.1,below Mara's slope
P11866,C03,secondary main sewer,branch,200,59.6,2.6,0.0,0.0,,0.0,no flow in 2030
P11867,C03,secondary main sewer,branch,200,86.4,1.65,0.074,0.24,1.866,0.4,below Mara's slope
P11868,C09,secondary main sewer,branch,200,97.3,0.5,0.06,0.149,2.057,0.3,below Mara's slope
P11870,C03,secondary main sewer,branch,200,173.3,0.5,0.094,0.173,1.672,0.6,below Mara's slope
P11871,C09,secondary main sewer,branch,200,105.7,0.5,0.0,0.0,,0.0,no flow in 2030
P11873,C09,secondary main sewer,branch,200,419.7,0.5,0.32,0.258,0.952,5.5,below Mara's slope
P11875,C03,secondary main sewer,branch,200,77.9,0.5,0.088,0.169,1.724,0.5,below Mara's slope
P11876,C03,secondary main sewer,branch,200,97.3,0.7,0.083,0.186,1.771,0.5,below Mara's slope
P11878,C09,secondary main sewer,branch,200,10.0,0.5,0.0,0.0,,0.0,no flow in 2030
P11879,C03,secondary main sewer,branch,200,117.8,0.85,0.0,0.0,,0.0,no flow in 2030
P11880,C09,secondary main sewer,branch,200,264.5,0.5,0.281,0.248,1.011,3.8,below Mara's slope
P11881,C08,secondary main sewer,branch,200,48.5,1.85,0.075,0.25,1.859,0.4,below Mara's slope
P11882,C15,secondary main sewer,branch,200,159.9,1.0,0.127,0.242,1.458,1.0,below Mara's slope
P11883,C08,secondary main sewer,branch,200,57.1,0.7,0.114,0.207,1.529,0.9,below Mara's slope
P11884,C03,secondary main sewer,branch,200,76.5,0.75,0.05,0.16,2.238,0.2,below Mara's slope
P11885,C03,secondary main sewer,branch,200,642.4,0.5,0.35,0.266,0.913,5.0,below Mara's slope
P11886,C03,secondary main sewer,branch,200,30.5,0.5,0.0,0.0,,0.0,no flow in 2030
P11889,C03,secondary main sewer,branch,200,74.3,0.5,0.009,0.076,4.904,0.0,below Mara's slope
P11890,C09,secondary main sewer,branch,200,83.7,0.75,0.096,0.2,1.66,0.7,below Mara's slope
P11891,C03,secondary main sewer,branch,200,149.5,0.7,0.135,0.219,1.418,1.1,below Mara's slope
P11893,C01,secondary main sewer,branch,200,612.3,0.55,0.006,0.066,6.102,0.0,below Mara's slope
P11894,C03,secondary main sewer,branch,200,178.8,0.55,0.178,0.221,1.247,1.9,below Mara's slope
P11895,C88,secondary main sewer,branch,200,13.8,0.5,0.178,0.214,1.246,0.0,below Mara's slope
P11897,C09,secondary main sewer,branch,200,64.2,1.1,0.141,0.259,1.39,1.2,below Mara's slope
P11898,C09,secondary main sewer,branch,200,49.0,7.15,0.0,0.0,,0.0,no flow in 2030
P11899,C03,secondary main sewer,branch,200,54.1,0.5,0.036,0.125,2.598,0.1,below Mara's slope
P11900,C88,secondary main sewer,branch,200,354.8,0.5,0.541,0.305,0.747,2.6,below Mara's slope
P11901,C03,secondary main sewer,branch,200,174.7,0.5,0.147,0.2,1.363,1.5,below Mara's slope
P11904,C09,secondary main sewer,branch,200,25.7,0.95,0.086,0.209,1.742,0.6,below Mara's slope
P11905,C88,secondary main sewer,branch,200,95.9,0.5,0.288,0.25,0.999,2.5,below Mara's slope
P11906,C09,secondary main sewer,branch,200,12.9,0.8,0.0,0.0,,0.0,no flow in 2030
P11907,C09,secondary main sewer,branch,200,26.9,0.9,0.226,0.282,1.118,1.2,below Mara's slope
P11908,C15,secondary main sewer,branch,200,242.4,0.5,0.302,0.253,0.978,5.1,below Mara's slope
P11909,C15,secondary main sewer,branch,200,161.5,0.5,0.522,0.302,0.76,9.2,below Mara's slope
P11910,C09,secondary main sewer,branch,200,17.8,1.55,0.086,0.247,1.742,0.6,below Mara's slope
P11911,C09,secondary main sewer,branch,200,131.1,0.55,0.095,0.179,1.666,0.7,below Mara's slope
P11912,C08,secondary main sewer,branch,200,77.7,1.65,0.04,0.194,2.482,0.1,below Mara's slope
P11915,C09,secondary main sewer,branch,200,26.0,0.9,0.098,0.214,1.644,0.7,below Mara's slope
P11916,C15,secondary main sewer,branch,200,152.2,1.4,0.104,0.254,1.596,0.7,below Mara's slope
P11918,C15,secondary main sewer,branch,200,10.4,0.6,0.0,0.0,,0.0,no flow in 2030
P11920,C03,secondary main sewer,branch,200,63.0,1.2,0.072,0.213,1.893,0.4,below Mara's slope
P11921,C08,secondary main sewer,branch,200,123.8,0.75,0.124,0.218,1.473,1.1,below Mara's slope
P11922,C08,secondary main sewer,branch,200,59.3,0.5,0.143,0.199,1.379,1.4,below Mara's slope
P11923,C01,secondary main sewer,branch,200,55.9,2.0,0.017,0.152,3.695,0.0,below Mara's slope
P11926,C09,secondary main sewer,branch,200,85.2,0.5,0.247,0.238,1.072,3.7,below Mara's slope
P11927,C03,secondary main sewer,branch,200,197.9,0.5,0.131,0.193,1.438,1.2,below Mara's slope
P11928,C88,secondary main sewer,branch,200,162.8,0.5,0.452,0.288,0.811,9.2,below Mara's slope
P11929,C08,secondary main sewer,branch,200,122.1,1.3,0.162,0.287,1.301,1.7,below Mara's slope
P11930,C03,secondary main sewer,branch,200,148.6,0.65,0.182,0.236,1.234,2.2,below Mara's slope
P11931,C08,secondary main sewer,branch,200,123.1,0.75,0.208,0.258,1.161,2.8,below Mara's slope
P11932,C03,secondary main sewer,branch,200,49.6,0.5,0.034,0.122,2.668,0.1,below Mara's slope
P11933,C09,secondary main sewer,branch,200,147.5,0.55,0.376,0.281,0.883,7.3,below Mara's slope
P11935,C88,secondary main sewer,branch,200,31.8,0.5,0.0,0.0,,0.0,no flow in 2030
P11939,C88,secondary main sewer,branch,200,71.5,0.5,0.218,0.228,1.137,3.0,below Mara's slope
P11940,C01,secondary main sewer,branch,200,148.7,0.55,0.0,0.0,,0.0,no flow in 2030
P11941,C03,secondary main sewer,branch,200,144.8,1.05,0.081,0.212,1.789,0.4,below Mara's slope
P11942,C08,secondary main sewer,branch,200,69.1,0.5,0.0,0.0,,0.0,no flow in 2030
P11943,C03,secondary main sewer,branch,200,14.4,2.1,0.008,0.115,5.322,0.0,below Mara's slope
P11944,C03,secondary main sewer,branch,200,36.3,0.9,0.131,0.236,1.438,1.3,below Mara's slope
P11946,C15,secondary main sewer,branch,200,143.9,0.6,0.184,0.23,1.227,2.1,below Mara's slope
P11947,C01,secondary main sewer,branch,200,22.6,0.6,0.0,0.0,,0.0,no flow in 2030
P11948,C09,secondary main sewer,branch,200,33.6,0.5,0.243,0.236,1.08,3.1,below Mara's slope
P11950,C03,secondary main sewer,branch,200,233.4,0.5,0.005,0.063,6.2,0.0,below Mara's slope
P11951,C08,secondary main sewer,branch,200,62.6,2.4,0.0,0.0,,0.0,no flow in 2030
P11952,C03,secondary main sewer,branch,200,177.8,0.5,0.187,0.217,1.218,2.2,below Mara's slope
P11953,C03,secondary main sewer,branch,200,130.7,0.6,0.21,0.24,1.156,2.8,below Mara's slope
P11954,C246,secondary main sewer,branch,200,11.3,0.5,0.0,0.0,,0.0,no flow in 2030
P11955,C246,secondary main sewer,branch,200,116.0,0.6,0.0,0.0,,0.0,no flow in 2030
P11956,C09,secondary main sewer,branch,200,225.4,0.5,0.691,0.33,0.667,10.0,below Mara's slope
P11957,C09,secondary main sewer,branch,200,50.8,0.5,0.004,0.057,6.994,0.0,below Mara's slope
P11959,C09,secondary main sewer,branch,200,106.3,0.5,0.061,0.149,2.041,0.3,below Mara's slope
P11960,C09,secondary main sewer,branch,200,40.9,0.7,0.044,0.15,2.381,0.1,below Mara's slope
P11962,C09,secondary main sewer,branch,200,69.7,0.5,0.122,0.189,1.484,1.0,below Mara's slope
P11964,C15,secondary main sewer,branch,200,38.3,0.5,0.0,0.0,,0.0,no flow in 2030
P11966,C01,secondary main sewer,branch,200,110.2,0.5,0.0,0.0,,0.0,no flow in 2030
P11967,C09,secondary main sewer,branch,200,77.7,0.6,0.096,0.185,1.659,0.7,below Mara's slope
P11969,C01,secondary main sewer,branch,200,236.8,0.5,0.091,0.171,1.699,0.9,below Mara's slope
P11970,C09,secondary main sewer,branch,200,32.4,0.5,0.25,0.238,1.066,2.4,below Mara's slope
P11972,C15,secondary main sewer,branch,200,28.5,0.65,0.0,0.0,,0.0,no flow in 2030
P11974,C03,secondary main sewer,branch,200,109.0,0.5,0.269,0.244,1.032,4.3,below Mara's slope
P11975,C03,secondary main sewer,branch,200,157.7,0.5,0.152,0.203,1.341,1.6,below Mara's slope
P11976,C03,secondary main sewer,branch,200,120.4,0.6,0.086,0.179,1.742,0.6,below Mara's slope
P11977,C03,secondary main sewer,branch,200,200.8,0.5,0.177,0.213,1.25,2.0,below Mara's slope
P11978,C08,secondary main sewer,branch,200,60.1,0.75,0.105,0.206,1.588,0.8,below Mara's slope
P11980,C01,secondary main sewer,branch,200,614.2,0.5,0.126,0.191,1.46,1.8,below Mara's slope
P11981,C03,secondary main sewer,branch,200,126.0,0.55,0.069,0.161,1.926,0.3,below Mara's slope
P11982,C09,secondary main sewer,branch,200,89.3,0.5,0.799,0.345,0.624,18.3,below Mara's slope
P11983,C03,secondary main sewer,branch,200,165.1,0.75,0.268,0.28,1.033,4.2,below Mara's slope
P11984,C09,secondary main sewer,branch,200,55.9,0.5,0.047,0.137,2.304,0.0,below Mara's slope
P11985,C03,secondary main sewer,branch,200,250.0,0.5,0.358,0.268,0.904,6.6,below Mara's slope
P11986,C03,secondary main sewer,branch,200,68.3,0.5,0.071,0.157,1.902,0.4,below Mara's slope
P11987,C03,secondary main sewer,branch,200,22.4,0.7,0.127,0.215,1.456,1.2,below Mara's slope
P11988,C03,secondary main sewer,branch,200,17.6,0.5,0.0,0.0,,0.0,no flow in 2030
P11989,C03,secondary main sewer,branch,200,19.3,1.5,0.0,0.0,,0.0,no flow in 2030
P11990,C15,secondary main sewer,branch,200,79.6,0.95,0.057,0.182,2.102,0.2,below Mara's slope
P11991,C15,secondary main sewer,branch,200,141.7,0.5,0.127,0.191,1.456,1.2,below Mara's slope
P11993,C03,secondary main sewer,branch,200,23.6,0.5,0.047,0.137,2.304,0.0,below Mara's slope
P11995,C03,secondary main sewer,branch,200,93.0,0.5,0.0,0.0,,0.0,no flow in 2030
P11996,C15,secondary main sewer,branch,200,81.2,0.95,0.071,0.196,1.907,0.3,below Mara's slope
P11997,C09,secondary main sewer,branch,200,90.5,0.5,0.127,0.191,1.456,1.2,below Mara's slope
P11999,C03,secondary main sewer,branch,200,287.6,0.5,0.185,0.216,1.224,2.2,below Mara's slope
P12000,C09,secondary main sewer,branch,200,54.5,0.65,0.099,0.192,1.635,0.7,below Mara's slope
P12001,C09,secondary main sewer,branch,200,223.2,0.5,0.288,0.25,1.0,1.8,below Mara's slope
P12002,C15,secondary main sewer,branch,200,159.9,0.5,0.339,0.263,0.926,4.3,below Mara's slope
P12003,C09,secondary main sewer,branch,200,55.7,0.5,0.249,0.238,1.069,1.2,below Mara's slope
P12005,C03,secondary main sewer,branch,200,215.1,0.5,0.227,0.231,1.114,3.0,below Mara's slope
P12006,C08,secondary main sewer,branch,200,73.5,0.5,0.167,0.209,1.283,1.9,below Mara's slope
P12007,C15,secondary main sewer,branch,200,22.4,0.55,0.034,0.126,2.692,0.1,below Mara's slope
P12008,C01,secondary main sewer,branch,200,121.5,0.5,0.025,0.109,3.103,0.1,below Mara's slope
P12009,C03,secondary main sewer,branch,200,82.5,0.5,0.132,0.193,1.433,1.2,below Mara's slope
P12010,C88,secondary main sewer,branch,200,204.4,0.5,0.276,0.246,1.018,2.9,below Mara's slope
P12011,C03,secondary main sewer,branch,200,271.8,0.85,0.229,0.278,1.111,3.1,below Mara's slope
P12012,C03,secondary main sewer,branch,200,179.8,0.5,0.281,0.248,1.01,2.2,below Mara's slope
P12013,C09,secondary main sewer,branch,200,24.5,0.5,0.0,0.0,,0.0,no flow in 2030
P12014,C15,secondary main sewer,branch,200,25.8,0.5,0.0,0.0,,0.0,no flow in 2030
P12015,C88,secondary main sewer,branch,200,233.2,0.75,0.168,0.241,1.281,1.8,below Mara's slope
P12016,C246,secondary main sewer,branch,200,10.0,0.5,0.0,0.0,,0.0,no flow in 2030
P12017,C01,secondary main sewer,branch,200,232.7,0.75,0.241,0.271,1.084,5.5,below Mara's slope
P12019,C03,secondary main sewer,branch,200,80.8,0.5,0.083,0.166,1.775,0.5,below Mara's slope
P12020,C03,secondary main sewer,branch,200,97.1,0.7,0.167,0.235,1.283,1.9,below Mara's slope
P12021,C09,secondary main sewer,branch,200,150.7,0.5,0.274,0.246,1.022,4.4,below Mara's slope
P12022,C09,secondary main sewer,branch,200,50.9,0.9,0.218,0.279,1.137,3.0,below Mara's slope
P12023,C03,secondary main sewer,branch,200,62.6,0.8,0.11,0.214,1.558,0.9,below Mara's slope
P12024,C08,secondary main sewer,branch,200,60.3,1.15,0.135,0.259,1.418,1.3,below Mara's slope
P12025,C03,secondary main sewer,branch,200,73.5,0.5,0.082,0.165,1.785,0.5,below Mara's slope
P12026,C03,secondary main sewer,branch,200,56.4,0.55,0.168,0.216,1.281,1.9,below Mara's slope
P12028,C09,secondary main sewer,branch,200,63.9,0.5,0.159,0.206,1.315,0.0,below Mara's slope
P12029,C03,secondary main sewer,branch,200,65.9,0.8,0.263,0.285,1.041,1.4,below Mara's slope
P12030,C15,secondary main sewer,branch,200,58.0,0.5,0.0,0.0,,0.0,no flow in 2030
P12032,C03,secondary main sewer,branch,200,58.7,0.5,0.074,0.16,1.867,0.4,below Mara's slope
P12033,C03,secondary main sewer,branch,200,36.9,0.5,0.164,0.208,1.294,1.9,below Mara's slope
P12035,C03,secondary main sewer,branch,200,53.1,0.5,0.126,0.191,1.461,0.0,below Mara's slope
P12036,C03,secondary main sewer,branch,200,153.4,0.65,0.349,0.291,0.915,0.5,below Mara's slope
P12039,C03,secondary main sewer,branch,200,24.0,1.6,0.008,0.106,5.291,0.0,below Mara's slope
P12040,C15,secondary main sewer,branch,200,25.7,0.5,0.0,0.0,,0.0,no flow in 2030
P12041,C08,secondary main sewer,branch,200,69.7,1.0,0.089,0.215,1.719,0.5,below Mara's slope
P12042,C03,secondary main sewer,branch,200,147.0,0.5,0.204,0.223,1.17,2.6,below Mara's slope
P12043,C15,secondary main sewer,branch,200,19.8,0.5,0.0,0.0,,0.0,no flow in 2030
P12044,C15,secondary main sewer,branch,200,19.8,0.5,0.0,0.0,,0.0,no flow in 2030
P12046,C03,secondary main sewer,branch,200,63.1,0.7,0.086,0.188,1.74,0.5,below Mara's slope
P12047,C08,secondary main sewer,branch,200,23.3,1.45,0.0,0.0,,0.0,no flow in 2030
P12048,C09,secondary main sewer,branch,200,138.5,0.9,0.147,0.245,1.363,1.5,below Mara's slope
P12049,C08,secondary main sewer,branch,200,107.0,0.5,0.101,0.177,1.623,1.2,below Mara's slope
P12050,C09,secondary main sewer,branch,200,103.1,0.5,0.377,0.272,0.883,4.3,below Mara's slope
P12051,C15,secondary main sewer,branch,200,87.1,0.5,0.0,0.0,,0.0,no flow in 2030
P12052,C09,secondary main sewer,branch,200,159.4,0.8,0.225,0.271,1.12,3.1,below Mara's slope
P12053,C03,secondary main sewer,branch,200,83.3,1.05,0.117,0.24,1.514,1.0,below Mara's slope
P12054,C03,secondary main sewer,branch,200,105.5,0.5,0.206,0.224,1.165,2.7,below Mara's slope
P12055,C240,secondary main sewer,branch,200,34.3,0.5,0.0,0.0,,0.0,no flow in 2030
P12056,C15,secondary main sewer,branch,200,102.0,0.6,0.52,0.321,0.761,0.7,below Mara's slope
P12057,C09,secondary main sewer,branch,200,38.0,0.5,0.0,0.0,,0.0,no flow in 2030
P12058,C03,secondary main sewer,branch,200,60.5,0.5,0.11,0.182,1.56,0.9,below Mara's slope
P12059,C15,secondary main sewer,branch,200,238.3,0.5,0.22,0.229,1.131,3.0,below Mara's slope
P12060,C03,secondary main sewer,branch,200,117.3,0.5,0.214,0.227,1.146,2.9,below Mara's slope
P12061,C08,secondary main sewer,branch,200,47.7,0.5,0.0,0.0,,0.0,no flow in 2030
P12062,C15,secondary main sewer,branch,200,151.9,0.55,0.267,0.252,1.034,4.3,below Mara's slope
P12063,C03,secondary main sewer,branch,200,21.1,0.5,0.038,0.127,2.542,0.1,below Mara's slope
P12064,C01,secondary main sewer,branch,200,31.2,0.5,0.0,0.0,,0.0,no flow in 2030
P12065,C08,secondary main sewer,branch,200,71.3,1.15,0.114,0.245,1.533,0.9,below Mara's slope
P12067,C03,secondary main sewer,branch,200,40.3,0.5,0.038,0.127,2.537,0.1,below Mara's slope
P12068,C03,secondary main sewer,branch,200,275.3,0.5,0.172,0.211,1.266,1.9,below Mara's slope
P12069,C09,secondary main sewer,branch,200,123.3,0.55,0.139,0.203,1.399,1.2,below Mara's slope
P12070,C03,secondary main sewer,branch,200,55.4,1.85,0.071,0.245,1.902,0.4,below Mara's slope
P12072,C05,secondary main sewer,branch,200,26.5,1.35,0.131,0.271,1.438,1.3,below Mara's slope
P12073,C03,secondary main sewer,branch,200,75.8,0.5,0.171,0.211,1.269,2.0,below Mara's slope
P12074,C09,secondary main sewer,branch,200,68.2,0.8,0.0,0.0,,0.0,no flow in 2030
P12075,C03,secondary main sewer,branch,200,32.7,0.7,0.035,0.138,2.648,0.1,below Mara's slope
P12076,C03,secondary main sewer,branch,200,264.5,0.5,0.169,0.21,1.276,1.6,below Mara's slope
P12077,C08,secondary main sewer,branch,200,213.7,0.5,0.176,0.213,1.253,2.0,below Mara's slope
P12078,C15,secondary main sewer,branch,200,29.3,0.6,0.051,0.15,2.213,0.2,below Mara's slope
P12079,C161,secondary main sewer,branch,200,26.4,1.05,0.041,0.167,2.457,0.1,below Mara's slope
P12080,C15,secondary main sewer,branch,200,151.8,0.5,0.049,0.139,2.261,0.2,below Mara's slope
P12081,C03,secondary main sewer,branch,200,61.9,0.5,0.055,0.145,2.137,0.2,below Mara's slope
P12082,C08,secondary main sewer,branch,200,75.8,0.6,0.089,0.181,1.714,0.5,below Mara's slope
P12083,C240,secondary main sewer,branch,200,42.9,0.7,0.0,0.0,,0.0,no flow in 2030
P12084,C15,secondary main sewer,branch,200,110.2,0.5,0.068,0.155,1.941,0.0,below Mara's slope
P12085,C279,secondary main sewer,branch,200,42.0,1.45,0.0,0.0,,0.0,no flow in 2030
P12086,C03,secondary main sewer,branch,200,387.5,1.0,0.0,0.0,,0.0,no flow in 2030
P12087,C08,secondary main sewer,branch,200,149.0,0.75,0.034,0.14,2.685,0.1,below Mara's slope
P12088,C03,secondary main sewer,branch,200,92.3,0.55,0.263,0.251,1.042,3.7,below Mara's slope
P12089,C08,secondary main sewer,branch,200,72.2,0.65,0.142,0.217,1.384,1.4,below Mara's slope
P12090,C254,secondary main sewer,branch,200,84.4,0.75,0.032,0.137,2.767,0.1,below Mara's slope
P12092,C15,secondary main sewer,branch,200,109.4,0.5,0.08,0.164,1.805,0.4,below Mara's slope
P12093,C08,secondary main sewer,branch,200,138.4,0.5,0.105,0.18,1.588,1.3,below Mara's slope
P12094,C03,secondary main sewer,branch,200,102.9,0.65,0.104,0.196,1.597,0.7,below Mara's slope
P12095,C08,secondary main sewer,branch,200,108.5,0.5,0.016,0.093,3.821,0.0,below Mara's slope
P12096,C21,secondary main sewer,branch,200,24.9,1.45,0.0,0.0,,0.0,no flow in 2030
P12097,C03,secondary main sewer,branch,200,57.0,0.5,0.118,0.186,1.507,1.0,below Mara's slope
P12098,C08,secondary main sewer,branch,200,124.8,0.9,0.179,0.262,1.245,2.0,below Mara's slope
P12099,C08,secondary main sewer,branch,200,24.2,2.45,0.038,0.217,2.546,0.1,below Mara's slope
P12100,C08,secondary main sewer,branch,200,284.1,0.5,0.248,0.238,1.071,3.7,below Mara's slope
P12103,C08,secondary main sewer,branch,200,39.4,0.5,0.017,0.096,3.675,0.0,below Mara's slope
P12104,C03,secondary main sewer,branch,200,80.9,0.7,0.072,0.177,1.895,0.4,below Mara's slope
P12105,C03,secondary main sewer,branch,200,63.3,0.5,0.195,0.22,1.196,1.1,below Mara's slope
P12106,C01,secondary main sewer,branch,200,196.8,0.5,0.171,0.211,1.27,3.1,below Mara's slope
P12107,C01,secondary main sewer,branch,200,50.0,0.5,0.181,0.215,1.238,1.2,below Mara's slope
P12108,C03,secondary main sewer,branch,200,112.4,0.95,0.0,0.0,,0.0,no flow in 2030
P12109,C05,secondary main sewer,branch,200,19.0,1.0,0.0,0.0,,0.0,no flow in 2030
P12110,C01,secondary main sewer,branch,200,12.1,0.5,0.0,0.0,,0.0,no flow in 2030
P12111,C03,secondary main sewer,branch,200,114.4,0.5,0.268,0.244,1.032,4.2,below Mara's slope
P12112,C262,secondary main sewer,branch,200,276.4,0.85,0.017,0.114,3.711,0.0,below Mara's slope
P12113,C254,secondary main sewer,branch,200,93.5,0.5,0.24,0.235,1.087,0.7,below Mara's slope
P12114,C05,secondary main sewer,branch,200,264.2,0.8,0.4,0.327,0.858,6.1,below Mara's slope
P12116,C05,secondary main sewer,branch,200,64.6,0.5,0.179,0.214,1.244,0.7,below Mara's slope
P12117,C08,secondary main sewer,branch,200,113.9,0.9,0.106,0.22,1.587,0.8,below Mara's slope
P12118,C08,secondary main sewer,branch,200,259.0,0.6,0.264,0.258,1.041,3.9,below Mara's slope
P12119,C05,secondary main sewer,branch,200,226.0,0.5,0.272,0.245,1.026,3.0,below Mara's slope
P12121,C09,secondary main sewer,branch,200,46.3,0.7,0.127,0.215,1.456,1.2,below Mara's slope
P12122,C01,secondary main sewer,branch,200,20.6,0.5,0.0,0.0,,0.0,no flow in 2030
P12123,C15,secondary main sewer,branch,200,155.7,0.5,0.32,0.258,0.951,2.7,below Mara's slope
P12124,C15,secondary main sewer,branch,200,101.3,0.65,0.181,0.235,1.237,2.2,below Mara's slope
P12125,C21,secondary main sewer,branch,200,107.4,0.5,0.038,0.127,2.552,0.1,below Mara's slope
P12128,C03,secondary main sewer,branch,200,34.4,3.65,0.0,0.0,,0.0,no flow in 2030
P12129,C01,secondary main sewer,branch,200,389.6,0.55,0.069,0.161,1.935,0.6,below Mara's slope
P12130,C03,secondary main sewer,branch,200,267.2,0.5,0.124,0.19,1.473,0.9,below Mara's slope
P12131,C15,secondary main sewer,branch,200,33.6,1.05,0.093,0.222,1.682,0.7,below Mara's slope
P12132,C08,secondary main sewer,branch,200,35.9,1.7,0.074,0.242,1.869,0.7,below Mara's slope
P12133,C09,secondary main sewer,branch,200,53.3,0.95,0.167,0.261,1.285,1.9,below Mara's slope
P12134,C213,secondary main sewer,branch,200,19.8,0.5,0.0,0.0,,0.0,no flow in 2030
P12135,C277,secondary main sewer,branch,200,193.2,0.5,0.0,0.0,,0.0,no flow in 2030
P12136,C05,secondary main sewer,branch,200,47.4,0.5,0.099,0.176,1.635,0.7,below Mara's slope
P12137,C09,secondary main sewer,branch,200,116.7,0.5,0.058,0.147,2.089,0.2,below Mara's slope
P12138,C279,secondary main sewer,branch,200,144.1,0.5,0.066,0.153,1.974,0.1,below Mara's slope
P12142,C05,secondary main sewer,branch,200,51.5,0.85,0.086,0.201,1.742,0.6,below Mara's slope
P12144,C15,secondary main sewer,branch,200,60.5,0.65,0.118,0.204,1.508,1.0,below Mara's slope
P12145,C09,secondary main sewer,branch,200,64.4,1.1,0.052,0.184,2.206,0.2,below Mara's slope
P12147,C05,secondary main sewer,branch,200,64.5,0.55,0.127,0.198,1.456,1.2,below Mara's slope
P12148,C05,secondary main sewer,branch,200,129.4,0.5,0.112,0.183,1.542,0.7,below Mara's slope
P12149,C05,secondary main sewer,branch,200,24.1,1.2,0.0,0.0,,0.0,no flow in 2030
P12150,C283,secondary main sewer,branch,200,111.8,0.6,0.0,0.0,,0.0,no flow in 2030
P12151,C283,secondary main sewer,branch,200,53.8,0.8,0.095,0.204,1.663,0.7,below Mara's slope
P12154,C08,secondary main sewer,branch,200,108.5,1.1,0.101,0.231,1.623,0.7,below Mara's slope
P12155,C15,secondary main sewer,branch,200,132.5,0.9,0.085,0.205,1.75,0.5,below Mara's slope
P12156,C273,secondary main sewer,branch,200,206.6,0.5,0.0,0.0,,0.0,no flow in 2030
P12157,C01,secondary main sewer,branch,200,49.4,0.6,0.19,0.232,1.209,2.4,below Mara's slope
P12158,C223,secondary main sewer,branch,200,83.6,1.35,0.106,0.253,1.581,0.8,below Mara's slope
P12159,C223,secondary main sewer,branch,200,64.1,0.5,0.059,0.148,2.074,0.2,below Mara's slope
P12160,C15,secondary main sewer,branch,200,29.1,2.3,0.0,0.0,,0.0,no flow in 2030
P12161,C223,secondary main sewer,branch,200,153.6,0.8,0.161,0.243,1.304,1.7,below Mara's slope
P12162,C01,secondary main sewer,branch,200,41.9,0.5,0.205,0.224,1.168,0.7,below Mara's slope
P12163,C01,secondary main sewer,branch,200,14.9,1.2,0.0,0.0,,0.0,no flow in 2030
P12164,C223,secondary main sewer,branch,200,57.5,0.65,0.079,0.178,1.818,0.4,below Mara's slope
P12165,C09,secondary main sewer,branch,200,19.2,0.5,0.0,0.0,,0.0,no flow in 2030
P12166,C08,secondary main sewer,branch,200,164.4,1.0,0.084,0.211,1.766,0.8,below Mara's slope
P12167,C01,secondary main sewer,branch,200,121.7,0.9,0.148,0.246,1.36,1.5,below Mara's slope
P12168,C05,secondary main sewer,branch,200,109.9,0.5,0.128,0.192,1.45,1.1,below Mara's slope
P12169,C08,secondary main sewer,branch,200,136.8,0.55,0.205,0.231,1.168,2.6,below Mara's slope
P12170,C08,secondary main sewer,branch,200,70.1,1.0,0.079,0.206,1.817,0.8,below Mara's slope
P12171,C01,secondary main sewer,branch,200,66.3,0.8,0.218,0.268,1.137,3.0,below Mara's slope
P12172,C08,secondary main sewer,branch,200,78.3,2.3,0.043,0.222,2.402,0.2,below Mara's slope
P12173,C132,secondary main sewer,branch,200,428.1,0.5,0.08,0.164,1.806,0.5,below Mara's slope
P12174,C08,secondary main sewer,branch,200,87.2,0.6,0.167,0.223,1.283,1.9,below Mara's slope
P12175,C174,secondary main sewer,branch,200,17.0,0.5,0.0,0.0,,0.0,no flow in 2030
P12176,C174,secondary main sewer,branch,200,172.9,0.5,0.0,0.0,,0.0,no flow in 2030
P12177,C08,secondary main sewer,branch,200,94.6,0.85,0.152,0.243,1.34,2.5,below Mara's slope
P12178,C01,secondary main sewer,branch,200,131.3,0.5,0.296,0.252,0.987,5.0,below Mara's slope
P12179,C01,secondary main sewer,branch,200,96.3,0.5,0.183,0.216,1.23,2.2,below Mara's slope
P12180,C132,secondary main sewer,branch,200,249.5,0.6,0.056,0.154,2.129,0.3,below Mara's slope
P12182,C01,secondary main sewer,branch,200,22.8,1.3,0.0,0.0,,0.0,no flow in 2030
P12183,C01,secondary main sewer,branch,200,62.7,0.5,0.292,0.251,0.992,4.9,below Mara's slope
P12184,C08,secondary main sewer,branch,200,212.0,0.5,0.122,0.189,1.483,1.6,below Mara's slope
P12185,C05,secondary main sewer,branch,200,133.7,0.5,0.216,0.227,1.141,2.9,below Mara's slope
P12186,C05,secondary main sewer,branch,200,157.3,0.5,0.145,0.199,1.373,1.5,below Mara's slope
P12187,C01,secondary main sewer,branch,200,111.5,0.5,0.294,0.251,0.989,5.0,below Mara's slope
P12188,C01,secondary main sewer,branch,200,61.2,0.5,0.433,0.284,0.828,7.9,below Mara's slope
P12189,C01,secondary main sewer,branch,200,129.9,0.5,0.33,0.261,0.938,5.7,below Mara's slope
P12190,C01,secondary main sewer,branch,200,136.4,0.5,0.279,0.247,1.014,4.5,below Mara's slope
P12191,C01,secondary main sewer,branch,200,126.5,0.5,0.086,0.168,1.741,0.6,below Mara's slope
P12192,C20,secondary main sewer,branch,200,464.7,0.5,0.0,0.0,,0.0,no flow in 2030
P12193,C01,secondary main sewer,branch,200,130.9,0.5,0.291,0.25,0.995,4.9,below Mara's slope
P12194,C01,secondary main sewer,branch,200,53.6,0.75,0.161,0.237,1.307,1.8,below Mara's slope
P12195,C01,secondary main sewer,branch,200,41.5,0.55,0.086,0.173,1.742,0.6,below Mara's slope
P12196,C05,secondary main sewer,branch,200,217.9,0.7,0.307,0.286,0.97,5.1,below Mara's slope
P12197,C08,secondary main sewer,branch,200,32.5,1.45,0.068,0.222,1.944,0.3,below Mara's slope
P12198,C15,secondary main sewer,branch,200,185.5,0.75,0.164,0.239,1.294,0.3,below Mara's slope
P12199,C115,secondary main sewer,branch,200,235.2,0.5,0.043,0.133,2.398,0.2,below Mara's slope
P12200,C05,secondary main sewer,branch,200,32.5,0.6,0.096,0.185,1.656,0.7,below Mara's slope
P12201,C01,secondary main sewer,branch,200,14.5,1.0,0.0,0.0,,0.0,no flow in 2030
P12202,C69,secondary main sewer,branch,200,61.5,1.65,0.08,0.246,1.804,0.4,below Mara's slope
P12203,C05,secondary main sewer,branch,200,108.4,0.5,0.114,0.184,1.53,0.9,below Mara's slope
P12205,C125,secondary main sewer,branch,200,71.6,0.5,0.024,0.108,3.135,0.1,below Mara's slope
P12206,C05,secondary main sewer,branch,200,62.6,0.5,0.142,0.198,1.384,1.4,below Mara's slope
P12207,C01,secondary main sewer,branch,200,53.8,0.5,0.275,0.246,1.021,4.3,below Mara's slope
P12209,C05,secondary main sewer,branch,200,178.5,0.5,0.0,0.0,,0.0,no flow in 2030
P12210,C125,secondary main sewer,branch,200,147.7,0.5,0.047,0.136,2.313,0.2,below Mara's slope
P12211,C05,secondary main sewer,branch,200,154.1,0.5,0.278,0.247,1.016,4.5,below Mara's slope
P12213,C53,secondary main sewer,branch,200,59.4,1.15,0.025,0.145,3.095,0.1,below Mara's slope
P12214,C15,secondary main sewer,branch,200,10.8,1.05,0.0,0.0,,0.0,no flow in 2030
P12215,C05,secondary main sewer,branch,200,113.7,0.5,0.243,0.236,1.081,3.4,below Mara's slope
P12216,C05,secondary main sewer,branch,200,113.6,0.5,0.171,0.211,1.27,2.0,below Mara's slope
P12217,C05,secondary main sewer,branch,200,47.7,0.75,0.086,0.193,1.742,0.6,below Mara's slope
P12219,C03,secondary main sewer,branch,200,507.3,0.5,0.0,0.0,,0.0,no flow in 2030
P12220,C01,secondary main sewer,branch,200,54.7,0.5,0.0,0.0,,0.0,no flow in 2030
P12222,C05,secondary main sewer,branch,200,67.7,0.5,0.136,0.196,1.411,1.3,below Mara's slope
P12223,C08,secondary main sewer,branch,200,118.4,0.5,0.136,0.195,1.412,2.0,below Mara's slope
P12224,C01,secondary main sewer,branch,200,125.1,0.7,0.355,0.3,0.907,6.7,below Mara's slope
P12225,C01,secondary main sewer,branch,200,33.2,0.5,0.161,0.206,1.307,1.8,below Mara's slope
P12226,C01,secondary main sewer,branch,200,61.6,0.5,0.033,0.121,2.706,0.1,below Mara's slope
P12227,C05,secondary main sewer,branch,200,84.1,0.5,0.177,0.213,1.25,2.1,below Mara's slope
P12228,C132,secondary main sewer,branch,200,29.4,1.45,0.017,0.136,3.714,0.0,below Mara's slope
P12229,C05,secondary main sewer,branch,200,59.7,0.5,0.195,0.22,1.195,2.5,below Mara's slope
P12230,C05,secondary main sewer,branch,200,29.3,0.5,0.008,0.072,5.248,0.0,below Mara's slope
P12231,C08,secondary main sewer,branch,200,77.3,0.5,0.103,0.178,1.605,1.3,below Mara's slope
P12232,C115,secondary main sewer,branch,200,66.9,0.5,0.021,0.103,3.33,0.0,below Mara's slope
P12233,C69,secondary main sewer,branch,200,294.0,0.7,0.205,0.251,1.168,2.5,below Mara's slope
P12234,C05,secondary main sewer,branch,200,99.9,0.85,0.071,0.189,1.904,0.3,below Mara's slope
P12235,C05,secondary main sewer,branch,200,62.0,0.5,0.096,0.174,1.656,0.7,below Mara's slope
P12236,C21,secondary main sewer,branch,200,85.7,0.5,0.0,0.0,,0.0,no flow in 2030
P12237,C03,secondary main sewer,branch,200,140.2,0.5,0.167,0.209,1.285,1.7,below Mara's slope
P12238,C170,secondary main sewer,branch,200,85.9,2.5,0.0,0.0,,0.0,no flow in 2030
P12239,C69,secondary main sewer,branch,200,57.1,1.3,0.081,0.228,1.788,0.4,below Mara's slope
P12240,C08,secondary main sewer,branch,200,101.7,0.5,0.131,0.193,1.437,1.9,below Mara's slope
P12241,C174,secondary main sewer,branch,200,21.5,0.5,0.0,0.0,,0.0,no flow in 2030
P12242,C53,secondary main sewer,branch,200,65.3,1.15,0.029,0.154,2.869,0.1,below Mara's slope
P12243,C01,secondary main sewer,branch,200,58.2,0.9,0.105,0.219,1.589,0.8,below Mara's slope
P12245,C53,secondary main sewer,branch,200,62.3,0.5,0.016,0.095,3.74,0.0,below Mara's slope
P12246,C111,secondary main sewer,branch,200,42.9,0.5,0.0,0.0,,0.0,no flow in 2030
P12247,C03,secondary main sewer,branch,200,141.4,0.5,0.115,0.185,1.524,0.8,below Mara's slope
P12248,C03,secondary main sewer,branch,200,67.8,0.5,0.15,0.202,1.351,1.5,below Mara's slope
P12249,C03,secondary main sewer,branch,200,58.6,0.55,0.106,0.186,1.584,0.8,below Mara's slope
P12250,C03,secondary main sewer,branch,200,172.9,0.5,0.183,0.216,1.23,2.1,below Mara's slope
P12251,C53,secondary main sewer,branch,200,774.3,0.5,0.211,0.226,1.154,3.3,below Mara's slope
P12252,C01,secondary main sewer,branch,200,138.7,0.5,0.221,0.229,1.128,3.1,below Mara's slope
P12253,C01,secondary main sewer,branch,200,59.6,0.5,0.235,0.234,1.098,2.0,below Mara's slope
P12254,C08,secondary main sewer,branch,200,105.2,1.65,0.081,0.247,1.794,0.8,below Mara's slope
P12255,C01,secondary main sewer,branch,200,122.8,0.5,0.13,0.193,1.44,1.9,below Mara's slope
P12256,C03,secondary main sewer,branch,200,60.5,0.5,0.136,0.195,1.413,1.3,below Mara's slope
P12257,C03,secondary main sewer,branch,200,60.7,0.8,0.0,0.0,,0.0,no flow in 2030
P12258,C01,secondary main sewer,branch,200,51.0,0.5,0.213,0.226,1.148,2.7,below Mara's slope
P12259,C08,secondary main sewer,branch,200,71.6,0.5,0.101,0.177,1.623,1.2,below Mara's slope
P12260,C222,secondary main sewer,branch,200,456.5,0.5,0.078,0.162,1.823,0.5,below Mara's slope
P12261,C05,secondary main sewer,branch,200,116.4,0.5,0.142,0.198,1.386,1.4,below Mara's slope
P12262,C01,secondary main sewer,branch,200,109.6,2.0,0.0,0.0,,0.0,no flow in 2030
P12263,C69,secondary main sewer,branch,200,75.9,0.85,0.086,0.201,1.742,0.6,below Mara's slope
P12264,C08,secondary main sewer,branch,200,53.1,0.5,0.019,0.1,3.495,0.0,below Mara's slope
P12265,C69,secondary main sewer,branch,200,128.6,0.7,0.0,0.0,,0.0,no flow in 2030
P12266,C75,secondary main sewer,branch,200,76.3,0.9,0.067,0.188,1.961,0.3,below Mara's slope
P12267,C75,secondary main sewer,branch,200,97.7,0.75,0.177,0.245,1.251,2.1,below Mara's slope
P12269,C21,secondary main sewer,branch,200,179.4,0.55,0.0,0.0,,0.0,no flow in 2030
P12270,C75,secondary main sewer,branch,200,70.7,1.15,0.096,0.231,1.66,0.7,below Mara's slope
P12271,C115,secondary main sewer,branch,200,54.9,0.5,0.0,0.0,,0.0,no flow in 2030
P12272,C03,secondary main sewer,branch,200,225.7,0.5,0.207,0.224,1.163,2.5,below Mara's slope
P12273,C05,secondary main sewer,branch,200,91.4,0.5,0.33,0.261,0.939,2.6,below Mara's slope
P12274,C75,secondary main sewer,branch,200,178.2,1.15,0.18,0.285,1.242,2.0,below Mara's slope
P12275,C01,secondary main sewer,branch,200,143.0,0.5,0.25,0.239,1.066,3.8,below Mara's slope
P12276,C05,secondary main sewer,branch,200,158.6,0.5,0.319,0.258,0.953,5.6,below Mara's slope
P12277,C03,secondary main sewer,branch,200,179.8,0.5,0.247,0.238,1.072,3.5,below Mara's slope
P12278,C05,secondary main sewer,branch,200,76.7,0.8,0.078,0.191,1.822,0.4,below Mara's slope
P12279,C69,secondary main sewer,branch,200,125.3,0.5,0.0,0.0,,0.0,no flow in 2030
P12280,C03,secondary main sewer,branch,200,179.6,0.5,0.207,0.224,1.164,2.5,below Mara's slope
P12281,C03,secondary main sewer,branch,200,86.9,0.5,0.0,0.0,,0.0,no flow in 2030
P12283,C232,secondary main sewer,branch,200,297.5,0.5,0.31,0.256,0.966,3.1,below Mara's slope
P12284,C75,secondary main sewer,branch,200,242.7,0.85,0.208,0.27,1.16,2.6,below Mara's slope
P12285,C03,secondary main sewer,branch,200,161.3,0.75,0.18,0.246,1.242,2.0,below Mara's slope
P12286,C03,secondary main sewer,branch,200,225.8,0.5,0.22,0.229,1.132,2.9,below Mara's slope
P12288,C01,secondary main sewer,branch,200,90.5,1.05,0.086,0.216,1.742,0.6,below Mara's slope
P12289,C01,secondary main sewer,branch,200,199.5,0.7,0.316,0.289,0.957,5.5,below Mara's slope
P12290,C03,secondary main sewer,branch,200,147.8,0.5,0.158,0.205,1.318,1.6,below Mara's slope
P12291,C01,secondary main sewer,branch,200,73.5,0.5,0.013,0.087,4.136,0.0,below Mara's slope
P12292,C03,secondary main sewer,branch,200,60.4,0.5,0.096,0.174,1.657,0.7,below Mara's slope
P12293,C05,secondary main sewer,branch,200,137.2,0.5,0.194,0.22,1.198,1.0,below Mara's slope
P12294,C08,secondary main sewer,branch,200,103.1,0.5,0.069,0.155,1.935,0.6,below Mara's slope
P12297,C01,secondary main sewer,branch,200,359.5,0.5,0.297,0.252,0.986,3.7,below Mara's slope
P12298,C01,secondary main sewer,branch,200,24.7,0.5,0.0,0.0,,0.0,no flow in 2030
P12299,C03,secondary main sewer,branch,200,148.0,1.05,0.191,0.282,1.208,2.2,below Mara's slope
P12300,C01,secondary main sewer,branch,200,23.0,3.1,0.0,0.0,,0.0,no flow in 2030
P12302,C157,secondary main sewer,branch,200,210.7,0.5,0.093,0.172,1.679,0.6,below Mara's slope
P12303,C03,secondary main sewer,branch,200,101.5,0.5,0.179,0.214,1.242,2.1,below Mara's slope
P12304,C03,secondary main sewer,branch,200,58.0,0.65,0.107,0.197,1.577,0.8,below Mara's slope
P12305,C05,secondary main sewer,branch,200,109.0,0.5,0.243,0.236,1.08,2.1,below Mara's slope
P12306,C03,secondary main sewer,branch,200,69.5,0.5,0.12,0.187,1.498,1.0,below Mara's slope
P12307,C05,secondary main sewer,branch,200,70.1,0.6,0.123,0.201,1.48,1.0,below Mara's slope
P12308,C05,secondary main sewer,branch,200,92.4,0.5,0.182,0.215,1.235,2.2,below Mara's slope
P12309,C75,secondary main sewer,branch,200,275.1,0.5,0.15,0.202,1.351,1.1,below Mara's slope
P12311,C08,secondary main sewer,branch,200,124.6,0.9,0.156,0.25,1.326,2.6,below Mara's slope
P12312,C192,secondary main sewer,branch,200,274.7,0.5,0.0,0.0,,0.0,no flow in 2030
P12313,C01,secondary main sewer,branch,200,54.1,0.5,0.0,0.0,,0.0,no flow in 2030
P12316,C08,secondary main sewer,branch,200,111.7,0.5,0.016,0.094,3.752,0.0,below Mara's slope
P12319,C03,secondary main sewer,branch,200,104.9,0.5,0.134,0.195,1.421,1.2,below Mara's slope
P12322,C05,secondary main sewer,branch,200,55.9,0.55,0.0,0.0,,0.0,no flow in 2030
P12323,C03,secondary main sewer,branch,200,146.3,0.95,0.15,0.251,1.35,1.4,below Mara's slope
P12324,C03,secondary main sewer,branch,200,152.7,0.65,0.152,0.222,1.343,1.6,below Mara's slope
P12325,C03,secondary main sewer,branch,200,72.1,1.55,0.07,0.23,1.92,0.3,below Mara's slope
P12326,C03,secondary main sewer,branch,200,66.3,0.5,0.119,0.187,1.5,1.0,below Mara's slope
P12327,C01,secondary main sewer,branch,200,107.3,0.85,0.094,0.207,1.674,0.7,below Mara's slope
P12328,C03,secondary main sewer,branch,200,206.2,0.7,0.29,0.281,0.995,4.7,below Mara's slope
P12329,C03,secondary main sewer,branch,200,140.7,0.5,0.189,0.218,1.212,2.2,below Mara's slope
P12330,C01,secondary main sewer,branch,200,44.8,0.5,0.086,0.168,1.742,0.6,below Mara's slope
P12331,C05,secondary main sewer,branch,200,116.9,0.5,0.211,0.226,1.153,2.8,below Mara's slope
P12332,C01,secondary main sewer,branch,200,120.8,0.5,0.232,0.233,1.103,3.3,below Mara's slope
P12333,C03,secondary main sewer,branch,200,57.2,0.85,0.044,0.159,2.387,0.1,below Mara's slope
P12334,C01,secondary main sewer,branch,200,284.5,0.5,0.293,0.251,0.991,4.8,below Mara's slope
P12335,C08,secondary main sewer,branch,200,61.4,0.5,0.0,0.0,,0.0,no flow in 2030
P12336,C01,secondary main sewer,branch,200,72.8,0.5,0.0,0.0,,0.0,no flow in 2030
P12337,C01,secondary main sewer,branch,200,100.3,0.9,0.041,0.159,2.449,0.1,below Mara's slope
P12338,C192,secondary main sewer,branch,200,28.8,0.5,0.0,0.0,,0.0,no flow in 2030
P12339,C71,secondary main sewer,branch,200,99.5,0.5,0.142,0.198,1.382,0.6,below Mara's slope
P12340,C03,secondary main sewer,branch,200,61.7,0.65,0.182,0.235,1.234,2.2,below Mara's slope
P12341,C03,secondary main sewer,branch,200,145.4,1.3,0.151,0.281,1.345,1.6,below Mara's slope
P12342,C03,secondary main sewer,branch,200,57.7,0.7,0.086,0.188,1.746,0.5,below Mara's slope
P12343,C157,secondary main sewer,branch,200,210.5,1.05,0.25,0.308,1.066,2.2,below Mara's slope
P12344,C05,secondary main sewer,branch,200,45.5,0.5,0.14,0.197,1.394,1.4,below Mara's slope
P12345,C01,secondary main sewer,branch,200,57.8,0.6,0.0,0.0,,0.0,no flow in 2030
P12346,C192,secondary main sewer,branch,200,41.1,1.0,0.0,0.0,,0.0,no flow in 2030
P12347,C05,secondary main sewer,branch,200,60.9,0.5,0.139,0.197,1.395,1.4,below Mara's slope
P12348,C03,secondary main sewer,branch,200,23.5,0.7,0.0,0.0,,0.0,no flow in 2030
P12349,C01,secondary main sewer,branch,200,99.8,0.5,0.2,0.222,1.182,2.6,below Mara's slope
P12350,C157,secondary main sewer,branch,200,103.1,0.5,0.339,0.263,0.926,4.3,below Mara's slope
P12351,C36,secondary main sewer,branch,200,27.7,2.1,0.0,0.0,,0.0,no flow in 2030
P12352,C03,secondary main sewer,branch,200,60.5,0.6,0.084,0.177,1.764,0.5,below Mara's slope
P12354,C01,secondary main sewer,branch,200,73.7,0.55,0.055,0.149,2.139,0.2,below Mara's slope
P12355,C21,secondary main sewer,branch,200,82.5,0.5,0.0,0.0,,0.0,no flow in 2030
P12356,C29,secondary main sewer,branch,200,301.2,0.5,0.0,0.0,,0.0,no flow in 2030
P12357,C217,secondary main sewer,branch,200,138.9,0.7,0.026,0.126,3.002,0.1,below Mara's slope
P12358,C05,secondary main sewer,branch,200,364.5,0.5,0.0,0.0,,0.0,no flow in 2030
P12359,C71,secondary main sewer,branch,200,60.4,0.5,0.0,0.0,,0.0,no flow in 2030
P12360,C01,secondary main sewer,branch,200,75.3,0.5,0.151,0.202,1.347,1.6,below Mara's slope
P12361,C01,secondary main sewer,branch,200,84.9,0.5,0.136,0.195,1.413,1.3,below Mara's slope
P12362,C01,secondary main sewer,branch,200,83.3,0.8,0.095,0.204,1.665,0.7,below Mara's slope
P12363,C03,secondary main sewer,branch,200,58.2,1.5,0.096,0.253,1.658,0.7,below Mara's slope
P12364,C29,secondary main sewer,branch,200,53.7,0.5,0.0,0.0,,0.0,no flow in 2030
P12366,C03,secondary main sewer,branch,200,196.9,0.75,0.199,0.255,1.184,2.4,below Mara's slope
P12367,C05,secondary main sewer,branch,200,49.8,1.0,0.0,0.0,,0.0,no flow in 2030
P12368,C21,secondary main sewer,branch,200,215.7,0.5,0.282,0.248,1.008,4.6,below Mara's slope
P12369,C172,secondary main sewer,branch,200,71.0,0.5,0.035,0.123,2.654,0.1,below Mara's slope
P12370,C01,secondary main sewer,branch,200,126.2,0.85,0.126,0.229,1.462,1.0,below Mara's slope
P12371,C03,secondary main sewer,branch,200,58.4,0.5,0.04,0.13,2.469,0.1,below Mara's slope
P12372,C03,secondary main sewer,branch,200,427.9,0.6,0.446,0.306,0.816,9.0,below Mara's slope
P12373,C01,secondary main sewer,branch,200,124.5,0.95,0.0,0.0,,0.0,no flow in 2030
P12374,C126,secondary main sewer,branch,200,181.5,0.5,0.037,0.126,2.56,0.1,below Mara's slope
P12375,C01,secondary main sewer,branch,200,152.8,0.5,0.101,0.177,1.622,0.7,below Mara's slope
P12376,C01,secondary main sewer,branch,200,19.0,0.5,0.0,0.0,,0.0,no flow in 2030
P12377,C21,secondary main sewer,branch,200,51.7,0.5,0.149,0.201,1.354,0.6,below Mara's slope
P12378,C01,secondary main sewer,branch,200,132.5,0.5,0.169,0.21,1.276,2.0,below Mara's slope
P12379,C21,secondary main sewer,branch,200,55.9,0.5,0.172,0.211,1.266,2.0,below Mara's slope
P12380,C21,secondary main sewer,branch,200,91.8,0.5,0.119,0.187,1.499,1.0,below Mara's slope
P12381,C01,secondary main sewer,branch,200,78.3,0.85,0.113,0.221,1.536,0.9,below Mara's slope
P12382,C01,secondary main sewer,branch,200,99.0,0.5,0.211,0.226,1.152,2.8,below Mara's slope
P12383,C08,secondary main sewer,branch,200,31.0,1.05,0.017,0.122,3.697,0.0,below Mara's slope
P12384,C301,secondary main sewer,branch,200,75.4,1.1,0.132,0.253,1.433,0.0,below Mara's slope
P12385,C71,secondary main sewer,branch,200,209.9,0.5,0.056,0.145,2.12,0.3,below Mara's slope
P12386,C03,secondary main sewer,branch,200,71.1,0.5,0.135,0.195,1.418,1.3,below Mara's slope
P12387,C01,secondary main sewer,branch,200,58.0,0.5,0.109,0.182,1.562,0.9,below Mara's slope
P12389,C126,secondary main sewer,branch,200,83.7,0.75,0.0,0.0,,0.0,no flow in 2030
P12390,C03,secondary main sewer,branch,200,170.8,0.5,0.143,0.199,1.38,1.2,below Mara's slope
P12391,C03,secondary main sewer,branch,200,172.5,0.6,0.26,0.257,1.048,3.9,below Mara's slope
P12392,C05,secondary main sewer,branch,200,122.7,0.5,0.074,0.159,1.873,0.7,below Mara's slope
P12395,C03,secondary main sewer,branch,200,59.8,0.8,0.081,0.193,1.792,0.4,below Mara's slope
P12396,C130,secondary main sewer,branch,200,154.8,0.5,0.057,0.146,2.107,0.3,below Mara's slope
P12397,C71,secondary main sewer,branch,200,76.2,0.5,0.038,0.128,2.527,0.1,below Mara's slope
P12398,C71,secondary main sewer,branch,200,370.6,0.5,0.092,0.171,1.693,0.6,below Mara's slope
P12399,C01,secondary main sewer,branch,200,21.3,1.7,0.04,0.195,2.487,0.1,below Mara's slope
P12400,C03,secondary main sewer,branch,200,54.2,0.5,0.053,0.142,2.182,0.2,below Mara's slope
P12401,C01,secondary main sewer,branch,200,197.7,0.55,0.407,0.288,0.851,8.2,below Mara's slope
P12402,C01,secondary main sewer,branch,200,82.8,0.5,0.094,0.173,1.674,0.7,below Mara's slope
P12403,C01,secondary main sewer,branch,200,88.7,0.5,0.196,0.22,1.194,2.5,below Mara's slope
P12404,C21,secondary main sewer,branch,200,77.3,0.5,0.49,0.296,0.782,7.9,below Mara's slope
P12405,C21,secondary main sewer,branch,200,45.5,0.8,0.127,0.225,1.456,1.2,below Mara's slope
P12407,C01,secondary main sewer,branch,200,186.4,0.85,0.336,0.315,0.931,6.0,below Mara's slope
P12408,C01,secondary main sewer,branch,200,79.6,1.55,0.035,0.18,2.656,0.1,below Mara's slope
P12409,C03,secondary main sewer,branch,200,142.8,1.1,0.174,0.278,1.259,1.9,below Mara's slope
P12410,C01,secondary main sewer,branch,200,122.4,0.5,0.262,0.242,1.044,4.0,below Mara's slope
P12411,C21,secondary main sewer,branch,200,53.9,0.5,0.267,0.244,1.034,4.3,below Mara's slope
P12412,C130,secondary main sewer,branch,200,56.0,0.5,0.022,0.105,3.279,0.0,below Mara's slope
P12413,C184,secondary main sewer,branch,200,207.6,0.5,0.063,0.151,2.009,0.3,below Mara's slope
P12414,C05,secondary main sewer,branch,200,220.3,0.5,0.335,0.262,0.931,9.3,below Mara's slope
P12415,C01,secondary main sewer,branch,200,210.9,0.5,0.214,0.227,1.145,2.9,below Mara's slope
P12416,C149,secondary main sewer,branch,200,80.2,0.5,0.035,0.123,2.656,0.1,below Mara's slope
P12417,C05,secondary main sewer,branch,200,72.4,0.75,0.075,0.184,1.859,0.7,below Mara's slope
P12418,C01,secondary main sewer,branch,200,55.0,1.4,0.052,0.201,2.199,0.2,below Mara's slope
P12419,C01,secondary main sewer,branch,200,76.3,0.5,0.053,0.143,2.177,0.0,below Mara's slope
P12420,C36,secondary main sewer,branch,200,47.9,2.15,0.004,0.089,7.365,0.0,below Mara's slope
P12421,C21,secondary main sewer,branch,200,205.5,0.5,0.25,0.239,1.066,3.8,below Mara's slope
P12422,C01,secondary main sewer,branch,200,122.6,0.55,0.472,0.302,0.795,8.8,below Mara's slope
P12423,C36,secondary main sewer,branch,200,62.8,0.55,0.267,0.252,1.034,3.8,below Mara's slope
P12425,C01,secondary main sewer,branch,200,74.9,2.2,0.026,0.182,3.042,0.1,below Mara's slope
P12426,C03,secondary main sewer,branch,200,37.0,0.5,0.097,0.175,1.651,0.7,below Mara's slope
P12427,C01,secondary main sewer,branch,200,203.7,0.5,0.185,0.216,1.226,2.0,below Mara's slope
P12429,C36,secondary main sewer,branch,200,275.0,0.7,0.112,0.206,1.544,0.0,below Mara's slope
P12430,C29,secondary main sewer,branch,200,61.6,0.55,0.114,0.19,1.531,0.6,below Mara's slope
P12431,C184,secondary main sewer,branch,200,31.2,1.8,0.016,0.142,3.835,0.0,below Mara's slope
P12432,C03,secondary main sewer,branch,200,79.0,0.5,0.081,0.165,1.791,0.4,below Mara's slope
P12433,C71,secondary main sewer,branch,200,904.7,0.5,0.085,0.167,1.756,0.0,below Mara's slope
P12434,C210,secondary main sewer,branch,200,11.4,0.7,0.0,0.0,,0.0,no flow in 2030
P12435,C01,secondary main sewer,branch,200,260.4,0.75,0.508,0.345,0.769,11.4,below Mara's slope
P12436,C36,secondary main sewer,branch,200,69.9,0.5,0.0,0.0,,0.0,no flow in 2030
P12437,C01,secondary main sewer,branch,200,75.6,0.5,0.038,0.127,2.542,0.2,below Mara's slope
P12438,C01,secondary main sewer,branch,200,175.7,0.5,0.342,0.264,0.923,6.2,below Mara's slope
P12439,C01,secondary main sewer,branch,200,93.3,0.5,0.186,0.217,1.222,2.2,below Mara's slope
P12440,C05,secondary main sewer,branch,200,70.9,0.5,0.105,0.179,1.593,0.8,below Mara's slope
P12441,C05,secondary main sewer,branch,200,226.3,0.5,0.335,0.262,0.932,8.1,below Mara's slope
P12442,C01,secondary main sewer,branch,200,99.2,1.15,0.205,0.298,1.168,2.7,below Mara's slope
P12443,C01,secondary main sewer,branch,200,166.7,0.7,0.253,0.269,1.061,3.7,below Mara's slope
P12444,C05,secondary main sewer,branch,200,179.8,0.8,0.225,0.271,1.119,4.9,below Mara's slope
P12445,C01,secondary main sewer,branch,200,194.0,0.5,0.008,0.072,5.262,0.0,below Mara's slope
P12446,C01,secondary main sewer,branch,200,29.4,1.15,0.097,0.232,1.652,0.7,below Mara's slope
P12447,C36,secondary main sewer,branch,200,42.4,0.9,0.049,0.17,2.255,0.2,below Mara's slope
P12448,C01,secondary main sewer,branch,200,188.2,0.5,0.0,0.0,,0.0,no flow in 2030
P12449,C03,secondary main sewer,branch,200,178.8,0.9,0.0,0.0,,0.0,no flow in 2030
P12450,C01,secondary main sewer,branch,200,44.8,2.65,0.019,0.174,3.495,0.0,below Mara's slope
P12453,C26,secondary main sewer,branch,200,85.5,1.65,0.087,0.253,1.731,0.7,below Mara's slope
P12455,C03,secondary main sewer,branch,200,130.1,0.8,0.097,0.205,1.65,0.6,below Mara's slope
P12456,C05,secondary main sewer,branch,200,49.0,0.75,0.058,0.168,2.094,0.4,below Mara's slope
P12457,C03,secondary main sewer,branch,200,139.3,0.85,0.126,0.229,1.46,1.0,below Mara's slope
P12459,C46,secondary main sewer,branch,200,66.3,0.5,0.0,0.0,,0.0,no flow in 2030
P12460,C26,secondary main sewer,branch,200,28.8,0.5,0.0,0.0,,0.0,no flow in 2030
P12461,C03,secondary main sewer,branch,200,143.5,0.6,0.126,0.203,1.46,1.0,below Mara's slope
P12463,C46,secondary main sewer,branch,200,79.1,0.7,0.067,0.173,1.957,0.0,below Mara's slope
P12464,C236,secondary main sewer,branch,200,165.1,0.5,0.0,0.0,,0.0,no flow in 2030
P12466,C03,secondary main sewer,branch,200,161.1,0.5,0.094,0.173,1.677,0.6,below Mara's slope
P12467,C46,secondary main sewer,branch,200,87.0,0.5,0.175,0.212,1.258,2.4,below Mara's slope
P12468,C117,secondary main sewer,branch,200,37.9,0.8,0.0,0.0,,0.0,no flow in 2030
P12469,C01,secondary main sewer,branch,200,222.6,0.55,0.362,0.278,0.899,6.8,below Mara's slope
P12471,C01,secondary main sewer,branch,200,43.5,1.15,0.056,0.192,2.127,0.2,below Mara's slope
P12472,C01,secondary main sewer,branch,200,206.2,0.9,0.339,0.322,0.927,6.1,below Mara's slope
P12473,C26,secondary main sewer,branch,200,229.7,0.5,0.038,0.127,2.533,0.1,below Mara's slope
P12474,C26,secondary main sewer,branch,200,76.1,0.5,0.121,0.188,1.492,1.3,below Mara's slope
P12475,C01,secondary main sewer,branch,200,94.4,0.5,0.134,0.194,1.421,1.2,below Mara's slope
P12477,C29,secondary main sewer,branch,200,66.9,0.6,0.0,0.0,,0.0,no flow in 2030
P12478,C26,secondary main sewer,branch,200,24.9,0.5,0.0,0.0,,0.0,no flow in 2030
P12479,C46,secondary main sewer,branch,200,162.3,0.5,0.212,0.226,1.151,0.0,below Mara's slope
P12480,C03,secondary main sewer,branch,200,70.2,0.7,0.096,0.195,1.66,0.7,below Mara's slope
P12481,C102,secondary main sewer,branch,200,264.9,0.6,0.0,0.0,,0.0,no flow in 2030
P12482,C03,secondary main sewer,branch,200,167.3,0.5,0.173,0.212,1.263,1.9,below Mara's slope
P12483,C26,secondary main sewer,branch,200,135.8,0.5,0.127,0.191,1.456,1.4,below Mara's slope
P12485,C05,secondary main sewer,branch,200,48.0,0.5,0.0,0.0,,0.0,no flow in 2030
P12486,C46,secondary main sewer,branch,200,197.0,0.5,0.14,0.197,1.391,0.0,below Mara's slope
P12487,C46,secondary main sewer,branch,200,68.8,0.5,0.0,0.0,,0.0,no flow in 2030
P12488,C102,secondary main sewer,branch,200,176.2,0.5,0.02,0.101,3.452,0.0,below Mara's slope
P12489,C104,secondary main sewer,branch,200,84.1,0.5,0.0,0.0,,0.0,no flow in 2030
P12490,C05,secondary main sewer,branch,200,117.1,1.0,0.198,0.281,1.187,3.8,below Mara's slope
P12491,C05,secondary main sewer,branch,200,70.6,0.85,0.145,0.24,1.37,2.2,below Mara's slope
P12492,C01,secondary main sewer,branch,200,80.1,0.5,0.2,0.222,1.182,2.6,below Mara's slope
P12494,C05,secondary main sewer,branch,200,26.1,2.15,0.019,0.162,3.504,0.0,below Mara's slope
P12495,C117,secondary main sewer,branch,200,40.3,0.5,0.0,0.0,,0.0,no flow in 2030
P12496,C46,secondary main sewer,branch,200,179.0,0.5,0.208,0.225,1.161,0.0,below Mara's slope
P12497,C104,secondary main sewer,branch,200,208.1,0.5,0.363,0.269,0.898,6.8,below Mara's slope
P12498,C01,secondary main sewer,branch,200,78.5,0.5,0.151,0.202,1.346,1.6,below Mara's slope
P12499,C05,secondary main sewer,branch,200,40.9,0.5,0.0,0.0,,0.0,no flow in 2030
P12500,C03,secondary main sewer,branch,200,62.1,1.0,0.084,0.211,1.76,0.5,below Mara's slope
P12502,C46,secondary main sewer,branch,200,117.4,0.5,0.182,0.215,1.236,0.0,below Mara's slope
P12503,C46,secondary main sewer,branch,200,36.8,0.5,0.129,0.192,1.446,0.0,below Mara's slope
P12504,C01,secondary main sewer,branch,200,60.0,0.5,0.061,0.149,2.044,0.3,below Mara's slope
P12505,C01,secondary main sewer,branch,200,79.1,0.5,0.048,0.138,2.283,0.2,below Mara's slope
P12506,C46,secondary main sewer,branch,200,135.9,0.5,0.089,0.17,1.715,0.0,below Mara's slope
P12507,C117,secondary main sewer,branch,200,66.1,0.5,0.117,0.186,1.512,1.2,below Mara's slope
P12508,C05,secondary main sewer,branch,200,178.7,0.5,0.442,0.286,0.82,14.0,below Mara's slope
P12509,C05,secondary main sewer,branch,200,88.7,0.5,0.125,0.19,1.468,1.6,below Mara's slope
P12510,C01,secondary main sewer,branch,200,34.1,1.25,0.167,0.286,1.285,1.9,below Mara's slope
P12511,C104,secondary main sewer,branch,200,84.8,0.5,0.071,0.157,1.909,0.6,below Mara's slope
P12512,C26,secondary main sewer,branch,200,400.3,0.9,0.092,0.21,1.69,0.8,below Mara's slope
P12513,C26,secondary main sewer,branch,200,392.3,0.85,0.101,0.212,1.617,0.9,below Mara's slope
P12514,C01,secondary main sewer,branch,200,273.4,0.5,0.337,0.263,0.929,5.7,below Mara's slope
P12515,C117,secondary main sewer,branch,200,45.9,1.2,0.0,0.0,,0.0,no flow in 2030
P12517,C288,secondary main sewer,branch,200,52.8,0.5,0.016,0.094,3.79,0.0,below Mara's slope
P12518,C05,secondary main sewer,branch,200,72.3,0.5,0.056,0.145,2.125,0.3,below Mara's slope
P12519,C104,secondary main sewer,branch,200,135.9,0.5,0.077,0.162,1.832,0.7,below Mara's slope
P12520,C01,secondary main sewer,branch,200,136.3,1.0,0.205,0.284,1.167,2.7,below Mara's slope
P12521,C01,secondary main sewer,branch,200,23.6,0.5,0.0,0.0,,0.0,no flow in 2030
P12523,C36,secondary main sewer,branch,200,36.6,1.3,0.046,0.188,2.326,0.2,below Mara's slope
P12524,C01,secondary main sewer,branch,200,59.4,1.15,0.055,0.191,2.144,0.2,below Mara's slope
P12525,C01,secondary main sewer,branch,200,67.8,0.5,0.048,0.137,2.286,0.2,below Mara's slope
P12526,C104,secondary main sewer,branch,200,70.1,0.5,0.027,0.113,2.964,0.1,below Mara's slope
P12527,C182,secondary main sewer,branch,200,131.4,0.5,0.0,0.0,,0.0,no flow in 2030
P12528,C182,secondary main sewer,branch,200,46.5,0.5,0.0,0.0,,0.0,no flow in 2030
P12529,C01,secondary main sewer,branch,200,99.3,0.5,0.1,0.176,1.63,0.6,below Mara's slope
P12530,C117,secondary main sewer,branch,200,145.0,0.5,0.143,0.199,1.38,0.0,below Mara's slope
P12532,C01,secondary main sewer,branch,200,187.5,0.5,0.26,0.242,1.047,3.9,below Mara's slope
P12533,C05,secondary main sewer,branch,200,60.6,0.5,0.222,0.229,1.127,0.0,below Mara's slope
P12534,C01,secondary main sewer,branch,200,55.5,0.5,0.071,0.157,1.901,0.4,below Mara's slope
P12535,C01,secondary main sewer,branch,200,90.1,1.35,0.079,0.228,1.818,0.4,below Mara's slope
P12537,C05,secondary main sewer,branch,200,59.2,0.5,0.077,0.162,1.832,0.6,below Mara's slope
P12538,C01,secondary main sewer,branch,200,66.2,1.5,0.104,0.26,1.6,0.8,below Mara's slope
P12539,C46,secondary main sewer,branch,200,101.8,1.7,0.0,0.0,,0.0,no flow in 2030
P12540,C01,secondary main sewer,branch,200,145.6,0.5,0.245,0.237,1.077,3.6,below Mara's slope
P12541,C01,secondary main sewer,branch,200,64.9,0.5,0.122,0.188,1.487,0.9,below Mara's slope
P12544,C29,secondary main sewer,branch,200,70.3,0.5,0.087,0.168,1.738,0.7,below Mara's slope
P12545,C01,secondary main sewer,branch,200,217.9,0.5,0.296,0.252,0.987,4.6,below Mara's slope
P12546,C01,secondary main sewer,branch,200,690.0,0.7,0.35,0.299,0.913,6.0,below Mara's slope
P12547,C01,secondary main sewer,branch,200,212.6,0.5,0.156,0.204,1.327,1.5,below Mara's slope
P12548,C29,secondary main sewer,branch,200,23.8,0.5,0.0,0.0,,0.0,no flow in 2030
P12549,C01,secondary main sewer,branch,200,160.0,0.5,0.276,0.246,1.018,4.4,below Mara's slope
P12550,C01,secondary main sewer,branch,200,165.6,1.15,0.165,0.277,1.29,1.8,below Mara's slope
P12551,C05,secondary main sewer,branch,200,74.0,0.5,0.084,0.166,1.767,0.7,below Mara's slope
P12552,C05,secondary main sewer,branch,200,69.0,0.6,0.084,0.177,1.763,0.7,below Mara's slope
P12553,C01,secondary main sewer,branch,200,48.9,1.6,0.086,0.249,1.742,0.6,below Mara's slope
P12554,C01,secondary main sewer,branch,200,103.7,0.65,0.142,0.217,1.383,1.3,below Mara's slope
P12555,C01,secondary main sewer,branch,200,216.1,0.5,0.193,0.219,1.2,2.3,below Mara's slope
P12556,C05,secondary main sewer,branch,200,109.5,0.5,0.1,0.176,1.626,1.0,below Mara's slope
P12557,C05,secondary main sewer,branch,200,178.3,0.5,0.058,0.147,2.091,0.4,below Mara's slope
P12558,C05,secondary main sewer,branch,200,26.0,0.8,0.011,0.095,4.553,0.0,below Mara's slope
P12559,C01,secondary main sewer,branch,200,82.6,1.05,0.0,0.0,,0.0,no flow in 2030
P12560,C01,secondary main sewer,branch,200,154.0,0.7,0.19,0.245,1.21,2.3,below Mara's slope
P12561,C83,secondary main sewer,branch,200,74.4,0.9,0.0,0.0,,0.0,no flow in 2030
P12562,C01,secondary main sewer,branch,200,95.3,2.2,0.037,0.207,2.57,0.2,below Mara's slope
P12563,C01,secondary main sewer,branch,200,129.0,0.75,0.214,0.261,1.147,2.9,below Mara's slope
P12564,C01,secondary main sewer,branch,200,172.6,0.5,0.0,0.0,,0.0,no flow in 2030
P12565,C05,secondary main sewer,branch,200,196.9,0.5,0.106,0.18,1.585,1.2,below Mara's slope
P12567,C01,secondary main sewer,branch,200,71.8,1.5,0.025,0.159,3.091,0.1,below Mara's slope
P12570,C29,secondary main sewer,branch,200,42.2,0.5,0.0,0.0,,0.0,no flow in 2030
P12571,C05,secondary main sewer,branch,200,53.5,0.5,0.034,0.122,2.673,0.1,below Mara's slope
P12573,C30,secondary main sewer,branch,200,59.6,0.5,0.142,0.198,1.382,1.4,below Mara's slope
P12575,C01,secondary main sewer,branch,200,87.7,1.45,0.076,0.231,1.846,0.7,below Mara's slope
P12576,C05,secondary main sewer,branch,200,58.4,0.5,0.019,0.099,3.509,0.0,below Mara's slope
P12577,C05,secondary main sewer,branch,200,126.6,0.6,0.034,0.13,2.67,0.1,below Mara's slope
P12578,C05,secondary main sewer,branch,200,55.4,0.5,0.029,0.116,2.864,0.1,below Mara's slope
P12579,C83,secondary main sewer,branch,200,34.4,3.6,0.0,0.0,,0.0,no flow in 2030
P12580,C01,secondary main sewer,branch,200,110.2,0.85,0.219,0.274,1.134,3.0,below Mara's slope
P12583,C01,secondary main sewer,branch,200,208.6,0.5,0.292,0.251,0.993,4.8,below Mara's slope
P12584,C151,secondary main sewer,branch,200,193.7,0.5,0.0,0.0,,0.0,no flow in 2030
P12585,C26,secondary main sewer,branch,200,60.5,0.5,0.012,0.085,4.264,0.0,below Mara's slope
P12586,C30,secondary main sewer,branch,200,74.5,0.5,0.067,0.154,1.954,0.3,below Mara's slope
P12587,C01,secondary main sewer,branch,200,240.6,0.7,0.298,0.284,0.983,4.8,below Mara's slope
P12588,C30,secondary main sewer,branch,200,112.6,0.5,0.3,0.253,0.98,5.1,below Mara's slope
P12589,C01,secondary main sewer,branch,200,63.9,0.5,0.125,0.19,1.47,1.1,below Mara's slope
P12590,C01,secondary main sewer,branch,200,89.8,2.05,0.045,0.217,2.347,0.2,below Mara's slope
P12591,C01,secondary main sewer,branch,200,75.2,1.1,0.078,0.213,1.82,0.7,below Mara's slope
P12592,C01,secondary main sewer,branch,200,97.6,3.75,0.0,0.0,,0.0,no flow in 2030
P12594,C30,secondary main sewer,branch,200,68.5,0.5,0.089,0.17,1.714,0.5,below Mara's slope
P12595,C30,secondary main sewer,branch,200,59.7,0.5,0.0,0.0,,0.0,no flow in 2030
P12596,C185,secondary main sewer,branch,200,32.5,2.1,0.008,0.118,5.166,0.0,below Mara's slope
P12597,C01,secondary main sewer,branch,200,203.6,0.5,0.278,0.247,1.015,4.4,below Mara's slope
P12598,C01,secondary main sewer,branch,200,140.4,0.5,0.072,0.158,1.899,0.4,below Mara's slope
P12599,C83,secondary main sewer,branch,200,39.6,3.6,0.012,0.161,4.382,0.0,below Mara's slope
P12600,C01,secondary main sewer,branch,200,61.3,1.05,0.113,0.237,1.535,0.9,below Mara's slope
P12602,C01,secondary main sewer,branch,200,80.8,0.5,0.089,0.17,1.716,0.5,below Mara's slope
P12603,C01,secondary main sewer,branch,200,58.7,0.7,0.0,0.0,,0.0,no flow in 2030
P12604,C26,secondary main sewer,branch,200,52.2,1.0,0.008,0.092,5.206,0.0,below Mara's slope
P12605,C05,secondary main sewer,branch,200,67.4,0.8,0.14,0.232,1.395,1.2,below Mara's slope
P12606,C01,secondary main sewer,branch,200,67.1,0.5,0.114,0.184,1.532,0.9,below Mara's slope
P12607,C01,secondary main sewer,branch,200,62.5,0.5,0.18,0.214,1.241,2.1,below Mara's slope
P12608,C01,secondary main sewer,branch,200,69.3,1.5,0.024,0.157,3.135,0.1,below Mara's slope
P12609,C01,secondary main sewer,branch,200,180.6,0.5,0.064,0.152,2.004,0.4,below Mara's slope
P12611,C54,secondary main sewer,branch,200,45.7,1.35,0.028,0.16,2.915,0.1,below Mara's slope
P12612,C83,secondary main sewer,branch,200,63.8,0.5,0.07,0.157,1.912,0.6,below Mara's slope
P12613,C30,secondary main sewer,branch,200,25.7,0.5,0.086,0.168,1.742,0.6,below Mara's slope
P12614,C83,secondary main sewer,branch,200,119.4,2.6,0.012,0.146,4.334,0.0,below Mara's slope
P12616,C01,secondary main sewer,branch,200,59.9,1.6,0.068,0.23,1.945,0.3,below Mara's slope
P12617,C01,secondary main sewer,branch,200,52.7,0.5,0.062,0.151,2.022,0.3,below Mara's slope
P12618,C01,secondary main sewer,branch,200,60.3,0.75,0.035,0.141,2.646,0.1,below Mara's slope
P12622,C05,secondary main sewer,branch,200,60.9,0.65,0.074,0.174,1.872,0.7,below Mara's slope
P12624,C30,secondary main sewer,branch,200,165.1,0.5,0.187,0.217,1.22,2.1,below Mara's slope
P12625,C54,secondary main sewer,branch,200,24.6,1.5,0.082,0.24,1.785,0.6,below Mara's slope
P12626,C01,secondary main sewer,branch,200,57.9,0.5,0.024,0.109,3.116,0.1,below Mara's slope
P12627,C01,secondary main sewer,branch,200,96.5,1.7,0.036,0.189,2.593,0.2,below Mara's slope
P12628,C185,secondary main sewer,branch,200,89.0,0.85,0.013,0.105,4.108,0.0,below Mara's slope
P12629,C01,secondary main sewer,branch,200,33.9,2.5,0.0,0.0,,0.0,no flow in 2030
P12631,C30,secondary main sewer,branch,200,82.4,0.5,0.093,0.172,1.686,0.6,below Mara's slope
P12632,C01,secondary main sewer,branch,200,72.3,0.5,0.08,0.164,1.804,0.4,below Mara's slope
P12633,C01,secondary main sewer,branch,200,163.2,0.5,0.123,0.189,1.476,0.9,below Mara's slope
P12634,C01,secondary main sewer,branch,200,63.0,0.5,0.068,0.155,1.938,0.3,below Mara's slope
P12635,C01,secondary main sewer,branch,200,60.0,2.5,0.0,0.0,,0.0,no flow in 2030
P12636,C30,secondary main sewer,branch,200,166.4,0.5,0.172,0.211,1.267,1.8,below Mara's slope
P12637,C54,secondary main sewer,branch,200,122.2,0.5,0.033,0.121,2.699,0.1,below Mara's slope
P12638,C01,secondary main sewer,branch,200,145.3,0.6,0.037,0.133,2.585,0.2,below Mara's slope
P12639,C01,secondary main sewer,branch,200,145.0,0.95,0.036,0.156,2.592,0.2,below Mara's slope
P12640,C01,secondary main sewer,branch,200,61.4,1.4,0.039,0.182,2.507,0.2,below Mara's slope
P12641,C01,secondary main sewer,branch,200,53.1,1.15,0.039,0.17,2.518,0.2,below Mara's slope
P12642,C01,secondary main sewer,branch,200,73.9,1.7,0.04,0.196,2.473,0.2,below Mara's slope
P12643,C309,secondary main sewer,branch,200,16.7,1.15,0.0,0.0,,0.0,no flow in 2030
P12646,C05,secondary main sewer,branch,200,347.4,0.5,0.295,0.252,0.988,7.5,below Mara's slope
P12647,C01,secondary main sewer,branch,200,144.2,0.5,0.084,0.166,1.764,0.5,below Mara's slope
P12648,C01,secondary main sewer,branch,200,56.2,0.65,0.095,0.19,1.663,0.7,below Mara's slope
P12650,C01,secondary main sewer,branch,200,61.2,1.45,0.089,0.244,1.713,0.5,below Mara's slope
P12651,C30,secondary main sewer,branch,200,165.1,0.5,0.215,0.227,1.144,2.8,below Mara's slope
P12653,C01,secondary main sewer,branch,200,59.9,0.9,0.067,0.189,1.954,0.3,below Mara's slope
P12654,C151,secondary main sewer,branch,200,41.5,4.2,0.01,0.162,4.616,0.0,below Mara's slope
P12655,C54,secondary main sewer,branch,200,76.6,0.5,0.08,0.163,1.807,0.6,below Mara's slope
P12656,C01,secondary main sewer,branch,200,71.2,1.25,0.038,0.174,2.527,0.2,below Mara's slope
P12657,C01,secondary main sewer,branch,200,61.4,0.5,0.039,0.129,2.498,0.2,below Mara's slope
P12660,C01,secondary main sewer,branch,200,74.1,0.7,0.035,0.139,2.632,0.1,below Mara's slope
P12661,C30,secondary main sewer,branch,200,165.1,0.5,0.259,0.241,1.049,3.9,below Mara's slope
P12663,C01,secondary main sewer,branch,200,22.6,0.5,0.0,0.0,,0.0,no flow in 2030
P12664,C30,secondary main sewer,branch,200,49.0,0.5,0.136,0.195,1.412,1.3,below Mara's slope
P12665,C05,secondary main sewer,branch,200,223.1,0.5,0.0,0.0,,0.0,no flow in 2030
P12666,C82,secondary main sewer,branch,200,2312.0,0.5,0.095,0.173,1.666,0.6,below Mara's slope
P12669,C01,secondary main sewer,branch,200,34.0,1.5,0.055,0.209,2.149,0.2,below Mara's slope
P12671,C01,secondary main sewer,branch,200,100.6,0.5,0.069,0.156,1.931,0.3,below Mara's slope
P12672,C01,secondary main sewer,branch,200,189.5,0.5,0.117,0.186,1.516,0.9,below Mara's slope
P12673,C01,secondary main sewer,branch,200,15.6,0.9,0.0,0.0,,0.0,no flow in 2030
P12674,C243,secondary main sewer,branch,200,73.8,0.5,0.082,0.165,1.784,0.6,below Mara's slope
P12675,C54,secondary main sewer,branch,200,195.6,1.35,0.031,0.166,2.776,0.1,below Mara's slope
P12676,C05,secondary main sewer,branch,200,53.4,0.5,0.026,0.111,3.037,0.1,below Mara's slope
P12677,C82,secondary main sewer,branch,200,76.6,0.5,0.008,0.074,5.09,0.0,below Mara's slope
P12678,C01,secondary main sewer,branch,200,66.4,1.6,0.035,0.183,2.642,0.1,below Mara's slope
P12679,C01,secondary main sewer,branch,200,47.3,1.1,0.026,0.145,3.035,0.1,below Mara's slope
P12680,C01,secondary main sewer,branch,200,73.3,0.5,0.03,0.117,2.828,0.1,below Mara's slope
P12681,C01,secondary main sewer,branch,200,66.0,1.2,0.035,0.165,2.651,0.1,below Mara's slope
P12682,C54,secondary main sewer,branch,200,79.6,1.8,0.017,0.147,3.686,0.0,below Mara's slope
P12683,C54,secondary main sewer,branch,200,82.8,1.25,0.111,0.25,1.548,1.3,below Mara's slope
P12684,C100,secondary main sewer,branch,200,395.3,0.5,0.0,0.0,,0.0,no flow in 2030
P12685,C30,secondary main sewer,branch,200,73.1,0.5,0.142,0.198,1.383,1.4,below Mara's slope
P12686,C01,secondary main sewer,branch,200,64.4,0.5,0.09,0.17,1.712,0.5,below Mara's slope
P12687,C01,secondary main sewer,branch,200,61.3,0.5,0.089,0.17,1.714,0.5,below Mara's slope
P12688,C01,secondary main sewer,branch,200,59.6,0.6,0.122,0.201,1.484,1.0,below Mara's slope
P12690,C100,secondary main sewer,branch,200,17.8,0.5,0.0,0.0,,0.0,no flow in 2030
P12691,C54,secondary main sewer,branch,200,33.5,2.1,0.0,0.0,,0.0,no flow in 2030
P12692,C30,secondary main sewer,branch,200,97.6,0.5,0.146,0.2,1.365,1.5,below Mara's slope
P12693,C54,secondary main sewer,branch,200,60.5,1.1,0.071,0.205,1.91,0.6,below Mara's slope
P12694,C05,secondary main sewer,branch,200,63.4,0.6,0.133,0.206,1.427,2.0,below Mara's slope
P12695,C30,secondary main sewer,branch,200,65.4,0.5,0.08,0.163,1.808,0.4,below Mara's slope
P12696,C01,secondary main sewer,branch,200,71.5,0.75,0.088,0.194,1.723,0.5,below Mara's slope
P12697,C01,secondary main sewer,branch,200,46.8,0.5,0.037,0.125,2.585,0.1,below Mara's slope
P12698,C01,secondary main sewer,branch,200,77.4,1.4,0.037,0.179,2.558,0.1,below Mara's slope
P12700,C151,secondary main sewer,branch,200,21.1,4.45,0.0,0.0,,0.0,no flow in 2030
P12701,C278,secondary main sewer,branch,200,104.8,3.55,0.017,0.183,3.702,0.0,below Mara's slope
P12703,C05,secondary main sewer,branch,200,485.0,0.5,0.029,0.115,2.887,0.1,below Mara's slope
P12704,C01,secondary main sewer,branch,200,734.7,0.5,0.0,0.0,,0.0,no flow in 2030
P12705,C01,secondary main sewer,branch,200,72.9,1.2,0.024,0.146,3.135,0.1,below Mara's slope
P12706,C01,secondary main sewer,branch,200,74.7,0.85,0.054,0.172,2.161,0.2,below Mara's slope
P12708,C243,secondary main sewer,branch,200,160.9,0.75,0.089,0.195,1.717,0.7,below Mara's slope
P12709,C54,secondary main sewer,branch,200,79.8,1.15,0.027,0.149,2.991,0.1,below Mara's slope
P12711,C66,secondary main sewer,branch,200,37.7,0.5,0.0,0.0,,0.0,no flow in 2030
P12712,C05,secondary main sewer,branch,200,204.8,0.5,0.338,0.263,0.929,9.4,below Mara's slope
P12715,C01,secondary main sewer,branch,200,67.5,1.8,0.035,0.19,2.64,0.1,below Mara's slope
P12716,C01,secondary main sewer,branch,200,96.7,2.65,0.03,0.204,2.845,0.1,below Mara's slope
P12717,C05,secondary main sewer,branch,200,229.4,0.5,0.313,0.257,0.961,7.7,below Mara's slope
P12718,C01,secondary main sewer,branch,200,72.3,0.5,0.079,0.163,1.811,0.4,below Mara's slope
P12719,C05,secondary main sewer,branch,200,23.1,1.2,0.024,0.145,3.163,0.1,below Mara's slope
P12720,C253,secondary main sewer,branch,200,66.1,2.0,0.013,0.14,4.112,0.0,below Mara's slope
P12721,C253,secondary main sewer,branch,200,18.9,3.35,0.0,0.0,,0.0,no flow in 2030
P12722,C01,secondary main sewer,branch,200,328.8,1.05,0.0,0.0,,0.0,no flow in 2030
P12723,C05,secondary main sewer,branch,200,55.4,2.05,0.029,0.186,2.868,0.1,below Mara's slope
P12724,C01,secondary main sewer,branch,200,218.8,0.5,0.146,0.2,1.368,1.3,below Mara's slope
P12725,C05,secondary main sewer,branch,200,172.5,0.95,0.029,0.144,2.878,0.1,below Mara's slope
P12726,C05,secondary main sewer,branch,200,57.9,0.5,0.034,0.122,2.679,0.1,below Mara's slope
P12727,C214,secondary main sewer,branch,200,216.2,0.5,0.003,0.051,8.0,0.0,below Mara's slope
P12728,C214,secondary main sewer,branch,200,274.8,0.5,0.0,0.0,,0.0,no flow in 2030
P12729,C05,secondary main sewer,branch,200,163.6,0.5,0.058,0.147,2.095,0.4,below Mara's slope
P12730,C05,secondary main sewer,branch,200,260.3,0.5,0.044,0.134,2.373,0.1,below Mara's slope
P12731,C01,secondary main sewer,branch,200,211.2,0.5,0.098,0.175,1.64,0.6,below Mara's slope
P12732,C175,secondary main sewer,branch,200,24.9,0.8,0.0,0.0,,0.0,no flow in 2030
P12733,C175,secondary main sewer,branch,200,115.7,1.75,0.072,0.242,1.891,0.7,below Mara's slope
P12734,C05,secondary main sewer,branch,200,225.9,0.5,0.116,0.185,1.521,1.5,below Mara's slope
P12735,C01,secondary main sewer,branch,200,61.3,0.5,0.079,0.163,1.817,0.4,below Mara's slope
P12736,C05,secondary main sewer,branch,200,13.7,0.6,0.0,0.0,,0.0,no flow in 2030
P12737,C97,secondary main sewer,branch,200,93.7,0.5,0.06,0.148,2.065,0.0,below Mara's slope
P12738,C01,secondary main sewer,branch,200,238.8,0.85,0.173,0.254,1.265,1.7,below Mara's slope
P12739,C97,secondary main sewer,branch,200,64.6,1.05,0.034,0.157,2.679,0.1,below Mara's slope
P12740,C05,secondary main sewer,branch,200,122.0,0.5,0.108,0.181,1.572,1.4,below Mara's slope
P12741,C97,secondary main sewer,branch,200,47.6,1.05,0.03,0.15,2.849,0.1,below Mara's slope
P12742,C05,secondary main sewer,branch,200,129.9,0.9,0.056,0.177,2.128,0.3,below Mara's slope
P12743,C97,secondary main sewer,branch,200,115.8,0.5,0.0,0.0,,0.0,no flow in 2030
P12744,C97,secondary main sewer,branch,200,374.7,0.5,0.007,0.07,5.506,0.0,below Mara's slope
P12745,C01,secondary main sewer,branch,200,238.8,0.85,0.173,0.254,1.265,1.7,below Mara's slope
P12746,C30,secondary main sewer,branch,200,54.3,0.5,0.0,0.0,,0.0,no flow in 2030
P12747,C177,secondary main sewer,branch,200,39.6,0.5,0.0,0.0,,0.0,no flow in 2030
P12748,C05,secondary main sewer,branch,200,113.4,0.6,0.019,0.106,3.492,0.0,below Mara's slope
P12749,C05,secondary main sewer,branch,200,72.8,0.5,0.038,0.127,2.531,0.2,below Mara's slope
P12750,C05,secondary main sewer,branch,200,33.3,1.05,0.002,0.055,9.732,0.0,below Mara's slope
P12751,C05,secondary main sewer,branch,200,126.3,0.55,0.104,0.185,1.594,1.3,below Mara's slope
P12752,C01,secondary main sewer,branch,200,377.6,0.5,0.147,0.201,1.36,1.3,below Mara's slope
P12753,C05,secondary main sewer,branch,200,351.1,0.65,0.108,0.198,1.569,1.2,below Mara's slope
P12754,C05,secondary main sewer,branch,200,249.2,0.9,0.09,0.208,1.709,0.9,below Mara's slope
P12755,C05,secondary main sewer,branch,200,303.6,0.5,0.056,0.145,2.133,0.3,below Mara's slope
P12756,C56,secondary main sewer,branch,200,315.2,1.1,0.066,0.2,1.972,0.5,below Mara's slope
P12757,C66,secondary main sewer,branch,200,433.3,0.5,0.031,0.118,2.793,0.1,below Mara's slope
P12758,C05,secondary main sewer,branch,200,191.0,0.65,0.135,0.213,1.415,2.0,below Mara's slope
P12759,C66,secondary main sewer,branch,200,39.3,0.6,0.015,0.097,3.923,0.0,below Mara's slope
P12760,C05,secondary main sewer,branch,200,148.3,0.8,0.137,0.23,1.408,2.1,below Mara's slope
P12761,C56,secondary main sewer,branch,200,81.3,0.5,0.038,0.127,2.53,0.2,below Mara's slope
P12762,C56,secondary main sewer,branch,200,326.4,0.5,0.064,0.152,2.001,0.4,below Mara's slope
P12763,C05,secondary main sewer,branch,200,97.7,0.85,0.079,0.196,1.809,0.8,below Mara's slope
P12764,C56,secondary main sewer,branch,200,325.6,1.1,0.04,0.169,2.487,0.2,below Mara's slope
P12765,C56,secondary main sewer,branch,200,212.1,1.1,0.052,0.185,2.192,0.3,below Mara's slope
P12766,C05,secondary main sewer,branch,200,51.1,1.2,0.032,0.16,2.764,0.1,below Mara's slope
P12767,C134,secondary main sewer,branch,200,70.4,0.5,0.081,0.164,1.796,0.0,below Mara's slope
P12768,C56,secondary main sewer,branch,200,102.0,0.5,0.039,0.128,2.519,0.2,below Mara's slope
P12769,C05,secondary main sewer,branch,200,59.5,1.0,0.104,0.227,1.598,1.3,below Mara's slope
P12770,C56,secondary main sewer,branch,200,88.7,0.5,0.038,0.127,2.528,0.2,below Mara's slope
P12771,C05,secondary main sewer,branch,200,167.8,0.5,0.133,0.194,1.426,2.0,below Mara's slope
P12772,C70,secondary main sewer,branch,200,197.0,0.5,0.028,0.114,2.946,0.1,below Mara's slope
P12773,C35,secondary main sewer,branch,200,2071.5,0.5,0.0,0.0,,0.0,no flow in 2030
P12774,C35,secondary main sewer,branch,200,628.5,0.5,0.0,0.0,,0.0,no flow in 2030
P12775,C153,secondary main sewer,branch,200,303.1,0.5,0.067,0.154,1.953,0.3,below Mara's slope
P12777,C153,secondary main sewer,branch,200,38.7,0.5,0.016,0.095,3.737,0.0,below Mara's slope
P12778,C153,secondary main sewer,branch,200,176.5,1.05,0.035,0.159,2.643,0.1,below Mara's slope
P12779,C70,secondary main sewer,branch,200,87.5,2.4,0.013,0.148,4.12,0.0,below Mara's slope
P12780,C70,secondary main sewer,branch,200,81.8,0.55,0.015,0.095,3.852,0.0,below Mara's slope
P12781,C05,secondary main sewer,branch,200,66.0,0.5,0.408,0.279,0.851,10.4,below Mara's slope
P12782,C70,secondary main sewer,branch,200,28.1,4.9,0.0,0.0,,0.0,no flow in 2030
P12783,C122,secondary main sewer,branch,200,569.4,0.5,0.351,0.266,0.912,6.7,below Mara's slope
P12784,C05,secondary main sewer,branch,200,238.6,0.65,0.282,0.271,1.009,7.0,below Mara's slope
P12785,C70,secondary main sewer,branch,200,148.3,0.5,0.017,0.095,3.721,0.0,below Mara's slope
P12786,C158,secondary main sewer,branch,200,196.6,0.6,0.0,0.0,,0.0,no flow in 2030
P12787,C70,secondary main sewer,branch,200,160.7,0.65,0.0,0.0,,0.0,no flow in 2030
P12788,C05,secondary main sewer,branch,200,224.7,0.6,0.177,0.227,1.25,3.2,below Mara's slope
P12789,C122,secondary main sewer,branch,200,135.8,0.5,0.0,0.0,,0.0,no flow in 2030
P12790,C05,secondary main sewer,branch,200,100.7,0.5,0.645,0.323,0.689,19.6,below Mara's slope
P12791,C05,secondary main sewer,branch,200,203.0,0.75,0.238,0.27,1.092,5.3,below Mara's slope
P12792,C05,secondary main sewer,branch,200,39.4,0.5,0.018,0.097,3.612,0.0,below Mara's slope
P12793,C122,secondary main sewer,branch,200,117.3,0.5,0.024,0.109,3.122,0.1,below Mara's slope
P12794,C68,secondary main sewer,branch,200,87.3,0.55,0.038,0.131,2.555,0.2,below Mara's slope
P12795,C122,secondary main sewer,branch,200,121.7,0.6,0.047,0.145,2.305,0.2,below Mara's slope
P12796,C05,secondary main sewer,branch,200,423.0,1.55,0.073,0.234,1.876,0.7,below Mara's slope
P12797,C238,secondary main sewer,branch,200,192.9,0.8,0.0,0.0,,0.0,no flow in 2030
P12798,C122,secondary main sewer,branch,200,72.1,0.5,0.024,0.109,3.124,0.1,below Mara's slope
P12799,C68,secondary main sewer,branch,200,123.3,0.5,0.038,0.127,2.545,0.2,below Mara's slope
P12800,C05,secondary main sewer,branch,200,146.8,1.3,0.037,0.174,2.576,0.2,below Mara's slope
P12801,C68,secondary main sewer,branch,200,220.9,1.5,0.0,0.0,,0.0,no flow in 2030
P12802,C05,secondary main sewer,branch,200,61.1,1.4,0.023,0.151,3.198,0.1,below Mara's slope
P12803,C05,secondary main sewer,branch,200,324.5,1.05,0.175,0.274,1.257,3.2,below Mara's slope
P12804,C05,secondary main sewer,branch,200,174.6,0.5,0.093,0.172,1.679,1.0,below Mara's slope
P12805,C73,secondary main sewer,branch,200,116.4,1.9,0.026,0.175,3.004,0.1,below Mara's slope
P12806,C68,secondary main sewer,branch,200,54.9,1.6,0.018,0.144,3.584,0.0,below Mara's slope
P12807,C68,secondary main sewer,branch,200,82.3,3.0,0.0,0.0,,0.0,no flow in 2030
P12808,C73,secondary main sewer,branch,200,156.7,1.25,0.046,0.185,2.334,0.2,below Mara's slope
P12809,C73,secondary main sewer,branch,200,138.0,1.35,0.138,0.276,1.403,2.1,below Mara's slope
P12810,C68,secondary main sewer,branch,200,128.6,0.5,0.112,0.183,1.543,1.4,below Mara's slope
P12811,C73,secondary main sewer,branch,200,106.5,0.65,0.08,0.179,1.8,0.8,below Mara's slope
P12812,C05,secondary main sewer,branch,200,495.2,1.0,0.277,0.313,1.018,6.5,below Mara's slope
P12813,C05,secondary main sewer,branch,200,54.9,0.85,0.103,0.213,1.608,1.3,below Mara's slope
P12814,C05,secondary main sewer,branch,200,63.8,1.4,0.024,0.153,3.139,0.1,below Mara's slope
P12815,C05,secondary main sewer,branch,200,224.4,1.05,0.251,0.308,1.065,5.8,below Mara's slope
P12816,C68,secondary main sewer,branch,200,83.9,1.65,0.034,0.182,2.689,0.1,below Mara's slope
P12817,C73,secondary main sewer,branch,200,82.6,0.75,0.195,0.253,1.196,3.8,below Mara's slope
P12819,C73,secondary main sewer,branch,200,85.2,0.5,0.041,0.131,2.449,0.2,below Mara's slope
P12820,C73,secondary main sewer,branch,200,117.8,0.5,0.156,0.204,1.326,2.6,below Mara's slope
P12821,C64,secondary main sewer,branch,200,368.4,0.8,0.462,0.342,0.804,13.6,below Mara's slope
P12822,C05,secondary main sewer,branch,200,104.4,1.9,0.0,0.0,,0.0,no flow in 2030
P12823,C101,secondary main sewer,branch,200,824.3,0.5,0.0,0.0,,0.0,no flow in 2030
P12824,C19,secondary main sewer,branch,200,278.1,1.05,0.201,0.286,1.18,4.0,below Mara's slope
P12825,C19,secondary main sewer,branch,200,93.9,1.1,0.135,0.256,1.415,2.0,below Mara's slope
P12827,C19,secondary main sewer,branch,200,167.8,1.35,0.038,0.178,2.543,0.2,below Mara's slope
P12828,C19,secondary main sewer,branch,200,107.5,1.25,0.017,0.129,3.723,0.0,below Mara's slope
P12829,C19,secondary main sewer,branch,200,81.3,0.8,0.176,0.25,1.253,3.2,below Mara's slope
P12830,C19,secondary main sewer,branch,200,405.3,0.5,0.0,0.0,,0.0,no flow in 2030
P12831,C19,secondary main sewer,branch,200,209.8,0.8,0.0,0.0,,0.0,no flow in 2030
P12834,C19,secondary main sewer,branch,200,63.7,0.5,0.033,0.121,2.705,0.1,below Mara's slope
P12835,C19,secondary main sewer,branch,200,56.5,1.95,0.0,0.0,,0.0,no flow in 2030
P12836,C19,secondary main sewer,branch,200,222.8,1.25,0.05,0.191,2.23,0.3,below Mara's slope
P12837,C19,secondary main sewer,branch,200,68.9,0.85,0.041,0.156,2.459,0.2,below Mara's slope
P12838,C19,secondary main sewer,branch,200,68.0,1.3,0.035,0.17,2.653,0.1,below Mara's slope
P12839,C19,secondary main sewer,branch,200,76.6,1.7,0.037,0.191,2.558,0.2,below Mara's slope
P12840,C19,secondary main sewer,branch,200,34.4,0.5,0.0,0.0,,0.0,no flow in 2030
P12841,C19,secondary main sewer,branch,200,110.8,0.55,0.05,0.144,2.235,0.3,below Mara's slope
P12842,C19,secondary main sewer,branch,200,145.6,1.1,0.051,0.184,2.22,0.3,below Mara's slope
P12843,C19,secondary main sewer,branch,200,118.4,0.5,0.111,0.182,1.553,1.4,below Mara's slope
P12844,C19,secondary main sewer,branch,200,62.8,1.3,0.024,0.149,3.135,0.1,below Mara's slope
P12845,C19,secondary main sewer,branch,200,191.4,0.5,0.112,0.183,1.545,1.4,below Mara's slope
P12846,C98,secondary main sewer,branch,200,2006.4,1.05,0.0,0.0,,0.0,no flow in 2030
P12847,C61,secondary main sewer,branch,200,2363.4,0.55,0.006,0.066,6.071,0.0,below Mara's slope
P12848,C42,secondary main sewer,branch,200,439.8,0.7,0.0,0.0,,0.0,no flow in 2030
P12849,C42,secondary main sewer,branch,200,498.3,0.7,0.0,0.0,,0.0,no flow in 2030
P12850,C41,secondary main sewer,branch,200,164.5,0.5,0.0,0.0,,0.0,no flow in 2030
P12851,C41,secondary main sewer,branch,200,114.9,3.85,0.0,0.0,,0.0,no flow in 2030
