date,t_mean_c,t_max_c,t_min_c,rain_mm
2001-01-01,17.79,26.57,10.58,0.0
2001-01-02,18.35,27.34,10.78,0.0
2001-01-03,18.92,26.6,12.37,0.0
2001-01-04,19.03,26.43,12.54,0.0
2001-01-05,19.35,25.85,13.99,0.0
2001-01-06,18.09,24.58,12.7,0.0
2001-01-07,17.3,25.32,10.59,0.0
2001-01-08,18.67,25.71,12.08,0.0
2001-01-09,19.99,24.96,14.91,0.53
2001-01-10,18.83,24.81,13.99,0.06
2001-01-11,18.01,25.3,11.71,0.25
2001-01-12,18.33,26.13,11.8,0.0
2001-01-13,18.58,26.65,11.6,0.0
2001-01-14,19.08,26.96,12.16,0.0
2001-01-15,18.72,27.53,11.19,0.0
2001-01-16,19.07,27.94,12.54,0.0
2001-01-17,18.87,27.61,11.9,0.0
2001-01-18,19.09,27.16,12.98,0.0
2001-01-19,19.45,26.61,12.72,0.0
2001-01-20,19.2,26.69,12.12,0.0
2001-01-21,17.93,25.62,11.44,0.0
2001-01-22,17.7,26.92,9.44,0.0
2001-01-23,19.0,27.27,12.12,0.0
2001-01-24,19.66,27.78,13.13,0.0
2001-01-25,19.85,27.82,13.05,0.0
2001-01-26,19.43,27.86,12.13,0.0
2001-01-27,20.35,28.0,15.2,0.0
2001-01-28,17.17,23.83,11.47,0.0
2001-01-29,15.34,24.31,8.01,0.0
2001-01-30,15.61,25.12,7.79,0.0
2001-01-31,15.72,24.47,8.37,0.0
2001-02-01,17.07,26.39,9.13,0.0
2001-02-02,18.1,26.51,11.04,0.0
2001-02-03,18.33,26.64,11.9,0.0
2001-02-04,17.92,26.79,12.19,0.0
2001-02-05,19.45,28.77,13.03,0.0
2001-02-06,17.36,25.51,10.76,0.0
2001-02-07,16.74,25.69,9.01,0.0
2001-02-08,19.42,28.8,11.89,0.0
2001-02-09,22.05,30.99,14.22,0.0
2001-02-10,23.11,29.96,15.76,0.0
2001-02-11,22.87,30.07,16.83,0.0
2001-02-12,18.13,24.11,12.82,0.0
2001-02-13,17.56,26.12,10.08,0.0
2001-02-14,19.41,27.29,12.07,0.0
2001-02-15,20.46,27.13,13.48,0.0
2001-02-16,22.21,29.53,15.54,0.0
2001-02-17,23.22,31.13,16.01,0.0
2001-02-18,22.99,30.55,16.37,0.0
2001-02-19,23.1,30.17,15.95,0.0
2001-02-20,25.02,32.73,17.4,0.0
2001-02-21,24.43,32.92,17.33,0.0
2001-02-22,24.11,31.83,16.5,0.0
2001-02-23,24.41,31.56,17.3,0.0
2001-02-24,24.02,31.27,18.21,0.0
2001-02-25,22.4,32.46,13.39,0.0
2001-02-26,20.82,29.54,14.43,0.0
2001-02-27,20.59,32.08,10.49,0.0
2001-02-28,22.1,30.54,14.98,0.0
2001-03-01,23.78,32.59,15.92,0.0
2001-03-02,24.3,32.12,16.64,0.0
2001-03-03,25.02,33.16,16.94,0.0
2001-03-04,24.96,33.09,16.33,0.0
2001-03-05,25.71,33.1,18.26,0.0
2001-03-06,24.61,32.09,18.45,0.0
2001-03-07,23.42,32.57,15.52,0.0
2001-03-08,25.37,34.13,17.83,0.0
2001-03-09,27.11,35.46,18.6,0.0
2001-03-10,27.49,36.02,19.38,0.0
2001-03-11,26.68,34.62,20.39,0.0
2001-03-12,24.76,34.1,16.81,0.0
2001-03-13,24.65,33.65,16.35,0.0
2001-03-14,25.92,33.88,18.18,0.0
2001-03-15,27.58,34.56,21.14,0.0
2001-03-16,27.68,34.21,21.53,0.0
2001-03-17,28.78,35.31,23.09,0.0
2001-03-18,25.8,30.93,22.04,0.0
2001-03-19,26.91,34.87,19.33,0.0
2001-03-20,26.28,34.38,19.13,0.0
2001-03-21,25.31,33.41,18.28,0.0
2001-03-22,24.7,33.81,15.43,0.0
2001-03-23,25.27,30.51,21.57,0.09
2001-03-24,27.51,35.02,20.6,0.29
2001-03-25,29.98,36.66,23.98,0.08
2001-03-26,26.97,33.91,20.21,0.01
2001-03-27,22.61,30.1,17.19,0.0
2001-03-28,23.3,33.84,13.1,0.0
2001-03-29,26.74,35.71,17.36,0.0
2001-03-30,27.26,35.2,19.08,0.0
2001-03-31,28.69,35.76,22.76,0.0
2001-04-01,28.58,36.54,20.75,0.0
2001-04-02,29.35,38.49,20.16,0.0
2001-04-03,30.32,40.0,21.26,0.0
2001-04-04,30.77,40.32,21.36,0.0
2001-04-05,30.81,40.91,21.33,0.0
2001-04-06,30.1,39.18,21.1,0.0
2001-04-07,28.87,38.2,20.75,0.0
2001-04-08,28.69,37.82,19.09,0.0
2001-04-09,29.72,38.28,20.73,0.0
2001-04-10,30.58,39.25,23.27,0.0
2001-04-11,27.23,36.77,18.52,0.0
2001-04-12,27.54,37.57,18.24,0.0
2001-04-13,29.88,39.61,21.02,0.0
2001-04-14,28.77,37.83,20.21,0.0
2001-04-15,28.9,38.55,19.7,0.0
2001-04-16,29.26,39.0,19.78,0.0
2001-04-17,31.02,40.55,22.2,0.0
2001-04-18,27.85,36.18,20.46,0.0
2001-04-19,25.95,36.17,15.97,0.0
2001-04-20,29.08,39.13,19.03,0.0
2001-04-21,29.52,37.61,21.7,0.0
2001-04-22,29.96,37.79,22.52,0.0
2001-04-23,30.43,36.54,24.44,0.0
2001-04-24,30.65,38.15,24.99,0.0
2001-04-25,30.48,38.59,23.69,0.0
2001-04-26,33.25,42.59,24.76,0.0
2001-04-27,34.86,44.15,26.08,0.0
2001-04-28,35.48,44.83,26.3,0.0
2001-04-29,35.76,44.28,27.65,0.0
2001-04-30,35.14,43.7,27.0,0.0
2001-05-01,35.67,43.71,27.58,0.0
2001-05-02,36.46,44.67,28.0,0.0
2001-05-03,35.86,43.82,28.19,0.0
2001-05-04,34.09,40.81,26.36,0.0
2001-05-05,36.42,43.43,29.12,0.0
2001-05-06,35.63,43.84,28.13,0.0
2001-05-07,32.77,39.34,27.48,0.0
2001-05-08,33.24,42.89,23.29,0.0
2001-05-09,36.02,44.47,26.75,0.0
2001-05-10,34.64,42.37,25.9,0.0
2001-05-11,35.05,42.31,27.48,0.0
2001-05-12,36.17,44.37,28.94,0.0
2001-05-13,36.9,46.05,28.08,0.0
2001-05-14,37.68,46.25,29.71,0.0
2001-05-15,36.85,46.0,27.66,0.0
2001-05-16,37.69,46.29,30.22,0.0
2001-05-17,38.13,46.9,30.96,0.0
2001-05-18,37.99,47.67,28.25,0.0
2001-05-19,37.78,47.77,27.22,0.0
2001-05-20,36.82,45.01,28.24,0.0
2001-05-21,36.02,45.0,28.6,1.37
2001-05-22,33.97,44.18,24.87,0.0
2001-05-23,33.61,44.11,22.75,0.0
2001-05-24,35.53,45.17,25.56,0.0
2001-05-25,35.48,44.92,25.88,0.0
2001-05-26,33.96,43.26,25.05,0.0
2001-05-27,31.54,41.23,21.92,0.0
2001-05-28,32.64,41.37,22.75,0.0
2001-05-29,34.86,43.36,25.16,0.0
2001-05-30,35.61,42.98,26.92,0.0
2001-05-31,36.36,43.8,27.83,0.0
2001-06-01,38.63,46.25,30.49,0.0
2001-06-02,38.23,46.24,30.25,0.0
2001-06-03,38.34,47.22,29.03,0.0
2001-06-04,39.48,48.46,30.6,0.0
2001-06-05,39.91,48.03,31.69,0.0
2001-06-06,39.61,47.93,30.85,0.0
2001-06-07,38.9,47.34,30.44,0.0
2001-06-08,37.87,46.34,29.66,0.0
2001-06-09,38.34,46.5,29.03,0.0
2001-06-10,37.77,45.73,28.95,0.0
2001-06-11,36.33,44.7,28.18,0.0
2001-06-12,34.59,42.97,25.24,0.0
2001-06-13,35.87,42.9,27.68,0.0
2001-06-14,35.81,43.62,30.27,0.06
2001-06-15,36.72,43.62,30.29,0.03
2001-06-16,37.5,44.5,31.05,0.0
2001-06-17,36.37,44.11,27.69,0.0
2001-06-18,37.2,44.46,29.04,0.0
2001-06-19,36.05,44.5,27.6,0.0
2001-06-20,34.35,43.33,25.11,0.0
2001-06-21,34.65,42.54,25.72,0.0
2001-06-22,37.02,44.55,29.28,0.0
2001-06-23,37.6,45.27,29.44,0.0
2001-06-24,37.31,45.12,28.53,0.0
2001-06-25,37.05,44.43,29.58,0.14
2001-06-26,38.21,44.73,31.18,0.13
2001-06-27,39.01,44.89,32.6,0.26
2001-06-28,38.84,44.51,32.98,0.25
2001-06-29,38.75,45.87,31.37,0.0
2001-06-30,38.06,45.7,29.71,0.0
2001-07-01,37.86,45.54,30.04,0.0
2001-07-02,37.94,45.87,29.85,0.0
2001-07-03,37.54,45.45,29.67,0.0
2001-07-04,36.6,45.46,27.61,0.0
2001-07-05,37.42,46.05,27.69,0.0
2001-07-06,39.77,48.19,31.09,0.0
2001-07-07,39.79,47.99,32.86,0.0
2001-07-08,38.88,47.71,30.34,0.0
2001-07-09,39.03,47.97,30.07,0.41
2001-07-10,38.41,44.65,32.37,0.01
2001-07-11,37.95,44.97,31.51,0.01
2001-07-12,36.83,42.19,31.47,0.97
2001-07-13,35.17,40.41,30.14,0.0
2001-07-14,34.5,40.49,28.34,0.08
2001-07-15,35.66,40.95,30.46,0.0
2001-07-16,36.33,42.32,30.43,0.0
2001-07-17,36.22,41.78,31.0,1.49
2001-07-18,36.13,42.2,29.98,0.0
2001-07-19,35.52,41.17,30.57,3.77
2001-07-20,36.22,42.01,30.32,0.31
2001-07-21,37.47,42.53,32.2,0.0
2001-07-22,36.89,43.97,29.37,0.08
2001-07-23,38.08,45.33,31.19,0.0
2001-07-24,39.13,46.29,31.5,0.0
2001-07-25,37.6,43.24,32.31,0.0
2001-07-26,37.48,43.57,30.66,0.0
2001-07-27,38.19,44.2,32.35,0.0
2001-07-28,37.14,42.7,30.63,0.0
2001-07-29,38.39,44.76,31.43,0.0
2001-07-30,38.97,44.49,32.91,0.07
2001-07-31,38.8,43.92,34.27,0.2
2001-08-01,36.76,42.58,31.37,0.03
2001-08-02,36.11,42.95,28.54,0.0
2001-08-03,38.34,45.93,30.67,0.0
2001-08-04,38.45,46.79,29.61,0.05
2001-08-05,35.37,42.8,27.68,0.0
2001-08-06,34.83,42.03,27.75,0.0
2001-08-07,36.22,43.27,29.06,0.0
2001-08-08,35.74,41.96,29.46,0.0
2001-08-09,36.39,42.06,30.11,0.0
2001-08-10,37.81,44.16,31.79,0.0
2001-08-11,39.42,47.4,32.05,0.0
2001-08-12,37.68,44.0,31.74,0.0
2001-08-13,36.81,43.45,29.43,0.0
2001-08-14,38.1,44.51,30.89,0.0
2001-08-15,38.35,44.87,31.93,0.0
2001-08-16,37.26,44.42,29.26,0.0
2001-08-17,38.22,45.42,30.97,0.0
2001-08-18,38.66,46.1,31.97,0.0
2001-08-19,38.58,45.69,30.99,0.01
2001-08-20,38.63,45.69,31.02,0.0
2001-08-21,38.0,45.48,30.76,0.0
2001-08-22,37.0,43.68,29.31,0.0
2001-08-23,37.4,46.25,28.52,0.0
2001-08-24,37.01,44.65,29.01,0.0
2001-08-25,35.44,42.34,28.03,0.0
2001-08-26,34.05,40.3,27.23,0.0
2001-08-27,34.32,40.93,27.23,0.0
2001-08-28,35.37,42.52,27.98,0.0
2001-08-29,36.13,42.73,28.87,0.0
2001-08-30,36.33,43.96,28.21,0.0
2001-08-31,38.19,46.12,31.3,0.0
2001-09-01,38.01,45.8,30.58,0.0
2001-09-02,37.37,43.62,30.53,0.0
2001-09-03,35.58,41.71,29.29,0.0
2001-09-04,35.7,41.98,29.57,0.0
2001-09-05,36.15,44.07,28.67,0.0
2001-09-06,35.67,44.24,28.55,0.0
2001-09-07,36.15,44.38,28.05,0.0
2001-09-08,35.87,44.96,28.45,0.0
2001-09-09,35.76,44.23,27.48,0.0
2001-09-10,34.83,42.68,27.77,0.0
2001-09-11,34.61,42.43,26.59,0.0
2001-09-12,37.31,44.45,30.4,0.0
2001-09-13,37.09,44.93,29.96,0.0
2001-09-14,35.72,42.18,29.64,0.26
2001-09-15,35.14,40.98,28.6,0.0
2001-09-16,33.86,40.01,27.17,0.28
2001-09-17,33.03,40.05,25.76,0.0
2001-09-18,33.61,41.25,26.09,0.0
2001-09-19,34.34,41.42,26.94,0.0
2001-09-20,33.91,39.82,27.26,0.0
2001-09-21,33.38,39.85,26.5,0.0
2001-09-22,34.1,41.26,27.43,0.0
2001-09-23,34.6,41.98,27.28,0.0
2001-09-24,34.13,41.55,26.88,0.0
2001-09-25,34.54,41.89,26.54,0.0
2001-09-26,34.48,42.48,26.8,0.0
2001-09-27,33.56,41.88,25.56,0.0
2001-09-28,33.07,42.76,24.21,0.0
2001-09-29,33.3,41.97,25.25,0.0
2001-09-30,33.32,41.73,25.67,0.0
2001-10-01,35.06,43.01,27.89,0.0
2001-10-02,35.2,42.53,28.01,0.0
2001-10-03,34.2,40.79,27.86,0.25
2001-10-04,34.55,40.43,28.89,0.74
2001-10-05,34.55,40.77,28.65,0.41
2001-10-06,33.72,40.82,26.72,0.0
2001-10-07,32.97,40.34,26.92,0.0
2001-10-08,31.24,39.98,23.31,0.0
2001-10-09,31.14,39.42,23.72,0.0
2001-10-10,32.07,40.56,24.11,0.0
2001-10-11,31.98,40.16,25.12,0.0
2001-10-12,31.17,39.32,23.96,0.0
2001-10-13,30.21,38.19,22.94,0.0
2001-10-14,28.73,36.9,21.25,0.0
2001-10-15,28.8,36.02,21.85,0.0
2001-10-16,30.38,37.36,23.51,0.0
2001-10-17,30.25,36.58,23.52,0.0
2001-10-18,31.06,37.91,24.75,0.0
2001-10-19,30.45,37.69,23.8,0.0
2001-10-20,29.62,37.05,22.72,0.0
2001-10-21,29.57,37.53,22.88,0.0
2001-10-22,29.78,37.71,22.12,0.0
2001-10-23,29.62,37.46,21.66,0.0
2001-10-24,30.19,37.12,23.92,0.0
2001-10-25,29.14,35.87,22.61,0.0
2001-10-26,28.52,36.07,21.34,0.0
2001-10-27,30.4,38.35,24.18,0.0
2001-10-28,30.29,38.82,21.99,0.0
2001-10-29,30.03,39.12,21.7,0.0
2001-10-30,30.04,38.64,22.6,0.0
2001-10-31,29.8,38.64,22.76,0.04
2001-11-01,29.64,38.88,22.01,0.2
2001-11-02,29.29,38.18,21.37,0.0
2001-11-03,28.54,36.68,21.31,0.0
2001-11-04,27.52,35.62,20.24,0.0
2001-11-05,26.83,35.81,18.98,0.0
2001-11-06,26.74,35.87,18.76,0.0
2001-11-07,26.9,35.81,18.46,0.0
2001-11-08,25.69,33.56,18.88,0.0
2001-11-09,25.96,34.16,18.85,0.0
2001-11-10,25.65,33.84,18.6,0.0
2001-11-11,24.73,32.0,18.59,0.0
2001-11-12,25.72,31.91,18.76,0.0
2001-11-13,24.06,30.93,16.49,3.31
2001-11-14,24.35,31.41,17.76,0.0
2001-11-15,24.32,31.6,17.97,0.0
2001-11-16,24.02,30.96,17.96,0.0
2001-11-17,24.09,30.34,19.52,0.0
2001-11-18,23.67,30.18,16.88,0.02
2001-11-19,23.95,30.95,17.57,0.0
2001-11-20,24.57,32.16,18.05,0.0
2001-11-21,22.22,29.12,16.91,0.0
2001-11-22,21.08,29.68,13.66,0.0
2001-11-23,22.44,30.71,14.76,0.0
2001-11-24,24.16,32.04,17.62,0.0
2001-11-25,22.86,30.73,16.81,0.0
2001-11-26,21.92,30.87,14.26,0.0
2001-11-27,22.16,29.49,15.43,0.0
2001-11-28,22.95,30.73,15.94,0.0
2001-11-29,23.61,30.46,17.98,0.0
2001-11-30,24.05,31.33,17.64,0.0
2001-12-01,23.82,30.41,18.06,0.0
2001-12-02,23.53,30.29,17.28,0.0
2001-12-03,24.07,31.73,17.59,0.0
2001-12-04,24.14,30.67,18.29,0.0
2001-12-05,23.83,30.85,16.8,0.0
2001-12-06,23.93,30.81,17.82,0.0
2001-12-07,25.42,33.4,19.02,0.0
2001-12-08,25.57,33.91,18.76,0.0
2001-12-09,25.09,32.81,19.66,0.0
2001-12-10,25.5,34.38,18.75,0.0
2001-12-11,24.94,32.23,19.16,0.0
2001-12-12,24.86,32.2,18.34,0.0
2001-12-13,23.57,30.24,17.91,0.0
2001-12-14,23.25,29.9,17.19,0.0
2001-12-15,24.34,30.49,20.1,0.0
2001-12-16,23.06,30.17,17.11,0.0
2001-12-17,22.65,30.15,16.26,0.0
2001-12-18,23.26,30.62,16.86,0.0
2001-12-19,23.27,30.31,17.39,0.0
2001-12-20,23.24,29.55,17.11,0.0
2001-12-21,23.23,29.65,17.82,0.0
2001-12-22,23.68,30.18,19.47,0.0
2001-12-23,23.1,30.91,16.07,0.0
2001-12-24,21.79,28.13,16.46,0.0
2001-12-25,21.99,29.46,15.65,0.0
2001-12-26,21.99,29.26,15.97,0.0
2001-12-27,22.31,29.42,16.1,0.0
2001-12-28,21.96,28.44,15.99,0.0
2001-12-29,22.04,28.9,15.82,0.0
2001-12-30,21.69,28.13,15.87,0.0
2001-12-31,21.68,28.3,15.59,0.0
2002-01-01,21.02,26.79,15.97,0.0
2002-01-02,21.18,27.21,16.11,0.0
2002-01-03,21.35,28.25,15.0,0.0
2002-01-04,22.65,29.36,16.25,0.0
2002-01-05,21.96,29.07,16.19,0.0
2002-01-06,20.96,27.79,14.8,0.0
2002-01-07,21.34,27.09,15.41,0.0
2002-01-08,21.89,28.18,16.46,0.0
2002-01-09,21.9,28.25,15.75,0.0
2002-01-10,22.05,28.85,16.29,0.0
2002-01-11,21.82,28.1,16.2,0.0
2002-01-12,23.02,28.46,17.91,0.0
2002-01-13,21.01,26.17,16.56,0.02
2002-01-14,17.98,23.43,14.54,0.05
2002-01-15,17.25,24.81,10.61,1.66
2002-01-16,17.49,23.91,11.74,0.0
2002-01-17,17.35,24.58,11.1,0.0
2002-01-18,16.84,23.94,10.18,0.0
2002-01-19,17.56,24.91,10.88,0.0
2002-01-20,17.69,24.82,11.51,0.0
2002-01-21,18.2,25.46,11.94,0.0
2002-01-22,18.46,26.15,11.79,0.0
2002-01-23,17.89,25.9,10.91,0.0
2002-01-24,18.63,27.45,11.62,0.0
2002-01-25,17.11,25.31,10.54,0.0
2002-01-26,17.11,26.07,9.68,0.0
2002-01-27,17.35,26.17,9.73,0.0
2002-01-28,18.33,26.88,10.14,0.0
2002-01-29,19.41,26.74,12.48,0.0
2002-01-30,19.56,26.72,12.21,0.0
2002-01-31,18.57,25.73,12.15,0.0
2002-02-01,16.7,26.06,8.8,0.0
2002-02-02,18.31,28.63,9.53,0.0
2002-02-03,18.52,27.17,11.01,0.0
2002-02-04,18.61,26.66,13.02,0.0
2002-02-05,17.56,25.97,10.3,0.0
2002-02-06,18.18,26.43,12.26,0.0
2002-02-07,17.7,26.35,10.06,0.0
2002-02-08,18.69,27.91,10.55,0.0
2002-02-09,18.56,26.35,13.07,3.29
2002-02-10,19.92,28.26,11.6,0.0
2002-02-11,19.83,26.61,13.03,0.0
2002-02-12,20.44,27.61,13.42,0.0
2002-02-13,20.38,28.5,13.51,0.0
2002-02-14,20.15,27.79,12.77,0.0
2002-02-15,21.39,28.49,14.05,0.0
2002-02-16,19.78,26.2,14.28,0.0
2002-02-17,18.25,27.35,10.16,0.0
2002-02-18,20.5,28.99,12.72,0.0
2002-02-19,21.2,26.33,15.88,0.17
2002-02-20,23.12,29.59,17.36,0.0
2002-02-21,19.84,26.65,13.15,0.0
2002-02-22,18.3,28.57,9.37,0.0
2002-02-23,21.05,30.87,13.14,0.0
2002-02-24,24.02,32.81,17.23,0.0
2002-02-25,24.21,32.03,16.73,0.0
2002-02-26,24.41,33.05,17.06,0.0
2002-02-27,24.64,33.43,17.3,0.0
2002-02-28,24.68,33.35,16.98,0.0
2002-03-01,25.46,34.03,18.27,0.0
2002-03-02,25.35,33.05,18.51,0.0
2002-03-03,24.9,31.44,19.97,0.0
2002-03-04,24.99,32.32,18.76,0.0
2002-03-05,25.17,32.52,19.25,0.0
2002-03-06,25.68,33.44,19.58,0.0
2002-03-07,25.3,33.17,19.21,0.0
2002-03-08,24.01,30.5,18.13,0.0
2002-03-09,24.74,33.55,17.85,0.31
2002-03-10,24.12,31.81,18.65,3.44
2002-03-11,23.58,27.8,20.16,2.75
2002-03-12,23.13,27.99,18.01,0.34
2002-03-13,23.28,31.68,14.93,0.0
2002-03-14,24.07,32.88,15.96,0.0
2002-03-15,24.71,33.98,16.16,0.0
2002-03-16,26.62,34.18,20.12,0.05
2002-03-17,26.22,33.86,18.49,0.0
2002-03-18,24.84,31.91,18.38,0.22
2002-03-19,24.24,28.33,20.63,21.98
2002-03-20,26.84,33.51,20.54,0.0
2002-03-21,28.11,35.52,21.05,0.0
2002-03-22,27.73,35.32,20.23,0.0
2002-03-23,29.03,36.94,22.28,0.0
2002-03-24,26.47,35.88,18.24,0.0
2002-03-25,27.94,37.41,19.48,0.0
2002-03-26,28.9,38.28,20.18,0.0
2002-03-27,29.25,37.59,21.32,0.0
2002-03-28,29.67,37.37,22.68,0.0
2002-03-29,29.98,38.28,22.67,0.0
2002-03-30,30.28,37.84,22.78,0.0
2002-03-31,30.86,38.32,23.79,0.0
2002-04-01,31.43,39.87,23.78,0.0
2002-04-02,31.83,40.06,24.18,0.0
2002-04-03,31.62,40.24,23.24,0.0
2002-04-04,26.83,33.41,20.75,0.0
2002-04-05,24.15,32.54,18.05,0.0
2002-04-06,24.0,32.66,15.89,0.0
2002-04-07,25.95,36.04,15.02,0.0
2002-04-08,27.87,36.05,19.32,0.0
2002-04-09,27.54,35.42,19.07,0.0
2002-04-10,27.99,35.03,21.51,0.0
2002-04-11,27.53,32.63,22.89,0.0
2002-04-12,26.84,31.52,23.06,0.16
2002-04-13,24.26,26.31,22.46,5.18
2002-04-14,25.32,32.25,19.32,0.01
2002-04-15,26.51,34.43,19.28,0.0
2002-04-16,25.98,34.15,17.45,0.0
2002-04-17,28.18,37.04,19.36,0.0
2002-04-18,30.01,38.52,21.15,0.0
2002-04-19,30.31,38.73,21.71,0.0
2002-04-20,30.72,38.86,22.32,0.0
2002-04-21,32.33,40.21,24.32,0.0
2002-04-22,32.38,39.68,26.36,0.0
2002-04-23,29.69,37.52,21.84,0.0
2002-04-24,25.58,34.79,16.25,0.0
2002-04-25,28.85,40.2,17.27,0.0
2002-04-26,30.83,40.23,21.31,0.0
2002-04-27,33.64,44.14,23.74,0.0
2002-04-28,34.84,44.74,25.17,0.0
2002-04-29,34.18,42.73,24.66,0.0
2002-04-30,34.81,43.13,27.96,0.0
2002-05-01,34.48,44.26,26.1,0.0
2002-05-02,34.95,43.88,26.53,0.0
2002-05-03,34.52,43.65,25.48,0.0
2002-05-04,33.26,42.57,23.55,0.0
2002-05-05,34.14,43.04,25.54,0.0
2002-05-06,34.3,43.57,25.5,0.0
2002-05-07,35.04,44.04,25.88,0.0
2002-05-08,35.79,43.88,26.31,0.0
2002-05-09,35.52,43.89,27.29,0.0
2002-05-10,32.79,39.29,27.4,0.46
2002-05-11,32.74,38.95,26.08,0.0
2002-05-12,33.11,37.57,28.04,1.1
2002-05-13,34.71,40.67,28.47,1.31
2002-05-14,31.95,40.16,24.07,0.0
2002-05-15,30.75,41.24,19.49,0.0
2002-05-16,33.48,42.78,23.92,0.0
2002-05-17,35.35,44.26,25.67,0.0
2002-05-18,37.21,46.12,28.86,0.0
2002-05-19,37.5,46.04,30.61,0.0
2002-05-20,36.37,45.86,27.28,0.0
2002-05-21,37.46,45.87,29.94,0.0
2002-05-22,38.29,46.99,30.16,0.0
2002-05-23,37.04,46.85,27.92,0.0
2002-05-24,37.77,46.69,27.64,0.0
2002-05-25,37.07,45.3,29.02,0.0
2002-05-26,36.11,45.08,27.38,0.0
2002-05-27,36.71,46.06,27.27,0.0
2002-05-28,35.49,45.02,27.89,0.0
2002-05-29,35.33,43.62,25.7,0.0
2002-05-30,35.18,43.09,27.59,0.0
2002-05-31,35.18,42.35,28.12,0.0
2002-06-01,34.75,42.98,27.08,0.0
2002-06-02,34.21,41.98,26.21,0.0
2002-06-03,34.93,42.58,26.75,0.0
2002-06-04,34.84,43.09,26.77,0.0
2002-06-05,35.98,44.69,26.77,0.0
2002-06-06,37.82,47.37,28.39,0.0
2002-06-07,38.77,48.84,28.93,0.0
2002-06-08,35.26,45.24,26.0,0.0
2002-06-09,35.64,45.09,25.96,0.0
2002-06-10,36.91,45.33,27.12,1.55
2002-06-11,36.44,43.62,28.65,0.0
2002-06-12,37.08,45.19,29.02,0.0
2002-06-13,37.41,45.41,29.14,0.0
2002-06-14,38.23,46.89,29.82,0.0
2002-06-15,37.86,45.62,30.19,0.0
2002-06-16,39.42,47.81,30.86,0.0
2002-06-17,39.4,47.84,29.96,0.01
2002-06-18,37.08,41.4,32.2,2.94
2002-06-19,37.59,44.72,29.93,0.0
2002-06-20,37.67,46.22,29.34,0.0
2002-06-21,37.55,45.56,29.47,0.0
2002-06-22,35.13,43.58,27.48,0.0
2002-06-23,34.77,44.91,24.41,0.0
2002-06-24,36.2,44.66,27.14,0.0
2002-06-25,37.33,45.09,28.14,0.0
2002-06-26,38.8,45.76,31.47,0.0
2002-06-27,38.17,45.13,30.98,0.0
2002-06-28,37.92,45.21,29.74,0.09
2002-06-29,38.48,45.69,30.8,0.1
2002-06-30,38.51,46.22,30.21,0.03
2002-07-01,38.93,46.1,31.84,0.0
2002-07-02,37.5,45.84,30.05,0.0
2002-07-03,37.05,44.64,29.74,0.0
2002-07-04,37.39,45.48,28.57,0.0
2002-07-05,39.09,46.73,32.74,0.0
2002-07-06,38.8,47.37,30.94,0.11
2002-07-07,37.31,46.13,29.22,0.0
2002-07-08,36.37,44.27,27.52,0.0
2002-07-09,37.51,45.57,28.72,0.97
2002-07-10,38.32,46.34,29.71,0.0
2002-07-11,37.04,45.53,27.97,0.0
2002-07-12,36.65,44.02,28.77,0.0
2002-07-13,37.4,44.45,30.29,0.0
2002-07-14,37.99,45.64,30.0,0.0
2002-07-15,37.08,44.51,28.72,0.0
2002-07-16,36.88,43.89,30.17,0.0
2002-07-17,37.95,46.49,29.66,0.0
2002-07-18,39.97,47.93,31.23,0.0
2002-07-19,38.68,45.58,30.84,0.0
2002-07-20,38.52,45.51,31.51,0.0
2002-07-21,38.13,45.99,30.3,0.04
2002-07-22,39.55,47.71,31.23,0.0
2002-07-23,39.43,47.06,32.33,0.0
2002-07-24,36.48,43.17,29.42,0.06
2002-07-25,35.18,41.41,28.34,0.0
2002-07-26,36.85,44.4,30.3,0.0
2002-07-27,36.92,45.01,30.07,0.0
2002-07-28,34.85,42.26,26.68,0.0
2002-07-29,36.39,43.57,27.62,0.0
2002-07-30,36.26,43.91,28.29,0.0
2002-07-31,37.49,44.24,28.8,0.0
2002-08-01,38.89,45.63,30.91,0.0
2002-08-02,38.41,44.94,31.58,0.0
2002-08-03,37.47,45.74,28.71,0.0
2002-08-04,38.05,46.73,28.9,0.0
2002-08-05,39.83,48.37,31.34,0.0
2002-08-06,39.62,47.66,31.17,0.0
2002-08-07,39.08,46.92,31.1,0.0
2002-08-08,38.18,44.99,30.58,0.0
2002-08-09,37.52,44.02,30.02,0.0
2002-08-10,38.39,44.71,31.61,0.29
2002-08-11,39.12,46.1,33.25,0.0
2002-08-12,37.66,43.7,31.06,0.0
2002-08-13,38.9,45.87,33.07,0.0
2002-08-14,39.22,46.33,32.89,0.0
2002-08-15,38.1,46.03,30.83,0.0
2002-08-16,38.54,46.02,31.0,0.0
2002-08-17,38.92,46.44,31.44,0.0
2002-08-18,37.59,44.95,30.43,0.0
2002-08-19,37.63,45.32,30.48,0.0
2002-08-20,37.7,44.97,30.08,0.0
2002-08-21,38.52,46.03,32.26,0.0
2002-08-22,38.27,45.49,31.43,0.0
2002-08-23,38.65,45.81,32.58,0.0
2002-08-24,37.81,45.08,30.69,0.0
2002-08-25,38.56,45.15,31.45,0.13
2002-08-26,38.14,44.17,32.38,0.0
2002-08-27,39.0,45.79,32.18,0.0
2002-08-28,37.32,42.69,31.43,0.0
2002-08-29,36.71,42.53,31.27,0.0
2002-08-30,35.4,42.51,28.76,0.0
2002-08-31,34.19,41.38,27.04,0.0
2002-09-01,35.66,43.02,28.03,0.0
2002-09-02,36.91,43.52,29.56,0.0
2002-09-03,37.21,45.13,30.51,0.0
2002-09-04,36.71,45.02,29.1,0.0
2002-09-05,36.98,45.77,28.3,0.0
2002-09-06,35.96,43.89,27.79,0.0
2002-09-07,37.7,45.09,30.39,0.0
2002-09-08,37.42,44.84,30.36,0.0
2002-09-09,36.99,44.45,30.07,0.0
2002-09-10,36.42,43.85,29.93,0.0
2002-09-11,35.7,42.95,28.5,0.0
2002-09-12,33.96,41.59,26.13,0.0
2002-09-13,32.85,39.65,25.67,0.0
2002-09-14,32.71,39.58,25.34,0.0
2002-09-15,32.51,39.09,25.28,0.0
2002-09-16,32.75,39.21,26.04,0.0
2002-09-17,34.11,41.61,27.63,0.06
2002-09-18,34.56,42.18,27.33,0.04
2002-09-19,35.47,42.45,29.26,0.0
2002-09-20,32.7,39.15,26.44,0.0
2002-09-21,33.68,40.12,27.62,0.0
2002-09-22,34.6,43.68,26.3,0.0
2002-09-23,34.34,42.72,26.48,0.0
2002-09-24,33.47,42.63,24.78,0.0
2002-09-25,34.29,42.34,26.44,0.0
2002-09-26,34.21,41.65,26.22,0.0
2002-09-27,33.84,41.8,26.23,0.0
2002-09-28,33.37,41.18,26.33,0.0
2002-09-29,34.3,41.98,28.31,0.0
2002-09-30,33.47,40.92,26.71,0.0
2002-10-01,31.6,37.7,25.17,0.41
2002-10-02,31.52,38.06,24.62,0.0
2002-10-03,31.57,38.68,24.12,0.0
2002-10-04,33.1,40.48,26.18,0.04
2002-10-05,33.32,41.3,25.82,0.0
2002-10-06,32.94,41.07,24.88,0.0
2002-10-07,32.14,40.58,24.22,0.01
2002-10-08,31.41,40.46,23.1,0.0
2002-10-09,31.51,40.91,22.47,0.0
2002-10-10,31.41,39.87,24.41,0.0
2002-10-11,32.46,41.39,24.7,0.0
2002-10-12,33.01,42.11,24.53,0.0
2002-10-13,32.94,41.1,26.06,0.0
2002-10-14,32.14,40.21,25.03,0.0
2002-10-15,31.57,38.67,24.92,0.0
2002-10-16,30.56,38.29,22.84,0.0
2002-10-17,30.92,38.29,23.63,0.0
2002-10-18,31.28,38.88,23.75,0.0
2002-10-19,31.34,39.42,24.21,0.0
2002-10-20,30.81,38.6,24.08,0.0
2002-10-21,30.65,38.49,24.51,0.0
2002-10-22,30.11,37.3,24.55,0.0
2002-10-23,30.51,38.32,22.99,0.0
2002-10-24,29.74,36.69,22.94,0.0
2002-10-25,28.65,36.08,21.38,0.0
2002-10-26,29.56,36.54,24.28,0.0
2002-10-27,29.07,36.39,22.91,0.0
2002-10-28,28.88,35.48,22.58,0.0
2002-10-29,29.14,35.32,23.12,0.0
2002-10-30,29.15,35.28,22.72,0.0
2002-10-31,28.42,35.34,22.12,0.0
2002-11-01,27.28,33.72,21.29,0.0
2002-11-02,27.1,33.95,20.67,0.0
2002-11-03,26.43,33.52,19.41,0.0
2002-11-04,27.85,35.23,20.9,0.04
2002-11-05,26.66,33.72,20.69,0.0
2002-11-06,26.36,33.51,19.27,0.0
2002-11-07,26.51,33.63,19.94,0.01
2002-11-08,25.61,31.8,20.65,0.13
2002-11-09,26.26,31.76,20.47,0.06
2002-11-10,26.41,32.0,21.54,0.0
2002-11-11,25.58,32.57,19.21,0.0
2002-11-12,25.24,31.9,18.61,0.0
2002-11-13,25.68,32.33,18.97,0.0
2002-11-14,26.05,32.79,20.77,0.0
2002-11-15,25.96,33.18,19.63,0.0
2002-11-16,24.73,31.68,18.87,0.0
2002-11-17,24.21,31.57,17.68,0.0
2002-11-18,24.9,32.08,18.63,0.01
2002-11-19,25.45,32.32,19.66,0.0
2002-11-20,25.39,33.24,18.55,0.0
2002-11-21,23.9,31.2,17.95,0.0
2002-11-22,22.17,29.81,15.4,0.0
2002-11-23,22.98,30.74,16.28,0.0
2002-11-24,23.23,30.51,16.97,0.0
2002-11-25,23.24,30.23,18.22,0.0
2002-11-26,22.9,29.92,17.57,0.2
2002-11-27,23.8,31.49,18.43,0.0
2002-11-28,22.38,29.96,16.2,0.0
2002-11-29,22.19,30.1,15.66,0.0
2002-11-30,23.11,31.2,16.07,0.0
2002-12-01,23.57,30.42,16.61,0.0
2002-12-02,23.24,30.29,16.79,0.0
2002-12-03,24.0,31.19,17.9,0.0
2002-12-04,22.84,29.08,17.99,0.0
2002-12-05,22.06,28.62,17.33,0.0
2002-12-06,21.05,28.28,15.15,0.0
2002-12-07,21.06,28.3,14.64,0.0
2002-12-08,21.66,28.79,15.01,0.0
2002-12-09,22.74,29.46,16.56,0.0
2002-12-10,22.28,28.86,16.0,0.0
2002-12-11,23.13,29.25,16.49,0.0
2002-12-12,23.84,29.22,19.35,0.0
2002-12-13,24.32,30.04,20.23,0.0
2002-12-14,23.59,30.35,17.47,0.0
2002-12-15,23.24,30.36,17.06,0.0
2002-12-16,23.04,30.42,16.77,0.0
2002-12-17,23.7,30.91,17.56,0.0
2002-12-18,24.33,31.18,19.56,0.0
2002-12-19,24.21,30.84,19.86,0.0
2002-12-20,21.17,28.75,15.26,0.0
2002-12-21,22.56,30.43,16.08,0.0
2002-12-22,23.82,30.5,17.92,0.2
2002-12-23,21.09,26.12,15.86,0.0
2002-12-24,17.78,24.75,11.84,0.0
2002-12-25,17.51,21.58,13.91,0.0
2002-12-26,17.28,24.08,11.97,0.0
2002-12-27,16.49,24.45,9.89,0.0
2002-12-28,17.56,25.14,11.28,0.0
2002-12-29,17.52,25.33,11.59,0.0
2002-12-30,17.15,25.49,10.43,0.02
2002-12-31,17.03,24.49,10.47,0.0
2003-01-01,16.73,23.06,12.16,0.0
2003-01-02,16.85,23.99,10.79,0.0
2003-01-03,18.03,24.83,11.61,0.0
2003-01-04,18.79,24.4,12.54,0.0
2003-01-05,20.2,26.59,15.15,0.0
2003-01-06,18.22,26.44,11.62,4.47
2003-01-07,18.49,27.48,11.42,0.0
2003-01-08,18.81,27.65,11.57,0.0
2003-01-09,19.24,27.37,12.56,0.0
2003-01-10,20.12,27.33,15.13,0.0
2003-01-11,19.9,27.85,13.71,0.0
2003-01-12,18.98,27.39,12.62,0.03
2003-01-13,19.51,28.26,11.85,0.03
2003-01-14,19.11,26.99,11.9,0.0
2003-01-15,19.03,26.66,13.8,0.0
2003-01-16,18.93,25.74,13.81,0.0
2003-01-17,20.02,26.4,14.07,0.0
2003-01-18,16.71,22.11,11.17,0.0
2003-01-19,14.97,23.54,7.3,0.0
2003-01-20,17.6,25.48,10.03,0.0
2003-01-21,20.41,27.57,13.57,0.0
2003-01-22,21.14,27.97,15.26,0.0
2003-01-23,22.17,29.44,15.79,0.0
2003-01-24,21.49,28.97,15.35,0.0
2003-01-25,19.26,26.11,14.24,0.01
2003-01-26,19.06,25.72,13.15,0.23
2003-01-27,20.2,28.74,13.26,0.18
2003-01-28,21.47,29.77,14.02,1.34
2003-01-29,22.98,30.41,17.15,0.0
2003-01-30,23.48,30.59,17.71,0.18
2003-01-31,21.93,29.5,16.61,0.0
2003-02-01,19.67,27.49,12.76,0.0
2003-02-02,19.47,27.49,12.69,0.0
2003-02-03,20.38,27.5,13.54,0.05
2003-02-04,21.48,29.08,14.86,0.0
2003-02-05,21.35,28.27,14.74,0.0
2003-02-06,22.41,29.5,15.27,0.0
2003-02-07,21.45,29.49,15.57,0.0
2003-02-08,19.97,29.23,12.63,0.0
2003-02-09,20.97,29.84,13.53,0.0
2003-02-10,23.52,32.25,15.99,0.0
2003-02-11,23.86,31.73,16.09,0.0
2003-02-12,24.71,32.34,17.29,0.0
2003-02-13,25.78,33.74,18.46,0.0
2003-02-14,24.34,31.96,17.32,0.0
2003-02-15,23.47,30.93,17.03,0.0
2003-02-16,24.25,32.28,17.65,0.0
2003-02-17,20.21,26.59,14.98,0.0
2003-02-18,17.58,25.33,11.46,0.0
2003-02-19,19.81,28.62,10.51,0.0
2003-02-20,23.24,31.39,15.89,0.0
2003-02-21,24.31,32.31,17.49,0.0
2003-02-22,23.56,30.02,18.55,0.0
2003-02-23,24.3,31.02,18.77,0.0
2003-02-24,25.79,33.6,18.78,0.0
2003-02-25,25.86,33.88,18.96,0.0
2003-02-26,26.67,33.92,20.32,0.0
2003-02-27,26.05,32.56,20.47,0.01
2003-02-28,24.01,31.31,17.0,0.0
2003-03-01,19.05,26.22,13.41,0.0
2003-03-02,17.91,26.82,10.32,0.0
2003-03-03,20.01,28.93,12.32,0.0
2003-03-04,20.6,28.51,14.05,0.0
2003-03-05,23.13,32.83,14.73,0.0
2003-03-06,25.25,35.54,15.88,0.0
2003-03-07,26.27,35.34,17.68,0.0
2003-03-08,26.55,34.81,18.36,0.0
2003-03-09,28.61,37.28,22.03,0.0
2003-03-10,28.44,37.6,20.26,0.0
2003-03-11,29.26,38.35,21.32,0.0
2003-03-12,29.3,38.01,21.88,0.0
2003-03-13,28.7,37.6,20.87,0.0
2003-03-14,23.44,30.61,17.72,0.0
2003-03-15,21.26,31.59,12.54,0.0
2003-03-16,21.87,32.51,12.33,0.0
2003-03-17,25.94,34.59,17.28,0.0
2003-03-18,28.25,36.09,20.49,0.0
2003-03-19,27.82,36.02,20.41,0.0
2003-03-20,28.32,35.14,21.5,0.0
2003-03-21,27.57,33.51,23.41,0.05
2003-03-22,26.48,32.4,20.53,0.86
2003-03-23,28.18,35.55,21.74,0.0
2003-03-24,29.48,36.81,22.21,0.0
2003-03-25,31.45,38.48,24.4,0.0
2003-03-26,30.02,37.18,23.0,0.0
2003-03-27,29.99,37.54,23.16,0.04
2003-03-28,28.22,35.91,22.93,0.06
2003-03-29,27.58,35.89,19.58,0.0
2003-03-30,30.13,38.11,22.79,0.0
2003-03-31,31.6,39.48,24.59,0.0
2003-04-01,31.34,39.64,23.37,0.0
2003-04-02,31.87,40.55,25.35,0.0
2003-04-03,29.6,39.05,21.48,0.0
2003-04-04,29.15,39.79,18.85,0.0
2003-04-05,30.49,39.58,20.98,0.0
2003-04-06,30.84,39.12,22.28,0.0
2003-04-07,30.85,39.62,22.33,0.0
2003-04-08,30.35,39.63,21.43,0.0
2003-04-09,31.99,40.96,23.89,0.0
2003-04-10,31.89,41.23,22.62,0.0
2003-04-11,32.69,41.53,24.8,0.0
2003-04-12,30.98,39.74,22.06,0.0
2003-04-13,30.47,38.1,23.35,0.0
2003-04-14,30.11,36.08,24.01,2.35
2003-04-15,28.65,31.38,26.0,22.88
2003-04-16,27.82,31.3,24.6,0.0
2003-04-17,27.02,30.53,23.08,10.77
2003-04-18,27.73,34.36,22.04,0.04
2003-04-19,26.33,34.93,18.58,0.0
2003-04-20,27.79,36.68,19.25,0.0
2003-04-21,30.67,38.54,23.1,0.0
2003-04-22,30.73,37.82,24.02,0.0
2003-04-23,30.44,36.55,23.49,0.0
2003-04-24,30.61,38.08,24.07,0.04
2003-04-25,29.08,38.02,20.53,0.0
2003-04-26,30.27,39.02,21.97,0.0
2003-04-27,31.47,39.22,23.97,0.0
2003-04-28,32.82,40.2,24.57,0.0
2003-04-29,33.38,41.86,26.21,0.0
2003-04-30,30.49,40.28,22.41,0.0
2003-05-01,27.9,38.61,19.03,0.0
2003-05-02,29.96,41.16,18.68,0.0
2003-05-03,31.59,40.11,23.13,0.0
2003-05-04,31.09,40.16,22.39,0.0
2003-05-05,32.52,41.14,24.6,0.0
2003-05-06,32.9,41.94,23.7,0.0
2003-05-07,33.7,42.48,25.85,0.0
2003-05-08,34.48,43.11,25.9,0.0
2003-05-09,35.77,43.73,27.46,0.0
2003-05-10,35.91,44.04,27.44,0.0
2003-05-11,35.59,43.16,27.93,0.0
2003-05-12,35.95,44.09,28.63,0.0
2003-05-13,36.09,45.51,26.79,0.0
2003-05-14,36.24,44.58,27.56,0.0
2003-05-15,35.38,43.55,27.59,0.0
2003-05-16,35.64,43.65,28.01,0.0
2003-05-17,35.55,43.19,28.71,0.0
2003-05-18,34.74,42.54,28.56,0.0
2003-05-19,35.03,43.36,27.19,0.0
2003-05-20,36.62,45.07,28.92,0.0
2003-05-21,35.23,44.41,27.26,0.0
2003-05-22,34.56,43.8,26.27,0.0
2003-05-23,36.76,46.5,27.42,0.0
2003-05-24,35.98,44.57,28.11,0.0
2003-05-25,32.61,41.69,24.64,0.0
2003-05-26,32.15,42.58,20.7,0.0
2003-05-27,34.37,42.31,26.15,0.0
2003-05-28,34.49,42.51,25.92,0.0
2003-05-29,34.78,43.11,26.4,0.06
2003-05-30,34.64,42.7,27.71,0.0
2003-05-31,34.57,42.63,26.25,0.0
2003-06-01,34.6,42.3,25.56,0.0
2003-06-02,37.58,45.42,29.75,0.0
2003-06-03,37.78,46.47,29.14,0.0
2003-06-04,37.88,46.59,29.14,0.0
2003-06-05,39.3,47.95,30.69,0.0
2003-06-06,39.04,47.93,30.71,0.0
2003-06-07,37.97,47.38,30.44,0.0
2003-06-08,38.03,46.95,28.7,0.0
2003-06-09,37.4,44.97,29.95,0.0
2003-06-10,37.41,45.1,30.14,0.0
2003-06-11,36.05,44.08,27.62,0.0
2003-06-12,36.13,44.12,28.16,0.0
2003-06-13,36.37,44.41,28.91,0.0
2003-06-14,36.6,44.61,29.09,0.0
2003-06-15,38.24,46.45,29.64,0.0
2003-06-16,38.94,47.86,29.57,0.0
2003-06-17,39.91,49.43,30.18,0.0
2003-06-18,38.87,47.71,30.43,0.0
2003-06-19,37.54,44.79,30.38,0.0
2003-06-20,38.58,46.81,29.72,0.0
2003-06-21,37.94,45.9,30.46,0.25
2003-06-22,37.33,45.22,28.99,0.06
2003-06-23,38.32,45.94,29.58,0.0
2003-06-24,39.74,47.68,31.38,0.0
2003-06-25,38.97,46.68,31.88,0.0
2003-06-26,38.96,47.76,30.79,0.0
2003-06-27,38.69,47.27,30.45,0.03
2003-06-28,38.12,45.74,30.92,0.76
2003-06-29,38.32,45.79,30.45,0.0
2003-06-30,37.99,45.39,30.67,0.0
2003-07-01,37.1,44.38,30.32,0.0
2003-07-02,37.3,45.1,29.4,0.0
2003-07-03,38.88,46.64,30.85,0.0
2003-07-04,37.41,44.33,30.08,0.0
2003-07-05,38.7,44.83,32.62,0.0
2003-07-06,38.55,44.87,32.56,0.0
2003-07-07,36.31,40.4,30.92,0.0
2003-07-08,37.09,43.4,30.64,0.0
2003-07-09,36.97,41.86,31.46,0.0
2003-07-10,39.79,45.36,33.44,0.0
2003-07-11,39.05,44.59,32.16,0.0
2003-07-12,39.05,44.51,32.35,0.0
2003-07-13,40.22,47.56,33.25,0.0
2003-07-14,39.0,45.47,31.89,0.0
2003-07-15,37.75,44.06,30.45,0.0
2003-07-16,38.76,45.91,31.43,0.0
2003-07-17,38.6,44.97,31.31,0.0
2003-07-18,35.64,39.31,31.89,0.96
2003-07-19,33.05,36.61,28.17,2.25
2003-07-20,36.08,40.71,30.59,0.0
2003-07-21,36.72,41.27,31.12,0.0
2003-07-22,37.1,41.23,31.81,0.0
2003-07-23,36.41,39.81,31.51,0.0
2003-07-24,36.64,40.84,32.23,0.64
2003-07-25,37.73,42.83,33.27,0.42
2003-07-26,37.51,43.96,31.32,0.0
2003-07-27,36.38,43.74,28.45,0.0
2003-07-28,36.87,43.05,30.98,0.01
2003-07-29,29.47,33.14,23.44,0.91
2003-07-30,26.18,29.0,23.08,4.09
2003-07-31,30.08,34.93,23.92,0.54
2003-08-01,34.0,39.9,27.59,0.39
2003-08-02,36.53,42.12,29.99,0.0
2003-08-03,36.01,40.69,30.19,0.0
2003-08-04,36.32,40.86,31.19,0.0
2003-08-05,37.15,42.0,32.01,0.0
2003-08-06,37.42,43.81,31.1,0.45
2003-08-07,37.76,43.98,31.25,0.0
2003-08-08,38.95,45.23,31.88,0.0
2003-08-09,38.64,46.65,30.81,0.0
2003-08-10,37.96,44.87,30.03,0.0
2003-08-11,38.37,44.99,31.54,0.0
2003-08-12,38.14,45.2,30.69,0.0
2003-08-13,37.47,44.78,29.62,0.0
2003-08-14,36.9,43.83,29.84,0.0
2003-08-15,36.48,43.47,29.63,0.0
2003-08-16,36.42,43.73,28.8,0.11
2003-08-17,36.22,42.92,28.84,0.0
2003-08-18,36.98,43.39,30.5,0.0
2003-08-19,36.93,43.66,29.97,0.0
2003-08-20,38.03,45.5,30.99,0.0
2003-08-21,39.92,47.62,33.04,0.0
2003-08-22,39.49,47.49,31.09,1.62
2003-08-23,38.44,45.57,31.35,0.0
2003-08-24,37.83,45.05,29.88,0.0
2003-08-25,36.06,42.63,28.42,0.0
2003-08-26,35.54,42.47,28.58,0.0
2003-08-27,36.67,43.46,29.91,0.1
2003-08-28,36.91,44.51,28.78,0.0
2003-08-29,37.51,45.11,29.6,0.0
2003-08-30,37.46,44.84,30.11,0.0
2003-08-31,37.24,43.57,30.79,0.03
2003-09-01,36.37,43.23,28.79,0.97
2003-09-02,36.98,43.41,29.84,0.0
2003-09-03,37.61,43.75,31.98,0.0
2003-09-04,37.75,43.99,30.82,0.0
2003-09-05,37.28,43.7,30.47,0.0
2003-09-06,35.76,42.92,28.23,0.0
2003-09-07,35.3,42.2,28.9,0.0
2003-09-08,34.21,40.83,28.14,0.0
2003-09-09,33.68,41.25,27.0,0.0
2003-09-10,33.83,41.49,26.14,0.0
2003-09-11,34.54,41.64,26.73,0.0
2003-09-12,35.48,42.52,28.87,0.0
2003-09-13,37.09,43.58,30.69,0.0
2003-09-14,37.17,44.02,30.68,0.0
2003-09-15,36.54,44.55,28.68,0.0
2003-09-16,36.38,44.86,28.76,0.0
2003-09-17,35.02,42.73,27.71,0.0
2003-09-18,34.09,41.25,27.09,0.0
2003-09-19,33.86,40.82,25.97,0.01
2003-09-20,34.07,41.02,26.71,0.0
2003-09-21,34.25,41.04,27.16,0.0
2003-09-22,33.65,40.22,26.62,0.0
2003-09-23,33.63,41.84,25.91,0.0
2003-09-24,34.69,43.78,26.95,0.0
2003-09-25,33.97,41.6,26.81,0.0
2003-09-26,32.85,41.63,24.73,0.0
2003-09-27,32.09,41.61,23.88,0.0
2003-09-28,33.39,41.94,25.07,0.0
2003-09-29,34.21,41.49,27.54,0.0
2003-09-30,33.08,40.63,25.74,0.0
2003-10-01,33.1,40.8,25.94,0.0
2003-10-02,31.78,39.4,24.59,0.0
2003-10-03,31.94,40.63,23.67,0.0
2003-10-04,32.8,41.04,24.79,0.0
2003-10-05,33.46,40.98,26.57,0.0
2003-10-06,33.08,40.59,26.07,0.0
2003-10-07,31.19,38.87,24.26,0.0
2003-10-08,31.12,38.99,23.56,0.0
2003-10-09,29.78,37.26,22.99,0.0
2003-10-10,29.93,37.54,23.13,0.0
2003-10-11,31.39,38.69,24.68,0.0
2003-10-12,31.77,38.82,25.0,0.0
2003-10-13,30.66,37.58,24.03,0.0
2003-10-14,29.07,36.28,22.52,0.0
2003-10-15,28.94,36.14,21.71,0.0
2003-10-16,29.66,37.22,22.07,0.0
2003-10-17,29.88,37.45,22.47,0.0
2003-10-18,29.6,37.05,22.41,0.0
2003-10-19,30.23,38.23,22.74,0.0
2003-10-20,30.34,38.18,23.73,0.0
2003-10-21,30.34,37.91,23.98,0.0
2003-10-22,30.01,37.51,24.62,0.0
2003-10-23,29.4,36.68,22.91,0.0
2003-10-24,29.85,36.91,24.45,0.0
2003-10-25,29.87,36.42,24.45,0.0
2003-10-26,29.33,36.26,22.62,0.0
2003-10-27,29.57,36.29,23.99,0.0
2003-10-28,28.43,35.39,20.49,0.0
2003-10-29,28.51,34.9,22.69,0.0
2003-10-30,27.8,34.9,21.35,0.0
2003-10-31,28.01,35.99,20.79,0.0
2003-11-01,29.18,37.21,21.76,0.0
2003-11-02,27.65,34.34,22.48,0.0
2003-11-03,27.99,34.95,21.91,1.01
2003-11-04,26.75,31.92,21.56,0.0
2003-11-05,27.93,34.65,21.88,0.0
2003-11-06,27.29,33.99,21.5,0.0
2003-11-07,26.9,33.96,20.65,0.0
2003-11-08,26.79,33.09,21.23,0.0
2003-11-09,26.18,33.22,19.52,0.0
2003-11-10,26.01,34.31,18.86,0.0
2003-11-11,25.56,34.07,19.06,0.03
2003-11-12,25.86,34.2,18.61,0.0
2003-11-13,26.6,34.6,19.73,0.0
2003-11-14,25.48,33.01,19.03,0.0
2003-11-15,24.62,31.85,18.28,0.0
2003-11-16,23.76,31.15,17.82,0.0
2003-11-17,24.16,32.77,16.49,0.0
2003-11-18,24.43,31.62,18.05,0.0
2003-11-19,24.43,31.3,18.28,0.0
2003-11-20,24.36,30.63,19.33,0.0
2003-11-21,24.39,31.08,18.84,0.0
2003-11-22,24.59,31.52,18.47,0.0
2003-11-23,23.41,30.95,17.32,0.0
2003-11-24,23.84,30.93,17.44,0.0
2003-11-25,23.89,31.8,17.46,0.01
2003-11-26,22.63,29.73,16.83,0.0
2003-11-27,22.8,31.22,16.4,0.0
2003-11-28,23.22,31.06,15.66,0.0
2003-11-29,22.89,30.24,15.6,0.0
2003-11-30,22.87,30.23,16.35,0.0
2003-12-01,23.53,30.92,16.89,0.0
2003-12-02,23.82,30.92,17.48,0.0
2003-12-03,23.8,30.79,17.59,0.0
2003-12-04,23.69,30.26,17.59,0.0
2003-12-05,23.62,31.84,17.76,0.0
2003-12-06,22.86,30.72,16.12,0.0
2003-12-07,23.73,31.81,17.82,0.0
2003-12-08,24.19,30.85,18.96,0.0
2003-12-09,22.96,29.89,17.8,0.0
2003-12-10,20.75,29.29,13.58,0.0
2003-12-11,21.33,28.95,15.24,0.0
2003-12-12,20.91,28.41,15.28,0.0
2003-12-13,20.29,26.61,15.22,0.0
2003-12-14,19.22,25.9,14.55,0.0
2003-12-15,17.92,25.59,11.5,0.0
2003-12-16,18.59,27.07,12.18,0.0
2003-12-17,19.49,27.85,13.02,0.0
2003-12-18,19.91,28.14,13.98,0.0
2003-12-19,20.62,28.34,15.04,0.0
2003-12-20,20.28,27.73,13.38,0.0
2003-12-21,20.67,27.89,15.15,0.0
2003-12-22,20.62,29.64,13.85,0.0
2003-12-23,21.72,30.17,14.72,0.0
2003-12-24,21.6,28.73,16.03,0.0
2003-12-25,20.53,28.07,14.82,0.0
2003-12-26,19.32,27.69,12.22,0.0
2003-12-27,20.53,27.63,14.64,0.0
2003-12-28,19.98,27.22,13.54,0.0
2003-12-29,20.14,27.44,14.32,0.0
2003-12-30,20.81,28.79,14.89,0.11
2003-12-31,20.96,28.64,14.48,0.0
2004-01-01,20.91,28.39,15.0,0.0
2004-01-02,21.07,27.79,14.95,0.0
2004-01-03,20.3,26.73,14.4,0.0
2004-01-04,20.41,26.69,14.58,0.0
2004-01-05,22.36,28.72,17.04,0.0
2004-01-06,22.39,28.61,16.68,0.0
2004-01-07,22.12,28.64,16.57,0.0
2004-01-08,21.72,28.36,15.73,0.0
2004-01-09,21.59,27.62,15.85,0.0
2004-01-10,22.2,30.33,15.81,0.0
2004-01-11,21.72,28.51,15.05,0.0
2004-01-12,23.66,30.85,16.88,0.0
2004-01-13,22.7,30.51,16.05,0.0
2004-01-14,22.37,28.51,18.49,0.0
2004-01-15,22.68,29.17,18.67,0.37
2004-01-16,19.93,26.5,14.76,0.25
2004-01-17,19.58,27.52,12.68,0.72
2004-01-18,20.23,26.21,16.44,0.0
2004-01-19,18.86,22.95,16.31,0.06
2004-01-20,17.41,23.91,11.56,0.0
2004-01-21,16.29,23.28,10.19,0.0
2004-01-22,17.28,24.66,10.67,0.0
2004-01-23,17.65,24.95,11.11,0.0
2004-01-24,19.16,25.98,12.75,0.0
2004-01-25,21.3,28.1,14.81,0.0
2004-01-26,21.6,28.66,15.37,0.0
2004-01-27,21.49,28.36,16.02,0.87
2004-01-28,19.21,25.7,13.43,0.03
2004-01-29,16.48,23.9,10.0,0.0
2004-01-30,17.68,26.08,10.13,0.0
2004-01-31,18.8,26.72,11.7,0.0
2004-02-01,19.96,28.06,13.16,0.0
2004-02-02,19.87,27.26,12.89,0.0
2004-02-03,20.33,28.55,12.85,0.0
2004-02-04,20.93,29.0,13.55,0.0
2004-02-05,22.97,31.22,15.37,0.0
2004-02-06,22.45,30.49,15.13,0.0
2004-02-07,21.32,28.58,15.04,0.0
2004-02-08,18.92,25.88,12.91,0.0
2004-02-09,18.86,28.46,10.17,0.0
2004-02-10,20.56,29.8,12.45,0.0
2004-02-11,21.02,28.94,13.61,0.0
2004-02-12,20.31,28.66,12.4,0.0
2004-02-13,21.96,31.75,13.86,0.0
2004-02-14,23.28,33.17,14.88,0.0
2004-02-15,22.27,30.01,15.05,0.0
2004-02-16,22.67,30.68,15.48,0.0
2004-02-17,22.02,31.27,14.83,0.0
2004-02-18,21.44,30.24,14.0,0.0
2004-02-19,22.72,32.09,15.18,0.0
2004-02-20,24.79,33.0,18.94,0.0
2004-02-21,25.8,34.51,18.45,0.0
2004-02-22,25.6,34.15,17.37,0.0
2004-02-23,25.63,33.92,17.91,0.0
2004-02-24,26.75,35.16,20.72,0.0
2004-02-25,23.68,33.17,17.13,0.0
2004-02-26,20.42,29.08,13.58,0.0
2004-02-27,20.58,31.41,11.29,0.0
2004-02-28,22.73,32.59,14.21,0.0
2004-02-29,22.56,31.87,14.14,0.0
2004-03-01,23.22,31.92,15.68,0.0
2004-03-02,24.38,33.02,16.3,0.0
2004-03-03,24.83,33.74,17.06,0.0
2004-03-04,25.38,34.87,16.93,0.0
2004-03-05,26.51,36.7,17.47,0.0
2004-03-06,27.36,37.13,18.63,0.0
2004-03-07,27.23,37.1,19.22,0.0
2004-03-08,28.26,38.22,19.48,0.0
2004-03-09,28.18,37.44,20.21,0.72
2004-03-10,29.4,39.08,21.52,0.0
2004-03-11,29.79,39.54,22.7,0.0
2004-03-12,28.82,38.22,20.62,0.0
2004-03-13,27.37,36.32,19.78,0.0
2004-03-14,27.19,35.79,18.98,0.01
2004-03-15,27.56,35.99,18.92,0.0
2004-03-16,26.2,34.39,19.89,0.0
2004-03-17,25.69,34.54,18.52,0.0
2004-03-18,27.78,36.7,19.27,0.0
2004-03-19,28.89,37.52,20.68,0.0
2004-03-20,29.18,38.12,20.85,0.0
2004-03-21,27.64,37.0,20.22,0.0
2004-03-22,24.13,32.73,17.59,0.0
2004-03-23,23.67,33.62,15.11,0.0
2004-03-24,24.15,33.19,16.42,0.0
2004-03-25,24.62,34.21,14.86,0.0
2004-03-26,26.44,35.74,17.1,0.0
2004-03-27,26.83,35.56,17.73,0.0
2004-03-28,27.92,36.39,19.59,0.0
2004-03-29,29.15,37.14,21.43,0.0
2004-03-30,30.14,37.73,21.88,0.0
2004-03-31,31.15,38.43,25.66,0.0
2004-04-01,30.22,38.25,21.67,0.0
2004-04-02,29.7,37.91,21.84,0.0
2004-04-03,30.61,37.65,23.53,0.0
2004-04-04,29.97,37.68,22.34,0.0
2004-04-05,30.54,37.56,23.94,0.03
2004-04-06,31.36,39.39,24.13,0.0
2004-04-07,31.31,39.85,23.46,0.0
2004-04-08,31.81,39.11,24.54,0.0
2004-04-09,31.34,38.44,25.7,0.0
2004-04-10,31.33,39.33,24.62,0.0
2004-04-11,32.1,39.51,24.74,0.0
2004-04-12,30.77,36.38,25.97,0.0
2004-04-13,31.76,38.74,24.65,0.0
2004-04-14,31.55,38.77,25.2,0.0
2004-04-15,29.96,36.88,23.84,0.0
2004-04-16,29.9,35.86,24.48,0.0
2004-04-17,31.36,39.08,24.51,0.0
2004-04-18,28.26,34.94,22.85,0.0
2004-04-19,28.28,36.38,21.19,0.0
2004-04-20,32.25,39.93,24.49,0.0
2004-04-21,33.57,41.29,26.09,0.0
2004-04-22,31.86,39.66,24.27,0.0
2004-04-23,33.0,41.26,23.76,0.0
2004-04-24,33.49,40.93,24.66,0.0
2004-04-25,33.74,41.44,25.92,0.0
2004-04-26,34.79,42.81,26.19,0.0
2004-04-27,35.54,43.86,26.84,0.0
2004-04-28,34.94,43.18,27.08,0.0
2004-04-29,33.18,41.85,24.56,0.0
2004-04-30,33.79,41.5,25.12,0.0
2004-05-01,33.41,40.28,26.25,0.0
2004-05-02,34.8,41.83,27.26,0.0
2004-05-03,34.47,42.46,26.03,0.35
2004-05-04,36.03,43.73,28.61,0.0
2004-05-05,36.32,44.3,28.13,0.0
2004-05-06,34.17,42.51,25.17,0.0
2004-05-07,29.58,39.65,19.03,0.0
2004-05-08,31.79,41.05,22.37,0.0
2004-05-09,33.26,42.11,24.14,0.0
2004-05-10,33.41,41.26,25.21,0.0
2004-05-11,34.08,42.13,25.52,0.0
2004-05-12,35.0,42.97,26.17,0.0
2004-05-13,35.6,43.52,27.52,0.0
2004-05-14,32.62,41.0,25.27,0.0
2004-05-15,28.45,37.6,19.68,0.0
2004-05-16,32.38,43.0,20.67,0.0
2004-05-17,34.41,43.51,25.77,0.0
2004-05-18,33.54,43.09,24.69,0.0
2004-05-19,33.6,45.73,22.11,0.0
2004-05-20,34.54,44.42,24.85,0.0
2004-05-21,36.83,45.53,28.48,0.0
2004-05-22,38.08,47.5,29.47,0.0
2004-05-23,38.83,48.09,29.4,0.0
2004-05-24,38.21,46.8,30.29,0.0
2004-05-25,36.99,45.92,27.98,0.0
2004-05-26,36.37,45.82,26.49,0.0
2004-05-27,37.25,46.02,28.74,0.0
2004-05-28,35.8,43.37,27.67,0.0
2004-05-29,34.57,41.93,27.6,0.0
2004-05-30,34.56,42.1,26.92,0.77
2004-05-31,34.83,42.01,29.01,0.12
2004-06-01,34.45,42.45,26.9,0.0
2004-06-02,35.57,42.32,27.41,0.0
2004-06-03,36.95,43.74,29.37,0.0
2004-06-04,37.5,45.34,29.7,0.0
2004-06-05,38.38,46.54,29.23,0.0
2004-06-06,38.75,47.48,30.22,0.0
2004-06-07,38.81,47.78,29.18,0.0
2004-06-08,38.48,47.77,29.73,0.0
2004-06-09,36.97,45.52,28.4,0.0
2004-06-10,36.54,44.59,29.09,0.0
2004-06-11,38.12,47.01,28.84,0.0
2004-06-12,39.43,47.9,30.81,0.0
2004-06-13,37.49,45.38,29.36,0.0
2004-06-14,36.01,44.49,27.65,0.0
2004-06-15,35.23,43.79,26.54,0.0
2004-06-16,35.93,44.16,27.98,0.0
2004-06-17,35.44,43.7,27.04,0.0
2004-06-18,35.25,45.19,24.93,0.0
2004-06-19,35.92,43.7,28.83,0.0
2004-06-20,37.08,44.5,30.0,0.0
2004-06-21,37.59,44.97,28.83,0.0
2004-06-22,36.49,44.99,27.93,0.0
2004-06-23,37.08,44.38,29.55,0.0
2004-06-24,36.9,44.33,29.67,0.0
2004-06-25,37.38,44.9,29.89,0.0
2004-06-26,37.45,44.98,30.14,0.05
2004-06-27,37.03,44.39,29.89,0.01
2004-06-28,37.56,46.08,29.8,0.0
2004-06-29,37.27,45.75,28.46,0.0
2004-06-30,37.26,44.94,30.42,0.0
2004-07-01,36.33,44.43,28.91,0.0
2004-07-02,37.44,44.74,28.82,0.0
2004-07-03,37.44,45.05,28.87,0.0
2004-07-04,36.36,44.37,28.32,0.0
2004-07-05,36.8,45.07,28.76,0.0
2004-07-06,38.99,47.31,29.64,0.0
2004-07-07,39.34,46.91,31.75,0.0
2004-07-08,38.03,44.35,31.43,0.0
2004-07-09,38.27,44.51,31.76,0.03
2004-07-10,37.35,43.18,30.78,0.03
2004-07-11,36.51,42.28,30.42,1.54
2004-07-12,35.25,41.45,29.31,0.86
2004-07-13,35.28,41.34,29.47,0.0
2004-07-14,37.18,45.36,30.69,0.0
2004-07-15,36.79,44.41,29.84,0.0
2004-07-16,37.69,44.99,29.45,0.0
2004-07-17,38.65,46.9,30.28,0.0
2004-07-18,38.34,47.07,29.53,0.0
2004-07-19,37.74,45.94,28.68,0.0
2004-07-20,37.61,45.47,28.68,0.01
2004-07-21,36.99,44.1,29.61,0.0
2004-07-22,36.46,43.51,28.51,0.0
2004-07-23,38.81,45.86,31.17,0.0
2004-07-24,37.55,44.53,29.97,0.0
2004-07-25,36.95,43.64,29.6,0.0
2004-07-26,37.51,44.77,29.91,0.0
2004-07-27,36.67,43.82,29.27,0.0
2004-07-28,36.46,43.44,29.47,0.0
2004-07-29,35.88,41.31,30.25,0.0
2004-07-30,36.45,43.55,29.5,0.0
2004-07-31,34.65,41.87,27.26,0.0
2004-08-01,34.36,40.84,27.45,0.0
2004-08-02,35.99,42.41,29.35,0.0
2004-08-03,37.35,45.12,31.19,0.0
2004-08-04,38.18,45.32,30.1,0.0
2004-08-05,38.68,45.32,31.39,0.0
2004-08-06,39.13,44.91,32.57,0.0
2004-08-07,37.85,42.98,32.28,0.0
2004-08-08,37.54,43.46,31.64,0.0
2004-08-09,38.67,46.14,31.87,0.0
2004-08-10,37.54,44.16,30.75,0.0
2004-08-11,38.65,45.99,30.9,0.0
2004-08-12,38.84,45.84,31.52,0.0
2004-08-13,39.39,47.96,30.89,0.0
2004-08-14,38.39,44.94,31.68,0.0
2004-08-15,37.97,44.55,31.33,0.0
2004-08-16,37.29,43.94,30.3,0.01
2004-08-17,37.94,44.8,30.79,0.0
2004-08-18,38.01,45.13,30.39,0.0
2004-08-19,36.36,42.96,29.27,0.0
2004-08-20,36.85,43.17,29.94,0.31
2004-08-21,37.24,43.81,29.64,0.13
2004-08-22,36.34,43.18,29.16,0.0
2004-08-23,34.58,42.11,26.88,0.0
2004-08-24,33.95,41.36,27.15,0.0
2004-08-25,34.49,42.19,27.33,0.0
2004-08-26,34.04,41.2,27.3,0.0
2004-08-27,33.14,40.13,26.43,0.0
2004-08-28,33.82,40.87,26.51,0.0
2004-08-29,35.55,42.77,27.57,0.0
2004-08-30,36.16,44.36,28.02,0.0
2004-08-31,37.61,45.22,30.42,0.0
2004-09-01,37.28,44.38,30.53,0.0
2004-09-02,35.66,42.2,28.91,0.48
2004-09-03,33.23,39.93,26.45,0.0
2004-09-04,33.01,40.1,25.51,0.0
2004-09-05,34.7,41.94,27.43,0.0
2004-09-06,35.06,42.75,27.27,0.0
2004-09-07,33.83,41.63,26.07,0.0
2004-09-08,31.66,39.34,24.63,0.0
2004-09-09,32.57,40.04,25.59,0.0
2004-09-10,34.01,41.74,26.32,0.0
2004-09-11,34.71,42.84,27.12,0.0
2004-09-12,35.03,42.66,27.13,0.46
2004-09-13,34.22,41.1,27.67,2.01
2004-09-14,32.22,39.4,25.23,0.48
2004-09-15,32.32,39.57,25.99,0.0
2004-09-16,34.34,41.82,27.82,0.0
2004-09-17,35.15,41.91,28.73,0.01
2004-09-18,33.17,39.44,26.52,0.0
2004-09-19,33.38,40.01,25.99,0.0
2004-09-20,33.43,39.44,26.49,0.0
2004-09-21,34.4,41.46,27.37,0.0
2004-09-22,33.26,39.8,26.62,0.0
2004-09-23,32.74,40.31,25.53,0.0
2004-09-24,32.48,39.75,25.34,0.0
2004-09-25,33.71,41.82,25.97,0.0
2004-09-26,34.19,41.56,26.88,0.0
2004-09-27,33.06,41.53,25.2,0.0
2004-09-28,32.64,40.66,25.29,0.0
2004-09-29,31.53,37.65,25.19,0.06
2004-09-30,31.66,38.07,25.61,0.03
2004-10-01,31.96,40.0,25.0,0.0
2004-10-02,32.44,40.74,24.48,0.0
2004-10-03,32.5,40.61,24.55,0.0
2004-10-04,32.67,40.5,25.32,0.01
2004-10-05,31.94,40.31,24.58,0.0
2004-10-06,32.06,41.05,23.79,0.0
2004-10-07,32.21,41.98,23.51,0.0
2004-10-08,32.81,41.56,24.95,0.0
2004-10-09,32.14,39.73,24.52,0.0
2004-10-10,31.01,38.71,24.14,0.0
2004-10-11,31.09,38.83,24.02,0.0
2004-10-12,31.01,39.42,23.11,0.0
2004-10-13,30.48,39.36,22.42,0.0
2004-10-14,31.35,40.28,22.87,0.0
2004-10-15,31.0,39.45,23.07,0.0
2004-10-16,31.53,39.57,24.74,0.0
2004-10-17,31.48,39.51,23.95,0.0
2004-10-18,31.31,38.51,24.63,0.0
2004-10-19,29.6,36.96,22.61,0.0
2004-10-20,29.19,36.96,21.33,0.0
2004-10-21,28.77,35.88,23.16,0.0
2004-10-22,28.67,35.81,21.27,0.0
2004-10-23,28.87,35.56,21.68,0.0
2004-10-24,29.04,35.57,22.42,0.0
2004-10-25,29.3,36.69,22.32,0.0
2004-10-26,29.07,35.95,22.39,0.0
2004-10-27,28.28,35.3,20.74,0.01
2004-10-28,27.81,34.75,20.55,0.04
2004-10-29,28.47,35.01,22.19,0.0
2004-10-30,28.72,34.07,23.05,0.0
2004-10-31,28.44,33.94,23.56,0.0
2004-11-01,27.14,34.28,20.43,0.0
2004-11-02,27.06,35.02,19.81,0.0
2004-11-03,26.85,34.56,20.2,0.0
2004-11-04,25.78,33.81,19.01,0.0
2004-11-05,26.03,34.36,18.94,0.0
2004-11-06,26.11,34.93,18.53,0.0
2004-11-07,26.11,34.0,19.53,0.0
2004-11-08,26.8,33.55,20.15,0.0
2004-11-09,27.03,34.27,21.14,0.0
2004-11-10,28.2,35.56,21.53,0.0
2004-11-11,27.83,34.8,21.61,0.0
2004-11-12,27.31,34.31,22.56,0.0
2004-11-13,26.55,33.35,21.44,0.0
2004-11-14,26.59,33.34,20.84,0.01
2004-11-15,26.52,33.23,20.52,0.05
2004-11-16,25.49,32.25,20.25,0.0
2004-11-17,24.04,31.45,16.99,0.0
2004-11-18,25.3,32.61,18.08,0.0
2004-11-19,25.31,33.08,18.27,0.0
2004-11-20,26.19,33.29,21.22,0.0
2004-11-21,26.65,34.27,20.98,0.0
2004-11-22,26.74,34.43,20.25,0.0
2004-11-23,26.04,33.07,19.29,0.0
2004-11-24,26.42,33.33,20.35,0.0
2004-11-25,24.6,31.39,19.18,0.0
2004-11-26,24.91,32.55,18.24,0.0
2004-11-27,25.61,31.79,19.84,0.0
2004-11-28,25.7,32.04,19.98,0.0
2004-11-29,25.31,31.91,20.1,0.0
2004-11-30,23.53,30.4,17.9,0.0
2004-12-01,23.82,31.15,17.4,0.0
2004-12-02,23.68,30.2,18.24,0.0
2004-12-03,22.0,28.46,17.49,0.0
2004-12-04,22.11,29.06,16.24,0.0
2004-12-05,22.99,28.78,17.74,0.0
2004-12-06,23.44,29.29,18.83,0.0
2004-12-07,23.25,30.38,17.54,0.0
2004-12-08,23.88,31.31,17.6,0.0
2004-12-09,23.9,31.12,18.24,0.0
2004-12-10,21.86,28.01,17.06,0.0
2004-12-11,23.25,29.65,17.46,0.0
2004-12-12,24.18,30.86,18.21,0.0
2004-12-13,24.03,31.3,18.24,0.0
2004-12-14,23.69,31.21,18.01,0.0
2004-12-15,23.48,31.5,16.84,0.0
2004-12-16,22.46,30.06,16.64,0.0
2004-12-17,21.98,28.19,16.05,0.0
2004-12-18,20.7,27.74,14.36,0.0
2004-12-19,18.11,26.79,10.79,0.0
2004-12-20,18.93,26.78,12.24,0.0
2004-12-21,20.82,28.52,14.68,0.0
2004-12-22,21.05,26.54,17.27,0.0
2004-12-23,20.08,26.06,15.73,0.03
2004-12-24,22.61,27.93,17.78,0.0
2004-12-25,23.26,29.58,17.82,0.51
2004-12-26,23.55,29.65,18.22,0.02
2004-12-27,16.9,21.44,12.61,8.0
2004-12-28,13.44,19.27,8.53,0.0
2004-12-29,14.43,20.46,8.58,0.06
2004-12-30,15.1,22.23,10.27,0.03
2004-12-31,14.49,22.23,7.39,0.0
2005-01-01,16.31,25.07,9.05,0.0
2005-01-02,18.48,26.52,12.65,0.0
2005-01-03,20.11,27.97,14.64,0.02
2005-01-04,18.95,26.28,11.6,0.0
2005-01-05,20.44,27.3,14.24,0.0
2005-01-06,20.17,27.57,13.2,0.0
2005-01-07,20.17,26.77,13.7,0.0
2005-01-08,20.86,27.78,14.72,0.0
2005-01-09,21.69,29.15,15.32,0.0
2005-01-10,21.61,28.76,15.63,0.0
2005-01-11,19.95,26.48,14.28,0.0
2005-01-12,17.43,23.28,12.12,0.0
2005-01-13,14.81,21.95,8.11,0.0
2005-01-14,17.0,24.22,11.36,0.0
2005-01-15,17.29,24.27,11.78,0.0
2005-01-16,17.88,25.65,11.68,0.0
2005-01-17,18.95,27.48,11.72,0.0
2005-01-18,19.93,26.79,13.66,0.0
2005-01-19,20.17,26.97,14.41,0.01
2005-01-20,21.02,26.61,15.83,2.71
2005-01-21,22.07,27.42,17.14,0.44
2005-01-22,22.22,28.81,15.32,0.0
2005-01-23,22.39,27.86,17.61,0.06
2005-01-24,20.06,25.66,16.38,4.88
2005-01-25,17.16,23.44,12.05,0.04
2005-01-26,15.69,24.12,8.57,0.0
2005-01-27,16.97,25.39,10.27,0.0
2005-01-28,16.92,24.52,11.36,0.0
2005-01-29,15.98,23.37,9.29,0.1
2005-01-30,17.25,25.47,9.63,0.01
2005-01-31,17.67,25.29,10.82,0.0
2005-02-01,18.83,26.5,11.13,0.0
2005-02-02,19.35,26.68,11.53,0.0
2005-02-03,21.27,28.18,14.34,0.0
2005-02-04,21.67,29.85,14.16,0.0
2005-02-05,21.01,30.02,13.77,0.0
2005-02-06,20.93,29.77,13.59,0.0
2005-02-07,23.03,31.04,16.27,0.0
2005-02-08,21.14,28.42,15.02,0.0
2005-02-09,23.17,31.28,16.94,0.02
2005-02-10,19.3,25.73,12.96,0.01
2005-02-11,17.68,26.55,9.59,0.0
2005-02-12,22.77,30.66,15.49,0.0
2005-02-13,24.38,30.55,18.93,0.01
2005-02-14,22.5,29.1,17.53,0.0
2005-02-15,21.37,30.5,14.79,0.0
2005-02-16,19.75,25.82,14.75,0.0
2005-02-17,18.68,26.72,11.68,0.0
2005-02-18,19.24,27.03,12.39,0.0
2005-02-19,19.48,26.84,12.91,0.0
2005-02-20,21.28,29.0,16.13,0.0
2005-02-21,22.03,29.83,14.78,0.0
2005-02-22,22.73,30.27,15.82,0.0
2005-02-23,23.38,30.13,16.91,0.02
2005-02-24,23.77,30.33,17.43,0.16
2005-02-25,22.08,25.76,18.62,0.26
2005-02-26,23.75,30.16,17.71,0.05
2005-02-27,24.33,30.24,18.33,0.05
2005-02-28,24.69,29.2,20.26,2.31
2005-03-01,22.2,27.79,17.15,6.03
2005-03-02,19.44,26.37,13.55,0.02
2005-03-03,20.11,27.71,14.21,0.0
2005-03-04,22.61,29.66,16.0,0.0
2005-03-05,20.46,25.8,14.47,2.11
2005-03-06,21.17,26.63,16.41,0.0
2005-03-07,22.08,29.17,16.39,0.0
2005-03-08,23.45,30.87,16.9,0.0
2005-03-09,26.3,33.62,20.27,0.0
2005-03-10,27.3,34.43,19.55,0.0
2005-03-11,27.04,33.36,19.71,0.81
2005-03-12,27.58,34.35,20.43,0.01
2005-03-13,27.95,34.34,21.37,0.0
2005-03-14,28.69,35.3,21.21,0.0
2005-03-15,28.71,35.19,23.65,0.29
2005-03-16,28.3,35.39,21.81,0.0
2005-03-17,26.97,34.5,19.59,0.0
2005-03-18,26.89,34.44,19.69,0.0
2005-03-19,27.4,35.24,20.34,0.0
2005-03-20,26.17,33.55,19.92,0.0
2005-03-21,25.8,35.16,17.57,0.0
2005-03-22,27.23,35.05,20.37,0.0
2005-03-23,29.96,36.86,23.18,0.0
2005-03-24,30.55,38.71,23.66,0.0
2005-03-25,25.77,33.17,20.3,0.0
2005-03-26,25.14,34.92,16.58,0.0
2005-03-27,27.1,35.89,19.96,0.0
2005-03-28,27.24,35.18,20.68,0.0
2005-03-29,26.65,34.84,20.22,0.0
2005-03-30,26.1,36.51,16.28,0.0
2005-03-31,28.01,38.24,18.65,0.01
2005-04-01,29.74,40.42,19.86,0.0
2005-04-02,30.96,40.53,21.99,0.0
2005-04-03,30.02,39.44,20.99,0.0
2005-04-04,28.88,38.39,19.49,0.0
2005-04-05,29.67,38.93,22.27,0.0
2005-04-06,27.86,38.66,18.9,0.0
2005-04-07,27.22,37.48,18.23,0.0
2005-04-08,27.01,36.3,18.28,0.0
2005-04-09,27.4,36.94,18.44,0.0
2005-04-10,28.14,36.07,20.06,0.0
2005-04-11,28.32,36.19,20.43,0.0
2005-04-12,28.73,36.64,20.46,0.0
2005-04-13,29.9,38.34,20.81,0.0
2005-04-14,31.94,39.51,24.54,0.0
2005-04-15,31.55,38.99,24.24,0.0
2005-04-16,30.84,38.48,22.22,0.0
2005-04-17,30.9,38.2,22.94,0.0
2005-04-18,31.49,37.64,24.81,0.0
2005-04-19,33.29,38.92,27.2,0.09
2005-04-20,30.9,36.68,25.08,0.14
2005-04-21,30.55,38.24,23.88,0.0
2005-04-22,31.55,39.9,24.13,0.0
2005-04-23,31.94,39.77,24.74,0.0
2005-04-24,33.29,40.87,26.82,0.0
2005-04-25,34.14,42.06,26.15,0.0
2005-04-26,34.35,41.59,25.83,0.02
2005-04-27,33.2,40.73,25.77,0.07
2005-04-28,31.78,38.51,25.54,0.0
2005-04-29,31.11,38.11,24.2,0.0
2005-04-30,32.46,39.73,25.16,0.0
2005-05-01,33.26,40.69,26.57,0.0
2005-05-02,31.43,39.21,23.76,0.0
2005-05-03,31.9,40.69,22.6,0.0
2005-05-04,34.6,42.72,26.03,0.0
2005-05-05,34.3,42.6,25.71,0.01
2005-05-06,31.84,39.86,23.78,0.01
2005-05-07,26.41,34.86,18.89,0.0
2005-05-08,27.94,38.57,17.05,0.0
2005-05-09,30.97,39.65,21.26,0.0
2005-05-10,31.04,39.4,21.72,0.0
2005-05-11,32.69,40.44,26.13,0.0
2005-05-12,32.95,41.1,23.57,0.0
2005-05-13,32.17,40.87,23.29,0.0
2005-05-14,31.8,39.72,24.04,0.0
2005-05-15,32.52,39.9,24.57,0.0
2005-05-16,33.71,40.55,25.55,0.0
2005-05-17,35.2,42.0,27.36,0.0
2005-05-18,35.92,42.56,27.37,0.0
2005-05-19,36.16,42.78,29.64,0.0
2005-05-20,35.31,42.84,26.89,0.0
2005-05-21,35.55,43.26,27.77,0.0
2005-05-22,35.8,43.05,28.69,0.0
2005-05-23,36.01,43.53,29.21,0.0
2005-05-24,36.22,43.49,30.24,0.0
2005-05-25,37.24,44.59,29.64,0.0
2005-05-26,37.47,45.01,30.1,0.0
2005-05-27,37.83,45.54,31.27,0.0
2005-05-28,35.62,44.53,26.16,0.0
2005-05-29,37.03,44.78,27.61,0.14
2005-05-30,36.04,42.46,29.22,0.44
2005-05-31,34.68,42.66,26.87,0.01
2005-06-01,34.56,43.64,26.18,0.0
2005-06-02,33.55,42.39,24.12,0.0
2005-06-03,35.46,43.31,26.64,0.0
2005-06-04,35.5,43.2,26.6,0.0
2005-06-05,36.47,43.82,27.55,0.0
2005-06-06,37.78,46.53,28.23,0.0
2005-06-07,38.92,47.34,30.9,0.0
2005-06-08,37.96,46.65,29.61,0.0
2005-06-09,36.9,45.47,28.35,0.0
2005-06-10,36.89,44.73,27.87,0.0
2005-06-11,34.52,42.86,26.3,0.0
2005-06-12,34.49,41.94,26.82,0.63
2005-06-13,35.43,42.07,27.13,0.59
2005-06-14,36.41,42.72,28.91,0.01
2005-06-15,37.37,44.39,29.36,0.0
2005-06-16,38.1,46.39,29.52,0.0
2005-06-17,38.41,46.5,29.74,0.0
2005-06-18,38.71,46.86,31.2,0.0
2005-06-19,39.05,47.21,29.93,0.0
2005-06-20,38.53,46.18,31.42,0.0
2005-06-21,36.4,44.26,29.57,0.0
2005-06-22,36.93,44.24,28.84,0.0
2005-06-23,37.81,43.99,31.91,0.0
2005-06-24,36.99,42.95,32.15,0.0
2005-06-25,39.11,47.75,30.73,0.0
2005-06-26,39.82,49.14,30.09,0.0
2005-06-27,39.02,47.31,30.76,0.54
2005-06-28,36.7,45.07,29.26,0.0
2005-06-29,34.49,43.47,25.25,0.0
2005-06-30,37.56,45.0,29.08,0.0
2005-07-01,38.0,44.74,32.58,0.0
2005-07-02,35.3,43.85,26.82,0.0
2005-07-03,35.77,43.63,27.71,0.0
2005-07-04,36.48,43.33,29.08,0.0
2005-07-05,36.71,44.25,29.35,0.0
2005-07-06,35.5,43.57,27.68,0.0
2005-07-07,34.46,42.78,25.93,0.0
2005-07-08,34.84,42.05,26.99,0.0
2005-07-09,38.64,45.61,30.87,0.0
2005-07-10,39.04,46.41,31.35,0.0
2005-07-11,38.83,45.26,31.29,0.0
2005-07-12,38.42,44.8,31.18,0.0
2005-07-13,39.3,45.77,31.87,0.0
2005-07-14,38.83,44.84,31.53,0.0
2005-07-15,37.28,44.29,29.73,0.21
2005-07-16,35.22,42.45,27.98,0.0
2005-07-17,35.03,41.81,27.61,0.0
2005-07-18,35.92,42.17,28.48,1.43
2005-07-19,35.21,40.85,29.36,0.0
2005-07-20,34.64,40.88,27.65,0.0
2005-07-21,36.15,42.14,29.82,0.0
2005-07-22,37.65,44.28,30.87,0.0
2005-07-23,38.9,45.14,31.57,2.38
2005-07-24,38.43,44.32,31.96,0.08
2005-07-25,38.42,45.21,31.11,0.42
2005-07-26,39.44,45.97,33.05,0.0
2005-07-27,39.96,46.42,33.33,0.0
2005-07-28,38.91,44.96,32.77,0.04
2005-07-29,39.01,45.38,31.55,0.06
2005-07-30,39.06,44.99,31.9,0.0
2005-07-31,39.72,47.04,31.95,0.0
2005-08-01,39.86,47.1,31.28,0.0
2005-08-02,40.15,47.36,32.14,0.0
2005-08-03,41.15,48.31,34.27,0.0
2005-08-04,40.84,48.86,32.08,0.0
2005-08-05,40.31,48.29,32.33,0.02
2005-08-06,39.63,46.75,33.31,0.13
2005-08-07,37.44,45.1,29.17,0.0
2005-08-08,37.75,45.44,30.14,0.0
2005-08-09,39.27,45.92,31.68,0.74
2005-08-10,38.67,44.42,32.68,0.0
2005-08-11,39.02,45.14,34.47,0.0
2005-08-12,38.67,46.84,31.02,0.0
2005-08-13,38.71,47.0,30.31,0.0
2005-08-14,38.83,46.99,30.79,0.0
2005-08-15,38.55,46.04,30.8,0.0
2005-08-16,39.17,47.1,31.24,0.0
2005-08-17,38.37,45.32,31.48,0.0
2005-08-18,37.78,44.75,30.56,0.21
2005-08-19,37.45,44.6,30.01,0.0
2005-08-20,37.74,44.4,30.73,0.0
2005-08-21,36.71,42.64,30.12,0.0
2005-08-22,36.31,43.33,29.8,0.0
2005-08-23,34.61,41.89,27.42,0.0
2005-08-24,33.58,39.92,26.72,0.0
2005-08-25,34.23,40.45,27.6,0.0
2005-08-26,34.83,41.42,27.88,1.17
2005-08-27,34.79,41.63,27.7,0.0
2005-08-28,37.09,44.16,29.68,0.0
2005-08-29,37.81,44.93,30.48,0.0
2005-08-30,38.0,45.06,31.28,0.0
2005-08-31,36.44,43.83,28.71,0.05
2005-09-01,36.64,44.72,28.7,0.0
2005-09-02,34.84,41.82,27.67,0.0
2005-09-03,33.99,41.86,26.69,0.0
2005-09-04,33.5,40.64,26.15,0.0
2005-09-05,36.05,42.76,28.5,0.03
2005-09-06,36.4,42.46,29.58,0.36
2005-09-07,34.94,42.38,27.66,0.0
2005-09-08,35.07,42.04,28.04,0.0
2005-09-09,35.31,42.65,28.2,0.0
2005-09-10,35.58,43.48,28.41,0.0
2005-09-11,36.65,44.28,29.16,0.0
2005-09-12,36.33,43.12,28.98,0.0
2005-09-13,36.21,42.7,29.82,0.0
2005-09-14,35.26,42.4,27.74,0.0
2005-09-15,36.53,43.28,28.99,0.0
2005-09-16,36.75,43.72,30.24,0.0
2005-09-17,34.71,42.72,26.73,0.0
2005-09-18,34.55,41.79,27.09,0.0
2005-09-19,33.75,41.5,26.67,0.0
2005-09-20,34.64,42.72,26.72,0.0
2005-09-21,35.54,43.39,27.23,0.0
2005-09-22,35.93,43.82,28.27,0.0
2005-09-23,35.22,43.55,28.07,0.0
2005-09-24,34.59,42.77,26.61,0.0
2005-09-25,35.08,43.26,27.16,0.0
2005-09-26,35.47,43.82,27.73,0.0
2005-09-27,35.57,43.72,27.2,0.0
2005-09-28,34.31,41.84,26.75,0.0
2005-09-29,34.13,41.17,27.74,0.0
2005-09-30,33.15,39.93,26.57,0.0
2005-10-01,32.76,39.95,25.32,0.0
2005-10-02,33.31,40.08,26.83,0.0
2005-10-03,32.53,40.16,25.28,0.0
2005-10-04,31.68,39.21,24.26,0.0
2005-10-05,30.49,36.89,23.65,0.0
2005-10-06,29.68,36.7,23.22,0.0
2005-10-07,29.92,36.64,23.4,0.0
2005-10-08,29.96,36.83,22.64,0.0
2005-10-09,30.47,37.52,23.2,0.0
2005-10-10,31.04,39.07,23.17,0.0
2005-10-11,33.04,41.65,25.34,0.0
2005-10-12,32.73,41.57,25.06,0.0
2005-10-13,31.72,41.0,24.24,0.0
2005-10-14,30.63,39.6,22.79,0.0
2005-10-15,30.0,38.32,22.13,0.0
2005-10-16,29.67,37.52,21.79,0.0
2005-10-17,29.49,38.13,21.49,0.0
2005-10-18,31.04,38.99,22.7,0.0
2005-10-19,29.94,38.07,21.82,0.0
2005-10-20,29.73,37.5,21.94,0.0
2005-10-21,29.23,36.63,21.22,0.0
2005-10-22,28.26,35.91,20.84,0.0
2005-10-23,29.17,36.39,22.82,0.0
2005-10-24,30.02,38.06,22.53,0.0
2005-10-25,28.82,36.3,21.47,0.0
2005-10-26,28.92,35.72,22.57,0.0
2005-10-27,29.48,36.22,23.72,0.0
2005-10-28,28.73,36.18,22.07,0.0
2005-10-29,28.36,36.01,21.45,0.0
2005-10-30,28.16,36.61,20.29,0.0
2005-10-31,28.45,36.74,21.36,0.0
2005-11-01,28.23,37.3,19.96,0.0
2005-11-02,28.1,36.05,20.57,0.0
2005-11-03,28.62,35.52,23.78,0.0
2005-11-04,27.41,34.42,20.54,0.0
2005-11-05,26.62,33.44,20.29,0.0
2005-11-06,26.48,33.59,19.83,0.0
2005-11-07,27.01,34.45,19.97,0.0
2005-11-08,27.51,34.79,20.98,0.0
2005-11-09,27.03,33.85,21.44,0.0
2005-11-10,26.12,33.13,20.09,0.0
2005-11-11,25.56,32.78,19.23,0.0
2005-11-12,26.31,33.35,19.53,0.0
2005-11-13,26.15,32.82,19.93,0.0
2005-11-14,26.35,33.19,20.14,0.0
2005-11-15,26.35,32.86,20.26,0.0
2005-11-16,25.71,32.25,19.28,0.0
2005-11-17,25.19,32.11,19.11,2.35
2005-11-18,25.5,31.19,20.2,0.1
2005-11-19,25.93,32.69,20.07,0.17
2005-11-20,25.62,31.95,19.81,0.0
2005-11-21,25.88,31.91,20.66,0.0
2005-11-22,26.42,34.33,20.61,0.0
2005-11-23,27.01,35.5,20.0,0.0
2005-11-24,26.69,34.09,20.57,0.0
2005-11-25,25.24,32.85,18.97,0.0
2005-11-26,24.12,31.43,17.58,0.0
2005-11-27,24.52,31.2,18.26,0.0
2005-11-28,25.38,31.13,19.78,0.0
2005-11-29,24.93,30.5,20.05,0.0
2005-11-30,23.91,29.93,19.35,0.0
2005-12-01,23.21,30.21,17.26,0.0
2005-12-02,22.84,29.85,16.92,0.0
2005-12-03,22.79,30.26,16.65,0.0
2005-12-04,22.73,30.58,15.89,0.0
2005-12-05,23.21,30.94,16.66,0.0
2005-12-06,23.1,30.46,17.35,0.0
2005-12-07,23.3,32.38,15.45,0.0
2005-12-08,24.46,33.58,17.73,0.0
2005-12-09,24.2,33.6,16.47,0.0
2005-12-10,23.29,30.37,18.05,0.0
2005-12-11,22.33,29.63,16.97,0.01
2005-12-12,21.57,28.28,15.74,0.97
2005-12-13,22.5,28.8,16.95,0.09
2005-12-14,22.84,29.01,17.39,0.0
2005-12-15,22.43,28.41,16.89,0.0
2005-12-16,22.15,28.08,16.35,0.09
2005-12-17,21.45,28.01,15.85,0.0
2005-12-18,21.91,29.35,15.49,0.0
2005-12-19,22.49,29.77,16.35,0.0
2005-12-20,20.72,28.06,14.62,0.0
2005-12-21,21.69,30.31,14.59,0.0
2005-12-22,22.13,30.28,15.82,0.0
2005-12-23,22.42,29.94,15.75,0.0
2005-12-24,21.89,28.4,15.25,0.09
2005-12-25,21.02,28.92,14.81,0.0
2005-12-26,19.92,27.06,13.89,0.0
2005-12-27,21.21,28.75,14.93,0.0
2005-12-28,21.16,29.54,14.46,0.0
2005-12-29,21.21,29.13,14.23,0.0
2005-12-30,20.2,27.07,14.47,0.0
2005-12-31,18.04,24.13,12.73,0.01
2006-01-01,17.38,23.92,12.03,0.02
2006-01-02,17.81,24.49,12.66,0.0
2006-01-03,17.47,24.0,11.39,0.0
2006-01-04,17.67,25.56,11.39,0.75
2006-01-05,17.24,25.26,10.7,0.0
2006-01-06,16.89,24.98,9.88,0.0
2006-01-07,17.03,24.38,10.16,0.0
2006-01-08,18.11,24.43,11.54,0.0
2006-01-09,18.68,23.87,12.45,0.0
2006-01-10,20.55,27.64,13.9,0.0
2006-01-11,20.52,28.19,13.43,0.0
2006-01-12,20.83,28.65,14.47,0.0
2006-01-13,21.16,29.01,14.95,0.0
2006-01-14,22.42,30.5,16.2,0.0
2006-01-15,21.12,28.12,16.55,0.0
2006-01-16,18.5,24.63,13.81,0.0
2006-01-17,17.34,24.66,11.15,0.0
2006-01-18,17.93,24.28,12.83,0.0
2006-01-19,17.22,23.71,12.9,0.0
2006-01-20,16.31,24.41,10.0,0.0
2006-01-21,17.0,24.47,10.68,0.0
2006-01-22,17.67,24.57,12.7,0.0
2006-01-23,16.79,25.72,9.09,0.0
2006-01-24,18.03,26.07,11.13,0.0
2006-01-25,19.65,27.39,13.94,0.0
2006-01-26,20.4,27.73,13.18,0.0
2006-01-27,20.44,28.31,13.21,0.0
2006-01-28,20.65,27.52,14.98,0.0
2006-01-29,21.25,26.99,15.67,0.0
2006-01-30,19.84,26.64,14.7,0.0
2006-01-31,19.39,27.05,13.1,0.0
2006-02-01,21.96,29.71,15.29,0.0
2006-02-02,23.24,31.18,16.39,0.0
2006-02-03,23.27,31.81,16.27,0.0
2006-02-04,22.04,30.2,14.66,0.0
2006-02-05,23.64,30.83,17.48,0.0
2006-02-06,23.86,31.1,16.38,0.0
2006-02-07,24.77,32.18,18.74,0.0
2006-02-08,25.66,33.39,18.4,0.0
2006-02-09,25.78,33.82,18.52,0.0
2006-02-10,25.18,33.08,18.26,0.0
2006-02-11,25.44,33.45,18.41,0.0
2006-02-12,24.15,32.06,17.14,0.0
2006-02-13,22.53,30.14,15.59,0.0
2006-02-14,23.53,30.88,16.96,0.0
2006-02-15,23.98,31.55,16.71,0.0
2006-02-16,24.75,32.53,17.82,0.0
2006-02-17,25.22,32.72,18.1,0.0
2006-02-18,24.37,29.56,20.07,0.0
2006-02-19,24.98,32.92,18.44,0.0
2006-02-20,24.7,33.21,16.8,0.01
2006-02-21,23.48,31.73,19.34,0.28
2006-02-22,23.63,30.9,17.08,0.0
2006-02-23,23.69,29.0,19.38,12.59
2006-02-24,18.63,19.89,16.98,25.75
2006-02-25,18.54,23.37,14.38,6.91
2006-02-26,18.61,27.51,11.67,0.0
2006-02-27,19.87,29.94,11.37,0.07
2006-02-28,21.66,31.94,13.77,0.0
2006-03-01,21.9,32.32,13.12,0.07
2006-03-02,23.14,31.77,16.82,0.0
2006-03-03,23.73,32.82,17.17,0.0
2006-03-04,23.36,33.35,15.65,0.0
2006-03-05,24.25,33.95,16.7,0.0
2006-03-06,24.49,33.18,18.21,0.0
2006-03-07,22.8,30.66,16.28,0.0
2006-03-08,22.03,30.16,14.44,0.0
2006-03-09,22.97,31.54,15.65,0.0
2006-03-10,23.47,31.6,15.76,0.0
2006-03-11,23.83,31.56,16.01,0.0
2006-03-12,23.63,31.1,17.2,0.0
2006-03-13,24.03,32.75,16.52,0.0
2006-03-14,24.4,32.85,17.12,0.0
2006-03-15,24.88,33.87,18.46,0.0
2006-03-16,26.14,34.39,18.54,0.0
2006-03-17,25.72,33.1,18.95,0.03
2006-03-18,25.32,31.93,19.93,0.06
2006-03-19,24.94,31.77,19.04,0.0
2006-03-20,26.41,32.16,20.27,0.07
2006-03-21,25.87,32.41,20.59,0.0
2006-03-22,22.98,28.32,17.67,0.09
2006-03-23,22.26,31.6,14.15,0.05
2006-03-24,23.42,32.08,15.79,0.0
2006-03-25,22.7,32.65,13.82,0.0
2006-03-26,24.27,33.38,16.6,0.0
2006-03-27,26.65,35.14,19.76,0.0
2006-03-28,26.4,35.11,17.05,0.0
2006-03-29,27.15,34.69,19.53,0.0
2006-03-30,27.45,33.79,21.87,0.0
2006-03-31,27.32,34.93,20.33,0.0
2006-04-01,27.65,35.25,20.4,0.0
2006-04-02,27.27,34.44,20.13,0.29
2006-04-03,28.26,34.4,22.61,0.09
2006-04-04,29.82,34.26,24.99,0.0
2006-04-05,31.05,37.98,23.94,0.0
2006-04-06,30.1,37.35,21.73,0.0
2006-04-07,30.66,37.62,23.59,0.0
2006-04-08,26.25,31.68,20.42,0.0
2006-04-09,25.94,35.99,15.88,0.0
2006-04-10,27.21,35.02,20.7,0.0
2006-04-11,28.83,37.92,20.31,0.0
2006-04-12,30.11,39.14,20.95,0.0
2006-04-13,31.45,39.29,25.03,0.0
2006-04-14,27.24,34.95,19.74,0.0
2006-04-15,29.42,38.36,20.16,0.0
2006-04-16,30.85,38.93,22.23,0.0
2006-04-17,30.49,38.68,21.77,0.0
2006-04-18,30.56,38.67,22.1,0.0
2006-04-19,31.25,39.19,22.73,0.0
2006-04-20,31.24,38.48,24.83,0.0
2006-04-21,30.39,38.9,22.38,0.0
2006-04-22,30.27,38.82,22.38,0.0
2006-04-23,31.59,39.62,23.48,0.0
2006-04-24,32.81,40.7,25.57,0.0
2006-04-25,33.26,40.39,26.57,0.0
2006-04-26,31.97,40.03,24.28,0.0
2006-04-27,31.5,39.33,24.28,0.0
2006-04-28,32.3,40.89,24.57,0.0
2006-04-29,31.13,39.25,23.76,0.0
2006-04-30,30.78,39.27,22.44,0.0
2006-05-01,33.56,43.08,24.3,0.0
2006-05-02,34.05,42.43,25.4,0.0
2006-05-03,33.45,41.25,25.68,0.0
2006-05-04,33.15,41.57,25.18,0.0
2006-05-05,33.79,41.89,25.49,0.0
2006-05-06,35.53,43.58,28.87,0.0
2006-05-07,35.01,43.16,26.94,0.0
2006-05-08,34.07,42.58,26.03,0.0
2006-05-09,34.54,42.76,27.17,0.0
2006-05-10,33.32,41.36,25.24,0.0
2006-05-11,33.93,41.84,25.46,0.0
2006-05-12,34.65,42.52,25.84,0.0
2006-05-13,34.8,42.84,26.78,0.0
2006-05-14,34.57,42.96,26.52,0.0
2006-05-15,34.39,42.57,26.99,0.0
2006-05-16,33.57,41.86,25.19,0.0
2006-05-17,34.75,43.48,25.83,0.0
2006-05-18,35.79,44.19,26.89,0.0
2006-05-19,35.97,44.66,27.18,0.0
2006-05-20,37.01,45.65,28.92,0.0
2006-05-21,38.23,46.61,29.73,0.0
2006-05-22,36.07,44.64,28.48,0.0
2006-05-23,34.15,43.4,25.67,0.0
2006-05-24,33.98,44.06,24.53,0.0
2006-05-25,34.71,45.03,23.95,0.0
2006-05-26,35.6,43.55,26.52,0.0
2006-05-27,36.77,45.46,27.77,0.0
2006-05-28,38.09,46.7,29.15,0.0
2006-05-29,36.43,45.35,28.03,0.0
2006-05-30,37.06,45.71,28.41,0.0
2006-05-31,38.4,46.76,29.21,0.0
2006-06-01,38.01,46.8,28.49,0.0
2006-06-02,37.9,46.45,29.14,0.0
2006-06-03,38.12,46.26,29.33,0.0
2006-06-04,37.49,45.37,28.34,0.06
2006-06-05,36.71,43.77,28.79,0.04
2006-06-06,36.03,42.91,28.91,0.21
2006-06-07,36.26,43.48,29.0,0.07
2006-06-08,35.99,42.77,28.74,0.32
2006-06-09,35.94,42.53,28.78,0.0
2006-06-10,35.85,42.87,28.77,0.0
2006-06-11,36.45,44.16,28.19,0.0
2006-06-12,37.18,44.77,30.88,0.0
2006-06-13,37.5,45.2,30.18,0.0
2006-06-14,38.23,45.62,29.85,0.43
2006-06-15,37.04,44.58,28.94,0.0
2006-06-16,36.84,44.68,29.08,0.0
2006-06-17,38.17,45.81,29.67,0.0
2006-06-18,36.87,44.64,28.76,0.0
2006-06-19,36.5,44.15,28.9,0.0
2006-06-20,36.66,43.35,28.53,0.0
2006-06-21,37.42,44.71,30.34,0.0
2006-06-22,37.61,44.48,30.58,0.06
2006-06-23,37.8,45.97,29.68,0.94
2006-06-24,37.15,44.75,29.33,0.4
2006-06-25,38.1,45.6,30.81,1.61
2006-06-26,38.75,47.23,30.24,0.0
2006-06-27,38.88,47.06,29.54,0.0
2006-06-28,39.24,47.11,30.74,1.1
2006-06-29,39.3,46.04,32.29,0.0
2006-06-30,39.43,47.84,31.31,0.0
2006-07-01,36.36,44.26,28.83,0.0
2006-07-02,35.9,43.57,27.75,0.0
2006-07-03,36.68,44.15,29.8,0.0
2006-07-04,37.29,44.24,30.3,0.0
2006-07-05,37.72,44.01,30.5,0.0
2006-07-06,37.63,45.46,28.82,0.0
2006-07-07,38.44,45.61,31.37,0.0
2006-07-08,39.68,46.97,32.5,0.0
2006-07-09,39.45,47.12,31.95,0.0
2006-07-10,37.61,46.26,30.46,0.0
2006-07-11,36.02,44.34,27.15,0.0
2006-07-12,37.76,45.55,29.84,0.0
2006-07-13,39.18,46.83,30.45,0.0
2006-07-14,41.02,48.38,33.2,0.0
2006-07-15,40.68,47.92,34.48,0.0
2006-07-16,39.27,47.93,30.46,0.0
2006-07-17,37.55,46.99,28.58,0.0
2006-07-18,38.44,47.42,28.33,0.0
2006-07-19,39.49,47.22,31.41,0.0
2006-07-20,37.37,44.44,29.69,0.0
2006-07-21,37.81,45.2,29.86,0.0
2006-07-22,37.78,44.73,30.89,0.0
2006-07-23,37.78,44.13,30.44,0.0
2006-07-24,36.57,40.64,32.06,0.0
2006-07-25,37.82,44.51,32.7,0.0
2006-07-26,37.45,43.81,31.72,0.0
2006-07-27,37.21,43.45,31.17,0.0
2006-07-28,37.21,43.65,31.08,0.0
2006-07-29,36.87,42.77,31.38,0.0
2006-07-30,37.97,44.97,31.73,0.0
2006-07-31,38.3,43.69,32.91,0.0
2006-08-01,32.87,36.51,28.28,0.02
2006-08-02,30.33,32.61,27.43,0.0
2006-08-03,34.46,39.49,29.15,0.01
2006-08-04,33.96,40.1,30.16,0.0
2006-08-05,32.08,35.64,28.52,0.01
2006-08-06,34.97,40.55,29.23,0.0
2006-08-07,36.28,41.48,31.03,0.0
2006-08-08,36.34,41.21,30.75,0.0
2006-08-09,38.37,44.24,32.13,0.0
2006-08-10,39.21,45.73,32.53,0.0
2006-08-11,39.71,45.42,34.96,0.68
2006-08-12,39.67,45.94,32.65,0.01
2006-08-13,39.89,45.68,34.06,0.41
2006-08-14,39.57,45.33,33.68,2.55
2006-08-15,39.0,45.16,33.41,0.0
2006-08-16,38.88,45.19,32.08,0.0
2006-08-17,39.68,46.06,33.28,0.0
2006-08-18,38.71,45.67,31.85,0.0
2006-08-19,37.58,44.65,30.74,0.0
2006-08-20,36.33,43.14,29.5,0.0
2006-08-21,36.98,43.36,30.31,0.0
2006-08-22,36.94,43.65,30.03,0.0
2006-08-23,37.17,43.89,29.73,0.0
2006-08-24,36.36,43.22,28.68,0.0
2006-08-25,36.18,42.95,28.95,1.45
2006-08-26,34.8,41.38,27.89,0.0
2006-08-27,35.18,41.7,28.64,0.0
2006-08-28,35.51,42.08,28.67,0.0
2006-08-29,35.27,42.15,28.23,0.0
2006-08-30,36.22,42.85,29.2,0.0
2006-08-31,36.14,42.57,29.06,0.0
2006-09-01,36.85,43.75,29.42,0.0
2006-09-02,36.17,43.15,28.35,0.0
2006-09-03,35.64,41.91,29.25,0.0
2006-09-04,35.52,41.49,29.51,1.62
2006-09-05,34.23,40.13,28.18,1.27
2006-09-06,33.8,39.54,27.89,0.0
2006-09-07,33.75,39.77,27.04,0.0
2006-09-08,35.93,42.36,29.75,0.0
2006-09-09,35.11,41.8,28.23,0.0
2006-09-10,34.93,43.12,27.4,0.0
2006-09-11,35.41,43.81,26.98,0.0
2006-09-12,35.68,43.66,28.1,0.0
2006-09-13,35.79,43.77,28.34,0.0
2006-09-14,34.96,42.36,27.69,0.0
2006-09-15,34.63,41.95,27.45,0.0
2006-09-16,33.67,40.71,26.25,0.0
2006-09-17,32.55,39.89,25.35,0.0
2006-09-18,34.79,41.42,28.0,0.0
2006-09-19,36.03,42.13,30.2,0.0
2006-09-20,36.7,43.07,29.87,0.0
2006-09-21,37.66,43.17,32.11,0.0
2006-09-22,37.14,42.65,31.59,0.0
2006-09-23,36.53,43.39,29.6,0.0
2006-09-24,36.61,43.86,31.04,0.0
2006-09-25,35.46,43.6,27.87,0.0
2006-09-26,33.98,42.42,26.35,0.0
2006-09-27,33.69,41.93,25.98,0.0
2006-09-28,33.06,40.69,25.98,0.0
2006-09-29,31.97,39.18,24.77,0.0
2006-09-30,32.09,38.92,25.75,0.0
2006-10-01,32.44,39.1,26.05,0.0
2006-10-02,33.01,39.82,26.12,0.0
2006-10-03,33.65,41.31,26.25,0.0
2006-10-04,32.61,40.42,25.49,0.0
2006-10-05,32.95,41.67,24.93,0.0
2006-10-06,33.71,41.35,26.41,0.0
2006-10-07,30.87,38.19,24.5,0.0
2006-10-08,30.73,38.69,23.51,0.0
2006-10-09,30.74,38.91,22.91,0.0
2006-10-10,30.39,37.37,24.3,0.0
2006-10-11,30.24,37.14,22.69,0.0
2006-10-12,29.82,35.85,23.59,0.0
2006-10-13,31.62,39.24,24.58,0.0
2006-10-14,32.13,39.66,25.05,0.0
2006-10-15,31.21,38.04,24.65,0.08
2006-10-16,30.06,36.75,23.21,0.08
2006-10-17,31.64,38.98,25.41,0.0
2006-10-18,31.01,38.89,23.49,0.0
2006-10-19,31.3,39.7,23.08,0.0
2006-10-20,31.43,39.53,24.41,0.0
2006-10-21,31.47,39.5,24.27,0.0
2006-10-22,30.6,37.64,23.92,0.0
2006-10-23,30.39,38.06,23.02,0.0
2006-10-24,30.74,37.87,23.64,0.0
2006-10-25,31.59,37.58,25.24,0.49
2006-10-26,30.87,36.34,24.61,0.21
2006-10-27,30.2,35.65,24.6,0.0
2006-10-28,28.93,34.93,23.79,0.0
2006-10-29,29.04,35.85,22.12,0.0
2006-10-30,28.5,35.48,21.67,0.0
2006-10-31,29.08,36.25,22.75,0.0
2006-11-01,29.56,37.48,21.69,0.0
2006-11-02,29.77,37.71,21.83,0.0
2006-11-03,28.3,35.15,22.18,0.0
2006-11-04,27.95,35.24,20.79,0.0
2006-11-05,27.47,34.84,20.75,0.0
2006-11-06,28.81,36.38,22.26,0.1
2006-11-07,29.6,37.31,22.67,0.0
2006-11-08,28.93,36.98,21.29,0.0
2006-11-09,29.19,35.87,23.41,0.0
2006-11-10,28.77,34.56,23.03,0.0
2006-11-11,27.46,33.13,21.82,0.0
2006-11-12,27.09,32.98,21.47,0.0
2006-11-13,26.82,32.8,21.61,0.0
2006-11-14,26.62,32.99,22.1,0.0
2006-11-15,26.54,33.29,21.11,0.0
2006-11-16,26.09,32.66,20.42,0.0
2006-11-17,26.47,32.99,20.88,1.02
2006-11-18,26.52,32.65,20.91,0.08
2006-11-19,26.01,32.33,20.57,0.0
2006-11-20,25.6,31.91,19.9,0.06
2006-11-21,25.29,31.2,20.68,0.05
2006-11-22,23.6,31.09,17.09,0.12
2006-11-23,23.72,31.57,17.11,0.0
2006-11-24,23.64,31.81,17.34,0.0
2006-11-25,24.33,31.81,18.69,0.0
2006-11-26,24.13,30.58,18.03,0.0
2006-11-27,24.22,30.59,18.93,0.0
2006-11-28,23.5,29.67,18.43,0.0
2006-11-29,23.83,30.25,18.86,0.08
2006-11-30,24.04,30.05,19.31,0.0
2006-12-01,24.7,30.65,20.58,0.0
2006-12-02,23.91,29.82,19.0,9.03
2006-12-03,20.29,24.8,15.04,6.46
2006-12-04,16.97,24.15,10.88,0.01
2006-12-05,17.75,23.91,11.48,0.0
2006-12-06,18.48,24.76,12.19,0.0
2006-12-07,20.65,27.88,13.9,0.0
2006-12-08,21.82,27.83,16.31,0.0
2006-12-09,21.67,27.27,17.5,0.17
2006-12-10,20.96,28.34,15.37,0.08
2006-12-11,21.77,27.75,16.02,0.01
2006-12-12,20.79,23.42,17.29,3.7
2006-12-13,20.16,26.28,15.17,0.01
2006-12-14,19.91,25.69,16.08,8.87
2006-12-15,19.93,25.46,15.64,0.05
2006-12-16,21.64,27.55,16.55,0.12
2006-12-17,22.5,30.4,16.18,0.05
2006-12-18,20.84,27.7,15.36,0.13
2006-12-19,17.72,23.38,13.06,0.0
2006-12-20,16.61,24.26,9.99,0.0
2006-12-21,17.68,24.37,12.12,0.09
2006-12-22,17.67,23.59,13.79,0.0
2006-12-23,17.87,24.64,12.68,0.09
2006-12-24,18.63,24.75,14.2,0.0
2006-12-25,17.62,22.94,12.83,0.0
2006-12-26,17.53,24.58,11.37,0.0
2006-12-27,18.67,25.14,12.98,0.0
2006-12-28,19.2,25.52,12.54,0.0
2006-12-29,20.2,26.58,15.79,0.0
2006-12-30,17.84,24.58,13.16,0.0
2006-12-31,15.36,21.52,11.0,0.0
2007-01-01,14.53,22.01,8.3,0.0
2007-01-02,14.69,21.98,8.95,0.0
2007-01-03,13.99,21.22,7.88,0.0
2007-01-04,13.99,22.67,7.36,0.0
2007-01-05,15.06,23.7,6.69,0.0
2007-01-06,15.85,23.34,9.75,0.0
2007-01-07,17.46,24.89,12.21,0.0
2007-01-08,18.94,26.67,12.83,0.0
2007-01-09,18.39,25.57,12.83,0.0
2007-01-10,17.26,24.57,11.3,0.0
2007-01-11,16.77,24.34,10.73,0.0
2007-01-12,18.73,26.26,11.36,0.0
2007-01-13,19.24,26.05,12.98,0.0
2007-01-14,20.45,28.28,14.55,0.06
2007-01-15,20.52,28.28,14.31,0.0
2007-01-16,21.44,29.41,14.84,0.0
2007-01-17,20.33,26.96,15.17,0.09
2007-01-18,19.42,26.13,14.89,0.03
2007-01-19,19.83,25.92,14.37,0.01
2007-01-20,20.71,27.84,15.3,0.0
2007-01-21,20.89,27.2,16.07,0.57
2007-01-22,21.42,28.4,15.26,0.0
2007-01-23,19.93,25.6,15.64,0.0
2007-01-24,18.55,27.49,11.55,0.03
2007-01-25,19.08,27.16,13.26,0.0
2007-01-26,18.51,26.94,11.31,0.0
2007-01-27,18.83,25.98,12.33,0.0
2007-01-28,18.76,26.18,12.49,0.2
2007-01-29,19.04,26.38,12.41,0.06
2007-01-30,20.05,27.23,12.93,0.06
2007-01-31,20.47,28.28,12.84,0.0
2007-02-01,21.93,29.23,14.38,0.0
2007-02-02,23.67,29.57,18.37,0.01
2007-02-03,24.52,30.6,18.47,0.03
2007-02-04,24.99,32.05,18.7,0.0
2007-02-05,25.08,31.43,18.57,0.0
2007-02-06,26.22,33.81,19.84,0.0
2007-02-07,26.69,34.01,20.31,0.0
2007-02-08,25.74,33.47,19.59,0.69
2007-02-09,20.2,26.74,13.72,0.0
2007-02-10,18.8,28.15,10.72,0.0
2007-02-11,20.97,28.94,15.47,0.0
2007-02-12,21.74,29.5,15.88,0.0
2007-02-13,20.77,29.88,12.55,0.0
2007-02-14,22.19,29.04,15.69,0.0
2007-02-15,21.64,29.61,15.46,0.0
2007-02-16,20.16,30.44,11.71,0.0
2007-02-17,21.41,30.76,14.2,0.0
2007-02-18,21.62,30.63,13.85,0.0
2007-02-19,23.09,29.25,17.28,0.0
2007-02-20,23.24,30.21,17.85,0.0
2007-02-21,20.36,27.8,14.35,0.0
2007-02-22,20.26,29.13,13.06,0.0
2007-02-23,23.02,30.78,16.54,0.0
2007-02-24,24.74,32.63,19.26,0.0
2007-02-25,24.68,32.61,18.27,0.0
2007-02-26,24.99,34.25,15.46,0.0
2007-02-27,23.92,32.54,17.5,0.0
2007-02-28,21.01,29.97,13.93,0.0
2007-03-01,23.02,33.02,12.82,0.0
2007-03-02,23.59,32.17,16.1,0.0
2007-03-03,22.44,29.99,16.33,0.0
2007-03-04,22.15,32.08,13.89,0.0
2007-03-05,23.66,32.72,15.58,0.0
2007-03-06,25.15,33.1,17.27,0.0
2007-03-07,26.3,33.94,19.25,0.0
2007-03-08,25.91,34.71,18.52,0.0
2007-03-09,26.69,35.52,18.3,0.0
2007-03-10,27.83,36.67,20.27,0.0
2007-03-11,22.79,30.61,15.17,0.0
2007-03-12,22.02,32.76,11.83,0.0
2007-03-13,25.99,34.98,17.55,0.0
2007-03-14,26.06,35.14,17.93,0.0
2007-03-15,26.8,35.54,19.03,0.0
2007-03-16,25.89,32.9,18.8,0.0
2007-03-17,25.72,33.06,19.41,6.8
2007-03-18,21.45,26.63,18.94,18.9
2007-03-19,20.21,26.48,14.56,0.0
2007-03-20,18.78,27.3,10.88,0.0
2007-03-21,22.66,31.73,14.36,0.0
2007-03-22,24.71,33.19,16.72,0.0
2007-03-23,23.19,29.42,18.64,0.0
2007-03-24,25.21,33.05,18.67,0.0
2007-03-25,25.7,33.76,18.05,0.0
2007-03-26,27.55,35.23,20.14,0.0
2007-03-27,27.97,35.55,20.77,0.0
2007-03-28,27.42,35.62,20.28,0.0
2007-03-29,27.93,35.91,20.35,0.18
2007-03-30,25.92,34.23,19.54,0.0
2007-03-31,24.98,34.23,17.79,0.0
2007-04-01,25.56,33.98,16.77,0.0
2007-04-02,28.62,36.64,21.2,0.35
2007-04-03,28.85,36.63,22.29,0.06
2007-04-04,28.77,35.99,21.69,0.0
2007-04-05,29.57,35.94,21.53,0.0
2007-04-06,32.05,39.55,24.23,0.06
2007-04-07,29.37,37.45,22.78,0.0
2007-04-08,28.34,37.25,19.0,0.0
2007-04-09,31.22,39.25,24.73,0.0
2007-04-10,31.66,39.38,24.08,0.0
2007-04-11,31.66,39.83,23.07,0.0
2007-04-12,31.77,39.74,23.32,0.0
2007-04-13,31.76,39.88,23.61,0.0
2007-04-14,32.82,40.44,25.61,0.0
2007-04-15,31.61,39.95,24.76,0.0
2007-04-16,29.85,39.01,21.59,0.0
2007-04-17,29.75,39.2,21.96,0.0
2007-04-18,30.57,41.01,19.57,0.0
2007-04-19,32.42,41.56,22.94,0.0
2007-04-20,33.4,41.72,25.62,0.0
2007-04-21,33.3,41.79,24.98,0.0
2007-04-22,33.36,41.62,26.6,0.0
2007-04-23,32.67,41.08,24.43,0.0
2007-04-24,33.23,41.87,24.76,0.0
2007-04-25,34.04,42.25,25.84,0.0
2007-04-26,34.53,42.69,26.62,0.0
2007-04-27,34.12,42.74,25.49,0.0
2007-04-28,33.61,41.59,25.17,0.0
2007-04-29,33.82,41.92,25.57,0.0
2007-04-30,33.67,41.29,25.42,0.0
2007-05-01,34.13,42.0,25.96,0.0
2007-05-02,36.46,44.54,29.92,0.0
2007-05-03,34.33,43.13,26.38,0.0
2007-05-04,34.34,43.52,24.63,0.0
2007-05-05,34.8,43.16,25.2,0.0
2007-05-06,35.19,43.47,28.26,0.0
2007-05-07,34.64,43.1,27.38,0.0
2007-05-08,33.13,41.9,24.83,0.0
2007-05-09,34.86,42.19,27.68,0.0
2007-05-10,35.46,41.93,27.99,0.0
2007-05-11,35.58,41.84,28.07,0.0
2007-05-12,36.38,43.26,28.84,0.16
2007-05-13,36.12,43.16,28.09,0.35
2007-05-14,35.09,41.9,28.33,0.06
2007-05-15,35.81,43.22,27.95,0.0
2007-05-16,36.52,44.54,28.18,0.0
2007-05-17,36.86,45.35,28.31,0.0
2007-05-18,36.09,44.12,28.39,0.0
2007-05-19,34.3,42.78,25.93,0.0
2007-05-20,34.2,43.43,24.7,0.0
2007-05-21,33.96,41.91,25.62,0.0
2007-05-22,34.68,41.18,27.16,0.0
2007-05-23,35.03,41.68,27.46,0.0
2007-05-24,35.32,42.94,27.27,0.0
2007-05-25,35.52,42.12,28.3,0.0
2007-05-26,36.04,42.9,29.05,0.0
2007-05-27,36.79,44.34,29.54,0.0
2007-05-28,36.88,44.36,29.07,0.0
2007-05-29,37.35,44.76,29.55,0.91
2007-05-30,36.57,43.06,30.19,1.31
2007-05-31,35.8,42.35,28.71,0.0
2007-06-01,36.29,43.74,28.83,0.0
2007-06-02,36.89,44.3,28.82,0.0
2007-06-03,38.21,46.89,29.03,0.0
2007-06-04,38.29,46.89,29.68,0.0
2007-06-05,36.11,44.69,29.31,0.0
2007-06-06,32.25,37.86,28.51,5.46
2007-06-07,32.83,39.19,26.94,2.92
2007-06-08,34.27,40.14,27.84,0.0
2007-06-09,33.98,40.13,28.02,2.2
2007-06-10,32.87,38.58,26.71,4.95
2007-06-11,35.7,43.3,27.88,0.0
2007-06-12,37.34,44.88,29.72,0.0
2007-06-13,38.22,45.02,29.95,0.0
2007-06-14,40.02,49.18,31.82,0.0
2007-06-15,40.13,49.8,31.97,0.0
2007-06-16,38.84,48.02,31.49,0.0
2007-06-17,37.12,46.96,28.09,0.0
2007-06-18,37.65,45.98,29.71,0.0
2007-06-19,38.17,44.61,31.44,0.0
2007-06-20,38.38,44.3,31.63,0.0
2007-06-21,36.28,40.09,31.42,0.06
2007-06-22,34.94,38.34,30.9,0.0
2007-06-23,36.41,42.93,30.49,0.0
2007-06-24,35.34,40.86,30.03,0.42
2007-06-25,34.28,38.96,30.25,0.0
2007-06-26,34.63,39.12,29.76,0.0
2007-06-27,35.96,39.83,30.13,0.0
2007-06-28,37.45,42.66,32.61,0.0
2007-06-29,37.26,45.23,29.19,0.0
2007-06-30,37.96,45.06,30.95,0.0
2007-07-01,38.67,45.91,31.32,0.0
2007-07-02,39.66,46.74,32.53,0.0
2007-07-03,39.82,46.57,33.13,0.0
2007-07-04,37.99,44.02,32.87,0.0
2007-07-05,38.44,45.38,31.89,0.0
2007-07-06,37.68,45.73,29.59,0.86
2007-07-07,37.03,45.31,29.12,0.0
2007-07-08,37.33,45.47,28.82,0.0
2007-07-09,37.61,45.36,29.57,0.69
2007-07-10,38.34,45.85,30.86,0.0
2007-07-11,39.16,46.77,31.43,0.0
2007-07-12,39.95,47.73,32.09,0.0
2007-07-13,39.9,47.8,32.84,0.0
2007-07-14,38.53,47.09,29.97,0.0
2007-07-15,38.3,47.69,28.88,0.0
2007-07-16,38.0,46.89,29.88,0.0
2007-07-17,36.21,43.19,28.29,0.0
2007-07-18,35.67,42.64,27.72,0.0
2007-07-19,37.43,43.55,30.77,0.0
2007-07-20,38.29,43.19,32.56,0.77
2007-07-21,39.79,46.39,33.38,0.0
2007-07-22,39.97,46.54,34.32,0.0
2007-07-23,38.48,45.17,31.32,0.0
2007-07-24,38.04,45.23,31.18,0.0
2007-07-25,36.09,43.5,28.43,0.0
2007-07-26,35.45,43.57,27.88,0.0
2007-07-27,35.64,42.43,28.64,2.72
2007-07-28,37.32,43.67,31.0,0.0
2007-07-29,38.95,46.06,31.94,0.0
2007-07-30,38.27,45.29,31.56,0.0
2007-07-31,37.77,44.9,30.89,0.0
2007-08-01,37.94,44.55,31.22,0.0
2007-08-02,37.99,45.71,29.94,0.0
2007-08-03,40.07,47.61,32.74,0.0
2007-08-04,39.95,47.16,32.22,0.0
2007-08-05,38.16,44.76,31.08,0.0
2007-08-06,37.85,45.07,30.08,1.77
2007-08-07,38.37,46.09,31.29,0.0
2007-08-08,38.99,45.38,33.1,0.0
2007-08-09,38.65,45.61,31.33,0.03
2007-08-10,38.19,44.76,31.09,0.07
2007-08-11,37.53,44.7,30.26,0.0
2007-08-12,37.61,44.76,29.41,0.0
2007-08-13,39.44,46.27,32.33,0.0
2007-08-14,38.91,45.76,32.2,0.0
2007-08-15,37.82,44.25,31.45,0.2
2007-08-16,37.19,43.43,30.22,0.46
2007-08-17,36.84,43.24,30.82,1.48
2007-08-18,35.19,43.25,27.74,0.0
2007-08-19,35.79,44.03,27.75,0.0
2007-08-20,36.66,43.56,29.11,0.0
2007-08-21,37.06,43.21,29.95,0.0
2007-08-22,37.18,43.71,29.6,0.0
2007-08-23,36.3,42.95,28.92,0.0
2007-08-24,36.07,42.17,29.41,2.24
2007-08-25,35.79,42.72,28.77,0.0
2007-08-26,35.47,43.07,28.56,0.0
2007-08-27,36.01,44.76,28.56,0.0
2007-08-28,35.38,43.1,28.02,0.0
2007-08-29,35.96,43.97,28.2,0.0
2007-08-30,36.08,43.58,28.01,0.0
2007-08-31,36.62,44.39,28.75,0.0
2007-09-01,36.92,45.14,28.57,0.0
2007-09-02,38.43,46.36,30.85,0.0
2007-09-03,36.71,44.63,29.54,0.0
2007-09-04,36.09,43.63,28.39,0.0
2007-09-05,36.87,44.24,29.14,0.24
2007-09-06,37.85,44.58,31.91,0.0
2007-09-07,37.51,45.09,31.1,0.16
2007-09-08,36.36,43.48,29.57,0.0
2007-09-09,34.61,41.18,27.64,0.32
2007-09-10,34.14,40.8,26.78,0.74
2007-09-11,34.44,40.53,27.71,0.0
2007-09-12,35.06,40.88,28.55,0.45
2007-09-13,33.88,40.17,27.47,0.0
2007-09-14,33.4,39.83,26.52,0.0
2007-09-15,34.11,41.51,26.68,0.0
2007-09-16,36.19,42.92,30.31,0.0
2007-09-17,35.86,42.97,28.91,0.05
2007-09-18,34.73,41.52,27.42,0.47
2007-09-19,35.81,43.06,28.63,0.0
2007-09-20,35.7,43.89,27.76,0.0
2007-09-21,34.73,43.03,27.76,0.0
2007-09-22,34.44,43.85,27.09,0.0
2007-09-23,34.82,43.67,26.74,0.0
2007-09-24,33.78,41.96,26.71,0.0
2007-09-25,32.11,39.9,24.31,0.0
2007-09-26,31.4,39.78,23.69,0.0
2007-09-27,32.0,40.46,24.06,0.0
2007-09-28,31.56,40.02,23.37,0.0
2007-09-29,31.63,40.13,24.49,0.0
2007-09-30,31.26,39.39,23.42,0.0
2007-10-01,30.88,39.34,23.03,0.0
2007-10-02,31.01,40.51,22.83,0.0
2007-10-03,31.08,39.62,23.45,0.0
2007-10-04,31.52,39.51,23.79,0.0
2007-10-05,30.52,39.09,23.81,0.0
2007-10-06,28.42,38.1,20.02,0.0
2007-10-07,28.7,38.5,20.85,0.0
2007-10-08,29.98,39.85,21.86,0.0
2007-10-09,31.68,39.96,23.28,0.0
2007-10-10,32.07,39.26,25.2,0.0
2007-10-11,30.58,37.96,24.15,0.0
2007-10-12,28.86,36.83,21.79,0.0
2007-10-13,27.84,36.96,19.84,0.0
2007-10-14,27.49,36.74,19.27,0.0
2007-10-15,29.45,38.12,21.12,0.0
2007-10-16,29.19,37.36,21.25,0.0
2007-10-17,28.53,36.73,20.13,0.0
2007-10-18,28.0,36.19,19.86,0.0
2007-10-19,26.8,34.9,19.37,0.0
2007-10-20,27.57,36.43,19.28,0.0
2007-10-21,28.06,36.52,20.13,0.0
2007-10-22,29.13,37.18,21.59,0.0
2007-10-23,29.91,37.65,22.73,0.0
2007-10-24,28.83,35.91,21.89,0.0
2007-10-25,29.03,36.26,22.36,0.0
2007-10-26,28.96,35.96,22.47,0.0
2007-10-27,28.66,36.16,22.2,0.0
2007-10-28,28.47,36.26,21.0,0.0
2007-10-29,28.84,37.05,22.07,0.0
2007-10-30,28.07,36.84,21.08,0.0
2007-10-31,27.21,36.08,18.35,0.0
2007-11-01,29.08,36.23,21.67,0.0
2007-11-02,29.09,35.06,24.13,0.0
2007-11-03,27.25,31.75,23.72,0.0
2007-11-04,28.92,34.69,23.4,6.21
2007-11-05,29.68,35.31,24.47,0.01
2007-11-06,29.12,35.6,24.18,0.0
2007-11-07,28.35,36.81,21.13,0.0
2007-11-08,28.28,37.13,21.28,0.0
2007-11-09,27.28,35.69,20.93,0.0
2007-11-10,26.89,34.23,22.23,0.0
2007-11-11,25.87,34.01,20.47,0.0
2007-11-12,24.71,33.26,17.87,0.0
2007-11-13,25.09,33.55,18.34,0.0
2007-11-14,25.58,33.89,18.52,0.0
2007-11-15,26.22,34.47,18.43,0.0
2007-11-16,26.29,33.97,18.93,0.0
2007-11-17,26.07,34.12,18.72,0.0
2007-11-18,25.93,33.06,20.36,0.0
2007-11-19,26.08,34.31,19.34,0.0
2007-11-20,26.52,33.97,19.77,0.0
2007-11-21,25.33,32.94,18.59,0.0
2007-11-22,24.49,31.75,17.99,0.0
2007-11-23,24.61,32.0,18.51,0.0
2007-11-24,24.62,31.93,18.32,0.0
2007-11-25,24.76,31.31,19.14,0.0
2007-11-26,24.7,31.78,18.5,0.0
2007-11-27,24.48,31.35,18.4,0.0
2007-11-28,21.75,27.96,16.89,0.0
2007-11-29,19.76,26.78,13.64,0.0
2007-11-30,20.46,27.93,13.88,0.0
2007-12-01,22.24,30.68,15.46,0.0
2007-12-02,22.71,29.47,16.94,0.0
2007-12-03,21.9,27.37,17.06,0.0
2007-12-04,22.95,29.73,17.14,0.0
2007-12-05,23.08,29.72,17.53,0.0
2007-12-06,23.91,30.01,18.38,0.0
2007-12-07,23.8,29.92,18.57,0.0
2007-12-08,23.06,30.1,17.2,0.0
2007-12-09,23.45,31.25,17.24,0.0
2007-12-10,23.1,31.27,17.01,0.0
2007-12-11,21.83,29.59,15.88,0.0
2007-12-12,19.91,27.39,13.56,0.0
2007-12-13,20.18,27.77,13.72,0.0
2007-12-14,21.73,27.72,15.96,0.0
2007-12-15,21.97,28.0,16.34,0.0
2007-12-16,22.11,28.56,16.5,0.0
2007-12-17,21.94,28.14,16.59,0.03
2007-12-18,21.19,28.29,15.35,0.02
2007-12-19,21.82,29.45,16.3,0.0
2007-12-20,21.72,29.3,15.54,0.0
2007-12-21,22.38,29.39,16.51,0.0
2007-12-22,22.08,29.57,15.86,0.0
2007-12-23,21.89,29.48,16.15,0.0
2007-12-24,19.44,26.56,13.62,0.0
2007-12-25,20.5,27.37,14.89,1.18
2007-12-26,20.4,27.81,14.49,0.0
2007-12-27,19.42,26.24,13.83,0.0
2007-12-28,17.52,24.0,12.0,0.0
2007-12-29,17.29,24.68,10.86,0.0
2007-12-30,18.93,26.03,12.21,0.0
2007-12-31,19.04,26.2,12.85,0.0
2008-01-01,19.83,27.64,14.03,0.05
2008-01-02,20.99,28.48,14.54,0.0
2008-01-03,20.8,27.56,13.1,0.0
2008-01-04,20.69,27.48,14.76,0.0
2008-01-05,20.16,26.87,13.88,0.0
2008-01-06,20.91,26.98,15.6,0.01
2008-01-07,16.86,21.31,11.39,0.0
2008-01-08,14.25,21.04,8.63,0.0
2008-01-09,13.85,21.55,7.51,0.0
2008-01-10,15.03,23.09,8.01,0.0
2008-01-11,18.87,26.15,11.48,0.0
2008-01-12,20.56,25.61,15.31,0.12
2008-01-13,22.36,28.24,17.12,1.29
2008-01-14,21.73,27.0,17.19,0.23
2008-01-15,19.68,23.11,16.77,2.34
2008-01-16,16.45,20.14,13.19,5.07
2008-01-17,15.96,23.02,11.5,1.41
2008-01-18,15.22,22.97,9.27,0.05
2008-01-19,15.65,23.3,9.02,0.0
2008-01-20,17.69,25.61,11.87,0.01
2008-01-21,19.52,27.09,12.86,1.54
2008-01-22,20.97,27.47,15.44,0.01
2008-01-23,22.12,28.41,15.92,0.05
2008-01-24,21.98,27.77,16.97,0.0
2008-01-25,18.96,25.03,14.25,0.0
2008-01-26,20.37,27.22,13.34,0.0
2008-01-27,21.37,27.93,15.06,0.09
2008-01-28,21.09,26.88,17.67,0.0
2008-01-29,19.93,27.13,14.65,0.0
2008-01-30,20.74,29.16,13.6,0.0
2008-01-31,22.44,29.04,16.4,0.0
2008-02-01,17.35,22.07,10.93,0.0
2008-02-02,14.72,22.38,8.73,0.0
2008-02-03,14.06,22.03,7.35,0.0
2008-02-04,13.76,19.53,9.16,0.04
2008-02-05,13.77,20.37,9.28,0.1
2008-02-06,12.47,20.11,6.72,0.0
2008-02-07,13.16,22.73,5.43,0.0
2008-02-08,15.19,24.67,7.05,0.0
2008-02-09,18.55,28.75,10.08,0.0
2008-02-10,19.54,29.1,11.46,0.0
2008-02-11,19.67,28.6,11.69,0.0
2008-02-12,20.14,28.48,13.08,0.0
2008-02-13,21.36,31.13,12.8,0.0
2008-02-14,21.75,30.79,13.71,0.0
2008-02-15,23.26,31.86,15.55,0.0
2008-02-16,23.14,31.76,15.14,0.0
2008-02-17,24.29,32.81,17.03,0.0
2008-02-18,24.38,33.77,16.49,0.0
2008-02-19,24.76,34.05,16.89,0.0
2008-02-20,24.78,34.2,17.52,0.0
2008-02-21,18.99,27.2,12.41,0.0
2008-02-22,17.39,26.88,9.12,0.0
2008-02-23,18.39,27.85,10.23,0.0
2008-02-24,19.65,28.67,11.32,0.0
2008-02-25,22.58,31.95,13.63,0.0
2008-02-26,23.12,32.65,14.45,0.0
2008-02-27,24.2,34.12,15.42,0.0
2008-02-28,25.78,36.25,16.75,0.0
2008-02-29,24.46,34.54,16.33,0.0
2008-03-01,22.75,32.8,14.8,0.0
2008-03-02,23.39,34.64,14.0,0.0
2008-03-03,25.8,35.34,19.11,0.0
2008-03-04,25.93,34.3,18.39,0.0
2008-03-05,22.34,31.18,15.86,0.0
2008-03-06,20.06,29.82,11.72,0.0
2008-03-07,20.0,27.53,13.55,0.0
2008-03-08,22.05,31.14,13.78,0.0
2008-03-09,23.1,32.16,14.48,0.0
2008-03-10,23.64,33.52,15.35,0.0
2008-03-11,23.67,34.19,15.38,0.0
2008-03-12,24.67,33.84,16.21,0.0
2008-03-13,24.73,33.74,15.63,0.0
2008-03-14,25.8,34.55,17.05,0.0
2008-03-15,26.39,35.32,18.4,0.0
2008-03-16,26.59,35.48,20.06,0.0
2008-03-17,27.37,38.11,17.7,0.0
2008-03-18,29.03,39.35,20.12,0.0
2008-03-19,29.86,39.39,21.57,0.0
2008-03-20,30.43,39.58,22.26,0.0
2008-03-21,28.47,37.54,20.78,0.0
2008-03-22,25.12,35.81,15.05,0.0
2008-03-23,28.01,38.27,17.64,0.0
2008-03-24,27.71,37.12,18.99,1.15
2008-03-25,27.75,36.88,19.36,0.0
2008-03-26,27.7,36.38,19.51,0.0
2008-03-27,27.29,35.35,19.08,0.0
2008-03-28,27.43,35.74,19.83,0.0
2008-03-29,27.88,36.62,20.07,0.0
2008-03-30,28.14,36.68,20.61,0.0
2008-03-31,28.24,36.74,19.84,0.08
2008-04-01,28.27,36.85,19.39,0.0
2008-04-02,29.35,38.03,20.28,0.0
2008-04-03,27.86,36.71,20.28,0.0
2008-04-04,27.58,38.09,17.52,0.0
2008-04-05,29.58,37.88,22.32,0.0
2008-04-06,31.08,40.39,22.88,0.0
2008-04-07,31.35,40.47,22.27,0.0
2008-04-08,28.77,36.14,22.25,0.05
2008-04-09,29.16,36.93,22.27,0.0
2008-04-10,29.92,37.57,22.35,0.0
2008-04-11,31.98,39.76,24.33,0.0
2008-04-12,31.07,39.21,24.04,0.0
2008-04-13,30.5,39.47,22.37,0.0
2008-04-14,27.86,36.57,20.28,0.0
2008-04-15,29.12,39.02,19.18,0.0
2008-04-16,31.16,38.65,23.5,0.0
2008-04-17,30.44,38.61,21.03,0.0
2008-04-18,31.11,40.03,22.01,0.0
2008-04-19,31.58,39.42,24.95,0.0
2008-04-20,28.84,37.96,20.28,0.0
2008-04-21,31.17,40.54,22.27,0.0
2008-04-22,31.16,39.35,24.98,0.0
2008-04-23,29.45,38.41,22.26,0.0
2008-04-24,29.79,38.23,22.21,0.0
2008-04-25,31.48,39.69,24.58,0.0
2008-04-26,32.11,40.47,25.03,0.0
2008-04-27,32.48,41.11,25.5,0.0
2008-04-28,32.12,40.85,23.7,0.0
2008-04-29,33.06,41.49,25.14,0.0
2008-04-30,32.56,41.4,22.28,0.0
2008-05-01,33.3,41.67,24.23,0.0
2008-05-02,33.2,41.28,24.3,0.0
2008-05-03,33.49,41.67,25.01,0.0
2008-05-04,34.0,41.86,26.11,0.84
2008-05-05,34.51,42.58,26.05,0.0
2008-05-06,35.45,43.22,26.93,0.05
2008-05-07,35.23,42.21,28.74,0.0
2008-05-08,33.58,42.35,24.77,0.0
2008-05-09,35.24,44.06,26.97,0.0
2008-05-10,34.89,41.98,26.8,0.0
2008-05-11,35.15,43.18,26.81,0.0
2008-05-12,36.22,44.06,28.91,0.0
2008-05-13,36.54,44.79,28.14,0.0
2008-05-14,36.04,44.54,28.0,0.0
2008-05-15,36.57,44.97,28.58,0.0
2008-05-16,37.68,46.13,29.17,0.0
2008-05-17,37.54,45.66,29.93,0.0
2008-05-18,37.61,45.63,29.6,0.0
2008-05-19,37.23,45.42,28.81,0.0
2008-05-20,36.75,45.2,28.81,0.0
2008-05-21,34.62,43.55,26.96,0.0
2008-05-22,31.89,41.44,22.35,0.0
2008-05-23,32.54,40.56,24.08,0.0
2008-05-24,33.24,41.6,23.25,0.0
2008-05-25,33.11,41.03,25.01,0.0
2008-05-26,33.6,40.7,26.48,0.56
2008-05-27,34.5,41.67,26.75,0.05
2008-05-28,35.39,41.29,28.93,0.0
2008-05-29,36.87,43.25,29.97,0.0
2008-05-30,36.63,43.85,29.01,0.23
2008-05-31,37.31,45.19,29.2,0.2
2008-06-01,38.33,46.19,31.46,0.0
2008-06-02,38.16,46.58,29.13,0.0
2008-06-03,38.16,46.59,29.54,0.0
2008-06-04,38.94,47.89,30.05,0.0
2008-06-05,36.32,43.88,28.3,0.0
2008-06-06,36.59,43.96,28.84,0.0
2008-06-07,38.4,44.55,31.22,0.11
2008-06-08,39.26,46.99,31.61,0.0
2008-06-09,37.53,45.56,30.71,0.0
2008-06-10,34.72,42.99,26.95,0.0
2008-06-11,34.61,42.42,25.81,0.0
2008-06-12,35.9,42.46,29.81,0.0
2008-06-13,33.58,41.65,26.21,0.0
2008-06-14,31.95,40.74,23.77,0.0
2008-06-15,32.1,41.44,23.11,0.0
2008-06-16,33.88,42.96,24.38,0.0
2008-06-17,35.69,44.15,28.45,0.0
2008-06-18,36.32,44.08,29.24,0.0
2008-06-19,37.07,44.04,31.78,0.0
2008-06-20,37.55,44.52,31.18,0.0
2008-06-21,37.31,44.81,29.37,0.0
2008-06-22,38.14,45.14,32.88,0.0
2008-06-23,37.93,46.34,29.87,0.0
2008-06-24,37.95,46.7,29.01,0.0
2008-06-25,39.39,48.13,31.03,0.0
2008-06-26,39.04,47.36,32.01,0.0
2008-06-27,38.62,46.91,31.58,0.0
2008-06-28,40.54,49.88,30.95,0.0
2008-06-29,40.02,48.09,31.32,0.0
2008-06-30,38.86,46.18,30.85,0.0
2008-07-01,35.48,42.14,28.35,6.97
2008-07-02,37.23,44.99,30.23,0.11
2008-07-03,36.63,44.61,29.12,0.0
2008-07-04,35.95,43.85,27.67,0.0
2008-07-05,37.07,43.95,30.4,0.0
2008-07-06,36.77,44.27,28.87,0.0
2008-07-07,35.61,43.17,27.49,0.0
2008-07-08,35.55,43.46,27.63,0.0
2008-07-09,36.54,43.96,27.42,0.0
2008-07-10,38.05,45.18,29.67,0.0
2008-07-11,38.49,44.71,32.18,0.0
2008-07-12,38.92,46.21,31.58,0.0
2008-07-13,40.4,47.77,34.34,0.0
2008-07-14,39.46,46.98,31.74,0.0
2008-07-15,37.8,44.87,30.29,0.0
2008-07-16,38.62,45.67,31.41,0.0
2008-07-17,38.99,45.8,32.31,0.0
2008-07-18,39.19,45.76,31.7,0.17
2008-07-19,39.66,46.95,33.06,0.0
2008-07-20,40.55,48.29,32.5,0.0
2008-07-21,40.77,48.64,32.64,0.0
2008-07-22,40.34,47.1,32.95,0.0
2008-07-23,38.53,45.91,30.92,0.0
2008-07-24,37.36,44.96,29.06,0.0
2008-07-25,37.79,44.64,30.59,0.0
2008-07-26,38.02,45.36,31.05,3.28
2008-07-27,38.22,45.65,30.43,0.0
2008-07-28,38.49,45.83,30.48,0.0
2008-07-29,38.53,45.48,30.63,0.0
2008-07-30,38.96,44.83,32.16,0.0
2008-07-31,38.7,44.29,32.66,0.0
2008-08-01,39.1,45.78,33.27,0.0
2008-08-02,38.12,43.67,32.2,0.0
2008-08-03,37.34,42.58,31.42,0.01
2008-08-04,35.96,41.75,31.75,0.71
2008-08-05,35.52,40.55,30.91,0.0
2008-08-06,36.01,42.05,29.88,0.0
2008-08-07,35.9,40.48,30.27,0.0
2008-08-08,38.17,43.78,32.62,0.02
2008-08-09,38.22,44.16,32.77,2.82
2008-08-10,36.87,42.37,31.81,1.05
2008-08-11,37.64,43.62,31.79,0.0
2008-08-12,37.81,43.61,31.62,0.11
2008-08-13,35.08,39.28,30.88,9.47
2008-08-14,35.54,42.23,29.3,0.02
2008-08-15,37.15,43.8,30.34,0.14
2008-08-16,37.46,43.94,30.15,0.31
2008-08-17,37.38,43.15,31.1,1.48
2008-08-18,36.56,43.0,29.57,0.19
2008-08-19,36.03,42.33,29.72,0.41
2008-08-20,35.38,41.64,28.89,0.0
2008-08-21,35.69,42.48,28.67,0.0
2008-08-22,36.47,43.09,29.52,0.0
2008-08-23,35.96,41.96,29.48,0.0
2008-08-24,35.35,42.53,28.07,0.0
2008-08-25,34.35,42.49,26.75,0.15
2008-08-26,34.25,42.1,26.62,0.0
2008-08-27,36.51,44.76,28.83,0.0
2008-08-28,37.12,45.95,28.92,0.0
2008-08-29,36.87,45.07,28.35,0.0
2008-08-30,35.91,43.29,28.32,0.0
2008-08-31,34.86,42.1,27.66,0.0
2008-09-01,33.68,40.8,26.41,0.0
2008-09-02,32.6,39.82,26.03,0.6
2008-09-03,33.36,40.31,26.49,0.27
2008-09-04,33.41,40.32,26.66,0.0
2008-09-05,34.96,42.98,27.14,0.0
2008-09-06,36.24,44.83,27.92,0.0
2008-09-07,35.84,42.69,28.71,0.0
2008-09-08,34.41,40.96,27.9,0.0
2008-09-09,32.48,39.95,25.22,0.0
2008-09-10,32.87,40.56,25.38,0.0
2008-09-11,34.25,41.91,26.77,0.0
2008-09-12,33.5,40.21,26.61,0.0
2008-09-13,33.55,40.55,26.47,0.0
2008-09-14,35.05,42.54,27.14,0.0
2008-09-15,35.85,43.27,28.45,0.0
2008-09-16,36.4,44.49,28.43,0.0
2008-09-17,34.05,42.72,27.2,7.54
2008-09-18,31.86,39.0,25.84,0.0
2008-09-19,32.86,40.03,26.17,0.0
2008-09-20,33.3,41.21,26.37,0.0
2008-09-21,33.53,41.42,26.3,0.0
2008-09-22,33.49,41.39,27.1,0.0
2008-09-23,34.66,42.51,28.65,0.0
2008-09-24,33.9,41.93,26.84,0.0
2008-09-25,33.12,40.54,25.39,0.0
2008-09-26,31.78,39.42,24.51,0.77
2008-09-27,32.1,40.03,24.75,0.0
2008-09-28,32.39,40.36,26.19,0.0
2008-09-29,32.36,40.07,25.61,0.0
2008-09-30,32.15,39.66,25.43,0.0
2008-10-01,31.79,38.83,24.79,0.0
2008-10-02,32.09,39.57,26.17,0.0
2008-10-03,32.3,40.15,24.81,0.0
2008-10-04,31.74,38.74,24.76,0.0
2008-10-05,30.25,36.13,24.38,0.0
2008-10-06,30.47,37.1,23.88,0.0
2008-10-07,31.7,39.43,24.5,0.0
2008-10-08,33.34,40.87,27.58,0.0
2008-10-09,33.59,41.19,26.19,0.0
2008-10-10,32.73,40.23,25.66,0.0
2008-10-11,33.01,40.19,25.77,0.0
2008-10-12,31.39,38.48,24.47,0.0
2008-10-13,31.4,39.35,24.02,0.0
2008-10-14,31.73,39.94,24.2,0.0
2008-10-15,32.46,41.51,24.68,0.0
2008-10-16,32.14,40.38,24.78,0.0
2008-10-17,30.32,38.38,23.16,0.0
2008-10-18,29.23,37.38,21.97,0.0
2008-10-19,29.03,36.71,21.59,0.0
2008-10-20,28.67,36.06,21.28,0.0
2008-10-21,28.96,36.01,21.83,0.0
2008-10-22,29.25,36.66,22.15,0.2
2008-10-23,29.12,37.02,22.35,0.0
2008-10-24,28.89,36.59,22.28,0.0
2008-10-25,28.79,36.77,22.16,0.0
2008-10-26,28.69,35.67,23.39,0.0
2008-10-27,29.33,37.2,24.15,0.0
2008-10-28,29.24,36.38,24.47,0.0
2008-10-29,29.29,37.09,22.59,0.0
2008-10-30,28.96,36.69,22.1,0.0
2008-10-31,26.86,33.64,20.37,0.0
2008-11-01,27.59,33.96,21.07,0.0
2008-11-02,28.99,35.68,23.01,0.0
2008-11-03,27.98,35.21,20.98,0.0
2008-11-04,28.14,36.18,20.89,0.0
2008-11-05,26.87,34.43,19.78,0.0
2008-11-06,27.41,34.93,20.64,0.0
2008-11-07,27.46,34.99,20.83,0.0
2008-11-08,27.47,34.1,21.22,0.0
2008-11-09,27.4,33.75,21.46,0.0
2008-11-10,27.26,33.91,21.34,0.0
2008-11-11,27.07,34.05,20.71,0.0
2008-11-12,26.52,33.89,20.98,0.0
2008-11-13,25.07,32.22,19.79,0.0
2008-11-14,24.41,31.83,18.27,0.0
2008-11-15,24.58,31.67,18.11,0.0
2008-11-16,25.29,31.93,19.9,0.0
2008-11-17,23.08,29.19,17.68,0.0
2008-11-18,23.3,30.63,17.07,0.0
2008-11-19,23.35,31.3,16.74,0.0
2008-11-20,23.84,32.17,16.88,0.0
2008-11-21,23.19,31.49,16.08,0.0
2008-11-22,23.15,30.76,15.91,0.0
2008-11-23,23.36,30.82,16.67,0.0
2008-11-24,23.46,31.19,16.72,0.0
2008-11-25,23.92,31.73,17.58,0.0
2008-11-26,23.08,29.79,17.13,0.0
2008-11-27,21.85,28.46,16.79,0.35
2008-11-28,23.46,31.08,16.9,0.0
2008-11-29,24.29,32.12,18.13,0.0
2008-11-30,23.49,31.23,17.13,0.0
2008-12-01,23.12,30.91,16.27,0.0
2008-12-02,23.09,29.79,17.72,0.0
2008-12-03,20.49,26.66,16.1,0.0
2008-12-04,19.23,26.04,13.13,0.0
2008-12-05,18.34,24.99,12.43,0.0
2008-12-06,18.48,24.98,13.08,0.33
2008-12-07,18.0,24.62,12.11,0.01
2008-12-08,18.37,25.65,12.15,0.0
2008-12-09,19.63,27.88,12.81,0.0
2008-12-10,20.39,28.73,13.47,0.0
2008-12-11,20.98,30.02,14.01,0.0
2008-12-12,20.84,29.79,14.25,0.0
2008-12-13,19.95,28.35,13.29,0.0
2008-12-14,20.3,27.95,13.83,0.0
2008-12-15,20.24,27.58,13.82,0.0
2008-12-16,19.61,26.25,15.08,0.0
2008-12-17,17.27,23.96,11.6,0.0
2008-12-18,15.4,22.34,9.02,0.0
2008-12-19,16.36,23.7,10.6,0.0
2008-12-20,16.42,24.88,9.72,0.0
2008-12-21,17.31,26.37,9.9,0.0
2008-12-22,18.53,28.25,11.04,0.0
2008-12-23,18.47,27.2,11.15,0.0
2008-12-24,19.62,28.36,13.15,0.0
2008-12-25,20.21,29.83,13.95,0.0
2008-12-26,20.08,29.41,13.99,0.0
2008-12-27,19.82,28.85,14.61,0.0
2008-12-28,20.0,29.16,13.63,0.0
2008-12-29,20.28,29.17,13.51,0.0
2008-12-30,21.95,31.2,14.61,0.0
2008-12-31,21.6,29.72,14.55,0.0
2009-01-01,22.08,29.73,15.89,0.0
2009-01-02,21.79,29.0,16.56,0.0
2009-01-03,19.19,26.45,13.99,0.0
2009-01-04,16.46,23.71,10.42,0.0
2009-01-05,16.87,24.91,10.51,0.0
2009-01-06,15.73,23.03,9.6,0.0
2009-01-07,16.82,25.76,9.39,0.0
2009-01-08,18.59,26.94,11.46,0.0
2009-01-09,19.31,26.81,13.19,0.0
2009-01-10,19.38,26.75,13.38,0.0
2009-01-11,20.07,27.54,13.2,0.0
2009-01-12,20.05,26.97,13.63,0.0
2009-01-13,20.33,26.8,14.37,0.0
2009-01-14,18.16,22.14,14.32,2.53
2009-01-15,15.04,20.25,10.89,0.23
2009-01-16,14.85,22.23,8.53,0.0
2009-01-17,15.83,22.84,9.16,0.0
2009-01-18,16.8,23.22,10.67,0.0
2009-01-19,17.16,22.69,13.27,0.16
2009-01-20,18.21,23.94,12.99,0.04
2009-01-21,18.56,25.09,13.83,0.0
2009-01-22,16.51,23.37,10.71,0.0
2009-01-23,15.54,22.49,9.32,0.25
2009-01-24,14.39,20.55,9.92,0.01
2009-01-25,15.73,24.98,7.64,0.0
2009-01-26,18.4,27.76,11.39,0.0
2009-01-27,18.37,27.22,11.15,0.0
2009-01-28,19.75,28.45,12.97,0.0
2009-01-29,20.29,28.64,13.96,0.0
2009-01-30,20.38,28.23,12.74,0.0
2009-01-31,20.74,27.96,12.25,0.0
2009-02-01,22.08,29.73,15.73,0.0
2009-02-02,21.76,30.34,14.47,0.0
2009-02-03,18.54,27.03,11.37,0.0
2009-02-04,17.23,25.51,11.09,0.0
2009-02-05,16.91,26.28,8.77,0.0
2009-02-06,19.15,27.43,11.91,0.0
2009-02-07,20.16,26.74,13.56,0.0
2009-02-08,21.61,28.43,16.79,0.0
2009-02-09,22.71,30.0,17.08,0.0
2009-02-10,22.69,31.12,16.52,0.0
2009-02-11,23.96,31.59,16.65,0.0
2009-02-12,20.2,26.52,14.1,0.0
2009-02-13,17.35,26.26,9.96,0.0
2009-02-14,19.62,28.76,11.15,0.0
2009-02-15,20.69,28.43,12.93,0.0
2009-02-16,21.93,28.89,14.4,0.0
2009-02-17,23.12,30.63,16.41,0.0
2009-02-18,22.87,29.63,16.27,0.0
2009-02-19,23.6,30.97,17.82,0.0
2009-02-20,23.52,31.6,17.07,0.0
2009-02-21,24.67,32.01,17.15,0.0
2009-02-22,24.7,32.91,17.0,0.0
2009-02-23,25.42,33.5,17.73,0.0
2009-02-24,26.04,34.66,18.26,0.0
2009-02-25,25.61,34.29,17.86,0.0
2009-02-26,26.23,34.74,18.18,0.0
2009-02-27,27.29,36.1,19.9,0.0
2009-02-28,26.36,35.9,18.47,0.68
2009-03-01,25.69,34.81,18.28,0.27
2009-03-02,22.52,30.78,15.39,0.0
2009-03-03,18.94,28.0,11.74,0.0
2009-03-04,19.31,29.31,10.83,0.0
2009-03-05,21.37,30.62,13.58,0.0
2009-03-06,20.05,28.81,12.68,0.0
2009-03-07,20.39,30.57,11.43,0.0
2009-03-08,22.86,33.01,13.35,0.0
2009-03-09,25.02,34.24,16.36,0.0
2009-03-10,24.9,33.17,15.92,0.0
2009-03-11,25.35,33.7,17.58,0.0
2009-03-12,25.8,34.79,17.66,0.0
2009-03-13,26.37,34.91,18.86,0.0
2009-03-14,26.55,34.65,19.83,0.0
2009-03-15,27.03,35.14,20.13,0.0
2009-03-16,28.03,36.39,20.7,0.0
2009-03-17,27.1,35.97,18.71,0.0
2009-03-18,27.65,36.12,18.87,0.0
2009-03-19,28.68,36.63,20.48,0.0
2009-03-20,29.63,37.59,23.33,0.0
2009-03-21,30.1,38.19,21.78,0.0
2009-03-22,29.65,37.08,21.89,0.0
2009-03-23,27.55,34.99,21.25,0.0
2009-03-24,28.84,36.59,21.5,0.24
2009-03-25,29.44,36.84,22.38,0.2
2009-03-26,29.26,36.14,23.18,2.99
2009-03-27,28.26,34.37,22.98,0.0
2009-03-28,27.97,34.81,21.84,0.35
2009-03-29,27.14,33.19,21.8,1.08
2009-03-30,27.01,32.54,21.08,0.65
2009-03-31,24.14,29.6,17.97,1.98
2009-04-01,23.48,29.98,17.91,0.32
2009-04-02,24.33,31.22,18.1,2.05
2009-04-03,26.33,32.97,19.25,0.0
2009-04-04,24.84,29.57,21.12,11.09
2009-04-05,25.87,32.47,20.29,0.34
2009-04-06,25.64,33.45,18.93,0.0
2009-04-07,25.76,34.16,18.01,0.0
2009-04-08,26.7,34.66,18.22,0.0
2009-04-09,28.1,35.91,19.44,0.0
2009-04-10,28.3,35.87,20.63,0.0
2009-04-11,28.39,36.68,21.28,0.0
2009-04-12,28.55,36.76,20.47,0.0
2009-04-13,28.34,35.37,20.91,0.0
2009-04-14,29.31,37.04,22.85,0.0
2009-04-15,26.95,35.76,19.12,0.0
2009-04-16,29.66,38.13,20.37,0.0
2009-04-17,30.39,39.24,22.13,0.0
2009-04-18,31.61,40.25,23.29,0.0
2009-04-19,32.13,39.7,24.8,0.0
2009-04-20,32.19,40.76,23.56,0.0
2009-04-21,31.97,40.08,23.98,0.0
2009-04-22,29.1,37.8,22.25,0.0
2009-04-23,28.03,37.58,18.33,0.0
2009-04-24,30.53,40.38,20.29,0.0
2009-04-25,31.82,40.67,22.32,0.0
2009-04-26,31.59,40.76,22.69,0.0
2009-04-27,31.3,39.63,22.78,0.0
2009-04-28,31.69,40.25,23.41,0.0
2009-04-29,33.21,40.89,26.8,0.0
2009-04-30,32.37,40.76,24.87,0.0
2009-05-01,32.14,40.57,23.43,0.0
2009-05-02,33.1,41.33,25.04,0.0
2009-05-03,31.29,39.82,24.4,0.0
2009-05-04,29.68,40.47,18.94,0.0
2009-05-05,32.66,41.57,23.91,0.0
2009-05-06,32.43,40.87,24.14,0.0
2009-05-07,32.7,40.62,24.87,0.0
2009-05-08,34.03,42.48,25.09,0.0
2009-05-09,36.37,45.0,28.09,0.0
2009-05-10,37.21,45.97,27.82,0.0
2009-05-11,35.45,43.84,27.64,0.0
2009-05-12,35.31,43.25,27.65,0.0
2009-05-13,36.36,44.87,28.06,0.0
2009-05-14,36.07,44.63,27.35,0.0
2009-05-15,36.0,44.48,27.03,0.0
2009-05-16,35.9,43.8,28.4,0.0
2009-05-17,35.14,43.6,26.34,0.0
2009-05-18,34.7,42.89,26.27,0.0
2009-05-19,33.47,41.44,26.11,0.0
2009-05-20,33.95,43.69,23.43,0.0
2009-05-21,36.22,45.44,26.52,0.0
2009-05-22,36.38,44.97,27.56,0.0
2009-05-23,36.99,45.57,27.79,0.0
2009-05-24,37.99,46.75,29.1,0.0
2009-05-25,38.64,47.61,29.61,0.0
2009-05-26,38.69,47.39,30.21,0.0
2009-05-27,38.81,47.6,30.22,0.0
2009-05-28,39.29,48.37,30.17,0.0
2009-05-29,40.12,49.25,31.01,0.0
2009-05-30,40.48,49.95,30.9,0.0
2009-05-31,39.59,49.1,30.48,0.0
2009-06-01,35.59,44.96,27.18,0.0
2009-06-02,34.73,44.83,25.18,0.0
2009-06-03,35.54,45.11,25.74,0.0
2009-06-04,34.99,43.24,26.78,0.0
2009-06-05,34.75,44.21,24.16,0.0
2009-06-06,36.42,44.95,27.45,0.0
2009-06-07,36.4,45.0,26.84,0.0
2009-06-08,36.82,44.91,28.65,0.0
2009-06-09,36.86,45.69,28.79,0.0
2009-06-10,37.41,46.58,28.02,0.0
2009-06-11,37.22,45.46,28.56,0.0
2009-06-12,35.99,43.82,29.03,0.0
2009-06-13,35.95,43.95,27.47,0.0
2009-06-14,35.62,43.88,27.45,0.0
2009-06-15,36.3,44.86,27.64,0.0
2009-06-16,36.55,45.17,28.34,0.0
2009-06-17,37.66,45.47,30.53,0.0
2009-06-18,38.3,46.19,30.22,0.0
2009-06-19,39.63,47.62,30.94,0.0
2009-06-20,36.82,44.61,29.71,0.0
2009-06-21,34.43,42.27,26.32,0.0
2009-06-22,36.12,43.5,28.26,0.0
2009-06-23,36.27,43.4,28.93,0.0
2009-06-24,36.86,44.09,29.75,0.12
2009-06-25,36.49,44.53,28.62,0.14
2009-06-26,36.56,44.18,28.26,0.0
2009-06-27,38.1,45.51,31.35,0.0
2009-06-28,39.7,48.03,31.26,0.0
2009-06-29,39.52,47.75,31.48,0.0
2009-06-30,39.54,48.28,31.29,0.0
2009-07-01,40.03,48.93,31.46,0.0
2009-07-02,39.6,47.77,30.06,0.0
2009-07-03,39.97,48.25,31.04,0.0
2009-07-04,38.35,46.6,30.34,0.0
2009-07-05,36.59,44.48,28.71,0.0
2009-07-06,36.29,44.36,28.73,0.0
2009-07-07,35.76,43.11,27.71,0.0
2009-07-08,36.75,43.51,29.13,0.0
2009-07-09,38.98,46.88,31.78,0.0
2009-07-10,38.94,48.64,28.91,0.0
2009-07-11,39.04,47.51,31.98,0.0
2009-07-12,39.12,47.14,31.79,0.0
2009-07-13,38.96,46.31,32.63,0.0
2009-07-14,40.19,48.14,31.99,0.01
2009-07-15,39.34,47.21,31.73,0.0
2009-07-16,38.63,46.16,30.84,0.0
2009-07-17,39.17,45.73,32.15,0.0
2009-07-18,37.85,43.89,32.17,0.0
2009-07-19,39.02,46.07,31.7,0.0
2009-07-20,39.24,45.11,33.22,0.0
2009-07-21,38.96,45.66,32.41,0.0
2009-07-22,40.02,47.19,31.82,1.01
2009-07-23,41.0,47.76,33.7,0.0
2009-07-24,41.31,48.43,33.83,0.08
2009-07-25,39.34,45.87,33.63,0.32
2009-07-26,37.92,44.95,30.81,0.28
2009-07-27,38.03,45.79,30.85,0.0
2009-07-28,36.97,45.96,27.59,0.0
2009-07-29,37.66,43.94,31.04,0.0
2009-07-30,39.39,46.81,32.7,0.0
2009-07-31,38.11,45.31,31.25,0.0
2009-08-01,38.66,45.41,33.73,0.0
2009-08-02,37.68,43.9,31.46,0.0
2009-08-03,36.56,43.97,29.27,0.0
2009-08-04,36.96,44.32,30.34,0.0
2009-08-05,36.97,44.08,30.08,0.0
2009-08-06,36.63,44.01,29.32,0.0
2009-08-07,37.06,44.41,29.92,0.0
2009-08-08,38.26,45.35,31.1,0.0
2009-08-09,39.49,47.75,32.29,0.0
2009-08-10,38.98,48.01,30.02,0.0
2009-08-11,38.84,47.66,31.15,0.0
2009-08-12,36.88,43.13,30.5,0.0
2009-08-13,36.66,43.16,29.88,0.0
2009-08-14,35.75,41.85,29.01,0.0
2009-08-15,37.05,43.25,30.19,0.0
2009-08-16,38.34,44.58,32.22,0.01
2009-08-17,38.02,44.41,31.2,0.0
2009-08-18,37.16,45.39,29.69,0.0
2009-08-19,35.39,43.28,27.84,0.0
2009-08-20,33.98,41.09,27.49,0.0
2009-08-21,33.92,40.29,27.58,0.0
2009-08-22,35.44,41.82,29.21,0.0
2009-08-23,37.09,43.98,29.77,0.0
2009-08-24,39.06,46.35,31.19,0.01
2009-08-25,38.94,46.17,32.03,0.0
2009-08-26,38.81,45.63,32.07,0.0
2009-08-27,39.27,46.73,31.3,0.0
2009-08-28,38.44,45.93,30.95,0.0
2009-08-29,36.85,44.38,29.2,0.0
2009-08-30,36.21,42.38,28.92,0.0
2009-08-31,36.99,43.09,30.04,0.0
2009-09-01,37.45,44.33,30.58,0.0
2009-09-02,37.72,44.84,30.31,0.0
2009-09-03,36.67,43.11,30.71,0.0
2009-09-04,36.74,43.4,29.6,0.0
2009-09-05,37.76,45.29,30.64,0.0
2009-09-06,36.66,44.17,30.95,0.0
2009-09-07,36.18,43.83,29.09,0.0
2009-09-08,36.24,44.03,28.61,0.0
2009-09-09,37.38,45.11,30.64,0.0
2009-09-10,36.76,44.42,29.73,0.0
2009-09-11,36.2,43.22,29.02,0.25
2009-09-12,34.58,41.48,27.18,1.72
2009-09-13,32.74,39.62,25.64,0.0
2009-09-14,33.68,41.07,26.78,0.0
2009-09-15,33.7,41.94,25.93,0.0
2009-09-16,33.79,41.9,26.14,0.0
2009-09-17,34.39,41.92,26.56,0.0
2009-09-18,34.21,41.52,27.31,0.0
2009-09-19,31.91,39.13,24.77,0.58
2009-09-20,30.81,38.39,23.85,0.0
2009-09-21,31.06,38.35,24.04,0.0
2009-09-22,33.13,40.88,25.76,0.0
2009-09-23,34.24,42.12,27.14,0.0
2009-09-24,35.23,42.73,28.11,0.0
2009-09-25,36.17,43.46,30.39,0.0
2009-09-26,34.9,42.76,27.66,0.01
2009-09-27,32.51,40.48,25.64,0.0
2009-09-28,32.78,40.78,25.14,0.03
2009-09-29,32.85,40.47,25.59,0.07
2009-09-30,33.02,40.21,26.94,0.0
2009-10-01,33.8,41.64,26.52,0.0
2009-10-02,33.74,41.46,25.85,0.0
2009-10-03,33.49,41.79,25.35,0.0
2009-10-04,33.05,40.32,27.16,0.0
2009-10-05,31.81,39.68,24.95,0.0
2009-10-06,32.35,39.81,27.21,0.0
2009-10-07,32.13,39.69,26.38,0.0
2009-10-08,31.94,39.08,26.99,0.0
2009-10-09,31.44,38.83,25.7,0.0
2009-10-10,31.03,38.26,24.28,0.0
2009-10-11,31.62,38.73,26.38,0.0
2009-10-12,31.78,39.27,24.81,0.0
2009-10-13,30.12,37.62,23.61,0.0
2009-10-14,28.68,36.56,20.81,0.0
2009-10-15,29.61,36.87,22.93,0.0
2009-10-16,30.0,37.7,22.78,0.0
2009-10-17,30.41,38.08,23.15,0.0
2009-10-18,29.88,37.31,23.34,0.0
2009-10-19,29.95,37.23,24.5,0.0
2009-10-20,30.05,36.94,25.22,0.0
2009-10-21,29.32,36.09,23.99,0.0
2009-10-22,28.79,35.53,21.36,0.0
2009-10-23,28.23,35.07,21.82,0.0
2009-10-24,29.17,36.01,22.12,0.0
2009-10-25,28.07,34.84,22.71,0.0
2009-10-26,27.77,35.32,20.84,0.0
2009-10-27,28.73,35.74,23.28,0.0
2009-10-28,28.93,35.89,22.19,0.0
2009-10-29,27.71,34.21,20.56,0.0
2009-10-30,28.12,35.29,20.89,0.0
2009-10-31,28.34,35.47,22.69,0.0
2009-11-01,28.12,35.23,21.27,0.0
2009-11-02,29.67,36.55,23.41,0.0
2009-11-03,29.81,36.31,23.91,0.0
2009-11-04,30.14,37.0,24.98,0.0
2009-11-05,28.43,35.28,22.29,0.0
2009-11-06,27.67,34.76,21.22,0.0
2009-11-07,28.26,35.47,22.74,0.0
2009-11-08,27.7,34.95,20.96,0.0
2009-11-09,28.66,35.58,23.23,0.0
2009-11-10,26.74,32.93,21.31,0.0
2009-11-11,26.17,31.85,20.7,0.0
2009-11-12,25.92,31.05,21.75,0.0
2009-11-13,24.74,31.76,18.64,0.0
2009-11-14,23.85,31.22,17.51,0.0
2009-11-15,23.72,32.14,16.09,0.0
2009-11-16,24.63,33.05,16.95,0.0
2009-11-17,25.07,33.17,18.16,0.0
2009-11-18,24.83,32.79,18.01,0.0
2009-11-19,24.41,32.25,17.45,0.0
2009-11-20,24.72,32.4,17.19,0.0
2009-11-21,24.71,31.55,18.94,0.0
2009-11-22,24.39,31.2,19.09,0.0
2009-11-23,24.94,31.81,19.42,0.0
2009-11-24,23.72,30.54,18.34,0.0
2009-11-25,22.92,31.05,16.75,0.0
2009-11-26,23.48,31.4,16.36,0.0
2009-11-27,24.78,32.27,18.02,0.0
2009-11-28,24.06,30.94,17.92,0.0
2009-11-29,23.43,29.46,17.83,0.0
2009-11-30,24.36,29.55,20.2,0.0
2009-12-01,24.2,30.21,20.01,0.0
2009-12-02,23.14,29.79,18.26,0.0
2009-12-03,22.5,28.87,17.42,0.0
2009-12-04,22.77,29.95,17.26,0.0
2009-12-05,23.02,30.74,16.78,0.0
2009-12-06,23.92,30.58,17.98,0.0
2009-12-07,23.96,30.34,17.79,0.0
2009-12-08,24.15,30.07,19.05,0.0
2009-12-09,23.2,28.79,18.69,0.0
2009-12-10,21.18,28.02,15.18,0.0
2009-12-11,22.76,28.96,17.8,0.25
2009-12-12,22.54,27.44,19.27,15.52
2009-12-13,22.14,25.84,18.53,21.97
2009-12-14,21.8,26.13,18.43,3.28
2009-12-15,21.14,27.39,16.73,0.0
2009-12-16,19.48,26.67,13.63,0.0
2009-12-17,19.85,27.07,13.79,0.01
2009-12-18,21.03,27.75,14.95,0.0
2009-12-19,21.32,26.29,16.65,0.15
2009-12-20,21.9,27.54,17.72,1.53
2009-12-21,20.06,26.62,14.92,1.0
2009-12-22,20.84,27.65,15.05,0.05
2009-12-23,21.42,27.05,15.74,0.0
2009-12-24,21.38,26.58,16.13,0.0
2009-12-25,21.47,27.33,17.56,0.06
2009-12-26,19.59,25.7,14.65,0.1
2009-12-27,18.36,24.38,12.84,0.0
2009-12-28,17.95,24.17,12.36,0.06
2009-12-29,18.74,25.77,12.93,0.0
2009-12-30,19.33,26.01,14.07,0.0
2009-12-31,20.1,25.91,14.95,0.0
2010-01-01,19.26,25.62,13.55,4.64
2010-01-02,17.11,23.25,11.89,0.0
2010-01-03,16.68,24.14,10.07,0.0
2010-01-04,18.45,26.11,12.29,0.0
2010-01-05,18.76,26.53,13.19,0.0
2010-01-06,18.0,26.61,11.7,0.0
2010-01-07,17.63,26.09,10.47,0.0
2010-01-08,19.39,26.86,13.17,0.0
2010-01-09,19.21,26.08,12.89,0.0
2010-01-10,18.9,25.38,13.62,0.0
2010-01-11,17.2,24.19,11.37,0.51
2010-01-12,17.09,25.17,10.08,0.0
2010-01-13,18.5,26.62,11.02,0.0
2010-01-14,18.2,25.49,11.05,0.0
2010-01-15,18.86,26.89,11.84,0.01
2010-01-16,19.01,27.02,12.09,0.0
2010-01-17,19.17,27.17,12.16,0.0
2010-01-18,20.43,28.23,13.83,0.0
2010-01-19,20.61,28.18,14.13,0.0
2010-01-20,21.58,29.03,15.83,0.04
2010-01-21,21.4,28.89,14.42,0.07
2010-01-22,20.95,28.47,14.55,0.04
2010-01-23,22.12,31.0,15.02,0.0
2010-01-24,21.19,29.72,15.11,0.11
2010-01-25,20.83,28.18,13.9,2.06
2010-01-26,22.13,29.28,15.48,0.0
2010-01-27,20.44,26.82,15.0,0.0
2010-01-28,16.99,24.89,10.16,0.0
2010-01-29,18.98,27.99,12.1,0.04
2010-01-30,20.19,29.9,12.77,0.0
2010-01-31,20.75,29.73,15.04,0.0
2010-02-01,20.92,29.78,13.89,0.83
2010-02-02,23.37,32.1,16.46,0.36
2010-02-03,23.53,31.88,16.27,0.06
2010-02-04,23.0,30.07,16.53,0.0
2010-02-05,22.04,27.37,17.42,0.0
2010-02-06,22.28,28.15,17.36,2.03
2010-02-07,19.84,24.7,15.51,25.81
2010-02-08,16.88,23.72,11.21,0.0
2010-02-09,17.02,25.28,9.79,0.01
2010-02-10,17.64,25.37,11.88,0.04
2010-02-11,18.87,27.05,12.13,0.02
2010-02-12,20.23,27.59,14.25,0.01
2010-02-13,20.67,29.06,13.14,0.01
2010-02-14,21.24,28.49,14.17,0.0
2010-02-15,21.62,29.73,13.53,0.0
2010-02-16,22.03,28.78,15.34,0.0
2010-02-17,22.25,29.37,15.44,0.0
2010-02-18,22.58,30.44,15.43,0.0
2010-02-19,23.81,30.78,16.36,0.0
2010-02-20,23.32,31.21,15.28,0.0
2010-02-21,22.17,30.53,15.87,0.0
2010-02-22,19.41,28.36,11.5,0.0
2010-02-23,22.95,32.97,14.03,0.0
2010-02-24,24.93,33.73,17.63,0.0
2010-02-25,23.75,32.6,16.82,0.0
2010-02-26,24.82,32.3,18.16,0.0
2010-02-27,26.51,32.9,20.33,0.43
2010-02-28,26.63,33.43,22.08,0.35
2010-03-01,26.17,31.95,20.73,3.62
2010-03-02,24.14,29.83,20.04,4.3
2010-03-03,22.38,28.17,16.52,1.8
2010-03-04,19.22,27.5,12.21,0.0
2010-03-05,21.29,30.22,14.15,0.0
2010-03-06,19.49,28.34,12.41,0.0
2010-03-07,22.86,33.28,13.78,0.0
2010-03-08,24.66,34.19,16.63,0.0
2010-03-09,25.49,34.47,17.18,0.0
2010-03-10,24.66,33.61,17.1,0.0
2010-03-11,26.19,35.37,18.65,0.0
2010-03-12,26.64,35.53,19.55,0.0
2010-03-13,27.12,35.79,20.47,0.0
2010-03-14,27.92,36.61,22.02,0.0
2010-03-15,27.74,37.07,20.26,0.0
2010-03-16,28.13,37.52,20.27,0.0
2010-03-17,29.0,37.54,21.61,0.0
2010-03-18,27.69,36.7,19.18,0.0
2010-03-19,27.13,35.93,18.31,0.0
2010-03-20,28.96,36.58,21.21,0.0
2010-03-21,28.92,37.51,21.83,0.0
2010-03-22,26.68,35.66,18.27,0.0
2010-03-23,26.13,35.72,17.94,0.0
2010-03-24,27.97,38.49,17.94,0.0
2010-03-25,29.16,38.07,20.42,0.0
2010-03-26,30.27,38.65,22.7,0.0
2010-03-27,30.69,38.84,22.77,0.0
2010-03-28,30.19,38.26,22.38,0.0
2010-03-29,29.6,38.0,21.84,0.0
2010-03-30,29.43,37.89,21.9,0.0
2010-03-31,30.35,39.41,21.93,0.0
2010-04-01,30.3,37.99,23.88,0.0
2010-04-02,26.38,35.84,19.23,0.0
2010-04-03,24.75,35.08,15.87,0.0
2010-04-04,25.86,35.79,16.03,0.0
2010-04-05,29.06,37.21,21.36,0.0
2010-04-06,29.44,37.59,19.76,0.0
2010-04-07,30.64,38.94,23.01,0.0
2010-04-08,31.63,39.89,23.05,0.0
2010-04-09,32.53,39.92,23.48,0.0
2010-04-10,32.07,38.85,26.37,0.0
2010-04-11,32.11,40.22,25.02,0.0
2010-04-12,32.03,40.55,24.04,0.0
2010-04-13,33.36,41.3,27.13,0.0
2010-04-14,33.58,41.28,25.97,0.0
2010-04-15,34.16,40.72,27.06,0.22
2010-04-16,32.55,38.04,27.47,0.05
2010-04-17,32.35,39.7,25.67,0.0
2010-04-18,33.02,40.79,25.8,0.0
2010-04-19,33.45,41.33,26.45,0.0
2010-04-20,28.04,36.42,20.59,0.0
2010-04-21,28.57,38.23,18.42,0.0
2010-04-22,31.85,40.99,23.01,0.0
2010-04-23,32.35,40.13,25.03,0.17
2010-04-24,32.66,39.71,24.94,0.05
2010-04-25,32.48,38.63,27.4,0.01
2010-04-26,32.0,40.01,24.97,0.0
2010-04-27,32.76,40.51,25.02,0.0
2010-04-28,34.12,41.45,27.8,0.0
2010-04-29,34.47,42.05,26.6,0.0
2010-04-30,33.09,40.47,27.35,31.83
2010-05-01,33.85,40.7,27.18,0.0
2010-05-02,34.47,41.32,27.9,0.0
2010-05-03,33.63,40.5,27.62,0.0
2010-05-04,34.05,40.89,27.92,0.01
2010-05-05,32.73,40.45,25.58,0.1
2010-05-06,31.85,37.9,25.22,0.0
2010-05-07,31.27,39.13,23.78,0.0
2010-05-08,30.85,38.4,23.69,0.0
2010-05-09,32.41,40.81,23.89,0.0
2010-05-10,33.69,41.62,26.09,0.0
2010-05-11,35.04,43.29,28.02,0.0
2010-05-12,35.62,43.84,28.37,0.0
2010-05-13,35.61,43.87,28.72,0.0
2010-05-14,36.86,44.67,29.46,0.0
2010-05-15,36.93,43.52,29.99,0.0
2010-05-16,36.06,42.23,30.6,0.0
2010-05-17,34.5,41.93,27.49,0.0
2010-05-18,34.22,41.3,26.59,0.0
2010-05-19,35.15,41.81,27.06,0.0
2010-05-20,36.75,43.45,31.25,0.0
2010-05-21,36.3,44.23,29.11,0.0
2010-05-22,36.39,44.19,30.35,0.0
2010-05-23,36.11,44.34,27.69,0.0
2010-05-24,36.9,45.12,29.5,0.0
2010-05-25,36.09,44.94,26.36,0.0
2010-05-26,35.6,44.61,27.71,0.0
2010-05-27,34.68,43.51,26.08,0.0
2010-05-28,34.87,43.06,26.28,0.0
2010-05-29,34.7,42.31,27.13,0.0
2010-05-30,35.02,42.25,27.79,0.0
2010-05-31,36.2,44.06,27.84,0.0
2010-06-01,37.53,45.71,29.12,0.0
2010-06-02,37.85,45.96,29.47,0.0
2010-06-03,35.78,43.21,29.73,0.01
2010-06-04,30.12,34.17,27.26,8.58
2010-06-05,32.44,40.4,24.79,1.7
2010-06-06,35.38,43.93,26.46,0.18
2010-06-07,35.75,44.12,26.4,1.56
2010-06-08,36.66,44.23,27.83,0.0
2010-06-09,36.72,43.68,28.62,0.0
2010-06-10,36.41,44.13,28.16,0.0
2010-06-11,36.82,44.44,28.32,0.0
2010-06-12,37.11,45.76,29.04,0.0
2010-06-13,37.67,47.63,28.73,0.0
2010-06-14,37.89,47.78,28.61,0.0
2010-06-15,37.9,46.79,29.17,0.0
2010-06-16,37.06,45.06,28.67,0.0
2010-06-17,36.67,44.17,29.09,0.0
2010-06-18,36.8,44.09,29.14,0.0
2010-06-19,36.62,44.68,28.59,0.0
2010-06-20,36.81,43.86,29.18,0.0
2010-06-21,37.31,44.24,30.21,0.0
2010-06-22,37.31,44.62,30.26,0.0
2010-06-23,37.59,45.71,31.06,0.83
2010-06-24,36.09,43.71,29.23,0.0
2010-06-25,34.02,42.55,26.24,0.0
2010-06-26,33.86,41.7,25.41,0.0
2010-06-27,35.93,42.6,28.85,0.0
2010-06-28,36.48,44.43,27.99,0.0
2010-06-29,38.41,45.95,29.66,0.0
2010-06-30,38.99,47.41,30.43,0.0
2010-07-01,38.84,48.64,28.98,0.0
2010-07-02,38.94,48.63,28.5,0.0
2010-07-03,38.23,47.3,30.08,0.0
2010-07-04,37.7,45.07,30.5,0.0
2010-07-05,37.16,43.58,30.11,0.0
2010-07-06,37.5,43.71,31.2,0.0
2010-07-07,36.99,42.7,31.66,0.0
2010-07-08,33.96,40.28,29.46,2.62
2010-07-09,34.89,40.81,29.25,0.0
2010-07-10,33.85,39.57,27.99,0.0
2010-07-11,35.03,40.95,28.66,0.0
2010-07-12,35.83,41.91,30.35,0.0
2010-07-13,36.91,45.08,28.52,0.22
2010-07-14,37.2,43.6,30.61,0.35
2010-07-15,36.35,42.43,30.18,0.0
2010-07-16,38.44,45.98,30.81,0.0
2010-07-17,39.86,47.56,31.08,0.0
2010-07-18,39.15,45.11,32.82,0.0
2010-07-19,39.8,46.15,33.42,0.0
2010-07-20,39.77,46.58,33.42,0.0
2010-07-21,38.73,46.53,31.5,0.0
2010-07-22,39.37,47.15,31.76,0.0
2010-07-23,39.41,45.63,33.25,0.0
2010-07-24,38.01,44.3,31.3,0.0
2010-07-25,36.68,42.81,29.89,0.0
2010-07-26,37.41,43.17,31.63,0.0
2010-07-27,38.37,44.32,32.07,0.0
2010-07-28,37.6,42.8,31.76,0.0
2010-07-29,37.5,43.53,31.38,0.0
2010-07-30,38.39,45.91,31.26,0.0
2010-07-31,37.9,45.57,29.36,0.0
2010-08-01,37.52,45.14,29.67,0.03
2010-08-02,37.76,45.07,29.01,0.98
2010-08-03,37.66,44.41,30.6,2.54
2010-08-04,37.25,43.4,30.39,0.17
2010-08-05,37.67,44.11,31.63,0.05
2010-08-06,38.35,45.27,31.4,0.0
2010-08-07,37.72,45.11,30.44,0.0
2010-08-08,37.71,45.2,29.61,0.0
2010-08-09,37.03,43.27,29.69,0.0
2010-08-10,37.36,43.36,30.5,0.0
2010-08-11,37.19,44.58,29.39,0.0
2010-08-12,37.81,46.22,29.85,0.0
2010-08-13,37.02,45.34,28.56,0.0
2010-08-14,37.44,46.18,29.47,0.0
2010-08-15,36.88,44.77,28.8,0.0
2010-08-16,36.34,43.82,28.63,0.0
2010-08-17,34.44,41.12,28.16,0.0
2010-08-18,35.92,43.81,27.42,0.0
2010-08-19,36.12,44.29,28.18,0.0
2010-08-20,35.68,43.75,28.7,0.0
2010-08-21,34.21,41.0,27.58,0.0
2010-08-22,33.61,40.7,27.09,0.0
2010-08-23,35.03,42.8,26.95,0.0
2010-08-24,37.3,44.26,30.49,0.0
2010-08-25,39.63,47.14,32.01,0.48
2010-08-26,38.2,44.68,31.32,2.18
2010-08-27,36.19,41.84,30.34,0.0
2010-08-28,36.33,43.0,28.95,0.0
2010-08-29,35.78,42.53,28.79,0.0
2010-08-30,36.26,44.06,29.15,0.05
2010-08-31,37.23,44.93,29.53,0.0
2010-09-01,37.15,44.33,29.95,0.0
2010-09-02,35.05,42.12,28.78,0.0
2010-09-03,37.22,45.26,29.42,0.0
2010-09-04,37.55,45.71,29.17,0.0
2010-09-05,36.57,43.94,28.68,0.0
2010-09-06,36.06,43.48,28.21,0.0
2010-09-07,35.78,42.64,28.6,0.0
2010-09-08,36.33,43.84,29.65,0.0
2010-09-09,36.26,44.19,28.36,0.0
2010-09-10,35.64,42.15,28.38,0.0
2010-09-11,35.05,42.01,27.27,0.0
2010-09-12,36.31,44.02,28.93,0.0
2010-09-13,34.89,43.89,26.61,0.78
2010-09-14,34.8,43.11,26.62,0.0
2010-09-15,35.28,42.93,28.08,0.0
2010-09-16,34.89,43.06,27.05,0.0
2010-09-17,34.09,41.73,26.42,0.0
2010-09-18,35.31,43.14,28.53,0.0
2010-09-19,34.7,42.27,27.9,0.0
2010-09-20,32.36,40.97,24.79,0.0
2010-09-21,30.4,39.06,22.81,0.0
2010-09-22,30.66,39.35,22.36,0.0
2010-09-23,31.53,40.18,23.55,0.0
2010-09-24,32.89,40.6,25.1,0.0
2010-09-25,32.57,39.88,25.19,1.3
2010-09-26,32.13,40.18,24.23,0.0
2010-09-27,30.89,38.76,23.42,0.0
2010-09-28,31.68,40.6,23.91,0.0
2010-09-29,32.31,40.55,24.22,0.0
2010-09-30,31.73,39.99,23.99,0.0
2010-10-01,32.5,39.92,24.4,0.0
2010-10-02,33.6,40.22,27.5,0.0
2010-10-03,33.46,40.97,26.21,0.0
2010-10-04,32.79,41.07,25.08,0.0
2010-10-05,34.44,42.33,27.3,0.0
2010-10-06,34.21,41.93,27.43,0.0
2010-10-07,34.38,41.35,28.86,0.0
2010-10-08,33.89,41.11,26.87,0.0
2010-10-09,34.89,42.2,28.81,0.0
2010-10-10,34.5,42.18,27.5,0.0
2010-10-11,34.9,42.58,27.58,0.0
2010-10-12,34.14,41.59,27.73,0.0
2010-10-13,33.23,40.83,26.32,0.0
2010-10-14,31.56,37.84,26.63,0.0
2010-10-15,30.7,37.55,24.54,0.0
2010-10-16,30.83,37.68,24.31,0.0
2010-10-17,31.21,38.61,24.56,0.0
2010-10-18,32.29,40.38,25.15,0.0
2010-10-19,32.15,40.24,24.74,0.0
2010-10-20,30.68,38.21,23.55,0.0
2010-10-21,32.15,40.91,24.77,0.0
2010-10-22,31.34,39.38,24.0,0.0
2010-10-23,31.24,38.86,25.18,0.0
2010-10-24,31.31,39.34,23.46,0.0
2010-10-25,29.68,37.32,22.27,0.0
2010-10-26,28.85,36.5,21.21,0.0
2010-10-27,28.21,35.18,20.86,0.0
2010-10-28,28.36,35.38,21.2,0.0
2010-10-29,28.28,35.01,22.2,0.0
2010-10-30,28.93,35.83,22.08,0.0
2010-10-31,28.38,34.31,21.97,0.0
2010-11-01,29.22,34.95,23.82,0.0
2010-11-02,28.3,34.25,22.57,0.0
2010-11-03,28.27,34.8,22.11,0.0
2010-11-04,27.52,34.26,21.94,0.0
2010-11-05,27.75,34.72,20.74,0.0
2010-11-06,27.99,34.58,22.13,0.0
2010-11-07,27.64,33.91,22.22,1.41
2010-11-08,27.44,33.8,21.82,0.0
2010-11-09,28.2,34.1,22.09,0.0
2010-11-10,28.04,34.17,22.17,0.0
2010-11-11,27.87,34.27,21.69,0.0
2010-11-12,26.03,32.16,20.75,0.0
2010-11-13,25.25,31.8,19.1,0.0
2010-11-14,26.46,32.31,21.11,0.04
2010-11-15,26.15,32.31,19.71,0.11
2010-11-16,25.94,32.22,21.25,0.0
2010-11-17,23.65,31.1,17.39,0.0
2010-11-18,22.91,31.05,15.77,0.0
2010-11-19,22.78,30.43,15.77,0.0
2010-11-20,23.33,30.13,18.61,0.0
2010-11-21,23.12,29.84,17.96,0.0
2010-11-22,23.41,30.42,17.09,0.0
2010-11-23,23.42,29.93,17.89,0.0
2010-11-24,23.46,30.22,17.38,1.26
2010-11-25,23.14,30.31,17.17,0.0
2010-11-26,22.6,30.63,15.7,0.0
2010-11-27,22.61,31.2,15.21,0.0
2010-11-28,22.8,30.8,16.14,0.0
2010-11-29,23.02,31.07,16.27,0.0
2010-11-30,22.35,31.21,15.63,0.0
2010-12-01,22.26,31.99,14.37,0.0
2010-12-02,22.66,32.43,15.31,0.0
2010-12-03,22.16,31.7,15.56,0.0
2010-12-04,22.13,32.02,14.82,0.0
2010-12-05,23.01,32.43,15.3,0.0
2010-12-06,22.51,30.05,15.71,0.0
2010-12-07,21.38,29.2,14.6,0.0
2010-12-08,21.18,29.0,14.85,0.0
2010-12-09,21.26,29.16,14.68,0.0
2010-12-10,21.22,28.68,15.07,0.0
2010-12-11,21.64,28.88,15.6,0.0
2010-12-12,22.72,30.21,18.18,0.0
2010-12-13,22.53,30.71,15.95,0.0
2010-12-14,22.07,30.57,16.39,0.0
2010-12-15,19.85,28.68,12.58,0.0
2010-12-16,20.91,29.64,13.3,0.0
2010-12-17,21.24,29.15,14.65,0.0
2010-12-18,20.88,29.1,14.0,0.0
2010-12-19,21.61,30.08,15.63,0.0
2010-12-20,20.35,28.86,13.19,0.0
2010-12-21,20.7,29.66,13.73,0.0
2010-12-22,20.81,30.44,12.96,0.0
2010-12-23,20.83,29.35,13.89,0.0
2010-12-24,20.36,27.42,14.51,0.0
2010-12-25,20.32,26.59,15.06,0.28
2010-12-26,19.74,26.55,13.9,0.06
2010-12-27,17.97,24.14,13.03,0.47
2010-12-28,17.67,25.32,11.78,0.75
2010-12-29,17.27,25.13,10.86,0.0
2010-12-30,16.82,25.1,10.51,0.0
2010-12-31,16.52,24.4,10.06,0.0
2011-01-01,17.62,25.05,12.76,0.0
2011-01-02,17.85,26.09,10.86,0.0
2011-01-03,18.31,26.1,11.78,0.0
2011-01-04,19.38,26.84,12.47,0.0
2011-01-05,20.0,26.55,13.74,0.0
2011-01-06,19.91,26.44,13.59,0.0
2011-01-07,21.31,29.45,14.62,0.0
2011-01-08,22.19,30.52,14.78,0.0
2011-01-09,21.32,28.48,14.81,0.0
2011-01-10,21.11,28.38,14.64,0.0
2011-01-11,20.87,27.86,16.15,0.08
2011-01-12,18.38,24.3,13.38,0.0
2011-01-13,16.19,23.31,10.34,0.0
2011-01-14,17.59,25.62,10.6,0.0
2011-01-15,19.29,26.33,13.64,0.0
2011-01-16,20.07,27.77,13.56,0.0
2011-01-17,21.02,28.07,14.49,0.0
2011-01-18,22.45,29.02,17.16,0.0
2011-01-19,21.35,27.1,15.59,0.0
2011-01-20,21.65,26.07,17.65,0.16
2011-01-21,20.86,24.27,18.06,3.06
2011-01-22,19.07,22.02,17.36,12.4
2011-01-23,18.32,21.59,15.94,4.68
2011-01-24,18.85,26.23,13.35,0.05
2011-01-25,18.1,25.97,11.71,0.51
2011-01-26,19.76,26.44,13.0,0.0
2011-01-27,21.18,28.02,14.18,0.0
2011-01-28,20.92,27.8,14.27,0.0
2011-01-29,22.07,29.0,16.21,0.0
2011-01-30,23.42,30.06,17.54,0.0
2011-01-31,22.39,28.84,16.65,0.0
2011-02-01,21.73,28.16,16.42,0.05
2011-02-02,22.45,29.56,16.79,0.0
2011-02-03,21.96,29.4,16.33,0.0
2011-02-04,18.75,25.98,13.4,0.0
2011-02-05,18.44,27.48,10.94,0.0
2011-02-06,21.12,29.28,14.68,0.0
2011-02-07,18.58,26.4,12.93,0.0
2011-02-08,18.79,28.19,11.01,0.0
2011-02-09,22.55,30.79,15.34,0.0
2011-02-10,20.89,28.24,14.76,0.0
2011-02-11,22.84,30.64,16.04,0.0
2011-02-12,20.19,26.12,13.36,1.92
2011-02-13,16.6,24.48,10.66,0.0
2011-02-14,15.39,23.42,8.07,0.0
2011-02-15,15.87,24.38,8.34,0.0
2011-02-16,17.26,25.64,9.8,0.0
2011-02-17,21.16,29.39,14.44,0.0
2011-02-18,20.01,27.77,13.87,0.0
2011-02-19,17.83,25.8,10.25,0.0
2011-02-20,20.78,29.97,12.78,0.0
2011-02-21,20.25,28.46,13.14,0.0
2011-02-22,21.56,29.17,14.82,0.0
2011-02-23,22.35,30.31,16.14,0.0
2011-02-24,23.71,32.31,16.81,0.0
2011-02-25,25.33,33.74,19.11,0.0
2011-02-26,25.8,33.57,18.67,0.0
2011-02-27,24.53,32.05,17.52,0.0
2011-02-28,24.62,32.06,18.31,0.0
2011-03-01,24.66,31.99,18.11,0.0
2011-03-02,23.65,31.47,17.85,0.0
2011-03-03,20.25,29.4,12.67,0.0
2011-03-04,18.8,27.94,10.77,0.0
2011-03-05,17.97,24.62,11.92,0.0
2011-03-06,18.63,25.03,13.81,0.02
2011-03-07,21.89,28.84,15.99,1.93
2011-03-08,23.93,32.23,16.15,0.0
2011-03-09,25.53,34.15,18.24,0.0
2011-03-10,27.35,35.96,19.16,0.0
2011-03-11,26.3,34.54,18.7,0.0
2011-03-12,26.47,35.77,19.62,0.0
2011-03-13,25.62,34.89,18.65,0.0
2011-03-14,24.7,33.95,16.87,0.0
2011-03-15,26.19,36.23,17.94,0.0
2011-03-16,25.64,36.75,16.06,0.0
2011-03-17,26.24,36.23,17.15,0.0
2011-03-18,26.46,35.92,18.68,0.0
2011-03-19,25.85,36.1,16.87,0.0
2011-03-20,25.89,35.35,17.23,0.0
2011-03-21,24.46,33.36,17.55,0.0
2011-03-22,26.22,35.35,17.6,0.0
2011-03-23,28.33,37.12,20.63,0.0
2011-03-24,29.01,37.97,19.38,0.0
2011-03-25,28.86,37.7,20.24,0.0
2011-03-26,28.27,38.45,19.25,0.0
2011-03-27,25.55,34.84,18.06,0.0
2011-03-28,24.07,33.63,15.92,0.0
2011-03-29,23.64,32.9,15.5,0.0
2011-03-30,25.73,35.51,16.79,0.0
2011-03-31,27.29,36.18,19.64,0.0
2011-04-01,27.89,37.31,19.16,0.0
2011-04-02,27.62,36.31,19.63,0.0
2011-04-03,28.62,36.45,20.35,0.0
2011-04-04,28.7,36.22,21.53,0.0
2011-04-05,29.09,36.08,22.27,0.0
2011-04-06,27.89,33.67,22.52,0.0
2011-04-07,28.22,35.89,22.19,0.0
2011-04-08,27.24,35.18,20.15,0.0
2011-04-09,28.72,36.81,21.03,0.0
2011-04-10,30.81,38.98,22.92,0.95
2011-04-11,27.38,30.28,24.43,0.91
2011-04-12,28.13,34.54,24.17,0.31
2011-04-13,30.12,36.61,24.12,0.0
2011-04-14,30.9,38.3,24.15,0.0
2011-04-15,31.07,37.2,24.55,0.0
2011-04-16,29.34,34.68,24.19,0.0
2011-04-17,29.35,36.02,22.88,0.0
2011-04-18,28.71,37.0,21.72,0.0
2011-04-19,27.94,36.97,19.17,0.0
2011-04-20,30.9,40.12,21.81,0.0
2011-04-21,31.34,39.16,23.23,0.0
2011-04-22,30.58,38.76,22.29,0.0
2011-04-23,31.13,39.7,21.97,0.0
2011-04-24,31.83,39.18,26.32,0.0
2011-04-25,30.8,38.23,22.99,0.0
2011-04-26,30.97,36.55,25.13,0.03
2011-04-27,32.32,39.05,26.19,2.68
2011-04-28,31.11,38.61,24.23,0.0
2011-04-29,29.67,38.28,21.42,0.0
2011-04-30,31.04,39.21,22.84,0.0
2011-05-01,30.63,37.1,24.14,5.56
2011-05-02,31.52,38.4,24.21,0.0
2011-05-03,31.28,38.32,24.87,0.0
2011-05-04,30.19,38.52,20.34,0.0
2011-05-05,32.94,41.32,24.69,0.0
2011-05-06,30.99,39.02,23.6,0.0
2011-05-07,32.45,40.56,23.94,0.0
2011-05-08,34.47,43.49,25.81,0.0
2011-05-09,35.11,44.39,25.6,0.0
2011-05-10,36.15,45.23,27.43,0.0
2011-05-11,35.29,43.96,26.85,0.0
2011-05-12,35.85,44.18,28.75,0.0
2011-05-13,35.53,43.11,27.44,0.0
2011-05-14,34.86,42.42,27.1,0.0
2011-05-15,33.52,40.92,26.43,0.0
2011-05-16,33.44,40.54,26.54,0.0
2011-05-17,34.33,41.49,27.0,0.0
2011-05-18,35.58,44.02,27.4,0.0
2011-05-19,36.33,45.82,26.99,0.0
2011-05-20,37.28,46.85,27.37,0.0
2011-05-21,37.69,47.54,28.29,0.0
2011-05-22,37.49,45.17,31.71,0.0
2011-05-23,37.12,45.99,29.38,0.0
2011-05-24,36.5,43.51,29.8,0.0
2011-05-25,35.98,44.44,28.18,0.0
2011-05-26,35.36,43.81,26.1,0.0
2011-05-27,34.87,42.17,28.2,0.0
2011-05-28,35.52,42.52,27.08,0.0
2011-05-29,34.75,41.26,27.6,0.0
2011-05-30,35.36,43.02,27.86,0.0
2011-05-31,37.53,46.34,29.23,0.0
2011-06-01,38.38,46.97,30.01,0.0
2011-06-02,38.55,46.95,30.15,0.0
2011-06-03,37.49,45.74,29.04,0.0
2011-06-04,35.39,43.25,27.57,0.0
2011-06-05,36.57,44.69,28.15,0.0
2011-06-06,36.99,45.04,28.44,0.0
2011-06-07,37.84,46.31,28.66,0.0
2011-06-08,39.99,49.06,32.0,0.0
2011-06-09,39.8,48.76,30.35,0.0
2011-06-10,40.04,48.69,31.71,0.0
2011-06-11,36.35,44.56,28.9,0.0
2011-06-12,34.53,44.59,25.61,0.0
2011-06-13,34.55,43.53,24.6,0.0
2011-06-14,36.17,44.82,27.09,0.0
2011-06-15,34.83,43.16,26.25,0.0
2011-06-16,35.18,43.71,26.32,0.0
2011-06-17,37.43,45.66,29.37,0.0
2011-06-18,38.22,46.97,29.84,0.0
2011-06-19,37.65,46.13,29.49,0.0
2011-06-20,39.79,47.8,31.41,0.0
2011-06-21,38.5,46.13,30.2,0.93
2011-06-22,38.28,46.25,29.82,0.0
2011-06-23,37.42,45.02,30.22,1.32
2011-06-24,36.94,44.32,28.56,0.0
2011-06-25,37.96,45.39,29.68,0.05
2011-06-26,39.68,47.35,32.27,0.0
2011-06-27,39.25,46.75,32.54,0.0
2011-06-28,38.24,46.58,30.01,0.0
2011-06-29,36.93,45.73,29.93,0.0
2011-06-30,38.22,45.56,32.23,0.0
2011-07-01,36.79,44.77,29.01,0.0
2011-07-02,36.16,43.34,28.73,0.0
2011-07-03,36.33,44.03,29.69,0.0
2011-07-04,38.22,46.14,30.23,0.0
2011-07-05,37.71,46.55,28.67,0.0
2011-07-06,37.31,44.78,28.73,0.0
2011-07-07,37.32,43.6,30.69,0.0
2011-07-08,36.68,44.67,29.38,0.0
2011-07-09,36.5,43.28,29.71,0.0
2011-07-10,36.73,43.1,29.68,1.04
2011-07-11,35.39,41.6,29.44,2.85
2011-07-12,34.62,40.91,28.19,1.2
2011-07-13,36.17,43.55,28.87,0.0
2011-07-14,38.58,46.79,30.05,0.0
2011-07-15,40.38,47.68,33.12,0.0
2011-07-16,40.53,47.69,33.52,0.0
2011-07-17,40.13,46.37,33.7,0.0
2011-07-18,39.38,45.47,32.26,0.0
2011-07-19,38.81,46.06,30.61,0.45
2011-07-20,39.06,46.8,31.46,0.52
2011-07-21,39.19,46.44,32.28,0.0
2011-07-22,39.39,46.45,32.97,0.0
2011-07-23,39.07,45.5,33.69,0.0
2011-07-24,38.66,45.76,32.48,0.0
2011-07-25,38.59,46.05,29.48,0.0
2011-07-26,35.57,39.74,31.79,0.0
2011-07-27,35.62,41.26,28.7,0.0
2011-07-28,36.75,43.73,29.07,0.0
2011-07-29,38.04,46.12,30.89,0.0
2011-07-30,37.59,44.7,30.63,0.0
2011-07-31,37.95,44.13,31.38,0.0
2011-08-01,38.35,44.81,32.16,0.05
2011-08-02,40.39,46.92,32.61,0.0
2011-08-03,40.63,47.03,33.3,0.0
2011-08-04,40.66,47.78,33.99,0.0
2011-08-05,40.82,48.47,33.22,0.0
2011-08-06,39.98,47.04,33.12,0.0
2011-08-07,40.41,46.39,34.25,1.18
2011-08-08,40.28,47.35,33.69,0.05
2011-08-09,39.38,46.63,31.76,0.45
2011-08-10,40.08,46.58,34.27,0.0
2011-08-11,37.99,44.22,32.95,1.2
2011-08-12,37.26,43.86,31.82,0.77
2011-08-13,37.55,44.14,31.42,1.39
2011-08-14,36.58,42.5,30.9,4.78
2011-08-15,37.62,44.4,31.48,0.0
2011-08-16,36.89,44.06,30.64,3.11
2011-08-17,37.03,44.54,29.7,0.0
2011-08-18,36.69,44.12,28.61,0.17
2011-08-19,37.53,44.4,29.77,0.0
2011-08-20,35.98,43.2,27.99,0.0
2011-08-21,35.6,42.56,28.46,0.0
2011-08-22,35.23,41.87,28.4,0.92
2011-08-23,35.33,41.89,28.3,0.0
2011-08-24,35.65,41.92,28.1,0.0
2011-08-25,35.57,40.59,29.77,0.0
2011-08-26,35.57,42.06,28.45,0.0
2011-08-27,36.45,42.19,30.53,0.0
2011-08-28,36.73,43.19,29.75,0.0
2011-08-29,38.24,44.38,32.74,0.15
2011-08-30,36.6,43.22,29.47,1.39
2011-08-31,36.83,43.47,30.23,0.06
2011-09-01,37.22,43.08,32.05,0.55
2011-09-02,36.36,42.46,29.69,0.02
2011-09-03,36.61,42.28,30.37,0.14
2011-09-04,36.86,42.41,30.8,0.0
2011-09-05,37.2,43.62,30.72,0.0
2011-09-06,38.24,45.2,32.17,0.0
2011-09-07,37.53,44.73,31.77,0.0
2011-09-08,35.66,43.34,27.89,0.0
2011-09-09,35.99,43.73,28.54,0.0
2011-09-10,35.59,43.81,28.2,0.0
2011-09-11,35.83,43.83,26.81,0.0
2011-09-12,35.66,43.18,28.07,0.0
2011-09-13,35.46,43.1,28.48,0.0
2011-09-14,35.61,42.46,28.8,0.0
2011-09-15,36.21,43.33,29.04,0.0
2011-09-16,37.32,45.32,29.36,0.0
2011-09-17,36.84,44.87,28.78,0.0
2011-09-18,35.49,43.53,27.95,0.0
2011-09-19,35.62,42.56,30.13,0.0
2011-09-20,33.25,41.11,26.01,0.0
2011-09-21,33.67,41.75,26.12,0.0
2011-09-22,34.25,42.23,26.48,0.0
2011-09-23,35.46,43.14,29.34,0.0
2011-09-24,35.25,42.94,28.44,0.0
2011-09-25,35.35,43.16,27.99,0.0
2011-09-26,35.66,43.5,28.83,0.0
2011-09-27,35.9,43.47,28.37,0.0
2011-09-28,34.38,41.67,27.31,0.0
2011-09-29,33.44,40.23,26.45,0.0
2011-09-30,33.94,40.94,26.76,0.0
2011-10-01,34.33,42.15,26.75,0.0
2011-10-02,33.87,41.85,26.08,0.0
2011-10-03,32.64,39.72,25.63,0.0
2011-10-04,32.85,39.47,26.51,0.0
2011-10-05,31.82,38.4,24.42,0.0
2011-10-06,30.48,36.37,24.37,0.0
2011-10-07,30.89,36.45,25.05,0.0
2011-10-08,31.9,37.0,26.37,0.0
2011-10-09,31.93,36.65,26.93,0.0
2011-10-10,31.5,37.59,26.47,0.12
2011-10-11,30.84,37.2,23.69,2.11
2011-10-12,30.55,36.06,24.03,1.16
2011-10-13,30.22,35.69,24.57,1.81
2011-10-14,31.06,37.82,25.3,0.0
2011-10-15,30.38,38.35,22.9,0.0
2011-10-16,30.84,39.32,22.78,0.0
2011-10-17,31.22,39.79,23.41,0.0
2011-10-18,30.36,38.9,22.48,0.0
2011-10-19,30.4,38.96,22.17,0.0
2011-10-20,30.96,39.23,24.05,0.0
2011-10-21,29.41,37.33,23.04,0.0
2011-10-22,27.31,34.95,20.6,0.0
2011-10-23,27.83,36.53,20.05,0.0
2011-10-24,28.5,35.78,21.45,0.0
2011-10-25,27.83,34.43,20.97,0.0
2011-10-26,28.8,35.25,22.29,0.0
2011-10-27,28.0,34.74,21.29,0.0
2011-10-28,27.78,35.19,21.12,0.0
2011-10-29,27.8,35.83,20.53,0.0
2011-10-30,27.58,35.97,20.04,0.0
2011-10-31,29.14,35.9,22.77,0.04
2011-11-01,28.05,33.05,24.27,7.2
2011-11-02,25.96,28.62,23.54,15.33
2011-11-03,26.36,30.95,23.18,1.72
2011-11-04,27.64,33.83,21.66,0.0
2011-11-05,27.97,33.88,21.75,0.0
2011-11-06,28.22,33.34,22.88,0.0
2011-11-07,28.04,33.13,22.95,3.92
2011-11-08,26.44,31.45,22.76,0.01
2011-11-09,24.18,30.46,19.23,0.17
2011-11-10,23.54,30.13,18.12,0.78
2011-11-11,25.41,32.21,19.67,0.21
2011-11-12,25.58,31.72,20.56,0.04
2011-11-13,26.09,33.09,20.57,0.0
2011-11-14,26.48,34.19,19.72,0.0
2011-11-15,26.91,33.63,21.02,0.0
2011-11-16,26.95,33.99,21.17,0.0
2011-11-17,26.62,33.84,20.65,0.0
2011-11-18,26.88,34.19,19.93,0.0
2011-11-19,26.0,33.16,18.72,0.0
2011-11-20,24.59,32.38,18.67,0.0
2011-11-21,23.54,31.94,17.14,0.0
2011-11-22,22.93,30.68,16.58,0.22
2011-11-23,23.33,29.6,16.46,0.0
2011-11-24,23.64,29.6,17.72,0.0
2011-11-25,23.13,29.28,17.74,0.0
2011-11-26,22.35,29.12,16.92,0.07
2011-11-27,23.01,30.07,17.19,0.0
2011-11-28,24.04,30.55,17.4,0.0
2011-11-29,24.5,30.67,18.52,0.0
2011-11-30,23.91,29.99,18.84,0.0
2011-12-01,22.27,28.91,17.56,0.0
2011-12-02,20.79,28.99,14.1,0.0
2011-12-03,22.15,31.34,14.84,0.0
2011-12-04,21.92,30.83,14.86,0.0
2011-12-05,21.93,30.65,15.27,0.0
2011-12-06,20.71,28.22,15.03,0.0
2011-12-07,19.34,26.22,13.45,0.0
2011-12-08,19.45,26.98,13.2,0.0
2011-12-09,20.11,27.87,13.82,0.0
2011-12-10,19.82,27.14,14.15,0.0
2011-12-11,20.5,28.75,14.88,0.0
2011-12-12,19.99,28.99,12.77,0.0
2011-12-13,20.39,28.68,13.44,0.0
2011-12-14,21.64,29.84,14.98,0.0
2011-12-15,21.41,29.35,14.75,0.0
2011-12-16,20.33,27.66,14.22,0.0
2011-12-17,20.81,28.93,15.65,0.0
2011-12-18,20.6,29.25,13.91,0.0
2011-12-19,20.31,28.17,13.17,0.0
2011-12-20,20.84,27.77,15.6,0.0
2011-12-21,19.64,26.53,14.35,0.0
2011-12-22,18.31,26.01,12.1,0.0
2011-12-23,17.57,24.76,10.97,0.0
2011-12-24,18.49,26.0,13.97,0.0
2011-12-25,18.22,26.89,11.91,0.0
2011-12-26,19.22,27.62,13.31,0.0
2011-12-27,20.64,30.29,13.91,0.0
2011-12-28,17.72,25.07,11.78,0.0
2011-12-29,16.68,24.02,10.77,0.0
2011-12-30,17.15,24.98,10.79,0.0
2011-12-31,19.33,26.67,12.87,0.0
2012-01-01,19.94,26.95,14.03,0.0
2012-01-02,20.83,27.01,15.36,0.0
2012-01-03,21.57,28.79,16.84,0.0
2012-01-04,19.82,27.28,14.2,0.0
2012-01-05,18.07,26.44,11.08,0.0
2012-01-06,19.85,28.23,13.21,0.0
2012-01-07,21.05,27.99,14.3,0.0
2012-01-08,21.95,28.62,14.77,0.0
2012-01-09,21.71,28.38,14.38,0.0
2012-01-10,22.53,29.01,15.43,0.0
2012-01-11,22.94,29.43,16.65,0.0
2012-01-12,22.2,29.3,15.44,0.0
2012-01-13,21.89,29.2,15.82,0.0
2012-01-14,22.16,29.88,15.99,0.06
2012-01-15,19.22,25.68,14.43,0.0
2012-01-16,17.4,25.03,11.1,0.0
2012-01-17,16.5,24.18,10.64,0.0
2012-01-18,17.0,25.66,9.33,0.0
2012-01-19,17.19,25.69,9.88,0.0
2012-01-20,19.71,28.15,12.22,0.06
2012-01-21,18.35,25.2,11.82,0.35
2012-01-22,13.68,21.04,7.61,0.0
2012-01-23,13.17,20.29,6.74,0.0
2012-01-24,13.58,20.99,6.61,0.0
2012-01-25,13.87,21.4,7.25,0.0
2012-01-26,15.44,23.28,8.45,0.0
2012-01-27,18.03,26.88,10.6,0.0
2012-01-28,19.38,26.89,13.01,0.0
2012-01-29,19.32,26.77,11.41,0.0
2012-01-30,20.36,28.35,14.4,0.0
2012-01-31,20.5,28.4,13.45,0.0
2012-02-01,20.68,28.44,13.9,0.0
2012-02-02,20.02,27.22,13.65,0.0
2012-02-03,18.85,26.46,11.72,0.0
2012-02-04,17.02,26.86,8.91,0.0
2012-02-05,17.95,25.46,11.25,0.0
2012-02-06,18.2,25.05,12.05,0.0
2012-02-07,18.05,25.24,11.83,0.0
2012-02-08,18.58,25.94,11.95,0.0
2012-02-09,20.9,29.0,14.74,0.0
2012-02-10,22.31,31.07,15.03,0.0
2012-02-11,23.56,31.97,17.66,0.0
2012-02-12,20.31,28.45,13.91,0.0
2012-02-13,19.64,29.1,12.08,0.0
2012-02-14,20.4,27.94,13.89,0.0
2012-02-15,21.1,28.56,14.27,0.0
2012-02-16,22.36,29.4,15.39,0.0
2012-02-17,23.0,29.99,16.47,0.0
2012-02-18,23.45,31.25,16.91,0.0
2012-02-19,23.37,31.23,16.94,0.0
2012-02-20,22.33,30.74,14.79,0.0
2012-02-21,17.75,26.05,12.13,0.0
2012-02-22,17.18,26.27,9.16,0.0
2012-02-23,18.38,27.1,10.61,0.0
2012-02-24,18.98,26.36,11.92,0.0
2012-02-25,21.34,28.72,13.67,0.0
2012-02-26,21.37,28.93,15.03,0.0
2012-02-27,21.31,30.54,13.47,0.0
2012-02-28,21.75,30.08,14.76,0.0
2012-02-29,21.58,29.85,14.87,0.0
2012-03-01,26.15,34.89,19.1,0.0
2012-03-02,26.16,34.27,19.78,0.0
2012-03-03,25.49,35.83,17.93,0.0
2012-03-04,18.56,25.14,13.42,0.0
2012-03-05,16.88,25.68,9.86,0.0
2012-03-06,17.5,27.61,8.98,0.0
2012-03-07,19.37,30.63,9.18,0.0
2012-03-08,21.37,31.29,12.12,0.0
2012-03-09,22.27,31.96,15.16,0.0
2012-03-10,20.64,30.42,13.38,0.0
2012-03-11,18.85,29.67,9.87,0.0
2012-03-12,20.9,31.92,11.38,0.0
2012-03-13,23.91,32.89,15.63,0.0
2012-03-14,25.49,34.11,16.75,0.0
2012-03-15,27.37,36.31,18.5,0.0
2012-03-16,26.82,36.6,18.0,0.0
2012-03-17,26.25,36.35,17.1,0.0
2012-03-18,25.16,35.4,17.0,0.0
2012-03-19,21.85,31.36,13.52,0.0
2012-03-20,24.16,32.25,16.75,0.0
2012-03-21,24.55,31.79,17.29,0.0
2012-03-22,25.18,32.2,17.26,0.0
2012-03-23,26.54,33.87,18.76,0.0
2012-03-24,26.57,33.66,18.97,0.0
2012-03-25,28.57,35.88,20.48,0.0
2012-03-26,28.86,36.14,22.76,0.0
2012-03-27,28.43,36.42,21.3,0.0
2012-03-28,29.23,37.65,22.05,0.0
2012-03-29,29.75,38.06,23.56,0.0
2012-03-30,28.59,36.86,21.0,0.0
2012-03-31,28.52,36.77,21.37,0.0
2012-04-01,30.22,39.05,22.34,0.0
2012-04-02,30.82,38.66,22.99,0.0
2012-04-03,30.98,37.79,24.15,0.0
2012-04-04,31.33,38.51,23.75,0.0
2012-04-05,31.67,38.95,26.21,0.0
2012-04-06,31.17,37.51,25.67,0.0
2012-04-07,31.34,39.69,23.72,0.0
2012-04-08,31.48,38.92,24.72,0.0
2012-04-09,32.05,39.62,23.99,0.0
2012-04-10,30.95,36.52,26.36,0.0
2012-04-11,31.54,39.66,23.98,0.0
2012-04-12,31.68,39.31,25.16,0.0
2012-04-13,30.27,36.87,23.47,0.24
2012-04-14,30.44,37.38,24.74,0.83
2012-04-15,30.4,36.86,23.26,2.5
2012-04-16,27.55,32.78,23.2,9.29
2012-04-17,25.15,32.16,20.63,6.69
2012-04-18,25.87,33.53,18.93,5.75
2012-04-19,25.39,31.52,19.4,8.03
2012-04-20,27.0,34.51,19.59,0.0
2012-04-21,28.7,36.74,22.22,0.0
2012-04-22,28.46,37.12,21.5,0.0
2012-04-23,29.04,35.89,23.56,0.0
2012-04-24,30.58,38.04,24.8,0.28
2012-04-25,31.46,39.14,24.83,0.0
2012-04-26,29.46,37.68,22.05,0.0
2012-04-27,30.09,39.57,20.68,0.0
2012-04-28,32.35,41.83,23.29,0.0
2012-04-29,32.39,41.02,23.51,0.0
2012-04-30,32.27,40.78,23.99,0.0
2012-05-01,32.44,40.73,24.14,0.0
2012-05-02,32.17,40.26,24.35,0.0
2012-05-03,34.18,42.49,27.14,0.0
2012-05-04,35.61,44.99,26.41,0.0
2012-05-05,35.38,43.86,27.3,0.0
2012-05-06,36.12,43.85,29.27,0.0
2012-05-07,35.79,42.05,29.02,0.0
2012-05-08,34.41,42.1,26.35,0.93
2012-05-09,33.6,40.39,27.22,0.0
2012-05-10,34.36,41.35,27.94,0.0
2012-05-11,35.73,43.59,27.86,0.04
2012-05-12,36.25,44.08,28.55,0.03
2012-05-13,33.96,42.29,26.97,9.53
2012-05-14,32.66,40.28,25.85,0.0
2012-05-15,33.31,41.19,25.23,0.1
2012-05-16,34.06,41.99,25.96,0.1
2012-05-17,34.04,42.79,26.35,0.0
2012-05-18,35.31,43.99,27.22,0.0
2012-05-19,35.46,43.54,26.81,0.0
2012-05-20,35.66,44.14,27.0,0.0
2012-05-21,36.66,45.17,28.87,0.0
2012-05-22,35.84,44.3,27.41,0.0
2012-05-23,35.07,43.32,27.53,0.0
2012-05-24,33.02,41.49,24.8,0.0
2012-05-25,32.21,40.16,24.96,0.0
2012-05-26,33.75,42.09,24.82,0.0
2012-05-27,33.64,41.34,25.13,0.0
2012-05-28,34.3,42.8,26.06,0.0
2012-05-29,34.95,43.56,25.62,0.0
2012-05-30,35.15,43.83,27.44,0.0
2012-05-31,35.82,44.07,27.53,0.0
2012-06-01,36.06,44.61,26.79,0.0
2012-06-02,37.13,46.26,29.17,0.0
2012-06-03,37.04,46.35,27.66,0.0
2012-06-04,37.82,47.62,28.37,0.0
2012-06-05,37.67,47.61,27.97,0.0
2012-06-06,36.77,45.87,28.25,0.0
2012-06-07,37.13,45.2,28.58,0.0
2012-06-08,36.96,44.8,28.73,0.0
2012-06-09,36.08,44.62,27.82,0.0
2012-06-10,36.78,46.49,28.29,0.0
2012-06-11,34.66,44.37,25.45,0.0
2012-06-12,36.81,46.24,26.38,0.0
2012-06-13,36.68,44.95,27.54,0.01
2012-06-14,36.37,44.56,27.06,0.32
2012-06-15,37.7,45.07,29.37,0.0
2012-06-16,38.29,45.63,29.84,0.0
2012-06-17,38.46,46.2,30.61,0.0
2012-06-18,37.93,45.79,31.07,0.0
2012-06-19,37.45,45.77,27.97,0.0
2012-06-20,37.29,45.97,28.05,0.0
2012-06-21,38.01,46.16,30.6,0.0
2012-06-22,37.95,46.46,29.63,0.0
2012-06-23,38.78,47.64,30.49,0.0
2012-06-24,36.93,44.8,28.39,0.05
2012-06-25,38.04,46.14,29.4,0.0
2012-06-26,37.23,44.89,30.76,0.0
2012-06-27,36.71,44.95,28.29,0.0
2012-06-28,38.21,45.29,32.0,0.3
2012-06-29,37.47,44.95,29.46,0.0
2012-06-30,36.97,43.87,30.16,0.0
2012-07-01,37.13,44.25,29.45,0.0
2012-07-02,37.87,45.49,29.67,0.0
2012-07-03,38.71,46.32,30.98,0.0
2012-07-04,40.11,48.98,31.48,0.0
2012-07-05,40.96,49.25,32.03,0.0
2012-07-06,38.71,45.77,32.06,1.88
2012-07-07,37.11,43.05,31.91,2.91
2012-07-08,36.96,43.09,31.06,0.41
2012-07-09,37.85,44.95,30.86,0.0
2012-07-10,38.11,45.16,30.46,0.0
2012-07-11,39.52,46.81,32.59,0.0
2012-07-12,39.59,45.49,33.85,0.0
2012-07-13,38.7,45.66,31.66,0.0
2012-07-14,37.56,44.8,30.31,0.0
2012-07-15,38.99,46.49,31.28,0.0
2012-07-16,38.02,45.39,31.04,2.6
2012-07-17,37.14,43.55,30.36,0.05
2012-07-18,36.8,43.41,29.95,0.29
2012-07-19,37.94,45.21,31.11,0.0
2012-07-20,39.49,46.98,31.86,0.0
2012-07-21,40.24,47.29,31.97,0.0
2012-07-22,40.26,46.55,33.63,0.0
2012-07-23,40.23,47.32,32.8,0.0
2012-07-24,40.19,47.02,32.87,0.0
2012-07-25,39.08,45.38,32.32,0.0
2012-07-26,38.93,45.02,32.98,0.0
2012-07-27,38.24,44.11,32.29,0.0
2012-07-28,38.17,44.78,31.32,0.0
2012-07-29,38.67,45.64,31.02,0.0
2012-07-30,38.18,45.28,30.71,0.0
2012-07-31,37.92,44.33,31.44,0.0
2012-08-01,36.99,43.25,32.89,0.0
2012-08-02,37.68,44.33,31.89,0.0
2012-08-03,37.97,44.56,31.55,0.93
2012-08-04,39.22,46.41,33.26,0.0
2012-08-05,37.9,44.3,32.14,2.02
2012-08-06,34.43,38.72,30.84,3.43
2012-08-07,34.65,40.89,28.9,0.99
2012-08-08,35.66,42.55,28.68,0.0
2012-08-09,37.44,44.72,30.12,0.0
2012-08-10,38.86,46.5,31.85,0.0
2012-08-11,39.72,47.21,32.33,0.5
2012-08-12,37.33,44.38,30.12,2.97
2012-08-13,36.72,43.56,29.79,1.51
2012-08-14,36.96,43.41,30.19,0.8
2012-08-15,36.23,42.73,30.24,2.46
2012-08-16,35.36,42.25,28.94,0.95
2012-08-17,35.36,42.24,28.02,0.72
2012-08-18,35.58,42.27,28.55,0.49
2012-08-19,36.82,44.0,29.72,0.0
2012-08-20,38.16,45.87,31.44,0.0
2012-08-21,39.31,46.8,32.6,0.0
2012-08-22,37.28,42.94,31.49,0.0
2012-08-23,36.62,43.3,30.58,2.88
2012-08-24,34.21,40.86,27.62,0.0
2012-08-25,34.11,42.26,26.24,0.0
2012-08-26,35.17,43.42,27.46,0.34
2012-08-27,35.99,43.19,28.64,0.05
2012-08-28,37.19,44.34,29.67,0.0
2012-08-29,37.55,44.19,30.64,0.0
2012-08-30,37.73,44.92,30.27,0.0
2012-08-31,37.66,46.22,29.21,0.0
2012-09-01,38.33,46.16,29.79,0.0
2012-09-02,36.36,41.95,30.76,0.0
2012-09-03,37.21,44.35,29.28,0.0
2012-09-04,37.62,44.4,30.76,0.0
2012-09-05,36.94,43.18,29.65,0.03
2012-09-06,37.18,43.65,30.7,0.26
2012-09-07,37.31,45.07,29.8,0.0
2012-09-08,36.9,44.38,29.93,0.0
2012-09-09,37.17,44.21,30.2,0.0
2012-09-10,37.56,44.3,31.21,0.0
2012-09-11,37.02,44.81,29.61,0.0
2012-09-12,37.21,44.49,31.09,0.0
2012-09-13,38.02,45.31,31.52,0.0
2012-09-14,37.32,44.91,30.34,0.0
2012-09-15,35.69,42.93,28.9,0.0
2012-09-16,34.83,41.65,27.52,0.39
2012-09-17,34.84,42.03,27.82,0.0
2012-09-18,33.93,41.56,26.43,0.0
2012-09-19,34.04,41.11,26.84,0.0
2012-09-20,34.42,40.83,28.08,0.29
2012-09-21,34.71,40.67,28.66,0.0
2012-09-22,34.13,40.3,27.89,0.0
2012-09-23,32.72,39.6,25.8,0.0
2012-09-24,32.16,39.12,25.35,0.0
2012-09-25,31.86,39.04,25.18,1.36
2012-09-26,31.92,38.92,24.69,0.0
2012-09-27,32.79,38.83,26.62,0.0
2012-09-28,33.48,39.72,26.31,0.0
2012-09-29,34.35,40.43,28.49,0.0
2012-09-30,34.03,40.28,27.64,0.0
2012-10-01,33.79,39.8,27.37,0.0
2012-10-02,33.17,40.05,26.08,0.0
2012-10-03,32.73,40.35,25.64,0.0
2012-10-04,32.02,39.12,24.61,0.0
2012-10-05,31.56,38.59,23.69,0.0
2012-10-06,31.47,38.69,23.38,0.0
2012-10-07,31.04,38.83,22.57,0.0
2012-10-08,31.65,39.84,23.32,0.0
2012-10-09,30.49,38.72,22.91,0.0
2012-10-10,31.37,39.21,24.28,0.0
2012-10-11,30.58,39.49,21.62,0.0
2012-10-12,31.92,40.58,24.0,0.0
2012-10-13,31.69,40.34,24.34,0.0
2012-10-14,31.57,39.62,25.32,0.0
2012-10-15,30.82,38.06,24.61,0.0
2012-10-16,31.16,37.83,26.01,0.0
2012-10-17,29.68,36.73,22.79,0.0
2012-10-18,29.12,36.22,22.04,1.82
2012-10-19,28.61,35.47,21.71,0.0
2012-10-20,28.93,35.92,22.19,0.0
2012-10-21,29.6,36.27,23.91,0.0
2012-10-22,28.77,35.96,21.89,0.0
2012-10-23,28.9,36.53,22.03,0.0
2012-10-24,28.81,35.73,22.42,0.0
2012-10-25,28.82,36.03,21.31,0.0
2012-10-26,29.21,36.05,23.54,0.0
2012-10-27,29.32,36.39,23.42,0.0
2012-10-28,29.15,36.24,22.74,0.0
2012-10-29,28.26,34.82,21.2,0.0
2012-10-30,28.06,34.49,22.1,0.0
2012-10-31,27.83,34.23,22.14,0.0
2012-11-01,27.23,33.91,21.26,0.0
2012-11-02,27.08,33.47,21.05,0.0
2012-11-03,26.9,33.15,20.69,0.0
2012-11-04,27.17,33.78,20.76,0.0
2012-11-05,27.52,34.3,21.36,0.0
2012-11-06,27.4,34.35,20.87,0.0
2012-11-07,26.9,33.29,21.76,0.0
2012-11-08,26.89,33.39,22.13,0.0
2012-11-09,26.86,33.72,21.13,0.0
2012-11-10,27.61,34.53,22.2,0.0
2012-11-11,28.04,35.58,22.09,0.0
2012-11-12,28.11,35.1,23.05,0.0
2012-11-13,27.81,34.87,21.01,0.0
2012-11-14,27.03,34.24,20.28,0.0
2012-11-15,26.87,33.8,20.31,0.0
2012-11-16,27.03,34.32,19.89,0.0
2012-11-17,26.43,34.17,20.22,0.0
2012-11-18,24.93,32.68,18.57,0.0
2012-11-19,24.56,31.58,18.61,0.0
2012-11-20,23.87,30.23,17.08,0.0
2012-11-21,24.77,31.35,18.57,0.0
2012-11-22,23.81,30.38,18.43,0.0
2012-11-23,24.19,31.18,17.8,0.0
2012-11-24,24.81,30.96,20.17,0.0
2012-11-25,25.17,31.31,19.75,0.0
2012-11-26,25.48,31.41,19.35,0.0
2012-11-27,24.56,30.75,19.52,0.0
2012-11-28,24.34,30.77,19.28,0.06
2012-11-29,23.89,30.52,17.95,0.0
2012-11-30,22.72,25.93,19.58,3.74
2012-12-01,21.22,26.67,16.18,0.63
2012-12-02,21.86,27.45,16.37,0.85
2012-12-03,22.5,27.14,17.87,2.5
2012-12-04,22.07,26.36,17.74,0.01
2012-12-05,22.82,28.16,17.75,0.0
2012-12-06,22.95,27.43,19.11,0.0
2012-12-07,24.29,30.51,19.31,0.08
2012-12-08,23.91,30.46,18.57,0.02
2012-12-09,24.01,31.29,18.7,0.0
2012-12-10,22.71,30.23,16.78,0.0
2012-12-11,22.61,30.92,15.99,0.0
2012-12-12,24.3,30.95,19.72,0.0
2012-12-13,20.64,27.33,15.29,0.0
2012-12-14,20.62,27.48,14.06,0.04
2012-12-15,22.22,28.35,17.69,0.14
2012-12-16,22.36,29.06,17.44,0.0
2012-12-17,22.18,28.0,17.77,0.11
2012-12-18,23.0,28.63,17.8,0.06
2012-12-19,22.59,28.79,17.46,0.05
2012-12-20,21.75,28.8,15.69,0.0
2012-12-21,22.36,29.48,16.46,0.0
2012-12-22,23.17,31.08,16.35,0.0
2012-12-23,23.63,32.2,16.51,0.0
2012-12-24,24.63,32.92,17.74,0.0
2012-12-25,25.28,33.09,18.91,0.0
2012-12-26,23.32,29.17,18.79,0.0
2012-12-27,22.1,28.0,17.53,0.03
2012-12-28,20.14,25.85,16.11,0.0
2012-12-29,19.2,25.3,14.72,0.0
2012-12-30,18.17,25.67,12.99,0.0
2012-12-31,17.55,25.16,11.21,0.0
2013-01-01,18.65,26.98,11.76,0.0
2013-01-02,19.04,26.25,13.14,0.0
2013-01-03,19.19,26.77,13.3,0.0
2013-01-04,20.12,28.02,13.58,0.0
2013-01-05,19.72,27.04,13.75,0.0
2013-01-06,21.15,27.92,15.53,0.0
2013-01-07,21.4,28.16,14.8,0.0
2013-01-08,20.27,27.43,14.0,0.0
2013-01-09,20.95,28.05,15.06,0.0
2013-01-10,21.29,28.65,15.88,0.0
2013-01-11,19.97,26.54,15.72,0.0
2013-01-12,18.48,25.93,13.0,0.0
2013-01-13,18.64,26.52,11.93,0.0
2013-01-14,18.24,24.85,12.85,0.0
2013-01-15,16.27,22.87,11.21,0.0
2013-01-16,15.02,22.73,8.86,0.0
2013-01-17,15.1,22.83,9.65,0.0
2013-01-18,15.07,23.09,8.75,0.0
2013-01-19,16.7,25.63,9.7,0.0
2013-01-20,17.98,26.79,10.7,0.0
2013-01-21,19.62,28.0,13.58,0.0
2013-01-22,21.44,29.64,14.23,0.0
2013-01-23,20.84,28.47,14.95,0.0
2013-01-24,19.56,28.14,12.53,0.03
2013-01-25,20.67,29.15,12.93,0.0
2013-01-26,20.54,27.74,13.86,0.0
2013-01-27,21.67,29.09,14.71,0.0
2013-01-28,22.83,30.3,15.48,0.0
2013-01-29,21.3,28.44,15.79,0.0
2013-01-30,21.15,28.34,13.99,0.0
2013-01-31,22.41,29.52,15.61,0.0
2013-02-01,22.71,28.9,17.23,0.0
2013-02-02,22.86,28.77,18.28,1.09
2013-02-03,19.77,25.55,14.48,0.51
2013-02-04,17.07,24.83,12.16,0.02
2013-02-05,17.28,26.04,9.52,0.0
2013-02-06,19.15,28.1,10.99,0.0
2013-02-07,19.23,27.72,11.4,0.0
2013-02-08,21.11,30.03,13.44,0.0
2013-02-09,21.32,30.8,13.27,0.0
2013-02-10,22.24,31.53,14.35,0.0
2013-02-11,23.3,31.11,15.92,0.0
2013-02-12,22.29,29.68,14.57,0.0
2013-02-13,23.28,30.19,16.88,0.11
2013-02-14,22.29,30.15,15.57,0.0
2013-02-15,20.21,30.48,11.48,0.0
2013-02-16,21.39,29.4,13.98,0.0
2013-02-17,22.8,31.06,14.99,0.09
2013-02-18,24.27,31.5,18.93,0.22
2013-02-19,24.31,31.62,16.05,0.0
2013-02-20,24.01,31.2,16.49,0.0
2013-02-21,24.37,32.03,17.37,0.0
2013-02-22,20.74,28.61,13.79,0.0
2013-02-23,22.09,31.52,13.55,0.0
2013-02-24,22.73,30.76,15.83,0.0
2013-02-25,21.83,29.67,16.08,0.0
2013-02-26,20.23,29.16,11.85,0.0
2013-02-27,21.39,28.51,14.48,0.0
2013-02-28,22.76,29.22,16.23,0.0
2013-03-01,23.91,30.77,16.49,0.0
2013-03-02,23.66,31.9,15.93,0.0
2013-03-03,24.37,32.88,16.86,0.0
2013-03-04,26.95,36.13,18.01,0.0
2013-03-05,27.66,36.64,19.81,0.0
2013-03-06,26.26,34.86,18.81,0.0
2013-03-07,25.01,33.01,17.21,0.0
2013-03-08,24.15,32.04,17.92,0.0
2013-03-09,24.37,34.09,16.02,0.0
2013-03-10,27.22,35.65,19.67,0.0
2013-03-11,28.32,35.23,23.13,0.0
2013-03-12,24.11,31.49,16.97,0.0
2013-03-13,22.08,32.66,12.49,0.0
2013-03-14,24.32,33.71,15.5,0.0
2013-03-15,26.45,34.99,18.94,0.0
2013-03-16,26.6,35.04,17.87,0.0
2013-03-17,26.26,34.6,18.69,0.0
2013-03-18,25.17,33.05,17.9,0.0
2013-03-19,25.69,33.33,18.45,0.0
2013-03-20,26.57,34.69,18.59,0.0
2013-03-21,26.44,33.79,20.33,0.15
2013-03-22,25.47,32.18,18.98,0.0
2013-03-23,23.01,32.67,13.32,0.0
2013-03-24,24.98,32.44,18.21,0.0
2013-03-25,25.04,33.4,19.57,5.67
2013-03-26,22.09,29.8,16.13,0.42
2013-03-27,21.82,30.63,13.47,0.0
2013-03-28,24.64,33.07,16.95,0.0
2013-03-29,26.4,34.07,19.46,0.0
2013-03-30,25.68,34.42,16.36,0.0
2013-03-31,28.12,36.77,19.94,0.0
2013-04-01,27.97,36.71,20.08,0.0
2013-04-02,27.17,36.47,19.06,0.0
2013-04-03,28.37,38.15,20.03,0.0
2013-04-04,28.96,37.08,20.59,0.0
2013-04-05,28.41,36.42,20.72,0.0
2013-04-06,28.24,35.44,21.32,0.39
2013-04-07,25.16,29.52,20.65,4.35
2013-04-08,24.54,31.53,18.06,0.0
2013-04-09,26.76,34.48,18.75,0.0
2013-04-10,28.75,36.19,20.92,0.0
2013-04-11,29.04,36.6,20.93,0.0
2013-04-12,29.23,37.31,20.62,0.0
2013-04-13,29.7,37.53,21.42,0.0
2013-04-14,30.62,38.2,22.45,0.0
2013-04-15,31.9,39.94,24.49,0.0
2013-04-16,32.4,40.45,24.33,0.0
2013-04-17,33.8,41.11,27.82,0.0
2013-04-18,34.3,42.51,26.25,0.0
2013-04-19,35.26,42.6,27.71,0.0
2013-04-20,35.8,43.45,28.2,0.0
2013-04-21,35.83,42.14,29.68,0.9
2013-04-22,33.66,39.15,27.9,0.84
2013-04-23,31.98,36.49,27.15,1.79
2013-04-24,28.04,30.43,25.27,6.83
2013-04-25,28.58,34.73,22.25,0.01
2013-04-26,25.22,30.35,21.85,10.28
2013-04-27,27.17,32.97,21.82,2.61
2013-04-28,26.61,30.64,22.87,4.62
2013-04-29,25.49,28.62,22.0,1.09
2013-04-30,29.03,34.71,23.55,0.66
2013-05-01,29.05,33.64,24.29,10.93
2013-05-02,30.75,36.78,24.18,0.11
2013-05-03,31.47,37.91,25.02,0.0
2013-05-04,32.59,39.49,26.59,0.0
2013-05-05,31.56,38.87,23.92,0.0
2013-05-06,31.96,39.43,25.43,0.0
2013-05-07,31.02,38.97,22.9,0.0
2013-05-08,31.87,39.61,24.99,0.0
2013-05-09,32.87,39.25,27.59,0.0
2013-05-10,30.87,38.29,23.83,0.0
2013-05-11,30.14,39.45,20.21,0.0
2013-05-12,32.98,41.78,23.58,0.0
2013-05-13,34.27,42.22,24.74,0.0
2013-05-14,33.93,43.47,23.66,0.0
2013-05-15,35.6,44.41,27.32,0.0
2013-05-16,35.58,43.94,27.44,0.0
2013-05-17,36.29,45.03,28.34,0.0
2013-05-18,32.62,41.08,24.95,0.0
2013-05-19,29.25,38.66,19.45,0.0
2013-05-20,31.14,39.64,22.77,0.0
2013-05-21,33.13,40.98,25.23,0.0
2013-05-22,32.85,40.66,23.99,0.0
2013-05-23,34.42,42.15,26.05,0.0
2013-05-24,31.68,39.87,23.65,0.0
2013-05-25,31.4,40.15,23.56,0.0
2013-05-26,33.56,41.84,24.68,0.0
2013-05-27,34.33,42.79,24.87,0.1
2013-05-28,35.92,43.79,27.32,0.0
2013-05-29,36.25,43.21,28.5,0.0
2013-05-30,35.79,41.75,29.96,0.0
2013-05-31,34.62,42.09,26.97,0.0
2013-06-01,34.81,42.65,26.5,0.07
2013-06-02,35.38,43.49,28.57,0.07
2013-06-03,34.41,41.6,26.75,0.0
2013-06-04,34.87,40.88,28.07,0.06
2013-06-05,35.96,42.89,28.61,0.26
2013-06-06,35.5,41.34,30.23,0.0
2013-06-07,37.33,44.75,29.44,0.0
2013-06-08,36.13,44.16,29.37,0.0
2013-06-09,35.45,45.2,26.34,0.0
2013-06-10,34.34,43.12,25.58,0.0
2013-06-11,35.0,43.67,27.31,0.0
2013-06-12,32.61,41.16,24.64,0.11
2013-06-13,33.76,42.55,24.16,0.0
2013-06-14,34.59,40.76,29.41,0.0
2013-06-15,34.83,43.88,26.87,0.0
2013-06-16,38.47,47.41,29.48,0.0
2013-06-17,38.29,47.31,28.88,0.0
2013-06-18,37.35,45.08,29.82,0.0
2013-06-19,37.7,45.6,31.02,0.1
2013-06-20,36.44,44.65,27.62,0.0
2013-06-21,35.65,43.94,27.83,0.0
2013-06-22,35.94,42.9,28.42,0.0
2013-06-23,37.67,45.1,30.09,0.0
2013-06-24,38.43,46.47,30.23,0.0
2013-06-25,38.68,47.24,30.28,0.0
2013-06-26,38.92,47.11,32.38,0.0
2013-06-27,36.87,45.2,28.66,0.09
2013-06-28,36.7,44.48,29.07,0.0
2013-06-29,37.93,45.73,30.61,0.0
2013-06-30,36.8,44.69,28.65,0.0
2013-07-01,37.37,44.23,30.94,0.0
2013-07-02,38.28,44.53,31.8,0.0
2013-07-03,38.27,45.6,30.0,0.02
2013-07-04,38.19,45.77,31.14,0.0
2013-07-05,38.26,45.85,29.6,0.0
2013-07-06,39.23,46.31,32.2,0.0
2013-07-07,39.05,45.81,30.89,0.0
2013-07-08,40.6,47.83,33.55,0.0
2013-07-09,39.8,46.08,32.73,0.0
2013-07-10,38.73,45.14,32.65,0.0
2013-07-11,38.72,45.33,31.75,0.0
2013-07-12,39.32,46.66,31.48,0.0
2013-07-13,39.19,45.9,31.45,0.0
2013-07-14,37.21,42.9,31.09,0.0
2013-07-15,37.78,44.47,30.83,0.0
2013-07-16,38.72,43.33,32.94,0.0
2013-07-17,39.3,45.54,32.99,0.0
2013-07-18,38.27,45.52,31.25,0.0
2013-07-19,37.47,45.12,31.06,0.0
2013-07-20,40.4,47.12,32.64,0.03
2013-07-21,38.69,46.13,30.89,2.35
2013-07-22,38.96,46.82,31.18,0.34
2013-07-23,40.19,46.24,34.09,1.33
2013-07-24,39.55,45.83,32.92,0.0
2013-07-25,40.35,47.68,32.66,0.0
2013-07-26,39.06,46.2,32.26,0.0
2013-07-27,39.2,47.75,31.15,0.0
2013-07-28,38.41,45.28,32.04,0.0
2013-07-29,38.29,44.27,31.93,0.0
2013-07-30,33.87,41.54,27.94,14.41
2013-07-31,34.22,41.93,27.66,0.77
2013-08-01,35.23,42.03,28.7,0.06
2013-08-02,32.58,35.58,29.68,1.25
2013-08-03,30.59,33.09,28.02,0.7
2013-08-04,31.3,35.67,26.61,0.54
2013-08-05,34.17,39.58,27.86,0.01
2013-08-06,36.0,41.66,30.08,0.01
2013-08-07,36.06,41.32,30.27,0.0
2013-08-08,35.73,39.85,31.56,0.0
2013-08-09,36.91,43.21,30.67,0.0
2013-08-10,38.74,44.7,32.36,0.0
2013-08-11,39.08,44.92,32.3,0.0
2013-08-12,37.21,43.93,30.11,0.0
2013-08-13,37.85,43.22,31.24,0.0
2013-08-14,34.7,40.49,30.34,0.01
2013-08-15,35.82,41.98,29.54,0.2
2013-08-16,37.25,43.29,31.33,3.31
2013-08-17,36.53,42.29,30.77,0.0
2013-08-18,36.72,43.25,30.01,0.0
2013-08-19,36.19,42.71,29.78,0.53
2013-08-20,35.89,43.03,29.04,0.04
2013-08-21,35.66,42.22,29.3,0.45
2013-08-22,36.26,42.84,29.02,0.53
2013-08-23,36.32,42.95,29.17,0.0
2013-08-24,37.02,43.67,29.77,0.0
2013-08-25,36.66,43.32,29.46,0.0
2013-08-26,35.96,43.32,28.25,0.0
2013-08-27,36.48,44.81,28.31,0.0
2013-08-28,36.13,42.58,28.65,2.14
2013-08-29,35.82,42.91,28.03,0.0
2013-08-30,34.82,40.6,28.04,0.0
2013-08-31,35.38,41.83,28.5,0.93
2013-09-01,35.52,41.91,28.56,0.0
2013-09-02,35.0,41.31,28.31,0.0
2013-09-03,35.13,42.02,28.61,0.0
2013-09-04,36.21,43.67,28.59,0.0
2013-09-05,35.8,42.5,28.96,0.64
2013-09-06,34.52,41.58,27.52,0.0
2013-09-07,35.0,42.05,27.55,0.0
2013-09-08,34.86,41.95,27.34,0.21
2013-09-09,34.6,41.02,27.58,0.2
2013-09-10,33.92,40.7,27.11,0.0
2013-09-11,34.32,41.44,27.0,0.0
2013-09-12,32.77,39.59,26.12,0.0
2013-09-13,32.51,38.93,25.91,0.0
2013-09-14,34.55,40.66,27.94,0.0
2013-09-15,36.53,42.92,29.59,0.02
2013-09-16,36.53,43.4,29.38,0.5
2013-09-17,35.89,43.04,28.37,0.0
2013-09-18,36.82,43.82,30.1,0.0
2013-09-19,36.09,42.84,28.22,0.0
2013-09-20,35.77,43.05,29.1,0.0
2013-09-21,36.47,43.85,30.27,0.0
2013-09-22,35.77,43.36,28.91,0.0
2013-09-23,35.16,42.41,29.4,0.17
2013-09-24,34.28,42.06,27.17,0.0
2013-09-25,32.29,39.36,25.52,0.0
2013-09-26,33.08,40.27,26.28,0.0
2013-09-27,31.42,38.91,25.38,0.0
2013-09-28,31.63,38.38,25.88,0.0
2013-09-29,31.16,38.35,24.47,0.0
2013-09-30,30.66,37.92,23.49,0.0
2013-10-01,31.37,38.97,23.62,0.0
2013-10-02,30.45,38.35,23.41,0.0
2013-10-03,30.9,38.7,23.66,0.0
2013-10-04,32.26,39.98,25.47,0.0
2013-10-05,32.76,41.18,25.34,0.0
2013-10-06,33.7,42.25,25.61,0.0
2013-10-07,33.26,40.77,26.0,0.0
2013-10-08,31.48,38.98,23.33,0.18
2013-10-09,32.9,39.98,25.22,0.0
2013-10-10,32.58,39.62,25.44,1.44
2013-10-11,32.09,38.66,26.35,7.74
2013-10-12,31.55,37.91,25.62,0.58
2013-10-13,31.13,36.8,25.86,0.79
2013-10-14,31.2,36.55,26.33,0.16
2013-10-15,30.79,37.79,25.62,0.0
2013-10-16,30.53,39.35,22.92,0.0
2013-10-17,29.84,37.22,22.86,0.0
2013-10-18,29.98,36.73,22.97,0.0
2013-10-19,30.28,36.94,25.12,0.0
2013-10-20,30.61,38.03,24.03,0.0
2013-10-21,30.11,37.92,22.9,0.0
2013-10-22,28.75,36.12,22.14,0.0
2013-10-23,27.84,35.65,21.0,0.0
2013-10-24,28.09,35.32,22.01,0.0
2013-10-25,28.43,34.91,22.23,0.0
2013-10-26,29.09,35.61,22.61,0.0
2013-10-27,28.7,35.55,21.94,0.0
2013-10-28,29.3,36.04,24.16,0.0
2013-10-29,29.34,36.81,23.74,0.0
2013-10-30,28.64,36.26,22.08,0.0
2013-10-31,29.14,36.54,22.49,0.0
2013-11-01,28.47,35.51,22.57,0.0
2013-11-02,28.27,35.18,21.65,0.0
2013-11-03,28.1,34.66,21.4,0.0
2013-11-04,27.32,33.96,21.01,0.51
2013-11-05,27.81,34.37,21.54,0.0
2013-11-06,27.52,34.18,21.72,0.0
2013-11-07,27.04,33.15,21.5,0.0
2013-11-08,26.76,31.9,21.64,0.0
2013-11-09,26.68,33.16,21.42,0.0
2013-11-10,25.99,33.34,19.23,0.0
2013-11-11,24.97,32.62,18.58,0.0
2013-11-12,24.6,32.09,17.54,0.0
2013-11-13,25.54,32.54,18.77,0.0
2013-11-14,25.17,31.68,18.1,0.05
2013-11-15,25.0,31.02,18.56,2.4
2013-11-16,25.1,30.4,19.59,0.62
2013-11-17,24.91,30.23,19.55,0.21
2013-11-18,24.42,30.61,19.41,0.0
2013-11-19,24.18,31.37,18.37,0.0
2013-11-20,24.49,30.34,19.76,0.0
2013-11-21,24.41,29.3,20.28,6.82
2013-11-22,21.65,25.07,17.89,1.75
2013-11-23,20.8,27.02,16.06,0.04
2013-11-24,21.72,28.45,15.91,0.0
2013-11-25,21.95,28.56,16.51,0.0
2013-11-26,21.36,28.03,16.05,0.0
2013-11-27,21.29,29.09,14.96,0.0
2013-11-28,21.68,29.5,14.08,0.0
2013-11-29,22.85,30.37,16.35,0.0
2013-11-30,21.85,29.35,16.64,0.0
2013-12-01,22.18,30.81,15.66,0.0
2013-12-02,23.31,32.78,15.84,0.0
2013-12-03,23.13,31.12,16.94,0.0
2013-12-04,23.31,29.88,16.83,0.0
2013-12-05,22.72,29.61,16.0,0.0
2013-12-06,22.89,29.48,16.85,0.0
2013-12-07,22.83,30.67,17.58,0.0
2013-12-08,21.43,29.86,14.4,0.32
2013-12-09,21.92,31.38,14.33,0.0
2013-12-10,22.55,30.96,16.17,0.0
2013-12-11,21.74,29.8,15.14,0.0
2013-12-12,23.01,30.4,16.06,0.0
2013-12-13,22.92,30.22,16.76,0.0
2013-12-14,23.21,31.42,17.38,0.0
2013-12-15,23.19,31.84,16.72,0.0
2013-12-16,21.84,30.72,15.91,0.0
2013-12-17,21.04,29.67,14.54,0.0
2013-12-18,21.6,30.56,14.61,0.0
2013-12-19,21.85,30.0,15.53,0.0
2013-12-20,21.46,28.79,16.01,0.0
2013-12-21,18.4,25.31,12.41,0.0
2013-12-22,18.42,25.56,12.32,0.0
2013-12-23,18.51,25.06,13.23,0.09
2013-12-24,18.15,24.73,13.38,0.06
2013-12-25,17.38,24.45,11.81,0.0
2013-12-26,16.5,24.51,10.06,0.0
2013-12-27,16.55,25.26,8.9,0.0
2013-12-28,16.66,25.52,9.17,0.0
2013-12-29,16.66,24.68,9.78,0.0
2013-12-30,17.55,24.7,11.5,0.0
2013-12-31,17.02,23.76,11.08,0.0
2014-01-01,17.44,24.16,10.75,0.0
2014-01-02,17.91,24.93,11.74,0.0
2014-01-03,18.89,26.04,13.17,0.0
2014-01-04,17.81,24.8,12.16,0.0
2014-01-05,18.82,26.54,11.41,0.0
2014-01-06,18.67,25.54,13.36,0.0
2014-01-07,18.37,23.93,13.97,0.42
2014-01-08,16.62,24.21,10.24,0.1
2014-01-09,16.81,23.97,10.43,0.0
2014-01-10,18.27,25.56,11.7,0.0
2014-01-11,18.61,25.47,12.86,0.0
2014-01-12,18.51,22.8,14.34,0.4
2014-01-13,17.21,23.62,12.46,0.0
2014-01-14,15.9,23.67,9.2,0.0
2014-01-15,17.04,25.44,9.85,0.0
2014-01-16,17.6,24.65,12.33,0.0
2014-01-17,18.21,26.13,11.68,0.0
2014-01-18,18.75,24.83,13.46,0.03
2014-01-19,18.47,24.55,13.93,0.21
2014-01-20,15.8,22.4,9.2,0.1
2014-01-21,17.4,25.45,10.64,0.0
2014-01-22,17.73,26.3,10.16,0.0
2014-01-23,18.55,26.43,11.73,0.0
2014-01-24,19.29,26.26,12.68,0.0
2014-01-25,20.13,27.1,13.75,0.0
2014-01-26,20.37,27.84,13.12,0.0
2014-01-27,20.68,27.42,14.71,0.0
2014-01-28,20.62,28.8,13.66,0.0
2014-01-29,20.91,28.34,14.04,0.0
2014-01-30,23.27,30.32,17.53,0.0
2014-01-31,23.5,29.86,19.18,0.0
2014-02-01,21.95,28.76,15.94,0.0
2014-02-02,22.36,28.84,17.26,0.22
2014-02-03,23.28,30.61,16.87,0.0
2014-02-04,23.17,30.69,17.37,0.0
2014-02-05,22.25,29.71,16.89,0.0
2014-02-06,18.68,25.17,13.57,0.32
2014-02-07,18.66,26.24,10.3,0.0
2014-02-08,20.68,25.04,17.05,0.0
2014-02-09,17.97,19.87,15.43,4.27
2014-02-10,17.79,25.36,10.98,0.0
2014-02-11,17.28,24.35,10.86,0.0
2014-02-12,16.54,23.58,10.29,0.0
2014-02-13,14.64,20.91,8.47,1.14
2014-02-14,17.11,26.0,9.59,0.0
2014-02-15,18.19,26.67,9.83,0.0
2014-02-16,18.56,26.92,10.87,0.0
2014-02-17,18.71,27.02,11.27,0.0
2014-02-18,20.08,27.53,12.99,0.03
2014-02-19,19.16,26.52,13.42,0.0
2014-02-20,17.66,25.96,9.89,0.0
2014-02-21,19.49,28.06,11.44,0.0
2014-02-22,20.63,28.28,13.8,0.0
2014-02-23,20.9,27.56,14.55,0.0
2014-02-24,20.74,28.2,13.07,0.0
2014-02-25,21.67,29.28,14.19,0.14
2014-02-26,22.45,30.04,14.58,0.0
2014-02-27,24.21,31.89,17.58,0.0
2014-02-28,24.35,32.41,16.51,0.0
2014-03-01,25.31,33.09,18.6,0.0
2014-03-02,24.29,31.63,19.14,0.0
2014-03-03,22.34,31.69,13.73,0.0
2014-03-04,24.11,31.69,17.88,0.0
2014-03-05,25.15,32.73,17.64,0.0
2014-03-06,25.78,32.84,18.19,0.0
2014-03-07,25.51,32.71,17.92,0.0
2014-03-08,26.06,32.85,18.49,0.01
2014-03-09,27.04,34.52,20.08,0.0
2014-03-10,26.22,32.44,19.5,0.0
2014-03-11,27.85,34.47,20.91,0.0
2014-03-12,26.95,33.91,19.38,0.0
2014-03-13,25.54,32.5,18.62,0.1
2014-03-14,25.5,31.68,20.02,0.01
2014-03-15,26.53,33.77,20.67,2.0
2014-03-16,23.45,29.61,16.21,0.69
2014-03-17,20.21,29.79,11.7,0.0
2014-03-18,21.27,31.09,12.16,0.0
2014-03-19,23.45,32.31,15.86,0.0
2014-03-20,26.44,35.04,19.23,0.0
2014-03-21,27.53,36.38,19.01,0.0
2014-03-22,27.62,36.41,20.35,0.0
2014-03-23,25.01,32.46,18.16,0.0
2014-03-24,24.62,34.15,15.22,0.0
2014-03-25,23.48,28.75,19.93,0.71
2014-03-26,24.02,28.88,20.77,7.99
2014-03-27,22.9,27.29,18.92,11.53
2014-03-28,23.6,31.16,16.76,0.0
2014-03-29,23.28,29.92,17.22,0.0
2014-03-30,22.58,28.19,18.61,0.0
2014-03-31,26.82,35.32,18.53,0.0
2014-04-01,28.14,37.04,20.14,0.0
2014-04-02,30.24,38.15,22.62,0.0
2014-04-03,28.29,34.87,21.64,0.0
2014-04-04,28.62,35.91,21.97,1.66
2014-04-05,25.85,33.09,18.65,0.02
2014-04-06,23.57,33.64,13.81,0.0
2014-04-07,25.84,34.59,16.4,0.0
2014-04-08,27.48,34.93,19.09,0.19
2014-04-09,28.58,35.8,20.99,0.0
2014-04-10,28.83,36.99,19.75,0.0
2014-04-11,29.68,38.12,20.83,0.0
2014-04-12,31.91,40.62,24.93,0.0
2014-04-13,31.26,40.42,22.43,0.0
2014-04-14,32.3,41.31,23.02,0.0
2014-04-15,33.85,42.11,26.03,0.0
2014-04-16,34.34,43.12,25.76,0.0
2014-04-17,34.78,42.75,27.95,0.0
2014-04-18,33.56,41.81,25.54,0.0
2014-04-19,33.88,42.74,25.07,0.0
2014-04-20,32.07,40.53,25.01,0.01
2014-04-21,29.85,38.88,20.25,0.0
2014-04-22,30.64,38.39,22.54,0.0
2014-04-23,31.1,37.16,24.9,1.51
2014-04-24,32.63,39.41,26.43,0.0
2014-04-25,32.9,40.63,26.2,0.0
2014-04-26,32.63,41.73,23.86,0.0
2014-04-27,33.32,42.46,24.4,0.0
2014-04-28,33.77,41.88,25.25,0.0
2014-04-29,33.6,42.32,24.0,0.0
2014-04-30,34.73,42.69,27.2,0.0
2014-05-01,34.82,42.56,26.32,0.0
2014-05-02,35.5,43.0,28.05,0.0
2014-05-03,35.79,43.25,27.43,0.07
2014-05-04,34.43,41.35,27.92,0.23
2014-05-05,31.41,39.24,23.9,0.03
2014-05-06,30.71,38.78,22.11,0.0
2014-05-07,32.49,40.36,23.25,0.0
2014-05-08,32.61,40.49,25.0,0.0
2014-05-09,33.14,41.53,24.72,0.0
2014-05-10,34.51,42.43,26.56,0.0
2014-05-11,34.21,42.06,27.25,0.0
2014-05-12,34.29,42.63,26.56,0.0
2014-05-13,35.87,44.17,28.59,0.03
2014-05-14,36.45,43.94,29.15,0.32
2014-05-15,32.85,39.61,26.82,0.0
2014-05-16,30.52,37.83,22.96,0.19
2014-05-17,31.14,38.61,24.62,0.0
2014-05-18,32.43,40.28,23.41,0.25
2014-05-19,33.53,40.48,25.73,3.11
2014-05-20,32.29,38.7,25.24,1.06
2014-05-21,33.59,40.07,25.86,0.0
2014-05-22,34.75,41.77,27.58,0.0
2014-05-23,35.68,43.55,28.68,0.0
2014-05-24,36.45,44.82,28.48,0.0
2014-05-25,37.29,45.35,29.87,0.0
2014-05-26,36.81,45.5,27.53,0.0
2014-05-27,37.61,45.89,29.11,0.0
2014-05-28,38.93,46.85,30.15,0.0
2014-05-29,39.3,47.72,30.67,0.0
2014-05-30,38.17,46.6,30.02,0.0
2014-05-31,38.05,46.61,29.32,0.0
2014-06-01,37.57,46.07,28.99,0.0
2014-06-02,36.3,44.07,27.66,0.0
2014-06-03,36.1,43.7,28.33,0.02
2014-06-04,36.1,44.49,27.7,0.0
2014-06-05,33.24,41.85,25.03,0.0
2014-06-06,33.14,41.53,25.35,0.0
2014-06-07,35.93,44.19,28.35,0.0
2014-06-08,37.71,47.18,28.64,0.0
2014-06-09,38.85,48.21,29.45,0.0
2014-06-10,39.52,49.35,29.52,0.0
2014-06-11,39.46,49.31,29.42,0.0
2014-06-12,40.14,49.41,30.71,0.0
2014-06-13,37.88,46.75,29.43,0.0
2014-06-14,35.54,43.49,28.22,0.75
2014-06-15,32.48,42.13,23.75,7.71
2014-06-16,33.35,42.28,24.26,0.0
2014-06-17,34.49,43.37,25.34,0.0
2014-06-18,35.61,44.52,26.71,0.0
2014-06-19,34.92,43.49,26.43,0.0
2014-06-20,35.86,44.41,27.78,0.0
2014-06-21,36.83,44.9,27.97,0.0
2014-06-22,36.23,44.43,27.89,0.0
2014-06-23,36.43,44.03,28.2,0.1
2014-06-24,37.54,44.55,29.76,0.0
2014-06-25,38.27,45.81,30.83,0.0
2014-06-26,38.44,45.84,31.9,0.23
2014-06-27,39.13,45.83,32.12,1.64
2014-06-28,36.91,43.16,29.48,0.09
2014-06-29,36.33,42.88,29.01,0.0
2014-06-30,37.4,44.34,29.65,0.0
2014-07-01,36.41,43.4,29.38,0.0
2014-07-02,36.64,42.86,29.97,0.0
2014-07-03,36.93,42.98,30.35,0.26
2014-07-04,37.4,44.03,29.87,0.3
2014-07-05,39.02,45.55,31.72,0.0
2014-07-06,38.71,45.47,31.76,0.0
2014-07-07,37.49,44.5,29.3,0.0
2014-07-08,38.23,45.32,30.25,0.0
2014-07-09,38.83,46.56,31.68,0.0
2014-07-10,37.82,46.15,29.37,0.0
2014-07-11,37.48,45.26,29.34,0.14
2014-07-12,37.11,46.03,27.46,0.0
2014-07-13,39.62,48.81,30.21,0.0
2014-07-14,39.82,47.38,31.52,1.08
2014-07-15,39.63,46.48,32.59,0.48
2014-07-16,40.32,48.7,31.99,0.0
2014-07-17,39.96,49.12,29.79,0.0
2014-07-18,40.91,48.88,33.76,0.0
2014-07-19,40.67,48.32,34.66,0.0
2014-07-20,40.16,47.29,33.72,0.02
2014-07-21,38.98,46.18,31.09,0.11
2014-07-22,38.93,46.87,31.52,0.0
2014-07-23,38.36,45.5,31.0,0.19
2014-07-24,36.71,44.17,27.81,0.0
2014-07-25,38.9,45.1,31.97,0.0
2014-07-26,38.44,44.15,32.9,0.0
2014-07-27,36.86,43.02,32.78,0.0
2014-07-28,37.46,43.87,31.41,0.0
2014-07-29,37.85,45.9,30.74,0.0
2014-07-30,37.65,45.73,28.66,0.0
2014-07-31,38.65,45.32,32.35,0.12
2014-08-01,39.6,46.53,32.34,0.0
2014-08-02,40.78,48.44,32.89,0.0
2014-08-03,41.15,48.43,33.2,0.0
2014-08-04,41.11,49.02,34.12,0.0
2014-08-05,40.1,47.38,33.33,0.0
2014-08-06,39.21,46.84,33.15,0.0
2014-08-07,38.35,45.44,31.45,0.0
2014-08-08,39.06,46.26,31.19,0.02
2014-08-09,40.15,47.18,33.11,0.0
2014-08-10,38.92,45.61,32.42,0.0
2014-08-11,38.21,45.11,30.13,0.0
2014-08-12,38.35,44.83,31.04,0.0
2014-08-13,38.0,44.94,29.78,0.0
2014-08-14,38.22,45.22,30.69,0.0
2014-08-15,40.02,47.0,32.51,0.0
2014-08-16,38.94,46.08,31.9,0.0
2014-08-17,38.15,44.15,31.88,1.65
2014-08-18,37.56,43.8,31.66,0.38
2014-08-19,35.57,42.16,28.79,1.56
2014-08-20,34.9,41.54,27.93,0.02
2014-08-21,37.56,44.76,30.6,0.0
2014-08-22,38.23,45.67,30.44,0.0
2014-08-23,37.19,43.99,29.76,0.03
2014-08-24,34.23,41.58,26.88,0.68
2014-08-25,33.47,40.86,26.61,0.0
2014-08-26,33.58,39.95,27.33,0.0
2014-08-27,34.57,41.7,27.67,0.0
2014-08-28,35.68,42.05,28.71,0.0
2014-08-29,36.17,42.27,29.8,0.22
2014-08-30,35.04,41.45,28.14,0.11
2014-08-31,36.27,42.94,29.09,0.0
2014-09-01,37.41,44.22,30.27,0.0
2014-09-02,37.89,44.83,31.23,0.0
2014-09-03,36.48,43.75,28.34,0.0
2014-09-04,36.7,44.21,28.51,0.0
2014-09-05,37.23,44.5,29.87,0.0
2014-09-06,37.15,44.55,30.42,0.0
2014-09-07,36.97,43.87,30.35,0.0
2014-09-08,37.21,43.7,29.8,1.69
2014-09-09,36.4,42.84,29.11,0.28
2014-09-10,36.12,43.1,29.1,0.46
2014-09-11,36.67,43.87,29.6,0.0
2014-09-12,36.38,43.64,29.27,0.0
2014-09-13,35.18,42.92,27.59,0.0
2014-09-14,34.5,41.53,28.15,0.0
2014-09-15,35.27,41.89,28.16,0.0
2014-09-16,34.72,41.95,26.93,0.07
2014-09-17,34.26,41.25,27.47,0.0
2014-09-18,33.74,40.79,26.46,0.0
2014-09-19,34.91,42.75,27.65,0.0
2014-09-20,35.49,43.5,27.72,0.0
2014-09-21,34.99,43.66,26.88,0.0
2014-09-22,33.49,40.71,26.14,0.0
2014-09-23,31.78,38.33,25.17,0.0
2014-09-24,31.98,38.23,25.64,0.0
2014-09-25,32.44,38.63,26.18,0.0
2014-09-26,31.4,37.89,25.2,0.0
2014-09-27,30.54,37.35,24.28,0.0
2014-09-28,30.22,35.6,24.56,0.0
2014-09-29,30.65,36.33,24.8,0.0
2014-09-30,31.45,38.22,24.5,0.0
2014-10-01,33.04,39.95,25.61,0.0
2014-10-02,33.28,40.08,26.05,1.4
2014-10-03,32.1,38.95,25.5,1.53
2014-10-04,31.18,36.99,25.33,0.0
2014-10-05,31.59,37.08,25.82,0.0
2014-10-06,32.03,37.9,25.8,0.35
2014-10-07,33.33,39.21,28.26,0.05
2014-10-08,33.63,40.19,28.41,0.2
2014-10-09,32.76,39.0,26.46,0.0
2014-10-10,31.67,37.95,25.6,0.01
2014-10-11,31.67,38.59,24.8,0.0
2014-10-12,32.8,40.36,25.62,0.0
2014-10-13,32.52,39.7,25.58,0.0
2014-10-14,32.29,38.78,26.09,0.0
2014-10-15,31.13,37.83,24.37,0.01
2014-10-16,30.24,37.27,23.25,0.0
2014-10-17,30.35,38.25,22.59,0.0
2014-10-18,31.07,38.59,24.78,0.0
2014-10-19,31.05,37.92,24.96,0.0
2014-10-20,31.52,38.73,25.06,0.0
2014-10-21,30.01,36.79,23.54,0.0
2014-10-22,29.73,37.04,22.22,0.0
2014-10-23,30.21,37.83,23.35,0.0
2014-10-24,29.21,36.37,22.41,0.0
2014-10-25,29.52,36.42,22.42,0.0
2014-10-26,29.05,36.16,21.78,0.0
2014-10-27,29.42,36.42,23.04,0.0
2014-10-28,29.03,36.83,22.12,0.0
2014-10-29,28.3,35.96,20.34,0.01
2014-10-30,28.61,35.0,22.45,0.44
2014-10-31,28.49,33.77,22.81,1.19
2014-11-01,28.93,33.48,23.75,0.29
2014-11-02,28.75,34.28,23.27,0.26
2014-11-03,27.31,34.09,22.0,0.0
2014-11-04,27.12,35.87,19.89,0.0
2014-11-05,28.55,35.89,23.31,0.0
2014-11-06,26.79,34.38,20.78,0.0
2014-11-07,26.18,32.9,20.6,0.0
2014-11-08,24.88,29.97,20.62,1.74
2014-11-09,23.06,29.82,17.31,0.0
2014-11-10,22.1,29.48,16.04,0.0
2014-11-11,21.42,29.03,14.59,0.0
2014-11-12,21.92,29.43,15.28,0.0
2014-11-13,22.6,29.9,16.09,0.0
2014-11-14,23.79,31.07,16.86,0.0
2014-11-15,25.21,32.02,18.85,0.0
2014-11-16,26.04,32.57,21.01,0.0
2014-11-17,25.24,31.82,20.16,0.0
2014-11-18,24.71,32.15,18.6,0.0
2014-11-19,25.95,34.17,18.62,0.0
2014-11-20,26.68,33.63,20.99,0.0
2014-11-21,24.07,31.11,18.1,0.0
2014-11-22,24.71,32.95,17.69,0.0
2014-11-23,25.13,32.7,19.09,0.0
2014-11-24,25.53,32.44,18.68,0.0
2014-11-25,25.13,32.2,19.05,0.0
2014-11-26,24.17,31.04,18.04,0.0
2014-11-27,25.69,33.13,19.62,0.0
2014-11-28,25.33,32.86,19.43,0.0
2014-11-29,24.37,31.13,18.89,0.0
2014-11-30,22.54,28.45,17.35,0.0
2014-12-01,22.64,29.48,16.78,0.0
2014-12-02,22.59,28.7,18.52,0.0
2014-12-03,20.7,27.55,14.83,0.0
2014-12-04,20.48,28.76,13.34,0.0
2014-12-05,22.15,31.11,14.45,0.0
2014-12-06,22.73,31.07,15.85,0.0
2014-12-07,22.21,30.45,15.45,0.0
2014-12-08,22.57,30.98,15.79,0.0
2014-12-09,22.01,29.89,15.67,0.0
2014-12-10,21.88,30.15,15.28,0.0
2014-12-11,22.04,30.37,15.93,0.0
2014-12-12,21.1,28.54,14.77,0.0
2014-12-13,21.43,29.34,15.11,0.0
2014-12-14,21.07,28.15,15.24,0.0
2014-12-15,20.68,28.36,14.18,0.02
2014-12-16,20.36,28.39,13.51,0.0
2014-12-17,20.07,27.99,13.31,0.0
2014-12-18,20.87,28.7,14.5,0.0
2014-12-19,20.65,28.2,14.6,0.0
2014-12-20,20.03,27.23,14.44,0.0
2014-12-21,19.64,26.27,15.66,0.0
2014-12-22,19.32,27.1,13.73,0.0
2014-12-23,20.59,28.5,14.81,0.0
2014-12-24,20.9,28.36,15.3,0.0
2014-12-25,19.16,26.72,12.94,0.0
2014-12-26,19.6,27.61,12.66,0.0
2014-12-27,19.87,27.34,13.83,0.0
2014-12-28,19.37,27.45,12.78,0.0
2014-12-29,20.56,29.36,13.49,3.73
2014-12-30,21.48,29.69,15.56,0.0
2014-12-31,20.13,27.65,13.27,0.0
2015-01-01,21.18,27.71,15.69,0.0
2015-01-02,20.25,26.8,14.78,0.0
2015-01-03,19.91,28.04,13.34,0.0
2015-01-04,20.38,28.0,14.38,0.0
2015-01-05,20.78,28.07,14.89,0.0
2015-01-06,20.97,29.62,14.11,0.0
2015-01-07,21.18,29.88,15.5,0.0
2015-01-08,20.73,28.83,15.33,0.0
2015-01-09,21.01,30.06,13.14,0.0
2015-01-10,20.47,27.92,14.31,0.0
2015-01-11,19.94,27.32,13.2,0.0
2015-01-12,19.34,26.38,13.79,0.0
2015-01-13,17.85,25.28,11.63,0.0
2015-01-14,18.44,27.05,11.27,0.0
2015-01-15,19.09,27.97,11.99,0.0
2015-01-16,18.54,26.72,11.9,0.0
2015-01-17,19.63,27.33,12.31,0.0
2015-01-18,20.21,26.65,14.08,0.0
2015-01-19,16.98,22.8,11.74,3.12
2015-01-20,13.69,20.25,7.42,0.97
2015-01-21,15.14,22.24,8.63,0.0
2015-01-22,16.91,24.87,10.15,0.0
2015-01-23,17.04,24.48,10.84,0.0
2015-01-24,17.22,24.55,11.4,0.0
2015-01-25,18.15,25.85,11.35,0.0
2015-01-26,18.85,26.77,11.99,0.0
2015-01-27,19.47,27.6,12.2,0.0
2015-01-28,20.16,27.95,12.06,0.0
2015-01-29,22.06,30.05,15.65,0.0
2015-01-30,22.0,30.6,14.05,0.0
2015-01-31,22.16,30.28,13.93,0.0
2015-02-01,23.34,31.47,17.99,0.0
2015-02-02,20.44,28.83,14.09,0.0
2015-02-03,21.08,30.54,13.22,0.0
2015-02-04,21.71,29.73,14.29,0.0
2015-02-05,21.27,28.64,14.92,0.85
2015-02-06,21.42,29.28,15.93,0.0
2015-02-07,19.5,28.91,11.45,0.0
2015-02-08,20.76,29.14,13.23,0.0
2015-02-09,21.39,28.92,14.85,0.0
2015-02-10,21.43,29.28,14.74,0.0
2015-02-11,22.69,31.43,15.03,0.0
2015-02-12,23.72,32.83,15.79,0.0
2015-02-13,24.08,32.59,16.57,0.0
2015-02-14,25.63,33.95,18.89,0.0
2015-02-15,24.92,31.99,17.42,0.0
2015-02-16,26.01,34.11,18.7,0.0
2015-02-17,27.12,36.22,19.71,0.0
2015-02-18,27.07,35.26,19.74,0.01
2015-02-19,26.11,35.15,18.33,0.0
2015-02-20,25.37,34.62,17.11,0.0
2015-02-21,24.75,32.89,17.24,0.64
2015-02-22,21.55,27.32,16.64,0.0
2015-02-23,17.14,23.35,11.75,0.42
2015-02-24,16.9,23.99,10.53,0.0
2015-02-25,19.44,27.94,11.46,0.0
2015-02-26,22.13,29.96,15.5,0.08
2015-02-27,20.17,26.22,14.67,0.96
2015-02-28,17.94,24.28,13.1,0.26
2015-03-01,18.09,27.11,10.22,0.0
2015-03-02,21.31,30.04,13.21,0.0
2015-03-03,23.61,31.93,16.25,0.0
2015-03-04,24.37,33.88,16.08,0.0
2015-03-05,24.84,33.59,17.78,0.0
2015-03-06,21.58,27.28,16.23,0.0
2015-03-07,23.69,33.27,16.99,0.0
2015-03-08,24.05,31.4,16.56,0.0
2015-03-09,23.63,30.91,16.76,0.0
2015-03-10,23.48,30.85,16.68,0.0
2015-03-11,23.35,30.34,16.98,0.03
2015-03-12,22.23,29.95,15.44,0.04
2015-03-13,22.46,31.02,14.87,0.0
2015-03-14,23.63,32.25,15.2,0.0
2015-03-15,25.03,32.14,17.8,0.0
2015-03-16,24.04,28.11,19.68,0.88
2015-03-17,26.11,33.51,20.09,0.18
2015-03-18,26.24,33.8,19.46,0.01
2015-03-19,26.56,33.99,20.29,0.0
2015-03-20,27.66,35.04,21.1,0.0
2015-03-21,28.03,35.45,22.46,0.0
2015-03-22,27.28,35.05,20.13,0.0
2015-03-23,26.75,34.33,19.96,0.0
2015-03-24,28.84,35.61,22.5,0.85
2015-03-25,29.11,36.18,23.34,0.0
2015-03-26,30.13,38.46,23.27,0.0
2015-03-27,30.1,37.87,23.72,0.0
2015-03-28,29.98,37.67,22.74,0.0
2015-03-29,29.63,37.18,23.08,0.0
2015-03-30,28.89,36.56,23.31,0.0
2015-03-31,30.82,39.19,21.14,0.0
2015-04-01,31.81,39.99,22.96,0.0
2015-04-02,30.16,39.34,22.76,0.0
2015-04-03,25.2,33.71,17.54,0.0
2015-04-04,25.26,34.7,15.78,0.0
2015-04-05,29.14,39.38,19.15,0.0
2015-04-06,30.63,39.85,23.19,0.0
2015-04-07,29.93,40.0,19.87,0.0
2015-04-08,30.54,38.2,22.61,0.0
2015-04-09,30.08,38.21,22.27,0.16
2015-04-10,31.45,39.64,23.25,0.0
2015-04-11,32.29,40.49,24.32,0.0
2015-04-12,32.2,40.43,23.93,0.0
2015-04-13,32.21,40.85,24.59,0.0
2015-04-14,31.94,40.63,23.48,0.0
2015-04-15,32.69,41.98,23.39,0.0
2015-04-16,32.97,41.25,24.93,0.0
2015-04-17,33.01,41.92,24.22,0.0
2015-04-18,33.72,42.12,26.11,0.0
2015-04-19,30.69,39.31,23.42,0.0
2015-04-20,28.22,37.16,20.39,0.0
2015-04-21,27.47,36.62,18.76,0.0
2015-04-22,29.88,39.62,20.16,0.02
2015-04-23,33.3,43.52,22.87,0.0
2015-04-24,32.19,41.22,23.02,0.0
2015-04-25,33.36,43.01,25.24,0.0
2015-04-26,32.41,42.92,21.97,0.0
2015-04-27,33.59,43.18,23.94,0.0
2015-04-28,33.56,42.76,25.11,0.0
2015-04-29,33.34,42.57,24.13,0.0
2015-04-30,32.6,41.55,23.66,0.0
2015-05-01,32.84,41.67,24.93,0.0
2015-05-02,33.96,42.46,27.04,0.0
2015-05-03,34.32,43.07,26.67,0.03
2015-05-04,34.95,42.72,28.3,0.0
2015-05-05,33.32,38.4,26.62,0.03
2015-05-06,34.97,41.89,27.86,0.3
2015-05-07,34.74,42.48,26.39,0.0
2015-05-08,35.05,43.19,26.59,0.0
2015-05-09,35.89,43.68,27.75,0.0
2015-05-10,34.65,41.84,28.5,3.13
2015-05-11,35.35,43.17,27.54,0.0
2015-05-12,35.32,43.45,27.02,0.74
2015-05-13,36.06,44.19,26.41,0.0
2015-05-14,35.05,43.42,26.28,0.0
2015-05-15,35.29,44.16,25.99,0.0
2015-05-16,37.33,46.96,27.53,0.0
2015-05-17,37.77,47.57,27.99,0.0
2015-05-18,36.65,45.84,28.66,0.0
2015-05-19,33.93,42.59,25.63,0.0
2015-05-20,34.95,43.55,26.25,0.0
2015-05-21,34.03,42.46,24.22,0.0
2015-05-22,34.77,43.06,25.8,0.0
2015-05-23,35.47,43.22,26.27,0.0
2015-05-24,36.14,43.41,27.25,0.01
2015-05-25,36.68,43.93,28.66,0.0
2015-05-26,36.88,44.36,28.99,0.0
2015-05-27,35.51,42.96,28.12,0.33
2015-05-28,35.22,42.85,27.88,0.1
2015-05-29,34.56,42.81,26.37,0.0
2015-05-30,35.4,43.75,26.26,0.0
2015-05-31,36.57,44.89,27.79,0.01
2015-06-01,38.37,48.27,28.12,0.0
2015-06-02,39.95,49.02,30.81,0.0
2015-06-03,39.37,47.76,31.22,0.0
2015-06-04,38.81,46.66,30.25,0.02
2015-06-05,34.82,41.7,27.97,1.25
2015-06-06,35.63,42.81,28.44,0.09
2015-06-07,37.21,44.55,29.15,0.0
2015-06-08,38.13,46.63,29.1,0.25
2015-06-09,38.21,47.32,29.71,0.0
2015-06-10,37.74,46.37,29.77,0.0
2015-06-11,36.84,45.36,30.12,0.42
2015-06-12,33.57,38.04,30.18,0.01
2015-06-13,34.78,41.4,27.63,0.0
2015-06-14,37.11,45.9,28.94,0.0
2015-06-15,36.74,45.2,29.11,0.94
2015-06-16,37.39,45.02,29.59,0.01
2015-06-17,37.72,45.24,29.22,0.0
2015-06-18,38.92,47.3,30.83,0.0
2015-06-19,37.9,47.41,30.1,0.22
2015-06-20,35.99,44.11,27.5,0.0
2015-06-21,38.2,46.21,29.38,0.24
2015-06-22,40.29,47.84,32.43,0.0
2015-06-23,38.07,46.84,30.97,0.0
2015-06-24,35.64,44.24,27.46,0.1
2015-06-25,35.2,44.21,26.23,0.78
2015-06-26,34.82,43.57,25.56,1.56
2015-06-27,35.65,43.45,27.26,0.01
2015-06-28,34.42,42.57,26.54,1.61
2015-06-29,35.62,43.23,28.01,0.0
2015-06-30,36.03,43.23,29.14,0.0
2015-07-01,36.32,44.07,27.66,0.0
2015-07-02,36.52,44.3,27.71,0.03
2015-07-03,37.15,44.25,29.92,0.74
2015-07-04,37.49,44.58,30.76,0.01
2015-07-05,37.76,45.09,30.11,0.0
2015-07-06,38.24,46.11,30.35,0.0
2015-07-07,37.78,45.99,29.82,0.0
2015-07-08,37.72,45.52,31.19,2.52
2015-07-09,37.88,45.02,30.62,0.0
2015-07-10,37.97,45.21,30.98,0.0
2015-07-11,38.36,46.66,30.31,0.0
2015-07-12,39.95,46.75,33.96,0.0
2015-07-13,38.55,45.52,30.71,0.36
2015-07-14,38.26,44.99,30.86,1.05
2015-07-15,39.36,46.26,31.56,0.0
2015-07-16,40.04,47.81,32.85,0.0
2015-07-17,39.3,47.99,29.97,0.0
2015-07-18,41.19,49.08,34.41,0.0
2015-07-19,38.55,46.43,31.18,0.22
2015-07-20,39.3,46.74,31.43,0.0
2015-07-21,38.87,46.05,31.82,0.0
2015-07-22,38.33,46.18,30.94,0.12
2015-07-23,38.91,46.21,33.14,0.0
2015-07-24,38.72,45.55,31.77,1.81
2015-07-25,36.81,42.78,30.38,0.65
2015-07-26,38.15,43.08,32.62,0.0
2015-07-27,38.59,43.21,33.79,0.0
2015-07-28,36.94,42.37,31.61,0.0
2015-07-29,38.28,44.58,31.69,0.0
2015-07-30,37.45,43.78,32.96,0.0
2015-07-31,36.37,42.56,30.46,1.35
2015-08-01,36.56,42.75,30.21,0.0
2015-08-02,36.56,42.57,30.43,0.57
2015-08-03,36.8,42.95,30.31,0.35
2015-08-04,37.09,42.86,30.56,0.05
2015-08-05,37.75,44.37,30.79,1.02
2015-08-06,38.23,44.77,31.04,1.37
2015-08-07,38.29,44.64,31.62,0.0
2015-08-08,38.36,46.04,30.52,0.0
2015-08-09,40.3,48.93,31.18,0.0
2015-08-10,40.63,48.31,32.38,0.0
2015-08-11,39.96,47.74,32.1,0.0
2015-08-12,37.7,45.07,30.02,0.0
2015-08-13,37.79,45.88,29.63,0.0
2015-08-14,37.55,45.26,29.24,0.63
2015-08-15,37.02,44.35,28.82,0.0
2015-08-16,36.8,44.01,28.82,0.0
2015-08-17,36.53,43.79,28.52,0.0
2015-08-18,36.47,44.11,28.15,0.0
2015-08-19,34.74,42.03,27.51,0.0
2015-08-20,34.95,41.74,27.91,0.0
2015-08-21,35.17,41.69,28.51,0.16
2015-08-22,35.45,41.95,28.52,0.63
2015-08-23,35.76,42.91,28.73,0.85
2015-08-24,35.95,43.53,28.41,0.68
2015-08-25,35.72,43.32,28.33,0.0
2015-08-26,36.5,44.16,28.62,0.57
2015-08-27,38.17,46.21,30.51,0.0
2015-08-28,40.06,47.62,32.14,0.0
2015-08-29,38.76,45.66,31.21,0.0
2015-08-30,38.57,45.17,31.36,0.0
2015-08-31,37.21,43.58,30.51,0.0
2015-09-01,38.37,45.68,30.98,0.0
2015-09-02,38.01,45.07,30.69,0.0
2015-09-03,37.81,45.59,30.3,1.46
2015-09-04,33.25,39.15,27.84,1.09
2015-09-05,31.86,38.27,25.75,0.95
2015-09-06,32.06,38.39,26.14,2.81
2015-09-07,33.07,39.31,27.26,3.68
2015-09-08,32.85,38.85,26.83,1.23
2015-09-09,33.67,39.67,27.05,0.13
2015-09-10,35.11,40.8,28.54,0.26
2015-09-11,35.75,41.7,28.89,0.04
2015-09-12,35.66,41.98,29.96,0.11
2015-09-13,35.31,42.45,28.46,0.99
2015-09-14,34.01,42.01,26.08,0.0
2015-09-15,34.62,42.48,26.63,0.0
2015-09-16,36.24,43.43,29.12,0.0
2015-09-17,36.58,43.6,29.88,0.01
2015-09-18,35.92,42.87,28.19,0.0
2015-09-19,36.18,42.87,29.13,0.0
2015-09-20,36.35,43.83,29.3,0.0
2015-09-21,35.51,42.47,29.03,0.03
2015-09-22,34.66,40.9,28.6,0.91
2015-09-23,33.04,39.59,26.26,0.0
2015-09-24,32.83,40.03,25.78,0.0
2015-09-25,33.39,40.32,26.99,0.0
2015-09-26,33.94,40.59,27.85,0.0
2015-09-27,34.14,41.55,27.28,0.0
2015-09-28,34.53,41.95,27.29,0.0
2015-09-29,32.79,40.06,25.71,0.0
2015-09-30,31.77,40.28,24.05,0.0
2015-10-01,31.36,41.04,23.01,0.0
2015-10-02,32.75,41.22,26.12,0.0
2015-10-03,34.31,43.19,25.49,0.0
2015-10-04,34.7,42.5,26.67,0.0
2015-10-05,35.04,43.12,26.96,0.0
2015-10-06,34.32,41.63,27.29,0.0
2015-10-07,32.93,40.13,25.59,0.55
2015-10-08,32.49,39.77,25.65,0.01
2015-10-09,32.97,40.74,27.19,0.0
2015-10-10,34.12,41.95,28.52,0.0
2015-10-11,33.0,41.18,25.31,0.0
2015-10-12,32.49,40.32,25.95,0.0
2015-10-13,32.74,40.57,25.97,0.0
2015-10-14,32.13,38.17,25.64,0.88
2015-10-15,31.41,36.88,25.39,4.5
2015-10-16,30.11,34.02,25.85,1.1
2015-10-17,30.68,35.76,25.87,0.3
2015-10-18,31.09,37.6,25.55,0.01
2015-10-19,31.08,37.55,25.32,0.11
2015-10-20,30.73,37.3,25.09,0.01
2015-10-21,30.75,36.75,25.6,0.36
2015-10-22,30.52,35.98,24.66,0.0
2015-10-23,29.86,35.55,24.12,0.0
2015-10-24,30.64,36.74,25.57,0.0
2015-10-25,29.59,36.48,23.36,0.0
2015-10-26,30.46,36.18,24.01,0.17
2015-10-27,30.13,34.27,25.53,0.02
2015-10-28,29.23,35.45,23.6,0.0
2015-10-29,27.59,34.25,21.12,0.0
2015-10-30,27.32,35.04,20.57,0.0
2015-10-31,27.04,34.25,20.33,0.0
2015-11-01,26.73,33.65,20.09,0.0
2015-11-02,27.11,33.89,20.34,0.0
2015-11-03,27.79,34.5,21.13,0.0
2015-11-04,28.31,35.42,21.78,0.0
2015-11-05,28.73,36.52,21.87,0.0
2015-11-06,28.12,34.33,22.07,0.0
2015-11-07,28.07,33.96,21.95,0.0
2015-11-08,27.91,34.27,21.92,0.0
2015-11-09,27.68,33.86,21.19,0.0
2015-11-10,27.11,34.24,20.79,0.0
2015-11-11,26.92,34.07,20.99,0.01
2015-11-12,27.17,34.24,20.89,0.0
2015-11-13,27.23,33.5,22.31,0.0
2015-11-14,24.42,30.62,19.13,0.0
2015-11-15,23.57,31.06,16.96,0.0
2015-11-16,24.42,31.71,17.54,0.0
2015-11-17,24.93,31.45,18.92,0.0
2015-11-18,24.49,30.66,18.66,0.0
2015-11-19,24.8,30.67,19.01,0.0
2015-11-20,25.37,32.2,19.37,0.0
2015-11-21,24.96,31.45,19.13,0.0
2015-11-22,23.84,30.33,18.96,0.0
2015-11-23,24.14,31.05,18.32,0.0
2015-11-24,24.29,30.59,18.24,0.4
2015-11-25,25.37,31.64,20.05,0.25
2015-11-26,24.58,31.98,18.07,0.0
2015-11-27,24.54,32.05,18.34,0.0
2015-11-28,23.22,29.64,17.64,0.0
2015-11-29,23.87,30.68,17.63,0.01
2015-11-30,23.95,30.18,18.69,0.01
2015-12-01,24.02,30.16,18.79,0.0
2015-12-02,24.38,30.94,18.71,0.0
2015-12-03,24.28,30.98,18.44,0.0
2015-12-04,23.74,30.52,18.2,0.0
2015-12-05,24.54,32.99,17.77,0.0
2015-12-06,24.56,32.12,18.48,0.0
2015-12-07,21.86,28.13,17.46,0.0
2015-12-08,18.31,23.98,13.99,0.0
2015-12-09,18.29,25.83,12.24,0.0
2015-12-10,18.88,27.44,12.1,0.0
2015-12-11,19.3,27.14,13.09,0.0
2015-12-12,19.38,27.55,13.06,0.0
2015-12-13,19.7,27.69,12.65,0.0
2015-12-14,19.88,26.91,13.45,0.0
2015-12-15,19.49,26.49,13.53,0.0
2015-12-16,19.04,25.45,14.15,0.0
2015-12-17,19.1,27.33,12.38,0.0
2015-12-18,19.42,26.47,13.47,0.0
2015-12-19,20.86,29.21,14.21,0.0
2015-12-20,21.39,29.39,14.9,0.0
2015-12-21,22.31,29.86,16.74,0.0
2015-12-22,21.86,29.13,16.1,0.0
2015-12-23,22.49,29.4,16.46,0.0
2015-12-24,22.34,28.95,16.69,0.0
2015-12-25,21.42,28.13,15.34,0.0
2015-12-26,20.8,25.8,16.8,0.08
2015-12-27,21.42,26.31,18.04,0.0
2015-12-28,22.3,29.6,17.36,0.0
2015-12-29,21.92,30.24,15.62,0.0
2015-12-30,22.08,29.72,15.38,0.0
2015-12-31,22.11,29.13,15.08,0.0
2016-01-01,22.37,30.69,15.6,0.0
2016-01-02,21.53,28.31,16.4,18.47
2016-01-03,20.87,27.19,17.0,0.94
2016-01-04,18.75,24.31,13.56,0.01
2016-01-05,19.13,26.52,12.47,0.0
2016-01-06,19.84,26.07,15.08,0.0
2016-01-07,18.01,25.4,11.82,0.0
2016-01-08,19.11,26.25,12.97,0.0
2016-01-09,20.46,27.33,13.44,0.03
2016-01-10,21.04,28.29,14.12,0.0
2016-01-11,20.48,27.27,15.81,0.0
2016-01-12,19.83,28.34,13.64,0.0
2016-01-13,18.37,24.5,13.56,0.77
2016-01-14,18.71,26.02,12.76,0.76
2016-01-15,19.35,26.62,13.16,0.01
2016-01-16,19.29,26.58,13.39,0.0
2016-01-17,18.4,26.09,11.56,0.01
2016-01-18,19.63,28.62,12.25,0.0
2016-01-19,20.04,28.41,13.12,0.0
2016-01-20,20.18,27.43,14.94,0.0
2016-01-21,19.51,27.44,12.8,0.0
2016-01-22,19.58,27.45,13.08,0.0
2016-01-23,19.75,27.0,14.94,0.0
2016-01-24,20.59,28.16,14.23,0.0
2016-01-25,21.22,28.18,13.3,0.0
2016-01-26,21.97,29.43,16.14,0.0
2016-01-27,22.72,29.6,17.14,0.0
2016-01-28,21.36,27.59,16.15,0.0
2016-01-29,17.23,22.63,12.16,0.0
2016-01-30,14.41,20.62,9.32,0.0
2016-01-31,15.04,22.94,8.26,0.0
2016-02-01,16.61,24.74,8.99,0.0
2016-02-02,18.32,26.37,11.44,0.0
2016-02-03,18.71,25.91,12.34,0.0
2016-02-04,19.74,27.84,14.08,0.0
2016-02-05,17.85,27.43,10.75,0.0
2016-02-06,18.64,28.82,10.1,0.0
2016-02-07,19.77,28.3,11.22,0.0
2016-02-08,19.54,27.41,10.85,0.0
2016-02-09,20.48,28.26,13.85,0.0
2016-02-10,17.87,27.8,9.31,0.0
2016-02-11,19.24,27.66,12.23,0.0
2016-02-12,17.75,25.37,11.26,0.0
2016-02-13,17.38,25.94,9.72,0.0
2016-02-14,19.43,27.56,12.2,0.0
2016-02-15,20.01,27.82,13.15,0.01
2016-02-16,20.34,27.94,13.99,0.69
2016-02-17,19.29,26.65,13.29,0.47
2016-02-18,19.5,26.16,13.57,0.19
2016-02-19,19.86,28.28,12.11,0.0
2016-02-20,21.04,29.36,13.26,0.0
2016-02-21,22.41,30.72,13.82,0.0
2016-02-22,23.28,31.66,14.53,0.0
2016-02-23,24.47,31.75,17.19,0.0
2016-02-24,23.46,29.81,20.29,0.0
2016-02-25,27.56,36.2,20.77,0.0
2016-02-26,27.58,36.76,20.45,0.0
2016-02-27,28.38,35.67,23.17,0.0
2016-02-28,27.51,35.23,20.69,0.54
2016-02-29,27.38,34.18,22.66,2.05
2016-03-01,25.93,32.34,20.78,0.5
2016-03-02,23.25,30.28,17.78,0.85
2016-03-03,22.74,30.87,16.0,0.22
2016-03-04,23.82,32.39,16.05,0.0
2016-03-05,26.78,34.31,19.97,0.0
2016-03-06,26.18,32.04,20.46,0.17
2016-03-07,27.23,32.72,21.3,1.41
2016-03-08,26.16,31.67,20.88,3.97
2016-03-09,23.5,26.46,21.16,41.28
2016-03-10,24.16,28.68,20.53,7.93
2016-03-11,24.83,31.59,19.9,0.01
2016-03-12,25.3,33.39,18.74,0.0
2016-03-13,26.48,34.25,20.28,0.0
2016-03-14,25.9,34.03,18.61,0.0
2016-03-15,28.23,35.73,21.45,0.0
2016-03-16,28.23,35.64,21.52,0.0
2016-03-17,28.03,34.9,21.79,0.9
2016-03-18,26.93,34.61,21.14,0.27
2016-03-19,24.95,30.84,19.89,0.55
2016-03-20,25.84,34.58,19.56,0.0
2016-03-21,27.99,36.06,21.28,0.01
2016-03-22,28.84,35.05,23.73,0.24
2016-03-23,26.29,31.25,21.8,0.91
2016-03-24,22.95,31.0,16.08,0.0
2016-03-25,23.87,33.47,14.12,0.0
2016-03-26,25.71,34.11,17.74,0.0
2016-03-27,25.42,33.59,16.59,0.0
2016-03-28,25.59,32.51,19.35,0.0
2016-03-29,27.1,35.19,20.59,0.1
2016-03-30,27.19,34.72,20.27,0.31
2016-03-31,27.65,34.2,21.39,0.0
2016-04-01,25.4,31.26,20.04,0.1
2016-04-02,21.94,27.65,18.06,0.0
2016-04-03,21.7,30.44,13.08,0.0
2016-04-04,22.0,29.87,14.06,0.0
2016-04-05,24.18,32.48,16.26,0.0
2016-04-06,26.94,34.21,21.07,0.0
2016-04-07,29.26,36.61,21.17,0.0
2016-04-08,27.14,33.5,21.4,5.58
2016-04-09,27.61,34.23,20.69,2.6
2016-04-10,28.69,35.72,22.09,0.04
2016-04-11,29.29,36.18,22.71,1.55
2016-04-12,30.08,36.85,22.04,0.19
2016-04-13,28.86,35.51,23.6,3.99
2016-04-14,29.46,36.3,23.66,0.0
2016-04-15,30.48,37.12,24.18,0.33
2016-04-16,28.49,34.88,21.34,0.02
2016-04-17,24.63,33.47,16.27,0.0
2016-04-18,24.14,33.01,17.34,0.0
2016-04-19,26.56,35.78,18.63,0.0
2016-04-20,27.85,36.94,19.18,0.0
2016-04-21,28.51,37.09,20.51,0.0
2016-04-22,27.83,36.68,19.07,0.0
2016-04-23,29.2,37.77,21.17,0.0
2016-04-24,30.5,36.28,24.98,0.0
2016-04-25,31.41,38.55,25.67,0.0
2016-04-26,31.56,39.9,22.76,0.0
2016-04-27,32.03,39.91,23.26,0.0
2016-04-28,31.88,39.2,22.65,0.01
2016-04-29,33.32,40.67,25.05,0.23
2016-04-30,32.65,39.34,26.74,0.0
2016-05-01,31.9,38.76,25.94,0.0
2016-05-02,29.72,38.27,21.12,0.0
2016-05-03,30.31,39.1,22.22,0.0
2016-05-04,33.22,42.0,25.03,0.0
2016-05-05,34.41,41.88,26.53,0.0
2016-05-06,33.99,42.01,25.83,0.1
2016-05-07,33.89,41.89,25.37,0.13
2016-05-08,33.77,41.93,25.52,0.0
2016-05-09,33.54,40.44,26.15,0.0
2016-05-10,34.27,42.29,26.39,0.0
2016-05-11,34.41,42.14,26.04,0.0
2016-05-12,34.65,42.53,27.63,0.0
2016-05-13,34.71,43.32,25.66,0.0
2016-05-14,35.06,43.41,26.97,0.0
2016-05-15,32.77,41.43,23.58,0.0
2016-05-16,34.17,41.99,26.91,0.0
2016-05-17,34.42,42.29,25.08,0.0
2016-05-18,35.53,43.25,27.01,0.0
2016-05-19,36.22,43.74,27.78,0.0
2016-05-20,37.91,44.85,30.21,0.0
2016-05-21,37.7,44.99,31.1,0.0
2016-05-22,33.6,43.39,25.32,0.0
2016-05-23,32.69,42.92,21.82,0.0
2016-05-24,35.83,45.48,26.17,0.0
2016-05-25,37.19,46.57,27.98,0.0
2016-05-26,33.47,43.26,24.95,0.0
2016-05-27,31.88,42.32,21.36,0.0
2016-05-28,34.39,44.35,23.61,0.0
2016-05-29,35.39,44.09,25.97,0.0
2016-05-30,37.02,45.83,28.36,0.0
2016-05-31,37.44,45.83,29.96,0.0
2016-06-01,31.41,38.99,24.67,5.37
2016-06-02,29.74,38.02,21.5,2.5
2016-06-03,32.01,40.81,23.45,0.0
2016-06-04,34.39,42.91,24.69,0.0
2016-06-05,34.27,41.61,26.46,0.0
2016-06-06,35.04,42.49,26.53,0.0
2016-06-07,36.22,43.34,29.12,0.0
2016-06-08,36.96,44.96,29.08,0.0
2016-06-09,35.59,45.1,27.06,0.0
2016-06-10,34.84,43.43,25.28,0.0
2016-06-11,35.72,44.15,26.37,0.0
2016-06-12,36.0,45.44,27.16,0.08
2016-06-13,33.04,43.25,23.54,0.23
2016-06-14,31.15,40.45,21.54,0.49
2016-06-15,32.29,40.6,22.82,0.0
2016-06-16,35.15,42.99,26.43,0.0
2016-06-17,34.72,43.38,25.83,0.0
2016-06-18,35.45,43.55,26.7,0.22
2016-06-19,35.74,43.39,27.86,0.0
2016-06-20,36.17,43.92,28.32,0.0
2016-06-21,36.52,43.22,29.62,0.0
2016-06-22,37.49,45.81,29.96,0.36
2016-06-23,37.56,45.19,30.96,0.02
2016-06-24,37.24,46.07,29.0,0.0
2016-06-25,37.42,45.97,29.81,0.0
2016-06-26,37.46,45.5,30.14,0.0
2016-06-27,38.02,46.94,29.75,0.0
2016-06-28,39.99,48.0,30.61,0.0
2016-06-29,39.12,45.94,31.64,0.13
2016-06-30,37.24,42.41,32.13,0.43
2016-07-01,39.27,46.33,32.68,1.26
2016-07-02,39.16,46.3,32.18,0.0
2016-07-03,38.55,46.4,30.4,0.0
2016-07-04,40.13,45.3,34.58,0.0
2016-07-05,39.54,45.06,33.7,0.0
2016-07-06,39.51,46.58,32.77,0.0
2016-07-07,39.72,47.16,32.93,0.0
2016-07-08,39.74,47.54,32.16,0.0
2016-07-09,40.48,48.46,32.62,0.0
2016-07-10,39.29,48.1,30.06,0.0
2016-07-11,38.11,46.64,29.2,0.0
2016-07-12,37.33,46.23,28.24,0.0
2016-07-13,38.4,46.57,28.79,0.0
2016-07-14,40.09,48.52,33.21,0.0
2016-07-15,40.29,47.91,32.61,0.0
2016-07-16,39.94,46.28,32.34,0.0
2016-07-17,39.34,44.31,33.22,0.02
2016-07-18,37.94,43.86,32.14,1.25
2016-07-19,36.47,42.75,30.05,0.13
2016-07-20,36.99,43.12,30.79,0.0
2016-07-21,38.58,45.05,31.31,0.0
2016-07-22,39.17,45.72,32.46,0.0
2016-07-23,40.26,48.45,31.98,0.0
2016-07-24,39.55,45.87,32.45,0.0
2016-07-25,37.73,44.84,30.14,0.0
2016-07-26,37.73,45.64,30.02,0.0
2016-07-27,36.13,43.81,28.81,0.0
2016-07-28,34.33,41.12,27.51,0.0
2016-07-29,34.51,41.01,27.48,0.0
2016-07-30,36.91,43.05,30.49,0.0
2016-07-31,38.2,43.99,32.17,0.0
2016-08-01,38.21,43.85,32.35,0.0
2016-08-02,39.21,46.86,33.22,0.03
2016-08-03,39.29,46.48,31.46,0.19
2016-08-04,39.97,46.74,32.4,0.0
2016-08-05,38.89,44.98,32.18,0.64
2016-08-06,40.0,46.39,33.24,0.0
2016-08-07,39.83,46.02,33.34,0.01
2016-08-08,38.05,43.71,32.23,0.0
2016-08-09,38.95,45.5,32.55,0.0
2016-08-10,39.3,45.5,32.59,0.05
2016-08-11,39.06,45.78,33.08,1.16
2016-08-12,39.88,46.54,32.9,0.0
2016-08-13,39.81,45.69,33.21,0.0
2016-08-14,39.85,46.28,32.89,0.0
2016-08-15,40.01,46.33,33.88,0.0
2016-08-16,39.68,46.65,32.73,0.0
2016-08-17,39.51,46.77,32.06,0.27
2016-08-18,39.65,45.78,33.87,0.03
2016-08-19,37.88,45.81,30.78,0.0
2016-08-20,36.24,45.0,27.7,0.0
2016-08-21,36.71,44.88,28.16,0.05
2016-08-22,37.41,44.81,28.94,0.0
2016-08-23,37.57,44.82,29.47,0.0
2016-08-24,37.23,44.37,28.82,0.0
2016-08-25,36.98,44.01,29.29,0.12
2016-08-26,36.93,44.26,28.94,0.0
2016-08-27,37.76,45.42,29.4,0.0
2016-08-28,37.85,45.36,29.81,0.0
2016-08-29,36.81,44.96,28.4,0.0
2016-08-30,36.69,46.17,27.77,0.0
2016-08-31,37.82,46.52,29.27,0.0
2016-09-01,37.88,46.6,28.84,0.0
2016-09-02,37.77,45.44,29.93,0.0
2016-09-03,38.62,45.48,31.14,0.0
2016-09-04,37.69,45.02,30.23,0.0
2016-09-05,37.98,45.45,30.46,0.0
2016-09-06,37.8,46.09,30.4,0.12
2016-09-07,35.97,43.9,27.62,0.88
2016-09-08,34.38,41.87,26.62,0.0
2016-09-09,33.51,40.34,26.55,0.0
2016-09-10,34.17,41.06,26.82,0.0
2016-09-11,34.9,42.51,27.26,0.0
2016-09-12,37.09,45.33,29.51,0.0
2016-09-13,36.32,44.27,28.73,0.0
2016-09-14,34.56,41.34,27.53,0.0
2016-09-15,33.81,41.14,26.59,0.18
2016-09-16,33.41,40.63,26.48,0.0
2016-09-17,34.27,41.76,27.06,0.0
2016-09-18,34.52,41.49,27.82,0.0
2016-09-19,33.94,40.78,27.16,0.0
2016-09-20,32.9,39.04,26.53,0.0
2016-09-21,32.95,39.33,26.64,2.46
2016-09-22,32.87,39.33,26.76,0.0
2016-09-23,32.47,39.14,25.89,0.0
2016-09-24,33.39,40.23,26.84,0.0
2016-09-25,34.43,41.79,27.14,0.0
2016-09-26,33.72,40.19,26.56,0.01
2016-09-27,32.53,39.37,25.59,0.0
2016-09-28,32.43,39.49,25.5,0.0
2016-09-29,33.41,41.93,25.29,0.0
2016-09-30,32.5,39.96,25.7,0.0
2016-10-01,32.1,40.22,24.66,0.0
2016-10-02,31.55,39.2,24.81,0.0
2016-10-03,30.43,37.0,23.43,0.36
2016-10-04,33.16,38.9,27.4,0.33
2016-10-05,33.1,38.5,27.55,0.0
2016-10-06,33.66,39.89,27.59,0.51
2016-10-07,34.09,40.5,28.1,0.38
2016-10-08,32.86,39.45,26.35,0.6
2016-10-09,34.38,40.51,28.85,0.0
2016-10-10,34.51,40.69,29.41,0.0
2016-10-11,32.38,39.23,26.76,0.14
2016-10-12,30.69,37.71,24.86,0.0
2016-10-13,30.89,38.06,24.69,0.0
2016-10-14,31.08,38.48,23.78,0.0
2016-10-15,30.59,37.62,23.67,0.0
2016-10-16,30.92,37.34,25.1,0.0
2016-10-17,28.75,35.78,21.34,0.0
2016-10-18,28.61,35.23,21.27,0.0
2016-10-19,28.65,36.3,21.08,0.42
2016-10-20,30.07,37.9,22.81,0.0
2016-10-21,29.93,37.2,23.9,0.0
2016-10-22,29.64,36.41,24.54,0.0
2016-10-23,29.75,36.65,24.44,0.07
2016-10-24,28.98,35.91,23.11,0.14
2016-10-25,29.05,35.73,23.72,0.0
2016-10-26,29.57,36.99,22.67,0.0
2016-10-27,28.76,37.44,21.11,0.0
2016-10-28,28.59,38.32,20.72,0.0
2016-10-29,28.94,38.29,21.27,0.0
2016-10-30,28.78,37.49,21.04,0.0
2016-10-31,28.14,35.27,21.55,0.0
2016-11-01,26.47,33.52,19.94,0.0
2016-11-02,27.11,33.69,21.57,0.0
2016-11-03,27.44,34.62,21.49,0.0
2016-11-04,28.16,36.0,20.95,0.0
2016-11-05,27.89,34.99,21.85,0.0
2016-11-06,28.34,35.93,21.81,0.0
2016-11-07,28.42,35.24,23.68,0.0
2016-11-08,27.77,35.17,21.42,0.0
2016-11-09,25.11,31.36,19.43,0.0
2016-11-10,26.48,34.81,19.04,0.0
2016-11-11,26.78,34.86,20.2,0.0
2016-11-12,26.19,34.69,19.66,0.0
2016-11-13,25.0,33.84,18.05,0.0
2016-11-14,24.43,33.09,17.5,0.0
2016-11-15,24.19,33.26,15.96,0.0
2016-11-16,24.64,32.44,17.32,0.0
2016-11-17,24.19,32.35,17.13,0.0
2016-11-18,23.99,32.86,16.73,0.0
2016-11-19,24.89,33.82,17.55,0.0
2016-11-20,24.44,32.81,17.69,0.0
2016-11-21,25.08,33.29,18.33,0.0
2016-11-22,24.87,31.48,19.05,0.0
2016-11-23,24.6,30.46,18.66,0.01
2016-11-24,24.55,30.09,18.66,0.3
2016-11-25,23.94,30.41,18.31,0.06
2016-11-26,23.95,30.91,17.84,0.0
2016-11-27,23.88,30.79,18.49,0.0
2016-11-28,23.71,31.26,17.23,0.0
2016-11-29,25.13,32.7,18.41,0.0
2016-11-30,25.19,33.08,18.77,0.0
2016-12-01,26.06,34.99,18.75,0.0
2016-12-02,26.56,34.76,19.69,0.0
2016-12-03,27.18,36.84,19.71,0.0
2016-12-04,27.02,36.0,20.28,0.0
2016-12-05,25.61,32.99,19.41,0.0
2016-12-06,24.4,31.7,18.07,0.0
2016-12-07,25.53,32.48,20.46,0.43
2016-12-08,24.65,31.0,20.17,0.0
2016-12-09,22.93,30.05,17.28,0.0
2016-12-10,20.69,27.24,15.42,0.0
2016-12-11,18.4,24.84,12.94,0.0
2016-12-12,17.94,25.41,11.46,0.0
2016-12-13,18.79,26.51,12.27,0.0
2016-12-14,20.0,27.23,13.63,0.0
2016-12-15,20.68,27.49,14.33,0.0
2016-12-16,22.37,29.53,17.56,0.0
2016-12-17,20.44,28.17,14.99,0.0
2016-12-18,20.49,29.53,13.28,0.0
2016-12-19,20.73,28.37,14.63,0.0
2016-12-20,21.53,29.49,14.5,0.0
2016-12-21,22.21,30.23,15.68,0.0
2016-12-22,22.99,31.89,16.2,0.0
2016-12-23,24.49,34.06,16.57,0.0
2016-12-24,24.08,32.29,18.4,0.0
2016-12-25,23.71,31.78,17.83,0.0
2016-12-26,24.16,32.19,18.24,0.0
2016-12-27,24.0,33.34,16.47,0.0
2016-12-28,25.2,35.6,17.12,0.0
2016-12-29,25.97,36.8,18.11,0.0
2016-12-30,25.21,35.9,17.84,0.0
2016-12-31,24.95,35.21,17.58,0.0
2017-01-01,23.72,34.29,15.86,0.0
2017-01-02,23.74,32.56,18.61,0.0
2017-01-03,22.68,31.45,16.1,0.01
2017-01-04,22.58,31.45,16.09,0.02
2017-01-05,20.96,29.62,14.75,0.1
2017-01-06,18.9,26.37,12.91,0.0
2017-01-07,19.24,27.24,12.53,0.0
2017-01-08,20.07,28.06,14.18,0.0
2017-01-09,20.86,29.33,13.66,0.0
2017-01-10,21.55,30.45,14.39,0.0
2017-01-11,22.57,32.38,14.66,0.0
2017-01-12,22.4,30.52,17.1,0.0
2017-01-13,20.02,27.46,14.03,0.0
2017-01-14,18.29,25.57,12.93,0.1
2017-01-15,17.84,26.5,10.1,0.29
2017-01-16,19.74,27.76,13.13,0.0
2017-01-17,20.84,28.71,14.51,0.0
2017-01-18,19.72,26.02,13.3,0.0
2017-01-19,21.01,26.65,15.64,0.01
2017-01-20,21.75,26.21,18.14,1.23
2017-01-21,21.79,28.29,15.84,0.07
2017-01-22,22.89,29.13,17.68,0.28
2017-01-23,22.57,28.98,17.14,0.26
2017-01-24,19.72,24.27,14.75,4.64
2017-01-25,16.94,23.57,11.14,4.54
2017-01-26,18.14,24.98,11.36,0.0
2017-01-27,18.98,25.75,12.41,0.0
2017-01-28,19.26,26.7,12.74,0.0
2017-01-29,19.91,26.77,13.07,0.0
2017-01-30,21.57,29.0,15.09,0.0
2017-01-31,21.7,29.56,14.99,0.0
2017-02-01,22.67,29.82,16.82,0.0
2017-02-02,21.47,29.16,15.32,0.16
2017-02-03,14.39,19.35,7.95,0.53
2017-02-04,13.01,21.46,5.55,1.4
2017-02-05,15.14,23.92,7.27,0.0
2017-02-06,16.89,25.16,9.76,0.0
2017-02-07,17.51,24.96,11.03,0.0
2017-02-08,18.57,27.32,10.22,0.0
2017-02-09,20.52,27.67,13.29,0.0
2017-02-10,20.78,27.12,13.76,0.0
2017-02-11,22.78,29.27,15.7,0.0
2017-02-12,23.67,29.92,18.62,0.0
2017-02-13,23.08,30.11,17.12,0.02
2017-02-14,23.96,31.14,17.55,0.15
2017-02-15,22.01,26.77,18.26,0.0
2017-02-16,22.75,28.59,17.56,0.01
2017-02-17,23.55,30.05,17.57,4.43
2017-02-18,20.42,24.49,14.91,8.89
2017-02-19,18.58,25.83,13.28,0.0
2017-02-20,18.27,26.06,11.85,0.0
2017-02-21,19.77,28.68,12.9,0.0
2017-02-22,21.29,29.65,14.1,0.0
2017-02-23,24.09,32.25,16.89,0.0
2017-02-24,24.95,32.52,17.37,0.0
2017-02-25,24.71,31.72,17.6,0.0
2017-02-26,23.04,28.74,18.61,0.53
2017-02-27,22.38,28.9,17.01,0.02
2017-02-28,21.36,29.14,15.05,0.31
2017-03-01,22.3,31.12,13.96,0.0
2017-03-02,23.8,31.43,17.25,0.0
2017-03-03,24.91,32.72,18.31,0.0
2017-03-04,26.98,34.8,20.43,0.0
2017-03-05,26.66,34.3,19.71,0.12
2017-03-06,26.47,33.75,20.83,0.23
2017-03-07,22.63,30.41,16.23,0.01
2017-03-08,23.18,33.23,13.32,0.0
2017-03-09,25.59,34.52,19.02,0.0
2017-03-10,23.98,33.56,14.72,0.0
2017-03-11,25.31,32.93,17.96,0.0
2017-03-12,25.43,32.78,17.94,0.0
2017-03-13,28.49,36.52,21.0,0.0
2017-03-14,29.01,36.59,22.08,0.0
2017-03-15,27.7,34.67,20.7,0.52
2017-03-16,27.46,35.05,21.21,0.0
2017-03-17,26.64,33.24,20.67,0.0
2017-03-18,27.61,34.21,21.95,0.03
2017-03-19,28.72,36.43,21.32,0.4
2017-03-20,26.32,33.95,20.12,18.07
2017-03-21,23.02,26.97,19.28,4.39
2017-03-22,21.57,29.13,16.15,1.7
2017-03-23,24.22,29.23,18.48,0.0
2017-03-24,25.24,29.68,21.67,6.73
2017-03-25,25.89,33.25,20.45,5.96
2017-03-26,25.38,31.38,19.89,0.1
2017-03-27,25.29,30.1,21.08,0.0
2017-03-28,27.61,34.25,21.05,0.0
2017-03-29,28.89,36.47,21.57,0.0
2017-03-30,30.73,38.78,23.76,0.0
2017-03-31,30.92,39.13,23.56,0.0
2017-04-01,31.29,39.69,23.94,0.0
2017-04-02,32.11,40.6,24.63,0.0
2017-04-03,31.83,41.15,23.38,0.0
2017-04-04,28.07,36.79,20.67,0.0
2017-04-05,23.89,32.74,17.0,0.0
2017-04-06,25.1,35.12,15.91,0.0
2017-04-07,27.3,35.66,19.46,0.0
2017-04-08,30.16,38.5,22.39,0.0
2017-04-09,32.18,40.95,24.17,0.0
2017-04-10,32.23,41.59,24.01,0.0
2017-04-11,31.74,40.78,22.94,0.0
2017-04-12,31.1,39.7,21.94,0.0
2017-04-13,31.7,40.84,22.69,0.0
2017-04-14,33.38,42.32,26.58,0.0
2017-04-15,33.11,41.99,24.88,0.0
2017-04-16,32.29,41.91,23.1,0.0
2017-04-17,31.57,40.19,22.34,0.0
2017-04-18,31.58,39.86,23.23,0.0
2017-04-19,32.73,40.73,26.06,0.0
2017-04-20,30.74,39.2,23.53,1.8
2017-04-21,25.37,34.81,17.19,3.69
2017-04-22,27.36,38.68,15.85,0.0
2017-04-23,32.77,41.79,22.9,0.0
2017-04-24,32.79,40.77,24.49,0.0
2017-04-25,32.57,41.74,23.58,0.0
2017-04-26,33.32,41.69,26.53,0.0
2017-04-27,33.76,42.47,25.16,0.0
2017-04-28,33.98,42.19,25.08,0.0
2017-04-29,33.02,40.71,25.0,0.01
2017-04-30,32.7,39.86,25.84,2.5
2017-05-01,32.09,38.48,26.53,0.2
2017-05-02,33.42,40.27,26.18,1.14
2017-05-03,32.26,38.06,27.0,1.19
2017-05-04,32.05,38.47,27.55,3.71
2017-05-05,30.89,38.16,24.31,2.99
2017-05-06,31.23,39.36,23.24,0.0
2017-05-07,31.86,40.05,23.62,0.0
2017-05-08,33.13,40.45,25.95,0.0
2017-05-09,33.68,41.04,26.66,0.04
2017-05-10,33.68,40.72,27.74,8.53
2017-05-11,31.79,39.55,24.37,25.61
2017-05-12,32.68,40.05,25.46,0.0
2017-05-13,32.73,38.75,27.13,0.28
2017-05-14,33.14,39.71,26.77,0.04
2017-05-15,34.19,41.9,27.88,0.16
2017-05-16,33.42,41.57,26.72,0.0
2017-05-17,34.41,42.5,26.82,0.0
2017-05-18,34.14,41.67,25.51,0.0
2017-05-19,33.66,42.0,25.06,0.0
2017-05-20,34.76,42.78,27.81,0.0
2017-05-21,35.69,44.0,28.2,0.0
2017-05-22,36.1,44.01,28.38,0.0
2017-05-23,33.88,42.44,25.3,0.0
2017-05-24,34.29,42.02,25.22,0.0
2017-05-25,35.35,42.86,27.19,0.0
2017-05-26,35.26,43.76,26.86,0.0
2017-05-27,35.51,44.13,26.68,0.0
2017-05-28,36.45,45.78,27.44,0.0
2017-05-29,36.5,46.43,26.97,1.66
2017-05-30,38.09,48.12,28.77,0.0
2017-05-31,38.79,49.12,28.24,0.0
2017-06-01,38.45,48.72,28.39,0.0
2017-06-02,38.3,47.35,29.69,0.0
2017-06-03,37.09,44.83,28.97,0.0
2017-06-04,36.83,44.79,29.72,0.0
2017-06-05,37.99,46.09,29.38,0.0
2017-06-06,37.99,45.42,30.9,0.0
2017-06-07,37.67,45.76,31.0,0.0
2017-06-08,36.63,44.62,29.8,0.0
2017-06-09,37.36,45.45,29.71,0.0
2017-06-10,37.12,44.65,29.54,0.01
2017-06-11,38.72,46.96,30.9,0.0
2017-06-12,39.18,47.54,32.33,0.0
2017-06-13,38.11,47.37,29.49,0.0
2017-06-14,39.66,48.25,31.7,0.0
2017-06-15,38.6,46.94,29.07,0.0
2017-06-16,38.09,45.9,30.27,0.0
2017-06-17,39.15,48.46,29.8,0.0
2017-06-18,38.88,48.06,30.92,0.0
2017-06-19,39.16,48.47,30.94,0.0
2017-06-20,37.33,46.02,28.81,0.0
2017-06-21,36.6,45.67,27.76,0.0
2017-06-22,38.45,46.01,30.97,0.0
2017-06-23,38.13,46.17,29.81,0.0
2017-06-24,38.02,46.55,29.29,0.0
2017-06-25,38.41,46.39,29.82,0.0
2017-06-26,38.6,46.91,29.61,0.0
2017-06-27,40.15,48.76,30.83,0.0
2017-06-28,40.9,49.44,32.48,0.0
2017-06-29,40.67,48.65,32.61,0.0
2017-06-30,39.11,46.19,30.83,0.0
2017-07-01,38.71,46.16,31.13,0.0
2017-07-02,39.55,47.81,30.67,0.0
2017-07-03,40.4,48.86,31.55,0.0
2017-07-04,39.66,47.58,31.64,0.0
2017-07-05,39.81,48.16,30.64,0.0
2017-07-06,41.24,49.36,32.51,0.0
2017-07-07,40.91,48.01,32.73,0.31
2017-07-08,38.39,44.21,32.78,2.4
2017-07-09,36.66,43.23,29.31,4.76
2017-07-10,37.2,43.79,29.96,0.48
2017-07-11,37.61,44.18,31.03,0.34
2017-07-12,37.87,44.2,31.73,0.85
2017-07-13,37.21,43.78,30.36,0.04
2017-07-14,36.94,43.23,30.67,0.2
2017-07-15,36.66,42.79,30.31,2.32
2017-07-16,34.84,41.37,29.63,5.69
2017-07-17,35.47,42.88,29.63,0.51
2017-07-18,37.93,45.1,31.03,1.04
2017-07-19,38.88,45.81,31.22,0.0
2017-07-20,37.72,44.46,30.93,0.0
2017-07-21,37.09,43.93,29.12,1.16
2017-07-22,38.76,44.57,32.92,0.0
2017-07-23,37.04,42.73,32.89,0.79
2017-07-24,34.75,41.09,31.1,5.11
2017-07-25,35.82,42.83,28.19,0.08
2017-07-26,37.48,44.22,32.76,0.61
2017-07-27,38.14,45.99,30.41,0.55
2017-07-28,39.0,45.83,31.46,0.14
2017-07-29,39.84,45.92,32.3,0.0
2017-07-30,38.97,45.97,32.29,0.0
2017-07-31,38.84,45.86,31.26,0.0
2017-08-01,39.6,46.52,32.14,0.28
2017-08-02,39.76,46.48,32.52,1.41
2017-08-03,38.2,44.67,31.03,3.08
2017-08-04,39.09,45.9,32.27,0.14
2017-08-05,39.38,46.27,32.03,0.5
2017-08-06,39.53,46.12,32.28,0.0
2017-08-07,39.22,46.15,32.04,0.0
2017-08-08,38.28,46.47,30.57,0.0
2017-08-09,37.08,44.55,30.0,0.0
2017-08-10,37.15,44.06,30.72,0.04
2017-08-11,37.9,44.95,31.04,0.25
2017-08-12,37.75,45.09,29.91,0.0
2017-08-13,37.6,44.98,29.87,0.0
2017-08-14,37.36,44.03,30.34,0.0
2017-08-15,35.45,42.3,28.53,0.86
2017-08-16,33.74,40.67,26.59,2.85
2017-08-17,34.96,41.85,27.89,3.25
2017-08-18,37.58,44.4,31.07,0.0
2017-08-19,38.8,46.11,31.27,0.0
2017-08-20,38.14,45.26,30.56,0.0
2017-08-21,35.47,42.83,29.25,0.0
2017-08-22,36.03,44.11,28.16,0.0
2017-08-23,35.98,42.74,29.52,0.11
2017-08-24,35.18,42.69,28.04,1.01
2017-08-25,34.18,41.86,27.01,0.0
2017-08-26,35.94,43.01,28.8,0.0
2017-08-27,37.06,43.84,29.55,0.0
2017-08-28,36.53,43.66,29.45,0.0
2017-08-29,35.81,43.89,27.41,0.0
2017-08-30,35.86,43.4,28.27,0.0
2017-08-31,35.37,43.55,27.08,0.0
2017-09-01,35.26,42.4,28.59,0.0
2017-09-02,36.04,43.88,28.4,0.0
2017-09-03,36.83,44.82,28.34,0.0
2017-09-04,36.44,44.11,28.38,0.0
2017-09-05,35.28,41.88,28.38,0.15
2017-09-06,35.43,41.78,28.66,0.14
2017-09-07,35.59,41.86,28.94,0.12
2017-09-08,35.02,41.6,28.13,0.0
2017-09-09,35.71,42.8,28.42,0.0
2017-09-10,36.49,43.93,29.14,0.0
2017-09-11,35.63,42.8,28.13,0.0
2017-09-12,34.73,42.31,27.29,0.0
2017-09-13,34.42,41.86,27.16,0.0
2017-09-14,34.48,41.84,27.08,0.0
2017-09-15,35.01,42.49,27.46,0.0
2017-09-16,35.65,43.25,28.42,0.0
2017-09-17,36.25,43.08,29.05,0.0
2017-09-18,35.51,42.35,28.76,0.0
2017-09-19,35.03,42.44,27.98,0.18
2017-09-20,35.87,42.99,29.41,0.0
2017-09-21,35.52,41.85,28.73,0.0
2017-09-22,34.18,40.06,28.48,0.0
2017-09-23,33.92,39.92,27.71,0.0
2017-09-24,33.92,40.32,27.44,0.0
2017-09-25,33.76,40.47,27.24,0.0
2017-09-26,33.27,41.03,25.16,0.04
2017-09-27,32.92,41.0,25.1,0.08
2017-09-28,32.32,40.77,24.62,0.0
2017-09-29,32.55,41.3,24.6,0.0
2017-09-30,34.77,43.55,26.82,0.0
2017-10-01,34.0,42.96,26.08,0.0
2017-10-02,33.53,42.13,25.14,0.0
2017-10-03,33.33,41.84,25.13,0.0
2017-10-04,33.08,39.56,26.99,0.0
2017-10-05,30.99,37.32,24.97,0.0
2017-10-06,30.61,38.1,23.91,0.0
2017-10-07,30.83,38.52,23.39,0.0
2017-10-08,32.86,41.29,24.99,0.0
2017-10-09,32.94,40.8,25.54,0.0
2017-10-10,34.04,41.94,27.21,0.0
2017-10-11,33.48,41.13,25.9,0.0
2017-10-12,32.08,39.98,24.69,0.0
2017-10-13,32.94,40.42,26.91,0.0
2017-10-14,33.29,40.75,26.5,0.0
2017-10-15,32.48,39.45,26.2,0.0
2017-10-16,32.9,39.87,27.89,0.0
2017-10-17,32.53,39.6,27.67,0.0
2017-10-18,31.9,39.27,24.51,0.0
2017-10-19,32.36,39.48,25.34,0.0
2017-10-20,31.17,38.17,24.7,0.0
2017-10-21,30.4,37.72,24.36,0.0
2017-10-22,30.31,37.17,23.88,0.0
2017-10-23,29.89,37.29,22.62,0.0
2017-10-24,29.63,36.48,23.19,0.0
2017-10-25,29.04,35.93,22.57,0.0
2017-10-26,29.8,37.03,22.99,0.0
2017-10-27,29.17,36.79,21.44,0.0
2017-10-28,30.5,38.6,22.51,0.0
2017-10-29,28.78,37.3,21.13,0.0
2017-10-30,28.34,36.38,20.7,0.0
2017-10-31,27.42,34.7,20.57,0.0
2017-11-01,27.51,34.32,20.85,0.0
2017-11-02,27.22,33.73,21.05,0.0
2017-11-03,27.3,34.04,20.78,0.0
2017-11-04,27.53,34.35,21.4,0.0
2017-11-05,26.75,33.67,20.28,0.0
2017-11-06,26.73,34.79,19.39,0.0
2017-11-07,26.51,34.59,19.22,0.0
2017-11-08,26.7,35.48,18.94,0.0
2017-11-09,27.28,35.18,20.71,0.0
2017-11-10,27.63,34.65,21.36,0.0
2017-11-11,26.96,34.13,21.24,0.0
2017-11-12,26.9,35.07,19.54,0.0
2017-11-13,25.54,32.32,20.29,0.0
2017-11-14,24.97,32.77,17.92,0.0
2017-11-15,25.11,31.42,18.97,0.0
2017-11-16,25.3,31.46,20.18,0.02
2017-11-17,25.01,30.94,19.34,0.54
2017-11-18,25.14,30.56,20.91,0.1
2017-11-19,24.32,31.03,18.56,0.0
2017-11-20,23.14,30.05,17.53,0.0
2017-11-21,22.7,28.96,16.3,0.02
2017-11-22,22.02,28.79,15.14,0.1
2017-11-23,22.86,29.18,15.86,0.0
2017-11-24,23.78,30.36,17.66,0.0
2017-11-25,24.47,31.81,18.72,0.0
2017-11-26,22.57,29.65,17.28,0.0
2017-11-27,22.72,31.03,15.59,0.01
2017-11-28,24.39,32.96,16.81,0.0
2017-11-29,22.93,30.61,16.85,0.0
2017-11-30,22.47,30.62,15.42,0.0
2017-12-01,22.94,31.38,16.01,0.0
2017-12-02,23.72,31.6,17.08,0.0
2017-12-03,23.75,30.88,18.08,0.18
2017-12-04,22.63,29.85,18.29,0.0
2017-12-05,20.03,27.72,14.57,0.0
2017-12-06,17.85,25.93,11.41,0.0
2017-12-07,18.61,26.49,12.75,0.0
2017-12-08,19.45,27.19,14.12,0.0
2017-12-09,18.82,25.62,13.26,0.0
2017-12-10,19.53,27.92,13.79,0.0
2017-12-11,19.09,27.58,12.13,0.0
2017-12-12,18.46,25.86,12.0,0.0
2017-12-13,20.02,27.64,13.47,0.0
2017-12-14,20.17,25.53,14.91,0.0
2017-12-15,20.15,26.12,15.12,0.0
2017-12-16,20.24,26.93,14.04,1.34
2017-12-17,19.63,23.47,16.25,11.26
2017-12-18,18.48,23.44,14.39,0.12
2017-12-19,18.94,25.85,12.89,0.22
2017-12-20,19.37,26.93,12.91,0.01
2017-12-21,19.96,28.13,13.23,0.01
2017-12-22,20.57,29.18,13.24,0.0
2017-12-23,22.03,31.8,14.39,0.0
2017-12-24,22.85,32.8,16.1,0.01
2017-12-25,23.41,33.54,16.52,0.02
2017-12-26,22.2,31.58,15.35,0.0
2017-12-27,22.37,31.65,15.44,0.0
2017-12-28,21.59,29.77,14.98,0.0
2017-12-29,21.75,29.02,15.54,0.0
2017-12-30,20.68,27.73,14.98,0.0
2017-12-31,20.8,28.41,15.54,0.0
2018-01-01,20.31,28.72,14.41,0.0
2018-01-02,20.03,27.67,14.95,0.0
2018-01-03,19.39,26.41,13.94,0.0
2018-01-04,17.86,25.34,11.26,0.0
2018-01-05,17.81,25.36,11.29,0.0
2018-01-06,19.7,28.03,12.85,0.0
2018-01-07,20.05,28.0,14.08,0.0
2018-01-08,18.27,25.48,12.64,0.0
2018-01-09,17.46,24.79,10.9,0.0
2018-01-10,19.15,25.49,12.7,0.0
2018-01-11,19.41,25.88,13.92,0.0
2018-01-12,19.03,26.92,12.61,0.0
2018-01-13,18.39,27.97,10.27,0.0
2018-01-14,19.44,29.48,11.46,0.0
2018-01-15,19.73,28.24,13.15,0.0
2018-01-16,19.17,27.3,12.96,0.01
2018-01-17,16.94,24.9,10.2,0.0
2018-01-18,17.01,24.24,11.15,0.0
2018-01-19,18.77,26.54,11.45,0.0
2018-01-20,18.95,26.37,11.69,0.0
2018-01-21,18.06,24.19,12.59,0.0
2018-01-22,17.25,26.51,9.52,0.0
2018-01-23,19.02,29.17,10.79,0.0
2018-01-24,19.32,26.85,14.41,0.0
2018-01-25,20.58,29.82,13.03,0.0
2018-01-26,22.68,32.52,15.03,0.0
2018-01-27,24.23,33.23,17.46,0.0
2018-01-28,23.39,31.34,16.93,0.0
2018-01-29,19.54,26.52,13.53,0.0
2018-01-30,18.66,25.88,12.87,0.0
2018-01-31,18.09,25.22,13.28,0.11
2018-02-01,18.45,26.1,12.59,0.11
2018-02-02,18.3,26.92,11.2,0.0
2018-02-03,17.87,25.65,10.93,0.0
2018-02-04,18.49,26.58,11.05,0.0
2018-02-05,19.1,27.09,12.24,0.0
2018-02-06,19.42,28.32,11.77,0.0
2018-02-07,20.46,28.43,12.04,0.0
2018-02-08,20.83,28.91,14.86,0.0
2018-02-09,19.91,27.77,13.68,0.0
2018-02-10,19.66,27.47,14.08,0.0
2018-02-11,21.02,30.27,13.11,0.0
2018-02-12,23.33,31.47,16.54,0.0
2018-02-13,23.3,31.38,15.99,0.0
2018-02-14,23.2,30.73,16.34,0.0
2018-02-15,24.44,33.33,16.54,0.0
2018-02-16,25.03,33.38,17.75,0.0
2018-02-17,25.67,34.07,17.72,0.0
2018-02-18,26.7,34.52,19.36,0.0
2018-02-19,25.97,33.78,18.79,0.0
2018-02-20,24.91,33.64,17.89,0.0
2018-02-21,25.68,34.5,18.13,0.0
2018-02-22,25.33,31.3,19.72,0.0
2018-02-23,25.58,33.18,18.39,0.0
2018-02-24,25.85,33.7,19.04,0.0
2018-02-25,21.96,24.52,19.0,0.32
2018-02-26,24.64,31.25,18.58,0.61
2018-02-27,24.53,30.23,19.44,0.0
2018-02-28,25.52,32.33,19.6,0.03
2018-03-01,24.82,31.74,18.49,0.18
2018-03-02,24.97,30.35,20.14,0.56
2018-03-03,24.09,30.76,19.21,3.2
2018-03-04,22.37,30.57,15.34,0.01
2018-03-05,22.27,30.54,15.89,0.0
2018-03-06,22.56,31.19,15.32,0.0
2018-03-07,24.2,33.43,15.35,0.0
2018-03-08,26.02,35.0,18.59,0.0
2018-03-09,26.26,35.35,18.6,0.0
2018-03-10,26.63,34.79,19.62,0.0
2018-03-11,25.09,33.46,17.34,0.0
2018-03-12,24.52,31.89,18.1,0.0
2018-03-13,25.5,32.52,18.5,0.0
2018-03-14,25.53,33.45,18.89,0.0
2018-03-15,23.99,33.8,15.56,0.0
2018-03-16,25.81,35.41,16.59,0.0
2018-03-17,25.33,33.8,15.73,0.0
2018-03-18,27.1,35.02,20.93,0.0
2018-03-19,24.15,32.52,16.89,0.0
2018-03-20,25.08,34.14,17.61,0.18
2018-03-21,26.27,35.47,17.67,0.0
2018-03-22,26.38,35.15,18.17,0.0
2018-03-23,26.58,35.01,18.63,0.0
2018-03-24,27.28,35.6,18.15,0.0
2018-03-25,27.6,37.93,18.43,0.0
2018-03-26,28.54,37.86,20.3,0.0
2018-03-27,28.75,38.24,20.86,0.0
2018-03-28,29.43,40.15,19.97,0.0
2018-03-29,31.45,40.69,23.29,0.0
2018-03-30,31.26,40.35,22.14,0.0
2018-03-31,30.86,40.18,22.52,0.0
2018-04-01,30.31,40.64,21.75,0.0
2018-04-02,29.4,38.88,20.48,0.0
2018-04-03,30.09,37.99,22.34,0.0
2018-04-04,31.78,39.35,25.78,0.0
2018-04-05,32.01,40.43,23.93,0.0
2018-04-06,32.06,40.11,24.61,0.0
2018-04-07,31.93,40.52,24.08,0.0
2018-04-08,32.24,39.68,24.81,0.0
2018-04-09,32.38,39.67,25.14,0.0
2018-04-10,32.74,40.31,25.23,0.0
2018-04-11,32.37,39.42,25.63,0.0
2018-04-12,31.88,38.99,24.72,0.0
2018-04-13,33.01,39.94,27.02,0.0
2018-04-14,32.13,39.25,25.32,3.34
2018-04-15,30.59,37.56,24.85,0.17
2018-04-16,31.29,39.54,23.02,0.0
2018-04-17,31.19,38.46,25.11,0.0
2018-04-18,30.84,38.85,23.71,0.0
2018-04-19,27.28,35.62,20.36,0.0
2018-04-20,26.91,36.16,17.59,0.0
2018-04-21,29.78,39.02,20.73,0.0
2018-04-22,31.75,41.48,22.46,0.0
2018-04-23,31.44,38.93,23.06,0.0
2018-04-24,32.01,39.88,23.57,0.0
2018-04-25,33.71,41.5,25.12,0.0
2018-04-26,35.47,43.35,27.73,0.0
2018-04-27,35.37,42.56,28.06,0.0
2018-04-28,34.51,42.31,26.82,0.0
2018-04-29,33.94,42.28,25.35,0.0
2018-04-30,33.75,41.79,25.16,0.0
2018-05-01,34.45,42.25,28.08,0.0
2018-05-02,34.68,42.49,27.2,0.0
2018-05-03,34.41,42.13,26.46,0.0
2018-05-04,34.19,42.01,26.67,0.0
2018-05-05,33.65,41.78,25.96,0.0
2018-05-06,33.82,42.5,25.35,0.0
2018-05-07,34.17,42.93,24.73,0.0
2018-05-08,35.76,43.97,27.89,0.0
2018-05-09,34.86,42.96,26.94,0.0
2018-05-10,34.4,42.53,26.85,0.0
2018-05-11,33.59,41.57,25.69,0.0
2018-05-12,34.95,42.46,26.98,0.0
2018-05-13,35.62,42.82,28.48,0.0
2018-05-14,34.67,42.84,26.22,0.0
2018-05-15,34.66,42.53,26.57,2.54
2018-05-16,35.02,41.89,28.0,0.27
2018-05-17,34.76,42.03,27.85,0.01
2018-05-18,34.38,41.39,27.01,0.0
2018-05-19,33.88,41.67,25.97,0.0
2018-05-20,34.08,41.85,25.68,0.0
2018-05-21,34.67,42.17,26.39,0.0
2018-05-22,33.97,41.84,25.71,0.0
2018-05-23,33.99,41.84,25.12,0.0
2018-05-24,34.32,41.74,25.92,0.0
2018-05-25,33.66,40.24,26.78,0.88
2018-05-26,33.69,39.45,27.53,0.0
2018-05-27,33.83,40.62,26.59,0.0
2018-05-28,34.62,41.34,27.54,0.0
2018-05-29,36.27,43.2,29.04,0.04
2018-05-30,37.35,44.29,29.37,0.0
2018-05-31,38.7,46.53,30.77,0.0
2018-06-01,39.68,48.36,30.79,0.0
2018-06-02,39.45,47.98,30.25,0.0
2018-06-03,38.23,46.18,29.58,0.0
2018-06-04,36.98,44.71,29.29,0.0
2018-06-05,36.39,43.32,30.07,0.0
2018-06-06,36.33,42.93,30.04,0.0
2018-06-07,37.6,44.82,30.07,0.0
2018-06-08,39.37,48.06,30.63,0.0
2018-06-09,39.23,48.56,31.97,0.01
2018-06-10,36.47,45.99,27.55,0.0
2018-06-11,36.02,45.08,28.24,0.0
2018-06-12,34.36,43.74,25.67,0.0
2018-06-13,34.6,45.3,24.84,0.0
2018-06-14,36.62,46.6,26.08,0.0
2018-06-15,37.73,46.9,28.7,0.0
2018-06-16,36.06,44.21,28.39,0.0
2018-06-17,34.76,43.49,26.12,0.0
2018-06-18,36.53,43.59,29.61,0.0
2018-06-19,36.51,44.65,27.44,0.0
2018-06-20,37.23,45.2,28.64,0.0
2018-06-21,37.62,44.85,29.81,0.0
2018-06-22,37.29,45.3,29.48,0.0
2018-06-23,37.27,46.25,28.83,0.0
2018-06-24,38.23,48.09,28.77,0.0
2018-06-25,37.88,47.84,27.9,0.0
2018-06-26,38.5,47.83,29.28,0.0
2018-06-27,39.36,47.47,31.52,0.0
2018-06-28,40.41,47.98,33.52,0.0
2018-06-29,38.22,45.45,30.62,0.85
2018-06-30,38.16,45.52,29.88,0.03
2018-07-01,37.67,45.18,30.27,0.0
2018-07-02,38.93,47.35,30.59,0.0
2018-07-03,40.03,48.14,31.43,0.0
2018-07-04,40.61,47.8,34.19,0.3
2018-07-05,37.55,43.95,31.19,0.19
2018-07-06,36.72,42.14,31.3,0.0
2018-07-07,37.2,43.82,30.8,0.0
2018-07-08,38.47,45.58,30.48,0.0
2018-07-09,40.17,48.0,31.91,0.0
2018-07-10,39.78,47.34,31.36,0.0
2018-07-11,40.47,48.17,31.72,0.0
2018-07-12,40.98,48.75,32.73,0.0
2018-07-13,41.77,49.12,35.06,0.0
2018-07-14,41.49,48.54,35.66,0.0
2018-07-15,41.13,48.76,33.83,0.03
2018-07-16,39.91,48.56,31.19,0.0
2018-07-17,39.25,46.7,31.52,0.0
2018-07-18,38.81,45.37,32.14,0.0
2018-07-19,38.28,45.0,31.79,0.0
2018-07-20,38.49,45.49,31.48,0.0
2018-07-21,39.49,46.49,32.59,0.0
2018-07-22,38.61,45.63,32.02,0.0
2018-07-23,38.47,44.87,31.32,0.0
2018-07-24,38.49,46.0,31.74,0.0
2018-07-25,38.02,45.88,30.02,0.0
2018-07-26,38.7,46.28,31.28,0.0
2018-07-27,39.61,47.02,32.0,0.0
2018-07-28,37.89,43.8,30.84,0.0
2018-07-29,38.5,44.97,33.32,0.0
2018-07-30,38.87,45.79,31.61,0.37
2018-07-31,39.5,46.41,32.02,0.0
2018-08-01,39.27,46.07,32.63,0.0
2018-08-02,39.47,46.5,32.44,0.16
2018-08-03,38.78,46.3,31.47,0.41
2018-08-04,38.64,45.78,30.9,0.0
2018-08-05,37.71,45.05,32.07,0.0
2018-08-06,38.16,45.83,31.3,0.0
2018-08-07,39.46,47.28,32.7,0.0
2018-08-08,40.82,48.26,32.96,0.27
2018-08-09,40.52,46.81,35.83,0.0
2018-08-10,37.42,44.02,31.01,0.0
2018-08-11,38.52,45.02,32.18,0.0
2018-08-12,40.01,47.58,32.67,0.0
2018-08-13,40.38,48.05,31.93,0.77
2018-08-14,40.68,46.74,34.45,0.03
2018-08-15,40.78,47.37,34.28,0.54
2018-08-16,40.37,47.28,34.18,0.0
2018-08-17,39.36,47.51,31.0,0.0
2018-08-18,38.33,45.43,31.39,0.0
2018-08-19,39.3,46.21,31.93,0.0
2018-08-20,39.84,46.45,32.58,0.0
2018-08-21,39.38,46.78,32.59,0.0
2018-08-22,38.21,45.04,31.67,0.0
2018-08-23,37.32,43.87,31.03,0.0
2018-08-24,37.61,45.58,31.1,0.0
2018-08-25,37.41,44.5,28.66,0.0
2018-08-26,38.23,45.64,31.23,0.0
2018-08-27,37.77,44.33,30.97,0.0
2018-08-28,36.45,43.01,29.99,0.0
2018-08-29,34.93,42.01,27.44,0.0
2018-08-30,34.13,41.84,26.91,0.0
2018-08-31,36.06,44.67,28.44,0.0
2018-09-01,37.33,45.35,29.13,0.0
2018-09-02,37.67,44.73,30.48,0.0
2018-09-03,37.05,43.64,30.89,0.0
2018-09-04,35.76,42.52,29.39,0.0
2018-09-05,36.36,43.96,29.17,0.0
2018-09-06,36.91,44.63,29.32,0.0
2018-09-07,37.32,45.2,29.68,0.0
2018-09-08,38.62,46.47,30.58,0.0
2018-09-09,37.68,44.99,29.71,0.0
2018-09-10,34.74,42.61,26.86,0.0
2018-09-11,32.28,39.59,25.44,0.0
2018-09-12,34.18,41.67,27.27,0.0
2018-09-13,36.85,45.73,29.37,0.0
2018-09-14,37.33,46.06,29.01,0.0
2018-09-15,36.09,43.28,28.97,0.0
2018-09-16,35.5,42.59,28.02,0.0
2018-09-17,34.44,41.14,27.55,0.0
2018-09-18,33.59,40.13,26.94,0.0
2018-09-19,32.99,39.85,26.17,0.0
2018-09-20,34.04,41.97,26.64,0.0
2018-09-21,34.23,42.49,26.14,0.0
2018-09-22,34.96,42.73,27.13,0.0
2018-09-23,34.49,42.08,27.07,0.0
2018-09-24,33.07,40.25,26.35,0.0
2018-09-25,32.93,40.67,25.59,0.0
2018-09-26,33.03,40.67,25.98,0.0
2018-09-27,34.65,41.92,27.6,0.0
2018-09-28,33.52,40.5,26.57,0.0
2018-09-29,31.96,39.0,25.18,0.87
2018-09-30,32.5,39.19,25.51,0.02
2018-10-01,33.55,40.32,26.34,0.01
2018-10-02,34.94,41.55,28.66,0.0
2018-10-03,33.89,41.02,27.13,0.0
2018-10-04,33.47,40.81,25.53,0.0
2018-10-05,33.53,41.38,25.43,0.0
2018-10-06,32.64,39.82,25.79,0.0
2018-10-07,32.12,40.06,24.24,0.0
2018-10-08,32.09,40.33,24.14,0.0
2018-10-09,33.14,40.8,25.82,0.0
2018-10-10,32.33,39.9,25.37,0.0
2018-10-11,31.92,39.53,24.98,0.01
2018-10-12,30.95,39.64,23.52,0.0
2018-10-13,29.84,39.49,21.67,0.0
2018-10-14,29.44,36.91,22.53,0.0
2018-10-15,30.12,35.43,25.77,0.0
2018-10-16,31.27,37.72,26.12,0.0
2018-10-17,31.34,37.27,25.85,0.48
2018-10-18,31.15,34.56,27.72,3.55
2018-10-19,29.65,33.75,26.47,2.23
2018-10-20,29.34,34.86,23.54,3.67
2018-10-21,29.49,35.4,23.1,1.15
2018-10-22,29.04,34.9,22.88,0.01
2018-10-23,30.75,37.19,25.18,0.01
2018-10-24,30.23,36.73,24.54,0.0
2018-10-25,30.07,35.87,24.74,0.0
2018-10-26,30.82,36.47,25.82,0.0
2018-10-27,30.42,36.25,24.8,0.39
2018-10-28,28.31,32.76,24.74,2.4
2018-10-29,28.69,33.9,23.36,3.41
2018-10-30,28.4,33.22,23.96,1.26
2018-10-31,27.47,33.65,23.27,0.0
2018-11-01,27.0,33.44,21.33,0.01
2018-11-02,27.85,33.83,22.53,0.0
2018-11-03,26.7,33.69,21.54,0.0
2018-11-04,24.94,32.5,18.38,0.0
2018-11-05,25.26,32.47,18.76,0.0
2018-11-06,25.67,32.04,19.79,0.0
2018-11-07,26.64,32.49,20.57,0.0
2018-11-08,27.85,32.86,21.97,0.01
2018-11-09,29.03,34.24,23.18,0.49
2018-11-10,29.35,35.24,23.11,1.56
2018-11-11,29.34,35.06,23.71,1.4
2018-11-12,29.49,36.05,23.54,0.0
2018-11-13,28.81,35.5,23.41,0.0
2018-11-14,28.26,35.55,22.14,0.0
2018-11-15,27.9,34.91,22.08,0.0
2018-11-16,26.46,32.27,20.26,0.0
2018-11-17,27.36,34.83,20.66,0.0
2018-11-18,28.08,35.61,22.9,0.0
2018-11-19,24.8,32.4,18.7,0.0
2018-11-20,25.59,33.96,18.07,0.0
2018-11-21,25.03,31.7,19.44,0.0
2018-11-22,23.98,30.67,18.15,0.0
2018-11-23,24.2,30.81,17.89,0.01
2018-11-24,26.52,33.68,19.27,0.0
2018-11-25,26.78,33.94,20.51,0.0
2018-11-26,25.32,31.73,19.8,0.0
2018-11-27,24.18,30.49,19.65,0.0
2018-11-28,22.26,28.68,16.94,0.0
2018-11-29,23.75,30.46,17.49,0.0
2018-11-30,24.35,31.49,18.66,0.0
2018-12-01,24.2,31.46,18.34,0.0
2018-12-02,23.87,31.6,17.4,0.0
2018-12-03,24.05,32.11,17.51,0.0
2018-12-04,23.79,31.09,17.21,0.0
2018-12-05,23.73,30.12,18.63,0.0
2018-12-06,23.4,30.35,17.08,0.0
2018-12-07,24.65,30.69,19.2,0.0
2018-12-08,24.46,30.96,19.75,0.0
2018-12-09,23.79,30.86,18.62,0.0
2018-12-10,23.47,30.87,17.18,0.0
2018-12-11,23.94,30.85,18.54,0.0
2018-12-12,22.4,30.23,16.7,0.0
2018-12-13,21.35,29.01,15.43,0.01
2018-12-14,21.11,27.85,14.46,0.0
2018-12-15,21.42,27.87,15.39,0.0
2018-12-16,21.47,28.38,16.05,0.0
2018-12-17,20.8,27.89,14.26,0.0
2018-12-18,20.19,27.64,14.15,0.0
2018-12-19,20.35,28.23,13.48,0.0
2018-12-20,20.86,28.34,14.18,0.0
2018-12-21,20.63,28.01,14.85,0.0
2018-12-22,20.35,28.25,13.45,0.0
2018-12-23,19.04,25.84,13.44,0.0
2018-12-24,19.01,26.48,12.76,0.0
2018-12-25,18.7,25.81,12.89,0.0
2018-12-26,19.54,27.96,12.6,0.0
2018-12-27,20.03,27.22,13.78,0.0
2018-12-28,19.9,26.69,13.39,0.0
2018-12-29,20.57,27.35,15.31,0.0
2018-12-30,21.15,28.87,14.72,0.0
2018-12-31,20.45,27.69,13.89,0.0
2019-01-01,22.03,30.21,15.55,0.0
2019-01-02,22.75,30.08,16.16,0.0
2019-01-03,22.27,29.56,15.57,0.0
2019-01-04,23.3,30.6,18.44,0.0
2019-01-05,21.08,29.48,14.91,0.0
2019-01-06,20.75,28.27,14.49,0.0
2019-01-07,21.23,27.96,15.04,0.0
2019-01-08,21.7,28.55,15.25,0.0
2019-01-09,22.17,29.01,15.35,0.0
2019-01-10,22.52,29.31,17.87,0.0
2019-01-11,19.22,27.01,12.47,0.0
2019-01-12,19.54,28.16,12.39,0.0
2019-01-13,20.67,28.71,13.9,0.0
2019-01-14,21.26,28.0,15.43,0.0
2019-01-15,21.38,27.98,15.23,0.0
2019-01-16,23.05,30.52,16.94,0.0
2019-01-17,22.72,29.93,16.42,0.0
2019-01-18,21.73,29.37,15.92,0.0
2019-01-19,19.25,25.65,14.51,0.0
2019-01-20,16.7,23.5,11.24,0.0
2019-01-21,16.88,25.59,9.58,0.0
2019-01-22,17.24,25.27,10.14,0.0
2019-01-23,19.02,27.61,11.55,0.0
2019-01-24,20.86,28.61,13.67,0.0
2019-01-25,20.25,27.29,12.69,0.0
2019-01-26,21.67,28.79,15.1,0.0
2019-01-27,23.17,31.16,16.93,0.0
2019-01-28,21.89,29.28,15.41,0.0
2019-01-29,21.03,27.92,14.96,0.0
2019-01-30,22.72,29.75,17.33,0.0
2019-01-31,23.03,30.54,17.19,0.0
2019-02-01,23.0,30.85,17.4,0.0
2019-02-02,23.66,30.87,17.11,0.0
2019-02-03,23.11,29.11,17.53,3.33
2019-02-04,21.9,26.63,17.4,3.43
2019-02-05,20.22,26.75,15.21,0.02
2019-02-06,18.24,25.74,12.92,0.0
2019-02-07,17.4,26.07,10.0,0.0
2019-02-08,18.52,26.43,10.8,0.0
2019-02-09,19.4,26.87,11.83,0.0
2019-02-10,20.51,28.25,13.45,0.0
2019-02-11,20.59,27.28,14.51,0.0
2019-02-12,19.66,25.92,14.2,0.12
2019-02-13,17.57,25.75,10.32,0.0
2019-02-14,19.22,27.48,11.32,0.0
2019-02-15,21.66,30.07,14.45,0.0
2019-02-16,21.78,29.41,14.73,0.0
2019-02-17,22.59,30.09,15.94,0.25
2019-02-18,22.02,28.49,16.83,0.41
2019-02-19,20.97,26.71,15.52,0.0
2019-02-20,19.33,25.62,14.02,0.0
2019-02-21,18.47,26.97,11.02,0.0
2019-02-22,20.4,27.16,14.41,0.0
2019-02-23,20.8,25.67,18.38,0.14
2019-02-24,23.96,30.98,18.31,0.0
2019-02-25,24.57,31.97,17.01,0.0
2019-02-26,19.55,28.58,11.94,0.0
2019-02-27,21.8,32.17,12.36,0.0
2019-02-28,24.17,31.63,17.13,0.0
2019-03-01,25.01,33.23,18.13,0.4
2019-03-02,18.7,24.93,13.29,0.11
2019-03-03,17.53,26.01,10.1,0.0
2019-03-04,18.47,27.41,10.65,0.0
2019-03-05,18.27,27.48,10.42,0.0
2019-03-06,22.33,32.26,12.98,0.0
2019-03-07,23.52,31.01,16.79,0.0
2019-03-08,20.05,28.13,12.87,0.0
2019-03-09,19.62,28.53,11.62,0.0
2019-03-10,17.97,25.94,10.51,0.0
2019-03-11,18.85,27.32,11.12,0.0
2019-03-12,19.29,27.66,12.95,0.0
2019-03-13,19.99,29.46,10.75,0.0
2019-03-14,22.27,31.11,14.42,0.0
2019-03-15,23.07,30.92,15.68,0.41
2019-03-16,23.74,30.26,17.5,0.03
2019-03-17,26.34,33.67,19.15,0.0
2019-03-18,24.44,31.53,16.28,0.27
2019-03-19,20.66,30.1,12.62,0.0
2019-03-20,21.17,30.52,12.44,0.0
2019-03-21,25.62,34.63,16.31,0.0
2019-03-22,27.1,34.69,20.34,0.03
2019-03-23,25.74,31.51,20.13,0.01
2019-03-24,27.09,33.94,21.93,0.0
2019-03-25,27.17,34.33,20.03,0.01
2019-03-26,26.85,34.71,19.59,0.0
2019-03-27,27.53,36.65,19.94,0.0
2019-03-28,27.02,33.31,20.94,0.95
2019-03-29,28.34,35.55,23.47,0.0
2019-03-30,30.15,37.65,22.42,0.0
2019-03-31,29.92,38.6,22.3,0.0
2019-04-01,29.53,38.68,21.64,0.0
2019-04-02,28.72,36.3,21.48,0.0
2019-04-03,30.39,38.49,22.76,0.0
2019-04-04,30.28,38.57,22.31,0.0
2019-04-05,30.56,37.47,24.61,0.0
2019-04-06,30.6,39.11,22.75,0.0
2019-04-07,30.54,38.06,23.31,0.0
2019-04-08,31.52,39.85,24.24,0.0
2019-04-09,31.9,40.22,23.83,0.0
2019-04-10,30.88,37.67,24.39,0.18
2019-04-11,28.99,33.26,22.63,0.0
2019-04-12,27.98,33.25,21.61,0.59
2019-04-13,26.02,30.26,22.97,4.85
2019-04-14,24.27,29.09,19.74,22.94
2019-04-15,24.36,32.8,16.0,0.0
2019-04-16,25.88,35.28,17.92,0.0
2019-04-17,28.93,37.32,21.26,0.0
2019-04-18,28.15,37.32,18.51,0.0
2019-04-19,28.79,37.23,20.41,0.0
2019-04-20,30.02,38.86,21.64,0.0
2019-04-21,30.9,40.06,22.47,0.0
2019-04-22,30.73,38.99,22.94,0.0
2019-04-23,29.98,37.8,23.86,0.18
2019-04-24,27.19,35.53,20.78,0.0
2019-04-25,25.48,34.79,17.32,0.0
2019-04-26,26.17,36.17,16.58,0.0
2019-04-27,29.16,39.13,19.07,0.0
2019-04-28,31.04,39.04,22.82,0.0
2019-04-29,31.79,40.21,23.59,0.0
2019-04-30,32.05,40.56,24.0,0.02
2019-05-01,30.08,39.81,21.7,0.0
2019-05-02,30.9,41.66,20.3,0.0
2019-05-03,32.34,41.99,22.6,0.0
2019-05-04,32.11,41.0,23.38,0.0
2019-05-05,32.07,40.35,23.34,0.0
2019-05-06,32.86,41.65,24.32,0.0
2019-05-07,32.94,41.64,24.09,0.0
2019-05-08,33.1,41.91,24.33,0.0
2019-05-09,34.02,42.34,25.33,0.01
2019-05-10,33.97,42.22,25.6,0.0
2019-05-11,35.34,43.28,29.45,0.0
2019-05-12,34.73,42.93,26.84,0.0
2019-05-13,33.79,41.49,27.06,0.0
2019-05-14,32.86,40.69,24.68,0.0
2019-05-15,33.98,41.46,27.21,0.0
2019-05-16,34.28,42.03,27.58,0.0
2019-05-17,34.48,42.52,25.71,0.0
2019-05-18,33.88,40.5,27.97,1.17
2019-05-19,30.43,34.62,27.16,2.81
2019-05-20,31.23,37.6,25.22,2.87
2019-05-21,31.05,36.29,27.47,0.04
2019-05-22,32.16,39.41,26.32,0.0
2019-05-23,32.81,40.65,25.7,0.0
2019-05-24,33.8,42.38,26.5,0.0
2019-05-25,36.05,43.7,27.81,0.0
2019-05-26,35.42,42.69,28.05,0.0
2019-05-27,35.46,42.98,26.78,0.0
2019-05-28,35.29,42.04,27.92,0.0
2019-05-29,35.87,43.79,27.59,1.21
2019-05-30,36.57,44.61,28.12,0.0
2019-05-31,37.47,45.69,29.0,0.0
2019-06-01,37.62,45.75,30.14,0.0
2019-06-02,36.95,44.58,31.01,0.01
2019-06-03,37.18,45.11,28.89,0.0
2019-06-04,36.56,44.2,28.28,0.0
2019-06-05,37.21,43.82,30.56,0.0
2019-06-06,37.27,44.33,29.78,0.0
2019-06-07,37.58,44.26,30.36,0.0
2019-06-08,38.12,45.85,29.91,0.0
2019-06-09,38.81,46.74,29.53,0.0
2019-06-10,40.23,48.97,31.18,0.05
2019-06-11,40.52,49.03,32.06,0.0
2019-06-12,40.22,48.4,32.73,0.0
2019-06-13,39.79,48.09,31.11,0.0
2019-06-14,39.1,46.58,30.68,0.0
2019-06-15,39.87,47.24,31.42,0.0
2019-06-16,41.49,48.71,32.93,0.0
2019-06-17,38.64,45.35,33.25,0.0
2019-06-18,40.54,49.09,32.77,0.0
2019-06-19,37.89,46.4,29.91,0.0
2019-06-20,36.36,44.68,27.36,0.0
2019-06-21,37.42,44.52,30.34,0.0
2019-06-22,37.24,44.66,28.65,0.0
2019-06-23,39.7,47.32,31.41,0.0
2019-06-24,40.72,48.91,32.74,0.0
2019-06-25,40.39,48.31,32.22,0.0
2019-06-26,38.42,46.65,29.86,0.0
2019-06-27,37.54,44.8,30.05,0.0
2019-06-28,37.86,44.75,30.88,0.0
2019-06-29,38.78,46.47,31.27,0.0
2019-06-30,39.39,48.23,30.34,0.0
2019-07-01,39.95,48.98,30.51,0.0
2019-07-02,39.59,47.98,31.21,0.0
2019-07-03,39.83,48.43,31.17,0.0
2019-07-04,39.93,47.47,31.34,0.0
2019-07-05,40.86,49.26,31.96,0.0
2019-07-06,42.05,50.53,34.21,0.0
2019-07-07,39.85,48.93,30.96,0.0
2019-07-08,40.76,48.74,32.35,0.0
2019-07-09,40.52,48.84,33.28,0.0
2019-07-10,37.93,46.49,29.7,0.0
2019-07-11,37.59,45.54,29.58,0.0
2019-07-12,38.93,45.69,32.47,0.0
2019-07-13,39.4,46.24,32.06,0.0
2019-07-14,37.4,44.19,30.16,0.0
2019-07-15,38.62,45.13,32.27,0.0
2019-07-16,38.38,46.63,30.29,0.0
2019-07-17,39.58,47.47,32.5,0.0
2019-07-18,38.6,45.73,31.17,0.0
2019-07-19,39.92,46.79,31.97,0.0
2019-07-20,40.15,46.91,32.84,0.0
2019-07-21,38.47,45.43,31.42,0.0
2019-07-22,38.72,45.87,30.95,0.0
2019-07-23,38.05,45.81,30.86,0.0
2019-07-24,37.51,45.96,29.96,0.0
2019-07-25,35.97,42.96,29.0,0.13
2019-07-26,36.56,41.94,30.86,0.01
2019-07-27,36.82,42.71,31.07,0.01
2019-07-28,37.26,43.19,31.62,0.0
2019-07-29,37.86,44.06,31.27,0.0
2019-07-30,37.24,41.28,32.61,0.0
2019-07-31,37.7,42.97,32.5,0.0
2019-08-01,37.14,41.78,32.26,0.0
2019-08-02,39.0,46.57,32.29,0.0
2019-08-03,39.04,46.81,31.17,0.0
2019-08-04,39.66,47.44,32.09,0.0
2019-08-05,39.06,45.84,31.93,0.0
2019-08-06,38.4,45.89,31.55,0.0
2019-08-07,38.47,46.4,30.12,0.0
2019-08-08,39.73,46.96,32.02,0.0
2019-08-09,40.88,47.84,33.63,0.0
2019-08-10,40.73,47.28,33.69,0.0
2019-08-11,40.78,47.31,33.99,0.06
2019-08-12,39.75,45.03,34.12,3.22
2019-08-13,38.4,43.45,33.67,0.0
2019-08-14,39.08,46.95,32.55,0.0
2019-08-15,38.9,46.74,31.6,0.0
2019-08-16,38.28,45.82,30.72,0.0
2019-08-17,37.98,45.15,30.12,0.0
2019-08-18,37.65,43.98,30.01,0.0
2019-08-19,37.3,44.32,30.1,0.0
2019-08-20,35.74,43.25,27.82,0.0
2019-08-21,34.66,41.64,27.75,0.0
2019-08-22,35.7,42.33,28.32,0.0
2019-08-23,36.97,43.43,29.76,0.0
2019-08-24,37.33,43.49,30.39,0.39
2019-08-25,38.3,44.88,31.31,0.0
2019-08-26,38.83,45.69,32.16,0.0
2019-08-27,38.53,46.03,30.92,0.0
2019-08-28,37.38,46.0,28.77,0.0
2019-08-29,37.32,45.28,28.61,0.0
2019-08-30,37.5,45.24,30.86,0.0
2019-08-31,38.65,47.72,29.52,0.0
2019-09-01,39.01,47.07,31.14,0.0
2019-09-02,38.39,46.8,30.16,0.0
2019-09-03,37.69,44.75,30.23,0.0
2019-09-04,37.39,45.09,29.87,0.0
2019-09-05,38.45,46.25,30.39,0.0
2019-09-06,39.24,46.82,31.39,0.0
2019-09-07,39.23,46.49,31.66,0.0
2019-09-08,39.59,47.45,32.3,0.0
2019-09-09,38.48,46.34,30.95,0.0
2019-09-10,38.08,45.13,31.15,0.0
2019-09-11,36.77,44.52,30.22,0.0
2019-09-12,36.63,44.11,29.2,0.0
2019-09-13,36.21,43.49,28.91,0.0
2019-09-14,36.71,45.11,28.83,0.0
2019-09-15,36.75,44.95,29.31,0.0
2019-09-16,34.82,42.36,28.37,0.0
2019-09-17,35.33,43.61,28.47,0.0
2019-09-18,35.63,43.32,28.47,0.0
2019-09-19,34.96,42.33,27.8,0.0
2019-09-20,33.57,40.49,26.55,0.0
2019-09-21,35.49,42.59,28.32,0.0
2019-09-22,35.27,42.36,28.04,0.0
2019-09-23,35.24,42.35,28.25,0.0
2019-09-24,35.64,43.34,28.3,0.0
2019-09-25,33.19,39.32,27.59,0.0
2019-09-26,33.22,40.13,26.28,0.0
2019-09-27,33.68,39.54,28.01,0.0
2019-09-28,34.93,41.31,28.0,0.0
2019-09-29,35.91,42.01,29.27,0.0
2019-09-30,34.93,40.81,28.91,0.0
2019-10-01,35.25,41.49,29.02,0.0
2019-10-02,34.79,41.1,28.21,0.0
2019-10-03,34.4,41.35,27.74,0.0
2019-10-04,33.35,39.51,27.13,0.0
2019-10-05,32.88,39.03,26.56,0.25
2019-10-06,31.95,37.76,26.01,0.27
2019-10-07,31.05,36.48,25.38,0.56
2019-10-08,31.41,37.49,25.33,0.39
2019-10-09,32.79,38.72,26.56,0.0
2019-10-10,33.1,39.23,26.36,1.2
2019-10-11,32.6,38.41,26.75,2.09
2019-10-12,32.23,38.34,26.42,0.0
2019-10-13,31.81,37.73,26.1,0.39
2019-10-14,31.04,38.34,23.7,0.0
2019-10-15,31.29,38.44,23.99,0.0
2019-10-16,31.23,38.05,24.71,0.01
2019-10-17,31.42,38.31,24.65,0.02
2019-10-18,30.72,37.93,23.83,0.0
2019-10-19,30.71,38.04,23.62,0.0
2019-10-20,30.49,37.74,23.27,0.0
2019-10-21,30.16,37.13,23.45,0.0
2019-10-22,29.84,36.91,22.72,0.0
2019-10-23,31.07,38.55,23.87,0.0
2019-10-24,31.67,38.83,24.4,0.0
2019-10-25,31.19,38.46,24.02,0.0
2019-10-26,30.41,37.96,22.59,0.0
2019-10-27,30.22,37.44,23.01,0.0
2019-10-28,29.96,37.32,22.82,0.0
2019-10-29,30.81,38.51,23.77,0.0
2019-10-30,30.25,38.66,23.0,0.03
2019-10-31,30.3,38.81,22.71,0.05
2019-11-01,29.6,36.31,23.45,0.07
2019-11-02,28.89,35.5,23.02,0.0
2019-11-03,27.91,36.53,19.92,0.0
2019-11-04,28.1,34.72,21.83,0.0
2019-11-05,28.94,35.86,21.59,0.0
2019-11-06,28.13,35.6,21.47,0.0
2019-11-07,28.47,34.77,22.03,0.0
2019-11-08,28.28,33.63,22.88,0.0
2019-11-09,27.97,33.14,22.75,0.0
2019-11-10,25.73,31.72,21.41,10.61
2019-11-11,23.94,28.54,19.98,0.0
2019-11-12,23.95,29.95,18.39,0.0
2019-11-13,23.57,29.64,18.76,0.0
2019-11-14,22.92,29.64,17.34,0.0
2019-11-15,22.45,29.98,15.84,0.0
2019-11-16,23.13,29.65,16.09,0.0
2019-11-17,23.55,29.2,18.41,0.14
2019-11-18,24.92,31.28,18.54,0.5
2019-11-19,25.05,31.2,19.47,0.11
2019-11-20,24.37,30.18,18.96,7.82
2019-11-21,21.73,26.69,18.49,2.33
2019-11-22,19.91,26.37,14.29,0.0
2019-11-23,21.47,28.34,15.19,0.0
2019-11-24,22.08,28.73,16.72,0.0
2019-11-25,22.77,29.2,17.18,0.0
2019-11-26,23.0,29.82,17.4,0.0
2019-11-27,22.82,30.38,16.0,0.0
2019-11-28,22.79,29.38,16.98,0.0
2019-11-29,22.44,29.12,16.44,0.0
2019-11-30,22.54,30.09,16.32,0.0
2019-12-01,22.64,29.28,16.28,0.0
2019-12-02,22.07,28.09,16.22,0.0
2019-12-03,22.07,28.15,16.38,0.0
2019-12-04,22.34,29.3,16.44,0.0
2019-12-05,22.44,29.29,16.22,0.0
2019-12-06,22.55,29.45,16.22,0.0
2019-12-07,23.01,28.13,18.43,0.07
2019-12-08,23.92,27.43,21.46,12.21
2019-12-09,23.09,27.45,19.66,11.01
2019-12-10,23.9,30.06,18.25,0.0
2019-12-11,22.97,28.62,18.13,0.31
2019-12-12,22.13,28.62,17.36,0.0
2019-12-13,21.4,28.46,14.87,0.0
2019-12-14,24.12,30.56,18.71,0.0
2019-12-15,24.7,30.65,19.26,0.0
2019-12-16,23.7,29.24,19.0,0.0
2019-12-17,22.99,27.47,17.82,0.0
2019-12-18,23.34,28.63,18.03,0.05
2019-12-19,23.38,28.48,19.54,0.06
2019-12-20,20.84,26.87,16.76,0.04
2019-12-21,19.74,26.33,14.15,0.0
2019-12-22,19.85,26.05,14.26,0.0
2019-12-23,19.72,25.9,15.45,0.0
2019-12-24,19.63,26.51,13.59,0.0
2019-12-25,19.45,26.39,13.89,0.0
2019-12-26,18.95,25.9,13.65,0.0
2019-12-27,19.7,26.93,13.34,0.0
2019-12-28,21.03,27.21,16.84,0.01
2019-12-29,20.3,27.78,13.7,0.01
2019-12-30,20.54,28.36,14.21,0.0
2019-12-31,19.9,27.05,13.85,0.0
2020-01-01,20.31,27.71,13.48,0.0
2020-01-02,22.21,28.83,17.42,0.0
2020-01-03,23.18,30.1,17.83,0.0
2020-01-04,21.59,28.2,15.2,0.0
2020-01-05,21.51,28.04,15.83,0.0
2020-01-06,21.6,27.4,17.12,0.03
2020-01-07,19.23,26.15,13.97,0.0
2020-01-08,19.16,26.52,11.76,0.0
2020-01-09,20.28,26.63,13.86,0.45
2020-01-10,20.99,25.28,16.62,10.48
2020-01-11,17.84,20.54,14.7,50.15
2020-01-12,14.29,19.07,9.84,2.22
2020-01-13,15.13,21.85,9.0,0.01
2020-01-14,14.5,21.04,9.16,0.0
2020-01-15,13.67,20.14,8.25,7.58
2020-01-16,14.81,21.87,9.0,0.01
2020-01-17,16.08,24.23,8.94,0.0
2020-01-18,17.74,24.5,11.23,0.0
2020-01-19,18.62,25.23,11.95,0.0
2020-01-20,19.03,25.27,12.67,0.0
2020-01-21,17.9,25.16,12.37,0.0
2020-01-22,18.58,26.12,11.56,0.0
2020-01-23,19.77,26.43,13.94,0.0
2020-01-24,19.77,24.8,14.73,0.0
2020-01-25,21.52,27.77,16.34,0.0
2020-01-26,17.36,22.64,10.75,0.0
2020-01-27,15.59,22.69,10.36,0.0
2020-01-28,15.54,23.46,8.89,0.08
2020-01-29,16.98,23.93,9.97,0.08
2020-01-30,17.63,24.18,13.04,0.14
2020-01-31,17.47,25.4,11.33,0.33
2020-02-01,17.83,25.64,10.33,0.0
2020-02-02,19.11,26.15,12.81,0.0
2020-02-03,18.84,25.42,12.88,0.0
2020-02-04,16.39,25.12,8.84,0.0
2020-02-05,18.54,28.01,10.83,0.0
2020-02-06,20.09,29.14,12.97,0.0
2020-02-07,21.05,29.67,14.85,0.0
2020-02-08,20.68,27.78,13.52,0.0
2020-02-09,21.39,28.91,14.43,0.0
2020-02-10,21.08,27.94,15.09,0.0
2020-02-11,21.11,27.46,15.43,0.0
2020-02-12,18.51,24.07,12.56,0.0
2020-02-13,15.96,24.86,7.94,0.0
2020-02-14,18.0,27.21,9.73,0.0
2020-02-15,18.81,29.04,10.38,0.0
2020-02-16,20.32,29.89,11.75,0.0
2020-02-17,21.94,30.58,14.17,0.0
2020-02-18,21.82,31.06,14.31,0.0
2020-02-19,23.04,32.04,13.79,0.0
2020-02-20,23.45,32.01,16.33,0.0
2020-02-21,23.77,30.84,16.63,0.0
2020-02-22,24.86,31.23,18.44,0.0
2020-02-23,24.99,31.59,18.13,0.0
2020-02-24,25.81,32.92,18.81,0.0
2020-02-25,27.21,34.24,19.65,0.0
2020-02-26,26.07,34.32,18.94,0.0
2020-02-27,22.14,28.91,16.26,0.0
2020-02-28,20.03,28.64,12.04,0.0
2020-02-29,21.78,30.3,13.69,0.0
2020-03-01,23.89,30.92,16.55,0.0
2020-03-02,23.61,30.79,16.14,0.0
2020-03-03,23.45,31.22,16.07,0.0
2020-03-04,18.56,27.53,10.94,0.79
2020-03-05,18.65,27.24,10.94,12.1
2020-03-06,20.33,27.74,12.41,23.33
2020-03-07,22.46,29.39,15.97,0.0
2020-03-08,22.64,30.07,15.26,0.0
2020-03-09,21.55,29.36,14.86,0.0
2020-03-10,20.75,28.9,14.37,0.0
2020-03-11,20.53,28.61,12.11,0.0
2020-03-12,22.72,30.08,15.08,0.0
2020-03-13,24.16,31.87,15.17,0.0
2020-03-14,23.23,30.12,16.65,0.0
2020-03-15,21.82,28.94,17.08,0.0
2020-03-16,22.52,30.28,16.27,0.0
2020-03-17,24.19,31.84,16.85,0.0
2020-03-18,24.75,32.61,17.33,0.0
2020-03-19,24.61,31.94,18.62,0.0
2020-03-20,25.67,30.8,20.81,0.0
2020-03-21,24.8,27.4,22.33,9.24
2020-03-22,24.36,28.19,21.86,15.56
2020-03-23,21.85,27.2,15.33,1.08
2020-03-24,18.77,26.53,11.77,0.02
2020-03-25,19.6,27.57,12.62,0.0
2020-03-26,21.67,30.1,13.98,0.0
2020-03-27,24.76,32.11,16.88,0.0
2020-03-28,25.28,32.69,18.44,0.0
2020-03-29,24.78,31.74,18.78,0.0
2020-03-30,24.46,31.78,19.45,0.61
2020-03-31,23.25,32.39,14.76,0.0
2020-04-01,24.66,34.78,14.42,0.0
2020-04-02,27.03,36.18,18.06,0.0
2020-04-03,28.59,36.85,19.89,0.0
2020-04-04,30.35,38.31,21.26,0.0
2020-04-05,31.18,37.63,25.52,0.0
2020-04-06,29.8,38.33,22.91,0.0
2020-04-07,27.39,37.22,17.34,0.0
2020-04-08,30.51,39.46,23.25,0.0
2020-04-09,32.2,41.24,24.04,0.0
2020-04-10,31.29,39.49,23.32,0.0
2020-04-11,30.53,38.04,24.68,0.0
2020-04-12,28.54,34.83,22.29,0.0
2020-04-13,27.02,32.38,22.27,0.0
2020-04-14,27.71,32.96,22.08,0.0
2020-04-15,27.99,32.74,22.93,0.48
2020-04-16,27.2,31.69,23.3,0.57
2020-04-17,27.95,34.84,21.67,0.02
2020-04-18,28.8,37.02,20.35,0.0
2020-04-19,31.41,38.85,23.03,0.0
2020-04-20,31.39,38.08,25.0,0.0
2020-04-21,31.37,37.76,25.02,0.0
2020-04-22,31.23,38.12,25.1,0.15
2020-04-23,31.1,37.69,25.11,0.15
2020-04-24,32.65,40.21,26.33,0.0
2020-04-25,32.86,41.06,25.43,0.0
2020-04-26,34.11,42.4,25.93,0.0
2020-04-27,35.59,42.76,28.67,0.0
2020-04-28,34.36,42.35,26.64,0.28
2020-04-29,35.38,42.33,28.41,0.09
2020-04-30,34.71,41.76,27.97,0.01
2020-05-01,34.32,41.45,26.86,0.0
2020-05-02,34.46,41.33,27.71,0.0
2020-05-03,34.23,41.0,26.71,0.0
2020-05-04,34.3,41.21,26.76,0.0
2020-05-05,35.01,42.06,28.07,0.0
2020-05-06,35.48,42.96,28.39,0.0
2020-05-07,36.26,44.18,29.18,0.0
2020-05-08,35.26,43.43,27.63,0.0
2020-05-09,32.98,42.37,23.53,0.0
2020-05-10,35.27,44.99,25.69,0.0
2020-05-11,36.38,44.72,29.63,0.0
2020-05-12,33.16,41.92,25.28,0.0
2020-05-13,28.81,38.19,20.21,0.0
2020-05-14,29.89,40.22,18.86,0.0
2020-05-15,32.88,40.66,23.87,0.0
2020-05-16,33.74,40.69,25.52,0.0
2020-05-17,34.48,41.69,26.18,0.0
2020-05-18,35.08,42.33,26.62,0.0
2020-05-19,36.01,43.01,28.15,0.0
2020-05-20,36.48,43.91,31.1,0.0
2020-05-21,36.55,44.25,29.0,0.0
2020-05-22,36.3,44.11,29.05,0.0
2020-05-23,34.7,41.83,26.96,0.0
2020-05-24,34.81,41.91,27.34,0.01
2020-05-25,35.3,41.61,28.7,0.34
2020-05-26,35.1,41.31,28.15,0.87
2020-05-27,35.32,41.73,27.88,0.03
2020-05-28,37.03,43.37,29.33,0.0
2020-05-29,37.24,42.99,31.07,0.0
2020-05-30,36.63,43.09,29.92,0.01
2020-05-31,35.69,42.53,29.01,0.33
2020-06-01,36.0,42.51,29.62,0.07
2020-06-02,36.9,44.36,29.25,0.0
2020-06-03,37.69,45.63,30.22,0.0
2020-06-04,38.6,47.64,28.98,0.0
2020-06-05,40.5,48.89,32.03,0.0
2020-06-06,40.66,49.43,32.33,0.0
2020-06-07,39.18,48.53,29.35,0.0
2020-06-08,38.43,46.14,29.03,0.0
2020-06-09,38.6,46.22,30.21,0.43
2020-06-10,38.7,45.9,31.02,0.59
2020-06-11,38.62,46.54,31.23,0.59
2020-06-12,39.06,47.21,31.19,0.0
2020-06-13,40.35,48.43,31.62,0.0
2020-06-14,40.82,47.86,32.9,0.0
2020-06-15,41.25,48.17,34.28,0.0
2020-06-16,40.45,49.13,32.53,0.0
2020-06-17,41.16,49.43,32.17,0.0
2020-06-18,40.55,48.04,33.64,0.0
2020-06-19,38.31,44.97,31.17,0.0
2020-06-20,39.07,46.65,31.15,0.0
2020-06-21,38.69,46.28,31.77,0.0
2020-06-22,36.62,44.21,29.42,0.0
2020-06-23,35.13,43.09,26.15,0.0
2020-06-24,37.35,44.72,29.64,0.0
2020-06-25,38.96,46.62,31.48,0.0
2020-06-26,38.81,46.5,31.51,0.0
2020-06-27,37.78,44.61,30.78,0.0
2020-06-28,38.06,44.89,30.66,0.0
2020-06-29,39.56,46.13,33.37,0.4
2020-06-30,39.4,45.8,32.73,0.09
2020-07-01,39.21,45.44,33.71,0.0
2020-07-02,37.29,44.42,31.86,0.0
2020-07-03,38.03,45.18,30.97,0.0
2020-07-04,39.59,46.76,32.19,0.0
2020-07-05,39.8,45.58,33.87,0.0
2020-07-06,40.45,48.45,32.27,0.01
2020-07-07,39.09,47.01,29.81,0.14
2020-07-08,40.82,48.01,32.11,0.15
2020-07-09,38.16,43.85,32.06,0.0
2020-07-10,39.21,45.09,32.61,0.02
2020-07-11,40.61,47.69,32.75,0.0
2020-07-12,41.1,47.6,34.06,0.0
2020-07-13,40.43,47.24,32.93,0.51
2020-07-14,39.73,46.11,32.03,0.51
2020-07-15,39.42,46.16,31.49,0.0
2020-07-16,39.76,46.0,32.83,0.0
2020-07-17,39.06,46.06,32.23,0.51
2020-07-18,37.24,44.21,30.79,1.42
2020-07-19,37.14,43.86,31.3,0.0
2020-07-20,38.17,45.76,31.56,0.0
2020-07-21,38.49,46.27,31.29,0.32
2020-07-22,36.62,43.75,29.34,0.0
2020-07-23,35.15,41.38,28.1,0.0
2020-07-24,35.67,41.88,29.49,0.0
2020-07-25,35.63,42.28,29.46,0.0
2020-07-26,36.48,42.91,29.87,0.0
2020-07-27,36.39,40.88,31.83,0.0
2020-07-28,36.69,42.0,30.73,0.0
2020-07-29,38.98,45.45,31.94,0.0
2020-07-30,40.62,48.27,33.46,0.0
2020-07-31,40.61,48.09,33.17,0.0
2020-08-01,40.31,47.38,32.99,0.0
2020-08-02,39.96,47.59,32.55,0.0
2020-08-03,39.25,46.65,31.7,0.0
2020-08-04,41.46,48.56,34.64,0.0
2020-08-05,40.96,48.2,33.72,0.0
2020-08-06,41.56,49.58,32.94,0.0
2020-08-07,39.36,45.67,33.09,0.0
2020-08-08,37.23,42.4,32.79,0.0
2020-08-09,35.11,39.91,30.32,0.0
2020-08-10,39.2,46.94,32.67,0.0
2020-08-11,40.16,47.26,33.31,0.0
2020-08-12,39.43,45.68,32.77,0.0
2020-08-13,40.9,47.58,34.32,0.0
2020-08-14,39.68,45.94,33.45,0.0
2020-08-15,40.09,46.94,32.53,0.0
2020-08-16,39.24,45.53,32.24,0.0
2020-08-17,40.72,46.96,34.24,0.01
2020-08-18,41.14,48.0,33.79,0.03
2020-08-19,40.6,46.74,34.64,0.0
2020-08-20,41.24,47.65,34.94,0.0
2020-08-21,41.08,48.14,34.56,0.0
2020-08-22,40.44,46.51,33.61,0.31
2020-08-23,38.29,44.59,31.67,0.62
2020-08-24,38.28,44.05,31.42,0.0
2020-08-25,38.83,44.78,33.53,0.0
2020-08-26,37.07,41.36,31.68,0.24
2020-08-27,36.89,42.68,30.66,5.86
2020-08-28,35.92,42.52,28.56,6.03
2020-08-29,36.89,42.95,30.54,0.93
2020-08-30,36.34,42.17,30.64,3.25
2020-08-31,34.79,42.26,28.93,3.53
2020-09-01,34.55,42.62,27.13,0.0
2020-09-02,34.35,43.13,26.21,0.0
2020-09-03,34.75,43.58,26.32,0.0
2020-09-04,33.93,40.45,26.86,0.0
2020-09-05,33.66,41.3,26.26,0.0
2020-09-06,33.37,41.4,25.59,0.01
2020-09-07,33.81,41.38,26.69,0.0
2020-09-08,34.41,41.63,27.23,0.69
2020-09-09,36.32,44.41,28.79,0.0
2020-09-10,36.38,44.93,28.8,0.0
2020-09-11,36.32,45.24,27.53,0.0
2020-09-12,36.65,45.38,28.45,0.0
2020-09-13,35.86,44.49,28.07,0.0
2020-09-14,35.22,43.78,27.46,0.0
2020-09-15,34.49,42.63,26.49,0.0
2020-09-16,34.42,41.62,27.46,0.0
2020-09-17,33.91,42.18,26.79,0.0
2020-09-18,33.78,42.09,26.39,0.0
2020-09-19,34.12,42.32,26.16,0.0
2020-09-20,34.31,42.59,26.25,0.0
2020-09-21,34.4,42.98,25.74,0.0
2020-09-22,35.28,44.42,26.97,0.0
2020-09-23,35.09,43.84,26.75,0.0
2020-09-24,35.23,42.92,28.16,0.0
2020-09-25,34.31,41.68,27.4,0.0
2020-09-26,33.83,41.52,26.35,0.0
2020-09-27,34.19,41.72,26.68,0.0
2020-09-28,33.72,41.36,26.4,0.0
2020-09-29,32.61,40.07,25.11,0.0
2020-09-30,32.58,40.17,24.14,0.0
2020-10-01,31.45,39.11,24.02,0.14
2020-10-02,33.66,41.8,26.83,0.33
2020-10-03,33.61,41.31,26.04,0.0
2020-10-04,34.11,41.9,26.64,0.0
2020-10-05,33.87,41.78,26.41,0.0
2020-10-06,32.92,40.81,25.44,0.0
2020-10-07,32.53,39.65,25.75,0.0
2020-10-08,31.74,39.86,23.66,0.0
2020-10-09,31.18,39.09,24.0,0.0
2020-10-10,30.98,38.86,23.4,0.0
2020-10-11,32.45,40.19,24.93,0.0
2020-10-12,32.4,40.03,25.96,0.02
2020-10-13,31.36,38.39,24.93,0.0
2020-10-14,30.1,37.48,23.75,0.0
2020-10-15,29.2,37.11,21.98,0.0
2020-10-16,28.63,36.85,20.71,0.0
2020-10-17,28.02,36.84,20.24,0.0
2020-10-18,28.25,37.87,19.63,0.0
2020-10-19,28.97,38.68,20.17,0.0
2020-10-20,28.75,37.6,21.29,0.0
2020-10-21,28.5,38.73,20.1,0.0
2020-10-22,27.78,37.62,19.65,0.0
2020-10-23,27.96,38.13,18.99,0.0
2020-10-24,28.33,37.47,20.49,0.0
2020-10-25,27.5,35.79,19.84,0.0
2020-10-26,26.78,34.46,19.75,0.0
2020-10-27,26.01,33.07,19.33,0.0
2020-10-28,27.41,35.18,20.83,0.0
2020-10-29,27.63,36.0,19.39,0.0
2020-10-30,27.38,35.72,19.89,0.0
2020-10-31,26.99,36.15,18.82,0.0
2020-11-01,26.43,35.26,18.9,0.0
2020-11-02,26.11,34.98,18.12,0.0
2020-11-03,26.55,35.68,18.4,0.0
2020-11-04,26.42,34.86,18.62,0.0
2020-11-05,25.76,33.42,18.16,0.0
2020-11-06,25.37,32.82,18.01,0.0
2020-11-07,26.72,33.11,20.95,0.07
2020-11-08,27.23,32.71,22.24,0.04
2020-11-09,28.36,34.38,23.87,0.0
2020-11-10,28.64,35.51,22.63,0.0
2020-11-11,27.61,34.0,21.83,0.0
2020-11-12,27.3,33.68,21.26,0.0
2020-11-13,26.28,32.75,20.38,0.0
2020-11-14,26.95,33.61,21.02,0.0
2020-11-15,26.81,33.56,21.43,0.25
2020-11-16,25.7,32.48,20.03,0.49
2020-11-17,26.31,34.02,19.75,0.0
2020-11-18,26.1,33.61,19.4,0.0
2020-11-19,25.38,32.16,19.41,0.0
2020-11-20,25.39,31.96,19.7,0.0
2020-11-21,25.63,32.12,20.23,0.0
2020-11-22,24.32,31.46,18.74,0.0
2020-11-23,24.5,31.1,19.69,0.0
2020-11-24,22.43,28.2,16.89,0.0
2020-11-25,23.55,31.07,17.22,0.4
2020-11-26,23.61,30.52,17.26,0.0
2020-11-27,23.28,30.36,17.05,0.0
2020-11-28,23.09,29.88,16.85,0.0
2020-11-29,23.26,30.23,17.42,0.0
2020-11-30,22.62,29.69,16.09,0.0
2020-12-01,23.58,30.54,17.1,0.0
2020-12-02,24.77,31.36,18.67,0.0
2020-12-03,25.48,33.04,19.61,0.0
2020-12-04,25.7,34.55,19.12,0.0
2020-12-05,26.39,35.36,19.53,0.0
2020-12-06,25.85,33.31,19.29,0.0
2020-12-07,24.82,31.7,18.62,0.0
2020-12-08,21.77,27.71,17.41,1.52
2020-12-09,19.75,26.26,13.94,1.68
2020-12-10,19.64,26.24,13.81,0.0
2020-12-11,19.95,27.48,13.47,0.0
2020-12-12,19.97,27.07,13.9,0.0
2020-12-13,20.14,27.02,14.38,0.0
2020-12-14,20.12,27.17,14.19,0.0
2020-12-15,20.18,27.2,13.76,0.0
2020-12-16,20.56,27.36,14.7,0.0
2020-12-17,20.52,27.51,14.3,0.0
2020-12-18,20.45,27.82,13.89,0.0
2020-12-19,20.54,27.69,14.01,0.0
2020-12-20,21.47,28.61,14.74,0.0
2020-12-21,21.83,29.32,16.73,0.0
2020-12-22,19.27,27.06,12.65,0.0
2020-12-23,19.37,26.81,12.77,0.0
2020-12-24,20.03,27.0,14.44,0.0
2020-12-25,20.28,27.27,14.97,0.0
2020-12-26,19.23,26.79,12.95,0.0
2020-12-27,20.51,28.8,15.09,0.0
2020-12-28,19.49,27.53,13.04,0.0
2020-12-29,20.33,29.17,13.5,0.0
2020-12-30,19.98,27.18,13.83,0.0
2020-12-31,20.27,27.62,13.96,0.0
2021-01-01,20.34,26.39,14.64,0.0
2021-01-02,20.34,27.62,14.37,0.0
2021-01-03,19.52,26.62,13.77,0.0
2021-01-04,18.68,25.7,12.75,0.0
2021-01-05,18.64,26.53,12.43,0.0
2021-01-06,18.67,26.77,11.78,0.0
2021-01-07,17.73,24.9,12.83,0.0
2021-01-08,16.43,23.84,11.03,0.0
2021-01-09,16.25,25.14,9.14,0.0
2021-01-10,16.51,25.09,9.39,0.0
2021-01-11,17.32,26.13,9.9,0.0
2021-01-12,18.3,27.11,11.0,0.0
2021-01-13,18.95,27.87,11.78,0.0
2021-01-14,18.31,26.95,11.69,0.0
2021-01-15,18.94,28.24,11.46,0.0
2021-01-16,20.01,29.87,12.58,0.0
2021-01-17,21.31,31.41,13.59,0.0
2021-01-18,23.48,32.0,16.98,0.0
2021-01-19,23.24,31.93,16.68,0.0
2021-01-20,22.8,32.12,15.53,0.0
2021-01-21,22.52,31.02,16.63,0.0
2021-01-22,18.67,26.84,12.27,0.0
2021-01-23,20.17,28.62,13.36,0.0
2021-01-24,20.06,27.69,13.54,0.0
2021-01-25,21.21,30.25,13.57,0.0
2021-01-26,21.43,29.74,15.05,0.0
2021-01-27,19.85,28.0,12.93,0.0
2021-01-28,20.54,28.69,12.89,0.0
2021-01-29,21.23,29.39,13.7,0.0
2021-01-30,20.82,29.17,13.74,0.0
2021-01-31,22.11,30.21,15.87,0.0
2021-02-01,20.36,28.92,13.58,0.0
2021-02-02,20.06,30.15,11.8,0.0
2021-02-03,20.43,29.29,13.38,0.0
2021-02-04,21.75,30.54,13.99,0.0
2021-02-05,21.71,29.7,14.27,0.0
2021-02-06,20.77,29.09,13.84,0.0
2021-02-07,20.04,27.45,13.06,0.0
2021-02-08,22.71,30.75,15.43,0.0
2021-02-09,22.55,30.04,16.92,0.0
2021-02-10,22.85,31.25,16.36,0.0
2021-02-11,24.27,32.25,18.14,0.0
2021-02-12,23.14,31.15,16.96,0.0
2021-02-13,22.77,30.7,16.22,0.0
2021-02-14,23.34,31.9,16.55,0.0
2021-02-15,24.24,33.16,16.59,0.0
2021-02-16,25.02,32.98,18.47,0.0
2021-02-17,24.14,32.11,16.1,0.0
2021-02-18,23.5,31.16,16.48,0.0
2021-02-19,23.75,29.85,17.4,0.0
2021-02-20,25.08,32.32,18.54,0.0
2021-02-21,24.22,31.58,17.28,0.0
2021-02-22,24.39,32.17,16.98,0.0
2021-02-23,26.18,34.55,18.58,0.0
2021-02-24,25.97,32.68,19.59,0.0
2021-02-25,27.14,34.27,20.77,0.0
2021-02-26,24.65,32.04,18.75,0.0
2021-02-27,22.64,31.61,15.41,0.0
2021-02-28,22.65,32.66,13.94,0.0
2021-03-01,26.15,34.66,18.0,0.0
2021-03-02,26.79,34.86,19.02,0.0
2021-03-03,27.41,35.69,19.22,0.0
2021-03-04,29.86,37.52,22.54,0.0
2021-03-05,30.71,39.27,23.14,0.0
2021-03-06,27.16,36.71,19.98,0.0
2021-03-07,23.55,32.49,16.2,0.0
2021-03-08,23.31,32.53,15.47,0.05
2021-03-09,26.23,36.05,17.18,0.4
2021-03-10,28.67,37.3,21.5,0.5
2021-03-11,27.86,36.36,20.42,0.0
2021-03-12,29.29,37.76,22.26,0.0
2021-03-13,27.96,36.91,20.05,0.0
2021-03-14,25.98,34.4,18.13,0.0
2021-03-15,26.97,35.41,19.58,0.0
2021-03-16,28.64,36.04,22.6,0.0
2021-03-17,29.81,37.35,24.06,0.0
2021-03-18,30.68,38.56,25.12,0.0
2021-03-19,31.89,39.91,26.24,0.0
2021-03-20,31.04,38.99,24.09,0.0
2021-03-21,26.52,35.53,19.76,0.0
2021-03-22,26.0,35.97,17.03,0.0
2021-03-23,27.72,37.19,19.27,0.0
2021-03-24,29.41,39.39,19.89,0.0
2021-03-25,28.59,36.72,21.37,0.0
2021-03-26,29.22,38.23,20.73,0.0
2021-03-27,31.01,39.46,24.26,0.0
2021-03-28,31.91,41.02,24.06,0.0
2021-03-29,29.1,40.25,19.3,0.0
2021-03-30,30.55,41.83,20.77,0.0
2021-03-31,31.75,41.47,23.1,0.0
2021-04-01,30.98,40.19,22.75,0.0
2021-04-02,32.08,41.91,24.01,0.0
2021-04-03,33.56,43.92,23.49,0.0
2021-04-04,31.58,42.01,23.39,0.0
2021-04-05,27.78,38.43,19.01,0.0
2021-04-06,26.6,37.04,17.38,0.0
2021-04-07,28.81,39.42,17.6,0.0
2021-04-08,29.43,38.53,20.48,0.0
2021-04-09,28.88,37.81,19.93,0.0
2021-04-10,28.84,37.78,19.54,0.15
2021-04-11,29.59,37.6,21.64,0.0
2021-04-12,30.45,38.36,22.12,0.0
2021-04-13,31.61,39.61,23.91,0.0
2021-04-14,32.14,39.97,24.93,0.0
2021-04-15,31.92,40.06,24.3,0.0
2021-04-16,31.96,39.44,26.18,0.0
2021-04-17,30.27,37.85,22.0,0.0
2021-04-18,30.53,37.81,23.96,0.0
2021-04-19,30.22,37.31,23.95,0.0
2021-04-20,31.48,40.94,22.16,0.0
2021-04-21,32.79,41.66,23.74,0.0
2021-04-22,32.8,41.26,25.26,0.0
2021-04-23,33.17,41.58,25.66,0.0
2021-04-24,33.67,42.0,25.81,0.0
2021-04-25,34.51,42.23,25.98,0.0
2021-04-26,33.16,39.87,26.45,0.0
2021-04-27,33.27,40.45,26.11,0.04
2021-04-28,33.43,37.41,28.06,0.04
2021-04-29,31.44,35.98,27.67,0.15
2021-04-30,31.64,37.16,26.02,1.38
2021-05-01,31.46,38.56,24.74,1.36
2021-05-02,31.85,37.7,25.94,0.38
2021-05-03,32.33,38.95,25.38,0.18
2021-05-04,32.66,39.47,26.01,1.42
2021-05-05,31.91,38.98,25.78,0.21
2021-05-06,31.85,39.26,24.47,0.0
2021-05-07,32.37,38.26,25.55,0.0
2021-05-08,34.18,39.91,27.44,0.01
2021-05-09,34.16,40.92,27.67,0.24
2021-05-10,32.52,41.0,24.78,0.0
2021-05-11,32.36,41.6,22.58,0.0
2021-05-12,35.1,44.18,24.33,0.0
2021-05-13,36.02,43.73,28.55,0.0
2021-05-14,36.46,44.33,27.96,0.0
2021-05-15,36.73,44.9,27.77,0.0
2021-05-16,37.12,45.17,28.31,0.0
2021-05-17,35.78,44.0,27.78,0.0
2021-05-18,36.17,43.95,27.28,0.0
2021-05-19,36.06,44.07,27.33,0.0
2021-05-20,37.58,45.69,29.15,0.0
2021-05-21,38.46,47.32,29.2,0.0
2021-05-22,38.76,47.47,29.73,0.0
2021-05-23,38.7,46.86,29.38,0.0
2021-05-24,37.19,45.02,29.17,0.0
2021-05-25,36.38,44.37,28.8,0.0
2021-05-26,36.96,46.13,27.36,0.0
2021-05-27,35.26,44.54,27.13,0.0
2021-05-28,34.75,45.24,24.57,0.0
2021-05-29,37.44,46.81,27.58,0.0
2021-05-30,36.68,45.36,28.17,0.0
2021-05-31,36.53,44.9,28.03,0.0
2021-06-01,38.02,46.82,29.54,0.0
2021-06-02,38.78,48.06,28.88,0.0
2021-06-03,39.97,48.83,30.58,0.0
2021-06-04,40.37,49.04,31.54,0.0
2021-06-05,40.93,50.0,32.21,0.0
2021-06-06,41.28,49.72,32.87,0.0
2021-06-07,39.89,48.32,31.5,0.0
2021-06-08,37.49,45.21,29.32,0.0
2021-06-09,38.73,47.43,30.69,0.0
2021-06-10,39.96,48.8,31.75,0.0
2021-06-11,38.9,47.6,30.45,0.0
2021-06-12,39.54,47.76,31.34,0.33
2021-06-13,40.3,49.41,31.21,0.34
2021-06-14,39.46,48.47,30.47,0.0
2021-06-15,38.97,48.02,29.96,0.0
2021-06-16,38.81,47.8,29.91,0.0
2021-06-17,36.21,45.84,26.69,0.0
2021-06-18,37.1,46.39,27.04,0.0
2021-06-19,39.37,47.05,31.45,0.0
2021-06-20,39.32,47.11,30.69,0.0
2021-06-21,38.37,46.33,30.46,0.0
2021-06-22,38.17,45.03,30.53,0.0
2021-06-23,38.22,45.45,29.79,0.14
2021-06-24,37.66,44.86,30.37,0.0
2021-06-25,37.47,45.43,28.84,0.0
2021-06-26,37.02,44.18,29.06,0.0
2021-06-27,36.36,42.96,29.83,0.0
2021-06-28,35.65,42.9,28.06,0.0
2021-06-29,35.48,42.65,27.98,0.0
2021-06-30,36.61,43.69,29.04,0.0
2021-07-01,38.84,46.69,30.78,0.0
2021-07-02,40.08,47.95,31.84,0.0
2021-07-03,40.83,48.97,31.49,0.0
2021-07-04,39.61,46.58,31.89,0.0
2021-07-05,38.2,44.38,31.59,0.0
2021-07-06,37.22,44.23,29.37,0.0
2021-07-07,36.34,43.17,28.89,0.0
2021-07-08,36.33,42.79,29.55,0.0
2021-07-09,38.22,45.76,30.55,0.0
2021-07-10,38.2,44.66,31.47,0.0
2021-07-11,39.33,46.7,31.6,0.0
2021-07-12,40.93,48.39,34.68,0.0
2021-07-13,39.84,46.76,34.78,0.01
2021-07-14,37.39,44.01,31.41,0.25
2021-07-15,36.68,40.61,31.94,0.34
2021-07-16,33.73,36.91,31.47,1.13
2021-07-17,33.3,38.28,28.75,0.98
2021-07-18,32.72,37.69,27.44,0.3
2021-07-19,35.74,40.95,29.92,0.0
2021-07-20,37.93,43.2,31.99,0.0
2021-07-21,37.28,41.88,32.74,0.0
2021-07-22,38.64,44.26,32.5,0.06
2021-07-23,39.63,45.63,33.63,3.08
2021-07-24,36.56,42.35,30.6,2.7
2021-07-25,38.93,44.76,33.02,0.0
2021-07-26,39.36,44.99,33.45,0.0
2021-07-27,40.36,47.18,33.75,0.0
2021-07-28,39.22,46.54,32.53,0.0
2021-07-29,39.01,46.05,32.16,0.0
2021-07-30,39.01,46.31,32.75,0.0
2021-07-31,37.92,44.58,32.09,0.0
2021-08-01,38.65,47.04,30.42,0.0
2021-08-02,39.89,48.0,31.78,0.0
2021-08-03,40.11,48.1,31.68,0.0
2021-08-04,39.91,47.56,32.24,0.05
2021-08-05,40.03,47.11,32.88,0.05
2021-08-06,39.69,46.63,34.12,0.0
2021-08-07,40.19,47.34,32.8,0.0
2021-08-08,39.4,46.76,31.22,0.0
2021-08-09,39.63,47.0,31.54,0.0
2021-08-10,38.69,46.0,30.74,0.0
2021-08-11,38.61,45.29,31.38,0.0
2021-08-12,40.13,47.29,32.67,0.0
2021-08-13,41.12,48.2,33.27,0.0
2021-08-14,39.18,45.82,32.8,0.0
2021-08-15,39.54,46.56,31.85,0.0
2021-08-16,40.77,47.59,34.09,0.0
2021-08-17,40.07,45.97,34.11,0.0
2021-08-18,38.06,44.96,30.59,0.0
2021-08-19,36.16,43.24,28.91,0.07
2021-08-20,34.36,42.05,26.89,0.25
2021-08-21,34.58,42.3,27.16,0.07
2021-08-22,36.92,44.16,29.71,0.0
2021-08-23,37.76,44.44,30.46,0.0
2021-08-24,37.41,45.48,29.7,0.19
2021-08-25,36.39,44.93,28.4,0.0
2021-08-26,37.75,45.07,30.56,0.0
2021-08-27,39.38,46.64,32.32,0.0
2021-08-28,38.0,45.85,30.64,0.0
2021-08-29,36.34,43.42,29.59,0.0
2021-08-30,36.43,44.3,29.19,0.0
2021-08-31,35.08,43.52,27.8,0.0
2021-09-01,35.13,42.56,27.85,0.0
2021-09-02,35.35,41.8,28.46,1.11
2021-09-03,35.17,41.99,28.24,1.12
2021-09-04,35.84,42.1,29.16,0.03
2021-09-05,36.49,43.51,29.69,0.81
2021-09-06,37.58,45.93,29.75,0.0
2021-09-07,38.34,46.91,30.62,0.0
2021-09-08,37.16,45.39,28.55,0.0
2021-09-09,37.03,44.33,29.81,0.0
2021-09-10,38.56,45.36,31.09,0.0
2021-09-11,39.88,45.31,34.63,0.0
2021-09-12,38.32,42.33,34.25,0.0
2021-09-13,38.77,44.63,32.77,0.0
2021-09-14,38.73,44.75,32.93,0.0
2021-09-15,37.89,44.71,31.37,0.0
2021-09-16,35.88,41.3,29.53,0.0
2021-09-17,36.62,43.15,30.21,0.0
2021-09-18,35.66,42.82,28.22,0.0
2021-09-19,35.52,42.49,28.78,0.0
2021-09-20,35.19,41.58,28.45,0.0
2021-09-21,34.57,40.39,28.52,0.0
2021-09-22,35.55,42.53,29.26,0.0
2021-09-23,35.79,42.83,28.85,0.0
2021-09-24,37.03,42.89,31.05,0.0
2021-09-25,36.25,42.49,29.14,0.0
2021-09-26,37.2,44.31,30.71,0.02
2021-09-27,35.75,42.99,28.29,0.24
2021-09-28,34.73,40.5,28.83,0.26
2021-09-29,35.45,41.78,28.53,0.0
2021-09-30,35.7,41.3,30.35,0.0
2021-10-01,36.29,44.14,28.9,0.01
2021-10-02,35.94,43.18,29.47,0.16
2021-10-03,32.68,39.18,27.4,8.36
2021-10-04,29.04,32.21,26.11,3.26
2021-10-05,30.83,37.64,25.19,0.0
2021-10-06,31.2,37.31,25.36,0.0
2021-10-07,31.65,38.08,25.51,0.0
2021-10-08,32.97,40.75,25.07,0.0
2021-10-09,33.62,41.31,25.95,0.0
2021-10-10,33.68,41.79,26.04,0.0
2021-10-11,32.84,40.16,26.32,0.0
2021-10-12,32.8,39.98,25.82,0.0
2021-10-13,32.0,38.9,25.53,0.0
2021-10-14,31.32,39.73,23.75,0.0
2021-10-15,30.9,40.75,22.18,0.0
2021-10-16,31.05,40.2,23.38,0.0
2021-10-17,30.87,39.09,23.12,0.0
2021-10-18,29.99,38.7,21.61,0.0
2021-10-19,32.03,40.01,26.02,0.0
2021-10-20,30.81,38.53,24.07,0.0
2021-10-21,29.33,36.35,23.26,0.0
2021-10-22,29.8,37.35,23.06,0.0
2021-10-23,30.2,37.13,23.65,0.0
2021-10-24,30.14,36.59,24.59,0.0
2021-10-25,30.57,37.73,24.95,0.0
2021-10-26,30.34,37.61,24.09,0.0
2021-10-27,28.87,36.49,21.37,0.0
2021-10-28,28.55,33.96,23.01,0.37
2021-10-29,28.03,34.99,22.38,0.11
2021-10-30,27.92,36.01,20.77,0.0
2021-10-31,29.32,38.16,21.67,0.0
2021-11-01,29.53,38.65,22.11,0.0
2021-11-02,29.39,37.81,22.02,0.0
2021-11-03,28.59,36.41,21.42,0.0
2021-11-04,27.23,34.56,20.22,0.0
2021-11-05,26.64,33.42,20.26,0.0
2021-11-06,26.53,33.31,20.13,0.0
2021-11-07,26.5,33.27,20.31,0.0
2021-11-08,27.11,34.01,21.02,0.23
2021-11-09,26.7,33.84,20.55,0.19
2021-11-10,25.42,32.03,19.44,0.0
2021-11-11,25.68,32.08,20.01,0.0
2021-11-12,25.76,32.96,19.35,0.0
2021-11-13,26.08,34.21,19.09,0.0
2021-11-14,25.82,33.74,19.22,0.0
2021-11-15,25.72,33.7,18.7,0.0
2021-11-16,25.07,32.2,18.02,0.0
2021-11-17,25.37,32.41,17.83,0.0
2021-11-18,25.76,33.1,19.38,0.0
2021-11-19,24.84,31.29,19.35,0.0
2021-11-20,25.06,32.41,18.47,0.0
2021-11-21,25.49,33.03,19.21,0.0
2021-11-22,26.13,34.94,19.33,0.0
2021-11-23,25.96,35.35,17.79,0.0
2021-11-24,27.39,36.51,19.96,0.0
2021-11-25,26.05,33.85,20.11,0.0
2021-11-26,25.04,34.8,17.07,0.0
2021-11-27,25.54,34.6,18.44,0.0
2021-11-28,25.23,33.31,18.07,0.0
2021-11-29,23.28,30.47,17.78,0.2
2021-11-30,22.95,29.91,17.04,1.06
2021-12-01,23.33,29.55,17.57,0.97
2021-12-02,23.38,29.62,17.81,0.0
2021-12-03,23.28,29.7,18.53,0.0
2021-12-04,22.18,28.79,16.89,0.0
2021-12-05,21.1,28.66,14.39,0.0
2021-12-06,22.58,30.11,16.55,0.0
2021-12-07,21.97,29.24,16.0,0.0
2021-12-08,22.74,29.8,17.2,0.0
2021-12-09,22.48,29.98,16.9,0.0
2021-12-10,21.19,28.44,14.95,0.0
2021-12-11,20.66,28.11,14.79,0.0
2021-12-12,21.11,28.34,14.58,0.0
2021-12-13,21.58,28.64,15.79,0.0
2021-12-14,21.46,28.28,15.78,0.21
2021-12-15,21.45,28.5,15.59,0.21
2021-12-16,21.0,27.44,15.13,0.0
2021-12-17,21.1,27.2,14.62,0.0
2021-12-18,21.87,28.4,15.36,0.0
2021-12-19,21.82,28.94,15.27,0.0
2021-12-20,22.22,29.76,16.22,0.0
2021-12-21,22.78,29.89,17.33,0.0
2021-12-22,22.67,29.66,17.68,0.0
2021-12-23,21.63,29.86,14.45,0.0
2021-12-24,22.66,30.97,16.8,0.0
2021-12-25,22.73,30.11,17.07,0.0
2021-12-26,23.27,30.68,17.67,0.0
2021-12-27,22.7,29.64,17.1,0.0
2021-12-28,22.21,29.34,16.19,0.66
2021-12-29,20.9,25.7,16.37,0.0
2021-12-30,22.19,26.81,18.31,0.28
2021-12-31,23.22,27.97,18.98,5.19
2022-01-01,22.39,27.33,17.69,1.26
2022-01-02,22.31,27.61,16.7,0.27
2022-01-03,23.68,28.69,19.54,0.04
2022-01-04,19.66,22.31,15.35,3.71
2022-01-05,16.48,22.59,11.39,0.05
2022-01-06,15.75,22.91,9.96,0.0
2022-01-07,17.35,24.9,11.5,0.0
2022-01-08,17.34,24.4,11.76,0.0
2022-01-09,17.93,25.68,11.24,0.0
2022-01-10,18.95,26.56,12.32,0.0
2022-01-11,19.51,26.44,13.48,0.0
2022-01-12,20.06,27.37,14.55,0.0
2022-01-13,20.21,28.18,13.39,0.0
2022-01-14,20.12,27.48,14.01,0.0
2022-01-15,20.0,26.84,13.78,0.0
2022-01-16,20.7,27.13,15.47,0.29
2022-01-17,21.67,28.25,16.03,0.26
2022-01-18,22.78,29.13,17.32,0.0
2022-01-19,23.59,29.67,17.91,0.0
2022-01-20,23.28,29.73,18.33,0.01
2022-01-21,17.04,21.75,11.56,0.0
2022-01-22,15.54,23.4,8.74,0.0
2022-01-23,16.05,23.98,8.87,0.0
2022-01-24,17.16,25.6,9.89,0.0
2022-01-25,18.96,28.83,10.34,0.0
2022-01-26,20.69,29.66,12.8,0.0
2022-01-27,20.33,27.93,13.35,0.0
2022-01-28,21.28,28.77,15.54,0.0
2022-01-29,21.53,30.15,14.04,0.0
2022-01-30,21.47,29.59,15.45,0.0
2022-01-31,21.61,30.61,14.51,0.0
2022-02-01,22.69,31.09,15.74,0.0
2022-02-02,21.92,30.32,14.77,0.0
2022-02-03,21.18,30.58,13.53,0.0
2022-02-04,21.46,29.55,14.49,0.0
2022-02-05,22.12,30.35,13.75,0.0
2022-02-06,20.16,27.21,13.94,0.0
2022-02-07,16.64,24.43,9.75,0.0
2022-02-08,16.81,25.4,9.46,0.0
2022-02-09,18.47,28.21,9.66,0.0
2022-02-10,20.54,28.25,12.82,0.0
2022-02-11,20.68,28.18,13.39,0.0
2022-02-12,20.97,28.92,13.41,0.0
2022-02-13,19.93,27.03,14.29,0.0
2022-02-14,17.61,25.32,10.31,0.43
2022-02-15,21.04,28.97,13.2,0.0
2022-02-16,21.88,29.24,14.94,0.0
2022-02-17,21.25,29.03,14.58,0.0
2022-02-18,20.97,29.8,13.45,0.0
2022-02-19,23.0,31.59,14.24,0.0
2022-02-20,23.19,31.11,15.11,0.0
2022-02-21,22.63,30.79,15.42,0.0
2022-02-22,19.25,27.47,12.05,0.0
2022-02-23,20.84,30.83,12.18,0.0
2022-02-24,23.53,32.35,16.56,0.0
2022-02-25,24.74,33.11,18.59,0.0
2022-02-26,25.42,33.6,17.33,0.0
2022-02-27,24.79,32.79,17.6,0.0
2022-02-28,25.15,32.57,18.01,0.0
2022-03-01,25.08,33.3,18.79,0.0
2022-03-02,23.75,33.31,16.02,0.0
2022-03-03,24.48,33.46,16.25,0.0
2022-03-04,24.3,32.59,15.41,0.0
2022-03-05,25.26,32.6,17.95,0.0
2022-03-06,25.41,33.52,17.08,0.0
2022-03-07,26.72,35.19,19.07,0.0
2022-03-08,26.17,34.34,19.36,0.0
2022-03-09,26.4,35.08,19.2,0.0
2022-03-10,27.34,36.19,19.64,0.0
2022-03-11,28.14,36.83,20.05,0.0
2022-03-12,29.06,38.13,20.54,0.0
2022-03-13,28.78,37.71,20.39,0.0
2022-03-14,28.31,37.2,19.97,0.21
2022-03-15,28.93,37.57,20.64,0.0
2022-03-16,27.96,36.7,19.75,0.0
2022-03-17,25.34,33.81,18.83,0.0
2022-03-18,22.71,31.69,15.9,0.0
2022-03-19,21.75,30.91,14.03,0.0
2022-03-20,23.11,34.79,12.31,0.0
2022-03-21,26.46,36.2,17.53,0.0
2022-03-22,27.8,36.26,20.69,0.0
2022-03-23,29.32,38.75,21.38,0.0
2022-03-24,30.45,39.27,23.59,0.0
2022-03-25,31.04,39.64,21.89,0.0
2022-03-26,29.83,39.5,21.05,0.0
2022-03-27,29.17,40.08,21.0,0.0
2022-03-28,25.79,35.83,18.23,0.0
2022-03-29,25.22,35.96,16.32,0.0
2022-03-30,26.55,36.98,16.33,0.02
2022-03-31,28.93,37.84,21.32,0.04
2022-04-01,30.49,39.19,22.36,0.0
2022-04-02,31.27,41.04,22.4,0.0
2022-04-03,30.19,39.53,22.29,0.0
2022-04-04,30.72,39.64,22.14,0.0
2022-04-05,30.58,39.26,20.77,0.0
2022-04-06,30.4,39.31,21.26,0.0
2022-04-07,32.1,39.64,24.71,0.0
2022-04-08,32.57,40.93,25.19,0.0
2022-04-09,33.39,41.78,26.18,0.0
2022-04-10,33.65,42.28,25.24,0.0
2022-04-11,32.92,41.91,24.89,0.0
2022-04-12,32.6,42.5,22.73,0.0
2022-04-13,34.53,43.54,25.53,0.0
2022-04-14,35.59,43.67,27.64,0.0
2022-04-15,33.92,42.66,25.74,0.0
2022-04-16,34.97,43.45,27.75,0.0
2022-04-17,34.15,42.11,27.68,0.0
2022-04-18,30.81,38.78,24.11,0.0
2022-04-19,29.05,38.08,20.54,0.0
2022-04-20,30.25,38.7,22.72,0.0
2022-04-21,31.37,39.48,25.05,0.0
2022-04-22,31.5,39.47,22.36,0.0
2022-04-23,33.35,41.26,25.99,0.0
2022-04-24,32.43,39.76,25.32,0.0
2022-04-25,32.15,39.98,24.19,0.0
2022-04-26,32.68,39.6,25.47,0.0
2022-04-27,32.97,40.1,24.68,0.02
2022-04-28,33.49,40.76,25.97,0.45
2022-04-29,33.96,40.47,26.78,0.43
2022-04-30,33.9,41.15,28.42,0.0
2022-05-01,32.39,39.74,25.21,0.0
2022-05-02,33.35,42.47,24.03,0.0
2022-05-03,31.71,40.72,24.75,0.0
2022-05-04,29.82,40.15,19.71,0.0
2022-05-05,32.83,42.96,22.22,0.0
2022-05-06,34.08,42.46,25.13,0.0
2022-05-07,33.2,41.36,24.88,0.0
2022-05-08,33.84,42.02,25.31,0.0
2022-05-09,33.25,41.93,25.92,0.0
2022-05-10,29.93,39.7,21.25,0.0
2022-05-11,30.69,42.67,19.34,0.0
2022-05-12,33.62,43.93,23.21,0.0
2022-05-13,32.51,42.22,24.68,0.0
2022-05-14,29.46,39.31,20.51,0.0
2022-05-15,29.99,39.81,20.67,0.0
2022-05-16,33.53,42.86,24.12,0.0
2022-05-17,34.44,44.4,24.22,0.0
2022-05-18,34.65,44.8,25.39,0.0
2022-05-19,37.34,46.52,28.62,0.0
2022-05-20,36.68,46.15,27.52,0.0
2022-05-21,37.22,46.61,29.81,0.0
2022-05-22,36.32,45.44,28.16,0.0
2022-05-23,36.05,44.63,28.45,0.0
2022-05-24,35.65,44.66,25.7,0.0
2022-05-25,35.78,44.51,27.51,0.0
2022-05-26,35.19,44.76,26.99,0.0
2022-05-27,35.09,45.52,25.35,0.0
2022-05-28,35.53,46.06,24.48,0.0
2022-05-29,37.76,47.39,27.46,0.11
2022-05-30,35.72,44.44,28.34,0.11
2022-05-31,34.04,42.86,25.48,0.0
2022-06-01,34.15,41.6,26.85,0.0
2022-06-02,34.08,41.47,26.15,0.0
2022-06-03,34.75,42.26,26.93,0.0
2022-06-04,36.39,44.83,27.13,0.0
2022-06-05,37.34,45.61,28.29,0.0
2022-06-06,37.65,45.46,28.68,0.0
2022-06-07,36.64,44.16,28.16,0.0
2022-06-08,36.53,44.91,27.75,0.0
2022-06-09,37.25,46.26,28.33,0.0
2022-06-10,38.98,48.69,29.55,0.0
2022-06-11,37.26,47.23,28.76,0.0
2022-06-12,34.85,44.2,24.8,0.0
2022-06-13,36.73,44.27,28.73,0.0
2022-06-14,36.73,44.69,27.63,0.04
2022-06-15,37.58,44.46,29.92,0.04
2022-06-16,40.46,48.16,32.22,0.0
2022-06-17,40.78,49.35,32.86,0.0
2022-06-18,41.24,50.08,32.47,0.0
2022-06-19,40.04,47.8,32.49,0.0
2022-06-20,39.1,47.63,30.49,0.0
2022-06-21,39.93,48.02,32.49,0.0
2022-06-22,40.3,48.37,32.17,0.0
2022-06-23,38.36,45.08,30.56,0.0
2022-06-24,36.81,43.47,30.11,0.0
2022-06-25,38.99,46.64,31.56,0.04
2022-06-26,41.13,48.76,33.43,0.15
2022-06-27,40.77,47.71,34.17,0.0
2022-06-28,38.42,44.26,32.53,0.0
2022-06-29,39.73,45.97,32.58,0.0
2022-06-30,40.7,47.56,34.6,0.0
2022-07-01,39.71,46.79,32.49,0.0
2022-07-02,40.3,47.26,33.02,0.0
2022-07-03,39.93,47.2,32.41,0.0
2022-07-04,38.87,44.75,32.78,0.0
2022-07-05,39.05,44.51,34.22,2.25
2022-07-06,34.48,39.02,30.12,2.33
2022-07-07,32.17,33.53,30.71,0.69
2022-07-08,34.23,38.8,29.78,1.17
2022-07-09,34.28,36.44,32.57,0.0
2022-07-10,33.43,37.31,30.8,0.31
2022-07-11,31.47,34.09,28.83,0.0
2022-07-12,31.56,35.62,28.34,0.02
2022-07-13,34.94,40.98,28.3,0.0
2022-07-14,38.7,44.12,32.41,0.0
2022-07-15,38.71,44.6,32.93,0.0
2022-07-16,37.82,45.92,30.17,0.0
2022-07-17,36.66,42.01,32.86,0.0
2022-07-18,37.75,43.61,31.69,0.47
2022-07-19,37.08,41.56,32.79,0.51
2022-07-20,36.8,42.26,30.55,0.0
2022-07-21,35.87,41.81,30.17,0.0
2022-07-22,38.19,43.75,32.29,0.0
2022-07-23,39.54,45.55,33.4,0.0
2022-07-24,39.37,44.11,33.98,0.01
2022-07-25,38.6,44.7,32.9,0.01
2022-07-26,36.4,40.55,32.69,1.94
2022-07-27,34.6,39.53,29.1,1.78
2022-07-28,34.41,40.0,28.54,0.12
2022-07-29,34.81,40.62,28.34,0.01
2022-07-30,34.87,41.29,27.84,0.11
2022-07-31,36.19,41.92,29.97,0.36
2022-08-01,35.23,40.03,31.0,0.0
2022-08-02,38.34,44.85,31.94,0.0
2022-08-03,39.24,45.6,33.33,1.1
2022-08-04,38.15,45.8,31.84,0.48
2022-08-05,38.19,45.63,30.71,0.15
2022-08-06,39.49,46.75,31.91,0.0
2022-08-07,39.57,46.12,31.91,0.0
2022-08-08,40.43,46.74,33.7,0.0
2022-08-09,41.58,49.45,34.04,0.0
2022-08-10,40.71,49.12,32.86,0.0
2022-08-11,40.32,47.36,32.84,0.0
2022-08-12,41.16,46.94,35.68,0.0
2022-08-13,35.47,40.24,30.59,0.0
2022-08-14,34.61,41.34,29.0,0.0
2022-08-15,37.96,44.29,31.56,0.0
2022-08-16,39.44,47.24,32.17,0.0
2022-08-17,38.29,45.0,32.38,0.0
2022-08-18,37.76,44.49,31.5,0.0
2022-08-19,39.49,46.66,32.68,0.0
2022-08-20,40.05,46.81,33.44,0.0
2022-08-21,38.51,45.21,32.3,0.0
2022-08-22,38.99,46.09,32.04,0.0
2022-08-23,38.84,45.49,31.4,0.0
2022-08-24,37.61,44.04,32.35,0.07
2022-08-25,37.64,44.43,31.05,0.0
2022-08-26,36.06,42.73,29.03,0.01
2022-08-27,34.76,42.31,26.99,0.0
2022-08-28,34.55,42.66,26.4,0.0
2022-08-29,34.99,43.22,26.96,0.0
2022-08-30,34.12,41.97,26.26,0.0
2022-08-31,33.55,40.31,27.39,0.0
2022-09-01,35.15,43.69,27.77,0.0
2022-09-02,35.7,44.19,27.31,0.0
2022-09-03,35.12,43.09,27.3,0.0
2022-09-04,34.62,42.55,27.32,0.0
2022-09-05,34.72,41.5,28.2,0.0
2022-09-06,35.67,42.92,28.51,0.0
2022-09-07,35.63,42.79,28.02,0.2
2022-09-08,34.06,41.41,26.72,0.0
2022-09-09,34.99,43.21,27.09,0.0
2022-09-10,35.72,42.6,28.8,0.0
2022-09-11,35.99,42.57,29.63,0.0
2022-09-12,36.32,44.1,28.55,0.0
2022-09-13,37.53,44.73,29.6,0.0
2022-09-14,37.41,44.07,29.98,0.0
2022-09-15,36.78,43.23,29.65,0.0
2022-09-16,37.32,45.26,29.96,0.0
2022-09-17,35.1,43.77,27.14,0.0
2022-09-18,35.72,42.95,28.18,0.0
2022-09-19,34.93,42.0,27.12,0.0
2022-09-20,34.59,41.12,27.38,0.0
2022-09-21,35.95,42.11,29.26,0.0
2022-09-22,34.23,40.92,26.75,0.0
2022-09-23,34.67,42.41,26.85,0.0
2022-09-24,35.31,43.24,27.63,0.0
2022-09-25,35.62,44.0,28.46,0.0
2022-09-26,34.79,42.83,27.63,0.02
2022-09-27,33.88,41.27,26.14,0.02
2022-09-28,33.8,40.72,27.08,0.0
2022-09-29,33.56,39.47,27.15,0.01
2022-09-30,33.53,39.14,27.38,0.04
2022-10-01,33.34,40.41,26.9,0.0
2022-10-02,33.88,41.63,26.53,0.0
2022-10-03,33.39,40.22,26.37,0.0
2022-10-04,33.12,41.0,25.81,0.0
2022-10-05,32.23,39.97,25.11,0.0
2022-10-06,32.8,41.04,24.97,0.0
2022-10-07,33.43,41.67,25.87,0.0
2022-10-08,31.6,38.76,24.71,0.0
2022-10-09,30.67,38.47,23.41,0.0
2022-10-10,30.4,39.21,21.85,0.0
2022-10-11,31.0,39.39,22.71,0.0
2022-10-12,30.67,38.48,22.6,0.0
2022-10-13,30.42,37.9,22.9,0.0
2022-10-14,29.17,36.72,21.34,0.0
2022-10-15,29.12,37.53,20.62,0.0
2022-10-16,30.97,40.25,22.48,0.0
2022-10-17,30.48,39.16,22.48,0.0
2022-10-18,29.79,38.95,21.84,0.0
2022-10-19,30.29,40.37,20.87,0.0
2022-10-20,29.59,37.95,22.4,0.0
2022-10-21,30.39,38.21,23.69,0.0
2022-10-22,29.98,37.93,22.21,0.0
2022-10-23,28.8,36.14,21.69,0.0
2022-10-24,29.03,36.44,21.96,0.0
2022-10-25,29.31,36.71,22.49,0.0
2022-10-26,30.36,38.2,23.31,0.0
2022-10-27,31.04,39.3,23.36,0.0
2022-10-28,31.06,39.57,23.3,0.0
2022-10-29,30.52,38.57,22.91,0.06
2022-10-30,28.58,35.73,22.15,0.0
2022-10-31,27.96,35.04,21.48,0.07
2022-11-01,28.71,35.77,21.61,0.07
2022-11-02,28.55,36.16,21.28,0.0
2022-11-03,27.83,35.22,21.54,0.0
2022-11-04,26.91,34.2,20.03,0.0
2022-11-05,27.89,34.33,22.04,0.0
2022-11-06,28.76,34.79,22.59,0.0
2022-11-07,29.11,35.11,23.76,0.0
2022-11-08,29.32,35.53,23.95,0.0
2022-11-09,29.2,35.42,23.49,0.0
2022-11-10,29.75,36.21,23.29,0.01
2022-11-11,29.14,36.1,22.59,0.0
2022-11-12,28.02,34.61,21.96,0.0
2022-11-13,27.81,35.09,21.2,0.0
2022-11-14,28.08,35.02,21.49,0.0
2022-11-15,27.84,35.64,20.46,0.0
2022-11-16,28.18,36.15,21.09,0.0
2022-11-17,27.48,34.03,21.82,0.0
2022-11-18,26.74,33.58,20.44,0.0
2022-11-19,27.47,35.39,20.72,0.0
2022-11-20,27.14,34.25,20.54,0.0
2022-11-21,27.35,33.84,21.1,0.04
2022-11-22,27.14,31.93,23.05,0.31
2022-11-23,26.37,31.31,21.3,0.3
2022-11-24,27.78,33.58,22.37,0.0
2022-11-25,27.0,34.12,20.69,0.0
2022-11-26,26.32,33.26,20.4,0.0
2022-11-27,26.24,33.82,19.79,0.0
2022-11-28,26.18,33.53,20.29,0.0
2022-11-29,26.34,34.19,20.16,0.02
2022-11-30,26.06,33.16,19.82,0.21
2022-12-01,25.31,32.05,19.27,0.15
2022-12-02,25.32,32.47,19.32,0.0
2022-12-03,24.69,31.86,18.78,0.0
2022-12-04,24.38,30.59,19.85,0.0
2022-12-05,25.23,32.32,18.94,0.0
2022-12-06,24.56,31.35,18.73,0.0
2022-12-07,23.86,30.08,18.2,0.0
2022-12-08,24.85,31.78,19.0,0.0
2022-12-09,24.39,31.24,18.19,0.0
2022-12-10,23.06,29.39,18.08,0.04
2022-12-11,21.39,27.19,16.98,0.15
2022-12-12,20.57,27.3,14.72,0.08
2022-12-13,21.67,28.5,15.87,0.08
2022-12-14,22.68,29.35,17.02,0.01
2022-12-15,23.18,30.05,17.39,0.0
2022-12-16,23.04,29.74,17.2,0.0
2022-12-17,23.37,30.65,16.99,0.0
2022-12-18,22.81,29.76,17.16,0.0
2022-12-19,21.42,28.18,15.83,0.0
2022-12-20,21.82,28.92,16.02,0.0
2022-12-21,21.52,28.08,16.08,0.0
2022-12-22,21.94,27.37,18.1,0.0
2022-12-23,22.73,28.67,17.79,0.0
2022-12-24,22.95,28.7,17.08,0.0
2022-12-25,23.17,29.29,17.75,0.01
2022-12-26,24.03,30.3,18.08,0.41
2022-12-27,24.07,28.92,19.6,1.03
2022-12-28,22.34,26.44,15.48,0.37
2022-12-29,18.43,26.2,11.99,0.2
2022-12-30,20.07,27.81,13.42,0.0
2022-12-31,21.38,28.37,15.66,0.0
2023-01-01,22.15,30.19,15.65,0.0
2023-01-02,22.03,30.38,16.05,0.12
2023-01-03,22.13,29.95,16.08,0.22
2023-01-04,21.89,28.41,15.75,0.0
2023-01-05,21.76,27.69,15.59,0.0
2023-01-06,21.79,27.88,16.16,0.0
2023-01-07,21.24,27.51,15.38,0.05
2023-01-08,22.48,28.84,17.11,0.02
2023-01-09,22.92,28.55,17.99,0.0
2023-01-10,22.64,29.49,16.88,0.0
2023-01-11,21.63,28.34,16.61,0.0
2023-01-12,19.82,26.99,14.5,0.0
2023-01-13,19.65,27.22,13.66,0.0
2023-01-14,20.54,27.58,14.71,0.0
2023-01-15,21.03,27.85,14.96,0.0
2023-01-16,22.88,30.57,16.23,0.0
2023-01-17,23.62,31.44,16.79,0.0
2023-01-18,21.61,28.63,16.1,0.0
2023-01-19,18.8,25.57,13.27,0.0
2023-01-20,19.41,26.63,13.04,0.0
2023-01-21,19.19,25.89,13.39,0.0
2023-01-22,19.7,26.4,13.37,0.0
2023-01-23,19.38,25.43,13.95,0.02
2023-01-24,19.55,24.49,15.08,0.91
2023-01-25,19.36,24.15,14.97,4.61
2023-01-26,18.49,22.95,14.61,1.99
2023-01-27,19.19,24.02,15.27,4.36
2023-01-28,17.7,23.74,12.73,1.32
2023-01-29,16.53,24.54,9.29,0.0
2023-01-30,18.84,27.5,11.97,0.0
2023-01-31,19.71,27.39,13.06,0.0
2023-02-01,19.35,27.0,12.96,0.0
2023-02-02,20.51,29.06,13.53,0.0
2023-02-03,20.8,28.73,13.67,0.0
2023-02-04,22.05,29.46,16.16,0.0
2023-02-05,21.72,29.59,16.09,0.0
2023-02-06,22.68,31.34,15.06,0.0
2023-02-07,23.2,31.46,15.65,0.0
2023-02-08,23.81,32.64,16.33,0.0
2023-02-09,20.83,28.86,14.7,0.0
2023-02-10,18.08,26.56,11.83,0.0
2023-02-11,20.56,31.38,11.6,0.0
2023-02-12,23.68,32.26,15.46,0.0
2023-02-13,24.88,33.77,15.95,0.0
2023-02-14,24.42,34.09,16.7,0.0
2023-02-15,24.54,35.04,16.37,0.0
2023-02-16,24.26,33.71,15.4,0.0
2023-02-17,24.37,33.63,16.43,0.0
2023-02-18,23.78,32.96,16.45,0.0
2023-02-19,21.77,31.35,14.26,0.0
2023-02-20,20.98,29.83,13.28,0.17
2023-02-21,21.48,30.23,13.95,0.0
2023-02-22,24.33,33.98,15.82,0.0
2023-02-23,25.23,33.47,19.17,0.0
2023-02-24,24.82,32.73,15.27,0.0
2023-02-25,24.33,32.75,15.95,0.1
2023-02-26,25.14,33.36,17.53,0.0
2023-02-27,26.01,33.75,18.4,0.0
2023-02-28,26.43,34.17,18.28,0.0
2023-03-01,25.07,32.18,18.0,0.01
2023-03-02,26.26,33.3,19.56,0.02
2023-03-03,26.0,33.19,18.5,0.0
2023-03-04,25.78,33.6,18.18,0.0
2023-03-05,26.95,34.73,21.67,0.0
2023-03-06,26.94,35.17,20.56,0.0
2023-03-07,27.14,35.18,21.06,0.0
2023-03-08,27.32,35.1,19.1,0.0
2023-03-09,27.04,34.51,19.22,0.0
2023-03-10,25.52,31.84,20.09,0.0
2023-03-11,26.62,32.18,20.53,0.0
2023-03-12,28.36,35.63,20.57,0.0
2023-03-13,26.52,31.86,21.37,0.0
2023-03-14,27.01,33.51,21.59,0.01
2023-03-15,27.38,34.66,20.49,0.0
2023-03-16,28.76,35.89,23.21,0.0
2023-03-17,28.74,36.03,22.37,0.0
2023-03-18,26.25,34.96,18.97,0.0
2023-03-19,23.97,32.95,19.23,0.0
2023-03-20,27.08,35.08,19.36,0.0
2023-03-21,29.19,36.03,21.95,0.38
2023-03-22,24.44,30.77,18.78,0.36
2023-03-23,22.36,29.61,16.15,0.0
2023-03-24,21.85,30.11,13.87,0.0
2023-03-25,24.13,33.37,15.44,0.0
2023-03-26,27.34,34.84,18.88,0.0
2023-03-27,25.96,31.69,20.12,0.0
2023-03-28,27.75,34.68,21.84,0.13
2023-03-29,23.92,31.22,17.39,0.01
2023-03-30,23.49,32.73,14.6,0.01
2023-03-31,25.58,34.46,17.26,0.02
2023-04-01,29.34,37.99,22.31,0.0
2023-04-02,23.69,29.1,19.17,0.37
2023-04-03,22.8,31.63,16.25,0.0
2023-04-04,22.33,32.07,13.11,0.0
2023-04-05,23.17,31.36,14.5,0.0
2023-04-06,26.06,35.47,16.72,0.0
2023-04-07,27.24,36.41,18.0,0.0
2023-04-08,28.27,36.15,20.19,0.0
2023-04-09,28.87,35.09,23.77,0.0
2023-04-10,29.07,36.31,21.24,0.0
2023-04-11,29.86,36.42,23.23,0.0
2023-04-12,30.39,36.07,24.94,0.0
2023-04-13,31.17,37.98,23.97,0.1
2023-04-14,32.62,39.92,25.77,0.0
2023-04-15,30.8,38.34,24.34,0.0
2023-04-16,28.89,36.7,21.16,0.0
2023-04-17,27.21,34.95,21.33,0.08
2023-04-18,29.02,36.9,22.24,0.11
2023-04-19,30.0,37.27,23.87,0.04
2023-04-20,29.59,36.58,22.09,0.01
2023-04-21,30.56,37.26,24.83,0.21
2023-04-22,31.32,37.72,24.54,0.0
2023-04-23,32.48,39.9,26.17,0.0
2023-04-24,31.85,38.49,24.73,0.0
2023-04-25,32.18,38.61,24.51,0.0
2023-04-26,31.64,37.5,26.12,0.0
2023-04-27,31.03,37.8,25.03,0.01
2023-04-28,30.28,37.38,23.99,0.0
2023-04-29,30.36,38.86,21.91,0.0
2023-04-30,31.89,40.08,23.51,0.01
2023-05-01,32.65,41.11,24.02,0.0
2023-05-02,33.0,41.15,25.11,0.0
2023-05-03,29.36,38.15,20.63,0.0
2023-05-04,29.36,39.25,19.42,0.0
2023-05-05,30.61,39.8,20.84,0.0
2023-05-06,31.57,39.08,22.93,0.0
2023-05-07,32.53,40.13,23.92,0.0
2023-05-08,32.87,40.84,24.45,0.0
2023-05-09,32.95,41.23,23.96,0.0
2023-05-10,32.99,40.92,24.04,0.0
2023-05-11,33.39,41.09,24.46,0.0
2023-05-12,35.67,44.42,26.68,0.0
2023-05-13,36.81,44.98,29.58,0.0
2023-05-14,36.54,45.29,28.18,0.0
2023-05-15,34.88,43.9,25.61,0.0
2023-05-16,33.79,43.11,24.44,0.0
2023-05-17,35.36,43.39,27.26,0.04
2023-05-18,36.29,43.69,29.04,0.04
2023-05-19,35.95,42.41,29.09,0.0
2023-05-20,36.09,42.96,29.21,0.0
2023-05-21,34.94,40.58,29.1,0.35
2023-05-22,35.14,41.52,27.85,0.06
2023-05-23,35.02,40.02,29.56,0.04
2023-05-24,35.45,41.27,29.51,0.0
2023-05-25,36.28,42.31,29.0,0.0
2023-05-26,37.03,43.91,29.96,0.0
2023-05-27,36.69,43.83,29.72,0.0
2023-05-28,36.55,44.2,29.59,0.07
2023-05-29,35.62,43.12,27.94,0.08
2023-05-30,36.78,44.26,27.72,0.0
2023-05-31,37.0,44.4,28.97,0.0
2023-06-01,36.83,44.4,29.75,0.0
2023-06-02,35.29,43.32,28.61,0.0
2023-06-03,34.59,42.35,26.27,0.0
2023-06-04,35.96,43.5,27.37,0.0
2023-06-05,36.6,43.88,28.76,0.0
2023-06-06,36.6,43.8,29.04,0.0
2023-06-07,37.71,45.18,29.45,0.0
2023-06-08,37.41,45.34,29.42,0.0
2023-06-09,38.26,46.23,29.96,0.0
2023-06-10,39.19,46.75,31.77,0.0
2023-06-11,39.11,46.54,30.82,0.0
2023-06-12,39.41,47.44,31.81,0.0
2023-06-13,39.87,47.91,31.96,0.0
2023-06-14,39.34,46.87,32.14,0.0
2023-06-15,36.45,44.03,27.16,0.0
2023-06-16,38.89,47.65,30.85,0.0
2023-06-17,37.62,45.15,30.25,0.0
2023-06-18,36.2,44.01,28.33,0.0
2023-06-19,37.93,45.28,30.4,0.0
2023-06-20,39.08,46.13,31.98,0.0
2023-06-21,39.59,46.93,32.55,0.0
2023-06-22,39.93,47.25,31.84,0.0
2023-06-23,40.08,48.92,31.61,0.0
2023-06-24,40.48,49.94,31.05,0.0
2023-06-25,40.67,48.84,33.45,0.0
2023-06-26,38.83,46.34,31.97,0.0
2023-06-27,39.85,46.69,33.55,0.0
2023-06-28,39.69,46.35,32.82,0.0
2023-06-29,37.9,44.31,30.74,0.0
2023-06-30,39.08,46.71,32.34,0.0
2023-07-01,39.84,47.79,32.72,0.0
2023-07-02,39.37,47.86,31.54,0.0
2023-07-03,38.85,46.28,30.22,0.0
2023-07-04,40.64,48.81,31.54,0.0
2023-07-05,42.3,50.28,34.08,0.0
2023-07-06,41.54,49.85,33.37,0.0
2023-07-07,40.69,48.54,32.92,0.0
2023-07-08,40.0,47.0,32.3,0.0
2023-07-09,39.81,46.53,32.6,0.0
2023-07-10,39.46,46.37,32.05,0.0
2023-07-11,38.28,45.05,31.33,0.0
2023-07-12,37.96,44.4,30.76,0.0
2023-07-13,38.23,44.0,31.86,0.0
2023-07-14,39.53,46.36,32.65,0.0
2023-07-15,38.61,46.07,30.86,0.0
2023-07-16,39.55,46.46,31.67,0.0
2023-07-17,40.34,47.1,33.96,0.0
2023-07-18,39.72,46.66,32.12,0.0
2023-07-19,40.77,47.75,33.88,0.0
2023-07-20,42.05,49.2,33.85,0.0
2023-07-21,41.11,47.77,34.64,0.0
2023-07-22,41.11,46.76,35.2,0.0
2023-07-23,40.25,45.83,34.59,0.01
2023-07-24,38.01,42.53,32.06,0.02
2023-07-25,37.57,41.1,34.31,0.0
2023-07-26,39.49,45.86,33.19,0.0
2023-07-27,39.7,46.22,32.71,3.31
2023-07-28,36.78,40.39,32.99,0.0
2023-07-29,38.57,44.93,31.91,0.0
2023-07-30,39.64,46.76,32.72,0.0
2023-07-31,39.55,46.78,32.16,0.0
2023-08-01,39.54,46.96,32.3,0.02
2023-08-02,40.02,47.68,32.91,0.02
2023-08-03,41.08,48.35,33.12,0.19
2023-08-04,40.27,46.87,32.61,0.21
2023-08-05,40.08,46.05,34.34,0.02
2023-08-06,38.99,45.62,32.19,0.0
2023-08-07,39.19,45.8,32.31,0.0
2023-08-08,40.59,47.14,34.62,0.0
2023-08-09,40.19,46.82,32.94,0.0
2023-08-10,39.46,44.99,33.1,0.0
2023-08-11,39.67,45.77,33.39,0.0
2023-08-12,37.9,43.6,31.73,0.0
2023-08-13,38.31,44.74,31.55,0.0
2023-08-14,39.23,45.8,31.59,0.0
2023-08-15,39.2,44.15,34.18,0.0
2023-08-16,38.05,43.86,32.19,0.0
2023-08-17,34.42,41.31,27.76,0.0
2023-08-18,34.09,41.92,26.76,0.0
2023-08-19,35.29,42.94,27.6,1.01
2023-08-20,36.04,43.38,28.5,0.0
2023-08-21,35.33,42.14,28.91,0.0
2023-08-22,37.11,45.44,29.16,0.0
2023-08-23,37.99,47.16,29.37,0.0
2023-08-24,39.97,48.37,32.17,0.0
2023-08-25,40.27,47.94,32.53,0.0
2023-08-26,39.39,46.84,31.05,0.01
2023-08-27,39.51,46.37,32.82,0.02
2023-08-28,39.6,47.37,32.13,0.0
2023-08-29,39.08,46.23,32.24,0.0
2023-08-30,38.2,45.44,30.56,0.0
2023-08-31,36.26,43.02,29.19,0.64
2023-09-01,36.29,43.04,29.31,0.69
2023-09-02,36.74,43.03,30.57,0.0
2023-09-03,36.22,43.04,28.77,0.0
2023-09-04,35.71,43.47,28.19,0.0
2023-09-05,35.95,42.82,28.89,0.0
2023-09-06,36.52,44.52,28.82,0.0
2023-09-07,35.13,42.23,28.63,0.0
2023-09-08,34.99,42.59,27.72,0.0
2023-09-09,35.97,43.89,28.15,0.0
2023-09-10,36.17,43.4,28.68,0.0
2023-09-11,35.98,42.83,28.36,0.0
2023-09-12,36.23,43.36,28.13,0.0
2023-09-13,37.14,44.95,29.44,0.0
2023-09-14,38.66,46.41,31.31,0.0
2023-09-15,37.17,44.13,30.06,0.0
2023-09-16,36.04,42.62,28.91,0.0
2023-09-17,36.56,42.63,29.74,0.0
2023-09-18,37.8,43.43,31.78,0.0
2023-09-19,37.63,43.47,31.19,0.0
2023-09-20,37.03,43.76,29.85,0.0
2023-09-21,37.82,45.12,31.1,0.0
2023-09-22,37.64,44.52,31.65,0.0
2023-09-23,35.99,41.95,30.14,0.0
2023-09-24,35.18,41.67,29.35,0.0
2023-09-25,34.59,40.82,27.79,0.01
2023-09-26,35.03,42.05,28.54,0.0
2023-09-27,33.44,41.58,25.96,0.0
2023-09-28,32.65,40.75,24.76,0.0
2023-09-29,34.23,42.45,26.13,0.0
2023-09-30,35.19,42.39,28.39,0.0
2023-10-01,33.45,40.69,26.33,0.0
2023-10-02,33.22,40.0,27.09,0.0
2023-10-03,34.73,41.76,27.67,0.08
2023-10-04,35.81,43.59,28.34,0.0
2023-10-05,36.87,45.28,29.01,0.0
2023-10-06,36.31,44.38,28.88,0.0
2023-10-07,35.34,42.74,28.08,0.0
2023-10-08,34.23,40.98,27.44,0.0
2023-10-09,33.18,39.66,27.04,0.0
2023-10-10,33.35,40.3,26.64,0.0
2023-10-11,34.52,41.18,27.35,0.0
2023-10-12,35.79,42.95,29.11,0.0
2023-10-13,35.43,42.86,28.24,0.0
2023-10-14,34.17,40.45,27.55,0.0
2023-10-15,32.99,38.98,27.33,0.0
2023-10-16,31.5,38.27,24.99,0.0
2023-10-17,30.84,37.72,24.25,0.0
2023-10-18,31.45,37.91,24.39,0.0
2023-10-19,31.58,37.71,25.74,0.0
2023-10-20,31.96,38.51,25.99,0.0
2023-10-21,31.72,37.33,25.52,0.0
2023-10-22,31.92,37.97,25.31,0.0
2023-10-23,31.1,37.41,24.74,0.0
2023-10-24,31.06,36.44,25.22,0.0
2023-10-25,30.73,34.52,27.64,0.0
2023-10-26,30.16,34.68,25.05,1.17
2023-10-27,29.78,34.8,26.31,0.92
2023-10-28,29.66,34.88,24.38,0.0
2023-10-29,30.32,35.56,24.92,0.0
2023-10-30,31.21,35.38,26.91,0.0
2023-10-31,30.15,35.38,24.84,0.0
2023-11-01,29.82,37.17,22.78,0.0
2023-11-02,29.13,36.69,22.12,0.0
2023-11-03,28.79,35.12,23.36,0.0
2023-11-04,29.19,35.22,23.88,0.03
2023-11-05,28.33,34.33,23.17,0.64
2023-11-06,28.18,34.32,22.46,0.58
2023-11-07,27.47,33.34,22.87,0.0
2023-11-08,27.04,33.45,21.13,0.0
2023-11-09,28.4,34.2,21.81,0.0
2023-11-10,29.52,34.83,25.01,0.0
2023-11-11,28.1,34.69,22.21,0.0
2023-11-12,27.33,33.15,22.03,0.0
2023-11-13,26.12,32.63,19.81,0.0
2023-11-14,27.21,32.85,21.64,0.0
2023-11-15,27.49,33.22,21.6,0.0
2023-11-16,27.82,33.28,22.63,0.0
2023-11-17,26.76,32.35,21.56,0.07
2023-11-18,26.53,32.77,20.98,0.0
2023-11-19,26.28,32.07,20.34,0.0
2023-11-20,26.51,31.76,21.12,0.0
2023-11-21,26.59,32.17,20.85,0.0
2023-11-22,28.05,34.7,22.37,0.0
2023-11-23,25.74,32.28,20.75,0.0
2023-11-24,24.52,31.47,19.13,0.0
2023-11-25,25.49,31.57,20.29,0.95
2023-11-26,24.86,31.35,18.95,0.17
2023-11-27,24.77,31.07,19.39,0.0
2023-11-28,25.91,32.78,19.36,0.0
2023-11-29,26.08,33.48,19.98,0.0
2023-11-30,24.75,31.35,19.61,0.0
2023-12-01,24.21,31.01,18.37,0.01
2023-12-02,24.51,30.75,19.41,0.01
2023-12-03,25.35,31.41,20.02,0.02
2023-12-04,25.36,32.42,19.35,0.0
2023-12-05,24.21,31.42,17.71,0.0
2023-12-06,22.63,30.12,16.16,0.0
2023-12-07,22.22,29.86,15.47,0.0
2023-12-08,22.4,30.12,16.55,0.0
2023-12-09,22.1,29.43,16.02,0.0
2023-12-10,22.45,30.18,16.07,0.0
2023-12-11,22.82,31.01,15.87,0.0
2023-12-12,22.89,30.73,16.73,0.0
2023-12-13,22.71,29.59,17.42,0.0
2023-12-14,22.1,28.91,17.92,0.0
2023-12-15,20.54,27.06,14.58,0.0
2023-12-16,20.71,27.4,14.79,0.0
2023-12-17,21.75,28.61,16.09,0.0
2023-12-18,21.05,27.85,15.15,0.0
2023-12-19,20.58,27.45,14.38,0.0
2023-12-20,20.29,26.55,14.68,0.0
2023-12-21,21.06,27.75,15.53,0.0
2023-12-22,20.2,26.6,15.05,0.0
2023-12-23,20.83,27.48,16.19,0.0
2023-12-24,21.54,28.51,14.93,0.0
2023-12-25,22.33,30.5,15.27,0.01
2023-12-26,24.31,32.68,17.33,0.06
2023-12-27,24.25,31.71,18.34,0.0
2023-12-28,22.72,29.99,17.91,0.0
2023-12-29,22.67,30.62,15.72,0.0
2023-12-30,22.93,29.94,16.86,0.0
2023-12-31,23.75,31.01,16.93,0.0
2024-01-01,23.5,30.74,17.96,0.01
2024-01-02,22.38,29.33,16.65,0.01
2024-01-03,20.84,27.42,15.17,0.01
2024-01-04,20.62,26.68,16.29,0.01
2024-01-05,19.37,26.75,13.06,0.0
2024-01-06,20.07,26.8,14.17,0.0
2024-01-07,20.6,27.56,14.31,0.0
2024-01-08,21.68,28.48,17.11,0.0
2024-01-09,20.15,27.95,13.59,0.0
2024-01-10,19.29,26.88,13.08,0.0
2024-01-11,19.17,26.56,12.91,0.0
2024-01-12,19.67,26.45,13.29,0.0
2024-01-13,20.89,28.25,15.01,0.0
2024-01-14,22.47,29.54,15.86,0.0
2024-01-15,23.13,30.49,17.78,0.0
2024-01-16,23.0,32.34,15.15,0.01
2024-01-17,22.65,30.55,16.79,0.03
2024-01-18,20.75,28.36,14.1,0.0
2024-01-19,21.71,29.58,15.16,0.0
2024-01-20,21.53,29.22,14.33,0.0
2024-01-21,20.82,27.71,15.51,0.0
2024-01-22,19.96,29.2,12.2,0.0
2024-01-23,21.48,30.65,13.69,0.0
2024-01-24,22.45,29.96,17.51,0.0
2024-01-25,22.29,30.49,16.06,0.0
2024-01-26,22.16,28.93,15.02,0.0
2024-01-27,22.2,28.42,16.68,0.0
2024-01-28,23.85,29.53,18.88,0.02
2024-01-29,23.08,30.07,18.02,0.01
2024-01-30,25.27,31.96,19.45,0.0
2024-01-31,25.63,30.35,22.6,0.0
2024-02-01,26.6,33.05,21.39,0.0
2024-02-02,25.09,31.95,20.17,0.0
2024-02-03,20.58,25.99,16.78,0.0
2024-02-04,19.41,26.24,14.52,0.0
2024-02-05,19.42,27.07,12.86,0.02
2024-02-06,18.54,22.51,15.64,0.0
2024-02-07,19.08,25.28,14.67,0.0
2024-02-08,18.8,25.18,12.46,0.0
2024-02-09,18.69,25.9,12.4,0.0
2024-02-10,20.8,29.58,13.27,0.0
2024-02-11,22.28,27.18,16.8,1.01
2024-02-12,22.63,26.87,19.82,26.7
2024-02-13,21.42,27.01,17.16,2.88
2024-02-14,22.22,29.1,15.76,0.35
2024-02-15,23.52,30.07,16.02,0.0
2024-02-16,24.67,31.64,17.79,0.0
2024-02-17,24.4,31.32,17.59,0.0
2024-02-18,23.88,31.85,17.63,0.0
2024-02-19,19.88,27.99,13.67,0.01
2024-02-20,20.46,29.5,12.52,0.0
2024-02-21,20.65,28.54,14.69,0.0
2024-02-22,20.34,30.13,11.99,0.0
2024-02-23,22.79,32.75,14.45,0.0
2024-02-24,24.6,32.91,17.65,0.0
2024-02-25,25.41,32.5,18.87,0.01
2024-02-26,23.31,30.21,17.89,0.01
2024-02-27,21.27,29.25,14.02,0.0
2024-02-28,24.54,32.14,17.57,0.0
2024-02-29,23.62,29.99,17.02,0.54
2024-03-01,18.15,24.87,12.02,0.0
2024-03-02,18.99,26.51,12.9,0.0
2024-03-03,20.2,27.94,13.08,0.0
2024-03-04,22.58,29.98,14.57,0.01
2024-03-05,24.24,28.64,19.33,5.38
2024-03-06,23.85,28.41,18.96,8.57
2024-03-07,24.56,32.68,17.37,0.0
2024-03-08,26.52,33.52,19.43,0.75
2024-03-09,23.38,25.43,21.38,18.9
2024-03-10,24.29,30.61,20.05,5.87
2024-03-11,25.68,33.11,18.38,0.0
2024-03-12,25.03,33.08,16.92,0.23
2024-03-13,22.92,33.84,12.96,0.02
2024-03-14,24.94,33.83,17.72,0.0
2024-03-15,26.47,34.98,19.15,0.0
2024-03-16,27.62,34.88,20.23,0.09
2024-03-17,28.19,35.23,22.11,0.0
2024-03-18,29.21,36.48,22.69,0.09
2024-03-19,29.37,36.17,22.41,0.0
2024-03-20,26.88,31.84,22.56,0.75
2024-03-21,28.05,34.63,21.84,0.0
2024-03-22,28.74,37.32,20.4,0.53
2024-03-23,27.49,30.84,23.97,0.12
2024-03-24,28.1,34.96,22.33,0.12
2024-03-25,27.77,33.43,21.98,0.0
2024-03-26,25.62,30.09,20.66,0.0
2024-03-27,20.47,24.75,15.93,0.0
2024-03-28,21.32,30.82,12.21,0.0
2024-03-29,22.33,30.97,14.69,0.0
2024-03-30,24.6,33.71,15.64,0.0
2024-03-31,25.36,32.02,19.58,0.02
2024-04-01,25.36,32.71,21.2,0.0
2024-04-02,26.26,33.81,19.43,0.0
2024-04-03,27.97,33.68,22.95,0.0
2024-04-04,27.01,33.57,22.68,0.01
2024-04-05,27.02,35.51,20.33,0.0
2024-04-06,26.41,35.38,18.39,0.0
2024-04-07,28.36,37.33,18.9,0.0
2024-04-08,30.2,37.72,21.52,0.0
2024-04-09,30.66,37.9,23.54,0.0
2024-04-10,31.47,38.84,25.07,0.0
2024-04-11,32.4,39.6,25.21,0.02
2024-04-12,33.1,39.17,27.91,0.45
2024-04-13,31.05,37.44,26.14,4.73
2024-04-14,27.56,32.59,23.48,1.03
2024-04-15,26.31,28.64,22.88,2.71
2024-04-16,25.92,29.04,22.82,32.05
2024-04-17,25.34,29.91,21.26,17.93
2024-04-18,25.8,32.93,19.18,0.0
2024-04-19,27.28,34.55,21.73,0.0
2024-04-20,27.78,35.5,21.78,0.0
2024-04-21,28.13,36.77,19.49,0.0
2024-04-22,30.45,39.07,22.53,0.0
2024-04-23,31.42,39.64,23.88,0.0
2024-04-24,27.99,35.3,21.36,0.01
2024-04-25,29.38,37.39,22.36,0.0
2024-04-26,29.58,37.34,23.71,0.0
2024-04-27,30.22,37.62,23.49,0.0
2024-04-28,30.33,37.86,22.31,0.0
2024-04-29,31.3,38.46,24.08,0.03
2024-04-30,32.31,38.79,25.33,0.03
2024-05-01,32.88,39.16,27.18,0.03
2024-05-02,29.34,35.0,24.26,24.46
2024-05-03,28.47,34.91,22.44,0.59
2024-05-04,31.94,38.36,25.58,0.0
2024-05-05,32.49,39.48,24.68,0.94
2024-05-06,34.16,40.55,26.39,0.59
2024-05-07,35.36,41.48,28.21,0.0
2024-05-08,35.74,42.64,28.61,0.0
2024-05-09,35.11,42.86,28.37,0.0
2024-05-10,30.72,39.32,23.42,0.0
2024-05-11,30.84,40.87,19.99,0.0
2024-05-12,32.45,40.62,23.92,0.0
2024-05-13,31.8,40.16,22.77,0.0
2024-05-14,31.76,39.34,24.26,0.0
2024-05-15,32.09,39.36,24.91,0.0
2024-05-16,32.25,39.08,24.97,0.0
2024-05-17,32.9,39.81,24.82,0.0
2024-05-18,35.4,42.46,28.58,0.0
2024-05-19,34.24,41.67,27.17,0.0
2024-05-20,32.58,41.05,24.64,0.0
2024-05-21,33.34,41.73,24.81,0.0
2024-05-22,35.73,44.61,27.57,0.0
2024-05-23,36.83,45.43,29.54,0.0
2024-05-24,34.58,43.44,26.48,0.0
2024-05-25,33.69,43.45,23.51,0.02
2024-05-26,36.94,46.16,27.17,0.02
2024-05-27,37.62,47.27,27.56,0.0
2024-05-28,36.6,45.53,28.54,0.0
2024-05-29,38.2,46.37,31.55,0.0
2024-05-30,38.03,46.31,29.29,0.0
2024-05-31,38.79,47.46,30.12,0.0
2024-06-01,40.39,48.83,31.6,0.0
2024-06-02,40.53,49.06,31.63,0.02
2024-06-03,38.33,46.65,30.86,0.0
2024-06-04,36.16,43.56,28.8,0.0
2024-06-05,36.61,43.88,29.72,0.02
2024-06-06,36.45,43.89,28.74,0.0
2024-06-07,36.7,44.25,28.38,0.0
2024-06-08,36.56,43.34,28.98,0.28
2024-06-09,36.38,42.54,29.72,1.24
2024-06-10,36.48,43.35,29.01,1.25
2024-06-11,36.8,43.93,28.81,0.0
2024-06-12,37.65,44.92,30.04,0.0
2024-06-13,38.93,47.37,31.65,0.69
2024-06-14,37.15,44.99,29.08,1.38
2024-06-15,38.01,45.87,30.27,0.0
2024-06-16,38.34,45.2,30.34,0.0
2024-06-17,38.86,45.14,32.29,0.0
2024-06-18,39.54,47.64,31.02,0.0
2024-06-19,41.05,49.25,32.1,0.0
2024-06-20,40.24,47.59,33.07,0.0
2024-06-21,40.44,48.11,34.63,0.03
2024-06-22,40.38,47.52,32.59,0.42
2024-06-23,40.05,47.27,32.24,0.01
2024-06-24,41.21,49.63,32.69,0.01
2024-06-25,41.32,49.25,33.04,0.0
2024-06-26,41.4,49.02,34.24,0.0
2024-06-27,39.49,46.73,32.89,0.19
2024-06-28,39.32,46.13,31.75,0.0
2024-06-29,39.52,46.2,32.44,0.0
2024-06-30,38.96,44.82,33.51,0.02
2024-07-01,38.76,46.0,32.05,0.02
2024-07-02,39.48,46.37,32.23,0.0
2024-07-03,38.92,46.16,30.87,0.0
2024-07-04,36.92,45.05,29.22,0.0
2024-07-05,36.38,43.61,29.96,0.0
2024-07-06,38.0,45.32,30.09,0.0
2024-07-07,39.94,46.91,32.6,0.0
2024-07-08,41.54,48.58,34.38,0.0
2024-07-09,40.99,48.79,33.2,0.0
2024-07-10,39.09,46.84,30.64,0.0
2024-07-11,38.82,45.73,31.55,0.0
2024-07-12,37.6,43.25,31.45,0.36
2024-07-13,39.85,48.01,32.63,0.0
2024-07-14,40.93,47.59,33.51,0.0
2024-07-15,41.61,48.89,33.55,0.0
2024-07-16,41.52,47.65,35.02,0.0
2024-07-17,40.1,46.94,32.7,0.19
2024-07-18,37.45,41.94,33.18,0.0
2024-07-19,39.63,47.35,32.28,0.0
2024-07-20,41.16,47.36,35.4,0.08
2024-07-21,41.28,47.63,35.49,0.49
2024-07-22,41.18,45.86,35.89,0.78
2024-07-23,40.95,47.43,35.87,0.0
2024-07-24,39.62,46.73,33.1,0.0
2024-07-25,40.22,47.4,32.21,0.0
2024-07-26,40.86,47.64,33.82,0.0
2024-07-27,40.98,47.55,33.63,0.0
2024-07-28,39.46,46.34,32.8,0.0
2024-07-29,38.65,45.92,31.2,0.0
2024-07-30,39.82,46.17,32.95,0.0
2024-07-31,38.28,44.09,32.63,0.01
2024-08-01,38.26,43.54,34.15,0.01
2024-08-02,39.51,45.77,33.08,0.0
2024-08-03,39.01,44.3,33.17,0.0
2024-08-04,38.72,44.22,33.41,0.0
2024-08-05,38.02,44.72,30.68,1.49
2024-08-06,34.96,38.53,30.33,27.63
2024-08-07,34.74,40.51,28.14,0.28
2024-08-08,37.53,42.85,31.71,5.6
2024-08-09,33.35,36.73,29.87,103.78
2024-08-10,32.44,37.18,28.74,41.07
2024-08-11,32.9,38.79,26.75,0.0
2024-08-12,34.48,41.3,27.8,0.0
2024-08-13,34.95,41.61,27.81,0.0
2024-08-14,33.11,38.82,27.81,92.17
2024-08-15,34.62,41.48,27.82,0.0
2024-08-16,35.98,42.89,29.38,0.0
2024-08-17,34.37,40.41,29.41,77.82
2024-08-18,29.94,34.14,27.44,89.9
2024-08-19,30.46,34.41,27.1,0.1
2024-08-20,30.17,35.95,25.75,1.16
2024-08-21,27.64,31.88,23.99,113.16
2024-08-22,28.72,33.87,24.04,29.44
2024-08-23,30.16,35.9,24.93,0.14
2024-08-24,30.32,36.01,25.51,0.26
2024-08-25,30.34,35.31,25.42,113.48
2024-08-26,34.3,39.74,27.95,64.68
2024-08-27,33.97,38.87,29.13,0.0
2024-08-28,33.98,39.77,28.63,8.38
2024-08-29,33.6,41.27,28.61,19.62
2024-08-30,33.31,41.03,27.58,0.0
2024-08-31,32.27,38.06,27.05,0.0
2024-09-01,30.41,36.53,25.52,0.03
2024-09-02,31.24,37.55,26.79,0.02
2024-09-03,30.59,36.62,26.27,0.0
2024-09-04,30.1,35.45,25.52,0.01
2024-09-05,30.03,35.67,24.75,0.0
2024-09-06,31.81,38.49,25.94,0.0
2024-09-07,30.77,37.23,25.12,0.0
2024-09-08,30.14,35.98,24.67,0.0
2024-09-09,32.42,38.74,26.32,0.0
2024-09-10,32.27,40.15,26.3,0.0
2024-09-11,32.3,40.5,26.15,0.0
2024-09-12,31.03,37.32,25.87,0.0
2024-09-13,29.43,36.97,23.65,0.0
2024-09-14,28.65,35.4,23.32,0.0
2024-09-15,28.92,36.73,22.37,0.0
2024-09-16,28.95,35.81,23.45,0.0
2024-09-17,28.53,35.15,22.93,0.0
2024-09-18,29.24,36.72,22.71,0.0
2024-09-19,31.63,38.69,25.0,0.0
2024-09-20,33.36,39.11,27.61,0.0
2024-09-21,32.67,39.29,26.39,0.0
2024-09-22,32.16,39.83,26.63,0.0
2024-09-23,29.46,37.09,23.27,0.0
2024-09-24,29.05,36.12,22.74,0.0
2024-09-25,30.03,37.08,23.94,0.0
2024-09-26,31.22,38.12,25.32,0.0
2024-09-27,30.88,37.46,25.06,0.0
2024-09-28,30.34,36.14,25.37,0.0
2024-09-29,28.64,34.35,24.02,0.15
2024-09-30,28.07,33.48,23.5,0.02
2024-10-01,28.6,33.86,23.6,0.0
2024-10-02,29.03,35.05,23.61,0.0
2024-10-03,29.76,36.05,23.97,0.0
2024-10-04,31.3,38.29,25.08,0.0
2024-10-05,30.85,37.67,24.93,0.0
2024-10-06,28.89,35.57,23.08,0.0
2024-10-07,28.22,35.5,21.81,0.0
2024-10-08,29.04,36.07,22.58,0.41
2024-10-09,28.1,34.66,21.96,1.6
2024-10-10,28.91,35.84,22.59,0.0
2024-10-11,30.02,36.58,24.1,0.0
2024-10-12,30.73,37.03,24.01,0.0
2024-10-13,31.2,37.29,26.45,0.15
2024-10-14,28.87,36.04,21.98,0.15
2024-10-15,28.65,33.97,24.19,0.32
2024-10-16,28.76,34.12,23.8,2.43
2024-10-17,29.34,34.19,25.24,0.0
2024-10-18,29.27,34.67,24.1,0.0
2024-10-19,31.52,37.42,26.1,0.0
2024-10-20,30.89,37.32,25.12,0.0
2024-10-21,29.93,35.27,25.84,0.0
2024-10-22,29.18,36.07,23.37,0.0
2024-10-23,29.55,35.94,23.58,0.0
2024-10-24,29.01,35.79,23.11,0.0
2024-10-25,28.9,35.8,22.06,0.0
2024-10-26,28.68,35.45,22.32,0.0
2024-10-27,28.41,35.37,22.05,0.0
2024-10-28,28.68,35.57,22.72,0.0
2024-10-29,27.58,35.32,20.82,0.0
2024-10-30,26.94,34.36,20.26,0.0
2024-10-31,27.91,34.59,21.44,0.0
2024-11-01,27.73,34.16,21.34,0.0
2024-11-02,28.68,35.46,21.94,0.0
2024-11-03,29.2,35.72,22.27,0.0
2024-11-04,28.86,35.49,21.8,0.0
2024-11-05,29.54,36.69,23.36,0.0
2024-11-06,28.31,36.13,21.22,0.0
2024-11-07,27.63,35.26,20.96,0.0
2024-11-08,28.1,35.51,21.03,0.0
2024-11-09,28.0,35.32,21.7,0.0
2024-11-10,27.67,34.56,21.2,0.0
2024-11-11,27.4,34.59,20.62,0.0
2024-11-12,27.75,34.74,21.09,0.0
2024-11-13,27.25,34.28,21.23,0.0
2024-11-14,26.76,33.1,20.92,0.0
2024-11-15,26.45,33.53,20.28,0.0
2024-11-16,25.66,32.89,19.53,0.0
2024-11-17,24.53,32.0,17.73,0.0
2024-11-18,24.78,31.38,18.56,0.0
2024-11-19,24.73,31.12,18.53,0.0
2024-11-20,25.49,31.59,21.04,0.01
2024-11-21,25.22,32.11,20.46,0.0
2024-11-22,25.79,33.0,19.35,0.0
2024-11-23,25.84,33.32,19.11,0.0
2024-11-24,25.19,32.2,18.42,0.0
2024-11-25,25.39,32.45,18.87,0.0
2024-11-26,25.85,33.07,19.51,0.0
2024-11-27,25.65,32.26,19.51,0.0
2024-11-28,26.59,34.25,20.18,0.0
2024-11-29,25.05,31.53,20.1,0.0
2024-11-30,22.49,29.11,16.95,0.0
2024-12-01,21.1,27.41,15.87,0.0
2024-12-02,20.07,26.67,14.67,0.0
2024-12-03,21.26,28.51,14.66,0.0
2024-12-04,22.18,29.51,16.25,0.0
2024-12-05,22.28,30.4,15.67,0.0
2024-12-06,22.67,31.55,15.61,0.0
2024-12-07,23.26,30.98,17.37,0.0
2024-12-08,22.1,30.79,15.47,0.01
2024-12-09,21.44,29.5,15.03,0.0
2024-12-10,21.73,28.23,17.56,0.0
2024-12-11,21.48,29.1,14.79,0.0
2024-12-12,21.51,27.89,15.54,0.0
2024-12-13,21.31,27.13,15.59,0.0
2024-12-14,20.76,27.1,14.99,0.0
2024-12-15,20.89,27.71,15.37,0.01
2024-12-16,20.0,27.12,14.7,0.0
2024-12-17,19.22,26.4,13.58,0.0
2024-12-18,18.45,24.88,12.52,0.0
2024-12-19,18.62,25.33,13.32,0.01
2024-12-20,19.32,26.07,14.18,0.01
2024-12-21,19.25,25.66,15.16,0.0
2024-12-22,18.26,25.16,13.07,0.01
2024-12-23,17.77,25.42,10.85,0.0
2024-12-24,20.23,26.53,14.67,0.0
2024-12-25,20.09,26.31,14.87,0.01
2024-12-26,21.08,27.83,14.99,0.28
2024-12-27,21.0,27.43,15.1,0.0
2024-12-28,20.86,27.29,15.63,0.0
2024-12-29,21.28,28.57,16.04,0.0
2024-12-30,20.69,28.31,14.77,0.0
2024-12-31,20.75,27.75,14.13,0.0
