NODE,SUBNET,WAS_M,DIVERT_AT,DIVERT_DOWN_M,TO_NODE,TO_SUBNET,EXTRA_M,DEF_M,RESCUED
N000691,S007,36.12,N000691,0.0,N000769,S004,254.9,9.13,1
N006289,S001,35.98,N006289,0.0,N006292,S010,153.1,7.78,1
N006278,S001,35.25,N006324,83.8,N006330,S010,374.7,8.08,1
N006136,S001,35.04,N006365,635.8,N006337,S010,1065.6,9.98,1
N006155,S001,35.0,N006365,546.3,N006337,S010,1065.6,9.93,1
N000678,S007,34.63,N000692,114.4,N000749,S004,185.6,7.3,1
N006324,S001,34.51,N006324,0.0,N006330,S010,374.7,7.34,1
N000693,S007,34.28,N000692,83.4,N000749,S004,185.6,6.95,1
N006191,S001,34.09,N006365,458.7,N006337,S010,1065.6,9.02,1
N006309,S001,33.77,N006365,282.5,N006337,S010,1065.6,8.71,1
N006256,S001,33.73,N006365,625.5,N006337,S010,1065.6,8.66,1
N000692,S007,33.66,N000692,0.0,N000749,S004,185.6,6.33,1
N006216,S001,33.4,N006365,552.6,N006337,S010,1065.6,8.33,1
N006250,S001,33.4,N006365,278.2,N006337,S010,1065.6,8.33,1
N000659,S007,33.37,N000659,0.0,N000792,S004,405.4,7.56,1
N006237,S001,33.34,N006365,369.0,N006337,S010,1065.6,8.27,1
N006297,S001,33.06,N006365,194.2,N006337,S010,1065.6,7.99,1
N000658,S007,32.57,N000659,78.3,N000792,S004,405.4,6.76,1
N006365,S001,32.29,N006365,0.0,N006337,S010,1065.6,7.22,1
N006343,S001,32.22,N006365,94.0,N006337,S010,1065.6,7.15,1
N006327,S001,32.0,N006365,208.0,N006337,S010,1065.6,6.94,1
N006415,S001,31.46,N006415,0.0,N006401,S010,1063.8,7.9,1
N009262,S008,28.57,N009270,491.6,N009224,S020,1201.8,10.57,1
N009270,S008,25.62,N009270,0.0,N009224,S020,1201.8,7.62,1
N003942,S001,25.05,N003942,0.0,N003590,S002,384.6,6.15,1
N003868,S001,24.74,N003868,0.0,N003558,S002,383.8,5.84,1
N003801,S001,24.02,N003801,0.0,N003526,S002,382.9,5.1,1
N004212,S001,23.07,N004363,171.4,N003556,S002,864.3,7.57,1
N004363,S001,22.95,N004363,0.0,N003556,S002,864.3,7.46,1
X000100,S001,22.8,X000100,0.0,N003510,S002,372.3,3.78,1
N003940,S001,22.66,N004363,476.0,N003556,S002,864.3,7.17,1
N000721,S007,22.32,N000922,701.3,N000925,S004,274.9,10.65,1
N004100,S001,21.86,N004363,326.6,N003556,S002,864.3,6.36,1
N004307,S001,21.19,N004363,82.9,N003556,S002,864.3,5.69,1
N000746,S007,21.1,N000922,801.5,N000925,S004,274.9,9.42,1
N000655,S007,20.94,N000922,974.7,N000925,S004,274.9,9.27,1
N000654,S007,20.91,N000922,1044.3,N000925,S004,274.9,9.23,1
N000787,S007,20.82,N000922,521.7,N000925,S004,274.9,9.15,1
N000656,S007,20.48,N000922,1086.4,N000925,S004,274.9,8.8,1
N000653,S007,20.34,N000922,877.7,N000925,S004,274.9,8.66,1
N003862,S001,20.27,N004363,563.3,N003556,S002,864.3,4.78,1
N000764,S007,20.11,N000922,892.4,N000925,S004,274.9,8.43,1
N000796,S007,19.53,N000922,525.3,N000925,S004,274.9,7.85,1
N000744,S007,19.3,N000744,0.0,N000754,S004,95.9,5.12,1
N004190,S001,19.16,N004363,238.3,N003556,S002,864.3,3.66,1
N004115,S001,19.07,N004363,328.1,N003556,S002,864.3,3.58,1
N000688,S007,18.87,N000922,808.9,N000925,S004,274.9,7.2,1
N000795,S007,18.74,N000795,0.0,N000861,S004,188.5,2.93,1
N000818,S007,18.44,N000922,250.0,N000925,S004,274.9,6.76,1
N000856,S007,18.17,N000922,165.4,N000925,S004,274.9,6.49,1
N000789,S007,18.15,N000922,417.2,N000925,S004,274.9,6.47,1
N000819,S007,18.03,N000922,332.4,N000925,S004,274.9,6.36,1
N000830,S007,18.0,N000922,470.0,N000925,S004,274.9,6.33,1
N007321,S006,17.22,N007321,0.0,N007156,S035,1101.3,9.1,1
N000889,S007,16.97,N000922,80.0,N000925,S004,274.9,5.29,1
N001882,S021,15.83,N001853,281.2,N002010,S046,248.0,10.39,1
N001906,S021,15.82,N001906,0.0,N002005,S046,171.9,9.56,1
N001852,S021,15.41,N001853,183.9,N002010,S046,248.0,9.97,1
X000099,S001,15.34,N004363,417.3,N003556,S002,864.3,-0.16,1
N001884,S021,15.28,N001853,195.5,N002010,S046,248.0,9.84,1
N001820,S021,15.26,N001853,138.9,N002010,S046,248.0,9.83,1
N000922,S007,15.25,N000922,0.0,N000925,S004,274.9,3.58,1
N009327,S008,15.13,N009327,0.0,N009318,S034,169.6,1.64,1
N001885,S021,14.97,N001853,149.7,N002010,S046,248.0,9.54,1
N001883,S021,14.75,N001853,93.1,N002010,S046,248.0,9.32,1
N001850,S021,14.66,N001853,35.2,N002010,S046,248.0,9.22,1
N009340,S008,14.56,N009320,557.5,N009271,S034,1376.8,3.99,1
N001853,S021,14.44,N001853,0.0,N002010,S046,248.0,9.0,1
N009341,S008,14.33,N009320,525.4,N009271,S034,1376.8,3.75,1
N000868,S007,14.18,N000922,430.7,N000925,S004,274.9,2.51,1
N002379,S011,13.69,N002346,74.9,N002137,S004,687.0,9.65,1
N009331,S008,13.33,N009320,255.3,N009271,S034,1376.8,2.76,1
N009335,S008,13.15,N009320,276.0,N009271,S034,1376.8,2.57,1
N002346,S011,12.93,N002346,0.0,N002137,S004,687.0,8.9,1
N009320,S008,12.58,N009320,0.0,N009271,S034,1376.8,2.01,1
N001299,S016,12.02,N001299,0.0,N001330,S007,82.1,10.2,1
N002329,S011,12.02,N001615,1707.4,N001264,S004,586.3,10.67,1
N001228,S016,11.82,N001505,713.8,N001604,S040,282.5,10.45,1
N001916,S011,11.81,N001916,0.0,N001675,S004,359.4,6.18,1
N001327,S016,11.77,N001505,440.1,N001604,S040,282.5,10.41,1
N002489,S011,11.77,N001615,1856.4,N001264,S004,586.3,10.42,1
N001938,S011,11.73,N001615,1185.1,N001264,S004,586.3,10.38,1
N001958,S011,11.71,N001615,1150.8,N001264,S004,586.3,10.36,1
N002491,S011,11.69,N001615,1834.5,N001264,S004,586.3,10.33,1
N002707,S011,11.67,N001615,2181.0,N001264,S004,586.3,10.32,1
N002991,S011,11.67,N001615,3106.0,N001264,S004,586.3,10.32,1
N002943,S011,11.66,N001615,3182.9,N001264,S004,586.3,10.31,1
N002751,S011,11.64,N001615,2970.2,N001264,S004,586.3,10.29,1
N002752,S011,11.55,N001615,2831.3,N001264,S004,586.3,10.2,1
N002356,S011,11.54,N001615,1762.8,N001264,S004,586.3,10.18,1
N006437,S026,11.45,N006333,712.1,N006269,S077,139.4,7.29,1
N008930,S012,11.44,N008930,0.0,N008951,S027,525.4,10.26,1
N003130,S011,11.4,N001615,3523.8,N001264,S004,586.3,10.05,1
N008081,S006,11.4,N007488,3324.6,N007474,S170,75.7,10.68,1
N007768,S006,11.38,N007488,2380.7,N007474,S170,75.7,10.66,1
N008233,S006,11.38,N007488,3673.1,N007474,S170,75.7,10.66,1
N008956,S012,11.36,N008956,0.0,N009044,S027,435.3,7.39,1
N003160,S011,11.29,N002820,546.3,N002842,S030,89.6,9.61,1
N007837,S006,11.29,N007488,2637.3,N007474,S170,75.7,10.57,1
N008032,S006,11.29,N007488,3151.5,N007474,S170,75.7,10.57,1
N008196,S006,11.29,N007931,965.7,N007915,S013,87.4,8.17,1
N002795,S011,11.27,N001615,2783.6,N001264,S004,586.3,9.92,1
N008110,S006,11.27,N007488,3323.0,N007474,S170,75.7,10.55,1
N007659,S006,11.26,N007488,1856.8,N007474,S170,75.7,10.54,1
N008066,S006,11.26,N007488,3236.3,N007474,S170,75.7,10.54,1
N008170,S006,11.26,N007488,3497.7,N007474,S170,75.7,10.54,1
N007673,S006,11.24,N007488,1897.4,N007474,S170,75.7,10.52,1
N008128,S006,11.24,N007488,3413.4,N007474,S170,75.7,10.52,1
N002577,S011,11.23,N001615,1825.7,N001264,S004,586.3,9.87,1
N007411,S006,11.22,N007488,1243.7,N007474,S170,75.7,10.5,1
N002551,S011,11.18,N001615,2528.9,N001264,S004,586.3,9.83,1
N002663,S011,11.15,N001615,2077.3,N001264,S004,586.3,9.8,1
N008151,S006,11.15,N007488,3412.8,N007474,S170,75.7,10.43,1
N007551,S006,11.13,N007488,1528.6,N007474,S170,75.7,10.41,1
N007606,S006,11.13,N007488,1700.0,N007474,S170,75.7,10.41,1
N007636,S006,11.13,N007488,1776.7,N007474,S170,75.7,10.41,1
N007714,S006,11.1,N007488,2093.8,N007474,S170,75.7,10.38,1
N008140,S006,11.1,N007931,793.3,N007915,S013,87.4,7.98,1
N003146,S011,11.09,N001615,3603.9,N001264,S004,586.3,9.74,1
N007632,S006,11.08,N007488,1754.6,N007474,S170,75.7,10.36,1
N001953,S011,11.07,N001615,1469.1,N001264,S004,586.3,9.72,1
N002961,S011,11.07,N001615,2689.2,N001264,S004,586.3,9.72,1
N002803,S011,11.05,N001615,2917.7,N001264,S004,586.3,9.7,1
N008180,S006,11.05,N007931,881.1,N007915,S013,87.4,7.93,1
N001375,S016,11.04,N001505,339.1,N001604,S040,282.5,9.68,1
N007408,S006,11.02,N007488,1160.0,N007474,S170,75.7,10.3,1
N002391,S011,11.01,N001999,794.0,N001980,S043,95.8,8.47,1
N003225,S011,10.97,N001615,3766.9,N001264,S004,586.3,9.61,1
N007979,S006,10.97,N007931,281.7,N007915,S013,87.4,7.85,1
N007826,S006,10.96,N007488,2554.7,N007474,S170,75.7,10.24,1
N007905,S006,10.94,N007488,2731.5,N007474,S170,75.7,10.22,1
N008075,S006,10.94,N007931,626.1,N007915,S013,87.4,7.82,1
N008039,S006,10.93,N007488,3068.7,N007474,S170,75.7,10.21,1
N008115,S006,10.93,N007931,709.7,N007915,S013,87.4,7.81,1
N007997,S006,10.92,N007488,2982.8,N007474,S170,75.7,10.2,1
N007949,S006,10.9,N007488,2814.8,N007474,S170,75.7,10.18,1
N007817,S006,10.88,N007488,2469.3,N007474,S170,75.7,10.16,1
N007876,S006,10.88,N007488,2646.5,N007474,S170,75.7,10.16,1
N002890,S011,10.87,N001615,3021.9,N001264,S004,586.3,9.51,1
N008009,S006,10.85,N007488,2983.7,N007474,S170,75.7,10.13,1
N007846,S006,10.84,N007488,2562.7,N007474,S170,75.7,10.12,1
N009135,S028,10.84,N009081,1751.1,X000144,S108,142.1,10.41,1
N006407,S026,10.82,N006333,728.1,N006269,S077,139.4,6.66,1
N001321,S016,10.79,N001505,533.3,N001604,S040,282.5,9.43,1
N002899,S011,10.79,N001615,2604.1,N001264,S004,586.3,9.43,1
N007988,S006,10.78,N007488,2897.9,N007474,S170,75.7,10.06,1
N007941,S006,10.77,N007488,2728.2,N007474,S170,75.7,10.05,1
N007895,S006,10.76,N007488,2646.5,N007474,S170,75.7,10.04,1
N002383,S011,10.75,N001615,1652.0,N001264,S004,586.3,9.4,1
N002412,S011,10.75,N001615,1629.6,N001264,S004,586.3,9.39,1
N008163,S006,10.75,N007931,798.7,N007915,S013,87.4,7.63,1
N007712,S006,10.73,N007488,2004.5,N007474,S170,75.7,10.01,1
N002508,S011,10.72,N001615,1729.6,N001264,S004,586.3,9.37,1
N001653,S011,10.71,N001615,746.4,N001264,S004,586.3,9.36,1
N007406,S006,10.71,N007488,1060.2,N007474,S170,75.7,9.99,1
N007507,S006,10.71,N007488,1353.5,N007474,S170,75.7,9.99,1
N007807,S006,10.71,N007488,2386.4,N007474,S170,75.7,9.99,1
N007883,S006,10.71,N007488,2559.8,N007474,S170,75.7,9.99,1
N000017,S003,95.65,N003270,14548.1,N003298,S160,116.2,95.81,0
N000018,S003,93.45,N003270,14351.6,N003298,S160,116.2,93.61,0
N000023,S003,91.95,N003270,14406.7,N003298,S160,116.2,92.11,0
N000026,S003,91.92,N003270,14504.5,N003298,S160,116.2,92.09,0
N000025,S003,90.8,N003270,14326.0,N003298,S160,116.2,90.96,0
N000020,S003,90.15,N003270,14131.8,N003298,S160,116.2,90.31,0
N000021,S003,89.86,N003270,14108.3,N003298,S160,116.2,90.03,0
N000028,S003,89.79,N003270,14241.9,N003298,S160,116.2,89.95,0
N000024,S003,89.19,N003270,14110.0,N003298,S160,116.2,89.36,0
N000022,S003,89.03,N003270,14023.3,N003298,S160,116.2,89.19,0
N000027,S003,86.77,N003270,13852.9,N003298,S160,116.2,86.93,0
N000029,S003,86.54,N003270,13942.9,N003298,S160,116.2,86.7,0
N000033,S003,86.54,N003270,14073.3,N003298,S160,116.2,86.7,0
N000030,S003,86.41,N003270,13769.1,N003298,S160,116.2,86.57,0
N000035,S003,84.9,N003270,13941.1,N003298,S160,116.2,85.06,0
N000032,S003,84.49,N003270,13690.1,N003298,S160,116.2,84.65,0
N000031,S003,84.34,N003270,13645.7,N003298,S160,116.2,84.5,0
N000036,S003,84.28,N003270,13822.9,N003298,S160,116.2,84.44,0
N000034,S003,84.07,N003270,13778.6,N003298,S160,116.2,84.24,0
N000040,S003,83.97,N003270,13937.8,N003298,S160,116.2,84.13,0
N000037,S003,83.92,N003270,13864.2,N003298,S160,116.2,84.09,0
N000038,S003,83.6,N003270,13912.2,N003298,S160,116.2,83.76,0
N000039,S003,83.23,N003270,13910.6,N003298,S160,116.2,83.39,0
N000041,S003,82.9,N003270,13994.2,N003298,S160,116.2,83.06,0
N000043,S003,81.92,N003270,14165.8,N003298,S160,116.2,82.08,0
N000044,S003,80.67,N003270,14252.2,N003298,S160,116.2,80.83,0
N000042,S003,79.23,N003270,13190.8,N003298,S160,116.2,79.39,0
N000064,S003,77.48,N003270,14399.9,N003298,S160,116.2,77.64,0
N000061,S003,77.05,N003270,14384.8,N003298,S160,116.2,77.21,0
N000070,S003,76.83,N003270,14274.3,N003298,S160,116.2,76.99,0
N000050,S003,76.04,N003270,13797.9,N003298,S160,116.2,76.21,0
N000054,S003,75.82,N003270,14119.5,N003298,S160,116.2,75.99,0
N000058,S003,75.56,N003270,14036.7,N003298,S160,116.2,75.72,0
N000045,S003,75.49,N003270,13482.6,N003298,S160,116.2,75.65,0
N000053,S003,75.35,N003270,13954.9,N003298,S160,116.2,75.52,0
N000062,S003,75.33,N003270,14327.0,N003298,S160,116.2,75.49,0
N000047,S003,75.21,N003270,13569.5,N003298,S160,116.2,75.37,0
N000072,S003,74.35,N003270,14421.1,N003298,S160,116.2,74.51,0
N000049,S003,73.79,N003270,13728.5,N003298,S160,116.2,73.95,0
N000048,S003,73.65,N003270,13643.8,N003298,S160,116.2,73.81,0
N000059,S003,73.01,N003270,12560.7,N003298,S160,116.2,73.17,0
N000056,S003,72.87,N003270,13965.4,N003298,S160,116.2,73.03,0
N000060,S003,72.34,N003270,12541.5,N003298,S160,116.2,72.5,0
N000068,S003,72.18,N003270,14229.2,N003298,S160,116.2,72.34,0
N000065,S003,71.88,N003270,14151.5,N003298,S160,116.2,72.04,0
N000052,S003,71.68,N003270,12353.7,N003298,S160,116.2,71.85,0
N000051,S003,71.62,N003270,12360.8,N003298,S160,116.2,71.78,0
N000057,S003,71.58,N003270,12458.0,N003298,S160,116.2,71.74,0
N000046,S007,71.4,N000275,4192.3,X000008,S004,1253.5,58.76,0
N000055,S003,71.3,N003270,12301.1,N003298,S160,116.2,71.46,0
N000069,S003,70.83,N003270,12689.7,N003298,S160,116.2,70.99,0
N000063,S003,70.54,N003270,12456.6,N003298,S160,116.2,70.71,0
N000073,S003,70.48,N003270,12788.3,N003298,S160,116.2,70.64,0
N000079,S003,69.76,N003270,12927.5,N003298,S160,116.2,69.92,0
N000086,S007,68.87,N000275,4310.5,X000008,S004,1253.5,56.23,0
N000071,S003,68.65,N003270,12351.3,N003298,S160,116.2,68.81,0
N000106,S003,68.29,N003270,11765.5,N003298,S160,116.2,68.45,0
N000121,S003,68.08,N003270,11637.7,N003298,S160,116.2,68.24,0
N000067,S007,68.0,N000275,3770.4,X000008,S004,1253.5,55.37,0
N000198,S003,67.97,N003270,10015.9,N003298,S160,116.2,68.13,0
N000077,S003,67.88,N003270,12431.9,N003298,S160,116.2,68.04,0
N000066,S003,67.7,N003270,12051.4,N003298,S160,116.2,67.86,0
N000081,S003,67.23,N003270,12571.4,N003298,S160,116.2,67.39,0
N000133,S003,67.23,N003270,10171.2,N003298,S160,116.2,67.39,0
N000076,S003,67.19,N003270,12271.1,N003298,S160,116.2,67.36,0
N000129,S003,67.16,N003270,11557.1,N003298,S160,116.2,67.32,0
N000170,S003,67.12,N003270,9755.5,N003298,S160,116.2,67.28,0
N000107,S003,67.05,N003270,11717.9,N003298,S160,116.2,67.21,0
N000171,S003,67.04,N003270,9882.7,N003298,S160,116.2,67.2,0
N000217,S003,66.94,N003270,9599.0,N003298,S160,116.2,67.1,0
N000119,S003,66.82,N003270,11620.5,N003298,S160,116.2,66.99,0
N000137,S003,66.81,N003270,9966.1,N003298,S160,116.2,66.97,0
N000221,S003,66.79,N003270,9750.8,N003298,S160,116.2,66.96,0
N000215,S003,65.99,N003270,9664.9,N003298,S160,116.2,66.15,0
N000085,S003,65.79,N003270,12295.8,N003298,S160,116.2,65.95,0
N000183,S003,65.77,N003270,10220.4,N003298,S160,116.2,65.93,0
N000075,S003,65.71,N003270,11845.2,N003298,S160,116.2,65.87,0
N000154,S003,65.63,N003270,10254.4,N003298,S160,116.2,65.79,0
X000054,S003,65.63,N003270,12564.3,N003298,S160,116.2,65.79,0
N000231,S003,65.38,N003270,9891.7,N003298,S160,116.2,65.55,0
N000117,S003,65.19,N003270,10243.0,N003298,S160,116.2,65.35,0
N000145,S003,65.16,N003270,9546.9,N003298,S160,116.2,65.32,0
N000208,S003,65.14,N003270,9559.7,N003298,S160,116.2,65.3,0
N000108,S003,65.05,N003270,9895.0,N003298,S160,116.2,65.21,0
N000122,S003,65.0,N003270,10324.5,N003298,S160,116.2,65.16,0
N000222,S003,64.96,N003270,9794.5,N003298,S160,116.2,65.12,0
N000156,S003,64.92,N003270,9643.6,N003298,S160,116.2,65.08,0
N000141,S003,64.86,N003270,9884.7,N003298,S160,116.2,65.02,0
N000158,S003,64.85,N003270,9787.0,N003298,S160,116.2,65.01,0
N000114,S003,64.77,N003270,9998.2,N003298,S160,116.2,64.93,0
N000102,S003,64.74,N003270,9966.3,N003298,S160,116.2,64.9,0
N000155,S003,64.74,N003270,10218.0,N003298,S160,116.2,64.9,0
N000195,S003,64.69,N003270,9803.6,N003298,S160,116.2,64.85,0
N000139,S003,64.6,N003270,10044.1,N003298,S160,116.2,64.76,0
N000080,S003,64.57,N003270,11636.1,N003298,S160,116.2,64.73,0
N000161,S003,64.57,N003270,10192.0,N003298,S160,116.2,64.73,0
N000189,S003,64.55,N003270,9286.8,N003298,S160,116.2,64.71,0
N000213,S003,64.53,N003270,9760.3,N003298,S160,116.2,64.69,0
N000194,S003,64.48,N003270,9363.7,N003298,S160,116.2,64.64,0
N000109,S003,64.47,N003270,10159.2,N003298,S160,116.2,64.63,0
N000095,S003,64.46,N003270,10247.2,N003298,S160,116.2,64.62,0
N000112,S003,64.46,N003270,10026.6,N003298,S160,116.2,64.62,0
N000185,S003,64.46,N003270,10145.9,N003298,S160,116.2,64.62,0
N000187,S003,64.46,N003270,9839.0,N003298,S160,116.2,64.62,0
N000203,S003,64.46,N003270,9529.1,N003298,S160,116.2,64.62,0
N000136,S003,64.42,N003270,11393.7,N003298,S160,116.2,64.58,0
N000211,S003,64.42,N003270,9665.8,N003298,S160,116.2,64.58,0
N000094,S003,64.37,N003270,10208.7,N003298,S160,116.2,64.53,0
N000078,S003,64.32,N003270,11924.7,N003298,S160,116.2,64.48,0
N000207,S003,64.32,N003270,9583.7,N003298,S160,116.2,64.48,0
N000123,S003,64.31,N003270,11513.8,N003298,S160,116.2,64.47,0
N000153,S003,64.3,N003270,9893.2,N003298,S160,116.2,64.46,0
N000193,S003,64.19,N003270,10105.9,N003298,S160,116.2,64.36,0
N000179,S003,64.15,N003270,10179.7,N003298,S160,116.2,64.31,0
N000201,S003,64.12,N003270,10028.8,N003298,S160,116.2,64.29,0
N000216,S003,64.12,N003270,9902.1,N003298,S160,116.2,64.28,0
N000172,S003,64.1,N003270,10105.8,N003298,S160,116.2,64.26,0
N000178,S003,64.1,N003270,10464.0,N003298,S160,116.2,64.26,0
N000084,S003,64.05,N003270,11520.1,N003298,S160,116.2,64.21,0
N000110,S003,64.05,N003270,11620.2,N003298,S160,116.2,64.21,0
N000083,S003,63.97,N003270,11708.7,N003298,S160,116.2,64.13,0
N000234,S003,63.82,N003270,9051.1,N003298,S160,116.2,63.99,0
N000151,S003,63.8,N003270,9963.9,N003298,S160,116.2,63.96,0
N000225,S003,63.74,N003270,8887.1,N003298,S160,116.2,63.9,0
N000090,S003,63.71,N003270,11965.4,N003298,S160,116.2,63.87,0
N000135,S003,63.61,N003270,10340.3,N003298,S160,116.2,63.77,0
N000143,S003,63.61,N003270,10030.7,N003298,S160,116.2,63.77,0
N000126,S003,63.51,N003270,10169.4,N003298,S160,116.2,63.67,0
N000147,S003,63.37,N003270,10202.0,N003298,S160,116.2,63.53,0
N000144,S003,63.32,N003270,10077.0,N003298,S160,116.2,63.48,0
N000140,S003,63.27,N003270,11312.8,N003298,S160,116.2,63.43,0
N000082,S007,63.25,N000275,3440.6,X000008,S004,1253.5,50.61,0
N000116,S003,63.23,N003270,10252.2,N003298,S160,116.2,63.39,0
N000087,S003,63.11,N003270,11327.8,N003298,S160,116.2,63.27,0
N000089,S007,63.09,N000275,3248.4,X000008,S004,1253.5,50.46,0
N000131,S003,63.08,N003270,11400.6,N003298,S160,116.2,63.24,0
N000191,S003,62.76,N003270,10498.4,N003298,S160,116.2,62.92,0
N000298,S003,62.75,N003270,9527.9,N003298,S160,116.2,62.91,0
N000088,S003,62.72,N003270,11374.5,N003298,S160,116.2,62.88,0
N000149,S003,62.71,N003270,10298.2,N003298,S160,116.2,62.87,0
N000164,S003,62.68,N003270,10388.1,N003298,S160,116.2,62.85,0
N000162,S003,62.58,N003270,10664.6,N003298,S160,116.2,62.74,0
N006214,S014,62.4,N006214,0.0,N005475,S005,1465.2,30.21,0
N000146,S003,62.38,N003270,11220.0,N003298,S160,116.2,62.54,0
N000165,S003,62.06,N003270,10464.8,N003298,S160,116.2,62.23,0
N006305,S014,62.06,N007524,8319.2,N007564,S006,102.0,63.57,0
N006375,S014,62.01,N007524,8250.0,N007564,S006,102.0,63.52,0
N000261,S003,61.74,N003270,8967.8,N003298,S160,116.2,61.9,0
N006435,S014,61.69,N007524,8319.7,N007564,S006,102.0,63.19,0
N006271,S014,61.53,N007524,8353.2,N007564,S006,102.0,63.03,0
N000256,S003,61.4,N003270,8842.0,N003298,S160,116.2,61.56,0
N000258,S003,61.4,N003270,8923.5,N003298,S160,116.2,61.56,0
N000214,S003,61.32,N003270,10347.1,N003298,S160,116.2,61.48,0
N000125,S003,61.28,N003270,11392.7,N003298,S160,116.2,61.44,0
N006390,S014,61.28,N007524,8201.7,N007564,S006,102.0,62.79,0
N006417,S014,61.05,N007524,8156.3,N007564,S006,102.0,62.56,0
N000091,S003,60.95,N003270,11857.5,N003298,S160,116.2,61.11,0
N000263,S003,60.92,N003270,8715.5,N003298,S160,116.2,61.08,0
N000148,S003,60.83,N003270,10745.5,N003298,S160,116.2,61.0,0
N006296,S014,60.81,N007524,8233.8,N007564,S006,102.0,62.32,0
N000266,S003,60.69,N003270,8693.9,N003298,S160,116.2,60.85,0
N000257,S003,60.67,N003270,8497.4,N003298,S160,116.2,60.83,0
N000268,S003,60.55,N003270,8797.6,N003298,S160,116.2,60.71,0
N003789,S005,60.51,N003789,0.0,N003719,S004,683.5,50.89,0
N000271,S003,60.46,N003270,8753.0,N003298,S160,116.2,60.62,0
N000306,S003,60.32,N003270,9304.5,N003298,S160,116.2,60.48,0
N006369,S014,60.25,N007524,8189.7,N007564,S006,102.0,61.76,0
N000274,S003,60.23,N003270,9049.0,N003298,S160,116.2,60.39,0
N000273,S003,60.22,N003270,8852.7,N003298,S160,116.2,60.38,0
N006363,S014,59.89,N007524,8108.2,N007564,S006,102.0,61.4,0
N000265,S003,59.87,N003270,8396.9,N003298,S160,116.2,60.03,0
N000282,S003,59.84,N003270,8969.8,N003298,S160,116.2,60.0,0
N000252,S004,59.83,N001038,8243.6,N000999,S156,85.0,60.34,0
N000307,S003,59.82,N003270,9329.1,N003298,S160,116.2,59.98,0
N000278,S003,59.8,N003270,8598.2,N003298,S160,116.2,59.96,0
N000280,S003,59.79,N003270,8907.0,N003298,S160,116.2,59.95,0
N000300,S003,59.77,N003270,9222.2,N003298,S160,116.2,59.93,0
N000281,S003,59.71,N003270,8660.0,N003298,S160,116.2,59.87,0
N006430,S014,59.67,N007524,8068.7,N007564,S006,102.0,61.18,0
N000299,S003,59.64,N003270,9329.7,N003298,S160,116.2,59.8,0
N000287,S003,59.55,N003270,8739.9,N003298,S160,116.2,59.71,0
N000092,S003,59.45,N003270,12047.5,N003298,S160,116.2,59.61,0
N000301,S003,59.45,N003270,9410.6,N003298,S160,116.2,59.61,0
N000294,S003,59.39,N003270,9135.9,N003298,S160,116.2,59.55,0
N000289,S003,59.25,N003270,8841.9,N003298,S160,116.2,59.41,0
N000291,S003,59.25,N003270,8812.4,N003298,S160,116.2,59.42,0
N000303,S003,59.2,N003270,9273.0,N003298,S160,116.2,59.36,0
N000159,S003,59.15,N003270,11072.3,N003298,S160,116.2,59.31,0
N006403,S014,59.03,N007524,8026.7,N007564,S006,102.0,60.54,0
N000184,S003,58.89,N003270,10850.1,N003298,S160,116.2,59.06,0
N003781,S005,58.88,N002822,9352.9,N002836,S092,81.5,59.43,0
N000229,S004,58.85,N001038,8421.1,N000999,S156,85.0,59.37,0
N006394,S014,58.85,N007524,7923.1,N007564,S006,102.0,60.36,0
N000130,S003,58.84,N003270,11290.2,N003298,S160,116.2,59.0,0
N000249,S004,58.73,N001038,8146.7,N000999,S156,85.0,59.24,0
N001821,S004,58.64,N001038,8425.4,N000999,S156,85.0,59.15,0
N000219,S004,58.52,N001038,8417.3,N000999,S156,85.0,59.04,0
N000296,S003,58.27,N003270,8198.0,N003298,S160,116.2,58.43,0
N000309,S003,58.23,N003270,9537.6,N003298,S160,116.2,58.39,0
N000239,S004,58.22,N001038,8152.1,N000999,S156,85.0,58.73,0
N000248,S004,57.99,N001038,8053.9,N000999,S156,85.0,58.51,0
N000115,S003,57.98,N003270,11407.4,N003298,S160,116.2,58.15,0
N000174,S003,57.86,N003270,10918.6,N003298,S160,116.2,58.02,0
N006450,S014,57.81,N007524,7808.5,N007564,S006,102.0,59.32,0
N000212,S004,57.76,N001038,8549.4,N000999,S156,85.0,58.27,0
N006522,S014,57.71,N007524,7834.2,N007564,S006,102.0,59.22,0
N000228,S004,57.54,N001038,8471.4,N000999,S156,85.0,58.05,0
N000392,S003,57.48,N003270,8179.0,N003298,S160,116.2,57.65,0
N006552,S014,57.47,N007524,7757.3,N007564,S006,102.0,58.98,0
N000241,S004,57.3,N001038,8147.0,N000999,S156,85.0,57.81,0
N000166,S003,57.2,N003270,10965.0,N003298,S160,116.2,57.37,0
N003828,S005,57.16,N002822,8695.9,N002836,S092,81.5,57.71,0
N000302,S003,57.15,N003270,7994.8,N003298,S160,116.2,57.31,0
N000312,S003,57.06,N003270,8349.6,N003298,S160,116.2,57.22,0
N000310,S003,56.97,N003270,8040.7,N003298,S160,116.2,57.13,0
N000378,S003,56.96,N003270,8048.1,N003298,S160,116.2,57.12,0
N000322,S003,56.92,N003270,8428.0,N003298,S160,116.2,57.08,0
N000325,S003,56.84,N003270,7976.7,N003298,S160,116.2,57.0,0
N000383,S003,56.84,N003270,8130.2,N003298,S160,116.2,57.0,0
N000410,S003,56.77,N003270,8497.3,N003298,S160,116.2,56.93,0
N000323,S003,56.73,N003270,8465.8,N003298,S160,116.2,56.9,0
N000196,S004,56.65,N001038,8745.4,N000999,S156,85.0,57.16,0
N000311,S003,56.64,N003270,8124.9,N003298,S160,116.2,56.8,0
N000308,S003,56.61,N003270,7912.1,N003298,S160,116.2,56.77,0
N000326,S003,56.53,N003270,8682.2,N003298,S160,116.2,56.69,0
N000353,S003,56.48,N003270,7854.1,N003298,S160,116.2,56.64,0
N000338,S003,56.46,N003270,8384.3,N003298,S160,116.2,56.62,0
N000209,S004,56.45,N001038,8602.7,N000999,S156,85.0,56.97,0
N006586,S014,56.44,N007524,7683.3,N007564,S006,102.0,57.95,0
N000358,S003,56.34,N003270,7935.6,N003298,S160,116.2,56.5,0
N000250,S004,56.25,N001038,8610.8,N000999,S156,85.0,56.76,0
N000367,S003,56.24,N003270,8114.1,N003298,S160,116.2,56.41,0
N000370,S003,56.1,N003270,8183.4,N003298,S160,116.2,56.27,0
N000335,S003,56.06,N003270,8602.3,N003298,S160,116.2,56.22,0
N000232,S004,56.0,N001038,8219.1,N000999,S156,85.0,56.52,0
N000399,S003,55.98,N003270,8686.7,N003298,S160,116.2,56.14,0
N000327,S003,55.9,N003270,7887.9,N003298,S160,116.2,56.07,0
N000344,S003,55.85,N003270,7935.6,N003298,S160,116.2,56.01,0
N000223,S004,55.84,N001038,8337.2,N000999,S156,85.0,56.35,0
N000342,S003,55.82,N003270,7912.6,N003298,S160,116.2,55.98,0
N000357,S003,55.79,N003270,8207.7,N003298,S160,116.2,55.95,0
N006542,S014,55.76,N007524,7585.8,N007564,S006,102.0,57.27,0
N000352,S003,55.71,N003270,8530.2,N003298,S160,116.2,55.87,0
N000337,S003,55.68,N003270,7785.4,N003298,S160,116.2,55.84,0
N000097,S007,55.66,N000275,2414.1,X000008,S004,1253.5,43.02,0
N000360,S003,55.64,N003270,8270.6,N003298,S160,116.2,55.8,0
N000336,S003,55.62,N003270,7830.4,N003298,S160,116.2,55.78,0
N000351,S003,55.6,N003270,8017.9,N003298,S160,116.2,55.76,0
N000276,S004,55.54,N001038,7782.8,N000999,S156,85.0,56.05,0
N000350,S003,55.49,N003270,8120.0,N003298,S160,116.2,55.65,0
N000362,S003,55.45,N003270,8442.5,N003298,S160,116.2,55.61,0
N000347,S003,55.4,N003270,8648.7,N003298,S160,116.2,55.56,0
N001969,S004,55.4,N001038,7981.5,N000999,S156,85.0,55.91,0
N000373,S003,55.36,N003270,8443.3,N003298,S160,116.2,55.52,0
N000255,S004,55.31,N001038,7501.4,N000999,S156,85.0,55.83,0
N000356,S003,55.31,N003270,8093.2,N003298,S160,116.2,55.47,0
X000001,S005,55.19,N002822,9163.8,N002836,S092,81.5,55.75,0
N000419,S003,55.17,N003270,8810.7,N003298,S160,116.2,55.33,0
N000445,S003,55.16,N003270,8105.4,N003298,S160,116.2,55.32,0
N000369,S003,55.15,N003270,8418.8,N003298,S160,116.2,55.31,0
N000269,S004,55.1,N001038,7728.4,N000999,S156,85.0,55.61,0
N000246,S004,55.09,N001038,7635.1,N000999,S156,85.0,55.6,0
N000371,S003,55.08,N003270,8515.2,N003298,S160,116.2,55.24,0
N000339,S003,55.07,N003270,7608.0,N003298,S160,116.2,55.23,0
N006631,S014,55.04,N007524,7549.9,N007564,S006,102.0,56.55,0
N000391,S003,55.0,N003270,7642.9,N003298,S160,116.2,55.16,0
N000421,S003,54.98,N003270,8886.8,N003298,S160,116.2,55.14,0
N006637,S014,54.98,N007524,7538.0,N007564,S006,102.0,56.49,0
N000456,S003,54.97,N003270,8226.8,N003298,S160,116.2,55.13,0
N005143,S005,54.97,N002822,10276.5,N002836,S092,81.5,55.53,0
N006576,S014,54.97,N007524,7496.0,N007564,S006,102.0,56.48,0
N006969,S014,54.96,N007524,7869.1,N007564,S006,102.0,56.47,0
N000681,S003,54.94,N003270,8554.5,N003298,S160,116.2,55.1,0
N000428,S003,54.91,N003270,8067.9,N003298,S160,116.2,55.07,0
N002229,S004,54.88,N001038,7998.5,N000999,S156,85.0,55.4,0
N006661,S014,54.88,N007524,7551.3,N007564,S006,102.0,56.39,0
N000385,S003,54.8,N003270,8548.6,N003298,S160,116.2,54.96,0
N005062,S005,54.8,N002822,9639.6,N002836,S092,81.5,55.35,0
N006638,S014,54.79,N007524,7495.9,N007564,S006,102.0,56.3,0
N000710,S003,54.74,N003270,8561.6,N003298,S160,116.2,54.9,0
N001924,S004,54.73,N001038,7865.9,N000999,S156,85.0,55.25,0
N000443,S003,54.72,N003270,8147.9,N003298,S160,116.2,54.88,0
N000402,S003,54.63,N003270,7637.1,N003298,S160,116.2,54.79,0
N000423,S003,54.63,N003270,8312.9,N003298,S160,116.2,54.79,0
N000449,S003,54.55,N003270,8236.3,N003298,S160,116.2,54.71,0
N006864,S014,54.55,N007524,7430.1,N007564,S006,102.0,56.05,0
N000397,S003,54.52,N003270,7607.8,N003298,S160,116.2,54.69,0
N000697,S003,54.46,N003270,8515.2,N003298,S160,116.2,54.62,0
N002177,S004,54.3,N001038,7911.0,N000999,S156,85.0,54.82,0
N000220,S004,54.25,N001038,8375.3,N000999,S156,85.0,54.76,0
N000384,S003,54.15,N003270,7339.3,N003298,S160,116.2,54.32,0
N000382,S003,54.14,N003270,8624.7,N003298,S160,116.2,54.3,0
N006614,S014,54.13,N007524,7409.3,N007564,S006,102.0,55.64,0
N000429,S003,54.07,N003270,8963.2,N003298,S160,116.2,54.23,0
N005119,S005,54.03,N002822,9680.5,N002836,S092,81.5,54.58,0
N000394,S003,54.0,N003270,7204.8,N003298,S160,116.2,54.17,0
N002241,S004,53.96,N001038,8013.3,N000999,S156,85.0,54.47,0
N006626,S014,53.93,N007524,7382.7,N007564,S006,102.0,55.44,0
N000230,S004,53.8,N001038,8555.8,N000999,S156,85.0,54.31,0
N003512,S004,53.74,N001038,10495.9,N000999,S156,85.0,54.25,0
N000420,S003,53.66,N003270,7182.9,N003298,S160,116.2,53.82,0
N005046,S005,53.65,N002822,9554.0,N002836,S092,81.5,54.2,0
N000386,S003,53.64,N003270,8681.7,N003298,S160,116.2,53.8,0
N006652,S014,53.51,N007524,7323.7,N007564,S006,102.0,55.01,0
N004919,S005,53.49,N002822,9901.0,N002836,S092,81.5,54.05,0
N000412,S003,53.45,N003270,7109.8,N003298,S160,116.2,53.62,0
N000554,S003,53.36,N003270,7239.7,N003298,S160,116.2,53.52,0
N005109,S005,53.3,N002822,9587.7,N002836,S092,81.5,53.86,0
N000488,S003,53.22,N003270,7545.5,N003298,S160,116.2,53.38,0
N000393,S003,53.19,N003270,8835.2,N003298,S160,116.2,53.35,0
N000464,S003,53.05,N003270,7138.1,N003298,S160,116.2,53.21,0
N005129,S005,53.04,N002822,10108.1,N002836,S092,81.5,53.6,0
N000558,S003,52.99,N003270,7399.6,N003298,S160,116.2,53.15,0
N003719,S004,52.93,N001038,11233.1,N000999,S156,85.0,53.44,0
N000600,S003,52.92,N003270,7589.0,N003298,S160,116.2,53.08,0
N000467,S003,52.85,N003270,7204.9,N003298,S160,116.2,53.01,0
N000444,S003,52.77,N003270,6997.9,N003298,S160,116.2,52.93,0
N000504,S003,52.68,N003270,7480.9,N003298,S160,116.2,52.84,0
N005130,S005,52.68,N002822,10240.5,N002836,S092,81.5,53.24,0
N000388,S003,52.67,N003270,8759.0,N003298,S160,116.2,52.83,0
N000237,S004,52.62,N001038,8436.6,N000999,S156,85.0,53.14,0
N000639,S003,52.58,N003270,7799.0,N003298,S160,116.2,52.74,0
N005102,S005,52.57,N002822,10171.1,N002836,S092,81.5,53.13,0
N000469,S003,52.51,N003270,6861.1,N003298,S160,116.2,52.67,0
N005104,S005,52.51,N002822,10287.6,N002836,S092,81.5,53.07,0
N000475,S003,52.48,N003270,6936.4,N003298,S160,116.2,52.64,0
N000525,S003,52.33,N003270,7306.7,N003298,S160,116.2,52.49,0
N002163,S004,52.24,N001038,7766.2,N000999,S156,85.0,52.75,0
N000646,S003,52.21,N003270,7881.9,N003298,S160,116.2,52.37,0
N002204,S004,52.21,N001038,7640.6,N000999,S156,85.0,52.72,0
N002726,S004,52.21,N001038,8502.5,N000999,S156,85.0,52.72,0
N000465,S003,52.2,N003270,6764.3,N003298,S160,116.2,52.36,0
N001803,S004,52.17,N001038,7779.7,N000999,S156,85.0,52.68,0
N001971,S004,52.17,N001038,8158.8,N000999,S156,85.0,52.68,0
N000487,S003,52.14,N003270,7001.0,N003298,S160,116.2,52.3,0
N000546,S003,52.14,N003270,7404.5,N003298,S160,116.2,52.3,0
N000403,S003,52.12,N003270,8911.7,N003298,S160,116.2,52.28,0
N000490,S003,52.07,N003270,7032.6,N003298,S160,116.2,52.23,0
N000560,S003,51.93,N003270,7465.2,N003298,S160,116.2,52.09,0
N005099,S005,51.88,N002822,10023.0,N002836,S092,81.5,52.44,0
N000602,S003,51.84,N003270,7649.7,N003298,S160,116.2,52.0,0
N000495,S003,51.82,N003270,7110.0,N003298,S160,116.2,51.98,0
N003523,S004,51.82,N001038,11523.0,N000999,S156,85.0,52.34,0
N000411,S003,51.81,N003270,8955.6,N003298,S160,116.2,51.97,0
N002158,S004,51.76,N001038,7552.0,N000999,S156,85.0,52.27,0
N000295,S004,51.75,N001038,7133.9,N000999,S156,85.0,52.27,0
N000292,S004,51.72,N001038,7107.6,N000999,S156,85.0,52.23,0
N000608,S003,51.51,N003270,7705.4,N003298,S160,116.2,51.67,0
N002021,S004,51.5,N001038,7465.9,N000999,S156,85.0,52.01,0
N001860,S004,51.49,N001038,7662.6,N000999,S156,85.0,52.01,0
N006972,S014,51.46,N007524,7578.3,N007564,S006,102.0,52.97,0
N002068,S004,51.4,N001038,7639.6,N000999,S156,85.0,51.91,0
N005026,S005,51.33,N002822,9459.1,N002836,S092,81.5,51.89,0
N005091,S005,51.29,N002822,9485.6,N002836,S092,81.5,51.85,0
N006856,S014,51.27,N007524,7284.5,N007564,S006,102.0,52.78,0
N005097,S005,51.25,N002822,9503.0,N002836,S092,81.5,51.8,0
N000618,S003,51.18,N003270,7789.0,N003298,S160,116.2,51.34,0
N005039,S005,51.09,N002822,9374.1,N002836,S092,81.5,51.65,0
N002045,S004,50.91,N001038,7468.1,N000999,S156,85.0,51.43,0
N006896,S014,50.87,N007524,7259.3,N007564,S006,102.0,52.38,0
N001840,S004,50.81,N001038,7503.5,N000999,S156,85.0,51.33,0
N000591,S003,50.77,N003270,8307.4,N003298,S160,116.2,50.93,0
N002477,S004,50.77,N001038,8113.2,N000999,S156,85.0,51.28,0
N001972,S004,50.59,N001038,7380.8,N000999,S156,85.0,51.11,0
N000288,S004,50.55,N001038,7001.5,N000999,S156,85.0,51.06,0
X000035,S005,50.52,N002822,10112.0,N002836,S092,81.5,51.08,0
N005005,S005,50.49,N002822,9368.0,N002836,S092,81.5,51.05,0
N006790,S014,50.46,N007524,6909.5,N007564,S006,102.0,51.97,0
N006861,S014,50.46,N007524,7104.3,N007564,S006,102.0,51.97,0
N004930,S005,50.44,N002822,9916.1,N002836,S092,81.5,51.0,0
N006877,S014,50.41,N007524,7037.9,N007564,S006,102.0,51.92,0
N000163,S007,50.38,N000275,1761.0,X000008,S004,1253.5,37.75,0
N006859,S014,50.38,N007524,7094.3,N007564,S006,102.0,51.89,0
N000662,S003,50.28,N003270,8067.3,N003298,S160,116.2,50.44,0
N000790,S003,50.22,N003270,8550.8,N003298,S160,116.2,50.38,0
N001983,S004,50.22,N001038,7298.5,N000999,S156,85.0,50.73,0
N000762,S003,50.19,N003270,8362.3,N003298,S160,116.2,50.35,0
N005114,S005,50.19,N002822,10211.1,N002836,S092,81.5,50.75,0
N001957,S004,50.06,N001038,7319.3,N000999,S156,85.0,50.57,0
N000742,S003,50.04,N003270,8283.3,N003298,S160,116.2,50.2,0
N000758,S003,50.03,N003270,8472.7,N003298,S160,116.2,50.19,0
N000732,S003,50.02,N003270,8263.7,N003298,S160,116.2,50.18,0
N000698,S003,49.99,N003270,8161.0,N003298,S160,116.2,50.15,0
N000711,S003,49.92,N003270,8204.0,N003298,S160,116.2,50.08,0
N006797,S014,49.73,N007524,6859.2,N007564,S006,102.0,51.23,0
N000741,S003,49.72,N003270,8397.5,N003298,S160,116.2,49.88,0
N002036,S004,49.71,N001038,7385.8,N000999,S156,85.0,50.22,0
N006761,S014,49.67,N007524,6517.5,N007564,S006,102.0,51.18,0
N001960,S004,49.58,N001038,7266.4,N000999,S156,85.0,50.09,0
N006818,S014,49.36,N007524,6779.8,N007564,S006,102.0,50.87,0
N004991,S005,48.95,N002822,9946.9,N002836,S092,81.5,49.5,0
X000132,S005,48.53,N002822,9417.7,N002836,S092,81.5,49.09,0
N004910,S005,48.52,N002822,9825.7,N002836,S092,81.5,49.07,0
N004959,S005,48.45,N002822,9739.4,N002836,S092,81.5,49.01,0
N005017,S005,48.31,N002822,9843.6,N002836,S092,81.5,48.87,0
N004771,S005,48.3,N002822,8931.3,N002836,S092,81.5,48.86,0
N004572,S005,48.19,N002822,8002.5,N002836,S092,81.5,48.74,0
N004601,S005,48.19,N002822,8148.9,N002836,S092,81.5,48.75,0
N001913,S004,48.1,N001038,7677.9,N000999,S156,85.0,48.61,0
N005067,S005,48.07,N002822,9938.8,N002836,S092,81.5,48.63,0
N004824,S005,48.06,N002822,9015.3,N002836,S092,81.5,48.62,0
N006733,S014,48.04,N007524,6229.9,N007564,S006,102.0,49.55,0
N004460,S005,48.02,N002822,7839.7,N002836,S092,81.5,48.58,0
N004630,S005,47.93,N002822,8242.5,N002836,S092,81.5,48.49,0
N000321,S004,47.83,N001038,6778.0,N000999,S156,85.0,48.34,0
N001849,S004,47.81,N001038,7729.7,N000999,S156,85.0,48.32,0
N001351,S004,47.8,N001038,6938.8,N000999,S156,85.0,48.31,0
N004871,S005,47.8,N002822,9192.7,N002836,S092,81.5,48.35,0
N001305,S004,47.73,N001038,7030.7,N000999,S156,85.0,48.24,0
N000284,S004,47.67,N001038,7256.4,N000999,S156,85.0,48.19,0
N004844,S005,47.62,N002822,9101.6,N002836,S092,81.5,48.18,0
N001276,S004,47.6,N001038,7013.1,N000999,S156,85.0,48.12,0
N001386,S004,47.47,N001038,6896.7,N000999,S156,85.0,47.98,0
N002172,S004,47.44,N001038,7364.4,N000999,S156,85.0,47.96,0
N001282,S004,47.41,N001038,7002.9,N000999,S156,85.0,47.92,0
N004322,S005,47.31,N002822,7656.6,N002836,S092,81.5,47.87,0
N000313,S004,47.24,N001038,6642.5,N000999,S156,85.0,47.75,0
N001787,S004,47.21,N001038,7766.2,N000999,S156,85.0,47.73,0
N002117,S004,47.15,N001038,7500.4,N000999,S156,85.0,47.66,0
N002152,S004,47.12,N001038,7220.2,N000999,S156,85.0,47.64,0
N002150,S004,46.97,N001038,7051.7,N000999,S156,85.0,47.49,0
N002178,S004,46.97,N001038,7129.8,N000999,S156,85.0,47.49,0
N001759,S004,46.87,N001038,7615.7,N000999,S156,85.0,47.38,0
N004970,S005,46.87,N002822,10055.9,N002836,S092,81.5,47.43,0
N001777,S004,46.76,N001038,7572.6,N000999,S156,85.0,47.27,0
N001336,S004,46.7,N001038,6906.1,N000999,S156,85.0,47.21,0
N001929,S004,46.67,N001038,7470.0,N000999,S156,85.0,47.19,0
N004901,S005,46.47,N002822,9287.5,N002836,S092,81.5,47.03,0
N000245,S007,46.44,N000275,1177.6,X000008,S004,1253.5,33.81,0
N002089,S004,46.38,N001038,6949.5,N000999,S156,85.0,46.89,0
N004651,S005,46.33,N002822,8352.6,N002836,S092,81.5,46.89,0
X000133,S005,46.32,N002822,9905.5,N002836,S092,81.5,46.87,0
N000240,S007,46.27,N000275,1114.6,X000008,S004,1253.5,33.63,0
N001832,S004,46.26,N001038,7487.6,N000999,S156,85.0,46.77,0
N002079,S004,46.22,N001038,7197.0,N000999,S156,85.0,46.74,0
N001878,S004,46.18,N001038,7405.1,N000999,S156,85.0,46.7,0
N004988,S005,46.17,N002822,9281.7,N002836,S092,81.5,46.73,0
N002162,S004,46.14,N001038,6784.9,N000999,S156,85.0,46.66,0
N002003,S004,46.11,N001038,7131.0,N000999,S156,85.0,46.62,0
N005574,S005,46.04,N002822,10736.3,N002836,S092,81.5,46.6,0
N000729,S003,45.96,N003270,5992.5,N003298,S160,116.2,46.12,0
N002020,S004,45.96,N001038,7094.5,N000999,S156,85.0,46.48,0
N004954,S005,45.81,N002822,9277.5,N002836,S092,81.5,46.37,0
N004461,S005,45.75,N002822,7563.2,N002836,S092,81.5,46.3,0
N004580,S005,45.72,N002822,7747.2,N002836,S092,81.5,46.28,0
N004512,S005,45.65,N002822,7579.2,N002836,S092,81.5,46.21,0
N004569,S005,45.64,N002822,7655.9,N002836,S092,81.5,46.2,0
N004615,S005,45.6,N002822,7899.8,N002836,S092,81.5,46.16,0
N001369,S004,45.57,N001038,6821.3,N000999,S156,85.0,46.09,0
N004581,S005,45.49,N002822,7679.1,N002836,S092,81.5,46.05,0
N006676,S014,45.38,N007524,5965.1,N007564,S006,102.0,46.89,0
N001400,S004,45.35,N001038,6749.9,N000999,S156,85.0,45.86,0
N004381,S005,45.32,N002822,7448.8,N002836,S092,81.5,45.88,0
N001441,S004,45.26,N001038,6657.7,N000999,S156,85.0,45.78,0
N005609,S005,45.26,N002822,10651.5,N002836,S092,81.5,45.81,0
N000814,S003,45.13,N003270,6370.3,N003298,S160,116.2,45.29,0
N000667,S003,45.12,N003270,6007.6,N003298,S160,116.2,45.28,0
N000718,S003,45.11,N003270,6045.9,N003298,S160,116.2,45.27,0
N001447,S004,45.11,N001038,6776.1,N000999,S156,85.0,45.63,0
N000733,S003,45.08,N003270,5828.7,N003298,S160,116.2,45.24,0
X000060,S004,44.98,N001038,7647.7,N000999,S156,85.0,45.49,0
N000753,S003,44.92,N003270,6149.1,N003298,S160,116.2,45.08,0
N000726,S003,44.88,N003270,5954.9,N003298,S160,116.2,45.04,0
N001418,S004,44.88,N001038,6827.1,N000999,S156,85.0,45.4,0
N004708,S005,44.84,N002822,8640.2,N002836,S092,81.5,45.4,0
N000809,S003,44.83,N003270,6310.6,N003298,S160,116.2,44.99,0
N000735,S003,44.82,N003270,6004.2,N003298,S160,116.2,44.98,0
N004400,S005,44.8,N002822,7368.8,N002836,S092,81.5,45.36,0
N001425,S004,44.76,N001038,6666.9,N000999,S156,85.0,45.27,0
N004647,S005,44.73,N002822,7783.1,N002836,S092,81.5,45.29,0
N001390,S004,44.62,N001038,6743.8,N000999,S156,85.0,45.13,0
N002102,S004,44.62,N001038,6689.2,N000999,S156,85.0,45.13,0
N004521,S005,44.6,N002822,7504.8,N002836,S092,81.5,45.16,0
N000768,S003,44.56,N003270,6268.7,N003298,S160,116.2,44.72,0
N004408,S005,44.53,N002822,7339.5,N002836,S092,81.5,45.09,0
N005557,S005,44.48,N002822,10582.0,N002836,S092,81.5,45.04,0
N007153,S001,44.41,N007153,0.0,N007265,S006,722.6,43.29,0
N001477,S004,44.36,N001038,6572.1,N000999,S156,85.0,44.88,0
N001946,S004,44.31,N001038,6629.8,N000999,S156,85.0,44.82,0
N001356,S004,44.28,N001038,6660.0,N000999,S156,85.0,44.79,0
N000689,S003,44.22,N003270,5879.9,N003298,S160,116.2,44.38,0
N004522,S005,44.1,N002822,7439.5,N002836,S092,81.5,44.66,0
N006073,S005,44.04,N002822,10955.3,N002836,S092,81.5,44.6,0
N005676,S005,43.99,N002822,10477.8,N002836,S092,81.5,44.55,0
N000736,S003,43.98,N003270,5740.5,N003298,S160,116.2,44.14,0
N004419,S005,43.85,N002822,7282.0,N002836,S092,81.5,44.41,0
N005644,S005,43.85,N002822,10554.0,N002836,S092,81.5,44.41,0
N004711,S005,43.8,N002822,8655.2,N002836,S092,81.5,44.36,0
N005533,S005,43.79,N002822,10481.3,N002836,S092,81.5,44.35,0
N001387,S004,43.72,N001038,6573.3,N000999,S156,85.0,44.24,0
N005610,S005,43.66,N002822,10418.9,N002836,S092,81.5,44.22,0
N000712,S003,43.63,N003270,5809.1,N003298,S160,116.2,43.79,0
N006041,S005,43.46,N002822,10871.4,N002836,S092,81.5,44.02,0
N004785,S005,43.37,N002822,8196.2,N002836,S092,81.5,43.93,0
N005848,S005,43.35,N002822,10623.3,N002836,S092,81.5,43.91,0
N005605,S005,43.34,N002822,10343.1,N002836,S092,81.5,43.9,0
N005789,S005,43.32,N002822,10529.3,N002836,S092,81.5,43.88,0
N000771,S003,43.29,N003270,5870.9,N003298,S160,116.2,43.45,0
N000315,S016,43.28,N001062,3335.4,N001118,S007,214.1,41.69,0
N000777,S003,43.16,N003270,5606.7,N003298,S160,116.2,43.32,0
N000804,S003,42.97,N003270,5643.7,N003298,S160,116.2,43.13,0
N004689,S005,42.88,N002822,8564.8,N002836,S092,81.5,43.44,0
N000316,S016,42.85,N001062,3247.3,N001118,S007,214.1,41.26,0
N001417,S004,42.81,N001038,6492.1,N000999,S156,85.0,43.32,0
N000372,S004,42.8,N001038,6267.5,N000999,S156,85.0,43.31,0
N001584,S004,42.69,N001038,6279.2,N000999,S156,85.0,43.21,0
N007087,S006,42.67,N007488,6665.0,N007474,S170,75.7,41.95,0
N001528,S004,42.65,N001038,6367.8,N000999,S156,85.0,43.17,0
N006908,S001,42.62,N006872,246.0,N006715,S022,738.0,24.61,0
N000317,S016,42.61,N001062,3250.6,N001118,S007,214.1,41.02,0
N000808,S003,42.6,N003270,5616.2,N003298,S160,116.2,42.77,0
N006011,S005,42.6,N002822,10792.1,N002836,S092,81.5,43.16,0
N005795,S005,42.59,N002822,10446.7,N002836,S092,81.5,43.15,0
N005735,S005,42.56,N002822,10363.9,N002836,S092,81.5,43.12,0
N001597,S004,42.55,N001038,6199.2,N000999,S156,85.0,43.07,0
N001458,S004,42.52,N001038,6400.0,N000999,S156,85.0,43.03,0
N007071,S006,42.5,N007488,6648.6,N007474,S170,75.7,41.78,0
N000828,S003,42.44,N003270,5713.2,N003298,S160,116.2,42.6,0
N000242,S007,42.41,N000275,671.7,X000008,S004,1253.5,29.77,0
N005985,S005,42.32,N002822,10723.1,N002836,S092,81.5,42.87,0
N007079,S006,42.28,N007488,6618.9,N007474,S170,75.7,41.56,0
N006936,S001,42.26,N006872,419.6,N006715,S022,738.0,24.25,0
N006895,S001,42.25,N006872,162.5,N006715,S022,738.0,24.24,0
N000329,S016,42.14,N001062,3165.8,N001118,S007,214.1,40.54,0
N000815,S003,42.14,N003270,5511.9,N003298,S160,116.2,42.3,0
N000820,S003,42.14,N003270,5579.6,N003298,S160,116.2,42.3,0
N005856,S005,42.08,N002822,10526.3,N002836,S092,81.5,42.64,0
N000811,S003,42.07,N003270,5381.4,N003298,S160,116.2,42.23,0
X000000,S004,42.03,N001038,6507.2,N000999,S156,85.0,42.54,0
N004845,S005,41.96,N002822,8291.5,N002836,S092,81.5,42.52,0
N007169,S006,41.94,N007488,6630.3,N007474,S170,75.7,41.22,0
N005652,S005,41.92,N002822,10257.8,N002836,S092,81.5,42.48,0
N006777,S014,41.91,N007524,5524.7,N007564,S006,102.0,43.42,0
N005799,S005,41.86,N002822,10344.6,N002836,S092,81.5,42.42,0
N000331,S016,41.8,N001062,3169.0,N001118,S007,214.1,40.21,0
X000029,S005,41.78,N002822,8780.2,N002836,S092,81.5,42.33,0
N005732,S005,41.66,N002822,10183.3,N002836,S092,81.5,42.22,0
N000330,S016,41.64,N001062,3083.0,N001118,S007,214.1,40.04,0
N006792,S014,41.64,N007524,5616.9,N007564,S006,102.0,43.15,0
N005858,S005,41.63,N002822,10436.7,N002836,S092,81.5,42.19,0
N007070,S006,41.63,N007488,6547.1,N007474,S170,75.7,40.91,0
N007097,S006,41.62,N007488,6537.0,N007474,S170,75.7,40.9,0
N004870,S005,41.55,N002822,8376.0,N002836,S092,81.5,42.11,0
N005736,S005,41.55,N002822,10066.0,N002836,S092,81.5,42.11,0
N001797,S004,41.5,N001038,6307.1,N000999,S156,85.0,42.01,0
N006872,S001,41.49,N006872,0.0,N006715,S022,738.0,23.48,0
N001616,S004,41.48,N001038,6087.3,N000999,S156,85.0,41.99,0
N007074,S006,41.47,N007488,6517.7,N007474,S170,75.7,40.75,0
N004665,S005,41.37,N002822,8461.2,N002836,S092,81.5,41.93,0
N005746,S005,41.21,N002822,10181.2,N002836,S092,81.5,41.76,0
N005695,S005,41.2,N002822,10175.9,N002836,S092,81.5,41.76,0
N001743,S004,41.16,N001038,6257.1,N000999,S156,85.0,41.68,0
N005805,S005,41.11,N002822,10264.5,N002836,S092,81.5,41.67,0
N007067,S006,41.01,N007488,6469.6,N007474,S170,75.7,40.29,0
N007089,S006,41.01,N007488,6435.5,N007474,S170,75.7,40.29,0
N000873,S003,40.95,N003270,5447.6,N003298,S160,116.2,41.11,0
N000858,S003,40.94,N003270,5270.2,N003298,S160,116.2,41.1,0
N000875,S003,40.94,N003270,5495.6,N003298,S160,116.2,41.1,0
N000955,S003,40.94,N003270,5472.6,N003298,S160,116.2,41.1,0
N007016,S001,40.91,N007032,278.5,N007084,S006,302.9,42.55,0
N000869,S003,40.89,N003270,5390.2,N003298,S160,116.2,41.05,0
N000877,S003,40.85,N003270,5518.5,N003298,S160,116.2,41.01,0
N005720,S005,40.83,N002822,10054.0,N002836,S092,81.5,41.39,0
N005794,S005,40.82,N002822,9985.7,N002836,S092,81.5,41.38,0
N005889,S005,40.79,N002822,10130.9,N002836,S092,81.5,41.35,0
N005832,S005,40.78,N002822,10133.3,N002836,S092,81.5,41.34,0
N007032,S001,40.75,N007032,0.0,N007084,S006,302.9,42.39,0
N006823,S014,40.71,N007524,5793.4,N007564,S006,102.0,42.22,0
X000146,S014,40.64,N007524,6184.8,N007564,S006,102.0,42.15,0
X000028,S005,40.63,N002822,8719.7,N002836,S092,81.5,41.19,0
N000911,S003,40.6,N003270,5379.1,N003298,S160,116.2,40.76,0
N005752,S005,40.6,N002822,10091.8,N002836,S092,81.5,41.16,0
N000259,S007,40.58,N000275,476.1,X000008,S004,1253.5,27.95,0
N000914,S003,40.58,N003270,5365.6,N003298,S160,116.2,40.74,0
N000912,S003,40.57,N003270,5285.9,N003298,S160,116.2,40.73,0
N001628,S004,40.54,N001038,5998.9,N000999,S156,85.0,41.05,0
N001757,S004,40.46,N001038,6141.8,N000999,S156,85.0,40.97,0
N005774,S005,40.43,N002822,10050.5,N002836,S092,81.5,40.99,0
X000109,S001,40.43,N006872,360.1,N006715,S022,738.0,22.42,0
N000862,S003,40.42,N003270,5197.3,N003298,S160,116.2,40.58,0
N000499,S004,40.39,N001038,6482.9,N000999,S156,85.0,40.91,0
N007091,S006,40.38,N007488,6418.1,N007474,S170,75.7,39.66,0
N000884,S003,40.37,N003270,5609.7,N003298,S160,116.2,40.53,0
N000896,S003,40.34,N003270,5661.3,N003298,S160,116.2,40.5,0
N007085,S006,40.34,N007488,6364.0,N007474,S170,75.7,39.62,0
N001088,S003,40.33,N003270,5383.4,N003298,S160,116.2,40.49,0
N001043,S003,40.29,N003270,5300.6,N003298,S160,116.2,40.45,0
N005779,S005,40.24,N002822,9973.1,N002836,S092,81.5,40.8,0
N000842,S003,40.22,N003270,5953.2,N003298,S160,116.2,40.38,0
N000932,S003,40.19,N003270,5549.0,N003298,S160,116.2,40.35,0
N007084,S006,40.15,N007488,6339.2,N007474,S170,75.7,39.43,0
X000131,S005,40.11,N002822,8292.9,N002836,S092,81.5,40.66,0
N007207,S006,40.09,N007488,6421.1,N007474,S170,75.7,39.37,0
N005913,S005,40.08,N002822,10097.6,N002836,S092,81.5,40.64,0
N005788,S005,40.07,N002822,9904.1,N002836,S092,81.5,40.63,0
X000026,S005,40.03,N002822,8485.7,N002836,S092,81.5,40.59,0
N001008,S003,40.0,N003270,5225.0,N003298,S160,116.2,40.16,0
N001044,S003,40.0,N003270,5384.8,N003298,S160,116.2,40.16,0
N006853,S014,39.95,N007524,5154.4,N007564,S006,102.0,41.46,0
N007211,S006,39.95,N007488,6156.4,N007474,S170,75.7,39.23,0
N001839,S004,39.89,N001038,6137.6,N000999,S156,85.0,40.4,0
N005965,S001,39.76,N006365,1307.0,N006337,S010,1065.6,14.69,0
N001527,S004,39.73,N001038,6122.2,N000999,S156,85.0,40.24,0
N006922,S014,39.71,N007524,5123.2,N007564,S006,102.0,41.22,0
N000972,S003,39.7,N003270,5128.8,N003298,S160,116.2,39.86,0
N007212,S006,39.69,N007488,6338.5,N007474,S170,75.7,38.97,0
N007240,S006,39.67,N007488,6177.2,N007474,S170,75.7,38.95,0
N000275,S007,39.65,N000275,0.0,X000008,S004,1253.5,27.01,0
N004904,S005,39.59,N002822,8477.1,N002836,S092,81.5,40.15,0
N005784,S005,39.57,N002822,9836.7,N002836,S092,81.5,40.13,0
N004574,S005,39.53,N002822,6719.3,N002836,S092,81.5,40.09,0
N006929,S014,39.52,N007524,5074.4,N007564,S006,102.0,41.03,0
N006868,S014,39.5,N007524,5074.4,N007564,S006,102.0,41.01,0
N006952,S014,39.44,N007524,5180.8,N007564,S006,102.0,40.95,0
N001637,S004,39.32,N001038,5923.8,N000999,S156,85.0,39.83,0
N006910,S014,39.3,N007524,5010.8,N007564,S006,102.0,40.81,0
X000027,S005,39.3,N002822,8635.1,N002836,S092,81.5,39.86,0
N000973,S003,39.16,N003270,5014.8,N003298,S160,116.2,39.32,0
N000404,S004,39.15,N001038,6169.4,N000999,S156,85.0,39.66,0
N007209,S006,39.15,N007488,6037.6,N007474,S170,75.7,38.43,0
N001796,S004,39.14,N001038,6035.7,N000999,S156,85.0,39.65,0
N007213,S006,39.11,N007488,6250.0,N007474,S170,75.7,38.39,0
N000401,S004,39.09,N001038,6260.5,N000999,S156,85.0,39.61,0
N006805,S014,39.05,N007524,5694.5,N007564,S006,102.0,40.56,0
N005947,S001,39.03,N006365,1218.4,N006337,S010,1065.6,13.97,0
N007238,S006,38.98,N007488,6094.2,N007474,S170,75.7,38.26,0
N007180,S006,38.97,N007488,5910.5,N007474,S170,75.7,38.25,0
N007223,S006,38.83,N007488,6004.7,N007474,S170,75.7,38.11,0
N000966,S003,38.82,N003270,4918.0,N003298,S160,116.2,38.98,0
X000135,S005,38.8,N002822,8346.2,N002836,S092,81.5,39.36,0
N001559,S004,38.78,N001038,6011.0,N000999,S156,85.0,39.29,0
N006961,S014,38.77,N007524,5027.8,N007564,S006,102.0,40.28,0
N007265,S006,38.76,N007488,6399.4,N007474,S170,75.7,38.04,0
N005839,S005,38.62,N002822,9756.0,N002836,S092,81.5,39.18,0
N007197,S006,38.62,N007488,5920.1,N007474,S170,75.7,37.9,0
N006843,S014,38.61,N007524,5211.7,N007564,S006,102.0,40.12,0
N001556,S004,38.6,N001038,5995.1,N000999,S156,85.0,39.12,0
N000355,S004,38.56,N001038,5543.1,N000999,S156,85.0,39.08,0
X000070,S001,38.48,N006872,478.8,N006715,S022,738.0,20.46,0
N004044,S005,38.43,N002822,5806.5,N002836,S092,81.5,38.99,0
N007142,S006,38.43,N007488,6042.8,N007474,S170,75.7,37.71,0
X000069,S001,38.39,N006872,523.7,N006715,S022,738.0,20.38,0
N005926,S001,38.34,N006365,1136.7,N006337,S010,1065.6,13.27,0
N006849,S014,38.34,N007524,5168.0,N007564,S006,102.0,39.85,0
N001063,S004,38.28,N001038,5597.0,N000999,S156,85.0,38.8,0
N007181,S006,38.26,N007488,5823.3,N007474,S170,75.7,37.54,0
N007220,S006,38.24,N007488,6141.0,N007474,S170,75.7,37.52,0
N000552,S004,38.23,N001038,6441.6,N000999,S156,85.0,38.74,0
N001663,S004,38.2,N001038,5785.4,N000999,S156,85.0,38.72,0
N000374,S004,38.19,N001038,6436.3,N000999,S156,85.0,38.7,0
N006017,S005,38.18,N002822,9496.9,N002836,S092,81.5,38.74,0
N006891,S014,38.14,N007524,4907.5,N007564,S006,102.0,39.65,0
N006951,S014,38.12,N007524,4921.2,N007564,S006,102.0,39.63,0
N005065,S005,38.07,N002822,7427.7,N002836,S092,81.5,38.62,0
N004699,S005,38.06,N002822,6836.2,N002836,S092,81.5,38.62,0
X000071,S001,38.05,X000071,0.0,N006789,S022,407.1,19.39,0
N001580,S004,38.03,N001038,5933.5,N000999,S156,85.0,38.55,0
N001614,S004,38.03,N001038,5908.4,N000999,S156,85.0,38.54,0
X000089,S014,38.03,N007524,5322.0,N007564,S006,102.0,39.54,0
N004730,S005,37.98,N002822,6706.9,N002836,S092,81.5,38.54,0
N005901,S005,37.98,N002822,9139.6,N002836,S092,81.5,38.54,0
N005957,S005,37.95,N002822,9288.9,N002836,S092,81.5,38.51,0
X000134,S005,37.92,N002822,8629.3,N002836,S092,81.5,38.48,0
N006071,S005,37.89,N002822,9710.1,N002836,S092,81.5,38.45,0
N001664,S004,37.87,N001038,5762.3,N000999,S156,85.0,38.38,0
N005939,S005,37.84,N002822,9231.2,N002836,S092,81.5,38.4,0
N006937,S014,37.82,N007524,4842.1,N007564,S006,102.0,39.33,0
N000398,S004,37.77,N001038,6409.3,N000999,S156,85.0,38.29,0
N005030,S005,37.73,N002822,7225.9,N002836,S092,81.5,38.29,0
N007221,S006,37.64,N007488,5836.9,N007474,S170,75.7,36.92,0
N005045,S005,37.63,N002822,7265.0,N002836,S092,81.5,38.19,0
N007163,S006,37.62,N007488,5923.2,N007474,S170,75.7,36.9,0
N007195,S006,37.62,N007488,5754.7,N007474,S170,75.7,36.9,0
N005964,S005,37.61,N002822,9344.1,N002836,S092,81.5,38.17,0
N005741,S005,37.54,N002822,8894.2,N002836,S092,81.5,38.1,0
N006916,S014,37.51,N007524,4736.6,N007564,S006,102.0,39.02,0
N005085,S005,37.5,N002822,7644.1,N002836,S092,81.5,38.06,0
N000526,S004,37.46,N001038,6359.3,N000999,S156,85.0,37.97,0
N001625,S004,37.45,N001038,5858.7,N000999,S156,85.0,37.96,0
N000430,S004,37.44,N001038,5956.0,N000999,S156,85.0,37.95,0
N003471,S005,37.42,N003404,582.7,N003126,S011,1456.2,23.09,0
N005905,S005,37.4,N002822,9207.8,N002836,S092,81.5,37.96,0
N005049,S005,37.37,N002822,7448.2,N002836,S092,81.5,37.93,0
N005803,S005,37.36,N002822,8998.8,N002836,S092,81.5,37.92,0
N007182,S006,37.35,N007488,5660.7,N007474,S170,75.7,36.63,0
N005853,S005,37.33,N002822,9097.4,N002836,S092,81.5,37.89,0
N007170,S006,37.32,N007488,5879.6,N007474,S170,75.7,36.6,0
N001095,S004,37.31,N001038,5412.3,N000999,S156,85.0,37.82,0
N005861,S005,37.31,N002822,9053.0,N002836,S092,81.5,37.87,0
N001107,S004,37.21,N001038,5489.2,N000999,S156,85.0,37.73,0
N007168,S006,37.2,N007488,5777.8,N007474,S170,75.7,36.48,0
N003444,S005,37.19,N003404,568.7,N003126,S011,1456.2,22.86,0
N005656,S005,37.16,N002822,8766.2,N002836,S092,81.5,37.72,0
N005090,S005,37.12,N002822,7456.2,N002836,S092,81.5,37.68,0
N005640,S005,37.11,N002822,8676.3,N002836,S092,81.5,37.67,0
N004880,S005,37.1,N002822,7101.3,N002836,S092,81.5,37.66,0
N005029,S005,37.1,N002822,7360.7,N002836,S092,81.5,37.66,0
N001368,S003,37.06,N003270,5285.9,N003298,S160,116.2,37.22,0
N005863,S005,37.06,N002822,9019.9,N002836,S092,81.5,37.62,0
N005673,S005,37.03,N002822,8949.5,N002836,S092,81.5,37.59,0
N007165,S006,36.98,N007488,5692.0,N007474,S170,75.7,36.26,0
N005761,S005,36.97,N002822,8881.9,N002836,S092,81.5,37.52,0
N003411,S005,36.88,N003404,464.2,N003126,S011,1456.2,22.55,0
N005679,S005,36.84,N002822,8898.4,N002836,S092,81.5,37.4,0
N005195,S005,36.83,N002822,7359.7,N002836,S092,81.5,37.39,0
N006020,S001,36.81,N006365,992.0,N006337,S010,1065.6,11.74,0
N005630,S005,36.78,N002822,8626.2,N002836,S092,81.5,37.34,0
N006881,S014,36.78,N007524,4971.0,N007564,S006,102.0,38.29,0
N005814,S005,36.74,N002822,8966.9,N002836,S092,81.5,37.3,0
N000431,S004,36.72,N001038,6062.0,N000999,S156,85.0,37.23,0
N005707,S005,36.72,N002822,8791.8,N002836,S092,81.5,37.27,0
N004795,S005,36.71,N002822,6590.9,N002836,S092,81.5,37.27,0
N001090,S003,36.7,N003270,4651.2,N003298,S160,116.2,36.86,0
N007119,S006,36.63,N007488,5345.8,N007474,S170,75.7,35.91,0
N007136,S006,36.59,N007488,5452.9,N007474,S170,75.7,35.87,0
N003474,S005,36.58,N003404,495.8,N003126,S011,1456.2,22.25,0
N005182,S005,36.58,N002822,7270.6,N002836,S092,81.5,37.14,0
N007183,S006,36.58,N007488,5563.2,N007474,S170,75.7,35.86,0
N007186,S006,36.58,N007488,5587.9,N007474,S170,75.7,35.86,0
N007138,S006,36.53,N007488,5540.4,N007474,S170,75.7,35.81,0
N000988,S003,36.51,N003270,4775.1,N003298,S160,116.2,36.67,0
N005601,S005,36.5,N002822,8520.6,N002836,S092,81.5,37.06,0
N004672,S005,36.48,N002822,6483.5,N002836,S092,81.5,37.04,0
N000870,S003,36.46,N003270,5811.1,N003298,S160,116.2,36.62,0
N004983,S005,36.44,N002822,7080.7,N002836,S092,81.5,37.0,0
N005167,S005,36.36,N002822,7219.1,N002836,S092,81.5,36.92,0
N007160,S006,36.3,N007488,5423.6,N007474,S170,75.7,35.58,0
N001626,S004,36.22,N001038,5672.7,N000999,S156,85.0,36.73,0
N005144,S005,36.22,N002822,7108.2,N002836,S092,81.5,36.78,0
N001140,S003,36.21,N003270,4657.2,N003298,S160,116.2,36.37,0
N003430,S005,36.21,N003404,372.9,N003126,S011,1456.2,21.87,0
N005996,S005,36.21,N002822,9505.1,N002836,S092,81.5,36.77,0
N005345,S005,36.19,N002822,8126.2,N002836,S092,81.5,36.75,0
N005668,S005,36.18,N002822,8652.6,N002836,S092,81.5,36.73,0
N005021,S005,36.17,N002822,7082.5,N002836,S092,81.5,36.73,0
N005117,S005,36.13,N002822,7489.8,N002836,S092,81.5,36.69,0
N006077,S001,36.12,N006365,879.8,N006337,S010,1065.6,11.05,0
N007150,S006,36.12,N007488,5341.2,N007474,S170,75.7,35.4,0
N005568,S005,36.04,N002822,8442.6,N002836,S092,81.5,36.6,0
N006123,S001,36.04,N006365,1049.2,N006337,S010,1065.6,10.97,0
N000466,S016,36.01,N001062,2486.8,N001118,S007,214.1,34.42,0
N001094,S003,36.01,N003270,4557.6,N003298,S160,116.2,36.17,0
N007021,S014,35.99,N007524,4707.6,N007564,S006,102.0,37.5,0
N000967,S003,35.96,N003270,4757.6,N003298,S160,116.2,36.12,0
N006962,S014,35.95,N007524,4524.9,N007564,S006,102.0,37.46,0
N005181,S005,35.9,N002822,7361.3,N002836,S092,81.5,36.46,0
N006078,S001,35.9,N006365,965.5,N006337,S010,1065.6,10.83,0
N006092,S001,35.9,N006365,721.8,N006337,S010,1065.6,10.83,0
N000905,S003,35.89,N003270,5677.1,N003298,S160,116.2,36.05,0
N001456,S003,35.87,N003270,5209.6,N003298,S160,116.2,36.03,0
N005389,S005,35.87,N002822,8136.6,N002836,S092,81.5,36.43,0
N000494,S021,35.86,N001886,4001.9,N001826,S040,222.7,35.92,0
N004661,S005,35.85,N002822,5776.8,N002836,S092,81.5,36.41,0
N004767,S005,35.82,N002822,6176.7,N002836,S092,81.5,36.38,0
N005360,S005,35.82,N002822,8064.0,N002836,S092,81.5,36.38,0
N005092,S005,35.78,N002822,7350.4,N002836,S092,81.5,36.33,0
N005142,S005,35.77,N002822,7563.6,N002836,S092,81.5,36.33,0
N007006,S014,35.74,N007524,4595.6,N007564,S006,102.0,37.25,0
N001138,S003,35.73,N003270,4565.7,N003298,S160,116.2,35.89,0
N000471,S016,35.72,N001062,2399.1,N001118,S007,214.1,34.12,0
N005586,S005,35.69,N002822,8588.9,N002836,S092,81.5,36.24,0
N004690,S005,35.68,N002822,5862.2,N002836,S092,81.5,36.24,0
N004742,S005,35.67,N002822,6058.8,N002836,S092,81.5,36.23,0
N007014,S014,35.67,N007524,4511.4,N007564,S006,102.0,37.18,0
N000489,S004,35.66,N001038,5775.3,N000999,S156,85.0,36.18,0
N007132,S006,35.64,N007488,5368.0,N007474,S170,75.7,34.92,0
N004127,S005,35.63,N002822,5387.8,N002836,S092,81.5,36.19,0
N004654,S005,35.63,N002822,6642.6,N002836,S092,81.5,36.18,0
N007027,S014,35.63,N007524,4602.7,N007564,S006,102.0,37.14,0
N007125,S006,35.63,N007488,5208.8,N007474,S170,75.7,34.91,0
N007149,S006,35.6,N007488,5254.4,N007474,S170,75.7,34.88,0
N004725,S005,35.59,N002822,6640.3,N002836,S092,81.5,36.15,0
N005153,S005,35.59,N002822,7219.5,N002836,S092,81.5,36.15,0
N006866,S014,35.58,N007524,5251.2,N007564,S006,102.0,37.09,0
N000961,S003,35.52,N003270,5707.9,N003298,S160,116.2,35.68,0
N000427,S004,35.51,N001038,5869.5,N000999,S156,85.0,36.03,0
N001562,S004,35.49,N001038,5542.2,N000999,S156,85.0,36.0,0
N003450,S005,35.49,N003404,291.9,N003126,S011,1456.2,21.16,0
N006988,S014,35.47,N007524,4408.4,N007564,S006,102.0,36.98,0
N004509,S005,35.42,N002822,5454.6,N002836,S092,81.5,35.98,0
N004680,S005,35.42,N002822,6240.3,N002836,S092,81.5,35.98,0
N000541,S004,35.37,N001038,6225.8,N000999,S156,85.0,35.89,0
N004594,S005,35.37,N002822,6218.1,N002836,S092,81.5,35.92,0
N004590,S005,35.36,N002822,5593.2,N002836,S092,81.5,35.92,0
N004822,S005,35.34,N002822,6370.2,N002836,S092,81.5,35.9,0
N004835,S005,35.29,N002822,6424.8,N002836,S092,81.5,35.85,0
N001098,S003,35.26,N003270,4480.7,N003298,S160,116.2,35.43,0
N000964,S003,35.24,N003270,5421.8,N003298,S160,116.2,35.4,0
X000138,S005,35.2,N002822,7541.3,N002836,S092,81.5,35.76,0
N000493,S016,35.18,N001062,2286.6,N001118,S007,214.1,33.58,0
N000990,S003,35.18,N003270,4684.3,N003298,S160,116.2,35.34,0
N007034,S014,35.13,N007524,4534.4,N007564,S006,102.0,36.64,0
N000416,S007,35.11,N001225,3519.4,N001502,S043,489.5,32.81,0
N004803,S005,35.1,N002822,6990.9,N002836,S092,81.5,35.66,0
N004836,S005,35.1,N002822,6709.0,N002836,S092,81.5,35.65,0
N004508,S005,35.09,N002822,5968.4,N002836,S092,81.5,35.64,0
N000395,S007,35.08,N000395,0.0,N000400,S004,838.5,14.15,0
N005413,S005,35.08,N002822,8031.2,N002836,S092,81.5,35.64,0
N001439,S003,35.07,N003270,5205.2,N003298,S160,116.2,35.23,0
N005514,S005,35.06,N002822,8322.4,N002836,S092,81.5,35.62,0
N000945,S003,35.01,N003270,5907.2,N003298,S160,116.2,35.17,0
N004164,S005,35.01,N002822,5310.5,N002836,S092,81.5,35.57,0
N004685,S005,34.97,N002822,6751.9,N002836,S092,81.5,35.52,0
N000506,S004,34.94,N001038,5875.5,N000999,S156,85.0,35.45,0
N004746,S005,34.94,N002822,6651.2,N002836,S092,81.5,35.5,0
N000457,S007,34.92,N001225,3650.2,N001502,S043,489.5,32.63,0
N004878,S005,34.92,N002822,6538.0,N002836,S092,81.5,35.48,0
N004726,S005,34.9,N002822,6676.8,N002836,S092,81.5,35.46,0
N000318,S007,34.89,N001225,3102.4,N001502,S043,489.5,32.6,0
N000417,S007,34.88,N001225,3826.2,N001502,S043,489.5,32.59,0
N000520,S021,34.86,N001886,3952.1,N001826,S040,222.7,34.92,0
N000538,S021,34.85,N001886,3863.8,N001826,S040,222.7,34.91,0
N001015,S003,34.85,N003270,4638.4,N003298,S160,116.2,35.01,0
N003506,S005,34.81,N003404,286.2,N003126,S011,1456.2,20.47,0
N004867,S005,34.78,N002822,6493.7,N002836,S092,81.5,35.34,0
N005187,S005,34.76,N002822,7542.0,N002836,S092,81.5,35.32,0
N004193,S005,34.75,N002822,5266.0,N002836,S092,81.5,35.31,0
N000485,S016,34.74,N001062,2306.3,N001118,S007,214.1,33.15,0
N006995,S014,34.74,N007524,4320.0,N007564,S006,102.0,36.25,0
X000137,S005,34.72,N002822,7320.8,N002836,S092,81.5,35.28,0
N004702,S005,34.71,N002822,6433.0,N002836,S092,81.5,35.27,0
N005115,S005,34.7,N002822,7312.5,N002836,S092,81.5,35.26,0
N004942,S005,34.68,N002822,7003.7,N002836,S092,81.5,35.24,0
N001374,S003,34.66,N003270,5079.3,N003298,S160,116.2,34.82,0
N007148,S006,34.65,N007488,5114.5,N007474,S170,75.7,33.93,0
N005118,S005,34.64,N002822,7327.1,N002836,S092,81.5,35.2,0
N000597,S004,34.63,N001038,6436.2,N000999,S156,85.0,35.15,0
N004675,S005,34.62,N002822,6385.6,N002836,S092,81.5,35.18,0
N003404,S005,34.61,N003404,0.0,N003126,S011,1456.2,20.28,0
N001144,S003,34.6,N003270,4319.7,N003298,S160,116.2,34.76,0
N004707,S005,34.58,N002822,6546.6,N002836,S092,81.5,35.14,0
N005372,S005,34.58,N002822,7929.9,N002836,S092,81.5,35.14,0
N003475,S005,34.55,N003404,195.6,N003126,S011,1456.2,20.21,0
N004811,S005,34.54,N002822,7043.6,N002836,S092,81.5,35.1,0
N004837,S005,34.52,N002822,6473.4,N002836,S092,81.5,35.08,0
N006998,S014,34.52,N007524,4235.5,N007564,S006,102.0,36.03,0
N000319,S007,34.51,N001225,2906.7,N001502,S043,489.5,32.22,0
N000534,S007,34.51,N001225,4122.3,N001502,S043,489.5,32.22,0
N000448,S004,34.5,N001038,4955.7,N000999,S156,85.0,35.02,0
N000502,S007,34.5,N001225,3809.4,N001502,S043,489.5,32.21,0
N000500,S007,34.48,N001225,3947.1,N001502,S043,489.5,32.19,0
N000567,S007,34.47,N001225,4115.2,N001502,S043,489.5,32.18,0
N000623,S007,34.47,N001225,4372.9,N001502,S043,489.5,32.18,0
N004935,S005,34.47,N002822,6656.1,N002836,S092,81.5,35.03,0
N000992,S003,34.44,N003270,5306.9,N003298,S160,116.2,34.6,0
N001099,S003,34.44,N003270,4340.2,N003298,S160,116.2,34.61,0
N001054,S003,34.43,N003270,4557.3,N003298,S160,116.2,34.59,0
N005111,S005,34.42,N002822,7270.4,N002836,S092,81.5,34.98,0
N000535,S007,34.41,N001225,4029.6,N001502,S043,489.5,32.12,0
N001398,S003,34.4,N003270,5091.5,N003298,S160,116.2,34.57,0
N005043,S005,34.37,N002822,6999.4,N002836,S092,81.5,34.92,0
N004826,S005,34.34,N002822,7010.3,N002836,S092,81.5,34.9,0
N004981,S005,34.32,N002822,6638.7,N002836,S092,81.5,34.88,0
X000025,S005,34.31,N002822,6533.2,N002836,S092,81.5,34.87,0
N001127,S004,34.3,N001038,5107.3,N000999,S156,85.0,34.81,0
N005080,S005,34.3,N002822,7179.5,N002836,S092,81.5,34.86,0
N004202,S005,34.29,N002822,5086.4,N002836,S092,81.5,34.85,0
N000519,S016,34.28,N001062,2198.0,N001118,S007,214.1,32.68,0
N000657,S007,34.28,N001225,4463.0,N001502,S043,489.5,31.99,0
N000468,S004,34.27,N001038,5689.5,N000999,S156,85.0,34.78,0
N001012,S003,34.24,N003270,5534.1,N003298,S160,116.2,34.4,0
N007159,S006,34.22,N007488,5033.1,N007474,S170,75.7,33.5,0
N004892,S005,34.19,N002822,6860.3,N002836,S092,81.5,34.75,0
N005051,S005,34.17,N002822,7059.0,N002836,S092,81.5,34.73,0
N004798,S005,34.16,N002822,7006.3,N002836,S092,81.5,34.71,0
N000496,S016,34.13,N001062,2221.1,N001118,S007,214.1,32.54,0
N005156,S005,34.13,N002822,7599.5,N002836,S092,81.5,34.69,0
N004915,S005,34.11,N002822,6919.1,N002836,S092,81.5,34.67,0
N001145,S003,34.09,N003270,4172.2,N003298,S160,116.2,34.25,0
N004769,S005,34.09,N002822,6599.9,N002836,S092,81.5,34.65,0
N004908,S005,34.09,N002822,7192.5,N002836,S092,81.5,34.65,0
N001102,S003,34.08,N003270,4461.3,N003298,S160,116.2,34.24,0
N005137,S005,34.05,N002822,7405.3,N002836,S092,81.5,34.61,0
N003416,S005,34.03,N003403,925.2,N003085,S011,1023.3,22.22,0
N001383,S003,34.02,N003270,5053.6,N003298,S160,116.2,34.18,0
N004848,S005,33.95,N002822,6443.2,N002836,S092,81.5,34.51,0
N000333,S007,33.87,N001225,2818.6,N001502,S043,489.5,31.57,0
N004979,S005,33.86,N002822,6608.5,N002836,S092,81.5,34.42,0
N000377,S007,33.85,N001225,3059.4,N001502,S043,489.5,31.56,0
N004931,S005,33.84,N002822,6842.4,N002836,S092,81.5,34.39,0
N000492,S004,33.82,N001038,5593.7,N000999,S156,85.0,34.33,0
N005171,S005,33.78,N002822,7677.6,N002836,S092,81.5,34.34,0
N000536,S007,33.77,N001225,3892.0,N001502,S043,489.5,31.48,0
N000624,S007,33.75,N001225,4278.6,N001502,S043,489.5,31.46,0
N001363,S003,33.75,N003270,5010.8,N003298,S160,116.2,33.91,0
N000527,S016,33.74,N001062,2120.3,N001118,S007,214.1,32.15,0
N001148,S003,33.74,N003270,4241.5,N003298,S160,116.2,33.9,0
N000461,S007,33.73,N001225,3572.7,N001502,S043,489.5,31.44,0
N000422,S004,33.71,N001038,6010.3,N000999,S156,85.0,34.23,0
N001338,S003,33.69,N003270,5007.0,N003298,S160,116.2,33.85,0
N000320,S007,33.67,N001225,3177.4,N001502,S043,489.5,31.38,0
N004547,S005,33.66,N002822,5684.6,N002836,S092,81.5,34.22,0
N004781,S005,33.66,N002822,6906.1,N002836,S092,81.5,34.22,0
N000566,S007,33.64,N001225,4207.7,N001502,S043,489.5,31.35,0
N000462,S007,33.63,N001225,3512.6,N001502,S043,489.5,31.34,0
N004736,S005,33.62,N002822,6709.3,N002836,S092,81.5,34.18,0
N004737,S005,33.6,N002822,6497.7,N002836,S092,81.5,34.16,0
N000501,S007,33.58,N001225,3886.9,N001502,S043,489.5,31.29,0
N004713,S005,33.58,N002822,6422.5,N002836,S092,81.5,34.13,0
N000442,S007,33.55,N001225,3731.8,N001502,S043,489.5,31.26,0
N004843,S005,33.55,N002822,6933.3,N002836,S092,81.5,34.11,0
N000578,S021,33.54,N001886,3726.8,N001826,S040,222.7,33.59,0
N004925,S005,33.54,N002822,6788.3,N002836,S092,81.5,34.1,0
N000524,S016,33.52,N001062,2139.0,N001118,S007,214.1,31.92,0
N005060,S005,33.5,N002822,6676.3,N002836,S092,81.5,34.06,0
N000537,S004,33.48,N001038,5588.0,N000999,S156,85.0,34.0,0
N003421,S005,33.47,N003403,888.2,N003085,S011,1023.3,21.66,0
N000568,S007,33.46,N001225,4055.7,N001502,S043,489.5,31.17,0
N001100,S003,33.44,N003270,5592.0,N003298,S160,116.2,33.6,0
N000626,S007,33.42,N001225,4142.3,N001502,S043,489.5,31.13,0
N005034,S005,33.42,N002822,6749.6,N002836,S092,81.5,33.98,0
N001194,S003,33.41,N003270,4098.1,N003298,S160,116.2,33.58,0
N000553,S004,33.4,N001038,6274.2,N000999,S156,85.0,33.91,0
N001532,S003,33.4,N003270,4736.6,N003298,S160,116.2,33.56,0
N000424,S004,33.37,N001038,5962.5,N000999,S156,85.0,33.88,0
N000437,S007,33.36,N001225,3334.6,N001502,S043,489.5,31.07,0
N004964,S005,33.36,N002822,6330.8,N002836,S092,81.5,33.92,0
N000517,S004,33.31,N001038,4869.4,N000999,S156,85.0,33.82,0
N004922,S005,33.31,N002822,6805.4,N002836,S092,81.5,33.87,0
X000031,S005,33.3,N002822,6200.8,N002836,S092,81.5,33.86,0
N000625,S007,33.29,N001225,4219.5,N001502,S043,489.5,30.99,0
N001019,S003,33.28,N003270,5500.1,N003298,S160,116.2,33.44,0
N001058,S003,33.28,N003270,5113.3,N003298,S160,116.2,33.44,0
N004994,S005,33.28,N002822,6835.6,N002836,S092,81.5,33.83,0
N001199,S003,33.25,N003270,4169.3,N003298,S160,116.2,33.41,0
N001036,S003,33.22,N003270,5465.6,N003298,S160,116.2,33.38,0
N004936,S005,33.18,N002822,6275.8,N002836,S092,81.5,33.74,0
N004865,S005,33.17,N002822,6907.0,N002836,S092,81.5,33.73,0
N000569,S007,33.16,N001225,3977.2,N001502,S043,489.5,30.87,0
N005022,S005,33.15,N002822,6432.1,N002836,S092,81.5,33.71,0
N004863,S005,33.14,N002822,6460.1,N002836,S092,81.5,33.7,0
X000097,S014,33.11,N007524,5155.2,N007564,S006,102.0,34.62,0
N005073,S005,33.09,N002822,6627.1,N002836,S092,81.5,33.65,0
N000349,S007,33.08,N001225,2731.6,N001502,S043,489.5,30.79,0
N001209,S003,33.08,N003270,4186.0,N003298,S160,116.2,33.24,0
N000570,S004,33.06,N001038,5483.6,N000999,S156,85.0,33.58,0
N004985,S005,33.05,N002822,6919.1,N002836,S092,81.5,33.61,0
N007047,S014,33.05,N007524,3982.6,N007564,S006,102.0,34.56,0
N005036,S005,33.03,N002822,6464.7,N002836,S092,81.5,33.59,0
N004932,S005,33.01,N002822,6460.1,N002836,S092,81.5,33.57,0
X000030,S005,33.0,N002822,7034.0,N002836,S092,81.5,33.55,0
N001084,S003,32.99,N003270,5055.3,N003298,S160,116.2,33.16,0
N004797,S005,32.99,N002822,6660.8,N002836,S092,81.5,33.55,0
N004920,S005,32.99,N002822,6615.1,N002836,S092,81.5,33.55,0
N000540,S004,32.98,N001038,5386.8,N000999,S156,85.0,33.5,0
N001331,S003,32.98,N003270,4272.6,N003298,S160,116.2,33.14,0
N000545,S016,32.97,N001062,2056.8,N001118,S007,214.1,31.38,0
N004724,S005,32.97,N002822,6573.1,N002836,S092,81.5,33.53,0
N005157,S005,32.97,N002822,7483.4,N002836,S092,81.5,33.53,0
N006946,S014,32.97,N007524,4501.5,N007564,S006,102.0,34.48,0
N007201,S006,32.96,N007488,4926.8,N007474,S170,75.7,32.24,0
N000441,S007,32.95,N001225,3425.6,N001502,S043,489.5,30.66,0
N001207,S003,32.95,N003270,4278.0,N003298,S160,116.2,33.11,0
N004816,S005,32.95,N002822,6628.3,N002836,S092,81.5,33.51,0
N000418,S007,32.94,N001225,2939.8,N001502,S043,489.5,30.65,0
N000557,S016,32.94,N001062,2042.0,N001118,S007,214.1,31.35,0
N000332,S007,32.92,N001225,3089.5,N001502,S043,489.5,30.63,0
N001335,S003,32.92,N003270,4949.4,N003298,S160,116.2,33.08,0
N004886,S005,32.92,N002822,6466.6,N002836,S092,81.5,33.48,0
N001172,S004,32.89,N001038,4920.2,N000999,S156,85.0,33.4,0
X000045,S007,32.83,N001225,3628.5,N001502,S043,489.5,30.53,0
N001306,S003,32.82,N003270,4962.6,N003298,S160,116.2,32.98,0
N004883,S005,32.79,N002822,6182.3,N002836,S092,81.5,33.35,0
N004941,S005,32.78,N002822,6562.6,N002836,S092,81.5,33.34,0
N000463,S007,32.74,N001225,3419.9,N001502,S043,489.5,30.45,0
N000518,S004,32.74,N001038,5492.3,N000999,S156,85.0,33.25,0
N004687,S005,32.7,N002822,6341.6,N002836,S092,81.5,33.26,0
N005075,S005,32.69,N002822,6585.1,N002836,S092,81.5,33.25,0
N001244,S003,32.66,N003270,5016.5,N003298,S160,116.2,32.82,0
N004874,S005,32.65,N002822,6344.8,N002836,S092,81.5,33.21,0
N001278,S003,32.64,N003270,4969.2,N003298,S160,116.2,32.8,0
N004755,S005,32.6,N002822,6654.7,N002836,S092,81.5,33.16,0
N005012,S005,32.6,N002822,7180.6,N002836,S092,81.5,33.16,0
N007202,S006,32.6,N007488,4864.5,N007474,S170,75.7,31.88,0
X000004,S005,32.57,N002822,6399.6,N002836,S092,81.5,33.13,0
N000363,S007,32.53,N001225,2645.9,N001502,S043,489.5,30.24,0
N000376,S007,32.51,N001225,2970.5,N001502,S043,489.5,30.22,0
N001284,S003,32.51,N003270,4938.1,N003298,S160,116.2,32.67,0
N000581,S004,32.5,N001038,6375.0,N000999,S156,85.0,33.01,0
N004806,S005,32.5,N002822,6080.7,N002836,S092,81.5,33.06,0
N005077,S005,32.5,N002822,6591.8,N002836,S092,81.5,33.06,0
N000452,S004,32.49,N001038,5818.6,N000999,S156,85.0,33.0,0
N000617,S021,32.47,N001886,3597.2,N001826,S040,222.7,32.53,0
N000503,S004,32.45,N001038,4779.7,N000999,S156,85.0,32.96,0
N001285,S003,32.45,N003270,4927.4,N003298,S160,116.2,32.61,0
N000592,S004,32.43,N001038,5210.3,N000999,S156,85.0,32.95,0
N007185,S006,32.43,N007488,4868.5,N007474,S170,75.7,31.71,0
N001314,S003,32.42,N003270,4918.0,N003298,S160,116.2,32.58,0
N004992,S005,32.41,N002822,7088.5,N002836,S092,81.5,32.97,0
N004982,S005,32.32,N002822,6569.8,N002836,S092,81.5,32.88,0
N000364,S007,32.31,N001225,2739.4,N001502,S043,489.5,30.02,0
N005070,S005,32.31,N002822,6687.2,N002836,S092,81.5,32.87,0
N001271,S003,32.3,N003270,4020.5,N003298,S160,116.2,32.46,0
N001294,S003,32.28,N003270,4883.1,N003298,S160,116.2,32.44,0
N005076,S005,32.28,N002822,6536.4,N002836,S092,81.5,32.84,0
N000348,S007,32.26,N001225,3002.5,N001502,S043,489.5,29.97,0
N000565,S004,32.24,N001038,5293.5,N000999,S156,85.0,32.75,0
N004955,S005,32.24,N002822,7404.1,N002836,S092,81.5,32.79,0
N004928,S005,32.23,N002822,6784.2,N002836,S092,81.5,32.79,0
N000586,S016,32.18,N001062,1957.5,N001118,S007,214.1,30.58,0
N004828,S005,32.18,N002822,6110.9,N002836,S092,81.5,32.74,0
N005055,S005,32.18,N002822,6504.8,N002836,S092,81.5,32.73,0
N004998,S005,32.17,N002822,6769.0,N002836,S092,81.5,32.73,0
N004971,S005,32.14,N002822,6852.2,N002836,S092,81.5,32.7,0
N005164,S005,32.14,N002822,7589.1,N002836,S092,81.5,32.7,0
N004952,S005,32.1,N002822,6912.6,N002836,S092,81.5,32.66,0
N004838,S005,32.09,N002822,6512.9,N002836,S092,81.5,32.65,0
X000139,S005,32.09,N002822,6921.4,N002836,S092,81.5,32.65,0
N000572,S016,32.04,N001062,1970.7,N001118,S007,214.1,30.44,0
N006957,S014,32.03,N007524,4264.3,N007564,S006,102.0,33.54,0
N005057,S005,32.02,N002822,6555.2,N002836,S092,81.5,32.58,0
N001236,S003,32.01,N003270,4903.5,N003298,S160,116.2,32.18,0
N001348,S003,32.0,N003270,4761.6,N003298,S160,116.2,32.16,0
N000380,S007,31.93,N001225,2581.3,N001502,S043,489.5,29.64,0
N001266,S003,31.92,N003270,4833.9,N003298,S160,116.2,32.08,0
N007203,S006,31.92,N007488,4782.4,N007474,S170,75.7,31.2,0
N000595,S004,31.9,N001038,5125.1,N000999,S156,85.0,32.42,0
N004997,S005,31.9,N002822,6634.6,N002836,S092,81.5,32.45,0
N001268,S003,31.88,N003270,3950.1,N003298,S160,116.2,32.04,0
N005028,S005,31.88,N002822,7258.8,N002836,S092,81.5,32.44,0
N001366,S003,31.83,N003270,3941.2,N003298,S160,116.2,31.99,0
X000007,S005,31.83,N002822,6719.0,N002836,S092,81.5,32.38,0
N000434,S007,31.81,N001225,3247.0,N001502,S043,489.5,29.52,0
N001617,S003,31.77,N003270,4587.9,N003298,S160,116.2,31.93,0
N004841,S005,31.75,N002822,6637.9,N002836,S092,81.5,32.31,0
X000013,S005,31.75,N002822,6746.3,N002836,S092,81.5,32.31,0
N000366,S007,31.74,N001225,2916.0,N001502,S043,489.5,29.45,0
N000533,S007,31.72,N001225,3011.8,N001502,S043,489.5,29.43,0
N004839,S005,31.72,N002822,6146.3,N002836,S092,81.5,32.27,0
X000024,S005,31.71,N002822,6804.5,N002836,S092,81.5,32.27,0
N000458,S007,31.65,N001225,3163.0,N001502,S043,489.5,29.36,0
N005003,S005,31.65,N002822,7049.8,N002836,S092,81.5,32.21,0
N001269,S004,31.63,N001038,4724.1,N000999,S156,85.0,32.15,0
N004924,S005,31.62,N002822,6439.2,N002836,S092,81.5,32.18,0
N004960,S005,31.62,N002822,6943.3,N002836,S092,81.5,32.18,0
N005475,S005,31.62,N002822,7127.3,N002836,S092,81.5,32.17,0
X000136,S005,31.57,N002822,7065.5,N002836,S092,81.5,32.13,0
N000483,S007,31.53,N001225,2951.3,N001502,S043,489.5,29.24,0
N000365,S007,31.5,N001225,2823.3,N001502,S043,489.5,29.21,0
N005010,S005,31.47,N002822,6653.0,N002836,S092,81.5,32.03,0
N000606,S016,31.46,N001062,1874.8,N001118,S007,214.1,29.87,0
N004899,S005,31.46,N002822,6414.7,N002836,S092,81.5,32.02,0
N004768,S005,31.45,N002822,6775.6,N002836,S092,81.5,32.01,0
N001350,S003,31.44,N003270,4703.5,N003298,S160,116.2,31.6,0
N000491,S004,31.43,N001038,5598.4,N000999,S156,85.0,31.95,0
N000620,S004,31.42,N001038,5070.3,N000999,S156,85.0,31.93,0
N005107,S005,31.4,N002822,6663.0,N002836,S092,81.5,31.96,0
N000601,S004,31.39,N001038,5167.7,N000999,S156,85.0,31.9,0
N007235,S006,31.39,N007488,4749.6,N007474,S170,75.7,30.67,0
X000052,S003,31.38,N003270,5097.6,N003298,S160,116.2,31.54,0
N000505,S004,31.37,N001038,5690.9,N000999,S156,85.0,31.88,0
N004984,S005,31.36,N002822,6934.2,N002836,S092,81.5,31.92,0
X000053,S003,31.34,N003270,5639.1,N003298,S160,116.2,31.5,0
N001355,S003,31.33,N003270,4781.4,N003298,S160,116.2,31.49,0
N001283,S003,31.29,N003270,4852.4,N003298,S160,116.2,31.45,0
N005027,S005,31.29,N002822,6832.6,N002836,S092,81.5,31.85,0
N000390,S007,31.24,N001225,2495.0,N001502,S043,489.5,28.94,0
N001644,S003,31.21,N003270,4510.3,N003298,S160,116.2,31.37,0
N005074,S005,31.21,N002822,7173.3,N002836,S092,81.5,31.77,0
N001435,S003,31.19,N003270,4597.6,N003298,S160,116.2,31.35,0
N001353,S003,31.16,N003270,4734.0,N003298,S160,116.2,31.32,0
N006953,S014,31.16,N007524,4348.5,N007564,S006,102.0,32.66,0
N001287,S004,31.15,N001038,4683.2,N000999,S156,85.0,31.66,0
N004850,S005,31.14,N002822,6305.5,N002836,S092,81.5,31.7,0
N003480,S005,31.09,N003403,650.4,N003085,S011,1023.3,19.27,0
N001569,S003,31.08,N003270,4505.2,N003298,S160,116.2,31.24,0
N007009,S014,31.05,N007524,3963.2,N007564,S006,102.0,32.56,0
N000604,S016,31.04,N001062,1886.8,N001118,S007,214.1,29.45,0
N001257,S004,31.04,N001038,4735.9,N000999,S156,85.0,31.55,0
N004758,S005,31.04,N002822,5969.3,N002836,S092,81.5,31.6,0
N005041,S005,31.02,N002822,7110.2,N002836,S092,81.5,31.58,0
N000539,S004,31.0,N001038,5820.0,N000999,S156,85.0,31.51,0
N000473,S007,30.99,N001225,3099.2,N001502,S043,489.5,28.7,0
N001489,S003,30.98,N003270,4520.8,N003298,S160,116.2,31.14,0
N004161,S005,30.95,N002822,4955.0,N002836,S092,81.5,31.5,0
N004902,S005,30.93,N002822,6845.3,N002836,S092,81.5,31.49,0
N000486,S004,30.82,N001038,5669.7,N000999,S156,85.0,31.34,0
N000634,S016,30.82,N001062,1759.1,N001118,S007,214.1,29.22,0
N007234,S006,30.82,N007488,4651.6,N007474,S170,75.7,30.1,0
N000717,S004,30.81,N001038,4701.2,N000999,S156,85.0,31.33,0
N001433,S003,30.79,N003270,4539.5,N003298,S160,116.2,30.95,0
N000476,S004,30.77,N001038,5641.9,N000999,S156,85.0,31.29,0
N001322,S003,30.69,N003270,3773.4,N003298,S160,116.2,30.85,0
N000426,S007,30.64,N001225,2716.1,N001502,S043,489.5,28.35,0
N001661,S003,30.63,N003270,4001.9,N003298,S160,116.2,30.79,0
N001407,S003,30.62,N003270,3802.9,N003298,S160,116.2,30.78,0
N006947,S014,30.59,N007524,4428.3,N007564,S006,102.0,32.1,0
N007257,S006,30.58,N007488,4622.1,N007474,S170,75.7,29.86,0
N007239,S018,30.54,N007641,3378.3,N007605,S143,183.7,30.96,0
N000588,S016,30.51,N001062,1799.5,N001118,S007,214.1,28.91,0
N000665,S016,30.49,N001062,1756.8,N001118,S007,214.1,28.9,0
N001440,S003,30.47,N003270,3718.3,N003298,S160,116.2,30.63,0
N000432,S007,30.42,N001225,2588.7,N001502,S043,489.5,28.13,0
N001377,S003,30.42,N003270,3768.1,N003298,S160,116.2,30.58,0
N001498,S003,30.42,N003270,4454.8,N003298,S160,116.2,30.58,0
N005048,S005,30.41,N002822,7095.6,N002836,S092,81.5,30.97,0
N000532,S007,30.4,N001225,2920.8,N001502,S043,489.5,28.11,0
N000652,S004,30.39,N001038,4933.5,N000999,S156,85.0,30.9,0
N001602,S003,30.38,N003270,4422.3,N003298,S160,116.2,30.54,0
N007023,S014,30.38,N007524,3885.5,N007564,S006,102.0,31.89,0
N000425,S007,30.37,N001225,2626.8,N001502,S043,489.5,28.08,0
N000559,S004,30.37,N001038,5311.3,N000999,S156,85.0,30.88,0
N000696,S004,30.34,N001038,4792.6,N000999,S156,85.0,30.86,0
N000415,S007,30.33,N001225,2497.5,N001502,S043,489.5,28.04,0
N005110,S005,30.31,N002822,6961.3,N002836,S092,81.5,30.86,0
N000472,S007,30.27,N001225,3012.8,N001502,S043,489.5,27.98,0
N000636,S016,30.25,N001062,1786.7,N001118,S007,214.1,28.65,0
N005032,S005,30.25,N002822,7022.7,N002836,S092,81.5,30.81,0
N000413,S007,30.24,N001225,2602.0,N001502,S043,489.5,27.95,0
N001328,S004,30.23,N001038,4593.6,N000999,S156,85.0,30.75,0
N004792,S005,30.22,N002822,6517.5,N002836,S092,81.5,30.78,0
N000409,S007,30.21,N001225,2408.5,N001502,S043,489.5,27.92,0
N004834,S005,30.21,N002822,6249.6,N002836,S092,81.5,30.76,0
N004831,S005,30.2,N002822,6187.7,N002836,S092,81.5,30.76,0
N004914,S005,30.16,N002822,6402.8,N002836,S092,81.5,30.71,0
X000009,S005,30.12,N002822,6497.8,N002836,S092,81.5,30.68,0
N001415,S003,30.09,N003270,3692.6,N003298,S160,116.2,30.25,0
N000414,S007,30.05,N001225,2404.1,N001502,S043,489.5,27.75,0
N007008,S014,30.0,N007524,3988.7,N007564,S006,102.0,31.51,0
N000650,S016,29.99,N001062,1686.7,N001118,S007,214.1,28.39,0
N000610,S016,29.97,N001062,1715.1,N001118,S007,214.1,28.38,0
N004906,S005,29.88,N002822,6269.7,N002836,S092,81.5,30.44,0
N004882,S005,29.87,N002822,6715.0,N002836,S092,81.5,30.43,0
N004813,S005,29.8,N002822,6685.5,N002836,S092,81.5,30.36,0
N000515,S007,29.79,N001225,2859.3,N001502,S043,489.5,27.5,0
N001713,S003,29.78,N003270,4274.3,N003298,S160,116.2,29.94,0
N004800,S005,29.77,N002822,6718.4,N002836,S092,81.5,30.33,0
N001659,S003,29.76,N003270,3927.0,N003298,S160,116.2,29.92,0
N004855,S005,29.75,N002822,6762.1,N002836,S092,81.5,30.3,0
N004885,S005,29.72,N002822,6238.9,N002836,S092,81.5,30.28,0
N000408,S007,29.71,N001225,2323.9,N001502,S043,489.5,27.41,0
N000743,S004,29.69,N001038,4618.3,N000999,S156,85.0,30.2,0
N003706,S005,29.67,N003403,847.6,N003085,S011,1023.3,17.85,0
N008492,S006,29.66,N008477,1442.0,N008553,S013,348.5,26.59,0
N000379,S007,29.65,N001225,2337.9,N001502,S043,489.5,27.35,0
N000645,S016,29.63,N001062,1756.0,N001118,S007,214.1,28.04,0
N001515,S003,29.6,N003270,3696.0,N003298,S160,116.2,29.77,0
N000497,S007,29.59,N001225,3097.0,N001502,S043,489.5,27.3,0
N004866,S005,29.58,N002822,6200.2,N002836,S092,81.5,30.14,0
N001552,S003,29.53,N003270,4339.2,N003298,S160,116.2,29.69,0
N007287,S006,29.49,N007488,4589.1,N007474,S170,75.7,28.77,0
N000439,S007,29.46,N001225,2223.5,N001502,S043,489.5,27.17,0
N000716,S021,29.46,N001886,3289.3,N001826,S040,222.7,29.52,0
N001708,S003,29.45,N003270,4133.4,N003298,S160,116.2,29.61,0
N000630,S016,29.42,N001062,1616.5,N001118,S007,214.1,27.82,0
N001521,S003,29.42,N003270,3602.8,N003298,S160,116.2,29.58,0
N001452,S003,29.4,N003270,3627.2,N003298,S160,116.2,29.56,0
N003517,S005,29.36,N003403,457.6,N003085,S011,1023.3,17.54,0
N000498,S007,29.32,N001225,3002.9,N001502,S043,489.5,27.02,0
N000660,S016,29.27,N001062,1706.9,N001118,S007,214.1,27.68,0
N007270,S006,29.27,N007488,4445.5,N007474,S170,75.7,28.55,0
N001513,S003,29.26,N003270,4390.7,N003298,S160,116.2,29.43,0
N004832,S005,29.22,N002822,6217.4,N002836,S092,81.5,29.77,0
N000433,S007,29.2,N001225,2682.7,N001502,S043,489.5,26.91,0
N000470,S007,29.2,N001225,2918.7,N001502,S043,489.5,26.91,0
N000675,S016,29.18,N001062,1618.4,N001118,S007,214.1,27.59,0
N001774,S003,29.18,N003270,4198.7,N003298,S160,116.2,29.34,0
N000455,S007,29.14,N001225,2342.7,N001502,S043,489.5,26.85,0
N003484,S005,29.13,N003403,319.5,N003085,S011,1023.3,17.32,0
N000389,S007,29.11,N001225,2250.9,N001502,S043,489.5,26.82,0
N005058,S005,29.01,N002822,7075.5,N002836,S092,81.5,29.57,0
N008528,S006,29.01,N008477,1283.3,N008553,S013,348.5,25.93,0
N000513,S007,28.99,N001225,2766.4,N001502,S043,489.5,26.7,0
N001530,S003,28.99,N003270,3499.5,N003298,S160,116.2,29.15,0
N001586,S003,28.99,N003270,4264.1,N003298,S160,116.2,29.15,0
N007041,S014,28.97,N007524,3771.8,N007564,S006,102.0,30.48,0
N000438,S007,28.93,N001225,2174.7,N001502,S043,489.5,26.64,0
N005151,S005,28.93,N002822,6126.3,N002836,S092,81.5,29.49,0
N000460,S007,28.92,N001225,2768.1,N001502,S043,489.5,26.62,0
N000440,S007,28.91,N001225,2310.0,N001502,S043,489.5,26.62,0
N000459,S007,28.9,N001225,2855.7,N001502,S043,489.5,26.61,0
N000407,S007,28.86,N001225,2243.3,N001502,S043,489.5,26.57,0
X000011,S005,28.85,N002822,5998.3,N002836,S092,81.5,29.41,0
N000453,S007,28.83,N001225,2519.6,N001502,S043,489.5,26.54,0
N005309,S005,28.83,N002822,6703.5,N002836,S092,81.5,29.39,0
N000786,S021,28.81,N001886,3301.1,N001826,S040,222.7,28.86,0
N007268,S006,28.78,N007488,4379.8,N007474,S170,75.7,28.06,0
N007038,S014,28.74,N007524,3801.0,N007564,S006,102.0,30.25,0
N008510,S006,28.74,N008477,1364.9,N008553,S013,348.5,25.66,0
N001579,S003,28.73,N003270,3800.0,N003298,S160,116.2,28.89,0
N004805,S005,28.69,N002822,6326.9,N002836,S092,81.5,29.25,0
N001462,S003,28.68,N003270,3518.6,N003298,S160,116.2,28.84,0
N001933,S003,28.66,N003270,4053.1,N003298,S160,116.2,28.82,0
N004923,S005,28.65,N002822,6438.5,N002836,S092,81.5,29.2,0
N000396,S007,28.64,N001225,2191.7,N001502,S043,489.5,26.35,0
N000484,S007,28.58,N001225,2612.6,N001502,S043,489.5,26.29,0
N001783,S003,28.58,N003270,4113.3,N003298,S160,116.2,28.74,0
N000451,S007,28.56,N001225,3069.8,N001502,S043,489.5,26.27,0
N007005,S014,28.55,N007524,4046.6,N007564,S006,102.0,30.06,0
N000594,S004,28.51,N001038,4368.3,N000999,S156,85.0,29.03,0
N000649,S016,28.51,N001062,1532.7,N001118,S007,214.1,26.92,0
N000663,S016,28.51,N001062,1598.9,N001118,S007,214.1,26.92,0
N006986,S014,28.5,N007524,4219.5,N007564,S006,102.0,30.01,0
N006997,S014,28.49,N007524,4127.8,N007564,S006,102.0,30.0,0
N008513,S006,28.46,N008477,1183.6,N008553,S013,348.5,25.38,0
N001769,S003,28.43,N003270,4035.8,N003298,S160,116.2,28.59,0
N001547,S003,28.42,N003270,3506.2,N003298,S160,116.2,28.58,0
N000481,S007,28.41,N001225,2251.4,N001502,S043,489.5,26.12,0
N000406,S007,28.38,N001225,2164.0,N001502,S043,489.5,26.09,0
N005112,S005,28.38,N002822,6633.6,N002836,S092,81.5,28.94,0
N004926,S005,28.36,N002822,6660.5,N002836,S092,81.5,28.92,0
N000480,S007,28.34,N001225,2159.6,N001502,S043,489.5,26.05,0
N000405,S007,28.32,N001225,2177.0,N001502,S043,489.5,26.03,0
X000047,S007,28.3,N001225,2865.3,N001502,S043,489.5,26.01,0
N001539,S003,28.28,N003270,3413.4,N003298,S160,116.2,28.44,0
N000590,S007,28.26,N001225,3062.0,N001502,S043,489.5,25.97,0
N007002,S014,28.24,N007524,4067.7,N007564,S006,102.0,29.75,0
N000609,S004,28.21,N001038,4274.0,N000999,S156,85.0,28.72,0
N005089,S005,28.13,N002822,5930.4,N002836,S092,81.5,28.69,0
N004944,S005,28.11,N002822,6695.2,N002836,S092,81.5,28.67,0
N008460,S006,28.11,N008477,1090.3,N008553,S013,348.5,25.03,0
N006996,S014,28.08,N007524,4146.1,N007564,S006,102.0,29.59,0
N004876,S005,28.06,N002822,6325.1,N002836,S092,81.5,28.62,0
N008474,S006,28.05,N008477,1037.5,N008553,S013,348.5,24.97,0
N008501,S006,28.04,N008477,1099.4,N008553,S013,348.5,24.96,0
N001213,S004,28.01,N001038,4589.4,N000999,S156,85.0,28.53,0
N005335,S005,27.99,N002822,6766.4,N002836,S092,81.5,28.55,0
N001875,S003,27.98,N003270,3892.8,N003298,S160,116.2,28.15,0
N007374,S006,27.97,N007488,4479.7,N007474,S170,75.7,27.25,0
N001549,S003,27.94,N003270,3413.0,N003298,S160,116.2,28.1,0
N000690,S016,27.93,N001062,1539.3,N001118,S007,214.1,26.34,0
N007386,S006,27.92,N007488,4529.9,N007474,S170,75.7,27.2,0
N001874,S003,27.9,N003270,3771.9,N003298,S160,116.2,28.06,0
N004494,S005,27.9,N002822,5018.8,N002836,S092,81.5,28.46,0
N008486,S006,27.9,N008477,1005.0,N008553,S013,348.5,24.83,0
N000719,S016,27.89,N001062,1438.8,N001118,S007,214.1,26.29,0
N000670,S016,27.86,N001062,1469.6,N001118,S007,214.1,26.26,0
N007377,S006,27.86,N007488,4477.6,N007474,S170,75.7,27.14,0
N001865,S003,27.85,N003270,3752.6,N003298,S160,116.2,28.01,0
N001932,S003,27.85,N003270,3965.6,N003298,S160,116.2,28.01,0
N004884,S005,27.85,N002822,6288.5,N002836,S092,81.5,28.41,0
N001822,S003,27.82,N003270,3956.2,N003298,S160,116.2,27.98,0
N000516,S007,27.79,N001225,2704.8,N001502,S043,489.5,25.5,0
N000683,S016,27.79,N001505,2524.7,N001604,S040,282.5,26.42,0
N003903,S005,27.79,N002822,4806.3,N002836,S092,81.5,28.34,0
N001802,S003,27.78,N003270,3648.3,N003298,S160,116.2,27.94,0
N000784,S021,27.77,N001886,3179.3,N001826,S040,222.7,27.83,0
N007356,S006,27.76,N007488,4382.4,N007474,S170,75.7,27.04,0
N001687,S003,27.73,N003270,3461.2,N003298,S160,116.2,27.89,0
N001754,S003,27.73,N003270,3564.2,N003298,S160,116.2,27.89,0
N004897,S005,27.7,N002822,6596.3,N002836,S092,81.5,28.25,0
N007308,S006,27.68,N007488,4095.1,N007474,S170,75.7,26.96,0
N000436,S007,27.64,N001225,2089.2,N001502,S043,489.5,25.35,0
N000767,S021,27.56,N001886,3099.0,N001826,S040,222.7,27.62,0
N000479,S007,27.53,N001225,2075.9,N001502,S043,489.5,25.24,0
N007345,S006,27.48,N007488,4295.1,N007474,S170,75.7,26.76,0
N007550,S006,27.46,N007488,5045.3,N007474,S170,75.7,26.74,0
N004898,S005,27.45,N002822,6270.8,N002836,S092,81.5,28.01,0
N007334,S006,27.41,N007488,4212.3,N007474,S170,75.7,26.69,0
N000482,S007,27.4,N001225,2701.9,N001502,S043,489.5,25.11,0
N000737,S016,27.4,N001505,2352.5,N001604,S040,282.5,26.04,0
N000510,S007,27.39,N001225,2058.4,N001502,S043,489.5,25.1,0
N001791,S003,27.37,N003270,3936.5,N003298,S160,116.2,27.53,0
N000679,S016,27.36,N001062,1395.5,N001118,S007,214.1,25.76,0
N000760,S004,27.36,N001038,4512.7,N000999,S156,85.0,27.87,0
N004464,S005,27.35,N002822,4970.0,N002836,S092,81.5,27.91,0
N000709,S016,27.32,N001505,2437.6,N001604,S040,282.5,25.95,0
N001576,S003,27.31,N003270,3347.0,N003298,S160,116.2,27.47,0
N008443,S006,27.29,N008477,865.4,N008553,S013,348.5,24.22,0
N000605,S004,27.25,N001038,5125.9,N000999,S156,85.0,27.77,0
N007124,S014,27.24,N007524,3412.3,N007564,S006,102.0,28.75,0
N000435,S007,27.21,N001225,2058.4,N001502,S043,489.5,24.92,0
N007966,S006,27.21,N007488,6094.1,N007474,S170,75.7,26.49,0
N000700,S016,27.2,N001062,1384.4,N001118,S007,214.1,25.6,0
N001592,S003,27.19,N003270,3323.9,N003298,S160,116.2,27.35,0
N001634,S003,27.19,N003270,3371.0,N003298,S160,116.2,27.35,0
N004929,S005,27.19,N002822,6465.3,N002836,S092,81.5,27.75,0
N007973,S006,27.11,N007488,6027.9,N007474,S170,75.7,26.39,0
N001858,S003,27.09,N003270,3772.0,N003298,S160,116.2,27.25,0
N000528,S007,27.08,N000922,1791.4,N000925,S004,274.9,15.4,0
N001799,S003,27.08,N003270,3602.1,N003298,S160,116.2,27.24,0
N007051,S014,27.07,N007524,3456.7,N007564,S006,102.0,28.58,0
N007318,S006,27.07,N007488,4029.3,N007474,S170,75.7,26.35,0
N001833,S003,27.05,N003270,3694.8,N003298,S160,116.2,27.21,0
N000745,S016,27.04,N001505,2404.1,N001604,S040,282.5,25.68,0
N000454,S007,27.01,N001225,2426.9,N001502,S043,489.5,24.72,0
N000511,S007,27.0,N001225,2130.4,N001502,S043,489.5,24.71,0
N000589,S007,27.0,N001225,3154.7,N001502,S043,489.5,24.71,0
N008504,S006,26.94,N008477,918.4,N008553,S013,348.5,23.87,0
N000544,S007,26.93,N001225,2278.7,N001502,S043,489.5,24.64,0
N000522,S007,26.89,N001225,1908.5,N001502,S043,489.5,24.6,0
N001879,S003,26.89,N003270,3860.9,N003298,S160,116.2,27.05,0
N007040,S014,26.85,N007524,3685.6,N007564,S006,102.0,28.36,0
N000730,S016,26.83,N001062,1115.0,N001118,S007,214.1,25.23,0
N000521,S007,26.8,N001225,1877.3,N001502,S043,489.5,24.51,0
N004963,S005,26.79,N002822,6543.7,N002836,S092,81.5,27.35,0
N000474,S007,26.73,N001225,1903.0,N001502,S043,489.5,24.44,0
N000704,S016,26.73,N001062,1310.8,N001118,S007,214.1,25.14,0
N000478,S007,26.67,N001225,1992.7,N001502,S043,489.5,24.38,0
N008611,S006,26.67,N008477,1277.1,N008553,S013,348.5,23.59,0
N000477,S007,26.64,N001225,1890.6,N001502,S043,489.5,24.35,0
N000571,S007,26.63,N001225,1991.0,N001502,S043,489.5,24.33,0
N007985,S006,26.63,N007488,5944.0,N007474,S170,75.7,25.91,0
N001642,S003,26.59,N003270,3288.8,N003298,S160,116.2,26.75,0
N001645,S003,26.58,N003270,3270.0,N003298,S160,116.2,26.74,0
N004124,S005,26.57,N002822,4659.7,N002836,S092,81.5,27.13,0
N008573,S006,26.57,N008477,1101.3,N008553,S013,348.5,23.49,0
N000514,S007,26.54,N001225,2680.9,N001502,S043,489.5,24.24,0
N000705,S016,26.5,N001062,1069.1,N001118,S007,214.1,24.91,0
N004302,S005,26.48,N002822,4739.0,N002836,S092,81.5,27.04,0
N001749,S003,26.46,N003270,3518.5,N003298,S160,116.2,26.62,0
N001873,S003,26.46,N003270,3880.1,N003298,S160,116.2,26.62,0
N007049,S014,26.45,N007524,3534.5,N007564,S006,102.0,27.96,0
N003961,S005,26.43,N002822,4333.3,N002836,S092,81.5,26.99,0
N001670,S003,26.42,N003270,3354.5,N003298,S160,116.2,26.59,0
N001647,S003,26.41,N003270,3224.8,N003298,S160,116.2,26.57,0
N008598,S006,26.39,N008477,1184.8,N008553,S013,348.5,23.31,0
N000587,S007,26.38,N001225,1967.5,N001502,S043,489.5,24.09,0
N004374,S005,26.38,N002822,4807.6,N002836,S092,81.5,26.94,0
N008654,S006,26.37,N008477,1445.0,N008553,S013,348.5,23.29,0
N000507,S007,26.36,N001225,1823.2,N001502,S043,489.5,24.07,0
N004815,S005,26.34,N002822,5659.9,N002836,S092,81.5,26.89,0
N000722,S016,26.33,N001062,1221.6,N001118,S007,214.1,24.73,0
N004937,S005,26.31,N002822,6490.4,N002836,S092,81.5,26.86,0
N000549,S007,26.27,N001225,1796.8,N001502,S043,489.5,23.98,0
N004425,S005,26.27,N002822,4870.2,N002836,S092,81.5,26.83,0
N007035,S014,26.23,N007524,3602.9,N007564,S006,102.0,27.74,0
N000531,S007,26.2,N000922,1523.7,N000925,S004,274.9,14.53,0
N000648,S004,26.19,N001038,4958.1,N000999,S156,85.0,26.7,0
N007121,S014,26.19,N007524,3165.7,N007564,S006,102.0,27.7,0
N008476,S006,26.19,N008477,747.4,N008553,S013,348.5,23.11,0
N000723,S016,26.18,N001062,1249.0,N001118,S007,214.1,24.59,0
N001894,S003,26.18,N003270,3791.1,N003298,S160,116.2,26.35,0
N003403,S005,26.17,N003403,0.0,N003085,S011,1023.3,14.36,0
N008554,S006,26.15,N008477,1013.9,N008553,S013,348.5,23.07,0
N000555,S007,26.1,N001225,1938.0,N001502,S043,489.5,23.8,0
N003994,S005,26.1,N002822,4395.6,N002836,S092,81.5,26.65,0
N004752,S005,26.1,N002822,5196.1,N002836,S092,81.5,26.66,0
N008588,S006,26.08,N008477,1194.7,N008553,S013,348.5,23.0,0
N004749,S005,26.07,N002822,5353.8,N002836,S092,81.5,26.63,0
N008523,S006,26.05,N008477,835.7,N008553,S013,348.5,22.97,0
N008579,S006,26.04,N008477,1101.9,N008553,S013,348.5,22.96,0
N000508,S007,26.03,N001225,1797.7,N001502,S043,489.5,23.74,0
N001723,S003,26.03,N003270,3256.9,N003298,S160,116.2,26.19,0
N007589,S006,25.98,N007488,4855.2,N007474,S170,75.7,25.26,0
N000755,S016,25.97,N001062,1022.3,N001118,S007,214.1,24.38,0
N007352,S006,25.97,N007488,4080.3,N007474,S170,75.7,25.25,0
N000512,S007,25.96,N001225,2185.1,N001502,S043,489.5,23.67,0
N001682,S003,25.95,N003270,3199.5,N003298,S160,116.2,26.11,0
N000543,S007,25.91,N001225,2367.8,N001502,S043,489.5,23.62,0
N000674,S004,25.89,N001038,4869.0,N000999,S156,85.0,26.4,0
N000747,S016,25.88,N001062,1354.0,N001118,S007,214.1,24.29,0
N008637,S006,25.87,N008477,1351.3,N008553,S013,348.5,22.79,0
N004094,S005,25.86,N002822,4576.3,N002836,S092,81.5,26.42,0
N004088,S005,25.84,N002822,4564.8,N002836,S092,81.5,26.4,0
N001703,S003,25.81,N003270,3434.5,N003298,S160,116.2,25.98,0
N007162,S014,25.81,N007524,3189.2,N007564,S006,102.0,27.32,0
N004404,S005,25.79,N002822,4775.3,N002836,S092,81.5,26.35,0
N004830,S005,25.79,N002822,5635.4,N002836,S092,81.5,26.35,0
N000785,S016,25.76,N001505,2307.3,N001604,S040,282.5,24.4,0
N007189,S014,25.76,N007524,3338.9,N007564,S006,102.0,27.27,0
N007500,S006,25.76,N007488,4540.6,N007474,S170,75.7,25.04,0
N004905,S005,25.72,N002822,6309.4,N002836,S092,81.5,26.28,0
N000530,S007,25.69,N000922,1610.8,N000925,S004,274.9,14.01,0
N000826,S021,25.69,N001886,2899.2,N001826,S040,222.7,25.75,0
N004732,S005,25.69,N002822,5229.2,N002836,S092,81.5,26.25,0
N001679,S003,25.67,N003270,3162.7,N003298,S160,116.2,25.83,0
N007329,S006,25.67,N007488,3896.3,N007474,S170,75.7,24.95,0
N008542,S006,25.67,N008477,921.8,N008553,S013,348.5,22.6,0
N000631,S004,25.65,N001038,5041.2,N000999,S156,85.0,26.17,0
N004786,S005,25.64,N002822,5419.6,N002836,S092,81.5,26.2,0
N008559,S006,25.6,N008477,1005.9,N008553,S013,348.5,22.52,0
N000509,S007,25.59,N001225,1875.9,N001502,S043,489.5,23.3,0
N007144,S014,25.59,N007524,2788.2,N007564,S006,102.0,27.1,0
N000779,S016,25.58,N001505,2186.5,N001604,S040,282.5,24.21,0
N005691,S001,25.58,N005298,9423.9,N004766,S002,1536.5,26.45,0
N008624,S006,25.58,N008477,1268.7,N008553,S013,348.5,22.5,0
N000529,S007,25.56,N000922,1704.9,N000925,S004,274.9,13.88,0
N000577,S007,25.54,N001225,1715.4,N001502,S043,489.5,23.25,0
N001697,S003,25.54,N003270,3140.5,N003298,S160,116.2,25.7,0
N000748,S016,25.51,N001062,1136.9,N001118,S007,214.1,23.92,0
N004655,S005,25.5,N002822,5148.0,N002836,S092,81.5,26.06,0
N007145,S014,25.5,N007524,2774.3,N007564,S006,102.0,27.01,0
N007088,S014,25.49,N007524,3131.2,N007564,S006,102.0,27.0,0
N008509,S006,25.49,N008477,748.8,N008553,S013,348.5,22.42,0
N001925,S003,25.47,N003270,3660.0,N003298,S160,116.2,25.63,0
N007609,S006,25.47,N007488,4773.4,N007474,S170,75.7,24.75,0
N008607,S006,25.46,N008477,1177.4,N008553,S013,348.5,22.38,0
X000014,S007,25.44,N001225,2798.5,N001502,S043,489.5,23.15,0
N008530,S006,25.43,N008527,425.5,N008564,S013,168.1,21.48,0
N000661,S007,25.41,N001225,2065.0,N001502,S043,489.5,23.12,0
N007177,S014,25.41,N007524,3257.2,N007564,S006,102.0,26.92,0
N007146,S014,25.39,N007524,2761.9,N007564,S006,102.0,26.9,0
N000556,S007,25.38,N001225,1810.4,N001502,S043,489.5,23.09,0
N000782,S016,25.35,N001505,2175.4,N001604,S040,282.5,23.99,0
N004722,S005,25.34,N002822,5149.0,N002836,S092,81.5,25.9,0
N007588,S006,25.29,N007488,4855.5,N007474,S170,75.7,24.57,0
N004691,S005,25.27,N002822,5235.2,N002836,S092,81.5,25.83,0
N000647,S004,25.25,N001038,4125.2,N000999,S156,85.0,25.76,0
N008496,S006,25.24,N008477,663.2,N008553,S013,348.5,22.17,0
N000584,S007,25.23,N001225,1860.4,N001502,S043,489.5,22.93,0
N000750,S016,25.22,N001062,1165.6,N001118,S007,214.1,23.62,0
N004537,S005,25.21,N002822,4969.6,N002836,S092,81.5,25.77,0
N008628,S006,25.21,N008628,0.0,N008708,S013,337.2,21.29,0
N001768,S003,25.14,N003270,3175.3,N003298,S160,116.2,25.3,0
N000781,S016,25.13,N001505,2133.2,N001604,S040,282.5,23.76,0
N000550,S007,25.12,N001225,1683.2,N001502,S043,489.5,22.82,0
N007433,S006,25.12,N007488,4322.4,N007474,S170,75.7,24.4,0
N008516,S006,25.12,N008527,339.5,N008564,S013,168.1,21.17,0
N008934,S012,25.1,N008125,5344.0,N008145,S104,63.1,25.32,0
N008459,S006,25.08,N008477,493.9,N008553,S013,348.5,22.0,0
N000669,S007,25.05,N001225,1964.9,N001502,S043,489.5,22.76,0
N004946,S005,25.05,N002822,5674.0,N002836,S092,81.5,25.6,0
N007175,S014,25.05,N007524,3210.2,N007564,S006,102.0,26.56,0
N004704,S005,25.04,N002822,5189.8,N002836,S092,81.5,25.6,0
N004877,S005,25.04,N002822,5552.0,N002836,S092,81.5,25.6,0
N007161,S014,25.04,N007524,3099.3,N007564,S006,102.0,26.55,0
N000563,S007,25.03,N000922,1371.2,N000925,S004,274.9,13.36,0
N000633,S004,25.03,N001038,5043.3,N000999,S156,85.0,25.54,0
N001747,S003,25.03,N003270,3060.9,N003298,S160,116.2,25.19,0
N000593,S007,25.02,N001225,1942.8,N001502,S043,489.5,22.73,0
N004667,S005,25.02,N002822,5107.1,N002836,S092,81.5,25.58,0
N007333,S006,25.02,N007488,3841.3,N007474,S170,75.7,24.3,0
N000616,S007,25.0,N001225,1758.1,N001502,S043,489.5,22.71,0
N000542,S007,24.99,N001225,2588.2,N001502,S043,489.5,22.7,0
N000548,S007,24.99,N001225,1909.0,N001502,S043,489.5,22.7,0
N000576,S007,24.96,N001225,1648.9,N001502,S043,489.5,22.67,0
N004688,S005,24.96,N002822,5069.5,N002836,S092,81.5,25.52,0
N008484,S006,24.96,N008477,576.6,N008553,S013,348.5,21.89,0
N000523,S007,24.95,N001225,1994.5,N001502,S043,489.5,22.66,0
N004695,S005,24.95,N002822,5084.9,N002836,S092,81.5,25.5,0
N008034,S006,24.95,N007488,5756.4,N007474,S170,75.7,24.23,0
N000713,S007,24.94,N001225,2221.0,N001502,S043,489.5,22.65,0
N000757,S016,24.94,N001062,1205.5,N001118,S007,214.1,23.35,0
N008018,S006,24.93,N007488,5838.2,N007474,S170,75.7,24.21,0
N000613,S007,24.92,N001225,1644.6,N001502,S043,489.5,22.63,0
N004628,S005,24.89,N002822,5093.9,N002836,S092,81.5,25.45,0
N000695,S007,24.88,N001225,1977.9,N001502,S043,489.5,22.59,0
N000763,S016,24.88,N001062,1078.0,N001118,S007,214.1,23.29,0
N000603,S007,24.86,N001225,1812.4,N001502,S043,489.5,22.57,0
N004849,S005,24.86,N002822,5510.5,N002836,S092,81.5,25.41,0
N000573,S007,24.85,N001225,2549.9,N001502,S043,489.5,22.55,0
N000778,S016,24.84,N001062,1102.5,N001118,S007,214.1,23.25,0
N000561,S007,24.83,N000922,1570.4,N000925,S004,274.9,13.15,0
N000607,S007,24.82,N001225,1717.9,N001502,S043,489.5,22.53,0
N007127,S014,24.8,N007524,2925.0,N007564,S006,102.0,26.31,0
N007092,S014,24.79,N007524,3380.9,N007564,S006,102.0,26.3,0
N000791,S016,24.77,N001062,832.8,N001118,S007,214.1,23.18,0
N005476,S001,24.77,N005298,8683.6,N004766,S002,1536.5,25.64,0
N007395,S006,24.76,N007488,3980.8,N007474,S170,75.7,24.04,0
N000797,S004,24.75,N001038,4404.3,N000999,S156,85.0,25.27,0
N000812,S016,24.75,N001062,1116.4,N001118,S007,214.1,23.16,0
N003448,S005,24.75,N002822,3855.5,N002836,S092,81.5,25.31,0
N008441,S006,24.72,N008477,409.4,N008553,S013,348.5,21.64,0
N000585,S007,24.71,N001225,1733.6,N001502,S043,489.5,22.42,0
N000728,S004,24.71,N001038,4661.1,N000999,S156,85.0,25.22,0
N007424,S006,24.69,N007488,4165.2,N007474,S170,75.7,23.97,0
N003904,S005,24.67,N002822,4091.3,N002836,S092,81.5,25.22,0
N000574,S007,24.65,N001225,2673.5,N001502,S043,489.5,22.36,0
N000612,S007,24.65,N001225,1595.8,N001502,S043,489.5,22.36,0
N000642,S007,24.64,N001225,1888.2,N001502,S043,489.5,22.35,0
N007968,S006,24.63,N007488,5214.6,N007474,S170,75.7,23.91,0
N001548,S004,24.62,N001038,3921.7,N000999,S156,85.0,25.14,0
X000066,S006,24.62,N008477,1129.7,N008553,S013,348.5,21.54,0
N007383,S006,24.54,N007488,3897.8,N007474,S170,75.7,23.82,0
N007381,S006,24.53,N007488,3886.0,N007474,S170,75.7,23.81,0
N007401,S006,24.53,N007488,4310.0,N007474,S170,75.7,23.81,0
N000582,S007,24.52,N001225,1603.9,N001502,S043,489.5,22.23,0
N000637,S007,24.52,N001225,1798.5,N001502,S043,489.5,22.23,0
N000551,S007,24.49,N001225,1750.5,N001502,S043,489.5,22.2,0
N004606,S005,24.49,N002822,4923.9,N002836,S092,81.5,25.05,0
N005484,S001,24.49,N005298,8587.3,N004766,S002,1536.5,25.36,0
N003693,S005,24.48,N002822,3831.5,N002836,S092,81.5,25.04,0
N000773,S016,24.47,N001062,1079.6,N001118,S007,214.1,22.88,0
N007978,S006,24.47,N007488,5270.9,N007474,S170,75.7,23.75,0
N007704,S006,24.44,N007488,4821.2,N007474,S170,75.7,23.72,0
N001782,S003,24.39,N003270,3002.2,N003298,S160,116.2,24.55,0
N004662,S005,24.38,N002822,5001.1,N002836,S092,81.5,24.94,0
N005659,S001,24.38,N005298,9247.3,N004766,S002,1536.5,25.25,0
N000562,S007,24.36,N000922,1490.2,N000925,S004,274.9,12.68,0
N007385,S006,24.36,N007488,3853.2,N007474,S170,75.7,23.64,0
N007649,S006,24.35,N007488,4623.2,N007474,S170,75.7,23.63,0
N005629,S001,24.34,N005298,9308.0,N004766,S002,1536.5,25.21,0
N000564,S007,24.33,N000922,1439.5,N000925,S004,274.9,12.66,0
N008426,S006,24.32,N008477,323.0,N008553,S013,348.5,21.25,0
N007908,S006,24.29,N007488,5023.0,N007474,S170,75.7,23.57,0
N001810,S003,24.27,N003270,3038.7,N003298,S160,116.2,24.43,0
N000775,S016,24.22,N001062,1145.5,N001118,S007,214.1,22.62,0
N000975,S016,24.2,N001505,2286.2,N001604,S040,282.5,22.83,0
N008536,S006,24.18,N008527,256.5,N008564,S013,168.1,20.24,0
N007457,S006,24.17,N007488,4161.6,N007474,S170,75.7,23.45,0
N000547,S007,24.13,N001225,2000.2,N001502,S043,489.5,21.83,0
N000614,S007,24.12,N001225,1643.9,N001502,S043,489.5,21.83,0
N000788,S016,24.08,N001062,1033.4,N001118,S007,214.1,22.49,0
N000816,S016,24.08,N001062,750.6,N001118,S007,214.1,22.49,0
N000725,S007,24.06,N001225,1889.2,N001502,S043,489.5,21.76,0
N003488,S005,24.06,N002822,3762.1,N002836,S092,81.5,24.62,0
N004443,S005,24.06,N002822,4859.4,N002836,S092,81.5,24.62,0
N004788,S005,24.05,N002822,5741.7,N002836,S092,81.5,24.61,0
N000844,S004,24.04,N001038,4225.6,N000999,S156,85.0,24.56,0
X000010,S007,24.03,N001225,2239.0,N001502,S043,489.5,21.74,0
N001800,S003,24.02,N003270,2977.0,N003298,S160,116.2,24.19,0
N000701,S004,24.01,N001038,4768.9,N000999,S156,85.0,24.53,0
N007645,S006,24.01,N007488,4545.9,N007474,S170,75.7,23.29,0
N007925,S006,23.95,N007488,5091.7,N007474,S170,75.7,23.23,0
N002203,S003,23.94,N003270,3855.3,N003298,S160,116.2,24.1,0
N002215,S003,23.89,N003270,3745.1,N003298,S160,116.2,24.05,0
N008522,S006,23.88,N008527,172.5,N008564,S013,168.1,19.94,0
N007528,S006,23.86,N007488,4275.7,N007474,S170,75.7,23.14,0
N007421,S006,23.84,N007488,4228.0,N007474,S170,75.7,23.12,0
N007879,S006,23.84,N007488,4898.9,N007474,S170,75.7,23.12,0
N004073,S005,23.83,N002822,4205.5,N002836,S092,81.5,24.39,0
N007447,S006,23.82,N007488,4080.4,N007474,S170,75.7,23.1,0
N008035,S006,23.81,N007488,5615.8,N007474,S170,75.7,23.09,0
N004351,S005,23.79,N002822,4440.5,N002836,S092,81.5,24.35,0
N005534,S001,23.77,N005298,8425.8,N004766,S002,1536.5,24.64,0
N000799,S016,23.75,N001062,989.8,N001118,S007,214.1,22.16,0
N008668,S012,23.75,N008125,5120.5,N008145,S104,63.1,23.97,0
N002206,S003,23.74,N003270,3826.2,N003298,S160,116.2,23.9,0
X000065,S006,23.73,N008477,1049.8,N008553,S013,348.5,20.65,0
N000599,S007,23.72,N000922,1281.4,N000925,S004,274.9,12.05,0
N008699,S012,23.72,N008125,4893.9,N008145,S104,63.1,23.94,0
N007947,S006,23.69,N007488,5113.7,N007474,S170,75.7,22.97,0
N008674,S012,23.69,N008125,5071.8,N008145,S104,63.1,23.91,0
N000853,S016,23.68,N001505,1950.7,N001604,S040,282.5,22.32,0
N004319,S005,23.66,N002822,4428.7,N002836,S092,81.5,24.22,0
N007152,S014,23.66,N007524,2517.8,N007564,S006,102.0,25.17,0
N008703,S012,23.6,N008125,4871.5,N008145,S104,63.1,23.82,0
N007909,S006,23.59,N007488,5063.7,N007474,S170,75.7,22.87,0
X000043,S007,23.59,N001225,1997.3,N001502,S043,489.5,21.3,0
N004565,S005,23.58,N002822,4847.6,N002836,S092,81.5,24.14,0
N007361,S006,23.57,N007488,3648.2,N007474,S170,75.7,22.85,0
N000619,S007,23.55,N001225,1567.3,N001502,S043,489.5,21.26,0
N007884,S006,23.51,N007488,4934.7,N007474,S170,75.7,22.79,0
N001837,S003,23.5,N003270,2927.4,N003298,S160,116.2,23.66,0
N000835,S016,23.49,N001505,1872.1,N001604,S040,282.5,22.12,0
N000666,S007,23.48,N001225,1709.9,N001502,S043,489.5,21.19,0
N008446,S006,23.47,N008477,240.2,N008553,S013,348.5,20.4,0
N000794,S016,23.46,N001062,943.4,N001118,S007,214.1,21.87,0
N000806,S016,23.46,N001062,758.5,N001118,S007,214.1,21.86,0
N007513,S006,23.46,N007488,4190.6,N007474,S170,75.7,22.74,0
N000621,S007,23.44,N001225,1488.3,N001502,S043,489.5,21.15,0
N000727,S007,23.44,N001225,1796.7,N001502,S043,489.5,21.15,0
N000714,S007,23.43,N001225,2315.1,N001502,S043,489.5,21.13,0
N004543,S005,23.43,N002822,4819.9,N002836,S092,81.5,23.99,0
N000643,S007,23.41,N001225,2482.7,N001502,S043,489.5,21.12,0
N003603,S005,23.41,N002822,3725.6,N002836,S092,81.5,23.97,0
N000845,S021,23.38,N000845,0.0,N000715,S009,355.0,13.52,0
N004576,S005,23.37,N002822,4859.0,N002836,S092,81.5,23.93,0
N005999,S001,23.35,N005298,8626.2,N004766,S002,1536.5,24.22,0
N008756,S012,23.35,N008125,5210.4,N008145,S104,63.1,23.57,0
N004442,S005,23.33,N002822,4567.6,N002836,S092,81.5,23.89,0
N007325,S014,23.32,N007524,2825.5,N007564,S006,102.0,24.83,0
N007855,S006,23.32,N007488,4833.3,N007474,S170,75.7,22.6,0
N007877,S006,23.32,N007488,5111.0,N007474,S170,75.7,22.6,0
N000638,S007,23.31,N000922,1436.7,N000925,S004,274.9,11.64,0
N000622,S007,23.3,N000922,1401.0,N000925,S004,274.9,11.63,0
N004473,S005,23.3,N002822,4689.7,N002836,S092,81.5,23.86,0
N004479,S005,23.3,N002822,4667.4,N002836,S092,81.5,23.86,0
N007890,S018,23.3,N007850,421.1,N008099,S012,1048.0,19.19,0
N004564,S005,23.28,N002822,4824.6,N002836,S092,81.5,23.84,0
N007110,S014,23.28,N007524,3290.4,N007564,S006,102.0,24.79,0
N000699,S007,23.26,N001225,1712.5,N001502,S043,489.5,20.97,0
N000685,S007,23.23,N001225,1671.7,N001502,S043,489.5,20.94,0
N002016,S003,23.23,N003270,3193.6,N003298,S160,116.2,23.39,0
N000847,S021,23.22,N001886,2766.8,N001826,S040,222.7,23.28,0
N007099,S014,23.19,N007524,3487.4,N007564,S006,102.0,24.7,0
N000579,S007,23.17,N001225,1819.7,N001502,S043,489.5,20.88,0
N008695,S012,23.17,N008125,4985.2,N008145,S104,63.1,23.39,0
N008431,S006,23.15,N008477,156.2,N008553,S013,348.5,20.07,0
N008719,S012,23.15,N008125,4806.3,N008145,S104,63.1,23.37,0
N002224,S003,23.1,N003270,3648.4,N003298,S160,116.2,23.26,0
N007210,S014,23.1,N007524,2772.1,N007564,S006,102.0,24.61,0
N007482,S006,23.09,N007488,4006.3,N007474,S170,75.7,22.37,0
N007836,S006,23.07,N007488,4920.2,N007474,S170,75.7,22.35,0
N003509,S005,23.06,N002822,3660.7,N002836,S092,81.5,23.62,0
N004316,S005,23.06,N002822,4401.7,N002836,S092,81.5,23.62,0
N001930,S003,23.03,N003270,2943.8,N003298,S160,116.2,23.19,0
N008785,S012,23.03,N008125,5094.7,N008145,S104,63.1,23.24,0
N008580,S017,23.02,N008055,5398.1,N008094,S104,80.1,23.53,0
N008777,S012,23.02,N008125,5061.1,N008145,S104,63.1,23.24,0
N007678,S006,23.01,N007488,4437.0,N007474,S170,75.7,22.29,0
N000628,S007,23.0,N000922,1201.8,N000925,S004,274.9,11.32,0
N007835,S006,22.97,N007488,4753.7,N007474,S170,75.7,22.25,0
N007638,S006,22.96,N007488,4246.1,N007474,S170,75.7,22.24,0
N007094,S014,22.94,N007524,3558.5,N007564,S006,102.0,24.45,0
N000684,S007,22.91,N001225,1400.5,N001502,S043,489.5,20.62,0
N007919,S006,22.91,N007488,5305.7,N007474,S170,75.7,22.19,0
N007093,S014,22.9,N007524,3475.1,N007564,S006,102.0,24.41,0
N002372,S003,22.89,N003270,3951.4,N003298,S160,116.2,23.05,0
X000112,S006,22.89,N008477,1288.7,N008553,S013,348.5,19.81,0
N001881,S003,22.88,N003270,2850.4,N003298,S160,116.2,23.04,0
X000059,S004,22.88,N001038,4621.6,N000999,S156,85.0,23.39,0
N000596,S004,22.86,N001038,4410.0,N000999,S156,85.0,23.37,0
N008540,S006,22.84,N008527,84.6,N008564,S013,168.1,18.89,0
N002297,S003,22.83,N003270,3687.3,N003298,S160,116.2,23.0,0
N008755,S012,22.81,N008125,4978.9,N008145,S104,63.1,23.02,0
N007147,S014,22.79,N007524,2773.1,N007564,S006,102.0,24.3,0
N000629,S007,22.78,N000922,1133.8,N000925,S004,274.9,11.1,0
N000694,S007,22.78,N001225,1579.7,N001502,S043,489.5,20.49,0
N002363,S003,22.78,N003270,3980.3,N003298,S160,116.2,22.94,0
N007379,S018,22.75,N007641,2490.4,N007605,S143,183.7,23.17,0
N002088,S003,22.72,N003270,3383.9,N003298,S160,116.2,22.88,0
N002373,S003,22.72,N003270,3894.6,N003298,S160,116.2,22.88,0
N004391,S001,22.71,N005298,3998.4,N004766,S002,1536.5,23.58,0
N000720,S007,22.69,N001225,1659.7,N001502,S043,489.5,20.4,0
N002084,S003,22.63,N003270,3406.8,N003298,S160,116.2,22.79,0
N007812,S006,22.62,N007488,4832.5,N007474,S170,75.7,21.9,0
N002033,S003,22.61,N003270,3231.2,N003298,S160,116.2,22.77,0
N007376,S006,22.6,N007488,3549.5,N007474,S170,75.7,21.88,0
N008473,S006,22.58,N008477,157.7,N008553,S013,348.5,19.51,0
N002019,S003,22.57,N003270,3101.7,N003298,S160,116.2,22.73,0
N000615,S004,22.56,N001038,4487.7,N000999,S156,85.0,23.07,0
N007788,S006,22.55,N007488,4782.7,N007474,S170,75.7,21.83,0
N000627,S007,22.54,N000922,1320.8,N000925,S004,274.9,10.86,0
N000707,S004,22.54,N001038,4738.5,N000999,S156,85.0,23.05,0
N001920,S003,22.54,N003270,2805.8,N003298,S160,116.2,22.7,0
N008527,S006,22.54,N008527,0.0,N008564,S013,168.1,18.59,0
N000580,S007,22.52,N001225,1909.6,N001502,S043,489.5,20.23,0
N000761,S016,22.49,N001062,1026.5,N001118,S007,214.1,20.9,0
N002038,S003,22.49,N003270,3155.5,N003298,S160,116.2,22.65,0
N003818,S005,22.49,N002822,3957.9,N002836,S092,81.5,23.05,0
N004868,S005,22.49,N002822,5576.2,N002836,S092,81.5,23.05,0
N003521,S005,22.48,N002822,3587.3,N002836,S092,81.5,23.04,0
N005824,S001,22.48,N005298,9036.2,N004766,S002,1536.5,23.35,0
N002231,S003,22.47,N003270,3567.0,N003298,S160,116.2,22.64,0
N000598,S007,22.46,N000922,1400.3,N000925,S004,274.9,10.79,0
X000015,S007,22.45,N001225,2344.3,N001502,S043,489.5,20.16,0
N000668,S007,22.44,N001225,1352.9,N001502,S043,489.5,20.15,0
N000810,S016,22.44,N001062,925.7,N001118,S007,214.1,20.85,0
N002318,S003,22.44,N003270,3763.3,N003298,S160,116.2,22.6,0
N008494,S006,22.43,N008477,240.3,N008553,S013,348.5,19.36,0
N000672,S007,22.41,N001225,1915.5,N001502,S043,489.5,20.12,0
N002092,S003,22.41,N003270,3292.1,N003298,S160,116.2,22.57,0
N007793,S006,22.4,N007488,4763.9,N007474,S170,75.7,21.68,0
N007782,S006,22.38,N007488,4537.1,N007474,S170,75.7,21.66,0
N007774,S006,22.37,N007488,4661.7,N007474,S170,75.7,21.65,0
N008744,S012,22.35,N008125,4727.4,N008145,S104,63.1,22.57,0
N007657,S006,22.33,N007488,4172.8,N007474,S170,75.7,21.61,0
N000776,S007,22.31,N001225,2030.0,N001502,S043,489.5,20.02,0
N007468,S006,22.3,N007488,3905.7,N007474,S170,75.7,21.58,0
N000640,S004,22.29,N001038,4580.6,N000999,S156,85.0,22.81,0
N000664,S004,22.29,N001038,4668.4,N000999,S156,85.0,22.8,0
N000676,S007,22.29,N001225,1433.4,N001502,S043,489.5,20.0,0
N007771,S006,22.28,N007488,4447.4,N007474,S170,75.7,21.56,0
N008893,S012,22.28,N008125,5574.7,N008145,S104,63.1,22.49,0
N007800,S006,22.25,N007488,4637.7,N007474,S170,75.7,21.53,0
N002057,S003,22.21,N003270,3050.1,N003298,S160,116.2,22.37,0
N008514,S006,22.2,N008514,0.0,N008574,S013,255.1,18.27,0
N007760,S006,22.19,N007488,4564.6,N007474,S170,75.7,21.47,0
N003865,S005,22.15,N002822,3870.1,N002836,S092,81.5,22.71,0
N003902,S005,22.15,N002822,3903.9,N002836,S092,81.5,22.71,0
N005987,S001,22.13,N005298,8715.4,N004766,S002,1536.5,23.0,0
N000682,S007,22.11,N001225,1319.3,N001502,S043,489.5,19.82,0
N002344,S003,22.11,N003270,3807.9,N003298,S160,116.2,22.27,0
N008097,S006,22.11,N007488,5378.6,N007474,S170,75.7,21.39,0
N008455,S006,22.1,N008477,68.6,N008553,S013,348.5,19.03,0
N007123,S014,22.09,N007524,2861.9,N007564,S006,102.0,23.6,0
N007702,S006,22.08,N007488,4346.6,N007474,S170,75.7,21.36,0
N007753,S006,22.06,N007488,4462.4,N007474,S170,75.7,21.34,0
X000114,S006,22.06,N007488,4261.8,N007474,S170,75.7,21.34,0
N000821,S016,22.04,N001062,855.8,N001118,S007,214.1,20.45,0
N003835,S005,22.04,N002822,3828.6,N002836,S092,81.5,22.6,0
N007105,S014,22.02,N007524,3047.2,N007564,S006,102.0,23.53,0
N004095,S005,22.01,N002822,4088.3,N002836,S092,81.5,22.57,0
N004106,S005,22.0,N002822,4108.7,N002836,S092,81.5,22.56,0
N007113,S014,21.99,N007524,3195.0,N007564,S006,102.0,23.5,0
N008717,S012,21.99,N008125,4856.7,N008145,S104,63.1,22.21,0
N008715,S012,21.97,N008125,4863.3,N008145,S104,63.1,22.19,0
N008251,S006,21.93,N007488,5808.2,N007474,S170,75.7,21.21,0
N000833,S016,21.92,N001505,1835.6,N001604,S040,282.5,20.56,0
N007794,S006,21.9,N007488,4534.0,N007474,S170,75.7,21.18,0
N008438,S006,21.89,N007488,6095.5,N007474,S170,75.7,21.17,0
N008765,S012,21.89,N008125,4637.9,N008145,S104,63.1,22.11,0
N001574,S004,21.85,N001038,3564.3,N000999,S156,85.0,22.37,0
N000901,S016,21.84,N001505,1659.0,N001604,S040,282.5,20.48,0
N003814,S005,21.82,N002822,3812.9,N002836,S092,81.5,22.38,0
N008400,S006,21.79,N007488,5880.9,N007474,S170,75.7,21.07,0
N001974,S003,21.78,N003270,2707.4,N003298,S160,116.2,21.94,0
N000890,S016,21.75,N001505,1711.0,N001604,S040,282.5,20.39,0
N007693,S006,21.71,N007488,4164.9,N007474,S170,75.7,20.99,0
N007880,S018,21.71,N007850,256.6,N008099,S012,1048.0,17.59,0
N008414,S006,21.71,N007488,5965.8,N007474,S170,75.7,20.99,0
N000841,S004,21.7,N001038,4020.3,N000999,S156,85.0,22.21,0
N002111,S003,21.7,N003270,3031.8,N003298,S160,116.2,21.86,0
N002278,S003,21.66,N003270,3616.7,N003298,S160,116.2,21.82,0
N007686,S006,21.66,N007488,4080.4,N007474,S170,75.7,20.94,0
N008706,S012,21.66,N008125,4907.2,N008145,S104,63.1,21.88,0
N001004,S016,21.63,N001062,756.4,N001118,S007,214.1,20.03,0
N003547,S005,21.62,N002822,3471.8,N002836,S092,81.5,22.18,0
N008382,S006,21.62,N007488,6089.4,N007474,S170,75.7,20.9,0
N002104,S003,21.61,N003270,3118.9,N003298,S160,116.2,21.77,0
N008319,S006,21.58,N007488,5856.5,N007474,S170,75.7,20.86,0
N008882,S012,21.58,N008125,5481.7,N008145,S104,63.1,21.8,0
N002101,S003,21.57,N003270,3165.7,N003298,S160,116.2,21.73,0
N000708,S004,21.56,N001038,4815.0,N000999,S156,85.0,22.08,0
N008410,S006,21.5,N007488,6011.6,N007474,S170,75.7,20.78,0
N004421,S001,21.49,N005298,3971.1,N004766,S002,1536.5,22.36,0
N008442,S006,21.49,N007488,6062.1,N007474,S170,75.7,20.77,0
N002313,S003,21.47,N003270,3531.7,N003298,S160,116.2,21.63,0
N008810,S012,21.47,N008125,4891.6,N008145,S104,63.1,21.69,0
N007490,S006,21.46,N007488,3995.7,N007474,S170,75.7,20.74,0
N008162,S006,21.45,N007488,5391.0,N007474,S170,75.7,20.73,0
N000974,S021,21.43,N001886,2452.9,N001826,S040,222.7,21.49,0
N000848,S016,21.4,N001062,664.7,N001118,S007,214.1,19.8,0
N004157,S005,21.37,N002822,4240.8,N002836,S092,81.5,21.93,0
N008305,S006,21.37,N007488,5634.4,N007474,S170,75.7,20.65,0
N000916,S016,21.35,N001062,400.6,N001118,S007,214.1,19.75,0
N004534,S001,21.35,N005298,4099.9,N004766,S002,1536.5,22.22,0
N008772,S012,21.35,N008125,4798.5,N008145,S104,63.1,21.57,0
N000897,S016,21.34,N001062,492.0,N001118,S007,214.1,19.75,0
N000822,S016,21.32,N001062,664.7,N001118,S007,214.1,19.73,0
N008281,S006,21.32,N007488,5724.4,N007474,S170,75.7,20.6,0
N008362,S006,21.32,N007488,5984.1,N007474,S170,75.7,20.6,0
N000928,S016,21.31,N001505,1576.0,N001604,S040,282.5,19.95,0
N002191,S003,21.31,N003270,3081.6,N003298,S160,116.2,21.47,0
N002128,S003,21.3,N003270,2961.7,N003298,S160,116.2,21.46,0
N002338,S003,21.3,N003270,3594.3,N003298,S160,116.2,21.46,0
N008136,S006,21.3,N007488,5299.8,N007474,S170,75.7,20.58,0
N008387,S006,21.3,N007488,5915.0,N007474,S170,75.7,20.58,0
N007126,S014,21.29,N007524,3112.6,N007564,S006,102.0,22.8,0
N002328,S003,21.28,N003270,3568.5,N003298,S160,116.2,21.44,0
N000673,S007,21.27,N001225,2039.4,N001502,S043,489.5,18.98,0
N000651,S007,21.26,N001225,1817.6,N001502,S043,489.5,18.97,0
N000671,S007,21.26,N001225,1770.1,N001502,S043,489.5,18.97,0
N002226,S003,21.26,N003270,3129.6,N003298,S160,116.2,21.42,0
N002291,S003,21.26,N003270,3448.6,N003298,S160,116.2,21.42,0
N008303,S006,21.26,N007488,5762.7,N007474,S170,75.7,20.54,0
N008477,S006,21.26,N008477,0.0,N008553,S013,348.5,18.18,0
N002269,S003,21.24,N003270,3214.5,N003298,S160,116.2,21.4,0
N005739,S001,21.24,N005298,7977.9,N004766,S002,1536.5,22.1,0
N008798,S012,21.24,N008125,4835.3,N008145,S104,63.1,21.46,0
N000635,S004,21.23,N001038,4210.6,N000999,S156,85.0,21.75,0
N002301,S003,21.22,N003270,3314.1,N003298,S160,116.2,21.38,0
N007797,S006,21.21,N007488,4484.2,N007474,S170,75.7,20.49,0
N000611,S007,21.2,N001225,1677.5,N001502,S043,489.5,18.91,0
N008336,S006,21.2,N007488,5898.1,N007474,S170,75.7,20.48,0
N008348,S006,21.19,N007488,5711.9,N007474,S170,75.7,20.47,0
N007413,S006,21.18,N007488,3333.1,N007474,S170,75.7,20.46,0
N007591,S006,21.18,N007488,3883.8,N007474,S170,75.7,20.46,0
N008080,S006,21.18,N007488,5216.2,N007474,S170,75.7,20.46,0
N008702,S017,21.18,N008055,4853.7,N008094,S104,80.1,21.68,0
N002268,S003,21.17,N003270,3291.1,N003298,S160,116.2,21.33,0
N008321,S006,21.17,N007488,5643.9,N007474,S170,75.7,20.45,0
N001301,S004,21.16,N001038,3453.7,N000999,S156,85.0,21.67,0
N002131,S003,21.15,N003270,2865.3,N003298,S160,116.2,21.32,0
N002366,S003,21.15,N003270,3670.2,N003298,S160,116.2,21.31,0
N001449,S004,21.14,N001038,3376.8,N000999,S156,85.0,21.65,0
N008782,S012,21.13,N008125,4755.4,N008145,S104,63.1,21.35,0
N008271,S006,21.12,N007488,5624.9,N007474,S170,75.7,20.4,0
N002249,S003,21.11,N003270,3248.0,N003298,S160,116.2,21.28,0
N002130,S003,21.08,N003270,2854.8,N003298,S160,116.2,21.24,0
N004731,S001,21.07,N005298,4174.1,N004766,S002,1536.5,21.94,0
N004640,S001,21.06,N005298,4115.0,N004766,S002,1536.5,21.93,0
N008296,S006,21.04,N007488,5546.3,N007474,S170,75.7,20.32,0
N008364,S006,21.03,N007488,5765.6,N007474,S170,75.7,20.31,0
N002320,S003,21.02,N003270,3376.5,N003298,S160,116.2,21.18,0
N004627,S001,21.02,N005298,4148.8,N004766,S002,1536.5,21.89,0
N000731,S007,21.01,N001225,1176.5,N001502,S043,489.5,18.72,0
N004660,S001,20.99,N005298,4030.1,N004766,S002,1536.5,21.86,0
N006024,S001,20.98,N005298,7317.1,N004766,S002,1536.5,21.85,0
N000880,S016,20.97,N001062,511.5,N001118,S007,214.1,19.38,0
N000943,S016,20.97,N001505,1539.2,N001604,S040,282.5,19.6,0
N008257,S006,20.97,N007488,5635.1,N007474,S170,75.7,20.25,0
N007473,S006,20.96,N007488,3939.8,N007474,S170,75.7,20.24,0
N008316,S006,20.96,N007488,5813.5,N007474,S170,75.7,20.24,0
N004582,S001,20.95,N005298,4017.2,N004766,S002,1536.5,21.82,0
N002058,S003,20.93,N003270,2684.0,N003298,S160,116.2,21.09,0
X000078,S012,20.93,N008125,5030.1,N008145,S104,63.1,21.15,0
N008712,S017,20.92,N008055,4748.6,N008094,S104,80.1,21.42,0
N000837,S016,20.91,N001062,615.4,N001118,S007,214.1,19.32,0
N004611,S001,20.9,N005298,3938.3,N004766,S002,1536.5,21.77,0
N000644,S007,20.89,N001225,2101.3,N001502,S043,489.5,18.6,0
N008852,S012,20.88,N008125,4996.9,N008145,S104,63.1,21.1,0
N000687,S007,20.87,N001225,1484.3,N001502,S043,489.5,18.58,0
N007868,S006,20.86,N007488,4594.4,N007474,S170,75.7,20.14,0
N000939,S016,20.84,N001062,507.9,N001118,S007,214.1,19.25,0
N001394,S004,20.84,N001038,3497.3,N000999,S156,85.0,21.35,0
N008225,S006,20.84,N007488,5370.5,N007474,S170,75.7,20.12,0
N008261,S006,20.84,N007488,5461.5,N007474,S170,75.7,20.12,0
N008370,S006,20.84,N007488,5828.6,N007474,S170,75.7,20.12,0
N008621,S017,20.84,N008055,5207.3,N008094,S104,80.1,21.35,0
N007118,S014,20.83,N007524,2956.5,N007564,S006,102.0,22.34,0
N007191,S014,20.83,N007524,2462.6,N007564,S006,102.0,22.34,0
N000834,S016,20.82,N001062,778.4,N001118,S007,214.1,19.23,0
N001083,S021,20.82,N001886,2328.9,N001826,S040,222.7,20.88,0
N007139,S014,20.82,N007524,2874.5,N007564,S006,102.0,22.33,0
N008266,S006,20.82,N007488,5582.1,N007474,S170,75.7,20.1,0
N000780,S007,20.81,N001225,1374.3,N001502,S043,489.5,18.52,0
N008288,S006,20.8,N007488,5540.2,N007474,S170,75.7,20.08,0
N004168,S005,20.78,N002822,4186.2,N002836,S092,81.5,21.34,0
N008207,S006,20.78,N007488,5334.7,N007474,S170,75.7,20.06,0
N008211,S006,20.78,N007488,5420.7,N007474,S170,75.7,20.06,0
N000774,S007,20.77,N001225,1937.3,N001502,S043,489.5,18.48,0
N002051,S003,20.77,N003270,2590.0,N003298,S160,116.2,20.93,0
N004718,S001,20.75,N005298,3762.5,N004766,S002,1536.5,21.62,0
N008858,S012,20.73,N008125,5062.7,N008145,S104,63.1,20.95,0
N001318,S004,20.7,N001038,3400.1,N000999,S156,85.0,21.21,0
N000864,S016,20.69,N001062,677.7,N001118,S007,214.1,19.1,0
N008286,S006,20.69,N007488,5667.6,N007474,S170,75.7,19.97,0
N008158,S006,20.67,N007488,5216.1,N007474,S170,75.7,19.95,0
N007840,S006,20.66,N007488,4473.8,N007474,S170,75.7,19.94,0
N002031,S003,20.64,N003270,2532.3,N003298,S160,116.2,20.8,0
N004177,S005,20.64,N002822,4194.9,N002836,S092,81.5,21.2,0
N008454,S006,20.62,N008384,340.1,N008428,S013,169.2,15.72,0
N008409,S006,20.61,N007488,6003.8,N007474,S170,75.7,19.89,0
N008478,S006,20.59,N008478,0.0,N008498,S013,84.8,14.85,0
N008187,S006,20.58,N007488,5331.3,N007474,S170,75.7,19.86,0
N008425,S006,20.58,N007488,6073.7,N007474,S170,75.7,19.86,0
N000800,S007,20.55,N001225,1335.7,N001502,S043,489.5,18.26,0
N000798,S007,20.54,N001225,1392.4,N001502,S043,489.5,18.25,0
N008141,S006,20.54,N007488,5164.4,N007474,S170,75.7,19.82,0
N001312,S004,20.53,N001038,3353.6,N000999,S156,85.0,21.05,0
N007640,S006,20.53,N007488,3877.9,N007474,S170,75.7,19.81,0
N000703,S007,20.52,N001225,1684.2,N001502,S043,489.5,18.23,0
N008352,S006,20.49,N007488,5746.1,N007474,S170,75.7,19.77,0
N008402,S006,20.48,N008384,85.4,N008428,S013,169.2,15.58,0
N004526,S001,20.46,N005298,3778.4,N004766,S002,1536.5,21.33,0
N004567,S001,20.46,N005298,3693.6,N004766,S002,1536.5,21.33,0
N007215,S014,20.46,N007524,2554.7,N007564,S006,102.0,21.96,0
N007850,S018,20.46,N007850,0.0,N008099,S012,1048.0,16.34,0
N000883,S016,20.45,N001505,1689.5,N001604,S040,282.5,19.08,0
N001487,S004,20.43,N001038,3286.3,N000999,S156,85.0,20.94,0
N008385,S006,20.41,N007488,5898.9,N007474,S170,75.7,19.69,0
N003738,S005,20.39,N002822,3742.5,N002836,S092,81.5,20.94,0
N008433,S006,20.39,N008384,259.5,N008428,S013,169.2,15.48,0
N001349,S004,20.38,N001038,3412.9,N000999,S156,85.0,20.89,0
N003568,S005,20.38,N002822,3597.0,N002836,S092,81.5,20.94,0
N008174,S006,20.38,N007488,5261.8,N007474,S170,75.7,19.66,0
N008898,S012,20.38,N008125,5327.6,N008145,S104,63.1,20.6,0
N008368,S006,20.37,N007488,5812.4,N007474,S170,75.7,19.65,0
N007633,S006,20.36,N007488,3776.7,N007474,S170,75.7,19.64,0
N008360,S006,20.35,N008331,86.9,N008413,S013,253.2,16.28,0
N008416,S006,20.34,N008384,173.9,N008428,S013,169.2,15.43,0
N006688,S022,20.32,N005842,3592.4,N005584,S134,583.7,21.48,0
N008112,S006,20.32,N007488,5107.9,N007474,S170,75.7,19.6,0
N008347,S006,20.32,N007488,5725.9,N007474,S170,75.7,19.6,0
N008659,S017,20.32,N008055,4937.4,N008094,S104,80.1,20.82,0
N000805,S007,20.31,N001225,1876.8,N001502,S043,489.5,18.01,0
N008101,S006,20.31,N007488,5077.0,N007474,S170,75.7,19.59,0
N005717,S001,20.3,N005298,8068.9,N004766,S002,1536.5,21.17,0
N008150,S006,20.29,N007488,5204.7,N007474,S170,75.7,19.57,0
N008155,S006,20.29,N007488,5243.3,N007474,S170,75.7,19.57,0
N008287,S006,20.28,N007488,5552.6,N007474,S170,75.7,19.56,0
N008394,S006,20.28,N008331,260.4,N008413,S013,253.2,16.21,0
N008869,S012,20.28,N008125,5125.6,N008145,S104,63.1,20.5,0
N004380,S001,20.27,N005298,4053.5,N004766,S002,1536.5,21.14,0
N008307,S006,20.27,N007488,5552.9,N007474,S170,75.7,19.55,0
N004669,S001,20.25,N005298,3661.9,N004766,S002,1536.5,21.12,0
N005973,S001,20.25,N005298,8797.7,N004766,S002,1536.5,21.12,0
N006658,S022,20.25,N005842,3686.6,N005584,S134,583.7,21.41,0
N008119,S006,20.25,N007488,5157.2,N007474,S170,75.7,19.53,0
N000783,S007,20.2,N001225,1028.4,N001502,S043,489.5,17.91,0
N003562,S005,20.2,N002822,3468.3,N002836,S092,81.5,20.76,0
N006057,S001,20.2,N005298,7279.9,N004766,S002,1536.5,21.07,0
N002062,S003,20.18,N003270,2778.6,N003298,S160,116.2,20.34,0
N008914,S012,20.18,N008125,5411.1,N008145,S104,63.1,20.4,0
N005969,S001,20.16,N005298,7439.0,N004766,S002,1536.5,21.03,0
N007346,S014,20.16,N007524,2478.5,N007564,S006,102.0,21.67,0
N008298,S006,20.16,N007488,5491.3,N007474,S170,75.7,19.44,0
N000933,S004,20.15,N001038,3872.3,N000999,S156,85.0,20.67,0
N003602,S005,20.15,N002822,3544.8,N002836,S092,81.5,20.71,0
N006046,S001,20.15,N005298,7230.1,N004766,S002,1536.5,21.02,0
N008327,S006,20.13,N007488,5656.3,N007474,S170,75.7,19.41,0
N007894,S006,20.12,N007488,4507.6,N007474,S170,75.7,19.4,0
N008324,S006,20.12,N007488,5639.3,N007474,S170,75.7,19.4,0
N004603,S001,20.11,N005298,3596.2,N004766,S002,1536.5,20.98,0
N005703,S001,20.11,N005298,8153.8,N004766,S002,1536.5,20.98,0
N008064,S006,20.11,N007488,4997.6,N007474,S170,75.7,19.39,0
N008891,S012,20.06,N008125,5104.7,N008145,S104,63.1,20.28,0
N000954,S016,20.05,N001062,294.4,N001118,S007,214.1,18.45,0
N007823,S006,20.04,N007488,4393.5,N007474,S170,75.7,19.32,0
N000839,S007,20.03,N001225,1325.4,N001502,S043,489.5,17.74,0
N000962,S016,20.03,N001505,1437.7,N001604,S040,282.5,18.66,0
N003595,S005,20.03,N002822,3578.3,N002836,S092,81.5,20.59,0
N003638,S005,20.03,N002822,3468.7,N002836,S092,81.5,20.59,0
N007831,S006,20.03,N007488,4417.4,N007474,S170,75.7,19.31,0
N006699,S022,20.01,N005842,3585.2,N005584,S134,583.7,21.18,0
N006740,S022,20.01,N005842,3605.1,N005584,S134,583.7,21.18,0
N004740,S001,20.0,N005298,3900.8,N004766,S002,1536.5,20.87,0
N003619,S005,19.99,N002822,3452.0,N002836,S092,81.5,20.55,0
N007778,S006,19.99,N007488,4312.4,N007474,S170,75.7,19.27,0
N008275,S006,19.99,N007488,5397.7,N007474,S170,75.7,19.27,0
N001361,S004,19.97,N001038,3270.3,N000999,S156,85.0,20.48,0
N004668,S001,19.97,N005298,3493.0,N004766,S002,1536.5,20.84,0
N000702,S007,19.96,N001225,1952.5,N001502,S043,489.5,17.66,0
N006704,S022,19.96,N005842,3542.3,N005584,S134,583.7,21.13,0
N004738,S001,19.95,N005298,3823.7,N004766,S002,1536.5,20.82,0
N007808,S006,19.95,N007488,4306.2,N007474,S170,75.7,19.23,0
N008555,S012,19.94,N008125,4154.8,N008145,S104,63.1,20.16,0
N007299,S006,19.93,N007488,2380.7,N007474,S170,75.7,19.21,0
N006789,S022,19.92,N005842,3080.8,N005584,S134,583.7,21.09,0
N000740,S007,19.91,N001225,1863.0,N001502,S043,489.5,17.62,0
N000724,S007,19.9,N001225,1627.9,N001502,S043,489.5,17.6,0
N003591,S005,19.9,N002822,3420.7,N002836,S092,81.5,20.46,0
N007187,S014,19.9,N007524,2480.2,N007564,S006,102.0,21.41,0
N008272,S006,19.88,N007488,5474.4,N007474,S170,75.7,19.16,0
N003588,S005,19.85,N002822,3321.3,N002836,S092,81.5,20.41,0
N007198,S014,19.85,N007524,2394.9,N007564,S006,102.0,21.36,0
N007311,S006,19.83,N007488,2448.5,N007474,S170,75.7,19.11,0
N008243,S006,19.83,N007488,5385.0,N007474,S170,75.7,19.11,0
N000872,S007,19.81,N001225,1882.2,N001502,S043,489.5,17.52,0
N000913,S007,19.81,N001225,1167.3,N001502,S043,489.5,17.52,0
N006801,S022,19.81,N005842,3075.9,N005584,S134,583.7,20.97,0
N008883,S012,19.8,N008125,5008.7,N008145,S104,63.1,20.02,0
N004059,S005,19.79,N002822,4025.5,N002836,S092,81.5,20.35,0
N007695,S006,19.79,N007488,3893.8,N007474,S170,75.7,19.07,0
N000953,S016,19.78,N001505,1405.6,N001604,S040,282.5,18.41,0
N006093,S001,19.78,N005298,7137.0,N004766,S002,1536.5,20.65,0
N000756,S004,19.77,N001038,3456.0,N000999,S156,85.0,20.28,0
N007290,S006,19.77,N007488,2381.9,N007474,S170,75.7,19.05,0
N008185,S006,19.77,N007488,5215.4,N007474,S170,75.7,19.05,0
N007746,S006,19.76,N007488,4061.5,N007474,S170,75.7,19.04,0
N008422,S006,19.75,N008422,0.0,N008445,S013,83.3,13.99,0
N006127,S001,19.74,N005298,7293.4,N004766,S002,1536.5,20.61,0
N004583,S001,19.73,N005298,3455.9,N004766,S002,1536.5,20.6,0
N002077,S003,19.72,N003270,2464.4,N003298,S160,116.2,19.89,0
N000902,S016,19.71,N001062,617.4,N001118,S007,214.1,18.12,0
N007787,S006,19.7,N007488,4216.5,N007474,S170,75.7,18.98,0
N008218,S006,19.7,N007488,5296.7,N007474,S170,75.7,18.98,0
N000859,S016,19.68,N001505,1930.3,N001604,S040,282.5,18.32,0
N006795,S022,19.68,N005842,3038.9,N005584,S134,583.7,20.85,0
N000831,S007,19.64,N001225,1247.3,N001502,S043,489.5,17.35,0
N000882,S007,19.64,N001225,1090.9,N001502,S043,489.5,17.35,0
N007762,S018,19.64,N007641,2707.6,N007605,S143,183.7,20.06,0
N000929,S016,19.63,N001505,1472.1,N001604,S040,282.5,18.27,0
N004643,S001,19.63,N005298,3571.0,N004766,S002,1536.5,20.5,0
N000838,S007,19.61,N001225,1734.2,N001502,S043,489.5,17.32,0
N006717,S022,19.6,N005842,3498.6,N005584,S134,583.7,20.76,0
N007295,S006,19.59,N007488,2292.6,N007474,S170,75.7,18.87,0
N001055,S016,19.57,N001062,546.3,N001118,S007,214.1,17.97,0
N003663,S005,19.56,N002822,3592.1,N002836,S092,81.5,20.12,0
N004462,S001,19.56,N005298,4268.4,N004766,S002,1536.5,20.43,0
N004653,S001,19.56,N005298,3364.6,N004766,S002,1536.5,20.43,0
N008021,S006,19.56,N007488,4863.7,N007474,S170,75.7,18.84,0
N002242,S003,19.55,N003270,3130.6,N003298,S160,116.2,19.71,0
N007687,S006,19.55,N007488,3773.8,N007474,S170,75.7,18.83,0
N007231,S014,19.54,N007524,2032.0,N007564,S006,102.0,21.05,0
N001428,S004,19.53,N001038,3195.7,N000999,S156,85.0,20.04,0
N006835,S022,19.52,N005842,3185.5,N005584,S134,583.7,20.68,0
N000931,S016,19.5,N001505,1509.8,N001604,S040,282.5,18.13,0
N007662,S006,19.48,N007488,3684.7,N007474,S170,75.7,18.76,0
N008091,S006,19.48,N007488,4955.3,N007474,S170,75.7,18.76,0
N001195,S021,19.47,N001886,2194.9,N001826,S040,222.7,19.53,0
N003713,S005,19.47,N002822,3645.6,N002836,S092,81.5,20.03,0
N007986,S006,19.47,N007488,4697.4,N007474,S170,75.7,18.75,0
N000738,S007,19.46,N001225,1595.5,N001502,S043,489.5,17.17,0
N004626,S001,19.46,N005298,3367.0,N004766,S002,1536.5,20.33,0
N008384,S006,19.46,N008384,0.0,N008428,S013,169.2,14.56,0
N008874,S012,19.46,N008125,4922.8,N008145,S104,63.1,19.68,0
N003704,S005,19.45,N002822,3665.3,N002836,S092,81.5,20.01,0
N003640,S005,19.44,N002822,3667.1,N002836,S092,81.5,20.0,0
N004636,S001,19.44,N005298,3537.9,N004766,S002,1536.5,20.31,0
N000878,S007,19.42,N001225,1827.1,N001502,S043,489.5,17.13,0
N000765,S007,19.41,N001225,1506.3,N001502,S043,489.5,17.11,0
N000766,S007,19.41,N001225,1684.4,N001502,S043,489.5,17.11,0
N000739,S007,19.38,N001225,1773.6,N001502,S043,489.5,17.09,0
N000849,S007,19.37,N001225,1229.1,N001502,S043,489.5,17.08,0
N004258,S005,19.37,N002822,4299.9,N002836,S092,81.5,19.93,0
N008105,S006,19.37,N007488,4954.0,N007474,S170,75.7,18.65,0
N003647,S005,19.36,N002822,3648.2,N002836,S092,81.5,19.92,0
N004577,S001,19.33,N005298,3242.5,N004766,S002,1536.5,20.2,0
N007294,S014,19.33,N007524,2090.3,N007564,S006,102.0,20.84,0
N003532,S005,19.32,N002822,3235.3,N002836,S092,81.5,19.88,0
N006809,S022,19.32,N005842,3079.4,N005584,S134,583.7,20.48,0
N007129,S014,19.32,N007524,3029.0,N007564,S006,102.0,20.83,0
N007950,S006,19.32,N007488,4533.3,N007474,S170,75.7,18.6,0
N007852,S006,19.31,N007488,4331.9,N007474,S170,75.7,18.59,0
N008138,S006,19.3,N007488,5059.6,N007474,S170,75.7,18.58,0
N000876,S007,19.29,N001225,1255.7,N001502,S043,489.5,16.99,0
N004392,S001,19.29,N005298,4220.0,N004766,S002,1536.5,20.16,0
N008212,S006,19.29,N007488,5214.4,N007474,S170,75.7,18.57,0
N008863,S012,19.28,N008125,4837.2,N008145,S104,63.1,19.5,0
N008876,S012,19.28,N008125,4738.7,N008145,S104,63.1,19.5,0
N006841,S022,19.27,N005842,3282.7,N005584,S134,583.7,20.44,0
N007586,S018,19.27,N007641,2335.2,N007605,S143,183.7,19.69,0
N007742,S006,19.27,N007488,3966.9,N007474,S170,75.7,18.55,0
N000843,S007,19.26,N001225,1001.9,N001502,S043,489.5,16.97,0
N000958,S016,19.26,N001062,610.2,N001118,S007,214.1,17.66,0
N008331,S006,19.24,N008331,0.0,N008413,S013,253.2,15.17,0
N008647,S017,19.22,N008055,5058.3,N008094,S104,80.1,19.72,0
N007656,S006,19.21,N007488,3642.4,N007474,S170,75.7,18.49,0
N008077,S006,19.21,N007488,4871.1,N007474,S170,75.7,18.49,0
N007838,S006,19.18,N007488,4245.8,N007474,S170,75.7,18.46,0
X000101,S001,19.18,N005298,8438.7,N004766,S002,1536.5,20.05,0
N008067,S006,19.17,N007488,4866.5,N007474,S170,75.7,18.45,0
N008584,S017,19.17,N008055,5324.2,N008094,S104,80.1,19.67,0
N003126,S011,19.16,N002450,1090.4,N002307,S004,555.6,17.68,0
N003570,S005,19.16,N002822,3609.2,N002836,S092,81.5,19.72,0
N007921,S006,19.16,N007488,4420.7,N007474,S170,75.7,18.44,0
N000985,S016,19.14,N001505,1290.3,N001604,S040,282.5,17.77,0
N000855,S007,19.13,N001225,1161.1,N001502,S043,489.5,16.84,0
N007498,S006,19.13,N007488,3117.2,N007474,S170,75.7,18.41,0
N001029,S016,19.11,N001505,1405.8,N001604,S040,282.5,17.74,0
N004605,S001,19.11,N005298,3238.4,N004766,S002,1536.5,19.98,0
N001045,S016,19.1,N001505,1406.1,N001604,S040,282.5,17.73,0
N003575,S005,19.1,N002822,3589.4,N002836,S092,81.5,19.65,0
N002054,S003,19.09,N003270,2418.2,N003298,S160,116.2,19.25,0
N006672,S022,19.09,N005842,3670.5,N005584,S134,583.7,20.25,0
N005508,S001,19.07,N005298,6232.8,N004766,S002,1536.5,19.94,0
N006778,S022,19.07,N005842,2956.9,N005584,S134,583.7,20.23,0
N008818,S012,19.07,N008125,4379.4,N008145,S104,63.1,19.28,0
N001096,S016,19.06,N001505,1508.5,N001604,S040,282.5,17.7,0
N008166,S006,19.05,N007488,5049.9,N007474,S170,75.7,18.33,0
N000898,S007,19.04,N001225,1938.6,N001502,S043,489.5,16.75,0
N000824,S007,19.03,N001225,1324.5,N001502,S043,489.5,16.74,0
N005538,S001,19.02,N005298,6319.1,N004766,S002,1536.5,19.88,0
N007989,S006,19.02,N007488,4570.4,N007474,S170,75.7,18.3,0
N000852,S007,19.01,N001225,1202.3,N001502,S043,489.5,16.72,0
N006791,S022,19.01,N005842,3036.0,N005584,S134,583.7,20.18,0
N003593,S005,19.0,N002822,3515.2,N002836,S092,81.5,19.56,0
N001162,S021,18.99,N001886,2140.2,N001826,S040,222.7,19.04,0
N002063,S003,18.99,N003270,2326.2,N003298,S160,116.2,19.15,0
N004692,S001,18.98,N005298,3707.6,N004766,S002,1536.5,19.85,0
N007796,S018,18.98,N007641,2396.7,N007605,S143,183.7,19.4,0
N007320,S006,18.96,N007488,2342.8,N007474,S170,75.7,18.24,0
N000680,S004,18.95,N001038,4036.7,N000999,S156,85.0,19.46,0
N007682,S018,18.95,N007641,2266.7,N007605,S143,183.7,19.37,0
N008053,S006,18.95,N007488,4787.9,N007474,S170,75.7,18.23,0
N008563,S012,18.95,N008125,4024.3,N008145,S104,63.1,19.17,0
N008827,S012,18.95,N008125,4331.6,N008145,S104,63.1,19.17,0
N006120,S001,18.94,N005298,7248.9,N004766,S002,1536.5,19.81,0
N008911,S012,18.94,N008918,479.5,N009018,S027,563.1,16.49,0
N000817,S007,18.93,N001225,1800.2,N001502,S043,489.5,16.64,0
N004536,S001,18.93,N005298,3184.2,N004766,S002,1536.5,19.8,0
N006802,S022,18.92,N005842,3122.8,N005584,S134,583.7,20.08,0
N000802,S007,18.91,N001225,1423.4,N001502,S043,489.5,16.62,0
N006788,S022,18.91,N005842,2991.8,N005584,S134,583.7,20.07,0
N008142,S006,18.91,N007488,4959.6,N007474,S170,75.7,18.19,0
N008173,S006,18.91,N007488,5041.6,N007474,S170,75.7,18.19,0
N004396,S001,18.9,N005298,2916.5,N004766,S002,1536.5,19.77,0
N008044,S006,18.9,N007488,4779.8,N007474,S170,75.7,18.18,0
N008867,S012,18.9,N008125,4647.7,N008145,S104,63.1,19.12,0
N008206,S006,18.88,N007488,5129.1,N007474,S170,75.7,18.16,0
N008466,S012,18.88,N008125,3446.4,N008145,S104,63.1,19.1,0
N005517,S001,18.87,N005298,6309.7,N004766,S002,1536.5,19.73,0
N005492,S001,18.86,N005298,6177.4,N004766,S002,1536.5,19.73,0
N007901,S006,18.85,N007488,4333.6,N007474,S170,75.7,18.13,0
N000850,S007,18.84,N001225,893.6,N001502,S043,489.5,16.55,0
N007888,S006,18.81,N007488,4251.7,N007474,S170,75.7,18.09,0
N008753,S017,18.81,N008055,4532.0,N008094,S104,80.1,19.31,0
N000840,S007,18.8,N001225,1313.4,N001502,S043,489.5,16.51,0
N001051,S016,18.8,N001505,1492.5,N001604,S040,282.5,17.44,0
N000881,S016,18.78,N001062,578.3,N001118,S007,214.1,17.18,0
N003628,S005,18.78,N002822,3414.5,N002836,S092,81.5,19.34,0
N001226,S016,18.77,N001252,87.8,N001347,S021,197.7,15.77,0
N004514,S001,18.77,N005298,3093.5,N004766,S002,1536.5,19.64,0
N000874,S007,18.76,N001225,1365.5,N001502,S043,489.5,16.47,0
X000090,S014,18.76,N007524,2614.0,N007564,S006,102.0,20.27,0
N008838,S012,18.75,N008125,4384.5,N008145,S104,63.1,18.97,0
N003020,S011,18.74,N002450,871.4,N002307,S004,555.6,17.26,0
N003358,S005,18.74,N002822,2999.4,N002836,S092,81.5,19.3,0
N008578,S012,18.74,N008125,3985.6,N008145,S104,63.1,18.96,0
N008690,S017,18.74,N008055,4704.3,N008094,S104,80.1,19.24,0
N003574,S005,18.73,N002822,3314.4,N002836,S092,81.5,19.29,0
N008879,S012,18.73,N008125,5212.4,N008145,S104,63.1,18.95,0
N000893,S016,18.68,N001505,1574.9,N001604,S040,282.5,17.31,0
N004490,S001,18.65,N005298,3011.4,N004766,S002,1536.5,19.52,0
N008036,S006,18.63,N007488,4702.9,N007474,S170,75.7,17.91,0
N007326,S018,18.62,N007407,768.3,N007267,S019,857.0,18.49,0
N006786,S022,18.61,N005842,2959.8,N005584,S134,583.7,19.78,0
N008887,S012,18.61,N008918,363.9,N009018,S027,563.1,16.16,0
N000956,S007,18.6,N001225,1120.4,N001502,S043,489.5,16.31,0
N001183,S016,18.6,N001505,1595.4,N001604,S040,282.5,17.23,0
N007975,S006,18.6,N007488,4482.8,N007474,S170,75.7,17.88,0
X000113,S006,18.6,N007488,4345.7,N007474,S170,75.7,17.88,0
N004325,S001,18.59,N005298,4140.0,N004766,S002,1536.5,19.46,0
N000801,S007,18.58,N001225,1602.5,N001502,S043,489.5,16.29,0
N002286,S003,18.57,N003270,3055.9,N003298,S160,116.2,18.73,0
N003533,S005,18.56,N002822,3142.9,N002836,S092,81.5,19.12,0
N004575,S001,18.56,N005298,3136.9,N004766,S002,1536.5,19.43,0
N007627,S018,18.56,N007641,2064.5,N007605,S143,183.7,18.98,0
N003535,S005,18.55,N002822,3239.0,N002836,S092,81.5,19.11,0
N007962,S006,18.55,N007488,4404.7,N007474,S170,75.7,17.83,0
N000907,S007,18.54,N001225,1172.0,N001502,S043,489.5,16.25,0
N005154,S001,18.54,N005298,4568.8,N004766,S002,1536.5,19.41,0
N007862,S006,18.51,N007488,4163.1,N007474,S170,75.7,17.79,0
N005481,S001,18.49,N005298,6090.6,N004766,S002,1536.5,19.36,0
N007747,S018,18.49,N007641,2237.0,N007605,S143,183.7,18.92,0
N008014,S006,18.48,N007488,4613.0,N007474,S170,75.7,17.76,0
N001211,S016,18.45,N001505,1510.2,N001604,S040,282.5,17.09,0
N000793,S004,18.44,N001038,3301.2,N000999,S156,85.0,18.96,0
N007314,S006,18.44,N007488,2166.4,N007474,S170,75.7,17.72,0
N000969,S016,18.43,N001062,674.7,N001118,S007,214.1,16.84,0
N001482,S004,18.43,N001038,3062.6,N000999,S156,85.0,18.95,0
N007952,S018,18.43,N007952,0.0,N008262,S012,1117.3,17.58,0
N000971,S016,18.41,N000971,0.0,N000987,S007,105.2,12.29,0
N008736,S017,18.41,N008055,4557.8,N008094,S104,80.1,18.91,0
N002791,S011,18.39,N002791,0.0,N002443,S004,602.1,13.17,0
N003524,S005,18.39,N002822,3164.6,N002836,S092,81.5,18.95,0
N000867,S007,18.38,N001225,1647.9,N001502,S043,489.5,16.09,0
N001168,S021,18.38,N001886,2056.0,N001826,S040,222.7,18.44,0
N001005,S016,18.36,N001505,1281.3,N001604,S040,282.5,16.99,0
N001252,S016,18.35,N001252,0.0,N001347,S021,197.7,15.34,0
X000085,S017,18.35,N008055,5087.3,N008094,S104,80.1,18.85,0
N000807,S007,18.33,N001225,1404.5,N001502,S043,489.5,16.04,0
N007759,S018,18.33,N007641,2236.5,N007605,S143,183.7,18.75,0
N004446,S001,18.32,N005298,2850.2,N004766,S002,1536.5,19.19,0
N000983,S016,18.31,N001062,197.6,N001118,S007,214.1,16.72,0
N007813,S018,18.3,N007641,2577.6,N007605,S143,183.7,18.72,0
N008913,S012,18.3,N008125,5037.0,N008145,S104,63.1,18.52,0
N007752,S018,18.28,N007641,2214.3,N007605,S143,183.7,18.7,0
N007944,S006,18.25,N007488,4312.5,N007474,S170,75.7,17.53,0
N001494,S004,18.24,N001038,3034.7,N000999,S156,85.0,18.75,0
N006176,S001,18.22,N005298,6960.9,N004766,S002,1536.5,19.09,0
N001075,S016,18.2,N001505,1304.5,N001604,S040,282.5,16.83,0
N008612,S017,18.2,N008055,5291.5,N008094,S104,80.1,18.71,0
N007922,S018,18.19,N007641,2759.5,N007605,S143,183.7,18.61,0
N007882,S006,18.18,N007488,4110.5,N007474,S170,75.7,17.46,0
N007748,S018,18.13,N007641,2193.9,N007605,S143,183.7,18.55,0
N003513,S005,18.12,N002822,3184.3,N002836,S092,81.5,18.68,0
N000854,S007,18.11,N001225,845.2,N001502,S043,489.5,15.81,0
N005141,S001,18.11,N005298,3785.1,N004766,S002,1536.5,18.98,0
N000803,S004,18.1,N001038,3883.6,N000999,S156,85.0,18.62,0
N005116,S001,18.1,N005298,4765.6,N004766,S002,1536.5,18.97,0
N005414,S001,18.08,N005298,6087.1,N004766,S002,1536.5,18.94,0
N007324,S006,18.07,N007488,2194.7,N007474,S170,75.7,17.35,0
N000993,S016,18.06,N001062,317.6,N001118,S007,214.1,16.46,0
N000865,S007,18.04,N001225,1080.1,N001502,S043,489.5,15.75,0
N007728,S018,18.04,N007641,2107.1,N007605,S143,183.7,18.46,0
N008764,S017,18.03,N008055,4461.6,N008094,S104,80.1,18.54,0
N002159,S003,18.02,N003270,2199.7,N003298,S160,116.2,18.18,0
N002199,S003,18.02,N003270,2373.4,N003298,S160,116.2,18.18,0
N005056,S001,18.02,N005298,4953.0,N004766,S002,1536.5,18.89,0
N007724,S018,18.0,N007641,2183.0,N007605,S143,183.7,18.43,0
N000706,S004,17.98,N001038,3943.2,N000999,S156,85.0,18.49,0
N002156,S003,17.98,N003270,2291.8,N003298,S160,116.2,18.14,0
N007832,S006,17.96,N007488,3955.6,N007474,S170,75.7,17.24,0
N008892,S012,17.92,N008918,289.2,N009018,S027,563.1,15.47,0
N001392,S004,17.89,N001038,2996.0,N000999,S156,85.0,18.4,0
N006755,S022,17.88,N005842,2826.6,N005584,S134,583.7,19.05,0
N007726,S018,17.88,N007641,2278.2,N007605,S143,183.7,18.31,0
N005454,S001,17.85,N005298,6004.3,N004766,S002,1536.5,18.72,0
N000949,S007,17.82,N001225,1060.6,N001502,S043,489.5,15.52,0
N001131,S016,17.8,N001505,1362.6,N001604,S040,282.5,16.44,0
N007328,S006,17.8,N007488,2156.9,N007474,S170,75.7,17.08,0
N008919,S012,17.8,N008918,413.2,N009018,S027,563.1,15.35,0
N008005,S006,17.79,N007488,4798.1,N007474,S170,75.7,17.07,0
N001543,S004,17.78,N001038,2961.4,N000999,S156,85.0,18.3,0
N007368,S006,17.78,N007488,2334.8,N007474,S170,75.7,17.06,0
X000087,S001,17.78,N005298,7384.3,N004766,S002,1536.5,18.65,0
N007412,S006,17.77,N007488,2515.8,N007474,S170,75.7,17.05,0
N006192,S001,17.76,N005298,6876.8,N004766,S002,1536.5,18.63,0
N007582,S018,17.76,N007641,1859.1,N007605,S143,183.7,18.18,0
N001219,S021,17.74,N001886,1857.1,N001826,S040,222.7,17.8,0
N000891,S007,17.72,N001225,996.9,N001502,S043,489.5,15.43,0
N001016,S016,17.7,N001062,108.0,N001118,S007,214.1,16.11,0
N001588,S004,17.69,N001038,2894.0,N000999,S156,85.0,18.21,0
N003479,S005,17.68,N002822,3088.3,N002836,S092,81.5,18.24,0
N007276,S014,17.67,N007524,1777.0,N007564,S006,102.0,19.18,0
N007822,S018,17.67,N007641,2490.5,N007605,S143,183.7,18.09,0
N002944,S011,17.62,N002450,760.6,N002307,S004,555.6,16.14,0
N006744,S022,17.6,N005842,2779.7,N005584,S134,583.7,18.77,0
N002171,S003,17.58,N003270,2116.5,N003298,S160,116.2,17.74,0
N005962,S001,17.56,N005298,8870.9,N004766,S002,1536.5,18.43,0
N004436,S001,17.53,N005298,4346.0,N004766,S002,1536.5,18.4,0
N006190,S001,17.53,N005298,7073.6,N004766,S002,1536.5,18.4,0
N007825,S018,17.53,N007641,2501.6,N007605,S143,183.7,17.95,0
N007497,S014,17.52,N007524,2212.5,N007564,S006,102.0,19.03,0
N003478,S005,17.51,N002822,3021.1,N002836,S092,81.5,18.07,0
N007843,S018,17.51,N007641,2548.8,N007605,S143,183.7,17.93,0
N000829,S007,17.5,N001225,1560.8,N001502,S043,489.5,15.21,0
N000734,S004,17.49,N001038,3854.6,N000999,S156,85.0,18.0,0
N002189,S003,17.49,N003270,2154.4,N003298,S160,116.2,17.65,0
N007364,S006,17.49,N007488,2278.4,N007474,S170,75.7,16.77,0
N001039,S016,17.46,N001062,213.3,N001118,S007,214.1,15.87,0
N007706,S006,17.45,N007488,3465.4,N007474,S170,75.7,16.73,0
N006701,S022,17.44,N005842,2668.2,N005584,S134,583.7,18.6,0
N001025,S016,17.37,N001505,1190.6,N001604,S040,282.5,16.0,0
N003477,S005,17.36,N002822,2978.5,N002836,S092,81.5,17.92,0
N000900,S016,17.34,N001505,1600.7,N001604,S040,282.5,15.97,0
N007629,S018,17.33,N007641,1953.7,N007605,S143,183.7,17.75,0
N000927,S007,17.32,N001225,910.7,N001502,S043,489.5,15.02,0
N006174,S001,17.3,N005298,7160.8,N004766,S002,1536.5,18.17,0
N007405,S006,17.3,N007488,2393.1,N007474,S170,75.7,16.58,0
N001397,S004,17.29,N001038,2905.7,N000999,S156,85.0,17.8,0
N008019,S012,17.29,N008125,2549.1,N008145,S104,63.1,17.51,0
N005802,S001,17.28,N005298,6876.6,N004766,S002,1536.5,18.15,0
N006221,S001,17.28,N005298,6884.4,N004766,S002,1536.5,18.15,0
N005653,S001,17.27,N005298,6905.2,N004766,S002,1536.5,18.14,0
N003469,S005,17.25,N002822,2961.8,N002836,S092,81.5,17.81,0
N008365,S006,17.25,N007488,5742.1,N007474,S170,75.7,16.53,0
N003200,S004,17.22,N001038,4058.1,N000999,S156,85.0,17.73,0
N008657,S013,17.21,N007765,5259.4,N007736,S006,161.9,18.95,0
N000888,S007,17.2,N001225,754.1,N001502,S043,489.5,14.91,0
N008602,S013,17.18,N007765,5001.9,N007736,S006,161.9,18.91,0
N007430,S006,17.17,N007488,2428.3,N007474,S170,75.7,16.45,0
N002293,S003,17.14,N003270,2300.4,N003298,S160,116.2,17.3,0
N001146,S016,17.13,N001505,1238.3,N001604,S040,282.5,15.77,0
N007552,S006,17.12,N007488,2867.2,N007474,S170,75.7,16.4,0
N008622,S013,17.11,N007765,5087.6,N007736,S006,161.9,18.84,0
N002915,S011,17.1,N002450,712.7,N002307,S004,555.6,15.62,0
N005424,S001,17.07,N005298,5880.7,N004766,S002,1536.5,17.94,0
N002734,S011,17.05,N002450,418.1,N002307,S004,555.6,15.57,0
N008649,S012,17.04,N008125,3738.5,N008145,S104,63.1,17.26,0
N007355,S006,17.03,N007488,2158.9,N007474,S170,75.7,16.31,0
N000940,S007,17.01,N001225,970.6,N001502,S043,489.5,14.71,0
N002701,S011,17.01,N002450,352.5,N002307,S004,555.6,15.53,0
N007437,S006,17.01,N007488,2500.5,N007474,S170,75.7,16.29,0
N002196,S003,17.0,N003270,2063.2,N003298,S160,116.2,17.16,0
N005734,S001,17.0,N005298,6720.9,N004766,S002,1536.5,17.87,0
N007370,S006,17.0,N007488,2232.2,N007474,S170,75.7,16.28,0
N008924,S012,17.0,N008918,329.0,N009018,S027,563.1,14.55,0
N008071,S012,16.99,N008125,2451.1,N008145,S104,63.1,17.21,0
N008708,S013,16.99,N007765,5524.7,N007736,S006,161.9,18.73,0
N008899,S012,16.95,N008918,197.8,N009018,S027,563.1,14.5,0
N001111,S016,16.93,N001505,1156.3,N001604,S040,282.5,15.57,0
N007340,S006,16.93,N007488,2079.0,N007474,S170,75.7,16.21,0
N007691,S018,16.93,N007407,1299.3,N007267,S019,857.0,16.8,0
N006238,S001,16.92,N005298,6787.6,N004766,S002,1536.5,17.79,0
N008583,S013,16.92,N007765,4919.3,N007736,S006,161.9,18.66,0
N004266,S001,16.9,N005298,4220.4,N004766,S002,1536.5,17.77,0
N008907,S012,16.9,N008125,5004.5,N008145,S104,63.1,17.12,0
N007634,S018,16.89,N007641,1794.5,N007605,S143,183.7,17.31,0
N008673,S013,16.89,N007765,5345.3,N007736,S006,161.9,18.63,0
X000073,S022,16.85,N005842,3345.3,N005584,S134,583.7,18.01,0
N000885,S007,16.83,N001225,825.0,N001502,S043,489.5,14.53,0
N008642,S013,16.83,N007765,5172.1,N007736,S006,161.9,18.56,0
N002757,S011,16.82,N002450,467.9,N002307,S004,555.6,15.34,0
N008038,S012,16.81,N008125,2408.4,N008145,S104,63.1,17.03,0
N005723,S001,16.76,N005298,6763.6,N004766,S002,1536.5,17.63,0
N006715,S022,16.76,N005842,2599.7,N005584,S134,583.7,17.92,0
N007332,S006,16.75,N007488,2006.0,N007474,S170,75.7,16.03,0
N008564,S013,16.73,N007765,4832.2,N007736,S006,161.9,18.47,0
N008692,S013,16.73,N007765,5429.2,N007736,S006,161.9,18.47,0
N000823,S004,16.7,N001038,3167.7,N000999,S156,85.0,17.22,0
N000947,S007,16.69,N001225,914.4,N001502,S043,489.5,14.4,0
N005683,S001,16.69,N005298,6840.6,N004766,S002,1536.5,17.56,0
N005675,S001,16.67,N005298,5776.2,N004766,S002,1536.5,17.54,0
N002447,S003,16.66,N003270,2954.6,N003298,S160,116.2,16.82,0
N008885,S012,16.65,N008918,431.7,N009018,S027,563.1,14.2,0
N001158,S016,16.64,N001505,1251.1,N001604,S040,282.5,15.27,0
N002654,S011,16.63,N002450,517.8,N002307,S004,555.6,15.15,0
N001071,S016,16.59,N001071,0.0,N001113,S007,171.7,11.85,0
N000959,S007,16.56,N001225,830.0,N001502,S043,489.5,14.27,0
N001851,S021,16.54,N001853,425.9,N002010,S046,248.0,11.1,0
N001077,S016,16.5,N001505,1075.5,N001604,S040,282.5,15.14,0
N006161,S001,16.49,N005298,7273.2,N004766,S002,1536.5,17.36,0
N001332,S021,16.47,N001886,1766.8,N001826,S040,222.7,16.52,0
N005810,S001,16.47,N005298,6667.2,N004766,S002,1536.5,17.34,0
N007330,S006,16.47,N007488,1932.1,N007474,S170,75.7,15.75,0
N007327,S006,16.45,N007488,1927.8,N007474,S170,75.7,15.73,0
X000008,S004,16.42,N001038,3744.5,N000999,S156,85.0,16.93,0
N003383,S005,16.37,N002822,2730.0,N002836,S092,81.5,16.93,0
N001103,S016,16.35,N001505,971.7,N001604,S040,282.5,14.99,0
N007309,S001,16.35,N005298,10145.7,N004766,S002,1536.5,17.22,0
N000917,S007,16.33,N001225,749.2,N001502,S043,489.5,14.04,0
N007639,S018,16.33,N007641,1716.0,N007605,S143,183.7,16.75,0
N000924,S007,16.31,N001225,664.1,N001502,S043,489.5,14.02,0
N007280,S018,16.28,N007508,2277.8,N007567,S125,147.9,17.43,0
N007696,S006,16.28,N007488,3072.9,N007474,S170,75.7,15.56,0
N005371,S001,16.27,N005298,5633.6,N004766,S002,1536.5,17.14,0
N005461,S001,16.27,N005298,5234.5,N004766,S002,1536.5,17.14,0
N005415,S001,16.26,N005298,5128.5,N004766,S002,1536.5,17.13,0
N007229,S014,16.25,N007524,1872.7,N007564,S006,102.0,17.76,0
N001062,S016,16.23,N001062,0.0,N001118,S007,214.1,14.63,0
N000982,S007,16.22,N001225,742.6,N001502,S043,489.5,13.93,0
N005352,S001,16.22,N005298,5720.9,N004766,S002,1536.5,17.09,0
N000752,S004,16.16,N001038,3808.0,N000999,S156,85.0,16.67,0
N001208,S021,16.16,N001886,1536.2,N001826,S040,222.7,16.22,0
N001862,S021,16.16,N001853,315.3,N002010,S046,248.0,10.72,0
N000903,S007,16.13,N001225,1125.3,N001502,S043,489.5,13.84,0
N007218,S014,16.13,N007524,2236.8,N007564,S006,102.0,17.64,0
N001163,S016,16.11,N001505,1262.5,N001604,S040,282.5,14.75,0
N002348,S003,16.11,N003270,2206.5,N003298,S160,116.2,16.27,0
N005149,S001,16.1,N005298,4519.7,N004766,S002,1536.5,16.97,0
N005792,S001,16.1,N005298,6636.7,N004766,S002,1536.5,16.97,0
N007323,S018,16.1,N007508,1760.9,N007567,S125,147.9,17.25,0
N005169,S001,16.09,N005298,4363.0,N004766,S002,1536.5,16.96,0
N007532,S006,16.09,N007488,2635.8,N007474,S170,75.7,15.37,0
N008082,S012,16.09,N008125,2301.9,N008145,S104,63.1,16.31,0
N000976,S007,16.08,N001225,850.3,N001502,S043,489.5,13.79,0
N005177,S001,16.05,N005298,4337.9,N004766,S002,1536.5,16.92,0
N008626,S012,16.02,N008125,3603.4,N008145,S104,63.1,16.24,0
N000770,S004,16.01,N001038,3791.7,N000999,S156,85.0,16.52,0
N008906,S012,15.98,N008918,54.8,N009018,S027,563.1,13.53,0
N007562,S006,15.97,N007488,2612.1,N007474,S170,75.7,15.25,0
N007192,S014,15.94,N007524,2324.7,N007564,S006,102.0,17.45,0
N007193,S014,15.91,N007524,2336.1,N007564,S006,102.0,17.42,0
N008763,S012,15.86,N008125,4039.9,N008145,S104,63.1,16.08,0
N003239,S004,15.84,N001038,4112.7,N000999,S156,85.0,16.36,0
N007306,S014,15.84,N007524,1576.4,N007564,S006,102.0,17.35,0
N003210,S011,15.82,N001615,3080.0,N001264,S004,586.3,14.46,0
N008587,S013,15.81,N007765,4746.0,N007736,S006,161.9,17.54,0
N007725,S001,15.79,N005298,12495.8,N004766,S002,1536.5,16.66,0
N000921,S007,15.77,N001225,716.2,N001502,S043,489.5,13.48,0
N002264,S003,15.77,N003270,1941.9,N003298,S160,116.2,15.93,0
N000759,S004,15.72,N001038,3759.3,N000999,S156,85.0,16.24,0
N001320,S021,15.7,N001886,1660.2,N001826,S040,222.7,15.76,0
N001490,S004,15.7,N001038,2760.4,N000999,S156,85.0,16.22,0
N008526,S012,15.7,N008125,3172.2,N008145,S104,63.1,15.92,0
N007608,S006,15.68,N007488,2701.5,N007474,S170,75.7,14.96,0
N003074,S004,15.65,N001038,3851.6,N000999,S156,85.0,16.16,0
N000995,S007,15.64,N001225,856.8,N001502,S043,489.5,13.35,0
N008574,S013,15.63,N007765,4664.6,N007736,S006,161.9,17.37,0
N000978,S007,15.62,N001225,691.6,N001502,S043,489.5,13.33,0
N005152,S001,15.62,N005298,5278.4,N004766,S002,1536.5,16.49,0
N008339,S012,15.62,N008125,2854.7,N008145,S104,63.1,15.84,0
N008601,S012,15.62,N008125,3444.6,N008145,S104,63.1,15.84,0
N006196,S001,15.61,N005298,7348.8,N004766,S002,1536.5,16.48,0
N008918,S012,15.59,N008918,0.0,N009018,S027,563.1,13.14,0
N001281,S021,15.57,N001886,1520.7,N001826,S040,222.7,15.63,0
N001297,S021,15.54,N001886,1599.7,N001826,S040,222.7,15.6,0
N002285,S003,15.53,N003270,1974.2,N003298,S160,116.2,15.69,0
N007530,S018,15.53,N007407,732.5,N007267,S019,857.0,15.4,0
N005165,S001,15.52,N005298,3935.4,N004766,S002,1536.5,16.39,0
N005236,S001,15.52,N005298,4505.7,N004766,S002,1536.5,16.39,0
N007569,S006,15.52,N007488,2557.0,N007474,S170,75.7,14.8,0
N002262,S003,15.5,N003270,1771.0,N003298,S160,116.2,15.66,0
N005252,S001,15.48,N005298,4564.2,N004766,S002,1536.5,16.35,0
N002517,S003,15.47,N003270,2747.1,N003298,S160,116.2,15.63,0
N002499,S003,15.46,N003270,2901.3,N003298,S160,116.2,15.62,0
N002342,S003,15.45,N003270,2075.9,N003298,S160,116.2,15.61,0
N004406,S005,15.43,N002822,2969.4,N002836,S092,81.5,15.99,0
N000926,S007,15.41,N001225,1058.2,N001502,S043,489.5,13.12,0
N005205,S001,15.38,N005298,4842.9,N004766,S002,1536.5,16.25,0
N002263,S003,15.37,N003270,1851.5,N003298,S160,116.2,15.53,0
N002733,S003,15.37,N003270,3370.9,N003298,S160,116.2,15.53,0
N002319,S003,15.32,N003270,2041.5,N003298,S160,116.2,15.49,0
N000446,S004,15.31,N001038,2290.2,N000999,S156,85.0,15.82,0
N001388,S021,15.31,N001886,1688.2,N001826,S040,222.7,15.37,0
N008130,S012,15.3,N008125,2213.2,N008145,S104,63.1,15.52,0
N000772,S004,15.29,N001038,3707.1,N000999,S156,85.0,15.8,0
N006806,S035,15.27,N007077,1619.8,N007007,S037,417.4,16.0,0
N001169,S016,15.24,N001505,804.7,N001604,S040,282.5,13.88,0
N002749,S003,15.24,N003270,3209.6,N003298,S160,116.2,15.4,0
N000575,S004,15.23,N001038,3090.8,N000999,S156,85.0,15.74,0
N007341,S006,15.23,N007488,1845.7,N007474,S170,75.7,14.51,0
N002271,S002,15.21,N003531,4497.3,N003486,S031,436.5,15.73,0
N001157,S016,15.2,N001505,840.0,N001604,S040,282.5,13.83,0
N003131,S011,15.2,N001615,3130.5,N001264,S004,586.3,13.85,0
N002695,S003,15.16,N003270,2920.8,N003298,S160,116.2,15.32,0
N001178,S016,15.15,N001505,834.1,N001604,S040,282.5,13.79,0
N003035,S004,15.14,N001038,3593.3,N000999,S156,85.0,15.65,0
N001326,S021,15.12,N001886,1544.5,N001826,S040,222.7,15.17,0
N000447,S004,15.11,N001038,2346.1,N000999,S156,85.0,15.63,0
N001255,S021,15.11,N001886,1427.5,N001826,S040,222.7,15.17,0
N002641,S003,15.11,N003270,3064.1,N003298,S160,116.2,15.27,0
N001578,S004,15.1,N001038,2793.6,N000999,S156,85.0,15.62,0
N000450,S004,15.08,N001038,2245.7,N000999,S156,85.0,15.6,0
N000677,S009,15.08,N000715,214.4,N000845,S021,355.0,28.49,0
N004492,S005,15.08,N002822,3031.9,N002836,S092,81.5,15.64,0
N002769,S003,15.07,N003270,3186.2,N003298,S160,116.2,15.23,0
N001786,S021,15.06,N001886,2172.7,N001826,S040,222.7,15.11,0
N001070,S007,15.04,N001225,665.0,N001502,S043,489.5,12.74,0
N008363,S012,15.04,N008125,2764.3,N008145,S104,63.1,15.26,0
N008790,S012,15.04,N008125,3932.2,N008145,S104,63.1,15.26,0
N002742,S003,15.03,N003270,3281.6,N003298,S160,116.2,15.19,0
N000899,S004,15.01,N001038,2826.4,N000999,S156,85.0,15.53,0
N002786,S003,14.99,N003270,3380.9,N003298,S160,116.2,15.15,0
N005168,S001,14.98,N005298,5303.3,N004766,S002,1536.5,15.85,0
N009037,S027,14.98,N009060,2328.1,N009068,S108,105.7,15.72,0
N009034,S027,14.96,N009060,2293.6,N009068,S108,105.7,15.71,0
N001324,S021,14.95,N001886,1497.7,N001826,S040,222.7,15.01,0
N003109,S004,14.95,N001038,3712.5,N000999,S156,85.0,15.46,0
N007247,S014,14.94,N007524,1598.6,N007564,S006,102.0,16.45,0
N002546,S003,14.92,N003270,2707.1,N003298,S160,116.2,15.08,0
N002798,S003,14.92,N003270,3318.6,N003298,S160,116.2,15.08,0
N008915,S012,14.92,N008915,0.0,N008958,S027,323.3,12.21,0
N004450,S005,14.91,N002822,2929.0,N002836,S092,81.5,15.47,0
N002783,S003,14.9,N003270,3202.4,N003298,S160,116.2,15.06,0
N008610,S013,14.89,N007765,4663.9,N007736,S006,161.9,16.63,0
N001572,S004,14.85,N001038,2632.6,N000999,S156,85.0,15.37,0
N007423,S018,14.85,N007407,293.1,N007267,S019,857.0,14.71,0
N008308,S012,14.85,N008125,2693.3,N008145,S104,63.1,15.07,0
N007445,S014,14.84,N007524,1834.6,N007564,S006,102.0,16.35,0
N001106,S016,14.83,N001106,0.0,N001171,S007,214.0,13.25,0
N002774,S003,14.83,N003270,3273.7,N003298,S160,116.2,14.99,0
N001003,S007,14.82,N001225,610.7,N001502,S043,489.5,12.53,0
N001596,S004,14.82,N001038,2605.1,N000999,S156,85.0,15.33,0
N006651,S022,14.81,N005842,2378.3,N005584,S134,583.7,15.97,0
N001037,S007,14.79,N001225,603.4,N001502,S043,489.5,12.49,0
N002248,S002,14.76,N003536,6430.6,N003486,S031,200.3,15.66,0
N002560,S003,14.76,N003270,2630.4,N003298,S160,116.2,14.92,0
N006304,S001,14.76,N005298,7287.5,N004766,S002,1536.5,15.63,0
N008634,S013,14.76,N007765,4748.3,N007736,S006,161.9,16.5,0
N007596,S006,14.75,N007488,2482.0,N007474,S170,75.7,14.03,0
N008653,S013,14.75,N007765,4834.3,N007736,S006,161.9,16.49,0
N005176,S001,14.74,N005298,5221.0,N004766,S002,1536.5,15.61,0
N005217,S001,14.74,N005298,4777.1,N004766,S002,1536.5,15.61,0
N000944,S007,14.73,N001225,1102.2,N001502,S043,489.5,12.44,0
N007451,S014,14.73,N007524,1817.6,N007564,S006,102.0,16.23,0
N008358,S012,14.71,N008125,2583.6,N008145,S104,63.1,14.93,0
N008797,S012,14.69,N008125,3662.8,N008145,S104,63.1,14.91,0
N004208,S001,14.68,N005298,4293.2,N004766,S002,1536.5,15.55,0
N009005,S027,14.66,N009060,2155.9,N009068,S108,105.7,15.41,0
N001020,S007,14.65,N001225,567.5,N001502,S043,489.5,12.36,0
N007738,S006,14.65,N007488,2893.6,N007474,S170,75.7,13.93,0
N002442,S003,14.64,N003270,2394.2,N003298,S160,116.2,14.8,0
N008926,S012,14.64,N008125,5491.1,N008145,S104,63.1,14.86,0
N001396,S021,14.62,N001886,1580.3,N001826,S040,222.7,14.68,0
N006352,S001,14.61,N005298,6568.7,N004766,S002,1536.5,15.48,0
N001024,S007,14.6,N001225,682.8,N001502,S043,489.5,12.3,0
N001378,S021,14.6,N001886,1555.6,N001826,S040,222.7,14.65,0
N008600,S013,14.6,N007765,4580.6,N007736,S006,161.9,16.33,0
N001316,S021,14.59,N001886,1415.7,N001826,S040,222.7,14.65,0
N005232,S001,14.59,N005298,4728.5,N004766,S002,1536.5,15.46,0
N008553,S013,14.59,N007765,4415.7,N007736,S006,161.9,16.33,0
N007344,S006,14.58,N007488,1755.8,N007474,S170,75.7,13.86,0
N005106,S001,14.57,N005298,3428.9,N004766,S002,1536.5,15.44,0
N002542,S003,14.55,N003270,2563.6,N003298,S160,116.2,14.71,0
N003167,S011,14.53,N001615,3049.5,N001264,S004,586.3,13.17,0
N005212,S001,14.51,N005298,4857.0,N004766,S002,1536.5,15.38,0
N007358,S006,14.5,N007488,1644.2,N007474,S170,75.7,13.78,0
N002566,S003,14.48,N003270,2594.8,N003298,S160,116.2,14.64,0
N008310,S012,14.48,N008125,2641.6,N008145,S104,63.1,14.7,0
N002776,S003,14.47,N003270,3095.8,N003298,S160,116.2,14.63,0
N005237,S001,14.46,N005298,5297.4,N004766,S002,1536.5,15.33,0
N006478,S001,14.46,N005298,6841.7,N004766,S002,1536.5,15.33,0
N007803,S006,14.46,N007488,3109.8,N007474,S170,75.7,13.74,0
N000400,S004,14.45,N001038,2785.7,N000999,S156,85.0,14.96,0
N002868,S003,14.44,N003270,2986.6,N003298,S160,116.2,14.6,0
N002691,S003,14.42,N003270,2883.4,N003298,S160,116.2,14.58,0
N002790,S003,14.4,N003270,2736.3,N003298,S160,116.2,14.56,0
N007767,S006,14.4,N007488,3017.2,N007474,S170,75.7,13.68,0
N002877,S003,14.39,N003270,2993.2,N003298,S160,116.2,14.55,0
N000910,S004,14.38,N001038,3643.7,N000999,S156,85.0,14.9,0
N002673,S003,14.37,N003270,3023.2,N003298,S160,116.2,14.53,0
N002552,S003,14.36,N003270,2375.1,N003298,S160,116.2,14.52,0
N000860,S004,14.33,N001038,3016.3,N000999,S156,85.0,14.85,0
N007351,S006,14.33,N007488,1574.8,N007474,S170,75.7,13.61,0
N009003,S027,14.33,N009060,2249.1,N009068,S108,105.7,15.07,0
N001204,S016,14.32,N001505,700.2,N001604,S040,282.5,12.96,0
N005175,S001,14.32,N005298,3237.0,N004766,S002,1536.5,15.19,0
N001788,S021,14.29,N001886,2065.1,N001826,S040,222.7,14.34,0
N006610,S022,14.28,N005842,2202.2,N005584,S134,583.7,15.44,0
N007350,S018,14.28,N007508,1535.5,N007567,S125,147.9,15.42,0
N008805,S012,14.28,N008125,3707.9,N008145,S104,63.1,14.5,0
N002684,S003,14.26,N003270,2952.4,N003298,S160,116.2,14.42,0
N001303,S021,14.23,N001886,1326.2,N001826,S040,222.7,14.29,0
N007779,S006,14.23,N007488,2921.1,N007474,S170,75.7,13.51,0
N002535,S003,14.22,N003270,2331.2,N003298,S160,116.2,14.38,0
N002586,S003,14.22,N003270,2434.3,N003298,S160,116.2,14.38,0
N007650,S006,14.22,N007488,2534.0,N007474,S170,75.7,13.5,0
N001681,S021,14.2,N001886,1905.1,N001826,S040,222.7,14.26,0
N002886,S003,14.2,N003270,3161.2,N003298,S160,116.2,14.36,0
N005225,S001,14.2,N005298,4847.7,N004766,S002,1536.5,15.07,0
N004840,S001,14.19,N005298,2234.2,N004766,S002,1536.5,15.06,0
N007587,S006,14.19,N007488,2338.3,N007474,S170,75.7,13.47,0
N001154,S016,14.18,N001230,152.0,N001280,S007,192.2,12.42,0
N003179,S011,14.18,N001615,3009.3,N001264,S004,586.3,12.82,0
N007353,S006,14.18,N007488,1555.7,N007474,S170,75.7,13.46,0
N007790,S006,14.17,N007488,3025.2,N007474,S170,75.7,13.45,0
N008541,S012,14.16,N008125,3004.5,N008145,S104,63.1,14.38,0
N002621,S003,14.15,N003270,2597.7,N003298,S160,116.2,14.31,0
N007313,S018,14.15,N007508,2113.5,N007567,S125,147.9,15.3,0
N002874,S003,14.12,N003270,3222.3,N003298,S160,116.2,14.28,0
N007824,S018,14.11,N007641,1740.7,N007605,S143,183.7,14.53,0
N001150,S016,14.1,N001505,797.2,N001604,S040,282.5,12.73,0
N008517,S013,14.09,N007765,4149.8,N007736,S006,161.9,15.83,0
N002469,S003,14.08,N003270,2178.8,N003298,S160,116.2,14.24,0
N002530,S003,14.07,N003270,2316.3,N003298,S160,116.2,14.23,0
N008498,S013,14.06,N007765,4073.3,N007736,S006,161.9,15.8,0
N002972,S011,14.05,N001615,2587.1,N001264,S004,586.3,12.69,0
N003695,S005,14.05,N002822,3475.8,N002836,S092,81.5,14.61,0
N002341,S003,14.04,N003270,1634.4,N003298,S160,116.2,14.2,0
N008861,S013,14.03,N007765,5147.9,N007736,S006,161.9,15.77,0
N009014,S027,14.03,N009060,2091.4,N009068,S108,105.7,14.77,0
N008604,S012,14.01,N008125,3202.1,N008145,S104,63.1,14.23,0
X000041,S016,14.0,N001505,1319.7,N001604,S040,282.5,12.64,0
N002429,S003,13.99,N003270,2076.7,N003298,S160,116.2,14.15,0
N008825,S012,13.99,N008125,3753.9,N008145,S104,63.1,14.21,0
N005460,S001,13.98,N005298,4830.3,N004766,S002,1536.5,14.85,0
N007545,S006,13.98,N007488,2171.3,N007474,S170,75.7,13.26,0
N001431,S021,13.97,N001886,1513.3,N001826,S040,222.7,14.03,0
N002505,S003,13.97,N003270,2847.5,N003298,S160,116.2,14.13,0
N002257,S004,13.96,N001038,3348.8,N000999,S156,85.0,14.47,0
N002487,S011,13.96,N002450,53.6,N002307,S004,555.6,12.48,0
N008458,S012,13.96,N008125,2701.1,N008145,S104,63.1,14.18,0
N008481,S013,13.96,N007765,3962.7,N007736,S006,161.9,15.7,0
N000960,S004,13.93,N001038,3228.2,N000999,S156,85.0,14.44,0
N008645,S012,13.93,N008125,3348.3,N008145,S104,63.1,14.15,0
N000886,S004,13.92,N001038,3526.0,N000999,S156,85.0,14.44,0
N003099,S011,13.91,N001615,2843.1,N001264,S004,586.3,12.55,0
N001371,S021,13.89,N001886,1462.1,N001826,S040,222.7,13.95,0
N003212,S011,13.87,N001615,3908.1,N001264,S004,586.3,12.52,0
N001567,S021,13.86,N001886,1711.9,N001826,S040,222.7,13.92,0
N003235,S011,13.85,N002820,617.4,N002842,S030,89.6,12.18,0
N008620,S013,13.85,N007765,4494.7,N007736,S006,161.9,15.58,0
N001078,S004,13.83,N001038,3036.1,N000999,S156,85.0,14.34,0
N008457,S012,13.83,N008125,2648.2,N008145,S104,63.1,14.05,0
N008841,S012,13.83,N008125,3855.6,N008145,S104,63.1,14.05,0
N007757,S006,13.82,N007488,2805.3,N007474,S170,75.7,13.1,0
N007484,S014,13.81,N007524,1708.5,N007564,S006,102.0,15.32,0
N001455,S004,13.8,N001038,2565.7,N000999,S156,85.0,14.32,0
N002515,S003,13.8,N003270,2274.1,N003298,S160,116.2,13.96,0
N007540,S006,13.8,N007488,2093.2,N007474,S170,75.7,13.08,0
N008661,S012,13.8,N008125,2956.7,N008145,S104,63.1,14.02,0
N008633,S012,13.78,N008125,3304.0,N008145,S104,63.1,14.0,0
N006420,S010,13.76,N005516,4514.3,N005669,S141,298.8,16.51,0
N008618,S012,13.76,N008125,3247.2,N008145,S104,63.1,13.98,0
N008834,S012,13.76,N008125,3698.7,N008145,S104,63.1,13.98,0
N008901,S012,13.76,N008125,4301.0,N008145,S104,63.1,13.98,0
N007833,S006,13.75,N007488,3096.8,N007474,S170,75.7,13.03,0
N007331,S001,13.72,N005298,9875.9,N004766,S002,1536.5,14.59,0
N002821,S011,13.7,N001615,2338.1,N001264,S004,586.3,12.34,0
N002378,S003,13.68,N003270,1942.7,N003298,S160,116.2,13.85,0
N008640,S013,13.68,N007765,4581.9,N007736,S006,161.9,15.41,0
N002449,S003,13.67,N003270,2837.4,N003298,S160,116.2,13.83,0
N006397,S001,13.67,N005298,6471.9,N004766,S002,1536.5,14.54,0
N008582,S013,13.67,N007765,4325.0,N007736,S006,161.9,15.41,0
N008802,S017,13.67,N008055,4050.7,N008094,S104,80.1,14.17,0
N008590,S012,13.66,N008125,2780.6,N008145,S104,63.1,13.88,0
N001065,S007,13.65,N001225,302.8,N001502,S043,489.5,11.36,0
N001491,S004,13.65,N001038,2601.9,N000999,S156,85.0,14.16,0
N006528,S001,13.65,N005298,6828.0,N004766,S002,1536.5,14.52,0
N007716,S006,13.65,N007488,2583.8,N007474,S170,75.7,12.93,0
N002865,S003,13.64,N003270,3287.3,N003298,S160,116.2,13.8,0
N005222,S001,13.64,N005298,4930.0,N004766,S002,1536.5,14.51,0
N005258,S001,13.64,N005298,4179.7,N004766,S002,1536.5,14.51,0
N008987,S027,13.64,N009060,2068.5,N009068,S108,105.7,14.38,0
N007227,S014,13.63,N007524,2155.2,N007564,S006,102.0,15.14,0
N001426,S021,13.62,N001886,1441.4,N001826,S040,222.7,13.67,0
N001472,S004,13.62,N001038,2484.5,N000999,S156,85.0,14.14,0
N008922,S012,13.62,N008922,0.0,N008996,S027,445.4,11.28,0
N001347,S021,13.6,N001886,1184.4,N001826,S040,222.7,13.65,0
N007242,S014,13.59,N007524,2070.2,N007564,S006,102.0,15.1,0
N006499,S001,13.57,N005298,6872.1,N004766,S002,1536.5,14.44,0
N008844,S012,13.57,N008125,3773.3,N008145,S104,63.1,13.79,0
N000715,S009,13.56,N000715,0.0,N000845,S021,355.0,26.97,0
N006494,S001,13.56,N005298,6745.0,N004766,S002,1536.5,14.43,0
N007745,S006,13.56,N007488,2687.1,N007474,S170,75.7,12.84,0
N002397,S003,13.55,N003270,1909.6,N003298,S160,116.2,13.71,0
N008849,S012,13.55,N008125,3823.0,N008145,S104,63.1,13.77,0
N007677,S018,13.54,N007641,1343.1,N007605,S143,183.7,13.96,0
N008605,S013,13.54,N007765,4409.8,N007736,S006,161.9,15.28,0
N008871,S012,13.54,N008125,4103.2,N008145,S104,63.1,13.76,0
N001339,S021,13.53,N001886,1270.6,N001826,S040,222.7,13.59,0
N000857,S004,13.51,N001038,3430.5,N000999,S156,85.0,14.02,0
N008548,S013,13.51,N007765,4155.0,N007736,S006,161.9,15.24,0
N002349,S003,13.5,N003270,1762.7,N003298,S160,116.2,13.66,0
N007535,S006,13.5,N007488,1956.0,N007474,S170,75.7,12.78,0
N008813,S012,13.5,N008125,3796.6,N008145,S104,63.1,13.72,0
N001224,S016,13.49,N001230,233.8,N001280,S007,192.2,11.73,0
N007929,S006,13.49,N007488,3343.7,N007474,S170,75.7,12.77,0
N000980,S007,13.48,N001688,1950.1,N001734,S066,179.3,15.74,0
N006521,S001,13.48,N005298,6649.9,N004766,S002,1536.5,14.35,0
N001243,S016,13.47,N001505,605.8,N001604,S040,282.5,12.1,0
N007913,S006,13.47,N007488,3282.9,N007474,S170,75.7,12.75,0
N006888,S035,13.46,N007077,1380.8,N007007,S037,417.4,14.2,0
N008353,S012,13.46,N008125,2274.0,N008145,S104,63.1,13.68,0
N007486,S006,13.45,N007488,1822.8,N007474,S170,75.7,12.73,0
N008464,S013,13.43,N007765,3878.0,N007736,S006,161.9,15.17,0
N007369,S006,13.42,N007488,1472.8,N007474,S170,75.7,12.7,0
N007685,S006,13.42,N007488,2475.1,N007474,S170,75.7,12.7,0
N007758,S018,13.41,N007641,1482.5,N007605,S143,183.7,13.83,0
N000846,S004,13.4,N001038,3396.7,N000999,S156,85.0,13.91,0
N000997,S007,13.4,N001688,2165.9,N001734,S066,179.3,15.65,0
N007572,S006,13.39,N007488,2033.3,N007474,S170,75.7,12.67,0
N007667,S006,13.39,N007488,2409.8,N007474,S170,75.7,12.67,0
N007735,S018,13.39,N007641,2512.3,N007605,S143,183.7,13.81,0
N002381,S003,13.37,N003270,1865.8,N003298,S160,116.2,13.54,0
N007256,S014,13.37,N007524,1755.9,N007564,S006,102.0,14.88,0
N006408,S001,13.36,N005298,6386.8,N004766,S002,1536.5,14.23,0
N001423,S021,13.33,N001886,1401.1,N001826,S040,222.7,13.39,0
N007681,S018,13.32,N007641,1312.7,N007605,S143,183.7,13.74,0
N005255,S001,13.31,N005298,3963.0,N004766,S002,1536.5,14.18,0
N001404,S021,13.3,N001886,1337.8,N001826,S040,222.7,13.36,0
N002787,S011,13.3,N001615,2308.2,N001264,S004,586.3,11.94,0
N003030,S011,13.3,N001615,2713.0,N001264,S004,586.3,11.95,0
N008538,S013,13.3,N007765,4064.1,N007736,S006,161.9,15.04,0
N008853,S012,13.3,N008125,3930.3,N008145,S104,63.1,13.52,0
X000115,S006,13.29,N007488,4912.9,N007474,S170,75.7,12.57,0
N002450,S011,13.28,N002450,0.0,N002307,S004,555.6,11.79,0
N008471,S012,13.28,N008125,2588.7,N008145,S104,63.1,13.5,0
N002771,S011,13.25,N001615,2283.9,N001264,S004,586.3,11.89,0
N002780,S011,13.25,N001615,2267.5,N001264,S004,586.3,11.9,0
N007892,S006,13.25,N007488,3173.0,N007474,S170,75.7,12.53,0
N008835,S012,13.25,N008125,3504.0,N008145,S104,63.1,13.47,0
N008848,S012,13.24,N008125,3868.1,N008145,S104,63.1,13.46,0
N008202,S012,13.23,N008125,1860.0,N008145,S104,63.1,13.45,0
N008829,S012,13.23,N008125,3558.8,N008145,S104,63.1,13.45,0
X000096,S014,13.21,N007524,1693.3,N007564,S006,102.0,14.72,0
N001230,S016,13.2,N001230,0.0,N001280,S007,192.2,11.43,0
N006456,S001,13.2,N005298,6663.5,N004766,S002,1536.5,14.07,0
N001481,S021,13.19,N001886,1360.5,N001826,S040,222.7,13.25,0
N001406,S021,13.18,N001886,1384.4,N001826,S040,222.7,13.23,0
N007366,S006,13.18,N007488,1376.0,N007474,S170,75.7,12.46,0
N001185,S016,13.16,N001230,92.5,N001280,S007,192.2,11.4,0
N008803,S012,13.16,N008125,3634.5,N008145,S104,63.1,13.38,0
N008815,S012,13.16,N008125,3704.4,N008145,S104,63.1,13.38,0
N008833,S012,13.16,N008125,3778.3,N008145,S104,63.1,13.38,0
N002192,S002,13.14,N003536,6323.0,N003486,S031,200.3,14.03,0
N006445,S001,13.14,N005298,6472.7,N004766,S002,1536.5,14.01,0
N007438,S014,13.13,N007524,1595.5,N007564,S006,102.0,14.64,0
N007785,S006,13.13,N007488,2810.2,N007474,S170,75.7,12.41,0
N003093,S011,13.11,N001615,2875.8,N001264,S004,586.3,11.76,0
N002430,S003,13.1,N003270,1624.2,N003298,S160,116.2,13.26,0
N008806,S012,13.1,N008125,3646.2,N008145,S104,63.1,13.32,0
N003172,S011,13.09,N001615,3086.1,N001264,S004,586.3,11.73,0
N001519,S004,13.08,N001038,2478.9,N000999,S156,85.0,13.59,0
N008413,S013,13.07,N007765,3620.5,N007736,S006,161.9,14.81,0
N005211,S001,13.06,N005298,5045.5,N004766,S002,1536.5,13.93,0
N008636,S013,13.06,N007765,3915.1,N007736,S006,161.9,14.8,0
N005262,S001,13.05,N005298,3926.6,N004766,S002,1536.5,13.92,0
N007485,S006,13.05,N007488,1731.5,N007474,S170,75.7,12.33,0
X000116,S006,13.05,N007488,1820.7,N007474,S170,75.7,12.33,0
N001416,S021,13.02,N001886,1334.2,N001826,S040,222.7,13.07,0
N008445,S013,13.02,N007765,3794.0,N007736,S006,161.9,14.76,0
N008428,S013,13.01,N007765,3708.9,N007736,S006,161.9,14.75,0
N001040,S007,13.0,N001688,1648.4,N001734,S066,179.3,15.26,0
N007510,S006,12.99,N007488,1823.1,N007474,S170,75.7,12.27,0
N003423,S005,12.98,N002822,2308.6,N002836,S092,81.5,13.53,0
N001028,S007,12.97,N001688,2050.7,N001734,S066,179.3,15.23,0
N002745,S011,12.97,N001615,2215.1,N001264,S004,586.3,11.62,0
N007881,S006,12.97,N007488,3091.6,N007474,S170,75.7,12.25,0
N001117,S002,12.95,N003536,8118.9,N003486,S031,200.3,13.84,0
N001535,S004,12.94,N001038,2396.2,N000999,S156,85.0,13.46,0
N002498,S003,12.94,N003270,1761.5,N003298,S160,116.2,13.1,0
N002543,S003,12.94,N003270,1919.1,N003298,S160,116.2,13.1,0
N006457,S001,12.94,N005298,6704.7,N004766,S002,1536.5,13.81,0
N001420,S021,12.93,N001886,1289.5,N001826,S040,222.7,12.99,0
N005183,S001,12.93,N005298,3138.9,N004766,S002,1536.5,13.8,0
N002396,S011,12.92,N001615,1875.3,N001264,S004,586.3,11.57,0
N001270,S016,12.9,N001505,538.6,N001604,S040,282.5,11.53,0
N007407,S018,12.89,N007407,0.0,N007267,S019,857.0,12.76,0
N008670,S013,12.89,N007765,4117.1,N007736,S006,161.9,14.63,0
N000918,S002,12.88,N003536,8933.6,N003486,S031,200.3,13.78,0
N005174,S001,12.88,N005298,3116.5,N004766,S002,1536.5,13.75,0
N007967,S006,12.87,N007488,3264.4,N007474,S170,75.7,12.15,0
N008823,S012,12.87,N008125,3635.0,N008145,S104,63.1,13.09,0
N008737,S012,12.86,N008125,3415.8,N008145,S104,63.1,13.08,0
N002525,S003,12.85,N003270,1951.4,N003298,S160,116.2,13.01,0
N005216,S001,12.85,N005298,5016.0,N004766,S002,1536.5,13.72,0
N005489,S001,12.84,N005298,4564.0,N004766,S002,1536.5,13.71,0
N001250,S016,12.83,N001505,631.0,N001604,S040,282.5,11.47,0
N001246,S016,12.81,N001505,718.9,N001604,S040,282.5,11.44,0
N001265,S016,12.81,N001505,708.4,N001604,S040,282.5,11.45,0
N002478,S003,12.81,N003270,1722.1,N003298,S160,116.2,12.97,0
N006943,S035,12.8,N007077,1418.0,N007007,S037,417.4,13.53,0
N007349,S014,12.78,N007524,1206.7,N007564,S006,102.0,14.29,0
X000023,S012,12.78,N008125,2929.7,N008145,S104,63.1,13.0,0
N008989,S027,12.77,N009060,1990.3,N009068,S108,105.7,13.51,0
N001372,S021,12.75,N001886,1184.8,N001826,S040,222.7,12.81,0
N007672,S006,12.75,N007488,2260.4,N007474,S170,75.7,12.03,0
N008816,S012,12.75,N008125,3599.5,N008145,S104,63.1,12.97,0
N003174,S011,12.73,N001615,3830.3,N001264,S004,586.3,11.37,0
N008760,S013,12.72,N007765,4471.1,N007736,S006,161.9,14.46,0
N006413,S010,12.7,N005516,4046.2,N005669,S141,298.8,15.45,0
N006294,S001,12.69,N005298,7378.3,N004766,S002,1536.5,13.56,0
N008552,S013,12.69,N007765,3981.4,N007736,S006,161.9,14.43,0
N003077,S011,12.68,N001615,3294.7,N001264,S004,586.3,11.33,0
N007953,S006,12.67,N007488,3243.9,N007474,S170,75.7,11.95,0
N008840,S012,12.67,N008125,3664.5,N008145,S104,63.1,12.89,0
N002457,S011,12.66,N001615,1918.4,N001264,S004,586.3,11.31,0
N004352,S005,12.66,N002822,2883.0,N002836,S092,81.5,13.22,0
N002785,S011,12.63,N001615,2310.8,N001264,S004,586.3,11.28,0
N000948,S007,12.62,N001688,2106.5,N001734,S066,179.3,14.87,0
N002210,S002,12.62,N003536,6562.1,N003486,S031,200.3,13.51,0
N001057,S007,12.61,N001688,1571.6,N001734,S066,179.3,14.87,0
N006331,S010,12.61,N005516,3704.2,N005669,S141,298.8,15.35,0
N007942,S006,12.61,N007488,3181.7,N007474,S170,75.7,11.89,0
N008776,S012,12.61,N008125,3481.7,N008145,S104,63.1,12.83,0
N003254,S030,12.6,N002064,2692.5,N002006,S040,166.9,12.28,0
N001292,S016,12.59,N001505,617.5,N001604,S040,282.5,11.22,0
N003154,S011,12.59,N002820,644.1,N002842,S030,89.6,10.92,0
N003829,S005,12.59,N002822,2718.7,N002836,S092,81.5,13.15,0
N001445,S021,12.58,N001886,1242.6,N001826,S040,222.7,12.64,0
N002299,S011,12.58,N001615,1765.8,N001264,S004,586.3,11.23,0
N004947,S001,12.58,N005298,2035.4,N004766,S002,1536.5,13.45,0
N008794,S012,12.58,N008125,3488.4,N008145,S104,63.1,12.8,0
N005242,S001,12.57,N005298,3341.3,N004766,S002,1536.5,13.44,0
N007821,S006,12.57,N007488,2807.0,N007474,S170,75.7,11.85,0
N001470,S021,12.56,N001886,1253.0,N001826,S040,222.7,12.62,0
N008664,S013,12.54,N007765,3795.6,N007736,S006,161.9,14.27,0
N005687,S001,12.53,N005298,5159.3,N004766,S002,1536.5,13.4,0
N007910,S006,12.53,N007488,3079.3,N007474,S170,75.7,11.81,0
N008761,S012,12.53,N008125,3402.0,N008145,S104,63.1,12.75,0
N008778,S012,12.52,N008125,3519.1,N008145,S104,63.1,12.74,0
N008796,S013,12.51,N007765,4729.7,N007736,S006,161.9,14.25,0
N006424,S001,12.5,N005298,6665.3,N004766,S002,1536.5,13.37,0
N008819,S012,12.5,N008125,3236.3,N008145,S104,63.1,12.72,0
N001156,S002,12.49,N003536,7984.7,N003486,S031,200.3,13.38,0
N001193,S004,12.49,N001038,3275.0,N000999,S156,85.0,13.01,0
N006579,S022,12.48,N005842,2138.6,N005584,S134,583.7,13.64,0
N003209,S030,12.47,N002064,2609.6,N002006,S040,166.9,12.15,0
N001014,S007,12.46,N001688,1846.8,N001734,S066,179.3,14.72,0
N001376,S021,12.46,N001886,1079.9,N001826,S040,222.7,12.51,0
N008278,S012,12.46,N008125,1776.0,N008145,S104,63.1,12.68,0
N003176,S011,12.45,N002820,587.0,N002842,S030,89.6,10.78,0
N004317,S005,12.45,N002822,2554.4,N002836,S092,81.5,13.01,0
N005202,S001,12.45,N005298,5181.7,N004766,S002,1536.5,13.32,0
N005281,S001,12.45,N005298,3841.7,N004766,S002,1536.5,13.32,0
N006400,S010,12.45,N005516,4218.0,N005669,S141,298.8,15.2,0
N007595,S001,12.45,N005298,11265.3,N004766,S002,1536.5,13.32,0
N002692,S011,12.44,N001615,2136.3,N001264,S004,586.3,11.09,0
N006609,S029,12.44,N006735,365.1,N006812,S037,411.4,14.2,0
N004388,S005,12.43,N002822,2815.3,N002836,S092,81.5,12.99,0
N005189,S001,12.43,N005298,3049.7,N004766,S002,1536.5,13.3,0
N006356,S010,12.43,N005516,4047.7,N005669,S141,298.8,15.18,0
N008814,S012,12.43,N008125,3126.7,N008145,S104,63.1,12.65,0
N008787,S013,12.42,N007765,4639.9,N007736,S006,161.9,14.16,0
N008488,S013,12.41,N007765,3788.0,N007736,S006,161.9,14.15,0
N008792,S012,12.41,N008125,3436.1,N008145,S104,63.1,12.62,0
N001537,S021,12.4,N001886,1262.4,N001826,S040,222.7,12.46,0
N002287,S004,12.4,N001038,3206.2,N000999,S156,85.0,12.92,0
N002355,S011,12.4,N001615,1805.0,N001264,S004,586.3,11.04,0
N007251,S014,12.4,N007524,1961.0,N007564,S006,102.0,13.91,0
N007480,S006,12.4,N007488,1590.1,N007474,S170,75.7,11.68,0
N008751,S012,12.39,N008125,3364.7,N008145,S104,63.1,12.61,0
N008766,S012,12.38,N008125,3326.8,N008145,S104,63.1,12.6,0
N005488,S001,12.37,N005298,4608.4,N004766,S002,1536.5,13.24,0
N007362,S001,12.36,N005298,9923.7,N004766,S002,1536.5,13.23,0
N007690,S006,12.36,N007488,2282.5,N007474,S170,75.7,11.64,0
N008822,S012,12.36,N008125,3166.9,N008145,S104,63.1,12.58,0
N002413,S003,12.35,N003270,1566.1,N003298,S160,116.2,12.51,0
N006384,S010,12.35,N005516,4131.9,N005669,S141,298.8,15.1,0
N007998,S006,12.35,N007488,3249.7,N007474,S170,75.7,11.63,0
N008854,S012,12.35,N008125,3487.2,N008145,S104,63.1,12.57,0
N006348,S010,12.34,N005516,4336.0,N005669,S141,298.8,15.09,0
N006367,S010,12.34,N005516,3878.8,N005669,S141,298.8,15.09,0
N007719,S006,12.34,N007488,2388.9,N007474,S170,75.7,11.62,0
N007810,S006,12.33,N007488,2723.2,N007474,S170,75.7,11.61,0
N002840,S011,12.32,N001615,2575.5,N001264,S004,586.3,10.97,0
N005955,S001,12.32,N005298,5289.7,N004766,S002,1536.5,13.19,0
N001590,S021,12.31,N001886,1345.9,N001826,S040,222.7,12.37,0
N002811,S011,12.31,N001615,2487.4,N001264,S004,586.3,10.96,0
N003011,S011,12.31,N001615,2772.5,N001264,S004,586.3,10.95,0
N008850,S012,12.31,N008125,3308.0,N008145,S104,63.1,12.53,0
N007751,S018,12.3,N007641,1337.5,N007605,S143,183.7,12.73,0
N008026,S006,12.3,N007488,3342.3,N007474,S170,75.7,11.58,0
N003119,S011,12.29,N001615,3422.3,N001264,S004,586.3,10.93,0
N005250,S001,12.28,N005298,3369.1,N004766,S002,1536.5,13.15,0
N005515,S001,12.27,N005298,4001.0,N004766,S002,1536.5,13.14,0
N006503,S022,12.27,N005842,1973.9,N005584,S134,583.7,13.43,0
N008285,S012,12.27,N008125,1715.2,N008145,S104,63.1,12.48,0
N007943,S006,12.26,N007488,2988.0,N007474,S170,75.7,11.54,0
N006428,S001,12.25,N005298,6176.5,N004766,S002,1536.5,13.12,0
N007739,S006,12.25,N007488,2460.3,N007474,S170,75.7,11.53,0
N008662,S013,12.25,N007765,4082.4,N007736,S006,161.9,13.99,0
N002234,S002,12.24,N003536,6005.4,N003486,S031,200.3,13.13,0
N008224,S006,12.24,N007488,3787.2,N007474,S170,75.7,11.52,0
N008437,S013,12.24,N007765,3536.3,N007736,S006,161.9,13.97,0
N002122,S011,12.23,N001615,1424.4,N001264,S004,586.3,10.88,0
N008769,S013,12.22,N007765,4305.3,N007736,S006,161.9,13.96,0
N006598,S029,12.21,N006617,2523.3,N006554,S137,184.5,13.98,0
N007442,S006,12.21,N007488,1499.0,N007474,S170,75.7,11.49,0
N007674,S006,12.21,N007488,2168.4,N007474,S170,75.7,11.49,0
N007907,S006,12.21,N007488,3011.7,N007474,S170,75.7,11.49,0
N006328,S010,12.2,N005516,3962.2,N005669,S141,298.8,14.95,0
N001525,S021,12.19,N001886,1174.8,N001826,S040,222.7,12.25,0
N008178,S006,12.19,N007488,3692.4,N007474,S170,75.7,11.47,0
N006389,S010,12.18,N005516,3709.4,N005669,S141,298.8,14.93,0
N001086,S007,12.16,N001688,1537.8,N001734,S066,179.3,14.41,0
N002369,S011,12.16,N001615,1773.6,N001264,S004,586.3,10.81,0
N006504,S022,12.16,N005842,1965.0,N005584,S134,583.7,13.32,0
N007804,S018,12.15,N007641,1551.4,N007605,S143,183.7,12.57,0
N009017,S027,12.15,N009060,2141.8,N009068,S108,105.7,12.89,0
N008752,S013,12.13,N007765,4642.9,N007736,S006,161.9,13.87,0
X000077,S012,12.13,N008125,5246.0,N008145,S104,63.1,12.35,0
N003085,S011,12.12,N001615,2979.2,N001264,S004,586.3,10.76,0
N008705,S012,12.12,N008125,2984.1,N008145,S104,63.1,12.33,0
N008056,S006,12.11,N007488,3425.5,N007474,S170,75.7,11.39,0
N008533,S013,12.11,N007765,3220.0,N007736,S006,161.9,13.84,0
N008689,S013,12.11,N007765,3961.9,N007736,S006,161.9,13.85,0
N008713,S012,12.11,N008125,3177.0,N008145,S104,63.1,12.33,0
N001409,S021,12.1,N001886,1037.4,N001826,S040,222.7,12.16,0
N008696,S013,12.09,N007765,4287.8,N007736,S006,161.9,13.82,0
N008733,S012,12.09,N008125,3222.0,N008145,S104,63.1,12.31,0
N008738,S012,12.09,N008125,3072.7,N008145,S104,63.1,12.31,0
N003057,S011,12.08,N001615,2915.0,N001264,S004,586.3,10.72,0
N006358,S010,12.08,N005516,3622.0,N005669,S141,298.8,14.83,0
N001076,S007,12.06,N001688,1510.3,N001734,S066,179.3,14.31,0
N008630,S013,12.06,N007765,3630.3,N007736,S006,161.9,13.8,0
N005271,S001,12.05,N005298,3499.4,N004766,S002,1536.5,12.92,0
N003453,S005,12.04,N002822,2238.7,N002836,S092,81.5,12.6,0
N008641,S017,12.04,N008055,5160.5,N008094,S104,80.1,12.54,0
N008682,S013,12.04,N007765,4204.9,N007736,S006,161.9,13.78,0
N007273,S014,12.03,N007524,1434.1,N007564,S006,102.0,13.54,0
N002135,S002,12.02,N003536,6308.2,N003486,S031,200.3,12.91,0
N002384,S004,12.0,N001038,3025.2,N000999,S156,85.0,12.52,0
N008731,S012,12.0,N008125,3224.8,N008145,S104,63.1,12.22,0
N001471,S021,11.98,N001886,1207.9,N001826,S040,222.7,12.04,0
N006340,S010,11.98,N005516,3795.0,N005669,S141,298.8,14.73,0
N008779,S013,11.98,N007765,4385.8,N007736,S006,161.9,13.72,0
N006811,S037,11.96,N006903,1548.6,N006852,S029,253.7,14.3,0
N008807,S013,11.96,N007765,4812.4,N007736,S006,161.9,13.7,0
N006639,S029,11.95,N006735,289.6,N006812,S037,411.4,13.7,0
N006965,S035,11.95,N007077,1325.8,N007007,S037,417.4,12.68,0
N007798,S006,11.95,N007488,2642.6,N007474,S170,75.7,11.23,0
N007926,S006,11.95,N007488,2993.1,N007474,S170,75.7,11.23,0
N008745,S013,11.95,N007765,4220.9,N007736,S006,161.9,13.68,0
N001598,S004,11.94,N001038,2293.8,N000999,S156,85.0,12.46,0
N002307,S004,11.94,N001038,3157.8,N000999,S156,85.0,12.46,0
N007698,S018,11.93,N007641,1138.7,N007605,S143,183.7,12.36,0
N008040,S006,11.93,N007488,3327.0,N007474,S170,75.7,11.21,0
N006556,S001,11.92,N005298,6448.7,N004766,S002,1536.5,12.79,0
N007675,S006,11.92,N007488,2130.5,N007474,S170,75.7,11.2,0
N007896,S006,11.92,N007488,2908.7,N007474,S170,75.7,11.2,0
N008156,S006,11.92,N007488,3585.4,N007474,S170,75.7,11.2,0
N001480,S021,11.91,N001886,1220.8,N001826,S040,222.7,11.96,0
N005503,S001,11.9,N005298,3886.2,N004766,S002,1536.5,12.77,0
N007439,S006,11.89,N007488,1413.6,N007474,S170,75.7,11.17,0
N007863,S006,11.89,N007488,2822.9,N007474,S170,75.7,11.17,0
N002427,S003,11.88,N003270,1491.6,N003298,S160,116.2,12.04,0
N007718,S006,11.88,N007488,2286.0,N007474,S170,75.7,11.16,0
N003981,S005,11.87,N002822,2593.4,N002836,S092,81.5,12.43,0
N006938,S035,11.87,N007077,1183.8,N007007,S037,417.4,12.61,0
N008577,S013,11.87,N007765,4069.2,N007736,S006,161.9,13.6,0
N008632,S012,11.87,N008125,2887.9,N008145,S104,63.1,12.08,0
N003487,S005,11.86,N002822,2139.2,N002836,S092,81.5,12.42,0
N007692,S006,11.85,N007488,2187.0,N007474,S170,75.7,11.13,0
N000866,S004,11.84,N001038,3058.8,N000999,S156,85.0,12.36,0
N001476,S021,11.84,N001886,1186.8,N001826,S040,222.7,11.9,0
N006480,S001,11.84,N005298,6791.8,N004766,S002,1536.5,12.71,0
N008568,S013,11.84,N007765,3337.6,N007736,S006,161.9,13.58,0
N002148,S002,11.83,N003536,6224.7,N003486,S031,200.3,12.72,0
N002604,S003,11.83,N003270,2019.7,N003298,S160,116.2,11.99,0
N006538,S022,11.83,N005842,1952.0,N005584,S134,583.7,13.0,0
N006571,S001,11.83,N005298,6384.4,N004766,S002,1536.5,12.7,0
N007955,S006,11.83,N007488,3089.9,N007474,S170,75.7,11.11,0
N008434,S012,11.83,N008125,2351.3,N008145,S104,63.1,12.05,0
N008734,S013,11.83,N007765,4560.1,N007736,S006,161.9,13.57,0
N002601,S003,11.82,N003270,2013.7,N003298,S160,116.2,11.99,0
N005286,S001,11.81,N005298,3263.9,N004766,S002,1536.5,12.68,0
N006516,S001,11.81,N005298,6049.2,N004766,S002,1536.5,12.68,0
N009103,S028,11.81,N009081,1754.4,X000144,S108,142.1,11.38,0
N005267,S001,11.8,N005298,3520.6,N004766,S002,1536.5,12.67,0
N008521,S013,11.8,N007765,3789.9,N007736,S006,161.9,13.54,0
N008650,S012,11.8,N008125,2954.4,N008145,S104,63.1,12.01,0
N008704,S012,11.8,N008125,3158.4,N008145,S104,63.1,12.02,0
N007416,S006,11.79,N007488,1332.5,N007474,S170,75.7,11.07,0
N007886,S006,11.79,N007488,2816.1,N007474,S170,75.7,11.07,0
N007934,S006,11.79,N007488,2899.9,N007474,S170,75.7,11.07,0
N008511,S013,11.79,N007765,3693.6,N007736,S006,161.9,13.53,0
N008539,S013,11.79,N007765,3871.4,N007736,S006,161.9,13.53,0
N008246,S012,11.76,N008125,1622.8,N008145,S104,63.1,11.98,0
N008571,S012,11.76,N008125,2414.2,N008145,S104,63.1,11.98,0
N006628,S029,11.75,N006617,2444.0,N006554,S137,184.5,13.53,0
N007363,S001,11.74,N005298,9855.3,N004766,S002,1536.5,12.61,0
N007575,S006,11.71,N007488,1777.0,N007474,S170,75.7,10.99,0
N008146,S006,11.71,N007488,3500.7,N007474,S170,75.7,10.99,0
N008490,S013,11.71,N007765,3613.3,N007736,S006,161.9,13.45,0
N008524,S012,11.71,N008125,2519.0,N008145,S104,63.1,11.93,0
N006529,S001,11.7,N005298,6905.4,N004766,S002,1536.5,12.57,0
N008004,S006,11.7,N007488,3157.8,N007474,S170,75.7,10.98,0
N008531,S013,11.7,N007765,3780.7,N007736,S006,161.9,13.44,0
N001341,S002,11.69,N003536,7471.8,N003486,S031,200.3,12.58,0
N006561,S001,11.68,N005298,6553.3,N004766,S002,1536.5,12.55,0
N007556,S006,11.67,N007488,1635.3,N007474,S170,75.7,10.95,0
N008189,S006,11.67,N007488,3585.0,N007474,S170,75.7,10.95,0
N005284,S001,11.66,N005298,3214.9,N004766,S002,1536.5,12.53,0
N007861,S006,11.66,N007488,2732.2,N007474,S170,75.7,10.94,0
N008505,S013,11.66,N007765,3703.3,N007736,S006,161.9,13.4,0
N007676,S006,11.65,N007488,2081.9,N007474,S170,75.7,10.93,0
N007849,S006,11.65,N007488,2725.4,N007474,S170,75.7,10.93,0
N008027,S006,11.64,N007488,3242.8,N007474,S170,75.7,10.92,0
N000987,S007,11.63,N001688,1951.1,N001734,S066,179.3,13.89,0
N002470,S003,11.63,N003270,1524.2,N003298,S160,116.2,11.79,0
N008714,S013,11.63,N007765,4375.3,N007736,S006,161.9,13.36,0
N001167,S007,11.62,N001688,1737.7,N001734,S066,179.3,13.87,0
N006557,S001,11.59,N005298,6570.0,N004766,S002,1536.5,12.45,0
N006662,S001,11.59,N005298,6458.4,N004766,S002,1536.5,12.46,0
N007946,S006,11.59,N007488,2898.1,N007474,S170,75.7,10.87,0
N008016,S006,11.59,N007488,3158.9,N007474,S170,75.7,10.87,0
N008463,S013,11.56,N007765,3446.3,N007736,S006,161.9,13.3,0
N001516,S021,11.55,N001886,1116.8,N001826,S040,222.7,11.61,0
N007417,S018,11.54,N007508,1226.2,N007567,S125,147.9,12.69,0
N007700,S018,11.53,N007641,1095.0,N007605,S143,183.7,11.96,0
N005283,S001,11.52,N005298,3193.6,N004766,S002,1536.5,12.39,0
N008045,S006,11.51,N007488,3239.1,N007474,S170,75.7,10.79,0
N000871,S004,11.5,N001038,3069.4,N000999,S156,85.0,12.01,0
N007964,S006,11.5,N007488,2897.1,N007474,S170,75.7,10.78,0
N001116,S002,11.48,N003536,7899.0,N003486,S031,200.3,12.37,0
N007918,S006,11.48,N007488,2818.5,N007474,S170,75.7,10.76,0
N007993,S006,11.48,N007488,3073.2,N007474,S170,75.7,10.76,0
N006498,S022,11.46,N005842,2009.7,N005584,S134,583.7,12.62,0
N006530,S001,11.46,N005298,6914.4,N004766,S002,1536.5,12.33,0
N006550,S022,11.46,N005842,2042.9,N005584,S134,583.7,12.63,0
N007262,S014,11.46,N007524,1869.8,N007564,S006,102.0,12.97,0
N007493,S001,11.45,N005298,11068.8,N004766,S002,1536.5,12.31,0
N007972,S006,11.45,N007488,2986.8,N007474,S170,75.7,10.73,0
N003924,S005,11.43,N002822,2641.5,N002836,S092,81.5,11.99,0
N007449,S001,11.43,N005298,10433.0,N004766,S002,1536.5,12.3,0
N008007,S006,11.43,N007488,3066.5,N007474,S170,75.7,10.71,0
N001373,S021,11.42,N001886,1208.8,N001826,S040,222.7,11.48,0
N001113,S007,11.41,N001688,1798.6,N001734,S066,179.3,13.66,0
N007705,S001,11.41,N005298,10756.4,N004766,S002,1536.5,12.28,0
N001443,S021,11.4,N001886,936.2,N001826,S040,222.7,11.45,0
N002913,S003,11.4,N003270,2496.0,N003298,S160,116.2,11.56,0
N007429,S001,11.4,N005298,10324.1,N004766,S002,1536.5,12.27,0
N008479,S012,11.4,N008125,2100.7,N008145,S104,63.1,11.62,0
N005246,S001,11.38,N005298,3616.5,N004766,S002,1536.5,12.25,0
N006514,S022,11.38,N005842,1892.3,N005584,S134,583.7,12.54,0
N007436,S001,11.38,N005298,10386.8,N004766,S002,1536.5,12.25,0
N001181,S007,11.36,N001688,1239.4,N001734,S066,179.3,13.62,0
N005265,S001,11.36,N005298,3291.9,N004766,S002,1536.5,12.23,0
N000632,S004,11.35,N001038,1622.3,N000999,S156,85.0,11.86,0
N005343,S001,11.35,N005298,2803.2,N004766,S002,1536.5,12.22,0
N001139,S007,11.34,N001688,1692.6,N001734,S066,179.3,13.59,0
N008804,S017,11.34,N008055,3904.4,N008094,S104,80.1,11.84,0
N002960,S003,11.33,N003270,2564.7,N003298,S160,116.2,11.5,0
N004209,S005,11.33,N002822,2387.9,N002836,S092,81.5,11.89,0
N001104,S007,11.32,N001688,1435.6,N001734,S066,179.3,13.58,0
N006508,S022,11.32,N005842,1956.8,N005584,S134,583.7,12.49,0
N006448,S022,11.31,N005842,1899.1,N005584,S134,583.7,12.47,0
N006632,S001,11.31,N005298,6314.6,N004766,S002,1536.5,12.18,0
N007225,S001,11.31,N005298,8491.8,N004766,S002,1536.5,12.18,0
N008655,S012,11.31,N008125,2525.2,N008145,S104,63.1,11.53,0
N002443,S004,11.3,N001038,2848.0,N000999,S156,85.0,11.82,0
N004136,S005,11.29,N002822,2448.5,N002836,S092,81.5,11.85,0
N007504,S001,11.29,N005298,11156.4,N004766,S002,1536.5,12.16,0
N008771,S012,11.28,N008125,3193.2,N008145,S104,63.1,11.49,0
N002201,S002,11.26,N003536,6540.8,N003486,S031,200.3,12.15,0
N002832,S003,11.25,N003270,2171.9,N003298,S160,116.2,11.41,0
N007523,S001,11.25,N005298,10741.5,N004766,S002,1536.5,12.12,0
N008575,S012,11.25,N008125,2382.6,N008145,S104,63.1,11.47,0
N001947,S002,11.24,N003536,6372.6,N003486,S031,200.3,12.13,0
N006642,S001,11.24,N005298,6357.1,N004766,S002,1536.5,12.11,0
N007527,S001,11.24,N005298,10735.8,N004766,S002,1536.5,12.11,0
N008666,S012,11.23,N008125,2768.6,N008145,S104,63.1,11.45,0
N006519,S022,11.22,N005842,1919.5,N005584,S134,583.7,12.39,0
N007360,S001,11.22,N005298,9720.3,N004766,S002,1536.5,12.09,0
N002411,S004,11.21,N001038,2786.5,N000999,S156,85.0,11.73,0
N002572,S003,11.21,N003270,1862.2,N003298,S160,116.2,11.37,0
N005078,S001,11.18,N005298,1794.9,N004766,S002,1536.5,12.05,0
N006712,S001,11.18,N005298,6641.0,N004766,S002,1536.5,12.05,0
N007573,S001,11.18,N005298,10874.1,N004766,S002,1536.5,12.05,0
N006960,S035,11.17,N007077,1101.9,N007007,S037,417.4,11.91,0
N007531,S001,11.17,N005298,11322.5,N004766,S002,1536.5,12.04,0
N008686,S012,11.17,N008125,2862.3,N008145,S104,63.1,11.39,0
X000129,S003,11.17,N003270,2794.6,N003298,S160,116.2,11.33,0
N001136,S004,11.16,N001038,3163.2,N000999,S156,85.0,11.67,0
N002615,S002,11.16,N003536,4957.3,N003486,S031,200.3,12.05,0
N007378,S014,11.16,N007524,996.9,N007564,S006,102.0,12.67,0
N007737,S018,11.15,N007641,1219.1,N007605,S143,183.7,11.57,0
N002823,S003,11.14,N003270,2211.8,N003298,S160,116.2,11.31,0
N005197,S001,11.14,N005298,2621.0,N004766,S002,1536.5,12.01,0
N006491,S022,11.13,N005842,2036.4,N005584,S134,583.7,12.29,0
N002085,S002,11.1,N003536,6135.8,N003486,S031,200.3,11.99,0
N006687,S001,11.1,N005298,6475.1,N004766,S002,1536.5,11.97,0
N008845,S013,11.1,N007765,5008.1,N007736,S006,161.9,12.84,0
N007770,S001,11.09,N005298,11199.1,N004766,S002,1536.5,11.96,0
N002472,S003,11.08,N003270,1416.7,N003298,S160,116.2,11.24,0
N001545,S021,11.07,N001886,1015.9,N001826,S040,222.7,11.13,0
N006152,S022,11.07,N005842,1737.6,N005584,S134,583.7,12.24,0
N007520,S001,11.07,N005298,10131.2,N004766,S002,1536.5,11.94,0
N002810,S003,11.06,N003270,2106.8,N003298,S160,116.2,11.22,0
N008980,S027,11.06,N009060,1576.4,N009068,S108,105.7,11.8,0
N001274,S004,11.05,N001038,3240.4,N000999,S156,85.0,11.56,0
N003502,S005,11.05,N002822,2091.2,N002836,S092,81.5,11.6,0
N006697,S029,11.04,N006617,2250.2,N006554,S137,184.5,12.81,0
N001060,S007,11.03,N001688,1733.8,N001734,S066,179.3,13.29,0
N007542,S001,11.03,N005298,10798.0,N004766,S002,1536.5,11.89,0
N007547,S001,11.03,N005298,10791.5,N004766,S002,1536.5,11.9,0
N008780,S013,11.02,N007765,4471.0,N007736,S006,161.9,12.76,0
N000965,S004,11.01,N001038,2588.2,N000999,S156,85.0,11.52,0
N002759,S003,11.0,N003270,1969.1,N003298,S160,116.2,11.16,0
N006303,S001,10.99,N005298,5659.4,N004766,S002,1536.5,11.85,0
N004020,S005,10.98,N002822,2540.4,N002836,S092,81.5,11.54,0
N006270,S010,10.98,N005516,3560.6,N005669,S141,298.8,13.73,0
N008762,S013,10.98,N007765,4386.6,N007736,S006,161.9,12.72,0
N006402,S001,10.97,N005298,5879.4,N004766,S002,1536.5,11.84,0
N000894,S004,10.96,N001038,2906.0,N000999,S156,85.0,11.48,0
N006453,S022,10.96,N005842,1832.9,N005584,S134,583.7,12.13,0
N008467,S012,10.96,N008125,2254.8,N008145,S104,63.1,11.18,0
N006678,S001,10.95,N005298,6441.3,N004766,S002,1536.5,11.82,0
N007839,S001,10.95,N005298,11592.8,N004766,S002,1536.5,11.81,0
N002740,S003,10.94,N003270,1900.8,N003298,S160,116.2,11.1,0
N006622,S001,10.94,N005298,6246.2,N004766,S002,1536.5,11.81,0
N008791,S013,10.94,N007765,4556.8,N007736,S006,161.9,12.68,0
N007592,S001,10.93,N005298,10322.5,N004766,S002,1536.5,11.8,0
N007864,S001,10.93,N005298,11675.5,N004766,S002,1536.5,11.79,0
N008359,S013,10.93,N008269,361.4,N008233,S006,84.0,11.93,0
N000950,S004,10.92,N001038,2672.3,N000999,S156,85.0,11.44,0
N001034,S004,10.92,N001038,2884.0,N000999,S156,85.0,11.44,0
N001118,S007,10.92,N001233,759.4,N001382,S016,311.8,11.78,0
N006643,S001,10.92,N005298,6278.4,N004766,S002,1536.5,11.79,0
N006674,S001,10.92,N005298,6419.0,N004766,S002,1536.5,11.78,0
N001533,S021,10.91,N001886,1008.1,N001826,S040,222.7,10.97,0
N006680,S001,10.91,N005298,6404.0,N004766,S002,1536.5,11.78,0
N006346,S029,10.89,N006617,1661.4,N006554,S137,184.5,12.66,0
N008320,S013,10.87,N008269,276.8,N008233,S006,84.0,11.87,0
N008599,S012,10.87,N008125,2694.9,N008145,S104,63.1,11.09,0
N002896,S003,10.85,N003270,2361.5,N003298,S160,116.2,11.01,0
N000952,S004,10.84,N001038,2663.5,N000999,S156,85.0,11.36,0
N005301,S001,10.84,N005298,3088.1,N004766,S002,1536.5,11.71,0
N006670,S029,10.84,N006617,2334.9,N006554,S137,184.5,12.61,0
N007935,S001,10.84,N005298,11480.0,N004766,S002,1536.5,11.71,0
N006656,S001,10.83,N005298,6324.2,N004766,S002,1536.5,11.7,0
N002310,S004,10.82,N001038,2605.1,N000999,S156,85.0,11.34,0
N006342,S001,10.82,N005298,5747.2,N004766,S002,1536.5,11.69,0
N007873,S001,10.82,N005298,11272.7,N004766,S002,1536.5,11.69,0
N008775,S013,10.82,N007765,4472.7,N007736,S006,161.9,12.56,0
N001334,S002,10.81,N003536,7436.5,N003486,S031,200.3,11.7,0
N004295,S005,10.81,N002822,2714.5,N002836,S092,81.5,11.36,0
N006558,S001,10.81,N005298,6696.2,N004766,S002,1536.5,11.68,0
N007267,S019,10.81,N007267,0.0,N007407,S018,857.0,19.52,0
N005318,S001,10.8,N005298,3105.1,N004766,S002,1536.5,11.67,0
N000936,S004,10.79,N001038,2735.7,N000999,S156,85.0,11.31,0
N006501,S022,10.79,N005842,1839.3,N005584,S134,583.7,11.95,0
N007391,S001,10.77,N005298,9780.4,N004766,S002,1536.5,11.64,0
N006706,S001,10.76,N005298,6606.5,N004766,S002,1536.5,11.63,0
N007936,S001,10.76,N005298,11889.8,N004766,S002,1536.5,11.63,0
N001566,S021,10.75,N001886,1037.8,N001826,S040,222.7,10.81,0
N002862,S003,10.74,N003270,2284.6,N003298,S160,116.2,10.9,0
N008684,S012,10.74,N008125,2824.0,N008145,S104,63.1,10.96,0
X000017,S005,10.74,N002822,2980.8,N002836,S092,81.5,11.29,0
N005241,S001,10.72,N005298,2841.3,N004766,S002,1536.5,11.59,0
N006959,S035,10.72,N007077,999.6,N007007,S037,417.4,11.45,0
N008570,S013,10.72,N007765,3912.2,N007736,S006,161.9,12.46,0
N006446,S022,10.71,N005842,1926.1,N005584,S134,583.7,11.87,0
N006655,S001,10.71,N005298,6320.2,N004766,S002,1536.5,11.58,0
N007536,S001,10.71,N005298,11061.9,N004766,S002,1536.5,11.58,0
N008801,S013,10.71,N007765,4645.6,N007736,S006,161.9,12.45,0
N005134,S001,10.7,N005298,1495.1,N004766,S002,1536.5,11.57,0
N006578,S001,10.7,N005298,6116.2,N004766,S002,1536.5,11.57,0
N007853,S001,10.7,N005298,11503.6,N004766,S002,1536.5,11.57,0
