PIPE_ID,CATCH,TIER,ROLE,DN_MM,LEN_M,SLOPE_PCT,Q_LOW_LS,V_LOW_MS,S_MARA_PCT,CONNECTED_2030,WHY
P00004,C03,secondary header,sub main,200,24.0,3.15,0.023,0.199,3.172,0.0,below Mara's slope
P00006,C03,secondary header,sub main,200,22.2,2.15,0.0,0.0,,0.0,no flow in 2030
P00008,C03,secondary main sewer,lateral,200,49.6,0.5,0.524,0.302,0.758,11.7,below Mara's slope
P00010,C03,secondary main sewer,lateral,200,59.4,0.5,0.32,0.258,0.951,5.4,below Mara's slope
P00011,C03,secondary main sewer,lateral,200,85.7,0.85,0.223,0.276,1.125,3.0,below Mara's slope
P00012,C03,secondary main sewer,lateral,200,30.2,0.5,0.447,0.287,0.815,9.2,below Mara's slope
P00013,C03,secondary main sewer,lateral,200,41.0,0.5,0.166,0.209,1.288,1.9,below Mara's slope
P00018,C03,secondary header,sub main,200,87.6,0.5,0.526,0.303,0.757,11.8,below Mara's slope
P00020,C03,secondary main sewer,lateral,200,40.2,0.5,0.374,0.272,0.886,7.2,below Mara's slope
P00021,C03,secondary header,sub main,200,45.2,1.05,0.172,0.272,1.268,2.0,below Mara's slope
P00022,C03,secondary main sewer,lateral,200,20.7,1.6,0.063,0.224,2.019,0.3,below Mara's slope
P00024,C03,secondary main sewer,lateral,200,47.7,0.5,0.115,0.185,1.527,0.8,below Mara's slope
P00027,C03,secondary main sewer,lateral,200,49.3,0.5,0.086,0.168,1.742,0.6,below Mara's slope
P00028,C03,secondary main sewer,lateral,200,11.7,0.5,0.0,0.0,,0.0,no flow in 2030
P00029,C03,secondary main sewer,lateral,200,40.5,0.5,0.348,0.265,0.916,6.4,below Mara's slope
P00030,C03,secondary main sewer,lateral,200,101.9,0.5,0.231,0.232,1.106,3.3,below Mara's slope
P00031,C03,secondary main sewer,lateral,200,93.9,0.5,0.374,0.272,0.886,7.2,below Mara's slope
P00032,C03,secondary main sewer,lateral,200,42.7,0.5,0.551,0.307,0.741,12.9,below Mara's slope
P00033,C03,secondary header,sub main,200,77.5,0.5,0.527,0.303,0.756,11.8,below Mara's slope
P00034,C03,secondary header,sub main,200,48.8,0.5,0.18,0.214,1.241,2.1,below Mara's slope
P00035,C03,secondary header,sub main,200,51.3,0.5,0.22,0.229,1.131,2.9,below Mara's slope
P00037,C03,secondary header,sub main,200,88.3,0.5,0.172,0.211,1.268,2.0,below Mara's slope
P00038,C03,secondary header,sub main,200,36.5,0.5,0.172,0.211,1.268,2.0,below Mara's slope
P00039,C03,secondary header,sub main,200,112.5,1.7,0.057,0.221,2.103,0.2,below Mara's slope
P00040,C03,secondary main sewer,lateral,200,21.7,0.5,0.134,0.194,1.423,1.3,below Mara's slope
P00041,C03,secondary main sewer,lateral,200,74.8,0.5,0.315,0.257,0.959,5.4,below Mara's slope
P00043,C03,secondary main sewer,lateral,200,39.3,0.5,0.747,0.338,0.644,20.1,below Mara's slope
P00044,C03,secondary main sewer,lateral,200,77.4,0.5,0.108,0.181,1.568,0.7,below Mara's slope
P00046,C03,secondary main sewer,lateral,200,92.1,0.95,0.0,0.0,,0.0,no flow in 2030
P00047,C03,secondary main sewer,lateral,200,34.1,0.5,0.243,0.236,1.08,3.7,below Mara's slope
P00049,C03,secondary header,sub main,200,53.9,0.5,0.59,0.314,0.718,14.0,below Mara's slope
P00050,C03,secondary main sewer,lateral,200,56.1,0.5,0.453,0.289,0.811,9.5,below Mara's slope
P00051,C03,secondary main sewer,lateral,200,42.0,0.5,0.585,0.313,0.72,14.1,below Mara's slope
P00052,C03,secondary main sewer,lateral,200,26.3,0.5,0.243,0.236,1.08,3.7,below Mara's slope
P00053,C03,secondary main sewer,lateral,200,97.0,0.5,0.436,0.285,0.825,9.2,below Mara's slope
P00054,C03,secondary main sewer,lateral,200,78.7,0.5,1.094,0.38,0.54,34.2,below Mara's slope
P00055,C03,secondary main sewer,lateral,200,14.7,0.5,1.14,0.385,0.53,34.9,below Mara's slope
P00056,C03,secondary main sewer,lateral,200,27.6,0.5,0.132,0.193,1.432,1.3,below Mara's slope
P00057,C03,secondary main sewer,lateral,200,11.2,0.5,0.029,0.115,2.895,0.1,below Mara's slope
P00058,C03,secondary main sewer,lateral,200,62.7,0.5,0.251,0.239,1.064,3.8,below Mara's slope
P00060,C03,secondary header,sub main,200,61.1,0.5,0.623,0.319,0.7,15.2,below Mara's slope
P00061,C03,secondary header,sub main,200,81.1,0.6,0.354,0.284,0.908,6.2,below Mara's slope
P00062,C03,secondary main sewer,lateral,200,79.5,0.5,0.145,0.2,1.369,1.4,below Mara's slope
P00063,C03,secondary main sewer,lateral,200,47.8,0.5,0.244,0.237,1.078,3.6,below Mara's slope
P00064,C03,secondary main sewer,lateral,200,73.2,0.5,0.133,0.194,1.425,1.3,below Mara's slope
P00066,C05,secondary main sewer,lateral,200,73.6,0.5,0.098,0.175,1.64,0.6,below Mara's slope
P00067,C05,secondary main sewer,lateral,200,94.1,0.5,0.124,0.189,1.474,0.9,below Mara's slope
P00068,C03,secondary main sewer,lateral,200,129.3,0.5,0.276,0.246,1.019,4.5,below Mara's slope
P00069,C03,secondary main sewer,lateral,200,63.5,0.5,1.185,0.39,0.52,36.8,below Mara's slope
P00070,C03,secondary header,sub main,200,42.2,0.5,0.424,0.283,0.836,8.2,below Mara's slope
P00071,C03,secondary header,sub main,200,152.6,1.75,0.057,0.224,2.103,0.2,below Mara's slope
P00072,C03,secondary header,sub main,200,47.7,0.7,0.536,0.342,0.751,9.5,below Mara's slope
P00073,C05,secondary main sewer,lateral,200,51.3,0.5,0.187,0.217,1.22,2.3,below Mara's slope
P00075,C03,secondary header,sub main,200,36.3,0.6,0.524,0.322,0.758,9.2,below Mara's slope
P00076,C05,secondary main sewer,lateral,200,48.1,0.5,0.244,0.237,1.077,2.3,below Mara's slope
P00077,C05,secondary main sewer,lateral,200,43.3,0.5,0.251,0.239,1.065,2.4,below Mara's slope
P00078,C05,secondary main sewer,lateral,200,35.7,0.5,0.143,0.199,1.38,1.4,below Mara's slope
P00079,C03,secondary header,sub main,200,72.5,0.5,0.721,0.334,0.654,18.7,below Mara's slope
P00080,C05,secondary main sewer,lateral,200,26.1,0.5,0.018,0.097,3.616,0.0,below Mara's slope
P00081,C03,secondary header,sub main,200,156.1,0.7,0.306,0.286,0.972,5.2,below Mara's slope
P00082,C03,secondary header,sub main,200,92.8,1.05,0.134,0.25,1.423,1.3,below Mara's slope
P00083,C03,secondary main sewer,lateral,200,55.3,0.5,0.139,0.197,1.4,1.4,below Mara's slope
P00084,C03,secondary main sewer,lateral,200,90.6,0.5,0.092,0.172,1.69,0.6,below Mara's slope
P00085,C03,secondary main sewer,lateral,200,43.0,0.5,0.379,0.273,0.88,6.5,below Mara's slope
P00086,C03,secondary main sewer,lateral,200,62.2,0.5,0.379,0.273,0.88,6.5,below Mara's slope
P00090,C03,secondary main sewer,lateral,200,67.2,0.5,0.345,0.265,0.919,5.7,below Mara's slope
P00092,C03,secondary main sewer,lateral,200,272.4,0.85,0.292,0.301,0.993,4.8,below Mara's slope
P00095,C03,secondary main sewer,lateral,200,51.3,0.5,0.652,0.324,0.685,16.6,below Mara's slope
P00096,C03,secondary header,sub main,200,20.8,0.6,0.306,0.271,0.972,5.2,below Mara's slope
P00097,C03,secondary header,sub main,200,65.9,0.5,0.721,0.334,0.654,18.7,below Mara's slope
P00098,C03,secondary main sewer,lateral,200,45.1,0.5,0.335,0.262,0.932,6.0,below Mara's slope
P00101,C03,secondary main sewer,lateral,200,76.5,0.5,0.864,0.354,0.602,22.3,below Mara's slope
P00102,C03,secondary main sewer,lateral,200,48.0,0.5,0.831,0.349,0.613,21.0,below Mara's slope
P00103,C05,secondary main sewer,lateral,200,117.0,0.65,0.276,0.27,1.018,3.1,below Mara's slope
P00105,C03,secondary main sewer,lateral,200,42.2,0.5,0.735,0.336,0.649,17.2,below Mara's slope
P00107,C03,secondary main sewer,lateral,200,80.8,0.5,0.107,0.18,1.58,0.7,below Mara's slope
P00108,C03,secondary main sewer,lateral,200,45.4,0.5,0.237,0.234,1.093,3.0,below Mara's slope
P00110,C05,secondary main sewer,lateral,200,97.9,0.5,0.354,0.267,0.908,5.6,below Mara's slope
P00111,C05,secondary header,sub main,200,13.9,0.5,0.526,0.303,0.757,11.0,below Mara's slope
P00112,C03,secondary main sewer,lateral,200,41.6,0.5,0.095,0.174,1.663,0.7,below Mara's slope
P00113,C03,secondary main sewer,lateral,200,41.5,0.5,0.248,0.238,1.07,3.8,below Mara's slope
P00115,C03,secondary main sewer,lateral,200,41.3,0.5,0.431,0.284,0.829,7.9,below Mara's slope
P00116,C03,secondary main sewer,lateral,200,22.1,0.5,0.127,0.191,1.456,1.2,below Mara's slope
P00117,C03,secondary main sewer,lateral,200,40.4,0.5,0.184,0.216,1.228,2.0,below Mara's slope
P00118,C03,secondary main sewer,lateral,200,56.8,0.95,0.008,0.089,5.337,0.0,below Mara's slope
P00119,C05,secondary header,sub main,200,26.6,0.5,0.526,0.303,0.757,11.0,below Mara's slope
P00120,C05,secondary main sewer,lateral,200,27.7,0.55,0.0,0.0,,0.0,no flow in 2030
P00121,C03,secondary header,sub main,200,84.2,0.5,0.868,0.354,0.601,25.0,below Mara's slope
P00122,C03,secondary header,sub main,200,105.1,0.5,0.303,0.254,0.975,5.2,below Mara's slope
P00125,C03,secondary main sewer,lateral,200,7.1,0.5,0.094,0.173,1.67,0.7,below Mara's slope
P00126,C05,secondary main sewer,lateral,200,48.9,1.1,0.145,0.261,1.371,1.5,below Mara's slope
P00129,C03,secondary main sewer,lateral,200,19.6,0.5,0.036,0.125,2.603,0.1,below Mara's slope
P00130,C03,secondary main sewer,lateral,200,21.0,0.5,0.086,0.168,1.742,0.6,below Mara's slope
P00131,C03,secondary main sewer,lateral,200,34.1,0.5,0.167,0.209,1.283,1.9,below Mara's slope
P00133,C03,secondary main sewer,lateral,200,77.2,0.5,0.12,0.187,1.498,1.0,below Mara's slope
P00134,C03,secondary main sewer,lateral,200,46.1,0.5,0.102,0.177,1.615,0.8,below Mara's slope
P00138,C03,secondary header,sub main,200,120.3,0.5,1.119,0.383,0.534,35.3,below Mara's slope
P00139,C05,secondary header,sub main,200,60.4,0.5,0.533,0.304,0.752,11.2,below Mara's slope
P00140,C21,secondary header,sub main,200,254.8,0.6,0.013,0.092,4.199,0.0,below Mara's slope
P00142,C03,secondary main sewer,lateral,200,15.0,0.5,0.044,0.133,2.387,0.1,below Mara's slope
P00144,C03,secondary main sewer,lateral,200,266.1,0.5,0.429,0.284,0.832,8.0,below Mara's slope
P00145,C03,secondary main sewer,lateral,200,63.9,0.5,0.117,0.186,1.511,0.9,below Mara's slope
P00146,C05,secondary main sewer,lateral,200,67.9,0.5,0.091,0.171,1.701,0.5,below Mara's slope
P00148,C03,secondary header,sub main,200,146.5,0.5,0.879,0.355,0.597,24.9,below Mara's slope
P00150,C03,secondary main sewer,lateral,200,44.9,0.5,0.164,0.208,1.297,1.9,below Mara's slope
P00151,C13,secondary main sewer,lateral,200,43.4,0.5,0.224,0.23,1.123,3.2,below Mara's slope
P00152,C26,secondary main sewer,lateral,200,26.3,0.65,0.348,0.29,0.916,6.1,below Mara's slope
P00153,C05,secondary header,sub main,200,74.0,0.55,0.536,0.315,0.75,11.3,below Mara's slope
P00155,C03,secondary main sewer,lateral,200,16.8,0.5,0.057,0.146,2.108,0.2,below Mara's slope
P00158,C03,secondary header,sub main,200,85.1,0.5,1.127,0.384,0.533,31.3,below Mara's slope
P00159,C03,secondary main sewer,lateral,200,46.1,0.5,0.187,0.217,1.22,2.1,below Mara's slope
P00160,C05,secondary main sewer,lateral,200,93.5,0.5,0.181,0.215,1.238,1.8,below Mara's slope
P00161,C05,secondary main sewer,lateral,200,42.2,1.25,0.151,0.277,1.346,1.4,below Mara's slope
P00162,C13,secondary header,sub main,200,65.4,49.05,0.0,0.0,,0.0,no flow in 2030
P00163,C26,secondary main sewer,lateral,200,26.6,0.5,0.19,0.218,1.209,2.4,below Mara's slope
P00164,C26,secondary main sewer,lateral,200,75.5,0.65,0.354,0.292,0.909,6.2,below Mara's slope
P00165,C05,secondary header,sub main,200,42.9,0.5,0.736,0.336,0.648,18.4,below Mara's slope
P00166,C05,secondary header,sub main,200,70.5,0.5,0.624,0.319,0.7,14.4,below Mara's slope
P00167,C05,secondary main sewer,lateral,200,85.5,0.5,0.195,0.22,1.197,2.5,below Mara's slope
P00170,C05,secondary main sewer,lateral,200,125.9,3.75,0.013,0.171,4.136,0.0,below Mara's slope
P00171,C13,secondary main sewer,lateral,200,24.7,0.5,0.682,0.328,0.671,14.5,below Mara's slope
P00174,C13,secondary header,sub main,200,30.3,0.5,0.275,0.246,1.02,4.4,below Mara's slope
P00175,C13,secondary main sewer,lateral,200,39.5,0.5,0.219,0.228,1.134,0.7,below Mara's slope
P00177,C03,secondary main sewer,lateral,200,58.1,0.9,0.246,0.29,1.075,1.8,below Mara's slope
P00178,C03,secondary main sewer,lateral,200,84.0,0.5,0.177,0.213,1.251,2.1,below Mara's slope
P00179,C05,secondary header,sub main,200,81.1,0.5,1.177,0.389,0.522,35.4,below Mara's slope
P00180,C03,secondary main sewer,lateral,200,155.1,0.5,0.172,0.211,1.268,1.8,below Mara's slope
P00181,C03,secondary main sewer,lateral,200,49.1,0.5,0.187,0.217,1.219,1.9,below Mara's slope
P00182,C03,secondary main sewer,lateral,200,79.9,0.5,0.168,0.209,1.282,1.9,below Mara's slope
P00183,C03,secondary main sewer,lateral,200,87.1,0.5,0.255,0.24,1.057,3.9,below Mara's slope
P00184,C03,secondary main sewer,lateral,200,87.1,0.5,0.16,0.206,1.309,1.7,below Mara's slope
P00188,C05,secondary main sewer,lateral,200,31.2,0.5,0.374,0.271,0.886,6.9,below Mara's slope
P00189,C05,secondary main sewer,lateral,200,168.9,0.55,0.223,0.237,1.124,2.9,below Mara's slope
P00190,C13,secondary header,sub main,200,82.4,0.5,0.548,0.307,0.742,12.7,below Mara's slope
P00191,C13,secondary main sewer,lateral,200,125.8,0.5,0.682,0.328,0.671,14.5,below Mara's slope
P00192,C03,secondary main sewer,lateral,200,81.7,0.5,0.414,0.28,0.845,6.5,below Mara's slope
P00194,C12,secondary header,sub main,200,32.4,0.5,0.222,0.229,1.127,1.8,below Mara's slope
P00196,C13,secondary header,sub main,200,72.0,0.75,0.337,0.302,0.93,6.2,below Mara's slope
P00197,C05,secondary main sewer,lateral,200,43.4,0.5,0.196,0.22,1.194,2.5,below Mara's slope
P00198,C05,secondary main sewer,lateral,200,211.5,0.55,0.556,0.318,0.738,12.6,below Mara's slope
P00199,C03,secondary main sewer,lateral,200,118.7,0.5,0.351,0.266,0.912,6.0,below Mara's slope
P00200,C05,secondary main sewer,lateral,200,87.3,0.5,0.5,0.298,0.775,10.7,below Mara's slope
P00201,C05,secondary main sewer,lateral,200,168.9,0.5,0.179,0.214,1.244,2.1,below Mara's slope
P00202,C12,secondary main sewer,lateral,200,57.0,0.7,0.086,0.188,1.742,0.6,below Mara's slope
P00207,C03,secondary main sewer,lateral,200,92.9,0.5,0.356,0.267,0.906,6.6,below Mara's slope
P00209,C03,secondary header,sub main,200,389.9,0.55,0.817,0.359,0.618,20.8,below Mara's slope
P00215,C12,secondary main sewer,lateral,200,29.4,0.5,0.127,0.191,1.456,1.2,below Mara's slope
P00217,C03,secondary header,sub main,200,185.1,0.5,1.187,0.39,0.52,33.7,below Mara's slope
P00218,C03,secondary main sewer,lateral,200,32.3,0.5,0.048,0.138,2.283,0.2,below Mara's slope
P00219,C03,secondary main sewer,lateral,200,142.2,0.95,0.224,0.287,1.122,3.1,below Mara's slope
P00222,C12,secondary main sewer,lateral,200,29.5,0.5,0.164,0.208,1.294,1.9,below Mara's slope
P00223,C12,secondary main sewer,lateral,200,52.8,0.5,0.268,0.244,1.034,4.3,below Mara's slope
P00224,C03,secondary header,sub main,200,232.5,0.9,0.039,0.156,2.521,0.1,below Mara's slope
P00225,C03,secondary header,sub main,200,82.4,0.5,0.361,0.269,0.9,6.2,below Mara's slope
P00227,C12,secondary main sewer,lateral,200,49.4,0.5,0.275,0.246,1.02,4.4,below Mara's slope
P00228,C12,secondary main sewer,lateral,200,44.2,0.5,0.268,0.244,1.034,4.3,below Mara's slope
P00229,C05,secondary main sewer,lateral,200,106.1,0.5,0.646,0.323,0.689,15.8,below Mara's slope
P00232,C12,secondary main sewer,lateral,200,23.8,0.5,0.421,0.282,0.838,8.7,below Mara's slope
P00233,C12,secondary header,sub main,200,24.9,0.5,0.865,0.354,0.602,23.5,below Mara's slope
P00234,C03,secondary header,sub main,200,259.0,0.5,0.52,0.302,0.761,11.2,below Mara's slope
P00235,C03,secondary header,sub main,200,88.4,0.5,1.022,0.372,0.557,29.3,below Mara's slope
P00237,C03,secondary header,sub main,200,84.8,0.5,1.128,0.384,0.532,33.7,below Mara's slope
P00238,C03,secondary header,sub main,200,91.4,0.5,1.277,0.399,0.503,40.2,below Mara's slope
P00240,C12,secondary main sewer,lateral,200,48.4,0.7,0.267,0.274,1.034,4.3,below Mara's slope
P00242,C03,secondary main sewer,lateral,200,37.8,0.5,0.0,0.0,,0.0,no flow in 2030
P00245,C12,secondary main sewer,lateral,200,25.0,0.5,0.101,0.177,1.617,0.6,below Mara's slope
P00246,C12,secondary header,sub main,200,35.4,0.5,0.916,0.36,0.586,25.4,below Mara's slope
P00247,C12,secondary main sewer,lateral,200,12.4,0.6,0.403,0.296,0.855,8.1,below Mara's slope
P00249,C03,secondary main sewer,lateral,200,80.4,1.1,0.188,0.285,1.215,2.1,below Mara's slope
P00250,C12,secondary main sewer,lateral,200,25.5,0.5,0.101,0.177,1.62,0.6,below Mara's slope
P00251,C12,secondary main sewer,lateral,200,22.4,0.5,0.142,0.198,1.384,1.3,below Mara's slope
P00252,C12,secondary main sewer,lateral,200,48.0,0.5,0.086,0.168,1.742,0.6,below Mara's slope
P00253,C12,secondary main sewer,lateral,200,92.1,1.45,0.0,0.0,,0.0,no flow in 2030
P00254,C03,secondary main sewer,lateral,200,51.5,0.5,0.0,0.0,,0.0,no flow in 2030
P00255,C03,secondary header,sub main,200,70.5,1.7,0.0,0.0,,0.0,no flow in 2030
P00259,C03,secondary main sewer,lateral,200,123.0,1.3,0.086,0.233,1.742,0.6,below Mara's slope
P00260,C12,secondary main sewer,lateral,200,22.3,0.5,0.047,0.137,2.304,0.0,below Mara's slope
P00261,C12,secondary main sewer,lateral,200,21.7,0.5,0.091,0.171,1.701,0.7,below Mara's slope
P00262,C03,secondary main sewer,lateral,200,147.1,0.5,0.66,0.325,0.682,15.6,below Mara's slope
P00263,C03,secondary main sewer,lateral,200,43.6,0.6,0.481,0.313,0.789,10.6,below Mara's slope
P00264,C03,secondary header,sub main,200,8.6,1.05,0.127,0.246,1.456,1.2,below Mara's slope
P00266,C12,secondary main sewer,lateral,200,53.7,1.55,0.0,0.0,,0.0,no flow in 2030
P00267,C12,secondary main sewer,lateral,200,30.6,0.5,0.2,0.222,1.183,2.4,below Mara's slope
P00270,C03,secondary main sewer,lateral,200,92.8,0.5,0.086,0.168,1.742,0.6,below Mara's slope
P00273,C03,secondary main sewer,lateral,200,56.7,1.15,0.197,0.294,1.191,2.5,below Mara's slope
P00274,C03,secondary main sewer,lateral,200,44.8,0.5,0.275,0.246,1.021,4.4,below Mara's slope
P00275,C03,secondary main sewer,lateral,200,152.5,0.65,0.645,0.354,0.689,16.4,below Mara's slope
P00276,C03,secondary main sewer,lateral,200,20.4,0.5,0.132,0.193,1.431,0.0,below Mara's slope
P00279,C03,secondary main sewer,lateral,200,99.6,0.6,0.318,0.275,0.955,4.3,below Mara's slope
P00281,C12,secondary header,sub main,200,63.4,0.5,0.718,0.334,0.656,17.3,below Mara's slope
P00282,C12,secondary main sewer,lateral,200,31.8,0.5,0.632,0.321,0.696,14.3,below Mara's slope
P00283,C05,secondary main sewer,lateral,200,212.7,0.5,0.332,0.261,0.935,5.8,below Mara's slope
P00284,C03,secondary header,sub main,200,102.0,0.6,0.264,0.259,1.039,4.1,below Mara's slope
P00287,C03,secondary main sewer,lateral,200,39.1,0.5,0.508,0.299,0.769,10.2,below Mara's slope
P00289,C03,secondary main sewer,lateral,200,23.7,0.5,0.164,0.208,1.296,1.9,below Mara's slope
P00290,C03,secondary main sewer,lateral,200,14.2,0.5,0.0,0.0,,0.0,no flow in 2030
P00291,C03,secondary main sewer,lateral,200,78.8,0.5,0.614,0.318,0.705,10.3,below Mara's slope
P00292,C03,secondary main sewer,lateral,200,109.0,0.5,0.297,0.252,0.984,2.4,below Mara's slope
P00294,C03,secondary main sewer,lateral,200,37.3,0.75,0.267,0.28,1.034,4.3,below Mara's slope
P00295,C05,secondary main sewer,lateral,200,59.9,0.5,0.568,0.31,0.731,13.0,below Mara's slope
P00298,C03,secondary header,sub main,200,331.1,0.5,0.099,0.176,1.637,0.7,below Mara's slope
P00299,C03,secondary main sewer,lateral,200,35.8,0.5,0.127,0.191,1.456,1.2,below Mara's slope
P00300,C03,secondary main sewer,lateral,200,47.7,0.5,0.132,0.193,1.431,0.0,below Mara's slope
P00301,C03,secondary main sewer,lateral,200,36.7,0.85,0.399,0.333,0.86,8.0,below Mara's slope
P00305,C12,secondary main sewer,lateral,200,15.3,1.25,0.0,0.0,,0.0,no flow in 2030
P00307,C05,secondary header,sub main,200,291.2,0.5,0.883,0.356,0.596,23.4,below Mara's slope
P00308,C05,secondary main sewer,lateral,200,173.1,0.5,0.709,0.332,0.659,16.6,below Mara's slope
P00309,C05,secondary header,sub main,200,41.6,0.5,0.851,0.352,0.606,22.1,below Mara's slope
P00310,C05,secondary header,sub main,200,99.9,0.7,0.295,0.282,0.989,4.9,below Mara's slope
P00314,C05,secondary header,sub main,200,97.3,0.7,0.134,0.218,1.422,1.2,below Mara's slope
P00315,C03,secondary main sewer,lateral,200,16.1,0.5,0.34,0.263,0.925,6.0,below Mara's slope
P00319,C03,secondary main sewer,lateral,200,37.4,0.5,0.046,0.136,2.327,0.2,below Mara's slope
P00324,C03,secondary main sewer,lateral,200,68.4,0.5,0.137,0.196,1.406,1.4,below Mara's slope
P00330,C04,secondary main sewer,lateral,200,22.5,0.5,0.094,0.173,1.671,0.7,below Mara's slope
P00331,C04,secondary main sewer,lateral,200,50.9,0.7,0.195,0.247,1.195,2.5,below Mara's slope
P00332,C04,secondary main sewer,lateral,200,22.4,0.55,0.222,0.237,1.126,3.1,below Mara's slope
P00333,C04,secondary main sewer,lateral,200,27.4,0.5,0.255,0.24,1.056,3.7,below Mara's slope
P00336,C04,secondary main sewer,lateral,200,70.6,2.35,0.028,0.192,2.926,0.1,below Mara's slope
P00340,C03,secondary main sewer,lateral,200,62.9,0.5,0.779,0.342,0.631,21.2,below Mara's slope
P00341,C03,secondary main sewer,lateral,200,58.6,0.5,0.845,0.351,0.608,23.8,below Mara's slope
P00342,C03,secondary main sewer,lateral,200,53.7,0.5,1.126,0.384,0.533,35.6,below Mara's slope
P00345,C04,secondary main sewer,lateral,200,49.0,1.05,0.255,0.31,1.056,3.7,below Mara's slope
P00346,C03,secondary main sewer,lateral,200,37.7,4.4,0.0,0.0,,0.0,no flow in 2030
P00347,C03,secondary main sewer,lateral,200,50.8,0.75,0.337,0.302,0.929,5.9,below Mara's slope
P00349,C03,secondary header,sub main,200,29.2,0.5,1.042,0.375,0.552,32.2,below Mara's slope
P00351,C05,secondary main sewer,lateral,200,191.5,0.5,0.25,0.238,1.066,3.7,below Mara's slope
P00354,C03,secondary main sewer,lateral,200,38.3,0.5,0.344,0.264,0.921,6.3,below Mara's slope
P00355,C05,secondary main sewer,lateral,200,79.2,0.5,0.166,0.209,1.287,1.9,below Mara's slope
P00357,C05,secondary header,sub main,200,25.3,0.5,0.25,0.238,1.066,3.7,below Mara's slope
P00360,C03,secondary header,sub main,200,224.2,1.55,0.047,0.2,2.304,0.0,below Mara's slope
P00362,C03,secondary main sewer,lateral,200,47.2,0.5,0.198,0.221,1.187,2.6,below Mara's slope
P00363,C03,secondary main sewer,lateral,200,27.9,0.5,0.091,0.171,1.702,0.7,below Mara's slope
P00365,C05,secondary header,sub main,200,114.2,0.5,0.778,0.342,0.632,20.2,below Mara's slope
P00369,C04,secondary main sewer,lateral,200,207.2,0.5,0.503,0.298,0.773,11.0,below Mara's slope
P00370,C05,secondary header,sub main,200,77.1,0.5,0.525,0.302,0.757,12.1,below Mara's slope
P00371,C05,secondary main sewer,lateral,200,42.6,0.5,0.441,0.286,0.821,9.3,below Mara's slope
P00372,C03,secondary main sewer,lateral,200,28.9,0.5,0.229,0.232,1.11,3.3,below Mara's slope
P00375,C03,secondary main sewer,lateral,200,24.7,0.5,0.169,0.21,1.276,2.0,below Mara's slope
P00378,C03,secondary main sewer,lateral,200,22.6,0.5,0.131,0.193,1.438,1.3,below Mara's slope
P00379,C03,secondary main sewer,lateral,200,100.7,0.65,0.218,0.25,1.137,3.0,below Mara's slope
P00380,C04,secondary main sewer,lateral,200,22.3,0.5,0.247,0.238,1.072,3.7,below Mara's slope
P00383,C04,secondary main sewer,lateral,200,92.3,0.5,0.298,0.252,0.983,3.8,below Mara's slope
P00385,C03,secondary main sewer,lateral,200,62.1,0.5,0.909,0.359,0.588,21.7,below Mara's slope
P00386,C03,secondary main sewer,lateral,200,32.3,1.25,0.088,0.231,1.729,0.6,below Mara's slope
P00387,C04,secondary main sewer,lateral,200,19.9,0.5,0.134,0.195,1.42,1.3,below Mara's slope
P00388,C04,secondary main sewer,lateral,200,36.8,0.5,0.134,0.195,1.42,1.3,below Mara's slope
P00391,C04,secondary main sewer,lateral,200,19.0,0.5,0.0,0.0,,0.0,no flow in 2030
P00392,C03,secondary main sewer,lateral,200,53.3,1.4,0.128,0.272,1.452,1.2,below Mara's slope
P00393,C05,secondary header,sub main,200,94.5,0.5,0.262,0.242,1.043,3.9,below Mara's slope
P00394,C05,secondary main sewer,lateral,200,44.0,0.5,0.338,0.263,0.928,6.2,below Mara's slope
P00395,C05,secondary main sewer,lateral,200,48.1,0.8,0.364,0.317,0.897,5.6,below Mara's slope
P00396,C03,secondary main sewer,lateral,200,31.7,1.6,0.0,0.0,,0.0,no flow in 2030
P00397,C05,secondary header,sub main,200,39.7,1.4,0.127,0.272,1.456,1.2,below Mara's slope
P00398,C04,secondary main sewer,lateral,200,24.9,1.35,0.0,0.0,,0.0,no flow in 2030
P00403,C04,secondary main sewer,lateral,200,44.2,0.55,0.578,0.322,0.725,12.3,below Mara's slope
P00404,C04,secondary main sewer,lateral,200,26.8,0.5,0.461,0.29,0.804,8.7,below Mara's slope
P00405,C04,secondary main sewer,lateral,200,17.5,0.5,0.679,0.328,0.673,15.1,below Mara's slope
P00406,C03,secondary main sewer,lateral,200,115.4,0.65,0.335,0.287,0.932,3.1,below Mara's slope
P00407,C03,secondary main sewer,lateral,200,20.7,0.5,0.127,0.191,1.456,1.2,below Mara's slope
P00408,C03,secondary main sewer,lateral,200,98.3,0.85,0.197,0.265,1.191,2.5,below Mara's slope
P00409,C03,secondary main sewer,lateral,200,29.5,0.5,0.801,0.345,0.624,17.3,below Mara's slope
P00411,C03,secondary main sewer,lateral,200,41.1,0.5,0.663,0.326,0.68,12.8,below Mara's slope
P00412,C03,secondary main sewer,lateral,200,14.9,0.5,0.0,0.0,,0.0,no flow in 2030
P00413,C03,secondary header,sub main,200,60.4,0.5,1.282,0.399,0.502,41.4,below Mara's slope
P00414,C04,secondary main sewer,lateral,200,16.3,0.5,0.552,0.307,0.74,13.1,below Mara's slope
P00415,C04,secondary main sewer,lateral,200,24.4,0.5,0.552,0.307,0.74,13.1,below Mara's slope
P00416,C03,secondary main sewer,lateral,200,52.4,0.5,0.191,0.218,1.208,2.4,below Mara's slope
P00417,C03,secondary main sewer,lateral,200,37.8,0.5,0.266,0.243,1.035,4.0,below Mara's slope
P00419,C04,secondary main sewer,lateral,200,11.0,0.5,0.0,0.0,,0.0,no flow in 2030
P00420,C04,secondary main sewer,lateral,200,23.5,0.5,0.0,0.0,,0.0,no flow in 2030
P00422,C04,secondary main sewer,lateral,200,48.4,0.5,0.218,0.228,1.137,3.0,below Mara's slope
P00423,C03,secondary main sewer,lateral,200,13.8,7.85,0.0,0.0,,0.0,no flow in 2030
P00430,C04,secondary main sewer,lateral,200,28.0,0.8,0.0,0.0,,0.0,no flow in 2030
P00431,C04,secondary main sewer,lateral,200,35.8,0.5,0.194,0.22,1.198,1.2,below Mara's slope
P00432,C04,secondary main sewer,lateral,200,25.8,0.5,1.167,0.388,0.524,36.5,below Mara's slope
P00434,C04,secondary main sewer,lateral,200,24.1,0.5,0.639,0.322,0.692,16.2,below Mara's slope
P00435,C04,secondary main sewer,lateral,200,27.2,0.5,0.834,0.35,0.612,22.4,below Mara's slope
P00436,C04,secondary main sewer,lateral,200,42.0,1.5,0.0,0.0,,0.0,no flow in 2030
P00437,C04,secondary main sewer,lateral,200,33.4,0.5,0.165,0.208,1.292,1.9,below Mara's slope
P00438,C04,secondary main sewer,lateral,200,23.8,0.5,0.362,0.269,0.899,5.6,below Mara's slope
P00439,C04,secondary main sewer,lateral,200,65.1,1.2,0.167,0.282,1.284,1.9,below Mara's slope
P00442,C04,secondary main sewer,lateral,200,46.8,0.5,0.825,0.348,0.615,21.5,below Mara's slope
P00449,C04,secondary main sewer,lateral,200,77.1,0.5,0.298,0.252,0.983,3.8,below Mara's slope
P00450,C04,secondary main sewer,lateral,200,11.7,0.5,0.341,0.264,0.924,5.0,below Mara's slope
P00453,C03,secondary main sewer,lateral,200,48.0,0.5,0.093,0.172,1.683,0.7,below Mara's slope
P00455,C03,secondary header,sub main,200,41.6,0.5,1.1,0.381,0.539,26.4,below Mara's slope
P00456,C03,secondary header,sub main,200,33.9,0.5,1.208,0.392,0.516,28.2,below Mara's slope
P00457,C03,secondary header,sub main,200,77.4,0.5,1.208,0.392,0.516,28.2,below Mara's slope
P00459,C03,secondary main sewer,lateral,200,46.7,0.85,0.26,0.29,1.047,3.1,below Mara's slope
P00460,C03,secondary header,sub main,200,68.4,0.5,0.284,0.248,1.006,4.6,below Mara's slope
P00462,C05,secondary header,sub main,200,156.7,0.5,0.545,0.306,0.745,12.6,below Mara's slope
P00463,C05,secondary header,sub main,200,49.0,0.5,0.579,0.312,0.724,13.9,below Mara's slope
P00464,C05,secondary header,sub main,200,19.9,1.6,0.086,0.249,1.742,0.6,below Mara's slope
P00466,C04,secondary main sewer,lateral,200,74.1,1.35,0.086,0.236,1.742,0.6,below Mara's slope
P00468,C03,secondary main sewer,lateral,200,31.5,0.5,0.175,0.212,1.258,0.6,below Mara's slope
P00469,C03,secondary main sewer,lateral,200,63.5,0.5,0.21,0.225,1.157,1.3,below Mara's slope
P00471,C04,secondary main sewer,lateral,200,102.4,0.5,0.0,0.0,,0.0,no flow in 2030
P00472,C03,secondary main sewer,lateral,200,25.7,0.5,0.316,0.257,0.957,2.5,below Mara's slope
P00475,C03,secondary main sewer,lateral,200,31.5,0.5,0.0,0.0,,0.0,no flow in 2030
P00476,C03,secondary main sewer,lateral,200,12.0,0.5,0.288,0.25,1.0,3.8,below Mara's slope
P00482,C04,secondary main sewer,lateral,200,22.9,0.9,0.127,0.234,1.456,1.2,below Mara's slope
P00484,C04,secondary main sewer,lateral,200,95.0,0.5,0.635,0.321,0.694,14.8,below Mara's slope
P00485,C04,secondary main sewer,lateral,200,23.2,0.5,0.0,0.0,,0.0,no flow in 2030
P00488,C04,secondary main sewer,lateral,200,34.8,1.55,0.086,0.247,1.742,0.6,below Mara's slope
P00492,C04,secondary main sewer,lateral,200,37.3,0.5,0.248,0.238,1.071,3.8,below Mara's slope
P00493,C03,secondary header,sub main,200,30.2,0.5,0.423,0.282,0.837,7.7,below Mara's slope
P00494,C03,secondary main sewer,lateral,200,86.1,0.5,0.198,0.221,1.188,2.6,below Mara's slope
P00495,C03,secondary header,sub main,200,71.7,0.5,0.813,0.347,0.619,15.8,below Mara's slope
P00496,C03,secondary header,sub main,200,40.9,0.5,0.813,0.347,0.619,15.8,below Mara's slope
P00497,C03,secondary header,sub main,200,34.7,0.5,0.813,0.347,0.619,15.8,below Mara's slope
P00498,C03,secondary header,sub main,200,36.6,0.5,0.877,0.355,0.598,18.4,below Mara's slope
P00499,C03,secondary header,sub main,200,35.5,0.5,0.877,0.355,0.598,18.4,below Mara's slope
P00500,C04,secondary main sewer,lateral,200,98.0,0.5,0.164,0.208,1.295,1.9,below Mara's slope
P00501,C03,secondary header,sub main,200,49.6,0.5,0.577,0.312,0.725,8.1,below Mara's slope
P00502,C04,secondary main sewer,lateral,200,16.0,0.5,0.165,0.208,1.292,0.6,below Mara's slope
P00506,C03,secondary header,sub main,200,28.0,0.5,0.577,0.312,0.725,8.1,below Mara's slope
P00509,C04,secondary main sewer,lateral,200,15.2,0.5,0.244,0.237,1.078,3.7,below Mara's slope
P00510,C04,secondary main sewer,lateral,200,25.0,0.5,0.436,0.285,0.825,9.2,below Mara's slope
P00512,C04,secondary main sewer,lateral,200,123.0,0.5,0.244,0.237,1.078,3.7,below Mara's slope
P00513,C04,secondary main sewer,lateral,200,53.4,0.9,0.096,0.213,1.659,0.7,below Mara's slope
P00515,C04,secondary main sewer,lateral,200,20.2,1.45,0.127,0.275,1.456,1.2,below Mara's slope
P00516,C03,secondary main sewer,lateral,200,35.9,0.5,0.576,0.311,0.726,8.1,below Mara's slope
P00517,C03,secondary header,sub main,200,59.1,0.5,0.577,0.312,0.725,8.1,below Mara's slope
P00518,C04,secondary main sewer,lateral,200,33.1,0.5,0.349,0.265,0.915,6.4,below Mara's slope
P00519,C04,secondary main sewer,lateral,200,13.5,0.5,0.314,0.257,0.96,5.5,below Mara's slope
P00520,C04,secondary main sewer,lateral,200,37.3,0.85,0.349,0.319,0.915,6.4,below Mara's slope
P00521,C04,secondary main sewer,lateral,200,29.9,0.5,0.268,0.244,1.032,4.3,below Mara's slope
P00522,C04,secondary main sewer,lateral,200,33.4,0.5,1.168,0.388,0.524,32.5,below Mara's slope
P00523,C05,secondary header,sub main,200,56.3,0.5,0.696,0.33,0.665,18.2,below Mara's slope
P00524,C05,secondary main sewer,lateral,200,19.9,0.5,0.127,0.191,1.456,1.2,below Mara's slope
P00526,C05,secondary header,sub main,200,33.3,0.5,0.759,0.34,0.639,20.6,below Mara's slope
P00528,C04,secondary main sewer,lateral,200,61.8,0.5,0.678,0.328,0.673,14.8,below Mara's slope
P00530,C04,secondary main sewer,lateral,200,96.0,0.6,0.675,0.349,0.674,16.0,below Mara's slope
P00531,C05,secondary main sewer,lateral,200,39.3,1.7,0.0,0.0,,0.0,no flow in 2030
P00532,C04,secondary main sewer,lateral,200,42.4,0.5,0.129,0.192,1.446,1.2,below Mara's slope
P00533,C04,secondary main sewer,lateral,200,74.3,0.65,0.27,0.268,1.028,4.3,below Mara's slope
P00535,C04,secondary main sewer,lateral,200,32.2,0.95,0.0,0.0,,0.0,no flow in 2030
P00540,C04,secondary main sewer,lateral,200,56.4,0.5,0.349,0.265,0.915,6.4,below Mara's slope
P00541,C04,secondary main sewer,lateral,200,36.7,0.5,0.167,0.209,1.284,1.9,below Mara's slope
P00542,C04,secondary main sewer,lateral,200,108.2,0.5,0.142,0.198,1.385,1.3,below Mara's slope
P00544,C04,secondary main sewer,lateral,200,137.3,0.5,0.314,0.257,0.96,5.5,below Mara's slope
P00547,C04,secondary main sewer,lateral,200,48.6,0.5,0.204,0.223,1.172,2.7,below Mara's slope
P00549,C04,secondary main sewer,lateral,200,36.0,0.5,0.678,0.328,0.673,14.8,below Mara's slope
P00551,C04,secondary main sewer,lateral,200,29.9,0.9,0.161,0.253,1.307,1.8,below Mara's slope
P00552,C05,secondary header,sub main,200,28.2,0.5,0.837,0.35,0.611,23.7,below Mara's slope
P00556,C05,secondary main sewer,lateral,200,19.2,0.5,0.086,0.168,1.742,0.6,below Mara's slope
P00563,C04,secondary main sewer,lateral,200,33.5,0.5,0.992,0.369,0.565,28.3,below Mara's slope
P00565,C04,secondary main sewer,lateral,200,47.3,0.5,0.934,0.362,0.581,24.3,below Mara's slope
P00566,C04,secondary main sewer,lateral,200,48.9,1.3,0.161,0.286,1.307,1.8,below Mara's slope
P00568,C05,secondary main sewer,lateral,200,53.8,0.5,0.578,0.312,0.724,13.8,below Mara's slope
P00569,C04,secondary main sewer,lateral,200,23.4,0.5,0.336,0.262,0.93,6.1,below Mara's slope
P00570,C04,secondary main sewer,lateral,200,49.6,0.5,0.729,0.335,0.651,15.9,below Mara's slope
P00571,C04,secondary main sewer,lateral,200,25.6,0.5,0.798,0.345,0.625,20.3,below Mara's slope
P00573,C05,secondary header,sub main,200,39.5,0.5,1.013,0.371,0.559,28.1,below Mara's slope
P00574,C04,secondary main sewer,lateral,200,49.9,0.5,0.534,0.304,0.752,11.1,below Mara's slope
P00575,C04,secondary main sewer,lateral,200,66.4,0.5,0.796,0.345,0.625,20.2,below Mara's slope
P00576,C04,secondary main sewer,lateral,200,22.8,1.15,0.086,0.223,1.742,0.6,below Mara's slope
P00577,C04,secondary main sewer,lateral,200,43.4,0.5,0.764,0.34,0.637,19.0,below Mara's slope
P00578,C04,secondary main sewer,lateral,200,31.9,1.0,0.086,0.213,1.742,0.6,below Mara's slope
P00579,C04,secondary main sewer,lateral,200,51.5,0.5,0.322,0.259,0.949,5.7,below Mara's slope
P00580,C04,secondary main sewer,lateral,200,25.3,0.5,0.748,0.338,0.643,18.3,below Mara's slope
P00581,C04,secondary main sewer,lateral,200,4.6,0.5,0.2,0.222,1.181,2.6,below Mara's slope
P00582,C04,secondary main sewer,lateral,200,42.1,0.5,0.468,0.292,0.798,7.5,below Mara's slope
P00584,C04,secondary main sewer,lateral,200,20.9,1.0,0.0,0.0,,0.0,no flow in 2030
P00585,C04,secondary main sewer,lateral,200,46.4,0.5,0.2,0.222,1.181,2.6,below Mara's slope
P00586,C04,secondary main sewer,lateral,200,23.3,0.5,0.315,0.257,0.959,5.5,below Mara's slope
P00587,C04,secondary main sewer,lateral,200,16.0,0.5,0.047,0.137,2.302,0.2,below Mara's slope
P00588,C04,secondary main sewer,lateral,200,24.7,0.55,0.315,0.265,0.959,5.5,below Mara's slope
P00589,C04,secondary main sewer,lateral,200,167.8,0.5,0.377,0.272,0.883,6.8,below Mara's slope
P00590,C04,secondary main sewer,lateral,200,45.0,0.5,0.657,0.325,0.683,11.3,below Mara's slope
P00592,C04,secondary main sewer,lateral,200,66.2,0.5,0.269,0.244,1.03,4.3,below Mara's slope
P00593,C04,secondary main sewer,lateral,200,29.2,0.5,0.267,0.244,1.034,4.3,below Mara's slope
P00594,C04,secondary main sewer,lateral,200,33.6,0.5,0.024,0.109,3.127,0.0,below Mara's slope
P00595,C04,secondary main sewer,lateral,200,26.5,0.5,0.516,0.301,0.763,10.5,below Mara's slope
P00596,C04,secondary main sewer,lateral,200,31.3,0.5,0.528,0.303,0.755,8.5,below Mara's slope
P00597,C04,secondary main sewer,lateral,200,22.1,0.5,0.533,0.304,0.752,11.0,below Mara's slope
P00599,C04,secondary main sewer,lateral,200,22.2,0.5,0.304,0.254,0.974,4.3,below Mara's slope
P00601,C04,secondary main sewer,lateral,200,57.1,0.5,0.629,0.32,0.697,12.9,below Mara's slope
P00605,C04,secondary main sewer,lateral,200,36.8,0.5,0.192,0.219,1.203,2.5,below Mara's slope
P00606,C04,secondary main sewer,lateral,200,34.6,0.55,0.093,0.178,1.682,0.7,below Mara's slope
P00607,C04,secondary main sewer,lateral,200,50.4,0.5,0.054,0.143,2.161,0.2,below Mara's slope
P00608,C05,secondary main sewer,lateral,200,42.9,1.35,0.109,0.255,1.561,0.7,below Mara's slope
P00609,C05,secondary main sewer,lateral,200,55.5,0.5,0.256,0.24,1.055,3.8,below Mara's slope
P00610,C05,secondary header,sub main,200,52.9,0.5,1.009,0.371,0.56,30.8,below Mara's slope
P00612,C04,secondary main sewer,lateral,200,47.3,0.5,0.725,0.335,0.653,11.6,below Mara's slope
P00613,C04,secondary main sewer,lateral,200,26.2,0.5,0.172,0.211,1.269,2.0,below Mara's slope
P00614,C04,secondary main sewer,lateral,200,41.8,0.5,0.042,0.131,2.437,0.1,below Mara's slope
P00615,C05,secondary header,sub main,200,131.8,0.5,1.252,0.396,0.507,37.8,below Mara's slope
P00617,C04,secondary main sewer,lateral,200,47.6,0.65,0.727,0.367,0.652,16.0,below Mara's slope
P00619,C04,secondary main sewer,lateral,200,32.5,0.5,0.72,0.334,0.655,11.6,below Mara's slope
P00620,C04,secondary main sewer,lateral,200,22.9,0.5,0.519,0.301,0.762,6.7,below Mara's slope
P00623,C04,secondary main sewer,lateral,200,28.7,0.5,0.0,0.0,,0.0,no flow in 2030
P00624,C05,secondary header,sub main,200,24.4,0.5,1.04,0.374,0.553,32.1,below Mara's slope
P00625,C04,secondary main sewer,lateral,200,18.9,0.5,0.042,0.131,2.438,0.1,below Mara's slope
P00627,C04,secondary main sewer,lateral,200,207.0,0.5,0.515,0.301,0.764,10.4,below Mara's slope
P00629,C04,secondary main sewer,lateral,200,44.7,0.5,0.262,0.242,1.044,2.8,below Mara's slope
P00630,C04,secondary main sewer,lateral,200,39.7,0.5,0.329,0.261,0.94,4.6,below Mara's slope
P00632,C04,secondary main sewer,lateral,200,29.3,1.5,0.0,0.0,,0.0,no flow in 2030
P00633,C04,secondary main sewer,lateral,200,24.3,0.5,0.282,0.248,1.009,3.7,below Mara's slope
P00634,C04,secondary main sewer,lateral,200,26.4,0.5,0.332,0.261,0.936,5.6,below Mara's slope
P00636,C04,secondary main sewer,lateral,200,13.9,0.5,0.086,0.168,1.742,0.6,below Mara's slope
P00639,C04,secondary main sewer,lateral,200,26.5,0.5,0.223,0.23,1.123,3.2,below Mara's slope
P00640,C04,secondary main sewer,lateral,200,25.8,0.5,0.26,0.242,1.047,2.7,below Mara's slope
P00641,C04,secondary main sewer,lateral,200,35.4,0.5,0.19,0.218,1.209,2.4,below Mara's slope
P00643,C05,secondary header,sub main,200,190.2,0.5,1.183,0.39,0.521,36.5,below Mara's slope
P00644,C04,secondary main sewer,lateral,200,26.2,0.55,0.131,0.199,1.439,1.3,below Mara's slope
P00645,C04,secondary main sewer,lateral,200,30.1,0.5,0.329,0.261,0.94,4.6,below Mara's slope
P00646,C04,secondary main sewer,lateral,200,26.8,2.2,0.047,0.225,2.304,0.0,below Mara's slope
P00648,C04,secondary main sewer,lateral,200,25.6,0.65,0.242,0.258,1.083,2.4,below Mara's slope
P00649,C04,secondary main sewer,lateral,200,24.9,0.5,0.501,0.298,0.774,6.1,below Mara's slope
P00651,C04,secondary main sewer,lateral,200,34.2,0.5,0.37,0.27,0.891,4.3,below Mara's slope
P00652,C04,secondary main sewer,lateral,200,67.9,0.5,0.431,0.284,0.829,5.5,below Mara's slope
P00653,C04,secondary main sewer,lateral,200,26.8,0.5,0.169,0.21,1.278,2.0,below Mara's slope
P00654,C04,secondary main sewer,lateral,200,27.3,0.6,0.318,0.275,0.954,3.7,below Mara's slope
P00655,C04,secondary main sewer,lateral,200,47.7,0.7,0.474,0.329,0.794,6.7,below Mara's slope
P00656,C04,secondary main sewer,lateral,200,43.8,0.5,0.304,0.254,0.975,3.7,below Mara's slope
P00657,C04,secondary main sewer,lateral,200,48.9,1.0,0.284,0.316,1.005,3.7,below Mara's slope
P00659,C05,secondary main sewer,lateral,200,98.4,0.5,0.218,0.228,1.137,3.0,below Mara's slope
P00660,C04,secondary main sewer,lateral,200,24.9,0.5,0.126,0.191,1.46,0.6,below Mara's slope
P00663,C04,secondary main sewer,lateral,200,34.2,0.5,0.249,0.238,1.067,3.8,below Mara's slope
P00666,C04,secondary main sewer,lateral,200,24.8,0.5,0.317,0.258,0.955,5.6,below Mara's slope
P00667,C04,secondary main sewer,lateral,200,27.9,0.75,0.039,0.147,2.506,0.1,below Mara's slope
P00668,C04,secondary main sewer,lateral,200,51.2,0.5,0.258,0.241,1.051,2.4,below Mara's slope
P00669,C04,secondary main sewer,lateral,200,36.1,0.5,0.256,0.24,1.054,3.8,below Mara's slope
P00670,C05,secondary main sewer,lateral,200,8.4,0.5,0.127,0.191,1.456,1.2,below Mara's slope
P00673,C04,secondary main sewer,lateral,200,21.6,0.8,0.039,0.151,2.506,0.1,below Mara's slope
P00674,C04,secondary main sewer,lateral,200,37.0,0.5,0.178,0.213,1.248,1.9,below Mara's slope
P00675,C04,secondary main sewer,lateral,200,29.0,0.5,0.283,0.248,1.006,3.3,below Mara's slope
P00676,C04,secondary main sewer,lateral,200,89.9,0.5,0.229,0.232,1.11,3.1,below Mara's slope
P00677,C04,secondary main sewer,lateral,200,5.9,0.5,0.448,0.288,0.815,9.4,below Mara's slope
P00678,C04,secondary main sewer,lateral,200,8.4,0.5,0.468,0.292,0.799,8.0,below Mara's slope
P00679,C04,secondary main sewer,lateral,200,22.5,0.5,0.149,0.201,1.354,0.6,below Mara's slope
P00683,C11,secondary header,sub main,200,69.1,1.2,0.0,0.0,,0.0,no flow in 2030
P00685,C04,secondary main sewer,lateral,200,25.4,0.5,0.254,0.24,1.059,3.9,below Mara's slope
P00686,C04,secondary main sewer,lateral,200,34.9,0.5,0.149,0.201,1.354,0.6,below Mara's slope
P00687,C04,secondary main sewer,lateral,200,23.8,0.5,0.0,0.0,,0.0,no flow in 2030
P00688,C04,secondary main sewer,lateral,200,35.0,0.5,0.77,0.341,0.635,11.7,below Mara's slope
P00689,C04,secondary main sewer,lateral,200,64.1,0.5,0.0,0.0,,0.0,no flow in 2030
P00690,C11,secondary header,sub main,200,55.9,1.15,0.141,0.263,1.387,1.4,below Mara's slope
P00691,C10,secondary main sewer,lateral,200,56.6,0.5,0.695,0.33,0.666,12.2,below Mara's slope
P00693,C04,secondary main sewer,lateral,200,80.8,0.5,0.243,0.236,1.08,3.7,below Mara's slope
P00694,C04,secondary main sewer,lateral,200,37.1,0.5,0.27,0.244,1.03,4.3,below Mara's slope
P00696,C04,secondary main sewer,lateral,200,30.1,0.5,0.283,0.248,1.006,3.3,below Mara's slope
P00697,C04,secondary main sewer,lateral,200,38.7,0.5,0.349,0.266,0.914,5.1,below Mara's slope
P00698,C10,secondary main sewer,lateral,200,25.9,0.5,0.695,0.33,0.666,12.2,below Mara's slope
P00700,C04,secondary main sewer,lateral,200,44.7,0.5,0.561,0.309,0.735,13.4,below Mara's slope
P00701,C05,secondary main sewer,lateral,200,84.6,0.5,0.188,0.218,1.215,0.6,below Mara's slope
P00704,C11,secondary header,sub main,200,65.5,0.65,0.714,0.365,0.657,16.5,below Mara's slope
P00707,C10,secondary main sewer,lateral,200,28.7,0.5,0.942,0.363,0.578,19.5,below Mara's slope
P00708,C11,secondary header,sub main,200,20.9,0.5,1.092,0.38,0.54,31.4,below Mara's slope
P00709,C10,secondary main sewer,lateral,200,38.9,2.0,0.014,0.143,3.998,0.0,below Mara's slope
P00710,C04,secondary main sewer,lateral,200,99.9,0.5,0.0,0.0,,0.0,no flow in 2030
P00711,C11,secondary header,sub main,200,23.3,0.5,1.26,0.397,0.506,38.8,below Mara's slope
P00712,C04,secondary main sewer,lateral,200,67.2,0.5,0.0,0.0,,0.0,no flow in 2030
P00713,C04,secondary main sewer,lateral,200,254.1,0.5,0.766,0.341,0.636,11.6,below Mara's slope
P00715,C10,secondary main sewer,lateral,200,96.8,0.5,0.695,0.33,0.666,12.2,below Mara's slope
P00716,C04,secondary main sewer,lateral,200,83.4,0.5,0.866,0.354,0.602,22.0,below Mara's slope
P00717,C04,secondary main sewer,lateral,200,38.2,0.5,0.922,0.361,0.584,22.6,below Mara's slope
P00718,C04,secondary main sewer,lateral,200,27.8,0.5,0.27,0.244,1.03,4.3,below Mara's slope
P00720,C04,secondary main sewer,lateral,200,88.8,0.5,0.329,0.261,0.939,4.6,below Mara's slope
P00721,C04,secondary main sewer,lateral,200,33.0,0.5,0.177,0.213,1.252,2.1,below Mara's slope
P00723,C04,secondary main sewer,lateral,200,30.5,0.5,0.401,0.278,0.858,6.7,below Mara's slope
P00724,C04,secondary main sewer,lateral,200,8.0,0.5,0.762,0.34,0.638,15.5,below Mara's slope
P00727,C10,secondary main sewer,lateral,200,13.0,0.5,0.781,0.343,0.631,20.3,below Mara's slope
P00731,C18,secondary header,sub main,200,279.5,1.0,0.154,0.258,1.332,0.0,below Mara's slope
P00732,C04,secondary main sewer,lateral,200,90.3,0.5,0.471,0.292,0.796,6.1,below Mara's slope
P00734,C10,secondary main sewer,lateral,200,74.1,0.75,0.344,0.304,0.92,4.3,below Mara's slope
P00740,C10,secondary main sewer,lateral,200,62.4,1.35,0.101,0.248,1.62,0.6,below Mara's slope
P00741,C10,secondary main sewer,lateral,200,26.2,0.5,0.139,0.197,1.399,1.2,below Mara's slope
P00743,C10,secondary main sewer,lateral,200,51.2,0.5,0.75,0.338,0.643,19.1,below Mara's slope
P00744,C04,secondary main sewer,lateral,200,43.6,0.5,0.526,0.303,0.757,9.0,below Mara's slope
P00746,C10,secondary main sewer,lateral,200,15.3,0.5,0.127,0.191,1.456,1.2,below Mara's slope
P00747,C11,secondary main sewer,lateral,200,39.7,0.5,0.479,0.294,0.79,8.1,below Mara's slope
P00749,C10,secondary main sewer,lateral,200,29.4,0.5,0.33,0.261,0.938,4.3,below Mara's slope
P00750,C10,secondary main sewer,lateral,200,33.5,0.5,0.174,0.212,1.261,1.9,below Mara's slope
P00751,C10,secondary main sewer,lateral,200,28.3,0.5,0.519,0.301,0.761,7.9,below Mara's slope
P00752,C10,secondary main sewer,lateral,200,27.7,0.5,0.457,0.289,0.808,8.7,below Mara's slope
P00753,C10,secondary main sewer,lateral,200,24.2,0.5,0.416,0.281,0.844,7.4,below Mara's slope
P00754,C04,secondary main sewer,lateral,200,106.8,0.5,0.514,0.3,0.765,11.3,below Mara's slope
P00756,C10,secondary main sewer,lateral,200,24.2,0.5,0.33,0.261,0.938,4.3,below Mara's slope
P00757,C11,secondary main sewer,lateral,200,39.8,0.5,0.619,0.319,0.702,14.9,below Mara's slope
P00759,C04,secondary main sewer,lateral,200,52.3,0.5,0.161,0.206,1.307,1.8,below Mara's slope
P00760,C04,secondary main sewer,lateral,200,31.3,0.5,1.025,0.373,0.556,26.9,below Mara's slope
P00761,C04,secondary main sewer,lateral,200,34.9,0.5,1.272,0.398,0.504,33.0,below Mara's slope
P00762,C04,secondary main sewer,lateral,200,125.3,0.5,0.477,0.293,0.791,6.1,below Mara's slope
P00763,C04,secondary main sewer,lateral,200,39.3,0.5,0.484,0.295,0.786,6.1,below Mara's slope
P00764,C04,secondary main sewer,lateral,200,87.2,0.5,0.0,0.0,,0.0,no flow in 2030
P00765,C04,secondary main sewer,lateral,200,130.0,0.5,0.198,0.221,1.188,0.0,below Mara's slope
P00767,C11,secondary main sewer,lateral,200,77.3,1.35,0.141,0.278,1.387,1.4,below Mara's slope
P00768,C10,secondary main sewer,lateral,200,14.5,0.6,0.069,0.166,1.928,0.0,below Mara's slope
P00771,C10,secondary main sewer,lateral,200,34.4,0.5,0.0,0.0,,0.0,no flow in 2030
P00772,C10,secondary main sewer,lateral,200,26.3,0.5,0.161,0.206,1.307,1.8,below Mara's slope
P00773,C04,secondary main sewer,lateral,200,19.4,2.0,0.0,0.0,,0.0,no flow in 2030
P00774,C11,secondary main sewer,lateral,200,33.2,0.5,0.424,0.283,0.836,7.5,below Mara's slope
P00775,C10,secondary main sewer,lateral,200,14.9,0.5,0.133,0.194,1.426,1.3,below Mara's slope
P00778,C04,secondary main sewer,lateral,200,35.4,0.5,0.127,0.191,1.456,1.2,below Mara's slope
P00781,C10,secondary main sewer,lateral,200,25.7,0.5,0.19,0.218,1.209,2.4,below Mara's slope
P00782,C11,secondary main sewer,lateral,200,11.3,0.5,0.297,0.252,0.985,3.7,below Mara's slope
P00783,C15,secondary main sewer,lateral,200,12.3,0.5,0.0,0.0,,0.0,no flow in 2030
P00784,C11,secondary main sewer,lateral,200,42.6,0.9,0.211,0.276,1.154,2.5,below Mara's slope
P00785,C04,secondary main sewer,lateral,200,47.4,0.5,0.161,0.206,1.307,1.8,below Mara's slope
P00786,C04,secondary main sewer,lateral,200,94.3,0.6,0.044,0.142,2.387,0.1,below Mara's slope
P00787,C11,secondary main sewer,lateral,200,44.0,0.5,0.405,0.279,0.853,8.0,below Mara's slope
P00788,C05,secondary main sewer,lateral,200,100.0,0.5,0.402,0.278,0.857,2.5,below Mara's slope
P00790,C11,secondary main sewer,lateral,200,84.1,0.5,0.377,0.272,0.882,7.4,below Mara's slope
P00791,C04,secondary main sewer,lateral,200,36.8,0.5,0.086,0.168,1.742,0.6,below Mara's slope
P00792,C11,secondary main sewer,lateral,200,84.4,0.5,0.347,0.265,0.916,5.5,below Mara's slope
P00793,C09,secondary main sewer,lateral,200,21.2,0.5,0.0,0.0,,0.0,no flow in 2030
P00794,C15,secondary main sewer,lateral,200,23.9,0.5,0.537,0.305,0.75,8.5,below Mara's slope
P00796,C11,secondary main sewer,lateral,200,36.0,0.95,0.223,0.287,1.123,3.2,below Mara's slope
P00797,C11,secondary main sewer,lateral,200,84.3,0.65,0.278,0.27,1.016,3.0,below Mara's slope
P00798,C04,secondary main sewer,lateral,200,110.8,0.5,0.221,0.229,1.128,2.8,below Mara's slope
P00801,C11,secondary main sewer,lateral,200,20.7,0.5,0.297,0.252,0.985,3.7,below Mara's slope
P00803,C10,secondary main sewer,lateral,200,61.5,0.85,0.228,0.278,1.113,3.2,below Mara's slope
P00805,C15,secondary main sewer,lateral,200,24.0,0.5,0.127,0.191,1.456,1.2,below Mara's slope
P00806,C15,secondary main sewer,lateral,200,24.8,1.7,0.086,0.255,1.742,0.6,below Mara's slope
P00807,C11,secondary main sewer,lateral,200,21.7,0.5,0.101,0.177,1.62,0.6,below Mara's slope
P00808,C15,secondary main sewer,lateral,200,12.4,0.5,0.0,0.0,,0.0,no flow in 2030
P00809,C04,secondary main sewer,lateral,200,35.9,0.5,0.127,0.191,1.456,1.2,below Mara's slope
P00812,C11,secondary main sewer,lateral,200,21.8,0.5,0.345,0.265,0.919,6.2,below Mara's slope
P00816,C04,secondary main sewer,lateral,200,25.1,0.5,0.19,0.218,1.209,2.4,below Mara's slope
P00818,C11,secondary main sewer,lateral,200,22.2,0.5,0.336,0.262,0.93,6.1,below Mara's slope
P00819,C15,secondary main sewer,lateral,200,20.4,1.05,0.139,0.254,1.399,1.2,below Mara's slope
P00822,C11,secondary main sewer,lateral,200,22.0,0.5,0.086,0.168,1.742,0.6,below Mara's slope
P00824,C11,secondary main sewer,lateral,200,17.0,0.5,0.297,0.252,0.985,3.7,below Mara's slope
P00825,C04,secondary main sewer,lateral,200,44.8,0.5,0.231,0.233,1.106,3.3,below Mara's slope
P00826,C09,secondary main sewer,lateral,200,39.6,1.65,0.033,0.181,2.705,0.1,below Mara's slope
P00827,C11,secondary main sewer,lateral,200,22.0,0.5,0.139,0.197,1.399,1.2,below Mara's slope
P00829,C09,secondary main sewer,lateral,200,30.6,1.5,0.033,0.176,2.705,0.1,below Mara's slope
P00830,C04,secondary main sewer,lateral,200,71.5,0.5,0.289,0.25,0.997,3.7,below Mara's slope
P00831,C04,secondary main sewer,lateral,200,34.8,0.5,0.333,0.262,0.934,4.9,below Mara's slope
P00832,C04,secondary main sewer,lateral,200,83.6,0.5,0.293,0.251,0.99,4.7,below Mara's slope
P00833,C04,secondary main sewer,lateral,200,28.2,0.5,0.279,0.247,1.013,4.5,below Mara's slope
P00834,C04,secondary main sewer,lateral,200,62.0,2.6,0.0,0.0,,0.0,no flow in 2030
P00835,C04,secondary main sewer,lateral,200,7.5,0.5,0.279,0.247,1.013,4.5,below Mara's slope
P00837,C15,secondary main sewer,lateral,200,23.6,0.5,0.243,0.236,1.08,3.7,below Mara's slope
P00840,C11,secondary main sewer,lateral,200,22.4,0.5,0.324,0.259,0.946,5.6,below Mara's slope
P00841,C11,secondary main sewer,lateral,200,23.3,0.5,0.3,0.253,0.98,4.9,below Mara's slope
P00843,C11,secondary main sewer,lateral,200,14.9,0.5,0.086,0.168,1.742,0.6,below Mara's slope
P00844,C11,secondary main sewer,lateral,200,22.9,0.5,0.292,0.251,0.992,4.9,below Mara's slope
P00845,C09,secondary main sewer,lateral,200,34.6,0.5,0.149,0.201,1.354,0.6,below Mara's slope
P00848,C05,secondary main sewer,lateral,200,46.3,0.5,0.76,0.34,0.639,20.3,below Mara's slope
P00849,C05,secondary main sewer,lateral,200,100.6,0.5,0.693,0.33,0.666,17.7,below Mara's slope
P00852,C04,secondary main sewer,lateral,200,31.2,0.5,0.414,0.28,0.845,7.3,below Mara's slope
P00853,C04,secondary main sewer,lateral,200,48.0,0.5,0.324,0.259,0.946,5.7,below Mara's slope
P00854,C10,secondary main sewer,lateral,200,99.4,0.5,0.677,0.328,0.674,13.8,below Mara's slope
P00857,C04,secondary main sewer,lateral,200,42.9,0.9,0.131,0.236,1.436,1.3,below Mara's slope
P00858,C04,secondary main sewer,lateral,200,56.9,0.5,0.629,0.32,0.697,15.8,below Mara's slope
P00859,C11,secondary main sewer,lateral,200,19.6,0.5,0.133,0.194,1.425,1.3,below Mara's slope
P00860,C04,secondary main sewer,lateral,200,11.8,0.5,0.455,0.289,0.809,9.8,below Mara's slope
P00861,C10,secondary main sewer,lateral,200,17.2,0.5,0.231,0.232,1.106,2.0,below Mara's slope
P00862,C10,secondary main sewer,lateral,200,80.6,0.5,1.149,0.386,0.528,30.4,below Mara's slope
P00864,C15,secondary main sewer,lateral,200,23.0,0.5,0.421,0.282,0.839,8.5,below Mara's slope
P00866,C15,secondary main sewer,lateral,200,20.0,0.5,0.086,0.168,1.742,0.6,below Mara's slope
P00867,C15,secondary main sewer,lateral,200,19.7,0.5,0.44,0.286,0.822,9.2,below Mara's slope
P00870,C11,secondary main sewer,lateral,200,22.0,0.5,0.09,0.17,1.709,0.6,below Mara's slope
P00871,C15,secondary main sewer,lateral,200,27.8,0.5,0.479,0.294,0.79,10.4,below Mara's slope
P00876,C15,secondary main sewer,lateral,200,37.6,0.5,0.161,0.206,1.307,1.8,below Mara's slope
P00877,C11,secondary main sewer,lateral,200,35.7,0.5,0.092,0.171,1.693,0.7,below Mara's slope
P00878,C04,secondary main sewer,lateral,200,79.5,0.5,0.334,0.262,0.933,6.1,below Mara's slope
P00879,C04,secondary main sewer,lateral,200,101.8,0.5,0.455,0.289,0.809,9.8,below Mara's slope
P00880,C04,secondary main sewer,lateral,200,24.2,0.5,0.222,0.23,1.126,3.1,below Mara's slope
P00881,C15,secondary main sewer,lateral,200,13.9,0.5,0.086,0.168,1.742,0.6,below Mara's slope
P00884,C04,secondary main sewer,lateral,200,24.9,0.5,0.221,0.229,1.13,3.1,below Mara's slope
P00887,C09,secondary main sewer,lateral,200,20.0,0.5,0.0,0.0,,0.0,no flow in 2030
P00888,C15,secondary main sewer,lateral,200,13.8,0.5,0.127,0.191,1.456,1.2,below Mara's slope
P00893,C04,secondary main sewer,lateral,200,53.2,0.5,0.271,0.245,1.027,4.4,below Mara's slope
P00897,C04,secondary main sewer,lateral,200,23.8,0.5,0.091,0.171,1.702,0.7,below Mara's slope
P00898,C11,secondary main sewer,lateral,200,62.8,0.5,0.0,0.0,,0.0,no flow in 2030
P00900,C09,secondary main sewer,lateral,200,23.5,1.2,0.086,0.226,1.742,0.6,below Mara's slope
P00901,C09,secondary main sewer,lateral,200,22.4,2.35,0.036,0.209,2.622,0.1,below Mara's slope
P00902,C11,secondary main sewer,lateral,200,11.6,0.5,0.0,0.0,,0.0,no flow in 2030
P00903,C40,secondary main sewer,lateral,200,32.3,0.5,0.0,0.0,,0.0,no flow in 2030
P00904,C09,secondary main sewer,lateral,200,30.7,0.5,0.127,0.191,1.456,1.2,below Mara's slope
P00905,C05,secondary main sewer,lateral,200,98.5,0.5,0.183,0.216,1.23,2.2,below Mara's slope
P00906,C09,secondary main sewer,lateral,200,22.2,0.5,0.19,0.218,1.209,2.4,below Mara's slope
P00908,C25,secondary main sewer,lateral,200,126.5,0.5,0.0,0.0,,0.0,no flow in 2030
P00910,C25,secondary main sewer,lateral,200,92.0,0.5,0.0,0.0,,0.0,no flow in 2030
P00911,C10,secondary main sewer,lateral,200,19.5,0.5,0.0,0.0,,0.0,no flow in 2030
P00912,C10,secondary main sewer,lateral,200,251.9,0.5,0.434,0.285,0.827,9.2,below Mara's slope
P00913,C04,secondary main sewer,lateral,200,26.8,0.5,0.734,0.336,0.649,18.6,below Mara's slope
P00914,C09,secondary main sewer,lateral,200,23.0,0.5,0.095,0.173,1.665,0.7,below Mara's slope
P00916,C09,secondary main sewer,lateral,200,68.1,0.5,0.086,0.168,1.742,0.6,below Mara's slope
P00917,C09,secondary main sewer,lateral,200,25.1,0.5,0.127,0.191,1.456,1.2,below Mara's slope
P00918,C09,secondary main sewer,lateral,200,23.4,0.5,0.2,0.222,1.183,2.4,below Mara's slope
P00920,C09,secondary main sewer,lateral,200,39.3,0.5,0.264,0.243,1.041,2.5,below Mara's slope
P00921,C09,secondary main sewer,lateral,200,12.7,0.5,0.0,0.0,,0.0,no flow in 2030
P00922,C04,secondary main sewer,lateral,200,37.6,0.5,0.283,0.248,1.007,4.4,below Mara's slope
P00923,C04,secondary main sewer,lateral,200,55.3,0.5,0.383,0.274,0.876,7.5,below Mara's slope
P00924,C04,secondary main sewer,lateral,200,91.7,0.5,0.29,0.25,0.996,4.8,below Mara's slope
P00925,C09,secondary main sewer,lateral,200,38.8,0.5,0.397,0.277,0.862,6.2,below Mara's slope
P00926,C09,secondary main sewer,lateral,200,15.3,0.5,0.032,0.12,2.747,0.1,below Mara's slope
P00929,C04,secondary main sewer,lateral,200,27.2,0.5,0.127,0.191,1.456,1.2,below Mara's slope
P00930,C04,secondary main sewer,lateral,200,29.3,0.5,0.411,0.28,0.848,8.2,below Mara's slope
P00931,C09,secondary main sewer,lateral,200,13.3,0.5,0.0,0.0,,0.0,no flow in 2030
P00933,C09,secondary main sewer,lateral,200,16.9,0.5,0.251,0.239,1.064,3.7,below Mara's slope
P00934,C04,secondary main sewer,lateral,200,28.4,0.5,0.872,0.355,0.599,23.7,below Mara's slope
P00937,C04,secondary main sewer,lateral,200,25.9,0.5,0.402,0.278,0.857,4.9,below Mara's slope
P00938,C09,secondary main sewer,lateral,200,21.7,0.8,0.161,0.243,1.307,1.8,below Mara's slope
P00939,C04,secondary main sewer,lateral,200,18.8,0.5,0.617,0.318,0.703,11.1,below Mara's slope
P00940,C04,secondary main sewer,lateral,200,26.2,0.5,0.617,0.318,0.703,11.1,below Mara's slope
P00941,C04,secondary main sewer,lateral,200,162.6,0.5,0.234,0.233,1.099,3.1,below Mara's slope
P00942,C04,secondary main sewer,lateral,200,74.1,0.75,0.141,0.228,1.387,1.3,below Mara's slope
P00945,C04,secondary main sewer,lateral,200,160.7,0.5,0.319,0.258,0.952,5.3,below Mara's slope
P00947,C05,secondary main sewer,lateral,200,59.5,0.5,0.183,0.216,1.23,2.2,below Mara's slope
P00948,C05,secondary header,sub main,200,357.7,0.5,0.932,0.362,0.581,21.8,below Mara's slope
P00949,C09,secondary main sewer,lateral,200,26.5,0.5,0.191,0.218,1.208,2.4,below Mara's slope
P00950,C09,secondary main sewer,lateral,200,25.0,0.5,0.251,0.239,1.064,3.7,below Mara's slope
P00951,C04,secondary main sewer,lateral,200,60.2,0.5,0.601,0.316,0.712,9.4,below Mara's slope
P00952,C04,secondary header,sub main,200,120.8,0.85,0.258,0.289,1.052,1.0,below Mara's slope
P00954,C09,secondary main sewer,lateral,200,24.7,0.5,0.381,0.273,0.878,7.5,below Mara's slope
P00956,C09,secondary main sewer,lateral,200,48.9,0.5,0.382,0.273,0.877,7.3,below Mara's slope
P00958,C09,secondary main sewer,lateral,200,47.6,0.5,0.403,0.278,0.856,6.4,below Mara's slope
P00959,C09,secondary main sewer,lateral,200,11.2,0.5,0.086,0.168,1.742,0.6,below Mara's slope
P00960,C05,secondary header,sub main,200,29.0,0.5,0.658,0.325,0.683,11.2,below Mara's slope
P00961,C04,secondary main sewer,lateral,200,98.9,0.95,0.184,0.269,1.228,2.2,below Mara's slope
P00962,C09,secondary main sewer,lateral,200,22.4,0.5,0.166,0.209,1.289,1.9,below Mara's slope
P00963,C04,secondary main sewer,lateral,200,25.3,0.5,0.0,0.0,,0.0,no flow in 2030
P00964,C04,secondary main sewer,lateral,200,34.3,0.5,0.655,0.324,0.684,12.3,below Mara's slope
P00966,C09,secondary main sewer,lateral,200,60.7,0.5,0.585,0.313,0.721,14.3,below Mara's slope
P00967,C04,secondary main sewer,lateral,200,10.2,0.5,0.0,0.0,,0.0,no flow in 2030
P00968,C04,secondary main sewer,lateral,200,36.7,0.5,0.719,0.334,0.655,14.7,below Mara's slope
P00969,C04,secondary main sewer,lateral,200,43.1,0.65,0.086,0.184,1.742,0.6,below Mara's slope
P00970,C04,secondary main sewer,lateral,200,41.1,0.5,0.196,0.22,1.193,2.5,below Mara's slope
P00971,C09,secondary main sewer,lateral,200,24.0,0.5,0.495,0.297,0.778,11.0,below Mara's slope
P00972,C04,secondary main sewer,lateral,200,39.0,0.5,0.101,0.177,1.62,0.6,below Mara's slope
P00973,C05,secondary main sewer,lateral,200,123.0,0.95,0.294,0.314,0.99,3.7,below Mara's slope
P00974,C05,secondary header,sub main,200,58.7,0.5,0.567,0.31,0.731,9.3,below Mara's slope
P00976,C09,secondary main sewer,lateral,200,45.0,0.5,0.694,0.33,0.666,18.2,below Mara's slope
P00977,C09,secondary main sewer,lateral,200,30.6,0.5,0.649,0.323,0.687,15.9,below Mara's slope
P00979,C09,secondary main sewer,lateral,200,136.2,0.55,0.987,0.381,0.566,26.1,below Mara's slope
P00980,C04,secondary main sewer,lateral,200,18.1,0.5,0.127,0.191,1.456,1.2,below Mara's slope
P00981,C09,secondary main sewer,lateral,200,25.8,0.5,0.044,0.133,2.387,0.1,below Mara's slope
P00983,C39,secondary main sewer,lateral,200,40.4,0.5,0.0,0.0,,0.0,no flow in 2030
P00986,C04,secondary main sewer,lateral,200,98.9,0.5,0.146,0.2,1.368,1.3,below Mara's slope
P00987,C04,secondary main sewer,lateral,200,59.3,0.5,0.205,0.224,1.168,2.5,below Mara's slope
P00992,C04,secondary main sewer,lateral,200,111.0,0.5,1.119,0.383,0.534,32.6,below Mara's slope
P00995,C04,secondary header,sub main,200,64.7,0.5,0.735,0.336,0.648,15.4,below Mara's slope
P00996,C38,secondary main sewer,lateral,200,44.4,0.5,0.313,0.256,0.962,4.9,below Mara's slope
P00999,C04,secondary header,sub main,200,106.4,0.5,0.716,0.333,0.656,10.4,below Mara's slope
P01001,C09,secondary main sewer,lateral,200,74.6,0.5,0.0,0.0,,0.0,no flow in 2030
P01002,C23,secondary main sewer,lateral,200,25.2,0.5,0.044,0.133,2.387,0.1,below Mara's slope
P01003,C28,secondary main sewer,lateral,200,138.4,0.5,0.382,0.273,0.877,6.2,below Mara's slope
P01004,C14,secondary header,sub main,200,89.2,0.5,0.217,0.228,1.139,2.9,below Mara's slope
P01005,C28,secondary main sewer,lateral,200,133.8,0.5,0.485,0.295,0.786,9.5,below Mara's slope
P01006,C28,secondary main sewer,lateral,200,15.2,0.95,0.086,0.209,1.74,0.6,below Mara's slope
P01007,C14,secondary header,sub main,200,70.4,0.5,0.29,0.25,0.997,4.7,below Mara's slope
P01009,C14,secondary main sewer,lateral,200,62.7,0.5,0.277,0.246,1.018,4.4,below Mara's slope
P01010,C17,secondary header,sub main,200,77.6,0.5,0.348,0.265,0.915,6.4,below Mara's slope
P01011,C17,secondary main sewer,lateral,200,107.8,0.9,0.068,0.19,1.938,0.3,below Mara's slope
P01012,C14,secondary main sewer,lateral,200,72.1,0.5,0.069,0.156,1.93,0.3,below Mara's slope
P01013,C14,secondary main sewer,lateral,200,145.2,0.5,0.114,0.184,1.534,0.9,below Mara's slope
P01014,C17,secondary header,sub main,200,48.0,0.5,0.362,0.269,0.899,6.8,below Mara's slope
P01015,C17,secondary main sewer,lateral,200,123.3,0.7,0.166,0.234,1.288,1.8,below Mara's slope
P01016,C14,secondary main sewer,lateral,200,94.9,0.5,0.183,0.215,1.232,2.2,below Mara's slope
P01017,C17,secondary header,sub main,200,86.4,0.5,0.424,0.283,0.836,8.6,below Mara's slope
P01018,C17,secondary main sewer,lateral,200,156.8,0.8,0.21,0.265,1.155,2.8,below Mara's slope
P01019,C19,secondary main sewer,lateral,200,186.7,0.7,0.38,0.307,0.879,4.6,below Mara's slope
P01020,C14,secondary main sewer,lateral,200,76.9,0.5,0.099,0.176,1.635,0.7,below Mara's slope
P01022,C14,secondary header,sub main,200,357.4,0.5,0.564,0.309,0.733,11.9,below Mara's slope
P01023,C14,secondary main sewer,lateral,200,15.1,0.5,0.034,0.123,2.658,0.1,below Mara's slope
P01024,C14,secondary header,sub main,200,259.6,0.5,0.057,0.146,2.114,0.2,below Mara's slope
P01025,C14,secondary main sewer,lateral,200,73.2,0.5,0.534,0.304,0.751,9.2,below Mara's slope
P01026,C14,secondary header,sub main,200,116.2,0.5,0.579,0.312,0.724,9.4,below Mara's slope
P01027,C14,secondary header,sub main,200,42.5,0.5,0.542,0.306,0.746,9.4,below Mara's slope
P01028,C14,secondary main sewer,lateral,200,17.6,0.65,0.011,0.09,4.469,0.0,below Mara's slope
P01029,C33,secondary main sewer,lateral,200,42.9,1.5,0.047,0.198,2.304,0.0,below Mara's slope
P01030,C33,secondary main sewer,lateral,200,67.6,1.4,0.047,0.194,2.304,0.0,below Mara's slope
P01031,C34,secondary main sewer,lateral,200,29.6,0.5,0.0,0.0,,0.0,no flow in 2030
P01032,C02,secondary header,sub main,200,216.8,0.5,0.459,0.29,0.806,8.6,below Mara's slope
P01033,C02,secondary main sewer,lateral,200,94.1,0.5,1.059,0.377,0.548,18.7,below Mara's slope
P01034,C02,secondary main sewer,lateral,200,105.2,0.5,0.853,0.352,0.606,13.2,below Mara's slope
P01035,C02,secondary main sewer,lateral,200,60.2,2.6,0.0,0.0,,0.0,no flow in 2030
P01036,C02,secondary main sewer,lateral,200,18.0,0.5,0.067,0.154,1.952,0.3,below Mara's slope
P01037,C02,secondary main sewer,lateral,200,55.1,0.5,0.693,0.33,0.666,7.1,below Mara's slope
P01038,C02,secondary main sewer,lateral,200,25.5,0.5,0.0,0.0,,0.0,no flow in 2030
P01039,C02,secondary main sewer,lateral,200,22.4,0.5,0.643,0.322,0.69,5.2,below Mara's slope
P01041,C02,secondary main sewer,lateral,200,120.3,1.05,0.104,0.23,1.598,0.8,below Mara's slope
P01042,C01,secondary main sewer,lateral,200,14.9,3.25,0.0,0.0,,0.0,no flow in 2030
P01043,C01,secondary main sewer,lateral,200,161.2,0.5,0.691,0.33,0.667,12.0,below Mara's slope
P01044,C01,secondary main sewer,lateral,200,37.6,0.5,0.77,0.341,0.635,15.0,below Mara's slope
P01045,C02,secondary header,sub main,200,126.2,0.5,0.124,0.19,1.471,1.0,below Mara's slope
P01046,C02,secondary main sewer,lateral,200,50.7,0.55,0.245,0.245,1.077,3.4,below Mara's slope
P01047,C02,secondary main sewer,lateral,200,143.1,0.7,0.173,0.238,1.262,1.9,below Mara's slope
P01048,C02,secondary main sewer,lateral,200,50.4,0.5,0.267,0.244,1.034,4.3,below Mara's slope
P01049,C02,secondary main sewer,lateral,200,39.8,0.5,0.227,0.231,1.115,3.2,below Mara's slope
P01050,C02,secondary header,sub main,200,84.4,0.8,0.313,0.302,0.962,5.5,below Mara's slope
P01051,C01,secondary main sewer,lateral,200,57.1,0.5,0.218,0.228,1.137,3.0,below Mara's slope
P01052,C02,secondary main sewer,lateral,200,24.0,0.5,0.079,0.163,1.818,0.4,below Mara's slope
P01053,C01,secondary main sewer,lateral,200,83.4,0.5,0.818,0.348,0.618,15.7,below Mara's slope
P01054,C02,secondary main sewer,lateral,200,99.8,0.5,0.4,0.277,0.859,7.5,below Mara's slope
P01055,C30,secondary main sewer,lateral,200,31.7,1.3,0.0,0.0,,0.0,no flow in 2030
P01056,C01,secondary main sewer,lateral,200,83.3,0.5,1.059,0.376,0.548,25.5,below Mara's slope
P01058,C02,secondary main sewer,lateral,200,64.4,0.5,0.573,0.311,0.728,13.3,below Mara's slope
P01059,C02,secondary main sewer,lateral,200,119.9,0.5,0.406,0.279,0.853,8.2,below Mara's slope
P01060,C02,secondary main sewer,lateral,200,85.0,0.5,1.086,0.38,0.542,29.3,below Mara's slope
P01061,C02,secondary main sewer,lateral,200,155.4,0.5,0.526,0.303,0.757,8.4,below Mara's slope
P01062,C02,secondary main sewer,lateral,200,87.7,0.5,0.774,0.342,0.633,16.5,below Mara's slope
P01063,C02,secondary main sewer,lateral,200,136.4,0.5,0.279,0.247,1.014,4.5,below Mara's slope
P01064,C02,secondary main sewer,lateral,200,81.9,0.5,0.891,0.357,0.594,21.1,below Mara's slope
P01066,C02,secondary header,sub main,200,140.6,0.5,0.19,0.218,1.211,2.0,below Mara's slope
P01068,C02,secondary header,sub main,200,142.7,0.5,0.51,0.3,0.768,11.7,below Mara's slope
P01070,C02,secondary main sewer,lateral,200,25.8,0.5,0.602,0.316,0.711,13.4,below Mara's slope
P01071,C02,secondary main sewer,lateral,200,146.8,0.5,0.513,0.3,0.765,11.6,below Mara's slope
P01072,C01,secondary main sewer,lateral,200,53.6,1.05,0.19,0.282,1.209,2.4,below Mara's slope
P01073,C01,secondary main sewer,lateral,200,81.9,0.5,0.275,0.246,1.021,4.3,below Mara's slope
P01075,C02,secondary main sewer,lateral,200,50.5,0.8,0.221,0.27,1.128,1.8,below Mara's slope
P01078,C01,secondary main sewer,lateral,200,81.3,0.5,0.612,0.317,0.706,15.3,below Mara's slope
P01079,C02,secondary main sewer,lateral,200,36.2,0.5,0.0,0.0,,0.0,no flow in 2030
P01080,C01,secondary header,sub main,200,202.5,0.5,0.003,0.051,8.0,0.0,below Mara's slope
P01081,C01,secondary main sewer,lateral,200,54.8,0.5,0.415,0.281,0.844,8.5,below Mara's slope
P01082,C01,secondary main sewer,lateral,200,37.8,0.5,0.271,0.245,1.028,4.3,below Mara's slope
P01083,C01,secondary header,sub main,200,59.6,0.65,0.385,0.3,0.874,5.8,below Mara's slope
P01086,C02,secondary main sewer,lateral,200,125.9,0.5,0.0,0.0,,0.0,no flow in 2030
P01087,C02,secondary main sewer,lateral,200,23.6,0.5,0.0,0.0,,0.0,no flow in 2030
P01088,C02,secondary main sewer,lateral,200,278.8,0.5,0.0,0.0,,0.0,no flow in 2030
P01089,C02,secondary main sewer,lateral,200,26.5,0.5,0.0,0.0,,0.0,no flow in 2030
P01090,C02,secondary main sewer,lateral,200,160.2,0.5,0.0,0.0,,0.0,no flow in 2030
P01093,C01,secondary header,sub main,200,208.6,0.55,0.086,0.173,1.742,0.6,below Mara's slope
P01094,C01,secondary main sewer,lateral,200,86.3,0.8,0.268,0.287,1.034,4.3,below Mara's slope
P01096,C02,secondary main sewer,lateral,200,33.7,0.5,0.0,0.0,,0.0,no flow in 2030
P01097,C02,secondary main sewer,lateral,200,131.8,0.5,0.0,0.0,,0.0,no flow in 2030
P01099,C01,secondary header,sub main,200,135.7,0.5,0.539,0.305,0.748,10.7,below Mara's slope
P01101,C01,secondary main sewer,lateral,200,144.0,0.5,0.92,0.36,0.585,1.3,below Mara's slope
P01103,C01,secondary main sewer,lateral,200,31.5,1.45,0.089,0.244,1.712,0.5,below Mara's slope
P01104,C01,secondary header,sub main,200,145.8,0.5,0.473,0.293,0.795,7.9,below Mara's slope
P01106,C01,secondary header,sub main,200,111.0,0.5,0.635,0.321,0.694,14.1,below Mara's slope
P01108,C01,secondary main sewer,lateral,200,60.5,0.5,0.236,0.234,1.095,2.0,below Mara's slope
P01109,C01,secondary main sewer,lateral,200,220.0,0.5,0.378,0.272,0.882,6.7,below Mara's slope
P01110,C01,secondary header,sub main,200,85.8,0.5,0.942,0.363,0.579,24.6,below Mara's slope
P01112,C01,secondary main sewer,lateral,200,82.9,0.5,0.663,0.325,0.68,13.7,below Mara's slope
P01113,C01,secondary main sewer,lateral,200,92.2,0.5,0.593,0.314,0.716,12.8,below Mara's slope
P01114,C01,secondary main sewer,lateral,200,56.8,0.5,0.391,0.276,0.867,7.7,below Mara's slope
P01115,C01,secondary main sewer,lateral,200,19.4,0.5,0.052,0.142,2.195,0.2,below Mara's slope
P01116,C01,secondary header,sub main,200,209.0,0.5,0.543,0.306,0.746,10.1,below Mara's slope
P01117,C01,secondary main sewer,lateral,200,38.8,0.5,0.274,0.246,1.022,4.4,below Mara's slope
P01118,C01,secondary main sewer,lateral,200,66.6,0.5,0.223,0.23,1.124,3.2,below Mara's slope
P01119,C01,secondary header,sub main,200,40.5,0.5,0.625,0.32,0.699,13.0,below Mara's slope
P01120,C01,secondary header,sub main,200,96.0,0.5,0.708,0.332,0.66,16.0,below Mara's slope
P01121,C01,secondary main sewer,lateral,200,76.6,0.5,0.411,0.28,0.848,4.7,below Mara's slope
P01123,C02,secondary main sewer,lateral,200,144.7,0.5,0.0,0.0,,0.0,no flow in 2030
P01124,C02,secondary main sewer,lateral,200,35.2,0.5,0.0,0.0,,0.0,no flow in 2030
P01125,C02,secondary main sewer,lateral,200,246.0,0.5,0.0,0.0,,0.0,no flow in 2030
P01126,C02,secondary main sewer,lateral,200,148.8,0.5,0.0,0.0,,0.0,no flow in 2030
P01127,C01,secondary main sewer,lateral,200,21.8,0.5,0.208,0.225,1.161,1.8,below Mara's slope
P01128,C01,secondary main sewer,lateral,200,31.7,2.95,0.0,0.0,,0.0,no flow in 2030
P01130,C02,secondary header,sub main,200,109.9,0.75,0.347,0.305,0.917,6.3,below Mara's slope
P01132,C01,secondary main sewer,lateral,200,92.7,0.5,0.06,0.148,2.066,0.3,below Mara's slope
P01134,C02,secondary main sewer,lateral,200,32.3,0.5,0.094,0.173,1.674,0.7,below Mara's slope
P01135,C02,secondary main sewer,lateral,200,27.9,0.5,0.32,0.258,0.951,5.7,below Mara's slope
P01136,C02,secondary header,sub main,200,15.2,0.5,0.622,0.319,0.7,15.4,below Mara's slope
P01137,C02,secondary main sewer,lateral,200,32.3,0.65,0.218,0.25,1.137,3.0,below Mara's slope
P01138,C02,secondary main sewer,lateral,200,22.8,0.5,0.243,0.236,1.08,3.7,below Mara's slope
P01139,C02,secondary main sewer,lateral,200,125.4,0.5,0.436,0.285,0.825,9.1,below Mara's slope
P01147,C02,secondary header,sub main,200,42.3,0.5,0.72,0.334,0.655,19.0,below Mara's slope
P01148,C02,secondary main sewer,lateral,200,23.0,6.6,0.0,0.0,,0.0,no flow in 2030
P01149,C02,secondary main sewer,lateral,200,95.1,0.5,0.201,0.222,1.178,2.6,below Mara's slope
P01150,C02,secondary main sewer,lateral,200,71.3,0.5,0.2,0.222,1.181,2.6,below Mara's slope
P01151,C02,secondary main sewer,lateral,200,114.1,0.5,0.179,0.214,1.242,2.1,below Mara's slope
P01152,C01,secondary main sewer,lateral,200,102.2,0.5,0.437,0.285,0.825,4.9,below Mara's slope
P01153,C01,secondary header,sub main,200,55.2,0.5,0.198,0.221,1.188,2.3,below Mara's slope
P01156,C01,secondary main sewer,lateral,200,53.8,0.5,0.19,0.218,1.211,2.3,below Mara's slope
P01157,C01,secondary main sewer,lateral,200,48.4,2.25,0.037,0.209,2.568,0.1,below Mara's slope
P01158,C01,secondary header,sub main,200,42.0,0.5,0.083,0.166,1.772,0.5,below Mara's slope
P01159,C01,secondary header,sub main,200,35.5,0.5,0.06,0.148,2.065,0.3,below Mara's slope
P01162,C02,secondary main sewer,lateral,200,111.8,0.5,0.528,0.303,0.755,9.4,below Mara's slope
P01163,C02,secondary main sewer,lateral,200,63.2,0.5,0.566,0.31,0.732,10.7,below Mara's slope
P01164,C02,secondary main sewer,lateral,200,47.7,0.5,0.086,0.168,1.742,0.6,below Mara's slope
P01165,C02,secondary main sewer,lateral,200,70.8,0.5,0.17,0.21,1.275,2.0,below Mara's slope
P01166,C02,secondary main sewer,lateral,200,79.2,0.5,0.335,0.262,0.931,6.0,below Mara's slope
P01167,C01,secondary main sewer,lateral,200,84.2,0.6,0.358,0.285,0.904,6.7,below Mara's slope
P01168,C01,secondary main sewer,lateral,200,74.8,0.5,0.326,0.26,0.944,5.7,below Mara's slope
P01169,C01,secondary main sewer,lateral,200,68.2,0.5,0.157,0.205,1.321,1.7,below Mara's slope
P01171,C01,secondary main sewer,lateral,200,41.8,0.5,0.095,0.173,1.668,0.7,below Mara's slope
P01172,C01,secondary main sewer,lateral,200,89.7,0.5,0.579,0.312,0.724,13.7,below Mara's slope
P01173,C02,secondary main sewer,lateral,200,74.9,0.5,0.326,0.26,0.944,5.8,below Mara's slope
P01174,C02,secondary main sewer,lateral,200,15.8,0.7,0.095,0.194,1.667,0.7,below Mara's slope
P01175,C01,secondary header,sub main,200,78.3,0.5,0.112,0.183,1.542,0.9,below Mara's slope
P01176,C02,secondary main sewer,lateral,200,185.6,0.55,0.416,0.29,0.843,8.5,below Mara's slope
P01179,C08,secondary main sewer,lateral,200,36.4,2.15,0.0,0.0,,0.0,no flow in 2030
P01180,C02,secondary main sewer,lateral,200,45.2,0.5,0.326,0.26,0.944,5.8,below Mara's slope
P01181,C02,secondary main sewer,lateral,200,56.8,0.5,0.218,0.228,1.136,3.1,below Mara's slope
P01182,C02,secondary main sewer,lateral,200,148.8,0.5,0.578,0.312,0.724,13.8,below Mara's slope
P01184,C02,secondary main sewer,lateral,200,379.7,0.5,0.282,0.248,1.009,4.5,below Mara's slope
P01185,C01,secondary header,sub main,200,87.6,0.5,0.612,0.317,0.706,15.0,below Mara's slope
P01186,C02,secondary main sewer,lateral,200,92.5,0.5,0.304,0.254,0.974,5.1,below Mara's slope
P01187,C02,secondary main sewer,lateral,200,82.0,0.5,0.57,0.31,0.729,11.4,below Mara's slope
P01188,C01,secondary main sewer,lateral,200,37.3,0.5,0.0,0.0,,0.0,no flow in 2030
P01189,C01,secondary header,sub main,200,102.2,0.5,0.156,0.204,1.327,1.6,below Mara's slope
P01190,C01,secondary main sewer,lateral,200,45.8,0.5,0.165,0.208,1.293,1.8,below Mara's slope
P01192,C01,secondary header,sub main,200,350.1,0.5,0.54,0.305,0.748,8.1,below Mara's slope
P01194,C02,secondary main sewer,lateral,200,30.5,0.5,0.086,0.168,1.742,0.6,below Mara's slope
P01195,C02,secondary header,sub main,200,331.4,0.5,0.303,0.254,0.976,3.2,below Mara's slope
P01196,C02,secondary header,sub main,200,228.2,0.5,0.622,0.319,0.7,12.7,below Mara's slope
P01197,C02,secondary main sewer,lateral,200,51.0,0.5,0.394,0.276,0.864,5.7,below Mara's slope
P01198,C01,secondary header,sub main,200,54.1,0.5,0.245,0.237,1.076,3.6,below Mara's slope
P01199,C02,secondary main sewer,lateral,200,47.3,0.5,0.166,0.209,1.288,1.9,below Mara's slope
P01200,C02,secondary main sewer,lateral,200,86.5,0.5,1.002,0.37,0.562,26.8,below Mara's slope
P01201,C02,secondary main sewer,lateral,200,114.6,0.5,0.796,0.345,0.625,19.8,below Mara's slope
P01202,C01,secondary header,sub main,200,52.9,0.5,0.568,0.31,0.731,9.0,below Mara's slope
P01203,C02,secondary main sewer,lateral,200,69.1,0.5,0.305,0.254,0.973,3.1,below Mara's slope
P01205,C01,secondary header,sub main,200,215.4,0.9,0.17,0.257,1.273,1.9,below Mara's slope
P01206,C01,secondary main sewer,lateral,200,105.8,0.5,0.177,0.213,1.251,2.0,below Mara's slope
P01208,C02,secondary main sewer,lateral,200,103.6,0.5,0.586,0.313,0.72,14.1,below Mara's slope
P01209,C02,secondary main sewer,lateral,200,93.2,0.5,0.653,0.324,0.685,16.5,below Mara's slope
P01210,C02,secondary main sewer,lateral,200,49.3,0.5,0.169,0.21,1.276,2.0,below Mara's slope
P01211,C02,secondary main sewer,lateral,200,20.6,0.5,0.167,0.209,1.283,1.9,below Mara's slope
P01212,C02,secondary main sewer,lateral,200,87.7,0.5,0.338,0.263,0.928,6.1,below Mara's slope
P01215,C01,secondary main sewer,lateral,200,51.3,1.3,0.096,0.241,1.654,0.7,below Mara's slope
P01216,C01,secondary header,sub main,200,39.7,0.5,0.593,0.314,0.716,9.9,below Mara's slope
P01217,C02,secondary main sewer,lateral,200,58.0,0.5,0.432,0.284,0.828,8.9,below Mara's slope
P01218,C01,secondary main sewer,lateral,200,64.7,0.5,0.112,0.183,1.542,0.9,below Mara's slope
P01219,C01,secondary main sewer,lateral,200,102.8,1.05,0.104,0.23,1.597,0.8,below Mara's slope
P01220,C01,secondary header,sub main,200,163.1,0.5,0.809,0.346,0.621,20.9,below Mara's slope
P01221,C02,secondary main sewer,lateral,200,21.5,0.5,0.094,0.173,1.674,0.7,below Mara's slope
P01223,C01,secondary main sewer,lateral,200,50.0,0.5,0.242,0.236,1.083,3.4,below Mara's slope
P01224,C01,secondary header,sub main,200,103.4,0.5,0.852,0.352,0.606,19.6,below Mara's slope
P01225,C08,secondary main sewer,lateral,200,174.5,0.5,0.11,0.182,1.558,0.8,below Mara's slope
P01227,C02,secondary header,sub main,200,134.5,0.5,0.759,0.34,0.639,15.9,below Mara's slope
P01228,C02,secondary header,sub main,200,51.8,0.5,0.778,0.342,0.632,16.6,below Mara's slope
P01230,C01,secondary header,sub main,200,55.2,0.5,0.94,0.363,0.579,23.0,below Mara's slope
P01231,C01,secondary main sewer,lateral,200,133.2,0.5,0.437,0.285,0.824,9.0,below Mara's slope
P01232,C01,secondary header,sub main,200,163.0,0.5,0.25,0.238,1.067,3.7,below Mara's slope
P01233,C02,secondary main sewer,lateral,200,70.0,0.5,0.487,0.295,0.784,9.7,below Mara's slope
P01234,C02,secondary main sewer,lateral,200,21.2,0.5,0.166,0.209,1.288,1.9,below Mara's slope
P01235,C02,secondary main sewer,lateral,200,12.8,0.95,0.127,0.238,1.456,1.2,below Mara's slope
P01236,C08,secondary header,sub main,200,506.8,0.5,0.27,0.244,1.03,3.7,below Mara's slope
P01237,C01,secondary header,sub main,200,78.6,0.5,0.262,0.242,1.043,3.8,below Mara's slope
P01239,C36,secondary main sewer,lateral,200,4.0,0.5,0.017,0.095,3.697,0.0,below Mara's slope
P01241,C08,secondary main sewer,lateral,200,186.3,0.5,0.095,0.173,1.667,0.6,below Mara's slope
P01243,C08,secondary header,sub main,200,318.7,0.5,0.452,0.289,0.811,8.0,below Mara's slope
P01244,C08,secondary main sewer,lateral,200,144.4,0.5,0.385,0.274,0.874,6.5,below Mara's slope
P01246,C02,secondary header,sub main,200,81.6,0.5,0.902,0.358,0.59,21.5,below Mara's slope
P01247,C01,secondary header,sub main,200,49.6,0.5,0.898,0.358,0.592,24.4,below Mara's slope
P01248,C01,secondary header,sub main,200,44.6,0.5,0.93,0.362,0.582,25.7,below Mara's slope
P01249,C02,secondary main sewer,lateral,200,18.9,0.5,0.094,0.173,1.674,0.7,below Mara's slope
P01250,C08,secondary main sewer,lateral,200,29.2,0.5,0.171,0.211,1.269,0.6,below Mara's slope
P01251,C02,secondary main sewer,lateral,200,164.6,0.5,0.362,0.269,0.899,5.5,below Mara's slope
P01255,C02,secondary main sewer,lateral,200,80.1,0.5,0.19,0.218,1.21,1.4,below Mara's slope
P01256,C02,secondary main sewer,lateral,200,71.9,0.5,0.303,0.254,0.976,2.6,below Mara's slope
P01257,C02,secondary main sewer,lateral,200,40.3,0.5,0.406,0.279,0.853,4.6,below Mara's slope
P01259,C02,secondary main sewer,lateral,200,93.3,0.5,0.616,0.318,0.704,14.2,below Mara's slope
P01260,C02,secondary main sewer,lateral,200,81.1,0.5,0.221,0.229,1.129,3.0,below Mara's slope
P01261,C02,secondary main sewer,lateral,200,67.0,0.5,0.787,0.343,0.628,15.2,below Mara's slope
P01262,C01,secondary main sewer,lateral,200,79.6,0.5,0.309,0.255,0.967,5.2,below Mara's slope
P01264,C01,secondary main sewer,lateral,200,61.9,1.05,0.116,0.239,1.52,1.0,below Mara's slope
P01265,C02,secondary main sewer,lateral,200,80.7,0.5,0.37,0.271,0.89,5.2,below Mara's slope
P01266,C02,secondary header,sub main,200,86.7,0.5,1.128,0.384,0.532,30.9,below Mara's slope
P01267,C02,secondary main sewer,lateral,200,94.8,0.5,1.095,0.38,0.54,27.7,below Mara's slope
P01268,C02,secondary main sewer,lateral,200,75.7,0.5,0.875,0.355,0.599,18.5,below Mara's slope
P01269,C08,secondary header,sub main,200,186.3,0.5,0.579,0.312,0.724,11.7,below Mara's slope
P01270,C01,secondary header,sub main,200,150.0,0.5,0.302,0.253,0.978,5.0,below Mara's slope
P01271,C01,secondary header,sub main,200,257.7,0.5,0.963,0.366,0.573,23.7,below Mara's slope
P01272,C08,secondary header,sub main,200,71.4,0.5,0.587,0.313,0.719,12.1,below Mara's slope
P01273,C08,secondary main sewer,lateral,200,48.6,0.5,0.057,0.146,2.112,0.3,below Mara's slope
P01274,C08,secondary main sewer,lateral,200,54.9,0.5,0.035,0.124,2.624,0.1,below Mara's slope
P01275,C02,secondary main sewer,lateral,200,107.9,0.5,0.49,0.296,0.782,7.9,below Mara's slope
P01276,C02,secondary main sewer,lateral,200,69.8,0.5,0.526,0.303,0.757,9.2,below Mara's slope
P01277,C01,secondary header,sub main,200,144.6,0.5,1.046,0.375,0.551,30.5,below Mara's slope
P01278,C01,secondary header,sub main,200,34.8,0.5,1.085,0.379,0.542,28.8,below Mara's slope
P01280,C02,secondary main sewer,lateral,200,123.5,0.5,0.464,0.291,0.802,10.0,below Mara's slope
P01281,C02,secondary main sewer,lateral,200,200.5,0.7,0.351,0.299,0.912,6.5,below Mara's slope
P01283,C02,secondary main sewer,lateral,200,147.3,0.5,0.49,0.296,0.782,10.9,below Mara's slope
P01284,C02,secondary main sewer,lateral,200,86.8,0.5,0.191,0.218,1.207,2.3,below Mara's slope
P01285,C02,secondary main sewer,lateral,200,77.8,0.5,0.355,0.267,0.907,6.6,below Mara's slope
P01286,C08,secondary main sewer,lateral,200,159.9,0.7,0.04,0.145,2.491,0.2,below Mara's slope
P01288,C01,secondary header,sub main,200,65.4,0.5,1.085,0.379,0.542,28.8,below Mara's slope
P01289,C01,secondary header,sub main,200,179.6,0.8,0.292,0.295,0.993,4.5,below Mara's slope
P01290,C01,secondary main sewer,lateral,200,99.3,0.5,0.435,0.285,0.826,8.8,below Mara's slope
P01293,C08,secondary header,sub main,200,110.3,0.5,0.662,0.325,0.681,12.8,below Mara's slope
P01294,C01,secondary main sewer,lateral,200,111.1,0.5,0.29,0.25,0.996,4.6,below Mara's slope
P01295,C01,secondary main sewer,lateral,200,197.8,0.5,0.168,0.209,1.281,1.8,below Mara's slope
P01296,C02,secondary main sewer,lateral,200,104.5,0.5,0.415,0.281,0.844,8.3,below Mara's slope
P01297,C08,secondary main sewer,lateral,200,97.3,0.5,0.204,0.223,1.17,0.7,below Mara's slope
P01298,C01,secondary header,sub main,200,91.9,0.5,1.218,0.393,0.514,37.7,below Mara's slope
P01299,C08,secondary header,sub main,200,50.7,0.5,0.218,0.228,1.136,4.3,below Mara's slope
P01301,C01,secondary main sewer,lateral,200,55.0,2.05,0.052,0.228,2.199,0.2,below Mara's slope
P01302,C02,secondary main sewer,lateral,200,108.4,0.5,0.177,0.213,1.251,0.2,below Mara's slope
P01304,C02,secondary main sewer,lateral,200,227.1,0.5,1.032,0.374,0.555,21.0,below Mara's slope
P01305,C02,secondary main sewer,lateral,200,143.8,0.5,0.543,0.306,0.746,10.9,below Mara's slope
P01306,C02,secondary main sewer,lateral,200,128.9,0.5,0.708,0.332,0.66,16.7,below Mara's slope
P01307,C02,secondary main sewer,lateral,200,149.4,0.5,0.979,0.368,0.568,27.3,below Mara's slope
P01308,C02,secondary main sewer,lateral,200,44.8,0.5,0.9,0.358,0.591,24.2,below Mara's slope
P01309,C02,secondary main sewer,lateral,200,106.6,0.5,0.698,0.331,0.664,7.8,below Mara's slope
P01310,C08,secondary header,sub main,200,151.0,0.5,0.742,0.337,0.646,17.1,below Mara's slope
P01311,C08,secondary main sewer,lateral,200,47.1,1.3,0.043,0.183,2.412,0.2,below Mara's slope
P01312,C08,secondary header,sub main,200,46.1,0.5,0.217,0.228,1.138,4.3,below Mara's slope
P01313,C08,secondary main sewer,lateral,200,36.7,2.05,0.02,0.161,3.452,0.0,below Mara's slope
P01315,C02,secondary main sewer,lateral,200,144.6,0.5,0.496,0.297,0.777,10.9,below Mara's slope
P01318,C02,secondary main sewer,lateral,200,102.0,0.5,0.88,0.356,0.597,14.7,below Mara's slope
P01319,C02,secondary main sewer,lateral,200,60.5,0.5,0.725,0.335,0.653,8.8,below Mara's slope
P01320,C01,secondary main sewer,lateral,200,134.4,0.9,0.239,0.288,1.088,3.5,below Mara's slope
P01323,C02,secondary main sewer,lateral,200,84.2,0.5,0.362,0.269,0.899,6.8,below Mara's slope
P01324,C08,secondary main sewer,lateral,200,48.3,0.5,0.295,0.251,0.989,4.8,below Mara's slope
P01325,C08,secondary main sewer,lateral,200,69.7,0.65,0.277,0.27,1.018,4.1,below Mara's slope
P01326,C08,secondary main sewer,lateral,200,64.6,2.2,0.039,0.21,2.526,0.2,below Mara's slope
P01328,C02,secondary header,sub main,200,287.2,0.75,0.526,0.348,0.757,12.0,below Mara's slope
P01329,C02,secondary header,sub main,200,113.9,0.5,0.593,0.314,0.716,14.3,below Mara's slope
P01331,C16,secondary main sewer,lateral,200,7.4,0.5,0.0,0.0,,0.0,no flow in 2030
P01332,C08,secondary header,sub main,200,43.5,0.5,0.909,0.359,0.588,24.3,below Mara's slope
P01333,C08,secondary header,sub main,200,155.9,0.5,0.868,0.354,0.601,21.9,below Mara's slope
P01335,C02,secondary main sewer,lateral,200,76.8,0.5,0.187,0.217,1.219,2.3,below Mara's slope
P01336,C02,secondary header,sub main,200,92.4,0.5,0.637,0.321,0.693,16.0,below Mara's slope
P01337,C08,secondary main sewer,lateral,200,127.2,0.5,0.045,0.135,2.346,0.2,below Mara's slope
P01339,C02,secondary main sewer,lateral,200,154.2,0.5,0.457,0.289,0.808,9.6,below Mara's slope
P01340,C02,secondary main sewer,lateral,200,124.4,0.5,0.248,0.238,1.07,3.6,below Mara's slope
P01343,C01,secondary main sewer,lateral,200,192.6,0.7,0.332,0.294,0.936,5.8,below Mara's slope
P01344,C01,secondary header,sub main,200,141.3,0.8,0.173,0.248,1.265,2.0,below Mara's slope
P01345,C01,secondary main sewer,lateral,200,108.5,0.5,0.087,0.168,1.737,0.6,below Mara's slope
P01346,C01,secondary header,sub main,200,311.8,0.5,0.516,0.301,0.764,11.5,below Mara's slope
P01347,C08,secondary main sewer,lateral,200,101.4,0.6,0.074,0.169,1.874,0.7,below Mara's slope
P01350,C02,secondary main sewer,lateral,200,71.3,0.5,0.283,0.248,1.007,4.6,below Mara's slope
P01351,C01,secondary header,sub main,200,384.6,1.1,0.0,0.0,,0.0,no flow in 2030
P01353,C02,secondary main sewer,lateral,200,241.7,0.5,0.257,0.241,1.053,3.9,below Mara's slope
P01354,C16,secondary main sewer,lateral,200,5.4,0.5,0.014,0.09,3.977,0.0,below Mara's slope
P01355,C16,secondary header,sub main,200,213.0,0.5,0.069,0.155,1.935,0.6,below Mara's slope
P01356,C02,secondary main sewer,lateral,200,96.8,0.5,0.546,0.306,0.744,11.1,below Mara's slope
P01358,C01,secondary header,sub main,200,87.0,0.5,0.565,0.31,0.732,13.1,below Mara's slope
P01361,C02,secondary header,sub main,200,105.9,0.6,0.741,0.359,0.646,19.7,below Mara's slope
P01363,C08,secondary header,sub main,200,151.5,0.5,0.154,0.204,1.333,2.4,below Mara's slope
P01364,C08,secondary main sewer,lateral,200,103.0,1.15,0.074,0.212,1.871,0.7,below Mara's slope
P01365,C01,secondary main sewer,lateral,200,59.1,0.5,0.344,0.264,0.92,6.1,below Mara's slope
P01367,C02,secondary main sewer,lateral,200,122.0,0.5,0.225,0.23,1.12,3.1,below Mara's slope
P01368,C02,secondary main sewer,lateral,200,92.5,0.5,0.362,0.269,0.899,6.6,below Mara's slope
P01369,C16,secondary main sewer,lateral,200,5.8,0.5,0.069,0.155,1.935,0.6,below Mara's slope
P01370,C16,secondary header,sub main,200,111.0,0.5,0.105,0.179,1.592,1.3,below Mara's slope
P01371,C02,secondary main sewer,lateral,200,72.2,0.5,0.12,0.188,1.495,1.0,below Mara's slope
P01373,C16,secondary main sewer,lateral,200,37.7,1.2,0.0,0.0,,0.0,no flow in 2030
P01374,C08,secondary header,sub main,200,302.1,0.5,0.209,0.225,1.159,4.1,below Mara's slope
P01375,C02,secondary main sewer,lateral,200,173.7,0.5,0.429,0.284,0.832,8.9,below Mara's slope
P01376,C02,secondary main sewer,lateral,200,25.1,1.15,0.19,0.291,1.209,2.4,below Mara's slope
P01377,C02,secondary main sewer,lateral,200,289.2,0.5,0.542,0.305,0.746,3.3,below Mara's slope
P01379,C16,secondary main sewer,lateral,200,40.0,0.5,0.18,0.214,1.242,0.9,below Mara's slope
P01380,C16,secondary main sewer,lateral,200,48.0,0.5,0.085,0.167,1.756,0.8,below Mara's slope
P01381,C02,secondary main sewer,lateral,200,49.1,0.5,0.086,0.168,1.742,0.6,below Mara's slope
P01382,C02,secondary main sewer,lateral,200,84.2,0.5,0.484,0.295,0.787,2.7,below Mara's slope
P01383,C02,secondary main sewer,lateral,200,22.9,0.7,0.087,0.189,1.737,0.6,below Mara's slope
P01384,C16,secondary main sewer,lateral,200,47.3,0.5,0.083,0.166,1.774,0.8,below Mara's slope
P01385,C16,secondary main sewer,lateral,200,57.3,0.5,0.036,0.125,2.596,0.2,below Mara's slope
P01386,C02,secondary main sewer,lateral,200,56.4,0.5,0.151,0.202,1.346,1.6,below Mara's slope
P01387,C16,secondary main sewer,lateral,200,28.3,0.5,0.15,0.202,1.351,0.0,below Mara's slope
P01390,C08,secondary header,sub main,200,87.7,0.5,0.128,0.192,1.449,1.7,below Mara's slope
P01391,C08,secondary main sewer,lateral,200,80.4,0.95,0.113,0.229,1.539,1.4,below Mara's slope
P01392,C08,secondary header,sub main,200,42.9,0.5,0.196,0.22,1.193,3.7,below Mara's slope
P01395,C02,secondary main sewer,lateral,200,147.5,0.5,0.577,0.312,0.725,12.1,below Mara's slope
P01396,C08,secondary main sewer,lateral,200,84.2,0.5,0.145,0.2,1.371,2.2,below Mara's slope
P01397,C01,secondary header,sub main,200,205.4,0.5,0.416,0.281,0.844,8.4,below Mara's slope
P01399,C08,secondary main sewer,lateral,200,53.7,0.5,0.077,0.162,1.837,0.7,below Mara's slope
P01401,C01,secondary main sewer,lateral,200,131.6,0.85,0.072,0.189,1.893,0.4,below Mara's slope
P01403,C02,secondary main sewer,lateral,200,43.5,1.3,0.056,0.201,2.127,0.2,below Mara's slope
P01404,C01,secondary header,sub main,200,106.0,0.5,0.658,0.325,0.682,14.9,below Mara's slope
P01409,C02,secondary header,sub main,200,214.0,0.85,0.395,0.332,0.864,7.7,below Mara's slope
P01410,C02,secondary main sewer,lateral,200,174.6,0.5,0.589,0.314,0.718,14.1,below Mara's slope
P01411,C02,secondary main sewer,lateral,200,149.9,0.5,0.682,0.328,0.672,15.7,below Mara's slope
P01413,C08,secondary header,sub main,200,242.2,0.5,0.048,0.137,2.293,0.3,below Mara's slope
P01414,C01,secondary main sewer,lateral,200,98.9,0.5,0.159,0.206,1.313,1.5,below Mara's slope
P01415,C02,secondary main sewer,lateral,200,185.4,0.5,0.111,0.183,1.55,0.9,below Mara's slope
P01416,C08,secondary main sewer,lateral,200,88.3,0.5,0.081,0.165,1.791,0.8,below Mara's slope
P01417,C08,secondary header,sub main,200,115.9,0.5,0.113,0.184,1.54,1.4,below Mara's slope
P01418,C02,secondary main sewer,lateral,200,80.8,0.5,0.42,0.282,0.84,7.3,below Mara's slope
P01419,C01,secondary main sewer,lateral,200,74.7,0.5,0.294,0.251,0.99,4.6,below Mara's slope
P01420,C24,secondary main sewer,lateral,200,8.0,0.5,0.0,0.0,,0.0,no flow in 2030
P01421,C01,secondary header,sub main,200,117.7,0.5,0.202,0.222,1.178,2.6,below Mara's slope
P01422,C01,secondary header,sub main,200,302.8,0.5,0.0,0.0,,0.0,no flow in 2030
P01423,C24,secondary main sewer,lateral,200,70.4,0.5,0.0,0.0,,0.0,no flow in 2030
P01426,C02,secondary main sewer,lateral,200,39.8,0.5,0.363,0.269,0.898,6.8,below Mara's slope
P01429,C01,secondary main sewer,lateral,200,125.6,0.5,0.157,0.205,1.321,1.5,below Mara's slope
P01432,C20,secondary main sewer,lateral,200,227.3,0.5,0.069,0.155,1.935,0.6,below Mara's slope
P01433,C02,secondary main sewer,lateral,200,74.4,1.0,0.135,0.247,1.415,1.2,below Mara's slope
P01435,C01,secondary header,sub main,200,73.7,0.5,0.517,0.301,0.763,11.5,below Mara's slope
P01436,C01,secondary header,sub main,200,122.9,0.5,0.486,0.295,0.785,10.6,below Mara's slope
P01437,C02,secondary main sewer,lateral,200,43.2,0.5,0.499,0.298,0.775,8.0,below Mara's slope
P01438,C02,secondary header,sub main,200,71.9,0.5,0.54,0.305,0.748,9.2,below Mara's slope
P01439,C01,secondary main sewer,lateral,200,115.0,0.5,0.395,0.276,0.864,7.2,below Mara's slope
P01440,C01,secondary header,sub main,200,79.5,0.5,0.578,0.312,0.725,12.9,below Mara's slope
P01445,C01,secondary main sewer,lateral,200,224.7,0.5,0.432,0.284,0.829,8.9,below Mara's slope
P01446,C02,secondary main sewer,lateral,200,73.9,0.5,0.235,0.234,1.097,3.4,below Mara's slope
P01447,C01,secondary main sewer,lateral,200,43.2,0.5,0.876,0.355,0.598,23.6,below Mara's slope
P01448,C16,secondary main sewer,lateral,200,314.7,0.5,0.069,0.155,1.935,0.6,below Mara's slope
P01449,C01,secondary main sewer,lateral,200,93.0,0.5,0.219,0.228,1.134,3.0,below Mara's slope
P01450,C01,secondary header,sub main,200,159.9,0.5,0.283,0.248,1.007,4.3,below Mara's slope
P01451,C02,secondary main sewer,lateral,200,70.8,1.05,0.14,0.254,1.395,1.3,below Mara's slope
P01452,C02,secondary main sewer,lateral,200,134.2,0.5,0.278,0.247,1.015,4.3,below Mara's slope
P01453,C02,secondary header,sub main,200,104.4,0.5,0.403,0.278,0.855,8.0,below Mara's slope
P01454,C02,secondary main sewer,lateral,200,334.0,0.5,0.0,0.0,,0.0,no flow in 2030
P01455,C01,secondary header,sub main,200,99.6,0.75,0.269,0.281,1.031,4.2,below Mara's slope
P01456,C02,secondary header,sub main,200,99.7,0.5,0.642,0.322,0.69,12.7,below Mara's slope
P01458,C01,secondary main sewer,lateral,200,28.7,0.5,0.076,0.161,1.85,0.4,below Mara's slope
P01459,C01,secondary main sewer,lateral,200,81.0,0.5,0.699,0.331,0.664,16.9,below Mara's slope
P01460,C01,secondary main sewer,lateral,200,232.2,0.5,0.357,0.268,0.905,6.5,below Mara's slope
P01464,C01,secondary main sewer,lateral,200,138.4,0.5,0.659,0.325,0.682,15.5,below Mara's slope
P01465,C02,secondary main sewer,lateral,200,138.2,0.5,0.272,0.245,1.026,4.3,below Mara's slope
P01468,C01,secondary main sewer,lateral,200,38.2,0.5,0.07,0.156,1.922,0.3,below Mara's slope
P01470,C01,secondary main sewer,lateral,200,84.5,0.5,0.213,0.226,1.148,2.7,below Mara's slope
P01471,C01,secondary main sewer,lateral,200,108.0,0.5,0.365,0.27,0.895,6.3,below Mara's slope
P01472,C02,secondary main sewer,lateral,200,101.5,0.5,0.818,0.348,0.617,21.9,below Mara's slope
P01473,C01,secondary main sewer,lateral,200,56.2,0.5,0.158,0.205,1.317,1.7,below Mara's slope
P01474,C02,secondary header,sub main,200,190.2,0.5,0.653,0.324,0.685,16.2,below Mara's slope
P01475,C02,secondary main sewer,lateral,200,102.4,0.5,0.333,0.261,0.935,5.8,below Mara's slope
P01476,C02,secondary main sewer,lateral,200,104.2,0.5,0.68,0.328,0.672,16.9,below Mara's slope
P01477,C02,secondary main sewer,lateral,200,120.3,1.25,0.116,0.253,1.52,1.0,below Mara's slope
P01479,C02,secondary main sewer,lateral,200,36.8,0.5,0.602,0.316,0.711,14.2,below Mara's slope
P01480,C01,secondary main sewer,lateral,200,65.0,0.5,0.123,0.189,1.478,1.1,below Mara's slope
P01481,C01,secondary main sewer,lateral,200,84.9,0.5,0.145,0.2,1.371,1.4,below Mara's slope
P01482,C01,secondary main sewer,lateral,200,80.7,0.5,0.52,0.301,0.761,10.9,below Mara's slope
P01483,C01,secondary main sewer,lateral,200,44.1,0.5,0.37,0.271,0.89,6.4,below Mara's slope
P01484,C08,secondary header,sub main,200,596.4,1.2,0.05,0.188,2.241,0.2,below Mara's slope
P01487,C01,secondary main sewer,lateral,200,140.0,0.5,0.108,0.181,1.572,0.7,below Mara's slope
P01488,C01,secondary header,sub main,200,52.1,0.5,0.762,0.34,0.638,18.7,below Mara's slope
P01490,C01,secondary main sewer,lateral,200,67.1,0.5,0.378,0.272,0.882,6.6,below Mara's slope
P01491,C02,secondary header,sub main,200,109.6,0.5,0.902,0.358,0.59,24.0,below Mara's slope
P01492,C02,secondary main sewer,lateral,200,146.1,0.5,0.523,0.302,0.759,11.4,below Mara's slope
P01493,C02,secondary main sewer,lateral,200,91.0,0.5,0.258,0.241,1.051,3.9,below Mara's slope
P01494,C02,secondary main sewer,lateral,200,209.9,0.55,0.28,0.256,1.011,4.6,below Mara's slope
P01498,C01,secondary main sewer,lateral,200,151.6,0.5,0.408,0.279,0.851,7.8,below Mara's slope
P01499,C01,secondary main sewer,lateral,200,86.2,0.5,0.461,0.29,0.805,9.1,below Mara's slope
P01500,C02,secondary main sewer,lateral,200,135.0,0.5,0.602,0.316,0.711,14.2,below Mara's slope
P01501,C01,secondary header,sub main,200,80.0,0.5,0.159,0.206,1.315,1.6,below Mara's slope
P01502,C02,secondary main sewer,lateral,200,71.0,0.5,0.162,0.207,1.304,1.7,below Mara's slope
P01503,C01,secondary header,sub main,200,165.7,1.0,0.095,0.22,1.666,0.6,below Mara's slope
P01506,C02,secondary header,sub main,200,108.9,0.5,0.93,0.362,0.582,24.9,below Mara's slope
P01507,C02,secondary header,sub main,200,111.5,0.5,0.447,0.287,0.816,9.3,below Mara's slope
P01508,C01,secondary main sewer,lateral,200,83.7,0.5,0.346,0.265,0.918,6.1,below Mara's slope
P01510,C02,secondary header,sub main,200,55.2,0.5,0.651,0.324,0.686,16.1,below Mara's slope
P01513,C01,secondary main sewer,lateral,200,64.9,0.5,0.122,0.188,1.487,0.9,below Mara's slope
P01514,C02,secondary main sewer,lateral,200,99.4,0.5,0.621,0.319,0.701,15.0,below Mara's slope
P01515,C08,secondary main sewer,lateral,200,51.7,2.85,0.018,0.175,3.59,0.0,below Mara's slope
P01516,C06,secondary main sewer,lateral,200,84.0,0.5,0.043,0.132,2.412,0.2,below Mara's slope
P01517,C01,secondary header,sub main,200,85.5,0.5,0.34,0.263,0.926,5.5,below Mara's slope
P01519,C02,secondary main sewer,lateral,200,141.9,0.85,0.0,0.0,,0.0,no flow in 2030
P01520,C02,secondary main sewer,lateral,200,170.8,0.7,0.2,0.249,1.182,2.5,below Mara's slope
P01521,C01,secondary main sewer,lateral,200,41.2,0.5,0.379,0.273,0.88,6.9,below Mara's slope
P01523,C01,secondary header,sub main,200,48.4,0.5,0.209,0.225,1.157,2.3,below Mara's slope
P01524,C01,secondary header,sub main,200,197.3,0.5,0.162,0.207,1.301,1.5,below Mara's slope
P01525,C01,secondary main sewer,lateral,200,26.8,0.5,0.49,0.296,0.782,10.3,below Mara's slope
P01527,C01,secondary main sewer,lateral,200,84.3,0.5,0.55,0.307,0.741,12.1,below Mara's slope
P01528,C01,secondary main sewer,lateral,200,52.1,0.5,0.54,0.305,0.748,11.6,below Mara's slope
P01529,C01,secondary main sewer,lateral,200,59.5,0.5,0.118,0.186,1.509,1.0,below Mara's slope
P01530,C02,secondary main sewer,lateral,200,92.9,0.5,0.371,0.271,0.889,6.9,below Mara's slope
P01532,C02,secondary header,sub main,200,103.9,0.5,0.757,0.339,0.64,20.0,below Mara's slope
P01533,C02,secondary header,sub main,200,109.5,0.5,0.687,0.329,0.669,17.3,below Mara's slope
P01534,C02,secondary main sewer,lateral,200,78.6,0.5,0.397,0.277,0.862,7.4,below Mara's slope
P01535,C02,secondary main sewer,lateral,200,161.0,0.5,0.522,0.302,0.759,11.4,below Mara's slope
P01536,C02,secondary main sewer,lateral,200,57.5,0.5,0.409,0.279,0.85,7.8,below Mara's slope
P01537,C02,secondary main sewer,lateral,200,43.1,0.5,0.397,0.277,0.861,7.5,below Mara's slope
P01539,C02,secondary main sewer,lateral,200,176.5,0.5,0.361,0.268,0.901,6.6,below Mara's slope
P01540,C01,secondary main sewer,lateral,200,45.0,0.5,0.24,0.235,1.087,3.4,below Mara's slope
P01541,C01,secondary header,sub main,200,293.1,0.65,0.246,0.26,1.074,3.3,below Mara's slope
P01543,C02,secondary main sewer,lateral,200,77.4,0.5,0.227,0.231,1.115,3.1,below Mara's slope
P01544,C01,secondary header,sub main,200,89.7,0.5,0.755,0.339,0.641,18.4,below Mara's slope
P01545,C01,secondary header,sub main,200,159.5,0.5,0.748,0.338,0.643,18.2,below Mara's slope
P01546,C01,secondary header,sub main,200,84.6,0.5,0.49,0.296,0.782,9.6,below Mara's slope
P01547,C01,secondary header,sub main,200,82.4,0.5,0.57,0.31,0.729,11.9,below Mara's slope
P01550,C06,secondary main sewer,lateral,200,102.4,0.5,0.048,0.138,2.28,0.3,below Mara's slope
P01551,C06,secondary main sewer,lateral,200,39.0,0.5,0.048,0.138,2.28,0.3,below Mara's slope
P01552,C02,secondary main sewer,lateral,200,192.7,0.5,0.338,0.263,0.928,5.8,below Mara's slope
P01553,C02,secondary main sewer,lateral,200,35.0,0.5,0.18,0.214,1.241,2.1,below Mara's slope
P01554,C02,secondary main sewer,lateral,200,35.0,0.5,0.149,0.201,1.353,1.5,below Mara's slope
P01555,C02,secondary main sewer,lateral,200,93.8,0.5,0.531,0.303,0.754,11.0,below Mara's slope
P01557,C02,secondary main sewer,lateral,200,132.8,0.5,0.58,0.312,0.724,12.7,below Mara's slope
P01558,C01,secondary main sewer,lateral,200,52.6,0.5,0.888,0.357,0.594,23.9,below Mara's slope
P01559,C01,secondary main sewer,lateral,200,57.4,0.5,0.891,0.357,0.594,23.9,below Mara's slope
P01560,C01,secondary header,sub main,200,65.9,1.3,0.106,0.249,1.586,0.8,below Mara's slope
P01561,C01,secondary main sewer,lateral,200,88.4,0.5,0.137,0.196,1.408,1.2,below Mara's slope
P01562,C01,secondary main sewer,lateral,200,47.9,0.5,0.091,0.171,1.701,0.5,below Mara's slope
P01563,C01,secondary header,sub main,200,93.4,0.5,0.183,0.216,1.231,1.9,below Mara's slope
P01564,C01,secondary header,sub main,200,147.8,0.7,0.145,0.224,1.372,1.2,below Mara's slope
P01565,C01,secondary main sewer,lateral,200,74.4,0.5,0.045,0.135,2.353,0.2,below Mara's slope
P01567,C02,secondary main sewer,lateral,200,78.8,0.5,0.192,0.219,1.204,2.4,below Mara's slope
P01569,C06,secondary main sewer,lateral,200,94.9,0.6,0.06,0.158,2.062,0.4,below Mara's slope
P01570,C02,secondary header,sub main,200,82.2,0.5,0.362,0.269,0.899,6.4,below Mara's slope
P01571,C02,secondary main sewer,lateral,200,83.0,0.5,0.466,0.291,0.8,9.5,below Mara's slope
P01572,C02,secondary main sewer,lateral,200,43.6,0.5,0.79,0.344,0.627,21.2,below Mara's slope
P01573,C01,secondary header,sub main,200,64.7,0.5,0.314,0.257,0.96,5.3,below Mara's slope
P01574,C01,secondary header,sub main,200,124.5,0.5,0.305,0.254,0.973,5.1,below Mara's slope
P01575,C02,secondary main sewer,lateral,200,182.6,0.5,0.0,0.0,,0.0,no flow in 2030
P01576,C02,secondary main sewer,lateral,200,174.1,0.5,0.0,0.0,,0.0,no flow in 2030
P01577,C01,secondary main sewer,lateral,200,24.0,0.5,0.033,0.122,2.695,0.1,below Mara's slope
P01578,C32,secondary main sewer,lateral,200,140.1,0.5,0.0,0.0,,0.0,no flow in 2030
P01580,C02,secondary main sewer,lateral,200,82.5,0.5,0.515,0.301,0.764,10.6,below Mara's slope
P01581,C02,secondary main sewer,lateral,200,38.8,0.5,0.493,0.297,0.779,9.9,below Mara's slope
P01582,C02,secondary main sewer,lateral,200,92.7,0.5,0.348,0.265,0.916,5.8,below Mara's slope
P01583,C02,secondary main sewer,lateral,200,46.2,0.5,0.463,0.291,0.803,9.8,below Mara's slope
P01584,C06,secondary main sewer,lateral,200,78.8,1.45,0.079,0.234,1.815,0.8,below Mara's slope
P01585,C01,secondary header,sub main,200,82.0,0.55,0.18,0.222,1.239,2.2,below Mara's slope
P01586,C01,secondary main sewer,lateral,200,82.9,0.5,0.952,0.364,0.576,26.4,below Mara's slope
P01587,C01,secondary main sewer,lateral,200,77.2,0.9,0.15,0.247,1.35,1.5,below Mara's slope
P01588,C01,secondary main sewer,lateral,200,54.8,1.5,0.073,0.231,1.882,0.6,below Mara's slope
P01589,C01,secondary main sewer,lateral,200,34.9,0.5,0.075,0.16,1.853,0.6,below Mara's slope
P01591,C02,secondary main sewer,lateral,200,88.1,0.5,0.846,0.351,0.608,23.3,below Mara's slope
P01592,C02,secondary main sewer,lateral,200,83.1,0.5,0.358,0.268,0.904,6.5,below Mara's slope
P01594,C02,secondary main sewer,lateral,200,189.5,0.5,0.25,0.238,1.067,3.4,below Mara's slope
P01596,C06,secondary main sewer,lateral,200,34.1,0.5,0.069,0.155,1.935,0.6,below Mara's slope
P01598,C02,secondary main sewer,lateral,200,58.9,0.5,0.867,0.354,0.601,24.0,below Mara's slope
P01600,C01,secondary main sewer,lateral,200,90.9,0.5,0.137,0.196,1.407,1.8,below Mara's slope
P01601,C01,secondary header,sub main,200,279.8,0.5,0.24,0.235,1.087,3.7,below Mara's slope
P01602,C01,secondary main sewer,lateral,200,102.0,1.45,0.071,0.226,1.905,0.5,below Mara's slope
P01603,C01,secondary main sewer,lateral,200,74.8,0.5,0.311,0.256,0.964,5.2,below Mara's slope
P01604,C01,secondary header,sub main,200,89.1,0.5,0.266,0.243,1.036,4.0,below Mara's slope
P01605,C01,secondary header,sub main,200,89.4,0.5,0.366,0.27,0.894,6.5,below Mara's slope
P01606,C01,secondary header,sub main,200,180.0,0.5,0.554,0.308,0.739,12.2,below Mara's slope
P01607,C01,secondary main sewer,lateral,200,89.3,0.5,1.005,0.371,0.561,28.5,below Mara's slope
P01608,C02,secondary main sewer,lateral,200,233.5,0.5,0.386,0.274,0.873,7.4,below Mara's slope
P01609,C02,secondary main sewer,lateral,200,73.2,0.5,0.103,0.178,1.602,0.5,below Mara's slope
P01612,C07,secondary header,sub main,200,83.4,0.6,0.2,0.236,1.182,2.5,below Mara's slope
P01613,C02,secondary main sewer,lateral,200,84.7,0.5,0.91,0.359,0.588,25.7,below Mara's slope
P01614,C02,secondary main sewer,lateral,200,132.4,0.5,0.983,0.368,0.567,28.6,below Mara's slope
P01615,C01,secondary header,sub main,200,179.7,0.5,0.133,0.194,1.426,1.1,below Mara's slope
P01616,C02,secondary header,sub main,200,84.8,0.5,0.556,0.308,0.738,12.0,below Mara's slope
P01617,C02,secondary main sewer,lateral,200,89.5,0.5,0.307,0.255,0.97,4.7,below Mara's slope
P01618,C02,secondary main sewer,lateral,200,59.7,0.5,0.263,0.242,1.042,3.8,below Mara's slope
P01619,C02,secondary main sewer,lateral,200,39.8,0.5,0.247,0.237,1.073,3.5,below Mara's slope
P01620,C02,secondary main sewer,lateral,200,44.1,0.5,0.271,0.245,1.028,3.8,below Mara's slope
P01621,C02,secondary main sewer,lateral,200,146.9,0.5,0.266,0.243,1.036,3.7,below Mara's slope
P01622,C02,secondary main sewer,lateral,200,85.1,0.5,0.292,0.251,0.993,4.8,below Mara's slope
P01623,C02,secondary header,sub main,200,162.5,0.5,0.219,0.229,1.133,3.0,below Mara's slope
P01624,C02,secondary main sewer,lateral,200,62.8,0.5,0.135,0.195,1.418,1.3,below Mara's slope
P01625,C07,secondary header,sub main,200,61.8,0.5,0.268,0.244,1.033,4.1,below Mara's slope
P01626,C01,secondary main sewer,lateral,200,56.3,0.5,0.303,0.254,0.976,4.9,below Mara's slope
P01627,C01,secondary header,sub main,200,66.6,0.65,0.074,0.174,1.875,0.2,below Mara's slope
P01629,C01,secondary main sewer,lateral,200,110.2,0.5,0.161,0.207,1.305,1.6,below Mara's slope
P01630,C01,secondary main sewer,lateral,200,65.1,0.75,0.107,0.207,1.576,0.7,below Mara's slope
P01632,C06,secondary main sewer,lateral,200,97.7,0.5,0.092,0.172,1.689,1.0,below Mara's slope
P01633,C06,secondary main sewer,lateral,200,83.4,0.5,0.061,0.149,2.041,0.4,below Mara's slope
P01635,C01,secondary header,sub main,200,107.6,3.75,0.0,0.0,,0.0,no flow in 2030
P01637,C01,secondary main sewer,lateral,200,92.0,0.5,0.167,0.209,1.286,1.7,below Mara's slope
P01640,C01,secondary main sewer,lateral,200,81.2,0.5,0.23,0.232,1.109,2.8,below Mara's slope
P01642,C07,secondary header,sub main,200,84.7,0.5,0.439,0.286,0.822,9.0,below Mara's slope
P01643,C06,secondary main sewer,lateral,200,27.7,0.5,0.024,0.109,3.121,0.1,below Mara's slope
P01644,C02,secondary header,sub main,200,179.6,0.5,0.348,0.265,0.915,5.5,below Mara's slope
P01647,C01,secondary main sewer,lateral,200,106.7,0.5,0.11,0.182,1.557,0.8,below Mara's slope
P01648,C07,secondary main sewer,lateral,200,51.9,0.55,0.105,0.185,1.588,0.8,below Mara's slope
P01649,C07,secondary main sewer,lateral,200,85.2,0.5,0.35,0.266,0.914,6.4,below Mara's slope
P01652,C01,secondary main sewer,lateral,200,57.8,0.5,0.233,0.233,1.101,2.9,below Mara's slope
P01653,C01,secondary main sewer,lateral,200,67.4,0.5,0.217,0.228,1.139,2.6,below Mara's slope
P01654,C06,secondary main sewer,lateral,200,286.7,0.9,0.121,0.23,1.492,1.5,below Mara's slope
P01655,C06,secondary main sewer,lateral,200,118.6,0.5,0.127,0.191,1.455,1.6,below Mara's slope
P01656,C06,secondary main sewer,lateral,200,88.1,0.5,0.155,0.204,1.33,2.2,below Mara's slope
P01657,C06,secondary main sewer,lateral,200,78.3,0.5,0.169,0.21,1.278,2.6,below Mara's slope
P01658,C06,secondary main sewer,lateral,200,98.3,0.5,0.05,0.139,2.244,0.3,below Mara's slope
P01660,C06,secondary main sewer,lateral,200,110.6,0.55,0.079,0.168,1.815,0.6,below Mara's slope
P01661,C01,secondary main sewer,lateral,200,105.0,1.25,0.049,0.19,2.251,0.2,below Mara's slope
P01662,C01,secondary main sewer,lateral,200,69.6,0.5,0.088,0.169,1.724,0.7,below Mara's slope
P01663,C01,secondary main sewer,lateral,200,96.0,0.5,0.283,0.248,1.008,5.2,below Mara's slope
P01664,C01,secondary main sewer,lateral,200,96.2,0.5,0.164,0.208,1.295,1.5,below Mara's slope
P01665,C01,secondary main sewer,lateral,200,47.5,0.5,0.148,0.201,1.357,1.3,below Mara's slope
P01666,C02,secondary main sewer,lateral,200,60.0,0.5,0.041,0.13,2.467,0.1,below Mara's slope
P01667,C02,secondary main sewer,lateral,200,68.2,0.5,0.121,0.188,1.489,0.9,below Mara's slope
P01668,C07,secondary main sewer,lateral,200,50.6,0.65,0.142,0.217,1.382,1.4,below Mara's slope
P01669,C07,secondary main sewer,lateral,200,63.0,0.5,0.393,0.276,0.866,7.5,below Mara's slope
P01670,C07,secondary header,sub main,200,87.7,0.5,0.474,0.293,0.794,10.0,below Mara's slope
P01671,C02,secondary main sewer,lateral,200,98.6,0.5,0.182,0.215,1.236,2.1,below Mara's slope
P01672,C01,secondary main sewer,lateral,200,83.4,0.5,0.374,0.272,0.886,6.6,below Mara's slope
P01673,C01,secondary main sewer,lateral,200,61.9,0.5,0.163,0.208,1.298,1.8,below Mara's slope
P01674,C01,secondary main sewer,lateral,200,67.7,0.5,0.059,0.148,2.07,0.2,below Mara's slope
P01675,C01,secondary header,sub main,200,163.4,0.5,0.235,0.234,1.098,3.3,below Mara's slope
P01676,C01,secondary header,sub main,200,89.7,0.5,0.292,0.251,0.993,4.6,below Mara's slope
P01678,C07,secondary header,sub main,200,58.7,1.05,0.096,0.224,1.658,0.7,below Mara's slope
P01679,C02,secondary main sewer,lateral,200,57.3,0.5,0.091,0.171,1.701,0.5,below Mara's slope
P01680,C07,secondary main sewer,lateral,200,83.8,0.5,0.452,0.288,0.811,9.3,below Mara's slope
P01681,C07,secondary header,sub main,200,128.6,0.5,0.547,0.306,0.743,12.4,below Mara's slope
P01682,C01,secondary main sewer,lateral,200,89.5,0.5,0.253,0.239,1.06,4.5,below Mara's slope
P01683,C01,secondary main sewer,lateral,200,68.0,0.5,0.182,0.215,1.234,3.0,below Mara's slope
P01684,C01,secondary main sewer,lateral,200,119.0,0.5,0.156,0.205,1.324,2.5,below Mara's slope
P01685,C06,secondary main sewer,lateral,200,90.1,0.7,0.088,0.19,1.727,0.8,below Mara's slope
P01686,C06,secondary main sewer,lateral,200,94.4,0.5,0.098,0.175,1.639,1.0,below Mara's slope
P01687,C06,secondary main sewer,lateral,200,59.1,0.5,0.102,0.178,1.61,1.0,below Mara's slope
P01688,C06,secondary main sewer,lateral,200,90.3,0.5,0.227,0.231,1.115,4.3,below Mara's slope
P01689,C06,secondary main sewer,lateral,200,77.2,0.5,0.11,0.182,1.557,1.2,below Mara's slope
P01690,C01,secondary main sewer,lateral,200,80.2,0.5,0.063,0.151,2.018,0.4,below Mara's slope
P01691,C01,secondary main sewer,lateral,200,23.8,0.8,0.025,0.128,3.108,0.1,below Mara's slope
P01695,C01,secondary main sewer,lateral,200,39.8,0.5,0.055,0.144,2.146,0.2,below Mara's slope
P01696,C01,secondary main sewer,lateral,200,195.3,0.5,0.196,0.22,1.194,2.2,below Mara's slope
P01698,C01,secondary main sewer,lateral,200,63.8,0.5,0.158,0.205,1.316,1.6,below Mara's slope
P01699,C07,secondary header,sub main,200,230.6,0.5,0.104,0.179,1.598,0.7,below Mara's slope
P01700,C07,secondary header,sub main,200,98.6,0.5,0.831,0.349,0.613,22.6,below Mara's slope
P01703,C07,secondary header,sub main,200,88.1,0.85,0.13,0.231,1.441,1.1,below Mara's slope
P01704,C01,secondary header,sub main,200,94.5,0.5,0.129,0.192,1.445,1.1,below Mara's slope
P01705,C01,secondary main sewer,lateral,200,79.6,0.5,0.044,0.134,2.363,0.2,below Mara's slope
P01706,C01,secondary main sewer,lateral,200,71.2,0.75,0.074,0.183,1.873,0.7,below Mara's slope
P01707,C01,secondary header,sub main,200,130.4,0.5,0.113,0.184,1.535,0.9,below Mara's slope
P01710,C01,secondary main sewer,lateral,200,44.4,0.5,0.216,0.228,1.14,2.7,below Mara's slope
P01711,C01,secondary main sewer,lateral,200,92.7,0.5,0.233,0.233,1.101,3.0,below Mara's slope
P01712,C01,secondary main sewer,lateral,200,74.7,0.5,0.365,0.269,0.895,6.4,below Mara's slope
P01713,C01,secondary main sewer,lateral,200,109.6,0.5,0.31,0.256,0.966,4.9,below Mara's slope
P01714,C07,secondary header,sub main,200,84.4,0.5,0.853,0.352,0.606,23.3,below Mara's slope
P01715,C07,secondary header,sub main,200,82.7,0.5,0.24,0.235,1.087,3.1,below Mara's slope
P01716,C01,secondary main sewer,lateral,200,87.8,0.5,0.106,0.18,1.586,0.7,below Mara's slope
P01718,C01,secondary main sewer,lateral,200,84.9,0.5,0.184,0.216,1.229,2.0,below Mara's slope
P01721,C01,secondary main sewer,lateral,200,97.6,0.55,0.074,0.165,1.867,0.4,below Mara's slope
P01722,C01,secondary main sewer,lateral,200,44.9,0.5,0.074,0.16,1.867,0.4,below Mara's slope
P01723,C01,secondary header,sub main,200,208.0,0.5,0.476,0.293,0.792,9.6,below Mara's slope
P01725,C01,secondary main sewer,lateral,200,114.9,0.5,0.066,0.153,1.975,0.1,below Mara's slope
P01726,C01,secondary header,sub main,200,123.6,0.5,0.53,0.303,0.754,11.2,below Mara's slope
P01727,C07,secondary header,sub main,200,83.9,0.5,0.206,0.224,1.167,2.5,below Mara's slope
P01728,C06,secondary main sewer,lateral,200,165.1,0.5,0.269,0.244,1.031,5.6,below Mara's slope
P01729,C06,secondary main sewer,lateral,200,78.4,0.5,0.082,0.165,1.781,0.7,below Mara's slope
P01730,C06,secondary main sewer,lateral,200,59.5,0.5,0.061,0.149,2.044,0.4,below Mara's slope
P01731,C06,secondary main sewer,lateral,200,87.7,0.5,0.053,0.143,2.176,0.3,below Mara's slope
P01732,C01,secondary main sewer,lateral,200,68.3,0.5,0.109,0.181,1.565,1.0,below Mara's slope
P01733,C01,secondary main sewer,lateral,200,119.0,0.75,0.07,0.18,1.92,0.5,below Mara's slope
P01734,C01,secondary main sewer,lateral,200,57.2,0.5,0.03,0.117,2.823,0.1,below Mara's slope
P01735,C07,secondary header,sub main,200,84.4,0.5,0.24,0.235,1.087,3.1,below Mara's slope
P01736,C01,secondary main sewer,lateral,200,76.8,0.5,0.18,0.214,1.242,1.8,below Mara's slope
P01737,C01,secondary main sewer,lateral,200,77.6,0.5,0.149,0.201,1.353,1.4,below Mara's slope
P01738,C01,secondary main sewer,lateral,200,75.3,0.5,0.216,0.228,1.14,2.5,below Mara's slope
P01739,C01,secondary main sewer,lateral,200,67.2,0.5,0.232,0.233,1.103,2.8,below Mara's slope
P01741,C01,secondary header,sub main,200,81.5,0.5,0.281,0.248,1.01,3.9,below Mara's slope
P01742,C01,secondary main sewer,lateral,200,91.2,0.5,0.391,0.275,0.868,7.8,below Mara's slope
P01743,C01,secondary main sewer,lateral,200,296.4,0.5,0.369,0.27,0.891,7.2,below Mara's slope
P01744,C07,secondary header,sub main,200,86.1,0.5,0.229,0.232,1.11,2.9,below Mara's slope
P01746,C01,secondary header,sub main,200,182.1,0.5,0.571,0.311,0.729,12.2,below Mara's slope
P01748,C01,secondary header,sub main,200,220.4,0.5,1.182,0.39,0.521,36.3,below Mara's slope
P01749,C06,secondary main sewer,lateral,200,85.2,0.5,0.292,0.251,0.992,6.3,below Mara's slope
P01750,C06,secondary main sewer,lateral,200,44.0,2.35,0.024,0.181,3.151,0.1,below Mara's slope
P01751,C06,secondary main sewer,lateral,200,85.2,0.5,0.065,0.153,1.985,0.4,below Mara's slope
P01753,C01,secondary main sewer,lateral,200,89.6,0.5,0.793,0.344,0.626,21.4,below Mara's slope
P01754,C01,secondary main sewer,lateral,200,84.2,0.5,0.14,0.197,1.394,1.4,below Mara's slope
P01755,C06,secondary main sewer,lateral,200,75.4,1.45,0.03,0.168,2.816,0.1,below Mara's slope
P01756,C06,secondary main sewer,lateral,200,137.3,1.8,0.054,0.221,2.164,0.3,below Mara's slope
P01757,C07,secondary header,sub main,200,78.3,0.5,0.24,0.235,1.087,3.1,below Mara's slope
P01758,C07,secondary header,sub main,200,82.2,0.5,0.395,0.276,0.864,7.2,below Mara's slope
P01759,C01,secondary header,sub main,200,79.4,0.5,0.414,0.281,0.845,8.5,below Mara's slope
P01760,C01,secondary header,sub main,200,80.5,0.5,0.364,0.269,0.897,6.0,below Mara's slope
P01761,C01,secondary main sewer,lateral,200,61.5,0.5,0.879,0.356,0.597,24.7,below Mara's slope
P01762,C01,secondary main sewer,lateral,200,92.8,0.5,1.087,0.38,0.542,32.5,below Mara's slope
P01764,C01,secondary main sewer,lateral,200,58.7,0.5,0.945,0.364,0.578,27.0,below Mara's slope
P01765,C01,secondary main sewer,lateral,200,34.2,0.5,0.948,0.364,0.577,27.1,below Mara's slope
P01766,C01,secondary main sewer,lateral,200,85.4,0.5,1.046,0.375,0.551,30.9,below Mara's slope
P01770,C01,secondary main sewer,lateral,200,120.4,0.5,0.149,0.201,1.353,1.4,below Mara's slope
P01775,C01,secondary header,sub main,200,145.5,0.5,0.098,0.175,1.64,0.6,below Mara's slope
P01776,C06,secondary main sewer,lateral,200,82.7,0.5,0.296,0.252,0.986,6.5,below Mara's slope
P01777,C06,secondary main sewer,lateral,200,82.5,0.55,0.068,0.16,1.946,0.5,below Mara's slope
P01778,C06,secondary main sewer,lateral,200,91.3,0.7,0.07,0.176,1.916,0.4,below Mara's slope
P01779,C07,secondary header,sub main,200,116.6,0.5,0.554,0.308,0.739,12.1,below Mara's slope
P01780,C07,secondary header,sub main,200,82.1,0.5,0.526,0.303,0.757,11.3,below Mara's slope
P01781,C07,secondary header,sub main,200,88.6,0.5,0.623,0.319,0.7,14.5,below Mara's slope
P01782,C07,secondary header,sub main,200,334.6,0.5,0.902,0.358,0.59,25.0,below Mara's slope
P01783,C01,secondary header,sub main,200,92.3,1.15,0.176,0.283,1.254,2.0,below Mara's slope
P01784,C01,secondary main sewer,lateral,200,92.0,0.5,0.185,0.216,1.224,2.0,below Mara's slope
P01787,C01,secondary header,sub main,200,91.8,0.5,0.179,0.214,1.243,2.0,below Mara's slope
P01793,C06,secondary main sewer,lateral,200,174.7,0.8,0.09,0.2,1.712,0.8,below Mara's slope
P01794,C06,secondary main sewer,lateral,200,86.4,0.5,0.135,0.195,1.418,1.4,below Mara's slope
P01795,C06,secondary main sewer,lateral,200,83.8,1.25,0.05,0.191,2.237,0.3,below Mara's slope
P01796,C06,secondary main sewer,lateral,200,94.1,0.5,0.117,0.186,1.512,1.0,below Mara's slope
P01797,C06,secondary main sewer,lateral,200,84.2,0.5,0.115,0.185,1.523,1.0,below Mara's slope
P01798,C07,secondary header,sub main,200,83.0,0.5,0.944,0.363,0.578,26.6,below Mara's slope
P01799,C06,secondary main sewer,lateral,200,238.8,0.6,0.122,0.201,1.483,1.5,below Mara's slope
P01800,C06,secondary main sewer,lateral,200,157.5,0.85,0.084,0.199,1.768,0.7,below Mara's slope
P01801,C06,secondary main sewer,lateral,200,92.6,0.5,0.131,0.193,1.437,1.7,below Mara's slope
P01802,C06,secondary main sewer,lateral,200,137.8,1.3,0.037,0.173,2.588,0.2,below Mara's slope
P01803,C06,secondary main sewer,lateral,200,60.1,0.5,0.202,0.223,1.176,3.7,below Mara's slope
P01804,C01,secondary main sewer,lateral,200,74.5,0.5,0.198,0.221,1.187,2.3,below Mara's slope
P01805,C01,secondary main sewer,lateral,200,163.9,0.5,0.252,0.239,1.063,3.4,below Mara's slope
P01807,C06,secondary main sewer,lateral,200,180.5,0.55,0.097,0.18,1.65,0.7,below Mara's slope
P01808,C06,secondary main sewer,lateral,200,63.7,0.5,0.172,0.211,1.267,2.2,below Mara's slope
P01809,C06,secondary main sewer,lateral,200,159.2,0.5,0.305,0.254,0.973,6.7,below Mara's slope
P01810,C06,secondary main sewer,lateral,200,77.5,0.5,0.21,0.225,1.156,3.9,below Mara's slope
P01811,C01,secondary header,sub main,200,92.9,0.8,0.282,0.292,1.009,4.2,below Mara's slope
P01812,C01,secondary main sewer,lateral,200,91.3,0.5,0.137,0.196,1.408,1.4,below Mara's slope
P01813,C01,secondary header,sub main,200,147.0,1.2,0.0,0.0,,0.0,no flow in 2030
P01815,C06,secondary main sewer,lateral,200,81.7,0.5,0.404,0.278,0.855,10.7,below Mara's slope
P01816,C06,secondary main sewer,lateral,200,54.7,0.5,0.243,0.236,1.081,3.9,below Mara's slope
P01817,C06,secondary main sewer,lateral,200,84.5,0.5,0.24,0.235,1.086,3.9,below Mara's slope
P01818,C01,secondary header,sub main,200,288.7,0.5,0.49,0.296,0.782,10.5,below Mara's slope
P01819,C01,secondary header,sub main,200,288.4,0.5,0.209,0.225,1.158,2.5,below Mara's slope
P01820,C01,secondary header,sub main,200,86.5,0.5,0.867,0.354,0.601,22.5,below Mara's slope
P01821,C01,secondary header,sub main,200,289.0,0.5,0.421,0.282,0.839,7.6,below Mara's slope
P01822,C01,secondary header,sub main,200,48.8,0.5,0.942,0.363,0.578,25.2,below Mara's slope
P01823,C06,secondary main sewer,lateral,200,91.0,0.5,0.235,0.234,1.098,3.7,below Mara's slope
P01824,C01,secondary header,sub main,200,260.2,0.5,0.211,0.226,1.153,2.6,below Mara's slope
P01825,C01,secondary header,sub main,200,85.6,0.5,1.162,0.387,0.525,33.3,below Mara's slope
P01826,C01,secondary header,sub main,200,30.8,0.5,1.227,0.394,0.512,35.9,below Mara's slope
P01828,C06,secondary main sewer,lateral,200,84.1,0.5,0.212,0.226,1.15,3.0,below Mara's slope
P01829,C06,secondary main sewer,lateral,200,87.5,0.5,0.226,0.231,1.116,3.4,below Mara's slope
P01830,C01,secondary main sewer,lateral,200,85.5,0.5,0.272,0.245,1.026,3.8,below Mara's slope
P01831,C06,secondary main sewer,lateral,200,98.3,0.55,0.043,0.137,2.405,0.2,below Mara's slope
P01832,C01,secondary main sewer,lateral,200,79.5,0.5,0.141,0.198,1.391,1.2,below Mara's slope
P01833,C01,secondary main sewer,lateral,200,93.9,0.5,0.348,0.265,0.916,5.5,below Mara's slope
P01834,C01,secondary main sewer,lateral,200,89.3,0.5,0.326,0.26,0.943,5.5,below Mara's slope
P01837,C01,secondary header,sub main,200,32.4,18.1,0.0,0.0,,0.0,no flow in 2030
P01838,C06,secondary main sewer,lateral,200,94.4,0.5,0.517,0.301,0.763,14.7,below Mara's slope
P01839,C06,secondary main sewer,lateral,200,89.4,0.5,0.056,0.145,2.118,0.3,below Mara's slope
P01840,C06,secondary main sewer,lateral,200,49.7,1.6,0.05,0.207,2.237,0.3,below Mara's slope
P01842,C01,secondary main sewer,lateral,200,91.3,0.5,0.478,0.294,0.791,9.0,below Mara's slope
P01843,C01,secondary main sewer,lateral,200,34.4,0.5,0.521,0.302,0.76,10.2,below Mara's slope
P01844,C01,secondary main sewer,lateral,200,59.0,0.5,0.521,0.302,0.76,10.2,below Mara's slope
P01845,C01,secondary main sewer,lateral,200,94.1,0.5,0.566,0.31,0.732,11.5,below Mara's slope
P01846,C01,secondary main sewer,lateral,200,94.0,0.5,0.109,0.181,1.564,0.8,below Mara's slope
P01848,C01,secondary header,sub main,200,272.4,0.5,1.274,0.399,0.503,36.6,below Mara's slope
P01849,C01,secondary main sewer,lateral,200,80.6,0.5,0.263,0.242,1.041,3.7,below Mara's slope
P01850,C01,secondary main sewer,lateral,200,79.2,0.5,0.377,0.272,0.882,6.5,below Mara's slope
P01852,C01,secondary main sewer,lateral,200,12.9,0.75,0.0,0.0,,0.0,no flow in 2030
P01853,C06,secondary header,sub main,200,1024.8,0.5,0.525,0.302,0.758,15.0,below Mara's slope
P01854,C06,secondary main sewer,lateral,200,28.9,0.5,0.525,0.302,0.758,15.0,below Mara's slope
P01855,C06,secondary header,sub main,200,94.9,0.5,0.0,0.0,,0.0,no flow in 2030
P01856,C22,secondary header,sub main,200,359.7,0.95,0.0,0.0,,0.0,no flow in 2030
P01864,C01,secondary header,sub main,200,86.5,0.5,1.202,0.392,0.517,33.8,below Mara's slope
P01865,C01,secondary main sewer,lateral,200,59.3,0.5,0.079,0.163,1.81,0.4,below Mara's slope
P01866,C01,secondary header,sub main,200,86.3,0.5,1.153,0.386,0.527,32.1,below Mara's slope
P01867,C01,secondary main sewer,lateral,200,87.0,0.5,0.055,0.145,2.135,0.2,below Mara's slope
P01868,C01,secondary header,sub main,200,337.1,0.5,0.144,0.199,1.376,1.2,below Mara's slope
P01869,C01,secondary header,sub main,200,88.9,0.5,0.23,0.232,1.108,2.7,below Mara's slope
P01870,C01,secondary header,sub main,200,256.9,0.5,0.555,0.308,0.738,11.9,below Mara's slope
P01871,C01,secondary header,sub main,200,54.5,0.5,0.654,0.324,0.685,14.8,below Mara's slope
P01872,C01,secondary header,sub main,200,394.7,0.65,0.279,0.27,1.014,3.9,below Mara's slope
P01874,C01,secondary header,sub main,200,64.6,0.5,1.12,0.383,0.534,30.9,below Mara's slope
P01875,C01,secondary header,sub main,200,93.5,0.5,0.506,0.299,0.77,10.0,below Mara's slope
P01876,C01,secondary header,sub main,200,85.7,0.5,0.842,0.351,0.609,20.8,below Mara's slope
P01877,C01,secondary header,sub main,200,86.5,0.5,0.668,0.326,0.678,15.3,below Mara's slope
P01878,C01,secondary header,sub main,200,590.9,0.5,0.0,0.0,,0.0,no flow in 2030
P01879,C01,secondary main sewer,lateral,200,84.4,0.5,0.0,0.0,,0.0,no flow in 2030
P01880,C01,secondary header,sub main,200,87.0,0.5,0.787,0.343,0.628,19.0,below Mara's slope
P01881,C01,secondary header,sub main,200,87.0,0.5,0.678,0.328,0.673,15.6,below Mara's slope
P01882,C07,secondary header,sub main,200,638.6,0.5,0.958,0.365,0.574,27.1,below Mara's slope
P01883,C07,secondary header,sub main,200,683.9,0.5,0.219,0.229,1.133,2.6,below Mara's slope
P01884,C07,secondary header,sub main,200,736.4,0.5,0.767,0.341,0.636,19.2,below Mara's slope
P01885,C07,secondary header,sub main,200,82.8,0.5,0.219,0.229,1.133,2.6,below Mara's slope
P01886,C01,secondary header,sub main,200,87.3,0.5,0.685,0.329,0.67,15.8,below Mara's slope
P01887,C01,secondary header,sub main,200,88.1,0.5,0.728,0.335,0.652,17.1,below Mara's slope
P01888,C01,secondary header,sub main,200,270.7,0.5,0.712,0.333,0.658,16.6,below Mara's slope
P01889,C01,secondary main sewer,lateral,200,326.6,0.5,0.0,0.0,,0.0,no flow in 2030
P01890,C07,secondary header,sub main,200,1042.5,0.5,0.342,0.264,0.923,5.4,below Mara's slope
P01891,C07,secondary header,sub main,200,250.3,0.5,0.958,0.365,0.574,27.1,below Mara's slope
P01892,C07,secondary header,sub main,200,81.5,0.5,0.845,0.351,0.608,21.8,below Mara's slope
P01893,C01,secondary main sewer,lateral,200,289.6,0.5,0.0,0.0,,0.0,no flow in 2030
P01894,C03,secondary main sewer,branch,200,26.0,0.9,0.0,0.0,,0.0,no flow in 2030
P01895,C03,secondary main sewer,branch,200,36.0,1.7,0.064,0.23,2.0,0.3,below Mara's slope
P01897,C03,secondary main sewer,branch,200,16.3,1.0,0.207,0.285,1.164,0.0,below Mara's slope
P01898,C03,secondary main sewer,branch,200,23.4,0.75,0.0,0.0,,0.0,no flow in 2030
P01899,C03,secondary main sewer,branch,200,31.1,1.2,0.023,0.143,3.221,0.0,below Mara's slope
P01900,C03,secondary main sewer,branch,200,20.4,1.3,0.0,0.0,,0.0,no flow in 2030
P01901,C03,secondary main sewer,branch,200,97.8,2.05,0.0,0.0,,0.0,no flow in 2030
P01902,C03,secondary main sewer,branch,200,77.7,0.8,0.274,0.289,1.022,4.4,below Mara's slope
P01903,C03,secondary main sewer,branch,200,21.7,1.25,0.127,0.261,1.456,1.2,below Mara's slope
P01905,C03,secondary main sewer,branch,200,30.5,1.3,0.127,0.265,1.456,1.2,below Mara's slope
P01906,C03,secondary main sewer,branch,200,109.0,0.5,0.134,0.194,1.423,1.3,below Mara's slope
P01907,C03,secondary main sewer,branch,200,26.6,1.15,0.035,0.164,2.624,0.1,below Mara's slope
P01908,C03,secondary main sewer,branch,200,25.8,0.65,0.033,0.133,2.702,0.1,below Mara's slope
P01909,C03,secondary main sewer,branch,200,64.2,1.6,0.055,0.213,2.149,0.2,below Mara's slope
P01910,C03,secondary main sewer,branch,200,150.0,0.85,0.0,0.0,,0.0,no flow in 2030
P01911,C03,secondary main sewer,branch,200,94.6,1.1,0.214,0.297,1.145,2.9,below Mara's slope
P01912,C03,secondary main sewer,branch,200,47.1,0.55,0.143,0.205,1.379,0.2,below Mara's slope
P01913,C03,secondary main sewer,branch,200,32.5,0.5,0.0,0.0,,0.0,no flow in 2030
P01914,C03,secondary main sewer,branch,200,143.7,0.6,0.0,0.0,,0.0,no flow in 2030
P01916,C03,secondary main sewer,branch,200,121.2,0.5,0.281,0.248,1.01,4.6,below Mara's slope
P01917,C03,secondary main sewer,branch,200,99.2,0.85,0.0,0.0,,0.0,no flow in 2030
P01919,C03,secondary main sewer,branch,200,248.8,1.2,0.095,0.234,1.668,0.7,below Mara's slope
P01920,C03,secondary main sewer,branch,200,23.5,1.2,0.0,0.0,,0.0,no flow in 2030
P01921,C03,secondary main sewer,branch,200,64.5,0.95,0.0,0.0,,0.0,no flow in 2030
P01922,C05,secondary main sewer,branch,200,145.2,0.5,0.315,0.257,0.958,5.4,below Mara's slope
P01923,C05,secondary main sewer,branch,200,23.9,0.5,0.127,0.191,1.456,1.2,below Mara's slope
P01925,C03,secondary main sewer,branch,200,35.0,0.85,0.094,0.207,1.674,0.7,below Mara's slope
P01929,C05,secondary main sewer,branch,200,122.2,1.45,0.115,0.266,1.524,0.8,below Mara's slope
P01930,C26,secondary main sewer,branch,200,18.9,0.9,0.0,0.0,,0.0,no flow in 2030
P01931,C03,secondary main sewer,branch,200,63.0,0.5,0.127,0.191,1.456,1.2,below Mara's slope
P01932,C26,secondary main sewer,branch,200,60.0,1.05,0.044,0.171,2.387,0.1,below Mara's slope
P01933,C05,secondary main sewer,branch,200,67.7,1.1,0.14,0.258,1.393,1.4,below Mara's slope
P01935,C05,secondary main sewer,branch,200,52.6,0.7,0.031,0.133,2.771,0.1,below Mara's slope
P01936,C13,secondary main sewer,branch,200,18.9,0.9,0.0,0.0,,0.0,no flow in 2030
P01938,C13,secondary main sewer,branch,200,19.2,1.05,0.0,0.0,,0.0,no flow in 2030
P01939,C13,secondary main sewer,branch,200,173.9,0.7,0.299,0.284,0.981,5.1,below Mara's slope
P01940,C13,secondary main sewer,branch,200,35.1,0.5,0.131,0.193,1.435,1.3,below Mara's slope
P01941,C03,secondary main sewer,branch,200,89.5,1.2,0.134,0.262,1.423,1.3,below Mara's slope
P01942,C03,secondary main sewer,branch,200,89.9,2.15,0.0,0.0,,0.0,no flow in 2030
P01943,C13,secondary main sewer,branch,200,43.0,0.55,0.161,0.213,1.307,1.8,below Mara's slope
P01945,C13,secondary main sewer,branch,200,67.8,0.5,0.218,0.228,1.137,3.0,below Mara's slope
P01946,C05,secondary main sewer,branch,200,64.2,0.75,0.127,0.22,1.456,1.2,below Mara's slope
P01947,C05,secondary main sewer,branch,200,130.9,1.2,0.134,0.262,1.422,1.3,below Mara's slope
P01948,C12,secondary main sewer,branch,200,103.3,0.5,0.195,0.22,1.196,1.2,below Mara's slope
P01949,C13,secondary main sewer,branch,200,43.5,1.2,0.127,0.258,1.456,1.2,below Mara's slope
P01950,C12,secondary main sewer,branch,200,13.2,0.5,0.086,0.168,1.742,0.6,below Mara's slope
P01951,C13,secondary main sewer,branch,200,104.9,0.5,0.171,0.211,1.27,2.0,below Mara's slope
P01952,C03,secondary main sewer,branch,200,37.5,0.5,0.137,0.196,1.406,1.4,below Mara's slope
P01954,C12,secondary main sewer,branch,200,37.6,1.8,0.0,0.0,,0.0,no flow in 2030
P01955,C12,secondary main sewer,branch,200,96.7,1.25,0.091,0.234,1.695,0.7,below Mara's slope
P01957,C12,secondary main sewer,branch,200,16.2,0.9,0.027,0.137,2.987,0.1,below Mara's slope
P01958,C13,secondary main sewer,branch,200,34.4,1.05,0.127,0.246,1.456,1.2,below Mara's slope
P01959,C12,secondary main sewer,branch,200,80.5,0.5,0.168,0.209,1.282,1.9,below Mara's slope
P01961,C12,secondary main sewer,branch,200,32.8,0.5,0.127,0.191,1.456,1.2,below Mara's slope
P01962,C12,secondary main sewer,branch,200,15.3,0.5,0.027,0.113,2.978,0.1,below Mara's slope
P01963,C05,secondary main sewer,branch,200,25.3,1.25,0.086,0.229,1.742,0.6,below Mara's slope
P01964,C12,secondary main sewer,branch,200,36.4,0.5,0.142,0.198,1.383,1.3,below Mara's slope
P01965,C12,secondary main sewer,branch,200,64.2,0.5,0.008,0.074,5.078,0.0,below Mara's slope
P01966,C12,secondary main sewer,branch,200,48.5,1.1,0.101,0.232,1.62,0.6,below Mara's slope
P01967,C12,secondary main sewer,branch,200,23.0,0.6,0.0,0.0,,0.0,no flow in 2030
P01968,C12,secondary main sewer,branch,200,10.0,0.5,0.0,0.0,,0.0,no flow in 2030
P01969,C03,secondary main sewer,branch,200,80.2,1.6,0.0,0.0,,0.0,no flow in 2030
P01970,C12,secondary main sewer,branch,200,11.0,0.5,0.0,0.0,,0.0,no flow in 2030
P01973,C03,secondary main sewer,branch,200,30.7,0.85,0.127,0.229,1.456,1.2,below Mara's slope
P01974,C12,secondary main sewer,branch,200,12.9,0.9,0.025,0.134,3.08,0.0,below Mara's slope
P01975,C03,secondary main sewer,branch,200,85.8,1.0,0.054,0.182,2.157,0.2,below Mara's slope
P01976,C12,secondary main sewer,branch,200,11.0,0.5,0.0,0.0,,0.0,no flow in 2030
P01977,C12,secondary main sewer,branch,200,17.4,0.5,0.0,0.0,,0.0,no flow in 2030
P01978,C12,secondary main sewer,branch,200,13.9,0.5,0.086,0.168,1.742,0.6,below Mara's slope
P01979,C03,secondary main sewer,branch,200,67.8,1.0,0.218,0.289,1.137,3.0,below Mara's slope
P01981,C03,secondary main sewer,branch,200,20.0,0.5,0.19,0.218,1.209,2.4,below Mara's slope
P01984,C03,secondary main sewer,branch,200,199.1,0.5,0.429,0.284,0.831,8.9,below Mara's slope
P01985,C12,secondary main sewer,branch,200,21.0,0.5,0.0,0.0,,0.0,no flow in 2030
P01987,C03,secondary main sewer,branch,200,73.5,0.5,0.243,0.236,1.08,3.7,below Mara's slope
P01990,C03,secondary main sewer,branch,200,18.1,1.1,0.0,0.0,,0.0,no flow in 2030
P01991,C04,secondary main sewer,branch,200,35.4,0.5,0.0,0.0,,0.0,no flow in 2030
P01992,C03,secondary main sewer,branch,200,133.1,0.5,0.34,0.263,0.925,6.0,below Mara's slope
P01993,C03,secondary main sewer,branch,200,21.5,0.8,0.199,0.26,1.184,1.3,below Mara's slope
P01994,C03,secondary main sewer,branch,200,56.9,0.6,0.087,0.179,1.737,0.6,below Mara's slope
P01995,C03,secondary main sewer,branch,200,28.8,0.5,0.094,0.173,1.674,0.7,below Mara's slope
P01996,C03,secondary main sewer,branch,200,32.9,0.5,0.093,0.172,1.682,0.7,below Mara's slope
P01997,C03,secondary main sewer,branch,200,44.6,1.35,0.127,0.268,1.456,1.2,below Mara's slope
P01998,C03,secondary main sewer,branch,200,19.7,1.05,0.0,0.0,,0.0,no flow in 2030
P01999,C03,secondary main sewer,branch,200,92.4,0.65,0.19,0.239,1.209,2.4,below Mara's slope
P02000,C12,secondary main sewer,branch,200,21.0,0.5,0.161,0.206,1.307,1.8,below Mara's slope
P02004,C03,secondary main sewer,branch,200,28.7,0.5,0.0,0.0,,0.0,no flow in 2030
P02005,C04,secondary main sewer,branch,200,28.4,1.4,0.033,0.171,2.716,0.1,below Mara's slope
P02006,C03,secondary main sewer,branch,200,49.9,0.5,0.091,0.171,1.695,0.7,below Mara's slope
P02009,C04,secondary main sewer,branch,200,128.6,0.6,0.487,0.315,0.784,8.7,below Mara's slope
P02010,C03,secondary main sewer,branch,200,59.5,1.85,0.03,0.182,2.83,0.1,below Mara's slope
P02012,C05,secondary main sewer,branch,200,61.7,0.5,0.058,0.147,2.087,0.2,below Mara's slope
P02014,C03,secondary main sewer,branch,200,66.6,1.6,0.0,0.0,,0.0,no flow in 2030
P02015,C05,secondary main sewer,branch,200,101.6,0.5,0.359,0.268,0.903,6.8,below Mara's slope
P02016,C04,secondary main sewer,branch,200,192.7,0.5,0.4,0.277,0.859,7.7,below Mara's slope
P02019,C03,secondary main sewer,branch,200,206.2,1.75,0.0,0.0,,0.0,no flow in 2030
P02020,C03,secondary main sewer,branch,200,27.9,1.15,0.127,0.254,1.456,1.2,below Mara's slope
P02021,C04,secondary main sewer,branch,200,22.4,1.45,0.127,0.275,1.456,1.2,below Mara's slope
P02022,C03,secondary main sewer,branch,200,37.3,0.75,0.086,0.193,1.742,0.6,below Mara's slope
P02023,C03,secondary main sewer,branch,200,12.0,3.7,0.0,0.0,,0.0,no flow in 2030
P02024,C04,secondary main sewer,branch,200,32.4,0.65,0.19,0.239,1.209,2.4,below Mara's slope
P02025,C03,secondary main sewer,branch,200,15.0,2.15,0.0,0.0,,0.0,no flow in 2030
P02026,C04,secondary main sewer,branch,200,24.4,1.7,0.0,0.0,,0.0,no flow in 2030
P02028,C04,secondary main sewer,branch,200,24.3,0.5,0.0,0.0,,0.0,no flow in 2030
P02029,C04,secondary main sewer,branch,200,120.2,0.75,0.247,0.273,1.072,3.7,below Mara's slope
P02031,C04,secondary main sewer,branch,200,39.4,0.7,0.127,0.215,1.456,1.2,below Mara's slope
P02033,C04,secondary main sewer,branch,200,11.4,0.95,0.0,0.0,,0.0,no flow in 2030
P02034,C05,secondary main sewer,branch,200,41.1,2.0,0.0,0.0,,0.0,no flow in 2030
P02035,C04,secondary main sewer,branch,200,32.9,0.5,0.086,0.168,1.742,0.6,below Mara's slope
P02036,C04,secondary main sewer,branch,200,12.5,1.35,0.086,0.236,1.742,0.6,below Mara's slope
P02039,C04,secondary main sewer,branch,200,22.2,0.85,0.0,0.0,,0.0,no flow in 2030
P02040,C03,secondary main sewer,branch,200,15.7,0.5,0.0,0.0,,0.0,no flow in 2030
P02042,C03,secondary main sewer,branch,200,43.6,1.25,0.0,0.0,,0.0,no flow in 2030
P02045,C03,secondary main sewer,branch,200,16.9,1.95,0.0,0.0,,0.0,no flow in 2030
P02049,C05,secondary main sewer,branch,200,53.9,0.65,0.0,0.0,,0.0,no flow in 2030
P02050,C05,secondary main sewer,branch,200,14.9,1.8,0.0,0.0,,0.0,no flow in 2030
P02052,C04,secondary main sewer,branch,200,12.1,0.5,0.086,0.168,1.742,0.6,below Mara's slope
P02053,C04,secondary main sewer,branch,200,81.2,0.5,0.139,0.197,1.397,1.4,below Mara's slope
P02054,C03,secondary main sewer,branch,200,16.9,0.5,0.086,0.168,1.742,0.6,below Mara's slope
P02057,C04,secondary main sewer,branch,200,17.9,0.5,0.086,0.168,1.742,0.6,below Mara's slope
P02058,C05,secondary main sewer,branch,200,19.1,2.65,0.0,0.0,,0.0,no flow in 2030
P02059,C05,secondary main sewer,branch,200,51.0,1.45,0.025,0.156,3.106,0.0,below Mara's slope
P02060,C04,secondary main sewer,branch,200,39.4,3.4,0.0,0.0,,0.0,no flow in 2030
P02061,C04,secondary main sewer,branch,200,60.3,0.8,0.0,0.0,,0.0,no flow in 2030
P02062,C04,secondary main sewer,branch,200,113.1,0.5,0.132,0.193,1.432,1.3,below Mara's slope
P02063,C04,secondary main sewer,branch,200,56.0,0.5,0.135,0.195,1.418,1.3,below Mara's slope
P02064,C04,secondary main sewer,branch,200,18.5,0.5,0.127,0.191,1.456,1.2,below Mara's slope
P02065,C04,secondary main sewer,branch,200,37.1,0.5,0.131,0.193,1.437,1.3,below Mara's slope
P02066,C04,secondary main sewer,branch,200,44.3,0.5,0.101,0.177,1.62,0.6,below Mara's slope
P02068,C04,secondary main sewer,branch,200,11.1,0.5,0.0,0.0,,0.0,no flow in 2030
P02069,C04,secondary main sewer,branch,200,42.1,0.5,0.127,0.191,1.456,1.2,below Mara's slope
P02076,C27,secondary main sewer,branch,200,34.8,1.05,0.0,0.0,,0.0,no flow in 2030
P02080,C03,secondary main sewer,branch,200,53.7,5.3,0.0,0.0,,0.0,no flow in 2030
P02081,C04,secondary main sewer,branch,200,24.8,1.95,0.015,0.145,3.863,0.0,below Mara's slope
P02082,C04,secondary main sewer,branch,200,25.5,0.5,0.043,0.132,2.407,0.1,below Mara's slope
P02084,C05,secondary main sewer,branch,200,44.5,0.7,0.161,0.232,1.307,1.8,below Mara's slope
P02085,C04,secondary main sewer,branch,200,19.2,2.4,0.0,0.0,,0.0,no flow in 2030
P02087,C05,secondary main sewer,branch,200,37.5,1.7,0.0,0.0,,0.0,no flow in 2030
P02090,C04,secondary main sewer,branch,200,18.0,0.5,0.0,0.0,,0.0,no flow in 2030
P02091,C04,secondary main sewer,branch,200,10.0,0.5,0.0,0.0,,0.0,no flow in 2030
P02092,C04,secondary main sewer,branch,200,64.3,0.65,0.0,0.0,,0.0,no flow in 2030
P02095,C04,secondary main sewer,branch,200,27.6,1.55,0.023,0.155,3.228,0.0,below Mara's slope
P02096,C04,secondary main sewer,branch,200,11.8,1.35,0.0,0.0,,0.0,no flow in 2030
P02097,C05,secondary main sewer,branch,200,37.4,1.35,0.025,0.154,3.072,0.0,below Mara's slope
P02098,C04,secondary main sewer,branch,200,52.0,0.5,0.091,0.171,1.702,0.7,below Mara's slope
P02099,C05,secondary main sewer,branch,200,42.1,0.5,0.127,0.191,1.456,1.2,below Mara's slope
P02101,C04,secondary main sewer,branch,200,60.9,0.5,0.161,0.206,1.307,1.8,below Mara's slope
P02103,C04,secondary main sewer,branch,200,14.1,0.75,0.086,0.193,1.742,0.6,below Mara's slope
P02105,C04,secondary main sewer,branch,200,25.3,1.55,0.0,0.0,,0.0,no flow in 2030
P02106,C04,secondary main sewer,branch,200,57.5,1.15,0.197,0.294,1.192,2.5,below Mara's slope
P02107,C04,secondary main sewer,branch,200,12.7,1.1,0.0,0.0,,0.0,no flow in 2030
P02108,C04,secondary main sewer,branch,200,13.2,0.9,0.086,0.205,1.742,0.6,below Mara's slope
P02110,C04,secondary main sewer,branch,200,57.4,1.25,0.164,0.284,1.296,1.9,below Mara's slope
P02111,C04,secondary main sewer,branch,200,13.4,1.1,0.127,0.25,1.456,1.2,below Mara's slope
P02113,C04,secondary main sewer,branch,200,42.1,1.05,0.128,0.247,1.454,1.2,below Mara's slope
P02114,C04,secondary main sewer,branch,200,41.5,1.4,0.0,0.0,,0.0,no flow in 2030
P02115,C04,secondary main sewer,branch,200,38.8,1.0,0.161,0.262,1.307,1.8,below Mara's slope
P02116,C04,secondary main sewer,branch,200,33.0,1.1,0.127,0.25,1.456,1.2,below Mara's slope
P02118,C04,secondary main sewer,branch,200,28.9,3.9,0.0,0.0,,0.0,no flow in 2030
P02121,C04,secondary main sewer,branch,200,13.6,0.5,0.024,0.108,3.136,0.0,below Mara's slope
P02122,C04,secondary main sewer,branch,200,12.7,0.5,0.086,0.168,1.742,0.6,below Mara's slope
P02123,C04,secondary main sewer,branch,200,15.2,0.5,0.0,0.0,,0.0,no flow in 2030
P02124,C18,secondary main sewer,branch,200,72.7,3.2,0.0,0.0,,0.0,no flow in 2030
P02125,C04,secondary main sewer,branch,200,13.4,0.5,0.0,0.0,,0.0,no flow in 2030
P02128,C04,secondary main sewer,branch,200,15.3,0.5,0.0,0.0,,0.0,no flow in 2030
P02129,C04,secondary main sewer,branch,200,14.2,1.95,0.0,0.0,,0.0,no flow in 2030
P02132,C04,secondary main sewer,branch,200,84.0,0.5,0.097,0.175,1.649,0.7,below Mara's slope
P02134,C04,secondary main sewer,branch,200,53.3,1.6,0.0,0.0,,0.0,no flow in 2030
P02135,C04,secondary main sewer,branch,200,55.9,0.5,0.089,0.17,1.717,0.6,below Mara's slope
P02137,C04,secondary main sewer,branch,200,14.5,0.8,0.0,0.0,,0.0,no flow in 2030
P02138,C04,secondary main sewer,branch,200,12.3,0.5,0.086,0.168,1.742,0.6,below Mara's slope
P02140,C04,secondary main sewer,branch,200,16.5,0.55,0.0,0.0,,0.0,no flow in 2030
P02141,C04,secondary main sewer,branch,200,16.9,3.45,0.0,0.0,,0.0,no flow in 2030
P02142,C04,secondary main sewer,branch,200,14.2,1.75,0.0,0.0,,0.0,no flow in 2030
P02145,C04,secondary main sewer,branch,200,62.7,1.1,0.161,0.271,1.307,1.8,below Mara's slope
P02147,C04,secondary main sewer,branch,200,39.1,1.9,0.024,0.17,3.123,0.0,below Mara's slope
P02148,C04,secondary main sewer,branch,200,79.2,0.7,0.161,0.232,1.307,1.8,below Mara's slope
P02149,C04,secondary main sewer,branch,200,32.2,4.3,0.0,0.0,,0.0,no flow in 2030
P02150,C04,secondary main sewer,branch,200,17.6,0.5,0.047,0.137,2.304,0.0,below Mara's slope
P02151,C04,secondary main sewer,branch,200,11.9,0.5,0.0,0.0,,0.0,no flow in 2030
P02152,C04,secondary main sewer,branch,200,39.4,0.5,0.086,0.168,1.742,0.6,below Mara's slope
P02153,C04,secondary main sewer,branch,200,37.1,1.6,0.101,0.263,1.62,0.6,below Mara's slope
P02155,C04,secondary main sewer,branch,200,15.9,1.4,0.0,0.0,,0.0,no flow in 2030
P02157,C05,secondary main sewer,branch,200,58.8,0.5,0.086,0.168,1.742,0.6,below Mara's slope
P02159,C04,secondary main sewer,branch,200,193.5,0.6,0.039,0.137,2.506,0.1,below Mara's slope
P02160,C04,secondary main sewer,branch,200,13.3,0.95,0.0,0.0,,0.0,no flow in 2030
P02161,C04,secondary main sewer,branch,200,38.7,0.5,0.289,0.25,0.997,3.7,below Mara's slope
P02162,C04,secondary main sewer,branch,200,21.5,0.5,0.18,0.214,1.242,1.2,below Mara's slope
P02163,C04,secondary main sewer,branch,200,14.2,3.45,0.0,0.0,,0.0,no flow in 2030
P02165,C04,secondary main sewer,branch,200,18.3,1.9,0.035,0.193,2.645,0.1,below Mara's slope
P02166,C04,secondary main sewer,branch,200,22.6,0.6,0.0,0.0,,0.0,no flow in 2030
P02167,C04,secondary main sewer,branch,200,48.4,0.5,0.331,0.261,0.937,4.4,below Mara's slope
P02168,C04,secondary main sewer,branch,200,11.9,3.15,0.0,0.0,,0.0,no flow in 2030
P02169,C10,secondary main sewer,branch,200,10.1,0.55,0.0,0.0,,0.0,no flow in 2030
P02170,C10,secondary main sewer,branch,200,12.4,0.85,0.0,0.0,,0.0,no flow in 2030
P02171,C10,secondary main sewer,branch,200,11.5,0.5,0.014,0.09,3.998,0.0,below Mara's slope
P02172,C11,secondary main sewer,branch,200,40.3,0.85,0.0,0.0,,0.0,no flow in 2030
P02173,C10,secondary main sewer,branch,200,45.4,0.6,0.0,0.0,,0.0,no flow in 2030
P02174,C04,secondary main sewer,branch,200,55.9,0.5,0.18,0.214,1.242,1.2,below Mara's slope
P02176,C04,secondary main sewer,branch,200,16.2,0.5,0.0,0.0,,0.0,no flow in 2030
P02178,C10,secondary main sewer,branch,200,36.5,1.0,0.0,0.0,,0.0,no flow in 2030
P02179,C04,secondary main sewer,branch,200,22.5,1.45,0.0,0.0,,0.0,no flow in 2030
P02181,C04,secondary main sewer,branch,200,241.7,0.8,0.006,0.077,5.954,0.0,below Mara's slope
P02182,C04,secondary main sewer,branch,200,12.2,5.9,0.0,0.0,,0.0,no flow in 2030
P02185,C05,secondary main sewer,branch,200,26.0,0.5,0.0,0.0,,0.0,no flow in 2030
P02186,C04,secondary main sewer,branch,200,194.3,0.5,0.561,0.309,0.735,13.4,below Mara's slope
P02189,C10,secondary main sewer,branch,200,10.0,1.95,0.0,0.0,,0.0,no flow in 2030
P02191,C04,secondary main sewer,branch,200,49.6,0.5,0.122,0.188,1.485,0.9,below Mara's slope
P02194,C04,secondary main sewer,branch,200,23.7,2.4,0.0,0.0,,0.0,no flow in 2030
P02197,C10,secondary main sewer,branch,200,14.5,0.75,0.086,0.193,1.742,0.6,below Mara's slope
P02198,C10,secondary main sewer,branch,200,12.8,2.05,0.0,0.0,,0.0,no flow in 2030
P02204,C04,secondary main sewer,branch,200,21.2,0.55,0.047,0.141,2.304,0.0,below Mara's slope
P02206,C04,secondary main sewer,branch,200,17.1,6.9,0.0,0.0,,0.0,no flow in 2030
P02207,C04,secondary main sewer,branch,200,47.7,0.5,0.198,0.221,1.188,0.0,below Mara's slope
P02208,C10,secondary main sewer,branch,200,34.5,0.6,0.0,0.0,,0.0,no flow in 2030
P02209,C04,secondary main sewer,branch,200,15.7,1.55,0.0,0.0,,0.0,no flow in 2030
P02210,C10,secondary main sewer,branch,200,70.0,0.75,0.453,0.332,0.81,6.1,below Mara's slope
P02212,C04,secondary main sewer,branch,200,18.7,2.65,0.0,0.0,,0.0,no flow in 2030
P02213,C04,secondary main sewer,branch,200,13.9,1.3,0.0,0.0,,0.0,no flow in 2030
P02214,C11,secondary main sewer,branch,200,36.6,0.5,0.243,0.236,1.08,3.7,below Mara's slope
P02215,C10,secondary main sewer,branch,200,47.3,4.4,0.0,0.0,,0.0,no flow in 2030
P02216,C04,secondary main sewer,branch,200,16.8,2.05,0.0,0.0,,0.0,no flow in 2030
P02218,C11,secondary main sewer,branch,200,55.5,0.5,0.223,0.23,1.125,3.1,below Mara's slope
P02219,C04,secondary main sewer,branch,200,12.3,2.05,0.0,0.0,,0.0,no flow in 2030
P02221,C10,secondary main sewer,branch,200,11.4,1.55,0.0,0.0,,0.0,no flow in 2030
P02222,C10,secondary main sewer,branch,200,17.6,0.8,0.127,0.225,1.456,1.2,below Mara's slope
P02223,C10,secondary main sewer,branch,200,11.3,3.0,0.0,0.0,,0.0,no flow in 2030
P02224,C04,secondary main sewer,branch,200,41.7,6.15,0.0,0.0,,0.0,no flow in 2030
P02226,C04,secondary main sewer,branch,200,10.2,1.25,0.0,0.0,,0.0,no flow in 2030
P02227,C09,secondary main sewer,branch,200,19.0,1.75,0.0,0.0,,0.0,no flow in 2030
P02228,C09,secondary main sewer,branch,200,14.5,2.2,0.0,0.0,,0.0,no flow in 2030
P02229,C09,secondary main sewer,branch,200,136.5,0.5,0.687,0.329,0.669,13.5,below Mara's slope
P02230,C09,secondary main sewer,branch,200,10.1,1.35,0.0,0.0,,0.0,no flow in 2030
P02232,C15,secondary main sewer,branch,200,14.9,0.5,0.086,0.168,1.742,0.6,below Mara's slope
P02235,C11,secondary main sewer,branch,200,12.4,2.15,0.0,0.0,,0.0,no flow in 2030
P02236,C15,secondary main sewer,branch,200,23.8,0.5,0.024,0.108,3.147,0.0,below Mara's slope
P02237,C10,secondary main sewer,branch,200,107.6,0.6,0.423,0.301,0.837,6.7,below Mara's slope
P02238,C11,secondary main sewer,branch,200,12.9,0.8,0.086,0.197,1.742,0.6,below Mara's slope
P02239,C15,secondary main sewer,branch,200,54.5,0.5,0.413,0.28,0.846,6.7,below Mara's slope
P02241,C11,secondary main sewer,branch,200,34.5,1.15,0.086,0.223,1.742,0.6,below Mara's slope
P02242,C11,secondary main sewer,branch,200,37.9,0.5,0.223,0.23,1.123,3.2,below Mara's slope
P02244,C11,secondary main sewer,branch,200,109.2,0.75,0.227,0.266,1.116,3.1,below Mara's slope
P02245,C11,secondary main sewer,branch,200,13.0,0.7,0.086,0.188,1.742,0.6,below Mara's slope
P02246,C04,secondary main sewer,branch,200,18.3,1.8,0.0,0.0,,0.0,no flow in 2030
P02247,C10,secondary main sewer,branch,200,12.8,1.7,0.027,0.169,2.992,0.1,below Mara's slope
P02248,C18,secondary main sewer,branch,200,116.3,0.5,0.008,0.072,5.248,0.0,below Mara's slope
P02249,C10,secondary main sewer,branch,200,49.1,0.5,0.329,0.261,0.939,4.3,below Mara's slope
P02252,C15,secondary main sewer,branch,200,15.3,1.7,0.0,0.0,,0.0,no flow in 2030
P02253,C11,secondary main sewer,branch,200,17.2,3.95,0.0,0.0,,0.0,no flow in 2030
P02254,C15,secondary main sewer,branch,200,12.9,0.5,0.0,0.0,,0.0,no flow in 2030
P02255,C10,secondary main sewer,branch,200,31.0,3.4,0.0,0.0,,0.0,no flow in 2030
P02256,C11,secondary main sewer,branch,200,14.3,2.7,0.0,0.0,,0.0,no flow in 2030
P02257,C11,secondary main sewer,branch,200,17.7,1.35,0.127,0.268,1.456,1.2,below Mara's slope
P02259,C11,secondary main sewer,branch,200,56.6,0.5,0.246,0.237,1.074,2.4,below Mara's slope
P02261,C11,secondary main sewer,branch,200,12.9,1.7,0.086,0.255,1.742,0.6,below Mara's slope
P02264,C09,secondary main sewer,branch,200,49.5,0.5,0.468,0.292,0.798,6.7,below Mara's slope
P02265,C15,secondary main sewer,branch,200,11.2,0.5,0.0,0.0,,0.0,no flow in 2030
P02269,C15,secondary main sewer,branch,200,14.8,0.5,0.0,0.0,,0.0,no flow in 2030
P02270,C04,secondary main sewer,branch,200,93.3,0.6,0.198,0.236,1.186,2.6,below Mara's slope
P02273,C15,secondary main sewer,branch,200,16.4,7.9,0.0,0.0,,0.0,no flow in 2030
P02276,C09,secondary main sewer,branch,200,31.6,3.1,0.0,0.0,,0.0,no flow in 2030
P02278,C09,secondary main sewer,branch,200,11.2,1.8,0.0,0.0,,0.0,no flow in 2030
P02281,C09,secondary main sewer,branch,200,13.4,4.75,0.0,0.0,,0.0,no flow in 2030
P02282,C04,secondary main sewer,branch,200,41.0,4.85,0.0,0.0,,0.0,no flow in 2030
P02283,C15,secondary main sewer,branch,200,16.1,1.65,0.086,0.252,1.742,0.6,below Mara's slope
P02284,C15,secondary main sewer,branch,200,15.1,0.75,0.086,0.193,1.742,0.6,below Mara's slope
P02285,C09,secondary main sewer,branch,200,37.3,0.8,0.086,0.197,1.742,0.6,below Mara's slope
P02286,C09,secondary main sewer,branch,200,10.4,3.85,0.0,0.0,,0.0,no flow in 2030
P02287,C09,secondary main sewer,branch,200,16.2,5.0,0.0,0.0,,0.0,no flow in 2030
P02288,C04,secondary main sewer,branch,200,32.8,0.5,0.0,0.0,,0.0,no flow in 2030
P02290,C15,secondary main sewer,branch,200,12.6,2.45,0.0,0.0,,0.0,no flow in 2030
P02293,C09,secondary main sewer,branch,200,33.8,0.75,0.127,0.22,1.456,1.2,below Mara's slope
P02294,C05,secondary main sewer,branch,200,65.6,0.5,0.163,0.208,1.297,1.9,below Mara's slope
P02296,C09,secondary main sewer,branch,200,15.8,0.85,0.086,0.201,1.742,0.6,below Mara's slope
P02300,C04,secondary main sewer,branch,200,22.9,1.4,0.0,0.0,,0.0,no flow in 2030
P02301,C09,secondary main sewer,branch,200,34.5,2.95,0.0,0.0,,0.0,no flow in 2030
P02304,C04,secondary main sewer,branch,200,24.3,0.5,0.0,0.0,,0.0,no flow in 2030
P02305,C09,secondary main sewer,branch,200,16.8,0.5,0.161,0.206,1.307,1.8,below Mara's slope
P02309,C04,secondary main sewer,branch,200,24.2,1.1,0.0,0.0,,0.0,no flow in 2030
P02312,C04,secondary main sewer,branch,200,82.1,1.5,0.092,0.25,1.69,0.6,below Mara's slope
P02314,C05,secondary main sewer,branch,200,162.6,1.2,0.003,0.068,8.0,0.0,below Mara's slope
P02315,C05,secondary main sewer,branch,200,83.8,0.85,0.044,0.161,2.365,0.1,below Mara's slope
P02316,C04,secondary main sewer,branch,200,182.8,0.55,0.0,0.0,,0.0,no flow in 2030
P02317,C23,secondary main sewer,branch,200,190.3,0.55,0.0,0.0,,0.0,no flow in 2030
P02318,C23,secondary main sewer,branch,200,131.6,0.5,0.092,0.171,1.695,0.7,below Mara's slope
P02319,C17,secondary main sewer,branch,200,43.3,0.5,0.0,0.0,,0.0,no flow in 2030
P02320,C14,secondary main sewer,branch,200,94.1,0.6,0.163,0.221,1.3,1.9,below Mara's slope
P02321,C14,secondary main sewer,branch,200,21.4,0.5,0.0,0.0,,0.0,no flow in 2030
P02323,C19,secondary main sewer,branch,200,154.7,0.5,0.0,0.0,,0.0,no flow in 2030
P02324,C04,secondary main sewer,branch,200,667.9,0.5,0.0,0.0,,0.0,no flow in 2030
P02325,C19,secondary main sewer,branch,200,74.6,0.5,0.0,0.0,,0.0,no flow in 2030
P02326,C02,secondary main sewer,branch,200,24.9,1.45,0.0,0.0,,0.0,no flow in 2030
P02327,C02,secondary main sewer,branch,200,107.4,0.5,0.038,0.127,2.552,0.1,below Mara's slope
P02328,C31,secondary main sewer,branch,200,143.3,0.5,0.066,0.153,1.974,0.1,below Mara's slope
P02329,C34,secondary main sewer,branch,200,79.5,0.5,0.212,0.226,1.151,1.3,below Mara's slope
P02330,C02,secondary main sewer,branch,200,47.4,0.6,0.035,0.132,2.628,0.1,below Mara's slope
P02331,C01,secondary main sewer,branch,200,229.8,0.5,0.605,0.316,0.709,8.8,below Mara's slope
P02332,C02,secondary main sewer,branch,200,49.4,0.6,0.19,0.232,1.209,2.4,below Mara's slope
P02333,C02,secondary main sewer,branch,200,60.9,0.5,0.201,0.222,1.181,2.6,below Mara's slope
P02334,C02,secondary main sewer,branch,200,79.8,0.5,0.236,0.234,1.095,2.0,below Mara's slope
P02335,C02,secondary main sewer,branch,200,37.5,0.7,0.218,0.256,1.137,3.0,below Mara's slope
P02336,C02,secondary main sewer,branch,200,41.9,0.5,0.205,0.224,1.168,0.7,below Mara's slope
P02337,C02,secondary main sewer,branch,200,77.1,0.75,0.174,0.244,1.26,1.9,below Mara's slope
P02338,C02,secondary main sewer,branch,200,116.9,0.5,0.315,0.257,0.958,5.6,below Mara's slope
P02339,C02,secondary main sewer,branch,200,38.3,0.5,0.2,0.222,1.183,2.4,below Mara's slope
P02340,C02,secondary main sewer,branch,200,131.3,0.5,0.296,0.252,0.987,5.0,below Mara's slope
P02341,C30,secondary main sewer,branch,200,159.6,0.5,0.533,0.304,0.752,5.6,below Mara's slope
P02342,C01,secondary main sewer,branch,200,70.1,0.5,0.161,0.206,1.307,1.8,below Mara's slope
P02343,C01,secondary main sewer,branch,200,13.5,0.55,0.0,0.0,,0.0,no flow in 2030
P02344,C02,secondary main sewer,branch,200,61.2,0.5,0.433,0.284,0.828,7.9,below Mara's slope
P02345,C01,secondary main sewer,branch,200,41.5,0.55,0.086,0.173,1.742,0.6,below Mara's slope
P02346,C02,secondary main sewer,branch,200,43.1,0.5,0.221,0.229,1.128,1.8,below Mara's slope
P02347,C01,secondary main sewer,branch,200,14.5,1.05,0.0,0.0,,0.0,no flow in 2030
P02348,C01,secondary main sewer,branch,200,53.8,0.5,0.275,0.246,1.021,4.3,below Mara's slope
P02350,C01,secondary main sewer,branch,200,54.7,0.5,0.0,0.0,,0.0,no flow in 2030
P02351,C01,secondary main sewer,branch,200,125.1,0.7,0.355,0.3,0.907,6.7,below Mara's slope
P02352,C01,secondary main sewer,branch,200,43.4,0.5,0.127,0.191,1.456,1.2,below Mara's slope
P02353,C02,secondary main sewer,branch,200,85.7,0.5,0.0,0.0,,0.0,no flow in 2030
P02354,C01,secondary main sewer,branch,200,20.5,0.5,0.0,0.0,,0.0,no flow in 2030
P02355,C01,secondary main sewer,branch,200,58.2,0.9,0.105,0.219,1.589,0.8,below Mara's slope
P02357,C01,secondary main sewer,branch,200,138.7,0.5,0.221,0.229,1.128,3.1,below Mara's slope
P02358,C01,secondary main sewer,branch,200,59.6,0.5,0.235,0.234,1.098,2.0,below Mara's slope
P02359,C01,secondary main sewer,branch,200,51.0,0.5,0.213,0.226,1.148,2.7,below Mara's slope
P02360,C02,secondary main sewer,branch,200,77.7,0.5,0.055,0.144,2.142,0.2,below Mara's slope
P02361,C02,secondary main sewer,branch,200,179.4,0.55,0.0,0.0,,0.0,no flow in 2030
P02362,C01,secondary main sewer,branch,200,143.0,0.5,0.25,0.239,1.066,3.8,below Mara's slope
P02363,C02,secondary main sewer,branch,200,199.5,0.7,0.316,0.289,0.957,5.5,below Mara's slope
P02364,C02,secondary main sewer,branch,200,55.5,0.55,0.295,0.26,0.988,5.0,below Mara's slope
P02368,C02,secondary main sewer,branch,200,54.1,0.5,0.0,0.0,,0.0,no flow in 2030
P02372,C02,secondary main sewer,branch,200,99.2,0.95,0.243,0.295,1.08,3.7,below Mara's slope
P02373,C02,secondary main sewer,branch,200,61.6,0.5,0.167,0.209,1.286,1.9,below Mara's slope
P02374,C02,secondary main sewer,branch,200,120.8,0.5,0.232,0.233,1.103,3.3,below Mara's slope
P02375,C01,secondary main sewer,branch,200,284.5,0.55,0.293,0.259,0.991,4.8,below Mara's slope
P02376,C01,secondary main sewer,branch,200,72.8,0.5,0.0,0.0,,0.0,no flow in 2030
P02377,C01,secondary main sewer,branch,200,100.3,0.9,0.041,0.159,2.449,0.1,below Mara's slope
P02378,C41,secondary main sewer,branch,200,27.1,0.5,0.008,0.073,5.153,0.0,below Mara's slope
P02379,C01,secondary main sewer,branch,200,40.2,0.5,0.086,0.168,1.742,0.6,below Mara's slope
P02380,C02,secondary main sewer,branch,200,57.8,0.6,0.0,0.0,,0.0,no flow in 2030
P02381,C01,secondary main sewer,branch,200,73.7,0.6,0.055,0.154,2.139,0.2,below Mara's slope
P02382,C01,secondary main sewer,branch,200,75.3,0.5,0.151,0.202,1.347,1.6,below Mara's slope
P02383,C01,secondary main sewer,branch,200,84.9,0.5,0.136,0.195,1.413,1.3,below Mara's slope
P02384,C01,secondary main sewer,branch,200,83.3,0.8,0.095,0.204,1.665,0.7,below Mara's slope
P02386,C02,secondary main sewer,branch,200,215.7,0.5,0.282,0.248,1.008,4.6,below Mara's slope
P02387,C01,secondary main sewer,branch,200,126.2,0.85,0.126,0.229,1.462,1.0,below Mara's slope
P02388,C02,secondary main sewer,branch,200,57.5,0.55,0.048,0.142,2.284,0.2,below Mara's slope
P02389,C01,secondary main sewer,branch,200,69.4,0.85,0.203,0.268,1.173,1.2,below Mara's slope
P02390,C01,secondary main sewer,branch,200,152.8,0.5,0.101,0.177,1.622,0.7,below Mara's slope
P02391,C01,secondary main sewer,branch,200,19.0,0.5,0.0,0.0,,0.0,no flow in 2030
P02392,C02,secondary main sewer,branch,200,79.8,0.5,0.092,0.172,1.689,0.7,below Mara's slope
P02393,C02,secondary main sewer,branch,200,132.5,0.5,0.169,0.21,1.276,2.0,below Mara's slope
P02395,C01,secondary main sewer,branch,200,94.1,1.05,0.182,0.278,1.234,2.2,below Mara's slope
P02396,C02,secondary main sewer,branch,200,65.1,0.5,0.172,0.211,1.266,2.0,below Mara's slope
P02397,C02,secondary main sewer,branch,200,86.2,0.5,0.119,0.187,1.499,1.0,below Mara's slope
P02398,C01,secondary main sewer,branch,200,78.3,0.85,0.113,0.221,1.536,0.9,below Mara's slope
P02399,C01,secondary main sewer,branch,200,99.0,0.5,0.211,0.226,1.152,2.8,below Mara's slope
P02402,C02,secondary main sewer,branch,200,530.3,0.5,0.175,0.212,1.256,1.3,below Mara's slope
P02403,C01,secondary main sewer,branch,200,21.3,1.7,0.04,0.195,2.487,0.1,below Mara's slope
P02404,C02,secondary main sewer,branch,200,197.7,0.55,0.407,0.288,0.851,8.2,below Mara's slope
P02405,C02,secondary main sewer,branch,200,82.8,0.5,0.094,0.173,1.674,0.7,below Mara's slope
P02406,C02,secondary main sewer,branch,200,56.9,0.5,0.0,0.0,,0.0,no flow in 2030
P02407,C01,secondary main sewer,branch,200,186.4,0.8,0.336,0.309,0.931,6.0,below Mara's slope
P02408,C02,secondary main sewer,branch,200,122.4,0.5,0.262,0.242,1.044,4.0,below Mara's slope
P02409,C01,secondary main sewer,branch,200,210.9,0.5,0.214,0.227,1.145,2.9,below Mara's slope
P02410,C02,secondary main sewer,branch,200,105.9,0.7,0.0,0.0,,0.0,no flow in 2030
P02412,C08,secondary main sewer,branch,200,47.9,2.15,0.004,0.089,7.365,0.0,below Mara's slope
P02413,C02,secondary main sewer,branch,200,72.8,1.0,0.195,0.279,1.195,2.5,below Mara's slope
P02414,C02,secondary main sewer,branch,200,122.6,0.55,0.472,0.302,0.795,8.8,below Mara's slope
P02415,C02,secondary main sewer,branch,200,110.9,0.5,0.107,0.18,1.58,0.8,below Mara's slope
P02416,C08,secondary main sewer,branch,200,62.8,0.55,0.267,0.252,1.034,3.8,below Mara's slope
P02418,C08,secondary main sewer,branch,200,275.0,0.7,0.112,0.206,1.544,0.0,below Mara's slope
P02419,C02,secondary main sewer,branch,200,76.4,0.5,0.171,0.211,1.27,2.0,below Mara's slope
P02420,C08,secondary main sewer,branch,200,69.9,0.5,0.0,0.0,,0.0,no flow in 2030
P02421,C02,secondary main sewer,branch,200,175.7,0.5,0.342,0.264,0.923,6.2,below Mara's slope
P02422,C02,secondary main sewer,branch,200,93.3,0.5,0.186,0.217,1.222,2.2,below Mara's slope
P02424,C01,secondary main sewer,branch,200,194.0,0.5,0.008,0.072,5.262,0.0,below Mara's slope
P02425,C01,secondary main sewer,branch,200,29.4,1.15,0.097,0.232,1.652,0.7,below Mara's slope
P02426,C08,secondary main sewer,branch,200,42.4,0.9,0.049,0.17,2.255,0.2,below Mara's slope
P02427,C01,secondary main sewer,branch,200,188.2,0.5,0.0,0.0,,0.0,no flow in 2030
P02429,C01,secondary main sewer,branch,200,88.3,0.5,0.115,0.185,1.525,0.9,below Mara's slope
P02430,C02,secondary main sewer,branch,200,63.2,0.5,0.137,0.196,1.406,1.4,below Mara's slope
P02432,C20,secondary main sewer,branch,200,165.1,0.5,0.0,0.0,,0.0,no flow in 2030
P02434,C01,secondary main sewer,branch,200,222.6,0.55,0.362,0.278,0.899,6.8,below Mara's slope
P02436,C02,secondary main sewer,branch,200,40.4,1.25,0.086,0.229,1.742,0.6,below Mara's slope
P02437,C01,secondary main sewer,branch,200,94.4,0.5,0.134,0.194,1.421,1.2,below Mara's slope
P02439,C02,secondary main sewer,branch,200,80.4,0.5,0.133,0.194,1.425,1.3,below Mara's slope
P02440,C02,secondary main sewer,branch,200,124.6,0.5,0.265,0.243,1.039,4.1,below Mara's slope
P02441,C24,secondary main sewer,branch,200,264.9,0.6,0.0,0.0,,0.0,no flow in 2030
P02442,C02,secondary main sewer,branch,200,90.1,1.25,0.133,0.266,1.425,1.3,below Mara's slope
P02444,C02,secondary main sewer,branch,200,99.8,0.7,0.183,0.242,1.232,2.2,below Mara's slope
P02446,C01,secondary main sewer,branch,200,79.1,0.5,0.048,0.138,2.283,0.2,below Mara's slope
P02447,C01,secondary main sewer,branch,200,34.1,1.1,0.177,0.28,1.249,2.1,below Mara's slope
P02448,C02,secondary main sewer,branch,200,56.1,1.8,0.052,0.218,2.199,0.2,below Mara's slope
P02449,C02,secondary main sewer,branch,200,273.4,0.5,0.337,0.263,0.929,5.7,below Mara's slope
P02450,C02,secondary main sewer,branch,200,136.3,1.0,0.205,0.284,1.167,2.7,below Mara's slope
P02452,C08,secondary main sewer,branch,200,36.6,1.35,0.046,0.19,2.326,0.2,below Mara's slope
P02453,C01,secondary main sewer,branch,200,59.4,1.2,0.055,0.194,2.144,0.2,below Mara's slope
P02454,C01,secondary main sewer,branch,200,67.8,0.5,0.048,0.137,2.286,0.2,below Mara's slope
P02455,C01,secondary main sewer,branch,200,99.3,0.5,0.1,0.176,1.63,0.6,below Mara's slope
P02456,C02,secondary main sewer,branch,200,72.4,0.5,0.122,0.188,1.486,1.0,below Mara's slope
P02457,C02,secondary main sewer,branch,200,187.5,0.5,0.26,0.242,1.047,3.9,below Mara's slope
P02458,C01,secondary main sewer,branch,200,55.5,0.5,0.071,0.157,1.901,0.4,below Mara's slope
P02459,C01,secondary main sewer,branch,200,90.1,1.35,0.079,0.228,1.818,0.4,below Mara's slope
P02460,C02,secondary main sewer,branch,200,74.7,0.6,0.054,0.152,2.17,0.2,below Mara's slope
P02461,C02,secondary main sewer,branch,200,97.8,0.75,0.287,0.287,1.001,4.7,below Mara's slope
P02462,C01,secondary main sewer,branch,200,145.6,0.5,0.245,0.237,1.077,3.6,below Mara's slope
P02465,C01,secondary main sewer,branch,200,217.9,0.55,0.296,0.26,0.987,4.6,below Mara's slope
P02466,C01,secondary main sewer,branch,200,63.2,0.85,0.177,0.256,1.249,2.1,below Mara's slope
P02467,C02,secondary main sewer,branch,200,690.0,0.7,0.35,0.299,0.913,6.0,below Mara's slope
P02468,C01,secondary main sewer,branch,200,212.6,0.5,0.156,0.204,1.327,1.5,below Mara's slope
P02470,C01,secondary main sewer,branch,200,165.6,1.15,0.165,0.277,1.29,1.8,below Mara's slope
P02471,C02,secondary main sewer,branch,200,76.6,0.5,0.067,0.155,1.951,0.3,below Mara's slope
P02472,C02,secondary main sewer,branch,200,21.2,0.5,0.0,0.0,,0.0,no flow in 2030
P02473,C02,secondary main sewer,branch,200,103.7,0.65,0.142,0.217,1.383,1.3,below Mara's slope
P02474,C02,secondary main sewer,branch,200,216.1,0.5,0.193,0.219,1.2,2.3,below Mara's slope
P02475,C02,secondary main sewer,branch,200,81.5,0.5,0.105,0.179,1.591,0.8,below Mara's slope
P02476,C01,secondary main sewer,branch,200,154.0,0.7,0.19,0.245,1.21,2.3,below Mara's slope
P02478,C01,secondary main sewer,branch,200,95.3,2.2,0.037,0.207,2.57,0.2,below Mara's slope
P02479,C01,secondary main sewer,branch,200,124.4,1.05,0.04,0.166,2.494,0.2,below Mara's slope
P02480,C02,secondary main sewer,branch,200,60.9,1.15,0.18,0.285,1.24,2.2,below Mara's slope
P02481,C02,secondary main sewer,branch,200,129.0,0.75,0.214,0.261,1.147,2.9,below Mara's slope
P02482,C02,secondary main sewer,branch,200,118.6,0.9,0.068,0.189,1.942,0.3,below Mara's slope
P02485,C07,secondary main sewer,branch,200,59.6,0.5,0.142,0.198,1.382,1.4,below Mara's slope
P02486,C01,secondary main sewer,branch,200,113.4,0.6,0.04,0.137,2.489,0.2,below Mara's slope
P02488,C02,secondary main sewer,branch,200,209.3,0.55,0.0,0.0,,0.0,no flow in 2030
P02490,C02,secondary main sewer,branch,200,208.6,0.5,0.292,0.251,0.993,4.8,below Mara's slope
P02491,C07,secondary main sewer,branch,200,74.5,0.5,0.067,0.154,1.954,0.3,below Mara's slope
P02492,C01,secondary main sewer,branch,200,240.6,0.7,0.298,0.284,0.983,4.8,below Mara's slope
P02493,C07,secondary main sewer,branch,200,112.6,0.5,0.3,0.253,0.98,5.1,below Mara's slope
P02494,C01,secondary main sewer,branch,200,63.9,0.5,0.125,0.19,1.47,1.1,below Mara's slope
P02495,C01,secondary main sewer,branch,200,60.7,1.6,0.04,0.191,2.483,0.2,below Mara's slope
P02497,C06,secondary main sewer,branch,200,229.7,1.2,0.073,0.214,1.878,0.6,below Mara's slope
P02499,C07,secondary main sewer,branch,200,68.5,0.5,0.089,0.17,1.714,0.5,below Mara's slope
P02500,C07,secondary main sewer,branch,200,59.7,0.5,0.0,0.0,,0.0,no flow in 2030
P02501,C02,secondary main sewer,branch,200,203.6,0.5,0.278,0.247,1.015,4.4,below Mara's slope
P02502,C01,secondary main sewer,branch,200,140.4,0.5,0.072,0.158,1.899,0.4,below Mara's slope
P02503,C01,secondary main sewer,branch,200,61.3,1.1,0.113,0.241,1.535,0.9,below Mara's slope
P02505,C01,secondary main sewer,branch,200,80.8,0.5,0.089,0.17,1.716,0.5,below Mara's slope
P02506,C01,secondary main sewer,branch,200,58.7,0.7,0.0,0.0,,0.0,no flow in 2030
P02507,C01,secondary main sewer,branch,200,67.1,0.5,0.114,0.184,1.532,0.9,below Mara's slope
P02508,C02,secondary main sewer,branch,200,62.5,0.5,0.18,0.214,1.241,2.1,below Mara's slope
P02509,C06,secondary main sewer,branch,200,31.6,1.25,0.024,0.148,3.135,0.1,below Mara's slope
P02510,C06,secondary main sewer,branch,200,180.6,0.5,0.064,0.152,2.004,0.4,below Mara's slope
P02512,C01,secondary main sewer,branch,200,148.4,0.6,0.057,0.155,2.113,0.3,below Mara's slope
P02513,C01,secondary main sewer,branch,200,43.4,1.7,0.038,0.192,2.536,0.1,below Mara's slope
P02514,C07,secondary main sewer,branch,200,25.7,0.5,0.086,0.168,1.742,0.6,below Mara's slope
P02518,C07,secondary main sewer,branch,200,165.1,0.5,0.187,0.217,1.22,2.1,below Mara's slope
P02519,C01,secondary main sewer,branch,200,96.5,1.7,0.036,0.189,2.593,0.2,below Mara's slope
P02520,C01,secondary main sewer,branch,200,38.8,2.25,0.0,0.0,,0.0,no flow in 2030
P02522,C07,secondary main sewer,branch,200,82.4,0.5,0.093,0.172,1.686,0.6,below Mara's slope
P02523,C01,secondary main sewer,branch,200,72.3,0.5,0.08,0.164,1.804,0.4,below Mara's slope
P02524,C01,secondary main sewer,branch,200,163.2,0.5,0.123,0.189,1.476,0.9,below Mara's slope
P02525,C01,secondary main sewer,branch,200,24.4,0.5,0.0,0.0,,0.0,no flow in 2030
P02526,C01,secondary main sewer,branch,200,63.0,0.5,0.068,0.155,1.938,0.3,below Mara's slope
P02527,C01,secondary main sewer,branch,200,60.0,2.5,0.0,0.0,,0.0,no flow in 2030
P02528,C07,secondary main sewer,branch,200,166.4,0.5,0.172,0.211,1.267,1.8,below Mara's slope
P02529,C06,secondary main sewer,branch,200,145.3,0.6,0.037,0.133,2.585,0.2,below Mara's slope
P02530,C06,secondary main sewer,branch,200,145.0,0.95,0.036,0.156,2.592,0.2,below Mara's slope
P02531,C06,secondary main sewer,branch,200,61.4,1.4,0.039,0.182,2.507,0.2,below Mara's slope
P02532,C06,secondary main sewer,branch,200,58.0,1.05,0.039,0.164,2.518,0.2,below Mara's slope
P02533,C01,secondary main sewer,branch,200,155.4,0.5,0.129,0.192,1.445,1.1,below Mara's slope
P02534,C01,secondary main sewer,branch,200,65.8,0.9,0.028,0.139,2.925,0.1,below Mara's slope
P02535,C01,secondary main sewer,branch,200,73.9,1.7,0.04,0.196,2.473,0.2,below Mara's slope
P02536,C01,secondary main sewer,branch,200,144.2,0.5,0.084,0.166,1.764,0.5,below Mara's slope
P02538,C07,secondary main sewer,branch,200,165.1,0.5,0.215,0.227,1.144,2.8,below Mara's slope
P02540,C01,secondary main sewer,branch,200,59.9,0.85,0.067,0.185,1.954,0.3,below Mara's slope
P02541,C06,secondary main sewer,branch,200,71.2,1.3,0.038,0.176,2.527,0.2,below Mara's slope
P02542,C06,secondary main sewer,branch,200,61.4,0.5,0.039,0.129,2.498,0.2,below Mara's slope
P02543,C02,secondary main sewer,branch,200,23.5,2.2,0.037,0.208,2.56,0.1,below Mara's slope
P02545,C01,secondary main sewer,branch,200,78.2,1.05,0.08,0.211,1.801,0.4,below Mara's slope
P02546,C06,secondary main sewer,branch,200,74.1,0.65,0.035,0.135,2.632,0.1,below Mara's slope
P02547,C01,secondary main sewer,branch,200,96.1,0.65,0.043,0.145,2.408,0.2,below Mara's slope
P02548,C07,secondary main sewer,branch,200,165.1,0.5,0.259,0.241,1.049,3.9,below Mara's slope
P02550,C01,secondary main sewer,branch,200,22.6,0.5,0.0,0.0,,0.0,no flow in 2030
P02551,C07,secondary main sewer,branch,200,49.0,0.5,0.136,0.195,1.412,1.3,below Mara's slope
P02555,C01,secondary main sewer,branch,200,100.6,0.5,0.069,0.156,1.931,0.3,below Mara's slope
P02556,C01,secondary main sewer,branch,200,15.6,0.9,0.0,0.0,,0.0,no flow in 2030
P02557,C06,secondary main sewer,branch,200,66.4,1.6,0.035,0.183,2.642,0.1,below Mara's slope
P02558,C06,secondary main sewer,branch,200,47.3,1.1,0.026,0.145,3.035,0.1,below Mara's slope
P02559,C06,secondary main sewer,branch,200,73.3,0.5,0.03,0.117,2.828,0.1,below Mara's slope
P02560,C06,secondary main sewer,branch,200,66.0,1.2,0.035,0.165,2.651,0.1,below Mara's slope
P02561,C07,secondary main sewer,branch,200,73.1,0.5,0.142,0.198,1.383,1.4,below Mara's slope
P02563,C01,secondary main sewer,branch,200,66.0,0.9,0.043,0.162,2.399,0.1,below Mara's slope
P02564,C07,secondary main sewer,branch,200,97.6,0.5,0.146,0.2,1.365,1.5,below Mara's slope
P02565,C07,secondary main sewer,branch,200,65.4,0.5,0.08,0.163,1.808,0.4,below Mara's slope
P02566,C06,secondary main sewer,branch,200,46.8,0.5,0.037,0.125,2.585,0.1,below Mara's slope
P02567,C06,secondary main sewer,branch,200,35.5,1.2,0.066,0.207,1.964,0.3,below Mara's slope
P02568,C01,secondary main sewer,branch,200,77.4,1.45,0.037,0.181,2.558,0.1,below Mara's slope
P02570,C01,secondary main sewer,branch,200,734.7,0.5,0.0,0.0,,0.0,no flow in 2030
P02571,C06,secondary main sewer,branch,200,72.9,1.25,0.024,0.148,3.135,0.1,below Mara's slope
P02573,C01,secondary main sewer,branch,200,352.3,0.9,0.245,0.29,1.077,3.1,below Mara's slope
P02577,C06,secondary main sewer,branch,200,67.5,1.8,0.035,0.19,2.64,0.1,below Mara's slope
P02578,C01,secondary main sewer,branch,200,419.0,0.75,0.134,0.223,1.422,1.2,below Mara's slope
P02579,C01,secondary main sewer,branch,200,250.4,0.5,0.248,0.238,1.071,3.4,below Mara's slope
P02580,C01,secondary main sewer,branch,200,72.3,0.5,0.079,0.163,1.811,0.4,below Mara's slope
P02581,C01,secondary main sewer,branch,200,250.3,0.5,0.213,0.227,1.147,2.5,below Mara's slope
P02582,C35,secondary main sewer,branch,200,95.0,2.7,0.0,0.0,,0.0,no flow in 2030
P02583,C06,secondary main sewer,branch,200,579.9,1.1,0.0,0.0,,0.0,no flow in 2030
P02584,C06,secondary main sewer,branch,200,329.7,1.05,0.0,0.0,,0.0,no flow in 2030
P02585,C01,secondary main sewer,branch,200,218.8,0.5,0.146,0.2,1.368,1.3,below Mara's slope
P02586,C01,secondary main sewer,branch,200,211.2,0.5,0.098,0.175,1.64,0.6,below Mara's slope
P02587,C01,secondary main sewer,branch,200,61.3,0.5,0.079,0.163,1.817,0.4,below Mara's slope
P02588,C01,secondary main sewer,branch,200,412.2,0.5,0.306,0.255,0.971,4.7,below Mara's slope
P02589,C01,secondary main sewer,branch,200,238.8,0.85,0.173,0.254,1.265,1.7,below Mara's slope
P02590,C01,secondary main sewer,branch,200,238.8,0.85,0.173,0.254,1.265,1.7,below Mara's slope
P02591,C07,secondary main sewer,branch,200,54.3,0.5,0.0,0.0,,0.0,no flow in 2030
P02592,C01,secondary main sewer,branch,200,377.6,0.5,0.147,0.201,1.36,1.3,below Mara's slope
P02593,C01,secondary main sewer,branch,200,170.9,0.5,0.063,0.151,2.013,0.3,below Mara's slope
