FEATUREID,PKG,TIER,props_up,len_up_m,qadf_m3d,pf,qpk_ls,od_built_mm,dn_our_rules,slope_built_pct,slope_req_pct,slope_ratio,dod_built,v_built_ms,surcharged,dod_limit,over_dod,under_self_cleansing,over_vmax,depth_ds_m
L011982,5A-5,trunk_main,566.0,18702.8,498.25,2.88,16.63,200,250,0.208,0.375,0.55,,,1,0.65,0,0,0,2.860000000000014
L011983,5A-5,trunk_main,543.0,18124.9,478.13,2.9,16.03,200,250,0.209,0.375,0.56,,,1,0.65,0,0,0,2.689999999999998
L011984,5A-5,trunk_main,543.0,18103.4,478.11,2.9,16.03,200,250,0.209,0.375,0.56,,,1,0.65,0,0,0,2.444999999999993
L011985,5A-5,trunk_main,543.0,18079.4,478.1,2.9,16.03,200,250,0.209,0.375,0.56,,,1,0.65,0,0,0,2.365000000000009
L011986,5A-5,trunk_main,543.0,18045.4,478.07,2.9,16.03,200,250,0.21,0.375,0.56,,,1,0.65,0,0,0,4.533999999999992
L012322,5A-5,lateral,7.0,129.6,6.09,3.57,0.25,160,200,2.615,0.5,5.23,0.072,0.436,0,0.65,0,1,0,1.0
L011987,5A-5,trunk_main,543.0,18012.5,478.05,2.9,16.03,200,250,0.208,0.375,0.55,,,1,0.65,0,0,0,6.125
L012323,5A-5,lateral,5.0,101.7,4.36,3.57,0.18,160,200,1.098,0.5,2.2,0.076,0.291,0,0.65,0,1,0,1.0
L012324,5A-5,lateral,5.0,69.9,4.33,3.57,0.18,160,200,1.096,0.5,2.19,0.076,0.29,0,0.65,0,1,0,1.849999999999966
L012093,5A-5,sub_main,182.0,4171.0,158.89,3.31,6.09,160,200,0.385,0.5,0.77,0.576,0.573,0,0.65,0,1,0,4.839999999999975
L012092,5A-5,sub_main,186.0,4206.1,162.34,3.3,6.2,160,200,0.399,0.5,0.8,0.576,0.584,0,0.65,0,1,0,4.879999999999995
L012094,5A-5,sub_main,179.0,4132.0,156.29,3.32,6.0,160,200,0.415,0.5,0.83,0.557,0.589,0,0.65,0,1,0,4.660000000000025
L012091,5A-5,sub_main,188.0,4235.7,164.07,3.3,6.26,160,200,0.405,0.5,0.81,0.577,0.589,0,0.65,0,1,0,4.610000000000014
L012095,5A-5,sub_main,179.0,4093.5,156.26,3.32,6.0,160,200,0.382,0.5,0.76,0.572,0.57,0,0.65,0,1,0,4.809999999999945
L012090,5A-5,sub_main,189.0,4270.5,164.95,3.3,6.29,160,200,0.402,0.5,0.8,0.58,0.588,0,0.65,0,1,0,5.0
L012089,5A-5,sub_main,189.0,4294.5,164.97,3.3,6.29,160,200,0.417,0.5,0.83,0.573,0.596,0,0.65,0,1,0,4.889999999999986
L012088,5A-5,sub_main,190.0,4327.0,165.85,3.29,6.32,160,200,0.401,0.5,0.8,0.582,0.588,0,0.65,0,1,0,5.200000000000045
L012172,5A-5,lateral,34.0,337.4,29.36,3.57,1.21,160,200,0.601,0.5,1.2,0.215,0.43,0,0.65,0,1,0,2.781000000000006
L012171,5A-5,lateral,30.0,297.5,25.91,3.57,1.07,160,200,0.599,0.5,1.2,0.203,0.414,0,0.65,0,1,0,3.030999999999949
L012096,5A-5,sub_main,176.0,4054.2,153.66,3.32,5.91,160,200,0.41,0.5,0.82,0.554,0.584,0,0.65,0,1,0,4.879999999999995
L012097,5A-5,sub_main,142.0,3638.1,124.24,3.41,4.9,160,200,0.408,0.5,0.82,0.496,0.557,0,0.65,0,1,0,4.230000000000018
L012225,5A-5,lateral,34.0,377.1,29.39,3.57,1.21,160,200,0.602,0.5,1.2,0.215,0.431,0,0.65,0,1,0,3.180000000000007
L011673,5A-5,sub_main,140.0,3603.8,122.5,3.42,4.84,160,200,0.4,0.5,0.8,0.495,0.551,0,0.65,0,1,0,4.919999999999959
L011672,5A-5,sub_main,107.0,2762.1,93.63,3.53,3.82,160,200,0.397,0.5,0.79,0.434,0.516,0,0.65,0,1,0,4.620000000000005
L012228,5A-5,lateral,28.0,806.7,24.56,3.57,1.01,160,200,0.714,0.5,1.43,0.189,0.433,0,0.65,0,1,0,2.54000000000002
L011671,5A-5,sub_main,104.0,2734.4,91.04,3.54,3.73,160,200,0.389,0.5,0.78,0.43,0.509,0,0.65,0,1,0,4.359999999999957
L011701,5A-5,lateral,28.0,784.0,24.55,3.57,1.01,160,200,0.712,0.5,1.42,0.189,0.433,0,0.65,0,1,0,1.70799999999997
L011670,5A-5,sub_main,103.0,2698.4,90.16,3.55,3.7,160,200,0.393,0.5,0.79,0.427,0.51,0,0.65,0,1,0,3.829999999999984
L012229,5A-5,lateral,28.0,759.5,24.53,3.57,1.01,160,200,0.714,0.5,1.43,0.189,0.433,0,0.65,0,1,0,2.213999999999999
L012087,5A-5,sub_main,190.0,4358.3,165.87,3.29,6.32,160,200,0.384,0.5,0.77,0.59,0.578,0,0.65,0,1,0,4.759999999999991
L012224,5A-5,lateral,13.0,268.1,11.33,3.57,0.47,160,200,0.603,0.5,1.21,0.136,0.321,0,0.65,0,1,0,2.894999999999982
L012086,5A-5,sub_main,192.0,4396.3,167.61,3.29,6.38,160,200,0.342,0.5,0.68,0.617,0.553,0,0.65,0,1,0,4.590000000000032
L012223,5A-5,lateral,0.0,227.8,0.16,3.57,0.01,160,200,0.601,0.5,1.2,0.021,0.076,0,0.65,0,1,0,3.072000000000003
L012085,5A-5,sub_main,194.0,4435.1,169.35,3.29,6.44,160,200,0.412,0.5,0.82,0.584,0.597,0,0.65,0,1,0,5.980000000000018
L012222,5A-5,lateral,0.0,29.7,0.02,3.57,0.0,160,200,0.6,0.5,1.2,0.009,0.034,0,0.65,0,1,0,2.168000000000006
L012170,5A-5,lateral,0.0,191.7,0.14,3.57,0.01,160,200,0.6,0.5,1.2,0.019,0.071,0,0.65,0,1,0,2.954999999999984
L012175,5A-5,lateral,0.0,58.4,0.04,3.57,0.0,160,200,0.6,0.5,1.2,0.012,0.045,0,0.65,0,1,0,2.770000000000039
L012173,5A-5,lateral,0.0,95.8,0.07,3.57,0.0,160,200,2.609,0.5,5.22,0.01,0.088,0,0.65,0,1,0,2.870000000000005
L012084,5A-5,sub_main,197.0,4470.4,171.95,3.28,6.53,160,200,0.396,0.5,0.79,0.596,0.589,0,0.65,0,1,0,6.899999999999977
L012174,5A-5,lateral,0.0,68.2,0.05,3.57,0.0,160,200,2.608,0.5,5.22,0.009,0.077,0,0.65,0,1,0,2.398000000000025
L012083,5A-5,sub_main,198.0,4510.7,172.83,3.28,6.56,160,200,0.397,0.5,0.79,0.598,0.59,0,0.65,0,1,0,5.519999999999982
L012221,5A-5,lateral,0.0,34.1,0.02,3.57,0.0,160,200,2.61,0.5,5.22,0.007,0.058,0,0.65,0,1,0,1.720000000000027
L012169,5A-5,lateral,2.0,22.3,1.73,3.57,0.07,160,200,2.961,0.5,5.92,0.04,0.298,0,0.65,0,1,0,1.0
L012168,5A-5,lateral,0.0,21.6,0.02,3.57,0.0,160,200,3.29,0.5,6.58,0.006,0.051,0,0.65,0,1,0,0.800000000000011
L012739,5A-5,lateral,7.0,72.7,6.05,3.57,0.25,160,200,0.936,0.5,1.87,0.092,0.306,0,0.65,0,1,0,0.900000000000034
L012740,5A-5,lateral,9.0,104.4,7.78,3.57,0.32,160,200,1.137,0.5,2.27,0.098,0.355,0,0.65,0,1,0,2.189999999999998
L012166,5A-5,lateral,1.0,22.3,0.87,3.57,0.04,160,200,0.582,0.5,1.16,0.043,0.136,0,0.65,0,1,0,1.269999999999982
L012276,5A-5,lateral,0.0,19.7,0.01,3.57,0.0,160,200,0.608,0.5,1.22,0.008,0.029,0,0.65,0,1,0,1.160000000000025
L012285,5A-5,lateral,3.0,108.7,2.65,3.57,0.11,160,200,1.119,0.5,2.24,0.06,0.248,0,0.65,0,1,0,1.319999999999993
L012069,5A-5,sub_main,686.0,15994.4,599.07,2.82,19.55,160,250,0.364,0.375,0.97,,,1,0.65,0,0,0,3.930000000000007
L012082,5A-5,sub_main,199.0,4550.0,173.72,3.28,6.59,160,200,0.382,0.5,0.76,0.607,0.582,0,0.65,0,1,0,5.089999999999975
L012068,5A-5,sub_main,686.0,15963.1,599.05,2.82,19.55,160,250,0.364,0.375,0.97,,,1,0.65,0,0,0,3.906000000000006
L012157,5A-5,lateral,23.0,544.3,20.09,3.57,0.83,160,200,1.1,0.5,2.2,0.155,0.474,0,0.65,0,1,0,1.770000000000039
L012067,5A-5,sub_main,686.0,15935.7,599.03,2.82,19.55,160,250,0.364,0.375,0.97,,,1,0.65,0,0,0,3.956000000000017
L012077,5A-5,lateral,23.0,518.8,20.07,3.57,0.83,160,200,1.125,0.5,2.25,0.154,0.477,0,0.65,0,1,0,1.599999999999966
L012066,5A-5,sub_main,686.0,15909.5,599.01,2.82,19.55,160,250,0.364,0.375,0.97,,,1,0.65,0,0,0,4.180999999999983
L012081,5A-5,sub_main,199.0,4586.2,173.75,3.28,6.59,160,200,0.414,0.5,0.83,0.591,0.601,0,0.65,0,1,0,5.300000000000011
L012318,5A-5,lateral,13.0,305.4,11.35,3.57,0.47,160,200,1.091,0.5,2.18,0.118,0.395,0,0.65,0,1,0,1.399999999999977
L012065,5A-5,sub_main,686.0,15881.0,598.99,2.82,19.55,160,250,0.365,0.375,0.97,,,1,0.65,0,0,0,4.656999999999982
L012320,5A-5,lateral,10.0,185.8,8.7,3.57,0.36,160,200,1.106,0.5,2.21,0.104,0.364,0,0.65,0,1,0,0.980000000000018
L012080,5A-5,sub_main,201.0,4612.8,175.48,3.27,6.64,160,200,0.377,0.5,0.75,0.614,0.58,0,0.65,0,1,0,4.589999999999975
L012319,5A-5,lateral,11.0,271.5,9.62,3.57,0.4,160,200,1.098,0.5,2.2,0.109,0.375,0,0.65,0,1,0,1.46999999999997
L012064,5A-5,sub_main,686.0,15847.8,598.97,2.82,19.55,160,250,0.365,0.375,0.97,,,1,0.65,0,0,0,5.216000000000008
L012321,5A-5,lateral,8.0,156.9,6.96,3.57,0.29,160,200,1.1,0.5,2.2,0.094,0.339,0,0.65,0,1,0,1.299999999999955
L012165,5A-5,lateral,24.0,527.5,20.94,3.57,0.86,160,200,0.593,0.5,1.19,0.183,0.386,0,0.65,0,1,0,1.829999999999984
L012155,5A-5,lateral,11.0,239.7,9.59,3.57,0.4,160,200,1.128,0.5,2.26,0.109,0.379,0,0.65,0,1,0,1.579999999999984
L012063,5A-5,sub_main,686.0,15815.7,598.95,2.82,19.55,160,250,0.364,0.375,0.97,,,1,0.65,0,0,0,5.63900000000001
L012079,5A-5,sub_main,225.0,5167.8,196.43,3.23,7.34,160,200,0.436,0.5,0.87,0.624,0.627,0,0.65,0,1,0,3.800000000000011
L012268,5A-5,lateral,24.0,502.2,20.92,3.57,0.86,160,200,0.619,0.5,1.24,0.181,0.392,0,0.65,0,1,0,1.340000000000032
L012163,5A-5,lateral,2.0,75.3,1.77,3.57,0.07,160,200,0.601,0.5,1.2,0.058,0.175,0,0.65,0,1,0,1.420000000000016
L012741,5A-5,lateral,10.0,138.6,8.66,3.57,0.36,160,200,1.081,0.5,2.16,0.105,0.361,0,0.65,0,1,0,2.120000000000005
L012286,5A-5,lateral,6.0,136.3,5.24,3.57,0.22,160,200,1.087,0.5,2.17,0.083,0.307,0,0.65,0,1,0,1.910000000000025
L012275,5A-5,lateral,6.0,106.9,5.22,3.57,0.22,160,200,0.982,0.5,1.96,0.085,0.297,0,0.65,0,1,0,1.0
L012167,5A-5,lateral,12.0,169.5,10.4,3.57,0.43,160,200,1.099,0.5,2.2,0.113,0.385,0,0.65,0,1,0,0.620000000000005
L012269,5A-5,lateral,24.0,471.5,20.9,3.57,0.86,160,200,0.596,0.5,1.19,0.183,0.387,0,0.65,0,1,0,1.340000000000032
L011715,5A-5,lateral,6.0,160.7,5.25,3.57,0.22,160,200,2.012,0.5,4.02,0.072,0.38,0,0.65,0,1,0,2.619999999999948
L012270,5A-5,lateral,11.0,285.2,9.63,3.57,0.4,160,200,0.622,0.5,1.24,0.125,0.308,0,0.65,0,1,0,1.389999999999986
L011714,5A-5,lateral,2.0,30.9,1.74,3.57,0.07,160,200,0.615,0.5,1.23,0.057,0.176,0,0.65,0,1,0,2.519999999999982
L012274,5A-5,lateral,7.0,137.4,6.09,3.57,0.25,160,200,6.069,0.5,12.14,0.06,0.58,0,0.65,0,1,0,1.0
L012156,5A-5,lateral,1.0,21.3,0.87,3.57,0.04,160,200,0.61,0.5,1.22,0.042,0.138,0,0.65,0,1,0,0.95999999999998
L012062,5A-5,sub_main,686.0,15786.3,598.93,2.82,19.55,160,250,0.364,0.375,0.97,,,1,0.65,0,0,0,5.661999999999978
L012325,5A-5,lateral,10.0,184.7,8.7,3.57,0.36,160,200,1.092,0.5,2.18,0.105,0.363,0,0.65,0,1,0,1.490000000000009
L012078,5A-5,sub_main,225.0,5201.5,196.46,3.23,7.34,160,200,0.415,0.5,0.83,0.634,0.616,0,0.65,0,1,0,4.67999999999995
L012061,5A-5,sub_main,686.0,15747.5,598.9,2.82,19.54,160,250,0.365,0.375,0.97,,,1,0.65,0,0,0,5.081000000000017
L012326,5A-5,lateral,10.0,155.4,8.68,3.57,0.36,160,200,1.078,0.5,2.16,0.105,0.361,0,0.65,0,1,0,1.210000000000036
L012060,5A-5,sub_main,461.0,10515.4,402.42,2.96,13.78,160,200,0.361,0.5,0.72,,,1,0.65,0,0,0,5.248999999999967
L012059,5A-5,sub_main,461.0,10487.4,402.4,2.96,13.78,160,200,0.364,0.5,0.73,,,1,0.65,0,0,0,5.507999999999981
L012327,5A-5,lateral,10.0,122.0,8.65,3.57,0.36,160,200,1.106,0.5,2.21,0.104,0.364,0,0.65,0,1,0,1.939999999999998
L012058,5A-5,sub_main,429.0,10085.7,374.7,2.98,12.94,160,200,0.364,0.5,0.73,,,1,0.65,0,0,0,5.478999999999985
L012291,5A-5,lateral,9.0,213.8,7.86,3.57,0.32,160,200,1.08,0.5,2.16,0.1,0.35,0,0.65,0,1,0,2.729999999999961
L012271,5A-5,lateral,9.0,254.6,7.89,3.57,0.33,160,200,0.602,0.5,1.2,0.115,0.286,0,0.65,0,1,0,1.360000000000014
L012292,5A-5,lateral,9.0,238.7,7.88,3.57,0.33,160,200,1.083,0.5,2.17,0.1,0.35,0,0.65,0,1,0,2.879999999999995
L012273,5A-5,lateral,7.0,166.3,6.12,3.57,0.25,160,200,1.351,0.5,2.7,0.085,0.348,0,0.65,0,1,0,1.159999999999968
L012272,5A-5,lateral,9.0,219.8,7.87,3.57,0.32,160,200,0.6,0.5,1.2,0.115,0.286,0,0.65,0,1,0,1.200000000000045
L011718,5A-5,lateral,17.0,491.2,14.91,3.57,0.62,160,200,0.611,0.5,1.22,0.155,0.352,0,0.65,0,1,0,3.649999999999977
L012164,5A-5,lateral,1.0,18.5,0.87,3.57,0.04,160,200,0.594,0.5,1.19,0.043,0.137,0,0.65,0,1,0,1.060000000000002
L012278,5A-5,lateral,38.0,1127.2,33.36,3.57,1.38,160,200,0.529,0.5,1.06,0.237,0.428,0,0.65,0,1,0,3.980000000000018
L011709,5A-5,lateral,38.0,1151.6,33.38,3.57,1.38,160,200,0.491,0.5,0.98,0.241,0.416,0,0.65,0,1,0,4.090000000000032
L012057,5A-5,sub_main,429.0,10049.4,374.67,2.98,12.94,160,200,0.364,0.5,0.73,,,1,0.65,0,0,0,5.187000000000012
L011652,5A-5,sub_main,25.0,661.3,21.89,3.57,0.9,160,200,0.422,0.5,0.84,0.204,0.348,0,0.65,0,1,0,4.21999999999997
L011651,5A-5,sub_main,23.0,630.5,20.15,3.57,0.83,160,200,0.377,0.5,0.75,0.201,0.326,0,0.65,0,1,0,3.979999999999961
L011650,5A-5,sub_main,21.0,598.7,18.42,3.57,0.76,160,200,0.411,0.5,0.82,0.188,0.327,0,0.65,0,1,0,3.639999999999986
L011649,5A-5,sub_main,21.0,574.4,18.4,3.57,0.76,160,200,0.505,0.5,1.01,0.179,0.351,0,0.65,0,1,0,3.420000000000016
L012194,5A-5,lateral,17.0,546.7,14.95,3.57,0.62,160,200,0.246,0.5,0.49,0.193,0.256,0,0.65,0,1,0,3.46999999999997
L012193,5A-5,lateral,0.0,481.6,0.35,3.57,0.01,160,200,0.467,0.5,0.93,0.03,0.091,0,0.65,0,1,0,3.329999999999984
L012213,5A-5,lateral,13.0,146.8,11.24,3.57,0.46,160,200,0.639,0.5,1.28,0.134,0.327,0,0.65,0,1,0,2.110000000000014
L012207,5A-5,lateral,13.0,181.1,11.26,3.57,0.47,160,200,1.252,0.5,2.5,0.114,0.413,0,0.65,0,1,0,1.0
L012212,5A-5,lateral,12.0,124.8,10.37,3.57,0.43,160,200,0.596,0.5,1.19,0.131,0.311,0,0.65,0,1,0,2.240000000000009
L012134,5A-5,lateral,24.0,473.6,20.9,3.57,0.86,160,200,0.617,0.5,1.23,0.181,0.392,0,0.65,0,1,0,2.799999999999955
L012135,5A-5,lateral,26.0,504.3,22.63,3.57,0.93,160,200,0.617,0.5,1.23,0.188,0.401,0,0.65,0,1,0,2.739999999999952
L012197,5A-5,lateral,12.0,168.3,10.4,3.57,0.43,160,200,1.111,0.5,2.22,0.113,0.386,0,0.65,0,1,0,2.910000000000025
L012136,5A-5,lateral,26.0,525.6,22.65,3.57,0.94,160,200,0.61,0.5,1.22,0.189,0.4,0,0.65,0,1,0,2.75
L012137,5A-5,lateral,27.0,554.6,23.52,3.57,0.97,160,200,0.724,0.5,1.45,0.185,0.43,0,0.65,0,1,0,2.75
L012196,5A-5,lateral,14.0,201.5,12.14,3.57,0.5,160,200,1.083,0.5,2.17,0.122,0.402,0,0.65,0,1,0,3.350000000000023
L012127,5A-5,lateral,0.0,27.2,0.02,3.57,0.0,160,200,1.765,0.5,3.53,0.007,0.046,0,0.65,0,1,0,0.800000000000011
L012128,5A-5,lateral,2.0,34.0,1.74,3.57,0.07,160,200,0.588,0.5,1.18,0.058,0.173,0,0.65,0,1,0,2.659999999999968
L012195,5A-5,lateral,2.0,146.8,1.82,3.57,0.08,160,200,0.541,0.5,1.08,0.06,0.171,0,0.65,0,1,0,2.660000000000025
L012126,5A-5,lateral,2.0,130.1,1.81,3.57,0.07,160,200,0.644,0.5,1.29,0.058,0.181,0,0.65,0,1,0,2.379999999999995
L012125,5A-5,lateral,2.0,114.6,1.8,3.57,0.07,160,200,0.579,0.5,1.16,0.059,0.174,0,0.65,0,1,0,1.479999999999961
L012124,5A-5,lateral,2.0,93.9,1.78,3.57,0.07,160,200,0.613,0.5,1.23,0.058,0.177,0,0.65,0,1,0,1.240000000000009
L012123,5A-5,lateral,2.0,37.4,1.74,3.57,0.07,160,200,0.602,0.5,1.2,0.058,0.174,0,0.65,0,1,0,1.200000000000045
L012122,5A-5,lateral,2.0,22.4,1.73,3.57,0.07,160,200,0.58,0.5,1.16,0.058,0.172,0,0.65,0,1,0,1.240000000000009
L012176,5A-5,lateral,30.0,644.9,26.16,3.57,1.08,160,200,0.622,0.5,1.24,0.202,0.421,0,0.65,0,1,0,2.589999999999975
L011648,5A-5,sub_main,20.0,427.6,17.44,3.57,0.72,160,200,0.513,0.5,1.03,0.174,0.347,0,0.65,0,1,0,3.389999999999986
L012177,5A-5,lateral,31.0,683.2,27.04,3.57,1.12,160,200,0.574,0.5,1.15,0.209,0.413,0,0.65,0,1,0,3.090000000000032
L012015,5A-5,sub_main,20.0,444.8,17.45,3.57,0.72,160,200,0.523,0.5,1.05,0.173,0.35,0,0.65,0,1,0,3.5
L012436,5A-5,lateral,11.0,148.9,9.53,3.57,0.39,160,200,0.557,0.5,1.11,0.128,0.296,0,0.65,0,1,0,2.0
L012439,5A-5,lateral,3.0,69.5,2.62,3.57,0.11,160,200,0.557,0.5,1.11,0.071,0.195,0,0.65,0,1,0,1.24799999999999
L012438,5A-5,lateral,5.0,103.2,4.36,3.57,0.18,160,200,0.555,0.5,1.11,0.089,0.23,0,0.65,0,1,0,1.534999999999968
L012217,5A-5,lateral,2.0,37.6,1.74,3.57,0.07,160,200,1.331,0.5,2.66,0.048,0.228,0,0.65,0,1,0,1.0
L012437,5A-5,lateral,9.0,125.3,7.8,3.57,0.32,160,200,0.558,0.5,1.12,0.117,0.278,0,0.65,0,1,0,1.857999999999947
L012433,5A-5,lateral,25.0,603.0,21.85,3.57,0.9,160,200,0.599,0.5,1.2,0.187,0.393,0,0.65,0,1,0,3.65100000000001
L012434,5A-5,lateral,24.0,578.9,20.97,3.57,0.87,160,200,0.597,0.5,1.19,0.183,0.388,0,0.65,0,1,0,3.576999999999998
L012440,5A-5,lateral,11.0,483.4,9.77,3.57,0.4,160,200,0.601,0.5,1.2,0.127,0.306,0,0.65,0,1,0,3.389999999999986
L012441,5A-5,lateral,11.0,466.0,9.76,3.57,0.4,160,200,0.598,0.5,1.2,0.127,0.306,0,0.65,0,1,0,3.074999999999989
L012442,5A-5,lateral,11.0,439.1,9.74,3.57,0.4,160,200,0.599,0.5,1.2,0.127,0.305,0,0.65,0,1,0,2.584000000000003
L012426,5A-5,lateral,4.0,78.7,3.48,3.57,0.14,160,200,0.603,0.5,1.21,0.079,0.22,0,0.65,0,1,0,1.274000000000001
L012429,5A-5,lateral,3.0,155.0,2.68,3.57,0.11,160,200,0.601,0.5,1.2,0.07,0.201,0,0.65,0,1,0,1.898000000000025
L012430,5A-5,lateral,3.0,132.0,2.66,3.57,0.11,160,200,0.598,0.5,1.2,0.07,0.201,0,0.65,0,1,0,1.830000000000041
L011921,5A-5,lateral,2.0,113.4,1.79,3.57,0.07,160,200,0.596,0.5,1.19,0.059,0.176,0,0.65,0,1,0,1.758999999999958
L012431,5A-5,lateral,1.0,93.1,0.92,3.57,0.04,160,200,0.599,0.5,1.2,0.044,0.14,0,0.65,0,1,0,1.608000000000004
L011922,5A-5,lateral,3.0,38.7,2.6,3.57,0.11,160,200,0.602,0.5,1.2,0.069,0.199,0,0.65,0,1,0,1.203000000000031
L011942,5A-5,lateral,1.0,68.1,0.91,3.57,0.04,160,200,0.6,0.5,1.2,0.043,0.139,0,0.65,0,1,0,1.298000000000002
L011932,5A-5,lateral,0.0,39.9,0.03,3.57,0.0,160,200,0.381,0.5,0.76,0.011,0.033,0,0.65,0,1,0,1.062000000000012
L011941,5A-5,lateral,0.0,36.2,0.03,3.57,0.0,160,200,0.599,0.5,1.2,0.01,0.037,0,0.65,0,1,0,1.067000000000007
L012145,5A-5,lateral,0.0,18.6,0.01,3.57,0.0,160,200,0.722,0.5,1.44,0.007,0.029,0,0.65,0,1,0,1.454000000000008
L012146,5A-5,lateral,0.0,39.6,0.03,3.57,0.0,160,200,0.723,0.5,1.45,0.01,0.041,0,0.65,0,1,0,1.575999999999965
L012147,5A-5,lateral,0.0,64.1,0.05,3.57,0.0,160,200,0.721,0.5,1.44,0.012,0.05,0,0.65,0,1,0,1.643000000000029
L012647,5A-5,lateral,40.0,78.9,34.32,3.57,1.42,160,200,0.964,0.5,1.93,0.207,0.533,0,0.65,0,1,0,1.670000000000016
L012648,5A-5,lateral,40.0,107.6,34.34,3.57,1.42,160,200,0.961,0.5,1.92,0.207,0.533,0,0.65,0,1,0,1.855999999999995
L012649,5A-5,lateral,40.0,128.7,34.35,3.57,1.42,160,200,0.965,0.5,1.93,0.207,0.534,0,0.65,0,1,0,2.039999999999964
L012646,5A-5,lateral,52.0,243.7,44.71,3.57,1.85,160,200,0.599,0.5,1.2,0.265,0.487,0,0.65,0,1,0,2.018999999999949
L012030,5A-5,lateral,53.0,265.7,45.59,3.57,1.88,160,200,0.598,0.5,1.2,0.268,0.49,0,0.65,0,1,0,2.199999999999989
L012643,5A-5,lateral,54.0,291.5,46.46,3.57,1.92,160,200,0.599,0.5,1.2,0.271,0.493,0,0.65,0,1,0,2.144999999999982
L012644,5A-5,lateral,54.0,320.8,46.48,3.57,1.92,160,200,0.598,0.5,1.2,0.271,0.493,0,0.65,0,1,0,3.120000000000005
L012031,5A-5,lateral,40.0,50.6,34.3,3.57,1.42,160,200,0.963,0.5,1.93,0.207,0.533,0,0.65,0,1,0,1.576999999999998
L012032,5A-5,lateral,12.0,88.5,10.34,3.57,0.43,160,200,0.894,0.5,1.79,0.119,0.358,0,0.65,0,1,0,1.939999999999998
L012650,5A-5,lateral,40.0,29.7,34.28,3.57,1.42,160,200,0.963,0.5,1.93,0.207,0.533,0,0.65,0,1,0,1.415999999999997
L012641,5A-5,lateral,12.0,59.7,10.32,3.57,0.43,160,200,0.891,0.5,1.78,0.119,0.357,0,0.65,0,1,0,1.44300000000004
L011798,5A-5,lateral,12.0,30.9,10.3,3.57,0.43,160,200,0.894,0.5,1.79,0.119,0.357,0,0.65,0,1,0,0.836000000000013
L011669,5A-5,sub_main,101.0,2665.3,88.43,3.55,3.64,160,200,0.523,0.5,1.05,0.391,0.564,0,0.65,0,1,0,3.75
L012230,5A-5,lateral,27.0,736.0,23.66,3.57,0.98,160,200,0.713,0.5,1.43,0.186,0.428,0,0.65,0,1,0,1.26600000000002
L012231,5A-5,lateral,16.0,547.7,14.1,3.57,0.58,160,200,0.599,0.5,1.2,0.151,0.343,0,0.65,0,1,0,1.29000000000002
L012744,5A-5,lateral,9.0,165.1,7.83,3.57,0.32,160,200,0.37,0.5,0.74,0.129,0.241,0,0.65,0,1,0,1.29000000000002
L012232,5A-5,lateral,16.0,508.4,14.07,3.57,0.58,160,200,0.598,0.5,1.2,0.151,0.343,0,0.65,0,1,0,1.474999999999966
L012233,5A-5,lateral,16.0,474.8,14.05,3.57,0.58,160,200,0.599,0.5,1.2,0.151,0.343,0,0.65,0,1,0,1.354000000000042
L012227,5A-5,lateral,9.0,126.7,7.8,3.57,0.32,160,200,0.371,0.5,0.74,0.128,0.241,0,0.65,0,1,0,1.387999999999977
L012234,5A-5,lateral,8.0,246.9,7.03,3.57,0.29,160,200,0.497,0.5,0.99,0.114,0.258,0,0.65,0,1,0,1.509999999999991
L012243,5A-5,lateral,7.0,200.6,6.14,3.57,0.25,160,200,0.61,0.5,1.22,0.102,0.265,0,0.65,0,1,0,1.410000000000025
L011700,5A-5,lateral,6.0,89.2,5.2,3.57,0.21,160,200,0.371,0.5,0.74,0.106,0.212,0,0.65,0,1,0,1.838999999999999
L011668,5A-5,sub_main,99.0,2631.0,86.69,3.56,3.57,160,200,0.401,0.5,0.8,0.417,0.509,0,0.65,0,1,0,3.779999999999973
L011667,5A-5,sub_main,97.0,2591.0,84.95,3.57,3.51,160,200,0.387,0.5,0.77,0.416,0.5,0,0.65,0,1,0,3.880000000000052
L011666,5A-5,sub_main,95.0,2552.3,83.21,3.57,3.44,160,200,0.403,0.5,0.81,0.407,0.504,0,0.65,0,1,0,4.079999999999984
L011665,5A-5,sub_main,92.0,2512.6,80.61,3.57,3.33,160,200,0.4,0.5,0.8,0.401,0.498,0,0.65,0,1,0,4.360000000000014
L012235,5A-5,lateral,7.0,206.8,6.14,3.57,0.25,160,200,0.498,0.5,1.0,0.107,0.247,0,0.65,0,1,0,1.540999999999997
L012236,5A-5,lateral,6.0,179.1,5.27,3.57,0.22,160,200,0.497,0.5,0.99,0.1,0.235,0,0.65,0,1,0,2.103000000000009
L011664,5A-5,sub_main,90.0,2475.1,78.87,3.57,3.26,160,200,0.409,0.5,0.82,0.394,0.5,0,0.65,0,1,0,4.819999999999993
L011696,5A-5,lateral,1.0,30.5,0.88,3.57,0.04,160,200,0.591,0.5,1.18,0.043,0.137,0,0.65,0,1,0,0.759999999999991
L012237,5A-5,lateral,4.0,132.0,3.52,3.57,0.15,160,200,0.961,0.5,1.92,0.071,0.259,0,0.65,0,1,0,1.490000000000009
L011663,5A-5,sub_main,39.0,1037.6,34.15,3.57,1.41,160,200,0.846,0.5,1.69,0.213,0.508,0,0.65,0,1,0,5.100000000000023
L011699,5A-5,lateral,5.0,31.3,4.31,3.57,0.18,160,200,2.56,0.5,5.12,0.062,0.386,0,0.65,0,1,0,1.990000000000009
L012226,5A-5,lateral,1.0,31.3,0.88,3.57,0.04,160,200,0.608,0.5,1.22,0.043,0.139,0,0.65,0,1,0,1.379999999999995
L012242,5A-5,lateral,7.0,162.7,6.11,3.57,0.25,160,200,0.608,0.5,1.22,0.102,0.265,0,0.65,0,1,0,1.559000000000026
L011698,5A-5,lateral,4.0,122.9,3.51,3.57,0.15,160,200,0.611,0.5,1.22,0.079,0.221,0,0.65,0,1,0,2.177000000000021
L012241,5A-5,lateral,0.0,36.6,0.03,3.57,0.0,160,200,0.601,0.5,1.2,0.01,0.037,0,0.65,0,1,0,1.980000000000018
L012240,5A-5,lateral,4.0,60.6,3.47,3.57,0.14,160,200,3.317,0.5,6.63,0.053,0.392,0,0.65,0,1,0,2.080000000000041
L012073,5A-5,lateral,1.0,24.7,0.87,3.57,0.04,160,200,1.699,0.5,3.4,0.034,0.196,0,0.65,0,1,0,0.799999999999955
L012239,5A-5,lateral,3.0,33.0,2.59,3.57,0.11,160,200,3.319,0.5,6.64,0.047,0.356,0,0.65,0,1,0,1.093999999999994
L012283,5A-5,lateral,1.0,26.3,0.88,3.57,0.04,160,200,1.027,0.5,2.05,0.038,0.165,0,0.65,0,1,0,1.099999999999966
L012284,5A-5,lateral,3.0,73.0,2.62,3.57,0.11,160,200,2.597,0.5,5.19,0.05,0.329,0,0.65,0,1,0,1.0
L011688,5A-5,lateral,48.0,1398.3,42.12,3.57,1.74,160,200,0.497,0.5,0.99,0.27,0.448,0,0.65,0,1,0,5.0
L011662,5A-5,sub_main,37.0,1002.2,32.41,3.57,1.34,160,200,0.42,0.5,0.84,0.247,0.39,0,0.65,0,1,0,4.75
L012238,5A-5,lateral,4.0,103.7,3.5,3.57,0.14,160,200,0.965,0.5,1.93,0.071,0.259,0,0.65,0,1,0,0.898000000000025
L012244,5A-5,lateral,46.0,1368.1,40.38,3.57,1.67,160,200,0.494,0.5,0.99,0.265,0.442,0,0.65,0,1,0,5.600000000000023
L011689,5A-5,lateral,45.0,1314.5,39.49,3.57,1.63,160,200,0.525,0.5,1.05,0.258,0.448,0,0.65,0,1,0,5.289999999999964
L012245,5A-5,lateral,1.0,25.3,0.87,3.57,0.04,160,200,0.592,0.5,1.18,0.043,0.137,0,0.65,0,1,0,1.099999999999966
L011697,5A-5,lateral,2.0,67.8,1.76,3.57,0.07,160,200,0.961,0.5,1.92,0.052,0.205,0,0.65,0,1,0,1.052000000000021
L012246,5A-5,lateral,44.0,1276.4,38.61,3.57,1.59,160,200,0.494,0.5,0.99,0.259,0.436,0,0.65,0,1,0,4.889999999999986
L011695,5A-5,lateral,0.0,28.8,0.02,3.57,0.0,160,200,0.963,0.5,1.93,0.008,0.039,0,0.65,0,1,0,0.966999999999985
L012247,5A-5,lateral,41.0,1235.9,36.01,3.57,1.49,160,200,0.499,0.5,1.0,0.249,0.428,0,0.65,0,1,0,4.5
L011661,5A-5,sub_main,36.0,968.8,31.53,3.57,1.3,160,200,0.364,0.5,0.73,0.253,0.368,0,0.65,0,1,0,4.930000000000007
L011660,5A-5,sub_main,35.0,941.3,30.66,3.57,1.27,160,200,0.429,0.5,0.86,0.239,0.387,0,0.65,0,1,0,4.45999999999998
L011659,5A-5,sub_main,35.0,913.4,30.64,3.57,1.27,160,200,0.303,0.5,0.61,0.261,0.342,0,0.65,0,1,0,3.389999999999986
L011691,5A-5,lateral,35.0,684.4,30.47,3.57,1.26,160,200,0.48,0.5,0.96,0.232,0.402,0,0.65,0,1,0,2.310000000000002
L012258,5A-5,lateral,35.0,703.6,30.48,3.57,1.26,160,200,0.523,0.5,1.05,0.227,0.414,0,0.65,0,1,0,3.430000000000007
L011658,5A-5,sub_main,33.0,873.8,28.89,3.57,1.19,160,200,0.285,0.5,0.57,0.258,0.329,0,0.65,0,1,0,3.420000000000016
L012259,5A-5,lateral,35.0,657.4,30.45,3.57,1.26,160,200,0.696,0.5,1.39,0.211,0.458,0,0.65,0,1,0,3.42999999999995
L011657,5A-5,sub_main,32.0,835.2,28.01,3.57,1.16,160,200,0.374,0.5,0.75,0.237,0.359,0,0.65,0,1,0,3.75
L011690,5A-5,lateral,35.0,733.0,30.51,3.57,1.26,160,200,0.51,0.5,1.02,0.229,0.411,0,0.65,0,1,0,4.380000000000052
L012248,5A-5,lateral,39.0,1197.8,34.27,3.57,1.41,160,200,0.495,0.5,0.99,0.244,0.421,0,0.65,0,1,0,3.509999999999991
L011711,5A-5,lateral,1.0,23.6,0.87,3.57,0.04,160,200,0.594,0.5,1.19,0.043,0.137,0,0.65,0,1,0,1.550000000000011
L012743,5A-5,lateral,1.0,34.4,0.88,3.57,0.04,160,200,3.893,0.5,7.79,0.028,0.259,0,0.65,0,1,0,1.650000000000034
L011712,5A-5,lateral,3.0,80.1,2.63,3.57,0.11,160,200,0.634,0.5,1.27,0.069,0.204,0,0.65,0,1,0,1.5
L012287,5A-5,lateral,5.0,114.8,4.37,3.57,0.18,160,200,1.122,0.5,2.24,0.076,0.293,0,0.65,0,1,0,1.0
L011703,5A-5,lateral,2.0,32.1,1.74,3.57,0.07,160,200,3.266,0.5,6.53,0.039,0.309,0,0.65,0,1,0,1.990000000000009
L012295,5A-5,lateral,0.0,34.1,0.02,3.57,0.0,160,200,0.587,0.5,1.17,0.01,0.036,0,0.65,0,1,0,1.889999999999986
L012288,5A-5,lateral,5.0,143.6,4.39,3.57,0.18,160,200,0.591,0.5,1.18,0.088,0.235,0,0.65,0,1,0,0.910000000000025
L012296,5A-5,lateral,2.0,95.5,1.78,3.57,0.07,160,200,0.513,0.5,1.03,0.061,0.166,0,0.65,0,1,0,1.139999999999986
L012289,5A-5,lateral,5.0,167.8,4.4,3.57,0.18,160,200,1.526,0.5,3.05,0.071,0.326,0,0.65,0,1,0,1.230000000000018
L011713,5A-5,lateral,8.0,231.2,7.02,3.57,0.29,160,200,4.99,0.5,9.98,0.067,0.569,0,0.65,0,1,0,2.979999999999961
L011693,5A-5,lateral,35.0,628.6,30.43,3.57,1.26,160,200,0.486,0.5,0.97,0.231,0.404,0,0.65,0,1,0,2.819999999999993
L011656,5A-5,sub_main,30.0,803.1,26.27,3.57,1.08,160,200,0.403,0.5,0.81,0.225,0.361,0,0.65,0,1,0,3.889999999999986
L011692,5A-5,lateral,4.0,434.5,3.74,3.57,0.15,160,200,0.578,0.5,1.16,0.082,0.222,0,0.65,0,1,0,4.170000000000016
L012260,5A-5,lateral,35.0,599.8,30.41,3.57,1.26,160,200,0.518,0.5,1.04,0.227,0.413,0,0.65,0,1,0,2.899999999999977
L011655,5A-5,sub_main,30.0,770.9,26.25,3.57,1.08,160,200,0.385,0.5,0.77,0.228,0.355,0,0.65,0,1,0,4.199999999999989
L012257,5A-5,lateral,4.0,412.1,3.72,3.57,0.15,160,200,0.251,0.5,0.5,0.1,0.166,0,0.65,0,1,0,4.300000000000011
L011683,5A-5,lateral,34.0,574.7,29.53,3.57,1.22,160,200,0.474,0.5,0.95,0.229,0.396,0,0.65,0,1,0,3.610000000000014
L011654,5A-5,sub_main,28.0,739.7,24.51,3.57,1.01,160,200,0.398,0.5,0.8,0.218,0.352,0,0.65,0,1,0,4.529999999999973
L011694,5A-5,lateral,4.0,387.3,3.7,3.57,0.15,160,200,0.253,0.5,0.51,0.1,0.166,0,0.65,0,1,0,3.95799999999997
L012267,5A-5,lateral,18.0,339.0,15.66,3.57,0.65,160,200,0.312,0.5,0.62,0.187,0.282,0,0.65,0,1,0,4.180000000000007
L012261,5A-5,lateral,15.0,214.6,13.0,3.57,0.54,160,200,0.504,0.5,1.01,0.152,0.315,0,0.65,0,1,0,4.080000000000041
L011653,5A-5,sub_main,26.0,699.5,22.77,3.57,0.94,160,200,0.392,0.5,0.78,0.211,0.343,0,0.65,0,1,0,4.480000000000018
L012256,5A-5,lateral,4.0,352.6,3.68,3.57,0.15,160,200,1.214,0.5,2.43,0.069,0.284,0,0.65,0,1,0,3.870000000000005
L011684,5A-5,lateral,16.0,299.3,13.92,3.57,0.57,160,200,0.312,0.5,0.62,0.176,0.272,0,0.65,0,1,0,4.725999999999999
L012747,5A-5,lateral,13.0,186.9,11.27,3.57,0.47,160,200,0.497,0.5,0.99,0.142,0.3,0,0.65,0,1,0,4.049999999999955
L012266,5A-5,lateral,14.0,261.8,12.18,3.57,0.5,160,200,0.311,0.5,0.62,0.165,0.261,0,0.65,0,1,0,4.528999999999996
L012255,5A-5,lateral,4.0,318.0,3.65,3.57,0.15,160,200,0.586,0.5,1.17,0.081,0.221,0,0.65,0,1,0,3.560000000000002
L011682,5A-5,lateral,13.0,154.6,11.25,3.57,0.46,160,200,0.504,0.5,1.01,0.142,0.301,0,0.65,0,1,0,4.129999999999995
L012254,5A-5,lateral,4.0,297.5,3.64,3.57,0.15,160,200,0.616,0.5,1.23,0.08,0.225,0,0.65,0,1,0,3.589999999999975
L012265,5A-5,lateral,12.0,236.4,10.45,3.57,0.43,160,200,0.313,0.5,0.63,0.154,0.249,0,0.65,0,1,0,3.670000000000016
L011685,5A-5,lateral,3.0,38.6,2.6,3.57,0.11,160,200,2.47,0.5,4.94,0.05,0.322,0,0.65,0,1,0,1.62299999999999
L012249,5A-5,lateral,3.0,76.9,2.62,3.57,0.11,160,200,2.472,0.5,4.94,0.05,0.324,0,0.65,0,1,0,1.0
L011686,5A-5,lateral,3.0,114.2,2.65,3.57,0.11,160,200,0.598,0.5,1.2,0.07,0.2,0,0.65,0,1,0,1.173000000000002
L012250,5A-5,lateral,3.0,154.5,2.68,3.57,0.11,160,200,0.601,0.5,1.2,0.07,0.201,0,0.65,0,1,0,0.785000000000025
L012251,5A-5,lateral,3.0,193.7,2.71,3.57,0.11,160,200,0.599,0.5,1.2,0.071,0.202,0,0.65,0,1,0,1.329999999999984
L012253,5A-5,lateral,4.0,271.5,3.62,3.57,0.15,160,200,0.586,0.5,1.17,0.081,0.22,0,0.65,0,1,0,1.96999999999997
L012252,5A-5,lateral,1.0,57.4,0.9,3.57,0.04,160,200,0.584,0.5,1.17,0.043,0.138,0,0.65,0,1,0,1.650000000000034
L012309,5A-5,lateral,16.0,345.8,13.95,3.57,0.58,160,200,0.593,0.5,1.19,0.151,0.341,0,0.65,0,1,0,3.449999999999989
L011687,5A-5,lateral,1.0,30.0,0.88,3.57,0.04,160,200,0.601,0.5,1.2,0.043,0.138,0,0.65,0,1,0,1.180000000000007
L012310,5A-5,lateral,16.0,308.7,13.93,3.57,0.58,160,200,0.608,0.5,1.22,0.15,0.344,0,0.65,0,1,0,3.240000000000009
L012300,5A-5,lateral,12.0,166.7,10.4,3.57,0.43,160,200,0.486,0.5,0.97,0.138,0.29,0,0.65,0,1,0,4.399999999999977
L012071,5A-5,lateral,2.0,29.5,1.73,3.57,0.07,160,200,10.587,0.5,21.17,0.03,0.457,0,0.65,0,1,0,3.550000000000011
L012301,5A-5,lateral,6.0,144.0,5.24,3.57,0.22,160,200,0.497,0.5,0.99,0.1,0.235,0,0.65,0,1,0,3.949999999999989
L012308,5A-5,lateral,20.0,414.6,17.43,3.57,0.72,160,200,0.585,0.5,1.17,0.168,0.363,0,0.65,0,1,0,2.940000000000055
L012302,5A-5,lateral,3.0,115.9,2.65,3.57,0.11,160,200,0.523,0.5,1.05,0.072,0.191,0,0.65,0,1,0,2.329999999999984
L012072,5A-5,lateral,2.0,96.8,1.78,3.57,0.07,160,200,0.499,0.5,1.0,0.061,0.165,0,0.65,0,1,0,1.650000000000034
L011702,5A-5,lateral,0.0,37.4,0.03,3.57,0.0,160,200,0.481,0.5,0.96,0.01,0.035,0,0.65,0,1,0,1.689999999999998
L012307,5A-5,lateral,21.0,450.2,18.31,3.57,0.76,160,200,0.617,0.5,1.23,0.17,0.376,0,0.65,0,1,0,2.529999999999973
L012303,5A-5,lateral,1.0,37.3,0.88,3.57,0.04,160,200,0.59,0.5,1.18,0.043,0.137,0,0.65,0,1,0,1.170000000000016
L012306,5A-5,lateral,21.0,474.3,18.33,3.57,0.76,160,200,0.582,0.5,1.16,0.173,0.369,0,0.65,0,1,0,2.46999999999997
L012297,5A-5,lateral,2.0,124.0,1.8,3.57,0.07,160,200,0.49,0.5,0.98,0.062,0.164,0,0.65,0,1,0,1.640000000000043
L012290,5A-5,lateral,2.0,25.1,1.73,3.57,0.07,160,200,0.598,0.5,1.2,0.058,0.174,0,0.65,0,1,0,1.129999999999995
L012294,5A-5,lateral,20.0,398.6,17.42,3.57,0.72,160,200,0.714,0.5,1.43,0.16,0.39,0,0.65,0,1,0,4.340000000000032
L012298,5A-5,lateral,6.0,152.0,5.25,3.57,0.22,160,200,12.924,0.5,25.85,0.047,0.712,0,0.65,0,1,0,5.229999999999961
L012293,5A-5,lateral,20.0,435.1,17.44,3.57,0.72,160,200,0.493,0.5,0.99,0.176,0.342,0,0.65,0,1,0,4.129999999999995
L011716,5A-5,lateral,20.0,379.0,17.4,3.57,0.72,160,200,0.483,0.5,0.97,0.176,0.34,0,0.65,0,1,0,4.680000000000007
L012280,5A-5,lateral,20.0,522.6,17.51,3.57,0.72,160,200,0.59,0.5,1.18,0.168,0.365,0,0.65,0,1,0,3.819999999999993
L012299,5A-5,lateral,13.0,198.0,11.28,3.57,0.47,160,200,0.51,0.5,1.02,0.141,0.303,0,0.65,0,1,0,5.129999999999995
L011717,5A-5,lateral,20.0,468.1,17.47,3.57,0.72,160,200,0.486,0.5,0.97,0.176,0.341,0,0.65,0,1,0,3.529999999999973
L012074,5A-5,lateral,20.0,497.2,17.49,3.57,0.72,160,200,0.343,0.5,0.69,0.192,0.302,0,0.65,0,1,0,3.199999999999989
L012282,5A-5,lateral,17.0,513.0,14.93,3.57,0.62,160,200,0.596,0.5,1.19,0.156,0.349,0,0.65,0,1,0,3.659999999999968
L012281,5A-5,lateral,37.0,1102.7,32.48,3.57,1.34,160,200,0.483,0.5,0.97,0.239,0.411,0,0.65,0,1,0,4.5
L011708,5A-5,lateral,38.0,1174.1,33.39,3.57,1.38,160,200,0.49,0.5,0.98,0.241,0.416,0,0.65,0,1,0,3.95999999999998
L012056,5A-5,sub_main,429.0,10021.4,374.65,2.98,12.94,160,200,0.364,0.5,0.73,,,1,0.65,0,0,0,5.91500000000002
L012279,5A-5,lateral,20.0,556.5,17.53,3.57,0.72,160,200,0.206,0.5,0.41,0.218,0.252,0,0.65,0,1,0,4.539999999999964
L012055,5A-5,sub_main,429.0,9993.9,374.63,2.98,12.94,160,200,0.365,0.5,0.73,,,1,0.65,0,0,0,6.214999999999975
L011710,5A-5,lateral,8.0,169.6,6.97,3.57,0.29,160,200,0.591,0.5,1.18,0.109,0.273,0,0.65,0,1,0,2.839999999999975
L011707,5A-5,lateral,47.0,1382.3,41.25,3.57,1.7,160,200,0.491,0.5,0.98,0.268,0.444,0,0.65,0,1,0,3.819999999999993
L012054,5A-5,sub_main,429.0,9962.4,374.61,2.98,12.94,160,200,0.364,0.5,0.73,,,1,0.65,0,0,0,5.810000000000002
L012277,5A-5,lateral,5.0,134.0,4.38,3.57,0.18,160,200,0.682,0.5,1.36,0.085,0.247,0,0.65,0,1,0,2.649999999999977
L012330,5A-5,lateral,32.0,374.6,27.68,3.57,1.14,160,200,1.102,0.5,2.2,0.18,0.523,0,0.65,0,1,0,2.71999999999997
L012328,5A-5,lateral,9.0,84.9,7.77,3.57,0.32,160,200,1.098,0.5,2.2,0.099,0.351,0,0.65,0,1,0,2.20999999999998
L012332,5A-5,lateral,0.0,39.1,0.03,3.57,0.0,160,200,0.589,0.5,1.18,0.01,0.038,0,0.65,0,1,0,1.189999999999998
L012331,5A-5,lateral,32.0,334.6,27.65,3.57,1.14,160,200,1.109,0.5,2.22,0.18,0.524,0,0.65,0,1,0,3.379999999999995
L012329,5A-5,lateral,7.0,54.9,6.03,3.57,0.25,160,200,1.079,0.5,2.16,0.089,0.321,0,0.65,0,1,0,2.0
L012333,5A-5,lateral,0.0,76.9,0.06,3.57,0.0,160,200,0.61,0.5,1.22,0.013,0.05,0,0.65,0,1,0,1.481000000000051
L012154,5A-5,lateral,2.0,28.9,1.73,3.57,0.07,160,200,1.107,0.5,2.21,0.05,0.214,0,0.65,0,1,0,2.140000000000043
L012158,5A-5,lateral,32.0,295.0,27.62,3.57,1.14,160,200,1.091,0.5,2.18,0.18,0.521,0,0.65,0,1,0,2.589999999999975
L012159,5A-5,lateral,0.0,114.6,0.08,3.57,0.0,160,200,0.609,0.5,1.22,0.015,0.059,0,0.65,0,1,0,1.78000000000003
L012160,5A-5,lateral,32.0,148.3,27.51,3.57,1.14,160,200,1.162,0.5,2.32,0.177,0.532,0,0.65,0,1,0,2.450000000000045
L011988,5A-5,trunk_main,543.0,17974.0,478.02,2.9,16.03,200,250,0.21,0.375,0.56,,,1,0.65,0,0,0,5.694999999999993
L012076,5A-5,lateral,3.0,37.9,2.6,3.57,0.11,160,200,1.108,0.5,2.22,0.06,0.246,0,0.65,0,1,0,1.449999999999989
L011989,5A-5,trunk_main,541.0,17936.9,476.28,2.9,15.98,200,250,0.21,0.375,0.56,,,1,0.65,0,0,0,3.317000000000007
L011990,5A-5,trunk_main,537.0,17900.2,472.83,2.9,15.88,200,250,0.207,0.375,0.55,,,1,0.65,0,0,0,2.79000000000002
L011991,5A-5,trunk_main,535.0,17861.5,471.09,2.9,15.83,200,250,0.209,0.375,0.56,,,1,0.65,0,0,0,5.890000000000043
L012455,5A-5,lateral,1.0,19.0,0.87,3.57,0.04,160,200,4.634,0.5,9.27,0.027,0.273,0,0.65,0,1,0,0.879999999999995
L011992,5A-5,trunk_main,534.0,17827.6,470.21,2.9,15.8,200,250,0.21,0.375,0.56,,,1,0.65,0,0,0,5.699000000000012
L011598,5A-5,lateral,14.0,200.9,12.14,3.57,0.5,160,200,0.598,0.5,1.2,0.141,0.327,0,0.65,0,1,0,3.870000000000005
L012456,5A-5,lateral,15.0,245.7,13.02,3.57,0.54,160,200,0.616,0.5,1.23,0.145,0.338,0,0.65,0,1,0,2.379000000000019
L012454,5A-5,lateral,12.0,167.6,10.4,3.57,0.43,160,200,0.596,0.5,1.19,0.131,0.311,0,0.65,0,1,0,3.571000000000026
L011705,5A-5,lateral,3.0,35.5,2.6,3.57,0.11,160,200,0.592,0.5,1.18,0.069,0.198,0,0.65,0,1,0,1.189999999999998
L012053,5A-5,sub_main,429.0,9927.2,374.59,2.98,12.94,160,200,0.365,0.5,0.73,,,1,0.65,0,0,0,6.25200000000001
L012742,5A-5,lateral,4.0,100.3,3.5,3.57,0.14,160,200,0.516,0.5,1.03,0.082,0.209,0,0.65,0,1,0,1.989999999999952
L011706,5A-5,lateral,47.0,1414.2,41.27,3.57,1.7,160,200,0.503,0.5,1.01,0.267,0.447,0,0.65,0,1,0,4.069999999999993
L012052,5A-5,sub_main,406.0,9637.5,354.68,3.0,12.33,160,200,0.365,0.5,0.73,,,1,0.65,0,0,0,6.13900000000001
L012337,5A-5,lateral,23.0,253.3,19.88,3.57,0.82,160,200,0.578,0.5,1.16,0.18,0.377,0,0.65,0,1,0,3.5
L011704,5A-5,lateral,1.0,29.9,0.88,3.57,0.04,160,200,0.601,0.5,1.2,0.043,0.138,0,0.65,0,1,0,1.79000000000002
L012051,5A-5,sub_main,359.0,8202.2,313.39,3.05,11.06,160,200,0.364,0.5,0.73,,,1,0.65,0,0,0,6.182000000000016
L012050,5A-5,sub_main,359.0,8182.7,313.38,3.05,11.06,160,200,0.363,0.5,0.73,,,1,0.65,0,0,0,6.050999999999988
L012338,5A-5,lateral,23.0,225.6,19.86,3.57,0.82,160,200,0.607,0.5,1.21,0.178,0.383,0,0.65,0,1,0,3.319999999999993
L012457,5A-5,lateral,16.0,323.8,13.94,3.57,0.58,160,200,0.618,0.5,1.24,0.149,0.346,0,0.65,0,1,0,2.75
L011629,5A-5,lateral,16.0,276.2,13.9,3.57,0.57,160,200,0.616,0.5,1.23,0.149,0.345,0,0.65,0,1,0,1.836999999999989
L011993,5A-5,trunk_main,516.0,17464.3,454.53,2.92,15.34,200,250,0.21,0.375,0.56,,,1,0.65,0,0,0,4.326000000000022
L011630,5A-5,lateral,16.0,299.3,13.92,3.57,0.57,160,200,0.613,0.5,1.23,0.15,0.345,0,0.65,0,1,0,2.38900000000001
L012453,5A-5,lateral,11.0,128.8,9.51,3.57,0.39,160,200,0.599,0.5,1.2,0.126,0.303,0,0.65,0,1,0,3.610000000000014
L012459,5A-5,lateral,22.0,500.0,19.2,3.57,0.79,160,200,0.611,0.5,1.22,0.174,0.38,0,0.65,0,1,0,2.230000000000018
L012452,5A-5,lateral,8.0,92.1,6.92,3.57,0.29,160,200,0.597,0.5,1.19,0.108,0.274,0,0.65,0,1,0,3.289999999999964
L011994,5A-5,trunk_main,492.0,16929.0,433.59,2.93,14.71,200,200,0.208,0.5,0.42,,,1,0.65,0,0,0,2.912000000000035
L012460,5A-5,lateral,22.0,475.7,19.19,3.57,0.79,160,200,0.611,0.5,1.22,0.174,0.38,0,0.65,0,1,0,2.010999999999967
L012461,5A-5,lateral,18.0,390.9,15.7,3.57,0.65,160,200,0.496,0.5,0.99,0.167,0.332,0,0.65,0,1,0,2.839999999999975
L012049,5A-5,sub_main,359.0,8143.8,313.35,3.05,11.06,160,200,0.364,0.5,0.73,,,1,0.65,0,0,0,5.349999999999966
L012336,5A-5,lateral,32.0,38.8,27.44,3.57,1.13,160,200,1.108,0.5,2.22,0.179,0.523,0,0.65,0,1,0,1.259999999999991
L012339,5A-5,lateral,23.0,195.9,19.84,3.57,0.82,160,200,0.616,0.5,1.23,0.177,0.385,0,0.65,0,1,0,3.019999999999982
L012048,5A-5,sub_main,306.0,7268.5,267.32,3.11,9.62,160,200,0.366,0.5,0.73,0.839,0.603,0,0.65,1,1,0,4.916999999999973
L012041,5A-5,lateral,53.0,838.7,46.0,3.57,1.9,160,200,0.503,0.5,1.01,0.281,0.462,0,0.65,0,1,0,2.92999999999995
L012047,5A-5,sub_main,306.0,7237.2,267.3,3.11,9.62,160,200,0.362,0.5,0.72,0.845,0.599,0,0.65,1,1,0,4.861999999999966
L012343,5A-5,lateral,52.0,818.9,45.13,3.57,1.86,160,200,0.5,0.5,1.0,0.279,0.458,0,0.65,0,1,0,3.160000000000025
L012340,5A-5,lateral,22.0,158.6,18.96,3.57,0.78,160,200,0.585,0.5,1.17,0.175,0.373,0,0.65,0,1,0,1.189999999999998
L012348,5A-5,lateral,10.0,201.0,8.71,3.57,0.36,160,200,0.474,0.5,0.95,0.128,0.272,0,0.65,0,1,0,2.300000000000011
L012344,5A-5,lateral,42.0,595.9,36.4,3.57,1.5,160,200,0.482,0.5,0.96,0.253,0.424,0,0.65,0,1,0,3.54000000000002
L012334,5A-5,lateral,32.0,115.6,27.49,3.57,1.14,160,200,1.098,0.5,2.2,0.18,0.522,0,0.65,0,1,0,2.039999999999964
L012335,5A-5,lateral,32.0,77.4,27.46,3.57,1.13,160,200,1.115,0.5,2.23,0.179,0.524,0,0.65,0,1,0,1.680000000000007
L012451,5A-5,lateral,8.0,59.8,6.9,3.57,0.28,160,200,0.599,0.5,1.2,0.108,0.274,0,0.65,0,1,0,2.37700000000001
L011599,5A-5,lateral,4.0,17.8,3.44,3.57,0.14,160,200,0.596,0.5,1.19,0.079,0.218,0,0.65,0,1,0,2.676000000000045
L012450,5A-5,lateral,7.0,38.6,6.02,3.57,0.25,160,200,0.596,0.5,1.19,0.102,0.262,0,0.65,0,1,0,1.879999999999995
L012475,5A-5,lateral,0.0,23.5,0.02,3.57,0.0,160,200,5.739,0.5,11.48,0.005,0.063,0,0.65,0,1,0,2.639999999999986
L011621,5A-5,lateral,2.0,24.4,1.73,3.57,0.07,160,200,0.575,0.5,1.15,0.058,0.171,0,0.65,0,1,0,2.539999999999964
L011622,5A-5,lateral,2.0,87.5,1.78,3.57,0.07,160,200,0.603,0.5,1.21,0.058,0.176,0,0.65,0,1,0,2.508999999999958
L012464,5A-5,lateral,0.0,25.1,0.02,3.57,0.0,160,200,0.598,0.5,1.2,0.008,0.032,0,0.65,0,1,0,1.870000000000005
L011789,5A-5,lateral,1.0,27.4,0.88,3.57,0.04,160,200,2.189,0.5,4.38,0.032,0.213,0,0.65,0,1,0,1.600000000000023
L011626,5A-5,lateral,4.0,60.1,3.47,3.57,0.14,160,200,0.599,0.5,1.2,0.079,0.219,0,0.65,0,1,0,0.409999999999968
L011995,5A-5,trunk_main,491.0,16893.5,432.7,2.93,14.69,200,200,0.209,0.5,0.42,,,1,0.65,0,0,0,2.668000000000006
L012462,5A-5,lateral,15.0,366.7,13.11,3.57,0.54,160,200,0.499,0.5,1.0,0.153,0.315,0,0.65,0,1,0,3.839999999999975
L011625,5A-5,lateral,15.0,327.2,13.08,3.57,0.54,160,200,0.498,0.5,1.0,0.153,0.314,0,0.65,0,1,0,5.272999999999968
L012458,5A-5,lateral,4.0,28.1,3.45,3.57,0.14,160,200,0.599,0.5,1.2,0.079,0.218,0,0.65,0,1,0,1.338000000000022
L011996,5A-5,trunk_main,490.0,16856.6,431.82,2.93,14.66,200,200,0.209,0.5,0.42,,,1,0.65,0,0,0,3.571000000000026
L012463,5A-5,lateral,14.0,301.5,12.21,3.57,0.5,160,200,0.497,0.5,0.99,0.148,0.307,0,0.65,0,1,0,4.714999999999975
L011997,5A-5,sub_main,472.0,12865.4,413.53,2.95,14.11,160,200,0.074,0.5,0.15,,,1,0.65,0,0,0,5.769999999999982
L012098,5A-5,sub_main,18.0,3957.2,18.27,3.57,0.75,160,200,0.321,0.5,0.64,0.2,0.298,0,0.65,0,1,0,5.769999999999982
L011646,5A-5,lateral,1.0,24.2,0.87,3.57,0.04,160,200,8.712,0.5,17.42,0.023,0.337,0,0.65,0,1,0,1.970000000000027
L012349,5A-5,lateral,10.0,171.4,8.69,3.57,0.36,160,200,0.497,0.5,0.99,0.126,0.276,0,0.65,0,1,0,1.410000000000025
L012341,5A-5,lateral,22.0,119.2,18.93,3.57,0.78,160,200,0.584,0.5,1.17,0.175,0.373,0,0.65,0,1,0,0.850000000000023
L012350,5A-5,lateral,8.0,139.3,6.95,3.57,0.29,160,200,0.517,0.5,1.03,0.112,0.261,0,0.65,0,1,0,1.029999999999973
L012345,5A-5,lateral,38.0,556.5,32.95,3.57,1.36,160,200,0.506,0.5,1.01,0.238,0.419,0,0.65,0,1,0,2.589999999999975
L012162,5A-5,lateral,15.0,95.3,12.92,3.57,0.53,160,200,0.622,0.5,1.24,0.144,0.338,0,0.65,0,1,0,1.189999999999998
L012720,5A-5,lateral,14.0,202.1,12.14,3.57,0.5,160,200,0.59,0.5,1.18,0.141,0.326,0,0.65,0,1,0,0.769999999999982
L012346,5A-5,lateral,22.0,316.8,19.07,3.57,0.79,160,200,0.486,0.5,0.97,0.184,0.35,0,0.65,0,1,0,2.0
L012342,5A-5,lateral,5.0,64.8,4.33,3.57,0.18,160,200,4.07,0.5,8.14,0.056,0.453,0,0.65,0,1,0,1.0
L012352,5A-5,lateral,13.0,171.6,11.26,3.57,0.46,160,200,0.424,0.5,0.85,0.148,0.283,0,0.65,0,1,0,0.75
L012347,5A-5,lateral,21.0,288.0,18.19,3.57,0.75,160,200,0.506,0.5,1.01,0.178,0.35,0,0.65,0,1,0,1.75
L012746,5A-5,lateral,11.0,117.0,9.51,3.57,0.39,160,200,0.507,0.5,1.01,0.131,0.286,0,0.65,0,1,0,3.28000000000003
L011730,5A-5,lateral,8.0,204.5,7.0,3.57,0.29,160,200,0.507,0.5,1.01,0.113,0.259,0,0.65,0,1,0,4.129999999999995
L012745,5A-5,lateral,7.0,77.5,6.05,3.57,0.25,160,200,0.48,0.5,0.96,0.107,0.243,0,0.65,0,1,0,3.310000000000002
L012264,5A-5,lateral,7.0,169.0,6.12,3.57,0.25,160,200,0.527,0.5,1.05,0.106,0.252,0,0.65,0,1,0,4.04000000000002
L011681,5A-5,lateral,4.0,52.5,3.46,3.57,0.14,160,200,0.519,0.5,1.04,0.082,0.208,0,0.65,0,1,0,2.509999999999991
L012263,5A-5,lateral,6.0,136.7,5.24,3.57,0.22,160,200,0.485,0.5,0.97,0.1,0.233,0,0.65,0,1,0,2.939999999999998
L009488,5A-5,lateral,0.0,19.2,0.01,3.57,0.0,160,200,0.601,0.5,1.2,0.008,0.028,0,0.65,0,1,0,0.800000000000011
L011729,5A-5,lateral,3.0,105.8,2.65,3.57,0.11,160,200,0.499,0.5,1.0,0.073,0.188,0,0.65,0,1,0,2.090000000000032
L012262,5A-5,lateral,0.0,49.2,0.04,3.57,0.0,160,200,0.6,0.5,1.2,0.011,0.042,0,0.65,0,1,0,1.180000000000007
L011679,5A-5,lateral,3.0,30.6,2.59,3.57,0.11,160,200,1.014,0.5,2.03,0.061,0.238,0,0.65,0,1,0,1.28000000000003
L011680,5A-5,lateral,3.0,31.3,2.59,3.57,0.11,160,200,0.608,0.5,1.22,0.069,0.2,0,0.65,0,1,0,1.430000000000007
L012311,5A-5,lateral,16.0,275.8,13.9,3.57,0.57,160,200,0.617,0.5,1.23,0.149,0.345,0,0.65,0,1,0,2.450000000000045
L012312,5A-5,lateral,12.0,236.9,10.45,3.57,0.43,160,200,0.599,0.5,1.2,0.131,0.312,0,0.65,0,1,0,1.900000000000034
L012313,5A-5,lateral,9.0,196.8,7.85,3.57,0.32,160,200,0.586,0.5,1.17,0.116,0.283,0,0.65,0,1,0,1.629999999999995
L012314,5A-5,lateral,6.0,157.6,5.25,3.57,0.22,160,200,0.592,0.5,1.18,0.096,0.25,0,0.65,0,1,0,1.439999999999998
L012315,5A-5,lateral,5.0,128.8,4.38,3.57,0.18,160,200,0.61,0.5,1.22,0.087,0.238,0,0.65,0,1,0,1.649999999999977
L012316,5A-5,lateral,1.0,100.9,0.93,3.57,0.04,160,200,0.606,0.5,1.21,0.044,0.141,0,0.65,0,1,0,1.490000000000009
L011725,5A-5,lateral,18.0,260.7,15.6,3.57,0.64,160,200,1.105,0.5,2.21,0.137,0.438,0,0.65,0,1,0,1.050000000000011
L012317,5A-5,lateral,1.0,77.9,0.91,3.57,0.04,160,200,0.6,0.5,1.2,0.043,0.14,0,0.65,0,1,0,1.359999999999957
L011724,5A-5,lateral,15.0,222.7,13.01,3.57,0.54,160,200,1.093,0.5,2.19,0.126,0.413,0,0.65,0,1,0,2.649999999999977
L012046,5A-5,sub_main,306.0,7207.9,267.28,3.11,9.62,160,200,0.366,0.5,0.73,0.839,0.603,0,0.65,1,1,0,4.725999999999999
L011728,5A-5,lateral,24.0,346.5,20.81,3.57,0.86,160,200,1.1,0.5,2.2,0.157,0.479,0,0.65,0,1,0,1.769999999999982
L012045,5A-5,sub_main,306.0,7178.6,267.26,3.11,9.62,160,200,0.365,0.5,0.73,0.841,0.601,0,0.65,1,1,0,4.619000000000028
L012305,5A-5,lateral,47.0,860.7,40.88,3.57,1.69,160,200,0.602,0.5,1.2,0.253,0.476,0,0.65,0,1,0,2.670000000000016
L011727,5A-5,lateral,22.0,317.5,19.07,3.57,0.79,160,200,1.153,0.5,2.31,0.149,0.474,0,0.65,0,1,0,1.490000000000009
L012044,5A-5,sub_main,306.0,7153.7,267.24,3.11,9.62,160,200,0.364,0.5,0.73,0.843,0.601,0,0.65,1,1,0,4.617999999999995
L011726,5A-5,lateral,22.0,291.4,19.05,3.57,0.79,160,200,1.106,0.5,2.21,0.151,0.467,0,0.65,0,1,0,1.289999999999964
L012043,5A-5,sub_main,306.0,7130.0,267.22,3.11,9.62,160,200,0.364,0.5,0.73,0.841,0.601,0,0.65,1,1,0,4.622000000000014
L012304,5A-5,lateral,47.0,890.0,40.9,3.57,1.69,160,200,0.614,0.5,1.23,0.252,0.479,0,0.65,0,1,0,2.870000000000005
L012042,5A-5,sub_main,306.0,7099.8,267.2,3.11,9.61,160,200,0.361,0.5,0.72,0.846,0.598,0,0.65,1,1,0,4.611999999999966
L012192,5A-5,lateral,0.0,447.4,0.32,3.57,0.01,160,200,0.44,0.5,0.88,0.03,0.087,0,0.65,0,1,0,3.220000000000027
L012211,5A-5,lateral,12.0,104.7,10.35,3.57,0.43,160,200,0.609,0.5,1.22,0.13,0.313,0,0.65,0,1,0,1.120000000000005
L012206,5A-5,lateral,16.0,213.4,13.86,3.57,0.57,160,200,3.872,0.5,7.74,0.096,0.651,0,0.65,0,1,0,1.0
L012191,5A-5,lateral,0.0,408.7,0.29,3.57,0.01,160,200,0.67,0.5,1.34,0.026,0.097,0,0.65,0,1,0,2.979999999999961
L012210,5A-5,lateral,10.0,73.5,8.62,3.57,0.36,160,200,0.584,0.5,1.17,0.121,0.291,0,0.65,0,1,0,1.03000000000003
L012205,5A-5,lateral,16.0,246.9,13.88,3.57,0.57,160,200,2.357,0.5,4.71,0.108,0.549,0,0.65,0,1,0,1.0
L012209,5A-5,lateral,9.0,51.2,7.75,3.57,0.32,160,200,1.795,0.5,3.59,0.088,0.415,0,0.65,0,1,0,1.0
L012208,5A-5,lateral,7.0,26.7,6.01,3.57,0.25,160,200,0.599,0.5,1.2,0.102,0.262,0,0.65,0,1,0,1.03000000000003
L012204,5A-5,lateral,17.0,276.0,14.76,3.57,0.61,160,200,0.583,0.5,1.17,0.156,0.345,0,0.65,0,1,0,1.180000000000007
L012203,5A-5,lateral,18.0,302.1,15.63,3.57,0.65,160,200,0.614,0.5,1.23,0.158,0.358,0,0.65,0,1,0,1.890000000000043
L012190,5A-5,lateral,0.0,374.4,0.27,3.57,0.01,160,200,0.668,0.5,1.34,0.025,0.094,0,0.65,0,1,0,2.82000000000005
L012189,5A-5,lateral,0.0,348.9,0.25,3.57,0.01,160,200,0.459,0.5,0.92,0.026,0.081,0,0.65,0,1,0,2.720000000000027
L011677,5A-5,lateral,0.0,19.3,0.01,3.57,0.0,160,200,0.571,0.5,1.14,0.008,0.028,0,0.65,0,1,0,1.220000000000027
L011678,5A-5,lateral,1.0,57.9,0.9,3.57,0.04,160,200,0.616,0.5,1.23,0.043,0.14,0,0.65,0,1,0,1.270000000000039
L011676,5A-5,lateral,1.0,17.5,0.87,3.57,0.04,160,200,3.83,0.5,7.66,0.028,0.256,0,0.65,0,1,0,1.319999999999993
L012188,5A-5,lateral,0.0,320.6,0.23,3.57,0.01,160,200,0.512,0.5,1.02,0.025,0.082,0,0.65,0,1,0,2.819999999999993
L012187,5A-5,lateral,0.0,293.3,0.21,3.57,0.01,160,200,0.586,0.5,1.17,0.023,0.083,0,0.65,0,1,0,2.579999999999984
L012186,5A-5,lateral,0.0,269.4,0.19,3.57,0.01,160,200,0.68,0.5,1.36,0.022,0.084,0,0.65,0,1,0,2.589999999999975
L012178,5A-5,lateral,0.0,31.8,0.02,3.57,0.0,160,200,0.503,0.5,1.01,0.01,0.033,0,0.65,0,1,0,1.240000000000009
L012185,5A-5,lateral,0.0,251.8,0.18,3.57,0.01,160,200,0.387,0.5,0.77,0.024,0.068,0,0.65,0,1,0,2.549999999999955
L012351,5A-5,lateral,4.0,100.6,3.5,3.57,0.14,160,200,0.485,0.5,0.97,0.083,0.204,0,0.65,0,1,0,1.060000000000002
L011878,5A-5,sub_main,259.0,6184.4,226.29,3.17,8.31,160,200,0.367,0.5,0.73,0.728,0.598,0,0.65,1,1,0,4.740000000000009
L012039,5A-5,lateral,1.0,63.4,0.9,3.57,0.04,160,200,0.5,0.5,1.0,0.045,0.131,0,0.65,0,1,0,1.120000000000005
L011877,5A-5,sub_main,228.0,5471.7,199.22,3.22,7.43,160,200,0.362,0.5,0.72,0.672,0.583,0,0.65,1,1,0,4.697000000000003
L011940,5A-5,lateral,31.0,687.3,27.05,3.57,1.12,160,200,0.506,0.5,1.01,0.216,0.395,0,0.65,0,1,0,2.259999999999991
L012038,5A-5,lateral,0.0,31.4,0.02,3.57,0.0,160,200,1.814,0.5,3.63,0.007,0.05,0,0.65,0,1,0,1.0
L011876,5A-5,sub_main,227.0,5438.3,198.34,3.22,7.4,160,200,0.364,0.5,0.73,0.669,0.585,0,0.65,1,1,0,4.73599999999999
L011936,5A-5,lateral,31.0,651.7,27.02,3.57,1.12,160,200,0.513,0.5,1.03,0.215,0.397,0,0.65,0,1,0,2.130000000000052
L011875,5A-5,sub_main,227.0,5401.8,198.31,3.22,7.4,160,200,0.364,0.5,0.73,0.669,0.585,0,0.65,1,1,0,4.723000000000013
L012360,5A-5,lateral,31.0,628.3,27.0,3.57,1.12,160,200,0.49,0.5,0.98,0.217,0.39,0,0.65,0,1,0,2.510000000000048
L011723,5A-5,lateral,13.0,187.0,11.27,3.57,0.47,160,200,1.124,0.5,2.25,0.117,0.398,0,0.65,0,1,0,2.009999999999991
L011722,5A-5,lateral,9.0,151.5,7.82,3.57,0.32,160,200,1.103,0.5,2.21,0.099,0.352,0,0.65,0,1,0,2.100000000000023
L011721,5A-5,lateral,7.0,121.5,6.08,3.57,0.25,160,200,1.093,0.5,2.19,0.089,0.323,0,0.65,0,1,0,1.599999999999966
L011874,5A-5,sub_main,227.0,5373.5,198.29,3.22,7.4,160,200,0.364,0.5,0.73,0.669,0.585,0,0.65,1,1,0,4.800000000000011
L011720,5A-5,lateral,5.0,84.0,4.34,3.57,0.18,160,200,1.069,0.5,2.14,0.076,0.288,0,0.65,0,1,0,1.0
L011675,5A-5,lateral,1.0,18.9,0.87,3.57,0.04,160,200,0.582,0.5,1.16,0.043,0.136,0,0.65,0,1,0,1.009999999999991
L011873,5A-5,sub_main,227.0,5336.7,198.27,3.22,7.4,160,200,0.364,0.5,0.73,0.669,0.584,0,0.65,1,1,0,4.915999999999997
L011719,5A-5,lateral,4.0,58.8,3.47,3.57,0.14,160,200,1.086,0.5,2.17,0.069,0.268,0,0.65,0,1,0,1.789999999999964
L012363,5A-5,lateral,17.0,314.5,14.79,3.57,0.61,160,200,0.503,0.5,1.01,0.161,0.328,0,0.65,0,1,0,2.760000000000048
L012070,5A-5,lateral,3.0,17.8,2.58,3.57,0.11,160,200,1.125,0.5,2.25,0.06,0.246,0,0.65,0,1,0,1.79000000000002
L012202,5A-5,lateral,18.0,317.9,15.65,3.57,0.65,160,200,0.633,0.5,1.27,0.157,0.361,0,0.65,0,1,0,2.129999999999995
L012201,5A-5,lateral,2.0,21.8,1.73,3.57,0.07,160,200,1.102,0.5,2.2,0.05,0.214,0,0.65,0,1,0,1.189999999999998
L012130,5A-5,lateral,18.0,353.5,15.67,3.57,0.65,160,200,0.589,0.5,1.18,0.16,0.353,0,0.65,0,1,0,3.300000000000011
L012200,5A-5,lateral,6.0,56.3,5.18,3.57,0.21,160,200,1.129,0.5,2.26,0.082,0.31,0,0.65,0,1,0,1.550000000000011
L012131,5A-5,lateral,18.0,380.1,15.69,3.57,0.65,160,200,0.602,0.5,1.2,0.159,0.355,0,0.65,0,1,0,3.0
L012199,5A-5,lateral,8.0,94.0,6.92,3.57,0.29,160,200,1.089,0.5,2.18,0.094,0.337,0,0.65,0,1,0,3.210000000000036
L012132,5A-5,lateral,18.0,411.9,15.71,3.57,0.65,160,200,0.628,0.5,1.26,0.158,0.361,0,0.65,0,1,0,3.329999999999984
L012198,5A-5,lateral,9.0,129.6,7.8,3.57,0.32,160,200,1.122,0.5,2.24,0.099,0.354,0,0.65,0,1,0,3.5
L012133,5A-5,lateral,22.0,446.0,19.16,3.57,0.79,160,200,0.587,0.5,1.17,0.176,0.375,0,0.65,0,1,0,2.78000000000003
L012183,5A-5,lateral,0.0,27.9,0.02,3.57,0.0,160,200,0.609,0.5,1.22,0.009,0.033,0,0.65,0,1,0,1.150000000000034
L012737,5A-5,lateral,19.0,370.8,16.54,3.57,0.68,160,200,0.498,0.5,1.0,0.171,0.338,0,0.65,0,1,0,2.819999999999993
L012355,5A-5,lateral,7.0,78.0,6.05,3.57,0.25,160,200,0.507,0.5,1.01,0.106,0.248,0,0.65,0,1,0,1.0
L012366,5A-5,lateral,12.0,237.1,10.45,3.57,0.43,160,200,1.895,0.5,3.79,0.1,0.465,0,0.65,0,1,0,0.800000000000011
L012735,5A-5,lateral,3.0,17.5,2.58,3.57,0.11,160,200,2.974,0.5,5.95,0.048,0.343,0,0.65,0,1,0,1.460000000000036
L012037,5A-5,lateral,6.0,50.4,5.18,3.57,0.21,160,200,0.511,0.5,1.02,0.098,0.236,0,0.65,0,1,0,1.670000000000016
L012364,5A-5,lateral,19.0,346.7,16.52,3.57,0.68,160,200,0.496,0.5,0.99,0.171,0.337,0,0.65,0,1,0,2.659999999999968
L012075,5A-5,lateral,3.0,15.3,2.58,3.57,0.11,160,200,0.587,0.5,1.17,0.069,0.197,0,0.65,0,1,0,1.360000000000014
L012367,5A-5,lateral,11.0,205.4,9.57,3.57,0.4,160,200,0.508,0.5,1.02,0.131,0.287,0,0.65,0,1,0,1.550000000000011
L012368,5A-5,lateral,9.0,179.8,7.84,3.57,0.32,160,200,0.488,0.5,0.98,0.121,0.265,0,0.65,0,1,0,0.860000000000014
L012369,5A-5,lateral,9.0,145.0,7.81,3.57,0.32,160,200,0.5,0.5,1.0,0.12,0.267,0,0.65,0,1,0,1.569999999999993
L011872,5A-5,sub_main,227.0,5299.3,198.24,3.22,7.4,160,200,0.365,0.5,0.73,0.668,0.585,0,0.65,1,1,0,4.71999999999997
L012362,5A-5,lateral,17.0,290.6,14.77,3.57,0.61,160,200,0.507,0.5,1.01,0.161,0.328,0,0.65,0,1,0,2.78000000000003
L011871,5A-5,sub_main,154.0,3817.3,134.65,3.38,5.26,160,200,0.51,0.5,1.02,0.484,0.616,0,0.65,0,1,0,4.759999999999991
L012361,5A-5,lateral,0.0,30.8,0.02,3.57,0.0,160,200,0.616,0.5,1.23,0.009,0.035,0,0.65,0,1,0,1.139999999999986
L012370,5A-5,lateral,16.0,240.0,13.88,3.57,0.57,160,200,0.496,0.5,0.99,0.157,0.32,0,0.65,0,1,0,2.519999999999982
L011909,5A-5,lateral,73.0,1449.2,63.57,3.57,2.62,160,200,0.381,0.5,0.76,0.358,0.459,0,0.65,0,1,0,2.220000000000027
L011870,5A-5,sub_main,154.0,3789.8,134.63,3.38,5.26,160,200,0.501,0.5,1.0,0.487,0.612,0,0.65,0,1,0,4.819999999999993
L011869,5A-5,sub_main,154.0,3763.9,134.61,3.38,5.26,160,200,0.498,0.5,1.0,0.487,0.611,0,0.65,0,1,0,4.759999999999991
L012371,5A-5,lateral,14.0,209.8,12.14,3.57,0.5,160,200,0.475,0.5,0.95,0.149,0.302,0,0.65,0,1,0,3.560000000000002
L012402,5A-5,lateral,36.0,560.1,31.24,3.57,1.29,160,200,0.607,0.5,1.21,0.221,0.44,0,0.65,0,1,0,2.5
L011647,5A-5,lateral,13.0,270.5,11.33,3.57,0.47,160,200,0.497,0.5,0.99,0.143,0.3,0,0.65,0,1,0,3.411000000000001
L011998,5A-5,sub_main,472.0,12832.8,413.51,2.95,14.11,160,200,0.074,0.5,0.15,,,1,0.65,0,0,0,6.355999999999995
L012469,5A-5,lateral,0.0,16.9,0.01,3.57,0.0,160,200,0.591,0.5,1.18,0.007,0.027,0,0.65,0,1,0,2.169999999999959
L011628,5A-5,lateral,3.0,81.8,2.63,3.57,0.11,160,200,0.495,0.5,0.99,0.073,0.187,0,0.65,0,1,0,2.170999999999992
L011999,5A-5,sub_main,472.0,12804.5,413.49,2.95,14.11,160,200,0.075,0.5,0.15,,,1,0.65,0,0,0,6.045000000000016
L012099,5A-5,sub_main,18.0,3922.9,18.24,3.57,0.75,160,200,0.281,0.5,0.56,0.206,0.285,0,0.65,0,1,0,5.0
L012468,5A-5,lateral,13.0,219.1,11.29,3.57,0.47,160,200,0.499,0.5,1.0,0.142,0.3,0,0.65,0,1,0,2.889999999999986
L012000,5A-5,sub_main,472.0,12772.3,413.46,2.95,14.11,160,200,0.073,0.5,0.15,,,1,0.65,0,0,0,6.331000000000017
L012467,5A-5,lateral,11.0,184.9,9.55,3.57,0.39,160,200,0.5,0.5,1.0,0.132,0.285,0,0.65,0,1,0,1.739000000000033
L012465,5A-5,lateral,5.0,114.0,4.36,3.57,0.18,160,200,0.493,0.5,0.99,0.092,0.221,0,0.65,0,1,0,2.210000000000036
L012474,5A-5,lateral,3.0,127.9,2.66,3.57,0.11,160,200,0.602,0.5,1.2,0.07,0.201,0,0.65,0,1,0,2.771999999999991
L012488,5A-5,lateral,2.0,28.3,1.73,3.57,0.07,160,200,6.568,0.5,13.14,0.034,0.39,0,0.65,0,1,0,1.860000000000014
L011790,5A-5,lateral,3.0,89.7,2.63,3.57,0.11,160,200,0.61,0.5,1.22,0.069,0.201,0,0.65,0,1,0,2.137
L012473,5A-5,lateral,4.0,161.7,3.54,3.57,0.15,160,200,0.603,0.5,1.21,0.08,0.221,0,0.65,0,1,0,2.815999999999974
L011788,5A-5,lateral,3.0,30.4,2.59,3.57,0.11,160,200,0.624,0.5,1.25,0.068,0.202,0,0.65,0,1,0,1.419999999999959
L012487,5A-5,lateral,3.0,121.3,2.66,3.57,0.11,160,200,0.61,0.5,1.22,0.07,0.202,0,0.65,0,1,0,1.769999999999982
L011791,5A-5,lateral,3.0,27.1,2.59,3.57,0.11,160,200,0.59,0.5,1.18,0.069,0.198,0,0.65,0,1,0,1.310000000000002
L012489,5A-5,lateral,6.0,257.3,5.32,3.57,0.22,160,200,0.674,0.5,1.35,0.093,0.262,0,0.65,0,1,0,3.529999999999973
L012471,5A-5,lateral,6.0,285.9,5.34,3.57,0.22,160,200,0.896,0.5,1.79,0.088,0.29,0,0.65,0,1,0,3.037000000000035
L012485,5A-5,lateral,9.0,322.8,7.94,3.57,0.33,160,200,0.602,0.5,1.2,0.115,0.287,0,0.65,0,1,0,2.420999999999992
L012353,5A-5,lateral,12.0,138.6,10.38,3.57,0.43,160,200,0.495,0.5,0.99,0.137,0.292,0,0.65,0,1,0,0.539999999999964
L012161,5A-5,lateral,4.0,34.5,3.45,3.57,0.14,160,200,0.579,0.5,1.16,0.079,0.216,0,0.65,0,1,0,1.300000000000011
L012354,5A-5,lateral,9.0,106.3,7.79,3.57,0.32,160,200,0.496,0.5,0.99,0.12,0.266,0,0.65,0,1,0,0.640000000000043
L012736,5A-5,lateral,21.0,260.3,18.17,3.57,0.75,160,200,0.519,0.5,1.04,0.177,0.353,0,0.65,0,1,0,1.670000000000016
L012040,5A-5,lateral,1.0,17.2,0.87,3.57,0.04,160,200,1.923,0.5,3.85,0.033,0.204,0,0.65,0,1,0,1.319999999999993
L012153,5A-5,lateral,18.0,208.5,15.57,3.57,0.64,160,200,0.601,0.5,1.2,0.158,0.354,0,0.65,0,1,0,1.21999999999997
L012356,5A-5,lateral,16.0,171.9,13.83,3.57,0.57,160,200,0.579,0.5,1.16,0.151,0.337,0,0.65,0,1,0,1.110000000000014
L012357,5A-5,lateral,11.0,149.5,9.53,3.57,0.39,160,200,0.599,0.5,1.2,0.126,0.303,0,0.65,0,1,0,1.639999999999986
L012490,5A-5,lateral,4.0,219.0,3.58,3.57,0.15,160,200,0.677,0.5,1.35,0.078,0.231,0,0.65,0,1,0,2.951999999999998
L012359,5A-5,lateral,8.0,112.7,6.93,3.57,0.29,160,200,0.604,0.5,1.21,0.108,0.275,0,0.65,0,1,0,1.310000000000002
L012100,5A-5,sub_main,17.0,3894.4,17.36,3.57,0.72,160,200,0.309,0.5,0.62,0.196,0.29,0,0.65,0,1,0,4.949999999999989
L012466,5A-5,lateral,8.0,148.1,6.96,3.57,0.29,160,200,0.497,0.5,0.99,0.114,0.257,0,0.65,0,1,0,1.634999999999991
L012001,5A-5,sub_main,472.0,12734.2,413.44,2.95,14.11,160,200,0.075,0.5,0.15,,,1,0.65,0,0,0,6.363
L011604,5A-5,lateral,3.0,31.7,2.59,3.57,0.11,160,200,0.602,0.5,1.2,0.069,0.199,0,0.65,0,1,0,1.250999999999976
L011627,5A-5,lateral,3.0,12.9,2.58,3.57,0.11,160,200,0.699,0.5,1.4,0.067,0.209,0,0.65,0,1,0,1.110000000000014
L012536,5A-5,lateral,3.0,54.4,2.61,3.57,0.11,160,200,0.6,0.5,1.2,0.069,0.199,0,0.65,0,1,0,1.396999999999991
L012101,5A-5,sub_main,16.0,3862.1,16.48,3.57,0.68,160,200,0.267,0.5,0.53,0.199,0.271,0,0.65,0,1,0,4.839999999999975
L012002,5A-5,sub_main,472.0,12699.4,413.41,2.95,14.11,160,200,0.075,0.5,0.15,,,1,0.65,0,0,0,5.787000000000035
L012543,5A-5,lateral,3.0,83.7,2.63,3.57,0.11,160,200,0.601,0.5,1.2,0.07,0.2,0,0.65,0,1,0,1.613
L011631,5A-5,lateral,6.0,311.9,5.36,3.57,0.22,160,200,0.901,0.5,1.8,0.088,0.291,0,0.65,0,1,0,3.021000000000015
L012472,5A-5,lateral,4.0,200.6,3.57,3.57,0.15,160,200,0.603,0.5,1.21,0.08,0.221,0,0.65,0,1,0,2.740000000000009
L011792,5A-5,lateral,7.0,167.4,6.12,3.57,0.25,160,200,0.617,0.5,1.23,0.102,0.266,0,0.65,0,1,0,1.87700000000001
L011624,5A-5,lateral,6.0,262.6,5.33,3.57,0.22,160,200,0.9,0.5,1.8,0.087,0.29,0,0.65,0,1,0,2.927999999999997
L012486,5A-5,lateral,7.0,184.1,6.13,3.57,0.25,160,200,0.618,0.5,1.24,0.102,0.266,0,0.65,0,1,0,1.769999999999982
L011793,5A-5,lateral,20.0,708.4,17.64,3.57,0.73,160,200,0.601,0.5,1.2,0.168,0.368,0,0.65,0,1,0,2.585000000000036
L011623,5A-5,lateral,2.0,33.4,1.74,3.57,0.07,160,200,0.899,0.5,1.8,0.053,0.2,0,0.65,0,1,0,2.740000000000009
L012138,5A-5,lateral,10.0,352.5,8.82,3.57,0.36,160,200,0.603,0.5,1.21,0.121,0.297,0,0.65,0,1,0,2.409999999999968
L011794,5A-5,lateral,20.0,736.6,17.66,3.57,0.73,160,200,0.599,0.5,1.2,0.168,0.368,0,0.65,0,1,0,3.814000000000021
L012483,5A-5,lateral,13.0,509.8,11.5,3.57,0.47,160,200,0.601,0.5,1.2,0.137,0.322,0,0.65,0,1,0,2.41799999999995
L012484,5A-5,lateral,13.0,482.7,11.48,3.57,0.47,160,200,0.602,0.5,1.2,0.137,0.322,0,0.65,0,1,0,3.65500000000003
L012003,5A-5,sub_main,472.0,12661.9,413.38,2.95,14.11,160,200,0.073,0.5,0.15,,,1,0.65,0,0,0,6.959000000000003
L012102,5A-5,sub_main,14.0,3835.9,14.75,3.57,0.61,160,200,0.329,0.5,0.66,0.179,0.282,0,0.65,0,1,0,4.779999999999973
L012542,5A-5,lateral,3.0,119.5,2.66,3.57,0.11,160,200,0.602,0.5,1.2,0.07,0.201,0,0.65,0,1,0,1.908999999999992
L012470,5A-5,lateral,6.0,334.0,5.38,3.57,0.22,160,200,0.899,0.5,1.8,0.088,0.291,0,0.65,0,1,0,3.319999999999993
L012004,5A-5,sub_main,472.0,12622.3,413.36,2.95,14.11,160,200,0.074,0.5,0.15,,,1,0.65,0,0,0,6.970000000000027
L012541,5A-5,lateral,5.0,153.4,4.39,3.57,0.18,160,200,0.602,0.5,1.2,0.088,0.237,0,0.65,0,1,0,2.453000000000031
L012103,5A-5,sub_main,12.0,3808.5,13.02,3.57,0.54,160,200,0.287,0.5,0.57,0.174,0.259,0,0.65,0,1,0,4.819999999999993
L012005,5A-5,sub_main,466.0,12252.0,407.95,2.95,13.95,160,200,0.073,0.5,0.15,,,1,0.65,0,0,0,5.543000000000006
L012540,5A-5,lateral,5.0,183.6,4.41,3.57,0.18,160,200,0.604,0.5,1.21,0.088,0.238,0,0.65,0,1,0,2.314999999999998
L012539,5A-5,lateral,5.0,210.1,4.43,3.57,0.18,160,200,0.601,0.5,1.2,0.088,0.237,0,0.65,0,1,0,2.234000000000037
L011787,5A-5,lateral,4.0,193.0,3.56,3.57,0.15,160,200,0.674,0.5,1.35,0.078,0.23,0,0.65,0,1,0,2.20599999999996
L012358,5A-5,lateral,7.0,76.3,6.05,3.57,0.25,160,200,1.839,0.5,3.68,0.078,0.386,0,0.65,0,1,0,1.0
L011674,5A-5,lateral,2.0,18.7,1.73,3.57,0.07,160,200,0.588,0.5,1.18,0.058,0.173,0,0.65,0,1,0,2.039999999999964
L011786,5A-5,lateral,1.0,31.8,0.88,3.57,0.04,160,200,0.598,0.5,1.2,0.043,0.138,0,0.65,0,1,0,1.260000000000048
L012491,5A-5,lateral,3.0,128.9,2.66,3.57,0.11,160,200,0.673,0.5,1.35,0.068,0.209,0,0.65,0,1,0,1.758000000000038
L012036,5A-5,lateral,3.0,20.1,2.58,3.57,0.11,160,200,0.598,0.5,1.2,0.069,0.199,0,0.65,0,1,0,0.810000000000002
L011785,5A-5,lateral,1.0,89.6,0.92,3.57,0.04,160,200,0.676,0.5,1.35,0.042,0.146,0,0.65,0,1,0,1.444000000000017
L011783,5A-5,lateral,0.0,33.7,0.02,3.57,0.0,160,200,0.534,0.5,1.07,0.01,0.034,0,0.65,0,1,0,1.060000000000002
L011943,5A-5,lateral,1.0,21.2,0.87,3.57,0.04,160,200,0.613,0.5,1.23,0.042,0.139,0,0.65,0,1,0,1.069999999999993
L011944,5A-5,lateral,0.0,21.2,0.02,3.57,0.0,160,200,5.238,0.5,10.48,0.005,0.058,0,0.65,0,1,0,1.170000000000016
L011795,5A-5,lateral,1.0,33.0,0.88,3.57,0.04,160,200,0.696,0.5,1.39,0.041,0.145,0,0.65,0,1,0,1.060000000000002
L012477,5A-5,lateral,20.0,762.5,17.68,3.57,0.73,160,200,0.603,0.5,1.21,0.168,0.369,0,0.65,0,1,0,2.550000000000011
L011796,5A-5,lateral,12.0,421.5,10.58,3.57,0.44,160,200,0.601,0.5,1.2,0.132,0.314,0,0.65,0,1,0,2.575999999999965
L012006,5A-5,sub_main,450.0,11114.8,393.43,2.97,13.51,160,200,0.398,0.5,0.8,,,1,0.65,0,0,0,3.920000000000016
L011797,5A-5,lateral,13.0,451.8,11.46,3.57,0.47,160,200,0.602,0.5,1.2,0.137,0.322,0,0.65,0,1,0,2.649000000000001
L012007,5A-5,sub_main,450.0,11090.7,393.41,2.97,13.51,160,200,0.401,0.5,0.8,,,1,0.65,0,0,0,3.924000000000035
L012479,5A-5,lateral,19.0,265.8,16.46,3.57,0.68,160,200,0.599,0.5,1.2,0.163,0.36,0,0.65,0,1,0,1.519999999999982
L012476,5A-5,lateral,40.0,1053.6,35.02,3.57,1.45,160,200,0.563,0.5,1.13,0.239,0.443,0,0.65,0,1,0,2.552999999999997
L011731,5A-5,sub_main,438.0,10662.0,382.82,2.98,13.19,160,200,0.511,0.5,1.02,,,1,0.65,0,0,0,3.880000000000052
L012561,5A-5,lateral,12.0,405.3,10.57,3.57,0.44,160,200,0.606,0.5,1.21,0.132,0.315,0,0.65,0,1,0,3.78000000000003
L012104,5A-5,sub_main,7.0,3777.2,8.72,3.57,0.36,160,200,0.303,0.5,0.61,0.142,0.232,0,0.65,0,1,0,4.639999999999986
L012535,5A-5,lateral,16.0,1105.6,14.5,3.57,0.6,160,200,0.5,0.5,1.0,0.16,0.325,0,0.65,0,1,0,6.019999999999982
L012538,5A-5,lateral,5.0,237.9,4.45,3.57,0.18,160,200,0.602,0.5,1.2,0.088,0.238,0,0.65,0,1,0,2.702000000000055
L011605,5A-5,lateral,16.0,1075.4,14.48,3.57,0.6,160,200,0.501,0.5,1.0,0.16,0.325,0,0.65,0,1,0,5.638999999999953
L011608,5A-5,lateral,0.0,20.9,0.02,3.57,0.0,160,200,0.627,0.5,1.25,0.008,0.03,0,0.65,0,1,0,0.770999999999958
L012537,5A-5,lateral,5.0,260.9,4.47,3.57,0.18,160,200,0.6,0.5,1.2,0.089,0.238,0,0.65,0,1,0,3.090000000000032
L012105,5A-5,sub_main,6.0,3740.9,7.83,3.57,0.32,160,200,0.289,0.5,0.58,0.137,0.221,0,0.65,0,1,0,4.539999999999964
L011607,5A-5,lateral,11.0,792.7,9.99,3.57,0.41,160,200,0.5,0.5,1.0,0.134,0.289,0,0.65,0,1,0,5.660000000000025
L012548,5A-5,lateral,1.0,48.8,0.89,3.57,0.04,160,200,0.627,0.5,1.25,0.042,0.141,0,0.65,0,1,0,1.156000000000006
L011606,5A-5,lateral,10.0,771.3,9.12,3.57,0.38,160,200,0.5,0.5,1.0,0.129,0.281,0,0.65,0,1,0,5.563000000000045
L012478,5A-5,lateral,19.0,236.1,16.44,3.57,0.68,160,200,0.596,0.5,1.19,0.163,0.359,0,0.65,0,1,0,1.572000000000003
L011817,5A-5,lateral,40.0,1081.4,35.04,3.57,1.45,160,200,0.565,0.5,1.13,0.239,0.444,0,0.65,0,1,0,3.050000000000011
L011620,5A-5,lateral,12.0,382.2,10.55,3.57,0.44,160,200,0.603,0.5,1.21,0.132,0.314,0,0.65,0,1,0,3.569999999999993
L011732,5A-5,sub_main,438.0,10624.8,382.8,2.98,13.19,160,200,0.301,0.5,0.6,,,1,0.65,0,0,0,3.710000000000036
L011782,5A-5,lateral,18.0,204.7,15.56,3.57,0.64,160,200,0.598,0.5,1.2,0.159,0.354,0,0.65,0,1,0,1.545000000000016
L012562,5A-5,lateral,12.0,363.3,10.54,3.57,0.44,160,200,0.603,0.5,1.21,0.132,0.314,0,0.65,0,1,0,3.505999999999972
L011733,5A-5,sub_main,398.0,9507.4,347.73,3.01,12.12,160,200,0.302,0.5,0.6,,,1,0.65,0,0,0,3.872000000000014
L012481,5A-5,lateral,13.0,169.1,11.26,3.57,0.46,160,200,0.597,0.5,1.19,0.136,0.319,0,0.65,0,1,0,1.531999999999982
L011617,5A-5,lateral,11.0,337.7,9.66,3.57,0.4,160,200,0.602,0.5,1.2,0.126,0.305,0,0.65,0,1,0,3.531999999999982
L011734,5A-5,sub_main,398.0,9476.0,347.71,3.01,12.12,160,200,0.302,0.5,0.6,,,1,0.65,0,0,0,3.786999999999978
L012748,5A-5,lateral,0.0,64.9,0.05,3.57,0.0,160,200,0.484,0.5,0.97,0.013,0.044,0,0.65,0,1,0,2.140000000000043
L012184,5A-5,lateral,0.0,228.5,0.16,3.57,0.01,160,200,0.415,0.5,0.83,0.023,0.067,0,0.65,0,1,0,2.300000000000011
L012179,5A-5,lateral,0.0,88.9,0.06,3.57,0.0,160,200,0.624,0.5,1.25,0.014,0.054,0,0.65,0,1,0,2.25
L012180,5A-5,lateral,0.0,113.1,0.08,3.57,0.0,160,200,0.473,0.5,0.95,0.016,0.054,0,0.65,0,1,0,1.769999999999982
L012181,5A-5,lateral,0.0,85.6,0.06,3.57,0.0,160,200,0.634,0.5,1.27,0.014,0.053,0,0.65,0,1,0,1.579999999999984
L012182,5A-5,lateral,0.0,61.9,0.04,3.57,0.0,160,200,0.587,0.5,1.17,0.012,0.046,0,0.65,0,1,0,1.589999999999975
L011867,5A-5,sub_main,154.0,3687.8,134.56,3.38,5.26,160,200,0.501,0.5,1.0,0.486,0.612,0,0.65,0,1,0,4.850000000000023
L011866,5A-5,sub_main,154.0,3651.9,134.53,3.38,5.26,160,200,0.5,0.5,1.0,0.487,0.611,0,0.65,0,1,0,4.849999999999966
L011865,5A-5,sub_main,154.0,3615.9,134.5,3.38,5.26,160,200,0.504,0.5,1.01,0.486,0.613,0,0.65,0,1,0,4.639999999999986
L012407,5A-5,lateral,23.0,247.5,19.88,3.57,0.82,160,200,0.599,0.5,1.2,0.178,0.382,0,0.65,0,1,0,2.389999999999986
L012376,5A-5,lateral,37.0,852.9,32.3,3.57,1.33,160,200,0.378,0.5,0.76,0.253,0.376,0,0.65,0,1,0,2.641999999999996
L012403,5A-5,lateral,30.0,368.0,25.96,3.57,1.07,160,200,0.606,0.5,1.21,0.202,0.416,0,0.65,0,1,0,2.59699999999998
L011868,5A-5,sub_main,154.0,3725.7,134.58,3.38,5.26,160,200,0.501,0.5,1.0,0.486,0.612,0,0.65,0,1,0,4.889999999999986
L012398,5A-5,lateral,5.0,157.5,4.4,3.57,0.18,160,200,1.398,0.5,2.8,0.072,0.317,0,0.65,0,1,0,0.796999999999969
L012404,5A-5,lateral,30.0,340.0,25.94,3.57,1.07,160,200,0.6,0.5,1.2,0.203,0.414,0,0.65,0,1,0,3.139999999999986
L012378,5A-5,lateral,37.0,821.7,32.28,3.57,1.33,160,200,0.381,0.5,0.76,0.253,0.377,0,0.65,0,1,0,2.73399999999998
L012405,5A-5,lateral,28.0,313.3,24.21,3.57,1.0,160,200,0.604,0.5,1.21,0.196,0.407,0,0.65,0,1,0,3.060000000000002
L012399,5A-5,lateral,5.0,133.2,4.38,3.57,0.18,160,200,1.396,0.5,2.79,0.072,0.316,0,0.65,0,1,0,1.310000000000002
L012406,5A-5,lateral,24.0,285.1,20.76,3.57,0.86,160,200,0.584,0.5,1.17,0.183,0.383,0,0.65,0,1,0,2.70999999999998
L012377,5A-5,lateral,37.0,788.1,32.26,3.57,1.33,160,200,0.38,0.5,0.76,0.253,0.376,0,0.65,0,1,0,3.975999999999999
L012372,5A-5,lateral,13.0,180.3,11.26,3.57,0.47,160,200,0.502,0.5,1.0,0.142,0.301,0,0.65,0,1,0,4.310000000000002
L012365,5A-5,lateral,5.0,105.0,4.36,3.57,0.18,160,200,0.528,0.5,1.06,0.09,0.226,0,0.65,0,1,0,2.899999999999977
L012373,5A-5,lateral,9.0,150.4,7.82,3.57,0.32,160,200,0.51,0.5,1.02,0.119,0.269,0,0.65,0,1,0,4.75
L011939,5A-5,lateral,3.0,78.4,2.63,3.57,0.11,160,200,0.505,0.5,1.01,0.072,0.188,0,0.65,0,1,0,2.840000000000032
L011937,5A-5,lateral,2.0,26.7,1.73,3.57,0.07,160,200,0.599,0.5,1.2,0.058,0.174,0,0.65,0,1,0,2.620000000000005
L011938,5A-5,lateral,0.0,26.0,0.02,3.57,0.0,160,200,2.038,0.5,4.08,0.007,0.048,0,0.65,0,1,0,2.720000000000027
L012374,5A-5,lateral,7.0,121.0,6.08,3.57,0.25,160,200,0.485,0.5,0.97,0.107,0.244,0,0.65,0,1,0,4.340000000000032
L012214,5A-5,lateral,7.0,88.1,6.06,3.57,0.25,160,200,0.509,0.5,1.02,0.106,0.248,0,0.65,0,1,0,2.339999999999975
L012215,5A-5,lateral,2.0,28.6,1.73,3.57,0.07,160,200,0.595,0.5,1.19,0.058,0.174,0,0.65,0,1,0,1.870000000000005
L012375,5A-5,lateral,4.0,26.1,3.44,3.57,0.14,160,200,1.687,0.5,3.37,0.062,0.311,0,0.65,0,1,0,1.96999999999997
L011864,5A-5,sub_main,154.0,3578.2,134.48,3.38,5.26,160,200,0.505,0.5,1.01,0.485,0.614,0,0.65,0,1,0,4.669999999999959
L012408,5A-5,lateral,20.0,214.0,17.28,3.57,0.71,160,200,0.587,0.5,1.17,0.168,0.363,0,0.65,0,1,0,1.560000000000002
L012409,5A-5,lateral,17.0,181.7,14.69,3.57,0.61,160,200,0.62,0.5,1.24,0.153,0.352,0,0.65,0,1,0,1.370000000000005
L011863,5A-5,sub_main,154.0,3538.6,134.45,3.38,5.26,160,200,0.498,0.5,1.0,0.487,0.61,0,0.65,0,1,0,4.519999999999982
L012410,5A-5,lateral,13.0,152.7,11.24,3.57,0.46,160,200,0.577,0.5,1.15,0.137,0.315,0,0.65,0,1,0,1.449999999999989
L011862,5A-5,sub_main,154.0,3498.4,134.42,3.38,5.26,160,200,0.498,0.5,1.0,0.487,0.61,0,0.65,0,1,0,4.259999999999991
L011859,5A-5,sub_main,96.0,2192.5,83.8,3.57,3.46,160,200,2.101,0.5,4.2,0.265,0.917,0,0.65,0,0,0,4.96999999999997
L011860,5A-5,sub_main,154.0,3430.9,134.37,3.38,5.25,160,200,0.503,0.5,1.01,0.485,0.613,0,0.65,0,1,0,4.620000000000005
L011861,5A-5,sub_main,154.0,3460.2,134.39,3.38,5.26,160,200,0.443,0.5,0.89,0.504,0.584,0,0.65,0,1,0,3.740000000000009
L012411,5A-5,lateral,11.0,123.2,9.51,3.57,0.39,160,200,0.606,0.5,1.21,0.125,0.304,0,0.65,0,1,0,1.370000000000005
L012400,5A-5,lateral,4.0,90.1,3.49,3.57,0.14,160,200,1.396,0.5,2.79,0.065,0.293,0,0.65,0,1,0,2.088999999999999
L012379,5A-5,lateral,37.0,750.2,32.23,3.57,1.33,160,200,0.379,0.5,0.76,0.253,0.376,0,0.65,0,1,0,4.572000000000003
L011908,5A-5,lateral,2.0,56.6,1.75,3.57,0.07,160,200,1.399,0.5,2.8,0.048,0.233,0,0.65,0,1,0,1.240999999999985
L012380,5A-5,lateral,37.0,718.8,32.21,3.57,1.33,160,200,0.381,0.5,0.76,0.253,0.376,0,0.65,0,1,0,3.883000000000038
L012401,5A-5,lateral,1.0,26.9,0.88,3.57,0.04,160,200,1.395,0.5,2.79,0.035,0.183,0,0.65,0,1,0,0.995000000000005
L012381,5A-5,lateral,37.0,666.6,32.17,3.57,1.33,160,200,0.38,0.5,0.76,0.253,0.376,0,0.65,0,1,0,1.23399999999998
L012382,5A-5,lateral,36.0,638.4,31.29,3.57,1.29,160,200,0.381,0.5,0.76,0.249,0.373,0,0.65,0,1,0,1.176999999999964
L012383,5A-5,lateral,32.0,610.6,27.85,3.57,1.15,160,200,0.38,0.5,0.76,0.235,0.36,0,0.65,0,1,0,2.520999999999958
L012384,5A-5,lateral,29.0,575.4,25.25,3.57,1.04,160,200,0.38,0.5,0.76,0.224,0.35,0,0.65,0,1,0,3.847000000000037
L012385,5A-5,lateral,24.0,543.8,20.95,3.57,0.86,160,200,0.378,0.5,0.76,0.205,0.33,0,0.65,0,1,0,3.347000000000037
L012014,5A-5,sub_main,24.0,478.0,20.9,3.57,0.86,160,200,4.58,0.5,9.16,0.112,0.786,0,0.65,0,0,0,4.819999999999993
L012013,5A-5,sub_main,61.0,1291.7,53.18,3.57,2.2,160,200,0.399,0.5,0.8,0.322,0.443,0,0.65,0,1,0,4.710000000000036
L012012,5A-5,sub_main,61.0,1330.5,53.2,3.57,2.2,160,200,0.516,0.5,1.03,0.301,0.486,0,0.65,0,1,0,4.70999999999998
L012011,5A-5,sub_main,61.0,1359.4,53.23,3.57,2.2,160,200,0.485,0.5,0.97,0.306,0.476,0,0.65,0,1,0,4.579999999999984
L012010,5A-5,sub_main,64.0,1398.9,55.82,3.57,2.31,160,200,0.505,0.5,1.01,0.31,0.489,0,0.65,0,1,0,5.189999999999998
L012009,5A-5,sub_main,95.0,2110.2,82.89,3.57,3.42,160,200,0.5,0.5,1.0,0.383,0.545,0,0.65,0,1,0,5.600000000000023
L011857,5A-5,sub_main,95.0,2151.0,82.92,3.57,3.42,160,200,0.517,0.5,1.03,0.38,0.552,0,0.65,0,1,0,4.730000000000018
L012008,5A-5,sub_main,95.0,2131.7,82.9,3.57,3.42,160,200,0.511,0.5,1.02,0.381,0.55,0,0.65,0,1,0,4.75
L011858,5A-5,sub_main,95.0,2172.5,82.93,3.57,3.42,160,200,0.466,0.5,0.93,0.391,0.532,0,0.65,0,1,0,4.629999999999995
L012432,5A-5,lateral,36.0,788.7,31.4,3.57,1.3,160,200,0.596,0.5,1.19,0.223,0.438,0,0.65,0,1,0,4.699999999999989
L011949,5A-5,lateral,0.0,38.2,0.03,3.57,0.0,160,200,1.485,0.5,2.97,0.008,0.051,0,0.65,0,1,0,1.408000000000015
L011917,5A-5,lateral,37.0,693.1,32.19,3.57,1.33,160,200,0.381,0.5,0.76,0.253,0.376,0,0.65,0,1,0,4.004999999999995
L011960,5A-5,lateral,0.0,27.0,0.02,3.57,0.0,160,200,0.601,0.5,1.2,0.009,0.033,0,0.65,0,1,0,1.131999999999948
L012729,5A-5,lateral,0.0,54.5,0.04,3.57,0.0,160,200,0.603,0.5,1.21,0.011,0.044,0,0.65,0,1,0,1.287999999999954
L012731,5A-5,lateral,0.0,80.0,0.06,3.57,0.0,160,200,0.599,0.5,1.2,0.013,0.051,0,0.65,0,1,0,1.480999999999995
L012730,5A-5,lateral,1.0,103.1,0.93,3.57,0.04,160,200,0.603,0.5,1.21,0.044,0.141,0,0.65,0,1,0,1.370000000000005
L011961,5A-5,lateral,6.0,144.8,5.24,3.57,0.22,160,200,1.002,0.5,2.0,0.085,0.299,0,0.65,0,1,0,1.470000000000027
L011964,5A-5,lateral,7.0,279.3,6.2,3.57,0.26,160,200,0.5,0.5,1.0,0.108,0.248,0,0.65,0,1,0,2.117000000000019
L012734,5A-5,lateral,5.0,117.8,4.37,3.57,0.18,160,200,1.003,0.5,2.01,0.078,0.282,0,0.65,0,1,0,1.96999999999997
L012728,5A-5,lateral,1.0,19.3,0.87,3.57,0.04,160,200,0.57,0.5,1.14,0.043,0.135,0,0.65,0,1,0,1.180000000000007
L012412,5A-5,lateral,6.0,90.1,5.2,3.57,0.21,160,200,1.695,0.5,3.39,0.075,0.357,0,0.65,0,1,0,1.0
L012420,5A-5,lateral,58.0,1208.6,50.55,3.57,2.09,160,200,0.595,0.5,1.19,0.283,0.504,0,0.65,0,1,0,4.870000000000005
L011907,5A-5,lateral,4.0,64.2,3.47,3.57,0.14,160,200,0.602,0.5,1.2,0.079,0.219,0,0.65,0,1,0,0.939999999999998
L012413,5A-5,lateral,3.0,37.6,2.6,3.57,0.11,160,200,0.611,0.5,1.22,0.069,0.2,0,0.65,0,1,0,1.939999999999998
L011916,5A-5,lateral,57.0,1174.1,49.67,3.57,2.05,160,200,0.596,0.5,1.19,0.28,0.502,0,0.65,0,1,0,4.05499999999995
L011910,5A-5,lateral,9.0,25.1,7.73,3.57,0.32,160,200,0.566,0.5,1.13,0.116,0.278,0,0.65,0,1,0,1.262
L012414,5A-5,lateral,16.0,49.5,13.74,3.57,0.57,160,200,0.566,0.5,1.13,0.152,0.334,0,0.65,0,1,0,1.490000000000009
L011915,5A-5,lateral,55.0,1135.7,47.93,3.57,1.98,160,200,0.596,0.5,1.19,0.275,0.497,0,0.65,0,1,0,3.755999999999972
L012415,5A-5,lateral,16.0,79.5,13.76,3.57,0.57,160,200,0.564,0.5,1.13,0.152,0.333,0,0.65,0,1,0,1.769000000000005
L012416,5A-5,lateral,16.0,105.3,13.78,3.57,0.57,160,200,0.565,0.5,1.13,0.152,0.334,0,0.65,0,1,0,2.045000000000016
L012443,5A-5,lateral,4.0,310.6,3.65,3.57,0.15,160,200,0.6,0.5,1.2,0.081,0.223,0,0.65,0,1,0,2.330000000000041
L012444,5A-5,lateral,3.0,279.6,2.77,3.57,0.11,160,200,0.597,0.5,1.19,0.071,0.203,0,0.65,0,1,0,2.084000000000003
L012738,5A-5,lateral,2.0,138.6,1.81,3.57,0.07,160,200,0.564,0.5,1.13,0.06,0.173,0,0.65,0,1,0,1.680000000000007
L012218,5A-5,lateral,2.0,117.9,1.8,3.57,0.07,160,200,0.563,0.5,1.13,0.059,0.172,0,0.65,0,1,0,1.44300000000004
L012449,5A-5,lateral,7.0,92.7,6.06,3.57,0.25,160,200,0.487,0.5,0.97,0.107,0.244,0,0.65,0,1,0,0.970000000000027
L012446,5A-5,lateral,1.0,105.2,0.93,3.57,0.04,160,200,0.61,0.5,1.22,0.044,0.142,0,0.65,0,1,0,1.520000000000039
L012435,5A-5,lateral,10.0,74.2,8.62,3.57,0.36,160,200,2.533,0.5,5.07,0.086,0.483,0,0.65,0,1,0,3.389999999999986
L012219,5A-5,lateral,1.0,96.0,0.93,3.57,0.04,160,200,0.561,0.5,1.12,0.044,0.137,0,0.65,0,1,0,1.300000000000011
L012448,5A-5,lateral,6.0,68.7,5.19,3.57,0.21,160,200,0.485,0.5,0.97,0.1,0.232,0,0.65,0,1,0,0.952999999999975
L012120,5A-5,lateral,1.0,78.3,0.91,3.57,0.04,160,200,0.606,0.5,1.21,0.043,0.14,0,0.65,0,1,0,1.366000000000042
L011914,5A-5,lateral,21.0,276.7,18.19,3.57,0.75,160,200,0.62,0.5,1.24,0.169,0.376,0,0.65,0,1,0,3.339999999999975
L011928,5A-5,lateral,33.0,819.3,28.85,3.57,1.19,160,200,0.604,0.5,1.21,0.213,0.429,0,0.65,0,1,0,3.5
L012419,5A-5,lateral,21.0,264.0,18.18,3.57,0.75,160,200,0.616,0.5,1.23,0.17,0.375,0,0.65,0,1,0,3.241000000000042
L012417,5A-5,lateral,16.0,131.6,13.8,3.57,0.57,160,200,0.564,0.5,1.13,0.152,0.334,0,0.65,0,1,0,2.222999999999956
L011911,5A-5,lateral,16.0,149.8,13.81,3.57,0.57,160,200,0.566,0.5,1.13,0.152,0.334,0,0.65,0,1,0,2.45599999999996
L011927,5A-5,lateral,33.0,797.0,28.84,3.57,1.19,160,200,0.602,0.5,1.2,0.213,0.428,0,0.65,0,1,0,3.355000000000018
L011913,5A-5,lateral,20.0,234.0,17.3,3.57,0.71,160,200,0.618,0.5,1.24,0.166,0.37,0,0.65,0,1,0,2.975999999999999
L011912,5A-5,lateral,17.0,182.3,14.69,3.57,0.61,160,200,0.565,0.5,1.13,0.156,0.341,0,0.65,0,1,0,2.730000000000018
L012390,5A-5,lateral,16.0,392.8,13.99,3.57,0.58,160,200,0.38,0.5,0.76,0.168,0.292,0,0.65,0,1,0,1.052999999999997
L012421,5A-5,lateral,33.0,767.1,28.82,3.57,1.19,160,200,0.605,0.5,1.21,0.213,0.429,0,0.65,0,1,0,3.245000000000005
L012106,5A-5,sub_main,5.0,3706.3,6.95,3.57,0.29,160,200,0.316,0.5,0.63,0.126,0.22,0,0.65,0,1,0,4.470000000000027
L012560,5A-5,lateral,4.0,15.3,3.44,3.57,0.14,160,200,0.59,0.5,1.18,0.079,0.217,0,0.65,0,1,0,1.760000000000048
L012549,5A-5,lateral,1.0,78.9,0.91,3.57,0.04,160,200,0.626,0.5,1.25,0.043,0.142,0,0.65,0,1,0,1.144000000000005
L011601,5A-5,lateral,1.0,13.9,0.87,3.57,0.04,160,200,1.224,0.5,2.45,0.036,0.175,0,0.65,0,1,0,1.760000000000048
L011612,5A-5,lateral,9.0,743.5,8.24,3.57,0.34,160,200,0.498,0.5,1.0,0.123,0.272,0,0.65,0,1,0,5.274000000000001
L011602,5A-5,lateral,5.0,65.1,4.33,3.57,0.18,160,200,0.795,0.5,1.59,0.082,0.26,0,0.65,0,1,0,1.165999999999997
L012107,5A-5,sub_main,4.0,3674.6,6.07,3.57,0.25,160,200,0.284,0.5,0.57,0.122,0.203,0,0.65,0,1,0,4.109999999999957
L012559,5A-5,lateral,5.0,100.3,4.35,3.57,0.18,160,200,0.796,0.5,1.59,0.082,0.26,0,0.65,0,1,0,1.73599999999999
L011609,5A-5,lateral,1.0,103.4,0.93,3.57,0.04,160,200,0.624,0.5,1.25,0.043,0.143,0,0.65,0,1,0,1.447000000000003
L011611,5A-5,lateral,9.0,708.2,8.22,3.57,0.34,160,200,0.499,0.5,1.0,0.123,0.272,0,0.65,0,1,0,5.397999999999968
L011784,5A-5,lateral,0.0,30.2,0.02,3.57,0.0,160,200,0.663,0.5,1.33,0.009,0.035,0,0.65,0,1,0,1.220000000000027
L011945,5A-5,lateral,2.0,75.4,1.77,3.57,0.07,160,200,0.206,0.5,0.41,0.075,0.121,0,0.65,0,1,0,1.407999999999959
L012504,5A-5,lateral,9.0,123.3,7.8,3.57,0.32,160,200,1.488,0.5,2.98,0.092,0.39,0,0.65,0,1,0,3.702999999999975
L012139,5A-5,lateral,9.0,151.5,7.82,3.57,0.32,160,200,1.486,0.5,2.97,0.093,0.39,0,0.65,0,1,0,2.831999999999994
L012492,5A-5,lateral,4.0,105.8,3.5,3.57,0.14,160,200,0.208,0.5,0.42,0.102,0.152,0,0.65,0,1,0,1.421000000000049
L012503,5A-5,lateral,9.0,78.0,7.76,3.57,0.32,160,200,1.486,0.5,2.97,0.092,0.389,0,0.65,0,1,0,2.119000000000028
L012500,5A-5,lateral,9.0,191.5,7.85,3.57,0.32,160,200,1.485,0.5,2.97,0.093,0.39,0,0.65,0,1,0,2.075999999999965
L012495,5A-5,lateral,6.0,141.1,5.24,3.57,0.22,160,200,0.204,0.5,0.41,0.123,0.172,0,0.65,0,1,0,0.892999999999972
L012499,5A-5,lateral,9.0,226.2,7.87,3.57,0.33,160,200,1.486,0.5,2.97,0.093,0.391,0,0.65,0,1,0,1.571000000000026
L012494,5A-5,lateral,8.0,176.9,6.98,3.57,0.29,160,200,0.207,0.5,0.41,0.14,0.189,0,0.65,0,1,0,1.016999999999996
L011618,5A-5,lateral,0.0,39.4,0.03,3.57,0.0,160,200,1.09,0.5,2.18,0.009,0.046,0,0.65,0,1,0,1.069999999999993
L012480,5A-5,lateral,9.0,131.7,7.8,3.57,0.32,160,200,0.599,0.5,1.2,0.115,0.285,0,0.65,0,1,0,1.558999999999969
L012563,5A-5,lateral,11.0,278.0,9.62,3.57,0.4,160,200,0.597,0.5,1.19,0.126,0.304,0,0.65,0,1,0,3.45999999999998
L011735,5A-5,sub_main,393.0,8880.4,343.0,3.02,11.97,160,200,0.301,0.5,0.6,,,1,0.65,0,0,0,3.478999999999985
L011770,5A-5,lateral,5.0,559.9,4.69,3.57,0.19,160,200,0.579,0.5,1.16,0.091,0.239,0,0.65,0,1,0,1.939999999999998
L012482,5A-5,lateral,2.0,25.5,1.73,3.57,0.07,160,200,0.589,0.5,1.18,0.058,0.173,0,0.65,0,1,0,0.95999999999998
L011781,5A-5,lateral,6.0,91.5,5.2,3.57,0.21,160,200,0.597,0.5,1.19,0.095,0.25,0,0.65,0,1,0,1.418000000000006
L011616,5A-5,lateral,10.0,250.6,8.75,3.57,0.36,160,200,0.6,0.5,1.2,0.121,0.295,0,0.65,0,1,0,3.295999999999992
L011736,5A-5,sub_main,393.0,8840.6,342.97,3.02,11.97,160,200,0.301,0.5,0.6,,,1,0.65,0,0,0,3.878999999999962
L011769,5A-5,lateral,5.0,531.9,4.67,3.57,0.19,160,200,0.582,0.5,1.16,0.091,0.239,0,0.65,0,1,0,2.208000000000027
L012545,5A-5,lateral,9.0,687.1,8.2,3.57,0.34,160,200,0.498,0.5,1.0,0.123,0.271,0,0.65,0,1,0,5.083000000000027
L012558,5A-5,lateral,5.0,130.4,4.38,3.57,0.18,160,200,0.796,0.5,1.59,0.082,0.261,0,0.65,0,1,0,1.545999999999992
L012108,5A-5,sub_main,0.0,3643.0,2.62,3.57,0.11,160,200,0.314,0.5,0.63,0.081,0.16,0,0.65,0,1,0,3.970000000000027
L012546,5A-5,lateral,9.0,661.8,8.19,3.57,0.34,160,200,0.501,0.5,1.0,0.122,0.272,0,0.65,0,1,0,4.896999999999991
L012551,5A-5,lateral,2.0,134.0,1.81,3.57,0.07,160,200,0.626,0.5,1.25,0.058,0.179,0,0.65,0,1,0,1.819000000000017
L012547,5A-5,lateral,9.0,629.1,8.16,3.57,0.34,160,200,0.501,0.5,1.0,0.122,0.271,0,0.65,0,1,0,4.163000000000011
L011603,5A-5,lateral,5.0,162.2,4.4,3.57,0.18,160,200,0.799,0.5,1.6,0.082,0.261,0,0.65,0,1,0,2.450000000000045
L012564,5A-5,lateral,8.0,190.6,6.99,3.57,0.29,160,200,0.601,0.5,1.2,0.109,0.275,0,0.65,0,1,0,2.697000000000003
L012544,5A-5,lateral,9.0,599.5,8.14,3.57,0.34,160,200,0.499,0.5,1.0,0.122,0.271,0,0.65,0,1,0,4.115000000000009
L012109,5A-5,sub_main,0.0,3608.0,2.6,3.57,0.11,160,200,0.427,0.5,0.85,0.075,0.177,0,0.65,0,1,0,3.300000000000011
L011780,5A-5,lateral,2.0,26.2,1.73,3.57,0.07,160,200,0.612,0.5,1.22,0.057,0.175,0,0.65,0,1,0,1.310000000000002
L011615,5A-5,lateral,8.0,219.6,7.01,3.57,0.29,160,200,0.597,0.5,1.19,0.109,0.275,0,0.65,0,1,0,2.009999999999991
L011737,5A-5,sub_main,393.0,8803.4,342.94,3.02,11.97,160,200,0.302,0.5,0.6,,,1,0.65,0,0,0,3.597000000000037
L011816,5A-5,lateral,4.0,142.3,3.53,3.57,0.15,160,200,1.448,0.5,2.9,0.065,0.298,0,0.65,0,1,0,1.0
L011768,5A-5,lateral,0.0,364.1,0.26,3.57,0.01,160,200,0.605,0.5,1.21,0.025,0.09,0,0.65,0,1,0,1.970000000000027
L011738,5A-5,sub_main,393.0,8769.3,342.92,3.02,11.97,160,200,0.301,0.5,0.6,,,1,0.65,0,0,0,3.593999999999994
L012569,5A-5,lateral,3.0,103.9,2.64,3.57,0.11,160,200,1.445,0.5,2.89,0.057,0.27,0,0.65,0,1,0,1.183999999999969
L011739,5A-5,sub_main,393.0,8738.3,342.9,3.02,11.97,160,200,0.301,0.5,0.6,,,1,0.65,0,0,0,0.591000000000008
L011767,5A-5,lateral,0.0,325.9,0.23,3.57,0.01,160,200,0.604,0.5,1.21,0.024,0.087,0,0.65,0,1,0,1.999000000000024
L012571,5A-5,lateral,3.0,68.1,2.62,3.57,0.11,160,200,1.448,0.5,2.9,0.057,0.27,0,0.65,0,1,0,1.506000000000029
L012550,5A-5,lateral,2.0,158.1,1.83,3.57,0.08,160,200,0.628,0.5,1.26,0.058,0.18,0,0.65,0,1,0,2.160000000000025
L011610,5A-5,lateral,9.0,575.1,8.12,3.57,0.34,160,200,0.498,0.5,1.0,0.122,0.27,0,0.65,0,1,0,3.923000000000002
L012565,5A-5,lateral,7.0,153.8,6.11,3.57,0.25,160,200,0.596,0.5,1.19,0.102,0.263,0,0.65,0,1,0,2.185999999999979
L012566,5A-5,lateral,7.0,128.9,6.09,3.57,0.25,160,200,0.599,0.5,1.2,0.102,0.263,0,0.65,0,1,0,1.966999999999985
L011645,5A-5,sub_main,0.0,3579.8,2.58,3.57,0.11,160,200,0.3,0.5,0.6,0.081,0.156,0,0.65,0,1,0,3.20999999999998
L012557,5A-5,lateral,6.0,200.9,5.28,3.57,0.22,160,200,0.795,0.5,1.59,0.09,0.277,0,0.65,0,1,0,1.936999999999955
L012552,5A-5,lateral,7.0,394.3,6.28,3.57,0.26,160,200,0.5,0.5,1.0,0.108,0.249,0,0.65,0,1,0,3.860000000000014
L012567,5A-5,lateral,7.0,99.8,6.07,3.57,0.25,160,200,0.601,0.5,1.2,0.102,0.263,0,0.65,0,1,0,1.802999999999997
L011644,5A-5,sub_main,0.0,3543.2,2.55,3.57,0.11,160,200,0.31,0.5,0.62,0.08,0.158,0,0.65,0,1,0,3.199999999999989
L011613,5A-5,lateral,0.0,17.7,0.01,3.57,0.0,160,200,1.415,0.5,2.83,0.006,0.036,0,0.65,0,1,0,1.220000000000027
L012498,5A-5,lateral,9.0,261.1,7.9,3.57,0.33,160,200,1.487,0.5,2.97,0.093,0.391,0,0.65,0,1,0,1.28000000000003
L012493,5A-5,lateral,9.0,207.2,7.86,3.57,0.32,160,200,0.207,0.5,0.41,0.148,0.197,0,0.65,0,1,0,1.169999999999959
L011946,5A-5,lateral,1.0,21.5,0.87,3.57,0.04,160,200,1.257,0.5,2.51,0.036,0.177,0,0.65,0,1,0,1.169999999999959
L011740,5A-5,sub_main,393.0,8703.8,342.87,3.02,11.97,160,200,0.302,0.5,0.6,,,1,0.65,0,0,0,3.87700000000001
L012496,5A-5,lateral,10.0,273.3,8.76,3.57,0.36,160,200,0.471,0.5,0.94,0.128,0.272,0,0.65,0,1,0,2.129999999999995
L012501,5A-5,lateral,0.0,100.4,0.07,3.57,0.0,160,200,0.578,0.5,1.16,0.015,0.055,0,0.65,0,1,0,1.180000000000007
L012719,5A-5,lateral,10.0,394.2,8.85,3.57,0.37,160,200,0.723,0.5,1.45,0.116,0.316,0,0.65,0,1,0,1.536000000000001
L012497,5A-5,lateral,10.0,407.2,8.86,3.57,0.37,160,200,0.721,0.5,1.44,0.116,0.316,0,0.65,0,1,0,1.480000000000018
L012724,5A-5,sub_main,393.0,8668.4,342.85,3.02,11.97,160,200,0.302,0.5,0.6,,,1,0.65,0,0,0,3.930000000000007
L012502,5A-5,lateral,0.0,62.0,0.04,3.57,0.0,160,200,0.577,0.5,1.15,0.012,0.045,0,0.65,0,1,0,1.048000000000002
L011614,5A-5,lateral,2.0,71.5,1.76,3.57,0.07,160,200,0.598,0.5,1.2,0.058,0.175,0,0.65,0,1,0,1.492999999999995
L012556,5A-5,lateral,6.0,235.1,5.31,3.57,0.22,160,200,0.798,0.5,1.6,0.09,0.278,0,0.65,0,1,0,2.980000000000018
L012568,5A-5,lateral,1.0,23.2,0.87,3.57,0.04,160,200,0.602,0.5,1.2,0.042,0.138,0,0.65,0,1,0,1.120000000000005
L011619,5A-5,lateral,6.0,357.9,5.4,3.57,0.22,160,200,0.499,0.5,1.0,0.101,0.237,0,0.65,0,1,0,3.728000000000009
L011643,5A-5,sub_main,0.0,3504.5,2.52,3.57,0.1,160,200,0.294,0.5,0.59,0.081,0.154,0,0.65,0,1,0,3.20999999999998
L011642,5A-5,sub_main,0.0,3470.5,2.5,3.57,0.1,160,200,0.296,0.5,0.59,0.08,0.154,0,0.65,0,1,0,3.139999999999986
L012553,5A-5,lateral,6.0,324.8,5.37,3.57,0.22,160,200,0.498,0.5,1.0,0.101,0.237,0,0.65,0,1,0,3.212999999999965
L012555,5A-5,lateral,6.0,264.0,5.33,3.57,0.22,160,200,0.159,0.5,0.32,0.132,0.159,0,0.65,0,1,0,3.305999999999983
L012554,5A-5,lateral,6.0,298.3,5.35,3.57,0.22,160,200,0.157,0.5,0.31,0.132,0.158,0,0.65,0,1,0,3.39100000000002
L011641,5A-5,sub_main,0.0,3443.4,2.48,3.57,0.1,160,200,0.289,0.5,0.58,0.08,0.152,0,0.65,0,1,0,3.420000000000016
L011947,5A-5,lateral,20.0,720.8,17.65,3.57,0.73,160,200,0.52,0.5,1.04,0.174,0.35,0,0.65,0,1,0,2.330000000000041
L011741,5A-5,sub_main,393.0,8632.0,342.82,3.02,11.97,160,200,0.301,0.5,0.6,,,1,0.65,0,0,0,4.020000000000039
L011948,5A-5,lateral,0.0,25.9,0.02,3.57,0.0,160,200,0.578,0.5,1.16,0.009,0.032,0,0.65,0,1,0,1.04000000000002
L011742,5A-5,sub_main,365.0,7322.8,317.89,3.04,11.2,160,200,0.392,0.5,0.78,,,1,0.65,0,0,0,4.050000000000011
L012725,5A-5,sub_main,365.0,7305.2,317.88,3.04,11.2,160,200,0.397,0.5,0.79,,,1,0.65,0,0,0,4.500999999999976
L011778,5A-5,lateral,0.0,29.6,0.02,3.57,0.0,160,200,0.598,0.5,1.2,0.009,0.034,0,0.65,0,1,0,2.296999999999969
L011759,5A-5,lateral,8.0,558.5,7.25,3.57,0.3,160,200,0.58,0.5,1.16,0.112,0.275,0,0.65,0,1,0,1.550000000000011
L011743,5A-5,sub_main,365.0,7286.5,317.87,3.04,11.2,160,200,0.392,0.5,0.78,,,1,0.65,0,0,0,4.706999999999994
L011758,5A-5,lateral,8.0,524.1,7.23,3.57,0.3,160,200,0.578,0.5,1.16,0.112,0.274,0,0.65,0,1,0,1.560000000000002
L011744,5A-5,sub_main,365.0,7250.3,317.84,3.04,11.2,160,200,0.395,0.5,0.79,,,1,0.65,0,0,0,4.275000000000034
L011950,5A-5,lateral,2.0,20.6,1.73,3.57,0.07,160,200,1.894,0.5,3.79,0.044,0.257,0,0.65,0,1,0,1.28000000000003
L012511,5A-5,lateral,7.0,304.3,6.21,3.57,0.26,160,200,0.5,0.5,1.0,0.108,0.249,0,0.65,0,1,0,2.581999999999994
L011951,5A-5,lateral,3.0,73.9,2.62,3.57,0.11,160,200,0.603,0.5,1.21,0.069,0.2,0,0.65,0,1,0,1.504999999999995
L012510,5A-5,lateral,8.0,337.6,7.1,3.57,0.29,160,200,0.499,0.5,1.0,0.115,0.259,0,0.65,0,1,0,2.608000000000004
L012505,5A-5,lateral,3.0,104.4,2.64,3.57,0.11,160,200,0.606,0.5,1.21,0.07,0.201,0,0.65,0,1,0,2.680000000000007
L011955,5A-5,lateral,4.0,18.6,3.44,3.57,0.14,160,200,0.591,0.5,1.18,0.079,0.217,0,0.65,0,1,0,1.160000000000025
L011957,5A-5,lateral,25.0,521.0,21.79,3.57,0.9,160,200,0.497,0.5,0.99,0.195,0.368,0,0.65,0,1,0,2.610000000000014
L012509,5A-5,lateral,17.0,179.0,14.69,3.57,0.61,160,200,0.599,0.5,1.2,0.154,0.347,0,0.65,0,1,0,1.819999999999993
L011956,5A-5,lateral,29.0,573.4,25.25,3.57,1.04,160,200,0.5,0.5,1.0,0.209,0.385,0,0.65,0,1,0,2.678999999999974
L011954,5A-5,lateral,33.0,700.4,28.77,3.57,1.19,160,200,0.498,0.5,1.0,0.223,0.4,0,0.65,0,1,0,3.852000000000032
L012386,5A-5,lateral,22.0,514.1,19.21,3.57,0.79,160,200,0.381,0.5,0.76,0.196,0.322,0,0.65,0,1,0,2.454999999999984
L012387,5A-5,lateral,18.0,487.1,15.77,3.57,0.65,160,200,0.38,0.5,0.76,0.178,0.303,0,0.65,0,1,0,2.932000000000016
L012388,5A-5,lateral,17.0,453.2,14.89,3.57,0.61,160,200,0.38,0.5,0.76,0.173,0.298,0,0.65,0,1,0,0.863
L012733,5A-5,lateral,4.0,89.0,3.49,3.57,0.14,160,200,1.0,0.5,2.0,0.07,0.262,0,0.65,0,1,0,1.761000000000024
L012389,5A-5,lateral,16.0,424.2,14.01,3.57,0.58,160,200,0.382,0.5,0.76,0.168,0.292,0,0.65,0,1,0,0.783000000000015
L011963,5A-5,lateral,1.0,20.2,0.87,3.57,0.04,160,200,1.087,0.5,2.17,0.037,0.168,0,0.65,0,1,0,1.180000000000007
L012732,5A-5,lateral,3.0,61.8,2.61,3.57,0.11,160,200,1.002,0.5,2.0,0.062,0.238,0,0.65,0,1,0,1.468999999999994
L011962,5A-5,lateral,1.0,19.7,0.87,3.57,0.04,160,200,2.895,0.5,5.79,0.03,0.234,0,0.65,0,1,0,1.28000000000003
L011965,5A-5,lateral,0.0,26.4,0.02,3.57,0.0,160,200,1.097,0.5,2.19,0.008,0.039,0,0.65,0,1,0,1.329999999999984
L011966,5A-5,lateral,3.0,36.7,2.6,3.57,0.11,160,200,1.117,0.5,2.23,0.06,0.246,0,0.65,0,1,0,1.159999999999968
L012220,5A-5,lateral,0.0,55.9,0.04,3.57,0.0,160,200,0.562,0.5,1.12,0.012,0.043,0,0.65,0,1,0,1.024999999999977
L012121,5A-5,lateral,0.0,32.5,0.02,3.57,0.0,160,200,0.431,0.5,0.86,0.01,0.032,0,0.65,0,1,0,1.159999999999968
L012216,5A-5,lateral,10.0,35.6,8.59,3.57,0.35,160,200,2.534,0.5,5.07,0.085,0.483,0,0.65,0,1,0,2.190999999999974
L012445,5A-5,lateral,0.0,24.1,0.02,3.57,0.0,160,200,0.565,0.5,1.13,0.008,0.03,0,0.65,0,1,0,1.025999999999954
L012447,5A-5,lateral,5.0,42.7,4.31,3.57,0.18,160,200,0.485,0.5,0.97,0.092,0.219,0,0.65,0,1,0,0.91700000000003
L012119,5A-5,lateral,1.0,23.4,0.87,3.57,0.04,160,200,1.454,0.5,2.91,0.035,0.186,0,0.65,0,1,0,1.259999999999991
L012118,5A-5,lateral,3.0,20.4,2.58,3.57,0.11,160,200,0.485,0.5,0.97,0.073,0.185,0,0.65,0,1,0,0.769000000000005
L011926,5A-5,lateral,33.0,733.4,28.79,3.57,1.19,160,200,0.605,0.5,1.21,0.213,0.429,0,0.65,0,1,0,3.190999999999974
L011925,5A-5,lateral,30.0,708.6,26.21,3.57,1.08,160,200,0.603,0.5,1.21,0.204,0.416,0,0.65,0,1,0,3.14100000000002
L012424,5A-5,lateral,20.0,557.9,17.53,3.57,0.72,160,200,0.594,0.5,1.19,0.168,0.366,0,0.65,0,1,0,2.729999999999961
L012418,5A-5,lateral,1.0,16.7,0.87,3.57,0.04,160,200,0.598,0.5,1.2,0.042,0.137,0,0.65,0,1,0,1.100000000000023
L012391,5A-5,lateral,14.0,364.1,12.25,3.57,0.51,160,200,0.38,0.5,0.76,0.158,0.28,0,0.65,0,1,0,0.934000000000026
L012392,5A-5,lateral,11.0,336.8,9.66,3.57,0.4,160,200,0.38,0.5,0.76,0.141,0.26,0,0.65,0,1,0,0.96999999999997
L012393,5A-5,lateral,10.0,307.8,8.79,3.57,0.36,160,200,0.38,0.5,0.76,0.135,0.252,0,0.65,0,1,0,0.829999999999984
L012423,5A-5,lateral,8.0,115.7,6.94,3.57,0.29,160,200,0.266,0.5,0.53,0.132,0.207,0,0.65,0,1,0,0.889999999999986
L012394,5A-5,lateral,7.0,268.6,6.19,3.57,0.26,160,200,0.379,0.5,0.76,0.115,0.226,0,0.65,0,1,0,0.900999999999954
L012395,5A-5,lateral,4.0,229.9,3.59,3.57,0.15,160,200,0.382,0.5,0.76,0.089,0.19,0,0.65,0,1,0,1.033999999999992
L011931,5A-5,lateral,8.0,89.8,6.92,3.57,0.29,160,200,0.27,0.5,0.54,0.131,0.207,0,0.65,0,1,0,0.841000000000008
L011935,5A-5,lateral,3.0,201.9,2.71,3.57,0.11,160,200,0.379,0.5,0.76,0.079,0.172,0,0.65,0,1,0,1.137
L011973,5A-5,lateral,2.0,19.8,1.73,3.57,0.07,160,200,1.112,0.5,2.22,0.05,0.214,0,0.65,0,1,0,1.330000000000041
L012512,5A-5,lateral,17.0,148.6,14.67,3.57,0.61,160,200,0.599,0.5,1.2,0.154,0.347,0,0.65,0,1,0,1.798000000000002
L012506,5A-5,lateral,32.0,668.5,27.89,3.57,1.15,160,200,0.501,0.5,1.0,0.22,0.397,0,0.65,0,1,0,2.90300000000002
L012513,5A-5,lateral,14.0,117.2,12.08,3.57,0.5,160,200,0.6,0.5,1.2,0.141,0.327,0,0.65,0,1,0,1.639999999999986
L012508,5A-5,lateral,31.0,604.2,26.99,3.57,1.11,160,200,0.496,0.5,0.99,0.217,0.392,0,0.65,0,1,0,2.75200000000001
L012507,5A-5,lateral,31.0,635.7,27.01,3.57,1.12,160,200,0.499,0.5,1.0,0.216,0.393,0,0.65,0,1,0,2.868999999999971
L011958,5A-5,lateral,11.0,86.2,9.48,3.57,0.39,160,200,0.598,0.5,1.2,0.126,0.303,0,0.65,0,1,0,1.584000000000003
L011906,5A-5,sub_main,326.0,6210.4,283.69,3.09,10.13,160,200,0.219,0.5,0.44,,,1,0.65,0,0,0,4.336000000000013
L011905,5A-5,sub_main,326.0,6170.6,283.66,3.09,10.13,160,200,0.217,0.5,0.43,,,1,0.65,0,0,0,4.399000000000001
L012514,5A-5,lateral,7.0,49.6,6.03,3.57,0.25,160,200,0.6,0.5,1.2,0.102,0.262,0,0.65,0,1,0,1.515000000000043
L011959,5A-5,lateral,4.0,22.1,3.44,3.57,0.14,160,200,0.589,0.5,1.18,0.079,0.217,0,0.65,0,1,0,1.339999999999975
L011924,5A-5,lateral,19.0,533.0,16.66,3.57,0.69,160,200,0.594,0.5,1.19,0.164,0.36,0,0.65,0,1,0,2.75200000000001
L011918,5A-5,lateral,7.0,256.8,6.18,3.57,0.26,160,200,0.598,0.5,1.2,0.103,0.264,0,0.65,0,1,0,2.416999999999973
L012428,5A-5,lateral,10.0,297.8,8.78,3.57,0.36,160,200,0.601,0.5,1.2,0.121,0.296,0,0.65,0,1,0,2.473000000000013
L012427,5A-5,lateral,13.0,360.8,11.39,3.57,0.47,160,200,0.599,0.5,1.2,0.137,0.321,0,0.65,0,1,0,2.760000000000048
L011929,5A-5,lateral,12.0,326.0,10.51,3.57,0.43,160,200,0.597,0.5,1.19,0.132,0.313,0,0.65,0,1,0,2.50200000000001
L011923,5A-5,lateral,19.0,508.7,16.64,3.57,0.69,160,200,0.593,0.5,1.19,0.164,0.36,0,0.65,0,1,0,2.687999999999988
L011919,5A-5,lateral,7.0,216.8,6.15,3.57,0.25,160,200,0.598,0.5,1.2,0.103,0.264,0,0.65,0,1,0,2.468000000000018
L012425,5A-5,lateral,5.0,114.6,4.36,3.57,0.18,160,200,0.602,0.5,1.2,0.088,0.236,0,0.65,0,1,0,1.410000000000025
L011920,5A-5,lateral,4.0,186.0,3.56,3.57,0.15,160,200,0.599,0.5,1.2,0.08,0.221,0,0.65,0,1,0,2.243999999999971
L011930,5A-5,lateral,5.0,32.9,4.31,3.57,0.18,160,200,0.267,0.5,0.53,0.105,0.178,0,0.65,0,1,0,1.088000000000022
L011967,5A-5,lateral,4.0,85.8,3.49,3.57,0.14,160,200,1.094,0.5,2.19,0.069,0.27,0,0.65,0,1,0,1.627999999999986
L012519,5A-5,lateral,5.0,107.5,4.36,3.57,0.18,160,200,1.095,0.5,2.19,0.076,0.29,0,0.65,0,1,0,2.055000000000007
L012518,5A-5,lateral,7.0,144.9,6.1,3.57,0.25,160,200,1.095,0.5,2.19,0.089,0.324,0,0.65,0,1,0,2.454999999999984
L012517,5A-5,lateral,11.0,181.2,9.55,3.57,0.39,160,200,1.097,0.5,2.19,0.109,0.374,0,0.65,0,1,0,2.833000000000027
L011974,5A-5,lateral,26.0,322.1,22.5,3.57,0.93,160,200,1.09,0.5,2.18,0.164,0.489,0,0.65,0,1,0,2.808999999999969
L012515,5A-5,lateral,15.0,279.9,13.05,3.57,0.54,160,200,1.094,0.5,2.19,0.126,0.413,0,0.65,0,1,0,3.663000000000011
L012516,5A-5,lateral,12.0,216.5,10.43,3.57,0.43,160,200,1.093,0.5,2.19,0.114,0.385,0,0.65,0,1,0,3.158999999999992
L011968,5A-5,lateral,14.0,249.7,12.17,3.57,0.5,160,200,1.096,0.5,2.19,0.122,0.404,0,0.65,0,1,0,3.473000000000013
L011975,5A-5,lateral,27.0,357.1,23.38,3.57,0.97,160,200,1.092,0.5,2.18,0.167,0.495,0,0.65,0,1,0,3.211000000000013
L011899,5A-5,sub_main,206.0,3356.2,178.86,3.26,6.76,160,200,0.217,0.5,0.43,0.766,0.462,0,0.65,1,1,0,4.795999999999992
L012422,5A-5,lateral,7.0,65.0,6.04,3.57,0.25,160,200,0.268,0.5,0.54,0.123,0.198,0,0.65,0,1,0,0.813999999999965
L012524,5A-5,lateral,22.0,246.5,19.02,3.57,0.79,160,200,1.095,0.5,2.19,0.151,0.465,0,0.65,0,1,0,2.330000000000041
L011934,5A-5,lateral,2.0,167.5,1.83,3.57,0.08,160,200,0.38,0.5,0.76,0.066,0.152,0,0.65,0,1,0,0.987000000000023
L012525,5A-5,lateral,20.0,214.8,17.28,3.57,0.71,160,200,1.096,0.5,2.19,0.144,0.451,0,0.65,0,1,0,2.092999999999961
L012396,5A-5,lateral,2.0,131.4,1.81,3.57,0.07,160,200,0.381,0.5,0.76,0.065,0.151,0,0.65,0,1,0,0.830000000000041
L012526,5A-5,lateral,17.0,180.3,14.69,3.57,0.61,160,200,1.096,0.5,2.19,0.133,0.429,0,0.65,0,1,0,1.904999999999973
L012397,5A-5,lateral,2.0,105.5,1.79,3.57,0.07,160,200,0.381,0.5,0.76,0.065,0.15,0,0.65,0,1,0,0.911000000000001
L012527,5A-5,lateral,15.0,142.5,12.95,3.57,0.53,160,200,1.095,0.5,2.19,0.126,0.412,0,0.65,0,1,0,1.559999999999945
L011933,5A-5,lateral,1.0,74.0,0.91,3.57,0.04,160,200,0.379,0.5,0.76,0.048,0.119,0,0.65,0,1,0,0.971000000000004
L012528,5A-5,lateral,14.0,106.2,12.07,3.57,0.5,160,200,1.097,0.5,2.19,0.122,0.403,0,0.65,0,1,0,1.462999999999965
L011904,5A-5,sub_main,326.0,6135.2,283.64,3.09,10.13,160,200,0.218,0.5,0.44,,,1,0.65,0,0,0,5.472000000000037
L011903,5A-5,sub_main,326.0,6097.5,283.61,3.09,10.13,160,200,0.217,0.5,0.43,,,1,0.65,0,0,0,4.82000000000005
L011902,5A-5,sub_main,221.0,3747.8,191.98,3.24,7.19,160,200,0.217,0.5,0.43,0.813,0.463,0,0.65,1,1,0,4.572000000000003
L011854,5A-5,lateral,0.0,114.0,0.08,3.57,0.0,160,200,1.344,0.5,2.69,0.013,0.076,0,0.65,0,1,0,1.040999999999997
L012575,5A-5,lateral,0.0,79.2,0.06,3.57,0.0,160,200,1.343,0.5,2.69,0.011,0.066,0,0.65,0,1,0,0.434000000000026
L011856,5A-5,lateral,1.0,228.6,1.02,3.57,0.04,160,200,1.342,0.5,2.68,0.038,0.191,0,0.65,0,1,0,2.45999999999998
L009490,5A-5,lateral,105.0,2318.3,91.6,3.54,3.75,160,200,1.057,0.5,2.11,0.329,0.734,0,0.65,0,1,0,4.572000000000003
L011901,5A-5,sub_main,221.0,3728.0,191.97,3.24,7.19,160,200,0.216,0.5,0.43,0.816,0.462,0,0.65,1,1,0,4.668999999999983
L011855,5A-5,lateral,1.0,188.0,0.99,3.57,0.04,160,200,1.343,0.5,2.69,0.037,0.189,0,0.65,0,1,0,1.654999999999973
L011969,5A-5,lateral,15.0,319.8,13.08,3.57,0.54,160,200,1.095,0.5,2.19,0.126,0.413,0,0.65,0,1,0,4.04000000000002
L012573,5A-5,lateral,1.0,149.4,0.96,3.57,0.04,160,200,1.343,0.5,2.69,0.037,0.187,0,0.65,0,1,0,0.487000000000023
L011900,5A-5,sub_main,221.0,3707.1,191.96,3.24,7.19,160,200,0.218,0.5,0.44,0.811,0.465,0,0.65,1,1,0,4.653999999999996
L011850,5A-5,lateral,104.0,2068.7,90.57,3.54,3.71,160,200,1.054,0.5,2.11,0.328,0.731,0,0.65,0,1,0,4.829999999999984
L012576,5A-5,lateral,104.0,2049.7,90.55,3.54,3.71,160,200,0.915,0.5,1.83,0.34,0.695,0,0.65,0,1,0,4.230000000000018
L011852,5A-5,lateral,24.0,729.1,21.08,3.57,0.87,160,200,0.408,0.5,0.82,0.202,0.339,0,0.65,0,1,0,3.797000000000025
L012577,5A-5,lateral,29.0,759.6,25.39,3.57,1.05,160,200,0.413,0.5,0.83,0.22,0.361,0,0.65,0,1,0,3.812999999999988
L011849,5A-5,lateral,29.0,773.6,25.4,3.57,1.05,160,200,0.409,0.5,0.82,0.221,0.359,0,0.65,0,1,0,3.840000000000032
L012117,5A-5,lateral,2.0,125.8,1.8,3.57,0.07,160,200,0.8,0.5,1.6,0.055,0.195,0,0.65,0,1,0,2.287000000000035
L012592,5A-5,lateral,24.0,699.2,21.06,3.57,0.87,160,200,0.413,0.5,0.83,0.201,0.341,0,0.65,0,1,0,3.65500000000003
L012116,5A-5,lateral,2.0,95.0,1.78,3.57,0.07,160,200,0.799,0.5,1.6,0.055,0.194,0,0.65,0,1,0,1.769999999999982
L011898,5A-5,sub_main,206.0,3328.6,178.84,3.26,6.76,160,200,0.219,0.5,0.44,0.763,0.463,0,0.65,1,1,0,4.675999999999988
L012522,5A-5,lateral,29.0,388.2,25.12,3.57,1.04,160,200,1.091,0.5,2.18,0.172,0.506,0,0.65,0,1,0,3.70999999999998
L011897,5A-5,sub_main,206.0,3304.4,178.82,3.26,6.75,160,200,0.216,0.5,0.43,0.766,0.461,0,0.65,1,1,0,4.722999999999956
L011896,5A-5,sub_main,206.0,3284.5,178.8,3.26,6.75,160,200,0.219,0.5,0.44,0.762,0.464,0,0.65,1,1,0,4.839999999999975
L012529,5A-5,lateral,28.0,422.7,24.29,3.57,1.0,160,200,1.143,0.5,2.29,0.168,0.509,0,0.65,0,1,0,4.430000000000007
L012521,5A-5,lateral,57.0,840.2,49.43,3.57,2.04,160,200,1.056,0.5,2.11,0.242,0.614,0,0.65,0,1,0,4.629999999999995
L011895,5A-5,sub_main,206.0,3266.2,178.79,3.26,6.75,160,200,0.216,0.5,0.43,0.766,0.461,0,0.65,1,1,0,4.879999999999995
L012530,5A-5,lateral,27.0,389.7,23.41,3.57,0.97,160,200,1.143,0.5,2.29,0.165,0.503,0,0.65,0,1,0,3.983000000000004
L011894,5A-5,sub_main,205.0,3245.9,177.92,3.27,6.72,160,200,0.219,0.5,0.44,0.759,0.464,0,0.65,1,1,0,4.916000000000054
L011893,5A-5,sub_main,205.0,3224.4,177.9,3.27,6.72,160,200,0.215,0.5,0.43,0.765,0.46,0,0.65,1,1,0,6.009000000000015
L011600,5A-5,lateral,0.0,12.1,0.01,3.57,0.0,160,200,0.579,0.5,1.16,0.007,0.023,0,0.65,0,1,0,1.800000000000011
L011640,5A-5,sub_main,0.0,3415.7,2.46,3.57,0.1,160,200,0.304,0.5,0.61,0.079,0.155,0,0.65,0,1,0,3.490000000000009
L011639,5A-5,sub_main,0.0,3389.4,2.44,3.57,0.1,160,200,0.322,0.5,0.64,0.078,0.157,0,0.65,0,1,0,3.45999999999998
L011638,5A-5,sub_main,0.0,3361.4,2.42,3.57,0.1,160,200,0.259,0.5,0.52,0.082,0.146,0,0.65,0,1,0,3.430000000000007
L012651,5A-5,lateral,0.0,658.6,0.47,3.57,0.02,160,200,0.598,0.5,1.2,0.033,0.111,0,0.65,0,1,0,3.189999999999998
L012652,5A-5,lateral,0.0,619.3,0.45,3.57,0.02,160,200,0.599,0.5,1.2,0.032,0.109,0,0.65,0,1,0,2.894999999999982
L012653,5A-5,lateral,0.0,587.6,0.42,3.57,0.02,160,200,0.596,0.5,1.19,0.031,0.107,0,0.65,0,1,0,2.884999999999991
L011810,5A-5,lateral,0.0,550.4,0.4,3.57,0.02,160,200,0.598,0.5,1.2,0.03,0.104,0,0.65,0,1,0,2.692999999999984
L012654,5A-5,lateral,0.0,522.6,0.38,3.57,0.02,160,200,0.598,0.5,1.2,0.029,0.102,0,0.65,0,1,0,2.586999999999989
L011637,5A-5,sub_main,0.0,2679.7,1.93,3.57,0.08,160,200,0.309,0.5,0.62,0.071,0.144,0,0.65,0,1,0,3.54000000000002
L011777,5A-5,lateral,7.0,229.3,6.16,3.57,0.25,160,200,0.55,0.5,1.1,0.105,0.256,0,0.65,0,1,0,1.939999999999998
L011757,5A-5,lateral,1.0,274.1,1.05,3.57,0.04,160,200,0.601,0.5,1.2,0.046,0.147,0,0.65,0,1,0,1.939999999999998
L011745,5A-5,sub_main,365.0,7214.4,317.82,3.04,11.2,160,200,0.392,0.5,0.78,,,1,0.65,0,0,0,4.232999999999947
L011952,5A-5,lateral,3.0,20.3,2.58,3.57,0.11,160,200,0.59,0.5,1.18,0.069,0.198,0,0.65,0,1,0,1.160000000000025
L011760,5A-5,lateral,0.0,19.1,0.01,3.57,0.0,160,200,3.773,0.5,7.55,0.005,0.05,0,0.65,0,1,0,3.049999999999955
L011776,5A-5,lateral,6.0,185.0,5.27,3.57,0.22,160,200,0.55,0.5,1.1,0.098,0.244,0,0.65,0,1,0,1.237000000000023
L011746,5A-5,sub_main,365.0,7176.7,317.79,3.04,11.2,160,200,0.392,0.5,0.78,,,1,0.65,0,0,0,4.954999999999984
L011756,5A-5,lateral,1.0,243.1,1.03,3.57,0.04,160,200,0.601,0.5,1.2,0.046,0.146,0,0.65,0,1,0,2.254000000000019
L011953,5A-5,lateral,39.0,864.8,34.03,3.57,1.41,160,200,0.499,0.5,1.0,0.243,0.421,0,0.65,0,1,0,3.25
L011775,5A-5,lateral,4.0,151.9,3.54,3.57,0.15,160,200,0.55,0.5,1.1,0.081,0.214,0,0.65,0,1,0,1.194999999999993
L011766,5A-5,lateral,0.0,286.7,0.21,3.57,0.01,160,200,0.606,0.5,1.21,0.023,0.083,0,0.65,0,1,0,2.481999999999971
L012570,5A-5,lateral,1.0,27.6,0.88,3.57,0.04,160,200,1.447,0.5,2.89,0.035,0.186,0,0.65,0,1,0,0.45999999999998
L011765,5A-5,lateral,0.0,251.9,0.18,3.57,0.01,160,200,0.603,0.5,1.21,0.022,0.079,0,0.65,0,1,0,1.500999999999976
L011764,5A-5,lateral,0.0,217.9,0.16,3.57,0.01,160,200,0.606,0.5,1.21,0.02,0.075,0,0.65,0,1,0,1.836000000000013
L011763,5A-5,lateral,0.0,187.4,0.13,3.57,0.01,160,200,0.603,0.5,1.21,0.019,0.071,0,0.65,0,1,0,2.790999999999997
L012572,5A-5,lateral,0.0,157.2,0.11,3.57,0.0,160,200,0.608,0.5,1.22,0.018,0.066,0,0.65,0,1,0,3.609000000000037
L011779,5A-5,lateral,0.0,58.7,0.04,3.57,0.0,160,200,0.596,0.5,1.19,0.012,0.045,0,0.65,0,1,0,3.75
L011762,5A-5,lateral,0.0,125.3,0.09,3.57,0.0,160,200,0.603,0.5,1.21,0.016,0.061,0,0.65,0,1,0,3.894999999999982
L011761,5A-5,lateral,0.0,44.3,0.03,3.57,0.0,160,200,3.774,0.5,7.55,0.007,0.072,0,0.65,0,1,0,3.850000000000023
L011806,5A-5,lateral,0.0,80.6,0.06,3.57,0.0,160,200,0.6,0.5,1.2,0.013,0.051,0,0.65,0,1,0,1.144000000000005
L011747,5A-5,sub_main,365.0,7146.8,317.77,3.04,11.2,160,200,0.395,0.5,0.79,,,1,0.65,0,0,0,4.877999999999986
L011755,5A-5,lateral,1.0,222.0,1.02,3.57,0.04,160,200,0.603,0.5,1.21,0.045,0.145,0,0.65,0,1,0,2.157000000000039
L011774,5A-5,lateral,3.0,111.9,2.65,3.57,0.11,160,200,0.548,0.5,1.1,0.071,0.194,0,0.65,0,1,0,1.254999999999995
L011748,5A-5,sub_main,326.0,6244.5,283.72,3.09,10.13,160,200,0.217,0.5,0.43,,,1,0.65,0,0,0,4.350000000000023
L011754,5A-5,lateral,0.0,187.5,0.14,3.57,0.01,160,200,0.601,0.5,1.2,0.019,0.071,0,0.65,0,1,0,1.468999999999994
L011773,5A-5,lateral,3.0,87.3,2.63,3.57,0.11,160,200,0.55,0.5,1.1,0.071,0.194,0,0.65,0,1,0,1.220000000000027
L011753,5A-5,lateral,0.0,156.3,0.11,3.57,0.0,160,200,0.605,0.5,1.21,0.018,0.066,0,0.65,0,1,0,1.630999999999972
L011772,5A-5,lateral,3.0,59.7,2.61,3.57,0.11,160,200,0.552,0.5,1.1,0.071,0.194,0,0.65,0,1,0,1.418000000000006
L011752,5A-5,lateral,0.0,134.6,0.1,3.57,0.0,160,200,0.601,0.5,1.2,0.017,0.062,0,0.65,0,1,0,2.060000000000002
L011771,5A-5,lateral,2.0,28.1,1.73,3.57,0.07,160,200,0.548,0.5,1.1,0.059,0.169,0,0.65,0,1,0,1.124000000000024
L012655,5A-5,lateral,0.0,494.2,0.36,3.57,0.01,160,200,0.6,0.5,1.2,0.029,0.1,0,0.65,0,1,0,2.507000000000005
L011636,5A-5,sub_main,0.0,2647.4,1.91,3.57,0.08,160,200,0.296,0.5,0.59,0.071,0.141,0,0.65,0,1,0,3.5
L011809,5A-5,lateral,0.0,463.5,0.33,3.57,0.01,160,200,0.597,0.5,1.19,0.028,0.098,0,0.65,0,1,0,2.44300000000004
L011635,5A-5,sub_main,0.0,2613.5,1.88,3.57,0.08,160,200,0.318,0.5,0.64,0.069,0.144,0,0.65,0,1,0,3.419999999999959
L012658,5A-5,lateral,0.0,323.1,0.23,3.57,0.01,160,200,0.601,0.5,1.2,0.024,0.086,0,0.65,0,1,0,2.281000000000006
L012657,5A-5,lateral,0.0,361.2,0.26,3.57,0.01,160,200,0.601,0.5,1.2,0.025,0.09,0,0.65,0,1,0,2.339999999999975
L011808,5A-5,lateral,0.0,288.4,0.21,3.57,0.01,160,200,0.6,0.5,1.2,0.023,0.083,0,0.65,0,1,0,2.22199999999998
L012659,5A-5,lateral,0.0,248.9,0.18,3.57,0.01,160,200,0.602,0.5,1.2,0.021,0.078,0,0.65,0,1,0,2.125
L012656,5A-5,lateral,0.0,68.3,0.05,3.57,0.0,160,200,0.6,0.5,1.2,0.013,0.048,0,0.65,0,1,0,1.399999999999977
L011634,5A-5,sub_main,0.0,2585.2,1.86,3.57,0.08,160,200,0.288,0.5,0.58,0.071,0.139,0,0.65,0,1,0,3.379999999999995
L011807,5A-5,lateral,0.0,212.8,0.15,3.57,0.01,160,200,0.599,0.5,1.2,0.02,0.074,0,0.65,0,1,0,1.348000000000013
L012661,5A-5,lateral,0.0,178.7,0.13,3.57,0.01,160,200,0.602,0.5,1.2,0.019,0.069,0,0.65,0,1,0,1.954000000000008
L011815,5A-5,lateral,0.0,31.6,0.02,3.57,0.0,160,200,0.601,0.5,1.2,0.009,0.035,0,0.65,0,1,0,1.120000000000005
L011633,5A-5,sub_main,0.0,2547.1,1.83,3.57,0.08,160,200,0.3,0.5,0.6,0.07,0.14,0,0.65,0,1,0,3.169999999999959
L011632,5A-5,sub_main,0.0,2507.1,1.81,3.57,0.07,160,200,0.297,0.5,0.59,0.069,0.138,0,0.65,0,1,0,3.279999999999973
L012686,5A-5,lateral,0.0,1764.8,1.27,3.57,0.05,160,200,0.302,0.5,0.6,0.059,0.124,0,0.65,0,1,0,3.248999999999967
L012687,5A-5,lateral,0.0,1797.8,1.29,3.57,0.05,160,200,0.303,0.5,0.61,0.059,0.125,0,0.65,0,1,0,3.199000000000012
L012688,5A-5,lateral,0.0,1832.1,1.32,3.57,0.05,160,200,0.3,0.5,0.6,0.06,0.125,0,0.65,0,1,0,3.032000000000039
L012689,5A-5,lateral,0.0,1867.7,1.34,3.57,0.06,160,200,0.304,0.5,0.61,0.06,0.126,0,0.65,0,1,0,3.25
L012690,5A-5,lateral,0.0,1894.9,1.36,3.57,0.06,160,200,0.294,0.5,0.59,0.061,0.126,0,0.65,0,1,0,3.0
L012660,5A-5,lateral,0.0,114.0,0.08,3.57,0.0,160,200,0.603,0.5,1.21,0.015,0.058,0,0.65,0,1,0,1.464999999999975
L012662,5A-5,lateral,0.0,147.8,0.11,3.57,0.0,160,200,0.6,0.5,1.2,0.017,0.064,0,0.65,0,1,0,1.728000000000009
L011805,5A-5,lateral,0.0,48.8,0.04,3.57,0.0,160,200,0.593,0.5,1.19,0.011,0.042,0,0.65,0,1,0,1.012999999999977
L011804,5A-5,lateral,0.0,38.5,0.03,3.57,0.0,160,200,0.602,0.5,1.2,0.01,0.038,0,0.65,0,1,0,1.161999999999978
L011819,5A-5,lateral,0.0,896.9,0.65,3.57,0.03,160,200,0.292,0.5,0.58,0.044,0.097,0,0.65,0,1,0,3.330000000000041
L012699,5A-5,lateral,0.0,932.3,0.67,3.57,0.03,160,200,0.311,0.5,0.62,0.044,0.101,0,0.65,0,1,0,3.329999999999984
L012698,5A-5,lateral,0.0,967.0,0.7,3.57,0.03,160,200,0.317,0.5,0.63,0.045,0.102,0,0.65,0,1,0,3.389999999999986
L012697,5A-5,lateral,0.0,996.3,0.72,3.57,0.03,160,200,0.273,0.5,0.55,0.047,0.098,0,0.65,0,1,0,3.379999999999995
L012696,5A-5,lateral,0.0,1022.9,0.74,3.57,0.03,160,200,0.3,0.5,0.6,0.046,0.103,0,0.65,0,1,0,3.390000000000043
L012695,5A-5,lateral,0.0,1051.8,0.76,3.57,0.03,160,200,0.312,0.5,0.62,0.046,0.105,0,0.65,0,1,0,3.339999999999975
L011751,5A-5,lateral,0.0,106.0,0.08,3.57,0.0,160,200,0.6,0.5,1.2,0.015,0.057,0,0.65,0,1,0,3.408000000000015
L011750,5A-5,lateral,0.0,69.7,0.05,3.57,0.0,160,200,0.603,0.5,1.21,0.013,0.048,0,0.65,0,1,0,3.870000000000005
L011749,5A-5,lateral,0.0,36.3,0.03,3.57,0.0,160,200,0.603,0.5,1.21,0.01,0.037,0,0.65,0,1,0,1.289000000000044
L012574,5A-5,lateral,0.0,56.7,0.04,3.57,0.0,160,200,1.343,0.5,2.69,0.01,0.058,0,0.65,0,1,0,4.062000000000012
L011853,5A-5,lateral,0.0,29.6,0.02,3.57,0.0,160,200,1.343,0.5,2.69,0.008,0.044,0,0.65,0,1,0,3.91799999999995
L012714,5A-5,lateral,0.0,203.8,0.15,3.57,0.01,160,200,0.394,0.5,0.79,0.022,0.063,0,0.65,0,1,0,2.382000000000005
L011828,5A-5,lateral,0.0,164.3,0.12,3.57,0.0,160,200,0.392,0.5,0.78,0.02,0.058,0,0.65,0,1,0,0.98599999999999
L011827,5A-5,lateral,0.0,124.5,0.09,3.57,0.0,160,200,5.378,0.5,10.76,0.01,0.123,0,0.65,0,1,0,1.0
L012715,5A-5,lateral,0.0,84.4,0.06,3.57,0.0,160,200,0.415,0.5,0.83,0.015,0.046,0,0.65,0,1,0,1.960000000000036
L011826,5A-5,lateral,0.0,29.5,0.02,3.57,0.0,160,200,0.577,0.5,1.15,0.009,0.033,0,0.65,0,1,0,1.200000000000045
L012700,5A-5,lateral,0.0,862.7,0.62,3.57,0.03,160,200,0.285,0.5,0.57,0.043,0.095,0,0.65,0,1,0,3.199999999999989
L012141,5A-5,lateral,0.0,680.3,0.49,3.57,0.02,160,200,0.605,0.5,1.21,0.033,0.113,0,0.65,0,1,0,3.319999999999993
L012702,5A-5,lateral,0.0,841.6,0.61,3.57,0.03,160,200,0.293,0.5,0.59,0.043,0.095,0,0.65,0,1,0,3.240000000000009
L011824,5A-5,lateral,0.0,30.6,0.02,3.57,0.0,160,200,1.897,0.5,3.79,0.007,0.05,0,0.65,0,1,0,1.389999999999986
L011823,5A-5,lateral,0.0,182.2,0.13,3.57,0.01,160,200,0.607,0.5,1.21,0.019,0.07,0,0.65,0,1,0,1.579999999999984
L012706,5A-5,lateral,0.0,204.2,0.15,3.57,0.01,160,200,0.592,0.5,1.18,0.02,0.072,0,0.65,0,1,0,1.610000000000014
L012685,5A-5,lateral,0.0,647.2,0.47,3.57,0.02,160,200,0.59,0.5,1.18,0.032,0.11,0,0.65,0,1,0,3.170000000000016
L012703,5A-5,lateral,0.0,613.5,0.44,3.57,0.02,160,200,0.307,0.5,0.61,0.037,0.086,0,0.65,0,1,0,3.230000000000018
L012708,5A-5,lateral,0.0,131.9,0.09,3.57,0.0,160,200,0.578,0.5,1.16,0.017,0.061,0,0.65,0,1,0,1.289999999999964
L012704,5A-5,lateral,0.0,587.5,0.42,3.57,0.02,160,200,0.283,0.5,0.57,0.037,0.083,0,0.65,0,1,0,3.920000000000016
L012691,5A-5,lateral,0.0,1917.6,1.38,3.57,0.06,160,200,0.308,0.5,0.62,0.061,0.128,0,0.65,0,1,0,2.980000000000018
L012692,5A-5,lateral,0.0,2368.6,1.71,3.57,0.07,160,200,0.045,0.5,0.09,0.106,0.07,0,0.65,0,1,0,3.009999999999991
L012693,5A-5,lateral,0.0,2396.9,1.73,3.57,0.07,160,200,0.283,0.5,0.57,0.069,0.134,0,0.65,0,1,0,2.96999999999997
L012694,5A-5,lateral,0.0,2427.8,1.75,3.57,0.07,160,200,0.292,0.5,0.58,0.068,0.136,0,0.65,0,1,0,2.939999999999998
L012140,5A-5,lateral,0.0,2466.6,1.78,3.57,0.07,160,200,0.309,0.5,0.62,0.068,0.14,0,0.65,0,1,0,3.150000000000034
L012670,5A-5,lateral,0.0,428.7,0.31,3.57,0.01,160,200,0.623,0.5,1.25,0.027,0.097,0,0.65,0,1,0,3.04000000000002
L011813,5A-5,lateral,0.0,391.8,0.28,3.57,0.01,160,200,0.596,0.5,1.19,0.026,0.092,0,0.65,0,1,0,2.810000000000002
L012666,5A-5,lateral,0.0,358.2,0.26,3.57,0.01,160,200,0.597,0.5,1.19,0.025,0.089,0,0.65,0,1,0,1.20999999999998
L012667,5A-5,lateral,0.0,326.4,0.24,3.57,0.01,160,200,0.612,0.5,1.22,0.024,0.087,0,0.65,0,1,0,1.029999999999973
L012671,5A-5,lateral,0.0,24.0,0.02,3.57,0.0,160,200,0.584,0.5,1.17,0.008,0.031,0,0.65,0,1,0,1.479999999999961
L011477,5A-4,sub_main,274.0,3440.1,237.16,3.15,8.66,160,200,0.407,0.5,0.81,0.722,0.629,0,0.65,1,1,0,2.719000000000051
L011478,5A-4,sub_main,274.0,3410.4,237.14,3.15,8.66,160,200,0.409,0.5,0.82,0.72,0.63,0,0.65,1,1,0,3.055000000000007
L011476,5A-4,sub_main,275.0,3469.8,238.04,3.15,8.69,160,200,0.407,0.5,0.81,0.724,0.629,0,0.65,1,1,0,3.206999999999994
L011479,5A-4,sub_main,268.0,3380.8,231.98,3.16,8.49,160,200,0.406,0.5,0.81,0.711,0.627,0,0.65,1,1,0,3.01400000000001
L011475,5A-4,sub_main,275.0,3497.9,238.06,3.15,8.69,160,200,0.616,0.5,1.23,0.622,0.746,0,0.65,0,1,0,3.720000000000027
L011480,5A-4,sub_main,266.0,3354.2,230.24,3.17,8.44,160,200,0.405,0.5,0.81,0.708,0.625,0,0.65,1,1,0,3.165999999999997
L011474,5A-4,sub_main,291.0,3855.6,252.02,3.13,9.13,160,200,0.244,0.5,0.49,,,1,0.65,0,0,0,4.388000000000034
L011446,5A-4,lateral,16.0,317.5,13.93,3.57,0.58,160,200,0.646,0.5,1.29,0.148,0.351,0,0.65,0,1,0,1.800000000000011
L011512,5A-4,lateral,2.0,28.8,1.73,3.57,0.07,160,200,0.653,0.5,1.31,0.057,0.179,0,0.65,0,1,0,0.838000000000022
L011513,5A-4,lateral,5.0,52.8,4.32,3.57,0.18,160,200,0.657,0.5,1.31,0.085,0.243,0,0.65,0,1,0,1.496000000000038
L011552,5A-4,lateral,130.0,1247.1,112.24,3.45,4.49,160,200,0.51,0.5,1.02,0.442,0.591,0,0.65,0,1,0,2.935999999999979
L011551,5A-4,lateral,134.0,1281.6,115.69,3.44,4.61,160,200,0.508,0.5,1.02,0.449,0.594,0,0.65,0,1,0,3.010999999999967
L011550,5A-4,lateral,136.0,1320.5,117.43,3.43,4.67,160,200,0.511,0.5,1.02,0.452,0.598,0,0.65,0,1,0,3.29000000000002
L011481,5A-4,sub_main,129.0,2019.9,111.94,3.45,4.48,160,200,2.552,0.5,5.1,0.287,1.059,0,0.65,0,0,0,3.390000000000043
L011586,5A-4,lateral,8.0,110.0,6.93,3.57,0.29,160,200,0.66,0.5,1.32,0.106,0.283,0,0.65,0,1,0,2.286999999999978
L011482,5A-4,sub_main,128.0,1996.6,111.07,3.46,4.44,160,200,2.55,0.5,5.1,0.286,1.057,0,0.65,0,0,0,2.814999999999998
L011447,5A-4,lateral,8.0,142.2,6.95,3.57,0.29,160,200,0.662,0.5,1.32,0.106,0.284,0,0.65,0,1,0,2.180000000000007
L011483,5A-4,sub_main,117.0,1825.5,101.52,3.5,4.11,160,200,2.655,0.5,5.31,0.272,1.048,0,0.65,0,0,0,2.279999999999973
L011496,5A-4,lateral,13.0,273.2,11.33,3.57,0.47,160,200,0.455,0.5,0.91,0.146,0.291,0,0.65,0,1,0,1.893000000000029
L011497,5A-4,lateral,15.0,297.4,13.06,3.57,0.54,160,200,0.455,0.5,0.91,0.156,0.304,0,0.65,0,1,0,1.813000000000045
L011473,5A-4,sub_main,292.0,3884.2,252.89,3.13,9.16,160,200,0.384,0.5,0.77,0.777,0.617,0,0.65,1,1,0,5.477999999999952
L011472,5A-4,sub_main,305.0,4048.7,264.15,3.11,9.52,160,200,0.399,0.5,0.8,0.791,0.63,0,0.65,1,1,0,6.509999999999991
L011515,5A-4,lateral,11.0,128.9,9.51,3.57,0.39,160,200,0.607,0.5,1.21,0.125,0.305,0,0.65,0,1,0,1.42999999999995
L011471,5A-4,sub_main,324.0,4198.9,280.53,3.09,10.03,160,200,0.401,0.5,0.8,0.835,0.632,0,0.65,1,1,0,5.585999999999956
L011516,5A-4,lateral,11.0,106.7,9.5,3.57,0.39,160,200,0.605,0.5,1.21,0.125,0.304,0,0.65,0,1,0,1.984999999999957
L011520,5A-4,lateral,19.0,126.3,16.36,3.57,0.68,160,200,0.617,0.5,1.23,0.161,0.363,0,0.65,0,1,0,2.550000000000011
L011470,5A-4,sub_main,332.0,4222.1,287.4,3.08,10.25,160,200,0.405,0.5,0.81,0.854,0.633,0,0.65,1,1,0,5.600000000000023
L011469,5A-4,sub_main,332.0,4249.0,287.42,3.08,10.25,160,200,0.406,0.5,0.81,0.852,0.634,0,0.65,1,1,0,3.149000000000001
L011517,5A-4,lateral,10.0,86.7,8.63,3.57,0.36,160,200,0.602,0.5,1.2,0.12,0.295,0,0.65,0,1,0,1.754000000000019
L011521,5A-4,lateral,19.0,96.0,16.34,3.57,0.67,160,200,0.618,0.5,1.24,0.161,0.363,0,0.65,0,1,0,1.382999999999981
L011514,5A-4,lateral,14.0,275.9,12.19,3.57,0.5,160,200,0.687,0.5,1.37,0.137,0.344,0,0.65,0,1,0,1.950999999999965
L011440,5A-4,lateral,5.0,71.5,4.33,3.57,0.18,160,200,0.824,0.5,1.65,0.081,0.263,0,0.65,0,1,0,1.700000000000045
L011526,5A-4,lateral,9.0,180.9,7.84,3.57,0.32,160,200,5.915,0.5,11.83,0.067,0.625,0,0.65,0,1,0,1.800000000000011
L011524,5A-4,lateral,0.0,98.0,0.07,3.57,0.0,160,200,0.661,0.5,1.32,0.014,0.057,0,0.65,0,1,0,1.260000000000048
L011527,5A-4,lateral,9.0,73.3,7.76,3.57,0.32,160,200,2.368,0.5,4.74,0.083,0.456,0,0.65,0,1,0,1.360000000000014
L011590,5A-4,lateral,0.0,67.7,0.05,3.57,0.0,160,200,2.086,0.5,4.17,0.01,0.071,0,0.65,0,1,0,1.0
L011528,5A-4,lateral,7.0,59.5,6.04,3.57,0.25,160,200,2.332,0.5,4.66,0.074,0.418,0,0.65,0,1,0,1.271999999999991
L011525,5A-4,lateral,0.0,52.3,0.04,3.57,0.0,160,200,2.267,0.5,4.53,0.008,0.066,0,0.65,0,1,0,1.168999999999983
L011439,5A-4,lateral,6.0,31.5,5.16,3.57,0.21,160,200,1.206,0.5,2.41,0.08,0.317,0,0.65,0,1,0,1.0
L011441,5A-4,lateral,0.0,36.9,0.03,3.57,0.0,160,200,1.029,0.5,2.06,0.009,0.044,0,0.65,0,1,0,1.0
L011422,5A-4,sub_main,117.0,1804.0,101.51,3.5,4.11,160,200,2.658,0.5,5.32,0.272,1.048,0,0.65,0,0,0,2.09899999999999
L011429,5A-4,lateral,35.0,627.7,30.43,3.57,1.26,160,200,0.453,0.5,0.91,0.235,0.394,0,0.65,0,1,0,1.910000000000025
L009487,5A-4,lateral,20.0,309.0,17.35,3.57,0.72,160,200,0.811,0.5,1.62,0.155,0.407,0,0.65,0,1,0,1.813000000000045
L011499,5A-4,lateral,81.0,1151.1,70.21,3.57,2.9,160,200,0.224,0.5,0.45,0.437,0.388,0,0.65,0,1,0,2.010000000000048
L011592,5A-4,lateral,19.0,284.2,16.48,3.57,0.68,160,200,0.813,0.5,1.63,0.151,0.401,0,0.65,0,1,0,1.831999999999994
L011503,5A-4,lateral,53.0,844.5,46.0,3.57,1.9,160,200,0.224,0.5,0.45,0.348,0.345,0,0.65,0,1,0,1.883999999999958
L011502,5A-4,lateral,53.0,868.8,46.02,3.57,1.9,160,200,0.226,0.5,0.45,0.347,0.346,0,0.65,0,1,0,2.459000000000003
L011500,5A-4,lateral,79.0,1124.3,68.47,3.57,2.83,160,200,0.224,0.5,0.45,0.431,0.385,0,0.65,0,1,0,1.950000000000045
L011549,5A-4,lateral,17.0,175.0,14.69,3.57,0.61,160,200,0.962,0.5,1.92,0.138,0.41,0,0.65,0,1,0,1.439999999999998
L011501,5A-4,lateral,72.0,1069.5,62.44,3.57,2.58,160,200,0.226,0.5,0.45,0.409,0.377,0,0.65,0,1,0,2.966999999999985
L011545,5A-4,lateral,50.0,819.5,43.42,3.57,1.79,160,200,0.223,0.5,0.45,0.338,0.339,0,0.65,0,1,0,1.817999999999984
L011442,5A-4,lateral,1.0,25.9,0.88,3.57,0.04,160,200,0.606,0.5,1.21,0.042,0.138,0,0.65,0,1,0,0.887
L011504,5A-4,lateral,48.0,780.9,41.67,3.57,1.72,160,200,0.224,0.5,0.45,0.33,0.335,0,0.65,0,1,0,1.961999999999989
L011444,5A-4,lateral,13.0,135.2,11.23,3.57,0.46,160,200,1.014,0.5,2.03,0.12,0.384,0,0.65,0,1,0,0.771000000000015
L011505,5A-4,lateral,48.0,747.4,41.65,3.57,1.72,160,200,0.227,0.5,0.45,0.329,0.337,0,0.65,0,1,0,1.937000000000012
L011506,5A-4,lateral,48.0,719.7,41.63,3.57,1.72,160,200,0.223,0.5,0.45,0.331,0.335,0,0.65,0,1,0,1.963999999999999
L011546,5A-4,lateral,12.0,107.0,10.36,3.57,0.43,160,200,0.675,0.5,1.35,0.127,0.325,0,0.65,0,1,0,0.785000000000025
L011507,5A-4,lateral,37.0,572.2,32.1,3.57,1.33,160,200,0.871,0.5,1.74,0.205,0.504,0,0.65,0,1,0,1.840000000000032
L011547,5A-4,lateral,9.0,79.4,7.77,3.57,0.32,160,200,0.963,0.5,1.93,0.102,0.335,0,0.65,0,1,0,0.878999999999962
L011508,5A-4,lateral,36.0,547.0,31.23,3.57,1.29,160,200,0.871,0.5,1.74,0.202,0.5,0,0.65,0,1,0,1.819999999999993
L011518,5A-4,lateral,7.0,59.8,6.04,3.57,0.25,160,200,0.608,0.5,1.22,0.101,0.264,0,0.65,0,1,0,1.492000000000019
L011522,5A-4,lateral,6.0,62.3,5.18,3.57,0.21,160,200,0.619,0.5,1.24,0.094,0.252,0,0.65,0,1,0,0.745000000000005
L011519,5A-4,lateral,3.0,38.6,2.6,3.57,0.11,160,200,0.598,0.5,1.2,0.069,0.199,0,0.65,0,1,0,1.163000000000011
L011523,5A-4,lateral,4.0,37.7,3.45,3.57,0.14,160,200,0.614,0.5,1.23,0.078,0.221,0,0.65,0,1,0,2.073000000000036
L011443,5A-4,lateral,3.0,22.6,2.59,3.57,0.11,160,200,0.619,0.5,1.24,0.069,0.201,0,0.65,0,1,0,2.28000000000003
L011595,5A-4,lateral,11.0,127.7,9.51,3.57,0.39,160,200,1.584,0.5,3.17,0.1,0.424,0,0.65,0,1,0,1.740000000000009
L011596,5A-4,lateral,10.0,89.7,8.63,3.57,0.36,160,200,1.582,0.5,3.16,0.096,0.411,0,0.65,0,1,0,0.698000000000036
L011597,5A-4,lateral,9.0,75.6,7.76,3.57,0.32,160,200,1.584,0.5,3.17,0.091,0.398,0,0.65,0,1,0,0.70599999999996
L011594,5A-4,lateral,8.0,55.0,6.89,3.57,0.28,160,200,2.814,0.5,5.63,0.075,0.466,0,0.65,0,1,0,1.0
L011436,5A-4,lateral,5.0,29.2,4.3,3.57,0.18,160,200,2.817,0.5,5.63,0.061,0.399,0,0.65,0,1,0,1.651999999999987
L011548,5A-4,lateral,7.0,57.7,6.04,3.57,0.25,160,200,1.394,0.5,2.79,0.083,0.351,0,0.65,0,1,0,1.0
L011509,5A-4,lateral,35.0,522.1,30.35,3.57,1.25,160,200,0.873,0.5,1.75,0.2,0.496,0,0.65,0,1,0,2.033000000000015
L011434,5A-4,lateral,5.0,28.3,4.3,3.57,0.18,160,200,1.871,0.5,3.74,0.067,0.347,0,0.65,0,1,0,1.0
L011510,5A-4,lateral,32.0,500.9,27.77,3.57,1.15,160,200,0.872,0.5,1.74,0.191,0.482,0,0.65,0,1,0,2.148000000000025
L011511,5A-4,lateral,32.0,481.4,27.75,3.57,1.15,160,200,0.873,0.5,1.75,0.191,0.483,0,0.65,0,1,0,2.187999999999988
L011433,5A-4,lateral,31.0,455.8,26.88,3.57,1.11,160,200,0.872,0.5,1.74,0.188,0.478,0,0.65,0,1,0,2.414999999999964
L011536,5A-4,lateral,22.0,256.1,19.03,3.57,0.79,160,200,0.682,0.5,1.36,0.169,0.394,0,0.65,0,1,0,1.649000000000001
L011537,5A-4,lateral,19.0,231.2,16.44,3.57,0.68,160,200,0.66,0.5,1.32,0.159,0.372,0,0.65,0,1,0,1.788999999999987
L011535,5A-4,lateral,23.0,277.4,19.9,3.57,0.82,160,200,0.661,0.5,1.32,0.174,0.395,0,0.65,0,1,0,1.610000000000014
L011530,5A-4,lateral,8.0,153.7,6.96,3.57,0.29,160,200,0.677,0.5,1.35,0.106,0.286,0,0.65,0,1,0,2.349999999999966
L011531,5A-4,lateral,7.0,124.3,6.09,3.57,0.25,160,200,0.675,0.5,1.35,0.099,0.274,0,0.65,0,1,0,1.421000000000049
L011538,5A-4,lateral,17.0,208.8,14.71,3.57,0.61,160,200,0.662,0.5,1.32,0.151,0.36,0,0.65,0,1,0,1.491000000000042
L011539,5A-4,lateral,17.0,192.0,14.7,3.57,0.61,160,200,0.663,0.5,1.33,0.151,0.36,0,0.65,0,1,0,1.399999999999977
L011589,5A-4,lateral,5.0,102.0,4.36,3.57,0.18,160,200,0.675,0.5,1.35,0.085,0.246,0,0.65,0,1,0,1.490000000000009
L011540,5A-4,lateral,17.0,169.8,14.68,3.57,0.61,160,200,0.661,0.5,1.32,0.151,0.36,0,0.65,0,1,0,1.363
L011532,5A-4,lateral,4.0,83.6,3.49,3.57,0.14,160,200,0.677,0.5,1.35,0.077,0.229,0,0.65,0,1,0,1.286000000000001
L011541,5A-4,lateral,17.0,145.6,14.67,3.57,0.61,160,200,0.662,0.5,1.32,0.151,0.36,0,0.65,0,1,0,1.333000000000027
L011533,5A-4,lateral,3.0,68.1,2.62,3.57,0.11,160,200,0.677,0.5,1.35,0.068,0.208,0,0.65,0,1,0,1.300999999999988
L011542,5A-4,lateral,17.0,122.4,14.65,3.57,0.6,160,200,0.66,0.5,1.32,0.151,0.359,0,0.65,0,1,0,1.278999999999996
L011544,5A-4,lateral,13.0,72.0,11.19,3.57,0.46,160,200,0.66,0.5,1.32,0.133,0.33,0,0.65,0,1,0,1.495999999999981
L011454,5A-4,trunk_main,780.0,23625.1,685.08,2.77,22.0,200,250,0.345,0.375,0.92,,,1,0.65,0,0,0,2.293000000000006
L011468,5A-4,sub_main,332.0,4264.7,287.43,3.08,10.25,160,200,0.402,0.5,0.8,0.858,0.63,0,0.65,1,1,0,3.151999999999987
L011467,5A-4,sub_main,344.0,4286.9,297.72,3.07,10.57,160,200,0.401,0.5,0.8,0.916,0.619,0,0.65,1,1,0,2.800999999999988
L011466,5A-4,sub_main,344.0,4311.3,297.74,3.07,10.57,160,200,0.406,0.5,0.81,0.898,0.627,0,0.65,1,1,0,2.979999999999961
L011465,5A-4,sub_main,345.0,4334.4,298.61,3.07,10.6,160,200,0.402,0.5,0.8,0.917,0.62,0,0.65,1,1,0,3.093000000000018
L011464,5A-4,sub_main,345.0,4360.9,298.63,3.07,10.6,160,200,0.404,0.5,0.81,0.91,0.623,0,0.65,1,1,0,3.369999999999948
L011421,5A-4,trunk_main,796.0,24146.2,699.16,2.77,22.39,200,250,1.84,0.375,4.91,0.548,1.436,0,0.65,0,0,0,3.46999999999997
L011420,5A-4,trunk_main,795.0,24110.8,698.28,2.77,22.37,200,250,1.841,0.375,4.91,0.547,1.436,0,0.65,0,0,0,2.548999999999978
L011419,5A-4,trunk_main,781.0,24071.7,686.26,2.77,22.03,200,250,1.842,0.375,4.91,0.542,1.431,0,0.65,0,0,0,1.879000000000019
L011418,5A-4,trunk_main,781.0,24029.1,686.23,2.77,22.03,200,250,0.348,0.375,0.93,,,1,0.65,0,0,0,2.40500000000003
L011417,5A-4,trunk_main,781.0,23995.5,686.2,2.77,22.03,200,250,0.344,0.375,0.92,,,1,0.65,0,0,0,0.968000000000018
L011463,5A-4,trunk_main,781.0,23965.3,686.18,2.77,22.03,200,250,0.348,0.375,0.93,,,1,0.65,0,0,0,2.194000000000017
L011462,5A-4,trunk_main,781.0,23939.7,686.16,2.77,22.03,200,250,0.346,0.375,0.92,,,1,0.65,0,0,0,1.865000000000009
L011461,5A-4,trunk_main,781.0,23906.5,686.14,2.77,22.03,200,250,0.346,0.375,0.92,,,1,0.65,0,0,0,2.150000000000034
L011460,5A-4,trunk_main,781.0,23858.9,686.1,2.77,22.03,200,250,0.348,0.375,0.93,,,1,0.65,0,0,0,1.774999999999977
L011459,5A-4,trunk_main,781.0,23810.0,686.07,2.77,22.02,200,250,0.348,0.375,0.93,,,1,0.65,0,0,0,2.83499999999998
L011458,5A-4,trunk_main,780.0,23763.7,685.18,2.77,22.0,200,250,0.345,0.375,0.92,,,1,0.65,0,0,0,2.913999999999987
L011457,5A-4,trunk_main,780.0,23725.8,685.15,2.77,22.0,200,250,0.347,0.375,0.92,,,1,0.65,0,0,0,2.572999999999979
L011456,5A-4,trunk_main,780.0,23691.2,685.13,2.77,22.0,200,250,0.349,0.375,0.93,,,1,0.65,0,0,0,2.353000000000009
L011455,5A-4,trunk_main,780.0,23657.1,685.1,2.77,22.0,200,250,0.347,0.375,0.93,,,1,0.65,0,0,0,2.244000000000028
L011567,5A-4,lateral,14.0,46.2,12.02,3.57,0.5,160,200,2.434,0.5,4.87,0.101,0.53,0,0.65,0,1,0,0.505999999999972
L011566,5A-4,lateral,17.0,80.9,14.62,3.57,0.6,160,200,1.022,0.5,2.04,0.135,0.418,0,0.65,0,1,0,0.64100000000002
L011423,5A-4,lateral,2.0,30.8,1.74,3.57,0.07,160,200,1.821,0.5,3.64,0.045,0.254,0,0.65,0,1,0,0.560000000000002
L011565,5A-4,lateral,17.0,103.0,14.63,3.57,0.6,160,200,2.492,0.5,4.98,0.11,0.569,0,0.65,0,1,0,1.100000000000023
L011564,5A-4,lateral,22.0,209.6,18.99,3.57,0.78,160,200,1.116,0.5,2.23,0.15,0.468,0,0.65,0,1,0,1.322999999999979
L011568,5A-4,lateral,5.0,92.0,4.35,3.57,0.18,160,200,4.204,0.5,8.41,0.056,0.458,0,0.65,0,1,0,1.0
L011563,5A-4,lateral,25.0,242.3,21.59,3.57,0.89,160,200,1.108,0.5,2.22,0.16,0.486,0,0.65,0,1,0,1.225000000000023
L011569,5A-4,lateral,4.0,59.7,3.47,3.57,0.14,160,200,0.978,0.5,1.96,0.07,0.259,0,0.65,0,1,0,1.0
L011562,5A-4,lateral,30.0,280.6,25.9,3.57,1.07,160,200,1.106,0.5,2.21,0.174,0.513,0,0.65,0,1,0,1.548999999999978
L011424,5A-4,lateral,3.0,35.2,2.59,3.57,0.11,160,200,3.669,0.5,7.34,0.046,0.368,0,0.65,0,1,0,1.0
L011561,5A-4,lateral,31.0,320.3,26.78,3.57,1.11,160,200,1.104,0.5,2.21,0.177,0.518,0,0.65,0,1,0,1.767000000000053
L011560,5A-4,lateral,33.0,357.1,28.52,3.57,1.18,160,200,1.106,0.5,2.21,0.183,0.529,0,0.65,0,1,0,2.334000000000003
L011559,5A-4,lateral,33.0,369.7,28.53,3.57,1.18,160,200,1.871,0.5,3.74,0.161,0.636,0,0.65,0,1,0,1.25
L011558,5A-4,lateral,58.0,642.5,50.14,3.57,2.07,160,200,0.379,0.5,0.76,0.316,0.428,0,0.65,0,1,0,1.02800000000002
L011570,5A-4,lateral,23.0,225.9,19.86,3.57,0.82,160,200,0.762,0.5,1.52,0.168,0.415,0,0.65,0,1,0,1.129999999999995
L011572,5A-4,lateral,12.0,123.8,10.37,3.57,0.43,160,200,1.016,0.5,2.03,0.115,0.374,0,0.65,0,1,0,1.480000000000018
L011557,5A-4,lateral,63.0,670.0,54.44,3.57,2.25,160,200,0.466,0.5,0.93,0.313,0.472,0,0.65,0,1,0,1.466000000000008
L011571,5A-4,lateral,4.0,50.9,3.46,3.57,0.14,160,200,1.328,0.5,2.66,0.066,0.287,0,0.65,0,1,0,1.204000000000008
L011426,5A-4,lateral,1.0,27.3,0.88,3.57,0.04,160,200,2.348,0.5,4.7,0.031,0.218,0,0.65,0,1,0,1.0
L011556,5A-4,lateral,63.0,703.9,54.47,3.57,2.25,160,200,0.463,0.5,0.93,0.314,0.471,0,0.65,0,1,0,1.363
L011555,5A-4,lateral,64.0,740.8,55.35,3.57,2.29,160,200,0.466,0.5,0.93,0.316,0.474,0,0.65,0,1,0,1.305000000000007
L011427,5A-4,lateral,3.0,22.4,2.59,3.57,0.11,160,200,2.052,0.5,4.1,0.052,0.302,0,0.65,0,1,0,1.349999999999966
L011577,5A-4,lateral,4.0,53.1,3.46,3.57,0.14,160,200,2.05,0.5,4.1,0.059,0.333,0,0.65,0,1,0,1.0
L011582,5A-4,lateral,6.0,105.8,5.22,3.57,0.22,160,200,0.915,0.5,1.83,0.086,0.289,0,0.65,0,1,0,1.577999999999975
L011554,5A-4,lateral,65.0,766.7,56.22,3.57,2.32,160,200,0.464,0.5,0.93,0.319,0.475,0,0.65,0,1,0,1.16500000000002
L011576,5A-4,lateral,4.0,83.7,3.49,3.57,0.14,160,200,0.628,0.5,1.26,0.078,0.223,0,0.65,0,1,0,1.111999999999966
L011583,5A-4,lateral,7.0,135.8,6.09,3.57,0.25,160,200,0.912,0.5,1.82,0.093,0.304,0,0.65,0,1,0,0.850999999999999
L011591,5A-4,lateral,65.0,798.0,56.25,3.57,2.32,160,200,0.463,0.5,0.93,0.319,0.475,0,0.65,0,1,0,2.019999999999982
L011584,5A-4,lateral,7.0,165.8,6.11,3.57,0.25,160,200,0.913,0.5,1.83,0.093,0.304,0,0.65,0,1,0,1.355000000000018
L011575,5A-4,lateral,4.0,119.9,3.51,3.57,0.15,160,200,0.63,0.5,1.26,0.078,0.224,0,0.65,0,1,0,0.949999999999989
L011488,5A-4,lateral,1.0,63.0,0.9,3.57,0.04,160,200,0.809,0.5,1.62,0.04,0.154,0,0.65,0,1,0,1.019000000000005
L011585,5A-4,lateral,7.0,195.9,6.14,3.57,0.25,160,200,0.913,0.5,1.83,0.093,0.305,0,0.65,0,1,0,1.0
L011553,5A-4,lateral,77.0,1211.2,66.82,3.57,2.76,160,200,0.511,0.5,1.02,0.34,0.517,0,0.65,0,1,0,2.543000000000006
L011428,5A-4,lateral,7.0,259.5,6.18,3.57,0.26,160,200,1.26,0.5,2.52,0.086,0.341,0,0.65,0,1,0,1.0
L011578,5A-4,lateral,7.0,231.5,6.16,3.57,0.25,160,200,1.257,0.5,2.51,0.086,0.341,0,0.65,0,1,0,1.34699999999998
L011489,5A-4,lateral,3.0,98.8,2.64,3.57,0.11,160,200,0.806,0.5,1.61,0.065,0.222,0,0.65,0,1,0,1.497000000000014
L011587,5A-4,lateral,3.0,36.7,2.6,3.57,0.11,160,200,0.66,0.5,1.32,0.068,0.206,0,0.65,0,1,0,1.591999999999985
L011490,5A-4,lateral,4.0,128.0,3.52,3.57,0.15,160,200,0.811,0.5,1.62,0.074,0.244,0,0.65,0,1,0,1.47399999999999
L011491,5A-4,lateral,6.0,156.0,5.25,3.57,0.22,160,200,0.808,0.5,1.62,0.089,0.278,0,0.65,0,1,0,1.0
L011588,5A-4,lateral,6.0,75.0,5.19,3.57,0.21,160,200,0.662,0.5,1.32,0.093,0.259,0,0.65,0,1,0,2.19599999999997
L011492,5A-4,lateral,7.0,173.5,6.12,3.57,0.25,160,200,0.457,0.5,0.91,0.109,0.24,0,0.65,0,1,0,0.979999999999961
L011493,5A-4,lateral,10.0,203.1,8.71,3.57,0.36,160,200,0.452,0.5,0.9,0.129,0.267,0,0.65,0,1,0,1.22399999999999
L011494,5A-4,lateral,12.0,231.7,10.44,3.57,0.43,160,200,0.455,0.5,0.91,0.14,0.284,0,0.65,0,1,0,1.394000000000005
L011495,5A-4,lateral,13.0,252.7,11.32,3.57,0.47,160,200,0.456,0.5,0.91,0.146,0.291,0,0.65,0,1,0,1.599999999999966
L011485,5A-4,lateral,19.0,220.6,16.43,3.57,0.68,160,200,0.815,0.5,1.63,0.151,0.401,0,0.65,0,1,0,1.524999999999977
L011449,5A-4,lateral,19.0,199.1,16.42,3.57,0.68,160,200,1.369,0.5,2.74,0.133,0.48,0,0.65,0,1,0,1.0
L011486,5A-4,lateral,19.0,245.1,16.45,3.57,0.68,160,200,0.81,0.5,1.62,0.151,0.4,0,0.65,0,1,0,1.924000000000035
L011498,5A-4,lateral,19.0,269.9,16.47,3.57,0.68,160,200,0.815,0.5,1.63,0.151,0.401,0,0.65,0,1,0,2.165999999999997
L011432,5A-4,lateral,6.0,60.2,5.18,3.57,0.21,160,200,0.682,0.5,1.36,0.092,0.261,0,0.65,0,1,0,1.199999999999989
L011450,5A-4,lateral,10.0,94.1,8.63,3.57,0.36,160,200,1.849,0.5,3.7,0.092,0.434,0,0.65,0,1,0,1.296999999999969
L011425,5A-4,lateral,6.0,32.1,5.16,3.57,0.21,160,200,3.079,0.5,6.16,0.065,0.437,0,0.65,0,1,0,1.0
L011574,5A-4,lateral,8.0,56.1,6.89,3.57,0.28,160,200,1.014,0.5,2.03,0.096,0.328,0,0.65,0,1,0,1.023000000000025
L011573,5A-4,lateral,11.0,89.9,9.49,3.57,0.39,160,200,1.014,0.5,2.03,0.111,0.364,0,0.65,0,1,0,1.396000000000015
L011579,5A-4,lateral,3.0,27.4,2.59,3.57,0.11,160,200,1.912,0.5,3.82,0.053,0.295,0,0.65,0,1,0,0.984000000000037
L011580,5A-4,lateral,5.0,50.2,4.32,3.57,0.18,160,200,1.912,0.5,3.82,0.067,0.35,0,0.65,0,1,0,1.0
L011581,5A-4,lateral,5.0,81.5,4.34,3.57,0.18,160,200,0.912,0.5,1.82,0.079,0.272,0,0.65,0,1,0,1.935000000000002
L011487,5A-4,lateral,0.0,37.8,0.03,3.57,0.0,160,200,0.807,0.5,1.61,0.009,0.041,0,0.65,0,1,0,1.144999999999982
L010613,5A-2,lateral,22.0,529.5,19.22,3.57,0.79,160,200,1.057,0.5,2.11,0.153,0.461,0,0.65,0,1,0,0.795999999999992
L010830,5A-2,lateral,24.0,554.5,20.96,3.57,0.87,160,200,1.058,0.5,2.12,0.159,0.473,0,0.65,0,1,0,1.069999999999993
L010829,5A-2,lateral,24.0,572.9,20.97,3.57,0.87,160,200,0.815,0.5,1.63,0.17,0.432,0,0.65,0,1,0,1.149999999999977
L011430,5A-4,lateral,4.0,23.0,3.44,3.57,0.14,160,200,3.295,0.5,6.59,0.053,0.391,0,0.65,0,1,0,1.34699999999998
L011445,5A-4,lateral,5.0,26.9,4.3,3.57,0.18,160,200,0.68,0.5,1.36,0.085,0.245,0,0.65,0,1,0,1.182999999999993
L011448,5A-4,lateral,4.0,43.6,3.46,3.57,0.14,160,200,0.713,0.5,1.43,0.076,0.232,0,0.65,0,1,0,1.25
L011431,5A-4,lateral,3.0,20.2,2.58,3.57,0.11,160,200,0.709,0.5,1.42,0.066,0.211,0,0.65,0,1,0,1.163000000000011
L010802,5A-2,sub_main,71.0,2701.6,62.76,3.57,2.59,160,200,1.443,0.5,2.89,0.252,0.737,0,0.65,0,1,0,1.5
L010803,5A-2,sub_main,71.0,2676.8,62.74,3.57,2.59,160,200,1.449,0.5,2.9,0.252,0.738,0,0.65,0,1,0,1.391999999999996
L010804,5A-2,sub_main,70.0,2652.0,61.86,3.57,2.55,160,200,1.445,0.5,2.89,0.25,0.734,0,0.65,0,1,0,1.173000000000002
L010805,5A-2,sub_main,69.0,2626.9,60.99,3.57,2.52,160,200,1.655,0.5,3.31,0.24,0.767,0,0.65,0,0,0,1.0
L010806,5A-2,sub_main,69.0,2602.1,60.97,3.57,2.52,160,200,1.29,0.5,2.58,0.255,0.702,0,0.65,0,1,0,1.0
L010807,5A-2,sub_main,69.0,2578.9,60.96,3.57,2.52,160,200,1.453,0.5,2.91,0.248,0.732,0,0.65,0,1,0,1.0
L010842,5A-2,lateral,2.0,103.1,1.79,3.57,0.07,160,200,0.937,0.5,1.87,0.053,0.205,0,0.65,0,1,0,2.062999999999988
L010841,5A-2,lateral,2.0,131.2,1.81,3.57,0.07,160,200,0.958,0.5,1.92,0.053,0.207,0,0.65,0,1,0,2.401999999999987
L010843,5A-2,lateral,1.0,74.3,0.91,3.57,0.04,160,200,0.81,0.5,1.62,0.04,0.155,0,0.65,0,1,0,2.432999999999993
L010840,5A-2,lateral,3.0,163.3,2.69,3.57,0.11,160,200,0.832,0.5,1.66,0.065,0.225,0,0.65,0,1,0,2.038999999999987
L010844,5A-2,lateral,0.0,34.4,0.02,3.57,0.0,160,200,0.987,0.5,1.97,0.009,0.042,0,0.65,0,1,0,3.019000000000005
L010831,5A-2,lateral,19.0,502.2,16.64,3.57,0.69,160,200,1.057,0.5,2.11,0.143,0.44,0,0.65,0,1,0,0.757000000000005
L010832,5A-2,lateral,17.0,473.1,14.9,3.57,0.62,160,200,1.059,0.5,2.12,0.135,0.426,0,0.65,0,1,0,0.978999999999985
L010833,5A-2,lateral,16.0,445.4,14.02,3.57,0.58,160,200,1.055,0.5,2.11,0.132,0.417,0,0.65,0,1,0,0.966000000000008
L011195,5A-2,lateral,15.0,420.1,13.15,3.57,0.54,160,200,1.058,0.5,2.12,0.128,0.409,0,0.65,0,1,0,1.379000000000019
L011194,5A-2,lateral,14.0,394.3,12.27,3.57,0.51,160,200,1.059,0.5,2.12,0.124,0.401,0,0.65,0,1,0,1.435999999999979
L010834,5A-2,lateral,12.0,365.2,10.54,3.57,0.44,160,200,1.055,0.5,2.11,0.115,0.381,0,0.65,0,1,0,1.70799999999997
L010838,5A-2,lateral,3.0,196.7,2.71,3.57,0.11,160,200,0.94,0.5,1.88,0.064,0.236,0,0.65,0,1,0,2.643000000000029
L010835,5A-2,lateral,9.0,340.0,7.95,3.57,0.33,160,200,1.059,0.5,2.12,0.101,0.349,0,0.65,0,1,0,1.79200000000003
L010836,5A-2,lateral,7.0,309.6,6.22,3.57,0.26,160,200,1.057,0.5,2.11,0.09,0.322,0,0.65,0,1,0,2.090000000000032
L010837,5A-2,lateral,6.0,281.4,5.34,3.57,0.22,160,200,1.059,0.5,2.12,0.084,0.307,0,0.65,0,1,0,2.132000000000005
L010655,5A-2,lateral,6.0,261.7,5.33,3.57,0.22,160,200,1.058,0.5,2.12,0.084,0.306,0,0.65,0,1,0,2.543999999999983
L010839,5A-2,lateral,3.0,46.9,2.6,3.57,0.11,160,200,0.557,0.5,1.11,0.07,0.194,0,0.65,0,1,0,0.850000000000023
L011202,5A-2,lateral,2.0,266.9,1.91,3.57,0.08,160,200,1.448,0.5,2.9,0.049,0.242,0,0.65,0,1,0,1.0
L010656,5A-2,lateral,0.0,21.8,0.02,3.57,0.0,160,200,2.246,0.5,4.49,0.006,0.045,0,0.65,0,1,0,1.0
L011198,5A-2,lateral,2.0,230.9,1.88,3.57,0.08,160,200,1.866,0.5,3.73,0.046,0.263,0,0.65,0,1,0,1.0
L010615,5A-2,lateral,2.0,325.5,1.95,3.57,0.08,160,200,0.637,0.5,1.27,0.06,0.185,0,0.65,0,1,0,1.0
L010809,5A-2,sub_main,67.0,2524.5,59.2,3.57,2.44,160,200,0.396,0.5,0.79,0.341,0.455,0,0.65,0,1,0,1.854000000000042
L010810,5A-2,sub_main,64.0,2499.8,56.62,3.57,2.34,160,200,0.394,0.5,0.79,0.334,0.449,0,0.65,0,1,0,1.865999999999985
L011197,5A-2,lateral,2.0,302.0,1.93,3.57,0.08,160,200,1.965,0.5,3.93,0.046,0.27,0,0.65,0,1,0,1.0
L010811,5A-2,sub_main,64.0,2476.2,56.6,3.57,2.34,160,200,0.391,0.5,0.78,0.334,0.448,0,0.65,0,1,0,1.952999999999975
L010812,5A-2,sub_main,64.0,2451.4,56.58,3.57,2.34,160,200,0.396,0.5,0.79,0.333,0.45,0,0.65,0,1,0,2.376000000000033
L010654,5A-2,lateral,26.0,934.6,22.94,3.57,0.95,160,200,0.582,0.5,1.16,0.192,0.395,0,0.65,0,1,0,1.439999999999998
L010813,5A-2,sub_main,64.0,2424.6,56.56,3.57,2.34,160,200,0.393,0.5,0.79,0.334,0.449,0,0.65,0,1,0,2.569999999999993
L010814,5A-2,sub_main,64.0,2378.3,56.53,3.57,2.33,160,200,0.395,0.5,0.79,0.333,0.449,0,0.65,0,1,0,2.677999999999997
L010723,5A-2,sub_main,64.0,2335.8,56.5,3.57,2.33,160,200,0.393,0.5,0.79,0.334,0.448,0,0.65,0,1,0,3.529999999999973
L011593,5A-4,lateral,77.0,1104.3,66.75,3.57,2.76,160,200,0.225,0.5,0.45,0.425,0.383,0,0.65,0,1,0,2.355000000000018
L011435,5A-4,lateral,13.0,149.0,11.24,3.57,0.46,160,200,1.009,0.5,2.02,0.12,0.383,0,0.65,0,1,0,0.989999999999952
L011438,5A-4,lateral,5.0,23.2,4.3,3.57,0.18,160,200,0.663,0.5,1.33,0.085,0.243,0,0.65,0,1,0,1.894000000000005
L011534,5A-4,lateral,9.0,46.4,7.74,3.57,0.32,160,200,0.66,0.5,1.32,0.112,0.294,0,0.65,0,1,0,1.447000000000003
L010751,5A-2,trunk_main,776.0,23062.7,681.25,2.78,21.89,200,250,0.511,0.375,1.36,,,1,0.65,0,0,0,3.478999999999985
L010752,5A-2,trunk_main,775.0,23029.5,680.37,2.78,21.86,200,250,0.512,0.375,1.36,,,1,0.65,0,0,0,3.278999999999996
L010721,5A-2,trunk_main,773.0,22995.5,678.63,2.78,21.81,200,250,0.508,0.375,1.35,,,1,0.65,0,0,0,2.985000000000014
L010753,5A-2,trunk_main,773.0,22973.4,678.62,2.78,21.81,200,250,0.51,0.375,1.36,,,1,0.65,0,0,0,3.092999999999961
L010754,5A-2,trunk_main,773.0,22939.9,678.59,2.78,21.81,200,250,0.51,0.375,1.36,,,1,0.65,0,0,0,3.262
L010755,5A-2,trunk_main,773.0,22911.6,678.57,2.78,21.81,200,250,0.51,0.375,1.36,,,1,0.65,0,0,0,3.288000000000011
L011543,5A-4,lateral,17.0,96.2,14.63,3.57,0.6,160,200,0.662,0.5,1.32,0.15,0.36,0,0.65,0,1,0,1.436000000000035
L011529,5A-4,lateral,3.0,38.5,2.6,3.57,0.11,160,200,0.682,0.5,1.36,0.067,0.208,0,0.65,0,1,0,1.031000000000006
L011437,5A-4,lateral,3.0,23.9,2.59,3.57,0.11,160,200,0.674,0.5,1.35,0.067,0.207,0,0.65,0,1,0,1.121000000000038
L010744,5A-2,trunk_main,777.0,23296.6,682.27,2.78,21.92,200,250,0.511,0.375,1.36,,,1,0.65,0,0,0,3.72199999999998
L010745,5A-2,trunk_main,776.0,23261.0,681.39,2.78,21.89,200,250,0.508,0.375,1.35,,,1,0.65,0,0,0,2.57000000000005
L010746,5A-2,trunk_main,776.0,23228.5,681.37,2.78,21.89,200,250,0.511,0.375,1.36,,,1,0.65,0,0,0,2.925000000000011
L011453,5A-4,trunk_main,780.0,23594.7,685.06,2.77,22.0,200,250,0.347,0.375,0.93,,,1,0.65,0,0,0,2.228000000000009
L011452,5A-4,trunk_main,780.0,23566.1,685.04,2.77,22.0,200,250,0.35,0.375,0.93,,,1,0.65,0,0,0,2.38900000000001
L011451,5A-4,trunk_main,780.0,23538.7,685.02,2.77,21.99,200,250,0.344,0.375,0.92,,,1,0.65,0,0,0,3.033000000000015
L011484,5A-4,trunk_main,780.0,23512.6,685.0,2.77,21.99,200,250,0.347,0.375,0.93,,,1,0.65,0,0,0,3.062999999999988
L011416,5A-4,trunk_main,780.0,23489.9,684.98,2.77,21.99,200,250,0.348,0.375,0.93,,,1,0.65,0,0,0,3.093999999999994
L010741,5A-2,trunk_main,780.0,23468.6,684.97,2.77,21.99,200,250,0.51,0.375,1.36,,,1,0.65,0,0,0,2.979999999999961
L011193,5A-2,trunk_main,780.0,23447.8,684.95,2.77,21.99,200,250,0.51,0.375,1.36,,,1,0.65,0,0,0,2.913999999999987
L010742,5A-2,trunk_main,780.0,23408.7,684.92,2.77,21.99,200,250,0.512,0.375,1.37,,,1,0.65,0,0,0,2.855000000000018
L010743,5A-2,trunk_main,777.0,23366.4,682.32,2.78,21.92,200,250,0.508,0.375,1.35,,,1,0.65,0,0,0,2.728000000000009
L010722,5A-2,trunk_main,777.0,23333.5,682.3,2.78,21.92,200,250,0.512,0.375,1.37,,,1,0.65,0,0,0,3.680999999999983
L010747,5A-2,trunk_main,776.0,23191.1,681.34,2.78,21.89,200,250,0.511,0.375,1.36,,,1,0.65,0,0,0,3.313999999999965
L010748,5A-2,trunk_main,776.0,23155.5,681.32,2.78,21.89,200,250,0.51,0.375,1.36,,,1,0.65,0,0,0,3.262
L010749,5A-2,trunk_main,776.0,23122.7,681.29,2.78,21.89,200,250,0.511,0.375,1.36,,,1,0.65,0,0,0,3.274999999999977
L010750,5A-2,trunk_main,776.0,23093.7,681.27,2.78,21.89,200,250,0.51,0.375,1.36,,,1,0.65,0,0,0,3.157000000000039
L010756,5A-2,trunk_main,773.0,22882.1,678.55,2.78,21.81,200,250,0.512,0.375,1.36,,,1,0.65,0,0,0,3.81699999999995
L010757,5A-2,trunk_main,772.0,22852.1,677.67,2.78,21.79,200,250,0.511,0.375,1.36,,,1,0.65,0,0,0,3.783999999999992
L010720,5A-2,trunk_main,771.0,22812.0,676.79,2.78,21.76,200,250,0.51,0.375,1.36,,,1,0.65,0,0,0,3.59899999999999
L010800,5A-2,sub_main,73.0,2749.3,64.5,3.57,2.66,160,200,1.445,0.5,2.89,0.255,0.743,0,0.65,0,1,0,1.139999999999986
L010801,5A-2,sub_main,73.0,2726.4,64.49,3.57,2.66,160,200,1.449,0.5,2.9,0.255,0.744,0,0.65,0,1,0,0.778999999999996
L010758,5A-2,trunk_main,698.0,20029.6,612.26,2.81,19.93,200,250,0.439,0.375,1.17,0.897,0.757,0,0.65,1,0,0,3.189999999999998
L010759,5A-2,trunk_main,698.0,19982.4,612.22,2.81,19.93,200,250,0.437,0.375,1.17,0.9,0.755,0,0.65,1,0,0,3.012999999999977
L010760,5A-2,trunk_main,698.0,19942.8,612.2,2.81,19.93,200,250,0.48,0.375,1.28,0.836,0.802,0,0.65,1,0,0,3.939999999999998
L010761,5A-2,trunk_main,697.0,19912.6,611.32,2.81,19.9,200,250,0.479,0.375,1.28,0.836,0.801,0,0.65,1,0,0,3.764999999999986
L010869,5A-2,sub_main,41.0,1216.2,35.99,3.57,1.49,160,200,0.498,0.5,1.0,0.25,0.428,0,0.65,0,1,0,2.190999999999974
L010732,5A-2,sub_main,41.0,1237.0,36.01,3.57,1.49,160,200,0.5,0.5,1.0,0.249,0.429,0,0.65,0,1,0,1.604999999999961
L010724,5A-2,trunk_main,656.0,18632.8,575.28,2.83,18.87,200,250,0.557,0.375,1.49,0.737,0.858,0,0.65,1,0,0,3.869999999999948
L010762,5A-2,trunk_main,656.0,18615.1,575.27,2.83,18.87,200,250,0.556,0.375,1.48,0.738,0.857,0,0.65,1,0,0,4.100999999999999
L010763,5A-2,trunk_main,656.0,18586.1,575.25,2.83,18.86,200,250,0.558,0.375,1.49,0.737,0.858,0,0.65,1,0,0,4.029999999999973
L010764,5A-2,trunk_main,656.0,18555.2,575.22,2.83,18.86,200,250,0.557,0.375,1.49,0.737,0.858,0,0.65,1,0,0,4.187999999999988
L011040,5A-2,lateral,4.0,36.0,3.45,3.57,0.14,160,200,0.519,0.5,1.04,0.081,0.208,0,0.65,0,1,0,1.617000000000019
L010765,5A-2,trunk_main,656.0,18525.3,575.2,2.83,18.86,200,250,0.56,0.375,1.49,0.735,0.86,0,0.65,1,0,0,4.281000000000006
L010766,5A-2,trunk_main,656.0,18495.6,575.18,2.83,18.86,200,250,0.555,0.375,1.48,0.738,0.856,0,0.65,1,0,0,4.314999999999998
L010767,5A-2,trunk_main,655.0,18465.9,574.3,2.83,18.84,200,250,0.56,0.375,1.49,0.734,0.86,0,0.65,1,0,0,4.32000000000005
L011045,5A-2,lateral,0.0,22.2,0.02,3.57,0.0,160,200,0.59,0.5,1.18,0.008,0.03,0,0.65,0,1,0,1.230999999999995
L010725,5A-2,trunk_main,655.0,18435.7,574.28,2.83,18.84,200,250,0.556,0.375,1.48,0.737,0.857,0,0.65,1,0,0,4.440999999999974
L011199,5A-2,lateral,2.0,199.9,1.86,3.57,0.08,160,200,1.162,0.5,2.32,0.051,0.223,0,0.65,0,1,0,1.0
L011200,5A-2,lateral,2.0,162.2,1.83,3.57,0.08,160,200,1.149,0.5,2.3,0.051,0.221,0,0.65,0,1,0,1.222000000000037
L011201,5A-2,lateral,2.0,139.4,1.81,3.57,0.07,160,200,2.057,0.5,4.11,0.044,0.268,0,0.65,0,1,0,1.0
L009485,5A-2,lateral,2.0,111.3,1.79,3.57,0.07,160,200,2.022,0.5,4.04,0.044,0.266,0,0.65,0,1,0,2.033000000000015
L011196,5A-2,lateral,1.0,75.3,0.91,3.57,0.04,160,200,2.135,0.5,4.27,0.032,0.214,0,0.65,0,1,0,0.795999999999992
L010612,5A-2,lateral,0.0,54.9,0.04,3.57,0.0,160,200,1.298,0.5,2.6,0.01,0.056,0,0.65,0,1,0,1.0
L010817,5A-2,sub_main,36.0,1317.0,31.78,3.57,1.31,160,200,0.502,0.5,1.0,0.234,0.413,0,0.65,0,1,0,4.337000000000046
L010614,5A-2,lateral,0.0,28.6,0.02,3.57,0.0,160,200,1.323,0.5,2.65,0.008,0.043,0,0.65,0,1,0,1.088000000000022
L010818,5A-2,sub_main,35.0,1281.1,30.9,3.57,1.28,160,200,0.496,0.5,0.99,0.232,0.408,0,0.65,0,1,0,4.847000000000037
L010819,5A-2,sub_main,33.0,1250.2,29.16,3.57,1.2,160,200,0.501,0.5,1.0,0.224,0.403,0,0.65,0,1,0,5.394000000000005
L010820,5A-2,sub_main,32.0,1212.1,28.28,3.57,1.17,160,200,0.497,0.5,0.99,0.222,0.398,0,0.65,0,1,0,5.763000000000034
L010821,5A-2,sub_main,16.0,924.8,14.37,3.57,0.59,160,200,5.76,0.5,11.52,0.089,0.754,0,0.65,0,0,0,5.860000000000014
L010822,5A-2,sub_main,16.0,896.7,14.35,3.57,0.59,160,200,5.759,0.5,11.52,0.089,0.754,0,0.65,0,0,0,4.440999999999974
L010823,5A-2,sub_main,16.0,861.3,14.32,3.57,0.59,160,200,0.382,0.5,0.76,0.17,0.295,0,0.65,0,1,0,3.300000000000011
L011218,5A-2,lateral,14.0,264.6,12.18,3.57,0.5,160,200,0.536,0.5,1.07,0.145,0.315,0,0.65,0,1,0,5.764999999999986
L010824,5A-2,sub_main,16.0,838.8,14.31,3.57,0.59,160,200,0.384,0.5,0.77,0.17,0.295,0,0.65,0,1,0,3.394000000000005
L010825,5A-2,sub_main,16.0,794.6,14.28,3.57,0.59,160,200,0.384,0.5,0.77,0.17,0.295,0,0.65,0,1,0,3.174000000000035
L010826,5A-2,sub_main,0.0,92.3,0.07,3.57,0.0,160,200,3.499,0.5,7.0,0.01,0.095,0,0.65,0,1,0,3.620000000000005
L010848,5A-2,lateral,10.0,113.3,8.65,3.57,0.36,160,200,0.531,0.5,1.06,0.124,0.282,0,0.65,0,1,0,3.175999999999988
L010828,5A-2,sub_main,0.0,56.9,0.04,3.57,0.0,160,200,3.501,0.5,7.0,0.008,0.078,0,0.65,0,1,0,2.990000000000009
L010849,5A-2,lateral,11.0,138.7,9.52,3.57,0.39,160,200,0.543,0.5,1.09,0.129,0.293,0,0.65,0,1,0,3.463999999999999
L010657,5A-2,lateral,14.0,234.4,12.16,3.57,0.5,160,200,0.597,0.5,1.19,0.141,0.327,0,0.65,0,1,0,5.173000000000002
L010850,5A-2,lateral,13.0,168.4,11.26,3.57,0.46,160,200,0.546,0.5,1.09,0.139,0.309,0,0.65,0,1,0,4.23599999999999
L010713,5A-2,lateral,16.0,659.6,14.18,3.57,0.59,160,200,0.577,0.5,1.15,0.153,0.339,0,0.65,0,1,0,3.620000000000005
L010827,5A-2,sub_main,0.0,21.0,0.02,3.57,0.0,160,200,3.5,0.5,7.0,0.005,0.051,0,0.65,0,1,0,3.213999999999999
L010851,5A-2,lateral,14.0,189.0,12.13,3.57,0.5,160,200,0.514,0.5,1.03,0.146,0.31,0,0.65,0,1,0,4.491999999999962
L010852,5A-2,lateral,14.0,208.1,12.14,3.57,0.5,160,200,0.545,0.5,1.09,0.144,0.317,0,0.65,0,1,0,4.95599999999996
L010859,5A-2,lateral,16.0,630.3,14.16,3.57,0.58,160,200,0.655,0.5,1.31,0.148,0.354,0,0.65,0,1,0,3.201000000000022
L010616,5A-2,lateral,3.0,140.8,2.67,3.57,0.11,160,200,0.614,0.5,1.23,0.07,0.203,0,0.65,0,1,0,1.463999999999999
L010860,5A-2,lateral,1.0,103.3,0.93,3.57,0.04,160,200,0.639,0.5,1.28,0.043,0.144,0,0.65,0,1,0,2.30400000000003
L010808,5A-2,sub_main,68.0,2554.1,60.08,3.57,2.48,160,200,0.392,0.5,0.78,0.345,0.456,0,0.65,0,1,0,1.629999999999995
L010874,5A-2,sub_main,39.0,1074.1,34.18,3.57,1.41,160,200,0.812,0.5,1.62,0.215,0.501,0,0.65,0,1,0,1.0
L010872,5A-2,sub_main,41.0,1121.4,35.92,3.57,1.48,160,200,1.69,0.5,3.38,0.184,0.658,0,0.65,0,1,0,1.0
L010734,5A-2,sub_main,38.0,1049.6,33.3,3.57,1.38,160,200,0.805,0.5,1.61,0.213,0.496,0,0.65,0,1,0,2.400999999999954
L010733,5A-2,sub_main,41.0,1145.9,35.94,3.57,1.48,160,200,5.1,0.5,10.2,0.141,0.967,0,0.65,0,0,0,1.0
L010873,5A-2,sub_main,39.0,1094.9,34.19,3.57,1.41,160,200,1.692,0.5,3.38,0.18,0.649,0,0.65,0,1,0,1.062000000000012
L010870,5A-2,sub_main,41.0,1191.6,35.97,3.57,1.49,160,200,0.501,0.5,1.0,0.249,0.429,0,0.65,0,1,0,2.278999999999996
L010871,5A-2,sub_main,41.0,1166.7,35.96,3.57,1.48,160,200,0.5,0.5,1.0,0.249,0.428,0,0.65,0,1,0,2.183999999999969
L010875,5A-2,sub_main,38.0,1036.2,33.29,3.57,1.37,160,200,0.814,0.5,1.63,0.212,0.498,0,0.65,0,1,0,1.29299999999995
L011041,5A-2,lateral,6.0,57.1,5.18,3.57,0.21,160,200,0.516,0.5,1.03,0.098,0.237,0,0.65,0,1,0,2.015999999999963
L010815,5A-2,sub_main,38.0,1375.8,33.54,3.57,1.38,160,200,0.501,0.5,1.0,0.241,0.42,0,0.65,0,1,0,4.110000000000014
L010816,5A-2,sub_main,38.0,1352.4,33.52,3.57,1.38,160,200,0.497,0.5,0.99,0.241,0.419,0,0.65,0,1,0,4.322999999999979
L010845,5A-2,lateral,3.0,27.1,2.59,3.57,0.11,160,200,0.538,0.5,1.08,0.071,0.192,0,0.65,0,1,0,1.576000000000022
L010846,5A-2,lateral,5.0,57.1,4.32,3.57,0.18,160,200,0.54,0.5,1.08,0.089,0.227,0,0.65,0,1,0,1.967999999999961
L010847,5A-2,lateral,8.0,82.8,6.91,3.57,0.29,160,200,0.53,0.5,1.06,0.112,0.262,0,0.65,0,1,0,2.853999999999985
L010876,5A-2,sub_main,36.0,1015.0,31.56,3.57,1.3,160,200,0.81,0.5,1.62,0.207,0.489,0,0.65,0,1,0,1.201000000000022
L010877,5A-2,sub_main,35.0,985.0,30.69,3.57,1.27,160,200,0.81,0.5,1.62,0.204,0.485,0,0.65,0,1,0,1.557999999999993
L010878,5A-2,sub_main,34.0,955.0,29.81,3.57,1.23,160,200,0.81,0.5,1.62,0.201,0.48,0,0.65,0,1,0,1.605000000000018
L010735,5A-2,sub_main,33.0,925.0,28.93,3.57,1.19,160,200,0.814,0.5,1.63,0.198,0.477,0,0.65,0,1,0,1.222000000000037
L010659,5A-2,lateral,10.0,265.4,8.76,3.57,0.36,160,200,0.606,0.5,1.21,0.121,0.297,0,0.65,0,1,0,1.344000000000051
L010858,5A-2,lateral,12.0,465.7,10.61,3.57,0.44,160,200,0.598,0.5,1.2,0.132,0.314,0,0.65,0,1,0,2.735000000000014
L010861,5A-2,lateral,0.0,76.7,0.06,3.57,0.0,160,200,0.501,0.5,1.0,0.014,0.047,0,0.65,0,1,0,2.213999999999999
L010617,5A-2,lateral,3.0,182.5,2.7,3.57,0.11,160,200,0.649,0.5,1.3,0.069,0.207,0,0.65,0,1,0,1.545999999999992
L010864,5A-2,lateral,3.0,142.1,2.67,3.57,0.11,160,200,0.508,0.5,1.02,0.073,0.19,0,0.65,0,1,0,1.952999999999975
L010857,5A-2,lateral,8.0,249.6,7.03,3.57,0.29,160,200,0.524,0.5,1.05,0.113,0.263,0,0.65,0,1,0,1.76400000000001
L010862,5A-2,lateral,0.0,38.0,0.03,3.57,0.0,160,200,1.789,0.5,3.58,0.008,0.054,0,0.65,0,1,0,1.0
L010865,5A-2,lateral,3.0,120.2,2.66,3.57,0.11,160,200,0.667,0.5,1.33,0.068,0.208,0,0.65,0,1,0,1.491999999999962
L010856,5A-2,lateral,5.0,205.5,4.43,3.57,0.18,160,200,0.579,0.5,1.16,0.089,0.234,0,0.65,0,1,0,1.892999999999972
L010866,5A-2,lateral,3.0,94.4,2.64,3.57,0.11,160,200,2.599,0.5,5.2,0.05,0.33,0,0.65,0,1,0,1.0
L010886,5A-2,lateral,0.0,30.1,0.02,3.57,0.0,160,200,0.605,0.5,1.21,0.009,0.034,0,0.65,0,1,0,1.322000000000003
L010881,5A-2,lateral,2.0,170.1,1.84,3.57,0.08,160,200,0.606,0.5,1.21,0.059,0.178,0,0.65,0,1,0,2.02600000000001
L010882,5A-2,lateral,1.0,142.5,0.96,3.57,0.04,160,200,0.606,0.5,1.21,0.044,0.143,0,0.65,0,1,0,1.709000000000003
L010880,5A-2,lateral,6.0,208.6,5.29,3.57,0.22,160,200,0.607,0.5,1.21,0.095,0.252,0,0.65,0,1,0,1.329999999999984
L010883,5A-2,lateral,0.0,104.8,0.08,3.57,0.0,160,200,0.606,0.5,1.21,0.015,0.057,0,0.65,0,1,0,1.42999999999995
L010736,5A-2,sub_main,23.0,649.6,20.17,3.57,0.83,160,200,0.73,0.5,1.46,0.171,0.411,0,0.65,0,1,0,1.440000000000055
L010884,5A-2,lateral,0.0,97.2,0.07,3.57,0.0,160,200,0.619,0.5,1.24,0.014,0.055,0,0.65,0,1,0,1.533999999999992
L010885,5A-2,lateral,0.0,57.6,0.04,3.57,0.0,160,200,0.606,0.5,1.21,0.012,0.045,0,0.65,0,1,0,1.258999999999958
L010879,5A-2,sub_main,23.0,611.5,20.14,3.57,0.83,160,200,0.728,0.5,1.46,0.171,0.41,0,0.65,0,1,0,1.141999999999996
L010895,5A-2,lateral,3.0,253.4,2.75,3.57,0.11,160,200,1.013,0.5,2.03,0.063,0.243,0,0.65,0,1,0,1.119000000000028
L010894,5A-2,lateral,3.0,225.8,2.73,3.57,0.11,160,200,0.609,0.5,1.22,0.071,0.204,0,0.65,0,1,0,1.0
L010867,5A-2,lateral,2.0,72.1,1.76,3.57,0.07,160,200,2.674,0.5,5.35,0.041,0.29,0,0.65,0,1,0,1.118999999999971
L010868,5A-2,lateral,2.0,50.1,1.75,3.57,0.07,160,200,1.974,0.5,3.95,0.044,0.261,0,0.65,0,1,0,1.0
L010863,5A-2,lateral,0.0,25.2,0.02,3.57,0.0,160,200,5.588,0.5,11.18,0.005,0.064,0,0.65,0,1,0,1.0
L010714,5A-2,lateral,5.0,182.5,4.41,3.57,0.18,160,200,1.284,0.5,2.57,0.074,0.308,0,0.65,0,1,0,1.0
L010855,5A-2,lateral,3.0,152.1,2.68,3.57,0.11,160,200,1.282,0.5,2.56,0.059,0.261,0,0.65,0,1,0,1.230000000000018
L010854,5A-2,lateral,3.0,126.3,2.66,3.57,0.11,160,200,1.285,0.5,2.57,0.059,0.26,0,0.65,0,1,0,1.34899999999999
L010715,5A-2,lateral,2.0,101.5,1.79,3.57,0.07,160,200,1.764,0.5,3.53,0.046,0.254,0,0.65,0,1,0,1.0
L010716,5A-2,lateral,1.0,66.3,0.9,3.57,0.04,160,200,3.768,0.5,7.54,0.029,0.258,0,0.65,0,1,0,1.0
L010890,5A-2,lateral,0.0,112.7,0.08,3.57,0.0,160,200,1.443,0.5,2.89,0.013,0.078,0,0.65,0,1,0,1.103000000000009
L010853,5A-2,lateral,0.0,36.3,0.03,3.57,0.0,160,200,1.624,0.5,3.25,0.008,0.051,0,0.65,0,1,0,1.0
L010892,5A-2,lateral,2.0,167.2,1.83,3.57,0.08,160,200,1.445,0.5,2.89,0.048,0.239,0,0.65,0,1,0,1.0
L010738,5A-2,lateral,3.0,291.9,2.78,3.57,0.11,160,200,1.013,0.5,2.03,0.063,0.244,0,0.65,0,1,0,1.29000000000002
L010891,5A-2,lateral,1.0,142.7,0.96,3.57,0.04,160,200,1.447,0.5,2.89,0.036,0.192,0,0.65,0,1,0,1.026999999999987
L010737,5A-2,sub_main,23.0,571.4,20.11,3.57,0.83,160,200,0.674,0.5,1.35,0.174,0.399,0,0.65,0,1,0,0.899999999999977
L010739,5A-2,lateral,17.0,243.8,14.74,3.57,0.61,160,200,0.599,0.5,1.2,0.155,0.348,0,0.65,0,1,0,1.168000000000006
L010896,5A-2,lateral,15.0,208.6,13.0,3.57,0.54,160,200,0.597,0.5,1.19,0.146,0.334,0,0.65,0,1,0,1.057000000000016
L010897,5A-2,lateral,12.0,170.6,10.4,3.57,0.43,160,200,0.988,0.5,1.98,0.116,0.371,0,0.65,0,1,0,1.0
L010898,5A-2,lateral,11.0,143.1,9.52,3.57,0.39,160,200,0.985,0.5,1.97,0.112,0.36,0,0.65,0,1,0,2.387999999999977
L010899,5A-2,lateral,7.0,105.3,6.07,3.57,0.25,160,200,0.986,0.5,1.97,0.091,0.312,0,0.65,0,1,0,1.216000000000008
L011042,5A-2,lateral,6.0,78.5,5.2,3.57,0.21,160,200,0.52,0.5,1.04,0.098,0.238,0,0.65,0,1,0,2.257000000000005
L011043,5A-2,lateral,6.0,102.6,5.21,3.57,0.22,160,200,0.519,0.5,1.04,0.098,0.238,0,0.65,0,1,0,2.75200000000001
L010620,5A-2,lateral,7.0,125.3,6.09,3.57,0.25,160,200,0.519,0.5,1.04,0.106,0.25,0,0.65,0,1,0,3.140000000000043
L011044,5A-2,lateral,0.0,48.0,0.03,3.57,0.0,160,200,0.586,0.5,1.17,0.011,0.041,0,0.65,0,1,0,2.021999999999991
L010619,5A-2,lateral,0.0,71.3,0.05,3.57,0.0,160,200,0.591,0.5,1.18,0.013,0.048,0,0.65,0,1,0,2.5
L011203,5A-2,lateral,9.0,232.0,7.88,3.57,0.33,160,200,0.461,0.5,0.92,0.122,0.261,0,0.65,0,1,0,3.672999999999945
L010618,5A-2,lateral,9.0,257.5,7.89,3.57,0.33,160,200,0.459,0.5,0.92,0.123,0.26,0,0.65,0,1,0,3.909999999999968
L010905,5A-2,sub_main,194.0,5225.8,169.92,3.28,6.46,160,200,0.443,0.5,0.89,0.571,0.614,0,0.65,0,1,0,5.170999999999992
L010906,5A-2,sub_main,192.0,5196.4,168.19,3.29,6.4,160,200,0.443,0.5,0.89,0.568,0.613,0,0.65,0,1,0,5.200999999999965
L010904,5A-2,sub_main,194.0,5252.6,169.94,3.28,6.46,160,200,0.443,0.5,0.89,0.571,0.614,0,0.65,0,1,0,5.259999999999991
L010889,5A-2,lateral,0.0,82.7,0.06,3.57,0.0,160,200,1.05,0.5,2.1,0.012,0.062,0,0.65,0,1,0,1.0
L010888,5A-2,lateral,0.0,46.2,0.03,3.57,0.0,160,200,1.054,0.5,2.11,0.01,0.049,0,0.65,0,1,0,1.02600000000001
L010887,5A-2,lateral,0.0,22.0,0.02,3.57,0.0,160,200,1.051,0.5,2.1,0.007,0.036,0,0.65,0,1,0,1.091000000000008
L010901,5A-2,lateral,0.0,30.0,0.02,3.57,0.0,160,200,1.033,0.5,2.07,0.008,0.041,0,0.65,0,1,0,0.689999999999998
L010700,5A-2,sub_main,1.0,247.8,1.03,3.57,0.04,160,200,6.072,0.5,12.14,0.027,0.317,0,0.65,0,1,0,6.089999999999975
L010699,5A-2,sub_main,59.0,2326.0,52.21,3.57,2.16,160,200,0.466,0.5,0.93,0.306,0.466,0,0.65,0,1,0,6.444999999999993
L010927,5A-2,sub_main,0.0,19.1,0.01,3.57,0.0,160,200,2.461,0.5,4.92,0.006,0.044,0,0.65,0,1,0,1.0
L010921,5A-2,sub_main,1.0,214.2,1.01,3.57,0.04,160,200,6.07,0.5,12.14,0.027,0.315,0,0.65,0,1,0,4.427000000000021
L010922,5A-2,sub_main,1.0,184.2,0.99,3.57,0.04,160,200,6.071,0.5,12.14,0.027,0.312,0,0.65,0,1,0,2.805999999999983
L010923,5A-2,sub_main,1.0,154.1,0.97,3.57,0.04,160,200,1.333,0.5,2.67,0.037,0.187,0,0.65,0,1,0,1.0
L010900,5A-2,lateral,4.0,84.4,3.49,3.57,0.14,160,200,1.842,0.5,3.68,0.061,0.322,0,0.65,0,1,0,1.0
L010740,5A-2,lateral,2.0,60.0,1.76,3.57,0.07,160,200,1.033,0.5,2.07,0.051,0.21,0,0.65,0,1,0,1.0
L010913,5A-2,sub_main,187.0,4997.7,163.76,3.3,6.25,160,200,0.444,0.5,0.89,0.559,0.61,0,0.65,0,1,0,7.300000000000011
L010912,5A-2,sub_main,188.0,5027.6,164.64,3.3,6.28,160,200,0.441,0.5,0.88,0.562,0.609,0,0.65,0,1,0,5.652000000000044
L010914,5A-2,sub_main,67.0,2581.3,59.24,3.57,2.45,160,200,0.609,0.5,1.22,0.305,0.532,0,0.65,0,1,0,6.370000000000005
L010911,5A-2,sub_main,190.0,5057.6,166.38,3.29,6.34,160,200,0.444,0.5,0.89,0.565,0.612,0,0.65,0,1,0,5.475000000000023
L010910,5A-2,sub_main,190.0,5087.6,166.4,3.29,6.34,160,200,0.443,0.5,0.89,0.565,0.611,0,0.65,0,1,0,5.507999999999981
L010909,5A-2,sub_main,190.0,5117.7,166.42,3.29,6.34,160,200,0.443,0.5,0.89,0.565,0.611,0,0.65,0,1,0,5.281000000000006
L010621,5A-2,lateral,120.0,2351.2,104.47,3.48,4.21,160,200,0.581,0.5,1.16,0.411,0.61,0,0.65,0,1,0,4.449999999999989
L011029,5A-2,lateral,5.0,82.7,4.34,3.57,0.18,160,200,0.63,0.5,1.26,0.086,0.24,0,0.65,0,1,0,1.023000000000025
L010924,5A-2,sub_main,1.0,124.1,0.95,3.57,0.04,160,200,1.07,0.5,2.14,0.039,0.172,0,0.65,0,1,0,1.0
L010925,5A-2,sub_main,1.0,82.1,0.92,3.57,0.04,160,200,1.2,0.5,2.4,0.037,0.177,0,0.65,0,1,0,1.0
L010926,5A-2,sub_main,0.0,52.1,0.04,3.57,0.0,160,200,1.729,0.5,3.46,0.009,0.06,0,0.65,0,1,0,1.0
L010920,5A-2,sub_main,59.0,2353.3,52.23,3.57,2.16,160,200,0.468,0.5,0.94,0.306,0.467,0,0.65,0,1,0,7.853000000000009
L010915,5A-2,sub_main,66.0,2522.1,58.34,3.57,2.41,160,200,0.465,0.5,0.93,0.324,0.481,0,0.65,0,1,0,6.399999999999977
L010919,5A-2,sub_main,64.0,2383.3,56.53,3.57,2.33,160,200,0.467,0.5,0.93,0.319,0.477,0,0.65,0,1,0,8.853000000000009
L010918,5A-2,sub_main,64.0,2415.3,56.55,3.57,2.34,160,200,0.467,0.5,0.93,0.319,0.477,0,0.65,0,1,0,6.921999999999969
L010916,5A-2,sub_main,65.0,2475.9,57.46,3.57,2.37,160,200,0.466,0.5,0.93,0.322,0.479,0,0.65,0,1,0,6.504999999999995
L010917,5A-2,sub_main,64.0,2445.3,56.58,3.57,2.34,160,200,0.467,0.5,0.93,0.319,0.477,0,0.65,0,1,0,6.97199999999998
L010928,5A-2,lateral,58.0,2049.2,51.15,3.57,2.11,160,200,0.497,0.5,0.99,0.298,0.474,0,0.65,0,1,0,5.992000000000019
L010768,5A-2,trunk_main,655.0,18405.2,574.26,2.83,18.84,200,250,0.557,0.375,1.48,0.736,0.858,0,0.65,1,0,0,4.621000000000038
L010658,5A-2,sub_main,234.0,6373.7,205.01,3.21,7.62,160,200,0.464,0.5,0.93,0.627,0.649,0,0.65,0,1,0,4.720000000000027
L010769,5A-2,trunk_main,421.0,12009.8,369.23,2.99,12.78,200,200,0.719,0.5,1.44,0.519,0.877,0,0.65,0,0,0,4.819999999999993
L011039,5A-2,lateral,30.0,777.3,26.25,3.57,1.08,160,200,0.614,0.5,1.23,0.203,0.419,0,0.65,0,1,0,1.633000000000038
L010770,5A-2,trunk_main,421.0,11976.0,369.21,2.99,12.78,200,200,0.72,0.5,1.44,0.518,0.877,0,0.65,0,0,0,4.706999999999994
L010651,5A-2,lateral,24.0,645.7,21.02,3.57,0.87,160,200,0.613,0.5,1.23,0.182,0.391,0,0.65,0,1,0,1.45999999999998
L010907,5A-2,sub_main,192.0,5170.7,168.17,3.29,6.4,160,200,0.443,0.5,0.89,0.568,0.613,0,0.65,0,1,0,3.477000000000032
L010908,5A-2,sub_main,191.0,5147.0,167.3,3.29,6.37,160,200,0.446,0.5,0.89,0.565,0.614,0,0.65,0,1,0,4.391999999999996
L010903,5A-2,sub_main,203.0,5535.7,177.86,3.27,6.72,160,200,0.529,0.5,1.06,0.554,0.664,0,0.65,0,1,0,5.605000000000018
L010902,5A-2,sub_main,203.0,5555.4,177.87,3.27,6.72,160,200,0.531,0.5,1.06,0.553,0.665,0,0.65,0,1,0,5.07000000000005
L010696,5A-2,lateral,5.0,77.3,4.34,3.57,0.18,160,200,0.599,0.5,1.2,0.087,0.236,0,0.65,0,1,0,0.851999999999975
L011037,5A-2,lateral,3.0,50.7,2.61,3.57,0.11,160,200,0.596,0.5,1.19,0.069,0.199,0,0.65,0,1,0,0.863
L011038,5A-2,lateral,2.0,21.4,1.73,3.57,0.07,160,200,0.599,0.5,1.2,0.058,0.174,0,0.65,0,1,0,1.027999999999963
L010695,5A-2,lateral,22.0,609.7,19.28,3.57,0.8,160,200,0.615,0.5,1.23,0.175,0.382,0,0.65,0,1,0,1.438999999999965
L011036,5A-2,lateral,2.0,49.5,1.75,3.57,0.07,160,200,0.596,0.5,1.19,0.058,0.174,0,0.65,0,1,0,1.01400000000001
L011035,5A-2,lateral,2.0,23.5,1.73,3.57,0.07,160,200,0.592,0.5,1.18,0.058,0.173,0,0.65,0,1,0,1.129000000000019
L010929,5A-2,lateral,58.0,2011.9,51.13,3.57,2.11,160,200,0.504,0.5,1.01,0.297,0.477,0,0.65,0,1,0,5.927000000000021
L011027,5A-2,lateral,2.0,30.0,1.73,3.57,0.07,160,200,0.6,0.5,1.2,0.058,0.174,0,0.65,0,1,0,1.0
L010709,5A-2,lateral,18.0,127.1,15.51,3.57,0.64,160,200,0.417,0.5,0.83,0.173,0.311,0,0.65,0,1,0,1.350000000000023
L011012,5A-2,lateral,18.0,151.5,15.53,3.57,0.64,160,200,0.419,0.5,0.84,0.173,0.312,0,0.65,0,1,0,1.451999999999998
L011011,5A-2,lateral,18.0,168.9,15.54,3.57,0.64,160,200,0.414,0.5,0.83,0.173,0.311,0,0.65,0,1,0,1.623999999999967
L010710,5A-2,lateral,17.0,95.0,14.63,3.57,0.6,160,200,0.416,0.5,0.83,0.168,0.305,0,0.65,0,1,0,1.115999999999985
L011010,5A-2,lateral,19.0,203.9,16.42,3.57,0.68,160,200,0.417,0.5,0.83,0.178,0.317,0,0.65,0,1,0,0.800000000000011
L010930,5A-2,lateral,58.0,1982.4,51.1,3.57,2.11,160,200,0.497,0.5,0.99,0.298,0.474,0,0.65,0,1,0,5.478000000000009
L011013,5A-2,lateral,15.0,67.1,12.9,3.57,0.53,160,200,0.419,0.5,0.84,0.158,0.294,0,0.65,0,1,0,1.199999999999989
L011009,5A-2,lateral,19.0,233.3,16.44,3.57,0.68,160,200,0.818,0.5,1.64,0.151,0.401,0,0.65,0,1,0,0.990999999999985
L011028,5A-2,lateral,4.0,60.0,3.47,3.57,0.14,160,200,1.633,0.5,3.27,0.063,0.309,0,0.65,0,1,0,1.0
L010623,5A-2,lateral,6.0,102.9,5.21,3.57,0.22,160,200,0.628,0.5,1.26,0.094,0.254,0,0.65,0,1,0,1.04000000000002
L010987,5A-2,lateral,113.0,2193.2,98.36,3.51,3.99,160,200,0.407,0.5,0.81,0.441,0.527,0,0.65,0,1,0,4.639999999999986
L010624,5A-2,lateral,81.0,1546.9,70.49,3.57,2.91,160,200,0.576,0.5,1.15,0.338,0.548,0,0.65,0,1,0,4.659999999999968
L011032,5A-2,lateral,0.0,86.7,0.06,3.57,0.0,160,200,1.247,0.5,2.49,0.012,0.067,0,0.65,0,1,0,1.0
L011031,5A-2,lateral,0.0,60.0,0.04,3.57,0.0,160,200,1.243,0.5,2.49,0.01,0.058,0,0.65,0,1,0,1.146999999999991
L011030,5A-2,lateral,0.0,30.0,0.02,3.57,0.0,160,200,1.247,0.5,2.49,0.008,0.043,0,0.65,0,1,0,0.963999999999999
L010622,5A-2,lateral,30.0,522.7,26.07,3.57,1.08,160,200,10.834,0.5,21.67,0.102,1.133,0,0.65,0,0,0,4.75
L010660,5A-2,lateral,80.0,1509.4,69.61,3.57,2.87,160,200,0.575,0.5,1.15,0.336,0.546,0,0.65,0,1,0,4.064000000000021
L011034,5A-2,lateral,29.0,489.7,25.19,3.57,1.04,160,200,0.607,0.5,1.21,0.199,0.412,0,0.65,0,1,0,1.430000000000007
L010931,5A-2,lateral,58.0,1944.6,51.08,3.57,2.11,160,200,0.514,0.5,1.03,0.295,0.48,0,0.65,0,1,0,6.580000000000041
L011014,5A-2,lateral,10.0,39.1,8.59,3.57,0.35,160,200,0.416,0.5,0.83,0.131,0.259,0,0.65,0,1,0,1.113
L011008,5A-2,lateral,19.0,266.9,16.47,3.57,0.68,160,200,0.819,0.5,1.64,0.151,0.402,0,0.65,0,1,0,1.326000000000022
L011015,5A-2,lateral,8.0,18.5,6.87,3.57,0.28,160,200,0.416,0.5,0.83,0.118,0.241,0,0.65,0,1,0,0.997000000000014
L010932,5A-2,lateral,56.0,1909.5,49.34,3.57,2.04,160,200,0.532,0.5,1.06,0.288,0.481,0,0.65,0,1,0,7.29000000000002
L011007,5A-2,lateral,19.0,292.2,16.48,3.57,0.68,160,200,0.823,0.5,1.65,0.151,0.402,0,0.65,0,1,0,1.433999999999969
L011006,5A-2,lateral,19.0,325.3,16.51,3.57,0.68,160,200,0.817,0.5,1.63,0.151,0.402,0,0.65,0,1,0,1.454000000000008
L011216,5A-2,lateral,2.0,25.1,1.73,3.57,0.07,160,200,2.111,0.5,4.22,0.043,0.267,0,0.65,0,1,0,1.0
L010933,5A-2,lateral,56.0,1873.8,49.31,3.57,2.04,160,200,0.503,0.5,1.01,0.292,0.471,0,0.65,0,1,0,6.920000000000016
L011005,5A-2,lateral,19.0,343.0,16.52,3.57,0.68,160,200,0.821,0.5,1.64,0.151,0.403,0,0.65,0,1,0,1.549999999999955
L010986,5A-2,lateral,80.0,1473.5,69.58,3.57,2.87,160,200,0.577,0.5,1.15,0.336,0.547,0,0.65,0,1,0,4.218000000000018
L011033,5A-2,lateral,28.0,459.7,24.31,3.57,1.0,160,200,0.608,0.5,1.22,0.196,0.408,0,0.65,0,1,0,1.358000000000004
L010985,5A-2,lateral,80.0,1443.5,69.56,3.57,2.87,160,200,0.577,0.5,1.15,0.336,0.547,0,0.65,0,1,0,4.064999999999998
L010661,5A-2,lateral,26.0,427.1,22.58,3.57,0.93,160,200,1.143,0.5,2.29,0.162,0.498,0,0.65,0,1,0,0.799999999999955
L011217,5A-2,lateral,4.0,49.6,3.46,3.57,0.14,160,200,0.612,0.5,1.22,0.078,0.22,0,0.65,0,1,0,0.680000000000007
L011215,5A-2,lateral,26.0,402.6,22.56,3.57,0.93,160,200,0.6,0.5,1.2,0.189,0.397,0,0.65,0,1,0,1.25
L010663,5A-2,lateral,21.0,323.0,18.22,3.57,0.75,160,200,0.608,0.5,1.22,0.17,0.373,0,0.65,0,1,0,1.350000000000023
L010662,5A-2,lateral,80.0,1413.5,69.54,3.57,2.87,160,200,0.575,0.5,1.15,0.336,0.546,0,0.65,0,1,0,3.622000000000014
L010994,5A-2,lateral,21.0,298.7,18.2,3.57,0.75,160,200,0.608,0.5,1.22,0.17,0.373,0,0.65,0,1,0,1.422000000000025
L010626,5A-2,lateral,19.0,273.7,16.47,3.57,0.68,160,200,1.302,0.5,2.6,0.135,0.472,0,0.65,0,1,0,1.0
L011046,5A-2,lateral,20.0,524.6,17.51,3.57,0.72,160,200,0.733,0.5,1.47,0.16,0.394,0,0.65,0,1,0,1.71999999999997
L011204,5A-2,lateral,20.0,503.2,17.49,3.57,0.72,160,200,0.731,0.5,1.46,0.16,0.393,0,0.65,0,1,0,1.632999999999981
L011058,5A-2,lateral,19.0,486.2,16.62,3.57,0.69,160,200,0.734,0.5,1.47,0.156,0.388,0,0.65,0,1,0,1.718999999999994
L010650,5A-2,lateral,15.0,248.3,13.03,3.57,0.54,160,200,0.707,0.5,1.41,0.14,0.355,0,0.65,0,1,0,1.574000000000012
L011057,5A-2,lateral,4.0,227.2,3.59,3.57,0.15,160,200,3.094,0.5,6.19,0.055,0.388,0,0.65,0,1,0,1.669999999999959
L011056,5A-2,lateral,3.0,206.8,2.72,3.57,0.11,160,200,0.798,0.5,1.6,0.066,0.223,0,0.65,0,1,0,1.0
L011055,5A-2,lateral,2.0,174.9,1.84,3.57,0.08,160,200,0.797,0.5,1.59,0.055,0.196,0,0.65,0,1,0,1.154999999999973
L011054,5A-2,lateral,1.0,144.9,0.96,3.57,0.04,160,200,0.8,0.5,1.6,0.042,0.157,0,0.65,0,1,0,1.096000000000004
L011053,5A-2,lateral,0.0,114.9,0.08,3.57,0.0,160,200,0.797,0.5,1.59,0.015,0.064,0,0.65,0,1,0,1.435999999999979
L010719,5A-2,lateral,0.0,84.9,0.06,3.57,0.0,160,200,0.797,0.5,1.59,0.013,0.057,0,0.65,0,1,0,1.266999999999996
L010771,5A-2,trunk_main,421.0,11951.9,369.19,2.99,12.77,200,200,0.719,0.5,1.44,0.519,0.876,0,0.65,0,0,0,4.743999999999971
L010726,5A-2,trunk_main,421.0,11894.3,369.15,2.99,12.77,200,200,0.72,0.5,1.44,0.518,0.877,0,0.65,0,0,0,4.879999999999995
L011047,5A-2,lateral,14.0,214.0,12.15,3.57,0.5,160,200,0.707,0.5,1.41,0.136,0.347,0,0.65,0,1,0,0.961999999999989
L010772,5A-2,trunk_main,421.0,11833.3,369.11,2.99,12.77,200,200,0.72,0.5,1.44,0.518,0.877,0,0.65,0,0,0,4.810999999999979
L011048,5A-2,lateral,12.0,175.0,10.4,3.57,0.43,160,200,0.707,0.5,1.41,0.126,0.33,0,0.65,0,1,0,1.036000000000001
L010727,5A-2,trunk_main,421.0,11803.3,369.08,2.99,12.77,200,200,0.72,0.5,1.44,0.518,0.877,0,0.65,0,0,0,4.714999999999975
L011049,5A-2,lateral,7.0,145.0,6.1,3.57,0.25,160,200,0.707,0.5,1.41,0.098,0.279,0,0.65,0,1,0,1.064000000000021
L010773,5A-2,trunk_main,421.0,11773.3,369.06,2.99,12.77,200,200,0.717,0.5,1.43,0.519,0.875,0,0.65,0,0,0,4.759000000000015
L011050,5A-2,lateral,4.0,115.0,3.51,3.57,0.14,160,200,0.707,0.5,1.41,0.076,0.233,0,0.65,0,1,0,1.172000000000025
L010728,5A-2,trunk_main,421.0,11743.3,369.04,2.99,12.77,200,200,0.723,0.5,1.45,0.518,0.878,0,0.65,0,0,0,4.793999999999983
L010730,5A-2,trunk_main,368.0,9965.2,322.37,3.04,11.34,200,200,0.501,0.5,1.0,0.539,0.742,0,0.65,0,1,0,4.628000000000043
L010776,5A-2,trunk_main,368.0,9942.8,322.35,3.04,11.34,200,200,0.503,0.5,1.01,0.538,0.743,0,0.65,0,1,0,4.425999999999988
L010777,5A-2,trunk_main,368.0,9917.5,322.33,3.04,11.34,200,200,0.499,0.5,1.0,0.539,0.741,0,0.65,0,1,0,4.628999999999962
L010647,5A-2,lateral,28.0,966.1,24.68,3.57,1.02,160,200,0.079,0.5,0.16,0.332,0.197,0,0.65,0,1,0,1.808999999999969
L011051,5A-2,lateral,4.0,85.0,3.49,3.57,0.14,160,200,0.707,0.5,1.41,0.076,0.232,0,0.65,0,1,0,0.95999999999998
L010729,5A-2,trunk_main,421.0,11726.2,369.03,2.99,12.77,200,200,0.717,0.5,1.43,0.519,0.875,0,0.65,0,0,0,5.850000000000023
L011052,5A-2,lateral,2.0,55.0,1.75,3.57,0.07,160,200,0.705,0.5,1.41,0.056,0.184,0,0.65,0,1,0,1.157999999999959
L010774,5A-2,trunk_main,421.0,11700.5,369.01,2.99,12.77,200,200,0.72,0.5,1.44,0.518,0.877,0,0.65,0,0,0,4.646000000000015
L010649,5A-2,lateral,2.0,19.5,1.73,3.57,0.07,160,200,0.708,0.5,1.42,0.055,0.184,0,0.65,0,1,0,1.038000000000011
L011070,5A-2,sub_main,53.0,1671.0,46.6,3.57,1.92,160,200,0.581,0.5,1.16,0.273,0.488,0,0.65,0,1,0,1.415999999999997
L010775,5A-2,trunk_main,368.0,9999.5,322.39,3.04,11.34,200,200,0.5,0.5,1.0,0.539,0.742,0,0.65,0,1,0,4.70999999999998
L010691,5A-2,sub_main,53.0,1649.7,46.58,3.57,1.92,160,200,0.58,0.5,1.16,0.273,0.488,0,0.65,0,1,0,1.491999999999962
L011071,5A-2,lateral,39.0,1234.2,34.29,3.57,1.42,160,200,0.078,0.5,0.16,0.396,0.216,0,0.65,0,1,0,1.550000000000011
L010692,5A-2,sub_main,14.0,396.1,12.28,3.57,0.51,160,200,0.7,0.5,1.4,0.137,0.347,0,0.65,0,1,0,1.550000000000011
L011072,5A-2,lateral,39.0,1215.0,34.28,3.57,1.42,160,200,0.071,0.5,0.14,0.406,0.209,0,0.65,0,1,0,2.404999999999973
L011069,5A-2,sub_main,14.0,370.7,12.26,3.57,0.51,160,200,0.702,0.5,1.4,0.136,0.347,0,0.65,0,1,0,1.632000000000005
L010693,5A-2,lateral,7.0,186.9,6.13,3.57,0.25,160,200,1.487,0.5,2.97,0.083,0.36,0,0.65,0,1,0,2.330000000000041
L011073,5A-2,lateral,30.0,1011.3,26.42,3.57,1.09,160,200,0.078,0.5,0.16,0.345,0.2,0,0.65,0,1,0,2.613
L011068,5A-2,sub_main,14.0,345.9,12.24,3.57,0.51,160,200,0.703,0.5,1.41,0.136,0.347,0,0.65,0,1,0,1.897999999999968
L011074,5A-2,lateral,29.0,984.3,25.55,3.57,1.05,160,200,0.071,0.5,0.14,0.347,0.192,0,0.65,0,1,0,1.662000000000035
L011096,5A-2,lateral,6.0,158.0,5.25,3.57,0.22,160,200,1.49,0.5,2.98,0.077,0.343,0,0.65,0,1,0,2.129999999999995
L011097,5A-2,lateral,6.0,134.3,5.24,3.57,0.22,160,200,1.486,0.5,2.97,0.077,0.342,0,0.65,0,1,0,1.27600000000001
L010731,5A-2,trunk_main,368.0,9887.5,322.31,3.04,11.34,200,200,0.503,0.5,1.01,0.538,0.743,0,0.65,0,1,0,4.59899999999999
L011075,5A-2,lateral,28.0,950.9,24.67,3.57,1.02,160,200,0.075,0.5,0.15,0.336,0.194,0,0.65,0,1,0,1.866999999999962
L010778,5A-2,trunk_main,368.0,9857.5,322.29,3.04,11.34,200,200,0.5,0.5,1.0,0.539,0.741,0,0.65,0,1,0,4.77800000000002
L011102,5A-2,lateral,11.0,170.7,9.54,3.57,0.39,160,200,0.601,0.5,1.2,0.126,0.304,0,0.65,0,1,0,1.538999999999987
L011095,5A-2,lateral,25.0,760.6,21.96,3.57,0.91,160,200,0.604,0.5,1.21,0.187,0.395,0,0.65,0,1,0,2.019999999999982
L010686,5A-2,lateral,14.0,203.9,12.14,3.57,0.5,160,200,0.601,0.5,1.2,0.141,0.328,0,0.65,0,1,0,1.949000000000012
L010779,5A-2,trunk_main,368.0,9827.5,322.27,3.04,11.34,200,200,0.5,0.5,1.0,0.539,0.741,0,0.65,0,1,0,5.02800000000002
L011103,5A-2,lateral,9.0,148.4,7.82,3.57,0.32,160,200,0.604,0.5,1.21,0.114,0.286,0,0.65,0,1,0,1.385000000000048
L010684,5A-2,lateral,11.0,523.3,9.8,3.57,0.4,160,200,0.602,0.5,1.2,0.127,0.307,0,0.65,0,1,0,1.949000000000012
L010780,5A-2,trunk_main,368.0,9797.5,322.25,3.04,11.34,200,200,0.503,0.5,1.01,0.538,0.743,0,0.65,0,1,0,5.077999999999975
L011104,5A-2,lateral,9.0,128.7,7.8,3.57,0.32,160,200,0.6,0.5,1.2,0.115,0.285,0,0.65,0,1,0,1.44599999999997
L011087,5A-2,lateral,11.0,508.7,9.79,3.57,0.4,160,200,0.601,0.5,1.2,0.127,0.306,0,0.65,0,1,0,2.120999999999981
L011088,5A-2,lateral,4.0,250.5,3.61,3.57,0.15,160,200,0.603,0.5,1.21,0.08,0.222,0,0.65,0,1,0,1.952999999999975
L011086,5A-2,lateral,7.0,240.2,6.17,3.57,0.25,160,200,1.254,0.5,2.51,0.086,0.341,0,0.65,0,1,0,1.535999999999945
L011105,5A-2,lateral,8.0,109.0,6.93,3.57,0.29,160,200,0.601,0.5,1.2,0.108,0.274,0,0.65,0,1,0,1.447999999999979
L011108,5A-2,lateral,4.0,235.6,3.6,3.57,0.15,160,200,0.6,0.5,1.2,0.08,0.222,0,0.65,0,1,0,1.853000000000009
L011106,5A-2,lateral,7.0,80.7,6.05,3.57,0.25,160,200,0.601,0.5,1.2,0.102,0.263,0,0.65,0,1,0,1.548000000000002
L010781,5A-2,trunk_main,368.0,9767.5,322.22,3.04,11.33,200,200,0.5,0.5,1.0,0.539,0.741,0,0.65,0,1,0,5.476999999999975
L010782,5A-2,trunk_main,368.0,9737.5,322.2,3.04,11.33,200,200,0.503,0.5,1.01,0.538,0.743,0,0.65,0,1,0,4.677000000000021
L010783,5A-2,trunk_main,368.0,9693.5,322.17,3.04,11.33,200,200,0.5,0.5,1.0,0.539,0.741,0,0.65,0,1,0,4.355999999999995
L010784,5A-2,trunk_main,368.0,9663.7,322.15,3.04,11.33,200,200,0.501,0.5,1.0,0.538,0.742,0,0.65,0,1,0,4.87700000000001
L011089,5A-2,lateral,4.0,209.1,3.58,3.57,0.15,160,200,0.601,0.5,1.2,0.08,0.221,0,0.65,0,1,0,1.894000000000005
L010644,5A-2,lateral,2.0,49.5,1.75,3.57,0.07,160,200,0.679,0.5,1.36,0.056,0.182,0,0.65,0,1,0,1.206000000000017
L011107,5A-2,lateral,4.0,56.1,3.47,3.57,0.14,160,200,0.609,0.5,1.22,0.079,0.22,0,0.65,0,1,0,1.560000000000002
L011109,5A-2,lateral,2.0,16.4,1.72,3.57,0.07,160,200,0.678,0.5,1.36,0.056,0.181,0,0.65,0,1,0,1.011000000000024
L011090,5A-2,lateral,4.0,182.3,3.56,3.57,0.15,160,200,0.601,0.5,1.2,0.08,0.221,0,0.65,0,1,0,1.673000000000002
L010685,5A-2,lateral,3.0,34.2,2.59,3.57,0.11,160,200,0.599,0.5,1.2,0.069,0.199,0,0.65,0,1,0,1.426999999999964
L010642,5A-2,lateral,4.0,159.7,3.54,3.57,0.15,160,200,0.601,0.5,1.2,0.08,0.221,0,0.65,0,1,0,1.697000000000003
L010688,5A-2,lateral,4.0,105.8,3.5,3.57,0.14,160,200,0.601,0.5,1.2,0.079,0.22,0,0.65,0,1,0,1.12299999999999
L011092,5A-2,lateral,3.0,84.2,2.63,3.57,0.11,160,200,0.603,0.5,1.21,0.069,0.2,0,0.65,0,1,0,1.052999999999997
L011091,5A-2,lateral,4.0,130.0,3.52,3.57,0.15,160,200,0.6,0.5,1.2,0.079,0.22,0,0.65,0,1,0,1.347999999999956
L012523,5A-5,lateral,6.0,80.7,5.2,3.57,0.21,160,200,1.095,0.5,2.19,0.082,0.308,0,0.65,0,1,0,1.252999999999986
L011971,5A-5,lateral,1.0,17.0,0.87,3.57,0.04,160,200,0.353,0.5,0.71,0.048,0.115,0,0.65,0,1,0,1.0
L011972,5A-5,lateral,6.0,59.3,5.18,3.57,0.21,160,200,1.094,0.5,2.19,0.082,0.307,0,0.65,0,1,0,1.199000000000012
L011980,5A-5,lateral,16.0,213.6,13.86,3.57,0.57,160,200,1.093,0.5,2.19,0.13,0.421,0,0.65,0,1,0,2.826000000000022
L011970,5A-5,lateral,1.0,15.0,0.87,3.57,0.04,160,200,1.069,0.5,2.14,0.037,0.167,0,0.65,0,1,0,0.639999999999986
L011979,5A-5,lateral,16.0,252.0,13.89,3.57,0.57,160,200,1.094,0.5,2.19,0.13,0.421,0,0.65,0,1,0,2.646000000000015
L012531,5A-5,lateral,16.0,174.1,13.83,3.57,0.57,160,200,1.095,0.5,2.19,0.13,0.421,0,0.65,0,1,0,2.754999999999995
L011978,5A-5,lateral,19.0,281.6,16.48,3.57,0.68,160,200,1.093,0.5,2.19,0.141,0.444,0,0.65,0,1,0,3.589999999999975
L011976,5A-5,lateral,21.0,353.7,18.24,3.57,0.75,160,200,1.141,0.5,2.28,0.146,0.466,0,0.65,0,1,0,3.612000000000023
L012532,5A-5,lateral,16.0,135.4,13.8,3.57,0.57,160,200,1.093,0.5,2.19,0.13,0.42,0,0.65,0,1,0,2.471000000000004
L012520,5A-5,lateral,57.0,879.0,49.45,3.57,2.04,160,200,1.057,0.5,2.11,0.242,0.615,0,0.65,0,1,0,4.899999999999977
L011845,5A-5,lateral,1.0,23.4,0.87,3.57,0.04,160,200,0.598,0.5,1.2,0.043,0.138,0,0.65,0,1,0,1.109999999999957
L011892,5A-5,sub_main,205.0,3194.7,177.88,3.27,6.72,160,200,0.22,0.5,0.44,0.758,0.464,0,0.65,1,1,0,4.995000000000005
L011842,5A-5,lateral,22.0,469.0,19.18,3.57,0.79,160,200,0.412,0.5,0.82,0.192,0.331,0,0.65,0,1,0,2.978999999999985
L011891,5A-5,sub_main,148.0,2295.2,128.41,3.4,5.05,160,200,2.504,0.5,5.01,0.307,1.089,0,0.65,0,0,0,5.0
L012597,5A-5,lateral,20.0,428.8,17.44,3.57,0.72,160,200,0.507,0.5,1.01,0.174,0.346,0,0.65,0,1,0,3.060000000000002
L011890,5A-5,sub_main,148.0,2270.3,128.4,3.4,5.05,160,200,2.502,0.5,5.0,0.307,1.089,0,0.65,0,0,0,4.396000000000015
L011843,5A-5,lateral,23.0,494.5,20.06,3.57,0.83,160,200,0.412,0.5,0.82,0.196,0.335,0,0.65,0,1,0,3.244000000000028
L012598,5A-5,lateral,18.0,389.3,15.7,3.57,0.65,160,200,0.506,0.5,1.01,0.166,0.334,0,0.65,0,1,0,3.169999999999959
L011889,5A-5,sub_main,104.0,1350.9,90.05,3.55,3.7,160,200,0.399,0.5,0.8,0.425,0.512,0,0.65,0,1,0,3.819999999999993
L012578,5A-5,lateral,73.0,1108.8,63.32,3.57,2.61,160,200,0.505,0.5,1.01,0.331,0.507,0,0.65,0,1,0,3.840000000000032
L012115,5A-5,lateral,2.0,76.8,1.77,3.57,0.07,160,200,0.802,0.5,1.6,0.054,0.193,0,0.65,0,1,0,2.625
L012593,5A-5,lateral,24.0,659.7,21.03,3.57,0.87,160,200,0.411,0.5,0.82,0.201,0.34,0,0.65,0,1,0,3.682000000000016
L012579,5A-5,lateral,73.0,1080.5,63.3,3.57,2.61,160,200,0.504,0.5,1.01,0.331,0.507,0,0.65,0,1,0,3.59699999999998
L012114,5A-5,lateral,2.0,53.0,1.75,3.57,0.07,160,200,0.799,0.5,1.6,0.054,0.193,0,0.65,0,1,0,1.913999999999987
L012726,5A-5,lateral,1.0,31.4,0.88,3.57,0.04,160,200,0.8,0.5,1.6,0.04,0.152,0,0.65,0,1,0,1.130999999999972
L012594,5A-5,lateral,24.0,633.0,21.01,3.57,0.87,160,200,0.411,0.5,0.82,0.201,0.34,0,0.65,0,1,0,3.601999999999975
L011848,5A-5,lateral,73.0,1050.3,63.28,3.57,2.61,160,200,0.503,0.5,1.01,0.332,0.506,0,0.65,0,1,0,3.444999999999993
L012580,5A-5,lateral,73.0,1023.3,63.26,3.57,2.61,160,200,0.504,0.5,1.01,0.331,0.507,0,0.65,0,1,0,3.288999999999987
L011851,5A-5,lateral,24.0,602.0,20.99,3.57,0.87,160,200,0.411,0.5,0.82,0.201,0.34,0,0.65,0,1,0,3.484999999999957
L011981,5A-5,lateral,16.0,95.0,13.77,3.57,0.57,160,200,1.092,0.5,2.18,0.13,0.42,0,0.65,0,1,0,2.268999999999949
L011977,5A-5,lateral,1.0,36.9,0.88,3.57,0.04,160,200,1.03,0.5,2.06,0.038,0.166,0,0.65,0,1,0,1.5
L012533,5A-5,lateral,16.0,64.8,13.75,3.57,0.57,160,200,1.097,0.5,2.19,0.129,0.42,0,0.65,0,1,0,1.678999999999974
L011888,5A-5,sub_main,104.0,1316.6,90.02,3.55,3.69,160,200,0.397,0.5,0.79,0.426,0.512,0,0.65,0,1,0,3.692999999999984
L012534,5A-5,lateral,11.0,34.3,9.45,3.57,0.39,160,200,1.092,0.5,2.18,0.109,0.373,0,0.65,0,1,0,1.414999999999964
L011887,5A-5,sub_main,104.0,1287.4,90.0,3.55,3.69,160,200,0.399,0.5,0.8,0.425,0.512,0,0.65,0,1,0,3.717000000000041
L011879,5A-5,sub_main,0.0,237.2,0.17,3.57,0.01,160,200,3.314,0.5,6.63,0.014,0.135,0,0.65,0,1,0,3.093999999999994
L011886,5A-5,sub_main,104.0,1253.3,89.98,3.55,3.69,160,200,0.398,0.5,0.8,0.425,0.512,0,0.65,0,1,0,3.951000000000022
L011880,5A-5,sub_main,0.0,259.7,0.19,3.57,0.01,160,200,3.311,0.5,6.62,0.015,0.14,0,0.65,0,1,0,3.519999999999982
L011881,5A-5,sub_main,68.0,936.0,58.92,3.57,2.43,160,200,0.403,0.5,0.81,0.339,0.458,0,0.65,0,1,0,3.838999999999999
L009489,5A-5,lateral,44.0,884.8,38.32,3.57,1.58,160,200,1.228,0.5,2.46,0.206,0.6,0,0.65,0,1,0,3.819999999999993
L011841,5A-5,lateral,17.0,354.8,14.82,3.57,0.61,160,200,0.509,0.5,1.02,0.161,0.329,0,0.65,0,1,0,2.985000000000014
L012596,5A-5,lateral,24.0,523.7,20.93,3.57,0.86,160,200,0.411,0.5,0.82,0.201,0.34,0,0.65,0,1,0,3.254000000000019
L011840,5A-5,lateral,14.0,324.9,12.22,3.57,0.5,160,200,0.503,0.5,1.01,0.147,0.309,0,0.65,0,1,0,2.882999999999981
L012016,5A-5,lateral,44.0,858.7,38.3,3.57,1.58,160,200,1.233,0.5,2.47,0.205,0.601,0,0.65,0,1,0,3.680000000000007
L011844,5A-5,lateral,24.0,557.3,20.96,3.57,0.87,160,200,0.411,0.5,0.82,0.201,0.34,0,0.65,0,1,0,3.301999999999964
L012595,5A-5,lateral,24.0,567.7,20.96,3.57,0.87,160,200,0.404,0.5,0.81,0.202,0.338,0,0.65,0,1,0,3.354000000000042
L012599,5A-5,lateral,11.0,303.1,9.64,3.57,0.4,160,200,0.509,0.5,1.02,0.132,0.288,0,0.65,0,1,0,3.393000000000029
L012616,5A-5,lateral,43.0,828.9,37.43,3.57,1.55,160,200,1.23,0.5,2.46,0.203,0.596,0,0.65,0,1,0,3.112000000000023
L012601,5A-5,lateral,5.0,116.1,4.37,3.57,0.18,160,200,0.602,0.5,1.2,0.088,0.236,0,0.65,0,1,0,2.339999999999975
L011882,5A-5,sub_main,68.0,958.8,58.93,3.57,2.43,160,200,0.399,0.5,0.8,0.34,0.456,0,0.65,0,1,0,3.870000000000005
L012152,5A-5,lateral,0.0,213.6,0.15,3.57,0.01,160,200,0.722,0.5,1.44,0.019,0.079,0,0.65,0,1,0,2.519999999999982
L011885,5A-5,sub_main,104.0,1224.8,89.96,3.55,3.69,160,200,0.399,0.5,0.8,0.425,0.512,0,0.65,0,1,0,3.978000000000009
L011883,5A-5,sub_main,99.0,1177.9,85.64,3.57,3.54,160,200,0.397,0.5,0.79,0.415,0.506,0,0.65,0,1,0,3.971000000000004
L011884,5A-5,sub_main,99.0,1196.5,85.65,3.57,3.54,160,200,0.397,0.5,0.79,0.415,0.505,0,0.65,0,1,0,3.964999999999975
L012027,5A-5,lateral,68.0,654.1,58.71,3.57,2.42,160,200,0.599,0.5,1.2,0.305,0.528,0,0.65,0,1,0,2.590000000000032
L012025,5A-5,lateral,31.0,196.2,26.69,3.57,1.1,160,200,0.603,0.5,1.21,0.205,0.419,0,0.65,0,1,0,2.020000000000039
L012151,5A-5,lateral,0.0,182.8,0.13,3.57,0.01,160,200,0.719,0.5,1.44,0.018,0.074,0,0.65,0,1,0,2.408000000000015
L012024,5A-5,lateral,1.0,170.1,0.98,3.57,0.04,160,200,0.596,0.5,1.19,0.045,0.143,0,0.65,0,1,0,1.740999999999985
L012028,5A-5,lateral,68.0,616.4,58.69,3.57,2.42,160,200,0.598,0.5,1.2,0.305,0.528,0,0.65,0,1,0,2.784000000000049
L012602,5A-5,lateral,5.0,75.7,4.34,3.57,0.18,160,200,0.605,0.5,1.21,0.087,0.236,0,0.65,0,1,0,1.857000000000028
L012600,5A-5,lateral,6.0,162.8,5.26,3.57,0.22,160,200,0.603,0.5,1.21,0.095,0.251,0,0.65,0,1,0,2.639999999999986
L012113,5A-5,lateral,2.0,35.7,1.74,3.57,0.07,160,200,0.602,0.5,1.2,0.058,0.174,0,0.65,0,1,0,1.394999999999982
L012017,5A-5,lateral,42.0,801.0,36.55,3.57,1.51,160,200,1.227,0.5,2.45,0.201,0.592,0,0.65,0,1,0,2.718999999999994
L011839,5A-5,lateral,5.0,140.5,4.38,3.57,0.18,160,200,0.6,0.5,1.2,0.088,0.236,0,0.65,0,1,0,2.545999999999992
L012603,5A-5,lateral,4.0,119.2,3.51,3.57,0.15,160,200,0.602,0.5,1.2,0.079,0.22,0,0.65,0,1,0,2.538000000000011
L012604,5A-5,lateral,2.0,87.1,1.78,3.57,0.07,160,200,0.603,0.5,1.21,0.058,0.176,0,0.65,0,1,0,1.974999999999966
L012617,5A-5,lateral,41.0,774.5,35.67,3.57,1.47,160,200,1.232,0.5,2.46,0.198,0.588,0,0.65,0,1,0,2.574000000000012
L012605,5A-5,lateral,2.0,62.2,1.76,3.57,0.07,160,200,0.601,0.5,1.2,0.058,0.175,0,0.65,0,1,0,1.675000000000011
L011836,5A-5,lateral,1.0,36.3,0.88,3.57,0.04,160,200,0.603,0.5,1.21,0.043,0.139,0,0.65,0,1,0,1.408999999999992
L012621,5A-5,lateral,5.0,212.9,4.44,3.57,0.18,160,200,0.593,0.5,1.19,0.088,0.237,0,0.65,0,1,0,2.15500000000003
L012718,5A-5,lateral,6.0,244.7,5.32,3.57,0.22,160,200,0.592,0.5,1.18,0.096,0.251,0,0.65,0,1,0,2.213000000000022
L012634,5A-5,lateral,30.0,160.5,25.81,3.57,1.07,160,200,0.601,0.5,1.2,0.202,0.414,0,0.65,0,1,0,1.894999999999982
L012623,5A-5,lateral,1.0,132.9,0.95,3.57,0.04,160,200,0.592,0.5,1.18,0.044,0.141,0,0.65,0,1,0,1.759000000000015
L012150,5A-5,lateral,0.0,150.8,0.11,3.57,0.0,160,200,0.721,0.5,1.44,0.017,0.069,0,0.65,0,1,0,2.127999999999986
L012640,5A-5,lateral,66.0,584.6,56.95,3.57,2.35,160,200,0.596,0.5,1.19,0.3,0.522,0,0.65,0,1,0,2.55400000000003
L012637,5A-5,lateral,29.0,126.1,24.93,3.57,1.03,160,200,0.601,0.5,1.2,0.199,0.41,0,0.65,0,1,0,1.627999999999986
L012624,5A-5,lateral,1.0,93.5,0.92,3.57,0.04,160,200,0.594,0.5,1.19,0.044,0.14,0,0.65,0,1,0,1.495999999999981
L012625,5A-5,lateral,6.0,114.0,5.22,3.57,0.22,160,200,0.604,0.5,1.21,0.095,0.251,0,0.65,0,1,0,1.459000000000003
L012626,5A-5,lateral,6.0,136.5,5.24,3.57,0.22,160,200,0.608,0.5,1.22,0.095,0.252,0,0.65,0,1,0,1.586000000000013
L011847,5A-5,lateral,71.0,994.9,61.53,3.57,2.54,160,200,0.507,0.5,1.01,0.326,0.504,0,0.65,0,1,0,4.355999999999995
L012581,5A-5,lateral,71.0,966.6,61.51,3.57,2.54,160,200,0.503,0.5,1.01,0.327,0.502,0,0.65,0,1,0,2.812000000000012
L012582,5A-5,lateral,71.0,931.7,61.48,3.57,2.54,160,200,0.504,0.5,1.01,0.326,0.503,0,0.65,0,1,0,2.736999999999966
L012583,5A-5,lateral,70.0,898.6,60.6,3.57,2.5,160,200,0.506,0.5,1.01,0.324,0.501,0,0.65,0,1,0,2.720000000000027
L012584,5A-5,lateral,70.0,864.6,60.58,3.57,2.5,160,200,0.504,0.5,1.01,0.324,0.5,0,0.65,0,1,0,2.468000000000018
L012585,5A-5,lateral,69.0,837.8,59.7,3.57,2.47,160,200,0.505,0.5,1.01,0.321,0.499,0,0.65,0,1,0,2.353000000000009
L012586,5A-5,lateral,68.0,810.7,58.83,3.57,2.43,160,200,0.504,0.5,1.01,0.319,0.496,0,0.65,0,1,0,2.506000000000029
L012587,5A-5,lateral,67.0,780.5,57.95,3.57,2.39,160,200,0.504,0.5,1.01,0.317,0.494,0,0.65,0,1,0,2.403999999999996
L012588,5A-5,lateral,67.0,755.9,57.93,3.57,2.39,160,200,0.498,0.5,1.0,0.318,0.492,0,0.65,0,1,0,2.349999999999966
L012607,5A-5,lateral,29.0,72.8,24.89,3.57,1.03,160,200,0.673,0.5,1.35,0.193,0.426,0,0.65,0,1,0,1.509999999999991
L012620,5A-5,lateral,6.0,276.1,5.34,3.57,0.22,160,200,0.595,0.5,1.19,0.096,0.251,0,0.65,0,1,0,2.129999999999995
L012618,5A-5,lateral,34.0,472.1,29.46,3.57,1.22,160,200,0.611,0.5,1.22,0.215,0.433,0,0.65,0,1,0,2.259999999999991
L012591,5A-5,lateral,3.0,24.5,2.59,3.57,0.11,160,200,0.595,0.5,1.19,0.069,0.198,0,0.65,0,1,0,1.156000000000006
L012614,5A-5,lateral,3.0,39.3,2.6,3.57,0.11,160,200,0.382,0.5,0.76,0.077,0.17,0,0.65,0,1,0,1.5
L012619,5A-5,lateral,34.0,447.9,29.44,3.57,1.22,160,200,0.608,0.5,1.22,0.215,0.432,0,0.65,0,1,0,1.97199999999998
L012021,5A-5,lateral,6.0,168.7,5.26,3.57,0.22,160,200,0.604,0.5,1.21,0.095,0.251,0,0.65,0,1,0,1.639999999999986
L011838,5A-5,lateral,3.0,54.9,2.61,3.57,0.11,160,200,0.594,0.5,1.19,0.069,0.199,0,0.65,0,1,0,1.406000000000006
L012018,5A-5,lateral,28.0,257.5,24.17,3.57,1.0,160,200,0.943,0.5,1.89,0.175,0.475,0,0.65,0,1,0,1.859999999999957
L012615,5A-5,lateral,3.0,69.3,2.62,3.57,0.11,160,200,0.379,0.5,0.76,0.077,0.171,0,0.65,0,1,0,1.684000000000026
L012590,5A-5,lateral,4.0,73.2,3.48,3.57,0.14,160,200,0.593,0.5,1.19,0.079,0.218,0,0.65,0,1,0,1.504999999999995
L012684,5A-5,lateral,0.0,608.2,0.44,3.57,0.02,160,200,0.606,0.5,1.21,0.031,0.109,0,0.65,0,1,0,2.860000000000014
L012710,5A-5,lateral,0.0,95.6,0.07,3.57,0.0,160,200,0.604,0.5,1.21,0.014,0.055,0,0.65,0,1,0,1.389999999999986
L011829,5A-5,lateral,0.0,229.9,0.17,3.57,0.01,160,200,0.395,0.5,0.79,0.023,0.066,0,0.65,0,1,0,2.795000000000016
L012709,5A-5,lateral,0.0,65.7,0.05,3.57,0.0,160,200,0.605,0.5,1.21,0.012,0.047,0,0.65,0,1,0,1.170000000000016
L012705,5A-5,lateral,0.0,548.6,0.4,3.57,0.02,160,200,0.297,0.5,0.59,0.035,0.082,0,0.65,0,1,0,3.329999999999984
L012683,5A-5,lateral,0.0,570.2,0.41,3.57,0.02,160,200,0.587,0.5,1.17,0.031,0.105,0,0.65,0,1,0,1.689999999999998
L011830,5A-5,lateral,0.0,259.7,0.19,3.57,0.01,160,200,0.392,0.5,0.78,0.024,0.069,0,0.65,0,1,0,2.872000000000014
L012142,5A-5,lateral,0.0,531.0,0.38,3.57,0.02,160,200,0.61,0.5,1.22,0.03,0.104,0,0.65,0,1,0,2.010000000000048
L012681,5A-5,lateral,0.0,469.1,0.34,3.57,0.01,160,200,0.571,0.5,1.14,0.028,0.097,0,0.65,0,1,0,1.330000000000041
L012682,5A-5,lateral,0.0,496.6,0.36,3.57,0.01,160,200,0.583,0.5,1.17,0.029,0.1,0,0.65,0,1,0,1.579999999999984
L011822,5A-5,lateral,0.0,31.0,0.02,3.57,0.0,160,200,0.612,0.5,1.22,0.009,0.035,0,0.65,0,1,0,1.090000000000032
L012707,5A-5,lateral,0.0,508.2,0.37,3.57,0.02,160,200,0.298,0.5,0.6,0.034,0.08,0,0.65,0,1,0,3.120000000000005
L012143,5A-5,lateral,0.0,451.6,0.33,3.57,0.01,160,200,0.595,0.5,1.19,0.028,0.097,0,0.65,0,1,0,1.180000000000007
L012713,5A-5,lateral,0.0,287.2,0.21,3.57,0.01,160,200,0.393,0.5,0.79,0.025,0.072,0,0.65,0,1,0,3.009999999999991
L012711,5A-5,lateral,0.0,312.5,0.22,3.57,0.01,160,200,0.316,0.5,0.63,0.027,0.069,0,0.65,0,1,0,3.079999999999984
L012723,5A-5,lateral,0.0,414.7,0.3,3.57,0.01,160,200,0.294,0.5,0.59,0.031,0.074,0,0.65,0,1,0,2.930000000000007
L012712,5A-5,lateral,0.0,347.9,0.25,3.57,0.01,160,200,0.282,0.5,0.56,0.029,0.069,0,0.65,0,1,0,3.010000000000048
L011821,5A-5,lateral,0.0,371.6,0.27,3.57,0.01,160,200,0.337,0.5,0.67,0.029,0.075,0,0.65,0,1,0,3.019999999999982
L011820,5A-5,lateral,0.0,394.3,0.28,3.57,0.01,160,200,0.309,0.5,0.62,0.03,0.074,0,0.65,0,1,0,2.920000000000016
L012701,5A-5,lateral,0.0,53.3,0.04,3.57,0.0,160,200,0.748,0.5,1.5,0.011,0.046,0,0.65,0,1,0,1.45999999999998
L012672,5A-5,lateral,0.0,46.5,0.03,3.57,0.0,160,200,0.62,0.5,1.24,0.011,0.041,0,0.65,0,1,0,1.879999999999995
L012722,5A-5,lateral,0.0,75.9,0.05,3.57,0.0,160,200,0.614,0.5,1.23,0.013,0.05,0,0.65,0,1,0,1.840000000000032
L011814,5A-5,lateral,0.0,108.4,0.08,3.57,0.0,160,200,2.368,0.5,4.74,0.011,0.09,0,0.65,0,1,0,1.0
L012668,5A-5,lateral,0.0,185.4,0.13,3.57,0.01,160,200,2.712,0.5,5.42,0.014,0.115,0,0.65,0,1,0,1.0
L012669,5A-5,lateral,0.0,158.1,0.11,3.57,0.0,160,200,1.688,0.5,3.38,0.014,0.093,0,0.65,0,1,0,1.0
L011812,5A-5,lateral,0.0,135.0,0.1,3.57,0.0,160,200,0.616,0.5,1.23,0.017,0.063,0,0.65,0,1,0,1.829999999999984
L012664,5A-5,lateral,0.0,112.3,0.08,3.57,0.0,160,200,0.635,0.5,1.27,0.015,0.059,0,0.65,0,1,0,2.020000000000039
L012665,5A-5,lateral,0.0,88.6,0.06,3.57,0.0,160,200,0.601,0.5,1.2,0.014,0.053,0,0.65,0,1,0,1.870000000000005
L012663,5A-5,lateral,0.0,67.0,0.05,3.57,0.0,160,200,0.599,0.5,1.2,0.012,0.047,0,0.65,0,1,0,1.529999999999973
L011811,5A-5,lateral,0.0,35.3,0.03,3.57,0.0,160,200,0.595,0.5,1.19,0.01,0.036,0,0.65,0,1,0,1.269999999999982
L012716,5A-5,lateral,0.0,57.9,0.04,3.57,0.0,160,200,2.226,0.5,4.45,0.009,0.068,0,0.65,0,1,0,1.0
L011825,5A-5,lateral,0.0,30.0,0.02,3.57,0.0,160,200,2.228,0.5,4.46,0.007,0.052,0,0.65,0,1,0,1.387999999999977
L012680,5A-5,lateral,0.0,414.6,0.3,3.57,0.01,160,200,0.544,0.5,1.09,0.027,0.091,0,0.65,0,1,0,2.42999999999995
L011818,5A-5,lateral,0.0,25.2,0.02,3.57,0.0,160,200,0.715,0.5,1.43,0.008,0.034,0,0.65,0,1,0,1.180000000000007
L012679,5A-5,lateral,0.0,376.0,0.27,3.57,0.01,160,200,0.598,0.5,1.2,0.026,0.091,0,0.65,0,1,0,2.159999999999968
L011803,5A-5,lateral,0.0,30.0,0.02,3.57,0.0,160,200,0.6,0.5,1.2,0.009,0.034,0,0.65,0,1,0,1.0
L012677,5A-5,lateral,0.0,56.1,0.04,3.57,0.0,160,200,0.613,0.5,1.23,0.012,0.044,0,0.65,0,1,0,1.019999999999982
L012678,5A-5,lateral,0.0,88.4,0.06,3.57,0.0,160,200,0.587,0.5,1.17,0.014,0.053,0,0.65,0,1,0,1.050000000000011
L012676,5A-5,lateral,0.0,259.1,0.19,3.57,0.01,160,200,0.599,0.5,1.2,0.022,0.079,0,0.65,0,1,0,2.009999999999991
L012675,5A-5,lateral,0.0,227.4,0.16,3.57,0.01,160,200,0.608,0.5,1.22,0.021,0.076,0,0.65,0,1,0,2.029999999999973
L011802,5A-5,lateral,0.0,201.1,0.14,3.57,0.01,160,200,0.617,0.5,1.23,0.019,0.073,0,0.65,0,1,0,2.410000000000025
L012674,5A-5,lateral,0.0,170.3,0.12,3.57,0.01,160,200,0.589,0.5,1.18,0.018,0.068,0,0.65,0,1,0,2.580000000000041
L011801,5A-5,lateral,0.0,133.0,0.1,3.57,0.0,160,200,0.599,0.5,1.2,0.017,0.062,0,0.65,0,1,0,1.899999999999977
L011800,5A-5,lateral,0.0,94.6,0.07,3.57,0.0,160,200,0.594,0.5,1.19,0.014,0.054,0,0.65,0,1,0,1.54000000000002
L012673,5A-5,lateral,0.0,64.3,0.05,3.57,0.0,160,200,0.638,0.5,1.28,0.012,0.048,0,0.65,0,1,0,1.189999999999998
L011799,5A-5,lateral,0.0,34.5,0.02,3.57,0.0,160,200,0.551,0.5,1.1,0.01,0.035,0,0.65,0,1,0,1.050000000000011
L012149,5A-5,lateral,0.0,114.7,0.08,3.57,0.0,160,200,0.72,0.5,1.44,0.015,0.062,0,0.65,0,1,0,1.796999999999969
L012022,5A-5,lateral,4.0,90.5,3.49,3.57,0.14,160,200,0.604,0.5,1.21,0.079,0.22,0,0.65,0,1,0,1.447000000000003
L012639,5A-5,lateral,66.0,551.7,56.93,3.57,2.35,160,200,0.599,0.5,1.2,0.3,0.523,0,0.65,0,1,0,2.447999999999979
L012148,5A-5,lateral,0.0,83.1,0.06,3.57,0.0,160,200,0.721,0.5,1.44,0.013,0.055,0,0.65,0,1,0,1.660000000000025
L012636,5A-5,lateral,25.0,95.5,21.48,3.57,0.89,160,200,0.602,0.5,1.2,0.185,0.392,0,0.65,0,1,0,1.463999999999999
L012622,5A-5,lateral,0.0,62.4,0.04,3.57,0.0,160,200,0.596,0.5,1.19,0.012,0.046,0,0.65,0,1,0,0.870999999999981
L012645,5A-5,lateral,54.0,340.9,46.5,3.57,1.92,160,200,0.599,0.5,1.2,0.271,0.493,0,0.65,0,1,0,2.099999999999966
L012642,5A-5,lateral,54.0,361.0,46.51,3.57,1.92,160,200,0.595,0.5,1.19,0.271,0.492,0,0.65,0,1,0,1.990000000000009
L012029,5A-5,lateral,54.0,383.0,46.53,3.57,1.92,160,200,0.6,0.5,1.2,0.271,0.494,0,0.65,0,1,0,2.122000000000014
L012628,5A-5,lateral,1.0,50.7,0.89,3.57,0.04,160,200,0.605,0.5,1.21,0.043,0.139,0,0.65,0,1,0,0.956999999999994
L012589,5A-5,lateral,4.0,101.4,3.5,3.57,0.14,160,200,0.597,0.5,1.19,0.079,0.219,0,0.65,0,1,0,1.552999999999997
L012633,5A-5,lateral,25.0,228.8,21.58,3.57,0.89,160,200,0.946,0.5,1.89,0.166,0.459,0,0.65,0,1,0,1.740000000000009
L012112,5A-5,lateral,5.0,94.5,4.35,3.57,0.18,160,200,0.381,0.5,0.76,0.097,0.202,0,0.65,0,1,0,1.650000000000034
L011837,5A-5,lateral,4.0,129.5,3.52,3.57,0.15,160,200,0.594,0.5,1.19,0.08,0.219,0,0.65,0,1,0,1.609999999999957
L012613,5A-5,lateral,2.0,132.3,1.81,3.57,0.07,160,200,0.529,0.5,1.06,0.061,0.169,0,0.65,0,1,0,1.360000000000014
L012610,5A-5,lateral,30.0,336.3,25.94,3.57,1.07,160,200,0.596,0.5,1.19,0.203,0.413,0,0.65,0,1,0,1.858000000000004
L011834,5A-5,lateral,30.0,362.1,25.96,3.57,1.07,160,200,1.149,0.5,2.3,0.173,0.521,0,0.65,0,1,0,1.91500000000002
L011846,5A-5,lateral,62.0,603.3,53.54,3.57,2.21,160,200,0.501,0.5,1.0,0.305,0.482,0,0.65,0,1,0,2.424999999999955
L012612,5A-5,lateral,2.0,99.0,1.78,3.57,0.07,160,200,0.53,0.5,1.06,0.06,0.168,0,0.65,0,1,0,1.343999999999994
L012717,5A-5,lateral,25.0,195.5,21.55,3.57,0.89,160,200,0.943,0.5,1.89,0.166,0.459,0,0.65,0,1,0,1.384999999999991
L012635,5A-5,lateral,24.0,62.4,20.6,3.57,0.85,160,200,0.601,0.5,1.2,0.181,0.386,0,0.65,0,1,0,1.305000000000007
L012033,5A-5,lateral,12.0,131.0,10.37,3.57,0.43,160,200,0.602,0.5,1.2,0.131,0.312,0,0.65,0,1,0,1.420000000000016
L012023,5A-5,lateral,0.0,30.0,0.02,3.57,0.0,160,200,0.593,0.5,1.19,0.009,0.034,0,0.65,0,1,0,0.938000000000045
L012638,5A-5,lateral,8.0,63.3,6.9,3.57,0.28,160,200,0.603,0.5,1.21,0.108,0.274,0,0.65,0,1,0,1.132000000000005
L012034,5A-5,lateral,11.0,97.4,9.49,3.57,0.39,160,200,0.604,0.5,1.21,0.125,0.304,0,0.65,0,1,0,1.317999999999984
L012627,5A-5,lateral,1.0,24.8,0.87,3.57,0.04,160,200,0.606,0.5,1.21,0.042,0.138,0,0.65,0,1,0,1.029999999999973
L012026,5A-5,lateral,24.0,32.5,20.58,3.57,0.85,160,200,0.601,0.5,1.2,0.181,0.386,0,0.65,0,1,0,1.144999999999982
L012035,5A-5,lateral,5.0,40.2,4.31,3.57,0.18,160,200,0.604,0.5,1.21,0.087,0.236,0,0.65,0,1,0,1.202999999999975
L012630,5A-5,lateral,8.0,81.9,6.91,3.57,0.29,160,200,0.944,0.5,1.89,0.097,0.32,0,0.65,0,1,0,0.40300000000002
L012631,5A-5,lateral,13.0,117.3,11.22,3.57,0.46,160,200,0.943,0.5,1.89,0.122,0.374,0,0.65,0,1,0,0.747000000000014
L012609,5A-5,lateral,31.0,407.9,26.85,3.57,1.11,160,200,1.144,0.5,2.29,0.176,0.525,0,0.65,0,1,0,2.079000000000008
L011833,5A-5,lateral,32.0,455.6,27.74,3.57,1.15,160,200,1.148,0.5,2.3,0.179,0.531,0,0.65,0,1,0,2.390000000000043
L012111,5A-5,lateral,22.0,93.0,18.91,3.57,0.78,160,200,0.602,0.5,1.2,0.174,0.376,0,0.65,0,1,0,1.360000000000014
L012144,5A-5,lateral,1.0,25.0,0.87,3.57,0.04,160,200,4.328,0.5,8.66,0.027,0.267,0,0.65,0,1,0,1.910000000000025
L012608,5A-5,lateral,30.0,126.7,25.79,3.57,1.06,160,200,0.625,0.5,1.25,0.2,0.42,0,0.65,0,1,0,2.29000000000002
L012632,5A-5,lateral,24.0,172.3,20.68,3.57,0.85,160,200,0.945,0.5,1.89,0.163,0.453,0,0.65,0,1,0,1.165999999999997
L012611,5A-5,lateral,2.0,69.1,1.76,3.57,0.07,160,200,0.529,0.5,1.06,0.06,0.168,0,0.65,0,1,0,1.324999999999989
L012727,5A-5,lateral,22.0,62.2,18.89,3.57,0.78,160,200,0.602,0.5,1.2,0.174,0.376,0,0.65,0,1,0,1.284999999999968
L012019,5A-5,lateral,24.0,143.1,20.66,3.57,0.85,160,200,0.941,0.5,1.88,0.163,0.452,0,0.65,0,1,0,0.980000000000018
L011832,5A-5,lateral,30.0,102.7,25.77,3.57,1.06,160,200,0.601,0.5,1.2,0.202,0.414,0,0.65,0,1,0,2.090000000000032
L012020,5A-5,lateral,7.0,50.8,6.03,3.57,0.25,160,200,0.944,0.5,1.89,0.091,0.307,0,0.65,0,1,0,0.539999999999964
L012629,5A-5,lateral,6.0,27.6,5.16,3.57,0.21,160,200,0.945,0.5,1.89,0.085,0.292,0,0.65,0,1,0,0.86099999999999
L012606,5A-5,lateral,18.0,43.5,15.45,3.57,0.64,160,200,0.673,0.5,1.35,0.154,0.368,0,0.65,0,1,0,1.182999999999993
L011831,5A-5,lateral,18.0,20.5,15.43,3.57,0.64,160,200,0.674,0.5,1.35,0.154,0.368,0,0.65,0,1,0,1.198000000000036
L011835,5A-5,lateral,0.0,33.1,0.02,3.57,0.0,160,200,0.528,0.5,1.06,0.01,0.034,0,0.65,0,1,0,1.185000000000002
L012110,5A-5,lateral,20.0,30.0,17.15,3.57,0.71,160,200,0.603,0.5,1.21,0.166,0.366,0,0.65,0,1,0,1.240999999999985
L011262,5A-3,lateral,5.0,32.5,4.31,3.57,0.18,160,200,0.585,0.5,1.17,0.088,0.233,0,0.65,0,1,0,1.509999999999991
L011261,5A-3,lateral,0.0,31.8,0.02,3.57,0.0,160,200,0.566,0.5,1.13,0.009,0.034,0,0.65,0,1,0,1.210000000000036
L011263,5A-3,lateral,0.0,24.2,0.02,3.57,0.0,160,200,0.621,0.5,1.24,0.008,0.031,0,0.65,0,1,0,1.699999999999989
L011321,5A-3,trunk_main,35.0,231.9,30.14,3.57,1.24,200,200,0.299,0.5,0.6,0.193,0.33,0,0.65,0,1,0,2.052999999999997
L011350,5A-3,lateral,1.0,49.7,0.89,3.57,0.04,160,200,0.587,0.5,1.17,0.043,0.138,0,0.65,0,1,0,1.849999999999966
L011320,5A-3,lateral,34.0,154.4,29.23,3.57,1.21,160,200,0.618,0.5,1.24,0.213,0.434,0,0.65,0,1,0,2.029999999999973
L011319,5A-3,lateral,24.0,117.2,20.64,3.57,0.85,160,200,2.653,0.5,5.31,0.127,0.649,0,0.65,0,1,0,1.0
L011318,5A-3,lateral,17.0,87.4,14.62,3.57,0.6,160,200,0.618,0.5,1.24,0.153,0.351,0,0.65,0,1,0,1.20999999999998
L011392,5A-3,lateral,2.0,33.4,1.74,3.57,0.07,160,200,3.445,0.5,6.89,0.039,0.314,0,0.65,0,1,0,1.0
L011333,5A-3,trunk_main,72.0,812.1,62.25,3.57,2.57,200,200,0.822,0.5,1.64,0.214,0.587,0,0.65,0,1,0,2.187000000000012
L011332,5A-3,trunk_main,70.0,786.3,60.52,3.57,2.5,200,200,0.831,0.5,1.66,0.211,0.585,0,0.65,0,1,0,2.204999999999984
L011409,5A-3,lateral,10.0,226.5,8.73,3.57,0.36,160,200,0.49,0.5,0.98,0.127,0.275,0,0.65,0,1,0,2.273000000000025
L011337,5A-3,trunk_main,86.0,1347.8,74.63,3.57,3.08,200,200,0.59,0.5,1.18,0.255,0.551,0,0.65,0,1,0,1.757999999999981
L011336,5A-3,trunk_main,86.0,1320.6,74.61,3.57,3.08,200,200,0.59,0.5,1.18,0.255,0.551,0,0.65,0,1,0,1.81800000000004
L011335,5A-3,trunk_main,86.0,1297.6,74.59,3.57,3.08,200,200,0.592,0.5,1.18,0.255,0.551,0,0.65,0,1,0,2.281999999999982
L011411,5A-3,trunk_main,86.0,1261.8,74.57,3.57,3.08,200,200,0.589,0.5,1.18,0.255,0.55,0,0.65,0,1,0,2.389999999999986
L011268,5A-3,lateral,2.0,63.2,1.76,3.57,0.07,160,200,0.603,0.5,1.21,0.058,0.175,0,0.65,0,1,0,0.75
L011412,5A-3,trunk_main,72.0,854.1,62.28,3.57,2.57,200,200,0.827,0.5,1.65,0.214,0.589,0,0.65,0,1,0,2.293000000000006
L011415,5A-3,lateral,11.0,310.9,9.65,3.57,0.4,160,200,0.531,0.5,1.06,0.13,0.292,0,0.65,0,1,0,2.199999999999989
L011334,5A-3,trunk_main,72.0,836.0,62.27,3.57,2.57,200,200,0.821,0.5,1.64,0.215,0.587,0,0.65,0,1,0,2.243000000000052
L011414,5A-3,lateral,11.0,298.9,9.64,3.57,0.4,160,200,0.666,0.5,1.33,0.123,0.316,0,0.65,0,1,0,2.126000000000033
L011266,5A-3,lateral,10.0,267.0,8.76,3.57,0.36,160,200,0.475,0.5,0.95,0.128,0.272,0,0.65,0,1,0,2.363999999999976
L011408,5A-3,lateral,10.0,254.4,8.75,3.57,0.36,160,200,0.469,0.5,0.94,0.128,0.271,0,0.65,0,1,0,2.364000000000033
L011311,5A-3,lateral,30.0,152.3,25.8,3.57,1.07,160,200,0.492,0.5,0.98,0.212,0.386,0,0.65,0,1,0,1.286999999999978
L011331,5A-3,trunk_main,69.0,762.3,59.65,3.57,2.46,200,200,0.82,0.5,1.64,0.21,0.579,0,0.65,0,1,0,2.185000000000002
L011410,5A-3,lateral,10.0,204.1,8.71,3.57,0.36,160,200,0.53,0.5,1.06,0.124,0.283,0,0.65,0,1,0,2.012999999999977
L011330,5A-3,trunk_main,68.0,740.0,58.77,3.57,2.43,200,200,0.824,0.5,1.65,0.208,0.578,0,0.65,0,1,0,2.242999999999995
L011407,5A-3,lateral,9.0,180.5,7.84,3.57,0.32,160,200,0.536,0.5,1.07,0.118,0.274,0,0.65,0,1,0,2.387999999999977
L011329,5A-3,trunk_main,67.0,717.8,57.9,3.57,2.39,200,200,0.819,0.5,1.64,0.207,0.574,0,0.65,0,1,0,2.300000000000011
L011267,5A-3,lateral,9.0,125.7,7.8,3.57,0.32,160,200,0.607,0.5,1.21,0.114,0.286,0,0.65,0,1,0,1.980000000000018
L011265,5A-3,lateral,0.0,32.7,0.02,3.57,0.0,160,200,3.848,0.5,7.7,0.006,0.064,0,0.65,0,1,0,2.079999999999984
L011328,5A-3,trunk_main,62.0,691.2,53.6,3.57,2.21,200,200,0.819,0.5,1.64,0.199,0.561,0,0.65,0,1,0,2.302000000000021
L011327,5A-3,trunk_main,61.0,666.8,52.73,3.57,2.18,200,200,0.823,0.5,1.65,0.198,0.559,0,0.65,0,1,0,2.432000000000016
L011264,5A-3,lateral,11.0,135.2,9.52,3.57,0.39,160,200,0.603,0.5,1.21,0.126,0.304,0,0.65,0,1,0,2.100000000000023
L011341,5A-3,lateral,26.0,121.5,22.36,3.57,0.92,160,200,0.488,0.5,0.98,0.198,0.368,0,0.65,0,1,0,1.176000000000045
L011413,5A-3,lateral,9.0,96.1,7.78,3.57,0.32,160,200,0.607,0.5,1.21,0.114,0.286,0,0.65,0,1,0,1.870000000000005
L011251,5A-3,lateral,24.0,93.1,20.62,3.57,0.85,160,200,0.49,0.5,0.98,0.191,0.36,0,0.65,0,1,0,1.347000000000037
L011253,5A-3,lateral,9.0,70.1,7.76,3.57,0.32,160,200,0.585,0.5,1.17,0.115,0.282,0,0.65,0,1,0,1.341999999999985
L011393,5A-3,lateral,5.0,22.9,4.3,3.57,0.18,160,200,0.624,0.5,1.25,0.086,0.238,0,0.65,0,1,0,1.733000000000004
L011394,5A-3,lateral,5.0,41.8,4.31,3.57,0.18,160,200,0.621,0.5,1.24,0.086,0.238,0,0.65,0,1,0,1.410000000000025
L011254,5A-3,lateral,6.0,37.2,5.17,3.57,0.21,160,200,1.101,0.5,2.2,0.082,0.307,0,0.65,0,1,0,1.0
L011252,5A-3,lateral,17.0,21.3,14.58,3.57,0.6,160,200,4.126,0.5,8.25,0.097,0.676,0,0.65,0,1,0,1.510000000000048
L011343,5A-3,lateral,6.0,29.0,5.16,3.57,0.21,160,200,0.62,0.5,1.24,0.094,0.252,0,0.65,0,1,0,1.180000000000007
L011249,5A-3,lateral,18.0,81.8,15.48,3.57,0.64,160,200,0.598,0.5,1.2,0.158,0.353,0,0.65,0,1,0,1.169999999999959
L011342,5A-3,lateral,11.0,115.3,9.5,3.57,0.39,160,200,0.601,0.5,1.2,0.126,0.304,0,0.65,0,1,0,1.889999999999986
L011346,5A-3,lateral,9.0,95.3,7.78,3.57,0.32,160,200,0.64,0.5,1.28,0.113,0.291,0,0.65,0,1,0,1.539999999999964
L011347,5A-3,lateral,6.0,66.3,5.19,3.57,0.21,160,200,0.592,0.5,1.18,0.095,0.249,0,0.65,0,1,0,1.5
L011326,5A-3,trunk_main,49.0,507.1,42.33,3.57,1.75,200,200,0.549,0.5,1.1,0.196,0.453,0,0.65,0,1,0,2.400000000000034
L011345,5A-3,lateral,9.0,75.0,7.76,3.57,0.32,160,200,0.604,0.5,1.21,0.114,0.285,0,0.65,0,1,0,1.319999999999993
L011348,5A-3,lateral,6.0,142.8,5.24,3.57,0.22,160,200,1.514,0.5,3.03,0.077,0.345,0,0.65,0,1,0,2.20999999999998
L011344,5A-3,lateral,8.0,53.5,6.89,3.57,0.28,160,200,0.573,0.5,1.15,0.109,0.269,0,0.65,0,1,0,1.21999999999997
L011349,5A-3,lateral,0.0,63.3,0.05,3.57,0.0,160,200,1.335,0.5,2.67,0.01,0.06,0,0.65,0,1,0,1.599999999999966
L011325,5A-3,trunk_main,40.0,330.4,34.5,3.57,1.42,200,200,0.592,0.5,1.18,0.174,0.438,0,0.65,0,1,0,2.364000000000033
L011324,5A-3,trunk_main,38.0,317.4,32.78,3.57,1.35,200,200,0.59,0.5,1.18,0.17,0.43,0,0.65,0,1,0,1.926999999999964
L011323,5A-3,trunk_main,38.0,292.3,32.76,3.57,1.35,200,200,0.59,0.5,1.18,0.17,0.43,0,0.65,0,1,0,3.369000000000028
L011322,5A-3,trunk_main,37.0,261.6,31.88,3.57,1.32,200,200,0.589,0.5,1.18,0.168,0.426,0,0.65,0,1,0,2.188000000000045
L011374,5A-3,lateral,26.0,197.9,22.41,3.57,0.93,160,200,0.599,0.5,1.2,0.189,0.396,0,0.65,0,1,0,4.372000000000014
L011258,5A-3,lateral,25.0,169.2,21.53,3.57,0.89,160,200,0.597,0.5,1.19,0.185,0.391,0,0.65,0,1,0,3.379999999999995
L011378,5A-3,lateral,10.0,53.4,8.6,3.57,0.36,160,200,6.038,0.5,12.08,0.07,0.649,0,0.65,0,1,0,1.0
L011377,5A-3,lateral,1.0,24.2,0.87,3.57,0.04,160,200,4.13,0.5,8.26,0.028,0.263,0,0.65,0,1,0,1.480000000000018
L011317,5A-3,lateral,11.0,56.7,9.46,3.57,0.39,160,200,0.583,0.5,1.17,0.126,0.3,0,0.65,0,1,0,1.060000000000002
L011260,5A-3,lateral,2.0,25.8,1.73,3.57,0.07,160,200,1.549,0.5,3.1,0.046,0.24,0,0.65,0,1,0,1.0
L011017,5A-2,lateral,4.0,22.6,3.44,3.57,0.14,160,200,0.5,0.5,1.0,0.082,0.205,0,0.65,0,1,0,3.555000000000007
L011004,5A-2,lateral,28.0,455.4,24.31,3.57,1.0,160,200,0.503,0.5,1.01,0.205,0.382,0,0.65,0,1,0,1.714999999999975
L010705,5A-2,lateral,9.0,99.4,7.78,3.57,0.32,160,200,0.503,0.5,1.01,0.119,0.268,0,0.65,0,1,0,1.549999999999955
L011018,5A-2,lateral,0.0,33.5,0.02,3.57,0.0,160,200,0.599,0.5,1.2,0.009,0.036,0,0.65,0,1,0,1.131000000000029
L011016,5A-2,lateral,6.0,40.6,5.17,3.57,0.21,160,200,0.499,0.5,1.0,0.099,0.234,0,0.65,0,1,0,3.885000000000048
L011219,5A-2,lateral,2.0,30.5,1.73,3.57,0.07,160,200,0.669,0.5,1.34,0.056,0.181,0,0.65,0,1,0,1.134000000000015
L010652,5A-2,lateral,28.0,484.4,24.33,3.57,1.0,160,200,0.5,0.5,1.0,0.206,0.381,0,0.65,0,1,0,3.120000000000005
L011026,5A-2,lateral,9.0,77.2,7.76,3.57,0.32,160,200,0.5,0.5,1.0,0.119,0.267,0,0.65,0,1,0,2.52800000000002
L010653,5A-2,lateral,7.0,59.4,6.04,3.57,0.25,160,200,0.502,0.5,1.0,0.106,0.247,0,0.65,0,1,0,2.549000000000035
L010934,5A-2,lateral,56.0,1830.0,49.28,3.57,2.03,160,200,0.502,0.5,1.0,0.292,0.471,0,0.65,0,1,0,6.259999999999991
L011019,5A-2,lateral,1.0,65.6,0.9,3.57,0.04,160,200,0.598,0.5,1.2,0.043,0.139,0,0.65,0,1,0,1.023000000000025
L010993,5A-2,lateral,17.0,246.5,14.74,3.57,0.61,160,200,1.301,0.5,2.6,0.128,0.456,0,0.65,0,1,0,1.137
L011003,5A-2,lateral,30.0,545.5,26.09,3.57,1.08,160,200,0.5,0.5,1.0,0.213,0.389,0,0.65,0,1,0,3.072999999999979
L010992,5A-2,lateral,17.0,216.8,14.72,3.57,0.61,160,200,0.922,0.5,1.84,0.139,0.404,0,0.65,0,1,0,1.0
L011020,5A-2,lateral,2.0,96.2,1.78,3.57,0.07,160,200,0.598,0.5,1.2,0.058,0.175,0,0.65,0,1,0,1.286000000000001
L010935,5A-2,lateral,56.0,1789.0,49.25,3.57,2.03,160,200,0.501,0.5,1.0,0.292,0.471,0,0.65,0,1,0,4.793999999999983
L011002,5A-2,lateral,30.0,576.8,26.11,3.57,1.08,160,200,0.501,0.5,1.0,0.213,0.39,0,0.65,0,1,0,3.53000000000003
L010991,5A-2,lateral,15.0,187.1,12.98,3.57,0.54,160,200,0.898,0.5,1.8,0.132,0.385,0,0.65,0,1,0,1.286000000000001
L011021,5A-2,lateral,10.0,334.9,8.81,3.57,0.36,160,200,2.348,0.5,4.7,0.088,0.474,0,0.65,0,1,0,2.854000000000042
L011022,5A-2,lateral,8.0,220.2,7.01,3.57,0.29,160,200,0.594,0.5,1.19,0.109,0.274,0,0.65,0,1,0,2.269999999999982
L010984,5A-2,lateral,80.0,1359.5,69.5,3.57,2.87,160,200,0.576,0.5,1.15,0.336,0.546,0,0.65,0,1,0,1.940999999999974
L010983,5A-2,lateral,79.0,1336.9,68.63,3.57,2.83,160,200,0.575,0.5,1.15,0.334,0.544,0,0.65,0,1,0,2.150999999999954
L010973,5A-2,lateral,70.0,1046.9,60.71,3.57,2.51,160,200,0.612,0.5,1.22,0.308,0.537,0,0.65,0,1,0,2.253999999999962
L010625,5A-2,lateral,8.0,270.8,7.05,3.57,0.29,160,200,7.142,0.5,14.28,0.061,0.643,0,0.65,0,1,0,2.349999999999966
L010972,5A-2,lateral,70.0,1025.8,60.69,3.57,2.51,160,200,0.615,0.5,1.23,0.308,0.538,0,0.65,0,1,0,2.504999999999995
L010707,5A-2,lateral,2.0,77.5,1.77,3.57,0.07,160,200,0.608,0.5,1.22,0.058,0.176,0,0.65,0,1,0,2.669999999999959
L010664,5A-2,lateral,2.0,38.7,1.74,3.57,0.07,160,200,0.605,0.5,1.21,0.058,0.175,0,0.65,0,1,0,1.903999999999996
L010982,5A-2,lateral,8.0,251.8,7.03,3.57,0.29,160,200,3.985,0.5,7.97,0.07,0.528,0,0.65,0,1,0,1.0
L010963,5A-2,lateral,68.0,919.8,58.9,3.57,2.43,160,200,1.776,0.5,3.55,0.232,0.778,0,0.65,0,0,0,2.769999999999982
L010981,5A-2,lateral,8.0,228.8,7.02,3.57,0.29,160,200,2.267,0.5,4.53,0.08,0.435,0,0.65,0,1,0,1.0
L010701,5A-2,lateral,11.0,360.7,9.68,3.57,0.4,160,200,2.347,0.5,4.69,0.092,0.489,0,0.65,0,1,0,3.430000000000007
L011001,5A-2,lateral,31.0,594.9,26.98,3.57,1.11,160,200,0.255,0.5,0.51,0.256,0.309,0,0.65,0,1,0,3.94599999999997
L010990,5A-2,lateral,11.0,156.7,9.53,3.57,0.39,160,200,0.901,0.5,1.8,0.114,0.35,0,0.65,0,1,0,1.393000000000029
L010936,5A-2,lateral,56.0,1750.1,49.22,3.57,2.03,160,200,0.499,0.5,1.0,0.292,0.47,0,0.65,0,1,0,4.778999999999996
L011023,5A-2,lateral,7.0,185.6,6.13,3.57,0.25,160,200,0.597,0.5,1.19,0.103,0.263,0,0.65,0,1,0,2.704000000000008
L011000,5A-2,lateral,43.0,987.0,37.54,3.57,1.55,160,200,0.258,0.5,0.52,0.302,0.342,0,0.65,0,1,0,5.067000000000007
L010989,5A-2,lateral,7.0,128.6,6.09,3.57,0.25,160,200,0.898,0.5,1.8,0.093,0.302,0,0.65,0,1,0,1.700000000000045
L011024,5A-2,lateral,6.0,160.4,5.25,3.57,0.22,160,200,0.595,0.5,1.19,0.096,0.25,0,0.65,0,1,0,2.504000000000019
L010937,5A-2,lateral,54.0,1710.0,47.48,3.57,1.96,160,200,0.501,0.5,1.0,0.286,0.465,0,0.65,0,1,0,4.399000000000001
L010704,5A-2,lateral,0.0,33.1,0.02,3.57,0.0,160,200,0.598,0.5,1.2,0.009,0.036,0,0.65,0,1,0,0.918000000000006
L010999,5A-2,lateral,44.0,1015.7,38.42,3.57,1.59,160,200,0.258,0.5,0.52,0.305,0.345,0,0.65,0,1,0,5.050999999999988
L011025,5A-2,lateral,2.0,30.8,1.74,3.57,0.07,160,200,0.601,0.5,1.2,0.058,0.174,0,0.65,0,1,0,1.274999999999977
L010995,5A-2,lateral,7.0,93.8,6.06,3.57,0.25,160,200,0.9,0.5,1.8,0.093,0.302,0,0.65,0,1,0,1.586999999999989
L010998,5A-2,lateral,46.0,1040.2,40.15,3.57,1.66,160,200,0.257,0.5,0.51,0.312,0.349,0,0.65,0,1,0,3.194000000000017
L010938,5A-2,lateral,54.0,1674.7,47.46,3.57,1.96,160,200,0.501,0.5,1.0,0.286,0.465,0,0.65,0,1,0,5.081999999999994
L010703,5A-2,lateral,6.0,93.0,5.21,3.57,0.21,160,200,0.602,0.5,1.2,0.095,0.25,0,0.65,0,1,0,1.610000000000014
L010702,5A-2,lateral,5.0,56.0,4.32,3.57,0.18,160,200,0.603,0.5,1.21,0.087,0.236,0,0.65,0,1,0,1.326999999999998
L010712,5A-2,lateral,4.0,57.4,3.47,3.57,0.14,160,200,4.022,0.5,8.04,0.051,0.419,0,0.65,0,1,0,1.0
L010997,5A-2,lateral,47.0,1073.2,41.03,3.57,1.69,160,200,0.257,0.5,0.51,0.316,0.351,0,0.65,0,1,0,3.178999999999974
L010939,5A-2,lateral,54.0,1639.9,47.43,3.57,1.96,160,200,0.502,0.5,1.0,0.286,0.466,0,0.65,0,1,0,4.968000000000018
L010971,5A-2,lateral,3.0,77.9,2.63,3.57,0.11,160,200,0.602,0.5,1.2,0.069,0.2,0,0.65,0,1,0,2.348000000000013
L010665,5A-2,lateral,3.0,38.7,2.6,3.57,0.11,160,200,0.6,0.5,1.2,0.069,0.199,0,0.65,0,1,0,1.461999999999989
L010980,5A-2,lateral,8.0,198.8,7.0,3.57,0.29,160,200,0.848,0.5,1.7,0.1,0.31,0,0.65,0,1,0,1.0
L010667,5A-2,lateral,64.0,796.9,55.39,3.57,2.29,160,200,1.251,0.5,2.5,0.245,0.675,0,0.65,0,1,0,2.449999999999989
L010979,5A-2,lateral,7.0,164.0,6.11,3.57,0.25,160,200,0.861,0.5,1.72,0.094,0.298,0,0.65,0,1,0,1.34499999999997
L010978,5A-2,lateral,7.0,149.8,6.1,3.57,0.25,160,200,0.849,0.5,1.7,0.094,0.297,0,0.65,0,1,0,1.103000000000009
L010706,5A-2,lateral,2.0,40.1,1.74,3.57,0.07,160,200,0.599,0.5,1.2,0.058,0.174,0,0.65,0,1,0,0.850000000000023
L010629,5A-2,lateral,14.0,323.6,12.22,3.57,0.5,160,200,0.637,0.5,1.27,0.139,0.335,0,0.65,0,1,0,2.019999999999982
L010970,5A-2,lateral,10.0,245.9,8.74,3.57,0.36,160,200,3.373,0.5,6.75,0.081,0.535,0,0.65,0,1,0,0.939999999999998
L010962,5A-2,lateral,49.0,431.8,42.28,3.57,1.75,160,200,2.838,0.5,5.68,0.176,0.83,0,0.65,0,0,0,2.110000000000014
L010718,5A-2,lateral,0.0,54.9,0.04,3.57,0.0,160,200,0.8,0.5,1.6,0.011,0.048,0,0.65,0,1,0,1.168000000000006
L010717,5A-2,lateral,0.0,30.0,0.02,3.57,0.0,160,200,0.797,0.5,1.59,0.009,0.037,0,0.65,0,1,0,1.138999999999953
L010648,5A-2,lateral,4.0,29.7,3.45,3.57,0.14,160,200,0.596,0.5,1.19,0.079,0.218,0,0.65,0,1,0,1.317000000000007
L011059,5A-2,lateral,6.0,54.7,5.18,3.57,0.21,160,200,0.592,0.5,1.18,0.095,0.248,0,0.65,0,1,0,1.725000000000023
L010694,5A-2,lateral,0.0,30.0,0.02,3.57,0.0,160,200,0.6,0.5,1.2,0.009,0.034,0,0.65,0,1,0,1.480000000000018
L011060,5A-2,lateral,8.0,79.7,6.91,3.57,0.29,160,200,0.596,0.5,1.19,0.108,0.273,0,0.65,0,1,0,1.843999999999994
L011062,5A-2,lateral,0.0,60.0,0.04,3.57,0.0,160,200,0.603,0.5,1.21,0.012,0.045,0,0.65,0,1,0,1.721000000000004
L011061,5A-2,lateral,8.0,104.9,6.93,3.57,0.29,160,200,0.595,0.5,1.19,0.109,0.273,0,0.65,0,1,0,2.153999999999996
L011063,5A-2,lateral,0.0,81.1,0.06,3.57,0.0,160,200,0.601,0.5,1.2,0.013,0.051,0,0.65,0,1,0,2.027999999999963
L011067,5A-2,sub_main,5.0,205.7,4.43,3.57,0.18,160,200,1.208,0.5,2.42,0.075,0.302,0,0.65,0,1,0,2.25
L010977,5A-2,lateral,7.0,120.0,6.08,3.57,0.25,160,200,1.6,0.5,3.2,0.081,0.369,0,0.65,0,1,0,1.0
L010988,5A-2,lateral,2.0,30.1,1.73,3.57,0.07,160,200,0.598,0.5,1.2,0.058,0.174,0,0.65,0,1,0,1.0
L010940,5A-2,lateral,53.0,1604.7,46.55,3.57,1.92,160,200,0.499,0.5,1.0,0.284,0.462,0,0.65,0,1,0,4.86099999999999
L010996,5A-2,lateral,50.0,1103.7,43.62,3.57,1.8,160,200,0.256,0.5,0.51,0.327,0.356,0,0.65,0,1,0,3.12700000000001
L010976,5A-2,lateral,5.0,90.0,4.35,3.57,0.18,160,200,1.617,0.5,3.23,0.069,0.331,0,0.65,0,1,0,1.0
L010941,5A-2,lateral,53.0,1574.4,46.53,3.57,1.92,160,200,0.495,0.5,0.99,0.284,0.461,0,0.65,0,1,0,4.680000000000007
L010942,5A-2,lateral,50.0,1132.8,43.64,3.57,1.8,160,200,0.259,0.5,0.52,0.326,0.358,0,0.65,0,1,0,4.432000000000016
L010975,5A-2,lateral,3.0,60.0,2.61,3.57,0.11,160,200,1.617,0.5,3.23,0.055,0.28,0,0.65,0,1,0,1.345000000000027
L010943,5A-2,lateral,3.0,405.3,2.86,3.57,0.12,160,200,8.005,0.5,16.01,0.04,0.494,0,0.65,0,1,0,4.53000000000003
L010974,5A-2,lateral,3.0,30.0,2.59,3.57,0.11,160,200,2.867,0.5,5.73,0.048,0.339,0,0.65,0,1,0,1.0
L010969,5A-2,lateral,9.0,221.6,7.87,3.57,0.32,160,200,0.926,0.5,1.85,0.104,0.332,0,0.65,0,1,0,1.0
L010961,5A-2,lateral,46.0,392.3,39.68,3.57,1.64,160,200,2.143,0.5,4.29,0.182,0.738,0,0.65,0,1,0,1.0
L010968,5A-2,lateral,8.0,196.4,6.99,3.57,0.29,160,200,0.925,0.5,1.85,0.098,0.319,0,0.65,0,1,0,1.156999999999982
L010960,5A-2,lateral,44.0,357.3,37.94,3.57,1.57,160,200,3.144,0.5,6.29,0.163,0.832,0,0.65,0,0,0,1.0
L010967,5A-2,lateral,6.0,166.0,5.26,3.57,0.22,160,200,0.926,0.5,1.85,0.086,0.291,0,0.65,0,1,0,1.365999999999985
L010966,5A-2,lateral,5.0,135.2,4.38,3.57,0.18,160,200,2.684,0.5,5.37,0.062,0.395,0,0.65,0,1,0,1.0
L010959,5A-2,lateral,44.0,320.7,37.92,3.57,1.57,160,200,1.47,0.5,2.94,0.196,0.637,0,0.65,0,1,0,1.0
L010965,5A-2,lateral,3.0,104.6,2.64,3.57,0.11,160,200,2.685,0.5,5.37,0.049,0.334,0,0.65,0,1,0,1.70999999999998
L010958,5A-2,lateral,43.0,285.5,37.04,3.57,1.53,160,200,1.473,0.5,2.95,0.193,0.633,0,0.65,0,1,0,1.091999999999985
L010964,5A-2,lateral,0.0,74.4,0.05,3.57,0.0,160,200,0.926,0.5,1.85,0.012,0.057,0,0.65,0,1,0,1.0
L011098,5A-2,lateral,5.0,109.6,4.36,3.57,0.18,160,200,1.302,0.5,2.6,0.073,0.308,0,0.65,0,1,0,1.0
L010687,5A-2,lateral,3.0,154.4,2.68,3.57,0.11,160,200,0.906,0.5,1.81,0.064,0.232,0,0.65,0,1,0,0.889999999999986
L011076,5A-2,lateral,3.0,115.1,2.65,3.57,0.11,160,200,0.904,0.5,1.81,0.064,0.231,0,0.65,0,1,0,0.644000000000005
L011077,5A-2,lateral,2.0,85.4,1.77,3.57,0.07,160,200,0.907,0.5,1.81,0.053,0.202,0,0.65,0,1,0,1.145999999999958
L011078,5A-2,lateral,1.0,51.7,0.89,3.57,0.04,160,200,1.278,0.5,2.56,0.036,0.179,0,0.65,0,1,0,1.0
L011084,5A-2,lateral,3.0,145.4,2.67,3.57,0.11,160,200,1.117,0.5,2.23,0.061,0.249,0,0.65,0,1,0,1.310000000000002
L011083,5A-2,lateral,3.0,123.8,2.66,3.57,0.11,160,200,1.109,0.5,2.22,0.061,0.248,0,0.65,0,1,0,1.219000000000051
L011082,5A-2,lateral,2.0,104.3,1.79,3.57,0.07,160,200,1.109,0.5,2.22,0.051,0.217,0,0.65,0,1,0,1.283000000000015
L011081,5A-2,lateral,2.0,76.4,1.77,3.57,0.07,160,200,1.112,0.5,2.22,0.05,0.216,0,0.65,0,1,0,1.12299999999999
L010643,5A-2,lateral,1.0,36.0,0.88,3.57,0.04,160,200,1.078,0.5,2.16,0.037,0.169,0,0.65,0,1,0,1.168000000000006
L011064,5A-2,lateral,0.0,100.8,0.07,3.57,0.0,160,200,0.599,0.5,1.2,0.015,0.056,0,0.65,0,1,0,2.135999999999967
L011066,5A-2,sub_main,5.0,70.9,4.33,3.57,0.18,160,200,2.723,0.5,5.45,0.062,0.395,0,0.65,0,1,0,2.240000000000009
L011099,5A-2,lateral,4.0,81.7,3.48,3.57,0.14,160,200,1.304,0.5,2.61,0.066,0.286,0,0.65,0,1,0,2.067000000000007
L011065,5A-2,sub_main,4.0,35.3,3.45,3.57,0.14,160,200,2.722,0.5,5.44,0.056,0.366,0,0.65,0,1,0,1.661000000000001
L011100,5A-2,lateral,3.0,54.4,2.61,3.57,0.11,160,200,1.436,0.5,2.87,0.057,0.269,0,0.65,0,1,0,1.0
L011101,5A-2,lateral,3.0,26.8,2.59,3.57,0.11,160,200,1.434,0.5,2.87,0.056,0.268,0,0.65,0,1,0,1.274000000000001
L011079,5A-2,lateral,0.0,22.1,0.02,3.57,0.0,160,200,1.276,0.5,2.55,0.007,0.038,0,0.65,0,1,0,1.442000000000007
L010645,5A-2,lateral,2.0,15.0,1.72,3.57,0.07,160,200,0.595,0.5,1.19,0.058,0.173,0,0.65,0,1,0,0.978999999999985
L011137,5A-2,sub_main,78.0,2793.0,68.82,3.57,2.84,160,200,0.529,0.5,1.06,0.342,0.528,0,0.65,0,1,0,3.464000000000055
L011138,5A-2,sub_main,78.0,2777.6,68.81,3.57,2.84,160,200,0.508,0.5,1.02,0.345,0.521,0,0.65,0,1,0,3.543000000000006
L010668,5A-2,lateral,43.0,255.5,37.01,3.57,1.53,160,200,1.47,0.5,2.94,0.193,0.633,0,0.65,0,1,0,0.980000000000018
L010628,5A-2,lateral,0.0,43.1,0.03,3.57,0.0,160,200,0.928,0.5,1.86,0.01,0.046,0,0.65,0,1,0,1.439999999999998
L010957,5A-2,lateral,20.0,81.0,17.19,3.57,0.71,160,200,0.616,0.5,1.23,0.165,0.369,0,0.65,0,1,0,1.598000000000013
L010956,5A-2,lateral,23.0,143.3,19.8,3.57,0.82,160,200,1.035,0.5,2.07,0.156,0.462,0,0.65,0,1,0,1.700000000000045
L010666,5A-2,lateral,16.0,36.8,13.73,3.57,0.57,160,200,0.614,0.5,1.23,0.149,0.343,0,0.65,0,1,0,1.045999999999992
L010627,5A-2,lateral,21.0,78.5,18.04,3.57,0.75,160,200,1.578,0.5,3.16,0.135,0.519,0,0.65,0,1,0,1.0
L010955,5A-2,lateral,20.0,47.7,17.16,3.57,0.71,160,200,1.58,0.5,3.16,0.132,0.511,0,0.65,0,1,0,1.442999999999984
L010953,5A-2,lateral,0.0,83.0,0.06,3.57,0.0,160,200,0.894,0.5,1.79,0.012,0.059,0,0.65,0,1,0,1.411000000000001
L010954,5A-2,lateral,0.0,60.9,0.04,3.57,0.0,160,200,0.893,0.5,1.79,0.011,0.052,0,0.65,0,1,0,1.243999999999971
L010698,5A-2,lateral,0.0,31.0,0.02,3.57,0.0,160,200,0.893,0.5,1.79,0.008,0.039,0,0.65,0,1,0,1.146999999999991
L010944,5A-2,lateral,3.0,360.2,2.83,3.57,0.12,160,200,8.004,0.5,16.01,0.04,0.492,0,0.65,0,1,0,2.918000000000006
L010945,5A-2,lateral,3.0,332.8,2.81,3.57,0.12,160,200,0.848,0.5,1.7,0.066,0.23,0,0.65,0,1,0,1.0
L010946,5A-2,lateral,1.0,302.2,1.07,3.57,0.04,160,200,0.845,0.5,1.69,0.043,0.166,0,0.65,0,1,0,0.470000000000027
L010947,5A-2,lateral,0.0,272.6,0.2,3.57,0.01,160,200,0.845,0.5,1.69,0.021,0.091,0,0.65,0,1,0,0.490000000000009
L010948,5A-2,lateral,0.0,241.8,0.17,3.57,0.01,160,200,0.892,0.5,1.78,0.019,0.088,0,0.65,0,1,0,1.0
L010949,5A-2,lateral,0.0,214.6,0.15,3.57,0.01,160,200,0.894,0.5,1.79,0.018,0.085,0,0.65,0,1,0,0.907000000000039
L010950,5A-2,lateral,0.0,187.8,0.14,3.57,0.01,160,200,0.893,0.5,1.79,0.017,0.081,0,0.65,0,1,0,0.687999999999988
L010951,5A-2,lateral,0.0,157.4,0.11,3.57,0.0,160,200,0.894,0.5,1.79,0.016,0.075,0,0.65,0,1,0,1.646000000000015
L010952,5A-2,lateral,0.0,120.8,0.09,3.57,0.0,160,200,0.893,0.5,1.79,0.015,0.068,0,0.65,0,1,0,1.38900000000001
L011147,5A-2,sub_main,2.0,82.2,1.77,3.57,0.07,160,200,3.85,0.5,7.7,0.038,0.329,0,0.65,0,1,0,1.0
L011136,5A-2,sub_main,78.0,2821.9,68.84,3.57,2.84,160,200,0.508,0.5,1.02,0.346,0.52,0,0.65,0,1,0,3.361000000000047
L010680,5A-2,lateral,11.0,239.1,9.59,3.57,0.4,160,200,0.599,0.5,1.2,0.126,0.304,0,0.65,0,1,0,3.365999999999985
L011139,5A-2,sub_main,67.0,2506.5,59.19,3.57,2.44,160,200,0.52,0.5,1.04,0.318,0.503,0,0.65,0,1,0,3.779999999999973
L011154,5A-2,lateral,9.0,214.6,7.86,3.57,0.32,160,200,0.601,0.5,1.2,0.115,0.286,0,0.65,0,1,0,2.979000000000042
L010679,5A-2,sub_main,67.0,2471.8,59.17,3.57,2.44,160,200,0.499,0.5,1.0,0.321,0.495,0,0.65,0,1,0,4.060000000000002
L011153,5A-2,lateral,8.0,194.8,6.99,3.57,0.29,160,200,0.604,0.5,1.21,0.109,0.276,0,0.65,0,1,0,2.680000000000007
L011209,5A-2,lateral,6.0,191.2,5.28,3.57,0.22,160,200,0.501,0.5,1.0,0.1,0.236,0,0.65,0,1,0,3.990000000000009
L010678,5A-2,sub_main,61.0,2244.6,53.86,3.57,2.22,160,200,0.716,0.5,1.43,0.279,0.549,0,0.65,0,1,0,4.089999999999975
L011208,5A-2,lateral,6.0,167.6,5.26,3.57,0.22,160,200,0.505,0.5,1.01,0.099,0.236,0,0.65,0,1,0,2.642000000000053
L011140,5A-2,sub_main,56.0,1875.4,49.31,3.57,2.04,160,200,1.689,0.5,3.38,0.215,0.725,0,0.65,0,1,0,4.129999999999995
L011148,5A-2,sub_main,1.0,41.9,0.89,3.57,0.04,160,200,1.193,0.5,2.39,0.037,0.175,0,0.65,0,1,0,1.0
L010669,5A-2,sub_main,2.0,151.7,1.82,3.57,0.08,160,200,1.053,0.5,2.11,0.052,0.214,0,0.65,0,1,0,2.254000000000019
L011145,5A-2,sub_main,2.0,208.6,1.86,3.57,0.08,160,200,0.896,0.5,1.79,0.054,0.204,0,0.65,0,1,0,2.293999999999983
L011146,5A-2,sub_main,2.0,112.7,1.79,3.57,0.07,160,200,1.059,0.5,2.12,0.051,0.214,0,0.65,0,1,0,1.272999999999968
L010671,5A-2,sub_main,2.0,244.6,1.89,3.57,0.08,160,200,0.991,0.5,1.98,0.053,0.213,0,0.65,0,1,0,2.549999999999955
L010670,5A-2,lateral,3.0,39.0,2.6,3.57,0.11,160,200,0.567,0.5,1.13,0.07,0.195,0,0.65,0,1,0,1.190999999999974
L011213,5A-2,lateral,12.0,219.5,10.44,3.57,0.43,160,200,0.54,0.5,1.08,0.135,0.301,0,0.65,0,1,0,2.449999999999989
L011144,5A-2,sub_main,14.0,510.4,12.36,3.57,0.51,160,200,5.116,0.5,10.23,0.086,0.69,0,0.65,0,1,0,5.110000000000014
L011214,5A-2,lateral,3.0,71.0,2.62,3.57,0.11,160,200,0.565,0.5,1.13,0.07,0.196,0,0.65,0,1,0,1.572000000000003
L010676,5A-2,sub_main,54.0,1846.2,47.58,3.57,1.96,160,200,1.689,0.5,3.38,0.211,0.717,0,0.65,0,1,0,4.09699999999998
L011143,5A-2,sub_main,20.0,740.5,17.66,3.57,0.73,160,200,2.657,0.5,5.31,0.118,0.618,0,0.65,0,1,0,4.72399999999999
L011156,5A-2,lateral,4.0,332.9,3.67,3.57,0.15,160,200,0.216,0.5,0.43,0.103,0.157,0,0.65,0,1,0,4.035000000000025
L011207,5A-2,lateral,5.0,135.1,4.38,3.57,0.18,160,200,0.501,0.5,1.0,0.092,0.222,0,0.65,0,1,0,2.617999999999995
L011157,5A-2,lateral,4.0,301.9,3.64,3.57,0.15,160,200,0.22,0.5,0.44,0.102,0.157,0,0.65,0,1,0,1.668000000000006
L011158,5A-2,lateral,3.0,277.0,2.77,3.57,0.11,160,200,0.217,0.5,0.43,0.09,0.143,0,0.65,0,1,0,1.473000000000013
L011206,5A-2,lateral,3.0,100.4,2.64,3.57,0.11,160,200,0.502,0.5,1.0,0.073,0.188,0,0.65,0,1,0,2.504000000000019
L011159,5A-2,lateral,3.0,254.4,2.75,3.57,0.11,160,200,0.217,0.5,0.43,0.09,0.143,0,0.65,0,1,0,1.293999999999983
L011205,5A-2,lateral,3.0,57.1,2.61,3.57,0.11,160,200,0.504,0.5,1.01,0.072,0.188,0,0.65,0,1,0,2.227000000000032
L011191,5A-2,lateral,8.0,135.6,6.95,3.57,0.29,160,200,0.601,0.5,1.2,0.109,0.275,0,0.65,0,1,0,2.16500000000002
L011160,5A-2,lateral,2.0,236.0,1.88,3.57,0.08,160,200,0.219,0.5,0.44,0.076,0.126,0,0.65,0,1,0,1.153999999999996
L010674,5A-2,lateral,0.0,207.2,0.15,3.57,0.01,160,200,0.219,0.5,0.44,0.025,0.052,0,0.65,0,1,0,1.68100000000004
L010636,5A-2,lateral,8.0,113.7,6.93,3.57,0.29,160,200,0.634,0.5,1.27,0.107,0.28,0,0.65,0,1,0,1.572000000000003
L010675,5A-2,sub_main,46.0,1647.8,40.59,3.57,1.68,160,200,0.486,0.5,0.97,0.267,0.44,0,0.65,0,1,0,3.889999999999986
L010635,5A-2,lateral,6.0,205.1,5.29,3.57,0.22,160,200,0.485,0.5,0.97,0.101,0.233,0,0.65,0,1,0,5.015000000000043
L011192,5A-2,lateral,8.0,176.7,6.98,3.57,0.29,160,200,0.602,0.5,1.2,0.109,0.275,0,0.65,0,1,0,2.672000000000025
L011142,5A-2,sub_main,20.0,777.2,17.69,3.57,0.73,160,200,2.655,0.5,5.31,0.118,0.618,0,0.65,0,1,0,5.409999999999968
L011212,5A-2,lateral,5.0,88.7,4.35,3.57,0.18,160,200,0.637,0.5,1.27,0.086,0.241,0,0.65,0,1,0,1.442999999999984
L011141,5A-2,sub_main,46.0,1619.8,40.57,3.57,1.68,160,200,0.482,0.5,0.96,0.267,0.438,0,0.65,0,1,0,3.954000000000008
L010672,5A-2,lateral,5.0,168.6,4.4,3.57,0.18,160,200,0.486,0.5,0.97,0.092,0.22,0,0.65,0,1,0,3.007999999999981
L010630,5A-2,lateral,26.0,821.0,22.86,3.57,0.94,160,200,0.596,0.5,1.19,0.191,0.398,0,0.65,0,1,0,5.305999999999983
L011211,5A-2,lateral,5.0,61.9,4.33,3.57,0.18,160,200,0.633,0.5,1.27,0.086,0.24,0,0.65,0,1,0,1.323000000000036
L010711,5A-2,lateral,0.0,32.2,0.02,3.57,0.0,160,200,2.98,0.5,5.96,0.007,0.059,0,0.65,0,1,0,1.0
L011172,5A-2,lateral,5.0,136.2,4.38,3.57,0.18,160,200,0.49,0.5,0.98,0.092,0.22,0,0.65,0,1,0,2.89100000000002
L011171,5A-2,lateral,26.0,796.7,22.84,3.57,0.94,160,200,0.598,0.5,1.2,0.191,0.398,0,0.65,0,1,0,2.751000000000033
L011210,5A-2,lateral,3.0,30.5,2.59,3.57,0.11,160,200,0.635,0.5,1.27,0.068,0.203,0,0.65,0,1,0,1.05400000000003
L011186,5A-2,lateral,3.0,60.0,2.61,3.57,0.11,160,200,3.378,0.5,6.76,0.047,0.359,0,0.65,0,1,0,1.0
L011173,5A-2,lateral,3.0,101.3,2.64,3.57,0.11,160,200,0.486,0.5,0.97,0.073,0.186,0,0.65,0,1,0,1.740000000000009
L011187,5A-2,lateral,5.0,92.2,4.35,3.57,0.18,160,200,1.367,0.5,2.73,0.072,0.313,0,0.65,0,1,0,1.0
L011174,5A-2,lateral,0.0,73.7,0.05,3.57,0.0,160,200,0.486,0.5,0.97,0.014,0.046,0,0.65,0,1,0,1.286000000000001
L011188,5A-2,lateral,6.0,127.2,5.23,3.57,0.22,160,200,0.314,0.5,0.63,0.111,0.2,0,0.65,0,1,0,1.0
L011175,5A-2,lateral,0.0,51.9,0.04,3.57,0.0,160,200,0.485,0.5,0.97,0.012,0.04,0,0.65,0,1,0,1.0
L011190,5A-2,lateral,6.0,100.5,5.21,3.57,0.22,160,200,0.6,0.5,1.2,0.095,0.25,0,0.65,0,1,0,1.613999999999976
L011161,5A-2,lateral,0.0,180.2,0.13,3.57,0.01,160,200,0.219,0.5,0.44,0.024,0.049,0,0.65,0,1,0,1.742000000000019
L011168,5A-2,lateral,6.0,71.5,5.19,3.57,0.21,160,200,0.6,0.5,1.2,0.095,0.25,0,0.65,0,1,0,0.819999999999993
L011167,5A-2,lateral,6.0,58.2,5.18,3.57,0.21,160,200,0.601,0.5,1.2,0.095,0.25,0,0.65,0,1,0,1.389999999999986
L010638,5A-2,lateral,0.0,166.1,0.12,3.57,0.0,160,200,0.218,0.5,0.44,0.023,0.048,0,0.65,0,1,0,1.771000000000015
L011170,5A-2,lateral,26.0,752.5,22.81,3.57,0.94,160,200,0.595,0.5,1.19,0.191,0.397,0,0.65,0,1,0,2.437000000000012
L010639,5A-2,lateral,4.0,31.0,3.45,3.57,0.14,160,200,0.602,0.5,1.2,0.079,0.219,0,0.65,0,1,0,1.027000000000044
L011169,5A-2,lateral,24.0,712.5,21.07,3.57,0.87,160,200,0.598,0.5,1.2,0.183,0.388,0,0.65,0,1,0,2.368999999999971
L011163,5A-2,lateral,0.0,104.1,0.07,3.57,0.0,160,200,0.217,0.5,0.43,0.019,0.04,0,0.65,0,1,0,1.51600000000002
L010633,5A-2,lateral,22.0,682.6,19.33,3.57,0.8,160,200,0.466,0.5,0.93,0.187,0.347,0,0.65,0,1,0,1.908000000000015
L011080,5A-2,lateral,1.0,56.9,0.9,3.57,0.04,160,200,1.044,0.5,2.09,0.038,0.168,0,0.65,0,1,0,1.085999999999956
L010689,5A-2,lateral,0.0,22.7,0.02,3.57,0.0,160,200,0.735,0.5,1.47,0.008,0.032,0,0.65,0,1,0,1.176999999999964
L011094,5A-2,lateral,2.0,35.4,1.74,3.57,0.07,160,200,0.732,0.5,1.46,0.055,0.186,0,0.65,0,1,0,1.0
L010690,5A-2,lateral,0.0,30.2,0.02,3.57,0.0,160,200,1.103,0.5,2.21,0.008,0.042,0,0.65,0,1,0,0.843000000000018
L011110,5A-2,lateral,0.0,59.9,0.04,3.57,0.0,160,200,1.1,0.5,2.2,0.01,0.055,0,0.65,0,1,0,1.050000000000011
L011115,5A-2,lateral,2.0,40.7,1.74,3.57,0.07,160,200,0.593,0.5,1.19,0.058,0.174,0,0.65,0,1,0,1.132000000000005
L011112,5A-2,lateral,7.0,146.0,6.1,3.57,0.25,160,200,0.6,0.5,1.2,0.102,0.263,0,0.65,0,1,0,1.139999999999986
L011111,5A-2,lateral,7.0,250.5,6.18,3.57,0.26,160,200,0.876,0.5,1.75,0.094,0.301,0,0.65,0,1,0,1.410000000000025
L011113,5A-2,lateral,7.0,125.4,6.09,3.57,0.25,160,200,0.604,0.5,1.21,0.102,0.264,0,0.65,0,1,0,1.02600000000001
L011114,5A-2,lateral,4.0,69.8,3.48,3.57,0.14,160,200,0.592,0.5,1.18,0.079,0.218,0,0.65,0,1,0,1.043999999999983
L011093,5A-2,lateral,3.0,62.8,2.61,3.57,0.11,160,200,0.599,0.5,1.2,0.069,0.2,0,0.65,0,1,0,1.113999999999976
L011121,5A-2,lateral,10.0,432.9,8.88,3.57,0.37,160,200,0.878,0.5,1.76,0.111,0.339,0,0.65,0,1,0,2.0
L011120,5A-2,lateral,10.0,400.2,8.85,3.57,0.37,160,200,0.858,0.5,1.72,0.112,0.336,0,0.65,0,1,0,1.643000000000029
L010640,5A-2,lateral,10.0,369.1,8.83,3.57,0.36,160,200,0.857,0.5,1.71,0.112,0.335,0,0.65,0,1,0,1.246000000000038
L011119,5A-2,lateral,10.0,355.8,8.82,3.57,0.36,160,200,0.858,0.5,1.72,0.111,0.335,0,0.65,0,1,0,1.43199999999996
L010682,5A-2,lateral,10.0,200.5,8.71,3.57,0.36,160,200,0.823,0.5,1.65,0.112,0.329,0,0.65,0,1,0,2.0
L011118,5A-2,lateral,10.0,329.9,8.8,3.57,0.36,160,200,0.862,0.5,1.72,0.111,0.336,0,0.65,0,1,0,1.310000000000002
L011124,5A-2,lateral,6.0,104.2,5.21,3.57,0.22,160,200,0.823,0.5,1.65,0.088,0.279,0,0.65,0,1,0,0.81800000000004
L011123,5A-2,lateral,8.0,125.6,6.94,3.57,0.29,160,200,0.82,0.5,1.64,0.101,0.306,0,0.65,0,1,0,1.19300000000004
L010641,5A-2,lateral,10.0,152.2,8.67,3.57,0.36,160,200,0.823,0.5,1.65,0.112,0.329,0,0.65,0,1,0,1.342000000000041
L010785,5A-2,trunk_main,366.0,9629.3,320.41,3.04,11.28,200,200,0.5,0.5,1.0,0.537,0.741,0,0.65,0,1,0,4.635000000000048
L011122,5A-2,lateral,20.0,676.2,17.62,3.57,0.73,160,200,0.842,0.5,1.68,0.155,0.414,0,0.65,0,1,0,2.519999999999982
L010786,5A-2,trunk_main,346.0,8938.2,302.78,3.06,10.73,200,200,0.52,0.5,1.04,0.515,0.742,0,0.65,0,1,0,4.479999999999961
L010787,5A-2,trunk_main,346.0,8909.9,302.76,3.06,10.73,200,200,0.52,0.5,1.04,0.515,0.742,0,0.65,0,1,0,3.942999999999984
L011117,5A-2,lateral,3.0,63.2,2.62,3.57,0.11,160,200,1.487,0.5,2.97,0.056,0.272,0,0.65,0,1,0,1.410000000000025
L010646,5A-2,lateral,2.0,31.4,1.74,3.57,0.07,160,200,1.878,0.5,3.76,0.044,0.256,0,0.65,0,1,0,1.139999999999986
L011116,5A-2,lateral,2.0,31.3,1.74,3.57,0.07,160,200,1.487,0.5,2.97,0.047,0.237,0,0.65,0,1,0,1.264999999999986
L011135,5A-2,sub_main,78.0,2850.0,68.86,3.57,2.84,160,200,0.506,0.5,1.01,0.346,0.52,0,0.65,0,1,0,3.353000000000009
L011134,5A-2,sub_main,78.0,2893.3,68.89,3.57,2.84,160,200,0.508,0.5,1.02,0.346,0.521,0,0.65,0,1,0,3.37299999999999
L011126,5A-2,lateral,1.0,34.9,0.88,3.57,0.04,160,200,0.823,0.5,1.65,0.04,0.154,0,0.65,0,1,0,1.187000000000012
L011152,5A-2,lateral,7.0,160.0,6.11,3.57,0.25,160,200,0.606,0.5,1.21,0.102,0.264,0,0.65,0,1,0,2.360000000000014
L011133,5A-2,sub_main,78.0,2927.4,68.91,3.57,2.85,160,200,0.507,0.5,1.01,0.346,0.52,0,0.65,0,1,0,3.175999999999988
L011151,5A-2,lateral,7.0,132.8,6.09,3.57,0.25,160,200,0.606,0.5,1.21,0.102,0.264,0,0.65,0,1,0,2.034999999999968
L011132,5A-2,sub_main,78.0,2964.9,68.94,3.57,2.85,160,200,0.512,0.5,1.02,0.345,0.522,0,0.65,0,1,0,3.557999999999993
L010788,5A-2,trunk_main,345.0,8869.7,301.88,3.06,10.7,200,200,0.518,0.5,1.04,0.515,0.741,0,0.65,0,1,0,3.48399999999998
L010789,5A-2,trunk_main,345.0,8837.3,301.86,3.06,10.7,200,200,0.52,0.5,1.04,0.514,0.742,0,0.65,0,1,0,3.346000000000004
L010790,5A-2,trunk_main,343.0,8807.3,300.12,3.07,10.65,200,200,0.519,0.5,1.04,0.513,0.74,0,0.65,0,1,0,3.009999999999991
L011127,5A-2,sub_main,78.0,3114.9,69.05,3.57,2.85,160,200,0.509,0.5,1.02,0.346,0.521,0,0.65,0,1,0,2.75
L010697,5A-2,trunk_main,265.0,5669.3,231.05,3.16,8.46,200,200,1.338,0.5,2.68,0.347,0.988,0,0.65,0,0,0,2.840000000000032
L010791,5A-2,trunk_main,265.0,5636.6,231.03,3.16,8.46,200,200,1.337,0.5,2.67,0.347,0.988,0,0.65,0,0,0,2.351999999999975
L010792,5A-2,trunk_main,265.0,5606.6,231.01,3.16,8.46,200,200,1.337,0.5,2.67,0.347,0.988,0,0.65,0,0,0,1.86099999999999
L010793,5A-2,trunk_main,264.0,5576.6,230.13,3.17,8.43,200,200,0.603,0.5,1.21,0.43,0.738,0,0.65,0,1,0,5.365000000000009
L010794,5A-2,trunk_main,264.0,5546.6,230.11,3.17,8.43,200,200,0.607,0.5,1.21,0.429,0.739,0,0.65,0,1,0,5.043999999999983
L010683,5A-2,lateral,2.0,80.0,1.77,3.57,0.07,160,200,0.825,0.5,1.65,0.054,0.195,0,0.65,0,1,0,1.088999999999999
L011125,5A-2,lateral,1.0,60.9,0.9,3.57,0.04,160,200,0.822,0.5,1.64,0.04,0.155,0,0.65,0,1,0,1.021000000000015
L011131,5A-2,sub_main,78.0,2993.7,68.96,3.57,2.85,160,200,0.511,0.5,1.02,0.345,0.522,0,0.65,0,1,0,3.08499999999998
L011130,5A-2,sub_main,78.0,3021.5,68.98,3.57,2.85,160,200,0.506,0.5,1.01,0.346,0.52,0,0.65,0,1,0,3.196000000000026
L011129,5A-2,sub_main,78.0,3050.9,69.0,3.57,2.85,160,200,0.507,0.5,1.01,0.346,0.52,0,0.65,0,1,0,2.944999999999993
L011128,5A-2,sub_main,78.0,3075.6,69.02,3.57,2.85,160,200,0.507,0.5,1.01,0.346,0.521,0,0.65,0,1,0,2.970000000000027
L011405,5A-2,lateral,0.0,240.9,0.17,3.57,0.01,160,200,0.5,0.5,1.0,0.022,0.073,0,0.65,0,1,0,0.639999999999986
L011381,5A-2,lateral,0.0,262.9,0.19,3.57,0.01,160,200,3.86,0.5,7.72,0.015,0.148,0,0.65,0,1,0,1.0
L011382,5A-2,lateral,0.0,290.9,0.21,3.57,0.01,160,200,0.5,0.5,1.0,0.024,0.078,0,0.65,0,1,0,0.830000000000041
L011384,5A-2,lateral,2.0,344.8,1.96,3.57,0.08,160,200,2.524,0.5,5.05,0.044,0.295,0,0.65,0,1,0,1.0
L011338,5A-3,trunk_main,87.0,1371.3,75.5,3.57,3.12,200,200,0.587,0.5,1.17,0.257,0.552,0,0.65,0,1,0,1.826000000000022
L011354,5A-3,trunk_main,118.0,1749.6,102.33,3.49,4.14,200,200,0.607,0.5,1.21,0.294,0.606,0,0.65,0,1,0,3.015000000000043
L011259,5A-3,trunk_main,88.0,1401.2,76.38,3.57,3.15,200,200,0.591,0.5,1.18,0.258,0.555,0,0.65,0,1,0,2.08299999999997
L011355,5A-3,trunk_main,212.0,3126.2,183.83,3.25,6.92,200,200,0.607,0.5,1.21,0.385,0.701,0,0.65,0,1,0,3.954000000000008
L011315,5A-3,trunk_main,212.0,3096.2,183.81,3.25,6.92,200,200,0.603,0.5,1.21,0.386,0.699,0,0.65,0,1,0,3.612000000000023
L011351,5A-3,trunk_main,118.0,1783.7,102.35,3.49,4.14,200,200,0.604,0.5,1.21,0.294,0.605,0,0.65,0,1,0,3.091000000000008
L011365,5A-3,lateral,94.0,1282.5,81.43,3.57,3.36,160,200,0.45,0.5,0.9,0.391,0.522,0,0.65,0,1,0,1.930000000000007
L011310,5A-3,trunk_main,238.0,3367.9,206.27,3.21,7.66,200,200,0.603,0.5,1.21,0.407,0.719,0,0.65,0,1,0,2.093000000000018
L011364,5A-3,trunk_main,236.0,3337.9,204.54,3.21,7.6,200,200,0.606,0.5,1.21,0.405,0.719,0,0.65,0,1,0,1.682000000000016
L011226,5A-3,trunk_main,236.0,3307.4,204.52,3.21,7.6,200,200,0.605,0.5,1.21,0.405,0.718,0,0.65,0,1,0,1.576999999999998
L011356,5A-3,trunk_main,235.0,3276.6,203.64,3.21,7.57,200,200,0.607,0.5,1.21,0.404,0.718,0,0.65,0,1,0,5.194999999999993
L011380,5A-3,lateral,0.0,31.0,0.02,3.57,0.0,160,200,0.629,0.5,1.26,0.009,0.035,0,0.65,0,1,0,2.734999999999957
L011235,5A-3,lateral,0.0,63.5,0.05,3.57,0.0,160,200,0.63,0.5,1.26,0.012,0.047,0,0.65,0,1,0,4.310000000000002
L011240,5A-3,lateral,9.0,209.6,7.86,3.57,0.32,160,200,0.608,0.5,1.22,0.115,0.287,0,0.65,0,1,0,3.325999999999965
L011237,5A-3,lateral,3.0,31.9,2.59,3.57,0.11,160,200,0.627,0.5,1.25,0.068,0.202,0,0.65,0,1,0,0.849999999999966
L011236,5A-3,lateral,4.0,116.9,3.51,3.57,0.14,160,200,0.61,0.5,1.22,0.079,0.221,0,0.65,0,1,0,5.550999999999988
L011150,5A-2,lateral,7.0,105.6,6.07,3.57,0.25,160,200,0.604,0.5,1.21,0.102,0.263,0,0.65,0,1,0,1.889999999999986
L010681,5A-2,lateral,5.0,64.5,4.33,3.57,0.18,160,200,2.465,0.5,4.93,0.063,0.382,0,0.65,0,1,0,0.909999999999968
L011155,5A-2,lateral,5.0,36.5,4.31,3.57,0.18,160,200,3.286,0.5,6.57,0.059,0.42,0,0.65,0,1,0,1.0
L010677,5A-2,lateral,2.0,29.7,1.73,3.57,0.07,160,200,0.501,0.5,1.0,0.06,0.164,0,0.65,0,1,0,2.378999999999962
L011162,5A-2,lateral,0.0,129.8,0.09,3.57,0.0,160,200,0.218,0.5,0.44,0.021,0.044,0,0.65,0,1,0,1.531999999999982
L011401,5A-2,lateral,0.0,92.8,0.07,3.57,0.0,160,200,0.5,0.5,1.0,0.015,0.051,0,0.65,0,1,0,1.970000000000027
L011402,5A-2,lateral,0.0,122.8,0.09,3.57,0.0,160,200,0.5,0.5,1.0,0.017,0.057,0,0.65,0,1,0,0.819999999999993
L011403,5A-2,lateral,0.0,152.8,0.11,3.57,0.0,160,200,0.499,0.5,1.0,0.018,0.061,0,0.65,0,1,0,0.870000000000005
L011404,5A-2,lateral,0.0,182.8,0.13,3.57,0.01,160,200,0.5,0.5,1.0,0.02,0.066,0,0.65,0,1,0,0.75
L010673,5A-2,lateral,1.0,39.7,0.89,3.57,0.04,160,200,0.7,0.5,1.4,0.041,0.146,0,0.65,0,1,0,0.968000000000018
L010708,5A-2,lateral,0.0,20.8,0.01,3.57,0.0,160,200,0.485,0.5,0.97,0.008,0.027,0,0.65,0,1,0,1.449000000000012
L011176,5A-2,lateral,1.0,74.5,0.91,3.57,0.04,160,200,0.698,0.5,1.4,0.042,0.147,0,0.65,0,1,0,1.11099999999999
L010637,5A-2,lateral,2.0,98.9,1.78,3.57,0.07,160,200,0.742,0.5,1.48,0.056,0.189,0,0.65,0,1,0,1.04200000000003
L011181,5A-2,lateral,5.0,222.6,4.44,3.57,0.18,160,200,0.857,0.5,1.71,0.081,0.269,0,0.65,0,1,0,1.006000000000029
L011180,5A-2,lateral,4.0,200.8,3.57,3.57,0.15,160,200,1.436,0.5,2.87,0.065,0.298,0,0.65,0,1,0,1.0
L011177,5A-2,lateral,2.0,112.8,1.79,3.57,0.07,160,200,0.571,0.5,1.14,0.059,0.173,0,0.65,0,1,0,1.270999999999958
L011182,5A-2,lateral,6.0,250.3,5.32,3.57,0.22,160,200,0.802,0.5,1.6,0.09,0.278,0,0.65,0,1,0,0.579000000000008
L011178,5A-2,lateral,2.0,147.0,1.82,3.57,0.08,160,200,0.668,0.5,1.34,0.057,0.183,0,0.65,0,1,0,1.400000000000034
L011179,5A-2,lateral,3.0,173.0,2.69,3.57,0.11,160,200,0.617,0.5,1.23,0.07,0.203,0,0.65,0,1,0,1.0
L011189,5A-2,lateral,8.0,163.2,6.97,3.57,0.29,160,200,0.877,0.5,1.75,0.099,0.313,0,0.65,0,1,0,1.756000000000029
L011164,5A-2,lateral,0.0,78.3,0.06,3.57,0.0,160,200,0.217,0.5,0.43,0.017,0.036,0,0.65,0,1,0,1.509999999999991
L011166,5A-2,lateral,0.0,31.9,0.02,3.57,0.0,160,200,1.918,0.5,3.84,0.007,0.051,0,0.65,0,1,0,1.592000000000041
L011165,5A-2,lateral,0.0,55.3,0.04,3.57,0.0,160,200,1.918,0.5,3.84,0.009,0.064,0,0.65,0,1,0,1.660000000000025
L010634,5A-2,lateral,9.0,353.3,7.96,3.57,0.33,160,200,0.821,0.5,1.64,0.107,0.32,0,0.65,0,1,0,1.52600000000001
L010631,5A-2,lateral,5.0,131.4,4.38,3.57,0.18,160,200,0.338,0.5,0.68,0.1,0.194,0,0.65,0,1,0,1.52600000000001
L011399,5A-2,lateral,0.0,32.7,0.02,3.57,0.0,160,200,1.835,0.5,3.67,0.007,0.051,0,0.65,0,1,0,1.0
L010632,5A-2,lateral,2.0,90.5,1.78,3.57,0.07,160,200,0.339,0.5,0.68,0.067,0.144,0,0.65,0,1,0,1.658000000000015
L011400,5A-2,lateral,0.0,62.8,0.05,3.57,0.0,160,200,0.499,0.5,1.0,0.013,0.043,0,0.65,0,1,0,0.930000000000007
L011185,5A-2,lateral,1.0,55.7,0.9,3.57,0.04,160,200,1.333,0.5,2.67,0.036,0.182,0,0.65,0,1,0,1.0
L011183,5A-2,lateral,9.0,321.7,7.94,3.57,0.33,160,200,0.824,0.5,1.65,0.107,0.32,0,0.65,0,1,0,1.166999999999973
L011293,5A-2,lateral,1.0,29.7,0.88,3.57,0.04,160,200,16.095,0.5,32.19,0.02,0.412,0,0.65,0,1,0,3.203999999999951
L011184,5A-2,lateral,0.0,25.7,0.02,3.57,0.0,160,200,1.167,0.5,2.33,0.007,0.04,0,0.65,0,1,0,1.0
L011256,5A-2,lateral,3.0,116.0,2.65,3.57,0.11,160,200,0.888,0.5,1.78,0.064,0.229,0,0.65,0,1,0,0.884999999999991
L011255,5A-2,lateral,3.0,95.2,2.64,3.57,0.11,160,200,1.313,0.5,2.63,0.058,0.262,0,0.65,0,1,0,1.0
L011272,5A-2,lateral,3.0,142.0,2.67,3.57,0.11,160,200,0.893,0.5,1.79,0.064,0.23,0,0.65,0,1,0,1.007000000000005
L011273,5A-2,lateral,3.0,172.0,2.69,3.57,0.11,160,200,0.89,0.5,1.78,0.064,0.231,0,0.65,0,1,0,1.183999999999969
L011222,5A-2,lateral,2.0,60.8,1.76,3.57,0.07,160,200,1.312,0.5,2.62,0.048,0.228,0,0.65,0,1,0,1.378999999999962
L011276,5A-2,lateral,3.0,201.9,2.71,3.57,0.11,160,200,0.89,0.5,1.78,0.064,0.231,0,0.65,0,1,0,1.0
L011271,5A-2,lateral,0.0,30.4,0.02,3.57,0.0,160,200,1.315,0.5,2.63,0.008,0.044,0,0.65,0,1,0,1.289999999999964
L011294,5A-2,lateral,6.0,184.4,5.27,3.57,0.22,160,200,0.724,0.5,1.45,0.091,0.268,0,0.65,0,1,0,0.831999999999994
L011223,5A-2,lateral,5.0,162.0,4.4,3.57,0.18,160,200,0.723,0.5,1.45,0.084,0.252,0,0.65,0,1,0,1.199999999999989
L011295,5A-2,lateral,6.0,210.4,5.29,3.57,0.22,160,200,0.724,0.5,1.45,0.092,0.268,0,0.65,0,1,0,0.949999999999989
L011221,5A-2,lateral,3.0,98.3,2.64,3.57,0.11,160,200,0.611,0.5,1.22,0.069,0.201,0,0.65,0,1,0,3.109999999999957
L011296,5A-2,lateral,6.0,240.4,5.31,3.57,0.22,160,200,0.723,0.5,1.45,0.092,0.268,0,0.65,0,1,0,0.997000000000014
L011292,5A-2,lateral,3.0,87.1,2.63,3.57,0.11,160,200,0.612,0.5,1.22,0.069,0.201,0,0.65,0,1,0,2.661999999999978
L011298,5A-2,lateral,6.0,270.3,5.33,3.57,0.22,160,200,0.726,0.5,1.45,0.092,0.269,0,0.65,0,1,0,0.97399999999999
L011291,5A-2,lateral,3.0,61.2,2.61,3.57,0.11,160,200,0.61,0.5,1.22,0.069,0.201,0,0.65,0,1,0,1.65300000000002
L011299,5A-2,lateral,6.0,300.7,5.36,3.57,0.22,160,200,0.724,0.5,1.45,0.092,0.269,0,0.65,0,1,0,1.343999999999994
L011290,5A-2,lateral,2.0,31.2,1.74,3.57,0.07,160,200,0.61,0.5,1.22,0.057,0.175,0,0.65,0,1,0,1.189999999999998
L011297,5A-2,lateral,6.0,330.5,5.38,3.57,0.22,160,200,0.725,0.5,1.45,0.092,0.27,0,0.65,0,1,0,0.810000000000002
L011279,5A-2,lateral,2.0,64.6,1.76,3.57,0.07,160,200,8.074,0.5,16.15,0.032,0.42,0,0.65,0,1,0,0.908000000000015
L011269,5A-2,lateral,2.0,50.0,1.75,3.57,0.07,160,200,3.738,0.5,7.48,0.038,0.324,0,0.65,0,1,0,1.0
L011224,5A-2,lateral,0.0,20.3,0.01,3.57,0.0,160,200,7.734,0.5,15.47,0.005,0.064,0,0.65,0,1,0,1.0
L010795,5A-2,trunk_main,264.0,5516.6,230.09,3.17,8.43,200,200,0.603,0.5,1.21,0.43,0.738,0,0.65,0,1,0,5.041999999999973
L010796,5A-2,trunk_main,264.0,5486.6,230.07,3.17,8.43,200,200,0.607,0.5,1.21,0.429,0.739,0,0.65,0,1,0,4.841000000000008
L010797,5A-2,trunk_main,264.0,5456.6,230.04,3.17,8.43,200,200,0.607,0.5,1.21,0.429,0.739,0,0.65,0,1,0,4.688999999999965
L010798,5A-2,trunk_main,264.0,5426.6,230.02,3.17,8.43,200,200,0.603,0.5,1.21,0.43,0.738,0,0.65,0,1,0,4.416999999999973
L010799,5A-2,trunk_main,262.0,5396.6,228.29,3.17,8.37,200,200,0.605,0.5,1.21,0.428,0.737,0,0.65,0,1,0,4.105999999999995
L011363,5A-3,trunk_main,238.0,3397.9,206.29,3.21,7.66,200,200,0.607,0.5,1.21,0.407,0.72,0,0.65,0,1,0,2.245000000000005
L011362,5A-3,trunk_main,238.0,3427.9,206.32,3.21,7.66,200,200,0.603,0.5,1.21,0.407,0.719,0,0.65,0,1,0,3.146000000000015
L011361,5A-3,trunk_main,238.0,3454.8,206.33,3.21,7.66,200,200,0.607,0.5,1.21,0.407,0.721,0,0.65,0,1,0,3.85899999999998
L011227,5A-2,lateral,22.0,1927.4,20.23,3.57,0.84,160,200,0.504,0.5,1.01,0.188,0.361,0,0.65,0,1,0,1.319999999999993
L011385,5A-2,lateral,22.0,1897.7,20.21,3.57,0.83,160,200,0.979,0.5,1.96,0.16,0.456,0,0.65,0,1,0,1.0
L011406,5A-2,lateral,0.0,212.8,0.15,3.57,0.01,160,200,0.5,0.5,1.0,0.021,0.07,0,0.65,0,1,0,0.680000000000007
L011275,5A-2,lateral,4.0,232.5,3.59,3.57,0.15,160,200,0.622,0.5,1.24,0.079,0.224,0,0.65,0,1,0,0.889999999999986
L011228,5A-2,lateral,12.0,766.1,10.83,3.57,0.45,160,200,0.92,0.5,1.84,0.121,0.367,0,0.65,0,1,0,1.416999999999973
L011274,5A-2,lateral,4.0,264.6,3.62,3.57,0.15,160,200,0.623,0.5,1.25,0.08,0.225,0,0.65,0,1,0,1.46999999999997
L011282,5A-2,lateral,12.0,800.2,10.85,3.57,0.45,160,200,0.923,0.5,1.85,0.121,0.367,0,0.65,0,1,0,1.932000000000016
L011277,5A-2,lateral,8.0,477.9,7.2,3.57,0.3,160,200,8.633,0.5,17.27,0.059,0.691,0,0.65,0,1,0,1.569999999999993
L011281,5A-2,lateral,12.0,820.4,10.87,3.57,0.45,160,200,0.924,0.5,1.85,0.121,0.368,0,0.65,0,1,0,2.499000000000024
L011302,5A-2,lateral,12.0,841.4,10.88,3.57,0.45,160,200,0.922,0.5,1.84,0.121,0.368,0,0.65,0,1,0,2.081999999999994
L011278,5A-2,lateral,8.0,447.9,7.17,3.57,0.3,160,200,1.367,0.5,2.73,0.091,0.368,0,0.65,0,1,0,1.0
L011280,5A-2,lateral,8.0,417.9,7.15,3.57,0.3,160,200,4.92,0.5,9.84,0.067,0.57,0,0.65,0,1,0,1.0
L011316,5A-2,lateral,2.0,366.5,1.98,3.57,0.08,160,200,0.671,0.5,1.34,0.06,0.189,0,0.65,0,1,0,1.194999999999993
L011309,5A-2,lateral,20.0,1500.0,18.21,3.57,0.75,160,200,2.541,0.5,5.08,0.121,0.614,0,0.65,0,1,0,1.294999999999959
L011387,5A-2,lateral,20.0,1471.5,18.19,3.57,0.75,160,200,0.501,0.5,1.0,0.178,0.349,0,0.65,0,1,0,0.889999999999986
L011391,5A-2,lateral,20.0,1441.6,18.17,3.57,0.75,160,200,0.501,0.5,1.0,0.178,0.349,0,0.65,0,1,0,0.95999999999998
L011390,5A-2,lateral,20.0,1411.7,18.15,3.57,0.75,160,200,0.5,0.5,1.0,0.178,0.348,0,0.65,0,1,0,0.920000000000016
L011389,5A-2,lateral,20.0,1381.7,18.12,3.57,0.75,160,200,0.5,0.5,1.0,0.178,0.348,0,0.65,0,1,0,0.890000000000043
L011388,5A-2,lateral,20.0,1351.7,18.1,3.57,0.75,160,200,0.492,0.5,0.98,0.179,0.346,0,0.65,0,1,0,0.899999999999977
L011386,5A-2,lateral,20.0,1321.2,18.08,3.57,0.75,160,200,2.139,0.5,4.28,0.126,0.577,0,0.65,0,1,0,1.0
L011300,5A-2,lateral,12.0,984.4,10.99,3.57,0.45,160,200,2.904,0.5,5.81,0.093,0.547,0,0.65,0,1,0,1.0
L011308,5A-2,lateral,8.0,321.4,7.08,3.57,0.29,160,200,7.877,0.5,15.75,0.06,0.666,0,0.65,0,1,0,1.100000000000023
L011383,5A-2,lateral,2.0,321.7,1.94,3.57,0.08,160,200,0.503,0.5,1.01,0.063,0.17,0,0.65,0,1,0,0.83499999999998
L011303,5A-2,lateral,12.0,872.8,10.91,3.57,0.45,160,200,0.922,0.5,1.84,0.121,0.368,0,0.65,0,1,0,1.79200000000003
L011304,5A-2,lateral,12.0,900.8,10.93,3.57,0.45,160,200,0.922,0.5,1.84,0.121,0.368,0,0.65,0,1,0,1.0
L011305,5A-2,lateral,12.0,931.6,10.95,3.57,0.45,160,200,2.856,0.5,5.71,0.093,0.544,0,0.65,0,1,0,1.0
L011301,5A-2,lateral,12.0,955.8,10.97,3.57,0.45,160,200,2.688,0.5,5.38,0.094,0.533,0,0.65,0,1,0,1.0
L011288,5A-2,lateral,2.0,90.0,1.78,3.57,0.07,160,200,4.0,0.5,8.0,0.038,0.333,0,0.65,0,1,0,1.0
L011287,5A-2,lateral,5.0,120.0,4.37,3.57,0.18,160,200,2.333,0.5,4.67,0.064,0.376,0,0.65,0,1,0,1.0
L011286,5A-2,lateral,5.0,150.8,4.39,3.57,0.18,160,200,2.237,0.5,4.47,0.065,0.371,0,0.65,0,1,0,1.0
L011285,5A-2,lateral,5.0,175.1,4.41,3.57,0.18,160,200,4.155,0.5,8.31,0.056,0.459,0,0.65,0,1,0,1.996000000000038
L011284,5A-2,lateral,6.0,197.5,5.28,3.57,0.22,160,200,4.152,0.5,8.3,0.061,0.487,0,0.65,0,1,0,1.0
L011283,5A-2,lateral,0.0,30.0,0.02,3.57,0.0,160,200,1.8,0.5,3.6,0.007,0.049,0,0.65,0,1,0,1.680000000000007
L011289,5A-2,lateral,1.0,60.0,0.9,3.57,0.04,160,200,1.8,0.5,3.6,0.034,0.202,0,0.65,0,1,0,1.0
L011307,5A-2,lateral,8.0,293.5,7.06,3.57,0.29,160,200,2.685,0.5,5.37,0.077,0.462,0,0.65,0,1,0,1.0
L011257,5A-2,lateral,2.0,62.4,1.76,3.57,0.07,160,200,13.436,0.5,26.87,0.029,0.496,0,0.65,0,1,0,1.100000000000023
L011225,5A-2,lateral,0.0,21.8,0.02,3.57,0.0,160,200,0.482,0.5,0.96,0.008,0.028,0,0.65,0,1,0,0.724999999999966
L011306,5A-2,lateral,1.0,44.0,0.89,3.57,0.04,160,200,0.292,0.5,0.58,0.051,0.108,0,0.65,0,1,0,1.0
L011357,5A-3,trunk_main,235.0,3246.6,203.62,3.21,7.57,200,200,0.603,0.5,1.21,0.405,0.717,0,0.65,0,1,0,4.952999999999975
L011358,5A-3,trunk_main,232.0,3216.6,201.02,3.22,7.49,200,200,0.604,0.5,1.21,0.402,0.715,0,0.65,0,1,0,4.731999999999971
L011359,5A-3,trunk_main,232.0,3186.4,201.0,3.22,7.49,200,200,0.609,0.5,1.22,0.401,0.717,0,0.65,0,1,0,4.569000000000017
L011360,5A-3,trunk_main,212.0,3156.2,183.85,3.25,6.92,200,200,0.603,0.5,1.21,0.386,0.699,0,0.65,0,1,0,4.215000000000032
L011369,5A-3,lateral,90.0,1102.1,77.88,3.57,3.22,160,200,0.461,0.5,0.92,0.379,0.52,0,0.65,0,1,0,2.726999999999975
L011229,5A-3,lateral,81.0,1072.8,70.15,3.57,2.9,160,200,0.66,0.5,1.32,0.326,0.575,0,0.65,0,1,0,3.412000000000035
L011398,5A-3,lateral,5.0,68.5,4.33,3.57,0.18,160,200,2.04,0.5,4.08,0.066,0.358,0,0.65,0,1,0,1.170000000000016
L011232,5A-3,lateral,3.0,39.0,2.6,3.57,0.11,160,200,1.961,0.5,3.92,0.053,0.298,0,0.65,0,1,0,0.56800000000004
L011231,5A-3,lateral,76.0,988.8,65.81,3.57,2.72,160,200,0.852,0.5,1.7,0.295,0.619,0,0.65,0,1,0,3.310000000000002
L011353,5A-3,trunk_main,118.0,1716.5,102.3,3.49,4.13,200,200,0.603,0.5,1.21,0.294,0.605,0,0.65,0,1,0,2.713999999999999
L011352,5A-3,trunk_main,118.0,1678.1,102.28,3.49,4.13,200,200,0.606,0.5,1.21,0.294,0.606,0,0.65,0,1,0,2.593000000000018
L011220,5A-3,lateral,30.0,240.6,25.87,3.57,1.07,160,200,0.492,0.5,0.98,0.213,0.386,0,0.65,0,1,0,0.919999999999959
L011339,5A-3,lateral,30.0,208.9,25.85,3.57,1.07,160,200,0.489,0.5,0.98,0.213,0.385,0,0.65,0,1,0,1.144000000000005
L011340,5A-3,lateral,30.0,181.7,25.83,3.57,1.07,160,200,0.489,0.5,0.98,0.213,0.385,0,0.65,0,1,0,1.161000000000001
L011250,5A-3,lateral,4.0,25.8,3.44,3.57,0.14,160,200,0.616,0.5,1.23,0.078,0.221,0,0.65,0,1,0,1.988999999999976
L011376,5A-3,lateral,7.0,42.2,6.03,3.57,0.25,160,200,0.614,0.5,1.23,0.101,0.264,0,0.65,0,1,0,1.95999999999998
L011375,5A-3,lateral,30.0,264.2,25.89,3.57,1.07,160,200,0.599,0.5,1.2,0.203,0.414,0,0.65,0,1,0,3.359999999999957
L011248,5A-3,lateral,25.0,147.6,21.52,3.57,0.89,160,200,0.598,0.5,1.2,0.185,0.391,0,0.65,0,1,0,3.071000000000026
L011312,5A-3,lateral,28.0,226.8,24.15,3.57,1.0,160,200,0.603,0.5,1.21,0.196,0.406,0,0.65,0,1,0,3.805999999999983
L011366,5A-3,lateral,94.0,1252.5,81.41,3.57,3.36,160,200,0.45,0.5,0.9,0.39,0.522,0,0.65,0,1,0,2.125
L011367,5A-3,lateral,94.0,1222.5,81.39,3.57,3.36,160,200,0.45,0.5,0.9,0.39,0.522,0,0.65,0,1,0,2.139999999999986
L011368,5A-3,lateral,94.0,1192.5,81.37,3.57,3.36,160,200,0.453,0.5,0.91,0.39,0.523,0,0.65,0,1,0,2.064999999999998
L011314,5A-3,lateral,93.0,1162.7,80.49,3.57,3.32,160,200,0.451,0.5,0.9,0.388,0.521,0,0.65,0,1,0,2.03000000000003
L011230,5A-3,lateral,93.0,1132.3,80.47,3.57,3.32,160,200,0.45,0.5,0.9,0.388,0.52,0,0.65,0,1,0,1.843000000000018
L011372,5A-3,lateral,45.0,445.2,38.86,3.57,1.6,160,200,0.546,0.5,1.09,0.253,0.453,0,0.65,0,1,0,3.528999999999996
L011370,5A-3,lateral,42.0,405.3,36.26,3.57,1.5,160,200,0.557,0.5,1.11,0.244,0.446,0,0.65,0,1,0,3.130999999999972
L011313,5A-3,lateral,41.0,375.3,35.39,3.57,1.46,160,200,0.557,0.5,1.11,0.24,0.443,0,0.65,0,1,0,3.234000000000037
L011373,5A-3,lateral,9.0,30.0,7.73,3.57,0.32,160,200,0.6,0.5,1.2,0.114,0.284,0,0.65,0,1,0,1.149999999999977
L011246,5A-3,lateral,9.0,81.7,7.77,3.57,0.32,160,200,7.382,0.5,14.76,0.064,0.672,0,0.65,0,1,0,1.0
L011233,5A-3,lateral,0.0,17.5,0.01,3.57,0.0,160,200,1.637,0.5,3.27,0.006,0.037,0,0.65,0,1,0,1.237000000000023
L011234,5A-3,lateral,76.0,979.9,65.8,3.57,2.72,160,200,1.705,0.5,3.41,0.247,0.793,0,0.65,0,0,0,3.444000000000017
L011371,5A-3,lateral,45.0,475.1,38.88,3.57,1.61,160,200,0.571,0.5,1.14,0.251,0.46,0,0.65,0,1,0,3.600000000000023
L011245,5A-3,lateral,29.0,495.1,25.2,3.57,1.04,160,200,0.508,0.5,1.02,0.208,0.387,0,0.65,0,1,0,3.03000000000003
L011239,5A-3,lateral,10.0,249.4,8.74,3.57,0.36,160,200,0.609,0.5,1.22,0.12,0.297,0,0.65,0,1,0,3.488
L011238,5A-3,lateral,10.0,284.1,8.77,3.57,0.36,160,200,0.61,0.5,1.22,0.12,0.297,0,0.65,0,1,0,4.949999999999989
L011397,5A-3,lateral,27.0,465.6,23.46,3.57,0.97,160,200,0.586,0.5,1.17,0.194,0.398,0,0.65,0,1,0,3.529999999999973
L011244,5A-3,lateral,10.0,56.8,8.61,3.57,0.36,160,200,0.597,0.5,1.19,0.12,0.293,0,0.65,0,1,0,1.660000000000025
L011396,5A-3,lateral,16.0,386.7,13.98,3.57,0.58,160,200,0.991,0.5,1.98,0.134,0.408,0,0.65,0,1,0,4.389999999999986
L011242,5A-3,lateral,10.0,342.3,8.81,3.57,0.36,160,200,0.617,0.5,1.23,0.12,0.299,0,0.65,0,1,0,4.620000000000005
L011379,5A-3,lateral,6.0,178.1,5.27,3.57,0.22,160,200,0.611,0.5,1.22,0.095,0.253,0,0.65,0,1,0,4.553999999999974
L011241,5A-3,lateral,4.0,152.7,3.54,3.57,0.15,160,200,0.609,0.5,1.22,0.079,0.222,0,0.65,0,1,0,5.559000000000026
L011243,5A-3,lateral,0.0,22.5,0.02,3.57,0.0,160,200,4.706,0.5,9.41,0.005,0.058,0,0.65,0,1,0,1.0
L011395,5A-3,lateral,4.0,27.2,3.45,3.57,0.14,160,200,4.228,0.5,8.46,0.05,0.425,0,0.65,0,1,0,1.0
L011270,5A-3,lateral,3.0,42.4,2.6,3.57,0.11,160,200,5.677,0.5,11.35,0.041,0.427,0,0.65,0,1,0,1.0
L011247,5A-3,lateral,1.0,17.2,0.87,3.57,0.04,160,200,14.746,0.5,29.49,0.021,0.399,0,0.65,0,1,0,1.0
